trade_date,trade_time,open,high,low,close,volume,prev_daily_low,signal,breakout_count,forward_1,forward_3,forward_6
1993-04-30,00:00:00,0.7106,0.7126,0.7035,0.7075,1511,0.7095,BEARISH_DAILY_LOW_BREAKOUT,1,0.042402826855119,-0.5229681978798638,-0.7067137809187285
1993-05-04,00:00:00,0.7057,0.708,0.697,0.699,1531,0.706,BEARISH_DAILY_LOW_BREAKOUT,1,0.686695278969961,1.5021459227467904,0.5007153075822688
1993-05-10,00:00:00,0.709,0.7095,0.7005,0.7025,1151,0.7037,BEARISH_DAILY_LOW_BREAKOUT,1,0.1423487544483987,0.18505338078291358,-1.3523131672597954
1993-05-18,00:00:00,0.7002,0.7014,0.688,0.693,1961,0.6995,BEARISH_DAILY_LOW_BREAKOUT,1,-0.07215007215006422,0.33189033189034345,0.8658008658008667
1993-05-27,00:00:00,0.6966,0.6975,0.691,0.692,841,0.695,BEARISH_DAILY_LOW_BREAKOUT,1,-0.6502890173410331,-1.8786127167629916,-2.326589595375723
1993-05-28,00:00:00,0.6922,0.6928,0.685,0.6875,1091,0.691,BEARISH_DAILY_LOW_BREAKOUT,1,-1.3090909090909102,-1.4545454545454557,-2.1090909090909027
1993-05-31,00:00:00,0.6881,0.6886,0.674,0.6785,1961,0.685,BEARISH_DAILY_LOW_BREAKOUT,1,0.07369196757554251,0.29476787030213736,-1.2822402358143021
1993-06-08,00:00:00,0.6731,0.6745,0.668,0.6698,971,0.671,BEARISH_DAILY_LOW_BREAKOUT,1,0.8957897879964177,1.4481934905942135,1.0749477455957146
1993-06-23,00:00:00,0.6823,0.684,0.6725,0.6755,1621,0.682,BEARISH_DAILY_LOW_BREAKOUT,1,-1.051073279052553,-0.8882309400444124,-0.9178386380458895
1993-06-24,00:00:00,0.6729,0.6751,0.6647,0.6684,1631,0.6725,BEARISH_DAILY_LOW_BREAKOUT,1,0.46379413524835306,0.38898862956314284,0.5086774386594791
1993-07-19,00:00:00,0.6776,0.6793,0.674,0.676,901,0.6764,BEARISH_DAILY_LOW_BREAKOUT,1,0.36982248520709265,-0.07396449704142839,0.2366863905325347
1993-07-22,00:00:00,0.6772,0.6807,0.6725,0.6755,1471,0.6765,BEARISH_DAILY_LOW_BREAKOUT,1,0.6661732050333176,0.3108808290155427,2.1465581051073217
1993-08-05,00:00:00,0.6886,0.6905,0.6785,0.6813,1671,0.685,BEARISH_DAILY_LOW_BREAKOUT,1,-0.08806693086746586,0.9100249522970767,-0.4109790107148135
1993-08-12,00:00:00,0.6833,0.6855,0.675,0.677,1471,0.682,BEARISH_DAILY_LOW_BREAKOUT,1,0.22156573116690484,-0.44313146233382605,-0.044313146233394086
1993-08-23,00:00:00,0.676,0.6774,0.6658,0.6705,1771,0.676,BEARISH_DAILY_LOW_BREAKOUT,1,-0.1491424310216258,0.0,0.5667412378821813
1993-08-27,00:00:00,0.6689,0.6699,0.6645,0.6654,731,0.6685,BEARISH_DAILY_LOW_BREAKOUT,1,0.9167418094379312,0.4658851818455052,-2.539825668770668
1993-09-02,00:00:00,0.6632,0.6675,0.655,0.6575,1931,0.6655,BEARISH_DAILY_LOW_BREAKOUT,1,-1.2927756653992322,-0.7604562737642593,-1.064638783269963
1993-09-03,00:00:00,0.656,0.6578,0.6445,0.649,1961,0.655,BEARISH_DAILY_LOW_BREAKOUT,1,-0.0770416024653399,1.494607087827416,0.2773497688751963
1993-09-10,00:00:00,0.654,0.6582,0.647,0.6505,1891,0.652,BEARISH_DAILY_LOW_BREAKOUT,1,0.04611837048425488,-0.07686395080706303,-0.03074558032282521
1993-09-14,00:00:00,0.6505,0.6545,0.6428,0.6463,1921,0.6485,BEARISH_DAILY_LOW_BREAKOUT,1,0.5724895559337826,0.9283614420547741,1.5008509979885567
1993-09-27,00:00:00,0.6517,0.6536,0.6471,0.6482,951,0.6505,BEARISH_DAILY_LOW_BREAKOUT,1,-0.07713668620795201,-0.4936747917309443,-0.2622647331070711
1993-11-08,00:00:00,0.674,0.6745,0.666,0.6668,981,0.6725,BEARISH_DAILY_LOW_BREAKOUT,1,0.10497900419916527,-1.049790041991586,-1.1247750449909946
1993-11-10,00:00:00,0.6663,0.6685,0.662,0.6631,981,0.666,BEARISH_DAILY_LOW_BREAKOUT,1,-0.4976624943447398,-0.8746795355150093,-0.3166943145830178
1993-11-11,00:00:00,0.6639,0.665,0.658,0.6598,991,0.662,BEARISH_DAILY_LOW_BREAKOUT,1,0.03031221582297332,-0.07578053955745012,0.3334343740527402
1993-11-29,00:00:00,0.661,0.6616,0.656,0.6568,701,0.661,BEARISH_DAILY_LOW_BREAKOUT,1,0.39585870889158575,1.8574908647990236,1.6138855054811119
1994-02-04,00:00:00,0.7148,0.716,0.708,0.712,1321,0.713,BEARISH_DAILY_LOW_BREAKOUT,1,0.4494382022471883,0.9831460674157312,-0.5477528089887661
1994-02-11,00:00:00,0.718,0.719,0.7148,0.716,641,0.7173,BEARISH_DAILY_LOW_BREAKOUT,1,-1.1033519553072653,-0.3072625698323994,-0.055865921787703346
1994-02-14,00:00:00,0.7153,0.7159,0.7065,0.7081,1161,0.7148,BEARISH_DAILY_LOW_BREAKOUT,1,0.48015816975004516,1.3274961163677554,2.3019347549781237
1994-02-25,00:00:00,0.7231,0.7251,0.7182,0.7187,941,0.7224,BEARISH_DAILY_LOW_BREAKOUT,1,-0.653958536246005,-1.4609711979963758,-0.18088214832335717
1994-02-28,00:00:00,0.7183,0.7195,0.7103,0.714,1411,0.7182,BEARISH_DAILY_LOW_BREAKOUT,1,-0.6302521008403289,-0.9663865546218512,0.0
1994-03-01,00:00:00,0.7134,0.7176,0.7075,0.7095,1631,0.7103,BEARISH_DAILY_LOW_BREAKOUT,1,-0.18322762508808568,0.9020436927413616,0.7892882311486875
1994-03-08,00:00:00,0.7169,0.7202,0.7135,0.714,1051,0.7155,BEARISH_DAILY_LOW_BREAKOUT,1,0.15406162464985854,0.09803921568627925,0.0
1994-03-10,00:00:00,0.7157,0.7165,0.706,0.7072,1251,0.7105,BEARISH_DAILY_LOW_BREAKOUT,1,1.0605203619909431,1.541289592760168,0.8201357466063229
1994-03-16,00:00:00,0.718,0.7205,0.712,0.714,1301,0.7174,BEARISH_DAILY_LOW_BREAKOUT,1,-0.14005602240896373,-0.8543417366946771,-1.176470588235289
1994-03-21,00:00:00,0.7137,0.7153,0.7074,0.7079,1001,0.7084,BEARISH_DAILY_LOW_BREAKOUT,1,0.452041248763947,-0.32490464754908444,-0.904082497527894
1994-03-24,00:00:00,0.7111,0.7135,0.704,0.7056,1351,0.7078,BEARISH_DAILY_LOW_BREAKOUT,1,0.7653061224489739,-0.5810657596371871,-0.3684807256235894
1994-03-29,00:00:00,0.7096,0.7108,0.7005,0.7015,1251,0.7095,BEARISH_DAILY_LOW_BREAKOUT,1,0.07127583749108267,0.21382751247326384,0.8125445473984374
1994-04-18,00:00:00,0.7233,0.7249,0.716,0.7176,1211,0.721,BEARISH_DAILY_LOW_BREAKOUT,1,-0.2926421404682261,-0.08361204013378552,-0.11148272017837554
1994-04-19,00:00:00,0.717,0.7185,0.713,0.7155,951,0.716,BEARISH_DAILY_LOW_BREAKOUT,1,-0.5310971348707233,0.5590496156533897,0.09783368273933234
1994-04-20,00:00:00,0.715,0.718,0.711,0.7117,1071,0.713,BEARISH_DAILY_LOW_BREAKOUT,1,0.7446957987916216,0.9414078965856455,0.09835604889701192
1994-04-27,00:00:00,0.717,0.718,0.7142,0.7162,681,0.7168,BEARISH_DAILY_LOW_BREAKOUT,1,-0.5305780508237804,-0.5026528902541102,0.18151354370288733
1994-04-28,00:00:00,0.7155,0.7168,0.7098,0.7124,1091,0.7142,BEARISH_DAILY_LOW_BREAKOUT,1,0.43514879281302515,-1.179112857944985,0.6457046603031916
1994-05-03,00:00:00,0.7113,0.7125,0.703,0.704,1171,0.7102,BEARISH_DAILY_LOW_BREAKOUT,1,1.2784090909090922,1.846590909090911,2.1590909090909083
1994-06-14,00:00:00,0.7348,0.7365,0.728,0.7296,1181,0.7347,BEARISH_DAILY_LOW_BREAKOUT,1,0.12335526315789636,0.6716008771929846,0.9183114035087622
1994-06-23,00:00:00,0.7363,0.7368,0.7308,0.7325,821,0.7353,BEARISH_DAILY_LOW_BREAKOUT,1,-0.45051194539250244,-1.174061433447106,-0.35494880546075724
1994-06-24,00:00:00,0.7315,0.7346,0.7265,0.7292,1391,0.7308,BEARISH_DAILY_LOW_BREAKOUT,1,-0.8228195282501379,-0.13713658804168966,0.08228195282501988
1994-06-27,00:00:00,0.725,0.7255,0.7182,0.7232,1281,0.7265,BEARISH_DAILY_LOW_BREAKOUT,1,0.09679203539823478,0.6775442477876128,0.04148230088496654
1994-07-05,00:00:00,0.7292,0.7313,0.7225,0.7235,1191,0.7285,BEARISH_DAILY_LOW_BREAKOUT,1,0.9951624049758098,1.3545266067726218,2.073255010366277
1994-07-27,00:00:00,0.7427,0.7432,0.7377,0.7395,781,0.7415,BEARISH_DAILY_LOW_BREAKOUT,1,-0.06761325219743826,-0.270453008789723,-0.270453008789723
1994-08-02,00:00:00,0.737,0.7412,0.7313,0.7325,1531,0.736,BEARISH_DAILY_LOW_BREAKOUT,1,-0.2047781569965948,1.4061433447098943,1.6245733788395782
1994-08-03,00:00:00,0.7319,0.7345,0.73,0.731,811,0.7313,BEARISH_DAILY_LOW_BREAKOUT,1,0.8891928864569169,1.2859097127222934,2.0109439124487065
1994-08-12,00:00:00,0.745,0.7455,0.7405,0.7419,691,0.7428,BEARISH_DAILY_LOW_BREAKOUT,1,-0.18870467718020714,-0.5256773150020237,-1.0378757244911767
1994-08-22,00:00:00,0.737,0.7394,0.733,0.7342,1001,0.737,BEARISH_DAILY_LOW_BREAKOUT,1,0.3132661400163552,1.3347861618087757,1.4165077635521761
1994-09-05,00:00:00,0.7414,0.7421,0.7378,0.7405,771,0.741,BEARISH_DAILY_LOW_BREAKOUT,1,0.1485482781904105,0.7562457798784521,0.4726536124240307
1994-09-12,00:00:00,0.7426,0.746,0.7419,0.7431,771,0.744,BEARISH_DAILY_LOW_BREAKOUT,1,0.12111425111021558,0.053828556048993,-0.013457139012244514
1994-09-21,00:00:00,0.7422,0.7434,0.733,0.7348,1341,0.7422,BEARISH_DAILY_LOW_BREAKOUT,1,0.1769188894937354,0.7076755579749567,0.7076755579749567
1994-10-07,00:00:00,0.7387,0.7396,0.737,0.7381,461,0.7384,BEARISH_DAILY_LOW_BREAKOUT,1,0.14903129657227882,-0.18967619563744165,-0.20322449532582929
1994-10-11,00:00:00,0.7387,0.7396,0.7343,0.736,791,0.737,BEARISH_DAILY_LOW_BREAKOUT,1,0.09510869565217853,0.0,0.08152173913044089
1994-10-20,00:00:00,0.736,0.7379,0.7305,0.7325,1131,0.734,BEARISH_DAILY_LOW_BREAKOUT,1,0.06825938566552149,0.6825938566552906,1.4334470989761028
1994-11-01,00:00:00,0.7422,0.7435,0.74,0.7406,541,0.741,BEARISH_DAILY_LOW_BREAKOUT,1,0.33756413718605816,1.5392924655684532,1.836348906292188
1994-11-23,00:00:00,0.7626,0.764,0.7583,0.7607,951,0.7616,BEARISH_DAILY_LOW_BREAKOUT,1,-0.27606152228210734,0.3417904561587926,0.8676219271723332
1995-01-03,00:00:00,0.7756,0.7765,0.7677,0.7689,1091,0.775,BEARISH_DAILY_LOW_BREAKOUT,1,0.11705033164260788,-0.37716217973728877,0.03901677721419781
1995-01-06,00:00:00,0.7691,0.7712,0.7641,0.766,1111,0.767,BEARISH_DAILY_LOW_BREAKOUT,1,-0.3002610966057401,0.417754569190598,-0.757180156657967
1995-01-09,00:00:00,0.7653,0.7664,0.7614,0.7637,841,0.7641,BEARISH_DAILY_LOW_BREAKOUT,1,0.510671729736795,0.3666361136571839,-0.549954170485805
1995-01-13,00:00:00,0.7662,0.7682,0.7555,0.7565,1571,0.765,BEARISH_DAILY_LOW_BREAKOUT,1,0.48909451421018335,0.660938532716458,1.66556510244548
1995-01-25,00:00:00,0.7722,0.7745,0.764,0.7658,1461,0.7685,BEARISH_DAILY_LOW_BREAKOUT,1,-0.026116479498575214,-0.7051449464612263,-0.7965526247061889
1995-01-27,00:00:00,0.7654,0.7669,0.7585,0.7595,1091,0.7628,BEARISH_DAILY_LOW_BREAKOUT,1,0.11849901250823067,-0.2238314680710894,-1.053324555628704
1995-02-03,00:00:00,0.76,0.7607,0.7505,0.753,1341,0.757,BEARISH_DAILY_LOW_BREAKOUT,1,-0.19920318725100356,-0.9694555112881771,-1.235059760956172
1995-02-07,00:00:00,0.7515,0.7523,0.7431,0.7455,1241,0.7496,BEARISH_DAILY_LOW_BREAKOUT,1,0.026827632461432323,0.026827632461432323,0.09389671361501313
1995-02-09,00:00:00,0.7452,0.747,0.7406,0.7425,1011,0.7435,BEARISH_DAILY_LOW_BREAKOUT,1,0.43097643097642835,0.5252525252525122,-0.7407407407407488
1995-02-16,00:00:00,0.7456,0.7476,0.7425,0.7438,841,0.745,BEARISH_DAILY_LOW_BREAKOUT,1,-0.9142242538316789,0.02688894864210513,-0.6722237160527029
1995-02-17,00:00:00,0.7426,0.7431,0.7355,0.737,961,0.7425,BEARISH_DAILY_LOW_BREAKOUT,1,0.13568521031207612,0.3256445047489766,0.4477611940298466
1995-03-17,00:00:00,0.7453,0.746,0.7335,0.7346,1431,0.745,BEARISH_DAILY_LOW_BREAKOUT,1,-1.3612850530901182,-1.2796079499047202,-1.075415191941195
1995-03-20,00:00:00,0.7342,0.7347,0.722,0.7246,1581,0.7335,BEARISH_DAILY_LOW_BREAKOUT,1,0.40022081148219896,0.2622136351090274,0.5520287054926861
1995-04-19,00:00:00,0.7425,0.7431,0.732,0.7335,1321,0.7405,BEARISH_DAILY_LOW_BREAKOUT,1,0.4362644853442373,-0.7498295841854206,-0.6134969325153455
1995-04-21,00:00:00,0.7367,0.7371,0.728,0.728,951,0.7322,BEARISH_DAILY_LOW_BREAKOUT,1,0.0,-0.21978021978021084,0.10989010989011304
1995-05-08,00:00:00,0.7416,0.743,0.7365,0.7377,911,0.7402,BEARISH_DAILY_LOW_BREAKOUT,1,-1.355564592652841,-0.5422258370611365,-1.2471194252406108
1995-05-09,00:00:00,0.7379,0.74,0.7255,0.7277,1881,0.7365,BEARISH_DAILY_LOW_BREAKOUT,1,-0.02748385323622069,1.6902569740277558,0.7145801841418142
1995-05-16,00:00:00,0.7335,0.7352,0.7268,0.7285,1181,0.7312,BEARISH_DAILY_LOW_BREAKOUT,1,0.6039807824296444,-1.6060398078243023,-1.6334934797529197
1995-05-18,00:00:00,0.7323,0.7339,0.716,0.7172,2071,0.7234,BEARISH_DAILY_LOW_BREAKOUT,1,-0.055772448410479084,0.3067484662576814,0.11154489682097364
1995-05-31,00:00:00,0.7213,0.7225,0.7123,0.7175,1661,0.7186,BEARISH_DAILY_LOW_BREAKOUT,1,-0.34843205574913694,-0.30662020905923065,0.5017421602787367
1995-06-09,00:00:00,0.7213,0.722,0.7185,0.719,471,0.7195,BEARISH_DAILY_LOW_BREAKOUT,1,0.04172461752435021,0.2642559109874844,1.0292072322670478
1995-06-20,00:00:00,0.7258,0.7265,0.722,0.7245,771,0.7258,BEARISH_DAILY_LOW_BREAKOUT,1,0.15182884748102,-0.4140786749482405,-0.9937888198757742
1995-06-22,00:00:00,0.726,0.7268,0.7195,0.7205,911,0.7224,BEARISH_DAILY_LOW_BREAKOUT,1,0.13879250520471906,-0.9854267869535037,-1.3879250520471906
1995-06-27,00:00:00,0.719,0.7198,0.713,0.7134,801,0.7185,BEARISH_DAILY_LOW_BREAKOUT,1,0.5466778805719111,-0.4065040650406523,-0.21026072329689607
1995-06-30,00:00:00,0.7142,0.7172,0.7078,0.7105,1511,0.714,BEARISH_DAILY_LOW_BREAKOUT,1,-0.21111893033076098,0.19704433497536336,0.5489092188599598
1995-07-27,00:00:00,0.7366,0.7385,0.733,0.735,941,0.7355,BEARISH_DAILY_LOW_BREAKOUT,1,0.20408163265306897,0.8707482993197226,1.1564625850340222
1995-08-03,00:00:00,0.7415,0.742,0.7361,0.7371,741,0.7382,BEARISH_DAILY_LOW_BREAKOUT,1,0.8682675349342115,0.9361009361009384,0.8682675349342115
1995-08-09,00:00:00,0.7447,0.7452,0.739,0.7408,851,0.7415,BEARISH_DAILY_LOW_BREAKOUT,1,0.026997840172783203,0.269978401727862,-1.1339092872570145
1995-08-15,00:00:00,0.7426,0.7431,0.7355,0.7375,1011,0.739,BEARISH_DAILY_LOW_BREAKOUT,1,-0.8271186440677958,-0.13559322033898316,0.4610169491525367
1995-08-16,00:00:00,0.7359,0.7375,0.7299,0.7314,1071,0.7355,BEARISH_DAILY_LOW_BREAKOUT,1,0.1367240907847964,0.8613617719442128,1.2305168170631522
1995-09-18,00:00:00,0.7593,0.7619,0.754,0.755,1151,0.7585,BEARISH_DAILY_LOW_BREAKOUT,1,0.7814569536423862,-0.8741721854304703,-0.8344370860927116
1995-09-21,00:00:00,0.754,0.7581,0.7465,0.7484,1761,0.7551,BEARISH_DAILY_LOW_BREAKOUT,1,-0.25387493319079396,0.040085515766979954,1.0154997327632351
1995-10-05,00:00:00,0.7629,0.7648,0.7568,0.7582,1131,0.7618,BEARISH_DAILY_LOW_BREAKOUT,1,0.5671326826694765,0.4088630968082289,0.15826958586124754
1995-10-10,00:00:00,0.7595,0.7613,0.755,0.7613,1081,0.762,BEARISH_DAILY_LOW_BREAKOUT,1,0.1182188362012363,-0.2495730986470528,-0.8669381321423801
1995-10-12,00:00:00,0.7644,0.7649,0.757,0.7598,1121,0.761,BEARISH_DAILY_LOW_BREAKOUT,1,-0.05264543300869531,-0.8818110028955041,-1.1581995261911069
1995-10-17,00:00:00,0.7589,0.7596,0.752,0.7531,941,0.7556,BEARISH_DAILY_LOW_BREAKOUT,1,0.2124551852343707,-0.2788474306201023,-0.478024166777312
1995-10-23,00:00:00,0.7491,0.7516,0.7458,0.7472,971,0.748,BEARISH_DAILY_LOW_BREAKOUT,1,0.13383297644539627,1.0840471092077082,1.7665952890792278
1995-11-02,00:00:00,0.7605,0.761,0.756,0.7578,731,0.7579,BEARISH_DAILY_LOW_BREAKOUT,1,0.0923726576933126,-1.095275798363681,-2.612826603325421
1995-11-06,00:00:00,0.7584,0.7589,0.7521,0.7543,951,0.7563,BEARISH_DAILY_LOW_BREAKOUT,1,-0.6363515842502872,-2.0151133501259433,-1.9223120774227707
1995-11-07,00:00:00,0.753,0.7549,0.7485,0.7495,931,0.7521,BEARISH_DAILY_LOW_BREAKOUT,1,-0.17344896597732873,-1.5343562374916697,-1.9079386257505122
1995-11-08,00:00:00,0.7496,0.7524,0.7476,0.7482,821,0.7485,BEARISH_DAILY_LOW_BREAKOUT,1,-1.2162523389468054,-1.390002673082059,-0.7618283881315059
1995-11-09,00:00:00,0.7473,0.7481,0.734,0.7391,2001,0.7476,BEARISH_DAILY_LOW_BREAKOUT,1,-0.14882965769178594,0.0947097821675056,0.35177919090786725
1995-11-15,00:00:00,0.7399,0.742,0.7335,0.7352,1231,0.7375,BEARISH_DAILY_LOW_BREAKOUT,1,0.9929270946681289,1.4553862894450549,0.8297062023939057
1995-11-30,00:00:00,0.7489,0.7496,0.7416,0.744,1111,0.747,BEARISH_DAILY_LOW_BREAKOUT,1,-0.6048387096774124,-0.5779569892473079,-0.873655913978488
1995-12-01,00:00:00,0.7436,0.7441,0.7368,0.7395,1051,0.7416,BEARISH_DAILY_LOW_BREAKOUT,1,-0.08113590263692291,0.06761325219742324,-0.4056795131845845
1995-12-08,00:00:00,0.7393,0.7412,0.736,0.7375,861,0.7378,BEARISH_DAILY_LOW_BREAKOUT,1,-0.13559322033898316,0.9762711864406758,0.3389830508474504
1996-01-04,00:00:00,0.7461,0.7475,0.738,0.74,1291,0.7447,BEARISH_DAILY_LOW_BREAKOUT,1,1.1486486486486571,0.44594594594594184,0.540540540540541
1996-01-09,00:00:00,0.7474,0.7485,0.742,0.7433,891,0.744,BEARISH_DAILY_LOW_BREAKOUT,1,0.4574196152293919,0.09417462666487744,-0.2018027714247203
1996-01-15,00:00:00,0.744,0.7452,0.7404,0.7423,791,0.7425,BEARISH_DAILY_LOW_BREAKOUT,1,0.28290448605684915,-0.4580358345682283,-0.9564865957160171
1996-01-18,00:00:00,0.7415,0.7422,0.738,0.7389,581,0.7395,BEARISH_DAILY_LOW_BREAKOUT,1,-0.18947083502503137,-0.5007443497090319,-0.08120178643930774
1996-01-19,00:00:00,0.7369,0.7397,0.731,0.7375,1681,0.738,BEARISH_DAILY_LOW_BREAKOUT,1,-0.5016949152542421,0.027118644067793622,0.5423728813559326
1996-03-04,00:00:00,0.7634,0.7639,0.7578,0.7597,851,0.7605,BEARISH_DAILY_LOW_BREAKOUT,1,0.07897854416216057,0.3817296301171387,1.3689614321442627
1996-03-15,00:00:00,0.7745,0.7752,0.772,0.7733,521,0.7735,BEARISH_DAILY_LOW_BREAKOUT,1,0.2198370619423296,0.38794775636880935,0.1293159187896031
1996-03-25,00:00:00,0.7755,0.7763,0.773,0.7743,541,0.7757,BEARISH_DAILY_LOW_BREAKOUT,1,-0.09040423608420947,0.9427870334495639,1.123595505617983
1996-04-16,00:00:00,0.7906,0.7915,0.7853,0.7858,761,0.7894,BEARISH_DAILY_LOW_BREAKOUT,1,0.21634003563246676,0.0,-0.10180707559175653
1996-04-18,00:00:00,0.7869,0.7884,0.781,0.7828,1071,0.784,BEARISH_DAILY_LOW_BREAKOUT,1,0.383239652529382,0.9964230965763818,0.9836484414920706
1996-04-24,00:00:00,0.7897,0.792,0.783,0.785,1331,0.7875,BEARISH_DAILY_LOW_BREAKOUT,1,0.5222929936305722,0.39490445859872503,1.5286624203821668
1996-04-29,00:00:00,0.7891,0.7898,0.7854,0.7881,781,0.7883,BEARISH_DAILY_LOW_BREAKOUT,1,-0.08882121558178327,1.1292983123969065,1.6749143509706874
1996-05-09,00:00:00,0.8005,0.8012,0.7962,0.7994,891,0.7995,BEARISH_DAILY_LOW_BREAKOUT,1,0.32524393294971815,0.4253189892419263,0.20015011258444404
1996-05-20,00:00:00,0.7991,0.801,0.7935,0.7945,1041,0.7974,BEARISH_DAILY_LOW_BREAKOUT,1,-0.025173064820639142,-0.03775959723095871,0.012586532410319571
1996-05-24,00:00:00,0.7932,0.795,0.7893,0.7912,941,0.7915,BEARISH_DAILY_LOW_BREAKOUT,1,0.11375126390293375,0.8720930232558162,1.365015166835191
1996-06-04,00:00:00,0.8015,0.802,0.7965,0.7973,681,0.7993,BEARISH_DAILY_LOW_BREAKOUT,1,-0.6271165182490912,-0.5894895271541499,-0.7023705004389877
1996-06-05,00:00:00,0.7964,0.7977,0.7914,0.7923,851,0.7965,BEARISH_DAILY_LOW_BREAKOUT,1,-0.7068029786697021,0.27767259876309225,-0.06310740880980133
1996-06-06,00:00:00,0.7905,0.7923,0.7848,0.7867,1121,0.7914,BEARISH_DAILY_LOW_BREAKOUT,1,0.7499682216855239,0.7372568958942453,0.8262361764332099
1996-06-18,00:00:00,0.7916,0.7933,0.788,0.7894,841,0.79,BEARISH_DAILY_LOW_BREAKOUT,1,-0.11401064099316087,0.012667848999238535,0.1520141879908765
1996-06-27,00:00:00,0.7899,0.7916,0.787,0.789,831,0.7895,BEARISH_DAILY_LOW_BREAKOUT,1,-0.2408111533586835,-0.7604562737642592,0.8365019011406768
1996-07-02,00:00:00,0.7875,0.7881,0.7818,0.783,811,0.7863,BEARISH_DAILY_LOW_BREAKOUT,1,0.038314176245206506,1.6091954022988433,2.017879948914422
1996-07-16,00:00:00,0.7947,0.7952,0.7868,0.7901,1221,0.7937,BEARISH_DAILY_LOW_BREAKOUT,1,-0.4050120237944539,0.21516263764079532,0.12656625743576774
1996-07-25,00:00:00,0.791,0.792,0.7845,0.7877,1171,0.7878,BEARISH_DAILY_LOW_BREAKOUT,1,-0.1142566967119336,-0.9521391392662121,-1.7519360162498319
1996-07-30,00:00:00,0.7874,0.7895,0.7785,0.7802,1481,0.784,BEARISH_DAILY_LOW_BREAKOUT,1,-0.9356575237118654,-0.8074852601896915,-0.4486029223276158
1996-07-31,00:00:00,0.7803,0.7808,0.771,0.7729,1221,0.7785,BEARISH_DAILY_LOW_BREAKOUT,1,0.1811359813688649,0.012938284383489323,0.9833096131452892
1996-08-27,00:00:00,0.7904,0.7912,0.7864,0.7878,701,0.79,BEARISH_DAILY_LOW_BREAKOUT,1,0.5077430820005082,0.3046458492003134,0.5204366590505336
1996-09-12,00:00:00,0.7988,0.8005,0.7955,0.7976,881,0.7985,BEARISH_DAILY_LOW_BREAKOUT,1,-0.8024072216649901,-0.8650952858575749,-0.6895687061183488
1996-09-13,00:00:00,0.7965,0.7977,0.79,0.7912,1011,0.7955,BEARISH_DAILY_LOW_BREAKOUT,1,-0.2527805864509608,-0.2654196157735074,0.17694641051566692
1996-09-16,00:00:00,0.7917,0.7932,0.7864,0.7892,1111,0.79,BEARISH_DAILY_LOW_BREAKOUT,1,0.19006588950835604,0.1773948302077999,-0.16472377090724377
1996-09-24,00:00:00,0.7918,0.7923,0.7851,0.7879,1051,0.791,BEARISH_DAILY_LOW_BREAKOUT,1,0.44421880949358383,0.2919152176672127,0.9518974489148306
1996-10-22,00:00:00,0.7963,0.798,0.7937,0.7943,661,0.7945,BEARISH_DAILY_LOW_BREAKOUT,1,-0.012589701624070122,-0.4784086617147206,-0.1762558227369957
1996-10-24,00:00:00,0.794,0.7951,0.791,0.7926,681,0.793,BEARISH_DAILY_LOW_BREAKOUT,1,-0.2649507948523834,-0.11355034065102344,-0.45420136260407984
1996-10-25,00:00:00,0.792,0.7948,0.7885,0.7905,1111,0.791,BEARISH_DAILY_LOW_BREAKOUT,1,0.22770398481973736,0.3036053130929878,-0.3162555344718465
1996-11-01,00:00:00,0.7914,0.7921,0.7874,0.789,701,0.7908,BEARISH_DAILY_LOW_BREAKOUT,1,-0.12674271229404319,0.3295310519645039,-0.17743979721166891
1996-11-07,00:00:00,0.7916,0.7925,0.7816,0.7845,1471,0.788,BEARISH_DAILY_LOW_BREAKOUT,1,0.43339706819631224,0.4588910133843273,0.7775653282345436
1996-12-03,00:00:00,0.8161,0.8167,0.785,0.802,4931,0.8153,BEARISH_DAILY_LOW_BREAKOUT,1,-0.3366583541147176,-0.49875311720698295,-1.296758104738164
1996-12-10,00:00:00,0.8025,0.805,0.7942,0.7948,1391,0.7978,BEARISH_DAILY_LOW_BREAKOUT,1,-0.4026170105686941,-0.3522898842475986,-0.6416708605938592
1996-12-11,00:00:00,0.7941,0.7949,0.7881,0.7916,1111,0.7942,BEARISH_DAILY_LOW_BREAKOUT,1,-0.025265285497723347,-0.037897928246585014,-0.15159171298635407
1997-01-08,00:00:00,0.79,0.7909,0.7772,0.7809,1831,0.7882,BEARISH_DAILY_LOW_BREAKOUT,1,0.025611473940322448,-0.2817262133435895,-0.24330900243309164
1997-01-15,00:00:00,0.7804,0.7815,0.7737,0.7757,1091,0.7759,BEARISH_DAILY_LOW_BREAKOUT,1,0.42542219930386505,0.20626530875338997,-0.4254221993038507
1997-01-22,00:00:00,0.7776,0.7793,0.773,0.7753,1031,0.7754,BEARISH_DAILY_LOW_BREAKOUT,1,-0.37404875532052284,-0.3224558235521665,-1.3543144589191223
1997-01-23,00:00:00,0.7748,0.7754,0.7698,0.7724,881,0.773,BEARISH_DAILY_LOW_BREAKOUT,1,0.07767995857069458,-0.37545313309166417,-1.3076126359399274
1997-01-28,00:00:00,0.7725,0.7741,0.768,0.7695,921,0.77,BEARISH_DAILY_LOW_BREAKOUT,1,0.4028589993502264,-0.935672514619881,-0.7277452891487899
1997-01-30,00:00:00,0.7722,0.773,0.7628,0.7648,1301,0.7657,BEARISH_DAILY_LOW_BREAKOUT,1,-0.326882845188292,-0.10460251046025403,-0.36610878661088186
1997-01-31,00:00:00,0.7643,0.7665,0.759,0.7623,1301,0.7628,BEARISH_DAILY_LOW_BREAKOUT,1,0.4722550177095694,0.2098911189820341,-0.537845992391446
1997-02-10,00:00:00,0.761,0.7622,0.7559,0.7582,981,0.759,BEARISH_DAILY_LOW_BREAKOUT,1,-0.013189132155102742,1.160643629649173,0.8836718543919863
1997-02-25,00:00:00,0.7768,0.7795,0.7743,0.7751,871,0.776,BEARISH_DAILY_LOW_BREAKOUT,1,0.141917171977808,0.5160624435556707,1.2127467423558203
1997-03-05,00:00:00,0.7881,0.7895,0.7825,0.7845,1041,0.7867,BEARISH_DAILY_LOW_BREAKOUT,1,0.39515615041427554,0.4971319311663499,1.121733588272789
1997-03-17,00:00:00,0.7976,0.7995,0.7881,0.7885,1371,0.7922,BEARISH_DAILY_LOW_BREAKOUT,1,0.07609384908053836,-0.31705770450221266,-0.6594800253646141
1997-03-25,00:00:00,0.7894,0.7911,0.7798,0.7833,1651,0.7857,BEARISH_DAILY_LOW_BREAKOUT,1,0.21703051193668257,0.0893655049151071,0.11489850631941938
1997-04-02,00:00:00,0.786,0.787,0.7819,0.7842,841,0.7844,BEARISH_DAILY_LOW_BREAKOUT,1,-0.7651109410864583,-1.1986738077021122,0.12751849018107636
1997-04-03,00:00:00,0.7837,0.7842,0.7764,0.7782,1011,0.7819,BEARISH_DAILY_LOW_BREAKOUT,1,-0.28270367514777434,0.3726548445129804,0.8481110254433372
1997-04-04,00:00:00,0.7779,0.7793,0.7748,0.776,711,0.7764,BEARISH_DAILY_LOW_BREAKOUT,1,-0.15463917525772922,1.095360824742262,0.19329896907215796
1997-04-14,00:00:00,0.7852,0.787,0.7764,0.7775,1351,0.784,BEARISH_DAILY_LOW_BREAKOUT,1,-0.45016077170417335,-0.0900321543408261,-0.012861736334403729
1997-04-15,00:00:00,0.777,0.7783,0.7721,0.774,941,0.7764,BEARISH_DAILY_LOW_BREAKOUT,1,0.038759689922476345,-0.10335917312661795,0.3359173126614904
1997-05-05,00:00:00,0.7816,0.7839,0.7795,0.7812,841,0.7815,BEARISH_DAILY_LOW_BREAKOUT,1,-0.5632360471070097,0.0,-0.5888376856118853
1997-05-06,00:00:00,0.7809,0.7837,0.775,0.7768,1331,0.7795,BEARISH_DAILY_LOW_BREAKOUT,1,0.09011328527290459,0.23171987641605468,-0.27033985581874237
1997-05-14,00:00:00,0.7761,0.781,0.7731,0.7747,1441,0.7755,BEARISH_DAILY_LOW_BREAKOUT,1,0.27107267329288637,0.03872466761326538,0.4905124564347379
1997-05-23,00:00:00,0.7781,0.7792,0.7632,0.7666,2051,0.7752,BEARISH_DAILY_LOW_BREAKOUT,1,0.078267675450045,-0.14349073832507045,-1.2001043569005982
1997-05-30,00:00:00,0.7663,0.7688,0.7585,0.7604,1471,0.762,BEARISH_DAILY_LOW_BREAKOUT,1,-0.3945291951604422,-0.2761704366123081,0.19726459758022843
1997-06-02,00:00:00,0.76,0.762,0.7563,0.7574,881,0.7585,BEARISH_DAILY_LOW_BREAKOUT,1,0.5413255875363076,0.5545286506469623,0.4357010826511858
1997-06-11,00:00:00,0.7604,0.7612,0.754,0.7567,1071,0.7594,BEARISH_DAILY_LOW_BREAKOUT,1,-0.7004096735826724,-1.0043610413638233,-0.7664860578829162
1997-06-12,00:00:00,0.7563,0.7575,0.7501,0.7514,991,0.754,BEARISH_DAILY_LOW_BREAKOUT,1,-0.039925472451419614,-0.039925472451419614,-0.039925472451419614
1997-06-16,00:00:00,0.7511,0.753,0.7474,0.7491,921,0.75,BEARISH_DAILY_LOW_BREAKOUT,1,0.2669870511280205,0.24028834601522142,0.18689093578960844
1997-06-27,00:00:00,0.7493,0.751,0.7433,0.7451,1121,0.7481,BEARISH_DAILY_LOW_BREAKOUT,1,1.2481546101194438,0.9260501946047535,-0.10736813850490176
1997-07-04,00:00:00,0.7515,0.7531,0.7467,0.7488,1011,0.751,BEARISH_DAILY_LOW_BREAKOUT,1,-0.6009615384615464,-0.5608974358974333,-1.6025641025641038
1997-07-07,00:00:00,0.748,0.749,0.7417,0.7443,1091,0.7467,BEARISH_DAILY_LOW_BREAKOUT,1,0.3090151820502593,-0.30901518205024436,-1.222625285503157
1997-07-10,00:00:00,0.7445,0.7452,0.7405,0.742,691,0.7421,BEARISH_DAILY_LOW_BREAKOUT,1,-0.18867924528301305,-0.916442048517524,0.06738544474394285
1997-07-14,00:00:00,0.7394,0.7405,0.7353,0.7368,781,0.739,BEARISH_DAILY_LOW_BREAKOUT,1,-0.21715526601520707,-0.1221498371335521,0.3393051031487441
1997-07-15,00:00:00,0.7364,0.7388,0.733,0.7352,1041,0.7353,BEARISH_DAILY_LOW_BREAKOUT,1,0.0,0.9929270946681289,0.17682263329707276
1997-07-23,00:00:00,0.739,0.7398,0.7349,0.7365,731,0.7378,BEARISH_DAILY_LOW_BREAKOUT,1,0.0,0.06788866259333942,1.5478615071283048
1997-08-01,00:00:00,0.7468,0.748,0.7375,0.739,1321,0.7418,BEARISH_DAILY_LOW_BREAKOUT,1,0.3112313937753679,-0.6089309878213733,-0.02706359945872503
1997-08-06,00:00:00,0.7385,0.7389,0.7325,0.7345,881,0.7369,BEARISH_DAILY_LOW_BREAKOUT,1,-0.4901293396868683,0.585432266848192,0.9257998638529499
1997-08-07,00:00:00,0.7344,0.7408,0.7287,0.7309,2071,0.7325,BEARISH_DAILY_LOW_BREAKOUT,1,0.5746340128608539,1.3271309344643647,1.6554932275277057
1997-08-18,00:00:00,0.741,0.7438,0.7377,0.7385,971,0.7387,BEARISH_DAILY_LOW_BREAKOUT,1,0.5280974949221264,1.4488828706838093,1.3540961408259997
1997-08-27,00:00:00,0.7479,0.7505,0.738,0.7425,1961,0.7451,BEARISH_DAILY_LOW_BREAKOUT,1,-0.7407407407407488,-1.5622895622895696,-1.3872053872053989
1997-08-28,00:00:00,0.7419,0.7435,0.735,0.737,1211,0.738,BEARISH_DAILY_LOW_BREAKOUT,1,-0.6105834464043349,-1.3161465400271428,-0.7462686567164111
1997-08-29,00:00:00,0.7368,0.7385,0.7308,0.7325,1111,0.735,BEARISH_DAILY_LOW_BREAKOUT,1,-0.21843003412969908,-0.477815699658711,-0.3412969283276529
1997-09-02,00:00:00,0.7303,0.7316,0.7248,0.7273,1061,0.729,BEARISH_DAILY_LOW_BREAKOUT,1,0.23374123470370342,0.5774783445620917,0.31623814106972087
1997-09-09,00:00:00,0.7297,0.732,0.7257,0.7283,1121,0.7288,BEARISH_DAILY_LOW_BREAKOUT,1,0.17849787175615528,-0.8238363311821907,-1.7025950844432196
1997-09-11,00:00:00,0.7291,0.7302,0.7192,0.7206,1351,0.7259,BEARISH_DAILY_LOW_BREAKOUT,1,0.23591451568138144,-0.624479600333064,-0.36081043574799426
1997-09-15,00:00:00,0.7213,0.724,0.719,0.7197,841,0.7199,BEARISH_DAILY_LOW_BREAKOUT,1,-0.5002084201750795,-0.43073502848408945,0.0694733916909747
1997-09-16,00:00:00,0.7197,0.7206,0.715,0.7161,761,0.719,BEARISH_DAILY_LOW_BREAKOUT,1,-0.02792906018712163,0.2653260717776865,1.2149141181399303
1997-09-26,00:00:00,0.7264,0.727,0.7205,0.7224,901,0.7229,BEARISH_DAILY_LOW_BREAKOUT,1,-0.3737541528239252,0.6921373200442974,0.1661129568106283
1997-09-29,00:00:00,0.7203,0.7226,0.717,0.7197,1061,0.7205,BEARISH_DAILY_LOW_BREAKOUT,1,0.7781019869389938,1.1393636237321085,0.5557871335278592
1997-10-06,00:00:00,0.728,0.729,0.7223,0.7236,901,0.7257,BEARISH_DAILY_LOW_BREAKOUT,1,0.013819789939191402,1.4096185737976763,1.8656716417910386
1997-10-15,00:00:00,0.7365,0.7373,0.7319,0.734,831,0.7348,BEARISH_DAILY_LOW_BREAKOUT,1,0.6539509536784777,-0.6130790190735624,-3.7874659400544872
1997-10-20,00:00:00,0.731,0.7328,0.7283,0.7295,751,0.7316,BEARISH_DAILY_LOW_BREAKOUT,1,-1.6038382453735494,-3.1939684715558583,-2.947224126113787
1997-10-21,00:00:00,0.7292,0.731,0.7156,0.7178,1941,0.7283,BEARISH_DAILY_LOW_BREAKOUT,1,-1.337419894120917,-3.733630537754255,-2.800222903315688
1997-10-22,00:00:00,0.7171,0.7178,0.704,0.7082,1871,0.7156,BEARISH_DAILY_LOW_BREAKOUT,1,-0.28240609997175964,-3.0641061846935966,-1.3131883648686933
1997-10-24,00:00:00,0.7055,0.7077,0.69,0.691,2091,0.697,BEARISH_DAILY_LOW_BREAKOUT,1,-0.6512301013024528,0.9696092619392243,2.6483357452966856
1997-10-27,00:00:00,0.6865,0.6955,0.684,0.6865,2301,0.69,BEARISH_DAILY_LOW_BREAKOUT,1,3.1318281136198056,1.8062636562272347,2.3306627822286985
1997-11-06,00:00:00,0.7031,0.7048,0.696,0.6965,1101,0.701,BEARISH_DAILY_LOW_BREAKOUT,1,-0.4881550610193767,0.2153625269203081,0.15793251974156353
1997-11-07,00:00:00,0.6963,0.7033,0.6918,0.6931,1981,0.696,BEARISH_DAILY_LOW_BREAKOUT,1,0.6204010965228639,-0.519405569181943,0.6781128264319617
1997-11-12,00:00:00,0.6976,0.699,0.689,0.6895,1191,0.696,BEARISH_DAILY_LOW_BREAKOUT,1,1.131254532269765,1.2037708484408955,0.6091370558375607
1997-11-19,00:00:00,0.6968,0.6979,0.687,0.6879,1291,0.6958,BEARISH_DAILY_LOW_BREAKOUT,1,0.8431458060764686,0.6832388428550716,-1.4682366623055676
1997-11-25,00:00:00,0.6923,0.693,0.684,0.685,1071,0.691,BEARISH_DAILY_LOW_BREAKOUT,1,0.14598540145985414,-0.5109489051094975,-1.1678832116788331
1997-11-27,00:00:00,0.6858,0.686,0.676,0.6778,1201,0.682,BEARISH_DAILY_LOW_BREAKOUT,1,0.5458837415166771,-0.044260843906752285,-0.9294777220418963
1997-12-09,00:00:00,0.6726,0.6743,0.6658,0.6675,1191,0.668,BEARISH_DAILY_LOW_BREAKOUT,1,0.4494382022471914,-0.8988764044943828,-4.943820224719106
1997-12-11,00:00:00,0.6699,0.6706,0.663,0.6638,911,0.6653,BEARISH_DAILY_LOW_BREAKOUT,1,-0.3464899065983683,-3.61554685146127,-3.7360650798433164
1997-12-12,00:00:00,0.6635,0.665,0.6605,0.6615,701,0.663,BEARISH_DAILY_LOW_BREAKOUT,1,-1.5873015873015803,-4.081632653061228,-2.569916855631144
1998-01-02,00:00:00,0.6515,0.6538,0.6495,0.651,82,0.6605,BEARISH_DAILY_LOW_BREAKOUT,1,-1.7204301075268797,-1.6436251920122953,-1.4285714285714246
1998-01-05,00:00:00,0.6501,0.6522,0.638,0.6398,182,0.6495,BEARISH_DAILY_LOW_BREAKOUT,1,-0.8283838699593751,-0.1250390747108507,1.703657392935278
1998-01-06,00:00:00,0.6395,0.6408,0.6317,0.6345,133,0.638,BEARISH_DAILY_LOW_BREAKOUT,1,0.9141055949566632,1.5760441292356202,2.253743104806949
1998-01-22,00:00:00,0.6645,0.665,0.6558,0.6573,113,0.6575,BEARISH_DAILY_LOW_BREAKOUT,1,1.3083827780313484,3.331811958010046,3.9099345808611066
1998-01-29,00:00:00,0.6773,0.6801,0.6695,0.6722,162,0.673,BEARISH_DAILY_LOW_BREAKOUT,1,1.6066646831300255,1.4578994346920604,-0.13388872359417017
1998-02-06,00:00:00,0.676,0.6788,0.668,0.6713,170,0.675,BEARISH_DAILY_LOW_BREAKOUT,1,0.23834351258752356,0.8342022940562995,-0.9980634589602322
1998-02-12,00:00:00,0.6764,0.681,0.6727,0.6745,148,0.675,BEARISH_DAILY_LOW_BREAKOUT,1,-0.14825796886582665,-0.6671608598962118,-0.6671608598962118
1998-02-16,00:00:00,0.6705,0.6716,0.6611,0.6646,152,0.6703,BEARISH_DAILY_LOW_BREAKOUT,1,0.8125188083057585,1.6400842612097535,-0.24074631357206364
1998-02-23,00:00:00,0.6673,0.6693,0.6633,0.665,98,0.6689,BEARISH_DAILY_LOW_BREAKOUT,1,-0.3007518796992484,1.142857142857134,1.9548872180451144
1998-02-24,00:00:00,0.6644,0.6688,0.6615,0.663,133,0.6633,BEARISH_DAILY_LOW_BREAKOUT,1,0.9653092006033124,2.4886877828054232,1.8099547511312233
1998-03-04,00:00:00,0.6777,0.679,0.6728,0.675,98,0.6766,BEARISH_DAILY_LOW_BREAKOUT,1,-0.962962962962972,-1.3185185185185213,-0.13333333333333508
1998-03-05,00:00:00,0.6748,0.6755,0.6665,0.6685,118,0.6728,BEARISH_DAILY_LOW_BREAKOUT,1,0.07479431563202034,0.34405385190725035,1.271503365744213
1998-03-16,00:00:00,0.6762,0.6767,0.667,0.6702,135,0.6715,BEARISH_DAILY_LOW_BREAKOUT,1,-0.49239033124440007,-1.5816174276335502,0.14920919128618335
1998-03-17,00:00:00,0.6697,0.6725,0.664,0.6669,143,0.667,BEARISH_DAILY_LOW_BREAKOUT,1,-0.5548058179637182,-0.20992652571600956,0.3148897885739977
1998-03-18,00:00:00,0.666,0.6673,0.6613,0.6632,93,0.664,BEARISH_DAILY_LOW_BREAKOUT,1,-0.5428226779252182,1.145958986730992,1.8998793727382304
1998-03-19,00:00:00,0.6632,0.6665,0.6578,0.6596,139,0.6613,BEARISH_DAILY_LOW_BREAKOUT,1,0.8944815039417855,1.7586416009702934,1.8496058217101257
1998-03-30,00:00:00,0.6699,0.6713,0.661,0.6627,135,0.6713,BEARISH_DAILY_LOW_BREAKOUT,1,-0.045269352648252145,-0.8752074845329586,-0.8299381318847064
1998-04-01,00:00:00,0.662,0.6639,0.656,0.6579,118,0.6593,BEARISH_DAILY_LOW_BREAKOUT,1,-0.15199878400972805,-0.24319805441557163,-0.592795257637941
1998-04-09,00:00:00,0.6625,0.6628,0.6525,0.654,122,0.6565,BEARISH_DAILY_LOW_BREAKOUT,1,0.397553516819562,-0.9785932721712649,-0.504587155963315
1998-04-14,00:00:00,0.6541,0.6551,0.6455,0.6476,128,0.6521,BEARISH_DAILY_LOW_BREAKOUT,1,0.3860407659048885,0.4786905497220494,0.741198270537373
1998-04-20,00:00:00,0.6452,0.648,0.6448,0.6468,49,0.6485,BEARISH_DAILY_LOW_BREAKOUT,1,0.6493506493506465,1.1595547309832948,-0.5102040816326655
1998-04-27,00:00:00,0.6499,0.6505,0.6455,0.6476,78,0.6481,BEARISH_DAILY_LOW_BREAKOUT,1,-0.6331068560840014,0.2933909820877105,-0.9882643607164858
1998-04-28,00:00:00,0.6472,0.6477,0.6428,0.6435,62,0.6455,BEARISH_DAILY_LOW_BREAKOUT,1,0.9168609168609194,0.8236208236208366,-0.9479409479409472
1998-05-04,00:00:00,0.6479,0.649,0.64,0.6419,121,0.6472,BEARISH_DAILY_LOW_BREAKOUT,1,-0.1090512540894273,-0.9970400373890126,-1.2307212961520513
1998-05-06,00:00:00,0.6407,0.6428,0.6359,0.6374,106,0.6391,BEARISH_DAILY_LOW_BREAKOUT,1,-0.29808597427047584,-0.14119861939127892,-1.16096642610605
1998-05-07,00:00:00,0.637,0.6388,0.6337,0.6355,88,0.6359,BEARISH_DAILY_LOW_BREAKOUT,1,-0.03147128245475657,-0.23603461841069173,-1.2431156569630069
1998-05-26,00:00:00,0.6269,0.6274,0.62,0.6206,86,0.6245,BEARISH_DAILY_LOW_BREAKOUT,1,0.0644537544311885,0.4189494038027612,-1.6596841766033008
1998-06-01,00:00:00,0.6233,0.6246,0.6138,0.6151,135,0.6204,BEARISH_DAILY_LOW_BREAKOUT,1,0.4714680539749656,-0.9266785888473301,-3.6904568362867733
1998-06-03,00:00:00,0.6175,0.6185,0.608,0.6103,139,0.611,BEARISH_DAILY_LOW_BREAKOUT,1,-0.14746845813532705,-0.6062592167786213,-3.9488776011797317
1998-06-05,00:00:00,0.6092,0.6109,0.5995,0.6027,164,0.606,BEARISH_DAILY_LOW_BREAKOUT,1,0.647088103534099,-2.5551684088269404,-2.8704164592666306
1998-06-09,00:00:00,0.598,0.6016,0.591,0.5924,157,0.5955,BEARISH_DAILY_LOW_BREAKOUT,1,-0.8609047940580677,-0.590817015530057,3.7305874409182995
1998-06-10,00:00:00,0.592,0.5925,0.581,0.5873,184,0.591,BEARISH_DAILY_LOW_BREAKOUT,1,-0.1872978035075753,-0.32351438787672615,3.5246041205516665
1998-06-24,00:00:00,0.6061,0.6147,0.6015,0.6026,230,0.6062,BEARISH_DAILY_LOW_BREAKOUT,1,0.8131430467972146,0.8131430467972146,2.0577497510786533
1998-07-02,00:00:00,0.6211,0.6219,0.611,0.615,158,0.6165,BEARISH_DAILY_LOW_BREAKOUT,1,0.5691056910569201,1.1056910569105738,0.24390243902439948
1998-07-09,00:00:00,0.6166,0.6173,0.6113,0.6125,80,0.6145,BEARISH_DAILY_LOW_BREAKOUT,1,0.6530612244897964,1.7142857142857066,2.12244897959182
1998-07-22,00:00:00,0.6255,0.6274,0.6198,0.6223,121,0.6255,BEARISH_DAILY_LOW_BREAKOUT,1,-0.369596657560657,-2.313996464727618,-1.9443998071669613
1998-07-27,00:00:00,0.616,0.6165,0.6072,0.6079,106,0.616,BEARISH_DAILY_LOW_BREAKOUT,1,1.0692548116466443,0.3783517025826565,-0.26320118440533735
1998-07-31,00:00:00,0.6099,0.612,0.6053,0.6065,101,0.6085,BEARISH_DAILY_LOW_BREAKOUT,1,-0.7419620774938267,0.4122011541632229,-1.4839241549876352
1998-08-03,00:00:00,0.6065,0.6091,0.6012,0.602,114,0.6053,BEARISH_DAILY_LOW_BREAKOUT,1,0.7142857142857094,0.4983388704318942,-1.2956810631229285
1998-08-07,00:00:00,0.6038,0.606,0.5985,0.6002,115,0.603,BEARISH_DAILY_LOW_BREAKOUT,1,-0.4498500499833264,-0.9163612129290153,-1.7494168610463106
1998-08-10,00:00:00,0.6,0.6018,0.5955,0.5975,102,0.5985,BEARISH_DAILY_LOW_BREAKOUT,1,-0.5523012552301391,-0.13389121338912516,-0.10041841004184851
1998-08-11,00:00:00,0.5965,0.5985,0.5915,0.5942,118,0.5955,BEARISH_DAILY_LOW_BREAKOUT,1,0.08414675193538472,-0.06731740154829283,-0.824638168966662
1998-08-17,00:00:00,0.593,0.594,0.5888,0.5897,72,0.5928,BEARISH_DAILY_LOW_BREAKOUT,1,1.2209598100729158,-0.30523995251823366,-2.0349330167881994
1998-08-20,00:00:00,0.5891,0.594,0.5855,0.5879,159,0.5885,BEARISH_DAILY_LOW_BREAKOUT,1,-0.7484266031637965,-1.7349889436979058,-3.555026365028071
1998-08-21,00:00:00,0.5868,0.5898,0.58,0.5835,164,0.5855,BEARISH_DAILY_LOW_BREAKOUT,1,-0.4284490145672764,-2.9991431019708776,-2.9820051413881696
1998-08-25,00:00:00,0.5802,0.5811,0.5745,0.5777,108,0.5783,BEARISH_DAILY_LOW_BREAKOUT,1,-2.0252726328544304,-1.8521724078241375,1.1770815302059943
1998-08-26,00:00:00,0.5775,0.5782,0.562,0.566,210,0.5745,BEARISH_DAILY_LOW_BREAKOUT,1,-1.6431095406360383,0.01766784452298587,3.5865724381625617
1998-08-27,00:00:00,0.5661,0.5672,0.549,0.5567,271,0.562,BEARISH_DAILY_LOW_BREAKOUT,1,1.8501886114603874,4.095563139931748,5.802047781569965
1998-09-09,00:00:00,0.5905,0.593,0.581,0.5874,210,0.5875,BEARISH_DAILY_LOW_BREAKOUT,1,1.6683690840994074,1.3278855975485049,1.0044262853251644
1998-09-16,00:00:00,0.5938,0.5977,0.5887,0.5915,158,0.5925,BEARISH_DAILY_LOW_BREAKOUT,1,0.3043110735418468,-1.3017751479290007,-1.2848689771766781
1998-09-21,00:00:00,0.5862,0.5882,0.5823,0.5838,95,0.5865,BEARISH_DAILY_LOW_BREAKOUT,1,-0.6680369989722532,0.017129153819799417,2.2267899965741713
1998-09-22,00:00:00,0.5833,0.5868,0.579,0.5799,123,0.5823,BEARISH_DAILY_LOW_BREAKOUT,1,0.2759096395930412,1.0863942058975828,2.396964993964481
1998-10-05,00:00:00,0.5966,0.6015,0.5865,0.5877,212,0.5905,BEARISH_DAILY_LOW_BREAKOUT,1,0.3913561340820093,5.104645227156717,6.431852986217448
1998-10-23,00:00:00,0.6261,0.6273,0.6165,0.6188,144,0.621,BEARISH_DAILY_LOW_BREAKOUT,1,-0.4524886877828094,-0.16160310277957352,0.7433742727860274
1998-10-26,00:00:00,0.6189,0.6205,0.615,0.616,82,0.6165,BEARISH_DAILY_LOW_BREAKOUT,1,0.38961038961038275,1.1363636363636374,2.2077922077922167
1998-11-10,00:00:00,0.6344,0.6361,0.6217,0.628,225,0.6318,BEARISH_DAILY_LOW_BREAKOUT,1,0.7165605095541319,1.4171974522293023,2.579617834394903
1998-11-17,00:00:00,0.635,0.6378,0.6299,0.6333,142,0.6336,BEARISH_DAILY_LOW_BREAKOUT,1,1.721143218064112,1.5000789515237745,1.0263698089373223
1998-11-23,00:00:00,0.6403,0.643,0.6355,0.6378,126,0.641,BEARISH_DAILY_LOW_BREAKOUT,1,0.846660395108178,-0.31357792411414265,-0.6428347444339906
1998-11-26,00:00:00,0.6393,0.64,0.6346,0.6358,74,0.6385,BEARISH_DAILY_LOW_BREAKOUT,1,-0.34602076124567155,-0.3302925448254153,-2.925448254167987
1998-11-27,00:00:00,0.6355,0.638,0.6323,0.6336,96,0.6346,BEARISH_DAILY_LOW_BREAKOUT,1,-0.7891414141414147,-0.741792929292935,-2.083333333333349
1998-11-30,00:00:00,0.6336,0.636,0.626,0.6286,151,0.6323,BEARISH_DAILY_LOW_BREAKOUT,1,0.8113267578746409,-0.493159401845387,-2.2271714922049015
1998-12-03,00:00:00,0.6285,0.6295,0.6228,0.6255,105,0.6262,BEARISH_DAILY_LOW_BREAKOUT,1,-1.3269384492406036,-1.7426059152677715,-0.7194244604316464
1998-12-04,00:00:00,0.6252,0.627,0.6155,0.6172,151,0.6228,BEARISH_DAILY_LOW_BREAKOUT,1,0.5184705119896275,0.016202203499674172,0.3402462734931936
1998-12-08,00:00:00,0.6196,0.622,0.6135,0.6146,121,0.6148,BEARISH_DAILY_LOW_BREAKOUT,1,0.43931012040350226,1.0413276928083244,0.3904978848031171
1999-01-04,08:00:00,0.6165,0.6185,0.616,0.617,252,0.618,BEARISH_DAILY_LOW_BREAKOUT,1,0.09724473257699269,0.7293354943274002,1.2965964343598066
1999-01-06,04:00:00,0.6228,0.6228,0.6193,0.6203,154,0.621,BEARISH_DAILY_LOW_BREAKOUT,1,0.43527325487667834,1.3541834596163267,1.3864259229405211
1999-01-13,00:00:00,0.6375,0.6376,0.6333,0.6343,186,0.6357,BEARISH_DAILY_LOW_BREAKOUT,1,0.04729623206685764,-0.4099006779126495,-0.4414314992905604
1999-01-21,04:00:00,0.6394,0.6399,0.6375,0.6378,201,0.6379,BEARISH_DAILY_LOW_BREAKOUT,1,0.03135779241141078,0.31357792411414265,0.18814675446848209
1999-01-22,16:00:00,0.6357,0.6357,0.6325,0.635,769,0.6357,BEARISH_DAILY_LOW_BREAKOUT,1,-0.3622047244094439,-0.4409448818897677,-0.5984251968503977
1999-01-25,08:00:00,0.632,0.6325,0.6303,0.6307,315,0.6316,BEARISH_DAILY_LOW_BREAKOUT,1,0.31710797526557816,0.0634215950531086,0.3646741715554096
1999-01-26,12:00:00,0.6329,0.6331,0.6287,0.6295,723,0.6297,BEARISH_DAILY_LOW_BREAKOUT,1,0.15885623510722813,0.15885623510722813,-0.015885623510721047
1999-01-27,08:00:00,0.6304,0.6326,0.6272,0.6277,670,0.6283,BEARISH_DAILY_LOW_BREAKOUT,1,0.27083001433804743,0.063724709256007,-0.14338059582603344
1999-01-28,12:00:00,0.6267,0.6276,0.6232,0.6242,796,0.6265,BEARISH_DAILY_LOW_BREAKOUT,1,0.272348606215962,0.41653316244794086,0.9131688561358601
1999-02-09,00:00:00,0.6495,0.6507,0.6476,0.6482,197,0.65,BEARISH_DAILY_LOW_BREAKOUT,1,-0.07713668620795201,-0.3239740820734327,-0.43196544276458265
1999-02-10,08:00:00,0.645,0.6451,0.643,0.6447,569,0.645,BEARISH_DAILY_LOW_BREAKOUT,1,0.1706219947262277,0.31022180859314435,0.31022180859314435
1999-02-12,08:00:00,0.6456,0.6464,0.6417,0.6425,519,0.6445,BEARISH_DAILY_LOW_BREAKOUT,1,0.20233463035020685,0.6536964980544892,1.027237354085611
1999-02-16,00:00:00,0.6475,0.648,0.6417,0.6427,88,0.6452,BEARISH_DAILY_LOW_BREAKOUT,1,-0.04667807686324536,-0.43566205072351394,-1.073595767854367
1999-02-17,12:00:00,0.635,0.6357,0.6312,0.6337,751,0.6347,BEARISH_DAILY_LOW_BREAKOUT,1,-0.04734101309769259,0.2524854031876179,0.1262427015938002
1999-02-24,08:00:00,0.6386,0.6386,0.634,0.6356,586,0.6364,BEARISH_DAILY_LOW_BREAKOUT,1,-0.6450597860289653,-0.519194461925752,-1.0541220893643863
1999-02-25,04:00:00,0.6305,0.6305,0.6272,0.6287,315,0.6297,BEARISH_DAILY_LOW_BREAKOUT,1,0.031811674884679175,-0.23858756163512912,-0.9543502465404811
1999-02-26,00:00:00,0.6258,0.6267,0.6207,0.6229,222,0.6235,BEARISH_DAILY_LOW_BREAKOUT,1,-0.03210788248514657,-0.7384812971584602,-0.7224273559158869
1999-03-04,04:00:00,0.6216,0.6232,0.62,0.6204,227,0.6211,BEARISH_DAILY_LOW_BREAKOUT,1,0.01611863313992586,0.5963894261766661,1.1444229529335905
1999-03-15,08:00:00,0.6334,0.6344,0.6317,0.6327,477,0.6329,BEARISH_DAILY_LOW_BREAKOUT,1,-0.04741583688953342,-0.5847953216374326,-0.9325114588272507
1999-03-16,00:00:00,0.6287,0.6295,0.6277,0.6282,148,0.6286,BEARISH_DAILY_LOW_BREAKOUT,1,-0.23877745940782327,-0.14326647564470105,-0.4138809296402317
1999-03-25,00:00:00,0.6375,0.6377,0.6362,0.6363,119,0.6372,BEARISH_DAILY_LOW_BREAKOUT,1,0.03143171460002797,0.0471475719000594,0.2200220022002307
1999-03-26,16:00:00,0.6359,0.636,0.6332,0.6347,558,0.6352,BEARISH_DAILY_LOW_BREAKOUT,1,0.07877737513785173,-0.1890657003308791,-0.33086497557901223
1999-03-29,12:00:00,0.6344,0.6344,0.6314,0.6325,484,0.6332,BEARISH_DAILY_LOW_BREAKOUT,1,0.01581027667985771,-0.07905138339920079,-0.44268774703555946
1999-03-30,04:00:00,0.6319,0.6324,0.6287,0.6287,220,0.6311,BEARISH_DAILY_LOW_BREAKOUT,1,0.04771751232701876,-0.047717512327036415,0.015905837442339588
1999-04-05,16:00:00,0.6346,0.6346,0.6311,0.6314,149,0.6323,BEARISH_DAILY_LOW_BREAKOUT,1,-0.015837820715867753,-0.047513462147603255,-0.2692429521697694
1999-04-06,00:00:00,0.6312,0.6315,0.6296,0.6302,123,0.6305,BEARISH_DAILY_LOW_BREAKOUT,1,0.14281180577594604,-0.25388765471277924,-0.12694382735639842
1999-04-08,00:00:00,0.6276,0.6279,0.625,0.6256,110,0.6267,BEARISH_DAILY_LOW_BREAKOUT,1,-0.1438618925831221,-0.07992327365729794,0.17583120204603417
1999-04-22,04:00:00,0.6455,0.6463,0.6452,0.6455,160,0.6456,BEARISH_DAILY_LOW_BREAKOUT,1,0.35631293570876527,0.9295120061967475,1.0224632068164292
1999-04-26,12:00:00,0.6522,0.6529,0.6472,0.6482,554,0.6507,BEARISH_DAILY_LOW_BREAKOUT,1,0.10799136069114994,0.16970070965751155,-0.10799136069114994
1999-04-27,08:00:00,0.6487,0.6495,0.6462,0.6471,617,0.6472,BEARISH_DAILY_LOW_BREAKOUT,1,0.06181424818419966,0.3399783650131324,1.0508422191315143
1999-05-04,20:00:00,0.6626,0.6627,0.6593,0.6593,141,0.66,BEARISH_DAILY_LOW_BREAKOUT,1,0.13650841801911298,-0.03033520400424359,0.7583801001061738
1999-05-05,04:00:00,0.6605,0.6607,0.6576,0.6587,306,0.6592,BEARISH_DAILY_LOW_BREAKOUT,1,0.06072567177775421,0.5009867921664006,1.9128586609989457
1999-05-13,04:00:00,0.6663,0.6665,0.6634,0.6647,361,0.666,BEARISH_DAILY_LOW_BREAKOUT,1,0.34602076124568676,0.40619828494058013,0.8424853317286068
1999-05-17,00:00:00,0.6624,0.6637,0.6619,0.6636,157,0.664,BEARISH_DAILY_LOW_BREAKOUT,1,-0.15069318866787235,0.10548523206751566,0.3013863773357447
1999-05-19,04:00:00,0.6651,0.6658,0.6625,0.6626,243,0.6637,BEARISH_DAILY_LOW_BREAKOUT,1,0.12073649260489329,0.03018412315121913,-0.3169332930878344
1999-05-21,20:00:00,0.6594,0.6594,0.6572,0.6575,68,0.6586,BEARISH_DAILY_LOW_BREAKOUT,1,-0.13688212927756835,-0.19771863117870234,0.18250950570341884
1999-05-24,00:00:00,0.6576,0.6583,0.6557,0.6566,143,0.6572,BEARISH_DAILY_LOW_BREAKOUT,1,0.1522997258604936,0.13706975327444593,0.27413950654889185
1999-05-25,20:00:00,0.6565,0.6567,0.6483,0.6489,262,0.6557,BEARISH_DAILY_LOW_BREAKOUT,1,0.18492834026814284,0.04623208506703143,-0.15410695022345522
1999-05-26,04:00:00,0.6501,0.6505,0.6463,0.6482,362,0.6483,BEARISH_DAILY_LOW_BREAKOUT,1,0.15427337241592115,0.09256402344955954,0.47824745448935385
1999-06-01,04:00:00,0.6487,0.6497,0.6454,0.6461,428,0.6478,BEARISH_DAILY_LOW_BREAKOUT,1,-0.04643244079863287,-0.41789196718774735,-0.35598204612288636
1999-06-15,08:00:00,0.6614,0.6615,0.6582,0.6598,771,0.661,BEARISH_DAILY_LOW_BREAKOUT,1,-0.06062443164596347,-0.2728099424067935,-0.21218551076084688
1999-06-16,16:00:00,0.6577,0.6582,0.6555,0.657,501,0.6571,BEARISH_DAILY_LOW_BREAKOUT,1,-0.09132420091324885,0.2587519025875074,0.1369863013698648
1999-06-18,04:00:00,0.6564,0.6564,0.6522,0.6527,216,0.6559,BEARISH_DAILY_LOW_BREAKOUT,1,-0.15320974413972743,0.0,-0.015320974413971043
1999-06-21,16:00:00,0.6541,0.6545,0.6487,0.6487,674,0.6502,BEARISH_DAILY_LOW_BREAKOUT,1,0.16956990904886537,0.27747803298904156,0.924926776630167
1999-06-28,12:00:00,0.6605,0.6615,0.6565,0.6575,1189,0.6577,BEARISH_DAILY_LOW_BREAKOUT,1,0.16730038022813534,-0.15209125475285185,-0.030418250950566994
1999-06-29,08:00:00,0.6579,0.6585,0.6542,0.6557,514,0.6561,BEARISH_DAILY_LOW_BREAKOUT,1,0.2440140308067784,0.0762543846271246,0.7015403385694752
1999-07-05,00:00:00,0.668,0.6685,0.6652,0.6652,109,0.6655,BEARISH_DAILY_LOW_BREAKOUT,1,0.06013229104028201,0.15033072760072172,0.5562236921226754
1999-07-06,20:00:00,0.6659,0.6665,0.6607,0.6612,287,0.6646,BEARISH_DAILY_LOW_BREAKOUT,1,0.16636418632788716,0.2571082879612878,0.907441016333939
1999-07-12,08:00:00,0.663,0.6644,0.6615,0.6625,203,0.6628,BEARISH_DAILY_LOW_BREAKOUT,1,-0.1358490566037754,-0.19622641509433478,0.12075471698113553
1999-07-13,16:00:00,0.6619,0.6625,0.6572,0.6584,1208,0.6607,BEARISH_DAILY_LOW_BREAKOUT,1,0.04556500607532913,0.18226002430133337,-0.06075334143377216
1999-07-19,08:00:00,0.6593,0.66,0.6577,0.6585,759,0.6587,BEARISH_DAILY_LOW_BREAKOUT,1,-1.0630220197418385,-1.3059984813971057,-1.1237661351556512
1999-07-20,16:00:00,0.6509,0.652,0.6469,0.6485,896,0.6491,BEARISH_DAILY_LOW_BREAKOUT,1,-0.43176561295295507,-0.061680801850417265,-0.5705474171164111
1999-07-27,08:00:00,0.6465,0.647,0.6432,0.644,846,0.6461,BEARISH_DAILY_LOW_BREAKOUT,1,-0.015527950310557297,0.15527950310559022,0.015527950310557297
1999-08-02,00:00:00,0.6507,0.6507,0.6485,0.6492,65,0.6493,BEARISH_DAILY_LOW_BREAKOUT,1,0.015403573629080252,-0.06161429451632101,0.35428219346887996
1999-08-06,12:00:00,0.6544,0.6547,0.6517,0.6526,805,0.6537,BEARISH_DAILY_LOW_BREAKOUT,1,0.015323322096228775,-0.3064664419246096,-0.42905301869443974
1999-08-09,00:00:00,0.651,0.6511,0.6499,0.6506,35,0.6517,BEARISH_DAILY_LOW_BREAKOUT,1,0.13833384568091175,-0.12296341838301751,0.3842606824469809
1999-08-11,08:00:00,0.6514,0.6514,0.6464,0.6479,581,0.6496,BEARISH_DAILY_LOW_BREAKOUT,1,-0.015434480629725108,0.35499305448371177,0.5247723414107051
1999-08-17,04:00:00,0.6501,0.6503,0.6481,0.6484,95,0.6487,BEARISH_DAILY_LOW_BREAKOUT,1,-0.030845157310298885,0.12338062924121267,0.23133867982727588
1999-08-18,08:00:00,0.6497,0.6497,0.6427,0.6438,832,0.6463,BEARISH_DAILY_LOW_BREAKOUT,1,0.015532774153462098,0.6989748369058633,-1.1960236098167194
1999-08-19,04:00:00,0.6453,0.646,0.636,0.6374,370,0.642,BEARISH_DAILY_LOW_BREAKOUT,1,-0.20395356134295073,-0.06275494195167178,0.125509883903361
1999-08-25,12:00:00,0.6332,0.634,0.6301,0.6319,850,0.6331,BEARISH_DAILY_LOW_BREAKOUT,1,0.1740781769267273,0.0474758664345572,0.11077702168065104
1999-08-26,20:00:00,0.6307,0.6314,0.6297,0.63,178,0.6301,BEARISH_DAILY_LOW_BREAKOUT,1,0.2539682539682613,0.4920634920634907,0.2539682539682613
1999-09-02,00:00:00,0.6385,0.6387,0.6362,0.6366,152,0.6367,BEARISH_DAILY_LOW_BREAKOUT,1,0.5026704366949388,1.0838831291234536,1.1938422871504775
1999-09-07,08:00:00,0.6458,0.6467,0.6425,0.6431,710,0.6432,BEARISH_DAILY_LOW_BREAKOUT,1,0.3265433058622284,1.0107292800497512,0.9796299175866852
1999-09-15,08:00:00,0.6518,0.6522,0.65,0.6512,644,0.6515,BEARISH_DAILY_LOW_BREAKOUT,1,-0.27641277641278006,-0.3071253071253074,-0.6449631449631421
1999-09-16,08:00:00,0.6489,0.6495,0.6456,0.647,723,0.6477,BEARISH_DAILY_LOW_BREAKOUT,1,0.046367851622869695,0.030911901081913135,0.401854714064905
1999-09-20,00:00:00,0.6467,0.6477,0.6434,0.6434,158,0.6463,BEARISH_DAILY_LOW_BREAKOUT,1,0.04662729250856046,0.015542430836181068,-0.2642213242150954
1999-09-28,00:00:00,0.6522,0.653,0.6495,0.6497,232,0.6505,BEARISH_DAILY_LOW_BREAKOUT,1,0.2770509465907207,0.6926273664768274,1.1851623826381297
1999-10-06,04:00:00,0.6623,0.6624,0.6604,0.6604,258,0.661,BEARISH_DAILY_LOW_BREAKOUT,1,0.030284675953963957,0.24227740763174527,0.1514233797698366
1999-10-07,20:00:00,0.6607,0.6611,0.658,0.6589,230,0.659,BEARISH_DAILY_LOW_BREAKOUT,1,0.015176809834571101,-0.2883593868568846,-0.6677796327212127
1999-10-08,04:00:00,0.6591,0.6595,0.6572,0.6575,138,0.658,BEARISH_DAILY_LOW_BREAKOUT,1,-0.07604562737641749,-0.44106463878327207,-0.48669201520912253
1999-10-12,04:00:00,0.6552,0.6554,0.6516,0.6518,293,0.652,BEARISH_DAILY_LOW_BREAKOUT,1,0.2301319423135848,0.5523166615526137,0.5523166615526137
1999-10-13,16:00:00,0.6577,0.658,0.646,0.6468,1181,0.6504,BEARISH_DAILY_LOW_BREAKOUT,1,0.13914656771799813,0.6648113790970888,0.6029684601113022
1999-10-15,16:00:00,0.6477,0.6495,0.6452,0.6465,814,0.6467,BEARISH_DAILY_LOW_BREAKOUT,1,0.13921113689095313,-0.20108275328692468,-0.35576179427687066
1999-10-18,08:00:00,0.6446,0.6453,0.6432,0.6436,709,0.6452,BEARISH_DAILY_LOW_BREAKOUT,1,-0.13983840894964278,0.03107520198882676,0.2641392169049153
1999-10-27,00:00:00,0.6506,0.651,0.6487,0.6493,295,0.6498,BEARISH_DAILY_LOW_BREAKOUT,1,-0.26182042199292077,-0.4928384413984261,-0.7238564608039485
1999-10-29,12:00:00,0.645,0.6454,0.6382,0.6393,925,0.6422,BEARISH_DAILY_LOW_BREAKOUT,1,-0.12513686844987063,-0.48490536524323347,-0.12513686844987063
1999-11-04,12:00:00,0.6394,0.6404,0.6357,0.6365,901,0.6382,BEARISH_DAILY_LOW_BREAKOUT,1,0.37706205813041144,-0.09426551453258979,-0.12568735271011972
1999-11-16,08:00:00,0.6447,0.6455,0.6427,0.6433,463,0.6436,BEARISH_DAILY_LOW_BREAKOUT,1,-0.07772423441628244,-0.015544846883256486,-0.12435877506606915
1999-11-17,16:00:00,0.6424,0.643,0.639,0.6394,754,0.6407,BEARISH_DAILY_LOW_BREAKOUT,1,-0.01563966218329512,0.09383797309978807,0.0
1999-11-18,20:00:00,0.6398,0.6406,0.6375,0.6386,328,0.6387,BEARISH_DAILY_LOW_BREAKOUT,1,0.1409332915753229,0.015659254619495775,0.15659254619480129
1999-11-23,00:00:00,0.6372,0.6375,0.6354,0.6362,304,0.6366,BEARISH_DAILY_LOW_BREAKOUT,1,0.1414649481295209,0.12574662055957608,-0.015718327569944828
1999-11-24,12:00:00,0.6358,0.637,0.6317,0.6323,1041,0.6351,BEARISH_DAILY_LOW_BREAKOUT,1,0.04744583267437577,-0.06326111023247762,0.22141388581370675
1999-12-02,16:00:00,0.6355,0.6361,0.6321,0.6334,1009,0.6345,BEARISH_DAILY_LOW_BREAKOUT,1,-0.06315124723712598,-0.173665929902114,0.15787811809283248
1999-12-03,08:00:00,0.6325,0.634,0.6302,0.631,533,0.6321,BEARISH_DAILY_LOW_BREAKOUT,1,0.09508716323297067,0.19017432646592375,0.09508716323297067
1999-12-10,04:00:00,0.6364,0.637,0.6353,0.6353,192,0.6367,BEARISH_DAILY_LOW_BREAKOUT,1,-0.1101841649614234,0.18888713993388617,0.03148118998897812
1999-12-13,16:00:00,0.6357,0.6362,0.6324,0.6332,656,0.6337,BEARISH_DAILY_LOW_BREAKOUT,1,0.20530638029058243,0.41061276058118235,0.3316487681617168
1999-12-20,04:00:00,0.6424,0.6425,0.6413,0.6413,152,0.6416,BEARISH_DAILY_LOW_BREAKOUT,1,0.04677997816933837,-0.015593326056446123,0.26508654295961875
2000-01-04,20:00:00,0.6557,0.6576,0.6547,0.6549,319,0.6557,BEARISH_DAILY_LOW_BREAKOUT,1,0.24431210871887843,0.4275461902580414,0.6260497785921503
2000-01-17,08:00:00,0.6655,0.6655,0.6632,0.6637,468,0.6647,BEARISH_DAILY_LOW_BREAKOUT,1,0.09040229019135829,0.22600572547838735,-0.07533524182611798
2000-01-24,00:00:00,0.659,0.6593,0.6581,0.6583,77,0.6614,BEARISH_DAILY_LOW_BREAKOUT,1,-0.2886222087194308,-0.4405286343612356,-0.4861005620537719
2000-01-26,16:00:00,0.6555,0.656,0.6497,0.6504,828,0.6533,BEARISH_DAILY_LOW_BREAKOUT,1,0.19987699876998277,0.27675276752767897,0.7072570725707332
2000-01-28,04:00:00,0.6539,0.6545,0.6507,0.651,385,0.6511,BEARISH_DAILY_LOW_BREAKOUT,1,-0.307219662058372,-3.563748079877112,-2.0122887864823347
2000-02-01,16:00:00,0.6362,0.6372,0.6314,0.6315,734,0.6332,BEARISH_DAILY_LOW_BREAKOUT,1,0.07917656373714267,1.2826603325415673,0.7125890736342138
2000-02-03,08:00:00,0.6351,0.6355,0.6304,0.6311,828,0.6316,BEARISH_DAILY_LOW_BREAKOUT,1,0.3802883853588905,0.9348756140072915,0.2059895420693975
2000-02-08,20:00:00,0.6351,0.6351,0.6319,0.6319,428,0.6326,BEARISH_DAILY_LOW_BREAKOUT,1,0.23737933217280355,0.2690299097958593,0.5697103972147392
2000-02-15,04:00:00,0.6267,0.628,0.626,0.6263,424,0.6265,BEARISH_DAILY_LOW_BREAKOUT,1,0.14370110170844833,0.654638352227366,0.958007344722977
2000-02-21,04:00:00,0.6283,0.629,0.6269,0.6276,300,0.6282,BEARISH_DAILY_LOW_BREAKOUT,1,0.015933715742509395,-0.17527087316763876,-0.22307202039516696
2000-02-22,00:00:00,0.6269,0.6275,0.6251,0.6261,351,0.6262,BEARISH_DAILY_LOW_BREAKOUT,1,0.015971889474523077,0.2236064526433408,-0.6548474684555171
2000-02-23,00:00:00,0.6238,0.6247,0.6207,0.622,324,0.6236,BEARISH_DAILY_LOW_BREAKOUT,1,-0.12861736334405513,-0.09646302250804581,-0.11254019292605047
2000-02-24,12:00:00,0.6201,0.6207,0.6157,0.6166,1161,0.619,BEARISH_DAILY_LOW_BREAKOUT,1,-0.2757054816737001,0.06487187804086214,0.5676289328575977
2000-02-28,04:00:00,0.6153,0.6155,0.6124,0.6136,279,0.6142,BEARISH_DAILY_LOW_BREAKOUT,1,-0.08148631029987874,-0.3422425032594509,0.30964797913950665
2000-03-01,04:00:00,0.6136,0.6139,0.6062,0.6072,710,0.6127,BEARISH_DAILY_LOW_BREAKOUT,1,-0.32938076416337314,-0.08234519104083415,0.0
2000-03-06,04:00:00,0.6085,0.6088,0.6042,0.6047,364,0.6051,BEARISH_DAILY_LOW_BREAKOUT,1,-0.11575988093269951,-0.5126509012733573,-0.5291880271208832
2000-03-13,00:00:00,0.6126,0.6133,0.612,0.6123,186,0.6124,BEARISH_DAILY_LOW_BREAKOUT,1,0.0,0.3103054058468092,0.4736240405030237
2000-03-16,16:00:00,0.6135,0.6143,0.6082,0.6109,858,0.6117,BEARISH_DAILY_LOW_BREAKOUT,1,0.03273858241937763,-0.016369291209688816,-0.6384023571779366
2000-03-17,16:00:00,0.6091,0.6099,0.6051,0.607,844,0.6082,BEARISH_DAILY_LOW_BREAKOUT,1,0.0,-0.19769357495881038,0.04942339373969802
2000-03-22,16:00:00,0.607,0.6085,0.6045,0.6059,823,0.6065,BEARISH_DAILY_LOW_BREAKOUT,1,-0.19805248390823219,-0.31358309952137525,-0.2640699785443218
2000-03-23,00:00:00,0.6045,0.6051,0.6025,0.6037,468,0.6041,BEARISH_DAILY_LOW_BREAKOUT,1,0.04969355640218104,0.06625807520290805,0.29816133841312303
2000-03-29,12:00:00,0.612,0.6129,0.6072,0.6088,1138,0.6106,BEARISH_DAILY_LOW_BREAKOUT,1,0.3942181340341586,0.47634691195795226,0.5584756898817277
2000-03-31,04:00:00,0.6129,0.6132,0.6052,0.6058,584,0.6087,BEARISH_DAILY_LOW_BREAKOUT,1,-0.2145922746781063,0.1155496863651426,0.19808517662594566
2000-04-04,04:00:00,0.6062,0.6067,0.6026,0.6032,246,0.6057,BEARISH_DAILY_LOW_BREAKOUT,1,-0.21551724137930506,0.4310344827586285,0.3647214854111556
2000-04-07,08:00:00,0.5993,0.6003,0.5967,0.598,838,0.599,BEARISH_DAILY_LOW_BREAKOUT,1,-0.01672240802675401,-0.16722408026755867,-0.01672240802675401
2000-04-10,20:00:00,0.5984,0.5985,0.5937,0.5942,305,0.596,BEARISH_DAILY_LOW_BREAKOUT,1,0.21878155503198904,0.26926960619320867,0.28609895658028184
2000-04-17,12:00:00,0.5982,0.5982,0.5896,0.5908,1380,0.5957,BEARISH_DAILY_LOW_BREAKOUT,1,0.2708192281652075,0.4062288422477924,0.8124576844956037
2000-04-26,00:00:00,0.5931,0.5939,0.5894,0.5909,440,0.5924,BEARISH_DAILY_LOW_BREAKOUT,1,-0.44000676933490196,-0.4061600947706816,-0.49077678118125123
2000-04-28,12:00:00,0.5871,0.588,0.583,0.5838,1541,0.587,BEARISH_DAILY_LOW_BREAKOUT,1,0.15416238437821378,-0.5481329222336384,-0.5995203836930366
2000-05-01,00:00:00,0.5839,0.5839,0.5797,0.5806,126,0.5822,BEARISH_DAILY_LOW_BREAKOUT,1,0.017223561832585083,-0.05167068549775524,0.3961419221494952
2000-05-08,04:00:00,0.5952,0.596,0.5877,0.5885,586,0.5902,BEARISH_DAILY_LOW_BREAKOUT,1,-0.30586236193713234,-0.7646559048428309,-1.342395921835177
2000-05-09,04:00:00,0.5835,0.5845,0.5799,0.5806,444,0.5808,BEARISH_DAILY_LOW_BREAKOUT,1,0.24112986565621025,0.5167068549776098,0.2066827419910401
2000-05-11,08:00:00,0.5804,0.5808,0.5747,0.5772,1358,0.5805,BEARISH_DAILY_LOW_BREAKOUT,1,0.1905751905751888,0.7276507276507244,0.15592515592513873
2000-05-15,08:00:00,0.5792,0.5793,0.5732,0.5757,1047,0.5772,BEARISH_DAILY_LOW_BREAKOUT,1,-0.33003300330033225,-0.4168837936425148,0.13896126454751137
2000-05-17,04:00:00,0.5753,0.5754,0.5703,0.5707,456,0.5712,BEARISH_DAILY_LOW_BREAKOUT,1,-0.07008936393901453,-0.5256702295426674,-0.07008936393901453
2000-05-24,04:00:00,0.5713,0.5722,0.5692,0.5706,449,0.5711,BEARISH_DAILY_LOW_BREAKOUT,1,0.17525411847178424,0.3154574132492155,0.3505082369435685
2000-05-25,08:00:00,0.5727,0.5735,0.5667,0.5677,1126,0.5692,BEARISH_DAILY_LOW_BREAKOUT,1,0.4932182490752201,0.14091949973577997,0.4579883741412801
2000-06-19,20:00:00,0.6025,0.603,0.6007,0.601,327,0.6015,BEARISH_DAILY_LOW_BREAKOUT,1,0.48252911813644156,0.6821963394342749,0.29950083194675936
2000-06-21,08:00:00,0.6004,0.6005,0.5982,0.5992,849,0.6002,BEARISH_DAILY_LOW_BREAKOUT,1,0.06675567423232093,0.4172229639519456,0.050066755674245324
2000-06-22,16:00:00,0.6001,0.602,0.5941,0.595,1020,0.5982,BEARISH_DAILY_LOW_BREAKOUT,1,0.252100840336144,0.05042016806724,0.1344537815126089
2000-06-26,00:00:00,0.5945,0.596,0.5932,0.5936,347,0.5937,BEARISH_DAILY_LOW_BREAKOUT,1,-0.1347708894878745,0.40431266846360475,1.1792452830188689
2000-06-30,04:00:00,0.6004,0.6008,0.5969,0.5974,517,0.5997,BEARISH_DAILY_LOW_BREAKOUT,1,0.35152326749246576,0.03347840642785035,0.35152326749246576
2000-07-05,04:00:00,0.5978,0.5978,0.5959,0.596,413,0.5967,BEARISH_DAILY_LOW_BREAKOUT,1,-0.01677852348993104,-0.8557046979865762,-0.9060402684563693
2000-07-07,04:00:00,0.5906,0.5908,0.5862,0.5875,536,0.5885,BEARISH_DAILY_LOW_BREAKOUT,1,0.11914893617019964,0.5446808510638265,0.9021276595744633
2000-07-11,12:00:00,0.591,0.5915,0.5886,0.5894,882,0.5905,BEARISH_DAILY_LOW_BREAKOUT,1,-0.2714625042416094,-0.35629453681710055,0.30539531727178704
2000-07-13,16:00:00,0.5897,0.59,0.5825,0.5855,1004,0.5862,BEARISH_DAILY_LOW_BREAKOUT,1,-0.11955593509821245,0.11955593509821245,-0.20495303159692208
2000-07-19,12:00:00,0.5816,0.5822,0.576,0.5782,1035,0.5809,BEARISH_DAILY_LOW_BREAKOUT,1,-0.3459010722933244,-0.0864752680733407,0.017295053614664296
2000-07-25,00:00:00,0.5854,0.5856,0.5832,0.5838,271,0.5841,BEARISH_DAILY_LOW_BREAKOUT,1,0.034258307639598834,0.39397053785542463,0.1884206920178126
2000-07-31,00:00:00,0.5872,0.5874,0.5833,0.5834,320,0.5857,BEARISH_DAILY_LOW_BREAKOUT,1,-0.3256770654782333,-0.8227631127871146,-0.2571134727459816
2000-08-08,20:00:00,0.5845,0.585,0.5823,0.5834,388,0.5842,BEARISH_DAILY_LOW_BREAKOUT,1,0.03428179636612581,-0.3256770654782333,-0.7713404182379259
2000-08-09,08:00:00,0.5837,0.5837,0.5802,0.5815,899,0.5823,BEARISH_DAILY_LOW_BREAKOUT,1,-0.6362854686156555,-0.4471195184866804,-0.4299226139295026
2000-08-21,16:00:00,0.5896,0.5904,0.5881,0.5882,801,0.5888,BEARISH_DAILY_LOW_BREAKOUT,1,-0.06800408024480721,0.11900714042843148,-1.2580754845290654
2000-08-22,12:00:00,0.588,0.5895,0.5846,0.5856,919,0.5877,BEARISH_DAILY_LOW_BREAKOUT,1,-0.8196721311475456,-1.0758196721311428,-2.4077868852459017
2000-08-23,04:00:00,0.5792,0.5795,0.5688,0.5699,771,0.5785,BEARISH_DAILY_LOW_BREAKOUT,1,0.28075100894894645,0.4737673276013398,0.6141428320758131
2000-08-29,16:00:00,0.5724,0.5738,0.5687,0.57,757,0.5707,BEARISH_DAILY_LOW_BREAKOUT,1,-0.035087719298241754,0.22807017543861036,0.5438596491228251
2000-08-30,08:00:00,0.5712,0.5719,0.5682,0.5685,868,0.5687,BEARISH_DAILY_LOW_BREAKOUT,1,0.49252418645558926,1.28408091468777,1.4248021108179414
2000-09-05,04:00:00,0.5746,0.576,0.5732,0.5734,296,0.5746,BEARISH_DAILY_LOW_BREAKOUT,1,0.03487966515521067,-0.5231949773282181,-1.116149284966877
2000-09-06,00:00:00,0.5691,0.5702,0.5664,0.5664,519,0.5682,BEARISH_DAILY_LOW_BREAKOUT,1,0.10593220338981885,-0.17655367231638433,-1.0946327683615789
2000-09-07,00:00:00,0.5638,0.5657,0.5592,0.5602,541,0.5611,BEARISH_DAILY_LOW_BREAKOUT,1,0.606926097822199,-0.8032845412352836,-0.24991074616209705
2000-09-13,00:00:00,0.5575,0.5592,0.5534,0.5534,528,0.5557,BEARISH_DAILY_LOW_BREAKOUT,1,0.21684134441633157,0.1626310083122537,-0.21684134441633157
2000-09-14,00:00:00,0.5542,0.5547,0.5505,0.5522,501,0.5523,BEARISH_DAILY_LOW_BREAKOUT,1,-0.4527345164795468,0.0,-0.5432814197754442
2000-09-15,16:00:00,0.5501,0.5513,0.5445,0.5463,633,0.5482,BEARISH_DAILY_LOW_BREAKOUT,1,-0.34779425224236,-0.5491488193300389,-0.8237232289950686
2000-09-18,00:00:00,0.5454,0.5459,0.5434,0.5437,256,0.5442,BEARISH_DAILY_LOW_BREAKOUT,1,-0.07356998344674563,0.0,-0.2574949420636301
2000-09-20,04:00:00,0.5433,0.5437,0.5392,0.54,593,0.5412,BEARISH_DAILY_LOW_BREAKOUT,1,-0.2962962962963048,-0.4629629629629736,-0.2777777777777883
2000-09-28,20:00:00,0.549,0.5502,0.5439,0.5452,638,0.547,BEARISH_DAILY_LOW_BREAKOUT,1,-0.2934702861335374,-0.3851797505502551,-0.3118121790168809
2000-09-29,00:00:00,0.545,0.5455,0.543,0.5436,633,0.5439,BEARISH_DAILY_LOW_BREAKOUT,1,-0.05518763796908885,-0.6438557763060978,0.0
2000-10-04,00:00:00,0.5401,0.5414,0.5368,0.5377,354,0.5394,BEARISH_DAILY_LOW_BREAKOUT,1,-0.2603682350753128,-0.24177050399850622,-0.2789659661521194
2000-10-06,00:00:00,0.5343,0.5343,0.529,0.5316,568,0.5343,BEARISH_DAILY_LOW_BREAKOUT,1,-0.03762227238524793,0.5267118133935336,0.6207674943566743
2000-10-10,00:00:00,0.5362,0.5375,0.5316,0.5321,561,0.5331,BEARISH_DAILY_LOW_BREAKOUT,1,-0.30069535801541925,0.2631084382634762,0.4698364968990691
2000-10-12,04:00:00,0.5332,0.5332,0.5307,0.5307,306,0.5333,BEARISH_DAILY_LOW_BREAKOUT,1,0.056529112492948556,0.056529112492948556,-0.20727341247408892
2000-10-13,00:00:00,0.5309,0.532,0.5274,0.5286,431,0.5291,BEARISH_DAILY_LOW_BREAKOUT,1,0.1891789632992813,0.6810442678774211,-0.41619371925841464
2000-10-16,00:00:00,0.5283,0.5294,0.5262,0.5264,419,0.5265,BEARISH_DAILY_LOW_BREAKOUT,1,0.20896656534954214,-0.056990881458960294,-0.7028875379939068
2000-10-17,04:00:00,0.5225,0.5236,0.5212,0.5214,310,0.5219,BEARISH_DAILY_LOW_BREAKOUT,1,0.03835826620636325,-0.34522439585731185,-0.2301495972382008
2000-10-25,12:00:00,0.5268,0.5268,0.5167,0.5194,1221,0.5245,BEARISH_DAILY_LOW_BREAKOUT,1,-0.0770119368502033,-0.05775895263765248,-0.03850596842510165
2000-10-31,00:00:00,0.5255,0.5255,0.5182,0.5189,559,0.5222,BEARISH_DAILY_LOW_BREAKOUT,1,-0.558874542301024,-0.9828483330121398,0.09635767970706204
2000-11-09,00:00:00,0.5272,0.5277,0.5251,0.5251,442,0.5259,BEARISH_DAILY_LOW_BREAKOUT,1,-0.3427918491715909,-0.13330794134451227,0.6474957151018774
2000-11-10,20:00:00,0.5224,0.5225,0.5185,0.5187,752,0.5222,BEARISH_DAILY_LOW_BREAKOUT,1,0.34702139965296175,0.44341623288991106,0.34702139965296175
2000-11-20,08:00:00,0.5193,0.5195,0.5146,0.5158,592,0.5182,BEARISH_DAILY_LOW_BREAKOUT,1,-0.4652966265994704,-0.21326095385808255,-0.31019775106631364
2000-11-21,12:00:00,0.5143,0.5145,0.5088,0.5101,995,0.5126,BEARISH_DAILY_LOW_BREAKOUT,1,0.21564399137423834,-0.3724759851009631,1.8427759262889558
2000-11-22,00:00:00,0.5109,0.5112,0.5069,0.5082,677,0.5088,BEARISH_DAILY_LOW_BREAKOUT,1,0.8264462809917319,2.2235340417158556,3.56158992522629
2000-11-24,00:00:00,0.5217,0.5231,0.5183,0.5193,551,0.5195,BEARISH_DAILY_LOW_BREAKOUT,1,0.25033699210475024,0.7702676680146358,0.19256691700365894
2000-11-29,20:00:00,0.5227,0.5237,0.5207,0.521,379,0.5212,BEARISH_DAILY_LOW_BREAKOUT,1,-0.09596928982726602,0.26871401151630653,1.4779270633397175
2000-11-30,00:00:00,0.5209,0.5229,0.5205,0.5205,597,0.5207,BEARISH_DAILY_LOW_BREAKOUT,1,0.34582132564841955,0.749279538904902,1.8828049951969321
2000-12-08,00:00:00,0.5479,0.548,0.5451,0.5457,564,0.5461,BEARISH_DAILY_LOW_BREAKOUT,1,-0.07330034817664577,0.05497526113250467,-0.16492578339747332
2000-12-11,04:00:00,0.5447,0.5454,0.5423,0.5433,510,0.5434,BEARISH_DAILY_LOW_BREAKOUT,1,0.0736241487207723,-0.5705871525860466,-0.7178354500276117
2000-12-13,16:00:00,0.5407,0.543,0.5372,0.5383,1001,0.5391,BEARISH_DAILY_LOW_BREAKOUT,1,0.241501021735086,0.35296303176667526,0.315809028422819
2000-12-18,16:00:00,0.5425,0.5433,0.5402,0.5417,761,0.5419,BEARISH_DAILY_LOW_BREAKOUT,1,0.05538120731033376,0.14768321949418922,0.3507476462986917
2000-12-28,12:00:00,0.5562,0.5575,0.5543,0.5545,542,0.5552,BEARISH_DAILY_LOW_BREAKOUT,1,-0.3967538322813309,-0.07213706041478014,0.14427412082958033
2001-01-03,20:00:00,0.5639,0.5647,0.5548,0.5563,635,0.5564,BEARISH_DAILY_LOW_BREAKOUT,1,-0.035951824555092216,1.3122415962610054,1.6897357540895137
2001-01-09,04:00:00,0.566,0.5675,0.5632,0.5642,831,0.5657,BEARISH_DAILY_LOW_BREAKOUT,1,-0.14179369018079102,-0.19496632399858027,-1.3647642679900813
2001-01-10,04:00:00,0.5616,0.5619,0.5554,0.5565,922,0.5594,BEARISH_DAILY_LOW_BREAKOUT,1,0.14375561545373278,0.14375561545373278,-0.2515723270440174
2001-01-11,00:00:00,0.5565,0.5567,0.5525,0.5539,631,0.5553,BEARISH_DAILY_LOW_BREAKOUT,1,0.2166456038996371,0.8124210146235891,1.2637660227477896
2001-01-15,00:00:00,0.5568,0.5569,0.5533,0.5537,295,0.5544,BEARISH_DAILY_LOW_BREAKOUT,1,-0.27090482210582373,-0.10836192884232146,0.10836192884234153
2001-01-17,16:00:00,0.5557,0.5569,0.5489,0.5512,881,0.5515,BEARISH_DAILY_LOW_BREAKOUT,1,0.3447024673439791,0.5261248185776511,0.8708272859216304
2001-01-22,00:00:00,0.5554,0.556,0.5532,0.5539,329,0.5557,BEARISH_DAILY_LOW_BREAKOUT,1,0.5777216103990056,-0.16248420292469778,0.37912980682435493
2001-01-24,00:00:00,0.5526,0.5532,0.5509,0.5515,666,0.5523,BEARISH_DAILY_LOW_BREAKOUT,1,0.25385312783317443,-0.18132366273798747,-1.5231187669990867
2001-02-05,00:00:00,0.5504,0.552,0.5497,0.5506,319,0.5511,BEARISH_DAILY_LOW_BREAKOUT,1,0.1816200508536144,0.32691609153650997,-0.14529604068289556
2001-02-06,12:00:00,0.5502,0.5503,0.5477,0.5481,759,0.5492,BEARISH_DAILY_LOW_BREAKOUT,1,0.20069330414157815,0.09122422915525359,-0.05473453749317241
2001-02-07,08:00:00,0.5491,0.5497,0.5454,0.5458,832,0.5474,BEARISH_DAILY_LOW_BREAKOUT,1,0.36643459142543094,0.0,-0.5496518871381464
2001-02-08,00:00:00,0.5464,0.5465,0.5431,0.5447,565,0.5448,BEARISH_DAILY_LOW_BREAKOUT,1,-0.2386634844868676,-0.36717459151826726,-1.6706443914081142
2001-02-13,16:00:00,0.5381,0.5387,0.5327,0.5335,960,0.5355,BEARISH_DAILY_LOW_BREAKOUT,1,0.0749765698219432,-0.46860356138705656,-0.7872539831302684
2001-02-14,00:00:00,0.5337,0.5343,0.5307,0.5322,703,0.5327,BEARISH_DAILY_LOW_BREAKOUT,1,-0.22547914317925197,-0.48853814355506325,-0.9958662157083749
2001-02-15,08:00:00,0.5269,0.5281,0.5255,0.5262,737,0.5269,BEARISH_DAILY_LOW_BREAKOUT,1,-0.418091980235648,-0.4561003420752485,0.285062713797025
2001-02-20,08:00:00,0.5303,0.5311,0.5247,0.5257,709,0.527,BEARISH_DAILY_LOW_BREAKOUT,1,-0.3043560966330483,-0.2282670724747915,0.09511128019784211
2001-02-22,12:00:00,0.5257,0.5258,0.5213,0.5219,1080,0.5224,BEARISH_DAILY_LOW_BREAKOUT,1,0.5365012454493245,0.22992910519256154,-0.07664303506420136
2001-03-05,08:00:00,0.5265,0.5268,0.5222,0.5224,708,0.5252,BEARISH_DAILY_LOW_BREAKOUT,1,0.05742725880552795,-0.21056661562021245,-0.2488514548238836
2001-03-06,12:00:00,0.5212,0.5216,0.5171,0.5181,589,0.5204,BEARISH_DAILY_LOW_BREAKOUT,1,0.03860258637328276,-0.6948465547191753,-1.0229685388921002
2001-03-07,00:00:00,0.5187,0.5211,0.5138,0.5145,958,0.5164,BEARISH_DAILY_LOW_BREAKOUT,1,-0.1943634596695823,-0.33041788143827483,-0.8163265306122414
2001-03-08,12:00:00,0.5092,0.5117,0.5064,0.5081,969,0.5084,BEARISH_DAILY_LOW_BREAKOUT,1,0.1771304861247809,0.9840582562487707,0.8069277701239899
2001-03-13,08:00:00,0.5077,0.5079,0.5034,0.5035,1036,0.5071,BEARISH_DAILY_LOW_BREAKOUT,1,-0.03972194637536802,-0.09930486593842006,-0.6355511420059545
2001-03-14,08:00:00,0.503,0.5033,0.4984,0.5003,1189,0.502,BEARISH_DAILY_LOW_BREAKOUT,1,-0.2598440935438673,-0.6196282230661587,-0.979412352588439
2001-03-15,00:00:00,0.4973,0.4978,0.4925,0.4929,1306,0.4937,BEARISH_DAILY_LOW_BREAKOUT,1,0.6289308176100612,0.121728545343881,0.4057618178129442
2001-03-21,12:00:00,0.4983,0.4997,0.4951,0.4955,980,0.4973,BEARISH_DAILY_LOW_BREAKOUT,1,-0.28254288597376637,-0.4439959636730534,-0.5650857719475215
2001-03-22,08:00:00,0.4933,0.4941,0.4893,0.4909,1013,0.4928,BEARISH_DAILY_LOW_BREAKOUT,1,0.36667345691587366,0.5500101853737992,0.8759421470767917
2001-03-26,04:00:00,0.4948,0.4955,0.4888,0.4923,992,0.4925,BEARISH_DAILY_LOW_BREAKOUT,1,-0.040625634775550166,1.4218972171440192,0.9547024172252654
2001-03-28,12:00:00,0.4968,0.4971,0.4921,0.4948,1081,0.4952,BEARISH_DAILY_LOW_BREAKOUT,1,-0.2021018593371061,-0.3839935327405038,-0.4850444624090568
2001-03-30,04:00:00,0.4913,0.4917,0.4891,0.4896,872,0.4902,BEARISH_DAILY_LOW_BREAKOUT,1,-0.36764705882352294,-0.2859477124182918,-0.9395424836601293
2001-04-02,08:00:00,0.4851,0.4862,0.4826,0.4831,900,0.4849,BEARISH_DAILY_LOW_BREAKOUT,1,0.1448975367418824,-0.9107845166632085,0.12419788863590249
2001-04-16,00:00:00,0.5076,0.5087,0.5064,0.5071,177,0.5076,BEARISH_DAILY_LOW_BREAKOUT,1,-0.11831985801617924,-0.1577598106882317,0.2563596923683628
2001-04-17,12:00:00,0.509,0.5094,0.5037,0.5048,1167,0.5056,BEARISH_DAILY_LOW_BREAKOUT,1,-0.25752773375595855,-0.5942947702060226,-1.5253565768621313
2001-04-18,00:00:00,0.5037,0.5051,0.5016,0.5018,659,0.5024,BEARISH_DAILY_LOW_BREAKOUT,1,-0.05978477481069709,-0.936628138700685,0.07971303308089996
2001-04-23,04:00:00,0.5185,0.5199,0.5058,0.5063,900,0.512,BEARISH_DAILY_LOW_BREAKOUT,1,0.0,-0.35552044242544417,0.039502271380600036
2001-04-24,08:00:00,0.5067,0.508,0.5015,0.5027,1053,0.5037,BEARISH_DAILY_LOW_BREAKOUT,1,0.3779590212850632,0.7161328824348392,0.19892580067634788
2001-05-04,00:00:00,0.5177,0.5193,0.5145,0.5175,720,0.5185,BEARISH_DAILY_LOW_BREAKOUT,1,0.03864734299518628,0.7922705314009648,0.3671497584541088
2001-05-08,16:00:00,0.519,0.5204,0.5156,0.5168,694,0.5174,BEARISH_DAILY_LOW_BREAKOUT,1,-0.07739938080496651,0.48374613003094935,1.1416408668730682
2001-05-11,16:00:00,0.5239,0.5241,0.5189,0.5207,843,0.5222,BEARISH_DAILY_LOW_BREAKOUT,1,0.1920491645861342,-0.26886883042060067,-0.4801229114653462
2001-05-14,08:00:00,0.5193,0.5196,0.5171,0.5173,907,0.5189,BEARISH_DAILY_LOW_BREAKOUT,1,-0.1353179972936466,0.4059539918809184,-0.28996713705778965
2001-05-22,08:00:00,0.5267,0.527,0.5248,0.5256,930,0.5264,BEARISH_DAILY_LOW_BREAKOUT,1,-0.399543378995432,-0.513698630136972,-1.5030441400304237
2001-05-23,04:00:00,0.5219,0.5223,0.5207,0.5214,477,0.522,BEARISH_DAILY_LOW_BREAKOUT,1,-0.709627924817784,-0.4027617951668567,-1.7069428461833562
2001-05-24,00:00:00,0.5176,0.5179,0.5132,0.5135,552,0.5157,BEARISH_DAILY_LOW_BREAKOUT,1,-0.1947419668938658,0.6815968841285411,1.0321324245375039
2001-05-29,04:00:00,0.5201,0.5205,0.5181,0.5191,638,0.5193,BEARISH_DAILY_LOW_BREAKOUT,1,-0.23116933153534558,-0.46233866307069116,0.09632055480638507
2001-05-30,12:00:00,0.516,0.5163,0.5113,0.5144,1214,0.5145,BEARISH_DAILY_LOW_BREAKOUT,1,-0.4665629860031022,-0.641524105754271,-1.2052877138413653
2001-05-31,00:00:00,0.5127,0.513,0.5104,0.5111,608,0.5113,BEARISH_DAILY_LOW_BREAKOUT,1,-0.1369594991195527,-0.5674036392095507,-0.9000195656427408
2001-06-19,20:00:00,0.5211,0.5211,0.5191,0.5202,372,0.521,BEARISH_DAILY_LOW_BREAKOUT,1,-0.2306805074971124,-0.3460207612456793,-0.15378700499808207
2001-06-20,00:00:00,0.5203,0.5216,0.5189,0.519,594,0.5191,BEARISH_DAILY_LOW_BREAKOUT,1,0.038535645472057414,-0.11560693641619363,0.11560693641617223
2001-06-22,20:00:00,0.5161,0.517,0.5157,0.5158,271,0.516,BEARISH_DAILY_LOW_BREAKOUT,1,0.29081039162465017,0.329585110507934,0.2714230321830083
2001-06-28,08:00:00,0.5182,0.5186,0.5137,0.5157,1012,0.5166,BEARISH_DAILY_LOW_BREAKOUT,1,-1.0277292999806247,-1.7645918169478372,-1.8227651735505284
2001-07-05,08:00:00,0.5174,0.5183,0.5152,0.5158,840,0.5159,BEARISH_DAILY_LOW_BREAKOUT,1,0.36835982939123935,-0.31019775106631364,-0.7367196587824787
2001-07-06,00:00:00,0.5144,0.515,0.5127,0.5129,384,0.5131,BEARISH_DAILY_LOW_BREAKOUT,1,0.13647884577888925,-1.1893156560733076,-0.9553519204523329
2001-07-11,16:00:00,0.5094,0.5096,0.5053,0.5063,1057,0.5082,BEARISH_DAILY_LOW_BREAKOUT,1,-0.2765158996642222,-0.25676476397392217,-0.49377839225754433
2001-07-12,00:00:00,0.505,0.507,0.501,0.5028,744,0.5049,BEARISH_DAILY_LOW_BREAKOUT,1,0.4375497215592641,0.49721559268097587,0.7557677008751045
2001-07-17,08:00:00,0.5074,0.5079,0.5052,0.5062,854,0.5071,BEARISH_DAILY_LOW_BREAKOUT,1,-0.11853022520741485,0.6519162386408474,0.6321612011062784
2001-07-20,12:00:00,0.5144,0.5148,0.5082,0.5088,1232,0.512,BEARISH_DAILY_LOW_BREAKOUT,1,-0.27515723270441583,-0.23584905660376942,-0.3144654088050404
2001-07-25,12:00:00,0.5085,0.5088,0.5055,0.5066,1060,0.5067,BEARISH_DAILY_LOW_BREAKOUT,1,0.13817607579943206,0.3355704697986427,0.3553099091985615
2001-07-27,12:00:00,0.5067,0.5082,0.5056,0.5059,987,0.5064,BEARISH_DAILY_LOW_BREAKOUT,1,0.05930025696777366,0.31626803716148144,-0.01976675232259122
2001-07-31,00:00:00,0.5064,0.5064,0.5018,0.5026,518,0.5042,BEARISH_DAILY_LOW_BREAKOUT,1,0.27855153203341754,0.9351372861122018,1.1142061281336924
2001-08-03,08:00:00,0.5177,0.5184,0.516,0.5165,693,0.5166,BEARISH_DAILY_LOW_BREAKOUT,1,-0.30977734753144914,0.038722168441449954,0.05808325266216418
2001-08-07,20:00:00,0.5157,0.5159,0.515,0.5152,239,0.5153,BEARISH_DAILY_LOW_BREAKOUT,1,-0.058229813664589854,0.09704968944100466,0.6987577639751645
2001-08-09,16:00:00,0.5158,0.5158,0.5091,0.5108,826,0.5142,BEARISH_DAILY_LOW_BREAKOUT,1,0.2153484729835532,0.7243539545810347,0.7439310884886285
2001-08-21,16:00:00,0.5338,0.5339,0.5287,0.5297,911,0.5313,BEARISH_DAILY_LOW_BREAKOUT,1,0.9250519161789723,1.3215027373985289,1.1138380215216193
2001-08-23,16:00:00,0.5335,0.5342,0.5316,0.5324,761,0.5326,BEARISH_DAILY_LOW_BREAKOUT,1,0.3380916604057145,0.5634861006761838,-0.3193087903831771
2001-08-24,12:00:00,0.5326,0.5336,0.5292,0.5311,1196,0.5313,BEARISH_DAILY_LOW_BREAKOUT,1,-0.07531538316702448,0.11297307475050536,-0.5460365279608386
2001-08-27,12:00:00,0.5305,0.5309,0.5267,0.5282,1003,0.5289,BEARISH_DAILY_LOW_BREAKOUT,1,0.20825444907231916,-0.094661113214702,-0.28398333964408495
2001-08-28,08:00:00,0.5273,0.5276,0.5252,0.5266,1103,0.5267,BEARISH_DAILY_LOW_BREAKOUT,1,0.018989745537407707,0.7595898214963928,0.7975693125712292
2001-09-04,08:00:00,0.526,0.5265,0.5225,0.5232,1253,0.5257,BEARISH_DAILY_LOW_BREAKOUT,1,0.0955657492354847,-0.5351681957186591,-1.1085626911315036
2001-09-05,08:00:00,0.5186,0.5197,0.5162,0.5174,1079,0.5184,BEARISH_DAILY_LOW_BREAKOUT,1,0.6957866254348759,0.5798221878623894,0.560494781600312
2001-09-10,00:00:00,0.5184,0.5193,0.516,0.5167,389,0.5172,BEARISH_DAILY_LOW_BREAKOUT,1,-0.11612154054577992,-0.7741436036384756,-0.5225469324559775
2001-09-17,08:00:00,0.5136,0.5139,0.5093,0.5099,1217,0.5122,BEARISH_DAILY_LOW_BREAKOUT,1,-1.6866052167091687,-1.431653265346141,-2.5495195136301256
2001-09-18,00:00:00,0.5025,0.5034,0.4931,0.4953,1069,0.4992,BEARISH_DAILY_LOW_BREAKOUT,1,0.16151827175448563,0.16151827175448563,-0.28265697557036384
2001-09-19,08:00:00,0.4949,0.4952,0.4895,0.4906,1528,0.4931,BEARISH_DAILY_LOW_BREAKOUT,1,0.4891969017529583,0.4891969017529583,0.4484304932735498
2001-09-21,08:00:00,0.4908,0.492,0.4886,0.4897,1414,0.4902,BEARISH_DAILY_LOW_BREAKOUT,1,-0.7555646314069914,-1.0006126199714143,-0.428833979987757
2001-09-26,16:00:00,0.4912,0.4915,0.4887,0.4899,943,0.4906,BEARISH_DAILY_LOW_BREAKOUT,1,0.14288630332720523,-0.34700959379464774,-0.4898958971218643
2001-09-27,00:00:00,0.4907,0.4916,0.4866,0.4872,624,0.4887,BEARISH_DAILY_LOW_BREAKOUT,1,0.20525451559934338,-0.10262725779967169,-0.10262725779967169
2001-10-09,12:00:00,0.5068,0.507,0.5023,0.5027,1367,0.5048,BEARISH_DAILY_LOW_BREAKOUT,1,-0.35806644121743064,-0.4774219216232482,0.01989258006763258
2001-10-17,20:00:00,0.5132,0.5141,0.5104,0.5108,392,0.5111,BEARISH_DAILY_LOW_BREAKOUT,1,-0.01957713390759377,-0.3132341425215438,-0.763508222396244
2001-10-18,04:00:00,0.5108,0.5113,0.508,0.5086,659,0.5102,BEARISH_DAILY_LOW_BREAKOUT,1,0.11797090051119423,0.039323633503731414,-0.35391270153362636
2001-10-25,08:00:00,0.5081,0.509,0.5056,0.5058,592,0.5059,BEARISH_DAILY_LOW_BREAKOUT,1,0.17793594306050056,-0.3558718861210011,-0.8303677342823214
2001-10-26,08:00:00,0.5038,0.504,0.5016,0.5016,784,0.5032,BEARISH_DAILY_LOW_BREAKOUT,1,0.019936204146728264,-0.07974481658693519,0.45853269537479435
2001-10-31,12:00:00,0.5054,0.5063,0.5033,0.5036,842,0.5037,BEARISH_DAILY_LOW_BREAKOUT,1,-0.1588562351072325,-0.13899920571883118,1.5289912629070548
2001-11-09,04:00:00,0.515,0.516,0.5126,0.5131,665,0.5135,BEARISH_DAILY_LOW_BREAKOUT,1,-0.33131943091016075,0.25336191775481737,1.0329370493081216
2001-11-15,04:00:00,0.5192,0.5194,0.5175,0.5177,614,0.5186,BEARISH_DAILY_LOW_BREAKOUT,1,0.15452965037664898,0.13521344407956787,0.3090593007533194
2001-11-16,00:00:00,0.5184,0.5184,0.5165,0.5168,441,0.517,BEARISH_DAILY_LOW_BREAKOUT,1,0.48374613003094935,1.2190402476780131,1.0448916408668654
2001-11-20,16:00:00,0.5212,0.5214,0.5178,0.5191,914,0.5197,BEARISH_DAILY_LOW_BREAKOUT,1,0.1733769986515145,-0.36601810826430603,-0.5008668849932666
2001-11-21,04:00:00,0.5187,0.5192,0.5167,0.5172,645,0.5178,BEARISH_DAILY_LOW_BREAKOUT,1,0.1546790409899503,-0.1353441608662092,-0.1546790409899503
2001-11-29,08:00:00,0.5212,0.5215,0.5178,0.5185,863,0.5194,BEARISH_DAILY_LOW_BREAKOUT,1,-0.03857280617164474,-0.15429122468657896,0.0771456123433109
2001-12-03,20:00:00,0.5184,0.5189,0.5166,0.5168,343,0.5175,BEARISH_DAILY_LOW_BREAKOUT,1,-0.11609907120743904,-0.3482972136222956,-0.4837461300309709
2001-12-04,00:00:00,0.5167,0.5172,0.5157,0.5162,510,0.5166,BEARISH_DAILY_LOW_BREAKOUT,1,-0.0581170089112683,0.0387446726075122,-0.3487020534676528
2001-12-07,16:00:00,0.5169,0.5172,0.5149,0.5157,813,0.5161,BEARISH_DAILY_LOW_BREAKOUT,1,-0.25208454527827784,-0.01939111886757805,-0.1551289509404737
2001-12-18,12:00:00,0.5186,0.5186,0.5161,0.5162,1019,0.5169,BEARISH_DAILY_LOW_BREAKOUT,1,-0.0581170089112683,-0.30995738086014063,-0.4068190623789211
2001-12-19,12:00:00,0.5143,0.5152,0.5134,0.5141,967,0.5144,BEARISH_DAILY_LOW_BREAKOUT,1,-0.09725734292940205,-0.5835440575763475,-1.2643454580820754
2001-12-20,04:00:00,0.5112,0.5118,0.5098,0.5102,557,0.5103,BEARISH_DAILY_LOW_BREAKOUT,1,-0.15680125441003978,-1.0780086240689828,-0.7056056448451463
2001-12-26,00:00:00,0.508,0.5092,0.5069,0.5073,106,0.5075,BEARISH_DAILY_LOW_BREAKOUT,1,0.3153952296471606,0.11827321111769071,-0.1576976148235803
2002-01-11,04:00:00,0.5223,0.5228,0.521,0.5216,543,0.5218,BEARISH_DAILY_LOW_BREAKOUT,1,0.19171779141104314,-0.07668711656440873,-0.6518404907975381
2002-01-14,00:00:00,0.5183,0.5189,0.5176,0.5178,243,0.5193,BEARISH_DAILY_LOW_BREAKOUT,1,0.07724990343761219,-0.019312475859403048,-0.03862495171882754
2002-01-16,04:00:00,0.5178,0.5179,0.5154,0.5163,584,0.5173,BEARISH_DAILY_LOW_BREAKOUT,1,-0.19368584156498178,-0.15494867325198972,-0.7747433662599271
2002-01-17,04:00:00,0.5137,0.5149,0.5122,0.5123,690,0.5133,BEARISH_DAILY_LOW_BREAKOUT,1,0.058559437829390396,0.27327737653719847,0.5075151278547818
2002-01-24,08:00:00,0.5181,0.5186,0.5162,0.5169,740,0.5173,BEARISH_DAILY_LOW_BREAKOUT,1,-0.09673050880248713,0.4836525440123711,0.4836525440123711
2002-01-25,12:00:00,0.5193,0.5202,0.5151,0.5154,926,0.5162,BEARISH_DAILY_LOW_BREAKOUT,1,0.2716336825766527,0.1164144353899971,-0.1358168412883048
2002-01-29,12:00:00,0.5153,0.5153,0.5122,0.5138,943,0.5139,BEARISH_DAILY_LOW_BREAKOUT,1,0.07785130400933357,-0.9147528221097776,-1.5181004281821775
2002-01-30,12:00:00,0.5095,0.5097,0.5054,0.506,998,0.5081,BEARISH_DAILY_LOW_BREAKOUT,1,0.019762845849800193,0.1383399209486233,0.5533596837944713
2002-02-06,08:00:00,0.5091,0.5099,0.5068,0.5072,876,0.5084,BEARISH_DAILY_LOW_BREAKOUT,1,0.059148264984220614,0.23659305993690435,0.039432176656147074
2002-02-12,12:00:00,0.5121,0.5121,0.5076,0.5082,885,0.5111,BEARISH_DAILY_LOW_BREAKOUT,1,0.09838646202283668,0.03935458480912593,0.019677292404562965
2002-02-19,08:00:00,0.5178,0.5185,0.5151,0.5157,603,0.5164,BEARISH_DAILY_LOW_BREAKOUT,1,0.19391118867558674,0.6399069226294298,0.3490401396160389
2002-02-21,04:00:00,0.5168,0.5173,0.5147,0.5157,608,0.5158,BEARISH_DAILY_LOW_BREAKOUT,1,0.0969555943377826,0.2714756641458128,-0.36843125848361696
2002-02-22,04:00:00,0.5154,0.5155,0.513,0.5138,570,0.5147,BEARISH_DAILY_LOW_BREAKOUT,1,-0.019462826002333393,-0.09731413001168858,-0.058388478007021793
2002-02-27,00:00:00,0.5134,0.5138,0.5124,0.5127,340,0.513,BEARISH_DAILY_LOW_BREAKOUT,1,0.21455041934854494,0.21455041934854494,0.7021650087770501
2002-03-11,00:00:00,0.5218,0.5218,0.5196,0.5203,227,0.5212,BEARISH_DAILY_LOW_BREAKOUT,1,0.13453776667307976,0.05765904285988218,0.1537574476263738
2002-03-12,12:00:00,0.5213,0.5216,0.5191,0.5194,786,0.5196,BEARISH_DAILY_LOW_BREAKOUT,1,0.2310358105506313,0.13477088948787716,0.057758952637673854
2002-03-26,04:00:00,0.5299,0.5301,0.5289,0.5289,456,0.5293,BEARISH_DAILY_LOW_BREAKOUT,1,0.03781433163168424,-0.07562866326338948,-0.3025146530535159
2002-04-03,04:00:00,0.5323,0.5328,0.5287,0.5301,819,0.5314,BEARISH_DAILY_LOW_BREAKOUT,1,0.11318619128465081,0.3395585738539943,0.13205055649878022
2002-04-05,16:00:00,0.5316,0.5325,0.5292,0.5295,775,0.5298,BEARISH_DAILY_LOW_BREAKOUT,1,0.20774315391878942,-0.20774315391878942,-0.5665722379603405
2002-04-08,04:00:00,0.5293,0.5296,0.5272,0.5284,608,0.5292,BEARISH_DAILY_LOW_BREAKOUT,1,-0.11355034065100944,-0.35957607872823866,0.05677517032550472
2002-04-15,00:00:00,0.5339,0.5342,0.5328,0.5332,235,0.5333,BEARISH_DAILY_LOW_BREAKOUT,1,0.05626406601649793,-0.3000750187546973,-0.3375843960990292
2002-04-23,12:00:00,0.5387,0.5397,0.5379,0.5385,776,0.5387,BEARISH_DAILY_LOW_BREAKOUT,1,0.09285051067781913,-0.12999071494893852,0.38997214484679493
2002-04-29,08:00:00,0.5448,0.5448,0.5413,0.5419,774,0.5425,BEARISH_DAILY_LOW_BREAKOUT,1,-0.3506181952389763,-0.6089684443624432,-0.6643292120317489
2002-05-23,12:00:00,0.5561,0.5566,0.5542,0.5545,1097,0.5546,BEARISH_DAILY_LOW_BREAKOUT,1,0.6853020739404916,-0.10820559062219026,-0.03606853020739007
2002-05-24,00:00:00,0.5565,0.5565,0.5533,0.5539,574,0.5542,BEARISH_DAILY_LOW_BREAKOUT,1,-0.0902690016248321,0.07221520129988572,0.4874526087741534
2002-06-10,04:00:00,0.5706,0.5714,0.5686,0.5696,462,0.5705,BEARISH_DAILY_LOW_BREAKOUT,1,0.245786516853925,-0.22823033707864604,0.03511235955055793
2002-06-11,12:00:00,0.5701,0.5706,0.5665,0.5669,1074,0.5676,BEARISH_DAILY_LOW_BREAKOUT,1,0.22931733991887088,0.28223672605398586,0.5468336567295805
2002-06-13,08:00:00,0.5682,0.5694,0.567,0.5673,826,0.5681,BEARISH_DAILY_LOW_BREAKOUT,1,0.3701745108408233,-0.08813678829544437,-0.05288207297727446
2002-06-14,12:00:00,0.5669,0.5687,0.5646,0.5649,1207,0.5655,BEARISH_DAILY_LOW_BREAKOUT,1,-0.6726854310497282,-0.6726854310497282,-1.416179854841566
2002-06-17,08:00:00,0.5609,0.561,0.5558,0.5565,981,0.5577,BEARISH_DAILY_LOW_BREAKOUT,1,0.07187780772685641,0.39532794249775016,0.8086253369272344
2002-06-24,20:00:00,0.5731,0.5735,0.5646,0.5695,944,0.5711,BEARISH_DAILY_LOW_BREAKOUT,1,0.43898156277435413,0.14047410008780034,0.5618964003511818
2002-06-26,12:00:00,0.5765,0.577,0.5635,0.5641,1435,0.5681,BEARISH_DAILY_LOW_BREAKOUT,1,-0.46091118595994446,-0.17727353306151405,-0.10636411983691631
2002-07-01,00:00:00,0.5629,0.5637,0.5606,0.5609,474,0.5611,BEARISH_DAILY_LOW_BREAKOUT,1,-0.01782848992690123,0.1247994294883284,0.035656979853822254
2002-07-02,04:00:00,0.5608,0.5612,0.5589,0.5598,771,0.56,BEARISH_DAILY_LOW_BREAKOUT,1,0.21436227224010182,0.46445158985352747,0.4108610217935119
2002-07-03,08:00:00,0.5619,0.5624,0.5581,0.5587,1147,0.5589,BEARISH_DAILY_LOW_BREAKOUT,1,0.05369608018616038,0.2684804009307422,-0.7159477358152861
2002-07-04,00:00:00,0.5603,0.561,0.5571,0.5575,543,0.5576,BEARISH_DAILY_LOW_BREAKOUT,1,-0.16143497757847747,-0.21524663677129663,-0.39461883408071385
2002-07-11,08:00:00,0.5639,0.5645,0.5589,0.5597,993,0.564,BEARISH_DAILY_LOW_BREAKOUT,1,-0.500268000714673,-0.4645345720921808,0.08933357155620082
2002-07-16,16:00:00,0.5604,0.5617,0.5561,0.5563,1554,0.5586,BEARISH_DAILY_LOW_BREAKOUT,1,0.1438072982203888,-0.053927736832638316,-0.8448678770447667
2002-07-17,08:00:00,0.556,0.557,0.5523,0.5539,1250,0.5555,BEARISH_DAILY_LOW_BREAKOUT,1,0.03610760064995288,-0.4874526087741334,-0.4513450081242006
2002-07-22,12:00:00,0.5534,0.555,0.5514,0.5525,1350,0.553,BEARISH_DAILY_LOW_BREAKOUT,1,-0.7963800904977303,-1.2850678733031666,-1.5746606334841702
2002-07-23,00:00:00,0.5476,0.548,0.5445,0.5454,785,0.5465,BEARISH_DAILY_LOW_BREAKOUT,1,-0.5867253392005831,-0.2933626696003018,-0.9534286762009502
2002-07-24,08:00:00,0.5394,0.541,0.537,0.5371,1179,0.5374,BEARISH_DAILY_LOW_BREAKOUT,1,-0.01861850679575293,1.4336250232731202,0.9495438465835027
2002-07-26,12:00:00,0.5403,0.5407,0.5383,0.539,1251,0.5392,BEARISH_DAILY_LOW_BREAKOUT,1,-0.5380333951762548,-0.2597402597402723,-0.05565862708721298
2002-08-01,00:00:00,0.5433,0.5434,0.5397,0.5407,597,0.5416,BEARISH_DAILY_LOW_BREAKOUT,1,0.018494544109485665,-0.2219345293138485,-0.20343998520436285
2002-08-05,12:00:00,0.539,0.5395,0.5351,0.5359,1222,0.5371,BEARISH_DAILY_LOW_BREAKOUT,1,-1.2129128568762941,-1.567456615040133,-1.6794178018287007
2002-08-06,08:00:00,0.5271,0.5279,0.5231,0.5231,1784,0.5262,BEARISH_DAILY_LOW_BREAKOUT,1,0.7264385394762044,1.4146434716115392,1.720512330338369
2002-08-14,00:00:00,0.5374,0.5382,0.5339,0.5346,743,0.5366,BEARISH_DAILY_LOW_BREAKOUT,1,0.9726898615787473,0.486344930789384,0.8043396932285973
2002-08-19,16:00:00,0.5424,0.5439,0.5412,0.5419,1209,0.5422,BEARISH_DAILY_LOW_BREAKOUT,1,-0.16608230300793722,0.29525742756965023,0.8673186934858693
2002-08-22,12:00:00,0.5434,0.5439,0.5394,0.5408,1148,0.5423,BEARISH_DAILY_LOW_BREAKOUT,1,-0.16642011834317694,0.0,0.5177514792899455
2002-09-02,04:00:00,0.5493,0.55,0.5481,0.5487,451,0.5492,BEARISH_DAILY_LOW_BREAKOUT,1,0.3827227993439021,0.6014215418261493,0.05467468562057189
2002-09-03,16:00:00,0.5505,0.5508,0.5462,0.5477,1097,0.5481,BEARISH_DAILY_LOW_BREAKOUT,1,0.018258170531310753,-0.748584991783822,-0.6755523096585587
2002-09-04,00:00:00,0.5476,0.5487,0.5437,0.5448,759,0.5462,BEARISH_DAILY_LOW_BREAKOUT,1,-0.2202643171806129,-0.0734214390601975,0.055066079295168505
2002-09-05,12:00:00,0.5444,0.5448,0.5412,0.5413,1097,0.5428,BEARISH_DAILY_LOW_BREAKOUT,1,0.18474043968224663,0.22168852761869184,0.8128579346018768
2002-09-17,08:00:00,0.5495,0.5495,0.546,0.5463,1120,0.5468,BEARISH_DAILY_LOW_BREAKOUT,1,0.0,0.2379644883763441,-0.1647446457990137
2002-09-20,12:00:00,0.5478,0.5482,0.5458,0.5469,1336,0.5472,BEARISH_DAILY_LOW_BREAKOUT,1,0.0,-0.09142439202780324,-0.1645639056500296
2002-09-23,16:00:00,0.5459,0.5468,0.5431,0.5433,1280,0.5452,BEARISH_DAILY_LOW_BREAKOUT,1,0.09203018590096539,-0.12884226026137197,0.16565433462175813
2002-09-24,08:00:00,0.5425,0.5434,0.5415,0.5422,1047,0.5425,BEARISH_DAILY_LOW_BREAKOUT,1,0.2766506824050066,0.2766506824050066,0.7008483954260468
2002-09-26,08:00:00,0.5441,0.5449,0.5414,0.542,1290,0.5434,BEARISH_DAILY_LOW_BREAKOUT,1,0.31365313653135124,0.49815498154980153,0.7011070110700949
2002-09-30,16:00:00,0.5444,0.5447,0.5423,0.5428,1042,0.5431,BEARISH_DAILY_LOW_BREAKOUT,1,0.018422991893901994,-0.16580692704493386,-0.05526897568164462
2002-10-01,04:00:00,0.5426,0.543,0.5414,0.5419,586,0.5422,BEARISH_DAILY_LOW_BREAKOUT,1,-0.20298948145416143,0.11072153533861115,0.18453589223103908
2002-10-14,04:00:00,0.5469,0.5472,0.5454,0.546,528,0.5466,BEARISH_DAILY_LOW_BREAKOUT,1,0.018315018315016297,0.054945054945048886,-0.054945054945069224
2002-10-30,00:00:00,0.557,0.5575,0.5544,0.5549,694,0.5554,BEARISH_DAILY_LOW_BREAKOUT,1,0.03604253018563507,-0.19823391602090285,-0.3424040367633631
2002-11-11,12:00:00,0.5651,0.5659,0.561,0.5612,1258,0.564,BEARISH_DAILY_LOW_BREAKOUT,1,-0.14255167498218513,-0.1960085531004971,-0.035637918745541335
2002-11-19,16:00:00,0.5628,0.5635,0.5581,0.5585,1391,0.5613,BEARISH_DAILY_LOW_BREAKOUT,1,0.07162041181736006,-0.07162041181736006,0.16114592658908003
2002-11-25,12:00:00,0.5625,0.5634,0.5597,0.5602,1201,0.5612,BEARISH_DAILY_LOW_BREAKOUT,1,-0.17850767583006083,-0.12495537308104852,0.0
2002-11-27,12:00:00,0.5601,0.5604,0.5559,0.5564,1258,0.5583,BEARISH_DAILY_LOW_BREAKOUT,1,-0.07189072609632564,0.14378145219267127,0.3055355859094239
2002-12-10,16:00:00,0.5635,0.564,0.5584,0.5592,1422,0.562,BEARISH_DAILY_LOW_BREAKOUT,1,0.0,0.25035765379112246,0.25035765379112246
2002-12-20,16:00:00,0.5655,0.5658,0.5597,0.562,1187,0.5641,BEARISH_DAILY_LOW_BREAKOUT,1,0.2846975088967855,0.12455516014233503,-0.10676156583630692
2002-12-27,16:00:00,0.5625,0.5629,0.5602,0.5612,1297,0.5621,BEARISH_DAILY_LOW_BREAKOUT,1,0.0,0.46329294369207685,0.49893086243761825
2003-01-08,12:00:00,0.5741,0.5748,0.5717,0.5727,1081,0.5733,BEARISH_DAILY_LOW_BREAKOUT,1,0.5063733193644165,0.8730574471800253,1.012746638728833
2003-01-21,04:00:00,0.5912,0.5912,0.588,0.5883,890,0.5891,BEARISH_DAILY_LOW_BREAKOUT,1,-0.033996260411369876,-0.23797382287949476,0.2549719530851514
2003-01-27,16:00:00,0.5928,0.593,0.5878,0.5894,1473,0.5904,BEARISH_DAILY_LOW_BREAKOUT,1,0.2375296912113941,0.01696640651509823,-0.10179843909060822
2003-01-30,00:00:00,0.5896,0.5908,0.5875,0.5878,744,0.588,BEARISH_DAILY_LOW_BREAKOUT,1,0.017012589316092036,-0.08506294658046018,-0.17012589316093923
2003-02-03,00:00:00,0.586,0.587,0.5846,0.5853,480,0.5856,BEARISH_DAILY_LOW_BREAKOUT,1,0.13668204339653373,-0.4271313856142248,-0.1537672988211194
2003-02-11,04:00:00,0.5895,0.5896,0.5873,0.5885,860,0.5894,BEARISH_DAILY_LOW_BREAKOUT,1,-0.016992353440949702,0.1189464740866479,0.6627017841971138
2003-02-17,08:00:00,0.5908,0.5912,0.5882,0.5893,940,0.5905,BEARISH_DAILY_LOW_BREAKOUT,1,-0.033938571186168165,0.1866621415238401,0.2545392838961387
2003-02-28,08:00:00,0.6054,0.6057,0.6029,0.6041,990,0.6046,BEARISH_DAILY_LOW_BREAKOUT,1,0.1986426088395926,0.8111239860950199,1.258069855984117
2003-03-10,00:00:00,0.6134,0.6137,0.6126,0.6129,275,0.613,BEARISH_DAILY_LOW_BREAKOUT,1,0.08157937673355277,0.3426333822809579,0.3263175069342473
2003-03-11,08:00:00,0.6143,0.6148,0.6097,0.6112,989,0.6124,BEARISH_DAILY_LOW_BREAKOUT,1,0.0327225130890198,-1.0634816753926621,-1.4561518324607363
2003-03-12,12:00:00,0.6024,0.603,0.5967,0.5985,1481,0.6015,BEARISH_DAILY_LOW_BREAKOUT,1,-0.4845446950710131,-1.470342522974107,-1.0025062656641612
2003-03-13,00:00:00,0.5956,0.5961,0.5897,0.5897,928,0.5914,BEARISH_DAILY_LOW_BREAKOUT,1,0.5256910293369496,0.4748177039172502,0.7800576564354839
2003-03-17,16:00:00,0.5994,0.6002,0.5907,0.593,1832,0.5938,BEARISH_DAILY_LOW_BREAKOUT,1,0.0,-0.06745362563237031,-0.016863406408092578
2003-03-18,12:00:00,0.5917,0.5923,0.588,0.5896,1469,0.5907,BEARISH_DAILY_LOW_BREAKOUT,1,0.5597014925373083,0.6105834464043312,0.440976933514236
2003-04-02,08:00:00,0.6043,0.6045,0.6003,0.6015,1151,0.6023,BEARISH_DAILY_LOW_BREAKOUT,1,-0.14962593516209674,0.06650041562759035,-0.4821280133000854
2003-04-03,08:00:00,0.6021,0.6026,0.5985,0.5986,1135,0.5991,BEARISH_DAILY_LOW_BREAKOUT,1,-0.16705646508519892,0.5345806882726329,0.1503508185766809
2003-04-07,04:00:00,0.6006,0.6006,0.5967,0.5973,902,0.5988,BEARISH_DAILY_LOW_BREAKOUT,1,-0.6027122049221576,0.05022601707684027,0.16742005692281947
2003-04-11,12:00:00,0.6061,0.6071,0.6025,0.6029,1407,0.6036,BEARISH_DAILY_LOW_BREAKOUT,1,0.3483164703930985,0.03317299718029159,-0.09951899154089316
2003-05-13,08:00:00,0.6488,0.6499,0.6437,0.6452,2159,0.6455,BEARISH_DAILY_LOW_BREAKOUT,1,0.15499070055796665,0.4804711717296949,0.09299442033478687
2003-05-15,16:00:00,0.6454,0.6459,0.6406,0.6407,1558,0.643,BEARISH_DAILY_LOW_BREAKOUT,1,0.03121585765568565,0.24972686124550256,1.4671453098173814
2003-05-22,00:00:00,0.6556,0.656,0.6537,0.6543,1026,0.6546,BEARISH_DAILY_LOW_BREAKOUT,1,0.09170105456213433,0.7030414183096513,0.3209536909674447
2003-05-27,16:00:00,0.6594,0.6613,0.656,0.6566,1772,0.6575,BEARISH_DAILY_LOW_BREAKOUT,1,-0.22844958879073193,0.07614986293025526,-0.9290283277490091
2003-05-28,08:00:00,0.657,0.6578,0.6521,0.6542,1429,0.6544,BEARISH_DAILY_LOW_BREAKOUT,1,-0.7490064200550314,-0.48914704983185275,-1.6050137572607692
2003-05-29,08:00:00,0.6471,0.6485,0.6431,0.6437,1559,0.6464,BEARISH_DAILY_LOW_BREAKOUT,1,0.031070374398008072,1.3670964735124933,1.1651390399254236
2003-06-06,12:00:00,0.6673,0.6679,0.6532,0.6582,1907,0.6604,BEARISH_DAILY_LOW_BREAKOUT,1,0.3798237617745285,0.07596475235489895,0.42540261318748473
2003-06-11,00:00:00,0.657,0.657,0.6542,0.6547,979,0.6548,BEARISH_DAILY_LOW_BREAKOUT,1,0.3207575989002752,1.0233694822055965,1.084466167710418
2003-06-19,08:00:00,0.6697,0.67,0.6644,0.6684,1951,0.6687,BEARISH_DAILY_LOW_BREAKOUT,1,-0.20945541591860517,0.314183123877916,0.5236385397965378
2003-06-23,08:00:00,0.6677,0.6681,0.6642,0.665,1624,0.666,BEARISH_DAILY_LOW_BREAKOUT,1,-0.13533834586466345,-0.10526315789474193,-0.18045112781956238
2003-07-07,20:00:00,0.6792,0.6799,0.6772,0.6774,1044,0.6787,BEARISH_DAILY_LOW_BREAKOUT,1,-0.23619722468261675,-1.2252731030410353,-2.406259226454086
2003-07-08,00:00:00,0.6775,0.6794,0.6751,0.6758,979,0.6772,BEARISH_DAILY_LOW_BREAKOUT,1,0.10358094110684136,-0.9914175791654231,-2.175199763243554
2003-07-15,04:00:00,0.6574,0.6581,0.6546,0.6556,1176,0.6562,BEARISH_DAILY_LOW_BREAKOUT,1,0.1677852348993273,-0.5796217205613049,-0.610128126906651
2003-07-30,04:00:00,0.6634,0.6643,0.6615,0.6618,1055,0.6621,BEARISH_DAILY_LOW_BREAKOUT,1,-0.2870957993351485,-1.1937141130250857,-1.4203686914475786
2003-07-31,12:00:00,0.6513,0.6525,0.6464,0.6479,1744,0.6506,BEARISH_DAILY_LOW_BREAKOUT,1,-0.04630344188919246,0.04630344188917533,-0.030868961259450215
2003-08-01,08:00:00,0.6482,0.6487,0.6445,0.646,1640,0.6464,BEARISH_DAILY_LOW_BREAKOUT,1,0.2631578947368475,0.9133126934984545,0.9287925696594436
2003-08-05,08:00:00,0.6476,0.6479,0.6411,0.6428,1428,0.643,BEARISH_DAILY_LOW_BREAKOUT,1,0.062227753578088976,0.6845052893590478,1.1667703795892892
2003-08-07,04:00:00,0.6484,0.6496,0.6451,0.6455,1257,0.6463,BEARISH_DAILY_LOW_BREAKOUT,1,0.21688613477925142,0.7745933384972896,0.8365608055770831
2003-08-13,00:00:00,0.6563,0.6568,0.655,0.6556,1024,0.656,BEARISH_DAILY_LOW_BREAKOUT,1,-0.09151921903598749,-0.24405125076265022,0.3355704697986716
2003-08-19,04:00:00,0.657,0.6571,0.6538,0.655,980,0.6553,BEARISH_DAILY_LOW_BREAKOUT,1,0.10687022900762182,-0.0152671755725174,0.0458015267175522
2003-08-21,16:00:00,0.6581,0.6594,0.6511,0.6536,1958,0.654,BEARISH_DAILY_LOW_BREAKOUT,1,0.04589963280294951,-0.35189718482251664,-0.5660954712362187
2003-08-22,08:00:00,0.6517,0.6527,0.6484,0.6492,1562,0.6511,BEARISH_DAILY_LOW_BREAKOUT,1,0.07701786814541835,0.4929143561306193,0.5237215033887798
2003-08-26,00:00:00,0.6499,0.6504,0.6476,0.6478,859,0.6495,BEARISH_DAILY_LOW_BREAKOUT,1,-0.26242667489966576,-0.6946588453226396,-0.6637851188638595
2003-08-27,08:00:00,0.6434,0.645,0.6367,0.6388,1808,0.6421,BEARISH_DAILY_LOW_BREAKOUT,1,0.391358797745765,0.15654351909830946,-0.01565435190982921
2003-08-28,04:00:00,0.637,0.6394,0.6354,0.6365,1319,0.6367,BEARISH_DAILY_LOW_BREAKOUT,1,0.3456402199528815,0.48703849175176617,0.5813040062843734
2003-09-02,04:00:00,0.6446,0.6456,0.6431,0.6437,1039,0.6442,BEARISH_DAILY_LOW_BREAKOUT,1,-0.34177411837814053,-0.4194500543731607,-1.0097871679353831
2003-09-11,00:00:00,0.6572,0.658,0.6543,0.6554,1460,0.6562,BEARISH_DAILY_LOW_BREAKOUT,1,0.4119621605126695,0.47299359169972416,0.6255721696673776
2003-09-23,20:00:00,0.6791,0.6798,0.6754,0.6755,1253,0.6769,BEARISH_DAILY_LOW_BREAKOUT,1,-0.266469282013327,0.2516654330125884,0.35529237601775837
2003-09-24,00:00:00,0.6762,0.6765,0.6732,0.6737,1112,0.6754,BEARISH_DAILY_LOW_BREAKOUT,1,0.3265548463707852,0.4156152590173705,0.7867003117114566
2003-09-26,08:00:00,0.6798,0.6807,0.6759,0.6768,1634,0.677,BEARISH_DAILY_LOW_BREAKOUT,1,-0.20685579196216855,-0.4432624113475181,-1.1081560283687872
2003-09-29,04:00:00,0.6746,0.6749,0.6706,0.6715,1504,0.6733,BEARISH_DAILY_LOW_BREAKOUT,1,-0.3276247207743827,0.610573343261354,1.2807148175726064
2003-10-03,16:00:00,0.6824,0.6849,0.6776,0.6783,1808,0.6814,BEARISH_DAILY_LOW_BREAKOUT,1,0.13268465280849356,0.05897095680376765,1.0025062656641646
2003-10-09,16:00:00,0.6902,0.6937,0.6861,0.6868,1991,0.6884,BEARISH_DAILY_LOW_BREAKOUT,1,0.5096097845078711,0.4222481071636595,0.5678509027373346
2003-10-13,08:00:00,0.6912,0.6914,0.6862,0.6863,1521,0.6874,BEARISH_DAILY_LOW_BREAKOUT,1,0.5391228325804933,0.5099810578464152,-0.07285443683521141
2003-10-14,04:00:00,0.687,0.6871,0.6843,0.6857,1247,0.6861,BEARISH_DAILY_LOW_BREAKOUT,1,0.014583637159105874,0.5687618492051939,0.6854309464780571
2003-10-30,00:00:00,0.7034,0.7045,0.7024,0.7029,1080,0.703,BEARISH_DAILY_LOW_BREAKOUT,1,0.2987622705932552,1.0385545596813321,-0.042680324370460515
2003-11-03,16:00:00,0.7082,0.7091,0.6981,0.6994,1817,0.7025,BEARISH_DAILY_LOW_BREAKOUT,1,-0.1572776665713454,-0.25736345438948005,0.3145553331426908
2003-11-04,04:00:00,0.6981,0.6993,0.6958,0.6976,1209,0.6977,BEARISH_DAILY_LOW_BREAKOUT,1,0.17201834862385018,0.5733944954128446,1.7345183486238531
2003-11-17,04:00:00,0.72,0.7205,0.7128,0.7142,1562,0.7175,BEARISH_DAILY_LOW_BREAKOUT,1,0.25203024362923887,-0.4480537664519716,0.15401848221788028
2003-11-24,16:00:00,0.7196,0.7221,0.7155,0.7179,1925,0.7201,BEARISH_DAILY_LOW_BREAKOUT,1,-0.013929516645770856,0.34823791614431787,0.013929516645770856
2003-11-28,04:00:00,0.7218,0.7221,0.7192,0.7206,1183,0.7211,BEARISH_DAILY_LOW_BREAKOUT,1,0.44407438245905917,0.47182903136274745,0.5550929780738278
2003-12-11,16:00:00,0.737,0.7387,0.7332,0.7358,2020,0.7359,BEARISH_DAILY_LOW_BREAKOUT,1,0.462082087523778,0.7067137809187255,0.9105735254145202
2003-12-17,12:00:00,0.7418,0.7426,0.739,0.7403,1654,0.7418,BEARISH_DAILY_LOW_BREAKOUT,1,0.10806429825746629,-0.13508037282182914,-0.4457652303120316
2003-12-22,00:00:00,0.7363,0.7365,0.7313,0.7336,575,0.7355,BEARISH_DAILY_LOW_BREAKOUT,1,0.1499454743729539,0.08178844056705752,0.06815703380588126
2004-01-14,20:00:00,0.7783,0.7785,0.7736,0.7742,1284,0.7751,BEARISH_DAILY_LOW_BREAKOUT,1,0.0904159132007277,-0.21958150348747543,-0.5295789201756642
2004-01-15,08:00:00,0.7736,0.7763,0.7725,0.7725,1543,0.7736,BEARISH_DAILY_LOW_BREAKOUT,1,0.15533980582525436,-0.31067961165047997,-0.6084142394821911
2004-01-16,08:00:00,0.7708,0.7724,0.7671,0.7678,1602,0.7687,BEARISH_DAILY_LOW_BREAKOUT,1,0.11721802552748266,-0.6121385777546284,-1.3284709559781176
2004-01-19,00:00:00,0.7634,0.7638,0.7572,0.7576,656,0.7612,BEARISH_DAILY_LOW_BREAKOUT,1,0.03959873284054474,0.013199577613514913,-0.22439281942978284
2004-01-23,20:00:00,0.7723,0.7742,0.7701,0.7702,1877,0.772,BEARISH_DAILY_LOW_BREAKOUT,1,0.11685276551545208,0.5842638275772605,0.012983640612826409
2004-01-29,00:00:00,0.7735,0.7744,0.7662,0.7705,1620,0.7707,BEARISH_DAILY_LOW_BREAKOUT,1,0.10382868267359156,-0.16872160934457728,-1.1680726800778725
2004-01-30,12:00:00,0.7602,0.7611,0.7559,0.7564,1789,0.7574,BEARISH_DAILY_LOW_BREAKOUT,1,0.8461131676361808,1.097303014278171,0.5288207297726076
2004-02-18,20:00:00,0.7933,0.7946,0.7872,0.7883,1747,0.791,BEARISH_DAILY_LOW_BREAKOUT,1,0.30445261956107544,0.29176709374603177,0.34250919700622046
2004-02-20,08:00:00,0.7885,0.7892,0.7838,0.7862,1522,0.7864,BEARISH_DAILY_LOW_BREAKOUT,1,-0.012719409819382979,-2.0223861612821197,-1.8061561943525806
2004-02-26,12:00:00,0.7707,0.7717,0.766,0.7697,1684,0.7705,BEARISH_DAILY_LOW_BREAKOUT,1,0.11692867350914651,0.18188904768090902,-0.3248018708587836
2004-03-02,16:00:00,0.7723,0.7729,0.7643,0.7643,1987,0.7706,BEARISH_DAILY_LOW_BREAKOUT,1,-0.11775480832134134,-1.713986654455057,-2.7476121941645975
2004-03-03,04:00:00,0.7594,0.7607,0.7492,0.7512,1798,0.7586,BEARISH_DAILY_LOW_BREAKOUT,1,0.11980830670926676,-1.0516506922257747,0.09318423855165521
2004-03-10,04:00:00,0.7585,0.7596,0.7551,0.7565,1212,0.7566,BEARISH_DAILY_LOW_BREAKOUT,1,-0.4362194315928579,-1.1235955056179712,-1.86384666226041
2004-03-11,04:00:00,0.7457,0.7461,0.7415,0.7424,1458,0.7454,BEARISH_DAILY_LOW_BREAKOUT,1,-0.5522629310344818,-0.6869612068965509,-1.8857758620689522
2004-03-12,04:00:00,0.7352,0.7354,0.7253,0.7284,1700,0.7317,BEARISH_DAILY_LOW_BREAKOUT,1,-0.08237232289951192,0.5491488193300389,0.7688083470620454
2004-03-24,12:00:00,0.7501,0.7524,0.7445,0.7467,1751,0.7493,BEARISH_DAILY_LOW_BREAKOUT,1,0.2946297040310673,-0.4553368153207539,-0.9910271862863362
2004-03-25,00:00:00,0.7447,0.7451,0.7423,0.7433,1033,0.7434,BEARISH_DAILY_LOW_BREAKOUT,1,0.053814072379936365,-0.538140723799274,-0.14798869904479886
2004-04-02,16:00:00,0.7656,0.7672,0.7561,0.7581,2068,0.7596,BEARISH_DAILY_LOW_BREAKOUT,1,-0.05276348766652894,-0.18467220683286598,-0.5672074924152447
2004-04-05,12:00:00,0.7577,0.7579,0.7513,0.7526,1430,0.7561,BEARISH_DAILY_LOW_BREAKOUT,1,0.15944724953494271,0.34546904065904005,1.2888652670741338
2004-04-13,08:00:00,0.7671,0.7675,0.7602,0.7612,1464,0.7623,BEARISH_DAILY_LOW_BREAKOUT,1,-0.6174461376773565,-0.880189174986868,-2.4172359432475004
2004-04-14,00:00:00,0.7548,0.7552,0.7478,0.7491,1313,0.7533,BEARISH_DAILY_LOW_BREAKOUT,1,-0.2669870511280205,-1.7354158323321334,-1.6820184221065206
2004-04-20,04:00:00,0.7453,0.7454,0.7409,0.7419,1123,0.7442,BEARISH_DAILY_LOW_BREAKOUT,1,-0.4448038819247836,-0.5661140315406364,-1.4692007009030894
2004-04-21,08:00:00,0.7311,0.7325,0.7272,0.7284,1585,0.7309,BEARISH_DAILY_LOW_BREAKOUT,1,0.12355848434924502,0.27457440966501945,-0.6315211422295508
2004-04-22,08:00:00,0.7288,0.7301,0.7233,0.7238,1336,0.7264,BEARISH_DAILY_LOW_BREAKOUT,1,1.0085659021829196,1.4644929538546634,1.1743575573362741
2004-04-28,16:00:00,0.7285,0.7289,0.7218,0.7235,1721,0.728,BEARISH_DAILY_LOW_BREAKOUT,1,-0.2487906012439563,-0.5528680027643406,-0.5390463026952336
2004-04-29,00:00:00,0.722,0.7235,0.7175,0.7193,1223,0.7213,BEARISH_DAILY_LOW_BREAKOUT,1,0.027804810232167104,-0.19463367162520057,0.0
2004-05-06,16:00:00,0.7307,0.7309,0.7223,0.723,1691,0.7283,BEARISH_DAILY_LOW_BREAKOUT,1,-0.09681881051174591,-0.6085753803596072,-2.461964038727514
2004-05-07,04:00:00,0.7232,0.7235,0.7156,0.7186,1338,0.7211,BEARISH_DAILY_LOW_BREAKOUT,1,-0.2504870581686646,-1.8647369885889182,-2.936264959643753
2004-05-10,00:00:00,0.7026,0.7047,0.6986,0.6992,1030,0.7015,BEARISH_DAILY_LOW_BREAKOUT,1,-0.2431350114416526,-0.9582379862700284,-0.38615560640732777
2004-05-13,08:00:00,0.6956,0.6958,0.6886,0.6922,1728,0.6941,BEARISH_DAILY_LOW_BREAKOUT,1,-0.8812481941635357,-0.5200809014735694,-0.8090147356255487
2004-05-18,00:00:00,0.6858,0.6873,0.6796,0.6812,1471,0.6836,BEARISH_DAILY_LOW_BREAKOUT,1,0.20551967116851977,0.8073987081620595,1.1890780974750434
2004-06-01,16:00:00,0.7165,0.7166,0.7061,0.7083,1867,0.7121,BEARISH_DAILY_LOW_BREAKOUT,1,-0.1129464915996079,-0.21177467174926679,-1.5671325709445147
2004-06-02,08:00:00,0.7068,0.7097,0.704,0.7042,1414,0.7061,BEARISH_DAILY_LOW_BREAKOUT,1,-0.4828173814257412,-1.1502414086907122,-1.1218403862539077
2004-06-03,04:00:00,0.6973,0.6978,0.6896,0.6916,1646,0.693,BEARISH_DAILY_LOW_BREAKOUT,1,0.6795835743204218,-0.5494505494505532,0.17351069982648623
2004-06-09,04:00:00,0.7003,0.7004,0.6965,0.6971,1258,0.6988,BEARISH_DAILY_LOW_BREAKOUT,1,0.18648687419308102,-0.7172572084349454,-1.075885812652426
2004-06-14,00:00:00,0.6917,0.692,0.6864,0.6882,877,0.6905,BEARISH_DAILY_LOW_BREAKOUT,1,0.07265329845974207,0.26155187445508754,-0.3777971519907072
2004-06-15,08:00:00,0.6846,0.6859,0.681,0.6825,1403,0.6829,BEARISH_DAILY_LOW_BREAKOUT,1,0.9523809523809452,2.1831501831501865,1.831501831501825
2004-06-17,00:00:00,0.6895,0.6903,0.6842,0.6846,1212,0.6851,BEARISH_DAILY_LOW_BREAKOUT,1,-0.04382120946537642,0.40899795501022856,-0.13146362839614548
2004-06-18,04:00:00,0.6835,0.6838,0.6799,0.681,1166,0.6814,BEARISH_DAILY_LOW_BREAKOUT,1,0.26431718061672727,1.2775330396475668,1.086637298091037
2004-06-22,16:00:00,0.6883,0.6888,0.6852,0.6861,1421,0.6873,BEARISH_DAILY_LOW_BREAKOUT,1,0.2623524267599348,0.3352281008599284,0.2477772919399393
2004-06-29,16:00:00,0.6964,0.697,0.6892,0.6918,1990,0.6952,BEARISH_DAILY_LOW_BREAKOUT,1,-0.23128071697021318,-0.44810638912980516,0.4336513443191678
2004-06-30,04:00:00,0.6897,0.6899,0.6878,0.6887,1179,0.6888,BEARISH_DAILY_LOW_BREAKOUT,1,0.1742413242340611,0.8857267315231587,1.3213300421083196
2004-07-15,08:00:00,0.724,0.7243,0.7204,0.721,1334,0.7222,BEARISH_DAILY_LOW_BREAKOUT,1,0.027739251040218862,0.23578363384189113,0.3744798890430008
2004-07-20,08:00:00,0.7322,0.7329,0.7305,0.7308,1205,0.7314,BEARISH_DAILY_LOW_BREAKOUT,1,-0.24630541871921507,-0.4378762999452628,-0.6157635467980377
2004-07-21,04:00:00,0.7272,0.7279,0.7252,0.726,1076,0.7262,BEARISH_DAILY_LOW_BREAKOUT,1,0.041322314049582226,-1.7217630853994428,-1.735537190082637
2004-07-23,12:00:00,0.7097,0.7107,0.7074,0.7081,1613,0.7093,BEARISH_DAILY_LOW_BREAKOUT,1,0.2965682813162127,0.09885609377207089,0.3954243750882679
2004-07-27,16:00:00,0.7117,0.7124,0.6976,0.6989,2159,0.7067,BEARISH_DAILY_LOW_BREAKOUT,1,0.10015739018458061,0.4006295607383066,-0.1430819859779655
2004-07-28,08:00:00,0.7016,0.7023,0.6965,0.6971,1451,0.6976,BEARISH_DAILY_LOW_BREAKOUT,1,0.07172572084348658,0.35862860421746473,0.10041600918088121
2004-08-13,04:00:00,0.7124,0.7135,0.7071,0.7076,1459,0.712,BEARISH_DAILY_LOW_BREAKOUT,1,-0.04239683436969573,1.3143018654607086,1.4556246466930436
2004-08-17,16:00:00,0.7178,0.7179,0.7129,0.7148,1648,0.7159,BEARISH_DAILY_LOW_BREAKOUT,1,0.139899272523783,0.11191941801902949,0.11191941801902949
2004-08-23,08:00:00,0.7219,0.7232,0.7204,0.7208,1184,0.7214,BEARISH_DAILY_LOW_BREAKOUT,1,0.04162042175360252,-1.0127635960044357,-1.4567147613762421
2004-08-24,08:00:00,0.7119,0.7132,0.709,0.7103,1334,0.7104,BEARISH_DAILY_LOW_BREAKOUT,1,-0.2534140504012422,-0.7461635928481039,-0.408278192313109
2004-08-26,16:00:00,0.7056,0.7063,0.7002,0.7025,1706,0.7028,BEARISH_DAILY_LOW_BREAKOUT,1,0.18505338078291358,0.6120996441281097,0.17081850533807527
2004-08-30,00:00:00,0.7019,0.7035,0.6992,0.7012,731,0.7013,BEARISH_DAILY_LOW_BREAKOUT,1,-0.7130633200228187,-0.2424415288077631,-0.1426126640045637
2004-09-02,04:00:00,0.7031,0.7032,0.6999,0.7004,1108,0.7014,BEARISH_DAILY_LOW_BREAKOUT,1,-0.01427755568246559,-0.6996002284408931,-0.31410622501427465
2004-09-03,12:00:00,0.6974,0.6985,0.6917,0.692,1748,0.694,BEARISH_DAILY_LOW_BREAKOUT,1,-0.3901734104046134,-0.3179190751445058,0.0
2004-09-08,12:00:00,0.6914,0.6926,0.689,0.6898,1480,0.6908,BEARISH_DAILY_LOW_BREAKOUT,1,1.0437808060307312,0.9423021165555323,0.028993911278628295
2004-09-09,16:00:00,0.6901,0.691,0.685,0.686,1793,0.6881,BEARISH_DAILY_LOW_BREAKOUT,1,0.3206997084548075,0.5830903790087306,1.618075801749271
2004-09-15,16:00:00,0.6969,0.6981,0.6934,0.6944,1748,0.6957,BEARISH_DAILY_LOW_BREAKOUT,1,0.18721198156681565,0.24481566820276998,0.43202764976958563
2004-10-04,04:00:00,0.7227,0.7239,0.7206,0.7216,1346,0.7223,BEARISH_DAILY_LOW_BREAKOUT,1,0.18015521064301107,-0.11086474501108964,-0.09700665188470536
2004-10-12,08:00:00,0.7327,0.7327,0.7271,0.7272,1422,0.7313,BEARISH_DAILY_LOW_BREAKOUT,1,0.44004400440045266,0.5088008800880139,-0.24752475247523556
2004-10-13,08:00:00,0.7296,0.7301,0.7248,0.7254,1413,0.7267,BEARISH_DAILY_LOW_BREAKOUT,1,-0.39977943203749844,0.08271298593878328,0.02757099531292776
2004-10-18,16:00:00,0.7294,0.7316,0.7251,0.7261,1541,0.7267,BEARISH_DAILY_LOW_BREAKOUT,1,-0.0964054537942326,-0.2616719460129477,0.3305329844374148
2004-10-19,00:00:00,0.7254,0.726,0.7232,0.7234,1071,0.725,BEARISH_DAILY_LOW_BREAKOUT,1,0.11058888581696322,0.5114735969035009,0.6911805363560968
2004-10-28,12:00:00,0.7495,0.7503,0.7368,0.7411,1989,0.7429,BEARISH_DAILY_LOW_BREAKOUT,1,0.9175549858318754,0.4992578599379351,0.6341924166779163
2004-11-19,04:00:00,0.7771,0.778,0.775,0.7755,1065,0.7762,BEARISH_DAILY_LOW_BREAKOUT,1,0.902643455834946,1.3023855577047063,0.8381689232753142
2004-11-23,00:00:00,0.7825,0.7828,0.7795,0.7798,1088,0.7807,BEARISH_DAILY_LOW_BREAKOUT,1,-0.10259040779687394,0.9104898691972294,0.6668376506796592
2004-11-29,12:00:00,0.786,0.7864,0.7829,0.7836,1399,0.7843,BEARISH_DAILY_LOW_BREAKOUT,1,0.17866258295049361,-0.7529351710056172,-1.0336906584992338
2004-11-30,00:00:00,0.784,0.7842,0.7771,0.7777,1371,0.7829,BEARISH_DAILY_LOW_BREAKOUT,1,-0.025716857400022886,-0.2828854314002803,-0.05143371480004577
2004-12-08,04:00:00,0.7728,0.7729,0.7643,0.766,1613,0.7724,BEARISH_DAILY_LOW_BREAKOUT,1,-0.6788511749347235,-1.4621409921671003,-1.0313315926892974
2004-12-09,16:00:00,0.7535,0.7555,0.7498,0.7516,1864,0.7521,BEARISH_DAILY_LOW_BREAKOUT,1,0.3592336349121773,-0.013304949441205428,-0.29270888770623876
2004-12-10,12:00:00,0.752,0.7529,0.7443,0.7488,1719,0.7498,BEARISH_DAILY_LOW_BREAKOUT,1,0.0801282051281963,0.3472222222222136,1.268696581196575
2004-12-29,16:00:00,0.7777,0.7796,0.7703,0.7709,1644,0.7749,BEARISH_DAILY_LOW_BREAKOUT,1,0.3761836814113391,0.5707614476585756,0.972888831236211
2005-01-03,04:00:00,0.7818,0.783,0.7724,0.7743,1350,0.7776,BEARISH_DAILY_LOW_BREAKOUT,1,0.40036161694433575,0.5682551982435696,0.5811700891127547
2005-01-04,12:00:00,0.7769,0.7779,0.7699,0.7721,1664,0.7724,BEARISH_DAILY_LOW_BREAKOUT,1,-0.7511980313430938,-0.8677632431032302,-1.2692656391659152
2005-01-05,12:00:00,0.7647,0.7653,0.7594,0.7623,1724,0.7634,BEARISH_DAILY_LOW_BREAKOUT,1,0.6952643316279643,0.27548209366391063,-0.11806375442739235
2005-01-06,08:00:00,0.7637,0.7645,0.7581,0.7587,1702,0.7594,BEARISH_DAILY_LOW_BREAKOUT,1,0.35587188612098647,0.26360880453407165,0.4876762883880223
2005-01-07,20:00:00,0.7576,0.7582,0.7539,0.757,2011,0.7575,BEARISH_DAILY_LOW_BREAKOUT,1,0.13210039630118903,0.19815059445177619,0.1585204755614239
2005-01-12,08:00:00,0.7605,0.7615,0.7556,0.7557,1501,0.7567,BEARISH_DAILY_LOW_BREAKOUT,1,0.43668122270741955,1.5614661902871405,1.3232764324467392
2005-01-14,00:00:00,0.7663,0.7663,0.7631,0.7638,1062,0.7641,BEARISH_DAILY_LOW_BREAKOUT,1,-0.6284367635506711,-0.5106048703849194,-0.6677140612725835
2005-01-18,00:00:00,0.7583,0.759,0.7536,0.7538,1258,0.7571,BEARISH_DAILY_LOW_BREAKOUT,1,-0.14592730167152956,0.19899177500662585,0.34491907667815547
2005-01-25,12:00:00,0.7724,0.7726,0.7656,0.7665,1449,0.7682,BEARISH_DAILY_LOW_BREAKOUT,1,-0.26092628832354886,-0.05218525766470397,0.6262230919765202
2005-02-01,12:00:00,0.772,0.7727,0.7696,0.7715,1350,0.7717,BEARISH_DAILY_LOW_BREAKOUT,1,0.0388852883992324,0.4147764095917164,0.3888528839922233
2005-02-03,16:00:00,0.7739,0.7743,0.7672,0.7696,1951,0.7719,BEARISH_DAILY_LOW_BREAKOUT,1,0.18191268191269075,-0.012993762993761563,0.3768191268191286
2005-02-07,20:00:00,0.7712,0.772,0.7673,0.7676,1589,0.7681,BEARISH_DAILY_LOW_BREAKOUT,1,-0.23449713392390734,-0.15633142261594307,-0.15633142261594307
2005-02-08,00:00:00,0.7672,0.7682,0.7649,0.7658,1077,0.7665,BEARISH_DAILY_LOW_BREAKOUT,1,0.14364063724209844,-0.26116479498563616,-0.06529119874641628
2005-02-16,16:00:00,0.7837,0.7856,0.7786,0.7818,2043,0.7825,BEARISH_DAILY_LOW_BREAKOUT,1,0.3709388590432211,0.42210283960091705,0.8058326937835727
2005-02-23,16:00:00,0.7906,0.7931,0.7844,0.7865,1815,0.7866,BEARISH_DAILY_LOW_BREAKOUT,1,-0.025429116338204445,0.2034329307056638,0.012714558169102223
2005-02-25,08:00:00,0.7851,0.7855,0.7818,0.7837,1473,0.7841,BEARISH_DAILY_LOW_BREAKOUT,1,-0.17863978563225175,0.4338394793926337,1.097358683169587
2005-03-01,16:00:00,0.7886,0.7889,0.7831,0.7843,1759,0.7857,BEARISH_DAILY_LOW_BREAKOUT,1,0.22950401632028863,-0.17850312380466107,-0.21675379319138527
2005-03-02,00:00:00,0.7865,0.7886,0.781,0.7818,1558,0.7831,BEARISH_DAILY_LOW_BREAKOUT,1,0.14070094653363902,-0.2046559222307554,-0.08953696597595727
2005-03-10,16:00:00,0.7915,0.7926,0.7886,0.7897,1721,0.7908,BEARISH_DAILY_LOW_BREAKOUT,1,0.24059769532734113,0.037989109788537166,0.4938584272508566
2005-03-14,12:00:00,0.79,0.7909,0.786,0.7872,1440,0.7875,BEARISH_DAILY_LOW_BREAKOUT,1,-0.02540650406503785,0.0508130081300757,0.4954268292682945
2005-03-18,12:00:00,0.7927,0.7928,0.7886,0.7904,1426,0.7906,BEARISH_DAILY_LOW_BREAKOUT,1,0.4048582995951393,0.32894736842105854,-0.3036437246963509
2005-03-21,12:00:00,0.7889,0.7904,0.7844,0.788,1698,0.7886,BEARISH_DAILY_LOW_BREAKOUT,1,-0.19035532994924578,-0.46954314720812645,0.02538071065989568
2005-03-22,00:00:00,0.7854,0.7861,0.7836,0.7843,1149,0.7844,BEARISH_DAILY_LOW_BREAKOUT,1,0.0,0.49725870202728734,-0.5610098176718041
2005-03-23,00:00:00,0.7829,0.7835,0.7774,0.7799,1411,0.7819,BEARISH_DAILY_LOW_BREAKOUT,1,0.0641107834337665,-0.4487754840364224,-1.1411719451211717
2005-03-28,04:00:00,0.7719,0.772,0.768,0.7696,1364,0.7708,BEARISH_DAILY_LOW_BREAKOUT,1,0.025987525987537553,-0.09095634095633094,0.22089397089397542
2005-04-04,12:00:00,0.7692,0.7695,0.7667,0.7669,1279,0.7681,BEARISH_DAILY_LOW_BREAKOUT,1,0.0912765680010331,-0.07823705828661429,0.0912765680010331
2005-04-05,08:00:00,0.7659,0.7667,0.763,0.7634,1388,0.7651,BEARISH_DAILY_LOW_BREAKOUT,1,0.5501702908042941,0.7728582656536569,0.3798794865077304
2005-04-07,00:00:00,0.7648,0.7653,0.7627,0.7633,1210,0.7635,BEARISH_DAILY_LOW_BREAKOUT,1,0.5371413598847101,0.8384645617712658,0.28822219310886676
2005-04-14,04:00:00,0.7775,0.7777,0.7736,0.774,1260,0.7743,BEARISH_DAILY_LOW_BREAKOUT,1,0.0904392764857925,-0.4392764857881227,-1.0077519379845
2005-04-15,00:00:00,0.7702,0.7707,0.7678,0.7683,1247,0.7694,BEARISH_DAILY_LOW_BREAKOUT,1,-0.2733307301835209,0.16920473773265232,-0.3253937264089479
2005-04-26,16:00:00,0.7789,0.7796,0.7763,0.7774,1529,0.7778,BEARISH_DAILY_LOW_BREAKOUT,1,0.06431695394906817,-0.10290712631850052,-0.2315410342166226
2005-04-27,08:00:00,0.7767,0.7774,0.7743,0.7758,1329,0.7763,BEARISH_DAILY_LOW_BREAKOUT,1,0.2062387213199194,0.14178912090744908,0.27068832173240404
2005-05-03,04:00:00,0.7791,0.7794,0.7766,0.777,1055,0.7785,BEARISH_DAILY_LOW_BREAKOUT,1,-0.09009009009009444,-0.450450450450458,0.1287001287001288
2005-05-06,12:00:00,0.7788,0.78,0.7756,0.776,1478,0.7765,BEARISH_DAILY_LOW_BREAKOUT,1,-0.02577319587628582,-0.14175257731958632,-0.5927835051546454
2005-05-09,04:00:00,0.7749,0.7755,0.7725,0.7732,1276,0.7741,BEARISH_DAILY_LOW_BREAKOUT,1,0.16813243662700048,-0.10346611484739045,0.12933264355923446
2005-05-12,00:00:00,0.7744,0.775,0.7723,0.7726,1221,0.7738,BEARISH_DAILY_LOW_BREAKOUT,1,0.025886616619219392,-0.6083354905513755,-0.8930882733626595
2005-05-13,04:00:00,0.7659,0.7663,0.7641,0.7647,1327,0.7649,BEARISH_DAILY_LOW_BREAKOUT,1,0.0,-0.48384987576827987,-0.9807767752059712
2005-05-16,00:00:00,0.7618,0.7619,0.7581,0.7585,886,0.7591,BEARISH_DAILY_LOW_BREAKOUT,1,-0.17139090309821595,-0.40870138431113934,-0.2636783124588005
2005-05-18,00:00:00,0.7553,0.7561,0.753,0.7544,1266,0.7547,BEARISH_DAILY_LOW_BREAKOUT,1,0.15906680805939688,0.3976670201484627,0.6627783669141045
2005-05-20,12:00:00,0.7607,0.761,0.7562,0.7564,1304,0.7566,BEARISH_DAILY_LOW_BREAKOUT,1,-0.17186673717609305,-0.09254362771019604,0.0661025912215833
2005-05-31,00:00:00,0.7605,0.7611,0.7584,0.7593,1111,0.7599,BEARISH_DAILY_LOW_BREAKOUT,1,-0.5136309758988562,-0.48729092585274936,-0.3951007506914267
2005-06-01,08:00:00,0.7553,0.757,0.7522,0.7525,1704,0.754,BEARISH_DAILY_LOW_BREAKOUT,1,-0.42524916943521335,-0.3986710963455006,0.0531561461794109
2005-06-10,16:00:00,0.766,0.7669,0.7609,0.7625,1988,0.7645,BEARISH_DAILY_LOW_BREAKOUT,1,-0.13114754098360668,0.013114754098359212,-0.23606557377048037
2005-06-21,08:00:00,0.7751,0.7759,0.7724,0.7734,1621,0.7747,BEARISH_DAILY_LOW_BREAKOUT,1,0.20687871735195837,0.9438841479182793,0.5818463925523739
2005-06-23,08:00:00,0.7778,0.7781,0.7728,0.7737,1802,0.7748,BEARISH_DAILY_LOW_BREAKOUT,1,-0.09047434406100993,-0.20679850071087577,-0.06462453147215405
2005-06-24,00:00:00,0.7721,0.7725,0.7689,0.7703,1353,0.7717,BEARISH_DAILY_LOW_BREAKOUT,1,0.1947293262365386,0.06490977541218433,-0.2856030118135765
2005-06-28,12:00:00,0.7674,0.7697,0.7652,0.7658,1983,0.7669,BEARISH_DAILY_LOW_BREAKOUT,1,-0.06529119874641628,-0.2089318359885147,-0.692086706711946
2005-06-29,12:00:00,0.7623,0.7639,0.7602,0.7605,1995,0.762,BEARISH_DAILY_LOW_BREAKOUT,1,0.14464168310323486,0.35502958579882127,0.14464168310323486
2005-07-01,08:00:00,0.7602,0.7607,0.7557,0.7583,1686,0.7591,BEARISH_DAILY_LOW_BREAKOUT,1,-0.2637478570486617,-0.7912435711459852,-0.9758670710800426
2005-07-05,08:00:00,0.75,0.7506,0.7428,0.7468,2300,0.7476,BEARISH_DAILY_LOW_BREAKOUT,1,-0.549009105516871,-0.7632565613283394,-0.5757900374933008
2005-07-25,04:00:00,0.7631,0.7636,0.7618,0.7624,1160,0.7627,BEARISH_DAILY_LOW_BREAKOUT,1,-0.14428121720881296,0.18363064008395436,-0.27544596012591693
2005-07-26,12:00:00,0.7592,0.7599,0.757,0.7577,2002,0.7583,BEARISH_DAILY_LOW_BREAKOUT,1,0.07918701332980518,0.15837402665962502,-0.29035238220932963
2005-07-27,04:00:00,0.7589,0.7593,0.7547,0.7556,1830,0.7568,BEARISH_DAILY_LOW_BREAKOUT,1,-0.22498676548438787,-0.0397035468501956,0.02646903123345394
2005-08-05,04:00:00,0.7705,0.7717,0.7681,0.7686,1401,0.7692,BEARISH_DAILY_LOW_BREAKOUT,1,0.31225604996097694,-0.23419203747071468,-0.5074160811865605
2005-08-08,04:00:00,0.768,0.7686,0.7633,0.7647,1741,0.766,BEARISH_DAILY_LOW_BREAKOUT,1,0.26154047338825703,0.0915391656858798,0.026154047338822803
2005-08-09,08:00:00,0.7652,0.7661,0.7624,0.763,1697,0.7633,BEARISH_DAILY_LOW_BREAKOUT,1,-0.34076015727392484,-0.17038007863695517,0.1441677588466566
2005-08-15,16:00:00,0.772,0.7725,0.7665,0.7682,1686,0.7705,BEARISH_DAILY_LOW_BREAKOUT,1,0.11715699036709344,-0.07810466024473378,0.06508721687061389
2005-08-17,04:00:00,0.7678,0.7681,0.7644,0.7653,1943,0.7658,BEARISH_DAILY_LOW_BREAKOUT,1,-0.27440219521756054,-0.5357376192342863,-0.6272050176401446
2005-08-18,00:00:00,0.7604,0.7609,0.7589,0.7595,1206,0.7599,BEARISH_DAILY_LOW_BREAKOUT,1,0.131665569453588,-0.65832784726794,-0.8821593153390295
2005-08-19,12:00:00,0.7513,0.7542,0.75,0.7507,1423,0.751,BEARISH_DAILY_LOW_BREAKOUT,1,0.25309710936459473,0.22645530837883623,0.6926868256294102
2005-08-24,04:00:00,0.7554,0.7556,0.752,0.7527,1393,0.7537,BEARISH_DAILY_LOW_BREAKOUT,1,0.013285505513483325,0.5048492095124105,0.7705593197821066
2005-08-29,12:00:00,0.7552,0.7557,0.7536,0.7547,1275,0.7548,BEARISH_DAILY_LOW_BREAKOUT,1,-0.3180071551610002,-0.5035113290049059,-0.9407711673512648
2005-08-30,00:00:00,0.7527,0.753,0.7489,0.7509,1326,0.7515,BEARISH_DAILY_LOW_BREAKOUT,1,-0.2663470502064192,-0.43947263284058724,-0.5859635104541163
2005-09-12,20:00:00,0.7714,0.7717,0.7683,0.7685,1164,0.7705,BEARISH_DAILY_LOW_BREAKOUT,1,-0.11711125569290981,0.09108653220559974,0.0
2005-09-13,00:00:00,0.7687,0.7707,0.7672,0.7676,1232,0.7683,BEARISH_DAILY_LOW_BREAKOUT,1,0.3908285565398649,0.3517457008858827,0.23449713392392182
2005-09-15,16:00:00,0.7694,0.7701,0.7653,0.7673,1691,0.7682,BEARISH_DAILY_LOW_BREAKOUT,1,-0.10426169685911937,0.2867196663625674,-0.16942525739605993
2005-09-16,00:00:00,0.7665,0.7685,0.7641,0.7649,1166,0.7653,BEARISH_DAILY_LOW_BREAKOUT,1,0.6013858020656213,0.39220813178193265,0.05229441757091854
2005-09-19,12:00:00,0.7643,0.7648,0.7632,0.7636,1286,0.7641,BEARISH_DAILY_LOW_BREAKOUT,1,0.4059717129387248,0.3273965426925167,0.9298061812467401
2005-09-22,16:00:00,0.7673,0.7681,0.7624,0.7634,1995,0.7655,BEARISH_DAILY_LOW_BREAKOUT,1,-0.06549646319098047,-0.48467382761329914,-0.7335603877390541
2005-09-23,00:00:00,0.7631,0.7638,0.7605,0.7606,971,0.7614,BEARISH_DAILY_LOW_BREAKOUT,1,-0.11832763607678304,-0.22350775703392514,-0.4601630291874912
2005-09-26,12:00:00,0.7579,0.7587,0.7547,0.7551,1549,0.7568,BEARISH_DAILY_LOW_BREAKOUT,1,0.19864918553834685,0.19864918553834685,-0.02648655807177566
2005-09-27,16:00:00,0.7549,0.7561,0.7527,0.7535,1656,0.7547,BEARISH_DAILY_LOW_BREAKOUT,1,0.3317850033178577,0.4644990046449978,0.6104844061048506
2005-10-05,00:00:00,0.7634,0.764,0.7595,0.76,1073,0.7616,BEARISH_DAILY_LOW_BREAKOUT,1,0.0,-0.17105263157894313,-0.13157894736842116
2005-10-11,12:00:00,0.7575,0.7577,0.7523,0.7531,1517,0.7561,BEARISH_DAILY_LOW_BREAKOUT,1,-0.09294914354003903,-0.172619838002917,0.1858982870800633
2005-10-13,12:00:00,0.7506,0.7513,0.7465,0.7473,1585,0.7505,BEARISH_DAILY_LOW_BREAKOUT,1,0.17395958784960242,0.33453766894153053,0.7226013649136989
2005-10-18,00:00:00,0.7499,0.7503,0.7472,0.7477,1095,0.7481,BEARISH_DAILY_LOW_BREAKOUT,1,0.026748696001067003,-0.1738665240069652,-0.2006152200080322
2005-10-21,16:00:00,0.7513,0.752,0.7468,0.748,1896,0.7484,BEARISH_DAILY_LOW_BREAKOUT,1,0.1470588235294104,-0.05347593582887112,0.2941176470588208
2005-10-27,00:00:00,0.7546,0.7555,0.7524,0.753,1123,0.7531,BEARISH_DAILY_LOW_BREAKOUT,1,0.5710491367861846,0.7038512616201822,0.5710491367861846
2005-10-28,16:00:00,0.7542,0.7545,0.75,0.7503,1712,0.7524,BEARISH_DAILY_LOW_BREAKOUT,1,-0.03998400639743662,-0.2132480341196768,-0.27988804478208595
2005-10-31,04:00:00,0.7487,0.7504,0.7486,0.7487,1192,0.7489,BEARISH_DAILY_LOW_BREAKOUT,1,0.4006945371978099,-0.06678242286630906,-0.3071991451849979
2005-11-01,04:00:00,0.747,0.7473,0.7455,0.7464,1454,0.7465,BEARISH_DAILY_LOW_BREAKOUT,1,-0.20096463022507313,-0.16077170418006148,-0.3885316184351424
2005-11-02,00:00:00,0.7446,0.7449,0.7423,0.7428,1381,0.7439,BEARISH_DAILY_LOW_BREAKOUT,1,0.09423801830910526,-0.35002692514809464,-0.17501346257403982
2005-11-03,20:00:00,0.7401,0.7404,0.738,0.7392,1328,0.7397,BEARISH_DAILY_LOW_BREAKOUT,1,-0.06764069264068519,0.04058441558442614,-0.8116883116883125
2005-11-04,12:00:00,0.739,0.7395,0.7359,0.7368,1441,0.738,BEARISH_DAILY_LOW_BREAKOUT,1,-0.719326818675349,-0.6107491856677605,-0.5971769815417969
2005-11-08,04:00:00,0.7322,0.7324,0.7284,0.7297,1334,0.7305,BEARISH_DAILY_LOW_BREAKOUT,1,0.13704262025489938,0.8496642455803732,0.5755790050705744
2005-11-10,16:00:00,0.7332,0.7362,0.7295,0.7308,1919,0.7318,BEARISH_DAILY_LOW_BREAKOUT,1,-0.15051997810618362,0.20525451559933577,0.23262178434592706
2005-11-14,12:00:00,0.7329,0.7347,0.7285,0.7286,1606,0.7293,BEARISH_DAILY_LOW_BREAKOUT,1,-0.27449903925336283,-0.054899807850681714,-0.054899807850681714
2005-11-25,04:00:00,0.7372,0.7376,0.7356,0.736,1196,0.7368,BEARISH_DAILY_LOW_BREAKOUT,1,0.013586956521737635,-0.14945652173912904,-0.339673913043471
2005-11-28,00:00:00,0.7338,0.7353,0.7332,0.7342,571,0.7345,BEARISH_DAILY_LOW_BREAKOUT,1,-0.09534186870061603,0.08172160174340029,1.0351402887496666
2005-12-07,00:00:00,0.7536,0.7539,0.7484,0.7493,1196,0.7501,BEARISH_DAILY_LOW_BREAKOUT,1,0.0,-0.3202989456826315,-0.08007473642065047
2005-12-15,08:00:00,0.7548,0.7557,0.7498,0.7504,1525,0.7521,BEARISH_DAILY_LOW_BREAKOUT,1,-0.1332622601279319,-0.34648187633261407,-0.4131130063965874
2005-12-16,00:00:00,0.7477,0.7486,0.7442,0.7451,1304,0.7456,BEARISH_DAILY_LOW_BREAKOUT,1,0.02684203462622171,-0.13421017313112346,-0.10736813850490176
2005-12-19,20:00:00,0.742,0.7425,0.7399,0.7403,1357,0.7419,BEARISH_DAILY_LOW_BREAKOUT,1,0.12157233553964769,-0.16209644738619194,-0.851006348777519
2005-12-20,04:00:00,0.7414,0.7418,0.7383,0.7392,1190,0.7399,BEARISH_DAILY_LOW_BREAKOUT,1,-0.01352813852813704,-0.7846320346320234,-0.6222943722943639
2005-12-22,12:00:00,0.7322,0.7325,0.7301,0.7312,1400,0.7319,BEARISH_DAILY_LOW_BREAKOUT,1,0.0,-0.10940919037197921,-0.30087527352297316
2005-12-23,12:00:00,0.7305,0.7313,0.7281,0.729,1277,0.73,BEARISH_DAILY_LOW_BREAKOUT,1,-0.1646090534979395,0.2194787379972628,0.31550068587105196
2005-12-27,16:00:00,0.7286,0.7297,0.7258,0.7262,1179,0.7283,BEARISH_DAILY_LOW_BREAKOUT,1,-0.24786560176258782,0.13770311209033337,0.5370421371523016
2006-01-10,04:00:00,0.7516,0.7535,0.749,0.7495,1268,0.7501,BEARISH_DAILY_LOW_BREAKOUT,1,0.06671114076049965,-0.08005336891261439,0.06671114076049965
2006-01-17,00:00:00,0.7547,0.755,0.7518,0.7523,1049,0.7531,BEARISH_DAILY_LOW_BREAKOUT,1,0.22597368071248636,0.14621826399042803,-0.15951083344410194
2006-01-18,04:00:00,0.751,0.7517,0.747,0.7477,1378,0.7504,BEARISH_DAILY_LOW_BREAKOUT,1,0.3076100040123002,0.13374348000534986,-0.16049217600641685
2006-01-19,08:00:00,0.7463,0.7476,0.7444,0.7449,1378,0.7459,BEARISH_DAILY_LOW_BREAKOUT,1,-0.01342462075446221,0.3221908981071228,0.469861726406222
2006-01-27,20:00:00,0.7514,0.7522,0.749,0.749,1738,0.7511,BEARISH_DAILY_LOW_BREAKOUT,1,0.2136181575433973,0.200267022696922,-0.0801068090787777
2006-01-30,20:00:00,0.7495,0.7498,0.7478,0.7484,1098,0.749,BEARISH_DAILY_LOW_BREAKOUT,1,0.10689470871192183,0.5077498663816176,1.309460181721009
2006-02-02,04:00:00,0.7526,0.7531,0.7513,0.752,1234,0.7524,BEARISH_DAILY_LOW_BREAKOUT,1,-0.039893617021272205,0.35904255319149414,0.09308510638298324
2006-02-03,16:00:00,0.7524,0.7534,0.7475,0.7491,1865,0.7505,BEARISH_DAILY_LOW_BREAKOUT,1,-0.06674676278199773,-0.3604325190228322,-0.8543585636096598
2006-02-06,04:00:00,0.7489,0.7495,0.7459,0.7464,1434,0.7475,BEARISH_DAILY_LOW_BREAKOUT,1,-0.02679528403000777,-0.4957127545551884,-0.5225080385851961
2006-02-07,20:00:00,0.7436,0.7439,0.7391,0.7398,1249,0.7411,BEARISH_DAILY_LOW_BREAKOUT,1,-0.013517166801836848,-0.32441200324411434,-0.13517166801838346
2006-02-08,04:00:00,0.7397,0.7411,0.7377,0.7382,1218,0.7391,BEARISH_DAILY_LOW_BREAKOUT,1,-0.10837171498237767,0.1219181793551899,0.257382823083177
2006-02-10,16:00:00,0.7425,0.744,0.7374,0.7379,1597,0.738,BEARISH_DAILY_LOW_BREAKOUT,1,0.09486380268329501,-0.1219677463070893,0.23038352080228144
2006-02-21,08:00:00,0.7383,0.7394,0.7371,0.7379,1355,0.7383,BEARISH_DAILY_LOW_BREAKOUT,1,0.09486380268329501,0.1219677463070893,-0.1626236617427807
2006-02-22,08:00:00,0.7388,0.7396,0.7364,0.7367,1285,0.7369,BEARISH_DAILY_LOW_BREAKOUT,1,-0.27148092846477556,-0.04072213926971182,0.05429618569294909
2006-02-27,20:00:00,0.7387,0.739,0.7365,0.7371,1068,0.7378,BEARISH_DAILY_LOW_BREAKOUT,1,-0.054266720933381626,0.32560032560033497,0.7461674128340877
2006-03-03,16:00:00,0.7449,0.7462,0.7421,0.7439,1496,0.7441,BEARISH_DAILY_LOW_BREAKOUT,1,0.06721333512568153,0.02688533405027261,-0.4167226777792703
2006-03-06,16:00:00,0.7435,0.7439,0.7404,0.7408,1377,0.7421,BEARISH_DAILY_LOW_BREAKOUT,1,0.013498920086391602,-0.39146868250540146,-0.944924406047517
2006-03-07,04:00:00,0.7394,0.7404,0.7375,0.7379,1360,0.7394,BEARISH_DAILY_LOW_BREAKOUT,1,0.01355197181189714,-0.5556308442878428,-0.5014229570402543
2006-03-08,16:00:00,0.7343,0.7348,0.7313,0.7317,1457,0.7328,BEARISH_DAILY_LOW_BREAKOUT,1,0.2733360666940005,0.546672133388001,0.47833811671449333
2006-03-10,16:00:00,0.7348,0.7354,0.7302,0.7308,1723,0.7326,BEARISH_DAILY_LOW_BREAKOUT,1,0.13683634373289558,0.3420908593322313,0.24630541871921507
2006-03-16,12:00:00,0.7366,0.738,0.7357,0.7363,1291,0.7365,BEARISH_DAILY_LOW_BREAKOUT,1,-0.1901398886323451,0.17655846801576516,-0.6926524514464205
2006-03-17,08:00:00,0.7357,0.7361,0.7312,0.7322,1491,0.7338,BEARISH_DAILY_LOW_BREAKOUT,1,-0.13657470636438143,-0.4370390603660176,-1.5569516525539424
2006-03-20,00:00:00,0.7275,0.728,0.7252,0.7259,688,0.7265,BEARISH_DAILY_LOW_BREAKOUT,1,-0.08265601322496831,-0.8816641410662571,-0.7990081278413043
2006-03-21,08:00:00,0.7203,0.722,0.7156,0.7164,1458,0.7178,BEARISH_DAILY_LOW_BREAKOUT,1,0.2791736460078171,-0.027917364600794106,0.0
2006-03-23,16:00:00,0.7185,0.7189,0.713,0.7145,1467,0.7152,BEARISH_DAILY_LOW_BREAKOUT,1,0.0,-0.46186144156752545,-0.48985304408678215
2006-03-24,00:00:00,0.7143,0.7153,0.7103,0.7117,1363,0.713,BEARISH_DAILY_LOW_BREAKOUT,1,-0.07025432064071167,-0.5058311086131864,-0.3793733314598898
2006-03-27,08:00:00,0.7076,0.7085,0.7036,0.7051,1612,0.706,BEARISH_DAILY_LOW_BREAKOUT,1,0.12764146929513714,0.014182385477251456,0.7942135867252943
2006-03-29,04:00:00,0.7064,0.7067,0.7015,0.7024,1380,0.7042,BEARISH_DAILY_LOW_BREAKOUT,1,-0.014236902050112328,0.3416856492027275,1.0108200455580858
2006-04-13,12:00:00,0.7305,0.7316,0.7257,0.7262,1662,0.7291,BEARISH_DAILY_LOW_BREAKOUT,1,0.09639217846323794,0.19278435692647589,0.28917653538969856
2006-04-20,16:00:00,0.7437,0.7439,0.7357,0.7369,1865,0.7411,BEARISH_DAILY_LOW_BREAKOUT,1,0.14927398561541455,0.28497760890215645,0.9770660876645385
2006-05-02,04:00:00,0.7576,0.7583,0.7555,0.7568,1243,0.7573,BEARISH_DAILY_LOW_BREAKOUT,1,0.33033826638477093,0.5153276955602556,1.294926004228319
2006-05-09,08:00:00,0.7685,0.7696,0.7632,0.7645,1499,0.7677,BEARISH_DAILY_LOW_BREAKOUT,1,0.5624591236102134,1.2557226945716224,0.9679529103989633
2006-05-11,04:00:00,0.7707,0.772,0.768,0.7707,1410,0.7709,BEARISH_DAILY_LOW_BREAKOUT,1,0.12975217334890368,0.9990917347865484,0.7785130400934078
2006-05-15,08:00:00,0.7701,0.7712,0.7606,0.7621,1627,0.7698,BEARISH_DAILY_LOW_BREAKOUT,1,0.4723789528933273,-0.2099462012859265,-0.10497310064296325
2006-05-17,20:00:00,0.7611,0.7612,0.7575,0.7584,1388,0.7598,BEARISH_DAILY_LOW_BREAKOUT,1,0.06592827004220148,0.725210970464143,0.7647679324894552
2006-05-19,12:00:00,0.7612,0.7621,0.7547,0.7549,1429,0.7574,BEARISH_DAILY_LOW_BREAKOUT,1,0.34441647900383304,-0.21194860246390856,-0.7153265333156656
2006-05-22,08:00:00,0.7524,0.7527,0.7466,0.7484,1532,0.7525,BEARISH_DAILY_LOW_BREAKOUT,1,0.1469802244789018,0.6948156066274844,0.9353287012292901
2006-05-24,00:00:00,0.752,0.7532,0.7491,0.7498,1478,0.7514,BEARISH_DAILY_LOW_BREAKOUT,1,0.13336889837289956,0.8002133902373973,0.3867698052814102
2006-05-31,16:00:00,0.7593,0.7602,0.7511,0.7525,1690,0.7566,BEARISH_DAILY_LOW_BREAKOUT,1,-0.03986710963454711,-0.4385382059800625,-0.6910299003322237
2006-06-01,00:00:00,0.7523,0.7532,0.7498,0.7507,1204,0.7511,BEARISH_DAILY_LOW_BREAKOUT,1,-0.19981350739310733,-0.772612228586656,-0.30638071133609696
2006-06-06,04:00:00,0.7467,0.7478,0.7441,0.7444,1330,0.7467,BEARISH_DAILY_LOW_BREAKOUT,1,0.1880709296077469,-0.5239118753358281,-0.41644277270284685
2006-06-13,00:00:00,0.7461,0.7476,0.742,0.743,1276,0.7455,BEARISH_DAILY_LOW_BREAKOUT,1,-0.09421265141319433,-0.3768506056527624,-0.7671601615074076
2006-06-14,12:00:00,0.7396,0.7407,0.7344,0.7354,1625,0.7366,BEARISH_DAILY_LOW_BREAKOUT,1,0.42153929834103776,0.14957846070165756,0.39434321457708765
2006-06-19,16:00:00,0.7377,0.7385,0.736,0.7369,1493,0.7373,BEARISH_DAILY_LOW_BREAKOUT,1,-0.040711086986018045,0.1221332609580692,0.1899850726014326
2006-06-21,12:00:00,0.7384,0.7386,0.7345,0.7355,1515,0.7359,BEARISH_DAILY_LOW_BREAKOUT,1,0.3127124405166511,0.598232494901422,-0.027192386131895167
2006-06-22,16:00:00,0.7355,0.7359,0.7321,0.7326,1637,0.734,BEARISH_DAILY_LOW_BREAKOUT,1,0.1638001638001609,0.24570024570024895,-0.013650013650012147
2006-06-23,12:00:00,0.7321,0.733,0.7304,0.7314,1652,0.7321,BEARISH_DAILY_LOW_BREAKOUT,1,0.1503964998632745,0.08203445447086873,-0.06836204539240578
2006-06-28,08:00:00,0.7322,0.7326,0.7283,0.73,1599,0.7309,BEARISH_DAILY_LOW_BREAKOUT,1,-0.16438356164383272,-0.08219178082190876,-0.08219178082190876
2006-07-05,16:00:00,0.743,0.7441,0.7399,0.7403,1714,0.7418,BEARISH_DAILY_LOW_BREAKOUT,1,0.21612859651493257,0.20262055923275119,0.6754018641091456
2006-07-14,04:00:00,0.7526,0.7536,0.7492,0.7508,1794,0.7515,BEARISH_DAILY_LOW_BREAKOUT,1,0.2663825253063401,0.35961640916354887,0.013319126265315529
2006-07-17,20:00:00,0.7492,0.7496,0.7467,0.7476,1195,0.748,BEARISH_DAILY_LOW_BREAKOUT,1,0.05350454788656447,0.37453183520598093,-0.1738897806313642
2006-07-18,16:00:00,0.7506,0.7516,0.7453,0.7458,1741,0.7467,BEARISH_DAILY_LOW_BREAKOUT,1,0.06704210244032514,-0.06704210244034003,0.4156610351300606
2006-07-19,12:00:00,0.7461,0.7468,0.7408,0.7417,1871,0.7445,BEARISH_DAILY_LOW_BREAKOUT,1,0.9707428879600895,1.0920857489551026,1.1729809896184347
2006-08-01,04:00:00,0.7645,0.765,0.7626,0.7628,1406,0.7642,BEARISH_DAILY_LOW_BREAKOUT,1,-0.02621919244888424,0.32773990561090016,0.6161510225484959
2006-08-03,08:00:00,0.7635,0.7646,0.7598,0.7606,1740,0.7631,BEARISH_DAILY_LOW_BREAKOUT,1,0.22350775703391057,0.05259006047856375,-0.013147515119655534
2006-08-08,08:00:00,0.762,0.7627,0.7592,0.76,1438,0.7616,BEARISH_DAILY_LOW_BREAKOUT,1,-0.05263157894736262,-0.013157894736840654,0.40789473684210414
2006-08-09,00:00:00,0.7602,0.761,0.7568,0.7577,1473,0.7586,BEARISH_DAILY_LOW_BREAKOUT,1,-0.05279134221988478,0.9898376666226674,1.1086181866173899
2006-08-14,12:00:00,0.766,0.7665,0.7609,0.7615,1533,0.7651,BEARISH_DAILY_LOW_BREAKOUT,1,-0.2232435981615133,-0.2363755745239544,0.30203545633618906
2006-08-17,16:00:00,0.7652,0.7659,0.7618,0.7623,1925,0.7627,BEARISH_DAILY_LOW_BREAKOUT,1,-0.07870916961825186,-0.17053653417289358,-0.537845992391446
2006-08-18,12:00:00,0.7602,0.7614,0.7562,0.7569,1554,0.7599,BEARISH_DAILY_LOW_BREAKOUT,1,0.17175320385783693,0.1849649887699771,0.8851895891134798
2006-08-24,00:00:00,0.7632,0.7632,0.7606,0.7606,1284,0.7616,BEARISH_DAILY_LOW_BREAKOUT,1,0.026295030239281876,0.4075729687089129,0.06573757559820469
2006-08-25,12:00:00,0.7601,0.7611,0.7579,0.7579,1614,0.7597,BEARISH_DAILY_LOW_BREAKOUT,1,-0.25069270352289386,-0.052777411267986137,0.03958305845097862
2006-09-06,12:00:00,0.7686,0.7696,0.7661,0.7673,1568,0.7683,BEARISH_DAILY_LOW_BREAKOUT,1,-0.2736869542551793,-0.05213084842955246,-1.0165515443763884
2006-09-07,08:00:00,0.7667,0.7676,0.7622,0.7639,1780,0.7649,BEARISH_DAILY_LOW_BREAKOUT,1,-0.5759916219400537,-0.7461709647859718,-0.6676266527032325
2006-09-08,12:00:00,0.7586,0.7592,0.7538,0.754,1754,0.7576,BEARISH_DAILY_LOW_BREAKOUT,1,-0.026525198938989122,-0.172413793103444,-0.10610079575597121
2006-09-11,00:00:00,0.7531,0.7546,0.7523,0.7527,957,0.7528,BEARISH_DAILY_LOW_BREAKOUT,1,0.0531420220539333,0.06642752756741661,-0.33213763783712735
2006-09-13,04:00:00,0.7507,0.7509,0.7483,0.7499,1487,0.7501,BEARISH_DAILY_LOW_BREAKOUT,1,0.2667022269635954,0.3733831177490365,0.2266968929190605
2006-09-15,16:00:00,0.7523,0.7538,0.7502,0.7508,1978,0.7511,BEARISH_DAILY_LOW_BREAKOUT,1,0.2663825253063401,0.2530633990410246,0.4528502930207723
2006-09-22,16:00:00,0.7532,0.7539,0.7495,0.7516,1894,0.7519,BEARISH_DAILY_LOW_BREAKOUT,1,-0.039914848323586744,0.0931346460883346,0.07982969664714394
2006-09-27,12:00:00,0.751,0.7517,0.7479,0.7487,1777,0.7502,BEARISH_DAILY_LOW_BREAKOUT,1,0.17363429945237982,0.3071991451849831,0.013356484573258845
2006-09-29,08:00:00,0.7479,0.7492,0.7446,0.7456,2049,0.7462,BEARISH_DAILY_LOW_BREAKOUT,1,-0.22800429184549822,0.013412017167380497,-0.13412017167381984
2006-10-04,08:00:00,0.7435,0.7451,0.7416,0.7418,1301,0.7423,BEARISH_DAILY_LOW_BREAKOUT,1,0.31005661903477605,0.5527096252359117,0.5661903478026398
2006-10-06,12:00:00,0.7452,0.7483,0.743,0.7433,1020,0.7439,BEARISH_DAILY_LOW_BREAKOUT,1,-0.12108166285483815,-0.10762814475984285,0.16144221713979415
2006-10-11,20:00:00,0.7441,0.7444,0.7418,0.7419,896,0.7425,BEARISH_DAILY_LOW_BREAKOUT,1,0.05391562205148349,0.8761288583366963,1.1996225906456421
2006-10-23,20:00:00,0.7576,0.7577,0.7564,0.7568,799,0.7573,BEARISH_DAILY_LOW_BREAKOUT,1,0.02642706131077933,-0.02642706131077933,0.11892177589852165
2006-11-02,00:00:00,0.7752,0.7754,0.7708,0.7714,972,0.7729,BEARISH_DAILY_LOW_BREAKOUT,1,0.07778065854291483,0.23334197562873008,0.2722323049001803
2006-11-03,16:00:00,0.7721,0.7725,0.7684,0.7695,1221,0.7706,BEARISH_DAILY_LOW_BREAKOUT,1,0.05198180636777998,0.025990903183897206,0.12995451591942833
2006-11-06,08:00:00,0.7698,0.7702,0.7669,0.7681,1150,0.7684,BEARISH_DAILY_LOW_BREAKOUT,1,0.18226793386277265,0.4035932821247223,0.6379377685197261
2006-11-08,12:00:00,0.7707,0.7715,0.7691,0.7696,672,0.7702,BEARISH_DAILY_LOW_BREAKOUT,1,0.10395010395010693,-0.45478170478169805,-0.44178794178793646
2006-11-09,00:00:00,0.7707,0.7709,0.766,0.7661,741,0.7677,BEARISH_DAILY_LOW_BREAKOUT,1,0.05221250489491658,0.013053126223729145,0.3915937867119178
2006-11-13,08:00:00,0.7674,0.7677,0.7651,0.7656,634,0.766,BEARISH_DAILY_LOW_BREAKOUT,1,-0.1306165099268549,-0.4571577847439849,-0.026123301985368073
2006-12-04,04:00:00,0.7872,0.7874,0.7855,0.7865,552,0.7873,BEARISH_DAILY_LOW_BREAKOUT,1,-0.025429116338204445,0.33057851239670016,0.15257469802924079
2006-12-11,00:00:00,0.7848,0.785,0.7833,0.7838,366,0.7847,BEARISH_DAILY_LOW_BREAKOUT,1,-0.2551671344730801,-0.17861699413116455,0.19137535085480298
2006-12-14,12:00:00,0.7863,0.7867,0.7815,0.7824,1389,0.7843,BEARISH_DAILY_LOW_BREAKOUT,1,0.15337423312883164,0.025562372188136243,-0.3195296523517314
2006-12-15,12:00:00,0.782,0.7821,0.777,0.7799,926,0.7812,BEARISH_DAILY_LOW_BREAKOUT,1,0.32055391716886095,0.14104372355430053,0.12822156686754724
2006-12-26,00:00:00,0.7846,0.7856,0.7844,0.7849,212,0.8049,BEARISH_DAILY_LOW_BREAKOUT,1,0.012740476493819465,0.0,-0.28029048286407066
2007-01-04,08:00:00,0.7905,0.7909,0.7869,0.7872,875,0.7905,BEARISH_DAILY_LOW_BREAKOUT,1,-0.2667682926829256,-0.41920731707316683,-0.47002032520325665
2007-01-05,00:00:00,0.784,0.7844,0.7811,0.7816,732,0.7828,BEARISH_DAILY_LOW_BREAKOUT,1,0.05117707267145176,0.2430910951893568,-0.3070624360286538
2007-01-10,16:00:00,0.7792,0.7796,0.7759,0.7763,960,0.7786,BEARISH_DAILY_LOW_BREAKOUT,1,0.06440808965606801,0.7728970758727303,0.7342522220790981
2007-01-16,00:00:00,0.7842,0.7843,0.7822,0.7825,507,0.7826,BEARISH_DAILY_LOW_BREAKOUT,1,0.03833865814697482,0.23003194888179218,0.012779552715653546
2007-01-24,00:00:00,0.7923,0.7929,0.7843,0.7858,858,0.7871,BEARISH_DAILY_LOW_BREAKOUT,1,-0.279969457877334,-0.3817765334690764,-0.8399083736319738
2007-01-25,16:00:00,0.7799,0.7804,0.7766,0.7772,768,0.779,BEARISH_DAILY_LOW_BREAKOUT,1,-0.5146680391147714,-0.3860010293360786,-0.6562017498713322
2007-01-26,16:00:00,0.7738,0.7743,0.7718,0.7721,880,0.7727,BEARISH_DAILY_LOW_BREAKOUT,1,0.16837197254241262,0.20722704312913426,0.038855070586707285
2007-01-29,20:00:00,0.7725,0.7729,0.771,0.7712,324,0.7718,BEARISH_DAILY_LOW_BREAKOUT,1,0.0907676348547762,0.19450207468880407,0.12966804979253124
2007-02-02,00:00:00,0.7735,0.7746,0.772,0.7724,355,0.7734,BEARISH_DAILY_LOW_BREAKOUT,1,0.03883997928535448,0.14241325737959476,0.02589331952356007
2007-02-09,12:00:00,0.7792,0.7795,0.7752,0.7757,663,0.7766,BEARISH_DAILY_LOW_BREAKOUT,1,0.06445790898543972,-0.21915689055046073,-0.2965063813329855
2007-02-12,00:00:00,0.777,0.7775,0.7734,0.774,231,0.7751,BEARISH_DAILY_LOW_BREAKOUT,1,-0.038759689922476345,-0.07751937984496704,-0.38759689922480656
2007-02-13,00:00:00,0.7715,0.7723,0.7709,0.771,287,0.7711,BEARISH_DAILY_LOW_BREAKOUT,1,0.27237354085602994,0.363164721141378,1.024643320363167
2007-02-27,20:00:00,0.7929,0.7934,0.7872,0.7876,861,0.791,BEARISH_DAILY_LOW_BREAKOUT,1,-0.12696800406297623,-0.050787201625184866,0.012696800406296217
2007-02-28,00:00:00,0.7875,0.7884,0.7853,0.7866,937,0.7872,BEARISH_DAILY_LOW_BREAKOUT,1,0.13984235952199212,0.06356470887364048,0.07627765064836575
2007-03-01,20:00:00,0.7862,0.7863,0.7843,0.7849,505,0.7853,BEARISH_DAILY_LOW_BREAKOUT,1,0.038221429481458395,-0.22932857688877867,-0.36947381832080695
2007-03-02,08:00:00,0.7849,0.7853,0.7825,0.7831,578,0.784,BEARISH_DAILY_LOW_BREAKOUT,1,0.01276976120546405,-0.14046737326011874,-1.0088111352317735
2007-03-05,00:00:00,0.7822,0.7822,0.7781,0.7782,330,0.781,BEARISH_DAILY_LOW_BREAKOUT,1,-0.218452839886923,-0.449755846826002,-0.8352608583911527
2007-03-23,20:00:00,0.8056,0.8059,0.8045,0.8047,293,0.805,BEARISH_DAILY_LOW_BREAKOUT,1,0.049707965701511994,0.08698893997763563,0.633776562694171
2007-03-26,04:00:00,0.8052,0.8054,0.8027,0.8038,463,0.8043,BEARISH_DAILY_LOW_BREAKOUT,1,0.1990544911669627,0.709131624782289,0.7464543418760893
2007-03-28,08:00:00,0.8069,0.807,0.8037,0.8043,742,0.8065,BEARISH_DAILY_LOW_BREAKOUT,1,0.27352977744622403,0.062165858510499175,0.5843590699987613
2007-04-04,00:00:00,0.8129,0.8137,0.8062,0.8083,798,0.8115,BEARISH_DAILY_LOW_BREAKOUT,1,0.49486576766052254,0.6804404305332116,1.397995793640972
2007-04-06,16:00:00,0.8173,0.818,0.8151,0.8159,356,0.8163,BEARISH_DAILY_LOW_BREAKOUT,1,0.03676921191323422,0.0,0.0
2007-04-23,08:00:00,0.8349,0.835,0.8324,0.8328,456,0.8338,BEARISH_DAILY_LOW_BREAKOUT,1,-0.036023054755039266,-0.09606147934678469,-0.81652257444765
2007-04-24,04:00:00,0.8324,0.8328,0.8238,0.8249,1122,0.8314,BEARISH_DAILY_LOW_BREAKOUT,1,0.13334949690871498,0.2909443568917528,0.5940113953206468
2007-04-26,16:00:00,0.8289,0.8289,0.825,0.8264,671,0.8271,BEARISH_DAILY_LOW_BREAKOUT,1,-0.012100677637946393,-0.048402710551799004,0.3872216844143248
2007-05-02,00:00:00,0.8271,0.8281,0.8263,0.8263,378,0.8271,BEARISH_DAILY_LOW_BREAKOUT,1,-0.38726854653273396,-0.09681713663318685,-0.254144983662107
2007-05-04,04:00:00,0.8221,0.8223,0.8169,0.819,652,0.8221,BEARISH_DAILY_LOW_BREAKOUT,1,-0.02442002442002173,0.14652014652015752,0.6715506715506789
2007-05-11,00:00:00,0.8267,0.827,0.8228,0.8257,676,0.8262,BEARISH_DAILY_LOW_BREAKOUT,1,0.3027734043841659,0.6539905534697785,0.8598764684510106
2007-05-15,08:00:00,0.8321,0.8332,0.8307,0.8314,327,0.8317,BEARISH_DAILY_LOW_BREAKOUT,1,0.1563627616069242,0.2886697137358621,-0.0962232379119585
2007-05-16,12:00:00,0.8307,0.8313,0.8281,0.8287,606,0.8302,BEARISH_DAILY_LOW_BREAKOUT,1,-0.5550862797152091,-0.2896102328948905,-0.892964884759257
2007-05-17,12:00:00,0.8255,0.8259,0.821,0.8213,601,0.8235,BEARISH_DAILY_LOW_BREAKOUT,1,0.1582856447096028,0.18263728235723192,0.048703275295258246
2007-05-21,12:00:00,0.8221,0.8221,0.8184,0.8184,600,0.8205,BEARISH_DAILY_LOW_BREAKOUT,1,0.2565982404692071,0.26881720430107275,0.4276637341153406
2007-05-24,20:00:00,0.8205,0.8209,0.8178,0.8184,421,0.8187,BEARISH_DAILY_LOW_BREAKOUT,1,0.08553274682307355,-0.03665689149559714,-0.08553274682307355
2007-05-25,20:00:00,0.8183,0.8185,0.8177,0.8177,181,0.8178,BEARISH_DAILY_LOW_BREAKOUT,1,0.0978353919530418,0.12229423994129887,0.2201296318943407
2007-06-13,08:00:00,0.8407,0.8418,0.8375,0.8375,807,0.8399,BEARISH_DAILY_LOW_BREAKOUT,1,0.10746268656716561,0.34626865671641954,-0.09552238805970423
2007-06-14,12:00:00,0.8368,0.8381,0.8332,0.8345,974,0.8357,BEARISH_DAILY_LOW_BREAKOUT,1,0.03594967046135014,0.19173157579388073,0.6231276213301357
2007-06-26,20:00:00,0.8469,0.8472,0.8454,0.8455,311,0.846,BEARISH_DAILY_LOW_BREAKOUT,1,-0.15375517445299572,-0.674157303370791,-0.8279124778237736
2007-06-27,00:00:00,0.8454,0.8459,0.8423,0.8442,826,0.8451,BEARISH_DAILY_LOW_BREAKOUT,1,-0.28429282160624947,-0.3198294243070274,-0.4738213693437579
2007-07-20,16:00:00,0.8804,0.8833,0.8752,0.8756,1290,0.8762,BEARISH_DAILY_LOW_BREAKOUT,1,0.5139333028780206,0.5938784833257175,0.9022384650525248
2007-07-25,00:00:00,0.882,0.8828,0.88,0.8802,686,0.8805,BEARISH_DAILY_LOW_BREAKOUT,1,0.6134969325153455,0.46580322653942197,0.4885253351510987
2007-07-26,16:00:00,0.8797,0.8799,0.8758,0.8785,1860,0.8786,BEARISH_DAILY_LOW_BREAKOUT,1,-0.8423449060899217,-0.6033010813887275,-2.902675014228796
2007-07-27,08:00:00,0.8729,0.8733,0.8561,0.8628,3486,0.8705,BEARISH_DAILY_LOW_BREAKOUT,1,0.0811312007417749,-1.2865090403337969,-1.1474269819193348
2007-07-30,04:00:00,0.8513,0.8517,0.8487,0.849,1079,0.8509,BEARISH_DAILY_LOW_BREAKOUT,1,0.45936395759717485,0.3297997644287426,1.2603062426384033
2007-08-01,04:00:00,0.8521,0.8539,0.8471,0.8486,1409,0.8511,BEARISH_DAILY_LOW_BREAKOUT,1,-0.16497761018148335,0.3535234503888761,0.3299552203629536
2007-08-09,12:00:00,0.8576,0.8586,0.8499,0.85,1410,0.8537,BEARISH_DAILY_LOW_BREAKOUT,1,0.2235294117647074,-0.27058823529411397,-0.7294117647058804
2007-08-10,00:00:00,0.8497,0.8511,0.8468,0.8477,912,0.8484,BEARISH_DAILY_LOW_BREAKOUT,1,-0.6016279344107578,-0.4600684204317583,-0.22413589713342133
2007-08-14,00:00:00,0.8421,0.8427,0.8385,0.8397,959,0.8407,BEARISH_DAILY_LOW_BREAKOUT,1,-0.059545075622252704,-0.21436227224008855,-0.7859949982136537
2007-08-15,00:00:00,0.8344,0.8346,0.8326,0.8331,736,0.8339,BEARISH_DAILY_LOW_BREAKOUT,1,-0.5521546032889134,-1.4764133957508077,-1.9445444724522858
2007-08-16,00:00:00,0.8198,0.8201,0.8162,0.8169,1446,0.8199,BEARISH_DAILY_LOW_BREAKOUT,1,-1.1629330395397177,-3.4275921165381216,-3.1093157057167318
2007-08-17,04:00:00,0.7917,0.7919,0.7802,0.7809,2868,0.782,BEARISH_DAILY_LOW_BREAKOUT,1,-0.12805736970162643,1.575105647330001,1.8824433346138987
2007-08-28,00:00:00,0.8279,0.8286,0.8236,0.8237,1300,0.8271,BEARISH_DAILY_LOW_BREAKOUT,1,-0.20638582008013048,0.024280684715306297,-1.8210513536481745
2007-08-29,00:00:00,0.8157,0.8158,0.8074,0.8087,1945,0.8153,BEARISH_DAILY_LOW_BREAKOUT,1,0.037096574749607765,0.7419314949919631,1.2241869667367404
2007-09-05,12:00:00,0.8224,0.8232,0.8186,0.8196,1278,0.8199,BEARISH_DAILY_LOW_BREAKOUT,1,0.7320644216691075,0.10980966325036749,0.5368472425573401
2007-09-10,00:00:00,0.8266,0.8266,0.8189,0.8195,1020,0.8228,BEARISH_DAILY_LOW_BREAKOUT,1,0.29286150091518703,0.5857230018303876,0.5735204392922559
2007-09-17,20:00:00,0.835,0.8357,0.8318,0.8335,639,0.8342,BEARISH_DAILY_LOW_BREAKOUT,1,-0.10797840431913759,-0.22795440911817788,2.2915416916616684
2007-09-25,00:00:00,0.8681,0.8692,0.8632,0.8642,697,0.8656,BEARISH_DAILY_LOW_BREAKOUT,1,0.08099976857209372,0.0,0.9488544318444788
2007-10-02,16:00:00,0.8865,0.8874,0.8816,0.8843,1520,0.8853,BEARISH_DAILY_LOW_BREAKOUT,1,-0.09046703607373323,0.5541105959516018,0.13570055411059356
2007-10-16,08:00:00,0.8986,0.9012,0.8831,0.8918,3297,0.8958,BEARISH_DAILY_LOW_BREAKOUT,1,-0.31397174254317384,-0.4148912312177659,-0.28033191298498067
2007-10-22,00:00:00,0.8891,0.8891,0.8839,0.8859,821,0.889,BEARISH_DAILY_LOW_BREAKOUT,1,0.3047748052827548,-0.9933401061067875,0.10159160176092244
2007-10-30,04:00:00,0.9197,0.9206,0.9165,0.9166,1214,0.9185,BEARISH_DAILY_LOW_BREAKOUT,1,0.49094479598516905,0.19637791839406762,0.5127645646956183
2007-11-01,20:00:00,0.9195,0.9207,0.9107,0.9121,1746,0.9179,BEARISH_DAILY_LOW_BREAKOUT,1,0.46047582501918444,0.7674597083653115,1.2060081131454894
2007-11-08,00:00:00,0.929,0.9298,0.9187,0.9252,2335,0.927,BEARISH_DAILY_LOW_BREAKOUT,1,-0.10808473843493308,0.32425421530479925,0.41072200605274817
2007-11-09,12:00:00,0.9267,0.9269,0.9147,0.917,3388,0.9187,BEARISH_DAILY_LOW_BREAKOUT,1,-0.32715376226826637,-1.4721919302072046,-3.7186477644492935
2007-11-12,00:00:00,0.9052,0.9088,0.9024,0.9035,1040,0.91,BEARISH_DAILY_LOW_BREAKOUT,1,-1.2617598229108982,-2.280022136137239,-2.1361372440509117
2007-11-15,12:00:00,0.8963,0.8967,0.8888,0.891,2119,0.8947,BEARISH_DAILY_LOW_BREAKOUT,1,0.112233445566779,-0.594837261503925,0.06734006734005993
2007-11-20,00:00:00,0.8845,0.8847,0.8802,0.8823,1109,0.8826,BEARISH_DAILY_LOW_BREAKOUT,1,0.1473421738637741,0.48736257508784786,0.8160489629377744
2007-11-21,12:00:00,0.8808,0.8815,0.8651,0.8738,3330,0.8757,BEARISH_DAILY_LOW_BREAKOUT,1,-0.4921034561684562,-0.32043945983062766,-0.27466239414054344
2007-12-03,04:00:00,0.8828,0.883,0.8785,0.8795,1330,0.8805,BEARISH_DAILY_LOW_BREAKOUT,1,0.05685048322911381,0.341102899374645,-0.613985218874356
2007-12-04,00:00:00,0.8801,0.8811,0.8745,0.8757,951,0.8785,BEARISH_DAILY_LOW_BREAKOUT,1,-0.18271097407788578,-0.034258307639611504,-0.7993605115907281
2007-12-05,00:00:00,0.8729,0.8744,0.8686,0.8687,1315,0.8709,BEARISH_DAILY_LOW_BREAKOUT,1,0.18418326234602678,-0.1266259928628974,0.3798779785886922
2007-12-11,20:00:00,0.8863,0.8895,0.871,0.872,1989,0.8741,BEARISH_DAILY_LOW_BREAKOUT,1,0.5389908256880777,0.9747706422018294,1.1123853211009223
2007-12-14,12:00:00,0.8766,0.8766,0.8676,0.8686,2024,0.8733,BEARISH_DAILY_LOW_BREAKOUT,1,-0.782868984572879,-0.48353672576561046,-1.2318673727837948
2007-12-17,08:00:00,0.8617,0.8626,0.8575,0.8587,1670,0.8604,BEARISH_DAILY_LOW_BREAKOUT,1,-0.09316408524514067,-0.26784674507976813,0.10480959590078162
2007-12-18,16:00:00,0.8632,0.8642,0.8551,0.8555,1745,0.8557,BEARISH_DAILY_LOW_BREAKOUT,1,0.4324956165984717,0.8416130917592033,0.10520163646990204
2008-01-04,16:00:00,0.8817,0.8836,0.8732,0.876,2785,0.8785,BEARISH_DAILY_LOW_BREAKOUT,1,-0.44520547945205646,-0.37671232876711985,-0.570776255707763
2008-01-15,16:00:00,0.8993,0.9007,0.8862,0.8872,3139,0.8909,BEARISH_DAILY_LOW_BREAKOUT,1,-0.2028854824165942,-0.2930568079350694,-1.0256988277727679
2008-01-16,00:00:00,0.8852,0.8854,0.878,0.8829,2023,0.885,BEARISH_DAILY_LOW_BREAKOUT,1,0.19254728734851453,-0.40774719673802784,-0.19254728734851453
2008-01-18,00:00:00,0.8768,0.8788,0.8721,0.8745,1839,0.8767,BEARISH_DAILY_LOW_BREAKOUT,1,0.2515723270440228,0.43453401943967007,0.11435105774727156
2008-01-21,12:00:00,0.8702,0.8727,0.8635,0.8654,2279,0.8699,BEARISH_DAILY_LOW_BREAKOUT,1,-0.4391033048301265,-0.8204298590247279,-0.6470996071180886
2008-01-22,00:00:00,0.8612,0.8634,0.8567,0.8583,1567,0.8593,BEARISH_DAILY_LOW_BREAKOUT,1,-0.08155656530349796,0.1747640685075215,1.6194803681696406
2008-02-05,12:00:00,0.9076,0.9076,0.9012,0.9016,2551,0.9023,BEARISH_DAILY_LOW_BREAKOUT,1,-0.23291925465838406,-0.6211180124223534,-0.6987577639751522
2008-02-07,12:00:00,0.8926,0.894,0.8874,0.8887,2075,0.8907,BEARISH_DAILY_LOW_BREAKOUT,1,0.5851243389220189,0.6076291211882481,0.5963767300551335
2008-02-13,08:00:00,0.9036,0.9041,0.8962,0.8972,1894,0.9021,BEARISH_DAILY_LOW_BREAKOUT,1,0.011145786892553387,-0.10031208203299284,0.713330361123491
2008-02-29,12:00:00,0.9436,0.9458,0.9326,0.9335,3030,0.9367,BEARISH_DAILY_LOW_BREAKOUT,1,0.34279592929833747,-0.10712372790573123,-0.10712372790573123
2008-03-03,08:00:00,0.9335,0.9362,0.9286,0.9297,3354,0.9303,BEARISH_DAILY_LOW_BREAKOUT,1,0.301172421211146,1.0433473163386084,0.3334408949123364
2008-03-04,04:00:00,0.9373,0.9388,0.9263,0.9269,2242,0.9286,BEARISH_DAILY_LOW_BREAKOUT,1,0.6365303700507084,-0.48548926529290637,-0.18340705577731406
2008-03-10,12:00:00,0.9261,0.9276,0.9225,0.9244,2237,0.9245,BEARISH_DAILY_LOW_BREAKOUT,1,-0.5841627001298096,-0.8762440501947204,0.0
2008-03-17,04:00:00,0.9362,0.9364,0.9201,0.9264,4197,0.9353,BEARISH_DAILY_LOW_BREAKOUT,1,-0.16191709844559002,-1.0686528497409347,-0.5181347150259096
2008-03-19,20:00:00,0.9166,0.9191,0.9116,0.914,1991,0.9167,BEARISH_DAILY_LOW_BREAKOUT,1,-0.19693654266958685,-0.4048140043763716,-1.5973741794310783
2008-03-20,08:00:00,0.9153,0.9159,0.909,0.9103,1786,0.9116,BEARISH_DAILY_LOW_BREAKOUT,1,-0.8898165439964842,-1.197407448094037,-0.8019334285400389
2008-03-31,00:00:00,0.9165,0.9167,0.914,0.9148,1037,0.9151,BEARISH_DAILY_LOW_BREAKOUT,1,0.3279405334499347,-0.2842151289899361,-0.18583296895495452
2008-04-01,08:00:00,0.9103,0.911,0.9075,0.9098,2209,0.9104,BEARISH_DAILY_LOW_BREAKOUT,1,-0.1648714003077662,-0.285777093866789,-0.021982853374377772
2008-04-11,20:00:00,0.929,0.9304,0.9274,0.9278,707,0.9283,BEARISH_DAILY_LOW_BREAKOUT,1,-0.5928001724509537,-0.5496874326363433,-0.11856003449019076
2008-04-14,00:00:00,0.9256,0.9259,0.9219,0.9223,824,0.9273,BEARISH_DAILY_LOW_BREAKOUT,1,-0.10842459069717021,0.31443131302179483,0.3686436083703739
2008-04-18,12:00:00,0.9391,0.9391,0.9308,0.9321,3156,0.9337,BEARISH_DAILY_LOW_BREAKOUT,1,-0.3111254157279276,0.13947001394699793,1.212316275077779
2008-04-24,16:00:00,0.9441,0.9449,0.9373,0.9385,3209,0.9437,BEARISH_DAILY_LOW_BREAKOUT,1,0.1172083111347885,0.09589770911028363,-0.6819392647842261
2008-04-25,08:00:00,0.9393,0.9408,0.929,0.932,2978,0.9373,BEARISH_DAILY_LOW_BREAKOUT,1,-0.10729613733905588,0.1502145922746735,0.665236051502144
2008-04-29,12:00:00,0.9341,0.9342,0.9295,0.9312,2222,0.9334,BEARISH_DAILY_LOW_BREAKOUT,1,0.1503436426116792,0.06443298969071455,0.8161512027491346
2008-05-07,20:00:00,0.9442,0.9448,0.9408,0.942,683,0.9432,BEARISH_DAILY_LOW_BREAKOUT,1,-0.46709129511676856,-0.19108280254776144,0.15923566878981496
2008-05-08,00:00:00,0.9421,0.9431,0.9349,0.9376,1329,0.9408,BEARISH_DAILY_LOW_BREAKOUT,1,0.33063139931740526,0.373293515358368,0.6399317406143351
2008-05-12,04:00:00,0.9409,0.9413,0.9363,0.9372,906,0.9384,BEARISH_DAILY_LOW_BREAKOUT,1,0.565514297908661,1.0990183525394766,0.8856167306871504
2008-05-14,04:00:00,0.9416,0.942,0.9371,0.9374,863,0.9384,BEARISH_DAILY_LOW_BREAKOUT,1,-0.5547258374226566,-0.29869852784297257,-0.5120546191593798
2008-05-22,20:00:00,0.9557,0.957,0.9543,0.9556,573,0.9557,BEARISH_DAILY_LOW_BREAKOUT,1,0.12557555462536404,0.4604437002930054,0.3662620343239794
2008-05-28,00:00:00,0.9583,0.9589,0.9563,0.9569,503,0.958,BEARISH_DAILY_LOW_BREAKOUT,1,0.4493677500261346,0.10450412791305266,0.6479255930609242
2008-05-29,16:00:00,0.9584,0.96,0.9535,0.9544,2767,0.9562,BEARISH_DAILY_LOW_BREAKOUT,1,0.09430008382229797,0.13621123218775857,0.10477787091366313
2008-05-30,12:00:00,0.9537,0.9578,0.9512,0.9526,2172,0.9535,BEARISH_DAILY_LOW_BREAKOUT,1,0.2939323955490263,0.2729372244383841,0.31492756665966853
2008-06-04,00:00:00,0.9525,0.953,0.949,0.9498,939,0.9508,BEARISH_DAILY_LOW_BREAKOUT,1,0.7369972625815968,1.1370814908401803,0.7054116656138176
2008-06-09,16:00:00,0.9595,0.9595,0.9502,0.9506,2606,0.9564,BEARISH_DAILY_LOW_BREAKOUT,1,-0.031559015358717336,-0.1157163896486419,-0.5575426046707312
2008-06-10,08:00:00,0.9496,0.9507,0.9467,0.9474,2395,0.9482,BEARISH_DAILY_LOW_BREAKOUT,1,0.242769685454926,-0.1477728520160511,0.0
2008-06-12,04:00:00,0.9467,0.947,0.9373,0.9384,1778,0.9435,BEARISH_DAILY_LOW_BREAKOUT,1,-0.1385336743392975,-0.5541346973572019,0.12787723785166016
2008-07-01,16:00:00,0.9553,0.9556,0.9511,0.9541,2199,0.9553,BEARISH_DAILY_LOW_BREAKOUT,1,0.09432973482863556,0.6288648988575627,0.9013730216958445
2008-07-07,08:00:00,0.9605,0.9606,0.9555,0.9575,1445,0.9591,BEARISH_DAILY_LOW_BREAKOUT,1,-0.24020887728459203,-0.10443864229765021,-0.3655352480417816
2008-07-09,08:00:00,0.9504,0.9526,0.949,0.9491,1906,0.9502,BEARISH_DAILY_LOW_BREAKOUT,1,0.389843009166571,0.8112949109682781,0.9904119692340073
2008-07-17,20:00:00,0.9737,0.9741,0.9677,0.9724,1351,0.9728,BEARISH_DAILY_LOW_BREAKOUT,1,-0.08227067050596698,0.010283833813244445,-0.2365281777046565
2008-07-22,16:00:00,0.975,0.976,0.9686,0.9696,2341,0.9706,BEARISH_DAILY_LOW_BREAKOUT,1,0.15470297029702412,-0.03094059405940253,-0.7528877887788751
2008-07-23,08:00:00,0.9692,0.9695,0.9667,0.9671,1929,0.9686,BEARISH_DAILY_LOW_BREAKOUT,1,-0.23782442353427452,-0.5273498087064412,-0.6204115396546381
2008-07-24,04:00:00,0.9604,0.9604,0.9576,0.9581,1017,0.96,BEARISH_DAILY_LOW_BREAKOUT,1,0.31311971610479106,-0.4279302786765466,0.010437323870170129
2008-07-28,00:00:00,0.9545,0.9551,0.9527,0.9529,697,0.9545,BEARISH_DAILY_LOW_BREAKOUT,1,0.2728512960436611,0.5037254696190604,0.5561968727043848
2008-07-29,16:00:00,0.9538,0.954,0.9498,0.951,2128,0.9527,BEARISH_DAILY_LOW_BREAKOUT,1,0.18927444794952933,-0.26288117770767055,-0.8727655099894821
2008-07-30,00:00:00,0.9527,0.9528,0.9482,0.9491,657,0.9498,BEARISH_DAILY_LOW_BREAKOUT,1,-0.06321778527026077,-0.46359709198188503,-0.5794963649773532
2008-08-01,00:00:00,0.942,0.9421,0.9366,0.9373,1240,0.9397,BEARISH_DAILY_LOW_BREAKOUT,1,-0.0960204843700002,-0.4694334791422245,-0.7468259895444368
2008-08-05,00:00:00,0.9291,0.9297,0.9262,0.9271,605,0.9286,BEARISH_DAILY_LOW_BREAKOUT,1,-0.2912307194477441,-1.1972818466184876,-1.0678459713083832
2008-08-06,12:00:00,0.9148,0.9159,0.9113,0.9116,1297,0.9133,BEARISH_DAILY_LOW_BREAKOUT,1,-0.17551557700745227,-0.15357612988152225,-0.15357612988152225
2008-08-08,00:00:00,0.9066,0.9073,0.9005,0.901,1285,0.905,BEARISH_DAILY_LOW_BREAKOUT,1,-0.6659267480577142,-1.0765815760266417,-1.453940066592675
2008-08-11,04:00:00,0.888,0.8896,0.8846,0.8865,1798,0.8868,BEARISH_DAILY_LOW_BREAKOUT,1,0.8347433728144471,-0.12408347433728031,-1.1167512690355228
2008-08-12,04:00:00,0.8827,0.8827,0.8757,0.8766,1655,0.8795,BEARISH_DAILY_LOW_BREAKOUT,1,-0.11407711613050432,-0.17111567419576282,-1.380333105179101
2008-08-13,00:00:00,0.8734,0.8734,0.8666,0.868,1637,0.8703,BEARISH_DAILY_LOW_BREAKOUT,1,-0.4032258064516069,0.38018433179723155,0.3225806451612932
2008-08-15,00:00:00,0.872,0.872,0.8624,0.8632,1675,0.8667,BEARISH_DAILY_LOW_BREAKOUT,1,0.12743280815569855,0.5560704355885109,1.0426320667284532
2008-08-19,12:00:00,0.8655,0.8692,0.8639,0.864,1427,0.8653,BEARISH_DAILY_LOW_BREAKOUT,1,0.9606481481481453,1.0879629629629588,0.7986111111111132
2008-08-25,00:00:00,0.8674,0.8688,0.8614,0.8633,637,0.8648,BEARISH_DAILY_LOW_BREAKOUT,1,-0.0695007529248157,0.5560060233985898,-0.47492181165295877
2008-08-26,00:00:00,0.8628,0.8646,0.8565,0.8592,1697,0.8614,BEARISH_DAILY_LOW_BREAKOUT,1,0.023277467411555983,-0.6866852886405979,-0.1396648044692713
2008-08-29,16:00:00,0.8624,0.8634,0.8555,0.8569,2797,0.8576,BEARISH_DAILY_LOW_BREAKOUT,1,0.09335978527249655,-0.4551289532034093,-1.0036176916793023
2008-09-01,00:00:00,0.8562,0.858,0.8544,0.8544,787,0.8555,BEARISH_DAILY_LOW_BREAKOUT,1,-0.16385767790262964,-0.3862359550561892,-0.514981273408248
2008-09-02,08:00:00,0.8525,0.8529,0.8308,0.8335,3730,0.8481,BEARISH_DAILY_LOW_BREAKOUT,1,-0.6598680263947283,0.527894421115772,-0.6958608278344364
2008-09-03,04:00:00,0.8326,0.8327,0.8238,0.8252,2286,0.8269,BEARISH_DAILY_LOW_BREAKOUT,1,0.30295685894328,1.1391177896267528,0.957343674260774
2008-09-04,20:00:00,0.8294,0.8301,0.8215,0.8227,1698,0.8233,BEARISH_DAILY_LOW_BREAKOUT,1,-0.8143916372918487,-1.1425793120213885,-0.8387018354199608
2008-09-05,00:00:00,0.8226,0.8231,0.8104,0.816,3212,0.8215,BEARISH_DAILY_LOW_BREAKOUT,1,-0.012254901960782964,-0.5637254901960708,1.421568627450987
2008-09-09,04:00:00,0.8119,0.8125,0.8022,0.8052,3425,0.8076,BEARISH_DAILY_LOW_BREAKOUT,1,0.7824143070044676,0.7575757575757568,0.04967709885742125
2008-09-11,00:00:00,0.801,0.802,0.7943,0.7965,1914,0.7981,BEARISH_DAILY_LOW_BREAKOUT,1,0.10043942247332366,-0.3138731952291207,0.7532956685499065
2008-09-16,00:00:00,0.8064,0.8074,0.7921,0.7936,2680,0.8011,BEARISH_DAILY_LOW_BREAKOUT,1,-0.491431451612905,-0.05040322580644606,1.3986895161290323
2008-09-17,16:00:00,0.7924,0.793,0.7802,0.7841,5676,0.7852,BEARISH_DAILY_LOW_BREAKOUT,1,0.828975895931635,1.020278025762021,1.8747608723377038
2008-09-26,08:00:00,0.8339,0.8341,0.824,0.8279,4229,0.8318,BEARISH_DAILY_LOW_BREAKOUT,1,0.2294963159801924,0.36236260417924904,-1.123324072955668
2008-09-29,08:00:00,0.8287,0.8289,0.8161,0.8186,3587,0.824,BEARISH_DAILY_LOW_BREAKOUT,1,-0.732958709992671,-1.7224529684827756,-1.3559736134864402
2008-09-30,16:00:00,0.8044,0.8068,0.7868,0.7901,4587,0.8002,BEARISH_DAILY_LOW_BREAKOUT,1,0.2911023921022616,0.6834577901531401,0.4556385267687554
2008-10-02,08:00:00,0.7915,0.7922,0.7789,0.7848,4161,0.7869,BEARISH_DAILY_LOW_BREAKOUT,1,-0.9429153924566861,-1.567278287461785,-0.9683995922528097
2008-10-06,00:00:00,0.7715,0.7719,0.7572,0.7589,1811,0.7712,BEARISH_DAILY_LOW_BREAKOUT,1,-1.3045196995651627,-1.7657135327447577,-5.283963631572015
2008-10-08,08:00:00,0.705,0.7052,0.6735,0.6773,7692,0.7025,BEARISH_DAILY_LOW_BREAKOUT,1,-2.007972833308734,-1.9636793149269125,4.193119740144689
2008-10-10,04:00:00,0.6666,0.6731,0.6533,0.6549,6652,0.6629,BEARISH_DAILY_LOW_BREAKOUT,1,1.5116811726981079,-0.2748511223087531,0.7482058329515979
2008-10-15,00:00:00,0.6969,0.7026,0.6879,0.6905,3108,0.6936,BEARISH_DAILY_LOW_BREAKOUT,1,1.1296162201303446,0.24619840695148948,-3.7509051412020322
2008-10-21,08:00:00,0.6952,0.6957,0.6838,0.6853,4087,0.6886,BEARISH_DAILY_LOW_BREAKOUT,1,-0.36480373559026086,-2.1012695169998494,-1.8677951262220973
2008-10-22,04:00:00,0.6791,0.6819,0.6633,0.6659,3341,0.6707,BEARISH_DAILY_LOW_BREAKOUT,1,0.9911398107823907,1.5317615257546158,-0.045051809581029875
2008-10-23,16:00:00,0.6642,0.6703,0.6569,0.6587,5954,0.663,BEARISH_DAILY_LOW_BREAKOUT,1,1.6244117200546595,-1.123424927888259,-5.025049339608305
2008-10-24,04:00:00,0.6628,0.6646,0.6501,0.6513,4051,0.6528,BEARISH_DAILY_LOW_BREAKOUT,1,-4.729003531398732,-3.9459542453554346,-4.928604329801938
2008-10-27,08:00:00,0.6191,0.6191,0.6024,0.6037,4742,0.6057,BEARISH_DAILY_LOW_BREAKOUT,1,1.3582905416597622,-0.39754845121750354,1.8883551432830818
2008-10-31,08:00:00,0.6704,0.6749,0.655,0.6579,6091,0.6618,BEARISH_DAILY_LOW_BREAKOUT,1,0.9119927040583682,1.4895880832953214,3.3135734914120576
2008-11-06,00:00:00,0.6832,0.6859,0.6756,0.678,1588,0.6835,BEARISH_DAILY_LOW_BREAKOUT,1,-0.7669616519174178,0.48672566371680964,-2.359882005899707
2008-11-07,00:00:00,0.6665,0.667,0.662,0.662,1281,0.6656,BEARISH_DAILY_LOW_BREAKOUT,1,1.5709969788519584,1.148036253776426,4.365558912386695
2008-11-11,16:00:00,0.668,0.6723,0.6476,0.654,6772,0.6652,BEARISH_DAILY_LOW_BREAKOUT,1,0.6727828746177308,0.8409785932721635,-1.4831804281345629
2008-11-12,16:00:00,0.6587,0.6612,0.6348,0.6443,8363,0.6476,BEARISH_DAILY_LOW_BREAKOUT,1,-1.334781933881723,-0.791556728232189,-0.6829116871022752
2008-11-17,00:00:00,0.6388,0.6422,0.6374,0.641,828,0.6464,BEARISH_DAILY_LOW_BREAKOUT,1,0.95163806552262,1.154446177847108,0.46801872074883033
2008-11-19,20:00:00,0.6499,0.6514,0.6379,0.6386,3697,0.6411,BEARISH_DAILY_LOW_BREAKOUT,1,0.17225180081429706,-1.5815847165674912,-4.6038208581271505
2008-11-20,04:00:00,0.6399,0.6408,0.634,0.635,1357,0.6379,BEARISH_DAILY_LOW_BREAKOUT,1,-1.0236220472441042,-2.582677165354326,-2.566929133858265
2008-12-01,04:00:00,0.6505,0.6505,0.6442,0.648,1180,0.6491,BEARISH_DAILY_LOW_BREAKOUT,1,-0.7253086419753144,-0.5555555555555629,-1.1419753086419866
2008-12-02,00:00:00,0.6381,0.6411,0.6334,0.6367,1339,0.6372,BEARISH_DAILY_LOW_BREAKOUT,1,0.6125333752159421,1.7433642217684935,0.9266530548138691
2008-12-05,12:00:00,0.6465,0.647,0.6386,0.6387,1706,0.6395,BEARISH_DAILY_LOW_BREAKOUT,1,-0.7045561296383371,1.8161891341787917,3.7732894942852506
2008-12-12,08:00:00,0.6579,0.6602,0.6486,0.6536,2197,0.6548,BEARISH_DAILY_LOW_BREAKOUT,1,0.48959608323134823,1.6676866585067351,2.0348837209302464
2008-12-18,20:00:00,0.6983,0.7004,0.6765,0.6821,2658,0.6863,BEARISH_DAILY_LOW_BREAKOUT,1,1.363436446268872,0.45447881542295726,-0.23456971118604983
2008-12-24,04:00:00,0.6788,0.6796,0.6756,0.6771,967,0.6778,BEARISH_DAILY_LOW_BREAKOUT,1,0.7384433613941817,0.7532122286220637,1.1076650420912644
2009-01-08,00:00:00,0.7107,0.7146,0.7065,0.7076,2706,0.7094,BEARISH_DAILY_LOW_BREAKOUT,1,-0.28264556246466954,-0.5652911249293391,0.32504239683436525
2009-01-12,00:00:00,0.6995,0.6995,0.6963,0.6975,1213,0.7015,BEARISH_DAILY_LOW_BREAKOUT,1,-0.9462365591397921,-1.3906810035842354,-3.2974910394265264
2009-01-13,00:00:00,0.6803,0.6823,0.6745,0.6745,2631,0.6788,BEARISH_DAILY_LOW_BREAKOUT,1,0.45959970348406104,-1.0378057820607867,-0.8598962194217981
2009-01-15,08:00:00,0.6581,0.663,0.6572,0.6574,3297,0.658,BEARISH_DAILY_LOW_BREAKOUT,1,0.5628232430788008,1.4907210222087055,2.1904472163066577
2009-01-20,00:00:00,0.6706,0.6709,0.6616,0.6625,2946,0.668,BEARISH_DAILY_LOW_BREAKOUT,1,-0.3773584905660297,-0.7094339622641398,-2.0075471698113176
2009-01-23,08:00:00,0.6518,0.6525,0.6439,0.6467,3032,0.6491,BEARISH_DAILY_LOW_BREAKOUT,1,-0.38657801144271803,1.1133446729549998,1.2525127570743768
2009-01-29,08:00:00,0.6599,0.6611,0.6537,0.6565,7837,0.6592,BEARISH_DAILY_LOW_BREAKOUT,1,0.15232292460015245,-0.6854531607006776,-1.8888042650418837
2009-01-30,00:00:00,0.652,0.653,0.6464,0.647,6398,0.6515,BEARISH_DAILY_LOW_BREAKOUT,1,-0.5255023183925919,-1.4374034003091152,-1.7774343122102112
2009-02-02,04:00:00,0.6355,0.6356,0.6306,0.6317,6349,0.6344,BEARISH_DAILY_LOW_BREAKOUT,1,-0.2691150862751361,0.015830299192652997,0.9973088491372443
2009-02-10,16:00:00,0.6702,0.6739,0.6537,0.6586,6777,0.6627,BEARISH_DAILY_LOW_BREAKOUT,1,-1.093228059520192,-0.5617977528089775,-0.607348921955664
2009-02-12,12:00:00,0.6504,0.6506,0.6458,0.6471,3358,0.648,BEARISH_DAILY_LOW_BREAKOUT,1,0.4790604234275988,1.1281100293617639,2.1171380003090783
2009-02-16,08:00:00,0.6514,0.6521,0.6482,0.6497,2534,0.6509,BEARISH_DAILY_LOW_BREAKOUT,1,0.13852547329535184,-0.12313375404032982,-1.523780206249041
2009-02-17,04:00:00,0.6502,0.6503,0.6419,0.6426,2373,0.6475,BEARISH_DAILY_LOW_BREAKOUT,1,-0.43572984749453997,-0.6691565515094882,-0.5446623093681836
2009-02-27,00:00:00,0.6493,0.6493,0.6436,0.6451,2036,0.6461,BEARISH_DAILY_LOW_BREAKOUT,1,0.031002945279798164,-1.1936133932723672,-2.2787164780654234
2009-03-02,00:00:00,0.637,0.6371,0.6297,0.6304,1239,0.6339,BEARISH_DAILY_LOW_BREAKOUT,1,0.3331218274111661,0.31725888324873125,0.14276649746193085
2009-03-09,12:00:00,0.6382,0.6383,0.6314,0.6322,2828,0.6365,BEARISH_DAILY_LOW_BREAKOUT,1,0.047453337551402554,0.5061689338816799,1.977222397975335
2009-03-27,12:00:00,0.69865,0.69945,0.69135,0.69255,8763,0.6961,BEARISH_DAILY_LOW_BREAKOUT,1,0.028878781315425307,-0.3754241571005771,-1.6417587177821082
2009-03-30,08:00:00,0.68753,0.6876,0.67695,0.67845,6161,0.68655,BEARISH_DAILY_LOW_BREAKOUT,1,0.4023877957108129,0.13265531726730223,1.5771243275112452
2009-04-07,00:00:00,0.71367,0.7145,0.7064,0.70705,4776,0.70781,BEARISH_DAILY_LOW_BREAKOUT,1,0.8797114772646919,0.8556679159889682,0.04950144968532247
2009-04-15,00:00:00,0.72326,0.72344,0.71854,0.71882,5106,0.72288,BEARISH_DAILY_LOW_BREAKOUT,1,-0.18363428953006147,0.09459948248518599,1.7180935421941477
2009-04-20,08:00:00,0.71957,0.71971,0.70943,0.7095,5567,0.71669,BEARISH_DAILY_LOW_BREAKOUT,1,-0.4467935165609593,-1.8477801268499034,-1.0007047216349536
2009-04-27,20:00:00,0.71376,0.71389,0.70874,0.70977,7931,0.71052,BEARISH_DAILY_LOW_BREAKOUT,1,-0.5508826803048831,-1.1764374374797426,-0.5283401665328248
2009-04-28,00:00:00,0.7098,0.70995,0.70438,0.70586,5505,0.70874,BEARISH_DAILY_LOW_BREAKOUT,1,-0.7536905335335606,-0.4150964780551368,0.6516873034312665
2009-05-06,04:00:00,0.73928,0.74087,0.73352,0.73573,7850,0.73774,BEARISH_DAILY_LOW_BREAKOUT,1,0.8427004471749124,1.5603550215432354,2.393541108830687
2009-05-13,20:00:00,0.75635,0.75643,0.75066,0.75304,16659,0.7561,BEARISH_DAILY_LOW_BREAKOUT,1,0.19786465526399544,-0.04382237331350956,0.9189418888770751
2009-05-14,12:00:00,0.75273,0.7536,0.74653,0.75033,18043,0.75066,BEARISH_DAILY_LOW_BREAKOUT,1,0.9675742673223692,1.0888542374688335,0.7290125678034964
2009-05-18,00:00:00,0.74998,0.75038,0.74502,0.74577,3363,0.74754,BEARISH_DAILY_LOW_BREAKOUT,1,0.3057242849672082,1.5567802405567412,2.3505906646821315
2009-05-21,12:00:00,0.76908,0.77212,0.76774,0.76774,11007,0.76851,BEARISH_DAILY_LOW_BREAKOUT,1,1.4405918670383295,1.753197697137055,2.1035767317060463
2009-05-26,08:00:00,0.77852,0.78065,0.77334,0.77437,13156,0.77724,BEARISH_DAILY_LOW_BREAKOUT,1,0.13946821286981287,1.5018660330333082,1.4592507457675241
2009-06-03,16:00:00,0.81352,0.81523,0.80121,0.80155,19920,0.80502,BEARISH_DAILY_LOW_BREAKOUT,1,-0.12226311521426995,-0.2407834820036164,-0.3418376894766346
2009-06-08,08:00:00,0.79771,0.79853,0.7838,0.78516,13588,0.79165,BEARISH_DAILY_LOW_BREAKOUT,1,0.28274491823322634,0.49289316827144025,1.067298385042546
2009-06-15,08:00:00,0.80708,0.8077,0.7998,0.80152,11814,0.80574,BEARISH_DAILY_LOW_BREAKOUT,1,0.1971254616229197,-0.8246831021059992,-0.429184549356223
2009-06-22,08:00:00,0.80181,0.80219,0.79671,0.79765,10641,0.79781,BEARISH_DAILY_LOW_BREAKOUT,1,-0.6005140099040884,-1.5094339622641435,-1.7300821162163762
2009-06-23,00:00:00,0.78561,0.78742,0.78092,0.78292,7254,0.785,BEARISH_DAILY_LOW_BREAKOUT,1,0.07791345220456745,0.9886067542022277,1.5288918408011083
2009-06-29,04:00:00,0.80371,0.80391,0.80092,0.80174,4006,0.80225,BEARISH_DAILY_LOW_BREAKOUT,1,0.04116047596476931,0.5749993763564251,0.803252924888368
2009-07-02,12:00:00,0.80375,0.80481,0.79692,0.79886,13296,0.80236,BEARISH_DAILY_LOW_BREAKOUT,1,-0.5107277870966093,-0.6384097338707649,-0.08261773026562777
2009-07-08,00:00:00,0.78897,0.78966,0.78523,0.7865,5143,0.78834,BEARISH_DAILY_LOW_BREAKOUT,1,0.012714558169102223,-0.15638906547996864,-0.9650349650349632
2009-07-13,08:00:00,0.77503,0.77659,0.77109,0.77237,13195,0.77384,BEARISH_DAILY_LOW_BREAKOUT,1,0.5748540207413545,1.3723992387068444,2.01975737017232
2009-07-29,12:00:00,0.82028,0.82141,0.81703,0.81932,12566,0.81994,BEARISH_DAILY_LOW_BREAKOUT,1,-0.34784943611775854,-0.15500659083142035,0.6920372992237407
2009-08-07,08:00:00,0.83821,0.83958,0.83622,0.83649,7308,0.83679,BEARISH_DAILY_LOW_BREAKOUT,1,0.361032409233825,0.068141878564008,0.47938409305551405
2009-08-11,12:00:00,0.83783,0.83825,0.83256,0.83284,10532,0.83303,BEARISH_DAILY_LOW_BREAKOUT,1,-0.507900677200911,-0.3638153787041901,-1.212717929013976
2009-08-12,04:00:00,0.82977,0.82997,0.82404,0.82452,7289,0.82756,BEARISH_DAILY_LOW_BREAKOUT,1,-0.26803473536118533,1.0745645951583926,1.349876291660599
2009-08-17,00:00:00,0.82966,0.83144,0.82522,0.82538,4140,0.82745,BEARISH_DAILY_LOW_BREAKOUT,1,-0.44100898979863534,-0.5052218372143749,-0.12963725799026088
2009-08-21,04:00:00,0.82856,0.82902,0.82216,0.82233,7186,0.82687,BEARISH_DAILY_LOW_BREAKOUT,1,0.9886541899237498,1.5529045517006492,1.9335303345372326
2009-08-25,16:00:00,0.84121,0.84258,0.83556,0.83571,12166,0.83577,BEARISH_DAILY_LOW_BREAKOUT,1,-0.03230785798901443,0.071795239975595,-0.9500903423436297
2009-08-26,12:00:00,0.8364,0.83692,0.82956,0.83086,9943,0.83373,BEARISH_DAILY_LOW_BREAKOUT,1,-0.3719038105095969,-0.6752040054882896,0.4681895866932996
2009-08-31,12:00:00,0.83922,0.83935,0.83385,0.83647,5653,0.83756,BEARISH_DAILY_LOW_BREAKOUT,1,0.7280595837268435,0.6850215787774697,-0.06814350783651182
2009-09-01,16:00:00,0.8359,0.8412,0.828,0.8281,14016,0.83385,BEARISH_DAILY_LOW_BREAKOUT,1,-0.265668397536527,0.38642676005314475,1.0022944088878258
2009-09-14,00:00:00,0.8621,0.863,0.8563,0.8566,957,0.8606,BEARISH_DAILY_LOW_BREAKOUT,1,0.058370301190747716,0.22180714452486724,0.5486808311930803
2009-09-18,08:00:00,0.8712,0.8715,0.8653,0.8688,1733,0.869,BEARISH_DAILY_LOW_BREAKOUT,1,0.17265193370165122,-0.16114180478822143,-0.7366482504604007
2009-09-21,08:00:00,0.8658,0.8658,0.8604,0.8624,1633,0.8653,BEARISH_DAILY_LOW_BREAKOUT,1,-0.1623376623376702,0.057977736549158734,1.3334879406307925
2009-09-24,16:00:00,0.8755,0.8762,0.8661,0.8664,2712,0.8686,BEARISH_DAILY_LOW_BREAKOUT,1,-0.17313019390581091,0.2308402585410898,-0.16158818097875774
2009-10-01,20:00:00,0.8732,0.8737,0.8676,0.8696,1641,0.8702,BEARISH_DAILY_LOW_BREAKOUT,1,-0.25298988040479425,-0.44848206071757296,-0.5289788408463717
2009-10-02,00:00:00,0.8695,0.871,0.8671,0.8674,1265,0.8676,BEARISH_DAILY_LOW_BREAKOUT,1,0.18445930366613397,-0.9222965183306314,0.5418492045192573
2009-10-26,16:00:00,0.9237,0.9264,0.9174,0.9194,2370,0.9198,BEARISH_DAILY_LOW_BREAKOUT,1,-0.36980639547530547,-0.06525995214270665,-0.5764629105938625
2009-10-28,04:00:00,0.9143,0.9151,0.9071,0.909,1842,0.9121,BEARISH_DAILY_LOW_BREAKOUT,1,-0.14301430143015167,-1.0781078107810815,-1.1661166116611719
2009-11-12,16:00:00,0.92838,0.93108,0.92309,0.92459,14561,0.92707,BEARISH_DAILY_LOW_BREAKOUT,1,-0.22820926032079691,0.07354611233087248,0.6781384181096484
2009-11-17,08:00:00,0.93459,0.93478,0.92962,0.9301,9402,0.93154,BEARISH_DAILY_LOW_BREAKOUT,1,-0.22685732716912765,0.05913342651327162,0.1666487474465047
2009-11-19,04:00:00,0.9267,0.92712,0.92205,0.92338,7353,0.92649,BEARISH_DAILY_LOW_BREAKOUT,1,-0.22850830643937983,-0.5339080335289902,-0.31947843791288616
2009-11-20,12:00:00,0.91768,0.91768,0.90603,0.9097,12705,0.91312,BEARISH_DAILY_LOW_BREAKOUT,1,0.6122897658568841,0.9156864900516719,1.5796416401011315
2009-11-26,08:00:00,0.92203,0.92528,0.91628,0.91834,9474,0.91859,BEARISH_DAILY_LOW_BREAKOUT,1,-0.17204956769824092,-0.6272186771783977,-2.3433586689025954
2009-11-27,00:00:00,0.91259,0.91444,0.89831,0.90647,8558,0.90932,BEARISH_DAILY_LOW_BREAKOUT,1,-0.26586649309960875,-0.5085661963440602,0.8516553222941685
2009-12-04,00:00:00,0.92555,0.92564,0.92124,0.92181,5215,0.92447,BEARISH_DAILY_LOW_BREAKOUT,1,0.17248673804796869,0.49250930235080853,-0.7333398422668433
2009-12-07,08:00:00,0.91519,0.9171,0.90585,0.90597,9982,0.91062,BEARISH_DAILY_LOW_BREAKOUT,1,0.31568374228726925,0.5761780191397069,0.6545470600571752
2009-12-08,20:00:00,0.90809,0.90848,0.90192,0.90427,11095,0.9052,BEARISH_DAILY_LOW_BREAKOUT,1,0.0641401351366323,0.3372886416667585,0.5319207758744602
2009-12-16,04:00:00,0.90423,0.90424,0.89764,0.89907,6278,0.90335,BEARISH_DAILY_LOW_BREAKOUT,1,-0.20131914089004077,0.23802373563792806,-1.0944642797557553
2009-12-17,04:00:00,0.8998,0.89991,0.8874,0.88923,7985,0.89548,BEARISH_DAILY_LOW_BREAKOUT,1,0.21704171024369256,-0.43633255738110444,-0.02586507427774057
2009-12-22,00:00:00,0.88176,0.88189,0.87818,0.87971,4833,0.88048,BEARISH_DAILY_LOW_BREAKOUT,1,-0.05797365040752185,-0.1398188039240151,-0.33988473474212383
2010-01-08,04:00:00,0.91757,0.91803,0.91414,0.91524,4851,0.91588,BEARISH_DAILY_LOW_BREAKOUT,1,0.1158166164066201,0.9265329312529972,1.6793409378960702
2010-01-12,00:00:00,0.93133,0.93187,0.92688,0.92688,4179,0.92777,BEARISH_DAILY_LOW_BREAKOUT,1,0.023735542896599123,-0.21254099775591526,-0.6505696530295282
2010-01-18,00:00:00,0.92049,0.92216,0.91826,0.91871,2634,0.92145,BEARISH_DAILY_LOW_BREAKOUT,1,0.3777035190647727,0.8141851073788172,0.8424856592395825
2010-01-20,04:00:00,0.92372,0.92375,0.9153,0.91723,8764,0.91755,BEARISH_DAILY_LOW_BREAKOUT,1,-0.1787992106668965,-0.9910273322939768,-0.4382761139517922
2010-01-21,16:00:00,0.91105,0.91411,0.9024,0.90472,14451,0.90721,BEARISH_DAILY_LOW_BREAKOUT,1,-0.3061720753382195,-0.2310106994429133,-0.012158457865410678
2010-01-22,00:00:00,0.90194,0.90521,0.89921,0.9014,6280,0.90163,BEARISH_DAILY_LOW_BREAKOUT,1,0.13645440426004707,0.07432882183271128,0.29287774572886355
2010-01-26,04:00:00,0.90661,0.90827,0.89737,0.89795,7518,0.90185,BEARISH_DAILY_LOW_BREAKOUT,1,-0.18263823152736508,0.28175288156355266,0.4398908625201859
2010-01-29,00:00:00,0.89469,0.89523,0.88846,0.89067,7622,0.89287,BEARISH_DAILY_LOW_BREAKOUT,1,0.00449100115643729,0.33233408557603533,-0.6141444081421823
2010-02-01,04:00:00,0.88522,0.88579,0.88099,0.88302,6198,0.88324,BEARISH_DAILY_LOW_BREAKOUT,1,-0.032841838236960935,0.5118796856243311,-0.3261534280084249
2010-02-04,00:00:00,0.88278,0.88327,0.87843,0.87973,5481,0.88139,BEARISH_DAILY_LOW_BREAKOUT,1,0.07388630602571691,0.06706603162333664,-1.5402453025360123
2010-02-09,00:00:00,0.86444,0.86548,0.86135,0.86407,5038,0.86413,BEARISH_DAILY_LOW_BREAKOUT,1,0.4108463434675364,1.3019778490168599,1.6329695510780327
2010-02-18,00:00:00,0.89963,0.89999,0.89546,0.89597,5395,0.89731,BEARISH_DAILY_LOW_BREAKOUT,1,-0.07924372467829273,0.18750627811197962,-0.30358159313370486
2010-02-19,00:00:00,0.9021,0.9022,0.88877,0.89325,9249,0.89383,BEARISH_DAILY_LOW_BREAKOUT,1,-0.2776378393506899,-0.09851665267282304,0.8732157850545793
2010-02-23,16:00:00,0.90061,0.90178,0.89325,0.89332,12902,0.89726,BEARISH_DAILY_LOW_BREAKOUT,1,-0.5395602919446612,-0.05373214525590336,0.06380692249137593
2010-02-24,08:00:00,0.89285,0.89324,0.88667,0.88669,7267,0.88779,BEARISH_DAILY_LOW_BREAKOUT,1,0.5661505148360785,0.729680046013824,0.2909697865093806
2010-02-25,16:00:00,0.88826,0.88835,0.88005,0.88077,13608,0.88566,BEARISH_DAILY_LOW_BREAKOUT,1,0.9117022605220411,1.0172916879548541,1.740522497360259
2010-03-04,08:00:00,0.90183,0.90232,0.89779,0.90043,7554,0.90074,BEARISH_DAILY_LOW_BREAKOUT,1,0.2532123540974934,0.06108192752352215,0.17769288006841685
2010-03-11,00:00:00,0.91475,0.91553,0.91192,0.91249,3616,0.91257,BEARISH_DAILY_LOW_BREAKOUT,1,0.19616653333186757,0.3616477988799844,0.3210994093085939
2010-03-15,04:00:00,0.91532,0.91608,0.91276,0.91366,4959,0.9139,BEARISH_DAILY_LOW_BREAKOUT,1,0.042685462863647466,-0.2725302628986704,0.15322986669001123
2010-03-19,16:00:00,0.92007,0.92065,0.9128,0.91618,11870,0.91791,BEARISH_DAILY_LOW_BREAKOUT,1,-0.10041694863455128,-0.1942849658364081,0.09714248291821012
2010-03-22,12:00:00,0.9134,0.9136,0.909,0.90906,7941,0.9128,BEARISH_DAILY_LOW_BREAKOUT,1,0.8811299584185942,0.8668294722020548,0.8327283127626302
2010-03-24,12:00:00,0.91523,0.91595,0.90903,0.91073,9068,0.91356,BEARISH_DAILY_LOW_BREAKOUT,1,-0.10760598640651914,0.03733268916144268,0.17238918230430098
2010-03-26,12:00:00,0.90666,0.90802,0.90421,0.90543,8703,0.90646,BEARISH_DAILY_LOW_BREAKOUT,1,-0.40091448262150703,-0.07289354229482058,0.8736180599273367
2010-03-31,04:00:00,0.91629,0.91651,0.91386,0.91573,4731,0.9159,BEARISH_DAILY_LOW_BREAKOUT,1,0.05241719720877605,0.21076081377698527,0.05460124709247757
2010-04-06,00:00:00,0.92101,0.92164,0.91723,0.91788,2755,0.91846,BEARISH_DAILY_LOW_BREAKOUT,1,0.39656599991284003,0.4684708240728603,0.8944524338693446
2010-04-08,08:00:00,0.92745,0.9279,0.92216,0.92392,6525,0.92472,BEARISH_DAILY_LOW_BREAKOUT,1,0.15477530522123586,0.5097843969174812,0.7598060438133201
2010-04-13,04:00:00,0.92566,0.9264,0.92248,0.9228,5865,0.92518,BEARISH_DAILY_LOW_BREAKOUT,1,0.26874729085392696,0.41287386215865746,0.9969657563935953
2010-04-16,00:00:00,0.93431,0.93523,0.93059,0.93069,3628,0.93101,BEARISH_DAILY_LOW_BREAKOUT,1,-0.10422374797193763,-0.022563904200114268,-0.8703220191470841
2010-04-19,00:00:00,0.92064,0.9243,0.92025,0.92259,3775,0.92303,BEARISH_DAILY_LOW_BREAKOUT,1,-0.32191981270120296,-0.3522691553127581,0.2828992293434788
2010-04-22,12:00:00,0.93005,0.9303,0.92494,0.92575,8725,0.92579,BEARISH_DAILY_LOW_BREAKOUT,1,0.03780718336484715,-0.031325951930868214,-0.7496624358628081
2010-04-23,04:00:00,0.92544,0.92618,0.92084,0.92228,5344,0.9227,BEARISH_DAILY_LOW_BREAKOUT,1,0.04120223793208645,0.25697185236587405,0.5930953723381159
2010-04-27,08:00:00,0.92581,0.92619,0.9232,0.92434,6235,0.92561,BEARISH_DAILY_LOW_BREAKOUT,1,-0.21961615855638478,-0.9758314040288235,-0.8503364562823299
2010-05-04,08:00:00,0.92463,0.92465,0.91833,0.91958,7831,0.92255,BEARISH_DAILY_LOW_BREAKOUT,1,-0.6307227212422972,-1.178799016942513,-1.0515670197263922
2010-05-05,12:00:00,0.9099,0.91115,0.90296,0.90303,11623,0.90821,BEARISH_DAILY_LOW_BREAKOUT,1,0.6334230313500047,0.5570136097361084,-0.2624497524999151
2010-05-06,12:00:00,0.90625,0.90747,0.90034,0.90066,11262,0.902,BEARISH_DAILY_LOW_BREAKOUT,1,-0.8016343570270695,-1.7897985921435415,-1.2568560833166784
2010-05-12,04:00:00,0.89525,0.89602,0.88896,0.889,6105,0.8932,BEARISH_DAILY_LOW_BREAKOUT,1,0.7502812148481388,0.502812148481437,1.2170978627671474
2010-05-14,12:00:00,0.89381,0.89424,0.89071,0.89268,11248,0.89296,BEARISH_DAILY_LOW_BREAKOUT,1,-0.4951382354259062,-1.073172917506837,-1.5022180400591514
2010-05-17,00:00:00,0.88481,0.8858,0.88202,0.8831,2296,0.88497,BEARISH_DAILY_LOW_BREAKOUT,1,-0.6839542520665888,-0.4336994677839429,-0.972709772392706
2010-05-18,20:00:00,0.87203,0.87234,0.86248,0.86432,13206,0.86848,BEARISH_DAILY_LOW_BREAKOUT,1,-1.2796186597556414,-1.9356256941873409,-2.003887449092929
2010-05-19,00:00:00,0.86429,0.86435,0.85299,0.85326,8817,0.86248,BEARISH_DAILY_LOW_BREAKOUT,1,0.15470079459953448,-0.1945479689660824,-0.8860136417973433
2010-05-20,08:00:00,0.8407,0.8412,0.8255,0.8309,4450,0.8357,BEARISH_DAILY_LOW_BREAKOUT,1,-0.37669996389456806,-1.6680707666385828,-0.545191960524723
2010-05-25,08:00:00,0.81983,0.8204,0.80952,0.81029,11444,0.81849,BEARISH_DAILY_LOW_BREAKOUT,1,0.09502770612991009,2.1251650643596753,2.3991410482666717
2010-06-01,08:00:00,0.83903,0.84111,0.82818,0.82968,13972,0.83832,BEARISH_DAILY_LOW_BREAKOUT,1,0.384485584803783,0.1518657795776732,0.1108861247709999
2010-06-04,12:00:00,0.84649,0.8468,0.82977,0.83178,11713,0.83638,BEARISH_DAILY_LOW_BREAKOUT,1,-0.6371877179061738,-2.3058981942340493,-1.496790016590921
2010-06-07,00:00:00,0.82251,0.82267,0.81035,0.8126,6330,0.82121,BEARISH_DAILY_LOW_BREAKOUT,1,0.3421117400935275,0.8282057592911658,0.3051932069899136
2010-06-22,20:00:00,0.87872,0.87921,0.87122,0.87139,7616,0.87522,BEARISH_DAILY_LOW_BREAKOUT,1,-0.216894846165316,-0.18361468458440489,0.27427443509794736
2010-06-23,00:00:00,0.8714,0.87355,0.86875,0.8695,4939,0.87122,BEARISH_DAILY_LOW_BREAKOUT,1,0.07360552041402806,0.5014376078205772,0.8016101207590477
2010-06-25,04:00:00,0.86486,0.86777,0.86088,0.86151,7180,0.86407,BEARISH_DAILY_LOW_BREAKOUT,1,0.030179568432175827,1.0330698424858702,1.6459472321853457
2010-06-29,04:00:00,0.87133,0.87176,0.86581,0.86586,5913,0.87064,BEARISH_DAILY_LOW_BREAKOUT,1,-1.0186404268588385,-1.3454831035040238,-1.577622248400435
2010-06-30,16:00:00,0.84803,0.84856,0.84351,0.84658,10815,0.84706,BEARISH_DAILY_LOW_BREAKOUT,1,-0.7205461976422777,-1.3312386307259803,-0.8268562923763857
2010-07-01,04:00:00,0.84059,0.84112,0.83153,0.83531,9084,0.84012,BEARISH_DAILY_LOW_BREAKOUT,1,0.37710550574038215,0.5111874633369642,1.4856759765835477
2010-07-05,12:00:00,0.84313,0.84315,0.83814,0.83968,4552,0.84018,BEARISH_DAILY_LOW_BREAKOUT,1,-0.1834032012195105,-0.7931592987804877,1.4803258384146403
2010-07-06,00:00:00,0.8391,0.84005,0.83186,0.83302,5822,0.83703,BEARISH_DAILY_LOW_BREAKOUT,1,0.99877553960289,2.291661664785966,2.017958752490936
2010-07-12,08:00:00,0.87461,0.87471,0.87009,0.87158,7309,0.87269,BEARISH_DAILY_LOW_BREAKOUT,1,0.24323642121205294,0.47958879276715405,0.1812799742995509
2010-07-15,16:00:00,0.88161,0.8826,0.87268,0.87778,11623,0.87849,BEARISH_DAILY_LOW_BREAKOUT,1,0.7416436920412878,-0.14354394039509205,-0.8544282166374206
2010-07-16,16:00:00,0.87653,0.87738,0.86978,0.87028,11585,0.87268,BEARISH_DAILY_LOW_BREAKOUT,1,-0.17925265431815113,-0.3895298064990582,0.01608677666956818
2010-07-19,00:00:00,0.86656,0.86731,0.86322,0.86485,3692,0.86811,BEARISH_DAILY_LOW_BREAKOUT,1,0.23587905417124838,0.3515060415100934,0.7342313696016612
2010-07-28,04:00:00,0.90179,0.9024,0.89218,0.89318,7628,0.89985,BEARISH_DAILY_LOW_BREAKOUT,1,0.3940974943460533,0.047022996484468525,0.3381177366264384
2010-08-10,00:00:00,0.91635,0.91649,0.91445,0.91478,2837,0.91525,BEARISH_DAILY_LOW_BREAKOUT,1,-0.40556199304750773,-0.6875970178622202,-0.7160191521458772
2010-08-11,08:00:00,0.90768,0.90842,0.902,0.90479,8772,0.90582,BEARISH_DAILY_LOW_BREAKOUT,1,-0.26636014986903295,-0.8797621547541382,-1.08201903204058
2010-08-12,04:00:00,0.89709,0.89714,0.89169,0.8958,7546,0.89662,BEARISH_DAILY_LOW_BREAKOUT,1,-0.08930564858227538,0.021210091538280025,0.5581603036392057
2010-08-16,00:00:00,0.8931,0.89452,0.88721,0.88877,4008,0.8921,BEARISH_DAILY_LOW_BREAKOUT,1,0.22277979679783216,0.542322535639147,0.8382371142140337
2010-08-19,00:00:00,0.89795,0.89885,0.89527,0.89681,5162,0.89721,BEARISH_DAILY_LOW_BREAKOUT,1,-0.023416331218434616,0.3846968700170552,-0.7314815847280929
2010-08-20,00:00:00,0.89252,0.89278,0.88837,0.89025,5063,0.89045,BEARISH_DAILY_LOW_BREAKOUT,1,-0.11232799775344016,-0.17860151642796745,-0.1235607975287829
2010-08-24,08:00:00,0.88727,0.8894,0.8823,0.88524,9716,0.88698,BEARISH_DAILY_LOW_BREAKOUT,1,-0.367132077176808,-0.42700284668564525,0.28015001581491195
2010-08-25,12:00:00,0.8877,0.88825,0.87795,0.87889,9936,0.87996,BEARISH_DAILY_LOW_BREAKOUT,1,0.12402007077109028,0.6713013005040468,1.1150428381253663
2010-08-31,08:00:00,0.89407,0.89414,0.88791,0.89018,9469,0.8916,BEARISH_DAILY_LOW_BREAKOUT,1,-0.32353007256959193,0.0348244175335362,1.3120941831989064
2010-09-07,04:00:00,0.91473,0.91768,0.91386,0.9142,6435,0.91445,BEARISH_DAILY_LOW_BREAKOUT,1,-0.3620651936119049,-0.09954058192955223,-0.18595493327499835
2010-09-23,08:00:00,0.95568,0.95737,0.94874,0.94968,8243,0.95082,BEARISH_DAILY_LOW_BREAKOUT,1,-0.30220705921994023,-0.09055681913907547,0.43909527419762523
2010-09-30,16:00:00,0.97244,0.97313,0.96238,0.96564,14487,0.96571,BEARISH_DAILY_LOW_BREAKOUT,1,0.13151899258522776,0.11080734020959201,0.46704776107036816
2010-10-05,04:00:00,0.96697,0.9677,0.95738,0.95848,8588,0.96522,BEARISH_DAILY_LOW_BREAKOUT,1,0.21909690343043056,1.1205241632584897,1.3051915532927156
2010-10-12,00:00:00,0.98368,0.98404,0.98043,0.98064,4525,0.9822,BEARISH_DAILY_LOW_BREAKOUT,1,-0.21822483276226953,0.25697503671072747,0.6363191385217841
2010-10-18,04:00:00,0.98706,0.98809,0.98254,0.98521,7689,0.98621,BEARISH_DAILY_LOW_BREAKOUT,1,-0.1796571289369829,0.5795718679266342,0.144131707960737
2010-10-19,12:00:00,0.98784,0.99011,0.97631,0.97738,13031,0.98004,BEARISH_DAILY_LOW_BREAKOUT,1,-0.3857251018027841,-0.7540567640017176,-0.07366633243979352
2010-10-27,00:00:00,0.98518,0.9867,0.97798,0.97979,6170,0.98134,BEARISH_DAILY_LOW_BREAKOUT,1,-0.6133967482828024,-0.8307902713846882,-0.6113554945447545
2010-11-09,20:00:00,1.01156,1.01229,0.99981,1.00302,14444,1.0079,BEARISH_DAILY_LOW_BREAKOUT,1,0.2522382405136409,0.15253933121971958,0.29311479332415535
2010-11-10,12:00:00,1.00456,1.00714,0.99856,0.99916,14423,0.99981,BEARISH_DAILY_LOW_BREAKOUT,1,0.32727491092516553,0.238200088073987,0.19116057488288724
2010-11-11,16:00:00,1.00105,1.00232,0.99567,0.99671,16962,0.99748,BEARISH_DAILY_LOW_BREAKOUT,1,0.15852153585295883,-0.33811238976231645,-0.624053134813537
2010-11-12,04:00:00,0.99906,1.00021,0.99242,0.99334,10330,0.99554,BEARISH_DAILY_LOW_BREAKOUT,1,-0.6785189361145195,-0.28691082610184016,-0.7942899712082422
2010-11-16,16:00:00,0.98153,0.98333,0.9727,0.9754,20294,0.98122,BEARISH_DAILY_LOW_BREAKOUT,1,0.13840475702275604,0.07791675210170011,0.6786959196227147
2010-11-23,08:00:00,0.98516,0.98646,0.97748,0.98066,17334,0.9823,BEARISH_DAILY_LOW_BREAKOUT,1,-0.05200579201762185,-0.852487100524129,-0.417066057553069
2010-11-26,04:00:00,0.97654,0.97779,0.97323,0.97341,7724,0.97605,BEARISH_DAILY_LOW_BREAKOUT,1,-0.33593244367738107,-0.984169055177164,-1.0427260866438595
2010-11-29,16:00:00,0.96273,0.96348,0.9566,0.95928,17454,0.96119,BEARISH_DAILY_LOW_BREAKOUT,1,0.3961304311567035,0.2637394712701226,0.12822116587440094
2010-12-07,20:00:00,0.9893,0.98987,0.98344,0.98381,13900,0.98491,BEARISH_DAILY_LOW_BREAKOUT,1,0.05285573433895528,-0.4380927211555001,-0.4482572854514504
2010-12-08,04:00:00,0.98434,0.98545,0.97797,0.97944,9984,0.98344,BEARISH_DAILY_LOW_BREAKOUT,1,0.006125949522182064,-0.16335865392468502,0.7361349342481469
2010-12-15,08:00:00,0.9957,0.99576,0.99076,0.9934,12723,0.99412,BEARISH_DAILY_LOW_BREAKOUT,1,0.11173746728408047,-0.8113549426212961,-0.40869740285886375
2010-12-27,00:00:00,1.00165,1.00174,0.99867,1.00081,2472,1.00197,BEARISH_DAILY_LOW_BREAKOUT,1,0.2428033293032576,0.11590611604600772,0.6414804008753002
2011-01-04,00:00:00,1.0165,1.01694,1.01415,1.01475,3938,1.01649,BEARISH_DAILY_LOW_BREAKOUT,1,-0.4917467356491796,-0.5942350332594215,-0.8356738112835715
2011-01-05,04:00:00,1.00626,1.00626,1.001,1.00128,6306,1.0028,BEARISH_DAILY_LOW_BREAKOUT,1,-0.08189517417705766,-0.12683764781079043,-0.46540428251837623
2011-01-06,16:00:00,0.99682,0.99904,0.99324,0.99562,16291,0.99597,BEARISH_DAILY_LOW_BREAKOUT,1,-0.181796267652315,-0.2470822201241344,-0.06126835539663722
2011-01-07,00:00:00,0.99377,0.99481,0.9919,0.9932,5646,0.99324,BEARISH_DAILY_LOW_BREAKOUT,1,-0.004027386226331956,-0.15304067660088258,0.3785743052758745
2011-01-10,12:00:00,0.99083,0.9913,0.98824,0.98944,13382,0.9907,BEARISH_DAILY_LOW_BREAKOUT,1,0.3658635187580922,0.07478978007761591,-0.3375646830530411
2011-01-11,04:00:00,0.99017,0.9902,0.98371,0.98437,9540,0.98824,BEARISH_DAILY_LOW_BREAKOUT,1,0.015238172638335533,0.2874935237766286,0.024381076221341363
2011-01-14,12:00:00,0.99412,0.99467,0.98558,0.98672,14417,0.99199,BEARISH_DAILY_LOW_BREAKOUT,1,0.17330144316523322,0.2148532511756132,0.9232609048159509
2011-01-20,08:00:00,0.99644,0.99672,0.9925,0.99517,13324,0.99611,BEARISH_DAILY_LOW_BREAKOUT,1,-0.40194137685018677,-0.7596692022468534,-0.6822954872031877
2011-01-27,08:00:00,0.9962,0.99692,0.98765,0.99092,13048,0.99297,BEARISH_DAILY_LOW_BREAKOUT,1,-0.008073305614980925,0.10495297299478563,0.04843983368989675
2011-02-09,08:00:00,1.01316,1.01426,1.00997,1.01016,6710,1.01135,BEARISH_DAILY_LOW_BREAKOUT,1,0.06335629999207788,0.12869248435892128,-0.6296032311712918
2011-02-10,00:00:00,1.01148,1.01317,1.00762,1.00777,5985,1.00878,BEARISH_DAILY_LOW_BREAKOUT,1,-0.05953739444517657,-0.4187463409309775,-0.5219444913025831
2011-02-11,04:00:00,1.0025,1.00262,0.99783,0.99894,6930,1.00096,BEARISH_DAILY_LOW_BREAKOUT,1,-0.12713476284862998,0.09109656235609409,0.4925220733977941
2011-02-15,16:00:00,1.00049,1.0013,0.99765,0.99871,10096,1.00023,BEARISH_DAILY_LOW_BREAKOUT,1,-0.3784882498422971,0.09312012496119859,-0.07910204163370321
2011-02-21,16:00:00,1.01124,1.01136,1.00732,1.00856,9287,1.00882,BEARISH_DAILY_LOW_BREAKOUT,1,0.06543983501230517,-0.5096375029745303,-0.9468945823748659
2011-02-22,00:00:00,1.00923,1.0095,1.00518,1.00687,5768,1.00732,BEARISH_DAILY_LOW_BREAKOUT,1,-0.3426460218300231,-0.422100171819586,-0.4091888724462842
2011-03-02,04:00:00,1.01343,1.01417,1.00902,1.00903,4069,1.01237,BEARISH_DAILY_LOW_BREAKOUT,1,0.25668216009433514,0.6481472305085071,0.6065230964391448
2011-03-04,00:00:00,1.01564,1.01565,1.01127,1.0118,5802,1.01249,BEARISH_DAILY_LOW_BREAKOUT,1,0.19470251037754766,0.043486855109705076,0.1492389800355703
2011-03-08,12:00:00,1.01109,1.012,1.00741,1.00849,11988,1.00908,BEARISH_DAILY_LOW_BREAKOUT,1,0.2498785312695074,-0.1447708951005976,0.37481779690427214
2011-03-10,04:00:00,1.01035,1.01161,1.0034,1.0048,8927,1.00592,BEARISH_DAILY_LOW_BREAKOUT,1,-0.01293789808916834,-0.3154856687897985,-0.17416401273884538
2011-03-15,04:00:00,1.00646,1.00675,0.99239,0.99629,15313,1.00466,BEARISH_DAILY_LOW_BREAKOUT,1,-0.28405383974545556,-0.5209326601692307,-0.5329773459534911
2011-03-29,00:00:00,1.02536,1.0255,1.02248,1.02319,4681,1.02331,BEARISH_DAILY_LOW_BREAKOUT,1,0.07036816231589968,-0.05668546408780626,0.7046589587466588
2011-04-05,04:00:00,1.03441,1.03519,1.03122,1.03237,6190,1.03355,BEARISH_DAILY_LOW_BREAKOUT,1,0.04165173339015377,0.17338744829857108,0.41845462382671716
2011-04-12,00:00:00,1.04938,1.051,1.04569,1.04651,5911,1.04831,BEARISH_DAILY_LOW_BREAKOUT,1,-0.38795615904290953,0.4214006555121332,0.09842237532368199
2011-04-18,16:00:00,1.0512,1.05439,1.04537,1.04944,15774,1.05104,BEARISH_DAILY_LOW_BREAKOUT,1,0.1172053666717549,-0.27633785638053654,0.17056715962800928
2011-04-25,16:00:00,1.07321,1.07398,1.06837,1.07076,11211,1.07197,BEARISH_DAILY_LOW_BREAKOUT,1,0.1139377638312973,-0.22227203108071153,0.7069744854122378
2011-05-03,04:00:00,1.09319,1.09429,1.08879,1.09124,8597,1.09206,BEARISH_DAILY_LOW_BREAKOUT,1,-0.23276272863897832,-0.14112385909608305,-0.8779003702210257
2011-05-04,00:00:00,1.0844,1.08654,1.08301,1.08353,6069,1.0837,BEARISH_DAILY_LOW_BREAKOUT,1,-0.17258405397174403,0.27871863261744484,-0.6497282031877435
2011-05-05,04:00:00,1.0765,1.07693,1.06936,1.07278,9450,1.07288,BEARISH_DAILY_LOW_BREAKOUT,1,-0.1649918902291289,-0.8547884934469436,-0.38218460448554153
2011-05-11,16:00:00,1.08371,1.08469,1.06827,1.07126,11885,1.07356,BEARISH_DAILY_LOW_BREAKOUT,1,-0.12321938651683156,-0.6674383436327512,-0.47047402124602383
2011-05-12,04:00:00,1.07013,1.07028,1.05852,1.06411,11227,1.06636,BEARISH_DAILY_LOW_BREAKOUT,1,-0.38717801731023127,0.1982877710011236,-0.06578267284396566
2011-05-13,16:00:00,1.06819,1.06846,1.05201,1.05643,8709,1.05665,BEARISH_DAILY_LOW_BREAKOUT,1,0.060581392046796655,-0.09560500932385065,0.3029069602340043
2011-05-23,04:00:00,1.06108,1.06108,1.05597,1.05704,3051,1.06095,BEARISH_DAILY_LOW_BREAKOUT,1,-0.31503065163097477,-0.580867327631881,-0.21475062438507478
2011-05-31,12:00:00,1.06877,1.06918,1.06425,1.06464,10676,1.06749,BEARISH_DAILY_LOW_BREAKOUT,1,0.06105350165314467,0.22730688307783536,0.8838668470093101
2011-06-01,20:00:00,1.06866,1.06935,1.06018,1.06129,11231,1.06425,BEARISH_DAILY_LOW_BREAKOUT,1,-0.002826748579556435,0.2534651226337626,0.5295442339040185
2011-06-08,04:00:00,1.06771,1.06865,1.06382,1.06651,8841,1.06712,BEARISH_DAILY_LOW_BREAKOUT,1,-0.3094204461280326,-0.13126928017553213,-0.6882260832059826
2011-06-09,08:00:00,1.05918,1.06059,1.05722,1.05759,6781,1.05885,BEARISH_DAILY_LOW_BREAKOUT,1,0.10590115262058168,0.4585898126873383,0.5039760209533048
2011-06-10,16:00:00,1.05932,1.05961,1.05343,1.05568,6266,1.05623,BEARISH_DAILY_LOW_BREAKOUT,1,-0.20650197029401418,-0.1392467414367858,-0.09188390421338999
2011-06-16,04:00:00,1.05738,1.05869,1.05251,1.05307,8953,1.05343,BEARISH_DAILY_LOW_BREAKOUT,1,0.025639321222710027,0.15858394978492033,-0.10540609836002778
2011-06-23,00:00:00,1.05727,1.0575,1.05397,1.05513,6525,1.05646,BEARISH_DAILY_LOW_BREAKOUT,1,-0.021798261825552535,-0.7591481618378637,-0.1431103276373433
2011-06-27,00:00:00,1.04835,1.04869,1.04192,1.04343,7333,1.04846,BEARISH_DAILY_LOW_BREAKOUT,1,-0.17825824444380292,-0.13321449450370434,0.27217925495720396
2011-07-05,04:00:00,1.07187,1.07268,1.06636,1.0671,9523,1.07118,BEARISH_DAILY_LOW_BREAKOUT,1,0.3251803954643505,0.26707899915659444,0.5379064754943378
2011-07-11,00:00:00,1.072,1.07311,1.06848,1.06933,5808,1.07035,BEARISH_DAILY_LOW_BREAKOUT,1,0.15056156658843495,-0.11128463617403443,-0.6424583617779294
2011-07-12,00:00:00,1.06549,1.06636,1.06227,1.06246,6729,1.06311,BEARISH_DAILY_LOW_BREAKOUT,1,-0.23247934039869475,-0.1392993618583218,-0.049884230935745295
2011-07-15,08:00:00,1.07329,1.07416,1.06286,1.06512,13123,1.06931,BEARISH_DAILY_LOW_BREAKOUT,1,0.06008712633318067,-0.004694306744789837,-0.3173351359471384
2011-07-18,00:00:00,1.0637,1.06543,1.0591,1.05938,6167,1.06187,BEARISH_DAILY_LOW_BREAKOUT,1,0.12648907851763475,0.11988144008760826,0.44554361985312707
2011-07-21,08:00:00,1.07288,1.07477,1.07037,1.07055,11753,1.071,BEARISH_DAILY_LOW_BREAKOUT,1,0.552986782494993,1.251693054971751,1.2769137359301361
2011-07-25,04:00:00,1.08233,1.08346,1.0812,1.08175,5394,1.08191,BEARISH_DAILY_LOW_BREAKOUT,1,0.09706494106771393,0.4409521608504683,0.9179570140975266
2011-07-29,08:00:00,1.0977,1.09771,1.09235,1.09416,11990,1.0975,BEARISH_DAILY_LOW_BREAKOUT,1,-0.18918622504935442,0.44600424069605865,0.831688235724198
2011-08-02,08:00:00,1.0929,1.09318,1.0861,1.08707,13306,1.09221,BEARISH_DAILY_LOW_BREAKOUT,1,-0.1379855943039599,-0.8545907807224945,-1.008214742380903
2011-08-03,00:00:00,1.07768,1.07831,1.07193,1.0745,7590,1.07778,BEARISH_DAILY_LOW_BREAKOUT,1,0.05490926012099493,0.192647743136344,-0.032573289902286875
2011-08-04,04:00:00,1.07416,1.07421,1.06679,1.06723,11368,1.0678,BEARISH_DAILY_LOW_BREAKOUT,1,-0.26048743007599157,-1.302437150379937,-1.9414746586958624
2011-08-05,00:00:00,1.04615,1.04725,1.04236,1.04537,9480,1.04561,BEARISH_DAILY_LOW_BREAKOUT,1,0.10905229727274945,0.35202846838919505,-0.23627997742425863
2011-08-08,04:00:00,1.04289,1.04362,1.03114,1.03285,13643,1.03755,BEARISH_DAILY_LOW_BREAKOUT,1,0.26528537541753056,0.14426102531829318,-2.092268964515673
2011-08-09,00:00:00,1.01862,1.02076,1.00705,1.00849,13313,1.01799,BEARISH_DAILY_LOW_BREAKOUT,1,0.272684905155213,0.683199635098002,2.5890192267647527
2011-08-18,16:00:00,1.04484,1.04528,1.0352,1.03873,19078,1.04322,BEARISH_DAILY_LOW_BREAKOUT,1,0.011552569002543492,-0.23875309271899703,0.5112011783620526
2011-08-19,00:00:00,1.03884,1.03887,1.03217,1.03389,8223,1.0352,BEARISH_DAILY_LOW_BREAKOUT,1,0.2282641286790585,0.985598081033758,0.6422346671309307
2011-08-25,04:00:00,1.04625,1.04653,1.04276,1.04445,8206,1.04475,BEARISH_DAILY_LOW_BREAKOUT,1,0.25180717123844226,-0.047872085786793715,0.38872133658863056
2011-09-02,16:00:00,1.06603,1.06853,1.06505,1.06523,14315,1.06588,BEARISH_DAILY_LOW_BREAKOUT,1,-0.10138655501628474,-0.6327272044534954,-0.9932127334002808
2011-09-05,00:00:00,1.06073,1.06091,1.05694,1.05858,6883,1.06253,BEARISH_DAILY_LOW_BREAKOUT,1,-0.008501955449767189,-0.5497931190840709,-0.5913582346161985
2011-09-06,04:00:00,1.05231,1.05353,1.04935,1.05044,11067,1.05122,BEARISH_DAILY_LOW_BREAKOUT,1,0.8710635543200935,0.07711054415292425,0.8634476981074511
2011-09-09,08:00:00,1.06107,1.06328,1.05343,1.0543,17408,1.05651,BEARISH_DAILY_LOW_BREAKOUT,1,-0.819501090771126,-0.7104239779948779,-2.2384520534952164
2011-09-12,00:00:00,1.04187,1.04395,1.03926,1.04015,7896,1.04212,BEARISH_DAILY_LOW_BREAKOUT,1,-0.5153102917848205,-0.5422294861317952,-0.7537374417151226
2011-09-14,04:00:00,1.03603,1.03624,1.021,1.02371,15497,1.02618,BEARISH_DAILY_LOW_BREAKOUT,1,-0.26472340799640426,-0.14554903244082712,-0.42785554502738365
2011-09-19,04:00:00,1.02944,1.02945,1.02245,1.02389,9901,1.02936,BEARISH_DAILY_LOW_BREAKOUT,1,-0.02441668538611193,-0.5332604088329821,-0.4492670111047024
2011-09-21,20:00:00,1.02046,1.02565,1.00332,1.00416,18446,1.01476,BEARISH_DAILY_LOW_BREAKOUT,1,-0.15734544295728917,-1.0516252390057264,-2.9905592734225515
2011-09-22,00:00:00,1.00415,1.00768,1.00216,1.00258,10537,1.00332,BEARISH_DAILY_LOW_BREAKOUT,1,-0.08378383769873245,-2.4267390133455757,-1.941989666660016
2011-09-29,00:00:00,0.9779,0.97797,0.97006,0.97348,9262,0.97732,BEARISH_DAILY_LOW_BREAKOUT,1,0.7437235485063919,1.1895467806221016,0.4396597772938274
2011-09-30,20:00:00,0.97223,0.97287,0.96583,0.96583,13132,0.97006,BEARISH_DAILY_LOW_BREAKOUT,1,0.09525485851547705,-0.45763747243303476,-1.3677355228145682
2011-10-03,04:00:00,0.96674,0.96855,0.95924,0.96281,11680,0.96583,BEARISH_DAILY_LOW_BREAKOUT,1,-0.1454077128405467,-0.1963004123347346,-1.350214476376441
2011-10-04,00:00:00,0.95108,0.95406,0.94753,0.94906,10325,0.95256,BEARISH_DAILY_LOW_BREAKOUT,1,0.07902556213516831,-0.5426421933281339,0.18860767496259018
2011-10-18,08:00:00,1.02013,1.02072,1.01183,1.0141,18713,1.01481,BEARISH_DAILY_LOW_BREAKOUT,1,0.15087269500049613,1.1793708707228057,1.6615718370969363
2011-10-20,04:00:00,1.02395,1.02395,1.01727,1.01768,13367,1.02038,BEARISH_DAILY_LOW_BREAKOUT,1,0.2456567879883823,0.21126483767000395,0.362589419070825
2011-10-26,04:00:00,1.04206,1.04337,1.03545,1.03647,11711,1.03989,BEARISH_DAILY_LOW_BREAKOUT,1,0.13507385645508968,-0.16980713382924578,1.1548814726909642
2011-10-31,04:00:00,1.06675,1.06957,1.05284,1.05286,13645,1.06545,BEARISH_DAILY_LOW_BREAKOUT,1,0.3438253898904108,0.7560359402009944,-0.3884657029424546
2011-11-01,04:00:00,1.05417,1.05652,1.04744,1.04877,13142,1.0506,BEARISH_DAILY_LOW_BREAKOUT,1,-0.7494493549586638,-1.7677851197116623,-1.3205946012948424
2011-11-03,00:00:00,1.03391,1.03465,1.0245,1.02494,8887,1.02787,BEARISH_DAILY_LOW_BREAKOUT,1,0.07219934825452835,1.0351825472710607,1.6215583351220637
2011-11-07,08:00:00,1.03667,1.03688,1.02848,1.02924,15269,1.03149,BEARISH_DAILY_LOW_BREAKOUT,1,0.5178578368504971,0.7422952858419894,0.34977264777894834
2011-11-09,12:00:00,1.03346,1.03353,1.02063,1.02371,23565,1.02813,BEARISH_DAILY_LOW_BREAKOUT,1,-0.38389778355198145,-1.0891756454464638,-0.5304236551366915
2011-11-10,00:00:00,1.01512,1.01645,1.01076,1.01256,9717,1.01365,BEARISH_DAILY_LOW_BREAKOUT,1,0.17677964762583753,0.564904795765206,0.04345421505886031
2011-11-15,12:00:00,1.01627,1.01627,1.01128,1.01309,17890,1.01606,BEARISH_DAILY_LOW_BREAKOUT,1,0.12042365436437028,0.1589197405955926,-0.06613430198698521
2011-11-16,04:00:00,1.01467,1.0157,1.0071,1.00817,12568,1.01128,BEARISH_DAILY_LOW_BREAKOUT,1,0.6278702996518392,0.5455429143894442,0.15771149706894474
2011-11-17,00:00:00,1.0086,1.00892,1.0033,1.00462,10362,1.00596,BEARISH_DAILY_LOW_BREAKOUT,1,0.5116362405685655,0.2249606816507663,-0.5673787103581492
2011-11-21,00:00:00,0.99962,0.99962,0.99505,0.99506,5977,0.99634,BEARISH_DAILY_LOW_BREAKOUT,1,0.27234538620787707,-0.6823709123067918,-0.8652744558116994
2011-11-23,04:00:00,0.98524,0.9855,0.97549,0.97693,12617,0.98122,BEARISH_DAILY_LOW_BREAKOUT,1,-0.0798419538759177,-0.8690489594955624,-0.45141412383690893
2011-11-25,08:00:00,0.96948,0.97165,0.96765,0.96787,15660,0.96797,BEARISH_DAILY_LOW_BREAKOUT,1,0.03202909481645597,0.3037598024528028,2.0880903427113093
2011-12-06,04:00:00,1.02446,1.02486,1.01686,1.01749,10672,1.02018,BEARISH_DAILY_LOW_BREAKOUT,1,0.28992913935272174,0.4914053209368046,0.8697874180581652
2011-12-08,16:00:00,1.03029,1.03777,1.01622,1.01835,21305,1.0231,BEARISH_DAILY_LOW_BREAKOUT,1,-0.27102666077479215,-0.5351794569647151,0.05400893602394347
2011-12-09,04:00:00,1.01651,1.02017,1.00887,1.0129,13679,1.0144,BEARISH_DAILY_LOW_BREAKOUT,1,-0.40379109487609116,0.5923585743903649,0.3406061802744768
2011-12-13,20:00:00,1.00943,1.00961,0.99791,1.00047,15121,1.00508,BEARISH_DAILY_LOW_BREAKOUT,1,0.015992483532733415,0.09895349185883098,-0.9845372674842849
2011-12-14,12:00:00,1.00147,1.00438,0.9962,0.99782,17656,0.99791,BEARISH_DAILY_LOW_BREAKOUT,1,-0.7606582349521943,-0.8077609188029972,-0.3818323946202813
2011-12-19,04:00:00,0.99345,0.9948,0.99003,0.99079,13752,0.99091,BEARISH_DAILY_LOW_BREAKOUT,1,0.4097740187123471,0.05046478062960425,0.2937050232642719
2011-12-27,00:00:00,1.01669,1.0168,1.01478,1.01486,4255,1.01549,BEARISH_DAILY_LOW_BREAKOUT,1,0.045326448968321234,0.06306288552115305,0.03153144276056559
2011-12-28,16:00:00,1.01902,1.02019,1.00707,1.0089,16103,1.01384,BEARISH_DAILY_LOW_BREAKOUT,1,-0.0019823570224907308,0.10407374368123655,0.4162949747249462
2011-12-29,00:00:00,1.00889,1.00966,1.00438,1.00513,6899,1.00707,BEARISH_DAILY_LOW_BREAKOUT,1,0.4795399600051559,0.13829056937908552,1.025737964243413
2012-01-05,08:00:00,1.03213,1.03378,1.02744,1.02852,13987,1.03041,BEARISH_DAILY_LOW_BREAKOUT,1,-0.1545910628864973,-0.20903822968927158,-0.26542993816358657
2012-01-06,04:00:00,1.02539,1.0262,1.02252,1.02255,6494,1.02316,BEARISH_DAILY_LOW_BREAKOUT,1,0.3168549215197212,0.08899320326634065,-0.5564520072368072
2012-01-09,00:00:00,1.02023,1.02081,1.0152,1.01642,4617,1.02018,BEARISH_DAILY_LOW_BREAKOUT,1,0.04328919147596426,0.4958580114519522,0.8638161389976374
2012-01-24,12:00:00,1.04798,1.04961,1.0452,1.04569,13286,1.04577,BEARISH_DAILY_LOW_BREAKOUT,1,0.09563063623061231,0.5058860656599965,0.08989279805677981
2012-01-30,04:00:00,1.06135,1.06135,1.05726,1.0586,8033,1.05901,BEARISH_DAILY_LOW_BREAKOUT,1,-0.29189495560174167,0.017948233515956213,0.46098620819950836
2012-02-09,00:00:00,1.07889,1.08032,1.07465,1.07546,7851,1.07674,BEARISH_DAILY_LOW_BREAKOUT,1,0.40819742249826996,0.2975470961262966,0.08926412883787865
2012-02-10,04:00:00,1.07641,1.07641,1.07098,1.0711,9544,1.07392,BEARISH_DAILY_LOW_BREAKOUT,1,-0.16338343758751922,-0.34170478946877014,0.24274110727291173
2012-02-14,04:00:00,1.07206,1.0723,1.0665,1.0677,9582,1.06855,BEARISH_DAILY_LOW_BREAKOUT,1,0.1039617870188203,0.11145452842556919,0.5376041959351743
2012-02-16,08:00:00,1.06812,1.06911,1.06454,1.06582,14005,1.0667,BEARISH_DAILY_LOW_BREAKOUT,1,0.04409750239252129,0.8725676005329311,0.9560713816591846
2012-02-21,00:00:00,1.07489,1.07596,1.07011,1.07292,7644,1.07392,BEARISH_DAILY_LOW_BREAKOUT,1,-0.07456287514447804,-0.5340565932222358,-0.7391044998695142
2012-02-22,00:00:00,1.06631,1.0672,1.06349,1.06499,7607,1.0654,BEARISH_DAILY_LOW_BREAKOUT,1,-0.008450783575446296,-0.1183109700560605,-0.4159663471018653
2012-02-27,00:00:00,1.07093,1.07093,1.06577,1.06721,4822,1.06869,BEARISH_DAILY_LOW_BREAKOUT,1,0.13867936020089072,0.13680531479277902,0.7749177762577186
2012-02-29,20:00:00,1.07726,1.07893,1.07139,1.0727,12927,1.07285,BEARISH_DAILY_LOW_BREAKOUT,1,0.12678288431062068,0.28992262515148187,0.6339144215530826
2012-03-05,04:00:00,1.07257,1.07382,1.07022,1.07141,6349,1.07253,BEARISH_DAILY_LOW_BREAKOUT,1,-0.33600582410095553,-0.4424076683995825,-0.9510831521079625
2012-03-06,04:00:00,1.06827,1.0683,1.0603,1.06122,9099,1.06557,BEARISH_DAILY_LOW_BREAKOUT,1,0.0706733759258239,-0.6256949548632685,-0.7086183826162314
2012-03-07,00:00:00,1.0557,1.05707,1.05073,1.05169,6726,1.05241,BEARISH_DAILY_LOW_BREAKOUT,1,0.19112095769666604,0.348011296104365,0.37178255949947986
2012-03-12,00:00:00,1.0568,1.05708,1.05349,1.05381,3389,1.05639,BEARISH_DAILY_LOW_BREAKOUT,1,-0.05598732219279267,-0.4023495696567713,-0.19548115884267095
2012-03-14,12:00:00,1.04932,1.05043,1.04598,1.04747,12280,1.04841,BEARISH_DAILY_LOW_BREAKOUT,1,-0.13174601659235463,-0.4448814763191201,0.3866459182601993
2012-03-20,08:00:00,1.05673,1.05824,1.0509,1.05356,12819,1.05575,BEARISH_DAILY_LOW_BREAKOUT,1,-0.4565473252591197,-0.538175329359511,-0.19647670754394778
2012-03-21,12:00:00,1.0515,1.05156,1.0443,1.04506,14546,1.04566,BEARISH_DAILY_LOW_BREAKOUT,1,-0.07559374581364404,0.11673970872485778,-0.662162938013132
2012-03-22,04:00:00,1.04629,1.0482,1.03753,1.03932,10724,1.04208,BEARISH_DAILY_LOW_BREAKOUT,1,-0.12989262209906113,-0.0702382326906169,0.011546010853240385
2012-03-28,00:00:00,1.04639,1.04703,1.04387,1.04389,4917,1.04602,BEARISH_DAILY_LOW_BREAKOUT,1,-0.11112281945416182,-0.2950502447575867,-0.4674822059795568
2012-03-29,12:00:00,1.03827,1.0388,1.03315,1.03497,14333,1.03552,BEARISH_DAILY_LOW_BREAKOUT,1,-0.2473501647390645,0.21933002888972572,0.5159569842604252
2012-04-03,16:00:00,1.03725,1.03877,1.03533,1.0361,16783,1.03659,BEARISH_DAILY_LOW_BREAKOUT,1,-0.30885049705627754,-0.8975967570697891,-0.9555062252678332
2012-04-04,04:00:00,1.0305,1.03074,1.02621,1.0268,9169,1.03002,BEARISH_DAILY_LOW_BREAKOUT,1,-0.1587456174522809,-0.05843396961432936,0.3067783404752616
2012-04-09,00:00:00,1.02952,1.02982,1.02646,1.02658,4116,1.02725,BEARISH_DAILY_LOW_BREAKOUT,1,0.19189931617604347,0.32340392370784443,0.4890023183775277
2012-04-10,20:00:00,1.02681,1.02728,1.02467,1.02491,10129,1.02561,BEARISH_DAILY_LOW_BREAKOUT,1,0.010732649696076192,0.27807319667092906,0.4771150637617021
2012-04-16,00:00:00,1.03624,1.03635,1.0315,1.03181,6062,1.03558,BEARISH_DAILY_LOW_BREAKOUT,1,-0.03779765654528358,0.41965090472084665,0.277182814665499
2012-04-19,12:00:00,1.03739,1.03853,1.03183,1.03256,17638,1.034,BEARISH_DAILY_LOW_BREAKOUT,1,0.06101340357946566,0.015495467575749594,0.24695901448826724
2012-04-23,08:00:00,1.03434,1.03448,1.02919,1.02991,14654,1.0308,BEARISH_DAILY_LOW_BREAKOUT,1,-0.12234078705906717,0.19710460137293317,-0.1417599596081227
2012-04-24,04:00:00,1.03208,1.03236,1.02461,1.02636,9686,1.02716,BEARISH_DAILY_LOW_BREAKOUT,1,0.2036322537901075,0.2026579367863208,0.49008145290152483
2012-05-01,04:00:00,1.04165,1.04214,1.03309,1.03316,7562,1.04055,BEARISH_DAILY_LOW_BREAKOUT,1,-0.08033605637075655,0.09001509930696847,0.13647450540089737
2012-05-03,08:00:00,1.03033,1.03104,1.0274,1.02809,13515,1.02839,BEARISH_DAILY_LOW_BREAKOUT,1,0.040852454551652775,-0.18091801301442217,-0.31514750654124735
2012-05-04,12:00:00,1.02485,1.02583,1.02129,1.02233,14522,1.0239,BEARISH_DAILY_LOW_BREAKOUT,1,-0.33942073498771064,-1.028043782340342,-0.36778730938150944
2012-05-07,00:00:00,1.01512,1.01522,1.01096,1.01182,7850,1.01688,BEARISH_DAILY_LOW_BREAKOUT,1,0.18086220869324568,0.667114704196402,0.6977525646854249
2012-05-09,00:00:00,1.01196,1.01229,1.00867,1.00874,5879,1.0088,BEARISH_DAILY_LOW_BREAKOUT,1,-0.3221841108709851,-0.48872851279813223,-0.2716259888573829
2012-05-11,12:00:00,1.00449,1.0058,1.00234,1.00281,15786,1.00328,BEARISH_DAILY_LOW_BREAKOUT,1,0.3220949132936515,0.01894675960549979,-0.5145541029706467
2012-05-14,04:00:00,1.00299,1.0031,0.99948,1.00139,7154,1.00177,BEARISH_DAILY_LOW_BREAKOUT,1,-0.4983073527796413,-0.2366710272720901,-0.3754780854612075
2012-05-15,20:00:00,0.99769,0.99775,0.99203,0.99346,9700,0.99554,BEARISH_DAILY_LOW_BREAKOUT,1,0.024157993276027013,-0.23554043444124662,-0.22144827169689568
2012-05-16,04:00:00,0.99371,0.99417,0.99057,0.99097,8394,0.99203,BEARISH_DAILY_LOW_BREAKOUT,1,0.015136684258855816,0.2603509692523514,0.41777248554446983
2012-05-18,00:00:00,0.98855,0.98968,0.98547,0.98551,7068,0.98825,BEARISH_DAILY_LOW_BREAKOUT,1,-0.3551460665036324,0.17249951801605615,-0.008117624377222857
2012-05-23,00:00:00,0.98076,0.98092,0.97551,0.97571,7997,0.97869,BEARISH_DAILY_LOW_BREAKOUT,1,0.1486097303502129,0.13938567812157587,-0.1342612046612131
2012-05-30,04:00:00,0.98118,0.98197,0.97749,0.97971,9703,0.98001,BEARISH_DAILY_LOW_BREAKOUT,1,-0.34806218166600567,-0.6063018648375484,-0.8839350420022253
2012-05-31,00:00:00,0.97036,0.97174,0.96721,0.96865,8918,0.97025,BEARISH_DAILY_LOW_BREAKOUT,1,0.24776751148505213,0.5574769008413731,-0.10633355701233421
2012-06-01,08:00:00,0.96805,0.9702,0.96464,0.96563,18170,0.96721,BEARISH_DAILY_LOW_BREAKOUT,1,-0.34692376997400287,0.3634932634653038,0.13566272795998813
2012-06-08,00:00:00,0.98929,0.99166,0.98553,0.98695,8360,0.98864,BEARISH_DAILY_LOW_BREAKOUT,1,0.0,-0.3414560008105764,1.163179492375505
2012-06-21,16:00:00,1.01673,1.01703,1.00618,1.0071,22611,1.01329,BEARISH_DAILY_LOW_BREAKOUT,1,-0.37930692086189616,-0.17178035944792067,-0.13206235726343493
2012-06-22,08:00:00,1.00542,1.00581,1.00077,1.00243,17324,1.00274,BEARISH_DAILY_LOW_BREAKOUT,1,0.1606097183843372,0.35613459293916516,-0.054866673982206085
2012-06-25,12:00:00,1.00187,1.00209,0.99892,1.00043,16986,1.00077,BEARISH_DAILY_LOW_BREAKOUT,1,-0.12094799236327712,0.16892736123466603,0.28987535359796535
2012-06-28,16:00:00,1.00497,1.00498,1.00122,1.00207,22753,1.00391,BEARISH_DAILY_LOW_BREAKOUT,1,0.22553314638697183,1.259393056373315,2.1186144680511423
2012-07-05,04:00:00,1.02703,1.02806,1.02418,1.02582,10333,1.02607,BEARISH_DAILY_LOW_BREAKOUT,1,0.12867754576826226,0.3207190345284763,-0.11990407673861539
2012-07-06,12:00:00,1.02659,1.02712,1.0217,1.02235,18014,1.02418,BEARISH_DAILY_LOW_BREAKOUT,1,-0.31887318433022355,-0.2406220961510372,-0.42842470778109754
2012-07-09,08:00:00,1.01845,1.01978,1.01544,1.01563,17698,1.01792,BEARISH_DAILY_LOW_BREAKOUT,1,0.23039886572866186,0.4765515000541492,0.6665813337534281
2012-07-12,08:00:00,1.01861,1.01868,1.01367,1.01461,19153,1.01779,BEARISH_DAILY_LOW_BREAKOUT,1,-0.20007687682951836,-0.07983363065611195,0.25822729915928944
2012-07-23,00:00:00,1.03565,1.03643,1.03273,1.03279,6872,1.0362,BEARISH_DAILY_LOW_BREAKOUT,1,-0.12587263625713638,-0.6535694574889409,-0.6371091896707007
2012-07-24,16:00:00,1.02895,1.03157,1.02214,1.02335,23142,1.02428,BEARISH_DAILY_LOW_BREAKOUT,1,-0.15537206234425957,-0.0009771827820457823,0.4876142082376558
2012-07-25,00:00:00,1.02175,1.02264,1.01917,1.01951,7892,1.0214,BEARISH_DAILY_LOW_BREAKOUT,1,0.37567066531961435,1.0367725672136803,1.0877774617218121
2012-08-01,00:00:00,1.05018,1.05026,1.04759,1.04832,7270,1.04874,BEARISH_DAILY_LOW_BREAKOUT,1,0.04960317460318185,0.32719017094017516,-0.33768315018313844
2012-08-08,00:00:00,1.05528,1.05635,1.05296,1.05418,7252,1.05467,BEARISH_DAILY_LOW_BREAKOUT,1,-0.06450511297878843,0.11193534311030194,0.14418789959970668
2012-08-10,04:00:00,1.05688,1.05721,1.05182,1.05242,10944,1.05524,BEARISH_DAILY_LOW_BREAKOUT,1,0.0038007639535584657,0.3639231485528591,0.29550939738889115
2012-08-14,20:00:00,1.04969,1.04997,1.04852,1.04872,8255,1.04964,BEARISH_DAILY_LOW_BREAKOUT,1,-0.18880158669617178,-0.1325425280341752,0.15542756884581185
2012-08-15,00:00:00,1.04876,1.04924,1.04672,1.04674,6411,1.04796,BEARISH_DAILY_LOW_BREAKOUT,1,0.08215984867303083,0.2455241989414717,0.3620765424078529
2012-08-17,04:00:00,1.05079,1.05129,1.04633,1.0469,8594,1.0474,BEARISH_DAILY_LOW_BREAKOUT,1,-0.19295061610468153,-0.4670933231445066,-0.1404145572642908
2012-08-22,12:00:00,1.04539,1.04541,1.04128,1.04229,16094,1.04403,BEARISH_DAILY_LOW_BREAKOUT,1,0.10361799499179403,0.7953640541500093,0.41159370232853887
2012-08-24,00:00:00,1.04395,1.04433,1.04207,1.04294,5930,1.04353,BEARISH_DAILY_LOW_BREAKOUT,1,0.03739428922086721,-0.3998312462845425,-0.18505379024680108
2012-08-27,20:00:00,1.039,1.0392,1.03655,1.03678,3907,1.03751,BEARISH_DAILY_LOW_BREAKOUT,1,-0.19869210440015728,0.06365863539033188,0.07041030884082422
2012-08-28,00:00:00,1.03677,1.0369,1.03472,1.03472,4538,1.03655,BEARISH_DAILY_LOW_BREAKOUT,1,0.07924849234573805,0.21068501623626185,0.1720272150919952
2012-08-30,00:00:00,1.03477,1.03502,1.03203,1.03216,4343,1.03469,BEARISH_DAILY_LOW_BREAKOUT,1,0.026158735079831852,0.15792125251899128,-0.3235932413579192
2012-09-03,00:00:00,1.02948,1.02983,1.02543,1.02566,4109,1.02772,BEARISH_DAILY_LOW_BREAKOUT,1,0.17062184349588735,-0.16379696975607178,-0.2632451299650883
2012-09-04,00:00:00,1.02458,1.02497,1.02223,1.02296,5327,1.02318,BEARISH_DAILY_LOW_BREAKOUT,1,0.3274810354266016,0.1544537420817935,-0.2219050598263856
2012-09-05,00:00:00,1.02238,1.02298,1.0196,1.02069,5614,1.02143,BEARISH_DAILY_LOW_BREAKOUT,1,-0.07543916370300084,-0.09797293987401776,-0.1988850679442532
2012-09-11,00:00:00,1.03336,1.0342,1.03291,1.0332,4055,1.03322,BEARISH_DAILY_LOW_BREAKOUT,1,0.03581107239645795,0.749128919860635,1.0481997677119743
2012-09-17,04:00:00,1.0535,1.0546,1.0514,1.05289,6017,1.05295,BEARISH_DAILY_LOW_BREAKOUT,1,-0.0009497668322489065,-0.4235960071802496,-0.6192479746222379
2012-09-18,00:00:00,1.04759,1.04807,1.04497,1.04511,4812,1.04542,BEARISH_DAILY_LOW_BREAKOUT,1,0.1205614719981666,-0.0803743146654373,-0.14065505066453124
2012-09-20,04:00:00,1.04619,1.04722,1.04035,1.04077,8842,1.04169,BEARISH_DAILY_LOW_BREAKOUT,1,-0.10473015171459932,-0.03170729363835827,0.6062818874487195
2012-09-24,04:00:00,1.04297,1.04339,1.03983,1.04204,7625,1.04243,BEARISH_DAILY_LOW_BREAKOUT,1,-0.16506084219417352,-0.08732870139341736,0.09404629380829727
2012-09-26,00:00:00,1.03881,1.03927,1.0353,1.0372,5971,1.03796,BEARISH_DAILY_LOW_BREAKOUT,1,-0.19475510991129105,-0.21982259930580775,-0.0607404550713371
2012-10-01,00:00:00,1.03664,1.03676,1.03392,1.03604,4965,1.03649,BEARISH_DAILY_LOW_BREAKOUT,1,-0.24999034786302576,0.16987761090305237,-0.02219991506121139
2012-10-02,04:00:00,1.03583,1.03744,1.0304,1.03099,7922,1.0325,BEARISH_DAILY_LOW_BREAKOUT,1,-0.05334678318897859,-0.2735235065325604,-0.9224143784129942
2012-10-03,04:00:00,1.02527,1.0253,1.02105,1.02148,7501,1.02508,BEARISH_DAILY_LOW_BREAKOUT,1,-0.08712848024433521,0.07733876336297024,0.17621490386498256
2012-10-15,00:00:00,1.02512,1.02512,1.02041,1.02069,5043,1.02159,BEARISH_DAILY_LOW_BREAKOUT,1,0.0813175400954145,0.29979719601444516,0.5231754989271865
2012-10-19,08:00:00,1.03631,1.03678,1.03471,1.03528,8964,1.03546,BEARISH_DAILY_LOW_BREAKOUT,1,0.06181902480488119,-0.2521057105324165,-0.4047214280194649
2012-10-22,00:00:00,1.03191,1.03216,1.03003,1.03033,2261,1.03175,BEARISH_DAILY_LOW_BREAKOUT,1,0.09220346879155285,0.20381819417079877,0.2960216629623516
2012-10-23,12:00:00,1.02959,1.03064,1.02649,1.02713,11082,1.02952,BEARISH_DAILY_LOW_BREAKOUT,1,-0.2326871963626916,-0.05062650297431444,0.574416091439233
2012-10-26,04:00:00,1.03498,1.03589,1.03131,1.03179,4638,1.03355,BEARISH_DAILY_LOW_BREAKOUT,1,0.06687407321258002,0.3682919974025747,0.3566617238003766
2012-11-02,20:00:00,1.03691,1.03726,1.03299,1.03351,12526,1.03538,BEARISH_DAILY_LOW_BREAKOUT,1,0.1528770887558066,0.19738560826697776,0.23318593917814276
2012-11-09,00:00:00,1.04014,1.04079,1.03777,1.03856,6555,1.03887,BEARISH_DAILY_LOW_BREAKOUT,1,0.31582190725621745,-0.12998767524264004,0.0731782468032751
2012-11-14,16:00:00,1.04153,1.04267,1.03761,1.03951,21099,1.03959,BEARISH_DAILY_LOW_BREAKOUT,1,-0.2635857278910222,-0.26166174447574664,-0.7840232417196449
2012-11-15,00:00:00,1.03676,1.03761,1.03463,1.03572,8099,1.03652,BEARISH_DAILY_LOW_BREAKOUT,1,0.10330977484263376,-0.24427451434749944,-0.24234349051867418
2012-11-21,04:00:00,1.03817,1.03847,1.0344,1.035,9770,1.03566,BEARISH_DAILY_LOW_BREAKOUT,1,0.2086956521739287,-0.06956521739128811,0.2898550724637791
2012-11-27,20:00:00,1.04597,1.0465,1.04346,1.04356,11206,1.04377,BEARISH_DAILY_LOW_BREAKOUT,1,0.07091111196289268,0.22135766031661183,0.4015102150331477
2012-11-29,16:00:00,1.04569,1.04569,1.04179,1.04211,10958,1.04267,BEARISH_DAILY_LOW_BREAKOUT,1,0.10555507575974502,0.08060569421653682,0.05853508746677408
2012-11-30,12:00:00,1.04256,1.04297,1.04114,1.04132,16086,1.04179,BEARISH_DAILY_LOW_BREAKOUT,1,0.13444474321054697,-0.1642146506357412,0.2093496715707055
2012-12-03,00:00:00,1.04273,1.04287,1.0392,1.03961,3353,1.04013,BEARISH_DAILY_LOW_BREAKOUT,1,0.15390386779658197,0.3741787785804457,0.23470339838978058
2012-12-19,00:00:00,1.05324,1.05348,1.05091,1.05115,7088,1.0515,BEARISH_DAILY_LOW_BREAKOUT,1,0.032345526328307755,-0.03139418731864543,-0.36721685772724866
2012-12-20,00:00:00,1.04884,1.04891,1.04663,1.04729,7501,1.0478,BEARISH_DAILY_LOW_BREAKOUT,1,0.06683917539553733,0.09166515482816123,-0.019096907255867806
2012-12-21,04:00:00,1.04709,1.04711,1.04368,1.04489,11031,1.04608,BEARISH_DAILY_LOW_BREAKOUT,1,-0.11101647063327716,-0.29476787030215557,-0.4383236512934403
2012-12-24,00:00:00,1.0406,1.0406,1.03849,1.03893,4111,1.03933,BEARISH_DAILY_LOW_BREAKOUT,1,0.13282896826544224,0.0606393115994466,-0.19635586613148334
2012-12-26,16:00:00,1.03659,1.03854,1.0344,1.03483,15376,1.03572,BEARISH_DAILY_LOW_BREAKOUT,1,0.2309558091667341,0.07054298773712779,0.09760057207465743
2013-01-04,00:00:00,1.04656,1.04668,1.0448,1.0448,7993,1.04604,BEARISH_DAILY_LOW_BREAKOUT,1,-0.15218223583460763,-0.3493491577335309,0.3024502297090402
2013-01-14,00:00:00,1.05313,1.05395,1.05206,1.05261,3608,1.05291,BEARISH_DAILY_LOW_BREAKOUT,1,0.3049562516031517,0.3040062321277462,0.307806310029347
2013-01-17,04:00:00,1.05465,1.0552,1.04949,1.0506,10147,1.05311,BEARISH_DAILY_LOW_BREAKOUT,1,0.1551494384161451,0.3093470397867862,0.09518370454979173
2013-01-24,00:00:00,1.0551,1.05551,1.05181,1.05216,9039,1.05261,BEARISH_DAILY_LOW_BREAKOUT,1,-0.08458789537713442,-0.35070711678831845,-0.7318278588807824
2013-01-25,00:00:00,1.04609,1.0461,1.04376,1.04446,9837,1.04499,BEARISH_DAILY_LOW_BREAKOUT,1,0.0315952741129544,-0.1838270493843634,-0.2757405740765557
2013-01-28,08:00:00,1.04164,1.04289,1.03896,1.03968,15806,1.04015,BEARISH_DAILY_LOW_BREAKOUT,1,-0.03270236995998836,0.1269621421975981,0.5819098184056739
2013-01-31,04:00:00,1.04236,1.043,1.03791,1.03902,9133,1.03982,BEARISH_DAILY_LOW_BREAKOUT,1,0.12319300879674576,0.4013397239706653,-0.01732401686204972
2013-02-01,08:00:00,1.03885,1.04067,1.03642,1.03734,15328,1.03791,BEARISH_DAILY_LOW_BREAKOUT,1,0.1542406539803773,0.30751730387337095,0.43862185975669066
2013-02-05,04:00:00,1.04436,1.04503,1.03917,1.03981,9718,1.04078,BEARISH_DAILY_LOW_BREAKOUT,1,0.1865725469076132,-0.10771198584356853,-0.4452736557640254
2013-02-06,00:00:00,1.03975,1.0399,1.0361,1.03645,9448,1.03699,BEARISH_DAILY_LOW_BREAKOUT,1,-0.12253364851175688,-0.47566211587631824,-0.585652949973469
2013-02-07,16:00:00,1.03271,1.03381,1.02825,1.02839,23792,1.02954,BEARISH_DAILY_LOW_BREAKOUT,1,-0.029171812250213147,0.012641118641778464,0.3228347222357267
2013-02-08,00:00:00,1.0281,1.02902,1.02601,1.02627,9402,1.02729,BEARISH_DAILY_LOW_BREAKOUT,1,0.21924055073227175,0.6509008350628995,0.5193565046235452
2013-02-12,00:00:00,1.02729,1.02767,1.02479,1.02596,10625,1.02608,BEARISH_DAILY_LOW_BREAKOUT,1,-0.09649499005809646,-0.10331786814301346,0.784630979765304
2013-02-15,16:00:00,1.03366,1.03366,1.02962,1.0303,19467,1.03258,BEARISH_DAILY_LOW_BREAKOUT,1,0.0029117732699189065,-0.16014752984566916,-0.05823546539842123
2013-02-18,00:00:00,1.02868,1.03002,1.02786,1.02842,4099,1.02865,BEARISH_DAILY_LOW_BREAKOUT,1,0.022364403648331862,0.2790688629159439,0.3519962661169735
2013-02-20,16:00:00,1.03199,1.03199,1.02772,1.0285,18114,1.02933,BEARISH_DAILY_LOW_BREAKOUT,1,-0.3801652892562062,-0.4491978609625735,-0.34613514827418645
2013-02-21,08:00:00,1.02393,1.02637,1.02248,1.02324,16274,1.02364,BEARISH_DAILY_LOW_BREAKOUT,1,0.2795043196122205,0.08600132911144912,0.7026699503537811
2013-02-26,12:00:00,1.02671,1.02727,1.02412,1.02449,19152,1.02609,BEARISH_DAILY_LOW_BREAKOUT,1,-0.371892356196729,-0.1874103212329961,-0.5114740016983974
2013-02-27,08:00:00,1.02127,1.02282,1.01958,1.01958,16280,1.01998,BEARISH_DAILY_LOW_BREAKOUT,1,-0.032366268463479224,0.3599521371545207,0.7738480550815213
2013-03-04,04:00:00,1.01848,1.01898,1.01162,1.0123,1893,1.01816,BEARISH_DAILY_LOW_BREAKOUT,1,0.10767559024005091,0.3971154796009002,1.1409661167638
2013-03-07,00:00:00,1.02414,1.0242,1.02184,1.02247,4844,1.0232,BEARISH_DAILY_LOW_BREAKOUT,1,0.2474400226901446,0.31492366524201204,0.39023149823466097
2013-03-18,00:00:00,1.03584,1.03694,1.03464,1.03551,3278,1.03607,BEARISH_DAILY_LOW_BREAKOUT,1,0.0762909097932486,0.3408948247723376,0.43939701210032295
2013-03-27,12:00:00,1.04725,1.04727,1.0428,1.04384,7059,1.04468,BEARISH_DAILY_LOW_BREAKOUT,1,0.0009580012262265737,0.11591814837522353,-0.33146842427958484
2013-03-28,12:00:00,1.04339,1.04393,1.04005,1.04038,6725,1.04175,BEARISH_DAILY_LOW_BREAKOUT,1,0.06343835906110103,0.05094292470058241,0.09996347488417019
2013-04-04,08:00:00,1.04608,1.04617,1.04067,1.04069,7949,1.0445,BEARISH_DAILY_LOW_BREAKOUT,1,0.12972162699749057,0.2632868577578517,0.18449298061864186
2013-04-05,16:00:00,1.04074,1.04136,1.03547,1.03827,8842,1.03854,BEARISH_DAILY_LOW_BREAKOUT,1,-0.014447109133471496,-0.1280977009833717,0.09535092028085626
2013-04-15,04:00:00,1.05166,1.05233,1.04164,1.04385,9020,1.04794,BEARISH_DAILY_LOW_BREAKOUT,1,-0.23854002011782166,-0.5489294438856169,-0.6801743545528461
2013-04-17,16:00:00,1.03378,1.03437,1.02762,1.02873,13292,1.02922,BEARISH_DAILY_LOW_BREAKOUT,1,0.08359822305173203,0.11567661096692275,0.19830276165758187
2013-04-22,08:00:00,1.0287,1.0292,1.02508,1.02602,7541,1.02728,BEARISH_DAILY_LOW_BREAKOUT,1,-0.050681273269512675,0.13060174265610017,-0.29044268142921026
2013-04-23,08:00:00,1.02359,1.02484,1.02223,1.02304,8718,1.02354,BEARISH_DAILY_LOW_BREAKOUT,1,0.2082030028151358,0.28444635595870815,0.4789646543634781
2013-05-01,12:00:00,1.0347,1.03649,1.0322,1.03246,5295,1.03288,BEARISH_DAILY_LOW_BREAKOUT,1,-0.4649090521666618,-0.6140673730701444,-0.889138562268753
2013-05-02,00:00:00,1.02781,1.02842,1.0256,1.02612,5082,1.02649,BEARISH_DAILY_LOW_BREAKOUT,1,-0.14618173313061192,-0.2767707480606512,0.02046544263829216
2013-05-06,12:00:00,1.02447,1.02588,1.02311,1.02321,4137,1.02423,BEARISH_DAILY_LOW_BREAKOUT,1,0.10359554734610305,0.08404921765816234,-0.6655525258744523
2013-05-07,04:00:00,1.02405,1.02508,1.01777,1.01861,6816,1.02217,BEARISH_DAILY_LOW_BREAKOUT,1,-0.001963460009219326,-0.10013646047064341,-0.0009817300046205625
2013-05-09,20:00:00,1.0189,1.01896,1.00462,1.00905,11225,1.01545,BEARISH_DAILY_LOW_BREAKOUT,1,-0.17640354789157056,-0.6114662306129537,-0.6937218175511516
2013-05-10,08:00:00,1.00733,1.00776,1.00216,1.00288,8982,1.00462,BEARISH_DAILY_LOW_BREAKOUT,1,-0.164526164645813,-0.08276164645818905,-0.42577377153797025
2013-05-13,16:00:00,0.99859,0.99886,0.99399,0.99449,9482,0.99608,BEARISH_DAILY_LOW_BREAKOUT,1,0.062343512755288134,0.43137688664541785,-0.42031594083399143
2013-05-14,12:00:00,0.99623,0.9977,0.9896,0.99115,9961,0.99399,BEARISH_DAILY_LOW_BREAKOUT,1,-0.08475003783483347,0.0020178580436886447,-0.16041971447308484
2013-05-15,08:00:00,0.98901,0.9899,0.98528,0.98665,8286,0.9877,BEARISH_DAILY_LOW_BREAKOUT,1,0.29493741448334954,0.30608625145695256,-0.6010236659403021
2013-05-16,08:00:00,0.98836,0.98862,0.98022,0.98072,9475,0.98528,BEARISH_DAILY_LOW_BREAKOUT,1,0.3589199771596345,0.0020393180520341158,-0.7678032465943426
2013-05-17,04:00:00,0.98196,0.98231,0.9736,0.97521,8836,0.97971,BEARISH_DAILY_LOW_BREAKOUT,1,-0.20713487351442478,-0.10971995775269075,0.2809651254601537
2013-05-22,16:00:00,0.97657,0.9825,0.96613,0.96969,15184,0.97508,BEARISH_DAILY_LOW_BREAKOUT,1,0.01959389083108132,-0.5249100227907928,0.6342233084800285
2013-05-23,00:00:00,0.96988,0.97002,0.96509,0.96513,8208,0.96613,BEARISH_DAILY_LOW_BREAKOUT,1,-0.054914881933007,0.5253178328308008,0.24038212468786468
2013-05-27,00:00:00,0.9651,0.9651,0.96159,0.96173,5877,0.96341,BEARISH_DAILY_LOW_BREAKOUT,1,0.11125783743878379,0.255789046821875,-0.08526301560728394
2013-05-28,00:00:00,0.96316,0.96389,0.95977,0.96091,7545,0.96148,BEARISH_DAILY_LOW_BREAKOUT,1,0.2789022905370851,0.6826862037027412,-0.4141907150513674
2013-05-29,00:00:00,0.96137,0.96155,0.95553,0.95693,9283,0.95962,BEARISH_DAILY_LOW_BREAKOUT,1,-0.08464568986237002,0.574754684250683,0.4838389432873902
2013-05-31,20:00:00,0.9596,0.96001,0.95675,0.95679,8966,0.9583,BEARISH_DAILY_LOW_BREAKOUT,1,0.573793622424983,0.7096646076986551,2.104955110316782
2013-06-05,08:00:00,0.96421,0.9646,0.95574,0.95718,14208,0.96102,BEARISH_DAILY_LOW_BREAKOUT,1,-0.11283144236194664,-0.3301364424664171,-0.849370024446821
2013-06-06,00:00:00,0.95406,0.95471,0.9507,0.9507,6058,0.95111,BEARISH_DAILY_LOW_BREAKOUT,1,-0.531187546018723,-0.14200063111391212,0.5080467024297887
2013-06-10,00:00:00,0.9404,0.94322,0.93926,0.94197,5444,0.94275,BEARISH_DAILY_LOW_BREAKOUT,1,-0.11465333290868816,0.2717708631909728,0.04989543191397618
2013-06-11,08:00:00,0.94254,0.94317,0.93382,0.93435,16713,0.93926,BEARISH_DAILY_LOW_BREAKOUT,1,0.10167496120297602,0.9964146197891625,1.7691443249317638
2013-06-17,16:00:00,0.96024,0.96025,0.95258,0.9534,11879,0.95671,BEARISH_DAILY_LOW_BREAKOUT,1,0.13530522341095166,-0.1657226767358953,-0.40067128172855526
2013-06-18,08:00:00,0.95182,0.95215,0.9465,0.94761,12402,0.95091,BEARISH_DAILY_LOW_BREAKOUT,1,-0.12241322907102488,0.09286520826079325,0.28176148415488034
2013-06-19,20:00:00,0.95338,0.95559,0.92839,0.92948,16625,0.944,BEARISH_DAILY_LOW_BREAKOUT,1,0.022593277961875834,-0.9456900632611744,-1.069415156861896
2013-06-20,04:00:00,0.92971,0.9299,0.92376,0.9247,12990,0.92839,BEARISH_DAILY_LOW_BREAKOUT,1,-0.4336541581053269,-0.2746836811938993,-0.39580404455499046
2013-06-24,08:00:00,0.92124,0.92267,0.91476,0.91657,15287,0.91822,BEARISH_DAILY_LOW_BREAKOUT,1,1.0735677580544813,0.9153692571216611,1.3190481905364615
2013-06-28,00:00:00,0.92775,0.92855,0.92452,0.92608,5351,0.92613,BEARISH_DAILY_LOW_BREAKOUT,1,-0.08854526606773096,-0.42976848652384064,-1.3270991706979982
2013-07-03,04:00:00,0.91409,0.91895,0.90933,0.91135,13453,0.91302,BEARISH_DAILY_LOW_BREAKOUT,1,-0.3763647336369171,-0.31491743018599216,-0.06583639655456684
2013-07-05,16:00:00,0.91091,0.91122,0.9048,0.90647,14962,0.90728,BEARISH_DAILY_LOW_BREAKOUT,1,-0.0628812867496949,-0.20408838681920177,0.6244001456198218
2013-07-08,04:00:00,0.90514,0.90587,0.90427,0.90462,6893,0.9048,BEARISH_DAILY_LOW_BREAKOUT,1,0.26862107846389016,0.8301828392032032,0.8622404987729686
2013-07-12,12:00:00,0.91491,0.91551,0.89996,0.90335,13727,0.91191,BEARISH_DAILY_LOW_BREAKOUT,1,0.3199202966734997,0.3022084463386296,0.47821995904134507
2013-07-18,04:00:00,0.92109,0.92201,0.91635,0.91679,9589,0.9191,BEARISH_DAILY_LOW_BREAKOUT,1,0.029450583012466593,-0.18106654740998426,0.17997578507619416
2013-07-24,08:00:00,0.9258,0.92637,0.9189,0.92081,14388,0.92224,BEARISH_DAILY_LOW_BREAKOUT,1,0.006516002215435213,-0.504990171696663,-0.6700622278211584
2013-07-29,16:00:00,0.92316,0.92368,0.91917,0.92031,13224,0.92275,BEARISH_DAILY_LOW_BREAKOUT,1,0.02173180776043822,-1.2854364290293496,-1.5907683280633684
2013-07-30,04:00:00,0.91994,0.92056,0.90654,0.90848,12406,0.91878,BEARISH_DAILY_LOW_BREAKOUT,1,-0.17171539274392458,-0.30930785487847606,-0.5327580133849898
2013-07-31,00:00:00,0.90606,0.90759,0.90176,0.90301,7418,0.90438,BEARISH_DAILY_LOW_BREAKOUT,1,0.06976666925061953,-0.6622296541566522,-0.5426296497270258
2013-08-01,16:00:00,0.89469,0.89556,0.89073,0.89269,14309,0.8936,BEARISH_DAILY_LOW_BREAKOUT,1,-0.030245661987923295,-0.23972487649688368,-0.13778579350053807
2013-08-02,04:00:00,0.8929,0.89291,0.88891,0.89055,9953,0.89073,BEARISH_DAILY_LOW_BREAKOUT,1,-0.17966425242826733,0.1021840435685899,-0.3436078827690699
2013-08-13,00:00:00,0.9148,0.9148,0.91001,0.91111,7392,0.91343,BEARISH_DAILY_LOW_BREAKOUT,1,0.24804908298669093,-0.0921952343844269,-0.26670764232638566
2013-08-19,16:00:00,0.91445,0.91559,0.91029,0.91128,10944,0.91243,BEARISH_DAILY_LOW_BREAKOUT,1,-0.04608901764550697,-0.512465981915542,-0.29079975419189824
2013-08-20,04:00:00,0.91052,0.91208,0.90434,0.90661,12060,0.91029,BEARISH_DAILY_LOW_BREAKOUT,1,-0.12684616317931463,0.22280804314975805,-0.3386241051830464
2013-08-21,08:00:00,0.90354,0.90449,0.90006,0.90033,10913,0.90268,BEARISH_DAILY_LOW_BREAKOUT,1,0.2665689247276075,-0.37541790232469635,0.03554252329701187
2013-08-22,00:00:00,0.89691,0.89859,0.89319,0.89457,7982,0.8965,BEARISH_DAILY_LOW_BREAKOUT,1,0.5376884983846967,0.9468236135797062,0.7601417440781636
2013-08-27,00:00:00,0.90286,0.90372,0.89768,0.8979,6840,0.9003,BEARISH_DAILY_LOW_BREAKOUT,1,-0.045662100456623396,-0.21605969484352963,-0.2672903441363257
2013-08-28,04:00:00,0.8955,0.89667,0.89042,0.8905,10962,0.8933,BEARISH_DAILY_LOW_BREAKOUT,1,0.25154407636159687,0.43907916900618527,0.786075238629984
2013-08-30,16:00:00,0.89322,0.89354,0.88947,0.89037,10544,0.89162,BEARISH_DAILY_LOW_BREAKOUT,1,-0.07412648674146635,0.7131866527398685,0.6873546952390596
2013-09-12,04:00:00,0.93438,0.93541,0.92518,0.92576,9085,0.92762,BEARISH_DAILY_LOW_BREAKOUT,1,-0.10369858278604302,0.10261838921534808,-0.10261838921534808
2013-09-17,04:00:00,0.93091,0.93348,0.9285,0.93015,7640,0.93051,BEARISH_DAILY_LOW_BREAKOUT,1,0.2924259528033053,0.556899424823949,0.5332473257001521
2013-09-20,12:00:00,0.94279,0.94376,0.93975,0.94181,7624,0.9427,BEARISH_DAILY_LOW_BREAKOUT,1,-0.14121744300868044,-0.3249062974485366,0.1550206517238102
2013-09-25,08:00:00,0.93766,0.93816,0.93381,0.93409,7425,0.93635,BEARISH_DAILY_LOW_BREAKOUT,1,0.31795651382629386,0.27299296641651793,0.6444775128734946
2013-09-27,08:00:00,0.93482,0.93682,0.93247,0.93294,6861,0.93399,BEARISH_DAILY_LOW_BREAKOUT,1,-0.20472913585010474,-0.17578836795506408,-0.031084528479860707
2013-09-30,00:00:00,0.93058,0.93121,0.92861,0.92936,4796,0.92975,BEARISH_DAILY_LOW_BREAKOUT,1,0.15602134802445364,0.41641559783076965,0.0258242231212897
2013-10-10,04:00:00,0.94493,0.94501,0.9392,0.93953,7907,0.94129,BEARISH_DAILY_LOW_BREAKOUT,1,0.41084371973220385,0.6886421934371415,0.7908209423860918
2013-10-23,08:00:00,0.96544,0.9664,0.96216,0.9624,9465,0.96433,BEARISH_DAILY_LOW_BREAKOUT,1,0.09975062344139245,0.015586034912716488,-0.015586034912716488
2013-10-24,12:00:00,0.96225,0.96333,0.95835,0.95837,8287,0.96069,BEARISH_DAILY_LOW_BREAKOUT,1,0.319292131431488,0.12416916222334935,0.1335601072654557
2013-10-29,00:00:00,0.95727,0.95746,0.95151,0.95215,7085,0.95554,BEARISH_DAILY_LOW_BREAKOUT,1,-0.06406553589245385,-0.32872971695637,-0.5534842199233311
2013-10-30,00:00:00,0.94793,0.94871,0.94656,0.94688,5142,0.94721,BEARISH_DAILY_LOW_BREAKOUT,1,0.1277881040892123,0.33795201081446224,0.27775430888812835
2013-11-01,16:00:00,0.94724,0.9477,0.94213,0.94401,10279,0.94511,BEARISH_DAILY_LOW_BREAKOUT,1,-0.039194500058260126,0.4004194870817052,0.7341023929831243
2013-11-07,00:00:00,0.95307,0.95336,0.94692,0.94733,5976,0.94859,BEARISH_DAILY_LOW_BREAKOUT,1,0.030612352612079473,0.2997899359251743,-0.3705150264427404
2013-11-08,00:00:00,0.94456,0.94655,0.9428,0.94382,6634,0.94389,BEARISH_DAILY_LOW_BREAKOUT,1,0.2754762560657802,0.21296433642007548,-0.6282977686423249
2013-11-11,16:00:00,0.93569,0.93669,0.93476,0.93494,7215,0.93523,BEARISH_DAILY_LOW_BREAKOUT,1,0.09412368708152308,-0.15402057886067522,-0.6481699360386715
2013-11-12,04:00:00,0.93481,0.9352,0.9325,0.9335,6326,0.93442,BEARISH_DAILY_LOW_BREAKOUT,1,-0.03856454204606609,-0.49491162292447327,-0.31708623460096014
2013-11-20,20:00:00,0.93709,0.93753,0.93159,0.93374,9992,0.93523,BEARISH_DAILY_LOW_BREAKOUT,1,-0.14457986163171357,-0.4765780624156687,-1.2251804570865559
2013-11-21,04:00:00,0.93239,0.93308,0.9292,0.92964,7640,0.93159,BEARISH_DAILY_LOW_BREAKOUT,1,-0.03764898240179774,-0.5270857536250608,-1.2359623079901898
2013-11-22,04:00:00,0.9236,0.92491,0.91672,0.91815,8675,0.91981,BEARISH_DAILY_LOW_BREAKOUT,1,0.07515111909818313,-0.21782933071938154,-0.3986276752164676
2013-11-26,12:00:00,0.91652,0.91658,0.91054,0.91159,6480,0.912,BEARISH_DAILY_LOW_BREAKOUT,1,0.03729746925701324,-0.012066828289039424,-0.26876117552847917
2013-11-27,16:00:00,0.90915,0.91059,0.90681,0.90705,9166,0.9088,BEARISH_DAILY_LOW_BREAKOUT,1,0.10032523014166435,0.6879444352571549,0.26018411333443897
2013-12-03,04:00:00,0.91137,0.91171,0.9057,0.90691,9390,0.90892,BEARISH_DAILY_LOW_BREAKOUT,1,0.3682835121456385,0.5832993351049185,-0.03418200262429927
2013-12-04,08:00:00,0.90661,0.90716,0.9016,0.90293,9000,0.9057,BEARISH_DAILY_LOW_BREAKOUT,1,0.09192296191288332,0.04208521147818058,-0.023257616869529586
2013-12-11,16:00:00,0.91066,0.91066,0.90461,0.90644,10358,0.90748,BEARISH_DAILY_LOW_BREAKOUT,1,-0.1367989056087572,-0.45231896209346373,-1.5434005560213646
2013-12-12,00:00:00,0.90519,0.90803,0.90221,0.90239,7525,0.90461,BEARISH_DAILY_LOW_BREAKOUT,1,-0.005540841543012942,0.27260940391626876,-0.9751881115703886
2013-12-17,12:00:00,0.89364,0.8947,0.89151,0.89179,6584,0.89206,BEARISH_DAILY_LOW_BREAKOUT,1,-0.17941443613406013,-0.015698763161721703,-0.23099608652260634
2013-12-18,20:00:00,0.88832,0.89437,0.88219,0.88473,13125,0.88817,BEARISH_DAILY_LOW_BREAKOUT,1,0.07798989522226762,0.07572931854915606,0.11189854531890354
2013-12-24,00:00:00,0.89385,0.89404,0.89153,0.89169,4518,0.89178,BEARISH_DAILY_LOW_BREAKOUT,1,0.03252251342955651,0.11663246195427121,-0.37120523948906403
2013-12-26,08:00:00,0.88833,0.88891,0.88785,0.88838,2380,0.89058,BEARISH_DAILY_LOW_BREAKOUT,1,0.06303608816047243,0.15196199824400294,0.4705193723406732
2013-12-27,20:00:00,0.88849,0.8888,0.88616,0.88672,5552,0.88754,BEARISH_DAILY_LOW_BREAKOUT,1,-0.214272825694684,-0.1770570191266646,0.4680169613857924
2013-12-30,00:00:00,0.88458,0.88601,0.88442,0.88482,2903,0.88616,BEARISH_DAILY_LOW_BREAKOUT,1,0.18760877918672664,0.27350195519992515,0.7323523428493852
2014-01-02,08:00:00,0.89098,0.89187,0.88809,0.88854,8680,0.88979,BEARISH_DAILY_LOW_BREAKOUT,1,-0.3905282823508197,0.257726157516827,1.0196502127084832
2014-01-07,04:00:00,0.89408,0.89502,0.89197,0.8921,8124,0.89348,BEARISH_DAILY_LOW_BREAKOUT,1,0.038112319246721996,0.01008855509472419,0.07846653962560632
2014-01-09,04:00:00,0.89038,0.89124,0.88646,0.88812,8303,0.88966,BEARISH_DAILY_LOW_BREAKOUT,1,0.03040129712200969,0.03490519299194168,0.26460388235823573
2014-01-14,16:00:00,0.89941,0.90073,0.89659,0.89782,9842,0.8985,BEARISH_DAILY_LOW_BREAKOUT,1,-0.2138513287741331,-0.7384553696731988,-0.5992292441692032
2014-01-15,04:00:00,0.89686,0.8969,0.89113,0.89119,7696,0.89551,BEARISH_DAILY_LOW_BREAKOUT,1,-0.1469944680707855,0.14026189701410174,-1.0951648918861288
2014-01-16,00:00:00,0.89103,0.89177,0.8807,0.88157,6736,0.88873,BEARISH_DAILY_LOW_BREAKOUT,1,-0.015880758192760414,-0.2257336343115052,0.039701895481932516
2014-01-23,12:00:00,0.87947,0.88097,0.87632,0.87761,8437,0.87866,BEARISH_DAILY_LOW_BREAKOUT,1,-0.04215995715636575,-0.2529597429382071,-0.8124337689862204
2014-01-24,04:00:00,0.87538,0.87747,0.87045,0.87163,6739,0.87314,BEARISH_DAILY_LOW_BREAKOUT,1,-0.372864632929107,-0.05277468650689122,0.035565549602472664
2014-02-13,00:00:00,0.90286,0.90311,0.89375,0.89537,6539,0.90069,BEARISH_DAILY_LOW_BREAKOUT,1,-0.21667020337961435,0.11615309871896992,0.3484592961568973
2014-02-18,08:00:00,0.90547,0.90571,0.90106,0.90129,7874,0.90228,BEARISH_DAILY_LOW_BREAKOUT,1,0.13092345416014367,0.19305661884631625,0.10762351740282433
2014-02-19,00:00:00,0.90304,0.90331,0.89948,0.89958,6062,0.90014,BEARISH_DAILY_LOW_BREAKOUT,1,0.24011205229106247,0.3868471953578256,0.13450721447786002
2014-02-20,04:00:00,0.90077,0.90121,0.89366,0.89518,9400,0.89902,BEARISH_DAILY_LOW_BREAKOUT,1,0.23682387899640417,0.3094349739717208,0.43678366362072085
2014-02-26,00:00:00,0.9013,0.90217,0.89687,0.89924,5817,0.90037,BEARISH_DAILY_LOW_BREAKOUT,1,0.2001690316266973,-0.11454116809751416,-0.7172723633290408
2014-02-27,00:00:00,0.8966,0.89705,0.89161,0.89279,6278,0.89436,BEARISH_DAILY_LOW_BREAKOUT,1,0.13441010764009217,0.010080758073010955,0.386429059465279
2014-03-03,00:00:00,0.89086,0.89127,0.88902,0.88946,4304,0.89156,BEARISH_DAILY_LOW_BREAKOUT,1,0.17988442425740728,0.24509252805072287,0.5598902705012012
2014-03-10,00:00:00,0.9055,0.90631,0.90479,0.90535,5065,0.90614,BEARISH_DAILY_LOW_BREAKOUT,1,-0.19329541061468267,-0.15574087369525844,-0.45838625945766687
2014-03-11,16:00:00,0.90314,0.90457,0.89939,0.8995,12219,0.9012,BEARISH_DAILY_LOW_BREAKOUT,1,-0.21456364647025988,-0.35797665369649817,-0.12896053362978752
2014-03-12,08:00:00,0.89629,0.89687,0.89483,0.89548,14018,0.89614,BEARISH_DAILY_LOW_BREAKOUT,1,-0.05918613481038442,0.3573502479117323,1.2864608924822414
2014-03-19,20:00:00,0.91188,0.91222,0.90199,0.90411,24137,0.90636,BEARISH_DAILY_LOW_BREAKOUT,1,-0.24665140303723598,-0.141575693223164,-0.03096968289256252
2014-03-20,00:00:00,0.9041,0.9041,0.90141,0.90188,9338,0.90199,BEARISH_DAILY_LOW_BREAKOUT,1,0.0022175899232736063,0.0255022841176157,0.27276356056238277
2014-03-31,04:00:00,0.92446,0.92573,0.92178,0.92201,9913,0.92371,BEARISH_DAILY_LOW_BREAKOUT,1,0.09110530254552031,0.5422934675328905,0.45335733885749196
2014-04-03,04:00:00,0.92249,0.92392,0.92111,0.9218,12562,0.9222,BEARISH_DAILY_LOW_BREAKOUT,1,0.06400520720330771,0.029290518550660935,0.16380993707962804
2014-04-15,12:00:00,0.93849,0.93946,0.9359,0.93631,9222,0.93758,BEARISH_DAILY_LOW_BREAKOUT,1,-0.14418301630869715,-0.2659375634138258,0.050197050122285404
2014-04-17,16:00:00,0.93502,0.93554,0.93208,0.93265,8262,0.9332,BEARISH_DAILY_LOW_BREAKOUT,1,0.013938776604307564,0.06111617434193646,0.052538465662358924
2014-04-23,04:00:00,0.93718,0.93769,0.92765,0.92824,11666,0.93213,BEARISH_DAILY_LOW_BREAKOUT,1,0.004309230371459968,0.007541153150048963,0.1443592174437654
2014-04-24,12:00:00,0.92751,0.92813,0.92533,0.9258,9505,0.92673,BEARISH_DAILY_LOW_BREAKOUT,1,-0.019442644199606608,-0.0345647007993073,0.2808381939943883
2014-04-28,16:00:00,0.92793,0.92851,0.92447,0.92483,9606,0.92536,BEARISH_DAILY_LOW_BREAKOUT,1,0.09299006303860946,-0.012975357633295739,0.17192348864115353
2014-04-29,00:00:00,0.92567,0.92617,0.92381,0.92394,4443,0.92441,BEARISH_DAILY_LOW_BREAKOUT,1,0.08333874494015286,0.26733337662618484,0.47838604238370236
2014-05-02,12:00:00,0.927,0.92701,0.92021,0.92164,14237,0.92603,BEARISH_DAILY_LOW_BREAKOUT,1,0.4220736947181057,0.6596935896879448,0.5099605051864109
2014-05-13,08:00:00,0.93547,0.93558,0.93328,0.93398,8870,0.93481,BEARISH_DAILY_LOW_BREAKOUT,1,0.43576950255894326,0.19379429966380204,0.6884515728388119
2014-05-15,12:00:00,0.93781,0.93786,0.93413,0.93424,5257,0.93536,BEARISH_DAILY_LOW_BREAKOUT,1,0.06529371467717068,0.06529371467717068,0.13593937318033839
2014-05-19,16:00:00,0.9357,0.9363,0.9333,0.93334,10319,0.93346,BEARISH_DAILY_LOW_BREAKOUT,1,-0.050356783165831365,-0.42106842093984925,-0.9492789337218998
2014-05-20,00:00:00,0.93286,0.9335,0.93147,0.93187,6292,0.93254,BEARISH_DAILY_LOW_BREAKOUT,1,-0.26398531984075224,-0.6621095217144032,-0.9883352828184125
2014-05-21,00:00:00,0.92419,0.92434,0.92159,0.92266,7154,0.92411,BEARISH_DAILY_LOW_BREAKOUT,1,0.06286172587951291,-0.1235558060390642,0.04768820583963713
2014-05-28,16:00:00,0.92363,0.92383,0.92137,0.92268,5641,0.92329,BEARISH_DAILY_LOW_BREAKOUT,1,0.08670394936489606,0.5635756708718184,0.6892963974509074
2014-06-02,04:00:00,0.92986,0.93049,0.92548,0.92577,5787,0.92882,BEARISH_DAILY_LOW_BREAKOUT,1,-0.06913164176847099,-0.10477764455534597,0.0885749160158617
2014-06-17,04:00:00,0.93922,0.93923,0.93539,0.93566,6986,0.93736,BEARISH_DAILY_LOW_BREAKOUT,1,-0.06733215056751592,-0.2180279161233826,-0.24902208067033474
2014-06-20,12:00:00,0.93983,0.94026,0.93871,0.93891,6068,0.93901,BEARISH_DAILY_LOW_BREAKOUT,1,-0.0447327219861303,-0.03088687946661687,0.48460448818309987
2014-06-24,20:00:00,0.93781,0.93879,0.93659,0.93667,5786,0.93768,BEARISH_DAILY_LOW_BREAKOUT,1,-0.0918146198767946,0.0,0.4249095198949452
2014-06-25,00:00:00,0.93666,0.93699,0.9354,0.93581,4926,0.93659,BEARISH_DAILY_LOW_BREAKOUT,1,0.02030326668875343,0.3804191021681759,0.5257477479402789
2014-06-30,08:00:00,0.94231,0.94312,0.93952,0.93967,7146,0.94053,BEARISH_DAILY_LOW_BREAKOUT,1,-0.03937552545042211,0.3671501697404358,0.5736056275075299
2014-07-03,00:00:00,0.94414,0.9442,0.9427,0.94271,5651,0.94276,BEARISH_DAILY_LOW_BREAKOUT,1,-0.5250819446065078,-0.9833352780812763,-0.7977002471597928
2014-07-10,08:00:00,0.94002,0.94021,0.93665,0.9371,13347,0.93825,BEARISH_DAILY_LOW_BREAKOUT,1,-0.005335609860206434,0.24970654145768956,0.27851883470280664
2014-07-15,08:00:00,0.93943,0.93948,0.93646,0.93696,17978,0.93797,BEARISH_DAILY_LOW_BREAKOUT,1,0.048027663934420935,0.004269125683064379,-0.2764258879781401
2014-07-16,04:00:00,0.93596,0.93714,0.93319,0.93358,6976,0.9349,BEARISH_DAILY_LOW_BREAKOUT,1,0.0846204931553877,0.29028042588744296,0.3213436448938498
2014-07-18,00:00:00,0.93501,0.93513,0.93355,0.93389,5344,0.9346,BEARISH_DAILY_LOW_BREAKOUT,1,0.23557378277955432,0.48613862446326533,0.5075544228977681
2014-07-22,00:00:00,0.93703,0.93754,0.93601,0.93653,4502,0.93703,BEARISH_DAILY_LOW_BREAKOUT,1,0.2541296060991158,0.5691221850875099,0.1975377190266215
2014-07-25,08:00:00,0.94125,0.94205,0.94023,0.94059,10844,0.94106,BEARISH_DAILY_LOW_BREAKOUT,1,0.03508436194302953,-0.15309539756961024,-0.12332684804219159
2014-07-28,04:00:00,0.93917,0.9397,0.93842,0.93874,9156,0.93897,BEARISH_DAILY_LOW_BREAKOUT,1,0.07350278032255667,0.2151820525385114,0.06817649189338623
2014-07-29,12:00:00,0.93971,0.94028,0.93802,0.93836,9900,0.93842,BEARISH_DAILY_LOW_BREAKOUT,1,0.011722579820117492,-0.009591201670992314,-0.3847137559145746
2014-07-30,08:00:00,0.93847,0.93852,0.93662,0.9369,11431,0.93739,BEARISH_DAILY_LOW_BREAKOUT,1,-0.2294802006617553,-0.5379442843419717,-0.8026470274308861
2014-07-31,08:00:00,0.93168,0.9325,0.92881,0.92938,8154,0.93013,BEARISH_DAILY_LOW_BREAKOUT,1,-0.019367750543368478,-0.11835847554283391,-0.10437065570595735
2014-08-05,16:00:00,0.9312,0.93162,0.92947,0.93014,11265,0.93054,BEARISH_DAILY_LOW_BREAKOUT,1,0.0258025673554538,-0.0032253209194287413,0.4407938589889686
2014-08-06,00:00:00,0.93036,0.93069,0.92912,0.92928,7240,0.9293,BEARISH_DAILY_LOW_BREAKOUT,1,0.08931646005509614,0.31852617079889406,0.5832472451790612
2014-08-07,04:00:00,0.93474,0.93549,0.92666,0.92667,13992,0.92912,BEARISH_DAILY_LOW_BREAKOUT,1,0.02374092179524512,0.09604281998986235,-0.2449631476145763
2014-08-08,00:00:00,0.92713,0.92721,0.9257,0.92581,5420,0.92582,BEARISH_DAILY_LOW_BREAKOUT,1,-0.1522990678432964,0.2160270465862328,0.18254285436536324
2014-08-12,00:00:00,0.92618,0.92668,0.92489,0.9252,5502,0.92585,BEARISH_DAILY_LOW_BREAKOUT,1,0.10484219628188786,0.18374405533937785,0.36856895806312406
2014-08-19,16:00:00,0.933,0.93308,0.93044,0.9306,9684,0.93084,BEARISH_DAILY_LOW_BREAKOUT,1,-0.05587792821834998,-0.1740812379110203,0.02793896410918096
2014-08-20,00:00:00,0.93008,0.93096,0.9286,0.92945,10007,0.93008,BEARISH_DAILY_LOW_BREAKOUT,1,-0.050567539942973846,-0.0010759051051648276,-0.22486416698047623
2014-08-21,00:00:00,0.92843,0.9291,0.92715,0.92736,6279,0.92746,BEARISH_DAILY_LOW_BREAKOUT,1,-0.2544858523119304,0.14880952380952897,0.31702898550725217
2014-08-26,00:00:00,0.92957,0.92994,0.92714,0.9279,7649,0.92889,BEARISH_DAILY_LOW_BREAKOUT,1,0.13255738764953814,0.5000538851169403,0.4407802564931607
2014-09-01,00:00:00,0.93282,0.93343,0.93237,0.93267,5201,0.93314,BEARISH_DAILY_LOW_BREAKOUT,1,0.1597563982973604,0.14581792059356768,0.056826101407789514
2014-09-02,04:00:00,0.93323,0.93335,0.92847,0.92943,12660,0.93237,BEARISH_DAILY_LOW_BREAKOUT,1,-0.05487234111229576,-0.2388560730770472,-0.16999666462240576
2014-09-08,12:00:00,0.93516,0.93581,0.93242,0.93277,8920,0.93327,BEARISH_DAILY_LOW_BREAKOUT,1,-0.3720102490431696,-0.5156683855612831,-0.8619488191086695
2014-09-09,04:00:00,0.92797,0.92888,0.9251,0.92551,13010,0.92775,BEARISH_DAILY_LOW_BREAKOUT,1,0.19232639301573107,-0.5586109280288714,-0.9832416721591455
2014-09-10,04:00:00,0.92111,0.92136,0.9157,0.91641,13537,0.91881,BEARISH_DAILY_LOW_BREAKOUT,1,-0.3819251208520147,-0.09930053142152162,0.22042535546316847
2014-09-11,20:00:00,0.9113,0.91166,0.90886,0.90991,7281,0.91127,BEARISH_DAILY_LOW_BREAKOUT,1,-0.083524744205469,-0.5637920233869249,-0.6780890417733632
2014-09-12,04:00:00,0.90915,0.90945,0.9054,0.90642,11276,0.90886,BEARISH_DAILY_LOW_BREAKOUT,1,-0.18093157697314433,-0.10480792568566517,-0.7524105822907756
2014-09-15,00:00:00,0.90157,0.90168,0.89994,0.90086,6564,0.90304,BEARISH_DAILY_LOW_BREAKOUT,1,-0.13986634993229122,0.2630819439202521,0.30526385897920105
2014-09-17,20:00:00,0.90288,0.90513,0.89509,0.89577,24220,0.89893,BEARISH_DAILY_LOW_BREAKOUT,1,0.05358518369671187,0.14624289717226893,0.3561181999843739
2014-09-19,20:00:00,0.89306,0.89386,0.8922,0.89251,6469,0.89274,BEARISH_DAILY_LOW_BREAKOUT,1,0.09075528565506015,-0.6308052570839568,-0.5960717526974478
2014-09-22,08:00:00,0.89365,0.89368,0.88653,0.88688,30425,0.8921,BEARISH_DAILY_LOW_BREAKOUT,1,-0.07441818509832152,0.03495399603103379,0.281887064766366
2014-09-23,16:00:00,0.88821,0.88869,0.88313,0.8836,14700,0.88526,BEARISH_DAILY_LOW_BREAKOUT,1,0.03282028066997526,0.37234042553190405,0.41987324581258384
2014-09-25,04:00:00,0.8863,0.88683,0.8818,0.88211,11886,0.88388,BEARISH_DAILY_LOW_BREAKOUT,1,-0.01587103649203818,-0.471596512906547,-0.7323349695616092
2014-09-26,04:00:00,0.88057,0.88132,0.87523,0.87565,12023,0.87739,BEARISH_DAILY_LOW_BREAKOUT,1,0.2843601895734588,0.007994061554275624,-0.6577970650373993
2014-09-29,00:00:00,0.87564,0.87573,0.87272,0.87382,7183,0.87479,BEARISH_DAILY_LOW_BREAKOUT,1,-0.4497493763017542,-0.035476413906757966,-0.4348721704698937
2014-10-01,04:00:00,0.87313,0.87324,0.86642,0.86655,15053,0.8694,BEARISH_DAILY_LOW_BREAKOUT,1,0.6323928221106606,0.6612428596157189,1.6594541572903985
2014-10-03,12:00:00,0.87807,0.87819,0.87005,0.87202,13168,0.8724,BEARISH_DAILY_LOW_BREAKOUT,1,-0.5504460906859965,-0.49998853237311414,-0.055044609068603464
2014-10-10,00:00:00,0.87818,0.8782,0.87469,0.87566,10489,0.87647,BEARISH_DAILY_LOW_BREAKOUT,1,0.171299362766377,-0.6063997441929558,-0.732019276888293
2014-10-15,00:00:00,0.87112,0.87204,0.86849,0.86853,9314,0.86938,BEARISH_DAILY_LOW_BREAKOUT,1,0.4098879716302266,0.9786651008024998,1.368979770416676
2014-10-24,00:00:00,0.87599,0.87651,0.87184,0.87291,9413,0.87486,BEARISH_DAILY_LOW_BREAKOUT,1,0.32420295333997773,0.8912717233162651,0.9897927621404247
2014-10-30,04:00:00,0.87756,0.87815,0.87617,0.87674,10412,0.87754,BEARISH_DAILY_LOW_BREAKOUT,1,0.20986837602938888,0.7413828501038006,0.4117526290576456
2014-11-03,00:00:00,0.87575,0.87606,0.87089,0.87093,8688,0.87638,BEARISH_DAILY_LOW_BREAKOUT,1,0.29738325697817064,0.07233646791361183,-0.4110548494138481
2014-11-04,00:00:00,0.86895,0.87085,0.86449,0.86735,12492,0.86774,BEARISH_DAILY_LOW_BREAKOUT,1,0.536115754885576,0.6295036605753179,0.7839972329509458
2014-11-05,12:00:00,0.86701,0.8676,0.86073,0.86087,23154,0.86449,BEARISH_DAILY_LOW_BREAKOUT,1,-0.22070695923891095,-0.5262118554485617,0.06969693449649005
2014-11-06,00:00:00,0.85926,0.86058,0.85525,0.85634,16084,0.85642,BEARISH_DAILY_LOW_BREAKOUT,1,0.5254922110376788,0.5990611205829423,0.007006562813842634
2014-11-07,04:00:00,0.85638,0.85705,0.85412,0.85445,19143,0.85525,BEARISH_DAILY_LOW_BREAKOUT,1,0.5652759084791387,0.8707355608871206,1.4746328047281811
2014-11-11,08:00:00,0.862,0.86335,0.85902,0.85958,15831,0.86084,BEARISH_DAILY_LOW_BREAKOUT,1,0.4106656739337855,1.1715023616184677,1.2261802275529903
2014-11-19,04:00:00,0.86941,0.86945,0.86567,0.86637,15934,0.86838,BEARISH_DAILY_LOW_BREAKOUT,1,-0.15351408751456563,-0.4847813289933841,-0.8148943292126868
2014-11-20,04:00:00,0.86044,0.86163,0.85834,0.85931,10320,0.86013,BEARISH_DAILY_LOW_BREAKOUT,1,-0.019783314519789538,0.18037727944512927,0.4538525095716347
2014-11-25,00:00:00,0.86084,0.86183,0.85895,0.86006,6825,0.86018,BEARISH_DAILY_LOW_BREAKOUT,1,-0.2650977838755505,-0.7534358068041812,-0.5022905378694628
2014-11-26,12:00:00,0.85487,0.8555,0.84792,0.85053,16703,0.8513,BEARISH_DAILY_LOW_BREAKOUT,1,0.38916910632194457,0.298637320259131,0.7512962505731728
2014-11-28,00:00:00,0.85442,0.85523,0.85109,0.85255,7296,0.85292,BEARISH_DAILY_LOW_BREAKOUT,1,-0.36596094070729124,-0.05630168318574112,-1.0040466834789763
2014-12-01,00:00:00,0.84683,0.84817,0.84268,0.84399,4511,0.84847,BEARISH_DAILY_LOW_BREAKOUT,1,0.056872711761991955,0.48460289813859486,0.45261199777247774
2014-12-03,04:00:00,0.84568,0.84665,0.83882,0.8393,10690,0.84325,BEARISH_DAILY_LOW_BREAKOUT,1,0.17395448588108015,0.3824615751221178,-0.040509948766830325
2014-12-04,08:00:00,0.83892,0.84041,0.83581,0.83762,9424,0.83882,BEARISH_DAILY_LOW_BREAKOUT,1,-0.06327451589026413,0.057305221938340166,-0.032234187340320485
2014-12-05,16:00:00,0.83646,0.83789,0.83195,0.83304,15556,0.83554,BEARISH_DAILY_LOW_BREAKOUT,1,-0.3433208489388233,-0.5173821185057184,-0.2352828195524779
2014-12-08,04:00:00,0.83072,0.83236,0.82861,0.82873,12517,0.83018,BEARISH_DAILY_LOW_BREAKOUT,1,-0.22805980234816495,0.28356642090911083,-0.6467727727969207
2014-12-09,04:00:00,0.82992,0.82992,0.82239,0.82337,12663,0.82599,BEARISH_DAILY_LOW_BREAKOUT,1,0.32063349405491764,1.4355635983822512,0.7323560489208958
2014-12-11,16:00:00,0.8289,0.82903,0.82149,0.82531,14729,0.82645,BEARISH_DAILY_LOW_BREAKOUT,1,0.02423331838945099,0.1453999103367194,-0.08602828028255909
2014-12-15,00:00:00,0.82429,0.82535,0.82044,0.82092,5924,0.82269,BEARISH_DAILY_LOW_BREAKOUT,1,0.16201335087463498,0.21195731618184033,0.04019880134483902
2014-12-17,04:00:00,0.82224,0.8235,0.81557,0.81588,11136,0.81997,BEARISH_DAILY_LOW_BREAKOUT,1,-0.033093101926766615,0.0894739422463962,-0.20468696376918913
2014-12-23,00:00:00,0.81367,0.81372,0.81156,0.81187,23125,0.81311,BEARISH_DAILY_LOW_BREAKOUT,1,0.045573798760883084,0.24264968529444705,-0.12809932624680428
2015-01-02,08:00:00,0.81412,0.81416,0.81259,0.81384,3920,0.81587,BEARISH_DAILY_LOW_BREAKOUT,1,-0.24820603558439272,-0.6217438317113873,-1.1193846456305985
2015-01-05,00:00:00,0.80696,0.80901,0.80516,0.80664,8493,0.8077,BEARISH_DAILY_LOW_BREAKOUT,1,-0.12892988197957464,-0.07066349300804206,0.36819398988396657
2015-01-07,00:00:00,0.81068,0.81098,0.80655,0.80768,8732,0.80801,BEARISH_DAILY_LOW_BREAKOUT,1,-0.04457210776544126,-0.09781101426306921,-0.043333993660851014
2015-01-14,04:00:00,0.81693,0.81879,0.80763,0.80902,13629,0.81268,BEARISH_DAILY_LOW_BREAKOUT,1,0.16192430347828649,0.826926404786048,1.2199945613211103
2015-01-20,00:00:00,0.82055,0.82161,0.81847,0.81901,4777,0.8195,BEARISH_DAILY_LOW_BREAKOUT,1,-0.3028046055603763,0.10256285027044258,-0.34309715388090245
2015-01-21,16:00:00,0.82137,0.8229,0.81337,0.81476,11787,0.81589,BEARISH_DAILY_LOW_BREAKOUT,1,-0.7425499533604988,-0.9929304335018951,-0.5056703814620271
2015-01-22,04:00:00,0.80997,0.81033,0.80551,0.80667,7631,0.80772,BEARISH_DAILY_LOW_BREAKOUT,1,0.3272713749116709,0.49214672666642234,-0.5628075917041651
2015-01-23,00:00:00,0.8057,0.80591,0.7995,0.80158,5674,0.80542,BEARISH_DAILY_LOW_BREAKOUT,1,0.06861448638938727,-0.7061054417525385,-1.7527882432196422
2015-01-26,00:00:00,0.78813,0.78954,0.78573,0.78753,3443,0.788,BEARISH_DAILY_LOW_BREAKOUT,1,0.06095005904537427,0.44315772097570805,0.5701370106535617
2015-01-29,00:00:00,0.79515,0.79543,0.78824,0.78901,9319,0.78998,BEARISH_DAILY_LOW_BREAKOUT,1,-0.06463796403087546,-1.277550347904333,-1.3802106437180715
2015-02-03,04:00:00,0.77972,0.78321,0.76501,0.76606,13712,0.7749,BEARISH_DAILY_LOW_BREAKOUT,1,-0.33809362190950853,0.37725504529672077,1.8679998955695436
2015-02-09,00:00:00,0.77607,0.77755,0.77586,0.77613,3996,0.77776,BEARISH_DAILY_LOW_BREAKOUT,1,0.08890263229097811,0.6480873049617949,0.4290518340999646
2015-02-11,12:00:00,0.77705,0.77716,0.77125,0.77327,13518,0.77471,BEARISH_DAILY_LOW_BREAKOUT,1,-0.25864187153258267,-0.1525987042042183,-0.5599596518680482
2015-02-12,04:00:00,0.77207,0.77279,0.76437,0.76629,10018,0.76931,BEARISH_DAILY_LOW_BREAKOUT,1,-0.050894569940884184,0.6577144423129537,1.3819833222409255
2015-02-24,04:00:00,0.77978,0.78063,0.77633,0.77707,8670,0.77805,BEARISH_DAILY_LOW_BREAKOUT,1,-0.007721312108311992,0.5700902106631235,1.37954109668369
2015-02-26,20:00:00,0.78245,0.78327,0.77868,0.77925,11606,0.78231,BEARISH_DAILY_LOW_BREAKOUT,1,0.13474494706448448,0.281039461020215,0.17965992941930792
2015-03-02,04:00:00,0.77848,0.77979,0.77615,0.77619,10675,0.77775,BEARISH_DAILY_LOW_BREAKOUT,1,0.05797549569048177,0.262822247130204,0.5926384003916486
2015-03-03,00:00:00,0.7769,0.77712,0.77528,0.77552,6056,0.77558,BEARISH_DAILY_LOW_BREAKOUT,1,0.6795440478646582,0.6847018774499738,0.8123581596864003
2015-03-05,16:00:00,0.78083,0.78124,0.77683,0.7777,16593,0.77949,BEARISH_DAILY_LOW_BREAKOUT,1,-0.03343191462002404,0.3381766748103409,-0.6043461489005949
2015-03-06,16:00:00,0.78085,0.78452,0.77128,0.773,15925,0.77541,BEARISH_DAILY_LOW_BREAKOUT,1,-0.18758085381630818,-0.4954721862871927,-0.20051746442432747
2015-03-09,04:00:00,0.77201,0.77272,0.76837,0.76917,9762,0.7706,BEARISH_DAILY_LOW_BREAKOUT,1,0.28862280120129485,0.29642341744997186,-0.5811459105269282
2015-03-10,04:00:00,0.76844,0.76844,0.76321,0.7647,13563,0.76837,BEARISH_DAILY_LOW_BREAKOUT,1,-0.009153916568590884,-0.1530011769321308,-0.630312540865705
2015-03-11,04:00:00,0.76401,0.76444,0.75917,0.75988,10488,0.76046,BEARISH_DAILY_LOW_BREAKOUT,1,0.08553982207717527,-0.24872348265514913,-0.1947675948834075
2015-03-18,08:00:00,0.76229,0.76236,0.75937,0.7601,8507,0.76053,BEARISH_DAILY_LOW_BREAKOUT,1,0.0789369819760617,2.4470464412577226,1.0827522694382263
2015-03-26,04:00:00,0.78289,0.78401,0.78071,0.78109,10880,0.78287,BEARISH_DAILY_LOW_BREAKOUT,1,0.5825192999526372,0.30726292744755007,-0.09729992702505255
2015-03-27,08:00:00,0.78033,0.78069,0.77753,0.77824,11475,0.78006,BEARISH_DAILY_LOW_BREAKOUT,1,0.18760279605261948,-0.4638671875000003,-0.9637129934210606
2015-03-30,00:00:00,0.77326,0.77442,0.77306,0.77379,2039,0.77444,BEARISH_DAILY_LOW_BREAKOUT,1,-0.1705889194742744,-0.9033458690342265,-1.0661807467142221
2015-03-31,04:00:00,0.76533,0.76634,0.76212,0.76212,9546,0.76328,BEARISH_DAILY_LOW_BREAKOUT,1,-0.19944365716684587,0.019681939851989644,0.15614338949247158
2015-04-02,04:00:00,0.76036,0.76047,0.75678,0.75761,8621,0.7582,BEARISH_DAILY_LOW_BREAKOUT,1,0.1319940338696692,-0.14651337759534,0.2600282467232517
2015-04-10,12:00:00,0.76825,0.76904,0.76426,0.76456,12875,0.76593,BEARISH_DAILY_LOW_BREAKOUT,1,0.35706811761013,0.23542952809459347,-0.8776289630637221
2015-04-13,04:00:00,0.76631,0.76707,0.75934,0.75937,8556,0.76374,BEARISH_DAILY_LOW_BREAKOUT,1,-0.331854036899004,-0.21465161910531366,0.12378682328773219
2015-04-20,16:00:00,0.77712,0.77795,0.77118,0.77257,16594,0.77587,BEARISH_DAILY_LOW_BREAKOUT,1,-0.04271457602546584,-0.4064356627878421,0.17474144737694622
2015-04-21,04:00:00,0.77193,0.77193,0.76825,0.76943,10081,0.77063,BEARISH_DAILY_LOW_BREAKOUT,1,0.11307071468490149,0.5835488608450549,0.8239865874738459
2015-04-30,08:00:00,0.79974,0.8007,0.79302,0.79531,24630,0.79761,BEARISH_DAILY_LOW_BREAKOUT,1,-0.43630785479875434,-0.49414693641473006,-0.8487256541474296
2015-05-01,16:00:00,0.78752,0.78819,0.7808,0.78117,34874,0.78625,BEARISH_DAILY_LOW_BREAKOUT,1,0.4070816851645558,0.26114674142631317,0.32899368895374387
2015-05-07,16:00:00,0.79503,0.79711,0.79067,0.79118,2929,0.79185,BEARISH_DAILY_LOW_BREAKOUT,1,-0.12007381379711397,-0.36022144139134193,-0.007583609292442805
2015-05-08,04:00:00,0.78984,0.79194,0.78627,0.78833,2508,0.78893,BEARISH_DAILY_LOW_BREAKOUT,1,0.4528560374462564,0.35391270153363064,0.007611025839440337
2015-05-15,08:00:00,0.80655,0.80658,0.80285,0.80388,16646,0.80627,BEARISH_DAILY_LOW_BREAKOUT,1,-0.4416082002288965,-0.02985520226899761,-0.5461014081703743
2015-05-18,08:00:00,0.80176,0.80283,0.79927,0.79949,2073,0.79954,BEARISH_DAILY_LOW_BREAKOUT,1,0.11757495403318875,-0.14384169908316355,-0.25766426096637374
2015-05-19,08:00:00,0.79953,0.80095,0.7966,0.79743,18443,0.79759,BEARISH_DAILY_LOW_BREAKOUT,1,0.015048342801250138,-0.7649574257301575,-1.0621621960548233
2015-05-20,08:00:00,0.79227,0.79291,0.78828,0.78896,17790,0.79054,BEARISH_DAILY_LOW_BREAKOUT,1,0.11153924153315656,-0.06590955181504321,0.03041979314540889
2015-05-22,16:00:00,0.78858,0.7888,0.78171,0.78258,26669,0.78647,BEARISH_DAILY_LOW_BREAKOUT,1,0.04472386209716086,-0.030667791152344547,0.024278667995593094
2015-05-26,08:00:00,0.78323,0.78388,0.77713,0.7787,18693,0.78025,BEARISH_DAILY_LOW_BREAKOUT,1,0.1874919738024935,-0.7075895723641845,-0.5573391550019134
2015-05-27,12:00:00,0.77433,0.77466,0.77037,0.77071,19536,0.77263,BEARISH_DAILY_LOW_BREAKOUT,1,0.032437622452021184,0.35162382737994713,-0.8433781837526516
2015-05-28,04:00:00,0.77342,0.77601,0.76702,0.76808,18147,0.76902,BEARISH_DAILY_LOW_BREAKOUT,1,0.0663993334027719,-0.6613894386001424,-0.24997396104572867
2015-06-01,16:00:00,0.76351,0.76591,0.76012,0.76094,25186,0.76285,BEARISH_DAILY_LOW_BREAKOUT,1,-0.0959339763976,0.3075143900964608,1.8109180750124867
2015-06-04,04:00:00,0.77701,0.77794,0.77088,0.77303,2562,0.77511,BEARISH_DAILY_LOW_BREAKOUT,1,-0.2354371757887849,-0.7477070747577723,-0.41654269562630175
2015-06-05,16:00:00,0.77165,0.7722,0.75988,0.76207,45011,0.76641,BEARISH_DAILY_LOW_BREAKOUT,1,-0.08266957103678395,-0.07085963231723921,0.36479588489246456
2015-06-17,08:00:00,0.77287,0.77288,0.76948,0.77048,16296,0.77217,BEARISH_DAILY_LOW_BREAKOUT,1,-0.3257709479804813,0.4983906136434371,0.8280552382930045
2015-06-22,20:00:00,0.77445,0.77447,0.77205,0.77254,11919,0.7736,BEARISH_DAILY_LOW_BREAKOUT,1,0.03624407797653804,-0.0465995288269898,0.09449348901027887
2015-06-23,04:00:00,0.77278,0.77384,0.76938,0.76994,17537,0.77205,BEARISH_DAILY_LOW_BREAKOUT,1,0.29093176091643763,0.4948437540587697,0.39223835623555375
2015-06-26,12:00:00,0.77055,0.77088,0.7656,0.76566,16504,0.76957,BEARISH_DAILY_LOW_BREAKOUT,1,-0.11885170963612654,-0.5067523443826234,-0.045712196013891475
2015-06-29,00:00:00,0.76204,0.76458,0.75857,0.76178,12619,0.76297,BEARISH_DAILY_LOW_BREAKOUT,1,0.4962062537740562,0.46338837984720427,0.6996770721205526
2015-07-01,20:00:00,0.76616,0.7664,0.7638,0.76485,12483,0.76586,BEARISH_DAILY_LOW_BREAKOUT,1,-0.15950840033993577,-0.4549911747401501,-0.23403281689221017
2015-07-02,00:00:00,0.76484,0.76519,0.76324,0.76363,15874,0.7638,BEARISH_DAILY_LOW_BREAKOUT,1,0.22654950696017825,-0.5840524861516728,-0.00785720833388683
2015-07-03,04:00:00,0.76357,0.76482,0.75663,0.75836,20057,0.75889,BEARISH_DAILY_LOW_BREAKOUT,1,-0.35339416635898724,-0.9138140197267777,-1.345007648082703
2015-07-06,00:00:00,0.74756,0.75121,0.7461,0.74846,8166,0.75091,BEARISH_DAILY_LOW_BREAKOUT,1,-0.040082302327441276,0.0534430697699217,-0.14296021163455835
2015-07-07,08:00:00,0.747,0.74983,0.74337,0.74381,24941,0.7461,BEARISH_DAILY_LOW_BREAKOUT,1,-0.19225339804519048,0.15864266412122316,-0.6265040803430981
2015-07-08,08:00:00,0.74119,0.74235,0.73713,0.73915,25026,0.7397,BEARISH_DAILY_LOW_BREAKOUT,1,0.4572820131231887,0.4329297165663236,0.8929175404180546
2015-07-13,16:00:00,0.7431,0.7433,0.73822,0.74053,25976,0.74085,BEARISH_DAILY_LOW_BREAKOUT,1,0.027007683686005694,0.28628144707169334,0.5752636625119752
2015-07-15,16:00:00,0.74588,0.74749,0.73596,0.73657,34403,0.73867,BEARISH_DAILY_LOW_BREAKOUT,1,0.1697055269696138,0.03937168225694944,0.8376664811219583
2015-07-20,04:00:00,0.73667,0.73751,0.73268,0.73369,16947,0.73667,BEARISH_DAILY_LOW_BREAKOUT,1,0.737368643432516,0.5656339871062844,0.29303929452494876
2015-07-23,20:00:00,0.73731,0.73774,0.73548,0.73558,19642,0.73603,BEARISH_DAILY_LOW_BREAKOUT,1,0.013594714375049484,-0.7952907909404852,-0.9801789064411824
2015-07-24,04:00:00,0.73568,0.73576,0.72687,0.72945,24339,0.73548,BEARISH_DAILY_LOW_BREAKOUT,1,0.038385084652813345,-0.23579409143876273,-0.057577626979242846
2015-07-30,12:00:00,0.72909,0.73092,0.72616,0.7272,22001,0.7282,BEARISH_DAILY_LOW_BREAKOUT,1,0.053630363036303835,0.3190319031903175,-0.45654565456545515
2015-07-31,12:00:00,0.72813,0.72826,0.72342,0.72388,25596,0.72547,BEARISH_DAILY_LOW_BREAKOUT,1,1.265403105487105,0.779134663203843,0.36055699839752464
2015-08-06,04:00:00,0.73488,0.73925,0.73208,0.73311,23390,0.73337,BEARISH_DAILY_LOW_BREAKOUT,1,-0.11321629769065998,0.16368621352866264,0.5578971777768584
2015-08-11,04:00:00,0.74122,0.7439,0.73064,0.73277,23386,0.7353,BEARISH_DAILY_LOW_BREAKOUT,1,0.31114810922935554,-0.5690735155642298,-1.1285942383012404
2015-08-12,04:00:00,0.73136,0.73248,0.72143,0.7245,19026,0.72828,BEARISH_DAILY_LOW_BREAKOUT,1,0.7591442374051,1.7929606625258725,1.959972394755002
2015-08-17,12:00:00,0.73582,0.73673,0.73434,0.73529,20071,0.73535,BEARISH_DAILY_LOW_BREAKOUT,1,0.4338424295176089,0.2488813937358047,-0.22712127187911563
2015-08-18,12:00:00,0.73445,0.73627,0.73312,0.73362,23054,0.73434,BEARISH_DAILY_LOW_BREAKOUT,1,-0.039530001908346615,0.04089310542242127,0.09269103895748519
2015-08-19,16:00:00,0.7343,0.73642,0.73117,0.7314,31262,0.73195,BEARISH_DAILY_LOW_BREAKOUT,1,0.5400601585999313,0.49083948591741616,0.5715066994804432
2015-08-20,08:00:00,0.73498,0.7357,0.7292,0.72981,26155,0.73117,BEARISH_DAILY_LOW_BREAKOUT,1,0.1644263575451268,0.5741220317616951,0.24252887737905063
2015-08-24,00:00:00,0.72983,0.73111,0.72497,0.72527,11163,0.72862,BEARISH_DAILY_LOW_BREAKOUT,1,-0.43569980834722805,-0.2716229817860819,-1.0699463648020724
2015-08-26,00:00:00,0.71236,0.71561,0.7099,0.71005,19153,0.71236,BEARISH_DAILY_LOW_BREAKOUT,1,0.49855643968734425,0.5577072037180586,0.2689951411872514
2015-08-31,16:00:00,0.71249,0.71264,0.70819,0.70991,20786,0.71203,BEARISH_DAILY_LOW_BREAKOUT,1,0.23242382837260064,0.4775253201110006,-0.9184262793875395
2015-09-01,12:00:00,0.71097,0.71145,0.70512,0.70535,28532,0.70819,BEARISH_DAILY_LOW_BREAKOUT,1,-0.2778762316580524,-0.6195505777273672,-0.6833486921386611
2015-09-02,00:00:00,0.70193,0.70289,0.69977,0.70098,16834,0.70154,BEARISH_DAILY_LOW_BREAKOUT,1,0.3166994778738337,-0.06419584010956966,0.4964478301805939
2015-09-04,04:00:00,0.70195,0.70209,0.69609,0.69697,20487,0.69918,BEARISH_DAILY_LOW_BREAKOUT,1,0.12052168672971046,-0.784825745727933,-0.5696084479963311
2015-09-10,00:00:00,0.7015,0.70198,0.6959,0.696,15151,0.70103,BEARISH_DAILY_LOW_BREAKOUT,1,0.5488505747126502,1.4310344827586323,1.6221264367816124
2015-09-21,16:00:00,0.71667,0.71721,0.71212,0.71231,21323,0.71607,BEARISH_DAILY_LOW_BREAKOUT,1,0.09967570299448111,0.165658210610543,-0.6542095435975905
2015-09-22,12:00:00,0.71436,0.71436,0.70827,0.70931,19056,0.71212,BEARISH_DAILY_LOW_BREAKOUT,1,-0.23403025475461997,-0.26927577504898664,-0.506125671427159
2015-09-23,04:00:00,0.7074,0.70841,0.70187,0.70323,15901,0.70563,BEARISH_DAILY_LOW_BREAKOUT,1,0.11944882897486624,-0.41949291128080546,-0.4251809507558051
2015-09-24,08:00:00,0.70024,0.70128,0.69592,0.69637,17555,0.69887,BEARISH_DAILY_LOW_BREAKOUT,1,-0.02728434596551021,0.9075635079052791,0.5140945187184853
2015-09-29,00:00:00,0.69829,0.69894,0.69693,0.69701,7944,0.69787,BEARISH_DAILY_LOW_BREAKOUT,1,-0.20659674897060254,0.26685413408702496,0.5121877734896145
2015-10-13,04:00:00,0.73423,0.73491,0.7293,0.73026,17847,0.73048,BEARISH_DAILY_LOW_BREAKOUT,1,0.14652315613617278,-0.2848300605263838,-0.9421302002026671
2015-10-14,00:00:00,0.72639,0.72642,0.71981,0.7221,17104,0.72535,BEARISH_DAILY_LOW_BREAKOUT,1,0.17726076720676623,0.4860822600747838,1.380695194571394
2015-10-16,16:00:00,0.72663,0.72833,0.72491,0.72593,25936,0.72653,BEARISH_DAILY_LOW_BREAKOUT,1,0.1529073051120708,0.18872343063380523,-0.08816277051505984
2015-10-19,20:00:00,0.72529,0.7262,0.72431,0.72461,7933,0.72491,BEARISH_DAILY_LOW_BREAKOUT,1,0.16008611528961095,0.619643670388208,0.18630711693187693
2015-10-21,08:00:00,0.72669,0.72755,0.72101,0.72177,16574,0.72417,BEARISH_DAILY_LOW_BREAKOUT,1,0.19396760740955662,-0.06650317968328359,-0.030480624021502412
2015-10-27,20:00:00,0.72326,0.72343,0.71901,0.71961,15577,0.72074,BEARISH_DAILY_LOW_BREAKOUT,1,-0.04168924834284779,-0.9685802031655927,-1.402148385931259
2015-10-28,04:00:00,0.71932,0.71956,0.71136,0.71197,18093,0.71901,BEARISH_DAILY_LOW_BREAKOUT,1,0.09410508869756583,0.310406337345681,-0.23034678427461477
2015-10-29,16:00:00,0.70927,0.71048,0.70688,0.70795,25637,0.70802,BEARISH_DAILY_LOW_BREAKOUT,1,-0.15114061727523348,0.43929656049156823,0.7401652659086125
2015-11-05,00:00:00,0.71484,0.71551,0.7126,0.71349,11945,0.71355,BEARISH_DAILY_LOW_BREAKOUT,1,0.255084163758433,0.015417174732659814,0.15417174732652034
2015-11-06,16:00:00,0.7151,0.71543,0.70344,0.70367,33352,0.71252,BEARISH_DAILY_LOW_BREAKOUT,1,0.058265948527011446,0.2387482768911585,0.21885258715022465
2015-11-10,20:00:00,0.70254,0.70372,0.70184,0.70189,21151,0.70251,BEARISH_DAILY_LOW_BREAKOUT,1,0.33623502258189014,0.6354272036928892,0.5413953753437185
2015-11-16,16:00:00,0.71061,0.7108,0.70828,0.70841,24361,0.71058,BEARISH_DAILY_LOW_BREAKOUT,1,0.09598961053627335,-0.0028232238393049226,0.5039454553154193
2015-11-23,04:00:00,0.7224,0.72275,0.71588,0.71799,19929,0.71832,BEARISH_DAILY_LOW_BREAKOUT,1,-0.08495940054875409,0.19081045697015034,0.22423710636638397
2015-11-26,08:00:00,0.7238,0.72446,0.72145,0.72181,14619,0.72268,BEARISH_DAILY_LOW_BREAKOUT,1,0.05126002687689177,0.12468655186268021,-0.07065571272217058
2015-11-27,12:00:00,0.7213,0.72183,0.71947,0.71968,23277,0.721,BEARISH_DAILY_LOW_BREAKOUT,1,-0.09031791907515,-0.19453090262338218,0.1000444642063214
2015-11-30,00:00:00,0.71913,0.71933,0.71781,0.71828,5550,0.71847,BEARISH_DAILY_LOW_BREAKOUT,1,0.06682630728962591,0.29514952386256205,0.6668708581611573
2015-12-03,16:00:00,0.73315,0.73495,0.72888,0.72916,42331,0.72926,BEARISH_DAILY_LOW_BREAKOUT,1,0.7776071095507094,0.363431894234452,0.8557792528388862
2015-12-07,16:00:00,0.72928,0.72961,0.72562,0.72748,29241,0.72791,BEARISH_DAILY_LOW_BREAKOUT,1,-0.169076813108273,-0.5031066146148343,-0.6914279430362318
2015-12-08,00:00:00,0.72628,0.7268,0.72547,0.72548,13908,0.72562,BEARISH_DAILY_LOW_BREAKOUT,1,-0.22881402657550792,-0.5224127474223907,-0.44935766664829363
2015-12-11,20:00:00,0.7207,0.72187,0.71836,0.71836,23803,0.7204,BEARISH_DAILY_LOW_BREAKOUT,1,-0.279803997995428,0.38699259424244176,0.890918202572521
2015-12-14,00:00:00,0.72009,0.72026,0.71593,0.71635,7431,0.71836,BEARISH_DAILY_LOW_BREAKOUT,1,0.4481049766175661,0.5723459202903598,1.2507852306833207
2015-12-17,04:00:00,0.72019,0.72141,0.71625,0.71732,18527,0.71762,BEARISH_DAILY_LOW_BREAKOUT,1,0.1923827580438365,-0.8462053198014706,-0.7193442257290947
2016-01-04,04:00:00,0.7284,0.72896,0.72077,0.72289,17370,0.72662,BEARISH_DAILY_LOW_BREAKOUT,1,-0.16876703232856988,-0.8839519152291506,-0.40946755384637684
2016-01-05,16:00:00,0.71716,0.71751,0.71322,0.71329,26912,0.71555,BEARISH_DAILY_LOW_BREAKOUT,1,0.26076350432502526,-0.07850944216237504,-1.0080051591919177
2016-01-06,04:00:00,0.71593,0.71712,0.71062,0.71273,22417,0.71319,BEARISH_DAILY_LOW_BREAKOUT,1,-0.26658061257418836,-0.9302260322983493,-1.1392813547907366
2016-01-07,04:00:00,0.70785,0.70857,0.70241,0.70461,23268,0.70481,BEARISH_DAILY_LOW_BREAKOUT,1,0.0028384496388101223,-0.391706050155403,0.1575339549538121
2016-01-08,16:00:00,0.70089,0.70228,0.69679,0.69746,29155,0.69802,BEARISH_DAILY_LOW_BREAKOUT,1,-0.34984085108823415,-0.004301321939605783,0.23944025463826746
2016-01-11,00:00:00,0.69691,0.69696,0.69267,0.69372,7552,0.69502,BEARISH_DAILY_LOW_BREAKOUT,1,0.5347979011704999,1.0133771550481434,0.7034538430490681
2016-01-14,00:00:00,0.6959,0.69697,0.69316,0.69352,18368,0.69507,BEARISH_DAILY_LOW_BREAKOUT,1,0.054792940362200934,-0.1038182027915639,0.8680355288960699
2016-01-15,12:00:00,0.69298,0.69336,0.68635,0.68861,28305,0.69095,BEARISH_DAILY_LOW_BREAKOUT,1,-0.08713204861968965,-0.41968603418481565,0.04937482755113866
2016-01-25,16:00:00,0.6983,0.69923,0.69699,0.69699,31658,0.69797,BEARISH_DAILY_LOW_BREAKOUT,1,-0.015782148954783207,-0.21951534455301097,0.416074836080864
2016-01-26,00:00:00,0.69688,0.69717,0.69352,0.69379,11408,0.69619,BEARISH_DAILY_LOW_BREAKOUT,1,0.24070684212801416,0.5578056760691172,0.9484137851511307
2016-02-03,00:00:00,0.70479,0.70539,0.70224,0.70249,13904,0.70392,BEARISH_DAILY_LOW_BREAKOUT,1,-0.029893663966737247,0.667625161924025,1.869065751825661
2016-02-05,16:00:00,0.71808,0.72195,0.70818,0.70828,33200,0.7153,BEARISH_DAILY_LOW_BREAKOUT,1,-0.2739029762240996,-0.042356130343927115,-0.144010843169371
2016-02-09,04:00:00,0.70743,0.70747,0.70183,0.70387,20731,0.70501,BEARISH_DAILY_LOW_BREAKOUT,1,0.20032108201798945,0.5540795885603896,0.2997712645801151
2016-02-16,16:00:00,0.71586,0.7168,0.70867,0.70879,23395,0.70994,BEARISH_DAILY_LOW_BREAKOUT,1,0.1551940631216566,0.09170558275369692,1.1385600812652579
2016-02-19,04:00:00,0.71492,0.71502,0.70927,0.71021,19003,0.71326,BEARISH_DAILY_LOW_BREAKOUT,1,0.14643556131285687,-0.16896410920713295,0.8969178130412113
2016-02-24,00:00:00,0.72151,0.72163,0.71851,0.7194,11023,0.72,BEARISH_DAILY_LOW_BREAKOUT,1,-0.26271893244371114,-0.460105643591887,-0.03614122880178454
2016-02-26,20:00:00,0.71599,0.71631,0.71177,0.7122,24195,0.71561,BEARISH_DAILY_LOW_BREAKOUT,1,0.058972198820552636,0.12777309744453333,0.20640269587194204
2016-03-15,08:00:00,0.74959,0.7499,0.74635,0.74643,21403,0.74916,BEARISH_DAILY_LOW_BREAKOUT,1,-0.021435365673947854,-0.12459306297978195,-0.18889916000161064
2016-03-16,16:00:00,0.74473,0.74502,0.74143,0.7433,24549,0.74449,BEARISH_DAILY_LOW_BREAKOUT,1,1.69245257634872,2.3382214449078518,2.7458630431857984
2016-03-21,00:00:00,0.75944,0.76025,0.75892,0.75925,5660,0.75946,BEARISH_DAILY_LOW_BREAKOUT,1,-0.10800131708922382,0.14487981560750607,-0.313467237405326
2016-03-23,16:00:00,0.75916,0.75927,0.75283,0.75321,27515,0.75507,BEARISH_DAILY_LOW_BREAKOUT,1,-0.13143744772374852,-0.42352066488761775,-0.23101127175689048
2016-03-24,04:00:00,0.75329,0.75339,0.74884,0.75002,17151,0.75191,BEARISH_DAILY_LOW_BREAKOUT,1,-0.24666008906429407,0.1933281779152491,0.19732807125142338
2016-03-28,04:00:00,0.75066,0.75121,0.74928,0.74974,10218,0.74976,BEARISH_DAILY_LOW_BREAKOUT,1,0.3481206818363701,0.7095793208312204,0.8509616667111336
2016-04-05,00:00:00,0.76028,0.76079,0.75952,0.7596,10168,0.75981,BEARISH_DAILY_LOW_BREAKOUT,1,-0.28172722485519097,-0.7688256977356591,-0.6819378620326584
2016-04-07,12:00:00,0.75878,0.75883,0.75249,0.75291,26450,0.75323,BEARISH_DAILY_LOW_BREAKOUT,1,-0.33602953872307734,-0.21250879919245794,0.13813071947510872
2016-04-18,00:00:00,0.76477,0.76758,0.76309,0.76438,10018,0.76803,BEARISH_DAILY_LOW_BREAKOUT,1,0.4055574452497584,0.8346633873204495,1.6340040294094562
2016-04-21,16:00:00,0.78094,0.78342,0.77504,0.77559,38315,0.77665,BEARISH_DAILY_LOW_BREAKOUT,1,-0.19082247063526306,-0.1547209221366932,-0.5673100478345465
2016-04-22,16:00:00,0.7742,0.7759,0.77077,0.77119,32618,0.77324,BEARISH_DAILY_LOW_BREAKOUT,1,-0.059648076349539794,-0.11151596882740737,0.05575798441368929
2016-04-27,04:00:00,0.7745,0.77649,0.76291,0.76382,21758,0.76963,BEARISH_DAILY_LOW_BREAKOUT,1,-0.23172998874080925,-0.596999293027154,-0.5695059045324914
2016-05-03,12:00:00,0.76196,0.76231,0.75577,0.75599,28936,0.75902,BEARISH_DAILY_LOW_BREAKOUT,1,-0.914033254408138,-0.834667125226529,-1.0185319911639095
2016-05-04,12:00:00,0.74995,0.74996,0.74601,0.74829,25518,0.74848,BEARISH_DAILY_LOW_BREAKOUT,1,-0.4169506474762474,-0.25123949271004464,0.08552833794384182
2016-05-06,04:00:00,0.74767,0.74767,0.73818,0.73845,19890,0.74508,BEARISH_DAILY_LOW_BREAKOUT,1,-0.1760444173606986,-0.3818809668901137,-0.19906561040017365
2016-05-09,12:00:00,0.73372,0.73618,0.73233,0.73243,23520,0.73371,BEARISH_DAILY_LOW_BREAKOUT,1,-0.043690181996912596,-0.13380118236554767,0.07372718211979096
2016-05-12,08:00:00,0.73361,0.73457,0.73121,0.73306,16835,0.73355,BEARISH_DAILY_LOW_BREAKOUT,1,-0.08594112350967444,-0.079120399421606,-0.4801789758000817
2016-05-13,04:00:00,0.73159,0.73191,0.72859,0.73077,17606,0.73096,BEARISH_DAILY_LOW_BREAKOUT,1,-0.16831561229936426,-0.5008415780614963,-0.25178920864294696
2016-05-18,04:00:00,0.73165,0.73172,0.72792,0.72796,17456,0.72818,BEARISH_DAILY_LOW_BREAKOUT,1,-0.13737018517500973,0.04258475740424219,-0.9313698554865663
2016-05-19,04:00:00,0.72211,0.72366,0.72085,0.72118,15908,0.72212,BEARISH_DAILY_LOW_BREAKOUT,1,0.08319698272275075,-0.005546465514856208,0.2301783188663017
2016-05-23,16:00:00,0.72158,0.72212,0.71945,0.72012,21991,0.72113,BEARISH_DAILY_LOW_BREAKOUT,1,0.302727323223917,-0.12775648503027717,-0.25967894239847905
2016-05-24,04:00:00,0.72173,0.72238,0.71832,0.7192,13860,0.71945,BEARISH_DAILY_LOW_BREAKOUT,1,-0.503337041156835,-0.13209121245827243,0.20856507230256632
2016-05-30,04:00:00,0.7178,0.71816,0.71483,0.71675,15597,0.71718,BEARISH_DAILY_LOW_BREAKOUT,1,0.02232298569934412,0.21206836414369945,1.085455179630277
2016-06-02,08:00:00,0.72378,0.72466,0.72174,0.72244,16406,0.72253,BEARISH_DAILY_LOW_BREAKOUT,1,-0.22008748131332434,0.005536791982730747,0.3861912407950931
2016-06-09,12:00:00,0.74397,0.74472,0.74202,0.74292,20512,0.74299,BEARISH_DAILY_LOW_BREAKOUT,1,0.012114359554181267,-0.2274807516287042,-0.41323426479298137
2016-06-10,00:00:00,0.74396,0.74399,0.74118,0.74123,10579,0.74199,BEARISH_DAILY_LOW_BREAKOUT,1,0.026982178271248863,-0.18617703007164413,-0.5517855456471051
2016-06-14,08:00:00,0.73889,0.74041,0.73576,0.73578,19639,0.73589,BEARISH_DAILY_LOW_BREAKOUT,1,-0.15221941341161893,-0.0027182038109244615,0.3098752344450868
2016-06-16,16:00:00,0.73438,0.73485,0.72849,0.73098,31277,0.73334,BEARISH_DAILY_LOW_BREAKOUT,1,0.771566937535923,1.0492763139894479,1.0096035459246564
2016-06-24,04:00:00,0.75429,0.75814,0.7304,0.73395,34585,0.74897,BEARISH_DAILY_LOW_BREAKOUT,1,0.7289324885891364,1.472852374139926,1.0722801280741254
2016-07-06,00:00:00,0.74541,0.74654,0.74269,0.74416,10693,0.74532,BEARISH_DAILY_LOW_BREAKOUT,1,-0.1948505697699503,0.2795097828423956,0.9648462696194318
2016-07-15,16:00:00,0.76538,0.76563,0.75798,0.75852,23749,0.75909,BEARISH_DAILY_LOW_BREAKOUT,1,-0.29267520961873117,0.1160153984074239,0.12788060960818784
2016-07-19,04:00:00,0.75766,0.75766,0.75086,0.75317,20770,0.75747,BEARISH_DAILY_LOW_BREAKOUT,1,-0.4872737894499185,-0.49656783992989173,-0.4368203725586541
2016-07-22,16:00:00,0.74831,0.74844,0.74422,0.74509,23815,0.74527,BEARISH_DAILY_LOW_BREAKOUT,1,0.15300165080727413,0.28452938571179465,0.07784294514756941
2016-07-27,16:00:00,0.74699,0.74818,0.74549,0.74586,20312,0.74623,BEARISH_DAILY_LOW_BREAKOUT,1,0.31239106534739153,0.86745501836807,0.6770707639503392
2016-08-02,00:00:00,0.75285,0.75404,0.75223,0.75264,9054,0.75283,BEARISH_DAILY_LOW_BREAKOUT,1,0.15943877551020127,0.972576530612244,0.9393601190476217
2016-08-12,00:00:00,0.77048,0.77049,0.76888,0.76907,8922,0.7691,BEARISH_DAILY_LOW_BREAKOUT,1,-0.06761413135346274,-0.1846385894651952,-0.4693981042037788
2016-08-17,12:00:00,0.76726,0.76762,0.76149,0.76337,22475,0.76534,BEARISH_DAILY_LOW_BREAKOUT,1,-0.2095969189252978,0.3615546851461263,0.579011488531116
2016-08-19,04:00:00,0.7677,0.7677,0.76251,0.76306,19350,0.76448,BEARISH_DAILY_LOW_BREAKOUT,1,-0.22540822477917122,-0.1467774486934199,-0.5910413335779643
2016-08-22,04:00:00,0.76054,0.76087,0.75833,0.75855,18289,0.75987,BEARISH_DAILY_LOW_BREAKOUT,1,0.31507481378946717,0.5550062619471423,0.5747808318502446
2016-08-24,08:00:00,0.76118,0.76167,0.75879,0.76078,19447,0.76092,BEARISH_DAILY_LOW_BREAKOUT,1,0.21293935171796768,0.009201083098926694,0.2011093877336459
2016-08-26,20:00:00,0.76135,0.76151,0.75506,0.75538,30603,0.76015,BEARISH_DAILY_LOW_BREAKOUT,1,-0.18798485530462652,-0.15621276708412585,0.264767401837486
2016-08-29,00:00:00,0.75571,0.75618,0.75389,0.75396,7515,0.75506,BEARISH_DAILY_LOW_BREAKOUT,1,0.1061064247440213,0.1074327550533302,0.4668682688736907
2016-08-30,16:00:00,0.75505,0.75533,0.7509,0.75139,28469,0.75245,BEARISH_DAILY_LOW_BREAKOUT,1,-0.08384460799318855,0.09182980875443757,0.04924207136107501
2016-09-08,20:00:00,0.76644,0.76703,0.76359,0.764,18516,0.76508,BEARISH_DAILY_LOW_BREAKOUT,1,0.12303664921465193,-0.31282722513089045,-1.3638743455497362
2016-09-09,08:00:00,0.76474,0.76558,0.76146,0.76161,17782,0.76359,BEARISH_DAILY_LOW_BREAKOUT,1,-0.3098698809101809,-1.0543453998765748,-1.4127965756752132
2016-09-12,04:00:00,0.75411,0.75491,0.75207,0.75326,16442,0.75358,BEARISH_DAILY_LOW_BREAKOUT,1,-0.3199426492844467,-0.11018771738841798,0.16594535751267467
2016-09-13,16:00:00,0.75242,0.75326,0.74667,0.74677,38075,0.74936,BEARISH_DAILY_LOW_BREAKOUT,1,-0.08302422432610643,0.2102387615999518,0.21291696238466734
2016-09-23,20:00:00,0.762,0.76263,0.76021,0.76021,20287,0.76061,BEARISH_DAILY_LOW_BREAKOUT,1,0.14338143407741602,0.06314044803408597,0.44461398824008347
2016-09-29,20:00:00,0.76759,0.76886,0.76229,0.7635,36761,0.76443,BEARISH_DAILY_LOW_BREAKOUT,1,-0.09823182711197348,-0.42567125081859536,0.2724296005239138
2016-09-30,08:00:00,0.76304,0.7634,0.75893,0.76025,22033,0.76229,BEARISH_DAILY_LOW_BREAKOUT,1,0.20519565932259204,0.7010851693521943,0.8615586977967847
2016-10-04,20:00:00,0.76426,0.76426,0.76076,0.76249,26330,0.76399,BEARISH_DAILY_LOW_BREAKOUT,1,-0.1967238914608645,-0.10229642355965363,-0.1416412018518236
2016-10-06,08:00:00,0.76011,0.76048,0.75765,0.75815,19847,0.75922,BEARISH_DAILY_LOW_BREAKOUT,1,-0.010552001582796147,0.02769900415485636,-0.16487502473125018
2016-10-07,16:00:00,0.75801,0.76237,0.75527,0.75539,51326,0.75617,BEARISH_DAILY_LOW_BREAKOUT,1,0.39714584519254986,0.5387945299778947,0.8207680800646001
2016-10-11,04:00:00,0.75985,0.75985,0.75429,0.75478,19178,0.75797,BEARISH_DAILY_LOW_BREAKOUT,1,0.09406714539335811,-0.06226980047165669,0.3828930284321191
2016-10-13,08:00:00,0.75341,0.75424,0.75058,0.75188,22530,0.75324,BEARISH_DAILY_LOW_BREAKOUT,1,0.5492897802840835,0.6530297387881006,1.0506995797201706
2016-10-20,16:00:00,0.76699,0.76742,0.7624,0.7638,32761,0.76587,BEARISH_DAILY_LOW_BREAKOUT,1,-0.1688923802042437,-0.11914113642315756,-0.5485729248494405
2016-10-21,16:00:00,0.76309,0.76326,0.75869,0.75961,25979,0.76209,BEARISH_DAILY_LOW_BREAKOUT,1,0.12111478258580481,0.15929226840089578,0.06582325140531917
2016-10-27,08:00:00,0.76273,0.76351,0.76178,0.76216,14724,0.7625,BEARISH_DAILY_LOW_BREAKOUT,1,-0.05379447884957364,-0.4552849795318534,-0.6140442951611088
2016-10-28,08:00:00,0.75976,0.75996,0.75723,0.75748,14683,0.75812,BEARISH_DAILY_LOW_BREAKOUT,1,0.05148650789459807,0.17954269419653546,0.49374240904049815
2016-11-09,04:00:00,0.77435,0.77712,0.76127,0.76224,60091,0.76886,BEARISH_DAILY_LOW_BREAKOUT,1,0.7333648194794269,0.37127413937867326,0.5615029387069624
2016-11-10,16:00:00,0.76905,0.76906,0.75675,0.75715,48497,0.75787,BEARISH_DAILY_LOW_BREAKOUT,1,0.5243346760879652,0.33943076008716383,-0.4635805322591314
2016-11-11,16:00:00,0.75802,0.76087,0.75355,0.75364,40343,0.75675,BEARISH_DAILY_LOW_BREAKOUT,1,-0.07297914123453365,0.21362984979565844,-0.14861206942306804
2016-11-16,12:00:00,0.75245,0.75356,0.7471,0.74711,30093,0.75111,BEARISH_DAILY_LOW_BREAKOUT,1,-0.04283171152843597,0.26234423311158483,-0.06290907630738198
2016-11-17,20:00:00,0.74715,0.74721,0.73962,0.74115,30422,0.74598,BEARISH_DAILY_LOW_BREAKOUT,1,-0.16460905349794222,-0.3872360520812154,-1.2804425554880927
2016-11-18,04:00:00,0.73992,0.74059,0.73779,0.7394,32365,0.73962,BEARISH_DAILY_LOW_BREAKOUT,1,-0.1514741682445089,-0.6478225588314798,-1.0413849066810832
2016-11-24,00:00:00,0.73875,0.73909,0.73696,0.73716,18686,0.73722,BEARISH_DAILY_LOW_BREAKOUT,1,0.00949590319605167,0.34320907265721434,0.6009550165499937
2016-11-30,16:00:00,0.74531,0.74568,0.7387,0.7387,45431,0.74319,BEARISH_DAILY_LOW_BREAKOUT,1,0.031135779071335107,0.20441315825098297,0.22201164207391022
2016-12-07,08:00:00,0.74352,0.74376,0.74168,0.74189,12422,0.74308,BEARISH_DAILY_LOW_BREAKOUT,1,0.4421140600358475,0.7602205178665271,0.9273611990995965
2016-12-09,20:00:00,0.74512,0.74566,0.74278,0.74278,17651,0.74281,BEARISH_DAILY_LOW_BREAKOUT,1,0.25714208783219356,0.3702307547322263,0.7902743746466036
2016-12-14,20:00:00,0.75168,0.75243,0.74207,0.74217,30798,0.74753,BEARISH_DAILY_LOW_BREAKOUT,1,-0.1684250239163498,-0.15360362181171833,-0.7761025102065547
2016-12-15,00:00:00,0.74217,0.74293,0.73938,0.74092,25261,0.74207,BEARISH_DAILY_LOW_BREAKOUT,1,0.18490525292878884,-0.4750850294228752,-0.5844085731253112
2016-12-16,16:00:00,0.73508,0.7354,0.72657,0.72771,29420,0.7337,BEARISH_DAILY_LOW_BREAKOUT,1,0.09344381690508774,0.2830797982712979,-0.2926990147173964
2016-12-19,16:00:00,0.72684,0.72703,0.72491,0.72558,23088,0.72657,BEARISH_DAILY_LOW_BREAKOUT,1,-0.030320571129303177,-0.024807740014878853,-0.20535295901209946
2016-12-20,12:00:00,0.72578,0.72587,0.72264,0.72292,19187,0.72418,BEARISH_DAILY_LOW_BREAKOUT,1,0.16184363415039069,0.5118132020140591,0.3541194046367519
2016-12-22,00:00:00,0.72452,0.72498,0.72188,0.72341,10822,0.72397,BEARISH_DAILY_LOW_BREAKOUT,1,0.1313224865567253,-0.4464964542928568,-0.19214553296194445
2016-12-23,16:00:00,0.7207,0.72079,0.71595,0.71737,17358,0.71968,BEARISH_DAILY_LOW_BREAKOUT,1,-0.24952256157909566,0.4223761796562566,0.0683050587563045
2017-01-02,08:00:00,0.72075,0.72131,0.71864,0.71888,2238,0.72035,BEARISH_DAILY_LOW_BREAKOUT,1,-0.1641442243489816,-0.119630536389936,0.34498108168262265
2017-01-19,00:00:00,0.75393,0.75393,0.75022,0.7509,21068,0.75307,BEARISH_DAILY_LOW_BREAKOUT,1,0.1518178186176628,0.6552137435077954,0.7537621520841654
2017-01-25,04:00:00,0.75908,0.75978,0.75337,0.75442,23606,0.75529,BEARISH_DAILY_LOW_BREAKOUT,1,-0.1922006309482717,0.1139948569762164,0.3645184380053591
2017-02-07,12:00:00,0.76379,0.76408,0.76076,0.76156,23481,0.7629,BEARISH_DAILY_LOW_BREAKOUT,1,0.3020116602762709,0.0604023320552571,0.2048426913178221
2017-02-14,16:00:00,0.76939,0.76949,0.76226,0.76259,32584,0.76303,BEARISH_DAILY_LOW_BREAKOUT,1,0.33963204343093684,0.6622169186587811,0.71991502642311
2017-02-17,12:00:00,0.76958,0.76963,0.76569,0.767,23602,0.76841,BEARISH_DAILY_LOW_BREAKOUT,1,-0.06779661016948696,-0.05867014341591414,0.0
2017-02-24,20:00:00,0.76807,0.76919,0.76634,0.76634,17237,0.76646,BEARISH_DAILY_LOW_BREAKOUT,1,0.05872067228644602,0.36145836051882185,0.21269932405981942
2017-03-01,00:00:00,0.7667,0.76712,0.76365,0.76416,16151,0.76653,BEARISH_DAILY_LOW_BREAKOUT,1,0.2774288107202694,0.2473304020100579,0.22246649916248365
2017-03-02,12:00:00,0.76572,0.76597,0.76108,0.76116,16930,0.7636,BEARISH_DAILY_LOW_BREAKOUT,1,-0.39939040412001836,-0.5294550423038492,-0.814546218929001
2017-03-03,08:00:00,0.75586,0.75677,0.75514,0.75537,14154,0.75571,BEARISH_DAILY_LOW_BREAKOUT,1,-0.05427803592941492,0.307134252088379,0.3375829063902528
2017-03-08,08:00:00,0.7599,0.76005,0.75638,0.75659,15209,0.75725,BEARISH_DAILY_LOW_BREAKOUT,1,-0.06608599109160113,-0.38990734744049066,-0.6145997171519492
2017-03-09,00:00:00,0.75363,0.75374,0.75179,0.75263,10365,0.7531,BEARISH_DAILY_LOW_BREAKOUT,1,-0.18335702802174347,-0.28300758672921306,-0.26042012675552034
2017-03-21,20:00:00,0.77155,0.7719,0.76848,0.76859,18826,0.76966,BEARISH_DAILY_LOW_BREAKOUT,1,-0.17694739718185612,-0.22768966549135813,-0.08977478239372988
2017-03-22,00:00:00,0.76859,0.76952,0.76693,0.76723,9496,0.76848,BEARISH_DAILY_LOW_BREAKOUT,1,-0.1368559623580928,-0.18117122635976204,-0.07168645647327912
2017-03-23,20:00:00,0.76422,0.76455,0.76219,0.76281,20914,0.76388,BEARISH_DAILY_LOW_BREAKOUT,1,0.07210183400847531,-0.16911157431077375,-0.08652220081016163
2017-03-24,04:00:00,0.76334,0.764,0.76096,0.7616,16648,0.76219,BEARISH_DAILY_LOW_BREAKOUT,1,-0.010504201680682774,0.015756302520995004,0.1378676470588229
2017-03-28,08:00:00,0.76264,0.76287,0.75869,0.75922,13710,0.76077,BEARISH_DAILY_LOW_BREAKOUT,1,0.14620268169963177,0.5729564553093919,0.6559363557335139
2017-03-31,04:00:00,0.76523,0.76559,0.76395,0.76416,15891,0.76501,BEARISH_DAILY_LOW_BREAKOUT,1,0.1936767169179278,-0.06019681742042307,-0.38866206030149675
2017-04-03,04:00:00,0.7629,0.76397,0.76103,0.76119,12762,0.76218,BEARISH_DAILY_LOW_BREAKOUT,1,-0.06568662226251737,-0.15502042853953282,-0.12611831474402868
2017-04-04,08:00:00,0.76023,0.76068,0.75614,0.75615,18556,0.75908,BEARISH_DAILY_LOW_BREAKOUT,1,-0.16398862659525476,0.01454737816571507,0.21292071678899693
2017-04-06,04:00:00,0.75659,0.7569,0.75325,0.75427,15544,0.75574,BEARISH_DAILY_LOW_BREAKOUT,1,-0.007954711177688227,0.06363768942156468,-0.14583637159107346
2017-04-07,04:00:00,0.75392,0.75433,0.75161,0.75317,19132,0.75319,BEARISH_DAILY_LOW_BREAKOUT,1,-0.0385039234170257,-0.22172949002218098,-0.6213736606609421
2017-04-10,08:00:00,0.74849,0.74935,0.74756,0.74803,13194,0.74808,BEARISH_DAILY_LOW_BREAKOUT,1,0.12566340922156222,0.2553373527799792,0.370306003769909
2017-04-18,04:00:00,0.7591,0.75958,0.75548,0.75553,14890,0.75667,BEARISH_DAILY_LOW_BREAKOUT,1,-0.1905946818789455,-0.051619393008881374,-0.4142787182507745
2017-04-19,04:00:00,0.75583,0.7562,0.75236,0.7524,15737,0.75335,BEARISH_DAILY_LOW_BREAKOUT,1,-0.17809675704412653,-0.3242955874534819,-0.24189261031365403
2017-04-25,08:00:00,0.75532,0.75635,0.75299,0.75331,13491,0.75383,BEARISH_DAILY_LOW_BREAKOUT,1,0.01327474744792834,0.043806666578160576,-0.527007473682817
2017-04-26,04:00:00,0.75369,0.75533,0.75055,0.75149,15799,0.752,BEARISH_DAILY_LOW_BREAKOUT,1,-0.28609828474097926,-0.7145803670042165,-0.42582070287029516
2017-04-27,16:00:00,0.7468,0.74705,0.74396,0.745,23677,0.74546,BEARISH_DAILY_LOW_BREAKOUT,1,0.2563758389261701,0.32348993288590916,0.3208053691275172
2017-05-03,04:00:00,0.75425,0.75457,0.74993,0.75024,11240,0.751,BEARISH_DAILY_LOW_BREAKOUT,1,-0.15195137555982483,-0.7011089784602317,-1.0463318404777169
2017-05-04,08:00:00,0.74237,0.7425,0.73938,0.7399,13540,0.74192,BEARISH_DAILY_LOW_BREAKOUT,1,0.02567914583052081,0.11217732125962934,-0.08244357345587235
2017-05-05,04:00:00,0.74097,0.74111,0.73713,0.7374,14706,0.73825,BEARISH_DAILY_LOW_BREAKOUT,1,0.25630593978843874,0.5275291564957891,0.3227556278817382
2017-05-09,04:00:00,0.73899,0.73978,0.73546,0.73586,16171,0.73774,BEARISH_DAILY_LOW_BREAKOUT,1,-0.038050716168829254,-0.1059984236131877,0.021743266382198922
2017-05-24,04:00:00,0.74699,0.74799,0.74455,0.74456,13551,0.74658,BEARISH_DAILY_LOW_BREAKOUT,1,0.23369506822821046,0.2162350918663372,0.7910712367035497
2017-05-26,04:00:00,0.74537,0.74563,0.74215,0.74234,15202,0.74502,BEARISH_DAILY_LOW_BREAKOUT,1,0.18185736993829815,0.20879920252176243,0.1953282862300228
2017-05-30,04:00:00,0.74387,0.74394,0.74157,0.74237,13748,0.74265,BEARISH_DAILY_LOW_BREAKOUT,1,0.30308336813179065,0.5334267279119678,0.3596589301830706
2017-06-01,04:00:00,0.74249,0.7454,0.7384,0.73951,16663,0.74242,BEARISH_DAILY_LOW_BREAKOUT,1,0.28667631269354177,-0.12440670173493691,-0.12034996146096015
2017-06-20,16:00:00,0.7599,0.76044,0.75722,0.75738,14802,0.75846,BEARISH_DAILY_LOW_BREAKOUT,1,0.003961023528476391,-0.11222899997359546,-0.34460904697773914
2017-06-21,04:00:00,0.75742,0.75791,0.75626,0.75653,8773,0.75702,BEARISH_DAILY_LOW_BREAKOUT,1,-0.12292969214703797,-0.23264113782665374,-0.18637727519067615
2017-06-22,12:00:00,0.75472,0.75594,0.7535,0.75362,9312,0.75426,BEARISH_DAILY_LOW_BREAKOUT,1,0.054404076324941146,0.06634643454261512,0.4232902523818405
2017-07-03,12:00:00,0.76668,0.7667,0.76505,0.76577,10860,0.76668,BEARISH_DAILY_LOW_BREAKOUT,1,-0.08618775872650979,0.09663475978427909,-0.6659963174321264
2017-07-04,08:00:00,0.7678,0.76824,0.76022,0.76029,17836,0.7644,BEARISH_DAILY_LOW_BREAKOUT,1,0.049980928329970926,0.015783451051573607,0.15783451051572148
2017-07-05,16:00:00,0.75993,0.75994,0.75708,0.75866,12409,0.75907,BEARISH_DAILY_LOW_BREAKOUT,1,0.16608230300794016,0.15685550839638632,-0.06063322173305775
2017-07-18,00:00:00,0.78007,0.78043,0.77865,0.77886,9374,0.77917,BEARISH_DAILY_LOW_BREAKOUT,1,1.2338546080168462,1.830881031250809,1.6575507793441666
2017-07-21,04:00:00,0.79462,0.79507,0.78745,0.78823,18049,0.78969,BEARISH_DAILY_LOW_BREAKOUT,1,0.2334344036639133,0.3590322621569845,0.5112720906334417
2017-07-26,08:00:00,0.79054,0.79097,0.78776,0.78948,16382,0.79021,BEARISH_DAILY_LOW_BREAKOUT,1,0.2925976592187306,1.1969904240766163,1.6846531894411627
2017-07-28,12:00:00,0.79734,0.79774,0.79365,0.79547,17153,0.79559,BEARISH_DAILY_LOW_BREAKOUT,1,0.4538197543590584,0.3281079110462998,0.23633826542798506
2017-08-02,00:00:00,0.79655,0.79735,0.79535,0.79559,9837,0.79602,BEARISH_DAILY_LOW_BREAKOUT,1,-0.059075654545679354,0.11438052263099917,-0.00628464410060389
2017-08-03,04:00:00,0.79554,0.79578,0.79137,0.79258,17389,0.79409,BEARISH_DAILY_LOW_BREAKOUT,1,-0.08327235105604405,0.2144893890837562,0.5084660223573758
2017-08-09,04:00:00,0.7894,0.7899,0.78547,0.78699,17036,0.78866,BEARISH_DAILY_LOW_BREAKOUT,1,0.1677276712537628,0.012706641761647415,0.07115719386523399
2017-08-11,04:00:00,0.78677,0.78747,0.78385,0.78473,13579,0.78661,BEARISH_DAILY_LOW_BREAKOUT,1,0.14527289641021993,0.4077835688708193,0.7684171625909522
2017-08-15,08:00:00,0.78693,0.78703,0.78244,0.78329,10881,0.78442,BEARISH_DAILY_LOW_BREAKOUT,1,0.014043330056549104,-0.15958329609724167,0.1442632996718922
2017-08-18,00:00:00,0.78882,0.78924,0.7869,0.78748,6662,0.7888,BEARISH_DAILY_LOW_BREAKOUT,1,0.25524457764007563,0.520648143444912,0.6527149895870413
2017-08-22,12:00:00,0.79197,0.79197,0.78972,0.79037,9615,0.79103,BEARISH_DAILY_LOW_BREAKOUT,1,0.09868795627364435,0.08603565418728114,0.013917532294993923
2017-08-23,04:00:00,0.79105,0.79113,0.78823,0.78904,11923,0.78972,BEARISH_DAILY_LOW_BREAKOUT,1,0.00633681435668591,0.013940991584717441,0.12166683564839197
2017-08-24,08:00:00,0.79,0.79018,0.78662,0.78804,11937,0.78818,BEARISH_DAILY_LOW_BREAKOUT,1,0.20811126338765618,0.22206994568803987,0.40987767118421226
2017-08-30,16:00:00,0.79423,0.79452,0.78896,0.79041,19465,0.7905,BEARISH_DAILY_LOW_BREAKOUT,1,-0.04554598246478612,-0.0025303323591438593,0.3441252008451381
2017-08-31,12:00:00,0.78975,0.79038,0.78781,0.78789,14543,0.78896,BEARISH_DAILY_LOW_BREAKOUT,1,0.665067458655399,0.7780273896102209,0.7056822652908413
2017-09-11,16:00:00,0.80477,0.80537,0.80198,0.8022,15147,0.80424,BEARISH_DAILY_LOW_BREAKOUT,1,0.05484916479680828,-0.15582149090002162,0.24183495387683143
2017-09-12,04:00:00,0.80228,0.80249,0.7998,0.80095,9396,0.80182,BEARISH_DAILY_LOW_BREAKOUT,1,0.4107622198638996,0.398277046007855,0.2447094075784957
2017-09-13,16:00:00,0.80391,0.80411,0.79728,0.79861,21460,0.7998,BEARISH_DAILY_LOW_BREAKOUT,1,-0.04132179662163665,0.22539161793615317,-0.09266099848487672
2017-09-18,16:00:00,0.79918,0.79956,0.79641,0.79654,15601,0.79864,BEARISH_DAILY_LOW_BREAKOUT,1,-0.05021718934392083,0.05774976774550128,0.5938182639917658
2017-09-21,08:00:00,0.79999,0.80057,0.79453,0.79624,20593,0.79854,BEARISH_DAILY_LOW_BREAKOUT,1,-0.36672360092433476,-0.44584547372650735,-0.12182256606047366
2017-09-26,08:00:00,0.7945,0.79465,0.79186,0.79201,15831,0.79262,BEARISH_DAILY_LOW_BREAKOUT,1,-0.38130831681418453,-0.4494892741253277,-0.814383656772005
2017-09-27,08:00:00,0.78749,0.78765,0.78464,0.78556,17192,0.7859,BEARISH_DAILY_LOW_BREAKOUT,1,-0.0038189317175117764,-0.00763786343500942,-0.44426905646926945
2017-09-28,04:00:00,0.78497,0.78561,0.7816,0.7822,12802,0.78361,BEARISH_DAILY_LOW_BREAKOUT,1,-0.016619790334948027,0.0869342879059082,0.34645870621324343
2017-10-02,08:00:00,0.78249,0.78293,0.77953,0.78007,12046,0.78165,BEARISH_DAILY_LOW_BREAKOUT,1,0.1487046034330174,0.33330342148780695,0.1371671773045886
2017-10-05,04:00:00,0.7861,0.78632,0.78237,0.78282,9248,0.78297,BEARISH_DAILY_LOW_BREAKOUT,1,-0.017884060192626398,-0.38833959275439206,-0.9772361462405068
2017-10-06,04:00:00,0.77912,0.77982,0.7743,0.77517,13176,0.77867,BEARISH_DAILY_LOW_BREAKOUT,1,0.29412902976120703,0.15867487131854346,0.19350594063237042
2017-10-17,16:00:00,0.78456,0.78472,0.78182,0.7831,15550,0.78428,BEARISH_DAILY_LOW_BREAKOUT,1,0.18005363299706578,0.2771038181586011,0.06257182990677952
2017-10-20,16:00:00,0.78531,0.78547,0.78083,0.78107,15966,0.78408,BEARISH_DAILY_LOW_BREAKOUT,1,0.006401474899816213,0.1715595273150944,-0.069135928918035
2017-10-23,00:00:00,0.78189,0.78197,0.78049,0.78055,5072,0.78083,BEARISH_DAILY_LOW_BREAKOUT,1,0.23829351098585408,0.11402216385882485,0.0345909935302021
2017-10-24,12:00:00,0.77964,0.77971,0.77739,0.77818,12470,0.77962,BEARISH_DAILY_LOW_BREAKOUT,1,-0.0950936801254161,-0.08095813307975268,-0.9149554087743216
2017-10-25,04:00:00,0.77755,0.7784,0.7722,0.77273,12177,0.77704,BEARISH_DAILY_LOW_BREAKOUT,1,-0.10870549868648337,-0.3338811745370345,-0.18117583114413416
2017-10-26,16:00:00,0.7714,0.77188,0.76741,0.76744,23298,0.76901,BEARISH_DAILY_LOW_BREAKOUT,1,-0.11466694464713748,-0.32184926508912387,-0.2918794954654461
2017-10-27,00:00:00,0.7665,0.76665,0.7655,0.76565,8504,0.76649,BEARISH_DAILY_LOW_BREAKOUT,1,-0.08881342650036098,-0.15803565597858607,0.13060798014758712
2017-10-31,16:00:00,0.76589,0.76657,0.76397,0.76475,11489,0.76556,BEARISH_DAILY_LOW_BREAKOUT,1,0.10460934946059652,0.2262177182085661,0.4707420725727279
2017-11-03,16:00:00,0.76676,0.76938,0.7639,0.76489,26635,0.7667,BEARISH_DAILY_LOW_BREAKOUT,1,0.003922132594240416,0.12289348795252283,0.1621148138948109
2017-11-07,16:00:00,0.76527,0.76574,0.76286,0.76381,13363,0.76382,BEARISH_DAILY_LOW_BREAKOUT,1,0.04582291407548494,0.11259344601405742,0.407169322213647
2017-11-13,00:00:00,0.76485,0.76554,0.76442,0.76464,3532,0.76528,BEARISH_DAILY_LOW_BREAKOUT,1,0.1922473320778368,0.024848294622308992,-0.41065076375811255
2017-11-14,00:00:00,0.76261,0.76277,0.76086,0.7615,6311,0.76166,BEARISH_DAILY_LOW_BREAKOUT,1,0.19304005252791628,0.2271831910702573,0.19435325016415456
2017-11-15,04:00:00,0.76297,0.76313,0.7576,0.75876,11771,0.76086,BEARISH_DAILY_LOW_BREAKOUT,1,-0.09093784595919242,-0.07248668880804726,0.09357372555221524
2017-11-17,08:00:00,0.75895,0.75897,0.7551,0.75603,8403,0.75689,BEARISH_DAILY_LOW_BREAKOUT,1,-0.1785643426848091,0.05687604989220553,0.05687604989220553
2017-11-21,04:00:00,0.75539,0.75579,0.75322,0.75389,6524,0.75439,BEARISH_DAILY_LOW_BREAKOUT,1,0.053058138455221185,0.5504781864728406,0.3674276088023518
2017-11-27,04:00:00,0.76109,0.76147,0.75931,0.76037,5486,0.76066,BEARISH_DAILY_LOW_BREAKOUT,1,0.10652708549784677,0.22357536462512131,0.005260596814713889
2017-11-29,04:00:00,0.7606,0.76077,0.75824,0.75831,6803,0.75879,BEARISH_DAILY_LOW_BREAKOUT,1,0.08571692315806576,-0.11341008294761812,0.027693159789523077
2017-12-06,04:00:00,0.76043,0.76346,0.75716,0.75835,11604,0.75895,BEARISH_DAILY_LOW_BREAKOUT,1,-0.0461528318058893,-0.1345025384057521,-0.4654842750708673
2017-12-07,04:00:00,0.75671,0.75677,0.75418,0.75482,8834,0.75585,BEARISH_DAILY_LOW_BREAKOUT,1,-0.2212448000847964,-0.3047084073024138,-0.4332158660342857
2018-01-08,08:00:00,0.78512,0.78514,0.78269,0.78292,11003,0.78348,BEARISH_DAILY_LOW_BREAKOUT,1,0.0804679916211132,0.1545496347008691,0.23118581719717077
2018-01-09,16:00:00,0.78294,0.78354,0.78074,0.78199,16377,0.78269,BEARISH_DAILY_LOW_BREAKOUT,1,0.05370912671518652,0.08056369007276556,0.3555032673052091
2018-01-23,08:00:00,0.79872,0.79953,0.79662,0.79664,17613,0.79787,BEARISH_DAILY_LOW_BREAKOUT,1,-0.07029524000803436,0.38160273147217455,0.6514862422173162
2018-01-30,08:00:00,0.8084,0.80883,0.80421,0.80453,20286,0.80742,BEARISH_DAILY_LOW_BREAKOUT,1,0.7333474202329331,0.49221284476651894,0.55436093122693
2018-02-01,08:00:00,0.80514,0.80515,0.80043,0.80107,21373,0.80347,BEARISH_DAILY_LOW_BREAKOUT,1,-0.20347784837778338,0.300847616313184,-0.05242987504212815
2018-02-02,16:00:00,0.79886,0.79954,0.79211,0.79414,47329,0.79874,BEARISH_DAILY_LOW_BREAKOUT,1,-0.2568816581459102,-0.18636512453722592,-0.031480595361016
2018-02-05,00:00:00,0.7912,0.79172,0.78903,0.79042,10037,0.79178,BEARISH_DAILY_LOW_BREAKOUT,1,0.283393638824931,0.3681587004377379,-0.34285569697122925
2018-02-06,00:00:00,0.79005,0.7917,0.7872,0.78771,49281,0.78903,BEARISH_DAILY_LOW_BREAKOUT,1,-0.2792906018712445,-0.29198562922902704,0.203120437724535
2018-02-07,20:00:00,0.78516,0.78601,0.78165,0.78249,33223,0.78355,BEARISH_DAILY_LOW_BREAKOUT,1,-0.1150174443123889,0.08562409743254845,-0.33866247491981255
2018-02-08,00:00:00,0.78249,0.78335,0.78108,0.78159,17911,0.78165,BEARISH_DAILY_LOW_BREAKOUT,1,-0.017912204608558066,-0.20599035299837515,-0.35312631942578393
2018-02-20,20:00:00,0.78992,0.79086,0.78773,0.78773,21181,0.78981,BEARISH_DAILY_LOW_BREAKOUT,1,0.03935358561942816,-0.4240031482868507,-0.7109034821575982
2018-02-21,04:00:00,0.78804,0.79008,0.78536,0.78584,17384,0.78773,BEARISH_DAILY_LOW_BREAKOUT,1,-0.18451593199632896,-0.17942583732057701,-0.7596966303573286
2018-02-22,00:00:00,0.78213,0.78215,0.77965,0.77971,18993,0.78195,BEARISH_DAILY_LOW_BREAKOUT,1,0.02052044991085634,0.316784445498964,0.5194238883687522
2018-02-27,16:00:00,0.78414,0.78464,0.77939,0.78094,30904,0.78256,BEARISH_DAILY_LOW_BREAKOUT,1,-0.18183215099751288,-0.26378466975695325,-0.23689399953901943
2018-02-28,00:00:00,0.77952,0.7799,0.77832,0.7793,9535,0.77939,BEARISH_DAILY_LOW_BREAKOUT,1,-0.05389452072372333,0.16938277941742436,-0.3862440651867005
2018-03-01,00:00:00,0.77791,0.77793,0.77559,0.77629,13202,0.77774,BEARISH_DAILY_LOW_BREAKOUT,1,-0.396758943178462,-0.3658426618918271,0.016746319030254603
2018-03-05,08:00:00,0.77504,0.77542,0.77342,0.77347,12944,0.77373,BEARISH_DAILY_LOW_BREAKOUT,1,0.11506587197952828,0.3335617412440078,0.36976224029373783
2018-03-15,12:00:00,0.78656,0.78721,0.78417,0.78446,13988,0.78511,BEARISH_DAILY_LOW_BREAKOUT,1,-0.3964510618769672,-0.7087678148025405,-1.03255742803967
2018-03-16,00:00:00,0.77991,0.78014,0.77882,0.7789,8853,0.77955,BEARISH_DAILY_LOW_BREAKOUT,1,-0.13480549492874508,-0.3261009115419164,-0.9230966747977956
2018-03-19,04:00:00,0.77172,0.77195,0.7698,0.77005,12398,0.77096,BEARISH_DAILY_LOW_BREAKOUT,1,-0.03376404129602467,0.019479254593855397,0.09999350691512726
2018-03-20,20:00:00,0.76893,0.76984,0.76785,0.76822,10351,0.76865,BEARISH_DAILY_LOW_BREAKOUT,1,0.08981802087943147,0.23821301189763328,1.1129624326364773
2018-03-21,12:00:00,0.77005,0.77015,0.76721,0.76772,16060,0.76785,BEARISH_DAILY_LOW_BREAKOUT,1,0.3868597926327344,1.2634814776220553,0.6265305059136264
2018-03-27,20:00:00,0.77082,0.77182,0.76862,0.76865,19065,0.76948,BEARISH_DAILY_LOW_BREAKOUT,1,-0.0793599167371509,-0.08456384570351126,-0.313536720223772
2018-03-28,00:00:00,0.76864,0.76872,0.76751,0.76804,20875,0.76862,BEARISH_DAILY_LOW_BREAKOUT,1,0.190094265923652,-0.11978542784228957,-0.3228998489661902
2018-04-02,16:00:00,0.76834,0.76847,0.76531,0.76567,28357,0.7672,BEARISH_DAILY_LOW_BREAKOUT,1,0.08881110661251113,0.33434769548238885,0.2102733553619706
2018-04-06,00:00:00,0.76789,0.76868,0.76574,0.76684,5982,0.76739,BEARISH_DAILY_LOW_BREAKOUT,1,0.13301340566480893,0.11084450472067411,0.1277971936779486
2018-04-18,08:00:00,0.77692,0.77714,0.7744,0.77534,6092,0.776,BEARISH_DAILY_LOW_BREAKOUT,1,0.07351613485696075,0.3830577553073383,0.5584646735625589
2018-04-19,20:00:00,0.77501,0.77503,0.77189,0.77305,9726,0.7744,BEARISH_DAILY_LOW_BREAKOUT,1,-0.13582562576806095,-0.34926589483216297,-0.7657978138542185
2018-04-20,04:00:00,0.772,0.77265,0.77051,0.77149,7625,0.77189,BEARISH_DAILY_LOW_BREAKOUT,1,-0.14776601122503596,-0.5871754656573688,-0.5042191084784068
2018-04-23,12:00:00,0.76561,0.76574,0.76336,0.76464,7137,0.76551,BEARISH_DAILY_LOW_BREAKOUT,1,-0.4446536932412585,-0.5806654111738857,-0.35310734463277305
2018-04-24,16:00:00,0.76194,0.76204,0.75909,0.75978,14460,0.75993,BEARISH_DAILY_LOW_BREAKOUT,1,0.1052936376319491,-0.1750506725631174,-0.526468188159731
2018-04-25,08:00:00,0.75845,0.75854,0.75626,0.7564,8603,0.75767,BEARISH_DAILY_LOW_BREAKOUT,1,-0.06213643574827743,0.01322051824431372,-0.03833950290851566
2018-04-26,20:00:00,0.75588,0.75667,0.75471,0.75493,6924,0.75519,BEARISH_DAILY_LOW_BREAKOUT,1,0.059608175592447174,-0.07152981071092485,0.43050349038983415
2018-04-27,08:00:00,0.75542,0.75554,0.75319,0.75439,8682,0.75467,BEARISH_DAILY_LOW_BREAKOUT,1,0.1153249645408923,0.5023926616206418,0.15774334230305603
2018-04-30,20:00:00,0.75417,0.75504,0.75253,0.75272,10301,0.75319,BEARISH_DAILY_LOW_BREAKOUT,1,0.06111170156233606,-0.09432458284620955,-0.5593049208204826
2018-05-01,08:00:00,0.75409,0.75464,0.75199,0.75201,6060,0.75253,BEARISH_DAILY_LOW_BREAKOUT,1,-0.1688807329689756,-0.465419342827881,0.03457400832436244
2018-05-08,12:00:00,0.74948,0.74953,0.74499,0.74557,10832,0.7493,BEARISH_DAILY_LOW_BREAKOUT,1,-0.15558565929422308,-0.12071301152137304,-0.008047534101418913
2018-05-09,04:00:00,0.74467,0.74479,0.74242,0.7433,11568,0.74336,BEARISH_DAILY_LOW_BREAKOUT,1,-0.07803040495088308,0.2973227498991047,0.4587649670388839
2018-05-15,00:00:00,0.75292,0.75297,0.75207,0.75257,3871,0.75264,BEARISH_DAILY_LOW_BREAKOUT,1,0.038534621364127254,-0.48633349721620533,-0.7720212073295484
2018-05-23,04:00:00,0.75779,0.75825,0.75347,0.7544,15574,0.7566,BEARISH_DAILY_LOW_BREAKOUT,1,-0.22534464475078525,-0.13653234358430216,0.27836691410392245
2018-05-29,04:00:00,0.75453,0.75526,0.75154,0.75279,12081,0.75393,BEARISH_DAILY_LOW_BREAKOUT,1,0.07837511125281825,-0.19925875742238153,-0.46228031721993224
2018-05-30,00:00:00,0.7504,0.75099,0.74759,0.74828,4600,0.74978,BEARISH_DAILY_LOW_BREAKOUT,1,0.13764900839259187,0.8820227722243078,1.1599935852889323
2018-06-01,04:00:00,0.75624,0.75696,0.75451,0.755,9804,0.75525,BEARISH_DAILY_LOW_BREAKOUT,1,0.019867549668871984,0.1721854304635719,0.8211920529801303
2018-06-08,04:00:00,0.7615,0.7627,0.7602,0.76095,6282,0.76121,BEARISH_DAILY_LOW_BREAKOUT,1,-0.20369275248045882,-0.1261580918588555,-0.032853669754908006
2018-06-12,20:00:00,0.76042,0.76053,0.75655,0.75721,6335,0.75877,BEARISH_DAILY_LOW_BREAKOUT,1,0.025092114472855937,-0.069993793003266,0.0409397657188787
2018-06-13,04:00:00,0.7574,0.75767,0.75557,0.75645,5146,0.75655,BEARISH_DAILY_LOW_BREAKOUT,1,0.030405182100609888,0.5063123801969728,-0.027761253222279392
2018-06-14,16:00:00,0.75555,0.7566,0.75088,0.75131,19850,0.7529,BEARISH_DAILY_LOW_BREAKOUT,1,-0.3793374239661417,-0.6841383716441992,-0.7852950180351673
2018-06-15,00:00:00,0.74846,0.74869,0.74645,0.7465,4691,0.7481,BEARISH_DAILY_LOW_BREAKOUT,1,-0.04420629604823208,0.09912926992631786,-0.3268586738111182
2018-06-18,08:00:00,0.74434,0.74519,0.7435,0.7436,5746,0.74389,BEARISH_DAILY_LOW_BREAKOUT,1,0.08741258741257779,-0.22592791823561253,-0.8526089295320082
2018-06-19,00:00:00,0.74192,0.74249,0.73934,0.7403,5122,0.74133,BEARISH_DAILY_LOW_BREAKOUT,1,0.09050384979063346,-0.5794947994056335,-0.18641091449411548
2018-06-21,04:00:00,0.73715,0.73816,0.73551,0.73631,10082,0.73665,BEARISH_DAILY_LOW_BREAKOUT,1,0.08012929336827959,0.1398867324903879,0.4427482989501609
2018-06-26,12:00:00,0.74037,0.74081,0.73912,0.73947,11755,0.73961,BEARISH_DAILY_LOW_BREAKOUT,1,0.10142399285975474,-0.04327423695349195,0.07978687438301628
2018-06-27,08:00:00,0.73803,0.73902,0.73714,0.73783,10928,0.73797,BEARISH_DAILY_LOW_BREAKOUT,1,0.30223764281746,-0.6342924521908865,-0.48385129365842566
2018-07-02,16:00:00,0.73549,0.73576,0.73103,0.73211,10232,0.73354,BEARISH_DAILY_LOW_BREAKOUT,1,0.1229323462321252,0.2076190736364707,0.8618923385829899
2018-07-11,00:00:00,0.74693,0.74731,0.74124,0.74153,11311,0.74302,BEARISH_DAILY_LOW_BREAKOUT,1,0.03910833007430751,-0.33714077650264423,-0.6783272423233017
2018-07-17,12:00:00,0.74231,0.74287,0.74025,0.74031,7504,0.74088,BEARISH_DAILY_LOW_BREAKOUT,1,-0.16749739973795016,-0.34850265429347527,-0.7105131634045254
2018-07-18,08:00:00,0.73836,0.73838,0.7347,0.7352,8805,0.73755,BEARISH_DAILY_LOW_BREAKOUT,1,-0.02040261153427414,0.6379216539717197,0.291077257889014
2018-07-19,16:00:00,0.73441,0.73472,0.73223,0.73298,17561,0.7343,BEARISH_DAILY_LOW_BREAKOUT,1,0.28513738437611347,0.33698054517177595,1.0736991459521465
2018-07-26,16:00:00,0.74191,0.7423,0.73753,0.73822,20964,0.73912,BEARISH_DAILY_LOW_BREAKOUT,1,-0.11107799842864348,0.05960282842513017,0.3467800926553069
2018-08-01,16:00:00,0.74125,0.74162,0.73977,0.74001,13030,0.74017,BEARISH_DAILY_LOW_BREAKOUT,1,-0.006756665450466141,-0.2324292914960533,-0.30269861218090416
2018-08-02,04:00:00,0.74043,0.74106,0.73829,0.73829,6238,0.7389,BEARISH_DAILY_LOW_BREAKOUT,1,-0.10971298541223333,-0.07043302767204823,-0.20452667650923234
2018-08-03,08:00:00,0.7368,0.73719,0.73488,0.73488,6809,0.73543,BEARISH_DAILY_LOW_BREAKOUT,1,0.6150664053995167,0.6368386675375596,0.6368386675375596
2018-08-09,20:00:00,0.73914,0.73963,0.73739,0.7375,5475,0.73824,BEARISH_DAILY_LOW_BREAKOUT,1,-0.046101694915255176,-0.8989830508474609,-1.0793220338983156
2018-08-10,00:00:00,0.7375,0.73807,0.7364,0.73716,4653,0.73739,BEARISH_DAILY_LOW_BREAKOUT,1,-0.02984426718758451,-0.8559878452439141,-1.146291171523152
2018-08-13,04:00:00,0.72871,0.72891,0.72625,0.72778,9698,0.72795,BEARISH_DAILY_LOW_BREAKOUT,1,-0.06870208029898389,-0.13328203578004705,-0.06595399708703674
2018-08-14,16:00:00,0.72647,0.72668,0.72353,0.72378,14412,0.72557,BEARISH_DAILY_LOW_BREAKOUT,1,-0.016579623642544554,-0.39652933211748437,-0.08566138881980076
2018-08-15,04:00:00,0.72348,0.72355,0.72015,0.72091,8107,0.72233,BEARISH_DAILY_LOW_BREAKOUT,1,0.2205545768542509,0.3121055332843176,0.8586370004577434
2018-08-23,04:00:00,0.73335,0.73344,0.72822,0.72912,10092,0.7333,BEARISH_DAILY_LOW_BREAKOUT,1,-0.01782971253016835,-0.39499670836076284,-0.21807109940750224
2018-08-29,08:00:00,0.73441,0.73455,0.72976,0.73052,11343,0.73205,BEARISH_DAILY_LOW_BREAKOUT,1,-0.17384876526309936,-0.0013688879154512526,-0.21628429064227053
2018-08-30,16:00:00,0.72962,0.73016,0.72604,0.72611,15355,0.7274,BEARISH_DAILY_LOW_BREAKOUT,1,0.08400930988417724,-0.13909738193938473,-0.9709272699728692
2018-08-31,12:00:00,0.72508,0.7254,0.72179,0.7224,10751,0.72486,BEARISH_DAILY_LOW_BREAKOUT,1,-0.46234772978959154,-0.5011074197120802,-0.2602436323366546
2018-09-07,04:00:00,0.71893,0.71924,0.71537,0.71629,11674,0.71653,BEARISH_DAILY_LOW_BREAKOUT,1,-0.0823688729425204,-0.41882477767384757,-0.82787697720197
2018-09-14,20:00:00,0.71771,0.71774,0.71497,0.71505,10125,0.71637,BEARISH_DAILY_LOW_BREAKOUT,1,-0.1230683169009149,0.21816656177889743,0.3580169218935748
2018-09-17,00:00:00,0.71524,0.71561,0.71414,0.71417,1541,0.71497,BEARISH_DAILY_LOW_BREAKOUT,1,0.1946315303079102,0.505481888065867,0.030804990408445886
2018-09-24,16:00:00,0.72727,0.72779,0.72546,0.72617,14280,0.7262,BEARISH_DAILY_LOW_BREAKOUT,1,-0.11567539281434815,-0.28092595397770914,-0.16938182519244163
2018-09-25,00:00:00,0.72533,0.72541,0.72491,0.72514,3023,0.72518,BEARISH_DAILY_LOW_BREAKOUT,1,-0.13928344871334575,0.03033896902667043,-0.056540805913343824
2018-09-27,08:00:00,0.72602,0.72605,0.72209,0.72245,16571,0.72399,BEARISH_DAILY_LOW_BREAKOUT,1,0.015225967194953765,-0.22562115025261545,-0.1093501280365518
2018-09-28,00:00:00,0.72083,0.72092,0.72014,0.72042,2033,0.72064,BEARISH_DAILY_LOW_BREAKOUT,1,0.14713639265984577,0.10410593820271903,0.25401848921462455
2018-10-02,08:00:00,0.72273,0.72373,0.71846,0.7192,12920,0.72062,BEARISH_DAILY_LOW_BREAKOUT,1,-0.22942157953280443,-0.04588431590655471,-0.34899888765293396
2018-10-03,12:00:00,0.71669,0.71688,0.71444,0.71476,9022,0.71615,BEARISH_DAILY_LOW_BREAKOUT,1,-0.1510996698192358,-0.7373104258772172,-0.8744193855280062
2018-10-04,00:00:00,0.71195,0.71203,0.70924,0.70949,4806,0.71127,BEARISH_DAILY_LOW_BREAKOUT,1,-0.10148134575539372,-0.13812738727818305,-0.21423839659473223
2018-10-05,04:00:00,0.70797,0.70835,0.70612,0.70625,10373,0.70647,BEARISH_DAILY_LOW_BREAKOUT,1,-0.025486725663726582,-0.22513274336284478,-0.08495575221239574
2018-10-11,00:00:00,0.70717,0.70743,0.70425,0.70627,6678,0.70691,BEARISH_DAILY_LOW_BREAKOUT,1,0.19964036416668163,0.4714910728191846,0.8580287991844573
2018-10-18,20:00:00,0.71166,0.71201,0.70965,0.70989,14501,0.71085,BEARISH_DAILY_LOW_BREAKOUT,1,-0.05352942005100043,0.14650157066586794,0.27609911394722586
2018-10-19,00:00:00,0.70989,0.71045,0.709,0.70951,3404,0.70965,BEARISH_DAILY_LOW_BREAKOUT,1,0.17899677242040188,0.569407055573571,0.23678313202069243
2018-10-22,20:00:00,0.70892,0.70902,0.70753,0.7082,7897,0.7088,BEARISH_DAILY_LOW_BREAKOUT,1,-0.06777746399322732,-0.16379553798362748,0.02824060999717283
2018-10-23,04:00:00,0.70773,0.70794,0.70626,0.70706,9205,0.70753,BEARISH_DAILY_LOW_BREAKOUT,1,-0.0028286142618759373,-0.20224591972393324,0.2913472689729232
2018-10-26,08:00:00,0.70595,0.70602,0.7022,0.70351,15432,0.70555,BEARISH_DAILY_LOW_BREAKOUT,1,-0.002842887805435602,0.7235149464826426,1.0021179514150476
2018-11-09,04:00:00,0.72648,0.72698,0.72379,0.72387,13713,0.72482,BEARISH_DAILY_LOW_BREAKOUT,1,0.034536588061388436,0.12295025349854896,-0.11051708179645833
2018-11-12,08:00:00,0.72307,0.72308,0.71926,0.71946,10843,0.72183,BEARISH_DAILY_LOW_BREAKOUT,1,0.11258443832874342,-0.09729519361744002,0.219609151307929
2018-11-13,00:00:00,0.71876,0.71912,0.71693,0.71736,5945,0.71867,BEARISH_DAILY_LOW_BREAKOUT,1,0.5018400802944195,0.35686405709825003,0.7820341251254606
2018-11-20,16:00:00,0.72767,0.72779,0.72316,0.72584,18528,0.72766,BEARISH_DAILY_LOW_BREAKOUT,1,-0.5703736360630487,-0.35820566516037233,0.034442852419262156
2018-11-23,12:00:00,0.7246,0.72489,0.7219,0.72263,9544,0.72334,BEARISH_DAILY_LOW_BREAKOUT,1,0.0083030043037322,0.06919170253104022,0.4276047216417858
2018-11-27,00:00:00,0.72275,0.72311,0.72118,0.72227,4981,0.72238,BEARISH_DAILY_LOW_BREAKOUT,1,0.023536904481704,0.24644523516136677,0.06784166585902647
2018-12-04,20:00:00,0.7353,0.73603,0.73251,0.7337,12065,0.73455,BEARISH_DAILY_LOW_BREAKOUT,1,0.09268093226114404,-0.5370042251601547,-1.0085866157830274
2018-12-05,04:00:00,0.73438,0.7355,0.72939,0.72983,10039,0.73251,BEARISH_DAILY_LOW_BREAKOUT,1,-0.009591274680407012,-0.4247564501322214,-1.0797034925941655
2018-12-06,04:00:00,0.72636,0.72653,0.72175,0.72195,12057,0.7259,BEARISH_DAILY_LOW_BREAKOUT,1,0.1634462220375469,-0.11496641041623344,0.21885172103331615
2018-12-10,00:00:00,0.71828,0.71946,0.71771,0.71796,3521,0.71971,BEARISH_DAILY_LOW_BREAKOUT,1,0.5501699259011656,0.569669619477398,0.14624770182182786
2018-12-14,04:00:00,0.72214,0.72275,0.71782,0.71924,11418,0.72086,BEARISH_DAILY_LOW_BREAKOUT,1,-0.21967632500973608,-0.30726878371615113,-0.19047883877425928
2018-12-19,20:00:00,0.71753,0.71816,0.71086,0.71138,18150,0.71644,BEARISH_DAILY_LOW_BREAKOUT,1,-0.026708650791422796,-0.06466304928449154,0.08293738929966817
2018-12-20,04:00:00,0.71119,0.71252,0.70986,0.71049,10420,0.71086,BEARISH_DAILY_LOW_BREAKOUT,1,0.060521611845352014,0.06192909119058621,0.11822826500021999
2018-12-21,16:00:00,0.70929,0.71083,0.70786,0.70792,16402,0.70853,BEARISH_DAILY_LOW_BREAKOUT,1,-0.6441405808565952,-0.2528534297660694,-0.4492032998078824
2018-12-27,08:00:00,0.70581,0.70623,0.70373,0.70404,14049,0.70406,BEARISH_DAILY_LOW_BREAKOUT,1,0.08380205670132088,-0.301119254587809,0.1732856087722287
2019-01-02,08:00:00,0.70109,0.70443,0.70034,0.70319,10586,0.70432,BEARISH_DAILY_LOW_BREAKOUT,1,-0.3484122356688736,-0.49488758372558306,-1.011106528818662
2019-01-03,00:00:00,0.69976,0.69996,0.67125,0.69156,12073,0.69812,BEARISH_DAILY_LOW_BREAKOUT,1,0.2472670484122998,0.5465903175429473,1.2927294811730088
2019-01-16,12:00:00,0.72063,0.72085,0.71609,0.71678,8401,0.71791,BEARISH_DAILY_LOW_BREAKOUT,1,0.16602025726164574,0.04603923100533671,0.019531794971961967
2019-01-17,08:00:00,0.71653,0.71655,0.71459,0.71572,6722,0.71609,BEARISH_DAILY_LOW_BREAKOUT,1,0.16766333202928224,0.5924104398368107,0.42055552450678435
2019-01-21,12:00:00,0.71698,0.71703,0.71511,0.71552,5219,0.71591,BEARISH_DAILY_LOW_BREAKOUT,1,-0.02655411449016428,0.037734794275490896,-0.4486247763864107
2019-01-22,04:00:00,0.71579,0.71595,0.71364,0.7137,6127,0.71392,BEARISH_DAILY_LOW_BREAKOUT,1,-0.15132408575031103,-0.011209191537056044,-0.029424127784789617
2019-01-24,08:00:00,0.71208,0.71225,0.70944,0.70968,5463,0.71151,BEARISH_DAILY_LOW_BREAKOUT,1,0.0,-0.14090857851426006,0.05777251719084961
2019-01-29,08:00:00,0.71635,0.71732,0.71575,0.7159,6185,0.71597,BEARISH_DAILY_LOW_BREAKOUT,1,0.07263584299482678,-0.15924011733482749,0.5266098617125369
2019-02-01,04:00:00,0.7271,0.72775,0.72382,0.72396,10722,0.72411,BEARISH_DAILY_LOW_BREAKOUT,1,0.12017238521464257,0.24172606221337067,-0.12155367699874342
2019-02-04,04:00:00,0.7247,0.72532,0.72278,0.72308,7565,0.72359,BEARISH_DAILY_LOW_BREAKOUT,1,0.08989323449687994,-0.1742545776400852,0.27936051335952067
2019-02-06,04:00:00,0.72415,0.72447,0.71543,0.71572,12791,0.71928,BEARISH_DAILY_LOW_BREAKOUT,1,-0.3325322751914224,-0.34510702509360813,-0.7279382998938199
2019-02-07,04:00:00,0.71094,0.71127,0.70961,0.71051,6699,0.71088,BEARISH_DAILY_LOW_BREAKOUT,1,-0.14074397263937186,0.030963673980661497,-0.43630631518205115
2019-02-08,04:00:00,0.70932,0.70986,0.70596,0.70741,11013,0.70885,BEARISH_DAILY_LOW_BREAKOUT,1,0.14701516800724346,0.2233499667802301,0.24738129231987524
2019-02-14,00:00:00,0.7094,0.70953,0.70838,0.70904,4593,0.70906,BEARISH_DAILY_LOW_BREAKOUT,1,0.3920794313437895,0.16642220467109878,0.18052578133814
2019-02-19,04:00:00,0.71301,0.7143,0.7106,0.71086,8158,0.71237,BEARISH_DAILY_LOW_BREAKOUT,1,0.09987901977885777,0.4543792026559315,0.756829755507405
2019-02-21,08:00:00,0.71641,0.71672,0.70849,0.71105,15527,0.71404,BEARISH_DAILY_LOW_BREAKOUT,1,0.01968919203994501,-0.44722593347865286,0.08016313901976943
2019-02-27,20:00:00,0.71415,0.71429,0.71289,0.71389,7787,0.71412,BEARISH_DAILY_LOW_BREAKOUT,1,0.11206208239364929,-0.06443569737634873,-0.665368614212278
2019-02-28,16:00:00,0.71405,0.71442,0.71005,0.71143,13889,0.71264,BEARISH_DAILY_LOW_BREAKOUT,1,-0.32188690384156055,-0.30220822849753104,-0.2951801301603799
2019-03-01,20:00:00,0.70931,0.70944,0.70686,0.70774,10300,0.70892,BEARISH_DAILY_LOW_BREAKOUT,1,0.2953061858874622,0.11727470540028787,0.10597111933759817
2019-03-05,04:00:00,0.70888,0.70956,0.70652,0.70727,10518,0.70743,BEARISH_DAILY_LOW_BREAKOUT,1,0.1173526376065714,-0.039588841602209476,-0.5853493008327685
2019-03-06,04:00:00,0.70864,0.70912,0.70282,0.70313,11243,0.70578,BEARISH_DAILY_LOW_BREAKOUT,1,-0.002844424217430632,-0.07964387808797874,0.12515466556682148
2019-03-07,20:00:00,0.70305,0.70348,0.70092,0.70101,9315,0.70203,BEARISH_DAILY_LOW_BREAKOUT,1,0.17974065990498395,-0.057060526953975975,0.4564842156317286
2019-03-08,08:00:00,0.70123,0.70129,0.70022,0.70061,8196,0.70092,BEARISH_DAILY_LOW_BREAKOUT,1,0.2997387990465439,0.5138379412226557,0.6223148399252124
2019-03-13,08:00:00,0.70569,0.70601,0.70493,0.70529,5035,0.70562,BEARISH_DAILY_LOW_BREAKOUT,1,0.15596421330232813,0.5926640105488625,0.14178564845666333
2019-03-20,04:00:00,0.70866,0.70866,0.70558,0.70737,7701,0.70864,BEARISH_DAILY_LOW_BREAKOUT,1,0.16116035455276853,0.17671091507979886,1.047542304593058
2019-03-22,12:00:00,0.71119,0.7114,0.70839,0.70866,16243,0.7089,BEARISH_DAILY_LOW_BREAKOUT,1,0.03245562046680545,-0.09877797533371757,0.12276691220049635
2019-03-27,04:00:00,0.71358,0.71378,0.70992,0.71026,11554,0.71058,BEARISH_DAILY_LOW_BREAKOUT,1,-0.10418719905386238,-0.46602652549771006,-0.13093796637850735
2019-04-02,04:00:00,0.71087,0.71286,0.70809,0.70889,8292,0.7103,BEARISH_DAILY_LOW_BREAKOUT,1,-0.2327582558648084,-0.4485886385758117,0.11426314378817268
2019-04-08,04:00:00,0.70993,0.70998,0.70867,0.70897,6059,0.70914,BEARISH_DAILY_LOW_BREAKOUT,1,0.13117621337997185,0.4598219952889461,0.6262606316205199
2019-04-16,04:00:00,0.71723,0.71747,0.71388,0.71474,7677,0.71629,BEARISH_DAILY_LOW_BREAKOUT,1,-0.00559644066374346,0.34837843131768087,0.5596440663737867
2019-04-18,16:00:00,0.71583,0.71649,0.71449,0.7148,9116,0.71517,BEARISH_DAILY_LOW_BREAKOUT,1,-0.03777280358142032,0.005595970900956912,-0.05176273083379707
2019-04-22,04:00:00,0.7147,0.71501,0.71342,0.71342,4629,0.71409,BEARISH_DAILY_LOW_BREAKOUT,1,0.05046115892460485,-0.018222085167233115,-0.09952061899023007
2019-04-23,04:00:00,0.71332,0.71332,0.7121,0.71271,5778,0.71275,BEARISH_DAILY_LOW_BREAKOUT,1,-0.22309214126362478,-0.4517966634395478,-1.3890642757923855
2019-04-24,04:00:00,0.70959,0.70982,0.70278,0.70281,10984,0.70801,BEARISH_DAILY_LOW_BREAKOUT,1,0.21627466882940846,-0.04126293023719248,-0.136594527681745
2019-04-25,12:00:00,0.70122,0.70172,0.69912,0.69955,8644,0.70035,BEARISH_DAILY_LOW_BREAKOUT,1,0.18154527910799706,0.2944750196554858,0.5889500393109874
2019-05-01,20:00:00,0.7037,0.70535,0.70064,0.70116,14086,0.70301,BEARISH_DAILY_LOW_BREAKOUT,1,0.01854070397626269,0.18968566375719415,-0.20822636773347264
2019-05-02,16:00:00,0.70191,0.70213,0.69942,0.70011,11191,0.70064,BEARISH_DAILY_LOW_BREAKOUT,1,-0.05856222593592742,-0.06998900172829847,0.2271071688734599
2019-05-03,00:00:00,0.69965,0.70015,0.69923,0.69924,2340,0.69942,BEARISH_DAILY_LOW_BREAKOUT,1,0.05434471712145286,0.0443338481780265,-0.2760139580115536
2019-05-06,00:00:00,0.69665,0.69971,0.69631,0.69731,5562,0.69838,BEARISH_DAILY_LOW_BREAKOUT,1,0.02581348324275702,0.2437940084037279,0.2653052444393481
2019-05-09,04:00:00,0.69908,0.69923,0.69663,0.69752,9547,0.69864,BEARISH_DAILY_LOW_BREAKOUT,1,-0.06594792980846656,-0.005734602592046107,0.24085330886569772
2019-05-13,04:00:00,0.69828,0.69856,0.69727,0.69756,6144,0.69773,BEARISH_DAILY_LOW_BREAKOUT,1,-0.060209874419401344,-0.3985320259189181,-0.3268536039910472
2019-05-15,04:00:00,0.69367,0.69374,0.69213,0.69294,8036,0.6934,BEARISH_DAILY_LOW_BREAKOUT,1,-0.08370133056253427,-0.02886252778017981,-0.23811585418651549
2019-05-16,04:00:00,0.69249,0.69251,0.68911,0.69129,8680,0.69141,BEARISH_DAILY_LOW_BREAKOUT,1,0.049183410724877696,-0.13308452313789018,-0.416612420257778
2019-05-17,04:00:00,0.68909,0.68965,0.68826,0.68841,6455,0.68855,BEARISH_DAILY_LOW_BREAKOUT,1,0.02614720878547218,-0.16995685710550465,0.4575761537455857
2019-05-21,04:00:00,0.69194,0.69233,0.68855,0.68873,9655,0.68891,BEARISH_DAILY_LOW_BREAKOUT,1,-0.16842594340306635,-0.18004152570672222,-0.09873244958109896
2019-05-29,16:00:00,0.69219,0.69285,0.69033,0.69098,11143,0.69135,BEARISH_DAILY_LOW_BREAKOUT,1,0.08249153376363418,0.21853020347911825,-0.007236099452950085
2019-06-10,12:00:00,0.69637,0.69703,0.69587,0.69592,6244,0.69632,BEARISH_DAILY_LOW_BREAKOUT,1,0.05747787101966705,0.01149557420392703,-0.10489711461087602
2019-06-11,04:00:00,0.696,0.69658,0.69519,0.69561,15017,0.69563,BEARISH_DAILY_LOW_BREAKOUT,1,0.0,-0.020126220152084928,-0.11931973375885878
2019-06-12,16:00:00,0.69491,0.69565,0.69409,0.69411,15267,0.69462,BEARISH_DAILY_LOW_BREAKOUT,1,-0.22186685107547593,-0.5143277002204207,-0.4739882727521596
2019-06-13,04:00:00,0.6929,0.6938,0.69041,0.69054,14366,0.69245,BEARISH_DAILY_LOW_BREAKOUT,1,0.08688852202623075,0.040547976945571135,-0.09847365829640771
2019-06-14,04:00:00,0.69102,0.69133,0.68913,0.68986,11366,0.69005,BEARISH_DAILY_LOW_BREAKOUT,1,0.001449569477858477,-0.40008117589075815,-0.2710694923607744
2019-06-17,16:00:00,0.68667,0.6874,0.68492,0.68587,8437,0.68605,BEARISH_DAILY_LOW_BREAKOUT,1,-0.1180981818711968,-0.35429454561359036,0.16621225596687855
2019-06-18,04:00:00,0.68509,0.68564,0.68331,0.68344,10530,0.68479,BEARISH_DAILY_LOW_BREAKOUT,1,-0.014631862343453705,0.5223574856607693,0.5969799836123101
2019-07-01,08:00:00,0.70019,0.70043,0.69898,0.69956,8178,0.69974,BEARISH_DAILY_LOW_BREAKOUT,1,-0.017153639430500457,-0.49459660357937957,-0.18440162387786802
2019-07-05,12:00:00,0.70173,0.7023,0.70112,0.70119,4453,0.70148,BEARISH_DAILY_LOW_BREAKOUT,1,-0.6417661404184243,-0.4520885922503182,-0.3779289493575108
2019-07-09,04:00:00,0.69717,0.69744,0.6954,0.69555,3418,0.69668,BEARISH_DAILY_LOW_BREAKOUT,1,-0.16102365034864638,-0.42268708216520073,-0.514700596650137
2019-07-10,04:00:00,0.69249,0.69271,0.69184,0.69197,3600,0.69205,BEARISH_DAILY_LOW_BREAKOUT,1,-0.1343988901252925,0.61996907380378,0.8063933407517709
2019-07-17,04:00:00,0.70154,0.70198,0.7002,0.70095,3004,0.70112,BEARISH_DAILY_LOW_BREAKOUT,1,-0.019972893929655178,0.14979670447250096,0.2995934089450019
2019-07-22,20:00:00,0.70409,0.70429,0.70329,0.70367,4699,0.70373,BEARISH_DAILY_LOW_BREAKOUT,1,-0.10942629357512021,-0.2145892250628862,-0.4703909503034142
2019-07-23,00:00:00,0.70365,0.70365,0.70279,0.7029,1861,0.70308,BEARISH_DAILY_LOW_BREAKOUT,1,-0.07540190638781041,-0.03841229193341762,-0.48513302034429134
2019-07-24,00:00:00,0.70036,0.70081,0.69922,0.69949,1842,0.6996,BEARISH_DAILY_LOW_BREAKOUT,1,-0.2101531115526986,-0.21587156356772796,-0.24875266265421436
2019-07-25,04:00:00,0.69776,0.69839,0.69648,0.69709,3639,0.69723,BEARISH_DAILY_LOW_BREAKOUT,1,-0.03442883989155173,-0.25247815920469147,-0.4059734037211837
2019-07-26,08:00:00,0.69426,0.69467,0.69301,0.69304,3385,0.69422,BEARISH_DAILY_LOW_BREAKOUT,1,-0.02020085420755353,-0.33331409442456916,-0.31744199469005824
2019-07-29,12:00:00,0.69083,0.69092,0.69009,0.69009,1987,0.69025,BEARISH_DAILY_LOW_BREAKOUT,1,0.09129244011650936,-0.04492167688273015,-0.21736295265834107
2019-07-30,12:00:00,0.68975,0.68988,0.68811,0.68859,4860,0.68945,BEARISH_DAILY_LOW_BREAKOUT,1,-0.22074093437315045,-0.169912429747746,0.10020476626148628
2019-07-31,20:00:00,0.68868,0.68907,0.68314,0.68377,21777,0.68684,BEARISH_DAILY_LOW_BREAKOUT,1,0.103836085233337,0.09067376456996723,-0.5074805855770176
2019-08-01,20:00:00,0.68572,0.68677,0.67948,0.6803,22685,0.68314,BEARISH_DAILY_LOW_BREAKOUT,1,-0.022049095987062103,0.02351903571952638,-0.10583566073791768
2019-08-02,12:00:00,0.68046,0.68047,0.67859,0.67895,9761,0.67948,BEARISH_DAILY_LOW_BREAKOUT,1,0.22829368878414322,0.013255762574552393,-0.31961116429781355
2019-08-05,08:00:00,0.67831,0.67849,0.67604,0.67617,7520,0.67628,BEARISH_DAILY_LOW_BREAKOUT,1,0.09021399943801106,0.053241048848649886,0.4865640297558164
2019-08-07,04:00:00,0.67618,0.67825,0.66771,0.66999,12498,0.67494,BEARISH_DAILY_LOW_BREAKOUT,1,0.3343333482589322,0.7850863445723133,1.1030015373363793
2019-08-12,00:00:00,0.67795,0.6785,0.67755,0.67769,3277,0.67774,BEARISH_DAILY_LOW_BREAKOUT,1,0.16231610323304016,-0.46038749280644714,-0.318729802712162
2019-08-14,16:00:00,0.67488,0.67589,0.67351,0.67416,17171,0.67451,BEARISH_DAILY_LOW_BREAKOUT,1,0.06674973300107712,0.5755310312092078,0.6037142518096621
2019-08-19,20:00:00,0.67711,0.67744,0.67617,0.67619,6587,0.67704,BEARISH_DAILY_LOW_BREAKOUT,1,-0.10204232538191461,0.23957763350538544,0.22922551353910164
2019-08-20,00:00:00,0.67616,0.67677,0.67543,0.6755,6439,0.67617,BEARISH_DAILY_LOW_BREAKOUT,1,0.3508512213175401,0.2931162102146531,0.27091043671354526
2019-08-22,04:00:00,0.67839,0.67842,0.67634,0.67652,8907,0.67728,BEARISH_DAILY_LOW_BREAKOUT,1,0.13451191391237013,-0.03399751670313715,-0.12859930231183667
2019-08-23,16:00:00,0.67544,0.67776,0.67358,0.67468,27548,0.67507,BEARISH_DAILY_LOW_BREAKOUT,1,0.0014821841465680785,-0.08152012806070129,0.500978241536736
2019-08-26,00:00:00,0.67354,0.67408,0.66892,0.67062,9910,0.67358,BEARISH_DAILY_LOW_BREAKOUT,1,0.5233962601771515,0.8782917300408503,0.940920342369753
2019-08-28,04:00:00,0.67541,0.6762,0.67347,0.67369,16660,0.67463,BEARISH_DAILY_LOW_BREAKOUT,1,0.10835844379462488,0.12617079071976983,-0.13359260193857886
2019-08-29,04:00:00,0.67392,0.67439,0.67234,0.67279,16601,0.67344,BEARISH_DAILY_LOW_BREAKOUT,1,0.1501211373534023,0.0713446989402393,-0.1813344431397611
2019-08-30,04:00:00,0.6735,0.67356,0.67057,0.67157,14747,0.67169,BEARISH_DAILY_LOW_BREAKOUT,1,0.06402906621797302,0.20251053501496907,0.1786857661896718
2019-09-03,04:00:00,0.67112,0.67142,0.66872,0.66961,13321,0.67097,BEARISH_DAILY_LOW_BREAKOUT,1,0.36887143262495664,0.9124714385985796,1.2619285852959121
2019-09-17,04:00:00,0.68612,0.68652,0.68345,0.68394,10360,0.68537,BEARISH_DAILY_LOW_BREAKOUT,1,0.03801503055824166,0.2617188642278502,0.13159049039389595
2019-09-19,04:00:00,0.6823,0.68232,0.67813,0.67894,10662,0.6812,BEARISH_DAILY_LOW_BREAKOUT,1,-0.025039031431349383,0.07069844168851976,0.09868324152356017
2019-09-20,16:00:00,0.67896,0.67925,0.67659,0.67691,5240,0.678,BEARISH_DAILY_LOW_BREAKOUT,1,-0.09454728102701598,0.14182092154052398,0.020682217724664873
2019-09-25,16:00:00,0.67653,0.6767,0.67387,0.6749,6837,0.67649,BEARISH_DAILY_LOW_BREAKOUT,1,0.04148762779670276,0.13038968736108933,0.06519484368054466
2019-10-01,04:00:00,0.67502,0.67594,0.67327,0.67397,7247,0.67409,BEARISH_DAILY_LOW_BREAKOUT,1,-0.594981972491351,-0.5504696054720524,-0.33532649821207605
2019-10-07,20:00:00,0.67406,0.67441,0.67297,0.67307,4934,0.67384,BEARISH_DAILY_LOW_BREAKOUT,1,0.019314484377564667,0.20503068031557606,0.002971459135011218
2019-10-08,16:00:00,0.67448,0.67487,0.67229,0.6726,6751,0.67297,BEARISH_DAILY_LOW_BREAKOUT,1,0.07285162057686448,0.21260779066310473,0.04311626523937146
2019-10-10,00:00:00,0.67274,0.67276,0.671,0.6719,5763,0.67225,BEARISH_DAILY_LOW_BREAKOUT,1,0.4331001637148338,0.6325346033635921,0.6444411370739611
2019-10-16,04:00:00,0.67528,0.67531,0.67257,0.67313,7595,0.67425,BEARISH_DAILY_LOW_BREAKOUT,1,0.017827165629226,0.3416873412268015,0.7799384962785758
2019-10-23,04:00:00,0.68603,0.68605,0.68337,0.68384,5590,0.68502,BEARISH_DAILY_LOW_BREAKOUT,1,0.05410622367805064,0.11698642957417274,0.12868507253158515
2019-10-24,16:00:00,0.68342,0.68446,0.6813,0.68163,8144,0.68337,BEARISH_DAILY_LOW_BREAKOUT,1,0.010269501048958306,0.02347314525476417,0.18191687572436938
2019-11-04,20:00:00,0.69011,0.69026,0.68769,0.68807,4243,0.68837,BEARISH_DAILY_LOW_BREAKOUT,1,0.11481389974858204,0.4403621724533969,0.14678739081780437
2019-11-07,04:00:00,0.68764,0.68839,0.68615,0.6865,4918,0.68688,BEARISH_DAILY_LOW_BREAKOUT,1,0.352512745812087,0.30444282592862876,0.28113619810633467
2019-11-08,16:00:00,0.68656,0.68704,0.68508,0.68596,6172,0.68615,BEARISH_DAILY_LOW_BREAKOUT,1,-0.03352965187475414,-0.0670593037494921,-0.15598577176511974
2019-11-12,04:00:00,0.68481,0.68539,0.68316,0.68423,4444,0.68468,BEARISH_DAILY_LOW_BREAKOUT,1,0.13153471785803192,0.0014614968650825731,-0.0730748432544694
2019-11-13,12:00:00,0.6845,0.68459,0.68237,0.68268,4993,0.68312,BEARISH_DAILY_LOW_BREAKOUT,1,0.0864240932794414,0.17724263197985066,-0.6122927286576378
2019-11-14,04:00:00,0.68389,0.68409,0.67957,0.67976,6116,0.6821,BEARISH_DAILY_LOW_BREAKOUT,1,0.122101918324114,-0.3471813581264018,0.0
2019-11-19,04:00:00,0.68043,0.68069,0.67849,0.67964,4402,0.67987,BEARISH_DAILY_LOW_BREAKOUT,1,0.023541875110343412,0.4399387911247038,0.28985933729621965
2019-11-21,20:00:00,0.67954,0.68007,0.6783,0.67844,3259,0.67899,BEARISH_DAILY_LOW_BREAKOUT,1,0.054536878721770744,0.05306290902657802,-0.004421909085561805
2019-11-25,16:00:00,0.67905,0.67926,0.677,0.67716,4918,0.67804,BEARISH_DAILY_LOW_BREAKOUT,1,0.05168645519522143,0.13733829523303007,0.1801642152519344
2019-11-28,00:00:00,0.67775,0.67793,0.67589,0.6768,3147,0.67718,BEARISH_DAILY_LOW_BREAKOUT,1,-0.05762411347517753,0.03398345153665241,-0.004432624113471409
2019-11-29,20:00:00,0.67645,0.67667,0.67539,0.67548,4178,0.67589,BEARISH_DAILY_LOW_BREAKOUT,1,0.14952330194825406,0.27387931544975697,0.9874459643512858
2019-12-09,12:00:00,0.68298,0.68298,0.68213,0.68231,2310,0.68233,BEARISH_DAILY_LOW_BREAKOUT,1,0.10405827263267259,0.04250267473729133,-0.1377672905277573
2019-12-10,12:00:00,0.68294,0.68295,0.68104,0.68137,3752,0.682,BEARISH_DAILY_LOW_BREAKOUT,1,-0.09099314616141962,-0.04549657308070981,0.34636100796922636
2019-12-17,04:00:00,0.68726,0.68771,0.68611,0.68667,4686,0.68683,BEARISH_DAILY_LOW_BREAKOUT,1,-0.13252362852607022,-0.1776690404415511,-0.3262120086795724
2020-01-02,08:00:00,0.70058,0.7008,0.69948,0.70004,3719,0.70145,BEARISH_DAILY_LOW_BREAKOUT,1,-0.22855836809325836,-0.26712759270899356,-0.6628192674704271
2020-01-03,04:00:00,0.6983,0.69862,0.69624,0.69678,6976,0.69783,BEARISH_DAILY_LOW_BREAKOUT,1,-0.19805390510633727,-0.18513734607765756,-0.37458021183156825
2020-01-07,08:00:00,0.69362,0.69362,0.6898,0.69,5907,0.69251,BEARISH_DAILY_LOW_BREAKOUT,1,-0.34492753623187505,-0.4550724637681045,-0.27101449275361267
2020-01-08,16:00:00,0.68705,0.68728,0.68488,0.68547,5970,0.68588,BEARISH_DAILY_LOW_BREAKOUT,1,0.2392519001560936,0.23195763490743287,-0.016047383547063254
2020-01-17,16:00:00,0.6899,0.68997,0.68719,0.68796,5820,0.68876,BEARISH_DAILY_LOW_BREAKOUT,1,-0.12500726786440663,0.04506075934647835,-0.19477876620733878
2020-01-20,12:00:00,0.68763,0.68775,0.68608,0.68655,3386,0.68704,BEARISH_DAILY_LOW_BREAKOUT,1,0.010195907071591945,0.1427426990022549,-0.014565581530841015
2020-01-21,20:00:00,0.68592,0.68605,0.68423,0.68446,4618,0.68548,BEARISH_DAILY_LOW_BREAKOUT,1,0.030681120883622636,-0.08766034538175116,-0.039447155421791266
2020-01-22,04:00:00,0.68469,0.68474,0.68267,0.68413,5526,0.68423,BEARISH_DAILY_LOW_BREAKOUT,1,-0.039466183327729006,-0.05115986727668154,0.4151257801879692
2020-01-24,16:00:00,0.68478,0.68485,0.68186,0.68272,7364,0.68289,BEARISH_DAILY_LOW_BREAKOUT,1,-0.030759315678468988,-0.28855167565034384,-0.9989453948910312
2020-01-27,00:00:00,0.68104,0.6818,0.68008,0.6801,3743,0.68172,BEARISH_DAILY_LOW_BREAKOUT,1,0.09557418026759718,-0.4646375533009927,-0.5837376856344697
2020-01-28,12:00:00,0.67551,0.67559,0.67366,0.67512,4906,0.67515,BEARISH_DAILY_LOW_BREAKOUT,1,0.008887308922850602,0.18218983291858531,-0.03703045384525469
2020-01-30,08:00:00,0.67352,0.67395,0.67216,0.67257,4746,0.67348,BEARISH_DAILY_LOW_BREAKOUT,1,0.07285487012504133,-0.24681445797463383,-0.23640661938533988
2020-01-31,12:00:00,0.67098,0.671,0.66825,0.66915,5205,0.66997,BEARISH_DAILY_LOW_BREAKOUT,1,0.035866397668686836,0.013449899125745119,0.10012702682506888
2020-02-07,04:00:00,0.67309,0.6731,0.67117,0.67199,5499,0.6729,BEARISH_DAILY_LOW_BREAKOUT,1,-0.23809878123185385,-0.5014955579696103,-0.3095284156014183
2020-02-18,00:00:00,0.67157,0.67178,0.67068,0.67091,2307,0.67125,BEARISH_DAILY_LOW_BREAKOUT,1,-0.2742543709290296,-0.36815668271451796,-0.23252001013548848
2020-02-19,16:00:00,0.66897,0.66939,0.66649,0.66722,4716,0.66732,BEARISH_DAILY_LOW_BREAKOUT,1,-0.011990048259956237,-0.5410509277299844,-0.6849315068493261
2020-02-20,04:00:00,0.66805,0.66935,0.66301,0.66361,9009,0.66649,BEARISH_DAILY_LOW_BREAKOUT,1,0.05876945796476868,-0.14466328114405627,-0.5063214840041635
2020-02-21,04:00:00,0.66113,0.66237,0.65913,0.66025,6545,0.66099,BEARISH_DAILY_LOW_BREAKOUT,1,-0.16054524801210904,0.4377129875047252,0.07118515713744346
2020-02-26,08:00:00,0.66014,0.66019,0.65689,0.65746,5766,0.65861,BEARISH_DAILY_LOW_BREAKOUT,1,-0.10190734037052587,-0.2783439296687248,-0.1855626197791499
2020-02-27,00:00:00,0.65563,0.65577,0.65418,0.65466,4932,0.65518,BEARISH_DAILY_LOW_BREAKOUT,1,0.16649864051569294,0.4124278251306076,0.5071334738642944
2020-02-28,04:00:00,0.65799,0.65852,0.65281,0.65359,10594,0.65418,BEARISH_DAILY_LOW_BREAKOUT,1,-0.10404075949754646,-1.2071788124053233,-0.1468810722318213
2020-03-09,04:00:00,0.66123,0.6625,0.63112,0.65202,17486,0.65848,BEARISH_DAILY_LOW_BREAKOUT,1,0.40642925063647284,2.058219073034567,0.8680715315481117
2020-03-12,04:00:00,0.64767,0.64812,0.6451,0.64585,21875,0.64743,BEARISH_DAILY_LOW_BREAKOUT,1,-0.09135248122630493,-2.7963149338081714,-2.607416582797875
2020-03-13,16:00:00,0.63029,0.63126,0.61505,0.61592,27303,0.62658,BEARISH_DAILY_LOW_BREAKOUT,1,0.2954929211585811,0.1120275360436369,-0.44648655669567966
2020-03-17,12:00:00,0.60836,0.60927,0.59925,0.60029,19741,0.60789,BEARISH_DAILY_LOW_BREAKOUT,1,-0.4397874360725609,-0.22655716403738654,-1.4859484582451878
2020-03-18,12:00:00,0.59689,0.59733,0.59107,0.59137,20334,0.59587,BEARISH_DAILY_LOW_BREAKOUT,1,-1.57261951062786,-2.0731521720750017,-2.8290241304090356
2020-03-19,04:00:00,0.57911,0.5803,0.55073,0.55577,24917,0.5701,BEARISH_DAILY_LOW_BREAKOUT,1,2.0008276805153247,5.284560159778327,5.572449034672626
2020-03-26,00:00:00,0.59633,0.59634,0.5893,0.59011,10117,0.59275,BEARISH_DAILY_LOW_BREAKOUT,1,0.24571690023893028,1.6030909491450787,2.992662384979073
2020-03-31,12:00:00,0.61659,0.61731,0.60816,0.61041,25886,0.61114,BEARISH_DAILY_LOW_BREAKOUT,1,0.5586409134843833,0.5455349682999859,-0.6733179338477512
2020-04-01,08:00:00,0.61223,0.6137,0.60629,0.60692,17252,0.60787,BEARISH_DAILY_LOW_BREAKOUT,1,-0.10215514400581047,0.1334607526527347,0.5816252553878655
2020-04-03,12:00:00,0.60344,0.60414,0.59797,0.60001,17965,0.60065,BEARISH_DAILY_LOW_BREAKOUT,1,-0.008333194446758303,-0.12333127781204878,1.2999783336944248
2020-04-15,08:00:00,0.6409,0.641,0.63255,0.63297,8301,0.63724,BEARISH_DAILY_LOW_BREAKOUT,1,-0.1737839076101537,-0.25277659288750587,-0.6114033840466435
2020-04-16,04:00:00,0.63084,0.63201,0.62686,0.62766,9241,0.62837,BEARISH_DAILY_LOW_BREAKOUT,1,0.22942357327215324,0.39352515693209256,1.2761686263263488
2020-04-21,04:00:00,0.63419,0.63461,0.62831,0.63038,9019,0.63359,BEARISH_DAILY_LOW_BREAKOUT,1,-0.1649798534217521,-0.42514039150988536,0.009518068466631077
2020-05-01,04:00:00,0.6494,0.64969,0.64553,0.6465,6909,0.64899,BEARISH_DAILY_LOW_BREAKOUT,1,-0.2614075792730038,-0.6403712296983638,-0.99149265274554
2020-05-04,00:00:00,0.64106,0.64115,0.63725,0.63759,3763,0.64092,BEARISH_DAILY_LOW_BREAKOUT,1,0.3921015072382029,0.7104879311156126,0.7747925783026797
2020-05-06,16:00:00,0.64424,0.64526,0.64059,0.64146,12143,0.64156,BEARISH_DAILY_LOW_BREAKOUT,1,-0.27749197144015275,0.02961992953575024,1.309512674211948
2020-05-07,00:00:00,0.63968,0.64061,0.63783,0.63907,3224,0.63965,BEARISH_DAILY_LOW_BREAKOUT,1,0.40371164348193883,1.134461013660472,1.7149920978922448
2020-05-11,12:00:00,0.65312,0.65324,0.64654,0.64689,7976,0.64826,BEARISH_DAILY_LOW_BREAKOUT,1,0.03246301535037541,0.2287869653264136,0.91051028768416
2020-05-14,04:00:00,0.64534,0.64688,0.64202,0.64362,7631,0.6438,BEARISH_DAILY_LOW_BREAKOUT,1,-0.07302445542400336,-0.24082533171746376,0.30142009260123254
2020-05-22,04:00:00,0.65665,0.65721,0.65322,0.65421,6675,0.65487,BEARISH_DAILY_LOW_BREAKOUT,1,-0.42494000397425974,-0.2415126641292421,-0.12534201556074226
2020-06-09,08:00:00,0.69958,0.69999,0.69105,0.69318,9949,0.69617,BEARISH_DAILY_LOW_BREAKOUT,1,0.128393779393512,0.44144378083613944,0.867018667589942
2020-06-11,08:00:00,0.69329,0.694,0.69054,0.69222,13159,0.69324,BEARISH_DAILY_LOW_BREAKOUT,1,-0.13579497847504277,-1.1499234347461742,-0.4825055618155932
2020-06-12,00:00:00,0.68427,0.68562,0.68185,0.68285,5926,0.68392,BEARISH_DAILY_LOW_BREAKOUT,1,0.09372482975764589,0.8493812696785572,-0.048326865343771175
2020-06-15,08:00:00,0.68313,0.68315,0.67762,0.67967,16826,0.67994,BEARISH_DAILY_LOW_BREAKOUT,1,0.46640281312990217,1.7802757220415788,1.5978342430885548
2020-06-18,16:00:00,0.6867,0.68679,0.68368,0.68461,14767,0.68519,BEARISH_DAILY_LOW_BREAKOUT,1,0.0,0.24831655979315576,0.11393348037568878
2020-06-19,20:00:00,0.68539,0.68605,0.68293,0.68343,14419,0.68354,BEARISH_DAILY_LOW_BREAKOUT,1,-0.22387076950090445,0.695023630803452,1.0315613888766955
2020-06-22,00:00:00,0.68098,0.68308,0.68098,0.6819,3685,0.68293,BEARISH_DAILY_LOW_BREAKOUT,1,0.5528669892946255,0.8798944126704804,1.6058073031236277
2020-06-25,00:00:00,0.6868,0.68744,0.68531,0.68553,4010,0.68621,BEARISH_DAILY_LOW_BREAKOUT,1,0.10211077560428193,0.02771578194973575,0.47116829314545916
2020-07-10,04:00:00,0.69602,0.69614,0.69344,0.69435,6030,0.69497,BEARISH_DAILY_LOW_BREAKOUT,1,-0.01584215453302434,0.21026859652913038,0.37589112119248236
2020-07-14,00:00:00,0.69446,0.69463,0.69354,0.69359,3480,0.69393,BEARISH_DAILY_LOW_BREAKOUT,1,0.050462088553750985,0.37774477717382826,0.7410718147608706
2020-07-23,20:00:00,0.71354,0.71354,0.7095,0.70998,11347,0.71114,BEARISH_DAILY_LOW_BREAKOUT,1,-0.019718865320153947,-0.23944336460182464,0.08169244204060873
2020-07-24,08:00:00,0.70958,0.70973,0.70727,0.70828,9975,0.70901,BEARISH_DAILY_LOW_BREAKOUT,1,0.01411871011464237,0.3219065906138743,0.6508725362850855
2020-07-30,08:00:00,0.71794,0.71798,0.71281,0.71485,7734,0.71487,BEARISH_DAILY_LOW_BREAKOUT,1,-0.040567951318460166,0.4308596208994855,0.6952507519059984
2020-08-03,08:00:00,0.71352,0.71461,0.71017,0.71157,7051,0.71331,BEARISH_DAILY_LOW_BREAKOUT,1,-0.15037171325379306,0.12788622342144362,0.30917548519470744
2020-08-07,16:00:00,0.72066,0.72186,0.71579,0.71612,16375,0.71741,BEARISH_DAILY_LOW_BREAKOUT,1,-0.018153382114724274,0.04468524828240895,-0.002792828017653466
2020-08-11,20:00:00,0.71537,0.71669,0.71347,0.71394,9960,0.71399,BEARISH_DAILY_LOW_BREAKOUT,1,0.07423593019021632,-0.1526738941647807,0.26332745048603423
2020-08-12,04:00:00,0.71446,0.71507,0.71105,0.71197,9870,0.71347,BEARISH_DAILY_LOW_BREAKOUT,1,0.12360071351320868,0.6587356208828985,0.6868266921359132
2020-08-19,20:00:00,0.72332,0.72369,0.71791,0.71834,11170,0.72086,BEARISH_DAILY_LOW_BREAKOUT,1,0.038978756577673246,-0.16844391235347236,0.22969624411838968
2020-08-20,08:00:00,0.71837,0.71873,0.71607,0.71713,7374,0.71791,BEARISH_DAILY_LOW_BREAKOUT,1,-0.1171335741079111,0.3988119308911876,0.3025950664454151
2020-09-02,04:00:00,0.73767,0.738,0.73361,0.73517,9320,0.73589,BEARISH_DAILY_LOW_BREAKOUT,1,-0.1278615830352083,-0.4529564590502801,-0.46927921433137276
2020-09-03,12:00:00,0.73108,0.7318,0.7284,0.72861,6491,0.7301,BEARISH_DAILY_LOW_BREAKOUT,1,-0.21547878837786474,-0.44742729306486734,-0.21136135930058408
2020-09-04,00:00:00,0.72697,0.72754,0.72512,0.72535,5277,0.72648,BEARISH_DAILY_LOW_BREAKOUT,1,0.2316123250844287,0.23712690425311142,0.37223409388569995
2020-09-08,12:00:00,0.72919,0.7294,0.7241,0.72447,9267,0.72699,BEARISH_DAILY_LOW_BREAKOUT,1,-0.22361174375749923,-0.4941543473159575,-0.1435532182146852
2020-09-09,00:00:00,0.72135,0.72192,0.71917,0.72089,4214,0.72102,BEARISH_DAILY_LOW_BREAKOUT,1,0.14010459293372848,0.35234224361552896,0.921083660475243
2020-09-17,04:00:00,0.72961,0.73113,0.72617,0.72632,11240,0.7278,BEARISH_DAILY_LOW_BREAKOUT,1,0.3442009031831779,0.3455777067959043,0.8164445423504779
2020-09-21,12:00:00,0.72854,0.7287,0.72554,0.72656,10207,0.72823,BEARISH_DAILY_LOW_BREAKOUT,1,-0.741852014974676,-0.514754459370178,-0.6936798062100767
2020-09-22,08:00:00,0.72228,0.72237,0.71779,0.71858,8565,0.71987,BEARISH_DAILY_LOW_BREAKOUT,1,0.4091402488240772,-0.1586462189317863,-0.855854602131981
2020-09-23,04:00:00,0.71722,0.71745,0.71258,0.71283,8109,0.71542,BEARISH_DAILY_LOW_BREAKOUT,1,-0.05611436106785011,-0.4783749281034627,-1.11387006719694
2020-09-24,00:00:00,0.70738,0.7082,0.70594,0.70639,3400,0.70683,BEARISH_DAILY_LOW_BREAKOUT,1,-0.21234728690948992,-0.42469457381899556,-0.12882402072509044
2020-09-25,16:00:00,0.70344,0.70411,0.70056,0.70116,13334,0.7016,BEARISH_DAILY_LOW_BREAKOUT,1,0.2667008956586283,0.6460722231730324,0.7872668149922941
2020-10-02,16:00:00,0.71577,0.71727,0.71392,0.71455,16700,0.71549,BEARISH_DAILY_LOW_BREAKOUT,1,0.24630886571968144,0.4786229095234733,0.48282135609823706
2020-10-06,08:00:00,0.71897,0.71938,0.71469,0.71547,6337,0.71558,BEARISH_DAILY_LOW_BREAKOUT,1,0.02935133548575516,-0.5115518470376111,-0.1719149649880588
2020-10-13,04:00:00,0.72085,0.72088,0.71651,0.71752,11441,0.72033,BEARISH_DAILY_LOW_BREAKOUT,1,0.022299029992186695,-0.1477310736983026,-0.0738655368491513
2020-10-15,00:00:00,0.71632,0.71679,0.71282,0.71409,4961,0.71522,BEARISH_DAILY_LOW_BREAKOUT,1,-0.14283913792379405,-0.9774678261843726,-0.7422033637216557
2020-10-19,20:00:00,0.70892,0.70915,0.70582,0.70606,10377,0.70704,BEARISH_DAILY_LOW_BREAKOUT,1,-0.09630909554428999,-0.24927060023227257,-0.11472112851598694
2020-10-20,00:00:00,0.70607,0.70722,0.70457,0.70538,3570,0.70582,BEARISH_DAILY_LOW_BREAKOUT,1,-0.08506053474723481,-0.32323003203947653,-0.056707023164812714
2020-10-28,12:00:00,0.71369,0.71372,0.70729,0.70769,13594,0.71133,BEARISH_DAILY_LOW_BREAKOUT,1,-0.15260919329085912,-0.3165227712699091,-0.7347850047337242
2020-10-29,12:00:00,0.70597,0.70643,0.7024,0.70249,14333,0.7038,BEARISH_DAILY_LOW_BREAKOUT,1,-0.2790075303562986,0.1736679525687197,0.2562314054292622
2020-11-02,00:00:00,0.70209,0.70258,0.69969,0.70072,2920,0.70112,BEARISH_DAILY_LOW_BREAKOUT,1,0.09133462724054886,0.4795067930129052,0.6479050119876681
2020-11-12,08:00:00,0.72746,0.72785,0.72463,0.72538,7308,0.72599,BEARISH_DAILY_LOW_BREAKOUT,1,0.10477267087595232,-0.24125286056963652,-0.1309658385949442
2020-11-13,04:00:00,0.72396,0.72417,0.72213,0.72235,6964,0.72308,BEARISH_DAILY_LOW_BREAKOUT,1,0.2879490551671587,0.31702083477537246,0.8887658337371054
2020-11-19,16:00:00,0.7274,0.72814,0.7256,0.72702,11293,0.72717,BEARISH_DAILY_LOW_BREAKOUT,1,0.2847239415696977,0.23108030040439256,0.5625704932464084
2020-12-07,12:00:00,0.74218,0.74218,0.73725,0.73918,13312,0.74099,BEARISH_DAILY_LOW_BREAKOUT,1,0.6940122838821503,0.31656700668308246,0.2719229416380405
2020-12-15,04:00:00,0.75353,0.75462,0.75123,0.75166,9115,0.75242,BEARISH_DAILY_LOW_BREAKOUT,1,0.07982332437538847,0.3059894101056287,0.48426150121065065
2020-12-21,04:00:00,0.75874,0.76017,0.7565,0.75714,12298,0.75824,BEARISH_DAILY_LOW_BREAKOUT,1,-0.5850965475341476,-0.1849063581372095,-0.1241514118921272
2020-12-28,16:00:00,0.75808,0.75992,0.75572,0.75665,10715,0.75679,BEARISH_DAILY_LOW_BREAKOUT,1,0.1321615013546555,0.41234388422651164,0.6185158263397749
2021-01-04,16:00:00,0.77228,0.77265,0.76802,0.76844,17996,0.77042,BEARISH_DAILY_LOW_BREAKOUT,1,-0.1795846129821519,0.19389932850970684,0.5543698922492376
2021-01-11,00:00:00,0.77512,0.77612,0.7712,0.77204,4690,0.77284,BEARISH_DAILY_LOW_BREAKOUT,1,-0.17486140614475446,-0.14507020361637984,-0.17097559711931867
2021-01-15,16:00:00,0.77362,0.77385,0.76815,0.77024,23867,0.77286,BEARISH_DAILY_LOW_BREAKOUT,1,0.007789779808884111,-0.10516202742003641,-0.2323950976319159
2021-01-18,08:00:00,0.76943,0.76955,0.76764,0.76792,11455,0.76815,BEARISH_DAILY_LOW_BREAKOUT,1,-0.08073757683092835,0.022137722679446227,0.48312324200437423
2021-01-22,08:00:00,0.77439,0.77484,0.77258,0.77305,9767,0.77397,BEARISH_DAILY_LOW_BREAKOUT,1,-0.27294482892439764,-0.19791734040489378,0.10089903628484612
2021-01-26,08:00:00,0.7701,0.77025,0.76689,0.76716,8066,0.76829,BEARISH_DAILY_LOW_BREAKOUT,1,0.5305281818655846,0.9724177485791781,0.8902966786589503
2021-01-27,20:00:00,0.76868,0.77007,0.76618,0.76634,20944,0.76689,BEARISH_DAILY_LOW_BREAKOUT,1,-0.19834538194534618,-0.6224391262364032,0.41495941749092574
2021-01-28,04:00:00,0.76484,0.76539,0.76226,0.76283,17988,0.76438,BEARISH_DAILY_LOW_BREAKOUT,1,-0.1651744163181887,0.5309177667370184,0.19663620990259242
2021-02-01,00:00:00,0.76211,0.76302,0.76056,0.76206,5005,0.76311,BEARISH_DAILY_LOW_BREAKOUT,1,0.3857963939847327,0.17190247487074947,0.16402907907514952
2021-02-02,12:00:00,0.76132,0.76376,0.75952,0.75958,13918,0.76056,BEARISH_DAILY_LOW_BREAKOUT,1,-0.2343400300165886,0.12901866821137745,0.2988493641222773
2021-02-17,00:00:00,0.7762,0.77637,0.77302,0.77353,7655,0.77447,BEARISH_DAILY_LOW_BREAKOUT,1,0.20813672385040013,0.07627370625573403,0.2960454022468299
2021-02-26,00:00:00,0.79029,0.79062,0.78585,0.78623,19776,0.78734,BEARISH_DAILY_LOW_BREAKOUT,1,-0.10047950345318259,-1.4359665746664492,-1.3952660163056656
2021-03-04,00:00:00,0.77925,0.77957,0.77524,0.77527,9417,0.77705,BEARISH_DAILY_LOW_BREAKOUT,1,0.38438221522824084,0.3353670334206065,-0.4991809305145356
2021-03-05,08:00:00,0.7715,0.77265,0.76939,0.76983,13605,0.77083,BEARISH_DAILY_LOW_BREAKOUT,1,-0.3883974383954962,-0.21433303456607827,-0.3026642245690677
2021-03-17,16:00:00,0.77133,0.77318,0.77053,0.7708,18094,0.77108,BEARISH_DAILY_LOW_BREAKOUT,1,1.2350804359107384,1.478982874935128,1.1183186299948056
2021-03-19,04:00:00,0.77526,0.77555,0.77242,0.77439,15503,0.77492,BEARISH_DAILY_LOW_BREAKOUT,1,0.2246929841552659,0.00903937292578862,-0.2350236960704611
2021-03-23,08:00:00,0.77129,0.77154,0.76724,0.76892,10053,0.77048,BEARISH_DAILY_LOW_BREAKOUT,1,-0.2705092857514542,-0.8141289080788695,-1.244602819539104
2021-03-24,00:00:00,0.76266,0.7634,0.7599,0.76064,6657,0.76243,BEARISH_DAILY_LOW_BREAKOUT,1,-0.03549642406394516,0.22086663862011133,-0.20640513251997797
2021-03-25,16:00:00,0.75898,0.76045,0.75628,0.75694,26032,0.7583,BEARISH_DAILY_LOW_BREAKOUT,1,0.13343197611436394,0.5627922952942164,0.7543530530821604
2021-03-30,16:00:00,0.76175,0.76225,0.75955,0.75986,20942,0.7615,BEARISH_DAILY_LOW_BREAKOUT,1,-0.11317874345273761,0.07764588213618027,0.17371621088095016
2021-04-01,04:00:00,0.75938,0.75951,0.75665,0.75711,10325,0.75813,BEARISH_DAILY_LOW_BREAKOUT,1,-0.007924872211428853,0.4292639114527726,0.772675040614973
2021-04-19,00:00:00,0.77266,0.77324,0.77131,0.77133,2523,0.77241,BEARISH_DAILY_LOW_BREAKOUT,1,0.20484098894118286,0.8051028742561613,0.6663814450364998
2021-04-28,04:00:00,0.77672,0.77674,0.77249,0.77406,8116,0.77616,BEARISH_DAILY_LOW_BREAKOUT,1,0.015502674211302612,0.3449345012014652,0.57747461437099
2021-04-30,16:00:00,0.77578,0.77643,0.77041,0.77152,15300,0.77504,BEARISH_DAILY_LOW_BREAKOUT,1,-0.045364993778510145,0.12054126918290989,0.543083782662799
2021-05-04,16:00:00,0.77063,0.77223,0.76746,0.7688,17404,0.7706,BEARISH_DAILY_LOW_BREAKOUT,1,0.3030697190426565,0.6087408949011325,0.7882414151925019
2021-05-11,04:00:00,0.78404,0.78446,0.78216,0.78324,12985,0.78371,BEARISH_DAILY_LOW_BREAKOUT,1,-0.033195444563612425,0.13022828251875668,-0.5809202798631394
2021-05-12,04:00:00,0.78378,0.78421,0.77854,0.77869,9136,0.78199,BEARISH_DAILY_LOW_BREAKOUT,1,0.29023102903595005,-0.6780618731459184,-0.8360194685946931
2021-05-13,08:00:00,0.77221,0.77366,0.77026,0.77075,10391,0.77189,BEARISH_DAILY_LOW_BREAKOUT,1,-0.07395394096660012,0.3113850145961671,0.37755433019785506
2021-05-19,12:00:00,0.77634,0.77646,0.77319,0.77405,9135,0.77511,BEARISH_DAILY_LOW_BREAKOUT,1,0.15761255732833782,-0.26871649118273633,0.21187261804792648
2021-05-28,12:00:00,0.7726,0.77347,0.76904,0.76962,8699,0.77228,BEARISH_DAILY_LOW_BREAKOUT,1,0.11044411527767176,0.14812504872534885,0.48335542215639626
2021-06-03,16:00:00,0.77187,0.772,0.76484,0.76514,18944,0.77151,BEARISH_DAILY_LOW_BREAKOUT,1,0.0849517735316319,0.09671432678986368,1.1749483754606924
2021-06-09,16:00:00,0.7751,0.77621,0.77248,0.77301,11508,0.77313,BEARISH_DAILY_LOW_BREAKOUT,1,-0.027166530834003763,0.06597586059688884,0.2742525969909847
2021-06-11,16:00:00,0.77337,0.77359,0.76897,0.76951,12494,0.7716,BEARISH_DAILY_LOW_BREAKOUT,1,0.0961650920715732,0.07407311146053455,0.27549999350236004
2021-06-15,12:00:00,0.77036,0.77064,0.76848,0.76906,7628,0.76937,BEARISH_DAILY_LOW_BREAKOUT,1,-0.19504329961250694,-0.06371414454008666,0.19114243362027442
2021-06-16,20:00:00,0.77109,0.7714,0.76085,0.76139,25049,0.76742,BEARISH_DAILY_LOW_BREAKOUT,1,0.00788032414399309,0.009193711501334991,-0.87077581791198
2021-06-17,12:00:00,0.76147,0.76235,0.75637,0.75647,12863,0.76085,BEARISH_DAILY_LOW_BREAKOUT,1,-0.13483680780467447,-0.10575435906249064,-0.4851481221991555
2021-06-18,12:00:00,0.75396,0.75505,0.75205,0.7528,11101,0.75395,BEARISH_DAILY_LOW_BREAKOUT,1,-0.3931987247609024,-0.35866099893730546,-0.12752391073327202
2021-06-28,12:00:00,0.75901,0.75916,0.75588,0.75601,7889,0.75795,BEARISH_DAILY_LOW_BREAKOUT,1,0.17460086506792077,0.10581870610177418,-0.579357415907189
2021-06-29,08:00:00,0.75551,0.75647,0.75452,0.75468,6520,0.75542,BEARISH_DAILY_LOW_BREAKOUT,1,-0.4041448030953513,-0.46509778979170147,-0.39619441352626916
2021-06-30,12:00:00,0.75169,0.75175,0.74965,0.75054,9004,0.75074,BEARISH_DAILY_LOW_BREAKOUT,1,-0.13456977642763282,-0.10925466997094518,-0.046633090841255824
2021-07-01,04:00:00,0.74972,0.74973,0.74848,0.74914,4849,0.74917,BEARISH_DAILY_LOW_BREAKOUT,1,0.037376191366092715,-0.26830765944951107,-0.3737619136610012
2021-07-02,08:00:00,0.74634,0.74707,0.745,0.74524,5584,0.746,BEARISH_DAILY_LOW_BREAKOUT,1,0.15162900542106764,0.9808920616177391,1.0318823466265867
2021-07-06,16:00:00,0.75741,0.75803,0.7487,0.74977,18201,0.75089,BEARISH_DAILY_LOW_BREAKOUT,1,-0.050682209210830914,-0.0800245408592028,-0.18005521693320262
2021-07-08,08:00:00,0.74639,0.7468,0.74255,0.74394,11584,0.74627,BEARISH_DAILY_LOW_BREAKOUT,1,-0.2258246632792987,-0.13307524800387752,-0.0013441944242903341
2021-07-13,20:00:00,0.74715,0.7474,0.74421,0.7444,6157,0.74482,BEARISH_DAILY_LOW_BREAKOUT,1,-0.06045137023105192,0.08597528210640583,0.4728640515851799
2021-07-15,20:00:00,0.74345,0.74364,0.74104,0.74216,7595,0.74309,BEARISH_DAILY_LOW_BREAKOUT,1,0.013474183464480568,0.08758219251912369,-0.3543710251158808
2021-07-16,16:00:00,0.74165,0.74236,0.73984,0.74089,15992,0.74104,BEARISH_DAILY_LOW_BREAKOUT,1,-0.18356301205307504,-0.3023390786756495,-0.8813724034607074
2021-07-19,00:00:00,0.74002,0.74148,0.73849,0.73879,2375,0.73923,BEARISH_DAILY_LOW_BREAKOUT,1,-0.018949904573683722,-0.5739113956604598,-0.6889643877150379
2021-07-20,08:00:00,0.73238,0.73338,0.73105,0.73152,9599,0.73219,BEARISH_DAILY_LOW_BREAKOUT,1,0.20231846019248098,0.2118875765529379,-0.15310586176726526
2021-07-26,04:00:00,0.73676,0.73694,0.73456,0.73483,6495,0.7357,BEARISH_DAILY_LOW_BREAKOUT,1,-0.0530734999931959,0.5089612563450003,0.446361743532526
2021-07-30,16:00:00,0.73668,0.73754,0.73439,0.73504,15848,0.7359,BEARISH_DAILY_LOW_BREAKOUT,1,-0.05033739660426391,-0.12108184588594598,0.17686112320417496
2021-08-06,16:00:00,0.73933,0.7401,0.73464,0.73555,18718,0.73744,BEARISH_DAILY_LOW_BREAKOUT,1,-0.03398817211611495,-0.016314322615730948,-0.22024335531236022
2021-08-09,00:00:00,0.73492,0.73567,0.73302,0.73345,3431,0.73464,BEARISH_DAILY_LOW_BREAKOUT,1,0.2699570522871336,0.2849546663030779,-0.06680755334380005
2021-08-10,04:00:00,0.73296,0.73341,0.73157,0.73235,4856,0.73279,BEARISH_DAILY_LOW_BREAKOUT,1,0.15702874308733467,0.2990373455315116,0.22120570765345338
2021-08-17,04:00:00,0.73388,0.73388,0.73025,0.73079,5972,0.73193,BEARISH_DAILY_LOW_BREAKOUT,1,-0.2627293750598712,-0.7498734246500417,-0.6116668263112638
2021-08-18,16:00:00,0.72525,0.72562,0.72298,0.72342,10316,0.72424,BEARISH_DAILY_LOW_BREAKOUT,1,0.05667523706837266,-0.41607917945314715,-0.9012745016726066
2021-08-19,04:00:00,0.72311,0.72328,0.71974,0.72041,7287,0.72285,BEARISH_DAILY_LOW_BREAKOUT,1,-0.4594605849446891,-0.487222553823519,-0.8286947710331659
2021-08-20,08:00:00,0.71443,0.71466,0.71061,0.71134,11152,0.71421,BEARISH_DAILY_LOW_BREAKOUT,1,0.20102904377654038,0.3767537323923884,0.6635364242134645
2021-09-07,08:00:00,0.74394,0.74686,0.74101,0.74252,11060,0.74262,BEARISH_DAILY_LOW_BREAKOUT,1,-0.42692452728546115,-0.5413995582610451,-0.8242202230242827
2021-09-08,08:00:00,0.73885,0.73908,0.73627,0.7364,11463,0.73745,BEARISH_DAILY_LOW_BREAKOUT,1,0.17517653449211057,0.05567626290058533,0.14530146659422927
2021-09-14,12:00:00,0.73498,0.73522,0.73242,0.73298,10936,0.7336,BEARISH_DAILY_LOW_BREAKOUT,1,0.05320745450080514,-0.1841796501950889,-0.16371524461785844
2021-09-16,16:00:00,0.732,0.73225,0.7274,0.7287,17165,0.73013,BEARISH_DAILY_LOW_BREAKOUT,1,0.09743378619459152,0.10703993412927171,-0.1619322080417277
2021-09-17,20:00:00,0.72751,0.72818,0.72616,0.7264,7113,0.7274,BEARISH_DAILY_LOW_BREAKOUT,1,-0.009636563876653978,-0.3716960352422956,-0.022026431718068416
2021-09-20,04:00:00,0.72633,0.72682,0.72264,0.72322,8138,0.72616,BEARISH_DAILY_LOW_BREAKOUT,1,0.06636984596665413,0.19357871740273608,0.4991565498741741
2021-09-28,16:00:00,0.72543,0.7256,0.72292,0.72358,27954,0.72474,BEARISH_DAILY_LOW_BREAKOUT,1,0.049752618922583126,0.18242626938278944,-0.6523121147627002
2021-09-29,16:00:00,0.72304,0.72367,0.7181,0.71886,18932,0.72252,BEARISH_DAILY_LOW_BREAKOUT,1,-0.20727262610245417,0.19753498594997312,0.5536543972400723
2021-10-06,08:00:00,0.7266,0.72679,0.72315,0.72327,12254,0.72487,BEARISH_DAILY_LOW_BREAKOUT,1,0.15346965863371292,0.5834612247155283,0.8447744272540075
2021-10-18,04:00:00,0.74243,0.74255,0.73993,0.74032,7016,0.74033,BEARISH_DAILY_LOW_BREAKOUT,1,0.031067646423176935,0.18505511130321783,0.6024421871623108
2021-10-21,20:00:00,0.74912,0.74928,0.74582,0.74646,4936,0.74649,BEARISH_DAILY_LOW_BREAKOUT,1,-0.02143450419313145,0.4219918013021443,0.02947244326554644
2021-11-01,08:00:00,0.75055,0.75136,0.74861,0.7491,5123,0.75,BEARISH_DAILY_LOW_BREAKOUT,1,0.32438926712055044,0.3844613536243484,-0.23494860499265569
2021-11-02,08:00:00,0.7504,0.75052,0.74656,0.74734,8885,0.74861,BEARISH_DAILY_LOW_BREAKOUT,1,-0.10704632429684251,-0.5472743329675969,-0.3612813445018379
2021-11-04,16:00:00,0.74166,0.74187,0.73827,0.74021,14459,0.74122,BEARISH_DAILY_LOW_BREAKOUT,1,0.033774199213732925,-0.08105807811297401,0.05809162264761762
2021-11-05,12:00:00,0.73895,0.73899,0.7366,0.73706,7722,0.73827,BEARISH_DAILY_LOW_BREAKOUT,1,0.48571351043333194,0.33375844571675395,0.48571351043333194
2021-11-09,16:00:00,0.74073,0.74115,0.73702,0.73739,11575,0.7384,BEARISH_DAILY_LOW_BREAKOUT,1,0.062382185817547835,-0.11120302689215246,-0.20613244009275497
2021-11-10,12:00:00,0.73624,0.73784,0.73538,0.7356,6120,0.73606,BEARISH_DAILY_LOW_BREAKOUT,1,0.03670473083197288,-0.3099510603588988,-0.7463295269168019
2021-11-11,04:00:00,0.73331,0.7341,0.72951,0.73055,7896,0.73308,BEARISH_DAILY_LOW_BREAKOUT,1,-0.03422079255356697,0.01779481212784388,-0.31072479638628353
2021-11-12,04:00:00,0.72902,0.72968,0.72764,0.72828,5259,0.7287,BEARISH_DAILY_LOW_BREAKOUT,1,0.32267809084417576,0.5176580436095924,0.7758005162849361
2021-11-16,16:00:00,0.73433,0.73455,0.73115,0.73165,11868,0.73229,BEARISH_DAILY_LOW_BREAKOUT,1,-0.21595024943620936,-0.5740449668557345,-0.5549101346272212
2021-11-17,04:00:00,0.73009,0.73023,0.72621,0.72745,7023,0.73007,BEARISH_DAILY_LOW_BREAKOUT,1,0.266684995532331,0.019245308955930712,-0.09897587463056622
2021-11-18,16:00:00,0.72861,0.72913,0.72494,0.7259,10208,0.726,BEARISH_DAILY_LOW_BREAKOUT,1,0.22730403636865137,0.18735362997658464,-0.07439041190246383
2021-11-19,12:00:00,0.72833,0.72858,0.72316,0.72376,12267,0.72494,BEARISH_DAILY_LOW_BREAKOUT,1,0.22106775726760888,-0.09671714380456546,0.2611362882723635
2021-11-22,20:00:00,0.7247,0.72512,0.72251,0.72258,6688,0.72268,BEARISH_DAILY_LOW_BREAKOUT,1,0.013839298070800324,0.011071438456637188,-0.04290182401949023
2021-11-23,12:00:00,0.72266,0.72317,0.7211,0.72178,11770,0.72251,BEARISH_DAILY_LOW_BREAKOUT,1,0.012469173432352586,0.04710576629998157,-0.06511679459114557
2021-11-24,04:00:00,0.72215,0.72271,0.7204,0.72058,6814,0.72067,BEARISH_DAILY_LOW_BREAKOUT,1,0.1568181187376786,-0.20677787337977618,-0.03608204501929529
2021-11-26,00:00:00,0.71877,0.71911,0.71723,0.71724,8640,0.71796,BEARISH_DAILY_LOW_BREAKOUT,1,-0.42663543583736985,-0.4628855055490477,-0.4224527354860266
2021-11-30,16:00:00,0.71309,0.71703,0.70892,0.70931,18841,0.71137,BEARISH_DAILY_LOW_BREAKOUT,1,0.345406098884825,0.9107442444065389,0.7274675388758164
2021-12-02,00:00:00,0.711,0.7112,0.70945,0.71067,6824,0.71091,BEARISH_DAILY_LOW_BREAKOUT,1,0.09709147705685739,-0.0154783514148697,-0.285645939746996
2021-12-03,04:00:00,0.70864,0.70871,0.70623,0.70698,6063,0.70845,BEARISH_DAILY_LOW_BREAKOUT,1,-0.05799315397889918,-0.7737135421086998,-0.7001612492574061
2021-12-13,16:00:00,0.71376,0.71448,0.71106,0.71141,9947,0.71317,BEARISH_DAILY_LOW_BREAKOUT,1,0.344386500049207,-0.2319337653392615,0.033735820412985194
2021-12-14,04:00:00,0.71307,0.71325,0.70901,0.70976,4077,0.71105,BEARISH_DAILY_LOW_BREAKOUT,1,0.3226442741208316,0.2662871956717846,0.14793733092877964
2021-12-17,20:00:00,0.71515,0.71581,0.7122,0.71258,11554,0.71386,BEARISH_DAILY_LOW_BREAKOUT,1,-0.13752841786185144,-0.4645092480844305,-0.21611608521148307
2021-12-20,00:00:00,0.7127,0.71324,0.71086,0.7116,1973,0.7122,BEARISH_DAILY_LOW_BREAKOUT,1,-0.021079258010115724,-0.07448004496908803,-0.09836987071388896
2021-12-27,12:00:00,0.72277,0.72309,0.72055,0.72159,2637,0.72176,BEARISH_DAILY_LOW_BREAKOUT,1,0.3034964453498559,0.2674649038928059,0.5030557518812653
2022-01-03,16:00:00,0.72482,0.72482,0.7185,0.71865,8751,0.72424,BEARISH_DAILY_LOW_BREAKOUT,1,0.05426841995408077,0.21985667571140693,0.8307242746816992
2022-01-06,00:00:00,0.72231,0.72252,0.72136,0.722,5520,0.72206,BEARISH_DAILY_LOW_BREAKOUT,1,-0.3975069252077463,-0.7146814404432054,-0.8074792243767316
2022-01-14,12:00:00,0.72819,0.72937,0.72614,0.72617,6345,0.72733,BEARISH_DAILY_LOW_BREAKOUT,1,-0.4007326108211532,-0.6362146604789454,-0.5714915240232985
2022-01-18,04:00:00,0.72108,0.72278,0.71805,0.71859,6754,0.71958,BEARISH_DAILY_LOW_BREAKOUT,1,0.22822471785024645,0.03200712506437099,-0.016699369598783445
2022-01-21,04:00:00,0.72156,0.72185,0.71814,0.71915,11930,0.72067,BEARISH_DAILY_LOW_BREAKOUT,1,0.08482235973023701,0.1070708475283388,-0.1557394145866662
2022-01-24,08:00:00,0.71802,0.71834,0.71534,0.71624,6198,0.71714,BEARISH_DAILY_LOW_BREAKOUT,1,-0.4188540154138281,-0.48168211772589536,-0.2806321903272585
2022-01-27,04:00:00,0.71212,0.71213,0.70726,0.70804,15699,0.71138,BEARISH_DAILY_LOW_BREAKOUT,1,-0.1638325518332368,-0.43217897293937513,-0.5903621264335294
2022-01-28,08:00:00,0.70385,0.7042,0.70148,0.70182,12635,0.70241,BEARISH_DAILY_LOW_BREAKOUT,1,-0.5499985751332214,-0.3220198911401841,0.3590664272890437
2022-02-03,12:00:00,0.71302,0.7131,0.71095,0.71143,11358,0.71147,BEARISH_DAILY_LOW_BREAKOUT,1,0.4835331655960528,0.3879510282107846,-0.3471880578553016
2022-02-04,12:00:00,0.71153,0.71153,0.70841,0.70896,11755,0.71095,BEARISH_DAILY_LOW_BREAKOUT,1,-0.44008124576845115,-0.14669374858948894,0.11143082825546678
2022-02-11,04:00:00,0.71608,0.71613,0.71328,0.71397,8089,0.71468,BEARISH_DAILY_LOW_BREAKOUT,1,-0.21849657548636578,0.5154278190960428,-0.3123380534196051
2022-02-14,12:00:00,0.71223,0.71228,0.70861,0.70968,14685,0.71084,BEARISH_DAILY_LOW_BREAKOUT,1,0.30999887273136906,0.48895276744447824,0.5664524856273283
2022-02-24,04:00:00,0.72271,0.72291,0.71758,0.71852,23692,0.72132,BEARISH_DAILY_LOW_BREAKOUT,1,-0.10716472749541395,-1.25118298725158,-0.005566998830935812
2022-03-08,08:00:00,0.73273,0.73284,0.72713,0.72759,16826,0.73114,BEARISH_DAILY_LOW_BREAKOUT,1,0.28175208565263354,-0.0027488008356229446,0.26800808147445776
2022-03-14,04:00:00,0.72955,0.72966,0.72506,0.72526,10749,0.72819,BEARISH_DAILY_LOW_BREAKOUT,1,-0.11582053332598832,-0.3157488349005893,-0.9045032126409853
2022-03-15,04:00:00,0.7198,0.72061,0.71654,0.7187,12270,0.71897,BEARISH_DAILY_LOW_BREAKOUT,1,0.07652706275218303,0.11826909698066194,0.17392514261861325
2022-03-28,16:00:00,0.75192,0.75259,0.74665,0.74774,20484,0.74947,BEARISH_DAILY_LOW_BREAKOUT,1,0.2928825527589838,0.16717040682591333,0.3410276299248472
2022-03-31,04:00:00,0.75011,0.75251,0.74829,0.74858,14436,0.74997,BEARISH_DAILY_LOW_BREAKOUT,1,-0.024045526196274144,0.1589676454086436,0.012022763098122242
2022-04-06,20:00:00,0.7542,0.75571,0.74852,0.75094,24686,0.75358,BEARISH_DAILY_LOW_BREAKOUT,1,-0.06391988707487095,-0.31294111380404216,-0.4194742589288221
2022-04-07,04:00:00,0.75046,0.75136,0.74799,0.748,11936,0.74852,BEARISH_DAILY_LOW_BREAKOUT,1,0.07887700534759083,-0.11764705882352834,-0.04278074866309986
2022-04-08,08:00:00,0.74768,0.74928,0.74573,0.7461,10644,0.74666,BEARISH_DAILY_LOW_BREAKOUT,1,-0.013403029084571636,-0.028146361077594488,-0.31765178930438054
2022-04-11,16:00:00,0.7445,0.74458,0.74195,0.742,15948,0.74263,BEARISH_DAILY_LOW_BREAKOUT,1,-0.03504043126685148,0.04447439353100437,0.8382749326145557
2022-04-15,16:00:00,0.74046,0.74079,0.73924,0.73953,5799,0.73971,BEARISH_DAILY_LOW_BREAKOUT,1,0.01081768150040823,-0.5124876610820482,-0.5773937500845125
2022-04-18,04:00:00,0.73961,0.73971,0.73572,0.73574,10443,0.739,BEARISH_DAILY_LOW_BREAKOUT,1,0.13591757957974296,-0.06524043819826637,0.1155299426427838
2022-04-22,00:00:00,0.73746,0.73774,0.73593,0.73602,4392,0.73648,BEARISH_DAILY_LOW_BREAKOUT,1,-0.1970055161544608,-0.7459036439227188,-1.7458764707480812
2022-04-25,00:00:00,0.72401,0.72537,0.72316,0.72317,3403,0.72347,BEARISH_DAILY_LOW_BREAKOUT,1,-0.6416195362086339,-0.6983143659167276,-0.7619231992477585
2022-04-27,16:00:00,0.71368,0.71448,0.71011,0.71238,26194,0.71337,BEARISH_DAILY_LOW_BREAKOUT,1,-0.026671158651284912,-0.42533479322832995,-0.6569527499368338
2022-04-28,04:00:00,0.71213,0.71256,0.70929,0.70935,16456,0.71011,BEARISH_DAILY_LOW_BREAKOUT,1,0.8275181504193883,-0.2326073165574174,0.48354127017691306
2022-05-02,04:00:00,0.7063,0.7082,0.70325,0.7051,15827,0.70589,BEARISH_DAILY_LOW_BREAKOUT,1,-0.06523897319527797,0.09785845979294844,0.5715501347326747
2022-05-06,08:00:00,0.71119,0.71164,0.70637,0.70741,18430,0.70773,BEARISH_DAILY_LOW_BREAKOUT,1,0.2431404701658239,-0.05230347323334155,-0.9131903705064985
2022-05-09,00:00:00,0.70642,0.70693,0.7042,0.70443,5305,0.70584,BEARISH_DAILY_LOW_BREAKOUT,1,-0.4556875771900751,-0.5806112743636753,-1.2946637707082347
2022-05-10,08:00:00,0.69694,0.6986,0.69407,0.69441,23013,0.69446,BEARISH_DAILY_LOW_BREAKOUT,1,0.1785688570153107,-0.07488371423222087,0.49682464250227737
2022-05-12,00:00:00,0.69324,0.69422,0.6926,0.69264,5243,0.69274,BEARISH_DAILY_LOW_BREAKOUT,1,-0.046200046200044316,-1.014957264957262,-0.8402633402633471
2022-05-18,20:00:00,0.69971,0.70044,0.69578,0.69613,18794,0.69633,BEARISH_DAILY_LOW_BREAKOUT,1,-0.008619079769591887,0.4137158289399959,1.3460129573499187
2022-05-25,12:00:00,0.7094,0.70967,0.70469,0.70508,17397,0.70564,BEARISH_DAILY_LOW_BREAKOUT,1,0.21557837408520533,0.5588018380892867,0.516253474783
2022-06-06,00:00:00,0.72092,0.72163,0.72,0.72006,1414,0.72018,BEARISH_DAILY_LOW_BREAKOUT,1,-0.12221203788573061,0.3402494236591329,-0.20414965419549513
2022-06-07,00:00:00,0.71961,0.71961,0.71806,0.71859,3886,0.71864,BEARISH_DAILY_LOW_BREAKOUT,1,-0.14194464158976747,-0.2518821581151948,0.491239789031302
2022-06-09,08:00:00,0.71799,0.71863,0.71661,0.71673,14173,0.71756,BEARISH_DAILY_LOW_BREAKOUT,1,0.11859417074770379,-0.9920053576660598,-0.5887851771238823
2022-06-10,16:00:00,0.71155,0.71321,0.70377,0.70526,37575,0.70962,BEARISH_DAILY_LOW_BREAKOUT,1,-0.13328417888439043,-0.3828375350934458,-1.542693474746902
2022-06-13,00:00:00,0.70328,0.70597,0.70151,0.70197,5073,0.70377,BEARISH_DAILY_LOW_BREAKOUT,1,0.08404917589070465,-0.8347935096941431,-1.1268287818567706
2022-06-14,12:00:00,0.69512,0.69515,0.68824,0.6883,29006,0.69112,BEARISH_DAILY_LOW_BREAKOUT,1,0.07700130756937823,0.061019904111575755,0.8876943193374907
2022-06-17,16:00:00,0.69796,0.69937,0.68979,0.69214,37685,0.69436,BEARISH_DAILY_LOW_BREAKOUT,1,0.21960874967493238,0.47822694830526125,0.8495391105845632
2022-06-22,04:00:00,0.69598,0.69616,0.69157,0.69245,22253,0.69345,BEARISH_DAILY_LOW_BREAKOUT,1,-0.4072496209112636,0.10253447902375457,-0.4679038197703835
2022-06-23,08:00:00,0.68923,0.69042,0.68688,0.68786,23933,0.68815,BEARISH_DAILY_LOW_BREAKOUT,1,0.24568952984618517,0.35472334486668766,0.3401855028639561
2022-06-29,00:00:00,0.69079,0.69111,0.69022,0.69032,4597,0.69049,BEARISH_DAILY_LOW_BREAKOUT,1,0.04925252057017136,-0.09415923050180197,-0.3664966971839193
2022-07-01,04:00:00,0.68975,0.69033,0.68241,0.68321,29708,0.68538,BEARISH_DAILY_LOW_BREAKOUT,1,-0.4888687226475037,-0.63523660367969,-0.4039753516488319
2022-07-05,12:00:00,0.68169,0.68186,0.67781,0.67837,27159,0.67936,BEARISH_DAILY_LOW_BREAKOUT,1,-0.16804988428144374,0.14741217919424515,0.27860901867711535
2022-07-11,12:00:00,0.6804,0.68136,0.67679,0.67691,15126,0.67917,BEARISH_DAILY_LOW_BREAKOUT,1,-0.2925056506773399,-0.4239854633555478,-0.5096689367862883
2022-07-14,12:00:00,0.67689,0.67719,0.67097,0.67192,20537,0.67253,BEARISH_DAILY_LOW_BREAKOUT,1,0.3318847481843174,0.5476842481247792,0.49112989641625204
2022-07-21,12:00:00,0.68745,0.68805,0.6859,0.68697,19223,0.68728,BEARISH_DAILY_LOW_BREAKOUT,1,0.4003086015401008,0.7627698443891323,1.0262456875846109
2022-07-27,04:00:00,0.69452,0.69579,0.69125,0.69216,18008,0.69217,BEARISH_DAILY_LOW_BREAKOUT,1,0.21671289875174193,-0.037563569116972666,1.0618932038834905
2022-08-02,08:00:00,0.70163,0.70204,0.69249,0.69272,27551,0.69685,BEARISH_DAILY_LOW_BREAKOUT,1,0.11693036147360802,-0.0721792354775459,0.036089617738764936
2022-08-03,00:00:00,0.69221,0.69257,0.68885,0.68902,6489,0.69124,BEARISH_DAILY_LOW_BREAKOUT,1,0.6211720995036518,0.7430843807146401,0.682128240109146
2022-08-05,16:00:00,0.69505,0.69566,0.68697,0.68993,36119,0.6935,BEARISH_DAILY_LOW_BREAKOUT,1,0.15798704216368678,0.4174336526894023,1.323322655921611
2022-08-15,08:00:00,0.71052,0.71065,0.70616,0.70623,14475,0.70848,BEARISH_DAILY_LOW_BREAKOUT,1,-0.4870934398142246,-0.5479801197910086,-0.6740013876499138
2022-08-16,12:00:00,0.70147,0.70208,0.69931,0.69984,18657,0.70112,BEARISH_DAILY_LOW_BREAKOUT,1,0.16718106995884835,0.3029263831732983,-0.8659122085048104
2022-08-17,08:00:00,0.70011,0.7025,0.69732,0.69775,18794,0.69911,BEARISH_DAILY_LOW_BREAKOUT,1,-0.5689716947330747,-0.5976352561805814,-0.7997133643855292
2022-08-19,12:00:00,0.69104,0.69151,0.6877,0.68901,13820,0.68989,BEARISH_DAILY_LOW_BREAKOUT,1,-0.31059055746651437,-0.1930305801076985,0.2801120448179253
2022-08-26,20:00:00,0.692,0.69214,0.6888,0.68904,14711,0.69007,BEARISH_DAILY_LOW_BREAKOUT,1,-0.3715314060141656,-0.502147915941022,0.1639962846859347
2022-08-29,00:00:00,0.68781,0.6885,0.68602,0.68648,5291,0.6888,BEARISH_DAILY_LOW_BREAKOUT,1,-0.08594569397505819,0.16169444120732657,0.6161869246008722
2022-08-31,20:00:00,0.68633,0.68651,0.68405,0.68419,12889,0.68454,BEARISH_DAILY_LOW_BREAKOUT,1,-0.20462152326107616,-0.1125418377935862,-0.8287171692073771
2022-09-01,00:00:00,0.68419,0.68455,0.68257,0.68279,6798,0.68405,BEARISH_DAILY_LOW_BREAKOUT,1,-0.3544281550696375,0.07176437850583495,-0.48038196224315827
2022-09-05,08:00:00,0.67943,0.67985,0.67727,0.6775,20018,0.67751,BEARISH_DAILY_LOW_BREAKOUT,1,0.24059040590406205,0.3645756457564535,0.23616236162362303
2022-09-06,16:00:00,0.67733,0.67774,0.67309,0.67491,30910,0.67727,BEARISH_DAILY_LOW_BREAKOUT,1,-0.23855032522854905,-0.640085344712627,-0.30522588196945694
2022-09-07,04:00:00,0.67283,0.67328,0.66991,0.67059,22973,0.67277,BEARISH_DAILY_LOW_BREAKOUT,1,0.37280603647533467,0.33701665697369904,0.21622750115569148
2022-09-13,16:00:00,0.69096,0.69106,0.67609,0.67625,41140,0.6822,BEARISH_DAILY_LOW_BREAKOUT,1,-0.44362292051756047,-0.493900184842885,-0.17449168207025062
2022-09-14,08:00:00,0.67291,0.67421,0.67052,0.67264,19226,0.67265,BEARISH_DAILY_LOW_BREAKOUT,1,-0.2467887725975254,0.2646289248334925,0.503984300666033
2022-09-15,20:00:00,0.67072,0.67289,0.66958,0.67022,7875,0.67052,BEARISH_DAILY_LOW_BREAKOUT,1,-0.23574348721315774,-0.39390051028021944,0.2252991555011804
2022-09-16,00:00:00,0.67019,0.67036,0.66845,0.66864,2367,0.66958,BEARISH_DAILY_LOW_BREAKOUT,1,0.3589375448671868,0.0702919358698209,0.5787867910983548
2022-09-21,08:00:00,0.66774,0.66836,0.66545,0.66701,15005,0.66765,BEARISH_DAILY_LOW_BREAKOUT,1,0.028485330055025185,-0.5037405736045981,-0.9085321059654209
2022-09-22,00:00:00,0.66363,0.66395,0.66073,0.66122,3976,0.66213,BEARISH_DAILY_LOW_BREAKOUT,1,-0.33271830858110457,0.5792323281207464,0.4748797677021143
2022-09-23,16:00:00,0.65779,0.65909,0.65358,0.65422,25245,0.65739,BEARISH_DAILY_LOW_BREAKOUT,1,-0.20940967870135158,-0.6175292714988908,-1.1968450979792735
2022-09-26,04:00:00,0.65311,0.65368,0.64862,0.65018,21083,0.65111,BEARISH_DAILY_LOW_BREAKOUT,1,0.024608569934487217,-0.5829155003229813,-0.32452551601094237
2022-09-27,20:00:00,0.64441,0.6446,0.64138,0.64291,15881,0.64377,BEARISH_DAILY_LOW_BREAKOUT,1,0.07466052791215504,-0.569286525330139,1.3703317727209072
2022-09-28,04:00:00,0.64334,0.64442,0.63882,0.6399,17596,0.64138,BEARISH_DAILY_LOW_BREAKOUT,1,-0.10157837162057187,1.7471479918737252,1.3752148773245865
2022-09-30,20:00:00,0.64358,0.64362,0.63908,0.63985,13722,0.64357,BEARISH_DAILY_LOW_BREAKOUT,1,0.3282019223255436,0.7736188169102148,1.81605063686801
2022-10-05,12:00:00,0.64848,0.64895,0.64331,0.64397,12705,0.64505,BEARISH_DAILY_LOW_BREAKOUT,1,0.3913225771386814,1.1227231082193205,0.3540537602683275
2022-10-06,16:00:00,0.64624,0.64822,0.64101,0.64106,29555,0.64165,BEARISH_DAILY_LOW_BREAKOUT,1,-0.017159080273288534,0.10607431441674944,-0.27766511714972136
2022-10-07,20:00:00,0.63927,0.63991,0.6354,0.63603,10677,0.63888,BEARISH_DAILY_LOW_BREAKOUT,1,0.009433517286929862,-0.8034212222693817,-0.9747967863151084
2022-10-10,04:00:00,0.63609,0.63802,0.63428,0.6348,24172,0.6354,BEARISH_DAILY_LOW_BREAKOUT,1,-0.6112161310649015,-0.8742911153119178,-1.3453056080655312
2022-10-11,04:00:00,0.62961,0.63057,0.626,0.62626,23690,0.62748,BEARISH_DAILY_LOW_BREAKOUT,1,0.02075815156643622,1.052278606329637,-0.12454890939865278
2022-10-20,04:00:00,0.62637,0.62733,0.62286,0.62344,21548,0.62512,BEARISH_DAILY_LOW_BREAKOUT,1,0.5950853329911444,1.6168356217117892,0.5068651353779116
2022-10-28,12:00:00,0.64359,0.64371,0.6403,0.64126,17062,0.64255,BEARISH_DAILY_LOW_BREAKOUT,1,-0.08264978323925247,-0.19025044443751346,-0.36334716027821073
2022-11-02,20:00:00,0.64109,0.6492,0.63479,0.63593,40933,0.6377,BEARISH_DAILY_LOW_BREAKOUT,1,-0.3333700250027536,-0.5708175428113191,-1.0032550752441214
2022-11-03,00:00:00,0.63589,0.63627,0.63316,0.63381,9708,0.63479,BEARISH_DAILY_LOW_BREAKOUT,1,0.45597261008820617,-0.7746801091809802,-0.7936132279389688
2022-11-09,16:00:00,0.64704,0.64972,0.6431,0.64385,32735,0.64443,BEARISH_DAILY_LOW_BREAKOUT,1,-0.2391861458414205,-0.32926923972975236,2.444668789314277
2022-11-10,08:00:00,0.64175,0.64264,0.63913,0.64009,12243,0.64141,BEARISH_DAILY_LOW_BREAKOUT,1,-0.12342014404225475,2.983955381274509,3.9619428517864574
2022-11-17,04:00:00,0.67387,0.6748,0.6697,0.67104,20905,0.67197,BEARISH_DAILY_LOW_BREAKOUT,1,0.4262041010968176,-0.8911540295660446,0.06258941344777896
2022-11-21,04:00:00,0.6683,0.6683,0.66369,0.6657,21775,0.66602,BEARISH_DAILY_LOW_BREAKOUT,1,-0.31545741324921,-0.9869310500225273,-0.6399278954483898
2022-11-28,00:00:00,0.67152,0.67275,0.67099,0.67108,4614,0.67206,BEARISH_DAILY_LOW_BREAKOUT,1,-0.3755140966799736,0.013411217738575803,-0.8836502354413767
2022-12-02,16:00:00,0.68198,0.68239,0.67429,0.67733,44832,0.67792,BEARISH_DAILY_LOW_BREAKOUT,1,0.29527704368623886,1.102859758168098,-0.3779546159183864
2022-12-05,20:00:00,0.67477,0.67511,0.66895,0.66963,19014,0.67429,BEARISH_DAILY_LOW_BREAKOUT,1,0.1508295625942784,0.48683601391814,-0.1463494765766141
2022-12-06,20:00:00,0.67007,0.6721,0.6681,0.66865,17562,0.66895,BEARISH_DAILY_LOW_BREAKOUT,1,0.17348388544082105,0.1271218126074953,0.6700067299783204
2022-12-07,12:00:00,0.66952,0.66955,0.66693,0.66708,20249,0.6681,BEARISH_DAILY_LOW_BREAKOUT,1,0.8364813815434474,0.8199916052047692,0.8799544282544884
2022-12-12,16:00:00,0.67687,0.67729,0.67398,0.67422,21432,0.67425,BEARISH_DAILY_LOW_BREAKOUT,1,-0.01038236777313258,0.016315149357768007,2.0052801756103316
2022-12-15,12:00:00,0.68128,0.68182,0.67543,0.67648,25413,0.68098,BEARISH_DAILY_LOW_BREAKOUT,1,-0.6252956480605423,-0.8795529801324521,-0.9830298013244936
2022-12-20,04:00:00,0.67053,0.67438,0.66639,0.66691,28302,0.66824,BEARISH_DAILY_LOW_BREAKOUT,1,-0.21442173606634213,-0.049481939092239205,-0.07197372958870552
2022-12-29,12:00:00,0.67272,0.67335,0.67122,0.67144,14469,0.67192,BEARISH_DAILY_LOW_BREAKOUT,1,0.7327534850470517,0.7565828666746057,1.2480638627427532
2023-01-03,08:00:00,0.68314,0.68343,0.67831,0.67871,17805,0.67929,BEARISH_DAILY_LOW_BREAKOUT,1,-1.3113111638254953,-0.7543722650321953,0.8029939149268398
2023-01-06,12:00:00,0.67496,0.67593,0.67241,0.67292,19575,0.67352,BEARISH_DAILY_LOW_BREAKOUT,1,1.653985614931951,2.4713190275218504,2.7417820840516076
2023-01-19,04:00:00,0.69432,0.6948,0.68931,0.69061,15719,0.69385,BEARISH_DAILY_LOW_BREAKOUT,1,-0.24471119734726826,-0.22733525434036006,0.23312723534266813
2023-01-30,08:00:00,0.70856,0.70987,0.70749,0.70823,13939,0.70824,BEARISH_DAILY_LOW_BREAKOUT,1,-0.10872174293662347,-0.3544046425596222,-0.6622142524321155
2023-01-31,04:00:00,0.70579,0.70649,0.7034,0.70347,16043,0.70511,BEARISH_DAILY_LOW_BREAKOUT,1,0.009950673091960495,0.14357399746967964,0.2928340938490555
2023-02-03,04:00:00,0.70729,0.70729,0.70482,0.70609,13234,0.70687,BEARISH_DAILY_LOW_BREAKOUT,1,0.02266000084975697,-1.2052287951960823,-1.9147700718038743
2023-02-06,00:00:00,0.68923,0.69296,0.68896,0.69188,5350,0.6919,BEARISH_DAILY_LOW_BREAKOUT,1,0.09972827657974913,-0.2572700468289304,-0.4336012025206687
2023-02-10,04:00:00,0.69385,0.69485,0.69117,0.69147,17181,0.69187,BEARISH_DAILY_LOW_BREAKOUT,1,0.3962572490491221,0.11424935282802685,-0.12437271320521251
2023-02-13,04:00:00,0.69129,0.69162,0.68903,0.69061,18823,0.69091,BEARISH_DAILY_LOW_BREAKOUT,1,0.3373828933841176,0.7963973878165769,0.8065333545706078
2023-02-15,08:00:00,0.6937,0.69406,0.68927,0.69039,18043,0.69215,BEARISH_DAILY_LOW_BREAKOUT,1,-0.20568084705745696,-0.04200524341312902,0.27375831052014926
2023-02-17,12:00:00,0.68419,0.68422,0.68118,0.68162,22923,0.68403,BEARISH_DAILY_LOW_BREAKOUT,1,0.548692820046355,0.7760922508142392,1.3511927466917126
2023-02-21,20:00:00,0.68927,0.68933,0.68472,0.68539,18221,0.68626,BEARISH_DAILY_LOW_BREAKOUT,1,0.13714819299959743,-0.37496899575425263,-0.8608237645719978
2023-02-22,04:00:00,0.68629,0.6865,0.68306,0.68379,16813,0.68472,BEARISH_DAILY_LOW_BREAKOUT,1,-0.14185641790608614,-0.2954123341961745,-0.06727211570804136
2023-02-24,12:00:00,0.67941,0.67944,0.67618,0.67663,16076,0.67815,BEARISH_DAILY_LOW_BREAKOUT,1,-0.657671105330824,-0.4877111567621846,-0.743390035913273
2023-02-27,04:00:00,0.67333,0.67416,0.67082,0.67114,11979,0.67185,BEARISH_DAILY_LOW_BREAKOUT,1,0.05513007718212184,0.2696903775665419,0.3665405131567211
2023-03-06,12:00:00,0.67551,0.6757,0.67163,0.67201,15077,0.67211,BEARISH_DAILY_LOW_BREAKOUT,1,0.18749720986295426,0.16666418654484455,-0.8511778098540121
2023-03-07,04:00:00,0.67313,0.67481,0.66926,0.67148,13596,0.67163,BEARISH_DAILY_LOW_BREAKOUT,1,-0.1206290581997941,-1.6098766902960606,-2.1117531423124993
2023-03-08,04:00:00,0.6589,0.65958,0.6568,0.6573,12954,0.65811,BEARISH_DAILY_LOW_BREAKOUT,1,0.37425832952989774,0.5248744865358212,0.29210406207211814
2023-03-15,16:00:00,0.66406,0.66622,0.66007,0.66102,50834,0.66317,BEARISH_DAILY_LOW_BREAKOUT,1,0.13917884481557605,0.2889473843454006,0.624791988139537
2023-03-21,16:00:00,0.66825,0.66889,0.66497,0.66513,21380,0.66659,BEARISH_DAILY_LOW_BREAKOUT,1,0.2706237878309539,0.5998827296919473,0.5081713349270143
2023-03-24,12:00:00,0.66882,0.66887,0.66251,0.66365,24419,0.66696,BEARISH_DAILY_LOW_BREAKOUT,1,0.08287500941762231,0.22752957131018028,0.006027273412196188
2023-04-03,00:00:00,0.66813,0.66861,0.66555,0.66584,6703,0.66704,BEARISH_DAILY_LOW_BREAKOUT,1,0.07058752853537945,1.564940526252551,1.9193800312387381
2023-04-05,08:00:00,0.67546,0.67547,0.67085,0.67109,15447,0.67206,BEARISH_DAILY_LOW_BREAKOUT,1,-0.20116526844386928,0.13560029206217905,-0.04023305368877386
2023-04-06,16:00:00,0.66942,0.67017,0.66531,0.6673,18524,0.6677,BEARISH_DAILY_LOW_BREAKOUT,1,-0.011988610819716616,0.12288326090214938,-0.1198861081972161
2023-04-10,16:00:00,0.66583,0.66593,0.66194,0.66249,14078,0.66408,BEARISH_DAILY_LOW_BREAKOUT,1,0.26717384413348705,0.6520853144953116,0.34415613820585195
2023-04-17,16:00:00,0.67088,0.67154,0.66809,0.66915,22150,0.6695,BEARISH_DAILY_LOW_BREAKOUT,1,0.20025405365015433,0.3302697451991234,0.3960248075917104
2023-04-21,08:00:00,0.67179,0.67193,0.66778,0.6687,9268,0.6697,BEARISH_DAILY_LOW_BREAKOUT,1,0.15103933004337766,0.08673545685659115,-0.043367728428295574
2023-04-25,08:00:00,0.66791,0.66877,0.66571,0.66593,11166,0.66656,BEARISH_DAILY_LOW_BREAKOUT,1,-0.09910951601519588,-0.5721322060877239,-0.7343114141126036
2023-04-26,04:00:00,0.66363,0.66392,0.6606,0.66066,11247,0.66143,BEARISH_DAILY_LOW_BREAKOUT,1,0.05751823933641145,0.13017285744558046,0.006054551509086214
2023-04-28,12:00:00,0.65954,0.65974,0.65787,0.65862,11348,0.65934,BEARISH_DAILY_LOW_BREAKOUT,1,0.4630894901460626,0.36136163493365653,0.7500531414169105
2023-05-04,00:00:00,0.66692,0.66761,0.66406,0.66416,9171,0.66493,BEARISH_DAILY_LOW_BREAKOUT,1,0.6820645627559675,0.5616116598410038,0.8220910623946068
2023-05-11,08:00:00,0.6772,0.67802,0.67293,0.67353,11432,0.67441,BEARISH_DAILY_LOW_BREAKOUT,1,-0.031179012070721792,-0.5033183377132427,-0.7364185708134701
2023-05-12,08:00:00,0.66915,0.67045,0.66853,0.66857,11042,0.6689,BEARISH_DAILY_LOW_BREAKOUT,1,-0.0493590798271015,-0.6655997128198923,0.08226513304516363
2023-05-17,08:00:00,0.66598,0.66604,0.6629,0.66297,9434,0.66512,BEARISH_DAILY_LOW_BREAKOUT,1,0.41178333861260846,0.49625171576391325,0.09502692429521992
2023-05-18,16:00:00,0.66391,0.66443,0.6605,0.66172,14880,0.6629,BEARISH_DAILY_LOW_BREAKOUT,1,0.11334099014689422,0.3037538535936752,0.6452880372362927
2023-05-23,12:00:00,0.66282,0.66351,0.66136,0.66161,9829,0.66272,BEARISH_DAILY_LOW_BREAKOUT,1,0.07859615181148485,-0.03627514698992125,-0.5940055319599142
2023-05-24,04:00:00,0.66137,0.66154,0.65858,0.66016,11982,0.66074,BEARISH_DAILY_LOW_BREAKOUT,1,-0.4710979156568023,-0.9361366941347498,-1.113366456616573
2023-05-25,04:00:00,0.65433,0.65443,0.65233,0.65281,11341,0.65298,BEARISH_DAILY_LOW_BREAKOUT,1,0.050550696220960534,-0.36304590922320173,-0.25275348110476864
2023-05-26,00:00:00,0.65042,0.6507,0.64972,0.64983,3584,0.64985,BEARISH_DAILY_LOW_BREAKOUT,1,0.20466891340811325,0.6617115245525708,0.40626009879506575
2023-05-30,04:00:00,0.65279,0.65594,0.65108,0.65132,11876,0.65177,BEARISH_DAILY_LOW_BREAKOUT,1,0.2778971933918778,-0.018424123318800126,-0.29325062949087505
2023-05-31,04:00:00,0.65176,0.65392,0.64899,0.64941,12045,0.6503,BEARISH_DAILY_LOW_BREAKOUT,1,-0.2740949477217788,-0.335689317996346,0.3141312884002295
2023-06-19,04:00:00,0.68722,0.68729,0.6834,0.68377,9773,0.68551,BEARISH_DAILY_LOW_BREAKOUT,1,0.4358190619652782,0.14478552729719738,-0.43143162174415495
2023-06-20,04:00:00,0.68496,0.6854,0.67981,0.68082,13092,0.6834,BEARISH_DAILY_LOW_BREAKOUT,1,-0.04406451044328412,-0.5787139038218536,-0.24676125848242045
2023-06-23,04:00:00,0.67594,0.67677,0.67037,0.67076,13369,0.67446,BEARISH_DAILY_LOW_BREAKOUT,1,-0.2146818534200007,-0.3190410877213952,-0.28176993261376027
2023-06-28,04:00:00,0.66822,0.66893,0.66182,0.66451,20737,0.66594,BEARISH_DAILY_LOW_BREAKOUT,1,-0.09179696317587385,-0.3822365351913587,-0.5432574378113199
2023-07-06,04:00:00,0.6655,0.6672,0.66503,0.66514,8201,0.66537,BEARISH_DAILY_LOW_BREAKOUT,1,0.29467480530415746,-0.5021499233243977,-0.29617824818833877
2023-07-17,04:00:00,0.68373,0.68382,0.68065,0.68085,11070,0.68353,BEARISH_DAILY_LOW_BREAKOUT,1,0.1277814496585206,0.17331277080121466,0.2790629360358394
2023-07-19,04:00:00,0.68133,0.68194,0.67826,0.67863,14766,0.67891,BEARISH_DAILY_LOW_BREAKOUT,1,-0.03094469740505614,-0.34628589953287703,0.6660477727185772
2023-07-21,12:00:00,0.67571,0.67574,0.6734,0.6734,11599,0.67545,BEARISH_DAILY_LOW_BREAKOUT,1,0.02970002970002643,-0.1262251262251288,0.13662013662014136
2023-07-27,20:00:00,0.674,0.67492,0.66981,0.67023,18836,0.67294,BEARISH_DAILY_LOW_BREAKOUT,1,0.13875833669038784,-1.108574668397423,-0.8415021708965545
2023-07-28,04:00:00,0.67118,0.67126,0.66553,0.66659,24386,0.66981,BEARISH_DAILY_LOW_BREAKOUT,1,-0.5685653850192879,0.043505003075355535,0.1545177695434938
2023-08-01,12:00:00,0.66443,0.66449,0.66254,0.66286,12314,0.66425,BEARISH_DAILY_LOW_BREAKOUT,1,-0.2790936245964485,-0.16745617475787578,-0.7874966056180797
2023-08-02,04:00:00,0.66175,0.66298,0.65865,0.65928,12670,0.6602,BEARISH_DAILY_LOW_BREAKOUT,1,-0.18049993932775518,-0.7811551996116958,-0.8509282854022576
2023-08-08,04:00:00,0.65724,0.6576,0.65364,0.65458,13966,0.65552,BEARISH_DAILY_LOW_BREAKOUT,1,-0.3315102814018157,-0.4949738763787498,0.11763268049740862
2023-08-11,00:00:00,0.65224,0.65237,0.65116,0.6512,3155,0.65203,BEARISH_DAILY_LOW_BREAKOUT,1,0.19195331695331286,0.25337837837838456,-0.26259213759213595
2023-08-14,04:00:00,0.64947,0.64969,0.64568,0.64669,13005,0.64859,BEARISH_DAILY_LOW_BREAKOUT,1,0.45616910730025334,0.439159411773812,0.6216270546939064
2023-08-16,04:00:00,0.64573,0.64601,0.64281,0.64489,15618,0.64514,BEARISH_DAILY_LOW_BREAKOUT,1,0.41092279303447743,-0.1535145528694716,-1.0342849168075103
2023-08-17,00:00:00,0.64213,0.64258,0.64129,0.64136,3341,0.64157,BEARISH_DAILY_LOW_BREAKOUT,1,-0.4895846326556118,0.31807409255331337,-0.11693900461519713
2023-08-25,00:00:00,0.64155,0.64214,0.64111,0.64124,2751,0.64142,BEARISH_DAILY_LOW_BREAKOUT,1,-0.06081966190505917,0.20897012039174223,0.054581747863508424
2023-09-01,16:00:00,0.64799,0.65217,0.64455,0.64458,51830,0.64612,BEARISH_DAILY_LOW_BREAKOUT,1,-0.0217195693319726,0.3040739706475475,0.21409289770081863
2023-09-05,04:00:00,0.64574,0.64598,0.6421,0.64258,13285,0.64388,BEARISH_DAILY_LOW_BREAKOUT,1,-0.7641071928787203,-0.6878520962370585,-0.7360951165613638
2023-09-13,04:00:00,0.64281,0.64329,0.63992,0.6405,9292,0.64085,BEARISH_DAILY_LOW_BREAKOUT,1,0.11241217798595692,0.2966432474629216,0.5042935206869736
2023-09-21,00:00:00,0.64459,0.64558,0.64352,0.64359,3897,0.6445,BEARISH_DAILY_LOW_BREAKOUT,1,-0.37290821796484686,-0.5515934057396701,-0.4148603924858917
2023-09-26,08:00:00,0.64185,0.64202,0.63874,0.64039,7233,0.64043,BEARISH_DAILY_LOW_BREAKOUT,1,0.03747716235419322,-0.13429316510251127,-0.3841409141304545
2023-09-27,04:00:00,0.63934,0.64092,0.63806,0.63818,7972,0.63874,BEARISH_DAILY_LOW_BREAKOUT,1,-0.03917390078033979,-0.23504340468205615,-0.14102604280924064
2023-10-02,12:00:00,0.64103,0.6415,0.63926,0.63945,6736,0.64075,BEARISH_DAILY_LOW_BREAKOUT,1,-0.3127687856751899,-0.5113769645789343,-1.4262256626788674
2023-10-03,00:00:00,0.6364,0.63672,0.63572,0.63618,2858,0.63627,BEARISH_DAILY_LOW_BREAKOUT,1,-0.26250432267596424,-0.9195510704517623,-0.8378131975227052
2023-10-12,16:00:00,0.64063,0.64084,0.63288,0.63334,34885,0.6388,BEARISH_DAILY_LOW_BREAKOUT,1,-0.3063125651309017,-0.09947263713013853,-0.7010452521552404
2023-10-13,16:00:00,0.6317,0.63291,0.62864,0.6289,24430,0.6307,BEARISH_DAILY_LOW_BREAKOUT,1,0.10812529813961104,0.5231356336460511,0.7743679440292462
2023-10-19,04:00:00,0.63327,0.63367,0.62956,0.62994,10765,0.63277,BEARISH_DAILY_LOW_BREAKOUT,1,-0.020636886052651758,0.3889259294535911,0.3159031018827088
2023-10-25,20:00:00,0.6333,0.63406,0.63049,0.63086,10904,0.63286,BEARISH_DAILY_LOW_BREAKOUT,1,-0.315442411945588,-0.2552071775037251,0.3027613099578478
2023-10-26,00:00:00,0.63086,0.63138,0.62841,0.62887,6227,0.63049,BEARISH_DAILY_LOW_BREAKOUT,1,-0.2258018350374621,0.21785106619809855,0.5788159715044408
2023-10-31,16:00:00,0.63635,0.63679,0.63142,0.63305,20638,0.63319,BEARISH_DAILY_LOW_BREAKOUT,1,0.192717794802938,0.0774030487323261,0.4991706816207332
2023-11-07,04:00:00,0.6488,0.65015,0.64547,0.64597,8394,0.64871,BEARISH_DAILY_LOW_BREAKOUT,1,-0.5650417202037311,-0.5867145533074402,-0.35914980571853006
2023-11-08,20:00:00,0.64148,0.64217,0.63986,0.63995,6519,0.64035,BEARISH_DAILY_LOW_BREAKOUT,1,0.11250878974919024,0.23439331197748978,-0.48910071099304103
2023-11-09,12:00:00,0.64146,0.64156,0.63915,0.63979,6149,0.63986,BEARISH_DAILY_LOW_BREAKOUT,1,0.4157614217165001,-0.5736257209396758,-0.7361790587536523
2023-11-10,00:00:00,0.63682,0.63768,0.63566,0.63612,3914,0.6363,BEARISH_DAILY_LOW_BREAKOUT,1,-0.10375400867760705,-0.16349116518896448,0.03930076086272597
2023-11-16,04:00:00,0.6511,0.65164,0.64609,0.64667,10940,0.64829,BEARISH_DAILY_LOW_BREAKOUT,1,0.21185457806918248,0.2659780104226352,-0.01546383781526729
2023-11-22,08:00:00,0.65532,0.65563,0.65273,0.65382,5691,0.6544,BEARISH_DAILY_LOW_BREAKOUT,1,0.38389770884953234,0.027530512985235844,0.5047260713958094
2023-11-30,12:00:00,0.66356,0.66393,0.65952,0.65987,9170,0.66054,BEARISH_DAILY_LOW_BREAKOUT,1,0.48191310409627225,0.11214330095322927,0.28945095246034497
2023-12-05,04:00:00,0.66164,0.66216,0.65716,0.65759,7779,0.66047,BEARISH_DAILY_LOW_BREAKOUT,1,-0.062348880001219825,-0.19769157073555982,0.27676819902979727
2023-12-07,04:00:00,0.65508,0.65584,0.65254,0.6528,5926,0.65406,BEARISH_DAILY_LOW_BREAKOUT,1,0.4947916666666598,0.955882352941163,1.2668504901960782
2023-12-11,08:00:00,0.65604,0.65673,0.65512,0.65549,4956,0.65581,BEARISH_DAILY_LOW_BREAKOUT,1,0.14645532349844556,0.1693389677950761,0.5934491754260094
2023-12-21,00:00:00,0.67466,0.67466,0.67149,0.67399,10611,0.67415,BEARISH_DAILY_LOW_BREAKOUT,1,0.143919049244058,0.24629445540734948,0.8338402646923648
2023-12-29,12:00:00,0.68331,0.68356,0.67952,0.67999,9042,0.68239,BEARISH_DAILY_LOW_BREAKOUT,1,0.34118148796305664,0.1352961072957002,0.0029412197238224093
2024-01-02,16:00:00,0.68001,0.68007,0.6761,0.67679,21179,0.67811,BEARISH_DAILY_LOW_BREAKOUT,1,-0.10490698739638417,-0.03102882725809239,-0.8259578303461906
2024-01-03,08:00:00,0.67658,0.67703,0.6755,0.67574,8421,0.67604,BEARISH_DAILY_LOW_BREAKOUT,1,-0.41732027111019687,-0.41140083464054295,-0.0532749282268368
2024-01-05,12:00:00,0.66983,0.67027,0.66759,0.66803,11149,0.66964,BEARISH_DAILY_LOW_BREAKOUT,1,0.8158316243282419,0.5269224436028274,0.04790204032752825
2024-01-11,16:00:00,0.67106,0.67233,0.66488,0.66605,29592,0.66782,BEARISH_DAILY_LOW_BREAKOUT,1,0.394865250356583,0.7101568951279952,0.5900457923579294
2024-01-15,08:00:00,0.66952,0.66952,0.66671,0.66698,7954,0.66704,BEARISH_DAILY_LOW_BREAKOUT,1,-0.10195208252121711,-0.1679210770937674,-0.7886293442082285
2024-01-16,00:00:00,0.66586,0.66615,0.66444,0.665,2630,0.66501,BEARISH_DAILY_LOW_BREAKOUT,1,-0.5624060150376055,-0.6887218045112825,-0.9233082706766969
2024-01-17,04:00:00,0.65887,0.65943,0.6567,0.65697,9416,0.6576,BEARISH_DAILY_LOW_BREAKOUT,1,-0.24658660212796107,-0.6149443658005759,-0.13394827769914955
2024-01-23,16:00:00,0.65777,0.65997,0.65616,0.65643,13512,0.65673,BEARISH_DAILY_LOW_BREAKOUT,1,0.1035906341879582,0.0746461922824963,0.5971695382599873
2024-01-31,04:00:00,0.65946,0.65993,0.65589,0.6569,11114,0.65748,BEARISH_DAILY_LOW_BREAKOUT,1,0.06393667224843597,0.6469782310853974,-0.04414674988582926
2024-02-01,08:00:00,0.65662,0.65672,0.65206,0.65329,10246,0.65589,BEARISH_DAILY_LOW_BREAKOUT,1,-0.22195349691562127,0.6000397985580559,0.8755682774877845
2024-02-05,12:00:00,0.65131,0.65153,0.64962,0.65019,10151,0.65021,BEARISH_DAILY_LOW_BREAKOUT,1,-0.45678955382273306,-0.3383626324612945,-0.09535674187546177
2024-02-08,12:00:00,0.65214,0.65218,0.64935,0.64969,9162,0.65155,BEARISH_DAILY_LOW_BREAKOUT,1,-0.16469393095168702,0.024627129861941696,0.21548738629191722
2024-02-13,16:00:00,0.65207,0.65383,0.64528,0.646,22450,0.65044,BEARISH_DAILY_LOW_BREAKOUT,1,-0.25232198142415174,0.004643962848293265,0.40092879256965647
2024-02-26,16:00:00,0.65504,0.65584,0.6533,0.65389,11788,0.65489,BEARISH_DAILY_LOW_BREAKOUT,1,-0.04893789475293811,-0.010705164477207863,0.10246371713897742
2024-02-28,04:00:00,0.65432,0.65493,0.65198,0.65215,11502,0.65245,BEARISH_DAILY_LOW_BREAKOUT,1,-0.20394081116308416,-0.4293490761327953,-0.09200337345703365
2024-03-05,00:00:00,0.65098,0.6512,0.64942,0.65065,4360,0.65077,BEARISH_DAILY_LOW_BREAKOUT,1,-0.06455083378159931,-0.2151694459386701,-0.04764466302926634
2024-03-11,04:00:00,0.66243,0.66264,0.66075,0.66114,12202,0.66128,BEARISH_DAILY_LOW_BREAKOUT,1,0.09075233687268128,-0.06050155791510965,0.06806425265451516
2024-03-14,16:00:00,0.66242,0.66296,0.65694,0.65837,14297,0.65909,BEARISH_DAILY_LOW_BREAKOUT,1,-0.015189027446570923,-0.2946671324635164,-0.24606224463448603
2024-03-15,04:00:00,0.6578,0.65793,0.6557,0.65643,4689,0.65694,BEARISH_DAILY_LOW_BREAKOUT,1,-0.09597367579176888,0.048748533735506756,-0.027421050226217266
2024-03-19,04:00:00,0.65567,0.65637,0.65319,0.65409,7698,0.65506,BEARISH_DAILY_LOW_BREAKOUT,1,-0.3424605176657507,-0.2002782491705916,-0.06879787185248978
2024-03-22,04:00:00,0.65708,0.65766,0.65261,0.65264,6773,0.6561,BEARISH_DAILY_LOW_BREAKOUT,1,-0.16701397401324397,-0.10572444226525626,0.0091934297621888
2024-03-27,04:00:00,0.65378,0.65382,0.65111,0.65209,5643,0.6528,BEARISH_DAILY_LOW_BREAKOUT,1,0.0950789001518295,0.04907298072353479,0.16255424864666856
2024-03-28,08:00:00,0.65315,0.65347,0.65041,0.65053,4187,0.65111,BEARISH_DAILY_LOW_BREAKOUT,1,-0.25210213210767923,0.16755568536422982,0.05995111678170129
2024-04-01,16:00:00,0.65151,0.65192,0.64806,0.64828,5851,0.65026,BEARISH_DAILY_LOW_BREAKOUT,1,0.07095699389153082,0.07095699389153082,0.45659283025854164
2024-04-10,16:00:00,0.66195,0.66235,0.65057,0.65073,18356,0.6598,BEARISH_DAILY_LOW_BREAKOUT,1,0.08144699030318556,0.14906335961150022,0.24895117790788113
2024-04-12,12:00:00,0.65189,0.65228,0.64895,0.64933,6390,0.65017,BEARISH_DAILY_LOW_BREAKOUT,1,-0.26026827653118895,-0.2941493539494506,-0.16632528914419015
2024-04-15,20:00:00,0.64677,0.64707,0.64375,0.64431,8696,0.64559,BEARISH_DAILY_LOW_BREAKOUT,1,-0.027936862690330584,-0.40042836522792236,-0.57115363722432
2024-04-16,04:00:00,0.64413,0.64431,0.6408,0.64178,8569,0.64375,BEARISH_DAILY_LOW_BREAKOUT,1,-0.007790831749196687,-0.14646763688492193,-0.03272149334663646
2024-04-19,04:00:00,0.6423,0.64242,0.63619,0.63902,26945,0.64163,BEARISH_DAILY_LOW_BREAKOUT,1,0.5085912803981056,0.4929423179243195,0.7308065475258915
2024-04-30,16:00:00,0.65274,0.65301,0.6486,0.64886,11094,0.65165,BEARISH_DAILY_LOW_BREAKOUT,1,-0.17415158894059804,-0.32518571032271143,0.07397589618716456
2024-05-01,00:00:00,0.64771,0.64793,0.64682,0.64744,2257,0.64769,BEARISH_DAILY_LOW_BREAKOUT,1,-0.10657358210798967,0.10657358210798967,0.851044112195727
2024-05-07,08:00:00,0.66289,0.663,0.65866,0.66006,5814,0.66025,BEARISH_DAILY_LOW_BREAKOUT,1,0.05908553767839309,-0.03181528951912439,-0.46359421870738293
2024-05-08,04:00:00,0.65881,0.65938,0.6569,0.65727,5390,0.65866,BEARISH_DAILY_LOW_BREAKOUT,1,-0.04107900862659067,0.15366592115872554,0.1567088106866243
2024-05-21,04:00:00,0.66716,0.6675,0.66464,0.66559,5298,0.66617,BEARISH_DAILY_LOW_BREAKOUT,1,0.10817470214395393,0.1382232305172902,0.1637644796346152
2024-05-22,16:00:00,0.66477,0.66562,0.66328,0.66345,7949,0.66464,BEARISH_DAILY_LOW_BREAKOUT,1,-0.26829452106413504,-0.06029090360991122,-0.10098726354660463
2024-05-23,20:00:00,0.66278,0.66322,0.65977,0.66033,7290,0.66078,BEARISH_DAILY_LOW_BREAKOUT,1,-0.042403040903782496,0.03634546363182318,0.36345463631821495
2024-05-24,04:00:00,0.66003,0.66047,0.65919,0.65956,5488,0.65977,BEARISH_DAILY_LOW_BREAKOUT,1,0.15313239129115702,0.47152647219357546,0.5897871308144746
2024-05-29,12:00:00,0.66553,0.66572,0.66266,0.66302,5844,0.66425,BEARISH_DAILY_LOW_BREAKOUT,1,-0.1885312660251703,-0.25338602153781403,-0.13121776115351533
2024-05-30,04:00:00,0.66135,0.66203,0.66001,0.66087,6523,0.6612,BEARISH_DAILY_LOW_BREAKOUT,1,-0.004539470697712787,0.48572336465568816,0.41157867659298436
2024-06-07,16:00:00,0.6667,0.667,0.65802,0.65875,13123,0.66334,BEARISH_DAILY_LOW_BREAKOUT,1,-0.13055028462997678,0.0015180265654748406,0.33851992409868165
2024-06-14,08:00:00,0.66301,0.66333,0.66097,0.66181,6983,0.6626,BEARISH_DAILY_LOW_BREAKOUT,1,-0.033242169202640934,-0.04986325380396979,-0.2311841767274643
2024-06-21,16:00:00,0.66651,0.66693,0.66313,0.66388,10020,0.66474,BEARISH_DAILY_LOW_BREAKOUT,1,0.010544074230284764,-0.0783274085678249,0.23498222570344124
2024-06-28,04:00:00,0.66497,0.66512,0.66199,0.66264,6801,0.66398,BEARISH_DAILY_LOW_BREAKOUT,1,0.1116745140649467,0.7168296510926041,0.618737172522032
2024-07-02,04:00:00,0.66541,0.66574,0.6634,0.66421,5363,0.66437,BEARISH_DAILY_LOW_BREAKOUT,1,0.0978606163713343,0.3959591093178394,0.4561810270848208
2024-07-16,04:00:00,0.67622,0.67628,0.67416,0.67477,6230,0.67523,BEARISH_DAILY_LOW_BREAKOUT,1,-0.06224343109503623,-0.3467848303866516,-0.14968063191901765
2024-07-18,20:00:00,0.67246,0.67272,0.66974,0.67031,7765,0.67207,BEARISH_DAILY_LOW_BREAKOUT,1,0.008951082335047964,-0.12083961152302329,-0.2938938700004351
2024-07-19,08:00:00,0.67004,0.67072,0.66899,0.6695,6253,0.66974,BEARISH_DAILY_LOW_BREAKOUT,1,0.002987303958180732,-0.17326362957430005,-0.4705003734129927
2024-07-22,04:00:00,0.66956,0.66958,0.66624,0.66706,7411,0.668,BEARISH_DAILY_LOW_BREAKOUT,1,-0.1064372020507883,-0.49620723772974473,-0.49320900668605755
2024-07-23,08:00:00,0.66376,0.66381,0.66219,0.66234,5498,0.66311,BEARISH_DAILY_LOW_BREAKOUT,1,-0.02868617326449006,-0.1479602621010496,-0.37593984962405896
2024-07-24,04:00:00,0.66117,0.66129,0.65911,0.65942,6532,0.66109,BEARISH_DAILY_LOW_BREAKOUT,1,0.06520881987201503,0.06672530405507808,-0.6399563252555278
2024-07-25,00:00:00,0.65791,0.65821,0.65723,0.65734,2153,0.65775,BEARISH_DAILY_LOW_BREAKOUT,1,-0.3255545075607799,-0.8184501171387791,-0.512672285270938
2024-07-31,04:00:00,0.65399,0.65423,0.6482,0.64978,9119,0.65289,BEARISH_DAILY_LOW_BREAKOUT,1,0.09849487518852135,0.5432607959616981,0.45092185047246575
2024-08-05,08:00:00,0.65011,0.6503,0.63489,0.64489,17264,0.64864,BEARISH_DAILY_LOW_BREAKOUT,1,-0.09148847090201111,0.7039960303307524,0.76602211229823
2024-08-22,12:00:00,0.6748,0.67523,0.67249,0.67302,4423,0.67305,BEARISH_DAILY_LOW_BREAKOUT,1,-0.3476865472051199,-0.3536299069864102,0.01188671956258061
2024-08-30,16:00:00,0.67977,0.68028,0.67579,0.67643,10521,0.67759,BEARISH_DAILY_LOW_BREAKOUT,1,-0.013305146134843734,-0.0059133982821473,0.35776059607054356
2024-09-03,04:00:00,0.67869,0.67918,0.67422,0.67444,6802,0.67567,BEARISH_DAILY_LOW_BREAKOUT,1,0.05486032856888402,-0.3691951841527774,-0.6701856354901962
2024-09-04,04:00:00,0.67128,0.67149,0.66853,0.66992,7599,0.67076,BEARISH_DAILY_LOW_BREAKOUT,1,0.1209099593981503,0.332875567231918,0.3507881538094212
2024-09-06,16:00:00,0.67346,0.67667,0.66724,0.66751,16682,0.67101,BEARISH_DAILY_LOW_BREAKOUT,1,-0.10037302811943781,0.08239576935176093,-0.20524037093078654
2024-09-09,12:00:00,0.66688,0.6669,0.66474,0.66577,4787,0.66594,BEARISH_DAILY_LOW_BREAKOUT,1,0.05557474803610578,-0.009012121303145078,0.08261111194557437
2024-10-01,16:00:00,0.69072,0.69137,0.68707,0.68853,13686,0.68953,BEARISH_DAILY_LOW_BREAKOUT,1,0.010166586786344023,0.29628338634482765,0.1292608891406413
2024-10-03,04:00:00,0.68838,0.68855,0.68601,0.6864,6782,0.68711,BEARISH_DAILY_LOW_BREAKOUT,1,-0.008741258741267483,-0.3234265734265734,-0.24912587412587256
2024-10-04,16:00:00,0.68404,0.68428,0.67868,0.67959,13671,0.68297,BEARISH_DAILY_LOW_BREAKOUT,1,-0.057387542488853784,0.16186229932753424,-0.5429744404714728
2024-10-07,16:00:00,0.67931,0.6798,0.67579,0.6759,10158,0.67852,BEARISH_DAILY_LOW_BREAKOUT,1,-0.06065986092615926,-0.393549341618582,-0.32697144548009094
2024-10-08,04:00:00,0.67548,0.6769,0.67146,0.67324,11807,0.67429,BEARISH_DAILY_LOW_BREAKOUT,1,0.04901669538352631,0.06684094825026164,-0.04901669538350981
2024-10-09,20:00:00,0.67236,0.67237,0.67107,0.67134,5516,0.67146,BEARISH_DAILY_LOW_BREAKOUT,1,0.03425983853188436,0.21896505496469318,0.35451485089521517
2024-10-14,12:00:00,0.67307,0.67343,0.67136,0.67161,5444,0.67245,BEARISH_DAILY_LOW_BREAKOUT,1,0.09827131817572608,0.1250725867690999,-0.022334390494497477
2024-10-15,20:00:00,0.67074,0.67113,0.6699,0.67,5913,0.67018,BEARISH_DAILY_LOW_BREAKOUT,1,-0.34029850746269547,-0.14179104477612034,-0.5223880597015013
2024-10-16,00:00:00,0.67,0.67047,0.66731,0.66772,2506,0.6699,BEARISH_DAILY_LOW_BREAKOUT,1,0.2246450608039383,0.11681543161804393,-0.19469238603006767
2024-10-21,08:00:00,0.67161,0.67174,0.66817,0.66885,5269,0.66915,BEARISH_DAILY_LOW_BREAKOUT,1,-0.019436345966952755,-0.4634820961351561,-0.10914255812213462
2024-10-23,12:00:00,0.66621,0.66634,0.66348,0.66364,4720,0.66504,BEARISH_DAILY_LOW_BREAKOUT,1,-0.08588994032908798,-0.036164185401726535,0.25766982098728064
2024-10-25,16:00:00,0.66343,0.66464,0.66199,0.66202,7387,0.66207,BEARISH_DAILY_LOW_BREAKOUT,1,-0.2583003534636567,-0.5740007854747629,-0.5196217636929396
2024-10-28,04:00:00,0.66025,0.66077,0.65808,0.65822,5815,0.66008,BEARISH_DAILY_LOW_BREAKOUT,1,0.24004132356963112,0.05469295980067864,-0.28865728783689537
2024-10-29,04:00:00,0.65829,0.65843,0.65613,0.65632,6480,0.65792,BEARISH_DAILY_LOW_BREAKOUT,1,0.02133105802048223,-0.11122623110677846,-0.35043881033641644
2024-10-30,04:00:00,0.65578,0.65703,0.65366,0.65402,6191,0.65447,BEARISH_DAILY_LOW_BREAKOUT,1,0.2905109935475829,0.6314791596587209,0.4678756001345451
2024-11-06,04:00:00,0.664,0.66414,0.65121,0.65171,17894,0.65778,BEARISH_DAILY_LOW_BREAKOUT,1,0.4802749689278922,0.8700188734252892,1.586595264765005
2024-11-12,04:00:00,0.65782,0.65811,0.65502,0.65515,8119,0.65624,BEARISH_DAILY_LOW_BREAKOUT,1,-0.019842784095239787,-0.15111043272533717,-0.2869571853773934
2024-11-13,16:00:00,0.65277,0.65455,0.64797,0.64989,13526,0.65138,BEARISH_DAILY_LOW_BREAKOUT,1,-0.22926956869623957,-0.45392297157980704,-0.2862022803859073
2024-11-14,04:00:00,0.64932,0.64953,0.64657,0.64694,8090,0.64797,BEARISH_DAILY_LOW_BREAKOUT,1,0.05410084397317719,0.1684854855164367,-0.10665594954709379
2024-11-26,00:00:00,0.65031,0.65066,0.64546,0.6463,4044,0.6487,BEARISH_DAILY_LOW_BREAKOUT,1,0.4332353396255647,0.44406622311620597,0.1701995977100402
2024-12-02,16:00:00,0.64904,0.64944,0.64444,0.64466,10539,0.64797,BEARISH_DAILY_LOW_BREAKOUT,1,0.38004529519435865,0.3381627524586541,0.471566407098322
2024-12-04,04:00:00,0.64847,0.64879,0.64074,0.64143,8734,0.64549,BEARISH_DAILY_LOW_BREAKOUT,1,0.38195906022482007,0.2946541321734341,0.31492134761392854
2024-12-06,12:00:00,0.64295,0.64315,0.64136,0.64157,6102,0.64211,BEARISH_DAILY_LOW_BREAKOUT,1,-0.4130492385865814,-0.2602989541281465,0.40213850398242235
2024-12-10,16:00:00,0.6398,0.64005,0.63667,0.63689,8255,0.63794,BEARISH_DAILY_LOW_BREAKOUT,1,0.19312597151785466,0.21824804911366205,-0.06594545368901632
2024-12-11,08:00:00,0.63824,0.63832,0.63405,0.63496,6509,0.63649,BEARISH_DAILY_LOW_BREAKOUT,1,0.02362353534080627,0.322854982991054,1.0284112385032185
2024-12-13,16:00:00,0.63703,0.63832,0.63514,0.63588,8310,0.6361,BEARISH_DAILY_LOW_BREAKOUT,1,0.00943574259293404,0.2327483172925767,0.17141599043845307
2024-12-17,12:00:00,0.63501,0.63504,0.63362,0.63429,5414,0.63448,BEARISH_DAILY_LOW_BREAKOUT,1,-0.028378186633884972,-0.06463920288827214,-0.4524744202178876
2024-12-18,04:00:00,0.63387,0.63387,0.63167,0.63172,5415,0.6332,BEARISH_DAILY_LOW_BREAKOUT,1,-0.04274045463179771,-0.18362565693660782,-1.4025201038434718
2024-12-19,00:00:00,0.62404,0.62439,0.61996,0.62045,8633,0.6239,BEARISH_DAILY_LOW_BREAKOUT,1,0.388427754049484,0.7156096381658473,0.4190506890160443
2024-12-26,16:00:00,0.6234,0.62341,0.62155,0.62161,6207,0.62181,BEARISH_DAILY_LOW_BREAKOUT,1,0.08204501214588093,0.0016087257283432521,-0.05952285194896823
2024-12-27,16:00:00,0.6218,0.62254,0.62006,0.62124,7329,0.62153,BEARISH_DAILY_LOW_BREAKOUT,1,0.014487154722817993,0.4732470542785304,0.05794861889125409
2024-12-31,16:00:00,0.62106,0.62112,0.61898,0.61914,8177,0.62014,BEARISH_DAILY_LOW_BREAKOUT,1,-0.04683916400168176,0.027457440966502482,0.3811738863585019
2025-01-01,00:00:00,0.61886,0.61937,0.61768,0.61768,1657,0.61786,BEARISH_DAILY_LOW_BREAKOUT,1,0.26389068773475266,0.4435953891982846,0.2606527651858568
2025-01-08,04:00:00,0.62337,0.62417,0.62117,0.62318,5530,0.62337,BEARISH_DAILY_LOW_BREAKOUT,1,-0.0914663500112262,-0.38030745530985965,-0.5231233351519512
2025-01-09,08:00:00,0.61987,0.62017,0.61796,0.61811,5679,0.61871,BEARISH_DAILY_LOW_BREAKOUT,1,0.2992994774392757,0.25238226205691633,0.1876688615294913
2025-01-10,16:00:00,0.61879,0.61909,0.6139,0.61553,13594,0.61715,BEARISH_DAILY_LOW_BREAKOUT,1,-0.2047016392377364,-0.21607395252872375,-0.09422773869673694
2025-01-27,08:00:00,0.62958,0.62972,0.62779,0.62781,5969,0.62783,BEARISH_DAILY_LOW_BREAKOUT,1,0.3344961055096273,0.0923846386645681,-0.42528790557652
2025-01-28,00:00:00,0.62838,0.62956,0.62563,0.6259,5697,0.62745,BEARISH_DAILY_LOW_BREAKOUT,1,-0.12302284710018349,-0.19651701549769363,-0.1246205464131655
2025-01-29,04:00:00,0.62511,0.62554,0.62266,0.62336,4848,0.6237,BEARISH_DAILY_LOW_BREAKOUT,1,0.04010523613962597,-0.11389887063654844,-0.035292607802874416
2025-01-31,00:00:00,0.62373,0.62396,0.61987,0.62136,5979,0.62147,BEARISH_DAILY_LOW_BREAKOUT,1,0.09656237929701524,-0.02253122183597737,-1.1603579245526023
2025-02-03,00:00:00,0.61502,0.61637,0.61372,0.61415,4129,0.61987,BEARISH_DAILY_LOW_BREAKOUT,1,-0.7131808190181453,0.09932426931531377,1.2325978995359566
2025-02-25,00:00:00,0.63569,0.63583,0.63362,0.63383,4490,0.63441,BEARISH_DAILY_LOW_BREAKOUT,1,0.20983544483535685,0.10570657747344689,0.20036918416610028
2025-02-26,12:00:00,0.63266,0.63345,0.63118,0.63136,7180,0.6322,BEARISH_DAILY_LOW_BREAKOUT,1,0.036429295489095355,-0.07602635580335085,-0.229662949822615
2025-02-27,04:00:00,0.63089,0.63097,0.62908,0.62925,8285,0.62994,BEARISH_DAILY_LOW_BREAKOUT,1,0.0778704807310275,-0.5880015891934725,-1.2888359157727374
2025-02-28,00:00:00,0.62425,0.62435,0.62299,0.62312,5099,0.624,BEARISH_DAILY_LOW_BREAKOUT,1,-0.31775580947489757,-0.20862755167543456,-0.18455514186673264
2025-03-04,04:00:00,0.62152,0.62192,0.61971,0.61996,11213,0.62074,BEARISH_DAILY_LOW_BREAKOUT,1,0.10000645202917365,0.10968449577392315,0.8145686818504418
2025-03-07,04:00:00,0.63311,0.63369,0.63,0.63022,8311,0.6321,BEARISH_DAILY_LOW_BREAKOUT,1,0.10789882898035827,0.16660848592554908,0.041255434610142167
2025-03-10,20:00:00,0.63063,0.63077,0.62642,0.6282,12065,0.62821,BEARISH_DAILY_LOW_BREAKOUT,1,-0.039796243234634265,0.04616364215218282,0.25469595670169465
2025-03-19,08:00:00,0.63592,0.63605,0.63269,0.63308,6172,0.63438,BEARISH_DAILY_LOW_BREAKOUT,1,0.07739938080495205,0.29696088961900435,-0.15953749921020335
2025-03-20,08:00:00,0.63445,0.63473,0.6313,0.63207,6264,0.63209,BEARISH_DAILY_LOW_BREAKOUT,1,-0.5300045880994312,-0.2531365196892822,-0.4050184315028409
2025-03-21,16:00:00,0.62924,0.62983,0.62577,0.62634,10011,0.6271,BEARISH_DAILY_LOW_BREAKOUT,1,0.10058434715969272,0.2075550020755449,0.23150365616118265
2025-03-31,04:00:00,0.62818,0.62997,0.62774,0.62798,11101,0.62799,BEARISH_DAILY_LOW_BREAKOUT,1,-0.18153444377209943,-0.7356922194974295,-0.512755183286092
2025-04-03,00:00:00,0.62959,0.634,0.62254,0.62635,20314,0.62671,BEARISH_DAILY_LOW_BREAKOUT,1,0.1373034246028711,1.5215135307735355,0.9818791410553187
2025-04-04,08:00:00,0.62534,0.62545,0.62095,0.62116,15011,0.62254,BEARISH_DAILY_LOW_BREAKOUT,1,-1.600231824328685,-2.8156996587030725,-3.277738424882485
2025-04-07,00:00:00,0.5996,0.6009,0.59319,0.59858,16125,0.59859,BEARISH_DAILY_LOW_BREAKOUT,1,0.6164589528550856,0.8586989207791831,0.17541514918640705
2025-04-22,20:00:00,0.63883,0.64045,0.63604,0.63625,13822,0.63636,BEARISH_DAILY_LOW_BREAKOUT,1,0.1964636542239644,0.7607072691552167,-0.07229862475442293
2025-04-23,20:00:00,0.63741,0.63746,0.63512,0.63579,13784,0.63604,BEARISH_DAILY_LOW_BREAKOUT,1,0.08021516538479852,0.4042215196841838,0.7423834914044036
2025-04-28,08:00:00,0.63851,0.64053,0.63696,0.63707,9411,0.63739,BEARISH_DAILY_LOW_BREAKOUT,1,0.37044594785502827,0.9810538873279196,0.9166967523192046
2025-05-07,20:00:00,0.64597,0.64657,0.64205,0.643,14886,0.64371,BEARISH_DAILY_LOW_BREAKOUT,1,-0.0015552099533538899,-0.16485225505444182,-0.46500777604977417
2025-05-08,08:00:00,0.64562,0.64576,0.64018,0.64194,11849,0.64205,BEARISH_DAILY_LOW_BREAKOUT,1,-0.05763778546281295,-0.3006511511979293,-0.15577779854815108
2025-05-09,00:00:00,0.64001,0.64023,0.63911,0.63927,3131,0.63943,BEARISH_DAILY_LOW_BREAKOUT,1,0.19397124845527225,0.17832840583791354,0.40514962378963215
2025-05-12,16:00:00,0.63939,0.64,0.63628,0.63664,14338,0.63702,BEARISH_DAILY_LOW_BREAKOUT,1,0.040839406886158267,0.49164362905252046,1.6320055290273954
2025-05-15,08:00:00,0.64404,0.64431,0.64139,0.64185,9815,0.64217,BEARISH_DAILY_LOW_BREAKOUT,1,-0.16358962374386465,-0.2134455090753264,0.137103684661524
2025-05-22,20:00:00,0.64152,0.64185,0.64066,0.64082,7254,0.64135,BEARISH_DAILY_LOW_BREAKOUT,1,0.0,0.6866202677819155,1.317062513654381
2025-05-27,00:00:00,0.64842,0.64886,0.64791,0.64793,2892,0.64816,BEARISH_DAILY_LOW_BREAKOUT,1,-0.029324155387159646,-0.5370950565647583,-0.5000540181809795
2025-05-28,16:00:00,0.64365,0.64382,0.64091,0.64153,13391,0.6434,BEARISH_DAILY_LOW_BREAKOUT,1,0.13561329945597653,0.13249575234204267,0.4006048041400965
2025-06-12,08:00:00,0.65017,0.65043,0.64765,0.64812,9686,0.64952,BEARISH_DAILY_LOW_BREAKOUT,1,0.5060791211503964,0.712830957230136,0.0015429241498417714
2025-06-13,12:00:00,0.64814,0.64954,0.64616,0.64746,13193,0.64765,BEARISH_DAILY_LOW_BREAKOUT,1,0.5498409168133951,0.2563864949186042,0.7552590121397383
2025-06-19,08:00:00,0.64913,0.64927,0.64595,0.64633,9847,0.64658,BEARISH_DAILY_LOW_BREAKOUT,1,0.06188789008711757,0.2073244317918104,0.33110021196602835
2025-06-23,00:00:00,0.64223,0.64481,0.64135,0.6445,5523,0.64468,BEARISH_DAILY_LOW_BREAKOUT,1,-0.6609775019394772,-0.9061287820015449,0.4871993793638529
2025-07-02,12:00:00,0.65614,0.657,0.65517,0.65527,8579,0.65531,BEARISH_DAILY_LOW_BREAKOUT,1,0.26248721900894956,0.4349352175439161,0.29606116562637413
2025-07-07,04:00:00,0.65493,0.65522,0.65115,0.65149,9720,0.65442,BEARISH_DAILY_LOW_BREAKOUT,1,-0.17037867043240193,-0.06753749098220939,-0.03683863144484458
2025-07-14,16:00:00,0.65648,0.65692,0.65477,0.65477,10190,0.65557,BEARISH_DAILY_LOW_BREAKOUT,1,-0.01985429998319463,-0.02749056920750156,-0.44137636116498136
2025-07-15,00:00:00,0.65465,0.65472,0.6538,0.6543,3088,0.65436,BEARISH_DAILY_LOW_BREAKOUT,1,0.044322176371696845,0.26134800550206166,-0.38667278007030903
2025-07-17,04:00:00,0.65218,0.65228,0.6472,0.64866,9884,0.64946,BEARISH_DAILY_LOW_BREAKOUT,1,-0.3530354885456193,-0.06166558751889541,0.23587087225974027
2025-07-25,04:00:00,0.65938,0.65979,0.65783,0.65837,7297,0.6592,BEARISH_DAILY_LOW_BREAKOUT,1,-0.18834394033750304,-0.45567082339717824,-0.2506189528684539
2025-07-28,08:00:00,0.65672,0.65686,0.65222,0.65239,8729,0.65503,BEARISH_DAILY_LOW_BREAKOUT,1,0.06744432011526785,-0.05211606554361761,-0.3157620441760391
2025-07-29,08:00:00,0.65191,0.65279,0.64981,0.65033,8667,0.65122,BEARISH_DAILY_LOW_BREAKOUT,1,-0.0830347669644619,0.13685359740440353,-0.03075361739424261
2025-07-30,12:00:00,0.65013,0.65037,0.64839,0.6487,7113,0.64953,BEARISH_DAILY_LOW_BREAKOUT,1,-0.5719130568830124,-0.6474487436411426,-0.6428241097579784
2025-08-01,12:00:00,0.64291,0.64322,0.64183,0.64231,7404,0.64234,BEARISH_DAILY_LOW_BREAKOUT,1,0.6663449113356401,0.7099375690865621,0.9138889321355623
2025-08-05,04:00:00,0.64736,0.64791,0.64539,0.64547,5252,0.64591,BEARISH_DAILY_LOW_BREAKOUT,1,0.07126589926720311,0.2385858366771478,0.5190016577067817
2025-08-12,12:00:00,0.65013,0.6502,0.64811,0.64853,6482,0.65005,BEARISH_DAILY_LOW_BREAKOUT,1,0.6985027677979311,0.672289639646573,1.0639446132021504
2025-08-14,16:00:00,0.65239,0.65251,0.64842,0.64875,14675,0.65157,BEARISH_DAILY_LOW_BREAKOUT,1,0.14797687861271072,0.22042389210018207,0.3868978805394838
2025-08-19,16:00:00,0.64923,0.64938,0.64573,0.64575,10677,0.64808,BEARISH_DAILY_LOW_BREAKOUT,1,-0.08207510646535507,-0.39334107626792064,-0.4831591173054605
2025-08-20,04:00:00,0.64527,0.64543,0.64283,0.64321,8904,0.64489,BEARISH_DAILY_LOW_BREAKOUT,1,0.13214968672751007,-0.09017272741405047,-0.172571943844148
2025-08-21,04:00:00,0.64347,0.6436,0.6418,0.6421,6856,0.64228,BEARISH_DAILY_LOW_BREAKOUT,1,0.012459118517360066,-0.03114779629340881,0.01401650833204088
2025-08-27,12:00:00,0.64777,0.64777,0.64617,0.64655,6524,0.64694,BEARISH_DAILY_LOW_BREAKOUT,1,0.44080117546980424,0.7161085762895404,0.9450158533756183
2025-09-02,08:00:00,0.65396,0.65428,0.64996,0.65033,7863,0.65343,BEARISH_DAILY_LOW_BREAKOUT,1,0.06765795826734058,0.2429535774145474,0.28139559915735063
2025-09-18,16:00:00,0.66519,0.66523,0.66069,0.66129,12144,0.66411,BEARISH_DAILY_LOW_BREAKOUT,1,-0.02117074203451269,-0.02117074203451269,-0.27521964644861463
2025-09-19,08:00:00,0.66115,0.66144,0.65877,0.66017,7226,0.66069,BEARISH_DAILY_LOW_BREAKOUT,1,-0.13935804414015054,-0.19691897541543524,-0.3317327355075246
2025-09-22,08:00:00,0.65936,0.65966,0.65747,0.65798,5074,0.65857,BEARISH_DAILY_LOW_BREAKOUT,1,0.2507675005319372,0.29028237940362434,0.12006443964861506
2025-09-25,16:00:00,0.65823,0.65844,0.6543,0.65495,12098,0.65746,BEARISH_DAILY_LOW_BREAKOUT,1,-0.1984884342316328,-0.11451255821055477,-0.082449041911594
2025-10-02,16:00:00,0.6606,0.66089,0.65768,0.65855,9205,0.6589,BEARISH_DAILY_LOW_BREAKOUT,1,0.16247817174094836,0.1837369979500485,0.41454711107736847
2025-10-08,04:00:00,0.65796,0.65801,0.65577,0.65664,5922,0.65784,BEARISH_DAILY_LOW_BREAKOUT,1,0.0,0.21777534113061073,0.5223562378167709
2025-10-09,16:00:00,0.65974,0.66121,0.65461,0.65541,12254,0.65563,BEARISH_DAILY_LOW_BREAKOUT,1,-0.05035016249371423,0.21360674997329254,-0.9337666498832813
2025-10-10,16:00:00,0.65518,0.65592,0.64829,0.64929,13462,0.65398,BEARISH_DAILY_LOW_BREAKOUT,1,-0.32034992068260437,0.36501409231621973,0.3834958185094476
2025-10-14,08:00:00,0.64977,0.64987,0.6449,0.64546,10291,0.6491,BEARISH_DAILY_LOW_BREAKOUT,1,-0.004647848046367786,0.4430948470857952,0.9574566975490291
2025-10-17,04:00:00,0.64814,0.64917,0.6462,0.64665,6330,0.64709,BEARISH_DAILY_LOW_BREAKOUT,1,-0.06649655918965909,0.28454341606743433,0.5675404005257964
2025-10-30,12:00:00,0.65804,0.65812,0.65541,0.65553,6740,0.65569,BEARISH_DAILY_LOW_BREAKOUT,1,-0.022882247952036288,0.05186642869128903,-0.19373636599392757
2025-11-03,16:00:00,0.65483,0.65517,0.65174,0.65269,7124,0.65329,BEARISH_DAILY_LOW_BREAKOUT,1,0.18538663071290268,0.07354180391917081,-0.3784338660007005
2025-11-04,08:00:00,0.65315,0.6536,0.65049,0.6515,6474,0.65174,BEARISH_DAILY_LOW_BREAKOUT,1,-0.270145817344587,-0.4773599386032151,-0.4236377590176492
2025-11-05,12:00:00,0.64876,0.64957,0.64736,0.64788,5370,0.64807,BEARISH_DAILY_LOW_BREAKOUT,1,0.3210471074890367,0.4676791998518209,0.4460702599246694
2025-11-14,12:00:00,0.65281,0.65315,0.65035,0.65096,7733,0.65236,BEARISH_DAILY_LOW_BREAKOUT,1,0.5607103355044922,0.3502519356028112,0.11982303060095903
2025-11-17,20:00:00,0.65085,0.65174,0.64826,0.64834,8216,0.65035,BEARISH_DAILY_LOW_BREAKOUT,1,0.1326464509362328,0.024678409476499668,0.5151617978221318
2025-11-18,04:00:00,0.64919,0.64972,0.64766,0.64785,5541,0.64826,BEARISH_DAILY_LOW_BREAKOUT,1,0.10033186694449771,0.12657250906844666,0.05556841861540726
2025-11-19,20:00:00,0.64647,0.64688,0.64509,0.64639,10991,0.64645,BEARISH_DAILY_LOW_BREAKOUT,1,0.4022339454508788,0.1779111681801984,-0.11912312999892455
2025-11-21,12:00:00,0.64361,0.64535,0.64229,0.64307,9035,0.64359,BEARISH_DAILY_LOW_BREAKOUT,1,0.03110081328626401,0.4727323619512544,0.3047879702054149
2025-12-17,08:00:00,0.66261,0.66266,0.66119,0.66167,5468,0.66177,BEARISH_DAILY_LOW_BREAKOUT,1,0.0,-0.18589327005908585,-0.12997415630147535
2025-12-18,04:00:00,0.66001,0.66038,0.65922,0.65935,5716,0.65989,BEARISH_DAILY_LOW_BREAKOUT,1,0.22143019640555348,0.33669523015090613,0.25024645484189584
2025-12-31,12:00:00,0.66879,0.66893,0.66755,0.66854,5193,0.66876,BEARISH_DAILY_LOW_BREAKOUT,1,-0.2602686451072598,-0.1824872109372661,0.1570586651509252
2026-01-08,04:00:00,0.67216,0.67251,0.67093,0.67127,4421,0.67167,BEARISH_DAILY_LOW_BREAKOUT,1,-0.2458027321346165,-0.21749817510093059,-0.27857642975256425
2026-01-09,16:00:00,0.66826,0.67031,0.66634,0.66805,12501,0.66816,BEARISH_DAILY_LOW_BREAKOUT,1,0.041913030461783844,0.26345333433126017,0.5778010627946971
2026-01-15,04:00:00,0.6681,0.66856,0.66674,0.66713,5089,0.66726,BEARISH_DAILY_LOW_BREAKOUT,1,0.16338644641974356,0.41820934450556246,0.48566246458711504
2026-01-30,20:00:00,0.70043,0.70053,0.69397,0.69583,24266,0.69692,BEARISH_DAILY_LOW_BREAKOUT,1,-0.22131842547748531,-0.23137835390828224,-0.1983243033499471
2026-02-05,04:00:00,0.69934,0.7007,0.69575,0.69644,11138,0.69708,BEARISH_DAILY_LOW_BREAKOUT,1,0.17804836023203993,-0.1651254953764839,-0.3388662339899945
2026-02-06,00:00:00,0.69581,0.69669,0.69121,0.69163,6189,0.69397,BEARISH_DAILY_LOW_BREAKOUT,1,0.35423564622703807,0.984630510533086,1.7292482975001202
2026-02-13,08:00:00,0.70833,0.70909,0.70435,0.70596,6281,0.70758,BEARISH_DAILY_LOW_BREAKOUT,1,-0.1388180633463625,0.11473737888831907,0.4008725706838913
2026-02-17,16:00:00,0.7062,0.70659,0.70282,0.70436,14817,0.70545,BEARISH_DAILY_LOW_BREAKOUT,1,0.5465954909421348,0.34925322278380627,0.3946845363166569
2026-02-24,12:00:00,0.70674,0.70706,0.70436,0.7047,5065,0.70478,BEARISH_DAILY_LOW_BREAKOUT,1,0.07946643961969703,0.16319000993330274,0.47679863771818215
2026-03-02,00:00:00,0.70324,0.70853,0.70314,0.70557,5644,0.70857,BEARISH_DAILY_LOW_BREAKOUT,1,0.752583017985448,0.3925903879133097,0.6576243321002845
2026-03-03,12:00:00,0.7078,0.70818,0.70082,0.70256,18343,0.70314,BEARISH_DAILY_LOW_BREAKOUT,1,-0.42985652470962077,0.1764973810066071,0.34160783420634094
2026-03-05,20:00:00,0.70124,0.70135,0.69739,0.69814,19966,0.69838,BEARISH_DAILY_LOW_BREAKOUT,1,0.4010656888303241,0.8938035351075748,0.6918383132323032
2026-03-09,00:00:00,0.69849,0.69916,0.69634,0.69686,16939,0.69769,BEARISH_DAILY_LOW_BREAKOUT,1,0.32287690497373567,0.6486238268805741,1.424963407284102
2026-03-12,16:00:00,0.71367,0.71375,0.70721,0.70884,100476,0.71124,BEARISH_DAILY_LOW_BREAKOUT,1,-0.15236160487558276,-0.24688223012245772,-1.2188928390045681
2026-03-13,04:00:00,0.70761,0.70925,0.70607,0.70709,35620,0.70721,BEARISH_DAILY_LOW_BREAKOUT,1,-0.6307542179920547,-0.9744162694989255,-0.855619510953344
2026-03-18,20:00:00,0.70765,0.70907,0.70338,0.70359,28484,0.70488,BEARISH_DAILY_LOW_BREAKOUT,1,-0.10091104194205422,-0.1392856635256459,0.6907431885046653
2026-03-19,00:00:00,0.70359,0.70371,0.70177,0.70288,8976,0.70338,BEARISH_DAILY_LOW_BREAKOUT,1,0.24613020714773637,0.1977577964944233,0.7241634418392954
2026-03-23,04:00:00,0.70095,0.7015,0.69755,0.69809,33362,0.70051,BEARISH_DAILY_LOW_BREAKOUT,1,-0.3953644945494112,0.17046512627312013,-0.19195232706384677
2026-03-26,00:00:00,0.69484,0.69515,0.69387,0.69423,5302,0.69426,BEARISH_DAILY_LOW_BREAKOUT,1,0.11379513993920709,-0.46670411823171293,-0.8138513172867845
2026-03-27,20:00:00,0.6888,0.68945,0.68642,0.68651,24167,0.68763,BEARISH_DAILY_LOW_BREAKOUT,1,-0.22723631119721577,-0.0495258626968299,-0.18645030662334822
2026-03-30,00:00:00,0.68597,0.68684,0.6846,0.68495,4265,0.68642,BEARISH_DAILY_LOW_BREAKOUT,1,0.10365720125558062,0.09781735893131754,-0.06861814731001832
2026-04-02,04:00:00,0.69227,0.69407,0.68786,0.68828,36967,0.6887,BEARISH_DAILY_LOW_BREAKOUT,1,0.024699250305108892,0.39082931365141654,0.3428837101179794
2026-04-13,00:00:00,0.69838,0.70215,0.69828,0.70189,7734,0.70518,BEARISH_DAILY_LOW_BREAKOUT,1,0.2692729629998928,0.22938067218510028,1.134080838877882
2026-04-20,00:00:00,0.71206,0.71442,0.71158,0.71342,6766,0.71504,BEARISH_DAILY_LOW_BREAKOUT,1,0.2719295786493148,0.37986039079364053,0.548064253875693
2026-04-23,20:00:00,0.71551,0.71569,0.71109,0.71331,29429,0.71336,BEARISH_DAILY_LOW_BREAKOUT,1,-0.06168426070011579,0.00560766006365255,0.2201006574981369
2026-04-29,16:00:00,0.71586,0.71661,0.71185,0.71287,21521,0.71508,BEARISH_DAILY_LOW_BREAKOUT,1,-0.1655280766479104,-0.05050009118072397,0.7575013677107972
2026-05-04,12:00:00,0.7191,0.71996,0.71679,0.71784,20514,0.71833,BEARISH_DAILY_LOW_BREAKOUT,1,-0.17831271592556264,-0.16298896690070272,-0.08915635796278905
2026-05-05,04:00:00,0.71667,0.7171,0.71523,0.71527,8691,0.71532,BEARISH_DAILY_LOW_BREAKOUT,1,-0.011184587638230176,0.5802004837334136,1.1072741761852223
2026-05-08,00:00:00,0.72141,0.72273,0.72005,0.72078,7195,0.72143,BEARISH_DAILY_LOW_BREAKOUT,1,0.09572962623823753,0.3856932767279898,0.3593329448652822
2026-05-14,16:00:00,0.72388,0.72431,0.72194,0.7224,15645,0.72302,BEARISH_DAILY_LOW_BREAKOUT,1,-0.05813953488373296,-0.4277408637873806,-1.0202104097452918
2026-05-15,00:00:00,0.72198,0.72224,0.72128,0.72133,3325,0.72158,BEARISH_DAILY_LOW_BREAKOUT,1,-0.2800382626537121,-0.8484327561587642,-1.1659018757018325
2026-05-18,00:00:00,0.71396,0.71536,0.71272,0.71292,5525,0.71397,BEARISH_DAILY_LOW_BREAKOUT,1,0.06732873253661505,0.4334287157044321,0.5694888627054863
2026-05-19,12:00:00,0.71251,0.71258,0.71085,0.71169,13814,0.71183,BEARISH_DAILY_LOW_BREAKOUT,1,-0.24308336494822314,-0.18828422487319024,0.14894125251162021
