trade_date,trade_time,open,high,low,close,volume,ema50,sma50,prev_ema50,prev_sma50,signal,forward_1,forward_3,forward_6
1971-05-05,00:00:00,0.5465,0.5465,0.5465,0.5465,1,0.5385311824184308,0.5385139999999999,0.5382059245579586,0.538362,BULLISH_CROSS,-0.1280878316559989,1.0978956999085097,0.9332113449222311
1971-07-09,00:00:00,0.5588,0.5588,0.5588,0.5588,1,0.5537459894984814,0.553752,0.5535397033555622,0.553344,BEARISH_CROSS,-0.0357909806728665,0.28632784538297174,0.7874015748031623
1971-08-09,00:00:00,0.5737,0.5737,0.5737,0.5737,1,0.5601356934856127,0.560096,0.5595820483217601,0.5596519999999999,BULLISH_CROSS,-0.01743071291615635,0.6623670908140188,0.22659926791005194
1971-10-20,00:00:00,0.5895,0.5895,0.5895,0.5895,1,0.5810467401037123,0.581086,0.5807017090875372,0.5805939999999999,BEARISH_CROSS,-0.15267175572519284,-0.4240882103477621,-0.6276505513146796
1972-01-04,00:00:00,0.5977,0.5977,0.5977,0.5977,1,0.5898777995180886,0.5898260000000001,0.589558526029031,0.58965,BULLISH_CROSS,-0.016730801405385475,0.2844236238915902,1.3217333110256013
1972-02-28,00:00:00,0.6134,0.6134,0.6134,0.6134,1,0.6070104724308873,0.607058,0.6067496753872501,0.606598,BEARISH_CROSS,0.24453863710467183,0.19563090968374472,0.6031953048581736
1972-06-16,00:00:00,0.6173,0.6174,0.6172,0.6173,41,0.6155211931406844,0.615514,0.6154485887790797,0.6154959999999999,BULLISH_CROSS,-0.11339705167664393,-0.3887898914628151,0.6965818888709026
1972-07-28,00:00:00,0.6159,0.6159,0.6159,0.6159,1,0.6174781648445026,0.6174839999999999,0.6175425797361149,0.617464,BEARISH_CROSS,0.0,-0.19483682415976275,-0.03247280402662412
1972-10-20,00:00:00,0.6103,0.6106,0.6098,0.61,131,0.6119995176370157,0.611986,0.6120811306017918,0.612082,BULLISH_CROSS,-0.27868852459016963,-0.016393442622949013,0.016393442622949013
1972-10-24,00:00:00,0.6083,0.6083,0.6083,0.6083,1,0.6118544385139955,0.611868,0.6119995176370157,0.611986,BEARISH_CROSS,0.27946736807496875,0.2630281111293845,0.39454216669407677
1972-10-26,00:00:00,0.6097,0.61,0.6096,0.6099,61,0.6117079226728578,0.611688,0.6117817154350152,0.611784,BULLISH_CROSS,0.0,0.032792261026394154,0.21314969667158026
1973-04-11,00:00:00,0.6912,0.6914,0.6912,0.6913,31,0.6747869519247653,0.675222,0.6741129499625109,0.673766,BEARISH_CROSS,-0.04339649934906379,-0.5641544915376847,-0.02893099956603182
1973-06-01,00:00:00,0.731,0.7315,0.7299,0.7307,291,0.6959851640017106,0.695768,0.6945682319201477,0.6949900000000001,BULLISH_CROSS,2.6139318461749017,1.1906391131791336,1.7380593951005794
1973-08-10,00:00:00,0.8134,0.8134,0.8134,0.8134,1,0.8023677413348684,0.8027719999999999,0.8019174450628223,0.8009999999999999,BEARISH_CROSS,-0.2335874108679632,-2.7169904106220812,-0.4917629702483407
1973-10-15,00:00:00,0.8117,0.8119,0.8117,0.8119,21,0.806321982192581,0.806296,0.8060943079963598,0.8067759999999999,BULLISH_CROSS,0.17243502894445964,0.48035472348811614,0.2586525434166758
1973-11-05,00:00:00,0.7889,0.7889,0.7889,0.7889,1,0.8057914991625615,0.80584,0.8064809481079722,0.805888,BEARISH_CROSS,-3.0295347952845777,-3.6253010520978664,-3.9802256306249326
1974-02-05,00:00:00,0.7095,0.7101,0.7085,0.7094,311,0.7234240224132386,0.7224680000000001,0.7239964314913299,0.724058,BULLISH_CROSS,-0.14096419509444613,0.05638567803777219,0.930363687623335
1974-05-24,00:00:00,0.7894,0.7899,0.7892,0.7896,121,0.7806659707966462,0.7808399999999999,0.7803013165434481,0.7798079999999998,BEARISH_CROSS,-1.0891590678824647,-2.5202634245187334,-1.4564336372846953
1974-10-03,00:00:00,0.7417,0.7422,0.7408,0.7415,261,0.7438041128871508,0.743274,0.743898158311116,0.7440199999999999,BULLISH_CROSS,0.6608226567767909,1.1058664868509755,1.4295347269049146
1975-03-04,00:00:00,0.8522,0.853,0.8516,0.8522,281,0.8279290199896202,0.828252,0.8269383677442985,0.8268519999999999,BEARISH_CROSS,0.19948368927482218,-1.4433231635766228,-1.2907768129547068
1975-05-23,00:00:00,0.8397,0.8403,0.8392,0.8395,201,0.829925664471844,0.829662,0.8295348752666131,0.829738,BULLISH_CROSS,-0.13103037522334604,-0.4050029779630816,-0.30970815961882625
1975-07-07,00:00:00,0.8138,0.8141,0.8132,0.8138,181,0.8314042203393991,0.831794,0.8321227599450888,0.832024,BEARISH_CROSS,0.3809289751781754,-0.675841730154823,-2.4453182600147354
1975-09-09,00:00:00,0.7568,0.7575,0.7566,0.7571,151,0.774926333981392,0.7748920000000001,0.7756539394500203,0.7763900000000001,BULLISH_CROSS,-0.17170783251881758,-0.528331792365606,-1.8359529784704824
1975-12-10,00:00:00,0.7448,0.7449,0.7445,0.7446,61,0.7540276002506971,0.7543159999999999,0.7544124002609297,0.754096,BEARISH_CROSS,-0.06715014773033251,0.2686005909213003,1.1146924523233914
1976-01-30,00:00:00,0.7557,0.7559,0.7557,0.7557,41,0.75234422437507,0.75216,0.7522072539413993,0.752324,BULLISH_CROSS,0.767500330819097,0.767500330819097,1.1512504962286527
1976-04-09,00:00:00,0.7702,0.7702,0.7702,0.7702,1,0.7641858741075289,0.7643059999999999,0.7639403995813056,0.763938,BEARISH_CROSS,-0.1817709685795841,0.20773824980525132,0.1298364061282785
1976-04-23,00:00:00,0.7699,0.7703,0.7699,0.7703,41,0.766340014581798,0.7661699999999999,0.7661783825239122,0.766194,BULLISH_CROSS,-0.03894586524730195,0.07789173049461832,0.1817473711541046
1976-05-11,00:00:00,0.7683,0.7685,0.768,0.7681,81,0.7680126639243094,0.7680420000000001,0.7680090991865262,0.7678699999999999,BEARISH_CROSS,-0.20830621012889544,-0.6118994922536177,-0.976435359979163
1976-07-14,00:00:00,0.7596,0.7596,0.7594,0.7596,41,0.7603540778519537,0.760302,0.7603848565397886,0.760544,BULLISH_CROSS,-0.07898894154818917,-0.03949447077410189,-0.07898894154818917
1976-11-18,00:00:00,0.8083,0.8083,0.8079,0.8083,81,0.8002992071622338,0.8004440000000002,0.7999726441892637,0.7997879999999999,BEARISH_CROSS,0.04948657676604676,0.705183718916235,0.6556971421501882
1977-03-18,00:00:00,0.8186,0.8187,0.8184,0.8184,41,0.814857985826871,0.8145960000000001,0.8147134138198044,0.8148379999999998,BULLISH_CROSS,0.024437927663731422,0.06109481915932856,0.1588465298142678
1977-06-07,00:00:00,0.8281,0.8281,0.828,0.8281,21,0.8262309474475396,0.826288,0.8261546595882555,0.82612,BEARISH_CROSS,0.0845308537616271,0.15698587127159508,0.26566839753654037
1977-07-08,00:00:00,0.8494,0.8498,0.8493,0.8498,61,0.831524925447591,0.831298,0.8307790040372885,0.830854,BULLISH_CROSS,0.7884208048952741,0.89432807719464,1.4944692868910383
1977-08-18,00:00:00,0.8403,0.8403,0.8403,0.8403,1,0.8445600144513817,0.844898,0.8447338925922544,0.844654,BEARISH_CROSS,-0.03570153516602142,0.333214328216103,0.6545281447102165
1977-10-07,00:00:00,0.8528,0.8529,0.8525,0.8525,51,0.8443089657928543,0.8441399999999999,0.843974637866032,0.8442879999999999,BULLISH_CROSS,-0.34017595307918047,0.3167155425219853,1.3372434017595267
1978-03-09,00:00:00,0.9633,0.9633,0.9632,0.9633,21,0.9358983355964627,0.9359240000000001,0.9347799003146857,0.9345659999999999,BEARISH_CROSS,-1.3702896293989515,-0.7370497249039755,-0.7266687428630755
1978-03-15,00:00:00,0.9546,0.9547,0.9539,0.9544,141,0.9385670014453119,0.9383900000000002,0.937920756606345,0.9382520000000001,BULLISH_CROSS,0.6810561609388045,0.3981559094719222,0.4295892707460176
1978-03-16,00:00:00,0.9609,0.9609,0.9609,0.9609,1,0.9394428053102017,0.9394480000000001,0.9385670014453119,0.9383900000000002,BEARISH_CROSS,-0.47871786866478694,-0.5099385992298903,-0.11447601207201477
1978-06-20,00:00:00,0.9398,0.9398,0.9396,0.9396,21,0.93695813154408,0.9368080000000001,0.9368503001785322,0.9374600000000001,BULLISH_CROSS,0.35121328224776177,0.23414218816517454,0.2447850148999541
1978-11-17,00:00:00,1.0164,1.0173,1.0158,1.0167,271,1.0340796955320737,1.035248,1.0347890708599135,1.03443,BEARISH_CROSS,-0.4131012097963983,0.039342972361557586,-0.23605783416936738
1979-01-24,00:00:00,1.0603,1.0604,1.0601,1.0604,51,1.0425037483777853,1.042278,1.041773289127899,1.043292,BULLISH_CROSS,-0.6129762353828697,-0.8298755186721916,-2.046397585816678
1979-02-28,00:00:00,1.0558,1.0558,1.0554,1.0558,81,1.0498080713957683,1.050166,1.0495635028813097,1.049332,BEARISH_CROSS,-0.13260087137716117,-0.41674559575678927,0.06630043568857007
1979-06-05,00:00:00,1.0201,1.0204,1.0198,1.0203,101,1.0291661043503475,1.028992,1.0295279861605657,1.029556,BULLISH_CROSS,0.01960207782024679,0.30383220621386875,0.35283740076448566
1979-08-17,00:00:00,1.067,1.0676,1.0667,1.0669,171,1.0624242518119043,1.063034,1.06224156821239,1.062164,BEARISH_CROSS,0.0656106476708356,0.12184834567439112,0.1687130940106874
1979-09-26,00:00:00,1.1093,1.1107,1.108,1.1093,541,1.0770979757241215,1.076556,1.0757836073863305,1.07602,BULLISH_CROSS,1.2350130713062333,1.4693951140358767,-0.036058775804557464
1979-10-25,00:00:00,1.0851,1.0856,1.0845,1.0849,201,1.0874373435588254,1.087634,1.0875409086020427,1.087328,BEARISH_CROSS,-0.11060927274401952,-0.23965342427872943,0.7005253940455388
1979-12-05,00:00:00,1.1224,1.1243,1.1202,1.1224,821,1.1016250417683042,1.1013519999999999,1.1007770842894595,1.1010400000000002,BULLISH_CROSS,-0.2138275124732678,-0.37419814682822355,1.8977191732002736
1980-02-04,00:00:00,1.1228,1.1228,1.1228,1.1228,1,1.1212168565712,1.1217840000000001,1.1211522384720654,1.121144,BEARISH_CROSS,-0.017812611328818843,0.19593872461702702,0.08906305664409421
1980-04-28,00:00:00,1.0879,1.0884,1.0876,1.0877,141,1.0605807785346513,1.059356,1.0594738715360656,1.060092,BULLISH_CROSS,0.13790567252000155,-0.22984278753332235,0.2941987680426673
1980-06-30,00:00:00,1.1091,1.1093,1.1086,1.1088,111,1.0954999249399016,1.09553,1.0949570647333668,1.094432,BEARISH_CROSS,0.2435064935064867,0.5321067821067835,1.397907647907654
1980-10-07,00:00:00,1.0843,1.0847,1.0836,1.0842,211,1.0924569402964421,1.092386,1.0927939582677255,1.093162,BULLISH_CROSS,0.009223390518353532,0.0,-1.1344770337576071
1980-10-14,00:00:00,1.0748,1.076,1.0735,1.0745,471,1.0905571851105342,1.090652,1.0912125804211683,1.091148,BEARISH_CROSS,-0.24197301070264643,-1.386691484411346,-2.3173569101907794
1981-01-16,00:00:00,0.9753,0.9757,0.9747,0.9749,161,1.0140607814509095,1.013758,1.0156591806938038,1.015698,BULLISH_CROSS,-0.02051492460764981,0.15386193455739633,-2.3899887167914646
1981-01-29,00:00:00,0.9327,0.934,0.9308,0.9325,621,0.9968159853696422,0.997402,0.9994411276296276,0.999418,BEARISH_CROSS,-1.6193029490616624,-1.4477211796246603,-1.9088471849865993
1981-03-09,00:00:00,0.9263,0.9274,0.9253,0.9267,381,0.9440719703292364,0.9440320000000001,0.9447810303426746,0.94542,BULLISH_CROSS,-0.2913564260278326,-0.12949174490126028,1.3057084277543973
1981-04-29,00:00:00,0.8849,0.8865,0.8836,0.885,571,0.9181679119766253,0.918178,0.9195217043022018,0.9184220000000001,BEARISH_CROSS,-0.07909604519774395,-1.4124293785310684,-2.7457627118644057
1981-06-30,00:00:00,0.8164,0.8171,0.8163,0.8168,121,0.8463829431540438,0.846144,0.8475904102215559,0.847756,BULLISH_CROSS,-0.6978452497551332,-0.8814887365328091,-3.109696376101858
1981-11-12,00:00:00,0.8841,0.8843,0.8839,0.8842,71,0.857921843255036,0.858426,0.8568492654287109,0.85682,BEARISH_CROSS,-0.2714318027595519,-1.5381135489708149,-1.9000226193169008
1982-03-18,00:00:00,0.8226,0.8231,0.8218,0.8225,251,0.8342521560036951,0.834068,0.8347318358405806,0.835018,BULLISH_CROSS,-0.1580547112461967,-0.18237082066869992,-0.7659574468085073
1982-06-16,00:00:00,0.8033,0.8039,0.8033,0.8035,101,0.8275323440353796,0.8283359999999999,0.8285132560368236,0.828464,BEARISH_CROSS,-0.5476042314872382,-1.5556938394523903,-1.6552582451773465
1982-08-04,00:00:00,0.789,0.7913,0.7869,0.7892,861,0.8032523695845256,0.8026019999999999,0.8038259356900165,0.803848,BULLISH_CROSS,-0.5828687278256524,-1.3177901672579782,-1.2164216928535292
1982-09-22,00:00:00,0.7831,0.7834,0.7827,0.7831,141,0.7894730002743428,0.78949,0.78973312273452,0.789504,BEARISH_CROSS,-0.5490997318350109,-1.5962201506831908,-1.3025156429574751
1982-10-11,00:00:00,0.7828,0.7828,0.7828,0.7828,1,0.7829177516507487,0.782654,0.7829225578405752,0.783048,BULLISH_CROSS,0.10219724067449053,-0.8686765457332688,-0.8048032703117122
1982-10-20,00:00:00,0.7735,0.7743,0.7728,0.7736,291,0.781628054846809,0.7818320000000001,0.7819557305548419,0.7818600000000001,BEARISH_CROSS,-0.03877973112719325,-0.9436401240951362,-1.2926577042399185
1982-11-24,00:00:00,0.7751,0.7763,0.7739,0.7749,461,0.770123198829236,0.769898,0.7699282273528782,0.7699379999999999,BULLISH_CROSS,0.33552716479544914,1.4840624596722098,3.4068912117692576
1983-02-08,00:00:00,0.8,0.8007,0.7987,0.7997,371,0.7994775270388952,0.800176,0.7994684465098705,0.7992880000000001,BEARISH_CROSS,0.6627485306990225,1.7006377391521892,2.088283106164818
1983-03-25,00:00:00,0.808,0.8091,0.8053,0.8078,741,0.8089525421842827,0.808678,0.8089995847224167,0.8091320000000001,BULLISH_CROSS,-0.42089626145084913,-0.2847239415696916,-0.0495172072295068
1983-04-04,00:00:00,0.8076,0.8087,0.805,0.8074,721,0.8082381501055745,0.808256,0.8082723603139653,0.808092,BEARISH_CROSS,0.28486499876145266,0.22293782511766455,-0.16101065147386273
1983-04-06,00:00:00,0.8101,0.8106,0.8089,0.8102,331,0.808370164707222,0.8083480000000001,0.8082954775524147,0.8083020000000001,BULLISH_CROSS,-0.12342631449024943,-0.3826215749197719,-0.8392989385336989
1983-04-07,00:00:00,0.8092,0.8093,0.8083,0.8092,201,0.8084027072677231,0.808418,0.808370164707222,0.8083480000000001,BEARISH_CROSS,-0.40781018289669807,-0.3830944142362817,-0.8156203657933823
1983-07-26,00:00:00,0.7493,0.7503,0.749,0.7494,251,0.7682510155731049,0.768014,0.7690204447801705,0.7690260000000001,BULLISH_CROSS,-0.5337603416066192,-1.4811849479583667,-1.9081932212436588
1983-08-04,00:00:00,0.7319,0.7324,0.7306,0.7319,361,0.7605452426856014,0.7605839999999999,0.7617144362646056,0.761626,BEARISH_CROSS,-0.39622899303183684,-0.7104795737122533,-1.8171881404563435
1983-09-07,00:00:00,0.7275,0.7275,0.7274,0.7274,11,0.7421737252955558,0.7420320000000001,0.7427767344912928,0.74288,BULLISH_CROSS,0.37118504261753155,0.8798460269452792,0.357437448446513
1983-11-17,00:00:00,0.7257,0.7265,0.7251,0.7254,251,0.7402362219506468,0.740512,0.740841782030265,0.7405799999999999,BEARISH_CROSS,-0.30328094844225123,0.16542597187758185,-0.6479183898538788
1984-02-07,00:00:00,0.7068,0.7071,0.7068,0.7068,61,0.7097026777597134,0.7096640000000001,0.709821154402967,0.710132,BULLISH_CROSS,0.2971137521222398,0.8913412563667193,3.4097340124504827
1984-04-12,00:00:00,0.7471,0.7471,0.7471,0.7471,1,0.7413927315440887,0.741692,0.7411597818111944,0.7407379999999999,BEARISH_CROSS,-0.2810868692276791,-0.8566456966938779,-1.6195957703118726
1984-06-15,00:00:00,0.7136,0.714,0.7136,0.7138,61,0.7226496106472812,0.72238,0.7230108192451293,0.723014,BULLISH_CROSS,-0.4062762678621482,-1.190809750630422,-2.3536004483048525
1984-07-12,00:00:00,0.6863,0.6864,0.6862,0.6863,41,0.7087320038682385,0.708754,0.7096475958628605,0.709502,BEARISH_CROSS,0.45169750837825895,0.14570887367040666,-0.3059886347078523
1984-08-22,00:00:00,0.6786,0.6793,0.6773,0.6782,361,0.6884770423528892,0.688288,0.6888965134693336,0.689126,BULLISH_CROSS,0.6340312592155662,0.14744913005013283,-0.11795930404010953
1984-09-17,00:00:00,0.6369,0.6385,0.6366,0.6371,361,0.6747148702811346,0.6750059999999999,0.676250171108936,0.676034,BEARISH_CROSS,-0.7691100298226362,-1.4597394443572398,0.0
1984-10-30,00:00:00,0.6417,0.6426,0.6398,0.6417,561,0.6481632778066536,0.647838,0.648427085064068,0.6485679999999999,BULLISH_CROSS,0.5921770297646742,3.3816425120772853,3.958235935795539
1985-01-07,00:00:00,0.6155,0.6156,0.6155,0.6155,21,0.6414723324565352,0.641986,0.6425324276588428,0.642368,BEARISH_CROSS,0.7961007311129007,1.0560519902518197,-0.3411860276198378
1985-03-21,00:00:00,0.6059,0.6094,0.5993,0.6061,2001,0.5972582354399495,0.5971740000000001,0.5968973470905596,0.597492,BULLISH_CROSS,0.1154924929879614,0.31347962382445355,4.636198647087942
1985-05-23,00:00:00,0.6335,0.6341,0.6322,0.6336,371,0.6246593571516702,0.624888,0.6242944329537792,0.62377,BEARISH_CROSS,-0.14204545454545642,-0.04734848484849715,1.436237373737373
1985-07-01,00:00:00,0.6437,0.6456,0.6431,0.644,471,0.6335588699337664,0.6334219999999999,0.6331327013596344,0.6336759999999999,BULLISH_CROSS,-0.3881987577639841,0.09316770186334378,2.4223602484471964
1985-09-05,00:00:00,0.6849,0.6885,0.6835,0.685,991,0.6842293025563191,0.6847799999999999,0.6841978455178015,0.683874,BEARISH_CROSS,-2.3211678832116824,-2.9927007299270176,-1.6934306569343145
1985-10-09,00:00:00,0.7392,0.7402,0.7384,0.7392,361,0.7018109333269335,0.701306,0.7002848489729308,0.70051,BULLISH_CROSS,-0.32467532467531895,-0.3923160173160192,-0.28409090909090784
1985-11-21,00:00:00,0.7539,0.7542,0.7539,0.7539,61,0.7329625409703583,0.7330080000000001,0.7321079508058831,0.731184,BEARISH_CROSS,0.5438387053985929,1.4458150948401673,3.249767873723301
1986-01-06,00:00:00,0.7962,0.7991,0.7909,0.7964,1621,0.7557371480914461,0.755248,0.7540774398502805,0.754106,BULLISH_CROSS,0.6780512305374133,0.10045203415369448,-0.5901557006529429
1986-03-26,00:00:00,0.8368,0.8392,0.8317,0.8369,1491,0.8396570527849927,0.839932,0.8397695855517271,0.839062,BEARISH_CROSS,0.5854940853148543,-0.43015891982314935,-2.1388457402318113
1986-05-12,00:00:00,0.9002,0.9009,0.8997,0.8999,211,0.8662054052814575,0.865356,0.8648301157011088,0.864966,BULLISH_CROSS,-0.766751861317926,-0.94454939437716,-2.711412379153249
1986-06-03,00:00:00,0.8588,0.8604,0.8558,0.8588,921,0.8657483265229673,0.8658,0.8660319316871701,0.8657060000000001,BEARISH_CROSS,0.09315323707499103,2.107591988821612,2.8877503493246444
1986-07-14,00:00:00,0.8958,0.8967,0.8929,0.8957,751,0.8808887266211667,0.8808360000000001,0.880284184850602,0.880598,BULLISH_CROSS,0.859662833538007,1.7304901194596358,2.344535000558212
1986-09-16,00:00:00,0.9551,0.9562,0.9545,0.9551,341,0.9359051769628134,0.9362039999999999,0.9351217147980303,0.935054,BEARISH_CROSS,0.8585488430530936,2.826929117369912,0.07329075489477897
1987-01-07,00:00:00,1.0139,1.0142,1.0124,1.0135,321,0.9764224024189504,0.976096,0.9749090310891116,0.9754619999999999,BULLISH_CROSS,0.345337937839155,1.8056240749876649,4.588061174148987
1987-03-04,00:00:00,1.0647,1.0672,1.0637,1.0651,661,1.0499038792135889,1.0502340000000001,1.049283629385572,1.048732,BEARISH_CROSS,0.05633273870999493,-0.9482677682846681,-1.323819359684537
1987-05-01,00:00:00,1.0953,1.0973,1.0908,1.0955,1281,1.0729566211946835,1.072868,1.0720364832842624,1.072358,BULLISH_CROSS,0.5385668644454602,0.6572341396622634,-0.6481058877224906
1987-05-27,00:00:00,1.0757,1.0773,1.0744,1.0755,561,1.0840702962895996,1.084182,1.08442010430142,1.083968,BEARISH_CROSS,0.1394700139470067,-0.8833100883309942,0.018596001859618787
1987-08-24,00:00:00,1.0759,1.0765,1.0743,1.076,431,1.057767639094226,1.057236,1.057023461098072,1.05717,BULLISH_CROSS,-0.23234200743495992,0.16728624535316206,0.2973977695167165
1987-10-22,00:00:00,1.0778,1.0783,1.0775,1.0782,121,1.073626225436226,1.074092,1.0734395407601538,1.073172,BEARISH_CROSS,1.4839547393804502,2.6896679651270556,4.804303468744188
1987-10-29,00:00:00,1.1303,1.1313,1.1283,1.1304,591,1.080364159460399,1.0803500000000001,1.078321880254701,1.078976,BULLISH_CROSS,-0.03538570417552884,1.1677282377919211,3.202406227883935
1988-01-18,00:00:00,1.1625,1.1625,1.1625,1.1625,1,1.1621417632488205,1.1628180000000001,1.162127141340609,1.161586,BEARISH_CROSS,0.16344086021505486,1.0924731182795642,0.3354838709677432
1988-03-24,00:00:00,1.1636,1.1644,1.1614,1.1633,571,1.1607508248677074,1.160116,1.1606467769031241,1.1607399999999999,BULLISH_CROSS,0.25788704547407304,1.091721825840276,1.52153356829709
1988-05-03,00:00:00,1.1662,1.1664,1.1659,1.1661,91,1.167271167652499,1.167314,1.1673189704138254,1.167114,BEARISH_CROSS,-0.1886630649172438,-0.2058142526369915,-0.025726781579621556
1988-08-22,00:00:00,1.0193,1.0197,1.0186,1.0192,211,1.0633061972260007,1.0629359999999999,1.0651064501740009,1.065306,BULLISH_CROSS,0.7751177394034336,2.933673469387737,2.708006279434836
1989-01-05,00:00:00,1.091,1.0937,1.0895,1.0912,821,1.105442394928921,1.1059219999999998,1.1060237171709175,1.105086,BEARISH_CROSS,-1.0813782991202376,-2.1260997067448577,-2.281891495601166
1989-03-06,00:00:00,1.0569,1.0599,1.0558,1.0571,801,1.068181224979156,1.067432,1.0686335198762644,1.0689,BULLISH_CROSS,-0.198656702298741,-0.6338094787626458,-0.5770504209630115
1989-05-16,00:00:00,1.0078,1.0105,1.0063,1.0076,821,1.0402406701163476,1.040244,1.0415729423659945,1.0411920000000001,BEARISH_CROSS,-1.1512504962286676,-1.4390631202858344,-3.4537514886859917
1989-07-03,00:00:00,1.0081,1.0154,1.0062,1.0145,1201,1.0031795717599523,1.002324,1.0027175134644402,1.003188,BULLISH_CROSS,0.2661409561360421,2.365697387875803,2.3262690980778773
1989-08-23,00:00:00,1.0082,1.0092,0.9994,1.0011,1251,1.0185221491534058,1.019098,1.0192332572821161,1.01836,BEARISH_CROSS,-0.7691539306762711,-0.48946159224853913,-0.6193187493756961
1989-10-04,00:00:00,1.0366,1.0439,1.0353,1.0391,1471,1.0138330644561502,1.0126920000000001,1.0128017609645645,1.012858,BULLISH_CROSS,-0.08661341545567328,-0.14435569242612212,-1.222211529207962
1990-02-15,00:00:00,1.1659,1.1672,1.1529,1.1544,1711,1.1376899607724946,1.1380620000000001,1.1370079183550454,1.1362180000000002,BEARISH_CROSS,0.770963270963263,1.2993762993762907,0.7363132363132321
1990-05-02,00:00:00,1.1636,1.1636,1.159,1.1598,541,1.1549002548921508,1.1546379999999998,1.154700265295912,1.15483,BULLISH_CROSS,0.2500431108811972,1.8106570098292922,3.4488704949129194
1990-06-05,00:00:00,1.1596,1.1615,1.1514,1.1602,1961,1.1651374472824765,1.165572,1.1653389757429857,1.165196,BEARISH_CROSS,-0.172384071711774,-0.758489915531798,-0.09481123944146518
1990-07-18,00:00:00,1.1896,1.1944,1.1857,1.187,1481,1.1737084262952482,1.1736859999999998,1.1731659130828094,1.1735419999999999,BULLISH_CROSS,0.4549283909014195,1.5922493681550056,1.364785172704296
1990-09-18,00:00:00,1.2641,1.2662,1.2556,1.2603,1741,1.231486385817938,1.23159,1.2303103199329557,1.230248,BEARISH_CROSS,-1.309212092358959,-1.6027929857970322,-0.841069586606359
1990-10-25,00:00:00,1.2981,1.3002,1.2879,1.2882,1471,1.2621805331801697,1.261982,1.261118514126299,1.2614020000000001,BULLISH_CROSS,0.3027480204937133,0.20183201366246978,1.6379444185685372
1990-12-03,00:00:00,1.3096,1.3104,1.2904,1.2906,2101,1.2959124019042962,1.296064,1.296129234635084,1.295342,BEARISH_CROSS,0.8058267472493388,1.8131101813110249,2.5337052533705218
1991-02-13,00:00:00,1.3447,1.347,1.3347,1.3369,1681,1.313146260358514,1.312646,1.3121767199649839,1.31242,BULLISH_CROSS,-0.22439973072031502,-1.4286782855860496,-2.004637594434882
1991-02-28,00:00:00,1.2854,1.2916,1.2794,1.2829,2191,1.30905858281363,1.309368,1.3101262800713294,1.3098580000000002,BEARISH_CROSS,-1.0055343362693827,-1.1458414529581367,-2.8295268532231663
1991-05-10,00:00:00,1.1315,1.1362,1.1267,1.1345,1601,1.1746300525571705,1.174512,1.1762680138860344,1.17748,BULLISH_CROSS,0.6258263552225547,2.2829440282062614,-0.4495372410753728
1991-07-04,00:00:00,1.0688,1.0706,1.0651,1.0657,791,1.1157228940539803,1.115814,1.1177646448316938,1.116876,BEARISH_CROSS,0.506709205217214,1.0228019142347666,2.580463545087722
1991-07-22,00:00:00,1.1179,1.1224,1.1084,1.1088,1891,1.1061869740410504,1.105502,1.1060803199202769,1.106158,BULLISH_CROSS,0.333694083694087,0.2886002886002969,0.6042568542568478
1991-10-28,00:00:00,1.1482,1.149,1.1356,1.1387,1731,1.1472419766972315,1.148052,1.1475906288073225,1.146724,BEARISH_CROSS,1.852990252041793,2.959515236673405,4.8212874330376705
1991-11-19,00:00:00,1.2134,1.2293,1.213,1.2235,2251,1.169958827797712,1.1696,1.1677734738302716,1.168232,BULLISH_CROSS,-0.01634654679198839,0.8990600735594523,-0.9971393543114007
1992-01-23,00:00:00,1.2288,1.2312,1.2115,1.2155,2611,1.2176689107259884,1.217968,1.217757437694396,1.21668,BEARISH_CROSS,1.2834224598930528,0.5923488276429348,-0.23858494446730769
1992-04-10,00:00:00,1.2079,1.2112,1.1934,1.1945,2221,1.1936529461905199,1.193268,1.1936183725656433,1.19363,BULLISH_CROSS,-0.929259104227701,-1.2138970280452037,-1.8250313938886413
1992-08-20,00:00:00,1.3453,1.3528,1.343,1.3504,1451,1.3041124406677027,1.304246,1.3022231525316905,1.302038,BEARISH_CROSS,1.3625592417061592,3.221267772511839,2.769549763033166
1992-08-24,00:00:00,1.3784,1.397,1.3719,1.3947,3391,1.3101021799473873,1.309816,1.306649207700342,1.306812,BULLISH_CROSS,-0.057360005736010175,-0.49473004947301413,0.774360077436002
1992-09-10,00:00:00,1.3836,1.3921,1.3668,1.3668,3381,1.3427416590180552,1.3428140000000002,1.341759685916751,1.34143,BEARISH_CROSS,-1.3023119695639478,-4.287386596429616,-3.4167398302604597
1992-12-15,00:00:00,1.2431,1.2501,1.2417,1.2481,1181,1.2601513563664184,1.259962,1.260643248463007,1.262382,BULLISH_CROSS,-4.230430253986055,-4.262478968031401,-3.950004006089248
1993-05-24,00:00:00,1.2031,1.2031,1.1907,1.1951,1681,1.2157773942020282,1.216306,1.2166213694755805,1.2159440000000001,BEARISH_CROSS,0.4351100326332417,2.1671826625387025,3.4139402560455148
1993-08-11,00:00:00,1.1388,1.142,1.1344,1.1368,1321,1.1570822939989582,1.1566159999999999,1.1579101427336094,1.1583359999999998,BULLISH_CROSS,0.22871217452497672,2.0496129486277157,1.944053483462351
1993-10-21,00:00:00,1.1937,1.1948,1.1707,1.1726,2711,1.1946304431330812,1.195004,1.195529644893615,1.19434,BEARISH_CROSS,-0.554323725055447,-0.6225481835238005,-1.1257035647279634
1994-01-12,00:00:00,1.123,1.1289,1.1227,1.1286,681,1.148824472380995,1.148542,1.1496499610496071,1.149818,BULLISH_CROSS,-0.9835194045720459,-1.0987063618642536,-0.23923444976077854
1994-04-20,00:00:00,1.1501,1.1597,1.1485,1.1586,1391,1.147342009790096,1.147384,1.14688249998561,1.146466,BEARISH_CROSS,-0.02589331952356007,0.4142931123769994,1.5190747453823439
1994-05-02,00:00:00,1.1821,1.1886,1.1798,1.1865,1321,1.1538856996303044,1.153854,1.1525545036968474,1.1527420000000002,BULLISH_CROSS,0.6742520016856118,-1.21365360303415,-1.5086388537715993
1994-05-17,00:00:00,1.1685,1.1769,1.1677,1.1688,1811,1.1612906521534836,1.161478,1.1609841481597483,1.160964,BEARISH_CROSS,1.0694729637234732,1.5913757700205293,1.7282683093771387
1994-05-18,00:00:00,1.1703,1.182,1.1661,1.1813,2081,1.16207533246119,1.162048,1.1612906521534836,1.161478,BULLISH_CROSS,-0.1523745026665558,0.7872682637772018,0.48251925844409027
1994-08-10,00:00:00,1.2365,1.2434,1.2334,1.2341,1761,1.22650772159425,1.226756,1.2261978326797294,1.22584,BEARISH_CROSS,1.5557896442751888,2.0986954055587095,2.568673527266839
1994-10-21,00:00:00,1.3104,1.3142,1.3016,1.3039,1871,1.2669856447394543,1.266628,1.265478936361473,1.265754,BULLISH_CROSS,0.5215123859191593,0.4754965871615909,-0.16872459544443436
1994-11-15,00:00:00,1.2657,1.2695,1.255,1.2558,1911,1.2777135124874357,1.278282,1.2786079415685554,1.278472,BEARISH_CROSS,0.5653766523331648,0.0,0.03981525720655717
1995-01-23,00:00:00,1.2925,1.297,1.2904,1.2916,1231,1.2670995561263232,1.266182,1.2660995380090303,1.266442,BULLISH_CROSS,0.1625890368535143,-0.2090430473831021,-0.6348714772375337
1995-04-24,00:00:00,1.4397,1.4462,1.4156,1.4208,4231,1.3842744851711242,1.3851959999999999,1.3827836478311701,1.3825020000000001,BEARISH_CROSS,0.3448761261261194,-0.1478040540540534,-0.08445945945946579
1995-07-03,00:00:00,1.415,1.4204,1.4134,1.419,1001,1.396342362760566,1.3961860000000001,1.395417561240589,1.3962219999999999,BULLISH_CROSS,-0.31712473572938327,-0.04228329809724693,-2.0789288231148753
1995-08-02,00:00:00,1.4205,1.4213,1.3945,1.3999,3301,1.4038352185367318,1.4039320000000002,1.4039958397014962,1.403118,BEARISH_CROSS,0.47860561468677415,-0.8572040860061442,-1.6144010286449
1995-08-04,00:00:00,1.4063,1.4066,1.3973,1.3977,1001,1.4036987926592437,1.403672,1.4039436413392128,1.404112,BULLISH_CROSS,-0.7011518923946506,-0.4650497245474673,-2.5541961794376364
1995-08-07,00:00:00,1.3978,1.4008,1.3871,1.3879,1751,1.4030792321628027,1.403196,1.4036987926592437,1.403672,BEARISH_CROSS,0.07205130052598256,-0.7637437855753256,-4.957129476187044
1995-09-29,00:00:00,1.3769,1.383,1.3674,1.3696,2391,1.3544320728779358,1.3540940000000001,1.353812973811729,1.3548820000000001,BULLISH_CROSS,0.08031542056075504,-0.3796728971962523,1.0294976635514022
1995-11-27,00:00:00,1.3777,1.3798,1.3593,1.3593,2261,1.3779729658628896,1.378884,1.3787351277348443,1.378074,BEARISH_CROSS,0.522327668652991,-0.4708305745604327,0.4266902081953967
1996-02-20,00:00:00,1.3507,1.3526,1.3393,1.3491,2501,1.3414015729239268,1.3412119999999998,1.3410873514106176,1.341914,BULLISH_CROSS,-0.08153583870727736,0.2816692609888093,-1.1118523460084428
1996-04-10,00:00:00,1.306,1.3078,1.2989,1.3062,1761,1.3272770502976785,1.3275839999999999,1.3281373380649306,1.3277619999999999,BEARISH_CROSS,-0.3445107946715624,-0.911039657020366,-0.3598223855458526
1996-06-06,00:00:00,1.2773,1.2829,1.2764,1.2796,1071,1.2876777908686197,1.287328,1.2880074966183592,1.288254,BULLISH_CROSS,-0.18755861206628474,-0.42200687714911467,0.1797436698968403
1996-09-09,00:00:00,1.3111,1.3135,1.3029,1.3045,1461,1.3111409098739377,1.31135,1.3114119674198128,1.310932,BEARISH_CROSS,-0.6975852817171242,-0.8432349559218014,-0.9812188577999174
1996-11-07,00:00:00,1.2895,1.3035,1.2893,1.2932,2471,1.2899625046278727,1.289674,1.2898303619596225,1.2903,BULLISH_CROSS,-0.0231982678626637,0.3170429941231049,0.20878441076400767
1996-12-12,00:00:00,1.2725,1.2742,1.2639,1.2696,1771,1.2820685848110722,1.282148,1.2825775066400955,1.28233,BEARISH_CROSS,-1.0712035286704518,-1.709199747952115,-2.2526780088216727
1997-03-14,00:00:00,1.1468,1.1565,1.1434,1.1546,1841,1.1820751190268164,1.182042,1.1831965524564825,1.183908,BULLISH_CROSS,0.04330504070673349,0.6842196431664661,0.2858132686644603
1997-07-02,00:00:00,1.12,1.1224,1.1137,1.1148,1221,1.1388522264764727,1.139116,1.1398339500061245,1.139656,BEARISH_CROSS,0.17043415859347083,0.13455328310011275,0.22425547183350797
1997-08-29,00:00:00,1.091,1.0929,1.0781,1.0819,2051,1.0841586089834554,1.084118,1.084250797105229,1.0851,BULLISH_CROSS,-0.26804695443202925,-0.6562528884370187,-0.12015897957298075
1997-11-26,00:00:00,1.1177,1.1205,1.1087,1.1122,1811,1.1182697637412828,1.118344,1.1185175092001107,1.118174,BEARISH_CROSS,-0.3416651681352298,-0.9800395612300064,-0.7462686567164155
1998-02-18,00:00:00,1.0718,1.0763,1.0691,1.0739,124,1.086443390472544,1.086004,1.0869553655938722,1.087032,BULLISH_CROSS,0.25142005773348775,1.3688425365490209,0.3538504516249209
1998-06-11,00:00:00,1.097,1.1004,1.0894,1.0904,155,1.1033210173471915,1.10391,1.1038484058103422,1.103564,BEARISH_CROSS,0.348495964783568,0.8620689655172483,1.4948642699926615
1998-07-31,00:00:00,1.106,1.1104,1.1035,1.11,99,1.1019209971420367,1.101846,1.1015912419233445,1.1020159999999999,BULLISH_CROSS,-0.4864864864864929,0.25225225225224446,-0.13513513513514025
1998-11-04,00:00:00,1.1815,1.1854,1.1731,1.1782,214,1.1751635730657806,1.17616,1.1750396372725471,1.174478,BEARISH_CROSS,0.37345102699033966,-1.137328127652339,-0.9506026141571785
1999-01-07,04:00:00,1.1617,1.1648,1.1612,1.1641,264,1.1734248635204942,1.173364,1.1738054701948002,1.1738860000000002,BULLISH_CROSS,0.2405291641611662,0.2577098187441039,0.5497809466540833
1999-01-08,16:00:00,1.1655,1.1661,1.1533,1.1552,1760,1.171204917717332,1.1712200000000001,1.1718581796649783,1.1715820000000001,BEARISH_CROSS,0.28566481994460535,0.19044321329639713,-0.15581717451523752
1999-01-15,04:00:00,1.1688,1.17,1.1678,1.1695,285,1.1649320569810562,1.164886,1.1647456103272218,1.165154,BULLISH_CROSS,0.14536126549807907,-0.9063702436938813,-0.8550662676357426
1999-01-22,16:00:00,1.1575,1.1603,1.1559,1.1585,1544,1.1606480009538158,1.1608800000000001,1.1607356744621349,1.16068,BEARISH_CROSS,0.017263703064305393,0.11221406991798505,-0.15537332757876768
1999-01-27,16:00:00,1.1528,1.1535,1.147,1.148,1673,1.1580528882637422,1.15801,1.1584632102336907,1.158474,BULLISH_CROSS,-0.3658536585365838,-0.3310104529616554,-0.7404181184668949
1999-01-27,20:00:00,1.1478,1.1485,1.1408,1.1438,477,1.1574939514690856,1.157572,1.1580528882637422,1.15801,BEARISH_CROSS,-0.0699422976044686,0.21856968001400323,-0.20982689281342526
1999-02-05,20:00:00,1.1282,1.1284,1.1253,1.126,624,1.1375951660508703,1.1375199999999999,1.1380684381345791,1.1381780000000001,BULLISH_CROSS,0.00888099467142194,-0.15097690941383773,0.5861456483126254
1999-02-16,20:00:00,1.1194,1.1213,1.1178,1.1207,437,1.1281665438907624,1.1281919999999999,1.1284713007842628,1.1283079999999999,BEARISH_CROSS,0.17845989113946656,0.17845989113946656,0.3569197822789331
1999-02-17,12:00:00,1.123,1.1267,1.1218,1.1254,1385,1.1274713044280595,1.12738,1.1275558474659395,1.127582,BULLISH_CROSS,-0.2221432379598318,-0.008885729518392482,-0.15105740181269192
1999-02-18,12:00:00,1.1272,1.1276,1.1222,1.1237,1290,1.1269304039915482,1.127016,1.127062257215693,1.127032,BEARISH_CROSS,-0.12458841327755148,-0.4093619293405658,-0.6051437216338806
1999-03-02,16:00:00,1.0881,1.0937,1.0877,1.0929,1593,1.1026459295480517,1.1024340000000001,1.1030437225908292,1.103118,BULLISH_CROSS,0.0457498398755554,-0.18299935950224192,-0.4025985909049281
1999-03-05,08:00:00,1.0815,1.0831,1.0803,1.0827,996,1.094851068387858,1.094854,1.0953470303628727,1.095268,BEARISH_CROSS,0.15701487023183106,-0.08312551953448793,0.6095871432529731
1999-03-08,20:00:00,1.0899,1.0901,1.0873,1.0887,508,1.092197333277618,1.0921480000000001,1.0923400815746638,1.09244,BULLISH_CROSS,0.10103793515202544,-0.0642968678240032,0.009185266832000457
1999-03-22,04:00:00,1.0899,1.0904,1.0878,1.0893,271,1.094529509356908,1.094718,1.0947429587184145,1.094708,BEARISH_CROSS,-0.11016248967225446,0.1652437345084021,0.10098228219958699
1999-04-05,00:00:00,1.0795,1.0797,1.0746,1.0754,199,1.0799473375859299,1.07981,1.080132943201682,1.080144,BULLISH_CROSS,0.0464943276920371,-0.1115863864608395,-0.33475915938253914
1999-04-16,00:00:00,1.0706,1.0709,1.0689,1.0692,132,1.0785218087412045,1.078654,1.0789022907306416,1.078706,BEARISH_CROSS,-0.44893378226710773,-0.12158623269733042,0.009352787130563879
1999-04-27,04:00:00,1.0621,1.0621,1.0607,1.0615,339,1.0654047181898043,1.06521,1.0655640944424494,1.065588,BULLISH_CROSS,0.16015073009889896,0.3391427225623952,0.386245878473857
1999-05-13,08:00:00,1.0648,1.0676,1.0637,1.0662,1308,1.06978463724357,1.069936,1.0699309489677973,1.069786,BEARISH_CROSS,-0.4689551678859609,-0.00937910335771797,0.03751641343087188
1999-06-07,00:00:00,1.0359,1.0359,1.0359,1.0359,1,1.0425070278237594,1.042458,1.0427767024288108,1.042912,BULLISH_CROSS,-0.7047012259870725,-0.5019789554976439,-0.7722753161502083
1999-06-17,04:00:00,1.0311,1.0317,1.0302,1.0309,356,1.0412227259061382,1.0414700000000001,1.0416440616574092,1.041604,BEARISH_CROSS,0.4462120477253041,0.3395091667475079,0.16490445242021873
1999-06-24,16:00:00,1.0311,1.04,1.0305,1.0392,1474,1.0360164416440176,1.035754,1.0358865004866304,1.035896,BULLISH_CROSS,0.09622786759046498,0.39453425712086154,0.5003849114703709
1999-07-01,20:00:00,1.0253,1.0258,1.0219,1.023,555,1.0349214308114212,1.035058,1.0354080198241322,1.035258,BEARISH_CROSS,0.12707722385142511,0.02932551319649942,0.19550342130987308
1999-07-13,04:00:00,1.015,1.0154,1.014,1.0147,350,1.0220907547214153,1.021996,1.0223924181794322,1.02241,BULLISH_CROSS,-0.14782694392429632,0.26608849906377713,0.2562333694688241
1999-07-30,00:00:00,1.0727,1.0727,1.0692,1.0709,317,1.055348584473405,1.05536,1.054713832819258,1.054534,BEARISH_CROSS,0.1307311607059546,-0.1494070408068023,-0.2427864413110408
1999-08-20,20:00:00,1.0659,1.0678,1.0652,1.0675,403,1.0610292390883866,1.0607259999999998,1.0607651263981168,1.060846,BULLISH_CROSS,-0.018735362997656015,-0.234192037470721,-1.7330210772833687
1999-08-26,08:00:00,1.0432,1.0452,1.0413,1.0434,1915,1.0540955750209096,1.05419,1.0545321291033956,1.054476,BEARISH_CROSS,0.2779375119800558,0.17251293847036625,0.3066896683917835
1999-09-01,04:00:00,1.0575,1.0579,1.0565,1.0571,414,1.051922859607208,1.051748,1.051711547754441,1.051892,BULLISH_CROSS,0.46353230536374296,0.066218900766261,0.13243780153250098
1999-09-09,08:00:00,1.0621,1.0636,1.0597,1.0611,1535,1.058597783040923,1.058618,1.0584956517364708,1.058348,BEARISH_CROSS,-0.24502874375647307,-0.6879653190085631,-0.8010555084346388
1999-09-20,20:00:00,1.039,1.04,1.0349,1.0357,727,1.0428706047724976,1.0426719999999998,1.043163282518314,1.043194,BULLISH_CROSS,0.11586366708505047,0.6951820025103672,1.3420874770686515
1999-10-08,00:00:00,1.0712,1.072,1.0705,1.0707,462,1.0658492924798566,1.066074,1.06565130441781,1.065556,BEARISH_CROSS,-0.028019052956007,-0.3362286354721255,-0.8405715886802931
1999-10-15,04:00:00,1.0822,1.0832,1.0811,1.0823,1094,1.0715418824109164,1.071518,1.0711027755705458,1.0713460000000001,BULLISH_CROSS,0.36034371246419794,0.31414580060981884,0.4896978656564594
1999-10-21,08:00:00,1.078,1.0789,1.0763,1.0775,1406,1.0776377704369233,1.077776,1.0776433937200631,1.07746,BEARISH_CROSS,0.18561484918793522,0.2412993039443302,0.2691415313225174
1999-11-03,12:00:00,1.0502,1.0513,1.0487,1.0492,1377,1.0574901779658172,1.057414,1.0578285525766669,1.057998,BULLISH_CROSS,-0.08577964163170997,-0.12390392680135885,-0.047655356462061094
1999-11-25,00:00:00,1.0191,1.0195,1.0172,1.0191,572,1.0314247910452077,1.031584,1.0319278437409305,1.031832,BEARISH_CROSS,0.07850063781769541,0.058875478363277015,-0.04906289863604602
1999-12-06,08:00:00,1.0017,1.0028,0.9991,1.0028,1168,1.0111430970741961,1.011002,1.011483631648653,1.0114960000000002,BULLISH_CROSS,1.3761467889908292,1.9844435580374982,2.1041084962106225
1999-12-15,00:00:00,1.0058,1.0062,1.0044,1.0052,320,1.0149090043724052,1.015172,1.0153052902651563,1.015128,BEARISH_CROSS,0.029844807003578087,-0.33824114604059585,0.15917230401908314
1999-12-21,12:00:00,1.0117,1.012,1.0073,1.0095,1570,1.0123815451256268,1.0123440000000001,1.012499159212387,1.012708,BULLISH_CROSS,-0.009905894006933034,-0.06934125804855323,-0.21792966815254874
1999-12-28,20:00:00,1.0074,1.008,1.0055,1.0068,795,1.011757023940714,1.011798,1.0119593514484984,1.011918,BEARISH_CROSS,0.019864918553831743,0.30790623758443614,-0.24831148192291885
1999-12-29,08:00:00,1.0077,1.0106,1.0072,1.0099,1068,1.0113779730993437,1.0113379999999998,1.01143829853197,1.0114699999999999,BULLISH_CROSS,-0.19803940984255883,-0.5545103475591692,-0.49509852460640813
1999-12-30,08:00:00,1.0066,1.0079,1.004,1.0049,1170,1.010172311015787,1.010248,1.0103875073837782,1.010304,BEARISH_CROSS,-0.10946362822170155,0.3084884068066577,0.16917106179719724
2000-01-03,20:00:00,1.0155,1.0278,1.015,1.0256,1072,1.0105298381584746,1.0103520000000001,1.0099147295118818,1.010016,BULLISH_CROSS,0.058502340093597296,-0.0877535101404176,0.46801872074882167
2000-01-12,08:00:00,1.0327,1.037,1.0321,1.0354,1521,1.0262551789853274,1.02644,1.0258819209847285,1.025876,BEARISH_CROSS,-0.4346146416843897,-0.424956538535849,-0.5505118794668764
2000-01-26,04:00:00,1.0012,1.0035,1.0011,1.0022,865,1.0110451049608054,1.010956,1.011406129653083,1.011422,BULLISH_CROSS,0.13969267611255914,-0.1496707244063118,-0.17960486928756972
2000-01-27,16:00:00,0.9963,0.9979,0.9868,0.9889,1762,1.0073966622627109,1.00766,1.008151628069352,1.0081060000000002,BEARISH_CROSS,-0.08089796743857042,-0.13145919708766993,-1.2640307412276222
2000-02-04,04:00:00,0.989,0.9905,0.9883,0.9892,598,0.9858592971658697,0.9858579999999999,0.9857229419481501,0.986212,BULLISH_CROSS,0.3133845531742814,-1.3040841083704027,-0.7581884350990651
2000-02-15,12:00:00,0.9796,0.9814,0.9763,0.9782,1656,0.9848475182899267,0.984928,0.9851188455670665,0.9848219999999999,BEARISH_CROSS,0.5111429155591908,0.3066857493355145,0.19423430791249363
2000-02-22,00:00:00,0.9875,0.9931,0.9868,0.9922,438,0.985788433401904,0.985586,0.9855267368060634,0.9855740000000001,BULLISH_CROSS,0.04031445273131092,0.9977827050997803,1.3303769401330479
2000-02-28,00:00:00,0.9728,0.9732,0.9722,0.9729,86,0.9901735633258814,0.9903919999999999,0.9908786067269377,0.990598,BEARISH_CROSS,-1.7576318223866794,-1.1100832562442216,-0.5858772741288969
2000-03-07,20:00:00,0.9559,0.9598,0.9525,0.9593,1047,0.9684653910390129,0.968412,0.968839488632442,0.9690460000000001,BULLISH_CROSS,-0.07296987386636443,0.12509121234233075,0.15636401542791054
2000-03-22,12:00:00,0.9606,0.9628,0.9591,0.9605,1612,0.9674139720659178,0.967446,0.9676961750073839,0.9675919999999999,BEARISH_CROSS,0.04164497657469609,0.04164497657469609,0.13534617386777387
2000-03-27,08:00:00,0.9772,0.979,0.9763,0.9772,1193,0.9689419732377827,0.9688420000000001,0.9686049109209576,0.968638,BULLISH_CROSS,-0.6139991813344254,-1.2177650429799336,-1.1768317642243098
2000-03-27,20:00:00,0.9693,0.9693,0.9632,0.9653,1000,0.9688868460053216,0.968956,0.9690332478830898,0.968938,BEARISH_CROSS,0.07251631617113052,0.04143789495493173,-0.38330052833316447
2000-04-06,00:00:00,0.9624,0.9626,0.9602,0.9621,538,0.9608023199265742,0.960696,0.9607493533929649,0.960904,BULLISH_CROSS,0.05196964972456668,-0.11433322939403284,-0.5508782870803421
2000-04-13,16:00:00,0.9549,0.9575,0.9517,0.9522,1436,0.9587559410404565,0.958908,0.9590235304706792,0.95892,BEARISH_CROSS,0.08401596303296702,0.021003990758241754,0.1995379122033083
2000-05-05,16:00:00,0.8994,0.9009,0.8906,0.8974,1540,0.9089280845941584,0.9086839999999999,0.909398618659226,0.909466,BULLISH_CROSS,-0.05571651437485457,0.45687541787385705,-0.14486293737463427
2000-05-18,08:00:00,0.8948,0.8953,0.8905,0.8937,1521,0.9038385566510344,0.9040219999999999,0.9042523752898521,0.904168,BEARISH_CROSS,-0.08951549737048482,0.11189437171310293,-0.04475774868524862
2000-05-24,12:00:00,0.909,0.9116,0.9081,0.9088,1551,0.9029251576840821,0.9028860000000001,0.9026853682017998,0.9027639999999999,BULLISH_CROSS,0.2860915492957675,-0.4841549295774726,-0.8692781690140865
2000-06-12,00:00:00,0.9537,0.9537,0.949,0.9499,346,0.9459904748384199,0.946118,0.9458309023828452,0.9457760000000001,BEARISH_CROSS,0.031582271818094323,0.3684598378776775,0.3052952942415006
2000-06-29,16:00:00,0.9522,0.9537,0.9496,0.9499,1481,0.94489977412515,0.944736,0.9446956832731153,0.9450020000000001,BULLISH_CROSS,0.21054847878724095,0.25265817454469613,0.5579534687861967
2000-07-07,20:00:00,0.9477,0.949,0.9462,0.9479,768,0.9499757537532328,0.950064,0.9500604783962219,0.949894,BEARISH_CROSS,0.010549636037555543,0.37978689735204635,0.73847452262897
2000-07-24,00:00:00,0.9364,0.9378,0.9357,0.9368,312,0.9350498813220378,0.934928,0.9349784479066108,0.935208,BULLISH_CROSS,-0.042698548249354824,-0.3415883859948741,-0.4590093936806117
2000-08-01,00:00:00,0.9266,0.9285,0.9263,0.9276,290,0.9325471933932598,0.93275,0.932749119654209,0.932612,BEARISH_CROSS,-0.0754635618801244,0.03234152652004819,-1.304441569642087
2000-08-10,16:00:00,0.9046,0.9098,0.9042,0.9078,1568,0.9100460561653548,0.910026,0.910137731927206,0.910364,BULLISH_CROSS,0.055078211059698706,0.03304692663581923,-0.4296100462656989
2000-08-22,12:00:00,0.8983,0.8995,0.8954,0.8964,1567,0.9080328361564607,0.9083439999999999,0.9085076457954998,0.9084519999999999,BEARISH_CROSS,0.14502454261491285,-0.011155734047299084,-0.22311468094600642
2000-08-30,12:00:00,0.8888,0.8944,0.8867,0.8919,1515,0.9002814777534234,0.9002459999999999,0.9006235788862161,0.9007259999999999,BULLISH_CROSS,0.02242403856934387,0.22424038569346358,-0.05606009642337212
2000-09-01,04:00:00,0.8907,0.891,0.8882,0.8886,598,0.8972223576078586,0.89724,0.8975742905714447,0.897502,BEARISH_CROSS,-0.033760972315998984,1.2491559756921125,1.4629754670267852
2000-09-01,16:00:00,0.8931,0.9017,0.8927,0.8997,1350,0.8968525103482594,0.8967980000000001,0.8967362862808415,0.896776,BULLISH_CROSS,0.06668889629875892,0.2111815049460822,-0.24452595309548633
2000-09-06,00:00:00,0.8895,0.891,0.8879,0.8882,513,0.8959907403625885,0.896006,0.8963087297651432,0.89628,BEARISH_CROSS,-0.06755235307363712,-1.1596487277640144,-2.510695789236657
2000-09-15,04:00:00,0.8657,0.866,0.8642,0.8649,326,0.8703575836387075,0.8699799999999999,0.8705803421545731,0.870626,BULLISH_CROSS,0.034686090877554275,-0.6243496357960412,-1.3527575442247708
2000-10-03,08:00:00,0.8778,0.8782,0.8756,0.8773,1222,0.8763857453397526,0.876532,0.8763484288230077,0.8759260000000001,BEARISH_CROSS,-0.13678331243588043,-0.19377635928415865,-0.2507694061324495
2000-10-25,08:00:00,0.8371,0.8387,0.8357,0.8366,1300,0.8458507575128728,0.845754,0.8462283394521736,0.8462660000000001,BULLISH_CROSS,-0.6335166148697073,-0.9921109251733176,-1.5897681090126676
2000-11-09,04:00:00,0.8546,0.8555,0.8538,0.8549,854,0.8557611867089814,0.856024,0.855796337186899,0.8557000000000001,BEARISH_CROSS,-0.011697274535032049,0.3275236869809363,1.3568838460638735
2000-11-28,08:00:00,0.8521,0.8546,0.8518,0.8525,1261,0.8474907763502565,0.847196,0.8472863182421037,0.847316,BULLISH_CROSS,0.37536656891495374,0.4926686217008776,0.8680351906158312
2000-12-11,04:00:00,0.8837,0.8848,0.8822,0.8827,838,0.8787145665407177,0.878974,0.8785518957872775,0.878454,BEARISH_CROSS,0.23790642347343272,-0.5777727427211956,-0.498470601563393
2000-12-19,08:00:00,0.895,0.8969,0.8932,0.8942,1537,0.8864241827857129,0.886382,0.8861068024912522,0.88631,BULLISH_CROSS,-0.5367926638335973,0.05591590248267233,0.3354954148959967
2000-12-29,20:00:00,0.9387,0.943,0.9368,0.9427,1263,0.921182551326236,0.921312,0.9203042881150619,0.9202460000000001,BEARISH_CROSS,-0.08486262861992393,-0.08486262861992393,-0.360666171634662
2001-01-31,20:00:00,0.9311,0.9369,0.9298,0.9366,1213,0.9283479758136753,0.9279940000000001,0.9280111584999478,0.9280560000000001,BULLISH_CROSS,0.0854153320521058,0.7153534059363698,0.43775357676702886
2001-02-08,20:00:00,0.9185,0.9193,0.9174,0.9188,1307,0.9310900022072094,0.9314659999999999,0.9315916349503608,0.931472,BEARISH_CROSS,-0.0108837614279483,-0.2176752285589902,0.598606878537229
2001-02-20,04:00:00,0.9219,0.9233,0.9212,0.9228,826,0.9201087144698596,0.920022,0.9199988660808743,0.920152,BULLISH_CROSS,-0.7910706545296895,-1.4195925444299957,-1.53879497182488
2001-02-20,20:00:00,0.9097,0.912,0.909,0.912,1059,0.9187492351054406,0.918754,0.9190247140893362,0.9189660000000001,BEARISH_CROSS,-0.36184210526316674,0.07675438596490382,-0.27412280701755015
2001-02-23,12:00:00,0.9055,0.9073,0.9027,0.9056,1836,0.9132718487994104,0.9131779999999999,0.9135849854851006,0.913664,BULLISH_CROSS,0.4527385159010593,1.2036219081272108,0.5410777385159028
2001-03-09,08:00:00,0.9327,0.936,0.9309,0.9347,1412,0.9277860808256359,0.928014,0.9275038800430087,0.927496,BEARISH_CROSS,0.10698619878035742,-0.17117791804856475,-0.4279447951214297
2001-03-23,08:00:00,0.8891,0.8945,0.8879,0.8926,1464,0.9026677242942807,0.902598,0.9030786518164962,0.9033180000000001,BULLISH_CROSS,0.06721935917544757,-0.40331615505264806,0.011203226529251625
2001-03-30,04:00:00,0.8823,0.8829,0.8766,0.8797,1511,0.8930794313254332,0.8930799999999999,0.8936255305632059,0.89347,BEARISH_CROSS,0.1591451631237873,0.02273502330339638,-0.386495396157789
2001-04-02,08:00:00,0.8764,0.878,0.8742,0.8773,1755,0.8894925443518399,0.889452,0.8899901992233435,0.890098,BULLISH_CROSS,0.21657357802348262,0.2735666248717735,1.025874843269122
2001-04-12,04:00:00,0.8883,0.8899,0.8868,0.889,1235,0.8932932192335322,0.8933680000000002,0.8934684526716355,0.893098,BEARISH_CROSS,-0.24746906636670188,0.3374578177727787,0.37120359955005283
2001-04-20,00:00:00,0.8973,0.8988,0.8954,0.8963,1129,0.8882867947407127,0.8880440000000001,0.8879597251382928,0.88815,BULLISH_CROSS,0.0,0.11156978690170712,1.0822269329465628
2001-04-30,12:00:00,0.8898,0.8904,0.8864,0.8877,1941,0.8948038674280809,0.89516,0.8950938212006557,0.895026,BEARISH_CROSS,-0.20277120648868127,0.10138560324432815,0.2928917427058619
2001-05-17,04:00:00,0.8849,0.8859,0.8843,0.8854,1142,0.8825148771176751,0.8823780000000001,0.8823971170000291,0.8825219999999999,BULLISH_CROSS,-0.14682629320080956,-0.35012423763270745,-0.3162412468940494
2001-05-23,08:00:00,0.8656,0.8665,0.8584,0.8592,1786,0.8768485838692885,0.8768680000000001,0.8775689342313002,0.877312,BEARISH_CROSS,-0.058193668528857656,-0.2793296089385426,-0.16294227188081437
2001-05-31,00:00:00,0.8565,0.857,0.8548,0.8551,1018,0.86244349993742,0.862358,0.8627432346287432,0.862806,BULLISH_CROSS,-0.5145597006198058,-0.8653958601333134,-1.1226757104432163
2001-06-21,20:00:00,0.8563,0.8566,0.8542,0.8546,1013,0.8552816371354875,0.8553060000000001,0.855309459059385,0.855116,BEARISH_CROSS,-0.0702082845775854,-0.17552071144395703,0.3510414228879011
2001-06-27,20:00:00,0.8624,0.8629,0.8591,0.8595,1233,0.8584640154293731,0.8583340000000002,0.8584217303448577,0.858474,BULLISH_CROSS,0.011634671320533913,-0.26759744037231875,-1.8731820826061667
2001-06-28,20:00:00,0.8437,0.8459,0.843,0.8434,1513,0.8570852102846241,0.857154,0.8576437902962414,0.8574940000000001,BEARISH_CROSS,0.07114062129475147,0.48612757884752106,0.7469765235949695
2001-07-09,16:00:00,0.846,0.851,0.8452,0.847,1750,0.8470352348968343,0.84702,0.8470366730558888,0.847382,BULLISH_CROSS,0.4722550177095636,0.35419126328217265,0.8382526564344741
2001-07-27,12:00:00,0.8764,0.8808,0.8754,0.879,1952,0.8713816433247876,0.871432,0.8710706899911055,0.8708839999999999,BEARISH_CROSS,-0.46643913538111403,-0.2844141069397108,-0.3526734926052323
2001-08-10,04:00:00,0.892,0.8926,0.8909,0.8917,1640,0.8808223824133232,0.8807259999999999,0.8803783980220302,0.8803799999999999,BULLISH_CROSS,0.37007962319165294,0.25793428283054487,0.26914881686665443
2001-08-21,20:00:00,0.9109,0.9185,0.9077,0.9178,1397,0.9062193717271732,0.90629,0.9057466930221598,0.90566,BEARISH_CROSS,-0.13074743952930692,0.5992590978426738,-0.2941817389409376
2001-09-11,16:00:00,0.8975,0.9169,0.8974,0.9153,3078,0.9011288520913147,0.901022,0.9005504378909601,0.9008700000000001,BULLISH_CROSS,-0.06555227794166338,-0.4479405659346654,-0.9505080301540523
2001-09-21,20:00:00,0.9101,0.9153,0.91,0.9144,1290,0.9185585688066228,0.919,0.918728306308934,0.9186660000000001,BEARISH_CROSS,-0.13123359580052263,-0.2405949256342935,0.2734033245844333
2001-10-03,12:00:00,0.9212,0.9223,0.9188,0.9203,2126,0.9173994695159481,0.9172739999999999,0.9172810805165991,0.9172899999999999,BULLISH_CROSS,-0.34771270237965674,-0.6954254047593135,-0.44550689992393705
2001-10-04,04:00:00,0.914,0.916,0.9137,0.9146,1239,0.9170315966761382,0.9171320000000001,0.9171308455200622,0.917128,BEARISH_CROSS,0.10933741526350327,0.12027115678985237,0.4373496610540131
2001-10-08,08:00:00,0.9189,0.9246,0.9165,0.9217,1928,0.9174814455116864,0.917318,0.9173092596142042,0.917354,BULLISH_CROSS,-0.06509710317890137,-0.07594662037538494,-0.04339806878593425
2001-10-11,04:00:00,0.9115,0.9127,0.9108,0.9116,1430,0.9163316619151294,0.9164140000000001,0.9165247909728897,0.9164100000000001,BEARISH_CROSS,-0.12066695919262724,-1.2176393154892495,-1.07503290917068
2001-10-19,20:00:00,0.8995,0.8998,0.8979,0.899,1129,0.9067463909893063,0.906738,0.9070625702133597,0.9071339999999999,BULLISH_CROSS,-0.11123470522803124,-0.16685205784205304,-0.8120133481646243
2001-10-22,00:00:00,0.8985,0.8991,0.8977,0.898,302,0.9064033952642355,0.9064180000000001,0.9067463909893063,0.906738,BEARISH_CROSS,0.06681514476613963,-0.04454342984410545,-0.6792873051224938
2001-10-29,04:00:00,0.8932,0.8948,0.8924,0.8942,1030,0.8965913199963577,0.896458,0.8966889248941681,0.896742,BULLISH_CROSS,0.4808767613509249,1.0847685081637264,1.2189666741221228
2001-11-06,20:00:00,0.897,0.899,0.8954,0.8957,1152,0.8998635295465418,0.900094,0.9000334695280332,0.899958,BEARISH_CROSS,0.011164452383609354,0.7926761192363508,0.21212459528859012
2001-11-20,20:00:00,0.8832,0.8845,0.8821,0.8829,1015,0.8856143572974282,0.8855339999999999,0.8857251473912008,0.8858060000000001,BULLISH_CROSS,-0.09061048816400757,-0.23785253143051205,-0.4417261297995259
2001-12-07,16:00:00,0.8913,0.8945,0.8884,0.8904,1928,0.8890428595627698,0.889186,0.888987466075536,0.888978,BEARISH_CROSS,0.15723270440252335,-0.03369272237196394,-0.20215633423180862
2001-12-13,12:00:00,0.8976,0.8987,0.8961,0.8981,1860,0.8919151062262205,0.8917459999999999,0.8916626615823927,0.891692,BULLISH_CROSS,-0.05567308762944616,-0.5233270237167396,0.41198084845785954
2001-12-20,20:00:00,0.8973,0.9012,0.8962,0.9006,1739,0.8982168109776352,0.8982939999999999,0.898119537956314,0.8980119999999999,BEARISH_CROSS,-0.05551854319342049,-0.3220075505218635,-1.299133910726175
2002-01-01,00:00:00,0.8918,0.8919,0.8889,0.8906,258,0.886787986828168,0.8867179999999999,0.8866323944538075,0.886858,BULLISH_CROSS,-0.12351223894003929,0.07859869750730226,0.31439479002919657
2002-01-09,12:00:00,0.8918,0.8937,0.8913,0.8924,1774,0.8930033284821852,0.893092,0.8930279541345193,0.8928999999999999,BEARISH_CROSS,-0.4930524428507351,-0.11205737337516819,-0.20170327207530525
2002-01-24,20:00:00,0.8776,0.8787,0.876,0.8772,1450,0.8839971566235629,0.883982,0.88427459158779,0.8842800000000001,BULLISH_CROSS,0.11399908800729605,-0.19379844961240705,-1.4591883264933918
2002-01-25,16:00:00,0.8657,0.8682,0.8631,0.8656,2019,0.8818488618542674,0.8819020000000001,0.8825120807054619,0.8824179999999999,BEARISH_CROSS,-0.1386321626617479,-0.011552680221810187,-0.5776340110905734
2002-02-04,12:00:00,0.8622,0.8643,0.8613,0.8637,1587,0.86706945094412,0.866986,0.8672069795540841,0.86747,BULLISH_CROSS,0.5904828065300444,0.625217089267102,0.544170429547288
2002-02-15,20:00:00,0.873,0.8743,0.8713,0.873,1535,0.8721145132074885,0.8721199999999999,0.8720783708894267,0.8720279999999999,BEARISH_CROSS,0.034364261168381094,0.0,-0.2520045819014868
2002-02-25,12:00:00,0.8748,0.8757,0.8723,0.8727,1567,0.8724281047709443,0.8723879999999999,0.872417007006493,0.8724339999999999,BULLISH_CROSS,-0.1489629884267307,-0.37813681677553346,-0.4698063481150444
2002-02-26,04:00:00,0.8694,0.8709,0.8691,0.8701,1181,0.8720664777900384,0.872084,0.8721467421896318,0.872106,BEARISH_CROSS,0.13791518216296736,-0.2068727732444574,-0.6091253878864465
2002-03-06,00:00:00,0.8721,0.8731,0.871,0.8717,1038,0.8687592330567726,0.8686459999999999,0.8686392017529674,0.8686400000000001,BULLISH_CROSS,-0.11471836641046242,-0.05735918320523757,0.5621199954112671
2002-03-14,20:00:00,0.8812,0.8834,0.8811,0.8827,1479,0.8752224999209477,0.8752800000000001,0.8749172958360883,0.874912,BEARISH_CROSS,0.05664438654128752,0.19259091424039013,0.03398663192477251
2002-03-15,00:00:00,0.8827,0.8838,0.882,0.8832,1143,0.8755353430613028,0.875526,0.8752224999209477,0.8752800000000001,BULLISH_CROSS,0.06793478260870074,0.20380434782608964,-0.33967391304347855
2002-03-18,00:00:00,0.8812,0.8819,0.8799,0.8802,522,0.8771351663480192,0.877188,0.877010071096918,0.87698,BEARISH_CROSS,-0.03408316291751499,-0.17041581458758756,0.20449897750511517
2002-03-19,20:00:00,0.8808,0.8831,0.8795,0.882,1424,0.8787197904672754,0.878704,0.8785859043638988,0.878588,BULLISH_CROSS,-0.11337868480725632,-0.18140589569161517,0.35147392290249335
2002-03-22,12:00:00,0.8809,0.8817,0.8788,0.8795,1805,0.8804015044088622,0.880472,0.8804383005071831,0.8803759999999999,BEARISH_CROSS,-0.022740193291640474,-0.36384309266628545,-0.3524729960204653
2002-04-02,12:00:00,0.8784,0.881,0.8773,0.8802,1900,0.8765304191671833,0.8765100000000001,0.8763806403576806,0.8766120000000001,BULLISH_CROSS,-0.15905476028174925,-0.24994319472846852,0.04544421722336593
2002-04-10,16:00:00,0.8806,0.8818,0.8786,0.8804,1729,0.878334991047807,0.878344,0.8782507049681256,0.8781899999999999,BEARISH_CROSS,-0.011358473421170944,-0.13630168105406396,0.4316219900045463
2002-04-16,04:00:00,0.8795,0.8814,0.8795,0.8809,1258,0.8796956918463747,0.879666,0.8796465364115329,0.879666,BULLISH_CROSS,-0.0681121580202117,0.19298444772392268,0.2838006584175215
2002-05-08,16:00:00,0.9088,0.9102,0.9036,0.9057,1865,0.9071760616074775,0.90727,0.9072363090200276,0.9070779999999999,BEARISH_CROSS,-0.16561775422324676,0.011041183614894558,0.3312355084465058
2002-05-17,20:00:00,0.9212,0.9224,0.9196,0.9211,1562,0.9103305899024908,0.9102380000000001,0.9098910221434088,0.910078,BULLISH_CROSS,-0.13027901422212343,-0.0325697535555399,-0.04342633807404918
2002-05-27,16:00:00,0.919,0.922,0.9188,0.9205,1495,0.918498836403411,0.918736,0.9184171562566114,0.9183779999999999,BEARISH_CROSS,0.03259098316132178,0.03259098316132178,0.9234111895708923
2002-05-30,04:00:00,0.9362,0.9374,0.9357,0.9366,1469,0.9235258190979364,0.923458,0.9229921790611174,0.9231480000000001,BULLISH_CROSS,-0.05338458253255872,0.2775998291693409,0.3096305786888761
2002-06-06,20:00:00,0.945,0.9481,0.9438,0.9473,1342,0.9350471010469923,0.9350640000000001,0.9345469827223797,0.9345019999999999,BEARISH_CROSS,-0.0633379077377858,-0.1900137232133457,-0.4961469439459556
2002-06-19,20:00:00,0.9547,0.958,0.9547,0.9574,1226,0.9463926817930146,0.94624,0.9459434034988519,0.946046,BULLISH_CROSS,-0.1253394610403153,0.11489450595362333,0.8147064967620554
2002-07-02,08:00:00,0.9831,0.9853,0.9818,0.9824,1855,0.9789271009077058,0.979224,0.9787853499243468,0.9787,BEARISH_CROSS,0.18322475570031685,0.39698697068402927,-0.30537459283387647
2002-07-11,12:00:00,0.9873,0.9873,0.9832,0.986,1782,0.9844641884790486,0.984388,0.98440150229452,0.9845440000000001,BULLISH_CROSS,0.46653144016227677,0.09127789046653265,0.3042596348884384
2002-07-23,08:00:00,0.9972,1.0,0.9858,0.9885,1931,1.002965689976739,1.003278,1.00355612630232,1.003276,BEARISH_CROSS,0.35407182599898307,0.020232675771368534,0.010116337885684267
2002-08-07,12:00:00,0.9673,0.9705,0.9666,0.9687,2155,0.9808164059211597,0.9807159999999999,0.9813109531016152,0.98137,BULLISH_CROSS,0.5368018994528732,0.7329410550221942,0.13420047486321543
2002-08-09,08:00:00,0.9692,0.9721,0.968,0.9716,1814,0.9771845849034234,0.977226,0.9774125271443794,0.9774079999999999,BEARISH_CROSS,-0.07204610951008994,-0.18526142445451046,0.09263071222725523
2002-08-12,04:00:00,0.971,0.975,0.9697,0.9745,1386,0.976150079943442,0.9760519999999999,0.9762174301452152,0.9762299999999999,BULLISH_CROSS,-0.20523345305284776,0.34889687018983667,0.4515135967162606
2002-08-21,20:00:00,0.979,0.9812,0.9784,0.9803,1218,0.9796151190422019,0.97976,0.9795871647173937,0.979572,BEARISH_CROSS,-0.2958278078139246,-0.2652249311435209,-1.1527083545853287
2002-08-28,20:00:00,0.9801,0.9812,0.9792,0.9793,1232,0.9770396186181375,0.9770059999999999,0.9769473581535716,0.977098,BULLISH_CROSS,0.040845501889111305,0.6535280302256788,0.5922597773920175
2002-09-09,00:00:00,0.9817,0.9827,0.9805,0.9811,880,0.9868334006658973,0.986958,0.9870674170196074,0.9869979999999999,BEARISH_CROSS,0.07134848639282784,-0.10192640913260634,-0.061155845479557026
2002-09-18,16:00:00,0.9748,0.9798,0.9742,0.979,2054,0.9757136421752424,0.97566,0.9755795051211706,0.9759140000000001,BULLISH_CROSS,-0.11235955056179672,-0.14300306435137455,0.3779366700715053
2002-09-27,16:00:00,0.9778,0.9787,0.9748,0.9782,1765,0.9785503790375146,0.9787279999999999,0.9785646802227193,0.978396,BEARISH_CROSS,0.10222858311183818,0.5929257820486636,0.9916172561848337
2002-10-02,00:00:00,0.983,0.9834,0.9814,0.9819,1221,0.9814219226636117,0.981412,0.9814024093029428,0.981428,BULLISH_CROSS,0.0407373459619061,0.23423973928098268,0.46847947856197664
2002-10-08,00:00:00,0.9833,0.9841,0.9821,0.9828,974,0.9825866058210436,0.982636,0.9825778958545557,0.982558,BEARISH_CROSS,0.12210012210011996,-0.41717541717541645,-0.23402523402523082
2002-10-11,20:00:00,0.9858,0.9878,0.9855,0.9875,1200,0.984283584422095,0.9842240000000001,0.984152302153609,0.984224,BULLISH_CROSS,-0.010126582278479897,0.06075949367087938,-0.04050632911393083
2002-10-17,00:00:00,0.9815,0.9818,0.979,0.979,1137,0.9837660493444688,0.983796,0.9839605819707735,0.983786,BEARISH_CROSS,-0.10214504596527077,-0.28600612870276043,-0.7252298263534214
2002-10-24,20:00:00,0.9748,0.9788,0.9747,0.978,1443,0.9773690226937995,0.977244,0.9773432685180362,0.9774280000000001,BULLISH_CROSS,0.06134969325153834,-0.020449897750508997,-0.17382413087934917
2002-11-13,04:00:00,1.0112,1.0119,1.0103,1.0113,1122,1.0036129553540554,1.003674,1.003299198429731,1.003248,BEARISH_CROSS,-0.12854741421932944,-0.5438544447740591,-0.49441313161278705
2002-12-02,16:00:00,0.9876,0.9947,0.9861,0.9929,2226,0.9953693162113199,0.995276,0.9954701046281084,0.9954839999999998,BULLISH_CROSS,0.3726457850740293,0.3424312619599112,0.42300332359754067
2002-12-23,00:00:00,1.0264,1.0272,1.0262,1.0269,411,1.0212361604400604,1.021262,1.0210049833151649,1.02087,BEARISH_CROSS,-0.009738046547861427,0.22397507060083446,-0.10711851202647571
2002-12-27,20:00:00,1.0417,1.0447,1.0403,1.0443,1852,1.0300613123190403,1.029918,1.0294801413932868,1.029658,BULLISH_CROSS,-0.13406109355549822,-0.18194005553959713,0.37345590347601404
2003-01-03,08:00:00,1.0381,1.0385,1.0341,1.0342,1679,1.0392128030566965,1.039538,1.0394174072630922,1.039376,BEARISH_CROSS,0.29007928833880214,0.8315606265712572,1.0926319860762026
2003-01-13,04:00:00,1.057,1.0578,1.0564,1.0571,1095,1.046278429973007,1.0461019999999999,1.0458367332372114,1.0459319999999999,BULLISH_CROSS,-0.17973701636552955,-0.3405543467978267,-0.08513858669945142
2003-01-30,08:00:00,1.0822,1.0841,1.0744,1.0752,1847,1.0766632728672023,1.076822,1.0767229982903535,1.076612,BEARISH_CROSS,-0.04650297619047107,0.5766369047619032,0.5580357142857149
2003-02-20,04:00:00,1.0756,1.0776,1.0751,1.0768,1347,1.075128405439003,1.07508,1.0750601770895745,1.075186,BULLISH_CROSS,-0.05572065378899832,0.48291233283804735,0.5293462109955459
2003-03-03,08:00:00,1.0779,1.0815,1.0769,1.0806,1667,1.0774417893670674,1.077446,1.077312882810621,1.077208,BEARISH_CROSS,-0.08328706274291144,0.7958541550990137,1.0179529890801313
2003-03-03,20:00:00,1.0837,1.0901,1.0829,1.0892,1804,1.0782129036135886,1.078206,1.0777644506998574,1.0778480000000001,BULLISH_CROSS,0.05508630187294858,0.22034520749173317,-0.06426735218508291
2003-03-13,04:00:00,1.0968,1.0968,1.0843,1.0863,1757,1.0962978277581907,1.096804,1.0967059023605659,1.0966900000000002,BEARISH_CROSS,0.4234557672834334,0.0828500414250116,-0.5247169290251347
2003-03-25,04:00:00,1.065,1.0697,1.0647,1.0682,1573,1.0684360087484917,1.067846,1.068445641758634,1.06848,BULLISH_CROSS,0.29956936903200426,-0.056169256693496906,-0.2621231979030271
2003-04-04,16:00:00,1.0723,1.0738,1.0684,1.0714,2259,1.076771281576729,1.076888,1.0769905175594525,1.076888,BEARISH_CROSS,0.1866716445771889,-0.6066828448758588,-0.8213552361396229
2003-04-14,00:00:00,1.0745,1.0746,1.0717,1.0727,799,1.0745446331718371,1.0743859999999998,1.074619924321708,1.074744,BULLISH_CROSS,0.13051179267270138,0.2237345017246162,0.484758087070019
2003-04-28,20:00:00,1.0993,1.0997,1.0975,1.0985,1276,1.0947394271730815,1.094848,1.0945859344046358,1.094544,BEARISH_CROSS,-0.01820664542557833,0.0273099681383675,0.8830223031406501
2003-04-29,20:00:00,1.1036,1.1087,1.1021,1.1082,1505,1.0960606968721658,1.095916,1.095565215111846,1.095604,BULLISH_CROSS,0.3248511099079431,0.4692293809781511,0.8391987005955481
2003-05-14,08:00:00,1.1508,1.1538,1.1467,1.1501,2056,1.1408875304727462,1.1409399999999998,1.1405115113083684,1.140398,BEARISH_CROSS,-0.043474480479953476,-0.06955916876792557,-0.20867750630379603
2003-05-22,12:00:00,1.1668,1.1732,1.1665,1.1716,2178,1.1578554124191902,1.1577439999999999,1.1572944088444632,1.157444,BULLISH_CROSS,-0.23898941618299024,-0.39262546944349075,0.5462615227039913
2003-05-28,12:00:00,1.179,1.1802,1.1706,1.1756,2265,1.1725544329135924,1.1727919999999998,1.1724301240529227,1.172098,BEARISH_CROSS,0.08506294658047907,0.09356924123852509,0.025518883974138054
2003-06-11,20:00:00,1.1752,1.1766,1.1735,1.1756,1670,1.1734991290826882,1.173314,1.1734133792493284,1.1734479999999998,BULLISH_CROSS,-0.05103776794827611,0.09356924123852509,0.11058183055461712
2003-06-19,08:00:00,1.1637,1.1645,1.1608,1.1635,1963,1.1758829231659171,1.1760380000000001,1.1763883486012605,1.1761160000000002,BEARISH_CROSS,0.051568543188649237,0.773528147829834,0.5242801890846579
2003-07-01,08:00:00,1.1527,1.1554,1.1507,1.1533,1752,1.1538891137966805,1.153686,1.1539131592577694,1.1539540000000001,BULLISH_CROSS,0.034683083326103877,0.25145235411427236,0.08670770831527894
2003-07-08,20:00:00,1.1295,1.1323,1.1282,1.1319,1853,1.145292833019107,1.145456,1.1458394792647848,1.145698,BEARISH_CROSS,-0.02650410813675828,0.1855287569573276,0.24737167594311654
2003-07-17,00:00:00,1.1215,1.1236,1.1209,1.1214,1513,1.1301602755004243,1.13014,1.1305178377657477,1.130702,BULLISH_CROSS,0.03566969859104298,-0.2942750133761244,0.1426787943641917
2003-07-30,20:00:00,1.1377,1.1383,1.1336,1.1344,1808,1.1418221826461221,1.1418460000000001,1.142125128876576,1.141556,BEARISH_CROSS,0.11459802538785761,-0.12341325811002007,-0.9961212976022643
2003-08-08,00:00:00,1.1372,1.1387,1.1361,1.1366,1211,1.135511737081917,1.135396,1.1354673181873014,1.135678,BULLISH_CROSS,-0.04399084990321528,-0.4487066690128545,-0.7214499384128088
2003-08-13,20:00:00,1.1312,1.1327,1.1305,1.1324,1449,1.1326073643950931,1.132834,1.132615828247954,1.132544,BEARISH_CROSS,0.04415400918402904,0.026492405510417424,-0.5298481102084074
2003-08-28,16:00:00,1.0847,1.0917,1.084,1.0889,1984,1.0968270160137041,1.096746,1.097150567687733,1.097424,BULLISH_CROSS,0.0091835797593892,-0.045917898796945994,0.7714206997887744
2003-09-17,00:00:00,1.1178,1.1184,1.1146,1.1158,1154,1.1167288550915042,1.117012,1.1167667675442188,1.11652,BEARISH_CROSS,0.0,0.4391468005018934,1.111310270657841
2003-09-23,00:00:00,1.1462,1.1483,1.1456,1.1465,1317,1.1280157788159209,1.12783,1.1272613208084075,1.127268,BULLISH_CROSS,0.1308329699084025,0.10466637592672201,-0.13955516790231537
2003-09-29,12:00:00,1.1396,1.1444,1.1396,1.1439,1936,1.1403103954110012,1.140592,1.1401638809379808,1.14003,BEARISH_CROSS,1.2238832065740024,1.4599178249847153,2.04563335955941
2003-09-30,20:00:00,1.1666,1.1674,1.1619,1.1657,1824,1.146678221557017,1.146656,1.1459018224368953,1.1459359999999998,BULLISH_CROSS,0.14583512052844086,0.14583512052844086,0.5147121901003694
2003-10-01,04:00:00,1.1676,1.1693,1.1671,1.1675,1242,1.1482755132481348,1.14833,1.147490840319487,1.147486,BEARISH_CROSS,-0.00856531049250441,0.16274089935760283,0.6766595289079245
2003-10-02,08:00:00,1.1759,1.1765,1.1711,1.1739,1961,1.1538709744571793,1.153702,1.1530534632105336,1.153112,BULLISH_CROSS,-0.40037481897946386,-0.3663003663003638,-0.28111423460259466
2003-10-06,04:00:00,1.1577,1.1583,1.1552,1.1561,1468,1.1574254034626235,1.157528,1.1574795015631385,1.157294,BEARISH_CROSS,0.21624426952687215,1.2888158463800827,1.323414929504376
2003-10-08,08:00:00,1.1786,1.1843,1.1778,1.1812,1994,1.1642130141374192,1.164208,1.1635196677756812,1.16354,BULLISH_CROSS,-0.21164917033524777,0.00846596681340916,0.25397900440229354
2003-10-08,12:00:00,1.1812,1.1816,1.1769,1.1787,2062,1.1647811312300695,1.164836,1.1642130141374192,1.164208,BEARISH_CROSS,0.0763553066938068,0.36480868753711465,-0.4241961482989832
2003-10-22,20:00:00,1.18,1.183,1.1792,1.1803,1799,1.1672967644082302,1.1670099999999999,1.166766020098362,1.167062,BULLISH_CROSS,0.08472422265526663,-0.050834533593148684,-0.06777937812419825
2003-10-29,20:00:00,1.1687,1.169,1.1665,1.167,1678,1.1715124523111042,1.1718600000000001,1.171696634038088,1.17166,BEARISH_CROSS,-0.034275921165377546,0.008568980291344386,-0.2913453299057472
2003-11-11,00:00:00,1.1497,1.1497,1.1444,1.1465,1553,1.1522010913142902,1.152128,1.152433788918955,1.152568,BULLISH_CROSS,0.1133885739206155,0.27038813781071785,0.4099433057130332
2003-11-24,12:00:00,1.1872,1.1879,1.1778,1.181,2152,1.1813328836009962,1.18172,1.181346470686751,1.18126,BEARISH_CROSS,-0.2878916172735029,-0.3217612193056753,-0.34716342082980456
2003-12-02,08:00:00,1.1987,1.1994,1.1955,1.1967,1838,1.1900158593876553,1.189906,1.1897430373218454,1.189786,BULLISH_CROSS,-0.033425252778489005,0.9191944514080304,0.9275507646026477
2003-12-11,12:00:00,1.2155,1.2175,1.2137,1.2166,2038,1.2123469773107782,1.212364,1.2121733845479528,1.212068,BEARISH_CROSS,-0.01643925694558425,0.44385993753082953,0.6822291632418377
2003-12-18,20:00:00,1.2372,1.244,1.2371,1.244,2072,1.227391487281946,1.227376,1.226713588803658,1.226894,BULLISH_CROSS,-0.2652733118971126,-0.11254019292605047,-0.46623794212218866
2003-12-23,20:00:00,1.2407,1.2421,1.2386,1.2393,1605,1.2340681197715662,1.234242,1.2338545736397932,1.2337879999999999,BEARISH_CROSS,0.08875978374888072,0.14524328249818635,0.4599370612442539
2003-12-31,12:00:00,1.2615,1.2627,1.2597,1.2623,1798,1.245568295027192,1.24532,1.244885368293608,1.244904,BULLISH_CROSS,-0.17428503525310782,-0.21389527053790103,-0.13467479996831455
2004-01-08,08:00:00,1.2592,1.2618,1.258,1.2594,1831,1.2603768029858586,1.2605279999999999,1.2604166724954855,1.2602,BEARISH_CROSS,0.23820867079560834,1.3657297125615278,0.9845958392885474
2004-01-12,08:00:00,1.2846,1.2901,1.2833,1.2884,1682,1.267468514457886,1.26729,1.2666141681092284,1.266616,BULLISH_CROSS,-0.3958398013039337,-1.0788574976715324,-0.7295870847562927
2004-01-13,16:00:00,1.2752,1.2793,1.273,1.2732,2313,1.269961434233498,1.27,1.2698292478756816,1.2697260000000001,BEARISH_CROSS,0.2748978950675335,0.023562676720072805,-0.03141690229344784
2004-01-22,20:00:00,1.2716,1.2723,1.2691,1.2711,1772,1.2600718621073896,1.259938,1.2596217340301403,1.2601820000000001,BULLISH_CROSS,0.04720320981827992,0.4248288883644144,-0.9834002045472391
2004-01-29,16:00:00,1.2462,1.2478,1.2362,1.2392,2469,1.2563881682818738,1.256548,1.2570897261709297,1.256516,BEARISH_CROSS,0.15332472562943936,0.20981278244027887,0.4680438992898666
2004-02-04,16:00:00,1.2535,1.2552,1.249,1.2549,2424,1.2517816974168707,1.25126,1.2516544197604165,1.251692,BULLISH_CROSS,-0.15937524902382674,-0.15937524902382674,0.4621882221690994
2004-02-17,16:00:00,1.2863,1.2876,1.2804,1.2848,2129,1.273091418898354,1.273188,1.2726135176288988,1.272588,BEARISH_CROSS,-0.08561643835615496,0.07004981320050771,-0.28798256537982847
2004-03-08,12:00:00,1.2364,1.239,1.2356,1.2362,1799,1.236034123691369,1.235846,1.236027353229792,1.236474,BULLISH_CROSS,0.07280375343796497,0.4449118265652856,-0.008089305937549668
2004-03-17,08:00:00,1.2278,1.2281,1.2204,1.2233,1780,1.2292683160679256,1.229376,1.229511920805392,1.229294,BEARISH_CROSS,0.16349219324777256,0.0408730483119386,0.3269843864955451
2004-03-18,20:00:00,1.2393,1.2438,1.2357,1.2389,2096,1.2291053860672563,1.228844,1.228705605906736,1.2287899999999998,BULLISH_CROSS,-0.03228670594882202,-0.11300347082087707,-0.8555977076438731
2004-03-25,04:00:00,1.2127,1.2142,1.2116,1.2129,1277,1.228197658532032,1.228378,1.228822052757829,1.228562,BEARISH_CROSS,-0.06595762222772973,0.36276692225244944,0.14015994723388678
2004-04-01,00:00:00,1.2316,1.2325,1.228,1.2282,1266,1.2216491128932463,1.221576,1.2213817297460319,1.2215820000000002,BULLISH_CROSS,-0.03256798567008272,0.5536557563914786,0.6025077348966026
2004-04-07,00:00:00,1.2118,1.2145,1.2091,1.2094,1391,1.2171928794930365,1.21734,1.2175109562070379,1.217498,BEARISH_CROSS,-0.07441706631388481,-0.05787994046634057,0.7028278485199232
2004-04-14,20:00:00,1.1942,1.1977,1.1928,1.1962,1954,1.206136070196167,1.206004,1.2065416240817248,1.206724,BULLISH_CROSS,0.0,-0.16719612104999182,0.200635345260005
2004-04-15,08:00:00,1.195,1.1996,1.1935,1.1942,2383,1.2049037890593275,1.205008,1.2053406784086877,1.205336,BEARISH_CROSS,-0.1004856807904763,0.3684474962318022,0.3014570423714661
2004-04-20,00:00:00,1.2027,1.2027,1.1985,1.1994,1256,1.2026183771045844,1.202516,1.2027497394353837,1.202908,BULLISH_CROSS,-0.2417875604469005,-0.8254127063531782,-1.2339503084875707
2004-04-21,12:00:00,1.1831,1.1849,1.1819,1.1837,1721,1.1981087964485537,1.1981259999999998,1.1986969105893108,1.198596,BEARISH_CROSS,0.23654642223537517,-0.04224043254202458,0.38016389287825875
2004-04-21,16:00:00,1.1836,1.1917,1.1829,1.1865,2196,1.1976535495290026,1.1976520000000002,1.1981087964485537,1.1981259999999998,BULLISH_CROSS,-0.18541930046356525,-0.3034134007585375,0.03371260008427778
2004-04-21,20:00:00,1.1864,1.1866,1.1825,1.1843,1523,1.1971298809200221,1.19714,1.1976535495290026,1.1976520000000002,BEARISH_CROSS,-0.09288187114750308,-0.15198851642318684,0.5319598074812291
2004-04-22,12:00:00,1.1825,1.19,1.182,1.1882,1897,1.1952288521002739,1.195216,1.195515744022734,1.195582,BULLISH_CROSS,-0.10940919037197921,0.20198619760984513,-0.40397239521965295
2004-04-26,08:00:00,1.1793,1.1831,1.1783,1.1819,1708,1.191514589016875,1.191648,1.1919070212216454,1.191846,BEARISH_CROSS,0.4484304932735496,0.3976647770539088,0.4315085878670027
2004-04-28,04:00:00,1.1921,1.1941,1.1905,1.1939,1353,1.1905873908203066,1.190406,1.19045218228236,1.1905,BULLISH_CROSS,-0.18427003936677944,-0.8208392662702094,-0.8794706424323607
2004-05-10,12:00:00,1.1833,1.1853,1.1811,1.1826,2342,1.198555145116523,1.198872,1.1992063755294424,1.199098,BEARISH_CROSS,0.16066294605107498,0.3551496702181618,0.0
2004-05-18,04:00:00,1.2008,1.2012,1.1971,1.1989,1950,1.193112250760199,1.192882,1.1928760160973497,1.193254,BULLISH_CROSS,0.09175077154056875,-0.21686546000501775,-0.12511468846443044
2004-06-03,12:00:00,1.2208,1.2252,1.2203,1.2239,2281,1.2171250574346697,1.217188,1.216848529166697,1.216648,BEARISH_CROSS,-0.3268240869352074,-0.17975324781436228,0.10621782825394877
2004-06-18,16:00:00,1.2082,1.2141,1.2075,1.2128,2291,1.2085975829405806,1.20804,1.2084260557136655,1.2084359999999998,BULLISH_CROSS,0.11543535620051498,0.09069920844326176,-0.2308707124010666
2004-06-30,16:00:00,1.2163,1.2197,1.2151,1.2169,2283,1.2131020547323952,1.2131120000000002,1.2129470365582071,1.212798,BEARISH_CROSS,0.2711808694222909,-0.024652806311133944,-0.04108801051854441
2004-06-30,20:00:00,1.2171,1.2208,1.2154,1.2202,2170,1.2133804055272033,1.2133500000000002,1.2131020547323952,1.2131120000000002,BULLISH_CROSS,-0.14751680052450614,-0.4671365349942664,-0.3687920013112563
2004-07-13,16:00:00,1.2324,1.2333,1.2299,1.2316,2181,1.2326491295991029,1.23282,1.2326919512153929,1.232478,BEARISH_CROSS,0.13803182851575468,0.1217927898668445,0.6739201039298452
2004-08-02,16:00:00,1.2063,1.2071,1.2026,1.204,2223,1.2125803833983837,1.212458,1.2129306031289298,1.21306,BULLISH_CROSS,-0.09136212624583712,-0.12458471760797814,0.09136212624585556
2004-08-18,04:00:00,1.2335,1.2352,1.2332,1.235,1216,1.227332209161105,1.22752,1.2270192381064562,1.226948,BEARISH_CROSS,-0.17813765182187868,-0.23481781376519226,-0.03238866396762574
2004-09-01,08:00:00,1.2182,1.219,1.2155,1.2169,1512,1.2136367333422495,1.213262,1.2135035387847903,1.21366,BULLISH_CROSS,0.14791683786669418,0.18078724628153336,0.17256964417782814
2004-09-17,04:00:00,1.219,1.2201,1.2187,1.219,1125,1.2191164359279136,1.2191640000000001,1.2191211884147672,1.218914,BEARISH_CROSS,0.07383100902378185,-0.10664479081214757,-0.17227235438884253
2004-09-23,12:00:00,1.2299,1.2335,1.2287,1.2324,1985,1.2225550310940683,1.22232,1.2221531956285199,1.2222119999999999,BULLISH_CROSS,-0.048685491723461045,-0.4057124310288781,-0.024342745861730523
2004-10-04,20:00:00,1.2276,1.2294,1.2265,1.2286,1456,1.2322503566711125,1.23227,1.2323993508209539,1.23217,BEARISH_CROSS,-0.09767214715935763,0.0,0.22790167670520395
2004-10-13,20:00:00,1.2271,1.2358,1.2266,1.2349,1634,1.2326611733488309,1.232636,1.2325697926691912,1.23274,BULLISH_CROSS,-0.18624989877724438,0.0890760385456214,0.30771722406671015
2004-10-29,00:00:00,1.2737,1.2751,1.2734,1.2747,1126,1.2664130305620747,1.26655,1.266074786911547,1.266048,BEARISH_CROSS,-0.0078449831332854,-0.0235349493998562,0.486388954263747
2004-11-05,20:00:00,1.2944,1.298,1.2918,1.2974,2236,1.2775626631774644,1.277466,1.276752975960218,1.277106,BULLISH_CROSS,-0.1618621859102985,-0.007707723138601127,-0.4316324957607561
2004-11-12,12:00:00,1.2918,1.2938,1.2903,1.2924,1603,1.2868381946965401,1.286896,1.2866111822351745,1.286532,BEARISH_CROSS,0.33271432992881234,0.3791395852677116,0.22438873413803023
2004-11-19,16:00:00,1.3024,1.307,1.3016,1.3057,2087,1.2955666767276701,1.2955020000000002,1.2951530716961464,1.295244,BULLISH_CROSS,-0.022976181358672666,-0.1761507237497274,-0.06892854407598399
2004-12-03,04:00:00,1.3266,1.3294,1.3261,1.3285,1223,1.3228862438302744,1.323014,1.3226571109253877,1.322534,BEARISH_CROSS,-0.06774557771924147,0.7903650733910391,1.2269476853594263
2004-12-20,00:00:00,1.3333,1.3336,1.3297,1.3304,660,1.3310973562722401,1.330858,1.331125819793556,1.3311279999999999,BULLISH_CROSS,0.15784726398075696,0.5411906193625882,0.6840048105832747
2005-01-03,04:00:00,1.3546,1.3551,1.3385,1.3443,1624,1.3538413921129828,1.35417,1.354230836689023,1.3540260000000002,BEARISH_CROSS,0.6471769694264621,0.24548091943761502,0.3198690768429644
2005-01-13,04:00:00,1.326,1.3262,1.3245,1.3255,1157,1.3240534849499053,1.3238580000000002,1.3239944435192892,1.324468,BULLISH_CROSS,-0.18106374952847665,-0.33949453036589583,-1.0788381742738575
2005-01-20,20:00:00,1.2958,1.2982,1.2943,1.2973,1644,1.3099286200665579,1.310136,1.3104440739468255,1.31041,BEARISH_CROSS,-0.17729129730979487,0.09249980729207508,0.26979110460186995
2005-01-25,04:00:00,1.3035,1.3041,1.3005,1.3027,1341,1.3067785999960642,1.306724,1.3069450734652912,1.3072,BULLISH_CROSS,0.391494588163054,-0.5450218776387414,-0.2917018500038402
2005-02-04,12:00:00,1.2971,1.2977,1.2957,1.2965,1602,1.3026106745160968,1.302676,1.3028600898024683,1.3028,BEARISH_CROSS,-0.29309679907443315,-1.0412649440802213,-0.8021596606247563
2005-02-14,08:00:00,1.2934,1.2977,1.2925,1.2974,1481,1.2885314040708609,1.288184,1.288169420563549,1.2883600000000002,BULLISH_CROSS,0.0,-0.10790812394019329,0.03083089255433605
2005-03-01,04:00:00,1.3221,1.3227,1.3167,1.3194,1360,1.3161172554506064,1.31614,1.3159832658771617,1.315804,BEARISH_CROSS,0.015158405335773839,-0.07579202667878505,-0.19705926936485796
2005-03-09,08:00:00,1.3345,1.3384,1.3333,1.3371,1534,1.3209492313146702,1.3206300000000002,1.3202900162662894,1.320298,BULLISH_CROSS,-0.11218308279111935,0.11966195497719286,0.4636900755366078
2005-03-16,08:00:00,1.3315,1.3371,1.331,1.3365,1553,1.3329769729997962,1.3331199999999999,1.3328331759793797,1.3326120000000001,BEARISH_CROSS,0.13468013468013645,0.4040404040404094,0.276842499064724
2005-03-31,00:00:00,1.2936,1.2939,1.291,1.2931,1699,1.3022666762065414,1.3020660000000002,1.302640826255788,1.302828,BULLISH_CROSS,-0.11600030933414546,0.2552006805351544,0.21653391075710585
2005-04-27,00:00:00,1.2985,1.2997,1.2966,1.2968,1767,1.2995697456403237,1.299794,1.299682796482786,1.299488,BEARISH_CROSS,-0.030845157310298885,0.0616903146206149,-0.37785317705119564
2005-05-05,08:00:00,1.2955,1.2993,1.2944,1.2984,2186,1.29291192329094,1.292756,1.292687920159958,1.292804,BULLISH_CROSS,-0.13863216266173936,-0.2156500308071406,-0.23105360443622086
2005-05-12,04:00:00,1.2796,1.2812,1.2785,1.2794,1927,1.2875884241943027,1.287628,1.2879226455899886,1.2877880000000002,BEARISH_CROSS,-0.21885258715023725,-0.719087072065038,-0.9613881506956541
2005-05-20,20:00:00,1.255,1.257,1.2537,1.2551,1788,1.2681109297860105,1.268036,1.2686419881446231,1.2686659999999998,BULLISH_CROSS,0.07170743367061595,-0.03983746315035989,0.23902477890207086
2005-05-31,00:00:00,1.2473,1.249,1.2453,1.2462,1779,1.2572827568542555,1.257304,1.257735114276878,1.25772,BEARISH_CROSS,-0.5857807735516036,-1.0110736639383682,-1.1715615471031895
2005-06-08,04:00:00,1.2299,1.2325,1.2289,1.2317,2192,1.2343942249410904,1.234134,1.2345041933060328,1.23452,BULLISH_CROSS,-0.0324754404481575,-0.26792238369733545,-0.6332710887391434
2005-06-14,16:00:00,1.2138,1.2142,1.2021,1.2043,2645,1.2220591321321592,1.222208,1.2227839946681658,1.22269,BEARISH_CROSS,-0.10794652495224255,-0.008303578842480194,0.4816075728639066
2005-06-17,16:00:00,1.217,1.2255,1.2161,1.2252,2711,1.2163453359072807,1.2161060000000001,1.2159839210463534,1.216224,BULLISH_CROSS,0.25301991511588967,-0.21221025138754143,-0.8488410055501114
2005-06-28,12:00:00,1.2107,1.212,1.2087,1.2092,2323,1.2130702217887581,1.21317,1.213228190025034,1.213138,BEARISH_CROSS,-0.16539861065167066,-0.1736685411842533,-0.4052265960966033
2005-06-30,20:00:00,1.2094,1.2114,1.2063,1.2106,2367,1.2106932758789264,1.210574,1.210697083057658,1.2107160000000001,BULLISH_CROSS,-0.11564513464396547,-0.42953907153476556,-1.3960019824880157
2005-07-01,16:00:00,1.2079,1.2084,1.194,1.1963,2600,1.209646370546153,1.20972,1.2101911203643634,1.2099799999999998,BEARISH_CROSS,-0.2173367884309902,-0.3092869681517859,-0.5182646493354496
2005-07-11,04:00:00,1.1964,1.2014,1.196,1.2009,2010,1.1978275824364035,1.197706,1.1977021776378896,1.197792,BULLISH_CROSS,0.0666167041385554,0.4746440169872443,1.2407361145807239
2005-07-19,12:00:00,1.199,1.2008,1.1952,1.1956,2261,1.2054225460945174,1.2056660000000001,1.2058234663432732,1.205608,BEARISH_CROSS,0.5771160923385669,0.8280361324857828,0.9284041485446729
2005-07-25,20:00:00,1.2056,1.2076,1.2044,1.206,1794,1.2084564647729015,1.208384,1.2085567286411831,1.20858,BULLISH_CROSS,-0.1575456053068004,-0.39800995024874924,-0.38971807628523436
2005-07-26,04:00:00,1.204,1.2052,1.2022,1.2046,2006,1.2081410887811368,1.208192,1.2082856230171015,1.208282,BEARISH_CROSS,-0.2822513697492817,-0.17433172837456343,-0.2988543914992384
2005-08-01,12:00:00,1.2219,1.2246,1.2204,1.2235,2216,1.209790310442117,1.20972,1.2092307312764892,1.209418,BULLISH_CROSS,-0.23702492848386797,-0.3351042092357983,-0.01634654679198839
2005-08-11,00:00:00,1.2376,1.2401,1.2376,1.2393,1791,1.2303589904162668,1.230524,1.229994051249584,1.22999,BEARISH_CROSS,0.17751956749777936,0.20172678124747412,0.564834987492931
2005-08-25,12:00:00,1.2309,1.2316,1.2262,1.2268,2131,1.2259030487604687,1.225668,1.225866438505794,1.225974,BULLISH_CROSS,0.24453863710467183,0.179328333876769,0.3423540919465442
2005-09-09,08:00:00,1.2434,1.2448,1.2411,1.2416,2212,1.241547321583168,1.241556,1.2415451714437054,1.241176,BEARISH_CROSS,0.08054123711339319,0.016108247422678638,-0.6604381443298957
2005-09-22,00:00:00,1.2217,1.2274,1.221,1.2254,1934,1.223937815981246,1.2237859999999998,1.2238781350008887,1.22411,BULLISH_CROSS,-0.465154235351725,-0.3917088297698823,-0.9058266688428358
2005-09-26,04:00:00,1.2021,1.2047,1.2014,1.204,1860,1.21879165225249,1.21888,1.2193953931607548,1.2193399999999999,BEARISH_CROSS,0.20764119601328462,0.14119601328903944,-0.1162790697674475
2005-09-29,08:00:00,1.2063,1.2079,1.204,1.2053,2131,1.2107988512794619,1.2107919999999999,1.2110232941888277,1.211028,BULLISH_CROSS,-0.30697751597113054,-0.18252717165850657,-0.24890068862524795
2005-09-29,12:00:00,1.2055,1.2069,1.2011,1.2016,2074,1.2104381120136005,1.2105080000000001,1.2107988512794619,1.2107919999999999,BEARISH_CROSS,0.04161118508654668,0.12483355525965852,0.14980026631158655
2005-10-04,16:00:00,1.1937,1.1951,1.191,1.1928,2265,1.2029978533687447,1.2028500000000002,1.2034140922817547,1.2034259999999999,BULLISH_CROSS,-0.07545271629779701,0.20959087860495862,0.285043594902737
2005-10-14,08:00:00,1.203,1.204,1.201,1.2017,1740,1.2028516800461893,1.202868,1.2028986873950132,1.202664,BEARISH_CROSS,0.0748939003078889,0.47432803528335177,0.36614795706082714
2005-10-21,00:00:00,1.2023,1.207,1.201,1.2059,1381,1.2004456152767227,1.200356,1.2002229873288337,1.200348,BULLISH_CROSS,-0.1741437930176624,-0.22389916245127497,-1.0033999502446305
2005-10-24,08:00:00,1.1937,1.1961,1.1927,1.1938,1589,1.1996789837746131,1.19974,1.199918942296026,1.1997980000000001,BEARISH_CROSS,0.16753224995811708,0.4188306248953021,0.7371418998157078
2005-10-25,12:00:00,1.2025,1.2065,1.2012,1.206,1821,1.1996098564206603,1.199568,1.1993490342337485,1.199428,BULLISH_CROSS,0.3316749585406305,0.3316749585406305,0.12437810945274104
2005-11-01,16:00:00,1.2019,1.2023,1.1972,1.1997,2022,1.2042229498841301,1.2042259999999998,1.2044075600834823,1.204184,BEARISH_CROSS,0.13336667500208768,0.37509377344335654,0.591814620321756
2005-11-15,12:00:00,1.1706,1.1713,1.1638,1.1657,1826,1.178444835074441,1.178326,1.178965032424418,1.179152,BULLISH_CROSS,0.3259843870635692,0.5490263361070568,0.2573560950501942
2005-11-30,20:00:00,1.1792,1.1802,1.1773,1.179,1566,1.1773335708760633,1.177436,1.1772655533608005,1.177232,BEARISH_CROSS,0.016963528413908226,-0.09329940627651406,-0.4664970313825327
2005-12-07,00:00:00,1.1793,1.1804,1.1774,1.1786,1260,1.1762698262770106,1.176198,1.1761747171454602,1.1761920000000001,BULLISH_CROSS,-0.1018157135584668,-0.5854403529611512,-0.500593924995759
2005-12-07,16:00:00,1.1717,1.1736,1.1704,1.1723,1694,1.175960646046073,1.175968,1.1761100601704024,1.17603,BEARISH_CROSS,0.0,-0.0341209587989385,0.8615542096732918
2005-12-09,08:00:00,1.1813,1.1817,1.1769,1.1776,1656,1.176539424814989,1.176452,1.1764961360319273,1.1766079999999999,BULLISH_CROSS,0.16134510869565327,0.3311820652173926,0.7897418478260942
2005-12-20,16:00:00,1.196,1.1968,1.1854,1.1858,1938,1.1936066971356916,1.193834,1.1939253378351073,1.19365,BEARISH_CROSS,0.059031877213707624,0.059031877213707624,-0.3541912632821708
2005-12-30,00:00:00,1.1844,1.1851,1.1834,1.1846,1121,1.1869765003338089,1.186944,1.1870735003474338,1.187238,BULLISH_CROSS,0.3039000506499937,-0.3545500590916936,-0.06753334458890206
2006-01-12,16:00:00,1.2134,1.2138,1.2007,1.2033,2175,1.205265256577575,1.205682,1.2053454711317615,1.205316,BEARISH_CROSS,0.00831047951466708,0.06648383611733664,0.5900440455414181
2006-01-23,16:00:00,1.2291,1.2293,1.2265,1.2275,1990,1.2117367186391148,1.211568,1.211093319399895,1.211122,BULLISH_CROSS,0.24439918533604005,0.08146639511200732,0.07331975560080659
2006-01-30,00:00:00,1.2104,1.2109,1.2089,1.2106,623,1.218592889069745,1.218634,1.2189191294399386,1.218564,BEARISH_CROSS,-0.12390550140424872,-0.18998843548653305,-0.20650916900709954
2006-02-15,00:00:00,1.192,1.193,1.1909,1.1917,1196,1.1968319083950454,1.1966860000000001,1.1970413740438228,1.19705,BULLISH_CROSS,0.04195686833934253,-0.09230511034655356,-0.3188721993790405
2006-02-28,08:00:00,1.1859,1.1872,1.1841,1.1868,1398,1.1899480332325978,1.190014,1.1900765243849487,1.190036,BEARISH_CROSS,0.07583417593527982,0.42972699696662303,0.6066734074822946
2006-03-01,08:00:00,1.1944,1.1948,1.1926,1.194,1574,1.1904921767965055,1.190478,1.19034900033922,1.190404,BULLISH_CROSS,0.0,-0.21775544388609175,-0.033500837520934336
2006-03-01,16:00:00,1.1941,1.1977,1.1895,1.1898,1886,1.1905971997264169,1.1906320000000001,1.1906297384907603,1.190582,BEARISH_CROSS,0.13447638258531233,0.18490502605479744,0.8656917128929211
2006-03-02,08:00:00,1.1919,1.1945,1.1918,1.1936,1625,1.1908392746320542,1.190712,1.1907265919639747,1.190732,BULLISH_CROSS,-0.03351206434315985,0.888069705093829,0.6869973190348513
2006-03-09,12:00:00,1.1926,1.1944,1.1919,1.1926,1579,1.1941968067824795,1.194296,1.1942619825695193,1.194194,BEARISH_CROSS,-0.09223545195372303,-0.25993627368774963,-0.04192520543352062
2006-03-15,16:00:00,1.2033,1.2066,1.2012,1.2044,2069,1.1960508766398288,1.196026,1.1957100960945155,1.1959739999999999,BULLISH_CROSS,0.2324809033543786,0.04151444702757946,0.8801062769844042
2006-03-23,04:00:00,1.206,1.2065,1.2048,1.2056,1519,1.2076502298611616,1.207672,1.2077339127126376,1.207392,BEARISH_CROSS,0.10783012607830782,-0.6055076310550833,-0.7382216323822087
2006-03-31,04:00:00,1.2166,1.2178,1.2151,1.2157,1575,1.2056824933503056,1.20534,1.2052736155278692,1.205364,BULLISH_CROSS,-0.361931397548734,-0.15628855803241037,-0.9130542074525054
2006-04-10,16:00:00,1.2103,1.2125,1.2078,1.2078,1949,1.215363485393045,1.215788,1.215672199082557,1.215606,BEARISH_CROSS,0.2732240437158537,0.32290114257327496,0.4636529226693202
2006-04-18,08:00:00,1.2262,1.2267,1.2223,1.2242,1713,1.2160091421216261,1.215622,1.2156748213918966,1.215696,BULLISH_CROSS,0.4165985950008254,0.8250285900996569,0.9148831890214099
2006-04-27,04:00:00,1.2463,1.2473,1.2446,1.2454,1280,1.2344275079023428,1.234474,1.2339796510820302,1.2337879999999999,BEARISH_CROSS,-0.12044323109041727,0.7467480327605479,0.6022161554520508
2006-04-28,08:00:00,1.2529,1.2569,1.2522,1.2561,1846,1.2385830667814137,1.238512,1.237868089915349,1.237916,BULLISH_CROSS,-0.039805747949999595,0.5891250696600647,0.4299020778600487
2006-05-08,12:00:00,1.2773,1.2781,1.2741,1.2748,1796,1.2605860749401172,1.260652,1.2600059147335914,1.259984,BEARISH_CROSS,-0.2745528710385815,-0.39221838719798346,-0.3529965484781886
2006-05-12,16:00:00,1.2924,1.293,1.2863,1.2895,2317,1.272555401876902,1.272446,1.2718637856269797,1.271894,BULLISH_CROSS,0.24040325707637691,0.24040325707637691,-0.8452888716556907
2006-05-16,00:00:00,1.2792,1.2814,1.2779,1.2808,1326,1.275970894914155,1.276048,1.2757737885841205,1.2757020000000001,BEARISH_CROSS,0.08588382261087608,0.35134291068083784,0.25765146783261095
2006-05-31,04:00:00,1.2845,1.2884,1.2844,1.2874,1480,1.2798138260799148,1.279706,1.2795041863280745,1.27965,BULLISH_CROSS,-0.03883796799752733,-0.34177411837814053,-0.737921391952778
2006-06-01,12:00:00,1.2786,1.2799,1.2722,1.2733,1914,1.2799709630268945,1.28016,1.2802432472320737,1.2801859999999998,BEARISH_CROSS,0.6361423073902455,0.6518495248566696,1.4607712243775974
2006-06-02,08:00:00,1.2821,1.2827,1.2794,1.2812,1647,1.2802245035016058,1.280128,1.2801846873179978,1.280208,BULLISH_CROSS,0.8351545426163093,0.8585700905401281,1.256634405245083
2006-06-08,04:00:00,1.2788,1.2807,1.2775,1.2781,1549,1.2834564484313755,1.2835660000000002,1.283675078979595,1.2834780000000001,BEARISH_CROSS,-0.07824113919099537,-1.0014865816446226,-1.079727720835618
2006-06-16,16:00:00,1.2644,1.2654,1.2617,1.2629,1921,1.2660396102632654,1.2659159999999998,1.2661677576209496,1.266454,BULLISH_CROSS,0.14252909969118885,-0.39591416580884425,-0.43550558238972514
2006-07-10,20:00:00,1.2737,1.2749,1.2724,1.273,1410,1.2736407999465849,1.273676,1.2736669550464454,1.27331,BEARISH_CROSS,0.09426551453260723,0.10212097407698972,0.3613511390416465
2006-07-21,20:00:00,1.2682,1.2708,1.268,1.27,2011,1.2631802801076095,1.262982,1.2629019241936343,1.263054,BULLISH_CROSS,-0.3070866141732295,-0.6062992125984283,-0.5196850393700739
2006-08-08,16:00:00,1.2837,1.285,1.2826,1.2837,1579,1.2791765358375564,1.279182,1.2789919046472524,1.278964,BEARISH_CROSS,-0.015579964166080701,-0.319389265404689,0.38949910415205213
2006-08-18,12:00:00,1.2833,1.2844,1.2781,1.2799,1754,1.2804580910239853,1.280458,1.2804808702494541,1.2805039999999999,BULLISH_CROSS,0.07031799359324173,0.39065551996248876,0.7969372607234929
2006-08-24,16:00:00,1.2824,1.2835,1.2757,1.2768,1856,1.28155742571074,1.281562,1.2817516063519947,1.2815,BEARISH_CROSS,-0.03132832080200156,0.07048872180452091,-0.08615288220550431
2006-08-31,16:00:00,1.2869,1.2881,1.2785,1.2796,1955,1.2812854753190421,1.281216,1.2813542702300236,1.28142,BULLISH_CROSS,0.14848390121913196,0.09377930603312502,0.3282275711159723
2006-09-07,00:00:00,1.2805,1.2829,1.2799,1.2823,1288,1.2819555498768052,1.281956,1.2819414906881035,1.281824,BEARISH_CROSS,-0.007798487093503002,-0.8578335802854168,-0.8032441706308957
2006-09-18,04:00:00,1.2646,1.2667,1.264,1.2664,1185,1.2717606577664118,1.271698,1.2719794601242245,1.272004,BULLISH_CROSS,0.03158559696777921,0.22109917877448956,0.3948199620972928
2006-09-28,16:00:00,1.2701,1.2704,1.2678,1.2702,1838,1.2723342691446098,1.272432,1.2724213821709203,1.272364,BEARISH_CROSS,0.007872775940795858,0.03936387970397929,-0.13383719099354707
2006-10-05,12:00:00,1.2705,1.2725,1.2684,1.2685,1886,1.2711420061616883,1.2710480000000002,1.2712498431478796,1.271302,BULLISH_CROSS,0.03153330705557398,0.01576665352778699,-0.6779661016949107
2006-10-06,20:00:00,1.2609,1.2609,1.2583,1.2599,789,1.2695153176619942,1.26963,1.2699077796073817,1.269814,BEARISH_CROSS,-0.06349710294467116,-0.007937137868083895,-0.03174855147233558
2006-10-17,12:00:00,1.254,1.2542,1.2508,1.2526,1484,1.2568880016007065,1.256886,1.2570630220742047,1.2572340000000002,BULLISH_CROSS,0.2474852307201104,0.13571770716909107,-0.02395018361807177
2006-11-06,08:00:00,1.2707,1.2716,1.2696,1.2703,926,1.2707810186166608,1.270988,1.2708006520295856,1.270694,BEARISH_CROSS,-0.023616468550733447,0.14169881130441817,0.40935212154609885
2006-11-13,04:00:00,1.2863,1.2877,1.286,1.287,3428,1.2776446071198848,1.2775100000000001,1.2772627543492678,1.2772940000000002,BULLISH_CROSS,-0.10878010878009681,-0.48174048174048045,-0.34965034965034564
2006-11-16,08:00:00,1.2825,1.2828,1.2807,1.281,832,1.279857559161078,1.27991,1.2798109289227544,1.279718,BEARISH_CROSS,-0.023419203747070023,-0.12490241998437344,-0.1639344262295075
2006-11-23,00:00:00,1.2938,1.2947,1.2933,1.2938,819,1.282975920701675,1.282912,1.2825341215466415,1.282754,BULLISH_CROSS,-0.0077291698871532685,0.14685422785592925,0.08502086875868595
2006-12-06,00:00:00,1.3325,1.3326,1.3311,1.3316,858,1.3194608025614583,1.3196259999999997,1.3189653251149873,1.3188920000000002,BEARISH_CROSS,0.052568338840503534,-0.31541003304295445,-0.21778311805346223
2006-12-22,04:00:00,1.3187,1.3194,1.3183,1.3192,695,1.3180911215941364,1.3180500000000002,1.31804586125104,1.3181399999999999,BULLISH_CROSS,0.0985445724681685,-0.4699818071558508,-0.5154639175257669
2007-01-05,16:00:00,1.3086,1.3088,1.298,1.3003,3210,1.3156117587598015,1.315746,1.3162367285050995,1.316124,BEARISH_CROSS,-0.01538106590786572,-0.04614319772359716,0.13842959317080858
2007-01-16,08:00:00,1.2939,1.2972,1.2936,1.2953,1319,1.2989329100025564,1.29867,1.299081192043477,1.2990900000000003,BULLISH_CROSS,0.06948197328805088,-0.3088087701690731,-0.2084459198641183
2007-01-29,08:00:00,1.2903,1.2921,1.2899,1.2911,884,1.2953979962127538,1.2955359999999998,1.295573424629601,1.295556,BEARISH_CROSS,0.03872666718303516,0.30206800402757455,0.3485400046472133
2007-02-01,00:00:00,1.3032,1.3034,1.3018,1.3027,697,1.2960831801796648,1.296028,1.2958131059012836,1.295902,BULLISH_CROSS,0.02302909342135311,-0.08444000921162807,-0.0767636447378437
2007-02-12,12:00:00,1.3004,1.3006,1.2939,1.2955,1411,1.2987989496660615,1.298878,1.2989336006728394,1.2988840000000001,BEARISH_CROSS,0.03087610961018571,0.0077190274025464274,0.4399845619451807
2007-02-13,16:00:00,1.3013,1.3042,1.3006,1.3021,1533,1.2986426278438679,1.2985980000000001,1.2985015106130053,1.2985980000000001,BULLISH_CROSS,0.09983872206434659,0.06911911527531686,0.783349973120343
2007-02-22,20:00:00,1.3131,1.3133,1.3116,1.3121,805,1.3103931026773474,1.3104999999999998,1.3103234333988716,1.310168,BEARISH_CROSS,0.01524274064476625,0.01524274064476625,0.3505830348296576
2007-03-01,04:00:00,1.3233,1.3237,1.3214,1.322,905,1.3162630553047738,1.316224,1.3160288942968053,1.316052,BULLISH_CROSS,0.07564296520422767,-0.370650529500766,-0.3782148260211888
2007-03-02,08:00:00,1.3171,1.3181,1.3157,1.3165,1159,1.3168232152191477,1.316826,1.316836407677072,1.3168039999999999,BEARISH_CROSS,-0.037979491074815415,0.18989745537409394,-0.2810482339536678
2007-03-13,08:00:00,1.3184,1.3186,1.3155,1.3164,966,1.3149758029908865,1.314838,1.3149176725007186,1.314974,BULLISH_CROSS,0.31145548465511946,0.22789425706471375,0.23549073230020365
2007-03-23,20:00:00,1.3294,1.33,1.3281,1.3282,753,1.3286899739846936,1.32874,1.3287099729228444,1.328586,BEARISH_CROSS,-0.06776087938564394,-0.06776087938564394,0.3463333835265726
2007-04-03,16:00:00,1.3364,1.3376,1.3356,1.3358,976,1.3333516995752293,1.33334,1.3332517689456467,1.3333499999999998,BULLISH_CROSS,-0.20961221739782418,-0.12726456056296112,0.11229225932024516
2007-04-05,12:00:00,1.3364,1.3387,1.3359,1.3385,1280,1.3343083938904208,1.334376,1.3341373079267644,1.334128,BEARISH_CROSS,0.29137093761673627,0.2764288382517771,-0.022413149047438696
2007-04-06,00:00:00,1.3428,1.3432,1.3418,1.3422,342,1.3352344997988266,1.3351700000000002,1.3349501936681663,1.334996,BULLISH_CROSS,-0.04470272686635046,-0.2980181791089259,-0.4544777231411111
2007-04-10,00:00:00,1.3356,1.3381,1.3349,1.3378,479,1.3360045920014398,1.3360080000000003,1.335931310042315,1.3359120000000002,BEARISH_CROSS,0.3064733143967702,0.4036477799371991,0.32142323217222085
2007-04-10,04:00:00,1.3379,1.3434,1.3376,1.3419,973,1.3362357844719717,1.3362260000000001,1.3360045920014398,1.3360080000000003,BULLISH_CROSS,-0.08197332140994865,0.10432968179445903,0.01490424025635129
2007-04-10,08:00:00,1.3418,1.3426,1.3402,1.3408,1075,1.3364147733162082,1.336424,1.3362357844719717,1.3362260000000001,BEARISH_CROSS,0.17899761336515196,0.23120525059666638,0.14916467780429607
2007-04-10,12:00:00,1.3409,1.344,1.3405,1.3432,941,1.3366808606371412,1.3366479999999998,1.3364147733162082,1.336424,BULLISH_CROSS,0.00744490768314391,-0.081893984514583,-0.06700416914829518
2007-04-23,12:00:00,1.3562,1.3573,1.3548,1.3561,1157,1.3543572689567103,1.3545099999999999,1.3542861370773922,1.35423,BEARISH_CROSS,0.0958631369367935,0.08111496202344066,0.11061131185014636
2007-05-15,20:00:00,1.3601,1.3604,1.3586,1.359,557,1.3551164345106472,1.355002,1.3549579216335308,1.355004,BULLISH_CROSS,0.007358351729211846,0.05886681383369477,-0.5592347314201657
2007-05-22,04:00:00,1.3457,1.3459,1.3452,1.3454,348,1.3517949247818482,1.351796,1.3520559421198828,1.351942,BEARISH_CROSS,0.10405827263267933,-0.014865467518951835,0.022298201278427753
2007-05-28,20:00:00,1.3452,1.3455,1.345,1.3451,106,1.347038091141656,1.3468600000000002,1.34711719690254,1.3471199999999999,BULLISH_CROSS,-0.05204074046538718,0.1932941788714546,-0.029737565980221245
2007-06-08,16:00:00,1.3342,1.3368,1.3339,1.3349,1444,1.345961899273633,1.346106,1.3464134053664345,1.346362,BEARISH_CROSS,0.17229755037830313,0.02247359352760259,0.0674207805828244
2007-06-18,16:00:00,1.3403,1.3413,1.3393,1.3408,968,1.336983870413299,1.336722,1.336828110022005,1.3369500000000003,BULLISH_CROSS,0.044749403341283855,0.0820405727923703,0.11933174224344016
2007-06-28,04:00:00,1.3454,1.3467,1.3452,1.3456,435,1.3428648434013921,1.342874,1.3427532043565509,1.342738,BEARISH_CROSS,-0.022294887039236547,0.044589774078489595,-0.09661117717002504
2007-06-29,16:00:00,1.351,1.354,1.3502,1.3536,1561,1.3441369583042238,1.3440280000000002,1.343750711704396,1.343752,BULLISH_CROSS,0.029550827423181,-0.029550827423164595,0.7018321513002411
2007-07-10,04:00:00,1.3619,1.3624,1.3607,1.3607,457,1.357610524677956,1.357628,1.357484423644403,1.35732,BEARISH_CROSS,0.286617182332624,0.7496141691776281,0.9627397662967508
2007-07-12,16:00:00,1.3768,1.3791,1.3756,1.3783,1654,1.365209507953749,1.3651980000000001,1.3646752021559427,1.364774,BULLISH_CROSS,0.03627657258941775,-0.03627657258943386,0.043531887107301305
2007-07-18,16:00:00,1.3764,1.3817,1.3759,1.3804,1907,1.3735633017200295,1.37358,1.3732842528106428,1.37316,BEARISH_CROSS,-0.014488554042304983,-0.06519849319038849,0.09417560127498237
2007-08-03,16:00:00,1.3708,1.3792,1.3708,1.3784,2018,1.3706151209625959,1.370444,1.370297370797804,1.370506,BULLISH_CROSS,-0.07980266976205026,0.2176436448055638,0.021764364480554767
2007-08-13,04:00:00,1.3703,1.3708,1.3694,1.3699,532,1.3727780215000063,1.372822,1.3728954917653124,1.37279,BEARISH_CROSS,-0.31389152492882477,-0.5839842324257088,-0.6131834440470081
2007-08-22,04:00:00,1.3456,1.3477,1.345,1.3477,665,1.3527272527341812,1.352652,1.3529324467233315,1.353052,BULLISH_CROSS,0.08162053869556289,0.4006826445054591,0.4971432811456667
2007-09-03,16:00:00,1.3632,1.3633,1.3607,1.3622,913,1.3618293240829271,1.362006,1.3618141944536588,1.361738,BEARISH_CROSS,0.014682131845542354,-0.05872852738218572,-0.10277492291881278
2007-09-07,16:00:00,1.376,1.3797,1.3754,1.3774,2362,1.3641587491349192,1.3640700000000001,1.3636182899159364,1.363808,BULLISH_CROSS,-0.05082038623492979,0.029040220705674163,0.16698126905764257
2007-09-18,08:00:00,1.3859,1.3868,1.3828,1.3862,1581,1.3816295725068244,1.3817339999999998,1.3814430244458784,1.3812980000000001,BEARISH_CROSS,0.10820949357955813,0.8728899148751983,0.7863223200115357
2007-09-21,00:00:00,1.4065,1.4084,1.4061,1.4075,714,1.390106224985005,1.390094,1.3893962749843929,1.389538,BULLISH_CROSS,0.12788632326820773,-0.15630550621669484,0.1349911190053295
2007-09-28,08:00:00,1.4158,1.4182,1.4155,1.418,1539,1.4064035208564687,1.406456,1.4059301951771408,1.405832,BEARISH_CROSS,0.14104372355430195,0.6064880112835095,0.35966149506347705
2007-10-12,04:00:00,1.4195,1.4201,1.4178,1.4183,548,1.4131682898589932,1.413006,1.4129588323022173,1.413102,BULLISH_CROSS,0.06345625044067708,-0.042304166960440946,-0.06345625044066142
2007-10-23,00:00:00,1.4165,1.4188,1.4161,1.4175,785,1.4210556784539443,1.4212459999999998,1.4212008081867582,1.421184,BEARISH_CROSS,0.1410934744268079,0.42328042328042365,0.5714285714285712
2007-10-26,04:00:00,1.4322,1.4335,1.4316,1.4327,831,1.4240572200278678,1.424016,1.423704453498393,1.4237700000000002,BULLISH_CROSS,0.2652334752565105,0.4327493543658814,0.5932854051790292
2007-11-06,04:00:00,1.448,1.4482,1.4468,1.4481,672,1.441461270646398,1.44161,1.441190302101353,1.4411680000000002,BEARISH_CROSS,0.2347904150265914,0.4972032318210134,1.056556867619646
2007-11-07,16:00:00,1.4692,1.4728,1.4649,1.4665,2940,1.4470824280530685,1.4469,1.4462898740960508,1.4463,BULLISH_CROSS,-0.23184452778723819,-0.21820661438798974,0.15683600409138704
2007-11-13,00:00:00,1.4539,1.4557,1.4519,1.4556,1187,1.4560061345831956,1.456036,1.4560227115049584,1.4558360000000001,BEARISH_CROSS,0.0893102500687056,0.3160208848584733,0.4671613080516569
2007-11-21,04:00:00,1.4824,1.4839,1.4813,1.4839,720,1.465735189763947,1.4655799999999999,1.4649937689379857,1.465256,BULLISH_CROSS,-0.2897769391468408,-0.08760698160253919,0.13477997169620606
2007-11-28,12:00:00,1.4735,1.4751,1.4711,1.4715,2348,1.4780679534709011,1.4784979999999999,1.478336033204407,1.4782980000000001,BEARISH_CROSS,0.2174651715936031,0.7475365273530342,0.12232415902140835
2007-12-11,04:00:00,1.4709,1.4729,1.4707,1.4727,548,1.4688332820829444,1.468536,1.46867545686184,1.468734,BULLISH_CROSS,-0.12222448563860948,-0.17654647925578434,-0.46852719494804823
2007-12-14,16:00:00,1.4494,1.4529,1.4416,1.4431,3742,1.465864717082316,1.4660419999999998,1.466793889208125,1.4664760000000001,BEARISH_CROSS,-0.013859053426649434,0.08315432055989659,-0.4504192363661528
2007-12-26,08:00:00,1.4417,1.4419,1.4415,1.4417,131,1.444245932010055,1.4442359999999999,1.444349847602302,1.444802,BULLISH_CROSS,0.20808767427343508,0.4994104182562319,0.47166539501976257
2008-01-08,20:00:00,1.4716,1.4721,1.4701,1.4707,860,1.4657980021722257,1.4658740000000001,1.4655979206282348,1.465274,BEARISH_CROSS,0.047596382674926566,0.0407968994356535,-0.2719793295709529
2008-01-15,08:00:00,1.4874,1.4892,1.4844,1.4857,1690,1.4746795369712724,1.4746700000000001,1.4742297221537732,1.4743880000000003,BULLISH_CROSS,0.07403917345358274,-0.201925018509801,-0.27596419196338373
2008-01-16,20:00:00,1.4643,1.4685,1.4633,1.4655,2150,1.4756309803430856,1.4757080000000002,1.4760444897448441,1.47582,BEARISH_CROSS,0.1364721937905153,-0.2797679972705556,0.006823609689525007
2008-01-25,08:00:00,1.4752,1.4772,1.4728,1.4735,2380,1.4649402754395493,1.46489,1.4645908989268777,1.4651640000000001,BULLISH_CROSS,-0.0746521886664473,-0.36647438072616706,-0.15609093993891882
2008-02-05,12:00:00,1.4764,1.4764,1.4657,1.4677,3574,1.4775701680912336,1.478048,1.4779730320949576,1.47793,BEARISH_CROSS,-0.27934864073039395,-0.2861620222116224,-0.4292430333174335
2008-02-14,12:00:00,1.4629,1.463,1.4602,1.462,2087,1.4600623687258822,1.460002,1.459983281735102,1.460388,BULLISH_CROSS,0.10259917920657023,0.08891928864569623,0.2667578659370735
2008-03-07,00:00:00,1.5376,1.5394,1.5372,1.5372,875,1.5145131537600365,1.514598,1.5135871600359563,1.5134960000000002,BEARISH_CROSS,0.05204267499350338,0.1951600312256124,0.06505334374187562
2008-03-13,16:00:00,1.5569,1.5616,1.5559,1.5591,3918,1.5340813821290535,1.533998,1.5330602140526883,1.533168,BULLISH_CROSS,0.27580014110704704,0.28862805464692265,0.1603489192482951
2008-03-20,08:00:00,1.5596,1.5606,1.5543,1.5556,3459,1.557138302095774,1.55714,1.5572010899364177,1.5567919999999997,BEARISH_CROSS,-0.7585497557212671,-0.8228336333247713,-0.565698122910783
2008-03-28,00:00:00,1.5777,1.5817,1.5774,1.5777,1063,1.5612000727631683,1.560858,1.5605266063453385,1.5608119999999999,BULLISH_CROSS,0.0,0.25353362489700215,0.0126766812448487
2008-04-03,04:00:00,1.5654,1.5661,1.5626,1.5639,944,1.5663495445626558,1.566524,1.5664495259733764,1.56611,BEARISH_CROSS,-0.3069249952043057,0.14067395613530145,0.12788541466845715
2008-04-10,00:00:00,1.5829,1.5852,1.5813,1.5842,1146,1.5706661097754107,1.5706460000000002,1.5701137060927743,1.57047,BULLISH_CROSS,0.01893700290367169,0.0063123343012238976,-0.5239237470016396
2008-04-21,00:00:00,1.5813,1.5826,1.5795,1.5813,990,1.5822548529917921,1.5824619999999998,1.5822938265832938,1.582248,BEARISH_CROSS,0.12647821412761664,0.7019540884082787,0.626067159931703
2008-04-22,16:00:00,1.5924,1.6018,1.5892,1.5989,5733,1.5852647278684704,1.5850140000000001,1.584708186148816,1.584784,BULLISH_CROSS,0.012508599662266431,0.018762899493399647,-0.5879041841265917
2008-04-24,04:00:00,1.5876,1.5877,1.5832,1.5849,1699,1.5874361267683255,1.587508,1.5875396421466246,1.587424,BEARISH_CROSS,-0.6688119124234931,-1.1609565272256908,-1.0978610637895188
2008-05-06,04:00:00,1.5516,1.5534,1.5505,1.5506,971,1.5579145915297075,1.5578139999999998,1.558213146286022,1.55858,BULLISH_CROSS,-0.07094028118147033,0.16122791177608325,-0.012898232942085513
2008-05-28,12:00:00,1.5714,1.5716,1.5611,1.5628,3026,1.568158663517148,1.568472,1.5683773844770317,1.56819,BEARISH_CROSS,0.05758894292296666,0.14717174302533714,-0.5119017148707452
2008-06-06,16:00:00,1.5669,1.575,1.5645,1.5736,4397,1.556169872508974,1.5557999999999998,1.5554584387338302,1.5558579999999997,BULLISH_CROSS,0.2605490594814433,0.27961362480935176,-0.40671072699543614
2008-06-13,04:00:00,1.5444,1.5463,1.542,1.5434,1630,1.5536618975279313,1.5538739999999998,1.554080750488255,1.554078,BEARISH_CROSS,-0.3110016845924671,-0.38227290397823094,-0.265647272256072
2008-06-19,12:00:00,1.5498,1.5499,1.5466,1.5487,2004,1.550394863073329,1.549916,1.5504640411579547,1.5505019999999998,BULLISH_CROSS,0.09685542713243733,0.06457028475496299,0.7619293601084802
2008-07-04,08:00:00,1.5715,1.5727,1.569,1.5694,1788,1.5726289290058042,1.57272,1.5727607220264492,1.5723660000000002,BEARISH_CROSS,-0.10194978972854747,0.07646234229642475,-0.32496495475977333
2008-07-14,08:00:00,1.5898,1.591,1.5841,1.5871,2828,1.575823028484426,1.575494,1.5753627439327698,1.5753640000000002,BULLISH_CROSS,0.037804801209749474,0.23312960746014974,0.6615840211706858
2008-07-21,04:00:00,1.5856,1.5873,1.5856,1.5872,602,1.5836009493935759,1.583784,1.5834540493688238,1.583378,BEARISH_CROSS,0.12600806451612917,0.02520161290322303,0.2772177419354813
2008-08-04,12:00:00,1.5582,1.5599,1.5553,1.557,2229,1.564774948258415,1.564698,1.565092293085289,1.5651380000000001,BULLISH_CROSS,0.07064868336545285,-0.17983301220294887,-0.597302504816947
2008-08-05,08:00:00,1.5533,1.5547,1.5487,1.5494,3066,1.5628845280656223,1.563032,1.56343491696626,1.5634020000000002,BEARISH_CROSS,-0.10971989157093293,-0.2646185620240231,-0.1290822253775656
2008-08-19,08:00:00,1.4691,1.4692,1.463,1.4668,2964,1.4933471488390513,1.4929679999999999,1.4944307059345225,1.49449,BULLISH_CROSS,-0.12953367875647756,0.7294791382601534,0.44995909462775696
2008-09-01,16:00:00,1.4614,1.4622,1.4581,1.4592,2352,1.4732401332880765,1.473246,1.4738131999528958,1.4735299999999998,BEARISH_CROSS,0.17132675438596126,-0.06853070175439363,-0.4523026315789584
2008-09-15,00:00:00,1.4289,1.435,1.4289,1.4312,1880,1.422182449125215,1.42197,1.4218143858242034,1.422398,BULLISH_CROSS,0.5449972051425398,-1.173840134153153,-0.6288429290106288
2008-09-29,12:00:00,1.4352,1.4383,1.4302,1.4367,4330,1.4521252593789558,1.453014,1.4527548618025865,1.452594,BEARISH_CROSS,0.20881186051366962,0.13920790700911823,-0.7517226978492477
2008-10-10,00:00:00,1.3605,1.3608,1.3555,1.3559,3114,1.382021711771414,1.3815899999999999,1.3830879040886146,1.3832659999999999,BULLISH_CROSS,-0.19912972933108244,-0.324507707058056,0.0958772770853202
2008-10-21,12:00:00,1.3232,1.3264,1.3154,1.3161,5582,1.3507874565434554,1.350836,1.3522032710962493,1.351846,BEARISH_CROSS,-0.4254995820986284,-1.109338196185696,-2.3098548742496754
2008-10-30,00:00:00,1.296,1.3093,1.2941,1.305,3006,1.287865018302079,1.28716,1.2871656312940005,1.287954,BULLISH_CROSS,1.1800766283524966,-0.06896551724137172,-2.05363984674329
2008-11-10,08:00:00,1.2889,1.289,1.2792,1.2871,6382,1.2834351920154146,1.28354,1.2832856080160435,1.28328,BEARISH_CROSS,0.20977391034108828,-1.0333307435319607,-0.9012508740579468
2008-11-11,16:00:00,1.2719,1.2756,1.2516,1.2562,7551,1.280505379880248,1.2803499999999999,1.2814974362018907,1.281534,BULLISH_CROSS,-0.29453908613278434,0.0716446425728485,-0.055723610889979534
2008-11-12,00:00:00,1.2523,1.2557,1.2476,1.2534,2506,1.2783872422500866,1.278604,1.2794071296888656,1.2793180000000002,BEARISH_CROSS,0.2951970639859611,-0.22339237274614132,-0.6143290250518622
2008-11-18,12:00:00,1.2592,1.2638,1.2571,1.2633,4799,1.267519302899162,1.267318,1.2676915193440257,1.267798,BULLISH_CROSS,0.43536768780177615,-0.08707353756036577,0.047494656851099014
2008-12-02,08:00:00,1.2651,1.2651,1.2563,1.2574,2398,1.2737983496375742,1.274418,1.2744676700309445,1.2743,BEARISH_CROSS,1.0020677588675,1.0577381899156886,0.5089867981549198
2008-12-09,00:00:00,1.2938,1.2966,1.2906,1.2911,1651,1.2754621356802411,1.275136,1.2748238555039244,1.274964,BULLISH_CROSS,-0.29432267059095374,-0.37952133839361046,0.15490666873208908
2008-12-23,04:00:00,1.3972,1.4018,1.396,1.3978,1653,1.380946382004403,1.381762,1.3802584792290726,1.379858,BEARISH_CROSS,-0.12161968808127306,-0.08584919158676978,-0.15739018457576048
2009-01-21,12:00:00,1.2924,1.2962,1.2891,1.2915,6228,1.3208622862306,1.320818,1.3220607468930734,1.3222800000000001,BULLISH_CROSS,-0.3716608594657481,0.4878048780487783,0.5265195509097884
2009-02-02,20:00:00,1.2805,1.2897,1.2804,1.2842,20510,1.2997307364331685,1.300064,1.3003646440426855,1.3002099999999999,BEARISH_CROSS,-0.07786949073353931,-0.007786949073352202,1.5340289674505567
2009-02-09,12:00:00,1.2897,1.3006,1.289,1.2998,10315,1.2918453483599786,1.291352,1.2915206687012022,1.29188,BULLISH_CROSS,0.49238344360670566,-0.7847361132481909,-0.038467456531786966
2009-02-17,04:00:00,1.2765,1.2765,1.2632,1.2647,3438,1.2860207874763276,1.28638,1.2868910236998512,1.286788,BEARISH_CROSS,-0.07116312168893026,-0.6167470546374658,-0.42697873013361665
2009-02-23,16:00:00,1.2789,1.2829,1.2713,1.2744,5918,1.2742916989079847,1.273928,1.2742872784552493,1.274402,BULLISH_CROSS,-0.36095417451349165,-0.15693659761456386,-0.03138731952290929
2009-03-03,00:00:00,1.2575,1.2584,1.2538,1.2567,2429,1.269787677463651,1.270068,1.2703218683805346,1.270026,BEARISH_CROSS,0.38991008196070076,0.27054985278905624,-0.8275642555900347
2009-03-09,12:00:00,1.2636,1.264,1.2555,1.2563,3996,1.263661113530322,1.2636180000000001,1.2639615671438045,1.2641520000000002,BULLISH_CROSS,0.5651516357557993,0.5173923425933257,1.8626124333359937
2009-03-26,08:00:00,1.35643,1.36021,1.35546,1.35838,7724,1.3390979912593786,1.3393602000000002,1.3383109704944551,1.3379386000000002,BEARISH_CROSS,0.3128726865825533,-0.4291877088885292,-0.29373223987396296
2009-04-06,20:00:00,1.33892,1.3426,1.33777,1.34156,4638,1.3381000481463419,1.3379432,1.3379588256217028,1.3381112,BULLISH_CROSS,-0.550851247801068,-0.6104833179283924,-1.0771042666746231
2009-04-10,00:00:00,1.31677,1.3168,1.30894,1.31111,4084,1.330708261115893,1.3311689999999998,1.3315081901410313,1.331233,BEARISH_CROSS,0.1708476024132239,0.2181357780811743,0.24711885349054694
2009-04-16,12:00:00,1.31665,1.32205,1.31285,1.32175,10945,1.325872811649893,1.3256414,1.3260410896764192,1.3263276,BULLISH_CROSS,-0.1656894268961539,-0.4721013807452259,-1.2967656515982549
2009-04-20,04:00:00,1.29845,1.30176,1.29708,1.30161,4227,1.3198128318896125,1.3199234000000002,1.320555804619801,1.3204334,BEARISH_CROSS,-0.4233218859719811,-0.661488464286538,-0.5454782922687967
2009-04-24,12:00:00,1.32442,1.32658,1.32056,1.32429,12685,1.3091905696128898,1.3086654000000002,1.3085742663317832,1.3088708,BULLISH_CROSS,0.22804672692537303,-0.35717252263476285,-0.9884541905473911
2009-05-18,00:00:00,1.34836,1.34856,1.34279,1.34395,3919,1.351310967428423,1.3515108,1.3516114150785628,1.3513438000000002,BEARISH_CROSS,0.05654972283195758,0.37724617731315374,0.7001748576955927
2009-05-22,04:00:00,1.39536,1.39536,1.39098,1.39245,8152,1.3639756273720438,1.3637204,1.3628134080811067,1.3630352000000001,BULLISH_CROSS,0.2283744479155417,0.6750691227692251,0.477575496427164
2009-05-28,20:00:00,1.39175,1.39688,1.39072,1.3941,14138,1.383810924172329,1.3839814000000001,1.3833909618936486,1.3830798,BEARISH_CROSS,0.0925328168711006,0.582454630227396,1.5687540348612048
2009-06-04,04:00:00,1.41671,1.41865,1.41529,1.41562,10784,1.4057332737544803,1.4056814,1.4053297339077244,1.4053638000000002,BULLISH_CROSS,0.430200194967571,0.0875941283677758,0.2366454274452158
2009-06-05,16:00:00,1.41078,1.41156,1.39718,1.40182,30918,1.408629555949572,1.4088288,1.4089074970087383,1.4085704,BEARISH_CROSS,-0.36309939935227337,-0.20544720434863203,-0.8567433764677402
2009-06-23,12:00:00,1.39101,1.40166,1.39078,1.39976,23804,1.392385118138835,1.3920738,1.3920841025526647,1.3921823999999998,BULLISH_CROSS,0.6665428359147326,0.5893867520146376,0.5650968737497917
2009-07-03,04:00:00,1.39681,1.40035,1.39608,1.39915,7734,1.4033223032323439,1.4036489999999997,1.4034926013234599,1.4033928,BEARISH_CROSS,0.010006075117037416,-0.0421684594217824,-0.08791051709965639
2009-07-14,04:00:00,1.39802,1.39878,1.39598,1.3983,9335,1.39688213000722,1.3967732000000002,1.3968242577626167,1.3970884000000001,BULLISH_CROSS,0.08581849388542286,-0.19738253593650115,0.021454623471355714
2009-07-24,20:00:00,1.4221,1.4237,1.42012,1.42016,7841,1.4152756380473597,1.4152974,1.4150762763350069,1.4148194,BEARISH_CROSS,-0.040840468679587155,0.3126408292023433,0.20208990536277094
2009-08-04,04:00:00,1.44068,1.44308,1.43772,1.43832,9469,1.420008537136091,1.4197070000000003,1.4192611304885847,1.419378,BULLISH_CROSS,0.18215696089883104,0.3170365426330648,0.1606040380443875
2009-08-11,00:00:00,1.4139,1.41569,1.41249,1.41478,5217,1.426171115841898,1.4267172000000001,1.4266360593456489,1.426486,BEARISH_CROSS,-0.11026449341947199,-0.1272282616378535,0.07068236757659226
2009-08-19,12:00:00,1.40982,1.41328,1.4092,1.41123,14058,1.4179879998398393,1.4178242,1.4182638365679958,1.4183274,BULLISH_CROSS,0.998419818172795,0.7737930741268284,0.8163091771008251
2009-08-31,12:00:00,1.429,1.42958,1.4262,1.42879,6690,1.4279352913055967,1.428101,1.4279004052364375,1.4278322,BEARISH_CROSS,0.377242281930865,0.23866348448686742,0.10568383037394581
2009-09-08,12:00:00,1.4421,1.4503,1.4413,1.4495,11398,1.4302754440149803,1.4300354000000002,1.4294907682604898,1.4295446,BULLISH_CROSS,0.1655743359779205,0.06209037599171444,0.3863401172818247
2009-09-18,04:00:00,1.47256,1.47272,1.46948,1.47228,6023,1.4593051770589067,1.4595007999999998,1.4587755924490662,1.4587172000000002,BEARISH_CROSS,-0.28323416741380764,0.0040753117613462776,-0.25878229684571485
2009-10-06,08:00:00,1.47103,1.4747,1.47019,1.47278,11592,1.4627564724483153,1.4625902,1.462347348874777,1.4626362,BULLISH_CROSS,-0.06721981558685251,-0.0468501744999307,-0.04209725824631411
2009-10-22,08:00:00,1.49943,1.50112,1.49435,1.49625,12451,1.4897110784753367,1.4898018000000002,1.489444183719228,1.4892566,BEARISH_CROSS,0.14235588972430843,0.46649958228905497,0.4284043441938197
2009-11-05,08:00:00,1.4841,1.4856,1.48109,1.48184,9831,1.480577720614913,1.4801916,1.4805261990073584,1.4805684,BULLISH_CROSS,0.3360686713815246,0.38330723964799895,0.5223235976893496
2009-11-16,08:00:00,1.49652,1.4993,1.49618,1.49679,8342,1.4910433739402371,1.4912318,1.4908088177745324,1.4907276000000003,BEARISH_CROSS,0.038749590790960985,0.02538766293199613,-0.15366217037794003
2009-11-24,08:00:00,1.4951,1.49579,1.48881,1.49197,12155,1.4921034909968838,1.4919905999999998,1.4921089396090015,1.4921702,BULLISH_CROSS,0.3954503106630841,0.2942418413238801,0.6152938732012014
2009-12-04,08:00:00,1.5056,1.5089,1.50448,1.50657,6986,1.5032893270700263,1.5033614,1.503155422052476,1.5031224,BEARISH_CROSS,0.018585263213794112,-1.391903462832788,-1.9912782014775303
2009-12-16,20:00:00,1.45752,1.45775,1.45053,1.45322,8968,1.4698527823158292,1.4698502000000002,1.4705316713899446,1.4709228,BULLISH_CROSS,-0.06606019735482926,-0.9585609887009537,-1.321203947096784
2009-12-17,04:00:00,1.45222,1.45239,1.43685,1.4389,8653,1.4679760900962344,1.4681998,1.4691628692838359,1.4691337999999998,BEARISH_CROSS,0.027104037806650248,-0.5128917923413833,0.02501911182152449
2009-12-24,04:00:00,1.4335,1.43563,1.43304,1.43363,3098,1.4419907554384195,1.4419608000000002,1.4423320107624367,1.4425157999999998,BULLISH_CROSS,0.14927142986684366,0.20646889364759904,0.27761695835048755
2010-01-18,08:00:00,1.43742,1.43931,1.43666,1.43747,7477,1.4433476749299783,1.4434162000000001,1.443587580029161,1.4433606,BEARISH_CROSS,-0.009739333690444251,0.03826166806959801,0.14609000535663288
2010-01-29,04:00:00,1.39305,1.3962,1.39119,1.39301,6283,1.4123009694522974,1.412228,1.4130883559605545,1.4131281999999998,BULLISH_CROSS,0.3445775694359635,-0.44866871020309174,-0.35749922828981734
2010-02-02,16:00:00,1.39375,1.39645,1.39247,1.39533,9628,1.4029324641635939,1.4029390000000002,1.4032427688233322,1.4031868,BEARISH_CROSS,0.07668436857231811,0.00716676341797202,-0.33540452796112874
2010-02-03,00:00:00,1.39643,1.39757,1.39565,1.39652,4411,1.4024348659964585,1.4024326,1.4026762890983548,1.4027136000000002,BULLISH_CROSS,-0.07805115572995987,0.20049838169162731,-0.6022112107238012
2010-02-05,04:00:00,1.37032,1.37232,1.36688,1.37109,7366,1.395054138069253,1.3951298,1.3960322661537123,1.3960134,BEARISH_CROSS,-0.13492914396574313,-0.762896673449585,-0.48063949120771604
2010-02-10,00:00:00,1.37787,1.38063,1.3777,1.37925,5428,1.3830694506179821,1.3829952,1.3832253465615731,1.3833694,BULLISH_CROSS,-0.28421243429401094,-0.3349646547036482,-0.1790828348740398
2010-02-19,08:00:00,1.34827,1.34965,1.34556,1.34944,8852,1.3663335157586984,1.3665728000000001,1.3670230470141553,1.3668890000000002,BEARISH_CROSS,0.17192316812900907,0.8685084183068497,0.7743953047189998
2010-02-22,04:00:00,1.36284,1.36531,1.36258,1.36375,4275,1.3649830065784483,1.3649467999999998,1.3650333333775686,1.365229,BULLISH_CROSS,-0.28304307974335285,-0.3600366636113635,-0.09165902841429685
2010-02-25,12:00:00,1.34878,1.35165,1.34712,1.34849,8090,1.359285695698447,1.3594401999999999,1.3597263363392,1.3596887999999998,BEARISH_CROSS,-0.07934801147949962,0.45532410325623734,0.7126489629140831
2010-02-26,16:00:00,1.35809,1.36826,1.355,1.36589,13959,1.35875593492584,1.3587392,1.3584647485962824,1.3587534,BULLISH_CROSS,-0.2042624223034117,-0.39973936407763583,-1.0535255401240309
2010-03-10,08:00:00,1.35991,1.36049,1.3544,1.35686,5302,1.360745529786796,1.3608322,1.3609041228393182,1.3607875999999999,BEARISH_CROSS,0.28963931429919,0.6013884999189264,0.6375012897424971
2010-03-11,00:00:00,1.36501,1.36618,1.36291,1.36299,3030,1.3611736907034175,1.3611296000000002,1.3610995556300878,1.3611876,BULLISH_CROSS,0.0763028342100934,0.23477795141564445,0.3807804899522394
2010-03-19,08:00:00,1.36189,1.36259,1.35781,1.35896,6318,1.367511184544571,1.3677746,1.3678602124851658,1.3678359999999998,BEARISH_CROSS,-0.2891917348560656,-0.4378348148584138,-0.3443809972331796
2010-03-30,08:00:00,1.34884,1.35367,1.3482,1.35104,6751,1.3479188010741048,1.3475214,1.3477914051995783,1.347947,BULLISH_CROSS,-0.1880033159639971,-0.7164850781620019,-0.4463228327806712
2010-04-07,12:00:00,1.33881,1.34015,1.3326,1.3339,7930,1.3459825128738698,1.346387,1.34647567666464,1.3463778,BEARISH_CROSS,0.12219806582202716,-0.04648024589549928,-0.09296049179099856
2010-04-12,20:00:00,1.35752,1.35943,1.35752,1.35914,3608,1.3464497033228078,1.346309,1.3459317320298612,1.3461178,BULLISH_CROSS,-0.13611548479184685,-0.06989714083906046,0.1618670629957164
2010-04-20,04:00:00,1.34931,1.35006,1.34656,1.3482,4196,1.351731077460451,1.3520782,1.3518752030710814,1.3517995999999999,BEARISH_CROSS,0.16318053701231122,-0.3486129654354063,-0.5941255006675621
2010-04-30,16:00:00,1.33266,1.33417,1.32558,1.32715,11874,1.331334834850864,1.3311884,1.3315056444366133,1.3316534000000002,BULLISH_CROSS,0.16652224692009532,-0.3692122216780414,-0.5590927928267325
2010-05-05,00:00:00,1.29868,1.29917,1.29373,1.294,5625,1.3239994710098277,1.3244364000000002,1.3252239392143104,1.3251676000000001,BEARISH_CROSS,0.07418856259660525,-0.6159196290571896,-0.8060278207109689
2010-05-13,20:00:00,1.25789,1.25964,1.25184,1.25339,7452,1.2805229072756208,1.2805084,1.2816303728787073,1.2819102,BULLISH_CROSS,-0.07659228173194871,-0.4108856780411514,-1.4145637032368237
2010-05-18,04:00:00,1.23428,1.23585,1.2314,1.23332,7511,1.2623297295397933,1.2625532,1.2635138001332542,1.2635132,BEARISH_CROSS,0.5051405961145492,0.020270489410703103,-1.1594719942918286
2010-05-20,20:00:00,1.23424,1.25969,1.23393,1.24874,11841,1.2486735573783867,1.2480652,1.2486708454346473,1.2489478,BULLISH_CROSS,0.2818841392123234,0.12572673254641248,0.6710764450566213
2010-05-31,20:00:00,1.22941,1.23138,1.22801,1.23048,4378,1.2355153310203488,1.2355572,1.2357208547354652,1.2355756,BEARISH_CROSS,-0.40228203627852627,-1.3295624471750804,-0.6298355113451599
2010-06-02,20:00:00,1.22563,1.22634,1.22095,1.22484,8374,1.2305893303216404,1.2304332,1.2308239968653807,1.2310794,BULLISH_CROSS,0.23268345253257727,0.4074001502237068,-0.7111132882662222
2010-06-04,20:00:00,1.20196,1.20207,1.19551,1.19671,8910,1.2249236372098038,1.225022,1.2260752142387754,1.2254990000000001,BEARISH_CROSS,-0.5088952210644123,-0.16043987265084456,-0.37185282984180323
2010-06-11,04:00:00,1.21167,1.21199,1.20927,1.21069,7341,1.2092539265879538,1.2089396000000001,1.2091953113466458,1.2093354,BULLISH_CROSS,0.011563653784208094,-0.3725148469054848,0.5550553816418785
2010-06-23,04:00:00,1.2248,1.22745,1.22476,1.22618,6340,1.228094019722656,1.2283986,1.228172142976642,1.2281228,BEARISH_CROSS,0.12314668319495507,-0.04730137500204088,0.5888205646805529
2010-07-02,00:00:00,1.25268,1.25316,1.2501,1.25074,6272,1.2300014641404113,1.2298416,1.2291549932889994,1.2295126,BULLISH_CROSS,0.049570654172734936,0.6172345971185018,0.1455138557973626
2010-07-12,20:00:00,1.25891,1.25981,1.25824,1.25956,4703,1.2549122325226736,1.2550434,1.2547225277276806,1.2543476,BEARISH_CROSS,0.0889199402966123,-0.4318968528692648,1.0146400330274075
2010-07-16,04:00:00,1.29122,1.29285,1.29034,1.29156,5353,1.266967387062439,1.2668253999999999,1.2659636069425386,1.2660704,BULLISH_CROSS,0.23150298863390384,-0.0007742574870749722,-0.10142773080616806
2010-07-22,08:00:00,1.27767,1.28458,1.27412,1.2842,10218,1.2799584785427829,1.2801694000000001,1.2797853552179985,1.279708,BEARISH_CROSS,0.19467372683382236,0.3885687587603216,0.733530602709857
2010-07-29,16:00:00,1.30839,1.3106,1.30591,1.30777,10457,1.2931412711722883,1.293103,1.2925441801997286,1.2928792000000002,BULLISH_CROSS,-0.00841126497779078,-0.03670370172125342,-0.24163270299823758
2010-08-09,20:00:00,1.32282,1.3236,1.322,1.3221,3155,1.3151488469790358,1.3152416,1.314865126447568,1.3147726,BEARISH_CROSS,-0.211784282580753,-0.2980107404886207,-0.3418803418803479
2010-08-20,04:00:00,1.28018,1.28163,1.27966,1.27999,4104,1.2898514119669444,1.2895401999999998,1.29025391857784,1.2903824,BULLISH_CROSS,-0.3562527832248609,-0.7281306885210037,-0.6445362854397197
2010-08-26,00:00:00,1.26575,1.26793,1.26501,1.2662,3790,1.275877924771868,1.27599,1.2762729421094952,1.2762478,BEARISH_CROSS,0.36487126836203354,0.19981045648396156,0.33722950560732873
2010-08-27,12:00:00,1.27079,1.27408,1.26971,1.27263,8131,1.2743708883956553,1.2741982,1.2744419450648659,1.2744434,BULLISH_CROSS,0.14536825314507199,0.11865192554003305,-0.1657983860194899
2010-09-09,00:00:00,1.27194,1.2733,1.27158,1.27223,2937,1.2767091854947423,1.2767781999999999,1.276892009392487,1.2768232,BEARISH_CROSS,-0.1980773916666073,0.13126557304890313,-0.33091500750650804
2010-09-14,20:00:00,1.30095,1.30269,1.2989,1.29969,5394,1.279556995915613,1.2793982,1.2787352406468624,1.2790506,BULLISH_CROSS,0.08232732420807302,-0.2177442313167071,0.10079326608652235
2010-10-01,12:00:00,1.37206,1.3763,1.37141,1.37374,10954,1.3463064338648947,1.3464292,1.345186696471625,1.3451309999999999,BEARISH_CROSS,0.0349411096714106,0.11137478707761521,-0.3690654709042401
2010-10-07,08:00:00,1.39175,1.39938,1.39145,1.39631,11329,1.3678714605054407,1.3677494,1.366710703791377,1.3667738,BULLISH_CROSS,0.43042017890010603,-0.2721458701864218,-0.39246299174251636
2010-10-08,08:00:00,1.395,1.39522,1.3891,1.39083,8680,1.3732716597867938,1.3733812,1.372554992839316,1.3724494,BEARISH_CROSS,-0.2408633693549869,0.14164204108338382,0.2638712135918884
2010-11-02,20:00:00,1.40382,1.40573,1.40232,1.40328,7661,1.3920491856343675,1.391679,1.3915907850480151,1.3915948,BULLISH_CROSS,-0.004275696938613179,0.03135511088307365,0.7518100450373295
2010-11-09,08:00:00,1.38698,1.38818,1.38236,1.38506,14023,1.3992128225484781,1.3994174000000001,1.3997904887749466,1.3993044000000001,BEARISH_CROSS,0.729932277302071,-0.5306629315697492,-0.3602732011609642
2010-11-18,20:00:00,1.36158,1.36472,1.36137,1.36264,10555,1.3678600128747107,1.3678398,1.3680730746246987,1.3684181999999998,BULLISH_CROSS,0.14090295309105277,0.5768214642165193,0.33317677449656463
2010-11-25,12:00:00,1.33214,1.33434,1.32862,1.33258,16082,1.3541423726767077,1.3543038,1.3550224695206547,1.3550209999999998,BEARISH_CROSS,0.3572018190277413,0.09680469465246298,-0.6243527593090175
2010-12-03,00:00:00,1.32228,1.3228,1.31989,1.32062,8552,1.3251716447845916,1.324866,1.3253574262043708,1.3256742,BULLISH_CROSS,-0.021202162620574876,0.30061637715618644,1.2683436567672794
2010-12-17,00:00:00,1.32366,1.32549,1.32295,1.32489,6187,1.32836685725225,1.3284316,1.3285087697931581,1.3284813999999998,BEARISH_CROSS,0.3019118568333978,0.0973665738287717,-0.9132833669210274
2010-12-17,04:00:00,1.32488,1.32946,1.32485,1.32889,7604,1.3283873726541224,1.3283858000000002,1.32836685725225,1.3284316,BULLISH_CROSS,0.062458141757414716,-1.0106178840987463,-1.014380422758839
2010-12-17,16:00:00,1.32618,1.32698,1.31328,1.31546,20388,1.3278454893320433,1.3278886,1.3283510195088613,1.3282567999999997,BEARISH_CROSS,0.2485822449941377,-0.0038009517583283046,-0.23717938971918656
2010-12-27,20:00:00,1.31445,1.31579,1.31258,1.31578,6256,1.3161478707418646,1.3158048,1.3161628858741854,1.3162227999999998,BULLISH_CROSS,0.566964082141393,0.54644393439633,-0.30400218881575974
2011-01-06,08:00:00,1.31399,1.31588,1.3099,1.3121,12770,1.3241056552873678,1.3243137999999999,1.3245956820337907,1.3242858000000002,BEARISH_CROSS,-0.21339836902676135,-0.8162487615273224,-1.0685161191982426
2011-01-14,00:00:00,1.33481,1.33646,1.33292,1.33443,7485,1.3110134342738786,1.31017,1.3100576560809758,1.3102214,BULLISH_CROSS,0.010491370847480122,0.015737056271220184,0.10566309210673556
2011-01-28,08:00:00,1.37034,1.3725,1.36788,1.37022,15086,1.3570796205589417,1.3572428000000003,1.3565432785409395,1.3563666,BEARISH_CROSS,0.09268584606852216,-0.6714250266380651,-0.6269066281327157
2011-02-18,16:00:00,1.36071,1.36722,1.36062,1.36722,13898,1.3580428548531467,1.3578349999999997,1.3576682775002138,1.3577294,BULLISH_CROSS,0.1470136481326959,0.020479513172703436,0.010239756586343598
2011-03-09,08:00:00,1.38888,1.39076,1.38553,1.38747,12371,1.387161085250874,1.3871715999999998,1.3871484764856035,1.3870408,BEARISH_CROSS,0.3661340425378548,0.20685131930779968,-0.2774834771202195
2011-03-09,12:00:00,1.38746,1.39411,1.38639,1.39255,14980,1.3873724152410358,1.3873721999999997,1.387161085250874,1.3871715999999998,BULLISH_CROSS,-0.15295680585975122,-0.07396502818569274,-0.7051811425083437
2011-03-09,16:00:00,1.39257,1.39344,1.38929,1.39042,16620,1.3874919283688383,1.3875730000000002,1.3873724152410358,1.3873721999999997,BEARISH_CROSS,-0.005753657168343379,-0.2661066440356178,-0.5890306526085586
2011-03-17,20:00:00,1.40132,1.40371,1.39993,1.40207,11986,1.39228032166561,1.3919498000000001,1.391880742958084,1.3919498000000001,BULLISH_CROSS,-0.10555821036039041,0.21896196338272184,1.1311846056188342
2011-03-25,16:00:00,1.41226,1.41554,1.40621,1.40651,16304,1.4093965720624049,1.409496,1.4095143913302581,1.4092316,BEARISH_CROSS,0.15428258597521563,-0.08389559974688832,0.28154794491329344
2011-04-04,04:00:00,1.42427,1.42438,1.42164,1.42262,6059,1.4131053334938006,1.4129746,1.4127169797588537,1.4129132000000002,BULLISH_CROSS,-0.17081160113030408,-0.07732212396845967,-0.1799496703265732
2011-04-15,16:00:00,1.44112,1.4455,1.43905,1.44385,16569,1.439388045909678,1.4396817999999998,1.4392059253345628,1.4391595999999998,BEARISH_CROSS,-0.06925927208505812,-0.43979637774007535,-1.4094261869307816
2011-04-22,16:00:00,1.45537,1.4555,1.45339,1.45524,5305,1.4445841651767242,1.4445716000000002,1.444149233143121,1.4443546,BULLISH_CROSS,0.05016354690634517,0.042604656276617116,0.1559880157224921
2011-05-05,00:00:00,1.48258,1.48429,1.48068,1.48427,7658,1.4749605065743825,1.4751049999999999,1.4745805272508878,1.4745244,BEARISH_CROSS,0.12194546814259463,-0.923686391289987,-1.8817331078577355
2011-05-17,16:00:00,1.41409,1.41932,1.41202,1.41692,10482,1.4306347424353774,1.4301599999999999,1.4311945278409028,1.4316074,BULLISH_CROSS,0.46297603252125186,0.7466900036699343,0.6330632639810395
2011-06-09,20:00:00,1.45266,1.45276,1.45007,1.45089,8683,1.451412420372733,1.4516494,1.4514337436532525,1.4511867999999999,BEARISH_CROSS,0.19022806691066144,-0.19091729903713853,-1.1241375983017352
2011-06-21,16:00:00,1.43867,1.44197,1.43596,1.43984,16541,1.433291592909511,1.4332798,1.43302431098745,1.4337366,BULLISH_CROSS,0.08542615846205581,-0.13543171463496767,0.10903989332148512
2011-07-07,08:00:00,1.43176,1.43454,1.42779,1.43089,15316,1.440506076745516,1.44114,1.4408985696739045,1.4407567999999997,BEARISH_CROSS,-0.15095500003493909,0.3745920371237504,-0.04542627315866624
2011-07-18,04:00:00,1.40706,1.40834,1.40509,1.40795,17044,1.4185486636694316,1.4183710000000003,1.4189812621865512,1.419068,BULLISH_CROSS,-0.20455271849142326,-0.12713519656237496,0.2500088781561822
2011-07-29,12:00:00,1.42744,1.43447,1.42293,1.4325,17803,1.4335240007090464,1.4339354,1.4335657966563544,1.4335147999999998,BEARISH_CROSS,0.39860383944152744,0.3623036649214524,0.5075043630017373
2011-08-10,00:00:00,1.43749,1.43967,1.43355,1.43562,12102,1.4263943001382235,1.4263678,1.4260177409601917,1.4262696,BULLISH_CROSS,-0.06895975258075428,-0.4973460943703713,-1.2628690043326216
2011-08-24,04:00:00,1.44171,1.4424,1.43868,1.44119,12116,1.436889682085293,1.4370125999999999,1.436714158905101,1.4366649999999999,BEARISH_CROSS,0.1582025964654251,-0.00346935518563711,-0.04163226222773777
2011-08-29,12:00:00,1.4516,1.45314,1.44845,1.45264,15366,1.4412689051925482,1.4411752000000002,1.4408047788738767,1.4409341999999998,BULLISH_CROSS,-0.2127161581672016,-0.09018063663398519,-0.669126555788079
2011-08-31,12:00:00,1.44433,1.44579,1.44289,1.44404,20764,1.4428607728145033,1.4429522,1.4428126410926463,1.4426898,BEARISH_CROSS,-0.4868286197058317,-0.4605135591811892,-1.0512174178000588
2011-09-15,16:00:00,1.37715,1.39359,1.37715,1.38661,25068,1.3851048810375823,1.3846116000000002,1.3850434476105449,1.385128,BULLISH_CROSS,0.0670700485356443,-0.04327099905524509,-0.4976164891353666
2011-09-23,16:00:00,1.34776,1.35447,1.34683,1.34694,25790,1.3663664801458526,1.3667561999999998,1.3671593977028262,1.3670428000000001,BEARISH_CROSS,0.207878598898237,-0.46624200038606495,-0.05790903826451088
2011-09-28,08:00:00,1.35639,1.36384,1.3552,1.36099,22155,1.3599132577117856,1.3597211999999999,1.3598693090469607,1.360196,BULLISH_CROSS,0.05069838867295715,-0.4930234608630478,0.2858213506344772
2011-10-04,08:00:00,1.32037,1.3226,1.31458,1.31865,21845,1.3478577941993675,1.347869,1.3490499490646477,1.348608,BEARISH_CROSS,0.042467675273946376,1.2391460963864405,1.0184658552307155
2011-10-10,04:00:00,1.3443,1.34801,1.34385,1.34786,12145,1.3416868726000053,1.3414749999999998,1.341434908216332,1.3416881999999999,BULLISH_CROSS,0.647693380618158,1.3473209383763858,1.1306812280207084
2011-10-19,16:00:00,1.38561,1.38568,1.37696,1.3786,23178,1.3707202141619288,1.370992,1.3703985902501707,1.3702771999999999,BEARISH_CROSS,-0.1929493689250041,-0.5208182213840101,-0.5585376468881502
2011-10-27,08:00:00,1.3969,1.40375,1.39621,1.40083,20648,1.383685298766542,1.3832864,1.3829855150427273,1.3829928,BULLISH_CROSS,0.15205271160668785,1.2542564051312497,1.154315655718397
2011-11-01,12:00:00,1.37752,1.37752,1.36611,1.36785,24661,1.3922212165124686,1.3929052,1.3932159600435896,1.3929766,BEARISH_CROSS,-0.017545783528897026,-0.18496180136710322,0.7223014219395321
2011-11-10,16:00:00,1.36316,1.36518,1.35502,1.35993,25216,1.374871202516745,1.3747212000000002,1.3754810475174286,1.3756106,BULLISH_CROSS,0.01985396307162813,0.18162699550711964,1.3030082430713315
2011-11-15,04:00:00,1.36336,1.36402,1.35936,1.35992,11585,1.3712661979016567,1.3712762,1.3717293080200916,1.3715473999999999,BEARISH_CROSS,-0.18236366845108815,-0.5566503911994879,-1.0118242249544087
2011-11-21,08:00:00,1.35245,1.35254,1.34399,1.34566,17815,1.3579915086456167,1.3578742,1.3584948355291113,1.3586326,BULLISH_CROSS,-0.01709198460236423,0.3336652646285007,0.56775114070418
2011-11-23,12:00:00,1.34558,1.34603,1.33722,1.33834,22489,1.3542314690004487,1.3543783999999999,1.354880100388222,1.3548596000000002,BEARISH_CROSS,-0.2787034684758739,-0.17260187994082477,-0.08667453711314388
2011-11-24,08:00:00,1.33677,1.3393,1.33541,1.33743,17251,1.3508835922298266,1.3507492,1.3514327184432888,1.351526,BULLISH_CROSS,-0.01869256708761292,-0.19589810307828037,-0.7888263310976902
2011-11-25,16:00:00,1.32292,1.32965,1.32119,1.32426,22070,1.3451314705939794,1.3451986000000002,1.3459833673529173,1.3458622,BEARISH_CROSS,-0.038512074668117326,0.3186685394106983,0.6879313729932152
2011-11-30,20:00:00,1.34529,1.34592,1.34204,1.34345,12828,1.338958381941763,1.3387593999999998,1.3387750505924472,1.3390536,BULLISH_CROSS,0.03647325914621902,0.09229967620677418,0.18757676132346404
2011-12-09,08:00:00,1.33357,1.33395,1.3281,1.33367,14438,1.3396338020382579,1.3398598000000002,1.3398772225296152,1.3397816,BEARISH_CROSS,0.3381646134351087,0.35616006958243285,-0.18745266820127518
2011-12-21,04:00:00,1.31124,1.31267,1.3107,1.31128,7532,1.3114467496868514,1.3111233999999998,1.3114535557965188,1.3115747999999998,BULLISH_CROSS,0.3172472698432022,-0.5650966994082055,-0.5330669269721228
2011-12-30,00:00:00,1.29626,1.29635,1.29415,1.29494,7525,1.3034763485407117,1.3036808000000002,1.3038247709301285,1.3038172000000001,BEARISH_CROSS,-0.06332339722304067,-0.12355784824007646,-0.06486787032603455
2012-01-04,04:00:00,1.30478,1.30492,1.30221,1.30354,7105,1.3005019767217523,1.300396,1.3003779757716196,1.3004362,BULLISH_CROSS,0.004602850698879285,-0.8139374319161674,-0.8615002224711057
2012-01-05,12:00:00,1.28727,1.28821,1.28208,1.28407,21702,1.298368825565155,1.298408,1.2989524510984267,1.2988168,BEARISH_CROSS,-0.46103405577578693,-0.38627177646079075,-0.4337769747755243
2012-01-16,00:00:00,1.26383,1.26575,1.26369,1.26468,3996,1.2800734697271254,1.2800706,1.2807017746139469,1.2808992000000001,BULLISH_CROSS,-0.014232849416458629,0.21586488281619848,0.25144700635733624
2012-01-31,20:00:00,1.30521,1.30919,1.30513,1.30798,11706,1.3054508008435353,1.3055278000000001,1.3053475682249038,1.3051938,BEARISH_CROSS,-0.026758818942174228,-0.019113442101550592,0.5458799064205987
2012-02-09,12:00:00,1.32972,1.33023,1.3234,1.32505,18284,1.3161476714035434,1.3160132000000002,1.3157843110526677,1.3158656,BULLISH_CROSS,0.3411192030489308,0.2875363193841643,-0.4520584128900918
2012-02-14,08:00:00,1.31592,1.31739,1.31271,1.31675,15564,1.3190996380648847,1.3191552,1.3191955416593697,1.3191854,BEARISH_CROSS,0.09948737421681582,-0.3622555534459968,-0.04632618188722228
2012-02-21,20:00:00,1.32545,1.32666,1.3227,1.32397,11694,1.3180714791673827,1.3180527999999998,1.3178307232150308,1.3180744000000002,BULLISH_CROSS,-0.05362659274756893,-0.09139179890784198,0.026435644312171
2012-03-01,16:00:00,1.33076,1.33368,1.32825,1.33181,19816,1.334105455261156,1.3344326000000002,1.3341991473126318,1.3341900000000002,BEARISH_CROSS,-0.09460808974253376,-0.14866985530968163,-0.8905174161479478
2012-03-13,04:00:00,1.31606,1.31905,1.31566,1.31756,8324,1.3200470497159684,1.3199686,1.3201485619492732,1.3202639999999999,BULLISH_CROSS,-0.3597559124442125,-0.48878229454446104,-0.8075533562038908
2012-03-15,08:00:00,1.30348,1.30662,1.30144,1.3051,14909,1.314322978330715,1.3143288000000002,1.3146994264258463,1.3146318,BEARISH_CROSS,0.08121982989809677,0.21914029576278332,0.11646617117462002
2012-03-16,00:00:00,1.30794,1.30887,1.30676,1.30704,5748,1.3133137814004174,1.3132834,1.3135698541106386,1.313594,BULLISH_CROSS,0.11170277879789578,0.458287428081768,0.7406047251805539
2012-03-29,20:00:00,1.32638,1.32961,1.3259,1.32937,9786,1.3269223741696494,1.3269482,1.326822471074533,1.3266718,BEARISH_CROSS,0.1496949682932636,0.44156254466401695,0.3543031661614142
2012-03-30,00:00:00,1.32937,1.33195,1.32931,1.33136,6190,1.3270963987120161,1.3270846,1.3269223741696494,1.3269482,BULLISH_CROSS,0.25312462444416783,0.21106237231101874,0.18176901814684734
2012-04-03,04:00:00,1.33407,1.33546,1.33245,1.33373,8046,1.3297472722211594,1.3297702,1.3295847119036557,1.329526,BEARISH_CROSS,-0.0239928621235256,-0.04948527812976426,-1.1396609508671247
2012-04-12,20:00:00,1.31761,1.32122,1.31761,1.31865,9437,1.3148208453039592,1.3144402,1.3146645532755492,1.314685,BULLISH_CROSS,0.034884161832169636,-0.25935615970880826,-0.8349448299397251
2012-05-02,08:00:00,1.32227,1.32292,1.31625,1.31655,17046,1.3205673383352463,1.3206745999999998,1.3207313113285217,1.3206286,BEARISH_CROSS,-0.2681250237362829,-0.05924575595305935,-0.19216892636057445
2012-05-21,12:00:00,1.27693,1.2776,1.27405,1.27424,16431,1.2821964375348698,1.282106,1.2825211900873135,1.282559,BULLISH_CROSS,0.2974321948769431,0.4567428427925615,0.04394776494223175
2012-05-28,12:00:00,1.2576,1.2597,1.25621,1.25718,14554,1.2666450892489771,1.2666894,1.2670314194224048,1.2669734,BEARISH_CROSS,-0.32374043494169635,-0.38657948742422443,-0.3102181071922887
2012-06-04,00:00:00,1.24371,1.24371,1.23854,1.23917,8445,1.2499126448891444,1.2499016,1.2503511201907422,1.2505892,BULLISH_CROSS,0.08957608721966673,0.36556727486946283,1.1289814956785547
2012-06-22,12:00:00,1.25499,1.25598,1.25251,1.25336,17210,1.26007272762417,1.2602784,1.2603467165067892,1.2602035999999999,BEARISH_CROSS,0.22818663432691827,-0.003191421459121083,-0.3095678815344438
2012-07-02,12:00:00,1.26462,1.26669,1.25859,1.25973,19017,1.255369850946176,1.255276,1.255191885678673,1.2554253999999998,BULLISH_CROSS,-0.0515983583783858,-0.13177426908940762,-0.20718725441165975
2012-07-06,08:00:00,1.23808,1.24008,1.23659,1.23831,15782,1.2522397341777676,1.2523294,1.252808294756452,1.2525918,BEARISH_CROSS,-0.4401159645000004,-0.772019930388999,-0.8681186455734056
2012-07-16,20:00:00,1.2261,1.22889,1.22559,1.22717,8517,1.2301196223031998,1.2296770000000001,1.230240015050269,1.230256,BULLISH_CROSS,0.05867157769500818,0.22816724659174473,0.1817189142498557
2012-07-24,16:00:00,1.2092,1.21136,1.20418,1.2052,20517,1.2213543463620076,1.2215226,1.222013707438008,1.2218506,BEARISH_CROSS,0.06223033521407471,0.19747759707932697,0.6081978094922053
2012-07-27,08:00:00,1.22898,1.23138,1.22417,1.22479,16547,1.2202265140513442,1.2200402,1.220040249318746,1.2201022,BULLISH_CROSS,0.24983874786698637,0.5976534752896409,0.145331036340915
2012-08-10,08:00:00,1.22924,1.22967,1.22609,1.22816,15260,1.2317601909806046,1.2318104,1.2319071375512416,1.2317677999999999,BEARISH_CROSS,-0.11236321000520591,0.05536737884314861,0.10666362688901646
2012-08-20,16:00:00,1.23077,1.23478,1.23002,1.23403,15009,1.2324493272432422,1.2323276,1.2323848099878643,1.2324142,BULLISH_CROSS,0.030793416691656358,0.15963955495409574,1.1061319416869881
2012-08-30,08:00:00,1.25348,1.25593,1.25335,1.25489,11675,1.249215568787505,1.2493996,1.2489839593502605,1.2489586,BEARISH_CROSS,-0.022312712668047237,-0.34265951597350924,-0.020718947477480015
2012-09-07,12:00:00,1.26684,1.27744,1.26645,1.2766,18499,1.2574921735786657,1.2574083999999999,1.2567122622961622,1.2568434,BULLISH_CROSS,0.17703274322420107,0.1668494438351845,0.1488328372238769
2012-09-19,16:00:00,1.30221,1.3075,1.30106,1.30672,17714,1.2948793156870102,1.2950118000000002,1.294396022449745,1.2942138,BEARISH_CROSS,-0.1492286029141758,-0.49283702706012006,-0.9565936084241595
2012-10-03,12:00:00,1.29158,1.29362,1.28873,1.28979,14942,1.29113523395895,1.2911299999999999,1.2911901414674785,1.2913044,BULLISH_CROSS,0.07288008125353282,0.12327588212034364,0.6698764915218742
2012-10-11,00:00:00,1.28739,1.28758,1.28372,1.2841,6832,1.2927901784992861,1.2930021999999999,1.2931448796625222,1.2930696,BEARISH_CROSS,0.17677750953975502,0.6525971497546962,0.7234639046803225
2012-10-17,00:00:00,1.30533,1.31235,1.30526,1.30942,7057,1.2954949552574342,1.295455,1.2949265860842682,1.2953008,BULLISH_CROSS,-0.04353072352644372,0.2543110690229304,0.08018817491713853
2012-10-23,20:00:00,1.29698,1.29823,1.29649,1.29788,8374,1.3020870467831973,1.3023034000000002,1.3022587629784297,1.3021954,BEARISH_CROSS,-0.04468826085616736,-0.14639257866674985,-0.14485160415445816
2012-11-01,20:00:00,1.29357,1.29429,1.29282,1.29421,6084,1.2962634265512456,1.2961082,1.2963472398798677,1.2963538,BULLISH_CROSS,-0.10353806569259384,-0.4435138037876448,-0.8406672796532246
2012-11-05,08:00:00,1.28245,1.28418,1.27769,1.27941,9938,1.2930298808452636,1.2931958000000001,1.2935857943491518,1.2935536,BEARISH_CROSS,-0.099264504732641,-0.041425344494721746,-0.17820714235466645
2012-11-14,04:00:00,1.27101,1.27281,1.27027,1.27251,5489,1.2770750003269578,1.2768599999999999,1.2772613268709152,1.2772940000000002,BULLISH_CROSS,0.04557920959363973,0.11159047866028377,0.08487163165711624
2012-12-03,20:00:00,1.30654,1.30706,1.30483,1.3053,7562,1.2947962340437416,1.2948676000000001,1.2943675089026696,1.2943619999999998,BEARISH_CROSS,-0.016854362981681376,0.16241477055084055,0.3171684670190786
2012-12-05,04:00:00,1.31028,1.31235,1.30966,1.31155,6844,1.298552834912643,1.2985084,1.298022338378465,1.2980407999999999,BULLISH_CROSS,-0.008387022988071709,-0.30117037093514526,-0.4628111776142747
2012-12-05,16:00:00,1.30741,1.30787,1.30596,1.3076,13931,1.2997086165550018,1.2997496000000002,1.2993865192715326,1.2993594,BEARISH_CROSS,-0.026001835423677493,-0.1621290914652892,-0.8397063322116847
2012-12-06,08:00:00,1.30545,1.30729,1.30417,1.30654,9308,1.3006669825574868,1.300642,1.3004272675598332,1.3004354,BULLISH_CROSS,0.08495721524024862,-0.7393573866854442,-1.0501017955822212
2012-12-06,16:00:00,1.30764,1.30834,1.29606,1.29662,17869,1.300771382207046,1.3009084,1.3009408263787618,1.3008796,BEARISH_CROSS,0.020052135552430697,0.014653483672927493,-0.19512270364487228
2012-12-14,16:00:00,1.30798,1.31407,1.30667,1.31334,13693,1.3019775613472357,1.3019660000000002,1.3015137883410004,1.3018476,BULLISH_CROSS,0.21928822696331446,0.22385673169171297,0.2642118567926115
2012-12-24,08:00:00,1.31843,1.32203,1.3179,1.32181,5938,1.3158671464971123,1.3158795999999997,1.315624581048015,1.315447,BEARISH_CROSS,-0.004539230297845301,-0.23528343710517746,0.06354922416990141
2013-01-11,00:00:00,1.32507,1.32789,1.32506,1.32691,6450,1.3123034878766346,1.3122399999999999,1.311707303708334,1.3121406000000002,BULLISH_CROSS,-0.07762395339548925,-0.006029044923927019,0.772471380877367
2013-01-21,16:00:00,1.33127,1.33235,1.33044,1.33137,7905,1.3285931441044239,1.328665,1.3284798030474616,1.3282162,BEARISH_CROSS,-0.00751106003590204,0.2125629990160594,-0.08187055439134391
2013-01-28,00:00:00,1.34598,1.34706,1.3457,1.34589,2819,1.3336683571040295,1.3335934,1.333169514536847,1.3333566,BULLISH_CROSS,-0.0014860055428104098,-0.14191352933747026,-0.054239202312233496
2013-02-05,16:00:00,1.3543,1.35969,1.35017,1.35683,17381,1.3509859043950014,1.351189,1.3507473698805117,1.3506954000000002,BEARISH_CROSS,0.07001614056293025,0.05969797247997004,-0.3051229704531911
2013-02-19,08:00:00,1.33517,1.33632,1.33336,1.33516,6527,1.3398376598492587,1.3397276000000002,1.3400285847410653,1.3400536,BULLISH_CROSS,-0.12657659007159963,0.29060187543066796,0.5242817340243954
2013-02-21,08:00:00,1.32646,1.3276,1.31973,1.3204,9228,1.3374442570794778,1.3377288,1.3381399410419055,1.338071,BEARISH_CROSS,-0.07724931838836874,-0.15828536807027607,0.09391093607996878
2013-03-04,20:00:00,1.29946,1.30286,1.29861,1.30167,2751,1.3125601784456034,1.3123642000000002,1.3130046755250158,1.3130752,BULLISH_CROSS,0.09987170327347612,0.3702935459832234,0.18591501686294273
2013-03-19,04:00:00,1.29617,1.29655,1.2949,1.29555,4701,1.3007878720552586,1.3008643999999998,1.3010016627513916,1.3009359999999999,BEARISH_CROSS,-0.1752151595847319,-0.7602948554667835,-0.6622669908533081
2013-03-25,00:00:00,1.29724,1.30472,1.29724,1.30294,5194,1.2960869148381526,1.2958334,1.2958071970764447,1.2958277999999999,BULLISH_CROSS,0.0637020891215335,-0.6815356040953535,-1.3116490398636966
2013-03-26,12:00:00,1.28745,1.28826,1.28451,1.28651,11776,1.2942268058595865,1.2942516,1.2945417775273247,1.294413,BEARISH_CROSS,-0.12125828792625053,-0.018655121219424486,-0.6809119245089507
2013-04-03,12:00:00,1.28162,1.28444,1.28081,1.28381,9976,1.284963880468083,1.2849404000000002,1.2850109776300453,1.2850958,BULLISH_CROSS,0.05218840794199847,0.051409476480172696,-0.5133158333398147
2013-04-16,08:00:00,1.3077,1.30846,1.30399,1.30437,11262,1.3029428884469296,1.3030746,1.3028846389957838,1.3026766,BEARISH_CROSS,0.7068546501376147,1.0219492935286816,1.121614265890807
2013-04-29,16:00:00,1.30882,1.31128,1.30767,1.30851,9117,1.3041420048551051,1.3040466000000002,1.3039637193389868,1.3042564,BULLISH_CROSS,0.09017890577832488,0.06801629334126871,0.5563579949713761
2013-05-07,08:00:00,1.3082,1.30943,1.30678,1.30791,7503,1.3094499291265178,1.3095372,1.3095127833765798,1.3094322,BEARISH_CROSS,0.27830661131118256,-0.010704100435030466,0.3257104846663878
2013-05-21,20:00:00,1.29129,1.29333,1.28968,1.29057,5548,1.2924263699041936,1.2922924,1.2925021401043648,1.2927454,BULLISH_CROSS,0.15884454155916436,0.22393206102730262,-0.3680544255639006
2013-06-17,08:00:00,1.33203,1.33488,1.33184,1.33411,8924,1.3252000135514341,1.3253686,1.324836340635166,1.3248252,BEARISH_CROSS,-0.002998253517312513,0.1836430279362319,0.3088201122846035
2013-07-02,04:00:00,1.30612,1.30648,1.30492,1.30566,4547,1.3098487358172177,1.3096087999999997,1.3100197046260837,1.3100832,BULLISH_CROSS,-0.26270238806427737,-0.2849133771425904,-0.6349279291699317
2013-07-08,00:00:00,1.28204,1.28325,1.28126,1.28255,3826,1.2993548509606994,1.2994402,1.3000407632448094,1.2999874,BEARISH_CROSS,-0.10369966083194054,0.15593933959689693,0.18634751081828327
2013-07-11,04:00:00,1.30923,1.31468,1.30687,1.31347,12444,1.293289324832496,1.2929254000000001,1.2924656238052508,1.2926715999999998,BULLISH_CROSS,-0.6768331214264386,-0.8534644871980284,-0.40503399392448947
2013-07-22,16:00:00,1.31639,1.32179,1.31624,1.31923,11602,1.3087418611953,1.308833,1.3083137738971489,1.3080942,BEARISH_CROSS,-0.056093327168118,0.04320702227816086,0.1508455690061747
2013-07-24,08:00:00,1.3209,1.32544,1.31905,1.32365,10807,1.3126523744274057,1.3126314,1.3122034917509733,1.3123444,BULLISH_CROSS,-0.17527291957844596,-0.27121973331318566,-0.38454274166131824
2013-07-24,20:00:00,1.32057,1.32095,1.31772,1.32006,7237,1.31355532064598,1.3135718,1.3132898235294892,1.3132300000000001,BEARISH_CROSS,-0.04999772737603631,-0.11363119858188696,0.5764889474720766
2013-07-26,20:00:00,1.32799,1.32898,1.32728,1.32765,5078,1.3180057398612925,1.3179428,1.3176120965903249,1.3176492,BULLISH_CROSS,0.0949045305615214,0.06778895040107716,-0.10996874176176076
2013-07-31,00:00:00,1.32619,1.32679,1.32565,1.326,3511,1.321536932308545,1.3216274000000001,1.3213547662803224,1.3212761999999998,BEARISH_CROSS,-0.015082956259425186,-0.2790346907993994,0.34841628959274856
2013-08-08,16:00:00,1.336,1.34002,1.33559,1.33914,12635,1.3279066455675081,1.32767,1.3274481413049575,1.3274582000000001,BULLISH_CROSS,-0.07915527876100041,-0.05525934555012642,-0.36142598981435514
2013-08-13,20:00:00,1.32524,1.32694,1.32502,1.32614,4696,1.3296771921934838,1.3297778,1.3298215673850544,1.3297392,BEARISH_CROSS,-0.0015081363958655211,0.05278477385494162,-0.05127663745909285
2013-08-20,20:00:00,1.34203,1.34261,1.3414,1.34166,4360,1.332378647001943,1.332196,1.3319998162673283,1.3320832000000002,BULLISH_CROSS,0.031304503376404225,-0.22807566745673735,-0.46584082405379074
2013-08-27,08:00:00,1.33742,1.33861,1.33232,1.33372,9820,1.3352736977998365,1.3354708000000002,1.3353371140365646,1.335326,BEARISH_CROSS,0.02549260714392878,0.41088084455507373,0.2046906397144752
2013-09-09,12:00:00,1.31961,1.32122,1.31847,1.32079,6674,1.3207914411490067,1.3207284000000001,1.3207914999714152,1.3210608,BULLISH_CROSS,0.37856131557629263,0.350547778223649,0.28543523194452197
2013-09-25,20:00:00,1.3528,1.35321,1.35197,1.35257,4065,1.344892207790335,1.3449292,1.344578828516471,1.3444988,BEARISH_CROSS,-0.03474866365511363,-0.08724132577241539,-0.2802073090486969
2013-10-03,16:00:00,1.35985,1.36455,1.35864,1.36234,10984,1.3523298348175838,1.3522863999999999,1.351921256646873,1.3520878000000003,BULLISH_CROSS,-0.04183977568009318,0.010276436131935268,-0.5233642115771453
2013-10-07,20:00:00,1.35748,1.35841,1.35739,1.35801,3962,1.3547519472064056,1.3547630000000002,1.3546189654597283,1.3546112,BEARISH_CROSS,-0.04270955294880192,-0.06995530224372475,-0.055227870192416
2013-10-08,00:00:00,1.35801,1.35814,1.35738,1.35743,3386,1.354856968884586,1.3548561999999997,1.3547519472064056,1.3547630000000002,BULLISH_CROSS,-0.0854556036038564,0.06998519260661738,0.025784018328758943
2013-10-08,04:00:00,1.35744,1.35767,1.35573,1.35627,2804,1.3549123818695044,1.3549302,1.354856968884586,1.3548561999999997,BEARISH_CROSS,0.05824798896973658,0.08110479476799448,0.03244191790720107
2013-10-17,16:00:00,1.36481,1.36816,1.36453,1.36612,10127,1.3551236336119779,1.354903,1.3546748023308341,1.3547558000000002,BULLISH_CROSS,0.10174801627968277,0.013908002225273948,0.2181360349017643
2013-10-29,08:00:00,1.37749,1.37909,1.37591,1.37631,5573,1.373473810514513,1.3737502000000001,1.3733580476783707,1.3733012,BEARISH_CROSS,-0.015258190378608124,-0.13223764994804463,0.028336639274590212
2013-11-12,04:00:00,1.34038,1.34061,1.33895,1.33935,3866,1.3487151090705463,1.3486739999999997,1.3490973584203645,1.3493578,BULLISH_CROSS,-0.060477097099337546,0.2560943741367114,0.4322992496360146
2013-12-03,20:00:00,1.36034,1.36082,1.35879,1.35881,6380,1.3558171524709746,1.3558936,1.3556949954289734,1.3556462000000002,BEARISH_CROSS,-0.011039070951795652,-0.05445941669548818,-0.015454699332507376
2013-12-09,00:00:00,1.37101,1.37144,1.37011,1.37069,1778,1.3600853273542521,1.3600104000000002,1.359652483572793,1.3597045999999997,BULLISH_CROSS,0.000729559564895455,0.11089305386338018,0.22762258424589163
2013-12-16,16:00:00,1.37874,1.37894,1.37518,1.37563,10116,1.3716190813924962,1.371683,1.3714553704289247,1.3713317999999999,BEARISH_CROSS,0.04579719837457241,0.09450215537608797,-0.06397068979303969
2013-12-30,00:00:00,1.37586,1.37627,1.37421,1.37543,2061,1.3712065996876646,1.3711624,1.3710342160014468,1.3711642,BULLISH_CROSS,-0.09451589684679386,0.11632725765760861,0.41514290076558635
2014-01-03,20:00:00,1.36045,1.36067,1.35821,1.35874,7284,1.370751985781417,1.3710571999999999,1.3712422709153524,1.371154,BEARISH_CROSS,0.0787494296186102,0.05961405419726934,0.35474042127265304
2014-01-13,12:00:00,1.36664,1.36711,1.36564,1.36662,6983,1.3644339302991457,1.364157,1.364344702964417,1.3644224000000003,BULLISH_CROSS,-0.14707819291389304,0.015366378364142447,0.03878181206188564
2014-01-20,08:00:00,1.35264,1.35588,1.35264,1.35555,5940,1.3615811169081875,1.3617184,1.3618272849452564,1.3618224,BEARISH_CROSS,0.005901663531397437,0.06639371472833173,-0.13426284533952512
2014-01-24,00:00:00,1.36971,1.36972,1.36836,1.36878,4278,1.3599106349062626,1.3598875999999998,1.3595486200044773,1.3598042,BULLISH_CROSS,-0.016803284676878277,0.04675696605736304,-0.05187100921990462
2014-01-31,08:00:00,1.35494,1.35595,1.35323,1.35546,6715,1.3622228379002,1.3622959999999997,1.3624988721002083,1.3622813999999999,BEARISH_CROSS,-0.23165567408851184,-0.5142165759225755,-0.42199696044148627
2014-02-07,16:00:00,1.35679,1.36425,1.35679,1.36129,17571,1.356262562579716,1.3562238,1.3560573610523574,1.3563239999999999,BULLISH_CROSS,0.1564692313908269,0.07345973304733833,0.22478678312483477
2014-02-24,16:00:00,1.37272,1.37473,1.37081,1.37436,9195,1.3703569558370687,1.3704007999999999,1.370193566279398,1.3701834,BEARISH_CROSS,-0.07567158531970734,-0.06694024855205565,0.033470124276019746
2014-03-04,12:00:00,1.37562,1.37726,1.37439,1.37592,7235,1.3731310971996236,1.373122,1.3730172644322614,1.3731146,BULLISH_CROSS,-0.20931449502878027,-0.1351822780394189,-0.2122216407930718
2014-03-04,16:00:00,1.37591,1.37812,1.37257,1.37304,9446,1.3731275247604227,1.3731868,1.3731310971996236,1.373122,BEARISH_CROSS,0.05389500670045759,0.00655479811221257,0.024034259744795596
2014-03-06,20:00:00,1.38479,1.38723,1.38477,1.38571,5499,1.374158810179019,1.3739832,1.373687333043469,1.3737232,BULLISH_CROSS,0.03680423753887974,0.11690757806467117,0.1262890503785004
2014-03-17,16:00:00,1.39041,1.39474,1.39019,1.3924,17720,1.3862143058340508,1.3862873999999998,1.385961828521155,1.3859217999999998,BEARISH_CROSS,-0.017236426314278797,0.051709278942820444,-0.09839126687734079
2014-03-31,16:00:00,1.37864,1.38085,1.37625,1.3772,23364,1.3790928757358487,1.3790411999999999,1.379170135969965,1.3793250000000001,BULLISH_CROSS,-0.01815277374383412,0.015248329944818725,0.1844321812372921
2014-04-07,00:00:00,1.37008,1.37043,1.3696,1.37009,2826,1.3762328106752215,1.3762438000000001,1.3764835376415572,1.3764438,BEARISH_CROSS,-0.008028669649443064,0.1999868621769347,0.3247961812727678
2014-04-07,08:00:00,1.36998,1.37204,1.3699,1.37109,8443,1.375795539573705,1.3757732000000003,1.375987602413448,1.3759912,BULLISH_CROSS,0.12690633000022428,0.22172140413832453,0.42083305982831565
2014-04-17,12:00:00,1.38414,1.38645,1.38404,1.38458,9598,1.3820633431847333,1.3822216,1.381960622498396,1.3819296,BEARISH_CROSS,-0.19789394617862202,-0.25567320053733816,-0.18561585462739325
2014-04-25,04:00:00,1.38272,1.38374,1.38271,1.38341,2665,1.3817873709556519,1.3817808000000003,1.3817211411987396,1.3817536,BULLISH_CROSS,0.012288475578462167,0.024576951156924334,-0.07445370497539315
2014-05-09,12:00:00,1.38155,1.38176,1.37686,1.37843,12890,1.3870327268417892,1.3871942,1.3873838585496172,1.3873482000000001,BEARISH_CROSS,-0.19224770209586567,-0.24012826186314476,-0.11244676915040591
2014-05-20,12:00:00,1.36844,1.37054,1.36804,1.37005,6181,1.3741713302952383,1.3741286,1.3743395478583091,1.3745564000000001,BULLISH_CROSS,-0.08393854238896276,0.0321156162183859,-0.2926900478084792
2014-05-28,16:00:00,1.36195,1.36203,1.3589,1.35914,7934,1.3664152214883454,1.3664402000000002,1.3667121693041961,1.3666930000000002,BEARISH_CROSS,-0.008093353149789904,0.09270568153391401,0.1250790941330573
2014-05-30,08:00:00,1.36053,1.36162,1.35981,1.36104,6285,1.3644436146379306,1.3643961999999998,1.3645825376843768,1.3645957999999998,BULLISH_CROSS,0.04702286486804017,0.17266208193734747,-0.10506671368953466
2014-06-11,00:00:00,1.35462,1.35476,1.35257,1.35328,3314,1.360925174257348,1.3609909999999998,1.3612372221862192,1.3611422000000002,BEARISH_CROSS,0.0007389453771625615,0.08793449988177054,0.04507566800662091
2014-06-18,12:00:00,1.35539,1.3571,1.35533,1.35691,7893,1.3566046240633522,1.3565488,1.3565921597394075,1.3567224000000002,BULLISH_CROSS,0.03905933333824052,0.14370886794259724,0.38764545916826043
2014-07-03,20:00:00,1.36026,1.36114,1.36018,1.36097,1818,1.3636707997857702,1.3637569999999999,1.3637810365117198,1.363734,BEARISH_CROSS,-0.032329882363314105,-0.1682623422999701,-0.112419818217891
2014-07-14,08:00:00,1.36042,1.36401,1.35973,1.36288,16001,1.3614824302591508,1.3614463999999997,1.3614253865962591,1.3615442000000002,BULLISH_CROSS,-0.04842686076544559,-0.07777647335055624,-0.1768314158253128
2014-07-16,16:00:00,1.35277,1.35398,1.35251,1.3528,6426,1.3598978958209722,1.3600618,1.3601876058544813,1.3601794,BEARISH_CROSS,-0.025872264931998262,-0.00960969840330895,-0.029568302779417206
2014-08-01,04:00:00,1.33888,1.339,1.33822,1.33854,2677,1.3437391004862114,1.3436906,1.343951308669322,1.3439652000000002,BULLISH_CROSS,0.03959538004093411,0.3376813543114033,0.27343224707517116
2014-08-20,00:00:00,1.33193,1.3324,1.33171,1.33175,2684,1.3370181401995256,1.3371436,1.3372331663301185,1.3372092,BEARISH_CROSS,-0.09311056880044362,-0.2515487140979887,-0.47080908578937475
2014-08-29,12:00:00,1.31773,1.3196,1.31751,1.3184,5597,1.3230375851094072,1.323031,1.3232268742975462,1.3233764,BULLISH_CROSS,-0.30036407766990014,-0.4308252427184396,-0.3322208737864116
2014-09-05,00:00:00,1.29448,1.29458,1.29221,1.2933,5587,1.3142035380198458,1.3144288,1.315056743653309,1.3149575999999998,BEARISH_CROSS,-0.005412510631701265,0.31392561663961766,0.15309672929715404
2014-09-12,16:00:00,1.29412,1.29791,1.29089,1.29735,18176,1.298259654757818,1.2980977999999999,1.2982967835234434,1.2983832000000002,BULLISH_CROSS,-0.07091378579412125,-0.12332832312021011,-0.3183412340540307
2014-09-22,20:00:00,1.28333,1.28513,1.2824,1.28488,3968,1.291278793626964,1.2913282000000001,1.2915399688770444,1.2914392000000001,BEARISH_CROSS,0.017900504327248653,0.2599464541435697,-0.017900504327248653
2014-10-06,16:00:00,1.25541,1.25966,1.2542,1.25954,13634,1.2662144485594007,1.2661802,1.2664868750312128,1.2666816,BULLISH_CROSS,0.4676310399034529,0.2080124489893012,0.4501643457135019
2014-10-22,20:00:00,1.26631,1.26649,1.26367,1.26479,8237,1.2731219104968554,1.2734762000000002,1.2734619884763188,1.2734438,BEARISH_CROSS,-0.07906450873268384,0.10120257117781986,-0.024509997707131814
2014-11-10,20:00:00,1.24244,1.24358,1.24183,1.24208,9559,1.2509156947825035,1.2508644,1.251276335385871,1.251498,BULLISH_CROSS,0.08453561767357942,-0.07809480870798478,0.43636480741981026
2014-11-24,08:00:00,1.23912,1.24057,1.239,1.23978,6795,1.2482388931609945,1.2483878,1.2485841541063412,1.2485044,BEARISH_CROSS,0.10405071867587727,0.2847279356014624,0.19196954298341856
2014-12-02,00:00:00,1.24772,1.24772,1.24666,1.24694,5155,1.246875500027478,1.2468318,1.2468728673755385,1.2469881999999999,BULLISH_CROSS,-0.031276565031187586,-0.24058896177842493,-0.6584117920669662
2014-12-03,20:00:00,1.23214,1.23214,1.23008,1.23088,8263,1.2436747561244335,1.2438282,1.244196991068288,1.2440542,BEARISH_CROSS,0.04062134407902841,-0.03818406343428851,0.4785194332510034
2014-12-10,16:00:00,1.23755,1.24356,1.23655,1.24167,16917,1.2375096642495687,1.2374138000000001,1.2373398546271022,1.2374578,BULLISH_CROSS,0.1932880717098712,0.2746301352211065,-0.28751600666844435
2014-12-18,16:00:00,1.23136,1.23144,1.22656,1.22799,17595,1.2406672421767886,1.2406964,1.241184680632984,1.240675,BEARISH_CROSS,0.026058844127403155,-0.03094487740126751,-0.14739533709556815
2014-12-31,00:00:00,1.21525,1.21621,1.21519,1.21608,5472,1.2229349501060336,1.2228113999999999,1.2232147439879124,1.223415,BULLISH_CROSS,0.02795868692849212,-0.05345043089270767,-0.8675416091046689
2015-01-05,00:00:00,1.19454,1.19534,1.18642,1.19463,9325,1.217630634393065,1.2176498,1.2185694357968635,1.2183334000000001,BEARISH_CROSS,-0.024275298628037425,-0.34822497342274705,-0.07952252998836513
2015-01-13,08:00:00,1.18453,1.18515,1.1819,1.18496,13573,1.1916401042192744,1.1913068,1.1919127615343466,1.1919372,BULLISH_CROSS,-0.48356062651903964,-0.7257628949500355,-0.4244869025114848
2015-01-19,08:00:00,1.15611,1.15851,1.15515,1.15565,10601,1.1758709410212673,1.175883,1.1766962855527476,1.1765134000000002,BEARISH_CROSS,0.2647860511400372,0.3824687405356179,0.28988015402586975
2015-01-29,16:00:00,1.13103,1.1367,1.12925,1.13365,13378,1.1404961900377981,1.140457,1.1407756263658715,1.140897,BULLISH_CROSS,-0.21258765933048324,-0.09526749878710095,-0.47104485511402305
2015-02-11,08:00:00,1.1318,1.13223,1.13021,1.132,5878,1.1361808809698095,1.13632,1.136351529172659,1.1363472000000001,BEARISH_CROSS,-0.15106007067136734,-0.17844522968197093,0.042402826855126856
2015-02-16,12:00:00,1.14282,1.14282,1.1395,1.14164,10481,1.1372856836461713,1.1371128,1.1371079564480557,1.1372052000000001,BULLISH_CROSS,-0.11562313864265335,-0.7401632738866953,0.190953365334087
2015-02-23,12:00:00,1.13569,1.13624,1.12947,1.13117,15845,1.1373398232471894,1.137455,1.137591652767483,1.1374673999999998,BEARISH_CROSS,0.3748331373710425,0.18830060910384516,0.07602747597620896
2015-03-17,12:00:00,1.06117,1.06214,1.05725,1.06143,16757,1.0719122840493014,1.0717936,1.0723401323778443,1.0726976000000001,BULLISH_CROSS,-0.09232827412078072,-0.185598673487656,-0.12436053248918795
2015-03-30,20:00:00,1.08309,1.08332,1.08095,1.08222,13158,1.0852173849894664,1.085432,1.0853397272339345,1.0849898,BEARISH_CROSS,0.0572896453586207,-0.6625270277762284,-0.6828556116131663
2015-04-06,20:00:00,1.10058,1.1006,1.0909,1.09415,9736,1.087017573907068,1.0869388,1.0867264544747033,1.0870324,BULLISH_CROSS,-0.0731161175341509,-0.18279029383539752,-1.144267239409575
2015-04-09,20:00:00,1.06696,1.06702,1.06372,1.06531,10872,1.0834907117077397,1.0836094,1.0842327815733617,1.0839648,BEARISH_CROSS,0.12015281936712768,-0.3792323361275163,-0.4702856445541635
2015-04-17,04:00:00,1.07576,1.07859,1.07574,1.07665,9881,1.0702266001868566,1.069957,1.0699644206026466,1.070307,BULLISH_CROSS,0.17554451307295288,0.13189058654158517,0.186690196442655
2015-05-08,00:00:00,1.12684,1.12765,1.12274,1.12441,3983,1.114692119022244,1.114996,1.1142954708190702,1.1142882,BEARISH_CROSS,-0.3610782543734005,-0.30593822538041177,-0.43578410010582486
2015-05-18,16:00:00,1.1405,1.14064,1.13364,1.13535,23681,1.1293044167437776,1.1293042,1.1290576582435234,1.1290878,BULLISH_CROSS,-0.4007574756683009,-0.4236579028493399,-1.7959219623904634
2015-05-18,20:00:00,1.13534,1.13582,1.12979,1.1308,17219,1.129363067067551,1.1294758,1.1293044167437776,1.1293042,BEARISH_CROSS,0.13707110010611429,-1.1169083834453413,-1.4264237707817455
2015-05-19,00:00:00,1.13081,1.13256,1.13073,1.13235,7158,1.1294802016923529,1.12943,1.129363067067551,1.1294758,BULLISH_CROSS,-0.1598445710248481,-1.1780809820285165,-1.6055106636640493
2015-05-19,12:00:00,1.11817,1.1216,1.11659,1.11901,25592,1.1286818268155059,1.1287238,1.129076595256955,1.1290301999999999,BEARISH_CROSS,-0.3619270605267253,-0.4325251785059968,-0.712236709234058
2015-05-29,16:00:00,1.09797,1.10053,1.09536,1.09935,31563,1.101321419363307,1.101093,1.1014018854597685,1.1014694,BULLISH_CROSS,-0.03638513667166561,-0.4011461318051598,-0.7449856733524484
2015-06-12,04:00:00,1.12452,1.12667,1.12422,1.12567,13850,1.1210155044590935,1.1213452,1.1208255250492605,1.1206728,BEARISH_CROSS,-0.3269164142244091,0.19721588032017473,-0.35534392850480195
2015-06-22,16:00:00,1.13416,1.14097,1.13386,1.13801,40642,1.129705517770675,1.1294506,1.1293665593123352,1.1294104,BULLISH_CROSS,-0.39366965140904203,-1.0184444776407933,-1.6862769219954166
2015-06-23,16:00:00,1.12022,1.12072,1.11347,1.11882,44904,1.128950082334093,1.129054,1.1293635550824233,1.1292018,BEARISH_CROSS,-0.20646752828873582,-0.025920165889052882,-0.10189306590871802
2015-07-03,12:00:00,1.1101,1.11175,1.10933,1.1097,30700,1.1147480199144997,1.1147342,1.114954061543663,1.1150686,BULLISH_CROSS,-0.011714877894923266,-0.9281787870595635,-0.7659727854375014
2015-07-06,00:00:00,1.09794,1.10382,1.09688,1.0994,14525,1.1137941136887095,1.1138232,1.1143816285331465,1.1142116,BEARISH_CROSS,0.38202655994178475,0.16372566854648207,0.477533199927231
2015-07-08,16:00:00,1.10256,1.10925,1.10209,1.1071,44233,1.1083985043834657,1.1083248,1.1084515045623826,1.1085904,BULLISH_CROSS,-0.011742390027997785,0.04606629934062058,-0.4281456056363442
2015-07-09,16:00:00,1.10588,1.10686,1.10176,1.10236,37145,1.1077697510276285,1.107826,1.1079905571920214,1.1079193999999999,BEARISH_CROSS,0.0,0.6685656228455403,1.1312094052759518
2015-07-10,00:00:00,1.10234,1.10827,1.10216,1.10599,12748,1.107496129264643,1.1074182000000001,1.1075576039285058,1.1076582000000001,BULLISH_CROSS,0.33815857286232937,1.1238799627483016,0.6202587726832852
2015-07-16,12:00:00,1.08985,1.09182,1.08764,1.08766,34027,1.1029472295342633,1.1030792,1.103571198086682,1.1033979999999999,BEARISH_CROSS,0.181122777338509,0.0570031075887541,0.15537943842744692
2015-07-23,08:00:00,1.09445,1.10028,1.09231,1.09851,28419,1.09364214648829,1.0931731999999998,1.0934434585898527,1.09346,BULLISH_CROSS,0.1411002175674268,0.08374980655613602,-0.39234963723589544
2015-07-31,16:00:00,1.09633,1.11139,1.09624,1.10278,50087,1.098480748081649,1.0986609999999999,1.0983052684115122,1.0982588,BEARISH_CROSS,-0.40533923357335055,-0.40443243439309107,-0.6084622499501254
2015-08-10,12:00:00,1.09755,1.09755,1.0925,1.09606,23670,1.0945716868435686,1.0945168,1.094510939367796,1.0947550000000001,BULLISH_CROSS,0.2974289728664526,0.49814791161068006,0.7390106381037531
2015-08-19,04:00:00,1.10294,1.10523,1.10273,1.10441,12530,1.105764636638229,1.1059734,1.1058199279295853,1.1057446,BEARISH_CROSS,0.11770990845791682,0.1448737334866622,0.8149147508624622
2015-08-24,00:00:00,1.13742,1.1395,1.13679,1.13761,10048,1.1138076911847772,1.1135508,1.1128361683759924,1.1128796,BULLISH_CROSS,0.695317375902118,1.129561097388387,1.7941122177196085
2015-08-28,16:00:00,1.12666,1.12771,1.11559,1.11709,45826,1.1295427441451626,1.13001,1.1300510194163937,1.1298464,BEARISH_CROSS,0.08414720389585109,0.6821294613683931,0.19156916631605608
2015-09-09,16:00:00,1.11382,1.11805,1.11313,1.11641,38243,1.1199037899439976,1.1197924000000001,1.1200463936151812,1.1200574,BULLISH_CROSS,0.37531014591414785,0.3932247113515748,0.8840838043371204
2015-09-21,20:00:00,1.12037,1.12165,1.11877,1.11941,20947,1.1291002071474843,1.1295898,1.1294957258065652,1.129478,BEARISH_CROSS,-0.04198640355186843,-0.15365237044514019,-0.5476099016446137
2015-09-30,08:00:00,1.12584,1.12602,1.12117,1.12291,24411,1.1226183510814356,1.1222637999999998,1.1226064470439432,1.1226098,BULLISH_CROSS,-0.17187486085260503,-0.4817839363795973,-0.7516185624849723
2015-10-19,04:00:00,1.13576,1.13778,1.13537,1.13601,13799,1.1351923067898049,1.1352738,1.1351589315567356,1.135111,BEARISH_CROSS,-0.065140271652535,-0.3785177947377198,-0.2095051980176274
2015-11-02,16:00:00,1.10128,1.10527,1.1009,1.10351,27624,1.1076293222506743,1.1072564,1.1077974578527428,1.1079282,BULLISH_CROSS,-0.2165816349647844,-0.18033366258574335,-0.7603012206504606
2015-11-09,00:00:00,1.07283,1.07361,1.07191,1.07289,5112,1.0947827538403927,1.0948042,1.0956763356297965,1.0954484,BEARISH_CROSS,0.34579500228356147,0.47069131038596684,0.28614303423464926
2015-11-13,04:00:00,1.0808,1.08091,1.07847,1.07929,17107,1.0824697866895772,1.0822774,1.0825995739013967,1.082714,BULLISH_CROSS,-0.13527411539067505,-0.5957620287411315,-0.635603035328789
2015-11-30,16:00:00,1.05742,1.05847,1.05587,1.05613,33225,1.0636510149841185,1.0637214,1.0639579951875517,1.0638994,BEARISH_CROSS,0.10794125723158313,0.16853985778264918,0.4374461477280324
2015-12-01,20:00:00,1.06075,1.06352,1.06052,1.06308,24389,1.06259200432077,1.0625734,1.062572086129781,1.0627354,BULLISH_CROSS,-0.045151823004857206,-0.046092485984131154,-0.1232268502840729
2015-12-15,04:00:00,1.0991,1.1014,1.09889,1.1013,14663,1.089638318805965,1.089914,1.0891623318184533,1.0891234,BEARISH_CROSS,0.3577590120766417,-0.8353763733769068,-0.6819213656587584
2015-12-28,04:00:00,1.09638,1.09782,1.09585,1.0977,8491,1.0916316813826255,1.0915074,1.091383994908447,1.0915504,BULLISH_CROSS,-0.11114147763505502,-0.036439828732800945,0.0282408672679268
2015-12-31,16:00:00,1.08913,1.09007,1.08597,1.08665,25968,1.0926260758005915,1.0926792,1.0928699972618399,1.092681,BEARISH_CROSS,-0.10306906547644486,0.04141167809322795,-0.6009294621083077
2016-01-11,08:00:00,1.09139,1.09336,1.08928,1.09002,15611,1.0867214862211094,1.0864704,1.0865868530056444,1.0866183999999999,BULLISH_CROSS,-0.017430872828013474,-0.2467844626704172,-0.07522797746830727
2016-01-19,08:00:00,1.08891,1.08894,1.08591,1.08649,18971,1.0876204741068682,1.0876544,1.0876666159071484,1.0874772,BEARISH_CROSS,-0.021169085771608802,0.5411922797264686,0.6884554850942166
2016-01-20,08:00:00,1.09463,1.09632,1.0937,1.09397,22180,1.088449316000359,1.0883116,1.0882239819595574,1.0882828,BULLISH_CROSS,-0.28337157326070206,-0.4277996654387248,-0.3053100176421767
2016-01-22,12:00:00,1.08306,1.08626,1.08242,1.08309,37394,1.0877914941068716,1.0878122000000001,1.0879833918255193,1.0879097999999998,BEARISH_CROSS,-0.06832303871332805,-0.31483994866540493,-0.1218735285156552
2016-01-28,20:00:00,1.09395,1.09674,1.09359,1.09564,31289,1.087344484769933,1.0871496,1.0870058923115629,1.0870229999999999,BULLISH_CROSS,-0.1962323390894705,-0.5339345040341636,-1.1536636121353716
2016-02-15,00:00:00,1.12336,1.12495,1.12153,1.12229,8985,1.1184342765704025,1.1184882,1.1182769001038881,1.117848,BEARISH_CROSS,-0.06771868233701574,-0.2833492234627379,-0.4214596940184712
2016-03-04,04:00:00,1.09454,1.09553,1.09349,1.0945,18010,1.0948667466697657,1.0948316,1.094881715921593,1.0949902,BULLISH_CROSS,0.04933759707628916,0.5774326176336119,0.4001827318410279
2016-03-22,16:00:00,1.12199,1.12361,1.12012,1.12269,19082,1.118719793761294,1.1189554,1.1185577445270611,1.1184364,BEARISH_CROSS,-0.09886967907436109,-0.14696844186729457,-0.40973020156943923
2016-03-31,00:00:00,1.13334,1.13436,1.13282,1.13326,12316,1.1219403174786422,1.1219014,1.1214782896206275,1.1218188,BULLISH_CROSS,-0.16148103700827687,0.48267829094824544,0.403261387501541
2016-04-07,20:00:00,1.13854,1.13884,1.13606,1.13718,21587,1.1341945406436063,1.1344732,1.1340726851596719,1.1340544,BEARISH_CROSS,-0.04748588613939613,0.05891767354332194,0.2031340684851837
2016-04-22,00:00:00,1.12893,1.12922,1.12814,1.129,6156,1.1322088528053915,1.1321146,1.132339826389285,1.1323560000000001,BULLISH_CROSS,0.09300265721877726,-0.2294065544729931,-0.5252435783879531
2016-04-27,04:00:00,1.12957,1.13115,1.12956,1.13044,14520,1.1295554538536585,1.1295674,1.1295193499293181,1.1294684000000002,BEARISH_CROSS,0.22911432716465202,0.154806977813961,0.20699904461979488
2016-04-28,08:00:00,1.13278,1.13676,1.13271,1.13461,32101,1.1302593337489777,1.1302192,1.1300817555346503,1.1301218,BULLISH_CROSS,-0.007932241034357487,0.07491560976899705,0.2829165968923381
2016-05-06,20:00:00,1.14194,1.1429,1.13863,1.14009,22306,1.1421321071917476,1.1422683999999999,1.1422154585056963,1.1420148,BEARISH_CROSS,-0.13858555026358768,-0.06753852766009151,-0.1745476234332516
2016-05-27,00:00:00,1.11882,1.11952,1.1188,1.11912,7266,1.1218822966995694,1.1218184,1.1219950435036334,1.1220902,BULLISH_CROSS,-0.02948745442847429,-0.2341125169776114,-0.744334834512827
2016-06-13,12:00:00,1.12694,1.12778,1.12568,1.12693,28799,1.12887800348379,1.1290686,1.1289575138300671,1.1287764,BEARISH_CROSS,0.09583558872334305,0.1588386146433193,-0.3975402198894376
2016-06-21,08:00:00,1.13292,1.13492,1.13287,1.13395,17549,1.1281311489552988,1.1277682,1.127893644831025,1.1278937999999998,BULLISH_CROSS,-0.2557431985537195,-0.7804576921381035,-0.5802724987874271
2016-06-24,20:00:00,1.11207,1.11796,1.10847,1.10912,32660,1.1258088968185134,1.1260577999999999,1.1264900762804935,1.1263244000000001,BEARISH_CROSS,-0.4706433929601848,-0.24073139065206398,-0.6671956145412644
2016-07-04,12:00:00,1.11226,1.11394,1.10975,1.11359,24556,1.113716741092951,1.1136184,1.1137219141987857,1.1138814000000001,BULLISH_CROSS,0.06285975987571035,0.07273772214189939,0.06375775644536934
2016-07-11,12:00:00,1.10247,1.10594,1.10202,1.10459,25454,1.109122726544803,1.1091756000000002,1.1093077357915295,1.1092182,BEARISH_CROSS,-0.01720095238956649,0.09324726821717437,0.41825473705176297
2016-07-14,00:00:00,1.10934,1.1103,1.1085,1.10945,12534,1.1084185425329334,1.1083782,1.1083764422281552,1.108477,BULLISH_CROSS,0.08923340393889281,0.5119653882554335,0.10365496417143488
2016-07-20,12:00:00,1.09944,1.10217,1.09859,1.10116,25513,1.106567332180124,1.1066472,1.1067880396160474,1.1067862,BEARISH_CROSS,-0.06629372661555973,0.04086599585891801,0.0
2016-07-27,20:00:00,1.09873,1.10647,1.09314,1.10524,28677,1.101727663018126,1.1015618,1.1015843023249883,1.101701,BULLISH_CROSS,0.13028844413883933,0.45419999276175527,0.20719481741521328
2016-08-08,00:00:00,1.10795,1.10921,1.10768,1.10866,6065,1.1121632053090245,1.1123778,1.1123061932808214,1.1121694,BEARISH_CROSS,0.1461223458950404,-0.021647754947415616,-0.017137806000028184
2016-08-15,08:00:00,1.11577,1.11757,1.11562,1.11734,14232,1.113704389644299,1.11369,1.1135559973848825,1.113778,BULLISH_CROSS,0.08412837632233168,0.10739792722001269,0.8609733832137006
2016-08-24,12:00:00,1.12974,1.1304,1.12559,1.12663,29599,1.1272046332600425,1.127275,1.1272280876788199,1.1270228,BEARISH_CROSS,-0.09142309365098447,-0.05059336250587676,0.18284618730194924
2016-09-06,16:00:00,1.11592,1.12556,1.11541,1.12359,39528,1.11869990235153,1.1185476,1.1185003065291435,1.1186298,BULLISH_CROSS,0.10769052768357971,0.13350065415319065,0.008010039249185509
2016-09-15,20:00:00,1.1245,1.12525,1.12358,1.12445,16913,1.1230869197140523,1.1231888,1.1230312837840135,1.123023,BEARISH_CROSS,0.018675797056342522,-0.09337898528169288,-0.8092845391079982
2016-09-26,00:00:00,1.1229,1.12404,1.12215,1.12367,3783,1.1203221157519763,1.1202388,1.1201854674153222,1.1202468,BULLISH_CROSS,-0.07297516174678001,0.21892548524034003,0.1148023886016369
2016-10-03,16:00:00,1.12353,1.12391,1.12049,1.12103,29748,1.1217758145983077,1.1218401999999998,1.1218062560104833,1.1217272,BEARISH_CROSS,0.017840735751940447,-0.10347626736127043,0.009812404663573186
2016-10-20,08:00:00,1.09706,1.09772,1.09519,1.09744,17692,1.10312373663897,1.1031108,1.10335572588954,1.1035506,BULLISH_CROSS,0.011845750109342058,-0.4364703309520404,-0.8465155270447605
2016-10-25,00:00:00,1.08732,1.08822,1.08678,1.08726,7856,1.0965312659751911,1.0965708,1.0969096849945867,1.09685,BEARISH_CROSS,0.06070305170797279,0.019314607361628634,0.15451685889300867
2016-10-26,08:00:00,1.08895,1.09143,1.0884,1.09062,12200,1.0943916960929356,1.0942931999999999,1.094545642872239,1.0945762,BULLISH_CROSS,0.13937026645396086,0.0,-0.06051603674972794
2016-11-09,16:00:00,1.10904,1.10913,1.09301,1.09481,56782,1.1044556085940387,1.1048788,1.1048493069039995,1.1048084,BEARISH_CROSS,-0.14888428129081943,-0.1041276568537135,-0.6375535481042359
2016-11-22,16:00:00,1.06302,1.06308,1.05837,1.05845,38649,1.0717333547891836,1.071619,1.072275532535681,1.0723076,BULLISH_CROSS,0.3684633190042057,0.3911379847890815,-0.4931739808209911
2016-12-09,20:00:00,1.05345,1.05606,1.05306,1.05515,20998,1.0662923430357174,1.0665164,1.0667471325473794,1.0666076,BEARISH_CROSS,-0.05402075534283841,0.12225749893380214,0.7392313889020545
2016-12-23,12:00:00,1.04387,1.0463,1.04356,1.04522,17556,1.0471889125673846,1.047015,1.0472692763456453,1.0473772,BULLISH_CROSS,0.08801974703890396,0.054533973708880364,-0.010524100189439016
2017-01-16,20:00:00,1.06057,1.06082,1.05904,1.0602,12230,1.0575101976338523,1.0576856000000001,1.0574004097821728,1.0573438,BEARISH_CROSS,-0.0009432182607117066,0.49330315034899713,1.004527447651391
2017-01-18,00:00:00,1.07086,1.0715,1.06956,1.06963,9602,1.0598895744371402,1.0598366,1.0594920060468194,1.0596484000000002,BULLISH_CROSS,0.009349027233715302,-0.09349027233717377,-0.6422781709563263
2017-01-19,20:00:00,1.06094,1.06601,1.06094,1.06592,31666,1.0620025183692656,1.0620344,1.0618426211598477,1.061764,BEARISH_CROSS,-0.0009381567097029338,0.11726958871209597,0.3658811167817486
2017-01-20,16:00:00,1.06383,1.0683,1.06248,1.06784,34382,1.0628432249273414,1.0628374,1.0626392749243758,1.0626761999999998,BULLISH_CROSS,0.18542103685946332,0.6105783637998279,0.6461642193587175
2017-01-24,00:00:00,1.07455,1.07719,1.07411,1.07588,13148,1.0657911001532843,1.0658394000000002,1.0653793083228063,1.0652692,BEARISH_CROSS,0.007435773506346434,-0.1487154701267842,-0.28813622337062506
2017-01-24,12:00:00,1.07373,1.07525,1.0725,1.07428,30222,1.066791612139628,1.0667572,1.066485963655531,1.0664934,BULLISH_CROSS,0.0865696094128251,-0.13962840227872017,0.08563875339762743
2017-01-26,16:00:00,1.07308,1.07325,1.06694,1.06709,42141,1.0693629727172471,1.0694508,1.0694557471138695,1.0693354000000002,BEARISH_CROSS,0.25396170894676084,0.03654799501446836,0.3261205708984179
2017-02-03,16:00:00,1.07302,1.07973,1.07106,1.07878,42141,1.07401569912488,1.073946,1.073821237864671,1.0738452,BULLISH_CROSS,-0.08250060253249572,-0.05376443760544549,-0.4569977196462764
2017-02-07,08:00:00,1.07075,1.07134,1.06805,1.06815,22332,1.0740644198152445,1.0740954,1.0743058247056625,1.0742364,BEARISH_CROSS,-0.09361980995177549,0.13294013013153366,-0.2190703552871796
2017-02-17,00:00:00,1.06756,1.06773,1.06656,1.06709,9479,1.0643448535405182,1.0642904,1.0642328067462536,1.0644256,BULLISH_CROSS,0.02717671424152615,-0.22959637893711524,-0.4310789155554039
2017-02-27,20:00:00,1.0613,1.06304,1.05803,1.05881,23760,1.0589712734120789,1.0590213999999998,1.058977856000327,1.058959,BEARISH_CROSS,-0.04344499957500656,0.06044521679998998,0.034944890962493876
2017-02-28,12:00:00,1.05943,1.06075,1.05759,1.06023,22535,1.059001090116499,1.0589964,1.0589509305294171,1.0590173999999999,BULLISH_CROSS,0.21693406147722372,-0.3159691764994354,-0.6338247361421634
2017-03-24,20:00:00,1.08038,1.08178,1.07904,1.07957,28457,1.0748880202650457,1.074917,1.0746969190513742,1.0745896000000001,BEARISH_CROSS,0.4807469640690301,0.623396352251371,0.6585955519327299
2017-04-11,12:00:00,1.05899,1.06198,1.05897,1.06166,18724,1.0653015701061523,1.065226,1.0654502056206892,1.0654838,BULLISH_CROSS,-0.031083397697939212,-0.0612248742535312,-0.1431720136390149
2017-05-02,00:00:00,1.08979,1.09122,1.08952,1.09081,7197,1.084610534758219,1.0846516,1.0843574953605952,1.0842478,BEARISH_CROSS,0.06233899579211905,-0.021085248576741364,0.2411052337253885
2017-05-16,20:00:00,1.10714,1.1097,1.10675,1.10844,15289,1.093507353602686,1.0933321999999999,1.092897857831367,1.0930114,BULLISH_CROSS,0.07848868680306793,0.03608675255313377,0.6098661181480167
2017-05-25,12:00:00,1.12428,1.12502,1.12057,1.12136,26543,1.113942868866946,1.1142078,1.113640128820699,1.1136386,BEARISH_CROSS,0.031212099593357398,-0.033887422415622544,-0.2033245344938145
2017-06-06,08:00:00,1.12683,1.12775,1.12421,1.12495,13846,1.1212925896687387,1.1212057999999998,1.1211433076144015,1.1211674,BULLISH_CROSS,-0.013333925952253209,0.2515667362994009,0.036446064269525
2017-06-09,00:00:00,1.12168,1.12365,1.11798,1.11881,14353,1.1226355658037828,1.1226938,1.1227917113467942,1.1226762,BEARISH_CROSS,0.1063630106988697,-0.08133641994620967,0.11887630607518981
2017-06-23,20:00:00,1.11962,1.12019,1.11914,1.11928,8362,1.1172909323556495,1.1172714000000001,1.117209745921186,1.1173203999999999,BULLISH_CROSS,0.0607533414337801,0.06700736187549391,-0.11346579944250808
2017-07-05,16:00:00,1.13322,1.13437,1.13177,1.13353,21741,1.1331333036500935,1.1332343999999999,1.133117111962342,1.1329148,BEARISH_CROSS,0.05646079062750646,0.022054996338877975,0.6281262957310363
2017-07-13,08:00:00,1.14337,1.14556,1.14126,1.14212,15949,1.1394219756007498,1.1393176,1.1393118521558825,1.1393218,BULLISH_CROSS,-0.09456099183973399,-0.12958358141000295,-0.042027107484330535
2017-07-14,12:00:00,1.14164,1.14199,1.14069,1.14165,18023,1.1397409403951357,1.1397410000000001,1.139663019594937,1.1396522,BEARISH_CROSS,0.304821968203909,0.5010292121052816,0.4116848421144769
2017-07-14,16:00:00,1.14166,1.14681,1.14132,1.14513,37304,1.1399522760659146,1.1399212,1.1397409403951357,1.1397410000000001,BULLISH_CROSS,0.133609284535383,0.10304506911878641,0.15282107708294415
2017-07-18,00:00:00,1.1482,1.14829,1.14728,1.14729,9806,1.1417931358902602,1.1418026000000001,1.1415687740898626,1.1415274000000002,BEARISH_CROSS,0.47590408702246345,0.6676603125626477,0.6510995476296393
2017-07-18,04:00:00,1.14731,1.15376,1.14711,1.15275,16811,1.1422228168357402,1.1421742,1.1417931358902602,1.1418026000000001,BULLISH_CROSS,0.006072435480374279,0.43461288223812267,0.09542398612015623
2017-07-28,04:00:00,1.16897,1.16936,1.16709,1.16831,13367,1.1616365752512519,1.1617368,1.1613641905676293,1.1613348000000001,BEARISH_CROSS,0.11212777430648924,0.6137069784560708,0.4185532949302891
2017-07-31,00:00:00,1.17518,1.17618,1.17451,1.17467,11826,1.1637713828823637,1.1637562,1.1633265413673581,1.1634179999999998,BULLISH_CROSS,-0.12514152911031032,-0.16515276630884015,0.6282615543088647
2017-07-31,12:00:00,1.17246,1.17441,1.17232,1.17273,17740,1.1647910108836512,1.1648376,1.1644669705115553,1.16446,BEARISH_CROSS,0.8382151049261131,0.7947268339686028,0.7051921584678484
2017-07-31,16:00:00,1.17271,1.18299,1.1723,1.18256,28425,1.1654878339862533,1.1654492,1.1647910108836512,1.1648376,BULLISH_CROSS,0.08879042078203181,0.002536869165198763,-0.2325463401434202
2017-08-01,16:00:00,1.18105,1.18389,1.17849,1.17981,33393,1.168957464149982,1.16907,1.1685145035030424,1.1684734,BEARISH_CROSS,0.014409099770302294,0.1076444512251873,0.5272035327722169
2017-08-02,12:00:00,1.18331,1.1868,1.18215,1.18268,22477,1.1712665713176884,1.171232,1.1708007170857573,1.170834,BULLISH_CROSS,0.28325498021442524,0.20039232928602693,0.22153076064531968
2017-08-07,04:00:00,1.17767,1.18016,1.17764,1.17982,9494,1.1771794070708086,1.177314,1.1770716277675761,1.1770116,BEARISH_CROSS,0.09747249580444341,-0.09492973504432962,0.0728924751233121
2017-08-22,00:00:00,1.18092,1.18169,1.18069,1.18103,7465,1.1759822732747014,1.1759039999999998,1.1757762436124444,1.1757786,BULLISH_CROSS,-0.021167963557241008,-0.3607020990152604,-0.41404536717950097
2017-08-23,00:00:00,1.1759,1.17657,1.17571,1.17614,7847,1.1762765365182,1.176296,1.1762821094373102,1.1762742,BEARISH_CROSS,-0.011903344839902477,0.32649174418012017,0.4548778206676047
2017-08-23,08:00:00,1.176,1.17836,1.17398,1.17808,13893,1.176336841284198,1.1762915999999999,1.176265691948859,1.1762696000000001,BULLISH_CROSS,0.1612793698220845,0.3115238353931874,0.10355833220154818
2017-09-04,00:00:00,1.18807,1.18841,1.18735,1.18817,6713,1.1880919609672471,1.1882651999999998,1.188088775700604,1.1880249999999999,BEARISH_CROSS,-0.0185158689413036,0.2348148833921131,0.09089608389371638
2017-09-08,16:00:00,1.20662,1.20673,1.20145,1.20392,31327,1.193739768937134,1.1934618000000001,1.1933242493019152,1.1934768,BULLISH_CROSS,-0.045684098611207584,-0.2126387135357929,-0.6321018007841149
2017-09-14,00:00:00,1.18841,1.18939,1.188,1.18879,4976,1.1949812454186046,1.1952112,1.1952339493132413,1.19519,BEARISH_CROSS,-0.10935489026658021,0.03617123293432233,0.2801167573751508
2017-09-21,16:00:00,1.19026,1.19535,1.18984,1.19465,28298,1.1945357522641151,1.1944908,1.194531089091222,1.1946262,BULLISH_CROSS,-0.12890804838237951,0.0904030469175047,0.18666555057966386
2017-09-26,00:00:00,1.18478,1.18571,1.18448,1.18557,11865,1.19323196670495,1.1933112,1.193544700039846,1.1933956,BEARISH_CROSS,0.044704235093661226,-0.5668159619423618,-0.6073028163668189
2017-10-04,16:00:00,1.17801,1.17876,1.17465,1.17612,22012,1.1797860311766026,1.179652,1.1799356651021782,1.1801138,BULLISH_CROSS,0.013604054008089136,-0.053565962656882835,-0.47529163690779713
2017-10-18,12:00:00,1.17613,1.17658,1.173,1.17451,14961,1.1791306854660728,1.1791715999999999,1.1793192848728513,1.1790746,BEARISH_CROSS,0.2392487079718333,0.4188980936731093,0.7628713250632246
2017-10-26,04:00:00,1.18149,1.18327,1.18144,1.18241,6752,1.1786031436911177,1.178497,1.1784477618009592,1.1784878,BULLISH_CROSS,-0.015223145947688957,-1.0233336998164766,-1.5942016728545962
2017-10-26,20:00:00,1.17034,1.17073,1.16557,1.16585,19323,1.178012876113171,1.1780514,1.1785093200361576,1.1783455999999999,BEARISH_CROSS,-0.11150662606682496,-0.3027833769352861,-0.4374490714929112
2017-11-06,08:00:00,1.16141,1.16165,1.15955,1.16105,9055,1.1664620361548803,1.1664436,1.1666829355897734,1.1667512,BULLISH_CROSS,-0.1550320830282954,-0.042203178157691694,-0.19120623573488557
2017-11-21,20:00:00,1.17251,1.1752,1.1724,1.17427,13596,1.172971799878702,1.1729858,1.172918812118649,1.1727804,BEARISH_CROSS,-0.009367521949792847,0.12603574987014468,0.7034157391400748
2017-11-27,08:00:00,1.19247,1.19334,1.19173,1.19274,5946,1.1800831342852929,1.1799245999999999,1.179566527521427,1.179651,BULLISH_CROSS,0.08132535171119754,-0.2339151868806151,-0.32697821822023365
2017-12-01,12:00:00,1.19156,1.19403,1.18836,1.19006,20540,1.1851954568499323,1.1852478,1.1849969040682968,1.184923,BEARISH_CROSS,-0.2957834058786925,-0.3705695511150533,-0.35628455708113876
2017-12-14,16:00:00,1.18252,1.18625,1.1771,1.17776,33593,1.1796007423729162,1.179567,1.1796758747146678,1.179711,BULLISH_CROSS,0.12226599646788038,0.03226463795680334,-0.11886971878819505
2018-01-08,20:00:00,1.19752,1.19821,1.19556,1.19628,15550,1.198551611469585,1.1987728,1.1986443303050784,1.1985498,BEARISH_CROSS,0.05935065369311436,-0.09696726518875597,-0.25746480757013174
2018-01-15,08:00:00,1.22001,1.22402,1.21961,1.22117,30513,1.2026135795525692,1.2025068,1.2018561746363474,1.2022072,BULLISH_CROSS,0.3594913075165533,0.4651277053972753,0.2866103818469039
2018-01-23,04:00:00,1.22562,1.22763,1.22508,1.22577,20804,1.2189773459616609,1.2192162,1.2187000947764226,1.218616,BEARISH_CROSS,-0.053027892671548456,0.28879806162655935,0.4633822005759569
2018-01-26,08:00:00,1.24293,1.24938,1.24127,1.24745,33772,1.2291319575320807,1.2288318,1.2283842823293083,1.228416,BULLISH_CROSS,-0.28939035632689813,-0.38558659665717915,-0.5787807126538141
2018-01-31,04:00:00,1.24084,1.24337,1.23989,1.24238,32446,1.2346974529606458,1.2347038,1.2343838796121007,1.2343426,BEARISH_CROSS,0.16420096910768378,0.25917996104251523,0.00724416040180327
2018-01-31,16:00:00,1.24546,1.24748,1.2445,1.2456,40740,1.2358824717745593,1.2358672,1.2354858379694391,1.2354990000000001,BULLISH_CROSS,-0.35886319845857206,-0.2512845215157416,0.10597302504816858
2018-01-31,20:00:00,1.2456,1.24634,1.2387,1.24113,51570,1.2360882571951648,1.2361434,1.2358824717745593,1.2358672,BEARISH_CROSS,0.045120172745795675,-0.0692916938596346,0.7340085244897755
2018-02-14,20:00:00,1.24028,1.2442,1.23847,1.24367,41553,1.23380523933819,1.2336262,1.2334025960458712,1.2337334,BULLISH_CROSS,0.2524785513842033,0.5113896773259724,0.5716950638030949
2018-02-21,20:00:00,1.23196,1.23598,1.22992,1.2302,45557,1.2374229708281448,1.2375078000000002,1.2377177859639874,1.237385,BEARISH_CROSS,-0.17558120630791252,-0.23573402698747378,0.23735977889774296
2018-03-02,16:00:00,1.23041,1.23326,1.22941,1.23093,45189,1.2283066323550116,1.228178,1.228199556124604,1.2282802,BULLISH_CROSS,0.07392784317548247,0.14216892918361873,0.14541850470781914
2018-03-13,16:00:00,1.23367,1.24008,1.23319,1.23981,58760,1.233264986411021,1.233333,1.2329978429992259,1.2329376,BEARISH_CROSS,-0.10243505053194475,0.050814237665441346,-0.29601309878126986
2018-03-26,04:00:00,1.23668,1.23818,1.23517,1.23753,9484,1.2327342850220775,1.2326512,1.2325385415535908,1.2326714,BULLISH_CROSS,-0.10747214208948902,0.5357445880099807,0.5761476489458907
2018-03-30,20:00:00,1.23207,1.23273,1.23092,1.23218,16078,1.234434904857036,1.2345542,1.2345269417899762,1.2345028,BEARISH_CROSS,-0.07466441591326202,0.07222970669870127,-0.13147429758638793
2018-04-09,20:00:00,1.23188,1.23271,1.23127,1.2322,10463,1.229395982392486,1.2292024000000001,1.2292815326942201,1.2293408000000001,BULLISH_CROSS,-0.01136179191689896,0.06330141210842419,0.25969810095764423
2018-04-19,12:00:00,1.23881,1.2389,1.23542,1.23808,18785,1.2353041451072,1.235311,1.2351908449074938,1.2350942,BEARISH_CROSS,-0.359427500646167,-0.30369604548978946,-0.6186999224605841
2018-05-08,00:00:00,1.19245,1.1935,1.19197,1.19331,3996,1.2032984521632608,1.2032834000000001,1.2037061440882917,1.2037702000000001,BULLISH_CROSS,-0.14916492780586058,-0.5120211847717743,-0.5522454349666135
2018-05-09,08:00:00,1.1852,1.1856,1.18226,1.18393,16528,1.1988700810819362,1.1989256,1.1994798803097702,1.1994636,BEARISH_CROSS,0.3403917461336378,0.08361980860355313,0.1689289062697965
2018-05-10,08:00:00,1.18635,1.18792,1.18514,1.18593,17713,1.1960843172269706,1.1959924000000002,1.196498779154602,1.1965188,BULLISH_CROSS,0.1947838405302197,0.554838818480014,0.4123346234600745
2018-05-21,00:00:00,1.17696,1.1776,1.17604,1.17652,2804,1.1864261968747882,1.1864662,1.186830531441106,1.1866611999999999,BEARISH_CROSS,-0.1155951450039122,-0.0314486791554739,0.2099411824703339
2018-05-25,04:00:00,1.17221,1.17263,1.1705,1.17091,9594,1.1785095763205735,1.1784908,1.1788197631091684,1.1789488,BULLISH_CROSS,-0.1733694306137941,-0.3732139959518653,0.05978256228063173
2018-05-29,00:00:00,1.16263,1.16289,1.16182,1.16263,5471,1.1740848761414515,1.1741864,1.1745524221064088,1.1745076,BEARISH_CROSS,0.018922615105397843,-0.6201457041363254,-0.7612051985584428
2018-05-31,16:00:00,1.17078,1.17087,1.16409,1.16686,47038,1.1687243865172336,1.168719,1.1688004839261004,1.1688328,BULLISH_CROSS,0.18596918224979905,0.11483811254134144,0.07627307474761817
2018-06-14,08:00:00,1.18014,1.18196,1.17976,1.18177,9929,1.1761928533746373,1.1762216,1.1759652147368673,1.1759203999999999,BEARISH_CROSS,-0.6701811689245731,-1.962310771131442,-1.9318479907257677
2018-06-25,00:00:00,1.16635,1.16726,1.1656,1.16604,4810,1.163548966912823,1.163535,1.1634472920929382,1.1637958,BULLISH_CROSS,-0.037734554560735135,0.23241055195361995,0.3481870261740551
2018-07-03,20:00:00,1.16525,1.16627,1.16419,1.16613,5632,1.163654891023277,1.1637096,1.1635538661670841,1.1634734,BEARISH_CROSS,-0.020580895783490514,-0.08832634440414759,-0.056597463404603685
2018-07-05,08:00:00,1.1658,1.17107,1.16499,1.16856,23095,1.1642819470994727,1.1641970000000001,1.1641073326953695,1.1641466,BULLISH_CROSS,0.19682344081604444,0.06075854042582224,0.14205517902375528
2018-07-12,20:00:00,1.16906,1.16926,1.16664,1.1674,13608,1.1694030747720563,1.1695064,1.1694848329260177,1.169418,BEARISH_CROSS,-0.08566044200787133,-0.370909713894119,0.09936611272914596
2018-07-23,08:00:00,1.17403,1.17423,1.1714,1.17318,14825,1.1676543119375669,1.16749,1.167428773649304,1.1674821999999998,BULLISH_CROSS,-0.14405291600606637,-0.32902026969433296,-0.3068582826164634
2018-07-31,20:00:00,1.17046,1.1708,1.16885,1.16923,8882,1.1686016513582722,1.1686748,1.1685760044749365,1.1684912,BEARISH_CROSS,-0.029078966499320662,-0.045328977190109684,-0.26000017105273826
2018-08-20,12:00:00,1.14205,1.14246,1.1394,1.14212,14846,1.143559257511094,1.1433172,1.1436180027156284,1.1437114,BULLISH_CROSS,0.14446818197736921,0.6146464469582904,0.8422932791650581
2018-08-31,04:00:00,1.1665,1.16761,1.16592,1.16632,8119,1.1622161156837265,1.1622606,1.1620486102014296,1.1618834,BEARISH_CROSS,0.17319432059811293,-0.5813155909184451,-0.5555936621167468
2018-09-12,16:00:00,1.15802,1.16493,1.15779,1.16257,22022,1.1600560965801798,1.159898,1.1599534882773301,1.1600134,BULLISH_CROSS,0.0034406530359305633,0.09633828500647597,0.3913742828388684
2018-09-27,08:00:00,1.17505,1.1752,1.16847,1.17018,24820,1.1724141622023538,1.1724862,1.1725053524963274,1.1723287999999998,BEARISH_CROSS,0.0085456938248807,-0.44523064827632813,-0.7161291425250862
2018-10-09,16:00:00,1.14339,1.14877,1.14318,1.14807,27534,1.1545659098537102,1.1545132,1.1548310490314126,1.1549554,BULLISH_CROSS,0.13849329744701808,0.25521091919483124,0.5208741627252778
2018-10-19,04:00:00,1.14536,1.14617,1.14531,1.14573,8042,1.1537470888353316,1.1537552,1.1540743169510594,1.1538321999999999,BEARISH_CROSS,-0.09600865823535029,0.47829767920890187,0.43814860394683086
2018-11-01,16:00:00,1.13944,1.14128,1.13846,1.13959,21310,1.1396993447930261,1.1395898,1.1397038078458026,1.1398832,BULLISH_CROSS,0.12460621802577916,0.03510034310584999,-0.16409410401987015
2018-11-12,12:00:00,1.12574,1.12686,1.12397,1.12615,19278,1.138362164013898,1.1386943999999999,1.1388606196879345,1.1388521999999999,BEARISH_CROSS,-0.10300581627669936,-0.34009678994805315,-0.07547839985792457
2018-11-19,04:00:00,1.14133,1.14152,1.14034,1.14053,5054,1.1345816417934227,1.134508,1.1343388516625421,1.1345214,BULLISH_CROSS,0.0324410581045638,0.4120891164633922,0.426994467484409
2018-11-26,12:00:00,1.13623,1.13834,1.13569,1.13688,15788,1.137567800797857,1.1376338,1.1375958742998102,1.1374966,BEARISH_CROSS,-0.2577228907184468,-0.31753571177256096,-0.43716135388078947
2018-12-04,04:00:00,1.13538,1.13714,1.13495,1.13697,6906,1.13541687007274,1.1353298,1.1353534770144846,1.1353654,BULLISH_CROSS,0.0897121296076432,-0.17414707512072375,-0.3491736809238616
2018-12-12,08:00:00,1.13257,1.1333,1.13146,1.13235,8435,1.1359618349633778,1.1359672,1.1361092567986177,1.1361046,BEARISH_CROSS,0.09449375193183436,0.38415684196583,0.5157415993288353
2018-12-12,12:00:00,1.13236,1.13378,1.13149,1.13342,15392,1.1358621551608923,1.1358451999999999,1.1359618349633778,1.1359672,BULLISH_CROSS,0.27174392546452075,0.3352684794691997,0.389970178751025
2018-12-13,04:00:00,1.13722,1.13743,1.13656,1.13689,4336,1.1360061382764042,1.1360104000000002,1.135970062287686,1.1359036,BEARISH_CROSS,0.11434703445364802,-0.19702873628935252,-0.07652455382666101
2018-12-13,08:00:00,1.1369,1.1387,1.13624,1.13819,7190,1.1360917799126238,1.1360906,1.1360061382764042,1.1360104000000002,BULLISH_CROSS,-0.030750577671572625,-0.1432098331561532,-0.2380973299712693
2018-12-13,16:00:00,1.13784,1.13924,1.13307,1.13465,27438,1.1361011086390658,1.1361094,1.136160337563109,1.1361528,BEARISH_CROSS,0.16833384744194937,0.12074207905522351,-0.4389018640109272
2018-12-20,00:00:00,1.13712,1.13884,1.1364,1.13862,13244,1.1361089503762434,1.1360174,1.1360064585548655,1.1360256,BULLISH_CROSS,-0.04391280673095018,0.7017266515606561,0.6147792942333805
2018-12-31,16:00:00,1.14518,1.14583,1.14252,1.14334,16993,1.1408279452317642,1.140877,1.140725412384081,1.1407082000000002,BEARISH_CROSS,0.17142757185088967,0.37346721010373085,-0.788916682701561
2019-01-02,08:00:00,1.14454,1.14967,1.14427,1.14761,8348,1.1414491623023713,1.141445,1.1411976995392026,1.1412794,BULLISH_CROSS,-0.3720776221887223,-1.1580589224562372,-0.9306297435539969
2019-01-02,12:00:00,1.1476,1.14776,1.14218,1.14334,20660,1.1415233128003175,1.1415832000000001,1.1414491623023713,1.141445,BEARISH_CROSS,-0.7014536358388507,-1.0626760193818203,-0.8081585530113452
2019-01-08,00:00:00,1.14791,1.14801,1.1469,1.14785,4541,1.1412319924006757,1.1412308,1.1409618696415196,1.1410526,BULLISH_CROSS,-0.3510911704490986,-0.11586879818792119,-0.1846931219236069
2019-01-08,04:00:00,1.14785,1.14841,1.14348,1.14382,7308,1.1413334828947668,1.1413532,1.1412319924006757,1.1412308,BEARISH_CROSS,0.04546169851898497,0.02622790299172658,0.1407564127222718
2019-01-08,08:00:00,1.14381,1.14551,1.14318,1.14434,8772,1.1414513855263446,1.1414464,1.1413334828947668,1.1413532,BULLISH_CROSS,0.19050282258769866,-0.013981858538540816,0.19312442106367386
2019-01-15,20:00:00,1.14387,1.144,1.13813,1.14008,23090,1.1461638791095932,1.1463818,1.146412200705903,1.1462622,BEARISH_CROSS,0.11314995438916685,-0.06403059434424754,-0.03245386288681333
2019-01-25,12:00:00,1.13236,1.1349,1.13153,1.13458,16184,1.1377419741480994,1.1376321999999999,1.1378710343174097,1.1379102,BULLISH_CROSS,0.4495055439017174,0.5861199739110547,0.5341183521655747
2019-02-06,04:00:00,1.14084,1.14086,1.13956,1.13979,5843,1.1427347495707023,1.1428722,1.142854943430731,1.1426734,BEARISH_CROSS,-0.07896191403680704,-0.1851218206862717,-0.3386588757578128
2019-02-18,00:00:00,1.12917,1.12955,1.12886,1.12945,1361,1.1319729982033266,1.1319270000000001,1.1320759777218299,1.1321506,BULLISH_CROSS,0.19832661915091587,0.3143122758864883,0.1487449643631771
2019-03-04,12:00:00,1.13576,1.13576,1.13271,1.13326,17221,1.1360741318951573,1.13614,1.13618899442149,1.136164,BEARISH_CROSS,-0.09088823394453739,0.029119531263802085,0.00617687026807745
2019-03-13,20:00:00,1.13088,1.13383,1.12996,1.13331,12324,1.128765576703852,1.1286990000000001,1.128580090038703,1.1288002,BULLISH_CROSS,-0.028235875444503088,-0.08647236854876256,-0.27529978558382184
2019-03-25,04:00:00,1.12952,1.12999,1.12885,1.12986,4266,1.1336567420842,1.1337996,1.1338117111488615,1.1337944,BEARISH_CROSS,0.08850654063334305,0.19913971642503167,0.1513461844830225
2019-04-04,04:00:00,1.12441,1.12472,1.12364,1.12418,3369,1.1248564674883554,1.124801,1.1248840784062475,1.1249186,BULLISH_CROSS,-0.014232596203449445,-0.23216922556885922,-0.16100624455157245
2019-04-18,12:00:00,1.12706,1.12709,1.12427,1.12515,14818,1.1281931641673393,1.1282562,1.1283173749496795,1.1282108000000002,BEARISH_CROSS,-0.09865351286496613,-0.15020219526287085,-0.05865884548727769
2019-05-01,00:00:00,1.1216,1.12172,1.12103,1.12154,2284,1.1198294203954908,1.1197574000000001,1.1197596008197965,1.1198074,BULLISH_CROSS,0.023182409900665776,0.1872425415054292,-0.11858694295344377
2019-05-16,16:00:00,1.1204,1.12061,1.11714,1.11774,16773,1.1208808591743733,1.12097,1.1210090575080212,1.1209892,BEARISH_CROSS,-0.00805196199473254,-0.0035786497754433056,-0.11541145525793238
2019-05-24,16:00:00,1.11822,1.121,1.11822,1.11965,17066,1.1176177936971428,1.1175826,1.117534846501108,1.1176654000000001,BULLISH_CROSS,0.07055776358684128,0.15272629839680954,-0.045549948644666674
2019-05-31,00:00:00,1.11344,1.11346,1.11278,1.11292,2495,1.1165127962892802,1.1165402,1.1166594410357813,1.1166202,BEARISH_CROSS,0.010782446177633614,0.12489666822413134,0.3962548970276413
2019-06-03,20:00:00,1.12042,1.12616,1.12031,1.12468,12401,1.1168919602973761,1.1168106,1.1165740811258404,1.1166492000000001,BULLISH_CROSS,-0.012447985204663278,0.1369278372514935,0.08980332183378183
2019-06-13,08:00:00,1.1293,1.13033,1.12852,1.12949,8008,1.127544367086734,1.1275986,1.1274649534984373,1.1273554,BEARISH_CROSS,0.013280330060458475,-0.181497844159763,-0.09915979778484182
2019-06-24,00:00:00,1.13696,1.13849,1.13654,1.13846,2670,1.1269625782456723,1.1266424,1.1264932957250875,1.126503,BULLISH_CROSS,-0.034256803049743725,0.08081092001475958,0.12648665741439188
2019-07-01,12:00:00,1.13208,1.13597,1.13197,1.13473,14041,1.1342046421460337,1.1342658,1.1341831989683209,1.1339569999999999,BEARISH_CROSS,-0.36043816590730193,-0.5366915477690666,-0.45385245829404247
2019-07-11,12:00:00,1.12768,1.12787,1.1264,1.12772,9357,1.126007261305081,1.125892,1.1259373536032475,1.1260421999999999,BULLISH_CROSS,-0.1463129145532713,-0.24385485758876582,-0.2686837158159905
2019-07-22,04:00:00,1.12175,1.122,1.12075,1.12179,5446,1.124272321973187,1.1243168,1.1243736412373986,1.1242944,BEARISH_CROSS,0.013371486641873475,-0.03387443282611246,-0.2041380293994531
2019-07-31,08:00:00,1.1154,1.1162,1.11487,1.11524,5547,1.1163825048218579,1.1163474,1.1164291376717297,1.1165644,BULLISH_CROSS,-0.02062336358092899,-0.7433377568953686,-1.0751049101538634
2019-08-14,08:00:00,1.11707,1.11847,1.11646,1.11801,8773,1.1183328564944648,1.1184608,1.1183460343105653,1.1182584,BEARISH_CROSS,0.03041117700199524,-0.41591756782140077,-0.28711728875411985
2019-08-23,20:00:00,1.11472,1.11531,1.1127,1.11386,19577,1.1110511434713934,1.1108930000000001,1.110936496266144,1.111045,BULLISH_CROSS,0.043093386960662554,-0.1589068644174357,-0.3779649148007871
2019-08-30,16:00:00,1.10352,1.10493,1.09846,1.09891,18203,1.1085792773109193,1.1087648,1.108973941690957,1.1089304,BEARISH_CROSS,0.0018199852581111263,0.009099926290596043,-0.19746840050595638
2019-09-06,08:00:00,1.10343,1.10514,1.10333,1.10467,11264,1.1032672480940562,1.1031014000000001,1.1032099929142216,1.1032108,BULLISH_CROSS,-0.22269093937557177,-0.20096499407063745,-0.13940814903999357
2019-09-17,04:00:00,1.1003,1.10134,1.1001,1.10101,5712,1.1038729609255908,1.103906,1.103989816473574,1.1039504,BEARISH_CROSS,0.0572201887357888,0.48137619095193146,0.5040826150534459
2019-09-17,20:00:00,1.10631,1.10734,1.10569,1.1071,6374,1.1039581764084774,1.10392,1.103829938710864,1.1039094,BULLISH_CROSS,0.024388040827386187,-0.1490380272784689,-0.34323909312618783
2019-09-20,16:00:00,1.10324,1.10337,1.09962,1.10025,12904,1.1042350647068329,1.1042526,1.1043977204091526,1.1043372,BEARISH_CROSS,0.14723926380367686,0.18086798454898054,-0.11179277436944715
2019-10-03,00:00:00,1.09612,1.09634,1.09572,1.09604,2819,1.0953567001010958,1.0953086,1.0953288103093035,1.0953928,BULLISH_CROSS,-0.03649501842998029,-0.03649501842998029,0.1268201890441957
2019-10-24,20:00:00,1.10975,1.1111,1.10932,1.10999,6312,1.1102335073613583,1.110381,1.110243446437332,1.1102357999999999,BEARISH_CROSS,0.031531815601948884,0.11982089928738576,-0.18468634852567203
2019-11-01,12:00:00,1.11636,1.11687,1.11398,1.11554,6683,1.1121709436521978,1.112104,1.1120334311482059,1.1120916,BULLISH_CROSS,0.11653548953870582,0.09591767215878647,0.0833676963623086
2019-11-06,08:00:00,1.10761,1.10804,1.10696,1.10792,3797,1.1120785167415201,1.1121607999999998,1.112248252118725,1.1122092,BEARISH_CROSS,0.02617517510288662,-0.10560329265651991,-0.028882951837686653
2019-11-15,08:00:00,1.10261,1.10263,1.10161,1.10176,2885,1.1040453420674894,1.1040406,1.1041386213355502,1.1042612,BULLISH_CROSS,0.1297923322683543,0.30768951495788593,0.3521638106302537
2019-11-26,04:00:00,1.10103,1.10165,1.10072,1.10137,3597,1.1046353644124898,1.1047521999999999,1.1047686445925913,1.1047278,BEARISH_CROSS,0.01543532146326879,-0.014527361377188226,0.007263680688604193
2019-12-03,00:00:00,1.10782,1.10849,1.10748,1.10759,2906,1.1029561965824175,1.1029512000000001,1.1027670617490468,1.1029304,BULLISH_CROSS,0.0009028611670242118,-0.00902861167038245,0.05236594768822623
2019-12-11,16:00:00,1.10816,1.10974,1.10701,1.10842,7756,1.1069902877773241,1.1070528,1.1069319321763986,1.1069068,BEARISH_CROSS,0.4962018007614497,0.5349957597300654,0.29681889536457434
2019-12-13,04:00:00,1.11833,1.11833,1.11678,1.11776,7431,1.1091947442227248,1.1091065999999998,1.1088451419461012,1.1089078,BULLISH_CROSS,-0.11004151159462357,-0.3775407958774793,-0.4043801889493343
2019-12-19,12:00:00,1.11262,1.11442,1.11243,1.11269,7143,1.112045027411418,1.1120938,1.1120187019996393,1.1119488,BEARISH_CROSS,-0.10335313519488666,-0.03415147076005419,-0.2669207056772252
2019-12-30,08:00:00,1.11991,1.12057,1.11921,1.11958,5010,1.1120303501136581,1.1119656,1.1117222011387053,1.1118472000000001,BULLISH_CROSS,-0.03751406777542355,0.05448471748334191,0.0848532485396315
2020-01-08,00:00:00,1.11444,1.11543,1.11421,1.11538,4386,1.1162658150925235,1.1163466000000002,1.1163019708105857,1.116217,BEARISH_CROSS,0.00717244347216715,-0.23848374544999074,-0.36669117251520994
2020-01-16,12:00:00,1.11476,1.11636,1.11458,1.11588,6106,1.1138732760217085,1.1138012,1.1137913689205536,1.1138152,BULLISH_CROSS,-0.16220382119942015,-0.19625766211419812,-0.41760762806035473
2020-01-21,20:00:00,1.10976,1.10997,1.10894,1.10947,4824,1.1118658908761518,1.111923,1.1119636823404846,1.1119428,BEARISH_CROSS,-0.08652780156289488,-0.08021848269895153,-0.02523727545585351
2020-01-31,12:00:00,1.10278,1.10385,1.10203,1.10371,7091,1.1042696225420146,1.1042428,1.104292464278423,1.104363,BULLISH_CROSS,0.3932192333130995,0.4702322167960812,0.23103895044894515
2020-02-07,12:00:00,1.09667,1.09709,1.09477,1.09519,7695,1.1024035009197997,1.1024562,1.1026979295287709,1.1025948,BEARISH_CROSS,0.10317844392295887,-0.025566340087113462,-0.026479423661659025
2020-02-20,08:00:00,1.0797,1.0799,1.07775,1.07906,4425,1.0858993241073902,1.0858654,1.0861784801934062,1.0861824,BULLISH_CROSS,0.05375048653457871,-0.010194057791024823,0.05097028895520643
2020-03-11,20:00:00,1.12797,1.12884,1.12603,1.12725,29511,1.1229944573662567,1.1230806,1.1228207617485528,1.1225226000000001,BEARISH_CROSS,-0.09935684187181282,0.3495231758704664,-0.816145486804178
2020-03-26,04:00:00,1.08882,1.09335,1.08743,1.0917,16015,1.088485792848384,1.0881602,1.0883546007197467,1.0885311999999998,BULLISH_CROSS,0.07236420261977361,0.9847027571677236,1.4820921498580273
2020-04-03,08:00:00,1.08454,1.08511,1.07874,1.07901,14696,1.094237655212031,1.094635,1.0948591921594608,1.0945818,BEARISH_CROSS,-0.011121305641293409,0.20945125624414312,0.2539364788092756
2020-04-10,08:00:00,1.09425,1.09518,1.0927,1.09374,9187,1.0892693695961975,1.0889981999999998,1.089086894885838,1.0891812,BULLISH_CROSS,-0.005485764441270228,-0.024685939985736323,0.08320076069266612
2020-04-17,08:00:00,1.08665,1.08742,1.08199,1.08286,17149,1.0901935961369278,1.090369,1.0904929265914962,1.0903092,BEARISH_CROSS,0.18007868053119688,0.41833662708015307,0.36662172395323767
2020-04-28,00:00:00,1.0829,1.08316,1.08201,1.08243,5935,1.0839434458290917,1.0838670000000001,1.0840052191282383,1.0840342,BULLISH_CROSS,-0.000923847269575447,0.5709376125938928,0.07483162883511889
2020-05-06,20:00:00,1.08056,1.08168,1.07934,1.07934,8743,1.0870942786195184,1.0873906,1.087410779787662,1.0873903999999999,BEARISH_CROSS,0.04169214519985004,0.05003057423981183,0.3307576852521053
2020-05-14,16:00:00,1.07891,1.08161,1.07748,1.07983,16520,1.0836993944792945,1.0835864,1.083857328947837,1.0838628,BULLISH_CROSS,0.01111286035763944,0.0638989470564679,0.1592843317929622
2020-05-27,20:00:00,1.09683,1.10032,1.09672,1.09972,10057,1.092497948123027,1.092532,1.0922031704953954,1.0921376,BEARISH_CROSS,0.1764085403557317,0.06456188848070313,0.6728985559960783
2020-05-29,04:00:00,1.10779,1.10905,1.10698,1.10896,7253,1.0958157182609138,1.0957598,1.0952792169654408,1.0954222,BULLISH_CROSS,0.1388688500937903,0.15329678257106072,0.3895541768864614
2020-06-09,20:00:00,1.13473,1.13541,1.13326,1.13366,9108,1.1214725062906832,1.1216072,1.1209750575678539,1.1209479999999998,BEARISH_CROSS,-0.04057653970325362,0.20552899458392862,0.4648660092091199
2020-06-24,04:00:00,1.13124,1.13257,1.13089,1.13153,7258,1.1259131790301034,1.1258762,1.1256839210313319,1.1258438000000002,BULLISH_CROSS,-0.15377409348403073,-0.3950403436055583,-0.6486792219384288
2020-07-01,12:00:00,1.12312,1.12446,1.11847,1.12035,10955,1.1239123101316901,1.1239942,1.1240577105452285,1.1240158,BEARISH_CROSS,0.48913286026689445,0.4239746507787774,0.7336992904003317
2020-07-06,04:00:00,1.12466,1.12852,1.12465,1.12826,5635,1.124475980004845,1.1242982000000001,1.1243215302091243,1.124339,BULLISH_CROSS,0.12763015616966708,0.21714852959424805,0.24196550440500406
2020-08-03,08:00:00,1.17727,1.17821,1.17489,1.1762,9539,1.1702785944630223,1.1704638,1.170036904441105,1.1700094,BEARISH_CROSS,-0.3137221560958996,0.017003910899505016,0.20744771297398384
2020-08-18,04:00:00,1.18743,1.18964,1.18741,1.18856,5489,1.180940709773388,1.180918,1.1806297183355672,1.1808648,BULLISH_CROSS,0.06310156828431282,0.3558928451235071,0.37019586726795106
2020-08-24,00:00:00,1.17929,1.18064,1.17888,1.1798,2160,1.1838391491828768,1.1839979999999999,1.184004012414831,1.183928,BEARISH_CROSS,-0.08815053398880572,0.3805729784709362,-0.03898965926427403
2020-08-31,08:00:00,1.19111,1.19117,1.18921,1.18929,7202,1.184616302471315,1.1843552,1.1844255393068788,1.1844618,BULLISH_CROSS,0.3901487442087277,0.3371759621286708,0.8214985411464031
2020-09-04,08:00:00,1.18477,1.18539,1.18332,1.18401,7540,1.186459634837709,1.186602,1.1865596199331256,1.1865086,BEARISH_CROSS,0.026182211298893796,-0.005912112228783076,-0.01858092414760931
2020-09-14,00:00:00,1.18362,1.18473,1.18352,1.18404,1646,1.1832025682866236,1.1829558,1.1831683874003633,1.1831724,BULLISH_CROSS,0.057430492213102084,0.21958717610890982,0.22465457248066847
2020-09-21,16:00:00,1.17954,1.17956,1.17316,1.17376,16751,1.183369740956483,1.1836022,1.1837619752812374,1.1836762,BEARISH_CROSS,0.22491821155943087,0.25729280261723203,-0.29903898582332866
2020-09-30,08:00:00,1.17291,1.17426,1.17203,1.17325,8549,1.1715255464589467,1.1715153999999999,1.1714551606001282,1.1717444,BULLISH_CROSS,-0.21819731515021487,-0.08608565949285792,0.03238866396761534
2020-10-14,04:00:00,1.17417,1.17509,1.17349,1.17437,5370,1.1768043517512603,1.176811,1.1769037130472302,1.1768224,BEARISH_CROSS,-0.01873344857241644,0.08770660013454758,0.047685141820730775
2020-10-21,12:00:00,1.18673,1.18673,1.18414,1.18501,10131,1.1771733095803076,1.177029,1.1768534446652181,1.1768832,BULLISH_CROSS,0.16033619969451843,0.012658121028522503,-0.21940743116091307
2020-10-28,12:00:00,1.17705,1.17706,1.17297,1.17362,12292,1.1801547927847171,1.180371,1.180421519020828,1.1803032,BEARISH_CROSS,0.12354936009951699,0.10139568173683153,-0.27606891498101016
2020-11-05,16:00:00,1.18103,1.18598,1.18011,1.18246,22402,1.1726476101825278,1.172376,1.1722471044756924,1.172393,BULLISH_CROSS,0.11670585051502265,-0.004228472844756315,0.4025506148199411
2020-11-13,12:00:00,1.18156,1.18344,1.18069,1.18177,10849,1.1792720393967928,1.1793574,1.1791700818211517,1.1790246,BEARISH_CROSS,0.019462331925836032,0.2284708530424638,0.099850224663002
2020-11-19,16:00:00,1.1838,1.18457,1.18184,1.18397,14850,1.1831367372640162,1.1830396,1.1831027265400984,1.1831372,BULLISH_CROSS,0.3049063743169264,0.30321714232623986,0.12415855131465175
2020-11-24,04:00:00,1.18422,1.18478,1.18383,1.18447,6063,1.1844389612036796,1.1844798,1.1844376943140338,1.1843380000000001,BEARISH_CROSS,0.026172043192316606,0.24483524276681765,0.5209080854728283
2020-11-27,08:00:00,1.19234,1.193,1.19192,1.19272,4109,1.1876671688726956,1.187616,1.1874609308674995,1.1874798,BULLISH_CROSS,-0.03940572808370535,0.2691327386142544,0.3907036018512399
2020-12-09,12:00:00,1.21292,1.21373,1.2108,1.21131,16594,1.2068090517010774,1.206941,1.2066253395256112,1.2065616,BEARISH_CROSS,-0.2468401978023832,-0.28646671785092864,-0.19483039023867874
2020-12-17,12:00:00,1.22332,1.22438,1.22241,1.22379,14287,1.2137229312402098,1.2136278,1.2133120304745042,1.2134206,BULLISH_CROSS,0.06046789073288415,0.19284354341840837,0.14626692488089935
2020-12-22,20:00:00,1.21736,1.21806,1.21561,1.21607,15775,1.2182119131181315,1.2182966,1.218299338143361,1.2181542,BEARISH_CROSS,0.2179150871249222,0.29932487439046174,0.16446421669805208
2020-12-31,08:00:00,1.22911,1.23033,1.22852,1.22965,7097,1.2226786240853869,1.2224968,1.2223940781296883,1.2224268,BULLISH_CROSS,-0.17484650103687022,-0.6481519131460018,-0.33749440897815447
2021-01-08,00:00:00,1.22675,1.22768,1.22619,1.22691,5627,1.2265259020417643,1.2266301999999998,1.2265102245740813,1.2264536,BEARISH_CROSS,-0.05868401105215981,-0.15241541759379568,-0.6691607371363875
2021-01-20,12:00:00,1.21554,1.21582,1.21115,1.21122,16061,1.2147833964146137,1.2146522,1.2149288411662305,1.2149516,BULLISH_CROSS,-0.05779296907249905,0.01898911840953357,0.25594029160681814
2021-01-29,08:00:00,1.20973,1.21088,1.20944,1.21044,7599,1.2133594899740152,1.2134756,1.2134786528300976,1.2134222,BEARISH_CROSS,0.18588281947061278,0.25527907207296824,0.19910115329962852
2021-02-09,12:00:00,1.20812,1.21165,1.20674,1.21053,17116,1.2056580062066204,1.2055386,1.2054591493170945,1.20551,BULLISH_CROSS,-0.06195633317637963,0.09004320421631956,0.15447779071975218
2021-02-17,20:00:00,1.20327,1.20471,1.20249,1.2037,9643,1.2098144830958635,1.2101182,1.21006405383447,1.210004,BEARISH_CROSS,0.06895405832018846,0.0855694940599889,0.40126277311623426
2021-02-23,20:00:00,1.21593,1.21663,1.21411,1.21442,11971,1.2115205002154779,1.2114597999999999,1.2114021532854975,1.2114260000000001,BULLISH_CROSS,0.05270005434692889,0.09222509510713013,0.03129065726849417
2021-03-01,20:00:00,1.20495,1.20611,1.20328,1.2046,13549,1.2120046179867976,1.2121334,1.2123068472923813,1.2121658000000002,BEARISH_CROSS,0.022414079362461776,-0.3229287730366885,0.3146272621617286
2021-03-12,00:00:00,1.19816,1.199,1.19796,1.19808,5282,1.1964728150502424,1.1964350000000001,1.196407215664538,1.1965725999999999,BULLISH_CROSS,-0.16025641025642226,-0.532518696581201,-0.2562433226495834
2021-03-23,12:00:00,1.19052,1.19079,1.18773,1.18808,16212,1.192681970962496,1.1927434,1.1928698065119856,1.192845,BEARISH_CROSS,-0.07154400377079131,-0.34593630058582403,-0.39812133863040566
2021-04-02,04:00:00,1.17773,1.17838,1.17692,1.17792,3838,1.1788413994955034,1.1787348,1.178879007638177,1.179049,BULLISH_CROSS,-0.014432219505569433,-0.1706397718011467,-0.07725482205923903
2021-04-16,20:00:00,1.19785,1.19836,1.19725,1.19809,3976,1.1921787353151283,1.1921818,1.1919374592055416,1.1918309999999999,BEARISH_CROSS,-0.09932475857406574,0.3246834544984057,0.4724185996043701
2021-04-19,12:00:00,1.20198,1.20481,1.20133,1.20373,13294,1.193289799588126,1.1932164,1.19286366895907,1.1928754,BULLISH_CROSS,-0.07975210387712127,0.0431990562667771,0.1387354307029035
2021-04-22,16:00:00,1.20447,1.2069,1.20026,1.20111,16581,1.1987483956548375,1.1987536,1.198652003640749,1.1984778,BEARISH_CROSS,0.022479206733770636,0.08741913729799898,0.4753935942586528
2021-05-10,12:00:00,1.21481,1.21754,1.21399,1.21634,10629,1.2070183287437877,1.2069878,1.206637852365983,1.2068136,BULLISH_CROSS,0.05097258990085543,-0.18826972721442223,0.04028478879261567
2021-05-18,00:00:00,1.21578,1.21589,1.2148,1.21563,2844,1.2109766017208925,1.2110186,1.2107866670972554,1.2107100000000002,BEARISH_CROSS,0.09295591586256306,0.5059105155351629,0.5445735955841885
2021-05-20,04:00:00,1.21705,1.2185,1.2169,1.21822,7971,1.214718114475724,1.214691,1.2145751803726923,1.2146502,BULLISH_CROSS,0.1674574379011853,0.3464070529132579,0.4112557666102969
2021-05-26,12:00:00,1.22441,1.22486,1.22253,1.22268,11387,1.2196055288150347,1.2197392,1.2194800401952401,1.2194566,BEARISH_CROSS,-0.18974711289954033,-0.2846206693492923,-0.250269898910595
2021-06-25,00:00:00,1.19328,1.19353,1.19278,1.19279,3549,1.19711154662818,1.1969846,1.197287936286473,1.1973788,BULLISH_CROSS,0.10311957679055529,0.11234165276367986,0.11485676439273412
2021-07-02,12:00:00,1.18247,1.1834,1.18205,1.18218,12539,1.190442003159401,1.1905379999999999,1.190779227778152,1.1907180000000002,BEARISH_CROSS,0.21570319240725205,0.28845015141517477,0.4297145950701224
2021-07-08,16:00:00,1.18342,1.18679,1.18334,1.18399,27273,1.1859161173095607,1.1858899999999999,1.185994734342604,1.1860938,BULLISH_CROSS,0.06841273997246407,-0.0042230086402845896,0.1731433542512931
2021-07-19,20:00:00,1.18057,1.1807,1.17912,1.17976,11619,1.1823272092045296,1.1823442,1.1824319932536942,1.1823944,BEARISH_CROSS,-0.04661965145451859,-0.1186682037024349,-0.12883976401979774
2021-07-23,04:00:00,1.17724,1.17804,1.17696,1.17696,3828,1.1800626823064821,1.1800164,1.1801893224006241,1.1801972,BULLISH_CROSS,0.066272430668842,-0.08241571506252679,0.0756185426862474
2021-08-05,12:00:00,1.18489,1.18569,1.18282,1.18552,11331,1.184899264641254,1.1849692,1.184873928504162,1.1848158,BEARISH_CROSS,-0.15267561913758246,-0.18557257574734967,-0.4057291315203439
2021-08-16,12:00:00,1.17809,1.1791,1.17675,1.17682,7798,1.1773269516239695,1.1772676,1.1773476435269885,1.1774782000000001,BULLISH_CROSS,0.05863258612192854,0.08072602437076243,-0.047585866997492725
2021-08-20,20:00:00,1.16904,1.17045,1.16893,1.16996,6301,1.1729676435013285,1.1729820000000002,1.1730904044605666,1.1730274,BEARISH_CROSS,-0.025641902287273834,0.19487845738314452,0.40257786590994493
2021-08-24,16:00:00,1.1736,1.1765,1.17352,1.17466,14372,1.1730582214823737,1.173033,1.1729928427673686,1.1730234,BULLISH_CROSS,0.09109018779901455,-0.07236136413941203,0.0842797064682586
2021-09-08,08:00:00,1.1842,1.18449,1.18286,1.18305,11081,1.183385668397492,1.1835088,1.18339936914841,1.1833548,BEARISH_CROSS,-0.06762182494399323,-0.10650437428680437,-0.07100291619119665
2021-09-27,16:00:00,1.16925,1.17098,1.16908,1.17014,20306,1.1739295359303776,1.1738952,1.1740842108663114,1.1741256,BULLISH_CROSS,-0.02478335925614896,-0.08375066231390953,-0.1769019091732627
2021-09-30,00:00:00,1.15938,1.16021,1.15909,1.16013,2607,1.170537801916105,1.1705384,1.1709626101575787,1.1708032,BEARISH_CROSS,0.022411281494308995,-0.22238887021282325,-0.23704240042064512
2021-10-07,16:00:00,1.15649,1.15689,1.15474,1.15602,15988,1.1613603640642678,1.1613106,1.1615783381077074,1.1615792,BULLISH_CROSS,-0.05276725316170995,-0.06920295496618864,0.10207435857510759
2021-10-26,00:00:00,1.16123,1.16125,1.1603,1.16087,2665,1.1621267206803314,1.1621903999999998,1.1621780154019776,1.1621086,BEARISH_CROSS,-0.06719098607079198,0.06288387157906548,-0.1085392851912823
2021-11-10,04:00:00,1.15934,1.15953,1.15826,1.15841,6362,1.158518190199409,1.1584652,1.1585226061259153,1.1586644,BULLISH_CROSS,-0.1355305979747973,-0.5645669495256421,-0.9331756459284697
2021-11-11,04:00:00,1.14851,1.14876,1.14645,1.1476,7533,1.1569387905595665,1.1570092,1.1573199656844466,1.1571812,BEARISH_CROSS,-0.13855001742767342,-0.049668874172181895,-0.31979783896828706
2021-11-25,00:00:00,1.11986,1.12052,1.11954,1.12022,4407,1.1313322485764703,1.1313142,1.1317858097428568,1.1317986,BULLISH_CROSS,0.10890717894699246,0.1517559050900747,0.05891699844674305
2021-12-08,00:00:00,1.12612,1.12735,1.12589,1.12718,4235,1.129167593146582,1.1291768,1.129248719397463,1.1290522,BEARISH_CROSS,0.17654678046096775,0.040809808548759284,0.6361007115101314
2021-12-16,20:00:00,1.13072,1.13262,1.13012,1.13248,10478,1.128945538157929,1.1288761999999999,1.128801274409273,1.1288116,BULLISH_CROSS,0.07505651313930643,-0.05739615710653076,-0.7735235942356491
2021-12-20,00:00:00,1.12356,1.12439,1.12341,1.12428,1974,1.1289622567570332,1.129143,1.1291533692777285,1.1291494,BEARISH_CROSS,0.05069911409968686,0.24549044721956237,0.30152631017184367
2021-12-21,20:00:00,1.12642,1.12819,1.12609,1.12813,10077,1.1284393738457887,1.1284048,1.1284520013496984,1.1284756,BULLISH_CROSS,0.045207555866789324,-0.12321275030359996,0.4511891360038131
2021-12-31,08:00:00,1.1316,1.13256,1.1304,1.13049,3389,1.131510659015106,1.131541,1.131552318566743,1.1314846,BEARISH_CROSS,0.12560924908667717,0.6979274473900656,0.38125060814337464
2021-12-31,20:00:00,1.13717,1.13861,1.13588,1.13838,7563,1.1320077327910698,1.1319788,1.13174764025193,1.1317826000000002,BULLISH_CROSS,-0.09662854231450649,-0.3144819831690575,-0.7624870429909187
2022-01-03,04:00:00,1.13728,1.13759,1.13413,1.13482,4301,1.1323166652946401,1.1323298,1.1322144883678906,1.132196,BEARISH_CROSS,-0.0017623940360505614,-0.4969951181685085,-0.44412329708675685
2022-01-11,12:00:00,1.13415,1.13517,1.1326,1.13387,11411,1.1320365927132034,1.1319978,1.131961759762722,1.1319957999999999,BULLISH_CROSS,0.013229029782964053,0.2372406007743464,0.2037270586575211
2022-01-19,04:00:00,1.13287,1.13301,1.13189,1.13276,4884,1.1380411694543167,1.1382092,1.1382567273912276,1.138128,BEARISH_CROSS,0.029132384618095752,0.14831032169214164,0.22864507927540628
2022-02-02,08:00:00,1.12705,1.12842,1.12667,1.12815,5316,1.125143570659169,1.1250216,1.1250208592575024,1.125084,BULLISH_CROSS,0.30669680450294895,0.2543987944865424,0.14005229801000885
2022-02-11,12:00:00,1.1385,1.13993,1.1378,1.13949,18619,1.1388047320483148,1.1389888000000001,1.1387767619278377,1.1386654,BEARISH_CROSS,0.06406374781701633,-0.27380670299869153,-0.7362943071022913
2022-02-23,08:00:00,1.13257,1.13427,1.13161,1.13399,6511,1.1348212393123893,1.134722,1.1348551674475889,1.1348638,BULLISH_CROSS,0.005291051949307223,-0.28218943729663326,-0.8368680499828038
2022-02-24,08:00:00,1.1238,1.12554,1.12081,1.1245,29632,1.1336005890066512,1.1336716,1.1339720416191676,1.133909,BEARISH_CROSS,-0.631391729657635,-0.5148955091151589,-0.3103601600711421
2022-03-10,08:00:00,1.10585,1.1072,1.1051,1.10647,10579,1.1032626452632726,1.1032424,1.1031317328250387,1.103472,BULLISH_CROSS,-0.22052111670447438,-0.7203087295633892,-0.7329615805218452
2022-03-24,20:00:00,1.1006,1.10085,1.09825,1.09991,13498,1.101342216610684,1.1015042,1.1014006744315283,1.1013928,BEARISH_CROSS,0.08455237246684706,0.22001800147285586,-0.12455564546188973
2022-03-30,08:00:00,1.11126,1.11214,1.11056,1.11122,15460,1.1022127186367427,1.1020228,1.1018450744994668,1.101996,BULLISH_CROSS,0.15298500746925114,0.44005687442629166,0.348265869944729
2022-04-05,08:00:00,1.09728,1.09886,1.09623,1.09816,14961,1.1037601752731983,1.1038164,1.1039887538557778,1.1038632,BEARISH_CROSS,-0.13021781889706804,-0.7057259415749911,-0.7885918263276855
2022-04-14,04:00:00,1.08949,1.09096,1.08828,1.0907,9765,1.090709780688401,1.0904492,1.0907101799001724,1.0907246,BULLISH_CROSS,0.012835793527095352,-1.0048592646924068,-0.944347666636103
2022-04-26,16:00:00,1.06708,1.06852,1.0642,1.06593,27103,1.0795947732310682,1.0796510000000001,1.080152519077234,1.0801492000000001,BEARISH_CROSS,-0.14447477789349175,-0.17261921514546583,-1.0676123197583278
2022-05-04,20:00:00,1.05403,1.06269,1.05108,1.06081,47017,1.0596131829629445,1.0592464,1.0595643332879625,1.0596728,BULLISH_CROSS,0.11594913320953464,-0.09803829149422892,-0.5439239826170618
2022-05-13,04:00:00,1.03791,1.0398,1.03731,1.03909,11994,1.052297432690343,1.0525388,1.052836511575663,1.052765,BEARISH_CROSS,0.22038514469390555,0.19247610890298256,0.05004378831476137
2022-05-18,04:00:00,1.05495,1.05639,1.05247,1.05332,9743,1.0492179312928795,1.0491596,1.0490504999170787,1.049194,BULLISH_CROSS,-0.1462043823339628,-0.37690350510766235,-0.31994075874379063
2022-05-31,16:00:00,1.07118,1.07371,1.06791,1.07313,35969,1.0682232631796709,1.0682578,1.0680229882074124,1.0677789999999998,BEARISH_CROSS,0.04100155619542795,-0.12114096148647946,-0.8088488813098155
2022-06-20,16:00:00,1.0526,1.05419,1.05075,1.05381,17590,1.0527137822305455,1.052414,1.0526690386481188,1.0527156,BULLISH_CROSS,-0.2562131693568978,-0.05503838452850163,0.09963845474990705
2022-06-30,00:00:00,1.04408,1.04464,1.04346,1.04455,6967,1.0531572615952545,1.0533894000000001,1.0535085783950608,1.0534454,BEARISH_CROSS,0.060313053467991797,-0.49877937867982947,0.3140108180556172
2022-07-15,00:00:00,1.00157,1.00264,1.00101,1.00264,6552,1.0145464750183704,1.0144188,1.0150324535905486,1.0152208,BULLISH_CROSS,-0.008976302561230698,0.27726801244714,0.7071331684353348
2022-07-27,12:00:00,1.01397,1.01721,1.01341,1.01507,21383,1.0173671724256186,1.0175492,1.0174609345654397,1.0172988,BEARISH_CROSS,-0.4482449486242163,0.5369087846158568,-0.32017496330302103
2022-08-01,20:00:00,1.02683,1.0275,1.02455,1.02583,18015,1.0194655842339369,1.0194307999999999,1.0192058121618526,1.0192962,BULLISH_CROSS,0.0428920971311032,-0.32753965081933945,-0.8714894280728724
2022-08-03,16:00:00,1.01839,1.01969,1.01229,1.01446,39658,1.0195171015542646,1.0195786,1.019723513862602,1.0195660000000002,BEARISH_CROSS,0.23362182836188547,0.17842004613292684,0.7649389823157138
2022-08-04,20:00:00,1.02222,1.02539,1.02182,1.02456,17401,1.019375249914211,1.0193138,1.0191636274617297,1.0192818,BULLISH_CROSS,0.014640431014298284,-0.1171234481142996,-0.6636995393144294
2022-08-08,04:00:00,1.0172,1.01859,1.01594,1.01854,11374,1.0196607901672547,1.0196814,1.0197065367046936,1.0195388,BEARISH_CROSS,0.2356313939560506,0.20519567223672366,0.10407053233059682
2022-08-10,20:00:00,1.03335,1.03358,1.02947,1.03036,24212,1.0212490462135753,1.021236,1.0208771705488233,1.0210474,BULLISH_CROSS,-0.04755619395161686,0.21351760549710586,0.13102216700958524
2022-08-16,08:00:00,1.01623,1.01689,1.01341,1.01602,17220,1.0229455191177605,1.0232354000000001,1.023228193367465,1.0232274,BEARISH_CROSS,-0.31889136040628235,0.10039172457235301,0.06299088600617841
2022-08-29,12:00:00,0.99433,1.00001,0.99199,0.99976,25445,1.0018673273685108,1.0017366,1.0019533407304908,1.0020879999999999,BULLISH_CROSS,-0.002000480115229655,0.13303192766264438,0.2720652956709666
2022-09-06,20:00:00,0.99122,0.99165,0.98954,0.99039,21344,0.9976644283154196,0.9977096,0.9979613437568652,0.9978548,BEARISH_CROSS,-0.0706792273750779,0.20093094639485934,1.0601884106261235
2022-09-09,08:00:00,1.00689,1.01105,1.00585,1.00966,22965,0.9980722627326089,0.9977773999999999,0.997599293864552,0.997606,BULLISH_CROSS,-0.5873264267179041,-0.5061109680486449,0.7725372897807212
2022-09-16,12:00:00,0.99558,0.99893,0.99491,0.99695,19695,1.0008434346426638,1.0009830000000002,1.0010023503423642,1.0009322,BEARISH_CROSS,0.42730327498870857,0.5286122674156285,0.1303977130247222
2022-09-30,08:00:00,0.97993,0.98385,0.979,0.9833,29452,0.9765619759759281,0.9765352,0.9762869545871905,0.9769289999999999,BULLISH_CROSS,-0.8807078206040884,-0.34577443303162403,-0.21051561069865815
2022-10-10,16:00:00,0.96973,0.97455,0.96853,0.97029,39457,0.9804682212991354,0.9807478000000001,0.9808836589031817,0.9804974,BEARISH_CROSS,-0.004122478846534542,-0.21436890001957876,0.5493203063001841
2022-10-17,20:00:00,0.98421,0.98522,0.98323,0.98351,23255,0.9761147071158137,0.9759822,0.9758128584266633,0.9761226000000001,BULLISH_CROSS,0.08337485129790678,0.2318227572673445,0.22572215839188212
2022-11-01,16:00:00,0.99344,0.9954,0.9859,0.98703,42249,0.9913901603726635,0.9917218,0.9915681261021599,0.9915548000000001,BEARISH_CROSS,0.07497239192325197,0.22998287792670885,0.0415387576872052
2022-11-08,16:00:00,0.99984,1.00732,0.99853,1.00662,30194,0.99124813727949,0.9910186,0.9906207143113059,0.9910006,BULLISH_CROSS,0.06556595338855604,0.05563171802665294,-0.38048121436093063
2022-11-21,00:00:00,1.03195,1.03332,1.03194,1.03302,2689,1.026730301729532,1.0269582,1.0264735793511455,1.0264302,BEARISH_CROSS,-0.2768581440824074,-0.9244738727226914,-0.8257342549031139
2022-12-01,04:00:00,1.04228,1.04475,1.04187,1.04315,10802,1.0353544163295816,1.0352877999999999,1.0350362292409931,1.0350648,BULLISH_CROSS,-0.2732109476106043,0.5339596414705532,0.8905718257201763
2022-12-12,04:00:00,1.05206,1.0523,1.05058,1.0515,10651,1.0489555157573547,1.0491106,1.048851659257655,1.0487358,BEARISH_CROSS,0.10841654778886531,0.08273894436518557,0.18544935805990453
2022-12-15,00:00:00,1.06637,1.06951,1.06617,1.06755,20183,1.0545689759609989,1.0545182,1.0540391382451213,1.054114,BULLISH_CROSS,-0.19577537351879773,-0.48241300173293883,-0.3484614303779632
2022-12-19,16:00:00,1.06062,1.06157,1.05756,1.05797,28774,1.058045481595653,1.0581635999999999,1.058048562477108,1.0579236,BEARISH_CROSS,0.23346597729613996,0.2665482007996278,0.5709046570318461
2022-12-30,16:00:00,1.06761,1.07012,1.0645,1.06723,36624,1.0631387867315776,1.0631252,1.0629717984349074,1.0630047999999999,BULLISH_CROSS,0.28297555353579107,0.11525163273146974,0.03654320062218196
2023-01-03,16:00:00,1.05284,1.05974,1.0524,1.05555,36932,1.0633778240370955,1.0635686,1.0636973270590175,1.0636884,BEARISH_CROSS,0.10421107479514007,0.12410591634692078,0.4537918620624387
2023-01-10,04:00:00,1.07324,1.07425,1.07204,1.07324,12264,1.0629587925579458,1.0627351999999999,1.062539151437862,1.0625636,BULLISH_CROSS,-0.005590548246426613,-0.043792627930376284,0.009317580410717919
2023-01-18,20:00:00,1.08334,1.08357,1.07868,1.07952,29056,1.0771073662110158,1.0775620000000001,1.0770088913624858,1.0769602,BEARISH_CROSS,0.01760041499925082,0.11949755446865395,0.3279235215651286
2023-01-26,12:00:00,1.0919,1.0928,1.08926,1.09031,15638,1.0849975441088957,1.0849214,1.084780709174565,1.0848351999999999,BULLISH_CROSS,-0.43932459575715627,-0.09079986425877269,-0.22012088305160532
2023-01-27,16:00:00,1.08791,1.08808,1.08378,1.08385,28272,1.0855171433794506,1.0855548,1.0855851900479996,1.0855342000000001,BEARISH_CROSS,0.26571942611984994,0.27771370577108984,0.2980117174885885
2023-02-15,00:00:00,1.07391,1.07424,1.0732,1.07351,6397,1.0752159203091392,1.0749076,1.0752855497095122,1.0753112,BULLISH_CROSS,-0.15835902786187692,-0.2235656863932295,-0.4098704250542575
2023-02-23,08:00:00,1.06223,1.06278,1.06105,1.06165,7325,1.0679164284507832,1.0680399999999999,1.068172201040611,1.0681606,BEARISH_CROSS,-0.1167993218103808,-0.19592144303679004,-0.2552630339565761
2023-03-01,08:00:00,1.05933,1.06452,1.05882,1.06417,11459,1.0623170709673517,1.062307,1.0622414412109171,1.062355,BULLISH_CROSS,0.26499525451760947,0.14659311952037793,-0.0498040726575774
2023-03-09,08:00:00,1.05493,1.05596,1.05459,1.05563,4433,1.0606288987233181,1.0607668000000001,1.0608329354059025,1.0607606,BEARISH_CROSS,0.14020063848127903,0.18472381421519812,0.3647111203736071
2023-03-13,16:00:00,1.06642,1.07336,1.06504,1.07333,56401,1.0623477806873496,1.0620858,1.0618995268378537,1.0619026,BULLISH_CROSS,-0.03260879692171564,-0.28509405308710656,-0.11273326935797318
2023-03-29,12:00:00,1.08227,1.08627,1.08178,1.08575,14155,1.077903538369358,1.077922,1.077583274629332,1.0774873999999999,BEARISH_CROSS,-0.24222887405018745,-0.1234169928620674,0.1961777573106116
2023-04-04,20:00:00,1.09508,1.09578,1.09432,1.09574,7998,1.0846604892487777,1.084436,1.0842082643201563,1.0842729999999998,BULLISH_CROSS,0.0018252505156452284,-0.06388376804715744,-0.48916713818971946
2023-04-07,00:00:00,1.09229,1.09234,1.09152,1.09194,2383,1.087739805680368,1.0877848,1.087568369177526,1.0875092,BEARISH_CROSS,0.0018316024690121274,-0.0174002234554932,-0.05861127900800172
2023-04-14,04:00:00,1.10518,1.10752,1.10487,1.10702,7001,1.093493478414671,1.0933518,1.092941375492821,1.093024,BULLISH_CROSS,-0.0424563241856489,-0.8247366804574318,-0.848223157666509
2023-04-19,12:00:00,1.09627,1.09633,1.09174,1.09313,14985,1.0952817440902063,1.0953008,1.0953695703796025,1.0952773999999998,BEARISH_CROSS,0.19942733252221334,0.1857052683578327,0.21589380951946613
2023-04-26,12:00:00,1.10194,1.10627,1.1016,1.10463,18269,1.0982416455221113,1.0981698,1.0979808963597486,1.0982176000000001,BULLISH_CROSS,0.042548183554671735,-0.009958085512801074,-0.10682309913726397
2023-05-01,20:00:00,1.09694,1.09757,1.09644,1.09729,7780,1.1000037628527273,1.1000476000000001,1.1001145286834508,1.0999644000000002,BEARISH_CROSS,-0.03736478050469989,0.11756235817329888,0.3007409162573119
2023-05-23,04:00:00,1.08106,1.08205,1.08027,1.08081,6759,1.0853755305684798,1.0852794000000001,1.0855618787549484,1.0856282,BULLISH_CROSS,-0.041635440086607405,-0.345111536717833,-0.26924251256002146
2023-05-31,16:00:00,1.06797,1.07053,1.0651,1.06526,23563,1.0748898137645166,1.0750158,1.075282867387558,1.0752656,BEARISH_CROSS,0.3172934307117454,0.32386459643654625,0.9227794153539985
2023-06-01,12:00:00,1.06701,1.07156,1.06645,1.07062,11841,1.0737995431237453,1.0737512,1.073929320394102,1.0739806,BULLISH_CROSS,0.417515084717285,0.5062487156974653,0.48289776017635755
2023-06-23,08:00:00,1.09356,1.09371,1.08532,1.08688,15615,1.0899538070867063,1.0899848,1.0900792686004495,1.0897712,BEARISH_CROSS,0.06808479316943572,0.19321360223759665,0.3063815692624607
2023-07-10,04:00:00,1.0967,1.09695,1.0953,1.09559,5567,1.0901189049576947,1.0899653999999999,1.0898955949559679,1.0899788000000001,BULLISH_CROSS,-0.012778502907112056,0.31216057101652794,0.5622541279128088
2023-07-20,12:00:00,1.12055,1.12167,1.11987,1.12071,11308,1.1153103541415041,1.115326,1.115089960432994,1.1148236,BEARISH_CROSS,-0.6451267500066984,-0.6486959159818427,-0.7923548464812482
2023-08-07,00:00:00,1.10111,1.1016,1.10007,1.10025,2213,1.1002675913341184,1.1002383999999998,1.1002683093477559,1.1003318,BULLISH_CROSS,-0.06362190411269465,-0.16723471938194429,-0.0027266530333991813
2023-08-15,16:00:00,1.09295,1.09525,1.08967,1.0927,38448,1.0965541431589036,1.096603,1.0967114551245731,1.0965868,BEARISH_CROSS,-0.1921844971172317,-0.1903541685732664,-0.21872426100486084
2023-08-23,16:00:00,1.08112,1.08629,1.08026,1.08615,28013,1.0895666941752284,1.089529,1.0897061510803399,1.089791,BULLISH_CROSS,0.02301707867238259,0.03958937531649887,-0.331445932882203
2023-08-25,08:00:00,1.07807,1.07921,1.07685,1.07712,10533,1.087192251328762,1.0872908000000001,1.087603363627895,1.087564,BEARISH_CROSS,0.2924465240641698,0.21538918597740989,0.35093582887699554
2023-08-29,20:00:00,1.08501,1.0892,1.08468,1.08855,13125,1.0848569393890286,1.0847196,1.084706202221234,1.0847378,BULLISH_CROSS,-0.15065913370996867,-0.18832391713746593,0.33255247806717
2023-09-06,00:00:00,1.07214,1.07278,1.07187,1.07244,2516,1.0817343885485966,1.0819092000000001,1.0821137513464985,1.0821114,BEARISH_CROSS,0.08205587258960798,0.18182835403378242,-0.005594718585650384
2023-09-12,20:00:00,1.07257,1.07376,1.07217,1.07283,8796,1.0751924693581631,1.0750192,1.0752888966789045,1.0752992000000001,BULLISH_CROSS,0.22836796137319643,0.1454098039763994,0.03355610860995107
2023-09-21,04:00:00,1.06498,1.06503,1.06164,1.06366,8105,1.0698348571598055,1.0699396,1.07008689214592,1.070065,BEARISH_CROSS,0.1758080589662146,0.25290036289790524,0.1400823571441994
2023-09-25,08:00:00,1.06482,1.0653,1.06315,1.06379,5030,1.0678326531699407,1.0678109999999998,1.0679976594217748,1.0680408,BULLISH_CROSS,-0.0695626016412979,-0.425835926263635,-0.498218633376896
2023-09-26,00:00:00,1.05928,1.05963,1.05875,1.05911,2183,1.0666822254751527,1.0666928,1.0669912959027097,1.0669822,BEARISH_CROSS,-0.05098620539887122,0.07836768607605522,-0.20960995552868814
2023-09-26,12:00:00,1.05849,1.06032,1.05825,1.05994,7336,1.0658154946809768,1.0658148,1.0660553107904043,1.0661054,BULLISH_CROSS,-0.25473139989057364,-0.2877521369134099,-0.5660697775345779
2023-09-26,16:00:00,1.05994,1.06091,1.05674,1.05724,13823,1.065479200771919,1.0654919999999999,1.0658154946809768,1.0658148,BEARISH_CROSS,-0.02175475767091223,-0.10026105709205677,-0.6034580606106515
2023-10-05,04:00:00,1.05066,1.05289,1.05021,1.0525,4747,1.0545356748571726,1.0544294,1.0546187636268531,1.054665,BULLISH_CROSS,-0.152969121140132,0.00855106888360318,0.1653206650831425
2023-10-16,16:00:00,1.05365,1.05554,1.05255,1.05446,22165,1.0557134828657493,1.0557808,1.0557646454316982,1.0556604,BEARISH_CROSS,0.17070348804127458,0.04836598827836148,0.4495191851753472
2023-10-23,12:00:00,1.05974,1.06147,1.05906,1.06016,14562,1.0567928256824644,1.0566704,1.0566553899960343,1.0566768,BULLISH_CROSS,0.41031542408693744,0.6253773015393821,0.22260790824025783
2023-10-26,20:00:00,1.05428,1.05645,1.05249,1.05609,14671,1.0579240320463934,1.058026,1.0579988904972666,1.0579772,BEARISH_CROSS,0.02745978088989797,-0.04734444981014354,0.029353558882295305
2023-11-03,08:00:00,1.06253,1.06338,1.06246,1.06292,6053,1.058974677277128,1.0587806,1.0588136436966025,1.058858,BULLISH_CROSS,0.16369999623676781,0.9408045760734588,0.9765551499642336
2023-11-13,08:00:00,1.06856,1.06975,1.06835,1.06927,4245,1.0668533659499084,1.0669204,1.0667547278254148,1.0666906,BEARISH_CROSS,-0.052372179150251476,0.08604000860400385,0.1262543604515195
2023-11-15,16:00:00,1.0866,1.08855,1.08314,1.0865,29298,1.0723481301455924,1.0722556,1.071770502804596,1.071784,BULLISH_CROSS,-0.173953060285315,-0.30096640589048373,0.11965025310631189
2023-11-23,12:00:00,1.09136,1.09304,1.08953,1.09146,7573,1.0859224841571244,1.0861236,1.0856964631023132,1.0856654000000001,BEARISH_CROSS,-0.045810199182761344,-0.10078243820205053,-0.004581019918284272
2023-12-13,00:00:00,1.07902,1.0799,1.07894,1.07978,3271,1.0807568731245294,1.0806076,1.0807967454969591,1.0808338,BULLISH_CROSS,-0.09631591620514642,-0.12965604104540443,0.7797884754301889
2023-12-26,12:00:00,1.10224,1.10265,1.10097,1.10138,10681,1.095221665332202,1.095391,1.0949703047335164,1.0949338,BEARISH_CROSS,0.10169060633024114,0.25967422687901404,0.4103942326899053
2023-12-28,00:00:00,1.11015,1.11098,1.10972,1.11082,11801,1.0986549079113748,1.0984192,1.0981583735404103,1.0981872000000001,BULLISH_CROSS,0.0936245296267759,0.10712806755370129,-0.3636952881654833
2024-01-02,04:00:00,1.10364,1.10432,1.10174,1.10244,15954,1.101976291269943,1.101997,1.1019573643830016,1.1017945999999998,BEARISH_CROSS,-0.07982293820978845,-0.7320126265375005,-0.5769021443343985
2024-01-11,08:00:00,1.09803,1.09886,1.09743,1.09789,18030,1.0961255932479175,1.0961,1.0960535766457915,1.0962778,BULLISH_CROSS,-0.0009108380621069061,0.028235979925132066,-0.11749811001102235
2024-01-17,04:00:00,1.08782,1.08846,1.08649,1.08662,17926,1.0942403121762176,1.0943272,1.0945513453262672,1.0944886,BEARISH_CROSS,0.035891111888250955,-0.158289006276338,0.26780291178150506
2024-01-24,16:00:00,1.08928,1.09325,1.08873,1.09006,73505,1.0895782551717328,1.0895344,1.0895585921175177,1.0896652,BULLISH_CROSS,-0.11192044474616065,-0.21008017907272308,-0.6311579179127752
2024-01-30,00:00:00,1.0819,1.08404,1.08189,1.08337,22119,1.08680829065055,1.0868278,1.0869486290444499,1.0868584,BEARISH_CROSS,-0.029537461808973476,0.07476670020399101,0.08399715701929779
2024-02-02,00:00:00,1.08721,1.08764,1.08626,1.08742,14318,1.0850107336453112,1.084944,1.0849123962430791,1.0849662,BULLISH_CROSS,0.022990196979994982,0.0864431406448236,-0.8708686616027007
2024-02-05,08:00:00,1.07789,1.07848,1.07727,1.07802,23495,1.0841116241725632,1.0841543999999999,1.0843602618938923,1.0843084,BEARISH_CROSS,-0.23468952338545868,-0.347859965492284,-0.2625183206248389
2024-02-12,04:00:00,1.07978,1.07998,1.07909,1.07916,7313,1.0792065314144967,1.079103,1.0792084306559049,1.079212,BULLISH_CROSS,0.10841765817859404,-0.2223951962637568,-0.2770673486785858
2024-02-29,12:00:00,1.08287,1.08545,1.08284,1.08344,34536,1.0821206220539217,1.082168,1.0820667698928572,1.0820504,BEARISH_CROSS,-0.10891235324521514,-0.26674296684634674,-0.14860075315660204
2024-03-07,00:00:00,1.08964,1.09014,1.08925,1.08993,8941,1.0844638366561474,1.0844034,1.084240727948235,1.084246,BULLISH_CROSS,0.01009239125446886,-0.04954446615837575,0.4734248988466994
2024-03-14,16:00:00,1.09416,1.09447,1.08829,1.08876,16501,1.0910127660184121,1.091091,1.0911047156518165,1.0910232,BEARISH_CROSS,0.03122818619346844,-0.0982769389029634,0.0
2024-04-03,16:00:00,1.07837,1.08305,1.0773,1.08265,14262,1.0799434383683573,1.0798396,1.0798329664650248,1.0798358,BULLISH_CROSS,0.06373250819748576,0.1487091857941266,0.3537616034729599
2024-04-11,20:00:00,1.07215,1.07345,1.07135,1.07287,8689,1.0806051070848344,1.0806314000000001,1.080920825741358,1.0807418,BEARISH_CROSS,-0.025166143148749848,-0.4147753222664503,-0.8211619301499702
2024-04-22,00:00:00,1.06526,1.0661,1.06478,1.06575,1786,1.068588425962099,1.0684913999999999,1.068704280083001,1.0688875999999998,BULLISH_CROSS,0.038470560638050336,-0.20924231761669754,-0.03471733520994431
2024-05-02,20:00:00,1.07053,1.07302,1.07018,1.0727,6261,1.0697465712884184,1.0698002,1.0696260231777415,1.0696166,BEARISH_CROSS,0.026102358534544418,0.0708492588794718,0.3178894378670563
2024-05-06,00:00:00,1.0763,1.07646,1.07574,1.07583,1339,1.0709953140146806,1.0709522,1.0707979798928309,1.070824,BULLISH_CROSS,0.05948895271557531,0.13199111383768594,0.08179730998391864
2024-05-14,00:00:00,1.07889,1.07935,1.07853,1.07919,1282,1.0755088638445471,1.0755284,1.0753586133892226,1.075303,BEARISH_CROSS,-0.040771319230162986,0.005559725349563003,0.20292997525921422
2024-05-15,16:00:00,1.08293,1.08744,1.0828,1.08599,12545,1.0775930367494697,1.07751,1.0772503035555705,1.0772594,BULLISH_CROSS,0.2016593154633021,0.2523043490271517,0.13996445639462296
2024-05-22,08:00:00,1.08558,1.08634,1.08504,1.08579,4545,1.0834988909723056,1.0835169999999998,1.083405376318114,1.0833644,BEARISH_CROSS,-0.27998047504581286,-0.33984472135495547,-0.2597187301411916
2024-06-03,16:00:00,1.08435,1.08904,1.08405,1.08896,10672,1.0840437049364642,1.0840016,1.0838430398318302,1.0839382,BULLISH_CROSS,0.09274904496034542,0.16437702027624343,-0.11019688510136902
2024-06-10,08:00:00,1.07556,1.07661,1.0748,1.07644,6972,1.0850820847728644,1.085154,1.0854348229268587,1.0853276,BEARISH_CROSS,-0.1003307197800128,-0.012076845899442929,-0.0037159525844487388
2024-06-19,08:00:00,1.07377,1.07414,1.07248,1.07367,5858,1.0758683374044509,1.0757028000000002,1.0759580654617753,1.0760128,BULLISH_CROSS,0.13225665241649662,0.07637355984613922,-0.11176618514067338
2024-07-16,16:00:00,1.09021,1.09055,1.08715,1.08844,10413,1.0849351596288999,1.0849594,1.0847921049198754,1.0847796,BEARISH_CROSS,0.15894307449193426,0.20120539487706388,0.4409981257579577
2024-07-17,04:00:00,1.09021,1.09069,1.08955,1.09063,3562,1.0855467337236846,1.0855381999999998,1.0853392534675084,1.0853516,BULLISH_CROSS,0.01650422233021914,0.2393112237880859,0.2429788287503591
2024-07-19,16:00:00,1.0893,1.08941,1.08794,1.0888,9745,1.0880629685559835,1.0881364,1.088032885639901,1.0879954,BEARISH_CROSS,-0.03765613519471174,0.03214548126378329,-0.07531227038942348
2024-08-02,16:00:00,1.08312,1.09265,1.08293,1.09132,16227,1.0833648883100795,1.0832894,1.083040189873756,1.0832152,BULLISH_CROSS,-0.027489645566833462,0.15943994428763814,0.39401825312465366
2024-08-13,20:00:00,1.09533,1.09996,1.09528,1.09959,6698,1.0913861290918159,1.0914279999999998,1.0910512772180123,1.0910198,BEARISH_CROSS,-0.000909429878415183,0.08821469820568714,0.15278421957274108
2024-08-15,20:00:00,1.09858,1.09892,1.09716,1.0974,5231,1.0948190635327744,1.0947996,1.0947137191871732,1.0947772,BULLISH_CROSS,-0.014579916165476397,0.0993256788773497,0.48387096774194904
2024-08-28,08:00:00,1.11657,1.11678,1.11351,1.11561,6285,1.1114878504057089,1.1115693999999998,1.11131959940186,1.111202,BEARISH_CROSS,-0.32448615555614924,-0.38543935604736157,-0.23664183720117027
2024-09-09,04:00:00,1.10866,1.10909,1.10787,1.10798,4960,1.1086369016590436,1.1085566,1.1086637139716577,1.1087654,BULLISH_CROSS,-0.1868264770122219,-0.34657665300818297,-0.3736529540244438
2024-09-12,04:00:00,1.101,1.1014,1.10059,1.10135,3239,1.1057327817120677,1.1058452,1.10591167076154,1.1059112,BEARISH_CROSS,-0.05357061787806696,0.2406137921641659,0.6655468288918198
2024-09-13,12:00:00,1.10922,1.11007,1.10811,1.10841,7286,1.1058560227783312,1.1058244000000002,1.1057517788101,1.1057722,BULLISH_CROSS,0.001804386463504572,0.028870183415892856,0.3554641333080769
2024-09-24,16:00:00,1.1129,1.11634,1.1129,1.11497,11126,1.1119625527511063,1.1120438,1.1118397998021718,1.1117596,BEARISH_CROSS,0.24036521162004498,0.4331955119868597,-0.06009130290500627
2024-10-11,16:00:00,1.09307,1.09523,1.09259,1.09412,9989,1.099268807986508,1.0992392,1.0994789634145288,1.0995864,BULLISH_CROSS,-0.045698826454131626,-0.14440829159506405,-0.31440792600444994
2024-10-17,20:00:00,1.08365,1.0837,1.08208,1.08278,5293,1.092155833504153,1.092164,1.092538520585955,1.0924616,BEARISH_CROSS,0.011082583719675092,0.12098487227321544,0.3583368736031219
2024-10-18,20:00:00,1.08533,1.08694,1.08528,1.08666,5066,1.090562325623416,1.0905414,1.09072160422029,1.0907832,BULLISH_CROSS,0.013803765667282728,-0.1711666942741955,-0.47300903686524975
2024-10-23,00:00:00,1.07946,1.07995,1.07921,1.07962,1737,1.0872632755642784,1.0873134,1.0875752459954735,1.0875702,BEARISH_CROSS,0.05464885793148223,-0.3065893555139701,-0.1472740408662289
2024-10-24,12:00:00,1.07956,1.08078,1.07919,1.0795,6604,1.084633914462932,1.0846334,1.0848434619920313,1.0848942,BULLISH_CROSS,0.09078276980085252,0.2658638258453127,0.24363131079204564
2024-11-07,00:00:00,1.07351,1.07383,1.07208,1.07315,3732,1.0836053472699896,1.0837498,1.0840320961381524,1.0839108,BEARISH_CROSS,0.07827423938871098,0.25439127801331585,0.5954433210641472
2024-11-19,20:00:00,1.05866,1.05951,1.05708,1.05935,7678,1.0622695759551186,1.0622048,1.0623887423206335,1.0625354,BULLISH_CROSS,0.12743663567281469,-0.14442818709586364,-0.5106905177703228
2024-12-12,16:00:00,1.05025,1.05208,1.04636,1.04726,14836,1.0528093270569099,1.0528792,1.05303583020209,1.0529393999999999,BEARISH_CROSS,-0.0009548727154732838,-0.11935908943337599,0.1565991253365796
2024-12-27,12:00:00,1.04215,1.04406,1.04089,1.04387,5150,1.0427688926958765,1.0426146,1.042723949540606,1.0427466,BULLISH_CROSS,-0.16189755429315617,-0.0900495272399976,0.08813357985190032
2025-01-03,00:00:00,1.0251,1.02685,1.02506,1.02677,2786,1.0389953428060885,1.0391762,1.0394943363900104,1.0393694,BEARISH_CROSS,0.029217838464307193,0.28730874489905317,0.36424905285507725
2025-01-10,04:00:00,1.02965,1.03042,1.02921,1.02983,3732,1.0345033135145116,1.0344824000000001,1.0346940610048998,1.0347444000000001,BULLISH_CROSS,-0.013594476758302729,-0.4660963459988459,-0.8079003330646907
2025-01-13,04:00:00,1.0243,1.02497,1.02128,1.02151,5148,1.0326010174414912,1.032615,1.0330537120309398,1.0329958000000001,BEARISH_CROSS,0.0009789429374225914,-0.17914655754716044,0.32598799815959273
2025-01-17,00:00:00,1.03017,1.03041,1.02924,1.03013,2886,1.0299416915464334,1.0298175999999999,1.029934005487104,1.0300014,BULLISH_CROSS,-0.007766010115235943,0.031064040460922215,-0.2048285167891486
2025-01-29,16:00:00,1.04015,1.0427,1.03822,1.04193,10988,1.041172802481213,1.0412518,1.041141896460038,1.0409819999999999,BEARISH_CROSS,-0.028792721200077448,0.057585442400154896,0.11517088480030979
2025-02-07,12:00:00,1.03891,1.03997,1.03773,1.03822,6617,1.0377673790751067,1.0377624,1.0377489047516417,1.0378562,BULLISH_CROSS,-0.2619868621293978,-0.6992737570071683,-0.595249561749904
2025-02-21,16:00:00,1.04691,1.04924,1.04525,1.04542,14576,1.044088364973956,1.0441072,1.0440340125239134,1.0438052,BEARISH_CROSS,0.027740047062415247,0.6227162288840864,0.14061334200609155
2025-03-05,04:00:00,1.0623,1.06273,1.0602,1.06179,11470,1.0475472694703685,1.0475278000000001,1.0469659335303834,1.0472948,BULLISH_CROSS,0.5274112583467587,1.3853963589787057,1.6180223961423608
2025-03-14,00:00:00,1.08478,1.08554,1.0844,1.08545,2934,1.078498663693921,1.0787482,1.078214935681428,1.0780079999999999,BEARISH_CROSS,-0.08107236629969063,0.3906214012621513,0.23308305311160543
2025-04-01,04:00:00,1.08171,1.08277,1.08165,1.08263,7889,1.0813962295472732,1.0813536000000001,1.081345871569611,1.0814992,BULLISH_CROSS,-0.23091915058699158,-0.2530873890433449,-0.2863397467278646
2025-04-21,04:00:00,1.14485,1.15307,1.14485,1.15147,16998,1.128261916236132,1.1283264,1.1273146475110762,1.1272038,BEARISH_CROSS,0.3499874074009725,-0.07208177373269702,0.16934874551659151
2025-05-19,08:00:00,1.11805,1.12445,1.11757,1.12378,13879,1.121375982912547,1.1211229999999999,1.1212778597661204,1.1213264,BULLISH_CROSS,0.30877929843920376,0.0160173699478607,0.33903433056292964
2025-05-29,04:00:00,1.12293,1.12564,1.12227,1.12481,17370,1.1304206476161414,1.130818,1.13064965364129,1.1306456,BEARISH_CROSS,0.2418186182555128,1.0775153136974163,0.8970403890434767
2025-06-05,08:00:00,1.141,1.14246,1.14041,1.14115,11609,1.136468268445721,1.13644,1.136277177361873,1.1363654,BULLISH_CROSS,0.12618849406299662,0.22784033650264518,0.12969373000919474
2025-06-10,08:00:00,1.14026,1.14142,1.13725,1.13917,13856,1.1391844447817752,1.139213,1.1391850343647048,1.1388882,BEARISH_CROSS,0.32392004705179833,0.29758508387685806,0.2405259969978111
2025-06-12,16:00:00,1.1589,1.16313,1.1567,1.15765,19975,1.1431863283993458,1.1430396,1.1425959744564618,1.142733,BULLISH_CROSS,-0.007774370491957458,-0.3446637584762372,-0.18053815920184402
2025-06-19,04:00:00,1.14752,1.14831,1.14502,1.14654,12290,1.1493497862353699,1.1495958,1.149464471387834,1.1494518,BEARISH_CROSS,-0.03837633226926195,-0.05058698344582857,0.5529680604252807
2025-06-25,16:00:00,1.15985,1.16291,1.15896,1.16193,14885,1.1538139114681716,1.1538038,1.153482642548505,1.1536352,BULLISH_CROSS,0.3296239876756776,0.643756508567655,0.8348179322334429
2025-07-04,04:00:00,1.17687,1.17704,1.1763,1.17653,2221,1.1712176973461157,1.1713186,1.1710008686663653,1.1708618,BEARISH_CROSS,0.03399828308670037,0.10964446295462192,0.028048583546525924
2025-07-22,00:00:00,1.1689,1.1696,1.16844,1.16943,4069,1.165795953949697,1.1657808,1.1656476255394803,1.1658034000000002,BULLISH_CROSS,-0.06498892622900661,0.05643775172520843,0.36941073856495055
2025-07-29,12:00:00,1.15543,1.15877,1.1537,1.15395,11544,1.1680907478508382,1.1682948,1.168667921232505,1.1684528,BEARISH_CROSS,-0.058061441136959865,0.09359157675808916,-0.07712639195806209
2025-08-06,04:00:00,1.15786,1.15854,1.1564,1.15797,5149,1.1567619979372854,1.1565406,1.1567126917306438,1.1568966,BULLISH_CROSS,0.01036296277106661,0.5725536931008692,0.727998134666715
2025-08-15,20:00:00,1.17063,1.17077,1.16973,1.17066,7439,1.1652339002318937,1.1653146,1.165012426771971,1.1649798,BEARISH_CROSS,-0.005979532913058829,-0.22038849879555353,-0.3442502519945994
2025-08-29,00:00:00,1.16821,1.16829,1.16731,1.16781,3731,1.1648415628678854,1.164755,1.1647204021686155,1.1647354,BULLISH_CROSS,-0.13700858872590968,-0.13443967768730114,0.09933122682628595
2025-09-03,16:00:00,1.16512,1.16816,1.16382,1.16744,15630,1.1661041600895412,1.166187,1.1660496360115633,1.1660266,BEARISH_CROSS,-0.14561776194065945,-0.18673336531214202,-0.22613581854313503
2025-09-04,04:00:00,1.16609,1.16689,1.16498,1.16526,6895,1.166055455672211,1.1660526,1.1660879232506685,1.166189,BULLISH_CROSS,-0.018021729056180037,-0.039476168408758984,0.1570464960609648
2026-04-28,00:00:00,1.17204,1.17266,1.17168,1.17186,2668,1.1711099971874466,1.1711706,1.1710793848277505,1.1710482,BEARISH_CROSS,-0.055467376649072204,-0.18858908060688337,-0.029013704708754202
2026-05-06,20:00:00,1.17437,1.17553,1.17423,1.17478,6075,1.1714284779568755,1.1713852,1.1712916811387888,1.1713170000000002,BULLISH_CROSS,0.0034048928310015498,0.2008886770289024,-0.21450824835287083
2026-05-13,16:00:00,1.17019,1.17176,1.17007,1.17083,8116,1.173635304602368,1.1736776,1.1737498068310361,1.1737474,BEARISH_CROSS,0.0418506529555853,0.050391602538358976,-0.27587267152362566
