trade_date,trade_time,open,high,low,close,volume,prev_high,prev_low,signal,forward_1,forward_3,forward_6
2022-10-24,20:00:00,1.37157,1.37432,1.37036,1.37046,11237,1.37741,1.36869,BEARISH_INSIDEBAR,-0.12842403280650175,0.1050742086598577,-0.7180070925090898
2022-10-26,00:00:00,1.36082,1.36389,1.36058,1.36355,5756,1.36433,1.3601,BULLISH_INSIDEBAR,-0.2398151882952665,-0.511165707161464,-0.5074988082578591
2022-10-26,20:00:00,1.35623,1.35806,1.35472,1.35547,14167,1.36511,1.35329,BEARISH_INSIDEBAR,0.08557917180019108,0.1763226039676359,0.07672615402776542
2022-10-27,20:00:00,1.35389,1.35794,1.35182,1.35651,14784,1.35972,1.34952,BULLISH_INSIDEBAR,-0.0316989922669315,0.30077183360239595,0.3015090194690733
2022-10-28,00:00:00,1.35606,1.35692,1.35553,1.35608,5573,1.35794,1.35182,BULLISH_INSIDEBAR,-0.19025426228541287,0.4144298271488377,0.40410595245119396
2022-10-28,20:00:00,1.36221,1.36269,1.36014,1.3606,8777,1.36344,1.35901,BEARISH_INSIDEBAR,0.07055710715861178,0.2991327355578435,0.11539026899897628
2022-11-01,20:00:00,1.36532,1.36561,1.36159,1.363,11219,1.36687,1.35341,BEARISH_INSIDEBAR,-0.09831254585472464,-0.2802641232575154,0.5928099779897349
2022-11-03,20:00:00,1.37307,1.37495,1.37214,1.37449,13395,1.38079,1.3716,BULLISH_INSIDEBAR,-0.044380097345197086,-0.6809798543459781,-1.9265327503292173
2022-11-04,20:00:00,1.35153,1.35196,1.34712,1.34801,13883,1.35712,1.3469,BEARISH_INSIDEBAR,0.35014577043197437,0.06231407778875335,0.07492526019837964
2022-11-07,04:00:00,1.35271,1.35393,1.35079,1.35266,9223,1.35443,1.34978,BEARISH_INSIDEBAR,-0.2816672334511162,-0.2217852231898549,-0.039921340174174216
2022-11-07,20:00:00,1.34963,1.35003,1.34828,1.34902,9578,1.3527,1.34799,BEARISH_INSIDEBAR,0.07338660657364786,0.052630798653836734,-0.4773835821559355
2022-11-08,20:00:00,1.3399,1.34741,1.3395,1.34258,15200,1.35072,1.33872,BULLISH_INSIDEBAR,0.14375307244260954,0.16237393674863684,0.7381310610913213
2022-11-09,00:00:00,1.34265,1.34476,1.34132,1.34451,7724,1.34741,1.3395,BULLISH_INSIDEBAR,-0.008181419253114853,0.01636283850621319,0.6262504555562898
2022-11-10,00:00:00,1.35275,1.35329,1.3515,1.35293,6344,1.35416,1.3469,BULLISH_INSIDEBAR,0.006652228866232805,-0.9475730451686379,-1.28683671734679
2022-11-11,00:00:00,1.33201,1.33607,1.33142,1.33552,8284,1.33951,1.33081,BULLISH_INSIDEBAR,-0.37663232299030264,-0.6701509524380027,-0.701599377021692
2022-11-14,04:00:00,1.3262,1.32817,1.3247,1.32813,9676,1.33078,1.32388,BULLISH_INSIDEBAR,0.01581170517946613,0.12574070309382818,0.09788198444428307
2022-11-15,20:00:00,1.32734,1.33278,1.32642,1.32793,21873,1.33347,1.32528,BULLISH_INSIDEBAR,0.11898217526525605,-0.30573900732718984,0.3569465257957849
2022-11-16,00:00:00,1.32748,1.33031,1.32687,1.32951,8456,1.33278,1.32642,BULLISH_INSIDEBAR,-0.16171371407510093,-0.20007371136733718,0.39789095230573795
2022-11-16,20:00:00,1.33189,1.33395,1.3317,1.33267,12564,1.33467,1.32669,BULLISH_INSIDEBAR,0.15982951518380134,0.14857391552296298,-0.007503733107220015
2022-11-18,20:00:00,1.34042,1.34071,1.33785,1.33896,9191,1.34089,1.33617,BEARISH_INSIDEBAR,0.13517954233136834,0.36670251538507276,0.46005855290674597
2022-11-21,20:00:00,1.34503,1.34559,1.34312,1.34512,10918,1.34948,1.3417,BULLISH_INSIDEBAR,-0.17173189009159287,-0.3553586297133346,-0.5910253360295084
2022-11-22,04:00:00,1.34282,1.34375,1.34242,1.34322,6159,1.3454,1.342,BULLISH_INSIDEBAR,-0.2144101487470402,-0.3335268980509551,-0.2769464421316067
2022-11-24,12:00:00,1.33476,1.33584,1.33364,1.33466,11234,1.33622,1.33332,BEARISH_INSIDEBAR,-0.06968066773559374,-0.048701541965747046,0.2824689434013195
2022-11-24,20:00:00,1.33374,1.33421,1.33332,1.33371,2293,1.33512,1.33161,BEARISH_INSIDEBAR,0.022493645545131023,0.1986938689820157,0.28117056931417944
2022-11-25,20:00:00,1.33807,1.33873,1.33679,1.33746,5744,1.33981,1.33633,BEARISH_INSIDEBAR,0.672169634979725,0.5181463370867077,0.897970780434544
2022-11-28,04:00:00,1.34649,1.34685,1.34347,1.34579,9487,1.34733,1.33912,BEARISH_INSIDEBAR,-0.10402811731399905,-0.09511142154421921,-0.19988259683903736
2022-11-29,00:00:00,1.34941,1.34969,1.34604,1.34613,4799,1.35046,1.34417,BEARISH_INSIDEBAR,-0.22508970158900612,0.664126050232886,0.8862442706127934
2022-11-29,20:00:00,1.35968,1.36042,1.35691,1.35783,12222,1.36454,1.35369,BEARISH_INSIDEBAR,0.016938792043183052,-0.35276875602984703,-1.1916071967772168
2022-11-30,00:00:00,1.35767,1.35932,1.35715,1.35806,5332,1.36042,1.35691,BULLISH_INSIDEBAR,-0.03681722457033893,-0.4292888384901994,-1.2090776548900712
2022-12-02,00:00:00,1.34276,1.34525,1.3416,1.3445,4704,1.34705,1.34053,BULLISH_INSIDEBAR,-0.04908888062477538,0.250650799553728,-0.2625511342506533
2022-12-02,04:00:00,1.34452,1.3452,1.3431,1.34384,5720,1.34525,1.3416,BEARISH_INSIDEBAR,-0.0327419930944157,0.2626800809620218,-0.2522621740683418
2022-12-02,16:00:00,1.34779,1.34888,1.34431,1.34737,12497,1.35146,1.34222,BEARISH_INSIDEBAR,-0.07347647639475767,-0.5135931481330324,0.7689053489390552
2022-12-06,00:00:00,1.35877,1.35938,1.35705,1.35818,4809,1.36049,1.35682,BEARISH_INSIDEBAR,0.024297221281432763,0.3298531858811085,0.4476578951243639
2022-12-08,04:00:00,1.36755,1.36888,1.36697,1.36747,7730,1.36891,1.36441,BEARISH_INSIDEBAR,-0.0021938324058278784,-0.7444404630448825,-0.6062290214776125
2022-12-08,20:00:00,1.35734,1.35948,1.35622,1.3592,9242,1.36059,1.3561,BULLISH_INSIDEBAR,-0.14346674514419483,0.3296056503825809,0.404649793996473
2022-12-09,04:00:00,1.35731,1.35939,1.35705,1.35918,6747,1.3606,1.35689,BULLISH_INSIDEBAR,0.3310819758972283,0.23102164540384057,0.4488000117718031
2022-12-09,20:00:00,1.36237,1.36495,1.36177,1.3647,7662,1.36609,1.36012,BULLISH_INSIDEBAR,0.16047482963288007,0.09745731662636868,-0.10185388730123852
2022-12-12,04:00:00,1.36694,1.36743,1.36515,1.36528,4808,1.36747,1.36286,BEARISH_INSIDEBAR,0.054933786476036306,0.006592054377118501,-0.24756826438532306
2022-12-13,00:00:00,1.36331,1.3637,1.36232,1.36309,4953,1.36644,1.36185,BEARISH_INSIDEBAR,-0.08730164552595958,-0.662465427814735,-0.5238098731558389
2022-12-13,16:00:00,1.35405,1.35651,1.35231,1.35456,24027,1.36325,1.35217,BULLISH_INSIDEBAR,-0.01107370659107714,0.16684384597211854,0.0819454287739151
2022-12-15,00:00:00,1.35447,1.35711,1.35354,1.35652,4337,1.36118,1.35184,BULLISH_INSIDEBAR,-0.04054492377554702,0.4430454398018512,0.5381417155663083
2022-12-16,20:00:00,1.37037,1.37047,1.36813,1.36952,10184,1.3705,1.3653,BEARISH_INSIDEBAR,-0.3263917284888117,-0.3621706875401655,-0.3307728255155197
2022-12-19,04:00:00,1.36502,1.36786,1.36452,1.36753,5494,1.36899,1.36449,BULLISH_INSIDEBAR,-0.21717987905200742,-0.315898005893829,0.07166204763332293
2022-12-19,12:00:00,1.36454,1.36634,1.36352,1.36549,10236,1.36759,1.36293,BULLISH_INSIDEBAR,-0.16697302799728006,-0.1523262711554154,-0.1618466631026258
2022-12-19,20:00:00,1.36321,1.36695,1.36284,1.36499,8922,1.36942,1.3623,BULLISH_INSIDEBAR,-0.11575176374917875,-0.2578773470867895,-0.2805881361768218
2022-12-20,00:00:00,1.36455,1.36564,1.36321,1.36341,4319,1.36695,1.36284,BEARISH_INSIDEBAR,0.3740620943076465,-0.009534916129408136,-0.2171027057158209
2022-12-20,20:00:00,1.36265,1.36304,1.36045,1.36116,7963,1.36581,1.35797,BEARISH_INSIDEBAR,-0.05216139175409125,0.05216139175409125,0.002204002468480891
2022-12-21,16:00:00,1.36025,1.36371,1.35948,1.36069,15123,1.36376,1.35941,BULLISH_INSIDEBAR,0.036746062659382,-0.1264064555482839,0.5004813734208368
2022-12-22,00:00:00,1.36051,1.36199,1.35956,1.35974,3766,1.36209,1.35898,BEARISH_INSIDEBAR,-0.05662847309043916,0.2794651918749192,0.28314236545222843
2022-12-23,20:00:00,1.3584,1.361,1.3577,1.3592,6630,1.36465,1.35625,BULLISH_INSIDEBAR,-0.3163625662154187,-0.4723366686285956,-0.5113301942319021
2022-12-28,04:00:00,1.35307,1.35372,1.35241,1.35319,4584,1.35396,1.35031,BULLISH_INSIDEBAR,0.039905704298746444,0.30150976581264155,0.39388408131896163
2022-12-29,00:00:00,1.35986,1.36084,1.35879,1.35966,4187,1.36119,1.35625,BEARISH_INSIDEBAR,-0.08384449053440866,-0.17945662886309793,-0.34199726402189096
2022-12-30,00:00:00,1.35444,1.35588,1.35426,1.35501,3608,1.35615,1.3538,BULLISH_INSIDEBAR,-0.01328403480417628,-0.08413222042642791,0.43911115047120686
2023-01-05,20:00:00,1.3579,1.35829,1.35508,1.35686,9446,1.35948,1.35314,BEARISH_INSIDEBAR,-0.11718231799890778,0.3412290140471481,-0.9227186297775648
2023-01-09,20:00:00,1.33683,1.33936,1.33642,1.33901,9075,1.34151,1.33584,BULLISH_INSIDEBAR,-0.08812480862726632,-0.053771069670880266,0.2740830912390544
2023-01-10,08:00:00,1.33803,1.34053,1.3376,1.33829,9309,1.34097,1.33758,BULLISH_INSIDEBAR,0.15915832891226606,0.3280305464436046,0.29066943637028964
2023-01-10,20:00:00,1.34354,1.34382,1.34165,1.34268,7306,1.34451,1.33817,BEARISH_INSIDEBAR,0.05809276968451178,-0.037238954925981387,-0.020853814758546932
2023-01-11,20:00:00,1.34333,1.34351,1.34147,1.3424,7774,1.34409,1.3404,BEARISH_INSIDEBAR,0.013408820023843042,-0.0022348033373044167,-0.4171632896305162
2023-01-12,04:00:00,1.34259,1.34315,1.34209,1.34292,4546,1.34376,1.34166,BULLISH_INSIDEBAR,-0.04095552974114828,-0.5592291424656648,-0.30902808804693327
2023-01-12,16:00:00,1.33522,1.34427,1.33517,1.33541,22645,1.34569,1.33476,BULLISH_INSIDEBAR,0.10408788312203761,0.25160812035255314,0.34146816333561375
2023-01-16,12:00:00,1.3394,1.34027,1.33769,1.33962,7690,1.34181,1.33652,BULLISH_INSIDEBAR,-0.038070497603798874,0.06792971141069605,0.09405652349173936
2023-01-16,16:00:00,1.33966,1.34005,1.33861,1.33911,6492,1.34027,1.33769,BEARISH_INSIDEBAR,0.11201469632816251,0.10977440240160123,0.023149703907821798
2023-01-17,00:00:00,1.34057,1.34113,1.33949,1.34053,4427,1.34156,1.33892,BEARISH_INSIDEBAR,0.0037298680372767124,0.026109076260887296,-0.1335292757342214
2023-01-17,20:00:00,1.33947,1.34023,1.33707,1.33893,7555,1.34082,1.3369,BEARISH_INSIDEBAR,-0.014190435646367806,-0.2352624857162052,0.7744990402784306
2023-01-18,00:00:00,1.33878,1.33965,1.33851,1.33874,4145,1.34023,1.33707,BEARISH_INSIDEBAR,-0.07170921911648803,0.017180333746653755,0.9165334568325443
2023-01-19,04:00:00,1.35103,1.35125,1.34901,1.35004,5831,1.35181,1.34821,BEARISH_INSIDEBAR,0.09629344315724563,-0.251103671002341,-0.30147254896149717
2023-01-20,00:00:00,1.34628,1.34682,1.34484,1.34528,3726,1.34765,1.34462,BEARISH_INSIDEBAR,0.05129043767840742,0.15907469077069686,-0.6362987630827874
2023-01-23,04:00:00,1.33674,1.33795,1.33661,1.33786,3678,1.33826,1.33554,BULLISH_INSIDEBAR,-0.2040572257186941,-0.017191634401204345,-0.1405229246707506
2023-01-24,20:00:00,1.33607,1.33747,1.33536,1.33672,10116,1.34134,1.33533,BULLISH_INSIDEBAR,-0.029175893231184576,0.06583278472679334,0.18104015799869
2023-01-25,20:00:00,1.34098,1.34104,1.3376,1.33914,12083,1.34282,1.33397,BEARISH_INSIDEBAR,0.05675284137581537,0.08214227041236173,-0.525710530639062
2023-01-26,00:00:00,1.33881,1.34075,1.338,1.3399,4910,1.34104,1.3376,BULLISH_INSIDEBAR,-0.04328681244869206,-0.3291290394805601,-0.585864616762455
2023-01-26,04:00:00,1.33989,1.34053,1.3393,1.33932,5601,1.34075,1.338,BEARISH_INSIDEBAR,0.0686915748290201,-0.2613266433712674,-0.43753546575874147
2023-01-26,20:00:00,1.33581,1.33617,1.33195,1.3321,9287,1.3373,1.33029,BEARISH_INSIDEBAR,-0.003753471961572368,-0.02927708130021113,-0.08407777193904435
2023-02-01,12:00:00,1.33077,1.3318,1.32952,1.33107,8490,1.33244,1.32883,BULLISH_INSIDEBAR,0.2576874244029273,-0.20584942940641474,-0.13297572629539012
2023-02-02,04:00:00,1.32837,1.32895,1.32742,1.32862,4547,1.32919,1.32631,BULLISH_INSIDEBAR,-0.05118092456835017,0.2400987490779927,0.30859086872092795
2023-02-02,20:00:00,1.33176,1.333,1.33029,1.33154,9884,1.3347,1.32831,BEARISH_INSIDEBAR,0.07284798053382831,0.2358171740991741,0.6683989966505047
2023-02-03,00:00:00,1.3315,1.33265,1.33117,1.33251,4143,1.333,1.33029,BULLISH_INSIDEBAR,0.01575973163427077,0.6348920458382985,0.6153799971482379
2023-02-03,20:00:00,1.33937,1.34093,1.33834,1.34044,10628,1.34257,1.33517,BULLISH_INSIDEBAR,0.02014263973023727,0.2342514398257229,0.3066157381158303
2023-02-08,00:00:00,1.33878,1.34033,1.33878,1.33995,4245,1.34584,1.33796,BULLISH_INSIDEBAR,-0.05298705175566166,0.07089816784208414,0.3716556587932374
2023-02-10,00:00:00,1.34477,1.346,1.34432,1.34537,3759,1.34627,1.34412,BULLISH_INSIDEBAR,0.030474887949041636,-0.5775362911318116,-0.6823401740785038
2023-02-13,04:00:00,1.3362,1.33786,1.33591,1.33728,4911,1.33794,1.33432,BULLISH_INSIDEBAR,-0.062066283799960244,-0.29836683417084964,-0.27294209140942294
2023-02-14,20:00:00,1.33514,1.3362,1.33337,1.33357,8154,1.33903,1.33044,BEARISH_INSIDEBAR,0.07048748847080866,0.4454209377835477,0.43042359981103945
2023-02-16,20:00:00,1.34307,1.34604,1.34227,1.34564,7732,1.3479,1.3415,BULLISH_INSIDEBAR,0.17092238637376778,0.35299188490235367,0.1345084866680605
2023-02-20,04:00:00,1.34871,1.3489,1.34671,1.34677,4580,1.34943,1.34667,BEARISH_INSIDEBAR,-0.020047966616422438,-0.12474290339108576,-0.000742517282094605
2023-02-20,20:00:00,1.34507,1.34548,1.34494,1.34518,2185,1.34588,1.34411,BULLISH_INSIDEBAR,0.14570540745476157,0.014867898719872282,0.6251951411707005
2023-02-21,04:00:00,1.34714,1.34778,1.34628,1.34676,4478,1.34806,1.34433,BEARISH_INSIDEBAR,-0.10246814577207053,0.3809141940657637,0.5576346193828245
2023-02-22,00:00:00,1.35308,1.35439,1.35269,1.35403,4261,1.35491,1.35154,BULLISH_INSIDEBAR,0.017724865771069916,-0.0620370301987529,-0.10191797818365611
2023-02-22,16:00:00,1.35317,1.35584,1.35238,1.35303,12141,1.35592,1.35142,BEARISH_INSIDEBAR,0.15077271013946783,-0.03030235841038421,0.24685335875776004
2023-02-23,00:00:00,1.3545,1.35532,1.35245,1.35265,3463,1.3568,1.35222,BEARISH_INSIDEBAR,-0.0022178686282463677,0.14711861900714585,0.08206113924519769
2023-02-23,20:00:00,1.35639,1.3568,1.35344,1.35486,9961,1.35811,1.3516,BEARISH_INSIDEBAR,-0.08118920036017588,0.14614056064833952,0.4243980927918858
2023-02-27,20:00:00,1.35702,1.35825,1.35652,1.35745,8621,1.35882,1.35338,BULLISH_INSIDEBAR,0.029467015359678512,0.10460790452686852,0.5200928210983715
2023-03-02,04:00:00,1.36091,1.36215,1.35989,1.36157,6480,1.36262,1.35822,BULLISH_INSIDEBAR,-0.03892565200466516,0.0638968249888106,-0.2225372180644305
2023-03-03,04:00:00,1.35836,1.35908,1.35796,1.35854,6030,1.36011,1.3576,BULLISH_INSIDEBAR,-0.17224373224196626,0.08833011909843418,0.07655276988531289
2023-03-06,20:00:00,1.36087,1.36239,1.36075,1.36124,7310,1.36278,1.35967,BULLISH_INSIDEBAR,-0.05068907760571828,0.1395786194939917,1.0314125356292831
2023-03-08,00:00:00,1.37437,1.37563,1.37437,1.37547,4824,1.3761,1.37317,BULLISH_INSIDEBAR,0.05598086472259936,0.06688622798025634,0.41731190065941665
2023-03-10,00:00:00,1.38237,1.38359,1.38226,1.38344,5033,1.3837,1.37893,BULLISH_INSIDEBAR,0.04409298560111023,-0.3570808997860366,-0.5269473197247455
2023-03-13,08:00:00,1.37268,1.37518,1.37152,1.37386,12235,1.37865,1.3711,BULLISH_INSIDEBAR,0.21472347983055098,-0.06332522964495278,-0.1069978018138735
2023-03-13,20:00:00,1.37239,1.37402,1.37083,1.37299,14521,1.37906,1.36768,BULLISH_INSIDEBAR,0.0866721534752638,-0.04370024544970713,-0.3226534789037017
2023-03-15,00:00:00,1.36793,1.36955,1.36792,1.36926,3866,1.36986,1.36685,BULLISH_INSIDEBAR,-0.11027854461533239,0.4717876809371582,0.37392460160962954
2023-03-16,04:00:00,1.37438,1.37609,1.37402,1.37522,9612,1.37697,1.37394,BULLISH_INSIDEBAR,-0.07780573290092686,-0.1316153051875401,-0.4908305580198101
2023-03-20,20:00:00,1.36739,1.36774,1.36548,1.36633,8519,1.36966,1.36514,BEARISH_INSIDEBAR,0.10026860275335178,0.09953671514202483,0.3571611543331403
2023-03-21,00:00:00,1.36564,1.3677,1.36564,1.3677,4151,1.36774,1.36548,BULLISH_INSIDEBAR,0.08408276668860017,-0.06287928639320473,0.24420560064342478
2023-03-21,20:00:00,1.37301,1.37336,1.37105,1.37121,7182,1.37371,1.36439,BEARISH_INSIDEBAR,-0.012397809234180284,-0.024795618468360568,0.1305416384069514
2023-03-23,00:00:00,1.37324,1.37346,1.3704,1.37058,5054,1.37445,1.36565,BEARISH_INSIDEBAR,-0.28601030220781887,-0.21742619912737549,0.07150257555195472
2023-03-24,00:00:00,1.37144,1.37268,1.37064,1.37156,5064,1.3733,1.36638,BULLISH_INSIDEBAR,0.02187290384672847,0.5912975006561917,0.12686284231095066
2023-03-31,12:00:00,1.35551,1.35587,1.35328,1.35455,9048,1.35642,1.35248,BEARISH_INSIDEBAR,-0.172751098150678,-0.30711306337897765,-0.5559041748181917
2023-04-04,00:00:00,1.34199,1.34378,1.34197,1.34322,3613,1.34386,1.34112,BULLISH_INSIDEBAR,0.011167195247232206,0.13847322106579507,0.03722398415746824
2023-04-04,20:00:00,1.34553,1.34594,1.34431,1.34434,7209,1.34672,1.34058,BEARISH_INSIDEBAR,-0.04611928529985457,0.20828064328963755,0.09893330556256834
2023-04-05,20:00:00,1.3475,1.34795,1.34524,1.34567,5908,1.34809,1.34262,BEARISH_INSIDEBAR,0.06390868489303343,0.1679460789049433,0.26306598200153813
2023-04-06,20:00:00,1.34752,1.34927,1.3467,1.34921,5402,1.35056,1.3463,BULLISH_INSIDEBAR,0.005188221255402383,0.12896435691998093,0.1526819398018063
2023-04-07,04:00:00,1.34928,1.34939,1.34855,1.34879,2340,1.34982,1.34739,BEARISH_INSIDEBAR,0.1601435360582568,0.15421229398201958,0.1972137990346983
2023-04-10,04:00:00,1.35101,1.35161,1.35057,1.35145,3928,1.35171,1.35012,BULLISH_INSIDEBAR,-0.12653076325428986,0.08731362610529127,-0.14428946686892732
2023-04-12,16:00:00,1.34529,1.34786,1.34329,1.3434,13978,1.3489,1.34323,BEARISH_INSIDEBAR,0.053595355069231354,-0.043918415959495936,-0.6662200387077575
2023-04-14,20:00:00,1.3387,1.33882,1.33579,1.3358,8123,1.33953,1.33246,BEARISH_INSIDEBAR,0.1100464141338419,0.046414133852361344,0.2650097319957985
2023-04-17,20:00:00,1.34041,1.34081,1.33902,1.33934,5911,1.34199,1.33839,BEARISH_INSIDEBAR,-0.005973091224041693,-0.20084519240820714,-0.04106500216524934
2023-04-19,00:00:00,1.33867,1.33934,1.33852,1.33868,3068,1.33993,1.33829,BULLISH_INSIDEBAR,0.0754474557026291,0.37574326948933784,0.557265365882795
2023-04-20,20:00:00,1.34616,1.3483,1.34598,1.3477,6598,1.34842,1.34483,BULLISH_INSIDEBAR,-0.016324107739102693,0.2975439637901661,0.46746308525637714
2023-04-21,20:00:00,1.3542,1.35496,1.3535,1.354,6512,1.35633,1.3523,BEARISH_INSIDEBAR,0.000738552437211482,-0.07016248153618954,0.008124076809441097
2023-04-24,20:00:00,1.35408,1.35482,1.35338,1.35411,5781,1.35563,1.35249,BULLISH_INSIDEBAR,-0.06498733485462717,0.18979255747318782,0.628457067741913
2023-04-27,00:00:00,1.36368,1.36393,1.3623,1.36364,3694,1.36507,1.36093,BEARISH_INSIDEBAR,-0.035933237511357796,-0.09753307324514193,-0.252999325335129
2023-04-28,00:00:00,1.35923,1.3607,1.35898,1.36019,3841,1.36168,1.35888,BULLISH_INSIDEBAR,0.04778744146038711,0.2639337151427361,-0.34333438710767994
2023-05-01,04:00:00,1.35552,1.3561,1.3548,1.35539,4959,1.35639,1.35361,BEARISH_INSIDEBAR,0.11657161407417163,-0.16157711064713004,-0.12985192453832356
2023-05-01,20:00:00,1.35318,1.35511,1.35303,1.35432,6809,1.35641,1.35301,BULLISH_INSIDEBAR,0.0730994152046818,0.18459448284009294,0.6062082816468819
2023-05-02,20:00:00,1.36301,1.36331,1.36173,1.36253,7790,1.36374,1.35882,BEARISH_INSIDEBAR,-0.02862322297491523,-0.0425678700652481,-0.084401811336263
2023-05-03,00:00:00,1.36252,1.36312,1.36178,1.36214,3627,1.36331,1.36173,BEARISH_INSIDEBAR,-0.049921447134656786,0.10645014462538165,0.02202416785353848
2023-05-08,00:00:00,1.33793,1.33868,1.33712,1.33819,3542,1.34116,1.3371,BULLISH_INSIDEBAR,-0.09116792084830995,-0.42669576069167175,-0.06277135533817708
2023-05-09,00:00:00,1.33597,1.3376,1.33597,1.33735,3240,1.33832,1.33575,BULLISH_INSIDEBAR,-0.03888286536808434,0.17347739933449566,0.03738737054622537
2023-05-10,00:00:00,1.33829,1.33873,1.33738,1.33785,3720,1.33924,1.33721,BEARISH_INSIDEBAR,0.02915125014015865,-0.29225996935382,-0.08446387861121019
2023-05-10,16:00:00,1.3339,1.33837,1.33358,1.33822,13792,1.33965,1.33348,BULLISH_INSIDEBAR,-0.08294600289936964,-0.01419796446024663,0.7517448551060333
2023-05-12,04:00:00,1.34857,1.34925,1.34825,1.3484,5926,1.3496,1.34815,BEARISH_INSIDEBAR,0.04598042123999295,0.5376742806288919,0.45164639572826526
2023-05-15,04:00:00,1.35612,1.35627,1.35448,1.35449,6147,1.35675,1.3537,BEARISH_INSIDEBAR,-0.20376673138966503,-0.6194213320142561,-0.564788222873549
2023-05-16,00:00:00,1.34662,1.34699,1.34614,1.34628,3245,1.34749,1.34592,BEARISH_INSIDEBAR,0.04159610185103515,-0.3394539026056959,0.0779926909706744
2023-05-17,00:00:00,1.34604,1.34807,1.34604,1.34733,3577,1.34823,1.34598,BULLISH_INSIDEBAR,0.0289461379172224,-0.021524051271767233,-0.08535399642255309
2023-05-19,20:00:00,1.34979,1.3518,1.34933,1.34977,6467,1.35234,1.34684,BEARISH_INSIDEBAR,-0.06964149447683242,-0.03333901331336742,0.053342421301410904
2023-05-22,20:00:00,1.35085,1.35109,1.35018,1.35049,5268,1.35187,1.34971,BEARISH_INSIDEBAR,-0.06368059000806084,0.18363705025583585,-0.023695103258807984
2023-05-23,20:00:00,1.35047,1.35119,1.3492,1.35017,7717,1.35201,1.34844,BEARISH_INSIDEBAR,-0.017775539376524287,0.2762615078101284,0.6850989134701541
2023-05-24,00:00:00,1.3502,1.35052,1.34942,1.34993,2891,1.35119,1.3492,BEARISH_INSIDEBAR,0.014074803878713153,0.3355729556347309,0.7230004518752817
2023-05-25,00:00:00,1.35897,1.3601,1.35879,1.35969,3657,1.36056,1.35832,BULLISH_INSIDEBAR,0.0867844876405621,0.07722348476490931,0.3905301943825376
2023-05-25,20:00:00,1.36378,1.36444,1.36199,1.36433,7084,1.36447,1.36,BULLISH_INSIDEBAR,0.04910835355082336,-0.11140999611530683,-0.2015641377086211
2023-05-29,20:00:00,1.35844,1.35946,1.35838,1.35895,1681,1.3612,1.35826,BULLISH_INSIDEBAR,-0.019132418411284373,-0.03605725008279197,0.07505794915190396
2023-05-30,20:00:00,1.35929,1.36128,1.35929,1.35997,6659,1.36134,1.35845,BULLISH_INSIDEBAR,0.038971447899596424,0.320595307249435,-0.1816216534188234
2023-05-31,00:00:00,1.35998,1.36083,1.35966,1.3605,2843,1.36128,1.35929,BULLISH_INSIDEBAR,0.2521131936787978,0.24108783535464529,-0.2050716648291121
2023-06-01,20:00:00,1.34406,1.34582,1.34379,1.34479,6697,1.35493,1.34362,BULLISH_INSIDEBAR,0.0044616631593164015,-0.2743922842971744,-0.14128600004461758
2023-06-02,00:00:00,1.34441,1.34501,1.34408,1.34485,2694,1.34582,1.34379,BULLISH_INSIDEBAR,-0.09889578763431263,-0.14648473807488024,-0.1390489645685421
2023-06-02,20:00:00,1.34409,1.34476,1.34217,1.34289,6171,1.3451,1.34123,BEARISH_INSIDEBAR,0.006701963675367716,0.054360372033459135,0.10872074406690176
2023-06-05,20:00:00,1.34192,1.34466,1.34187,1.34435,6539,1.34615,1.34169,BULLISH_INSIDEBAR,-0.017108639863127346,-0.13910068062632786,-0.31241864097891037
2023-06-07,20:00:00,1.3368,1.33923,1.33678,1.33709,6706,1.34111,1.33205,BULLISH_INSIDEBAR,-0.08226820932023117,-0.2707371979447873,-0.10171342243228249
2023-06-08,12:00:00,1.33347,1.33645,1.33347,1.33534,9259,1.33652,1.33337,BULLISH_INSIDEBAR,-0.0014977458924250737,0.1108331960399543,0.006739856515937775
2023-06-08,20:00:00,1.33532,1.33636,1.33492,1.33573,6024,1.33882,1.3345,BULLISH_INSIDEBAR,0.08160331803581662,-0.1632066360716665,-0.12727122996414206
2023-06-09,20:00:00,1.33458,1.33544,1.33403,1.33403,6091,1.33694,1.33129,BEARISH_INSIDEBAR,0.01499216659295353,-0.17615795746722895,0.20014542401594793
2023-06-12,20:00:00,1.33799,1.33831,1.3363,1.3367,5984,1.33833,1.33379,BEARISH_INSIDEBAR,-0.006732999177072153,-0.12044587416771822,-0.3942545073689016
2023-06-13,20:00:00,1.32903,1.33168,1.32879,1.33143,7600,1.33346,1.32858,BULLISH_INSIDEBAR,0.0,-0.1900212553419948,0.060836844595675295
2023-06-14,12:00:00,1.32892,1.33092,1.3285,1.3306,8718,1.3318,1.32847,BULLISH_INSIDEBAR,-0.19464903051255766,0.18938824590410927,0.1503081316699235
2023-06-15,00:00:00,1.33211,1.33319,1.33195,1.33312,3237,1.3353,1.32806,BULLISH_INSIDEBAR,0.061509841574638506,-0.039006240998565464,-0.7838754200672159
2023-06-16,00:00:00,1.32154,1.32276,1.32151,1.32267,2974,1.32364,1.32097,BULLISH_INSIDEBAR,0.0589716255755406,-0.08467720595462284,-0.12247953004150354
2023-06-19,12:00:00,1.31948,1.32094,1.31866,1.31913,7254,1.32191,1.31788,BEARISH_INSIDEBAR,0.18118002016481424,0.13114704388498552,0.33127894900426685
2023-06-27,00:00:00,1.31466,1.3155,1.31454,1.31526,3264,1.31563,1.31387,BULLISH_INSIDEBAR,-0.17182914404757618,0.06538631145171758,0.36950869029696515
2023-06-28,20:00:00,1.3249,1.32593,1.32457,1.32583,6502,1.32761,1.32396,BULLISH_INSIDEBAR,-0.04827164870307459,0.040729203593219715,-0.05053438223604613
2023-06-30,20:00:00,1.32288,1.32506,1.32199,1.32473,6530,1.32709,1.32067,BULLISH_INSIDEBAR,0.06642863073984827,0.1336121322835634,0.018871770096554278
2023-07-03,04:00:00,1.32563,1.3257,1.32379,1.32402,5017,1.32576,1.32333,BEARISH_INSIDEBAR,0.18730834881648598,0.0793039380069784,0.0868566940076422
2023-07-03,12:00:00,1.32651,1.32689,1.32442,1.32511,7349,1.32731,1.32402,BEARISH_INSIDEBAR,-0.003018617322338523,-0.018866358264603204,-0.3380851401015795
2023-07-03,20:00:00,1.32508,1.32562,1.32476,1.32498,2115,1.3262,1.323,BEARISH_INSIDEBAR,-0.009056740479110629,-0.09585050340383283,-0.2060408458995699
2023-07-06,08:00:00,1.32949,1.33053,1.32815,1.32963,8494,1.33059,1.32791,BULLISH_INSIDEBAR,0.1789971646247322,0.5354873160202474,0.5866293630558732
2023-07-07,04:00:00,1.33689,1.33691,1.33593,1.33637,4919,1.33729,1.33581,BEARISH_INSIDEBAR,0.07931935017995306,-0.716867334645356,-0.5342831700801534
2023-07-10,12:00:00,1.32791,1.33021,1.32778,1.32996,7800,1.33024,1.32736,BULLISH_INSIDEBAR,-0.10075490992211185,-0.25790249330807274,-0.13233480706186532
2023-07-10,20:00:00,1.32862,1.32889,1.32733,1.32792,5328,1.33039,1.3268,BEARISH_INSIDEBAR,-0.10467498042050744,-0.021085607566725253,-0.3697511898307104
2023-07-12,20:00:00,1.3188,1.31989,1.31815,1.31866,5929,1.32336,1.31433,BEARISH_INSIDEBAR,-0.005308419152777403,-0.2017199278054908,-0.5899928715514157
2023-07-14,00:00:00,1.31072,1.31148,1.31065,1.31128,3268,1.31269,1.31031,BULLISH_INSIDEBAR,-0.10676590812031511,0.02821670428893764,0.8472637422975987
2023-07-14,12:00:00,1.31193,1.31286,1.31063,1.31165,7280,1.31383,1.30985,BEARISH_INSIDEBAR,0.7547745206419411,0.8188159951206473,0.7128426028284961
2023-07-17,20:00:00,1.31762,1.32025,1.31756,1.31988,4417,1.32154,1.31604,BULLISH_INSIDEBAR,-0.011364669515400829,0.10228202563869158,-0.23638512592053912
2023-07-18,20:00:00,1.31881,1.31939,1.31674,1.31676,5182,1.32429,1.31669,BEARISH_INSIDEBAR,0.009113278046122301,0.03645311218445548,-0.03341535283574804
2023-07-19,20:00:00,1.31721,1.31751,1.31578,1.31632,5829,1.31867,1.31553,BEARISH_INSIDEBAR,-0.053938252096753715,-0.30159839552692574,0.06761273854382349
2023-07-20,20:00:00,1.31798,1.31821,1.31647,1.31721,5398,1.31943,1.31448,BEARISH_INSIDEBAR,-0.01973869011015153,0.042514101775731734,0.38718199831462746
2023-07-21,00:00:00,1.31705,1.31778,1.31676,1.31695,2735,1.31821,1.31647,BEARISH_INSIDEBAR,-0.0144272751433338,0.30752875963399423,0.3622005391244877
2023-07-21,20:00:00,1.32114,1.32236,1.32043,1.32231,5179,1.3226,1.31966,BULLISH_INSIDEBAR,-0.04461888664534719,-0.17620678963330574,-0.4189637830765932
2023-07-26,16:00:00,1.32313,1.32345,1.31986,1.32224,10193,1.32353,1.31955,BEARISH_INSIDEBAR,-0.11949419167474414,-0.3864653920619683,-0.2412572604065847
2023-07-28,00:00:00,1.32173,1.32328,1.32163,1.32325,3171,1.32428,1.31841,BULLISH_INSIDEBAR,0.057434347251076656,-0.1148686945021701,0.11184583412053095
2023-07-31,20:00:00,1.31649,1.31918,1.31606,1.31884,5388,1.32115,1.31508,BULLISH_INSIDEBAR,0.03867034666828504,0.4920991174061968,0.7051651451275428
2023-08-01,20:00:00,1.32962,1.32995,1.32779,1.32814,5151,1.33,1.32658,BEARISH_INSIDEBAR,-0.03162317225594342,0.23039739786467092,0.5119942174770669
2023-08-03,00:00:00,1.33412,1.33501,1.33347,1.33477,2826,1.3353,1.33272,BULLISH_INSIDEBAR,0.0764176599713824,0.041205600964964034,-0.06742734703358053
2023-08-03,12:00:00,1.33765,1.33767,1.3347,1.33532,8651,1.33778,1.33456,BEARISH_INSIDEBAR,-0.15052571668214865,-0.10858820357668375,0.0868705628613237
2023-08-03,20:00:00,1.33328,1.33599,1.33313,1.3353,5399,1.33723,1.33285,BULLISH_INSIDEBAR,-0.10709203924212105,0.10784093462144148,0.2156818692428663
2023-08-04,00:00:00,1.33509,1.33555,1.33387,1.33387,2790,1.33599,1.33313,BEARISH_INSIDEBAR,0.1094559439825483,0.1956712423249643,0.23240645640130617
2023-08-07,00:00:00,1.33614,1.33826,1.33611,1.33697,3422,1.33903,1.33208,BULLISH_INSIDEBAR,0.05235719574858994,-0.08077967344068826,0.02767451775282777
2023-08-07,20:00:00,1.33697,1.33719,1.3361,1.33675,3537,1.33863,1.33554,BEARISH_INSIDEBAR,0.04413689919580089,0.41144567046941,0.37104918645968604
2023-08-08,16:00:00,1.34856,1.34969,1.3435,1.34435,11095,1.35014,1.34205,BEARISH_INSIDEBAR,-0.19637743147245698,-0.2053036783575612,-0.08182392978018216
2023-08-09,16:00:00,1.34442,1.34488,1.34159,1.34325,10624,1.34537,1.34072,BEARISH_INSIDEBAR,-0.07742415782617917,-0.10496929089894907,-0.1079471431230189
2023-08-10,00:00:00,1.34147,1.34233,1.34117,1.34178,2333,1.34327,1.34075,BULLISH_INSIDEBAR,0.004471671958141348,-0.2056969100746675,0.13340488008466053
2023-08-11,00:00:00,1.34362,1.34477,1.34296,1.34357,2563,1.34495,1.34147,BEARISH_INSIDEBAR,0.06028714544087598,0.18458286505355417,0.09824571849624418
2023-08-11,20:00:00,1.34432,1.34514,1.34368,1.34453,6351,1.34644,1.34121,BULLISH_INSIDEBAR,0.026775155630585853,0.03123768156903059,0.1100756398146509
2023-08-14,20:00:00,1.34556,1.3472,1.34502,1.34601,5977,1.34796,1.34441,BULLISH_INSIDEBAR,0.0007429365309370296,0.1768188943618583,0.2815729452233031
2023-08-15,00:00:00,1.3459,1.34668,1.34555,1.34602,2572,1.3472,1.34502,BULLISH_INSIDEBAR,-0.10846792766823797,0.04383292967415718,0.267455164113464
2023-08-18,00:00:00,1.35309,1.3548,1.35267,1.35375,3055,1.35517,1.35186,BULLISH_INSIDEBAR,0.0672206832871628,0.23564173591874615,0.03988919667589916
2023-08-18,16:00:00,1.357,1.3571,1.35353,1.35364,11324,1.35746,1.35316,BEARISH_INSIDEBAR,0.09234360686740739,0.04432493129636801,0.1484885198427992
2023-08-21,00:00:00,1.35431,1.35499,1.35368,1.35429,3210,1.3555,1.35332,BEARISH_INSIDEBAR,-0.003691971438900344,-0.2569612121480575,0.03027416579905496
2023-08-21,20:00:00,1.35565,1.35585,1.35406,1.35438,5848,1.35724,1.35082,BEARISH_INSIDEBAR,0.023627047062131604,-0.10189164045540668,0.042085677579422436
2023-08-22,20:00:00,1.35529,1.35636,1.35495,1.35495,5470,1.35646,1.35247,BEARISH_INSIDEBAR,-0.01697479611795081,0.0036901730691083407,-0.1837706188420313
2023-08-25,00:00:00,1.35733,1.35874,1.35733,1.35817,3043,1.35886,1.35601,BULLISH_INSIDEBAR,0.13621269796858324,0.06700192170346617,0.1089701583748666
2023-08-25,20:00:00,1.3615,1.36293,1.35882,1.36044,7751,1.36399,1.35728,BEARISH_INSIDEBAR,-0.058069448119731,-0.028667195907214754,-0.048513716150664854
2023-08-28,20:00:00,1.35917,1.36094,1.35896,1.35978,5518,1.36114,1.35699,BULLISH_INSIDEBAR,0.0411831325655706,0.10369324449542656,-0.3507920398888012
2023-08-30,00:00:00,1.35504,1.35706,1.355,1.35632,2866,1.35849,1.35491,BULLISH_INSIDEBAR,0.07815264834257851,-0.17621210333843726,-0.2167630057803426
2023-08-30,20:00:00,1.3532,1.35475,1.35237,1.35316,5575,1.35499,1.35127,BEARISH_INSIDEBAR,0.016258239971630038,0.07759614531910457,-0.17736261787223667
2023-09-01,00:00:00,1.35076,1.35157,1.35045,1.351,3146,1.35456,1.35036,BULLISH_INSIDEBAR,-0.010362694300520281,0.24278312361213544,0.6150999259807579
2023-09-01,20:00:00,1.36016,1.36036,1.35902,1.35916,5222,1.36123,1.35333,BEARISH_INSIDEBAR,0.011036228258637284,0.03310868477589552,0.002942994202304365
2023-09-04,20:00:00,1.35949,1.35951,1.35916,1.3592,1347,1.36042,1.35883,BEARISH_INSIDEBAR,0.06327251324309027,0.5083872866391974,0.37080635668039535
2023-09-05,12:00:00,1.36617,1.36628,1.36309,1.36355,8777,1.36691,1.36117,BEARISH_INSIDEBAR,-0.17234424846907515,0.0777382567562657,0.11440724579223392
2023-09-06,12:00:00,1.36521,1.36618,1.364,1.36511,7012,1.36713,1.3626,BEARISH_INSIDEBAR,0.0805795869929807,-0.05201046069547424,0.008790500399227751
2023-09-06,20:00:00,1.36623,1.36661,1.36342,1.36343,5165,1.36759,1.3622,BEARISH_INSIDEBAR,0.07114409980711422,0.07701165443037013,0.38139105051231775
2023-09-07,20:00:00,1.36894,1.36894,1.36732,1.36863,4955,1.3694,1.3645,BEARISH_INSIDEBAR,-0.04895406355259992,-0.13224903735853294,-0.3353718682185904
2023-09-08,00:00:00,1.36779,1.3687,1.36776,1.36796,2479,1.36894,1.36732,BULLISH_INSIDEBAR,-0.08406678557852454,-0.41302377262494183,-0.36623877891166107
2023-09-08,16:00:00,1.36229,1.36433,1.36091,1.36281,10281,1.36759,1.36077,BULLISH_INSIDEBAR,0.09025469434476135,-0.19518494874561432,-0.40798056955848644
2023-09-11,20:00:00,1.35729,1.35861,1.35661,1.35751,4460,1.36009,1.35609,BULLISH_INSIDEBAR,0.06703449698344516,0.050828354855587024,-0.16574463539864054
2023-09-12,08:00:00,1.35832,1.35892,1.35727,1.3582,6862,1.35927,1.35716,BEARISH_INSIDEBAR,-0.030923280812846926,-0.2164629656898958,-0.16860550728906826
2023-09-12,20:00:00,1.35574,1.35627,1.35484,1.35526,5611,1.35854,1.35432,BEARISH_INSIDEBAR,-0.00221359739090466,0.04796127680297799,-0.0317282292696553
2023-09-14,20:00:00,1.34948,1.35184,1.34948,1.35059,5583,1.35354,1.34931,BULLISH_INSIDEBAR,0.05256961772262407,0.02073168022864511,0.13697717293924355
2023-09-15,00:00:00,1.3504,1.35174,1.35028,1.3513,3043,1.35184,1.34948,BULLISH_INSIDEBAR,-0.12876489306592562,0.19610745208318223,0.040701546658776774
2023-09-15,08:00:00,1.34953,1.35142,1.34947,1.35087,7631,1.3516,1.34936,BULLISH_INSIDEBAR,0.22800121403243626,0.11622139806199497,0.015545537320396744
2023-09-15,20:00:00,1.35182,1.35336,1.35153,1.35244,6143,1.35493,1.35023,BULLISH_INSIDEBAR,-0.04362485581616119,-0.10055898967791753,-0.28910709532401285
2023-09-18,00:00:00,1.35161,1.35261,1.35161,1.35185,1920,1.35336,1.35153,BULLISH_INSIDEBAR,-0.05621925509487694,-0.13537004845212106,-0.2707400969042421
2023-09-18,12:00:00,1.35109,1.35161,1.34972,1.35002,5898,1.35185,1.34956,BEARISH_INSIDEBAR,-0.1533310617620492,-0.1355535473548539,-0.7488777944030506
2023-09-18,20:00:00,1.34794,1.34967,1.34752,1.34853,4553,1.35149,1.34714,BULLISH_INSIDEBAR,-0.025212638947595303,-0.24619400384121892,-0.2817883176495907
2023-09-19,00:00:00,1.34849,1.34886,1.34771,1.34819,2362,1.34967,1.34752,BEARISH_INSIDEBAR,-0.036345025552785695,-0.6141567583204196,-0.2677664127459699
2023-09-19,16:00:00,1.33992,1.34474,1.33839,1.34441,10847,1.34582,1.33803,BULLISH_INSIDEBAR,0.023802262702588936,0.10785400287114431,-0.3019912080392272
2023-09-22,00:00:00,1.34767,1.3482,1.34657,1.3476,2321,1.34883,1.34602,BEARISH_INSIDEBAR,-0.09424161472246086,-0.22632828732561572,-0.013357079251992207
2023-09-25,08:00:00,1.3481,1.34891,1.34722,1.34836,5648,1.34894,1.34713,BULLISH_INSIDEBAR,-0.1349787890474304,-0.2217508677207903,0.04746506867601931
2023-10-02,00:00:00,1.35661,1.35815,1.35522,1.35749,3403,1.35846,1.35444,BULLISH_INSIDEBAR,0.09576497801087719,0.3712734532114368,0.7749596682111737
2023-10-02,20:00:00,1.36775,1.36777,1.3655,1.36755,7524,1.36795,1.36222,BEARISH_INSIDEBAR,0.03363679572958246,0.15794669299111108,0.24130744762530498
2023-10-03,20:00:00,1.37156,1.37232,1.36976,1.37085,7819,1.37358,1.36824,BEARISH_INSIDEBAR,-0.0444979392347813,-0.10066746908851713,0.2626107889265819
2023-10-04,00:00:00,1.37073,1.37132,1.36982,1.37024,2936,1.37232,1.36976,BEARISH_INSIDEBAR,-0.036489957963564405,0.11603806632416236,0.2707554880896852
2023-10-04,20:00:00,1.37359,1.37609,1.37338,1.37445,8212,1.37795,1.37131,BULLISH_INSIDEBAR,-0.03637818763868784,0.28520499108735464,-0.29320819236785467
2023-10-09,12:00:00,1.36604,1.36701,1.36452,1.36469,8133,1.36758,1.36434,BEARISH_INSIDEBAR,-0.19051945863162592,-0.5048765653738259,-0.37590954722316844
2023-10-10,12:00:00,1.35858,1.36067,1.35857,1.35956,9480,1.36168,1.35773,BULLISH_INSIDEBAR,-0.11474300508988244,-0.11106534467034351,-0.05957809879668417
2023-10-13,00:00:00,1.36824,1.36926,1.36792,1.36812,3181,1.37002,1.36665,BEARISH_INSIDEBAR,0.04166301201648682,-0.14691693711078466,-0.21781715054234882
2023-10-13,20:00:00,1.36539,1.36703,1.36502,1.36599,7142,1.36811,1.36362,BULLISH_INSIDEBAR,-0.062225931375780016,-0.10761425779105868,-0.37042730913111105
2023-10-17,20:00:00,1.36405,1.36578,1.36334,1.36473,7564,1.36907,1.36206,BULLISH_INSIDEBAR,0.07400731280179636,-0.11137734203834941,0.49533607380215133
2023-10-24,00:00:00,1.36851,1.36923,1.36822,1.36857,2743,1.36974,1.36671,BULLISH_INSIDEBAR,-0.09279759164676299,0.13883104262113102,0.3777665738690675
2023-10-24,20:00:00,1.3751,1.37512,1.37256,1.37403,6570,1.37543,1.37031,BEARISH_INSIDEBAR,-0.021105798272244673,0.1462850156110016,0.4206603931500692
2023-10-25,00:00:00,1.37318,1.3746,1.37305,1.37374,3164,1.37512,1.37256,BULLISH_INSIDEBAR,0.028389651608027172,0.24458776769985804,0.5241166450711267
2023-10-25,20:00:00,1.3786,1.38007,1.37798,1.37981,7079,1.38097,1.37605,BULLISH_INSIDEBAR,0.08189533341547571,-0.01956791152404987,0.23626441321631533
2023-10-26,20:00:00,1.38412,1.38417,1.3812,1.38307,7911,1.38439,1.3805,BEARISH_INSIDEBAR,-0.04699689820472134,-0.21184755652281512,0.3145177033700446
2023-10-30,08:00:00,1.38625,1.38648,1.38518,1.38615,5442,1.38656,1.38499,BEARISH_INSIDEBAR,-0.18829131046423558,-0.2553836164917288,-0.2979475525736729
2023-10-30,20:00:00,1.3843,1.38505,1.38162,1.38261,6861,1.38572,1.38127,BEARISH_INSIDEBAR,0.06147792942333829,-0.042672915717365596,0.3471694838023837
2023-10-31,00:00:00,1.38222,1.38361,1.38205,1.38346,2685,1.38505,1.38162,BULLISH_INSIDEBAR,0.09758142627905285,0.10191837855811757,0.34334205542625246
2023-10-31,20:00:00,1.38882,1.38897,1.38611,1.38741,6471,1.38918,1.38486,BEARISH_INSIDEBAR,0.057661397856431186,0.0771221196329783,-0.13766658738225027
2023-11-03,04:00:00,1.37571,1.37594,1.3737,1.37391,3634,1.376,1.37353,BEARISH_INSIDEBAR,0.035664635965973135,-0.606298811421414,-0.6485140948097018
2023-11-07,20:00:00,1.37769,1.3778,1.37471,1.37654,5679,1.37819,1.37456,BEARISH_INSIDEBAR,0.022520231885728742,0.15982100047946152,0.1910587414822606
2023-11-08,00:00:00,1.37596,1.37743,1.37596,1.37685,2810,1.3778,1.37471,BULLISH_INSIDEBAR,0.0733558484947654,0.17721610923484749,0.13872244616334956
2023-11-08,20:00:00,1.38054,1.38124,1.37902,1.37917,6316,1.38143,1.37759,BEARISH_INSIDEBAR,-0.029728024826527654,-0.017401770630162922,0.10006018112342474
2023-11-09,04:00:00,1.37875,1.37954,1.37831,1.37943,3370,1.37967,1.37825,BULLISH_INSIDEBAR,-0.03624685558527399,-0.1790594665912712,0.03189723291504433
2023-11-10,00:00:00,1.38026,1.38142,1.37997,1.38028,3404,1.38159,1.3767,BULLISH_INSIDEBAR,-0.029704118005044012,0.13475526704726382,0.037673515518595935
2023-11-13,20:00:00,1.37908,1.38078,1.37887,1.38061,4740,1.38284,1.37768,BULLISH_INSIDEBAR,-0.02172952535473211,0.0970585465844894,-0.8242733284562582
2023-11-14,00:00:00,1.37925,1.38053,1.37924,1.38031,2407,1.38078,1.37887,BULLISH_INSIDEBAR,0.11229361520239385,-0.29268787446297,-0.7266483615999293
2023-11-15,00:00:00,1.36843,1.37096,1.36843,1.37028,3331,1.37166,1.36842,BULLISH_INSIDEBAR,-0.10800712263186545,-0.15617246110284255,-0.03138044779168713
2023-11-15,20:00:00,1.36665,1.36873,1.36653,1.36824,5435,1.36954,1.36543,BULLISH_INSIDEBAR,0.11766941472257143,0.10743729170321599,0.5298777992165264
2023-11-16,20:00:00,1.37593,1.37689,1.37522,1.37549,5239,1.37765,1.37101,BEARISH_INSIDEBAR,-0.029807559487893147,-0.09014969210973034,-0.28644337654218166
2023-11-17,04:00:00,1.37509,1.37569,1.37472,1.3751,3261,1.37577,1.37471,BULLISH_INSIDEBAR,-0.06181368627736292,-0.18907715802486624,-0.330885026543528
2023-11-17,20:00:00,1.37247,1.37275,1.37093,1.37155,4852,1.37463,1.37078,BEARISH_INSIDEBAR,0.015311144325765993,-0.11301082716634028,0.07072290474280306
2023-11-20,00:00:00,1.37114,1.37271,1.37113,1.37176,3390,1.37275,1.37093,BULLISH_INSIDEBAR,-0.08820784976965032,-0.03134659124046134,-0.018224762349105052
2023-11-20,08:00:00,1.37053,1.37177,1.36964,1.37,6786,1.37194,1.36893,BEARISH_INSIDEBAR,0.0970802919707906,0.18394160583940553,0.2087591240875812
2023-11-20,20:00:00,1.37264,1.37313,1.37121,1.37252,4433,1.37491,1.37083,BEARISH_INSIDEBAR,-0.07358727013085095,0.024771952321278157,-0.1712179057499965
2023-11-21,20:00:00,1.3693,1.37049,1.36925,1.37017,6322,1.37113,1.36807,BULLISH_INSIDEBAR,0.008028200880170522,0.07006429859067487,-0.11239481232256557
2023-11-23,16:00:00,1.37042,1.37095,1.3691,1.3697,5264,1.37108,1.36758,BEARISH_INSIDEBAR,-0.0073008688033868,-0.0014601737606708754,-0.6359056727750599
2023-11-24,20:00:00,1.36094,1.36474,1.36061,1.36344,4121,1.36608,1.35934,BULLISH_INSIDEBAR,-0.027870680044596537,0.12028398756088172,-0.13788652232587292
2023-11-27,00:00:00,1.36291,1.36401,1.36241,1.36306,2943,1.36474,1.36061,BULLISH_INSIDEBAR,0.15406511818995428,0.08510263671445498,-0.1724062036887483
2023-11-27,16:00:00,1.36416,1.36533,1.36295,1.36404,9113,1.36586,1.3622,BEARISH_INSIDEBAR,-0.1818128500630345,-0.2514589014984768,-0.47066068443739706
2023-11-28,20:00:00,1.35761,1.35874,1.35611,1.35718,6428,1.3606,1.35598,BEARISH_INSIDEBAR,-0.19378417011745916,0.03610427504088473,0.128207017492142
2023-11-29,20:00:00,1.35837,1.35992,1.35711,1.35892,5682,1.36147,1.35663,BULLISH_INSIDEBAR,0.02060459776882068,0.12215582962941123,-0.21929179053954487
2023-11-30,00:00:00,1.35793,1.35936,1.35793,1.3592,2996,1.35992,1.35711,BULLISH_INSIDEBAR,-0.09711595055915155,0.20379635079458058,-0.4053855208946368
2023-11-30,20:00:00,1.35843,1.35846,1.35581,1.35594,6370,1.36264,1.35521,BEARISH_INSIDEBAR,-0.1659365458648512,-0.3038482528725387,-0.4764222605719951
2023-12-01,20:00:00,1.34957,1.35139,1.34918,1.34948,6219,1.35297,1.34866,BEARISH_INSIDEBAR,0.10300263805317622,0.3260515161395471,0.3067848356403972
2023-12-04,20:00:00,1.35308,1.3554,1.35307,1.35362,6309,1.35617,1.35172,BULLISH_INSIDEBAR,0.09086745172205377,0.12780544022694768,0.40705663332396863
2023-12-05,16:00:00,1.35859,1.35885,1.35557,1.35709,12355,1.35914,1.35532,BEARISH_INSIDEBAR,0.15032164410614196,0.020632382524376276,0.08400327170638211
2023-12-07,00:00:00,1.35872,1.35957,1.35871,1.35922,3252,1.3596,1.35653,BULLISH_INSIDEBAR,0.10447168228836956,-0.011035741086806734,-0.08534306440458865
2023-12-08,20:00:00,1.35981,1.36037,1.35816,1.35885,5474,1.36092,1.35504,BEARISH_INSIDEBAR,0.059609228391669385,0.03164440519558101,-0.1111233763844354
2023-12-11,20:00:00,1.3576,1.35791,1.35625,1.35734,5598,1.35885,1.35499,BEARISH_INSIDEBAR,-0.049361250681476156,-0.050834720851082225,0.12892863983968042
2023-12-12,20:00:00,1.3609,1.36105,1.3588,1.35909,5909,1.3618,1.35831,BEARISH_INSIDEBAR,-0.015451515352171047,0.013979942461509872,-0.5415388237717745
2023-12-14,20:00:00,1.34087,1.34256,1.34025,1.34049,6466,1.34429,1.33938,BEARISH_INSIDEBAR,-0.006713962804640353,-0.22230676842050165,-0.21260882214712676
2023-12-15,20:00:00,1.33666,1.33832,1.3364,1.33764,7470,1.34034,1.335,BULLISH_INSIDEBAR,0.06952543285189569,-0.013456535390676637,0.16372118058671514
2023-12-18,04:00:00,1.33858,1.33858,1.33705,1.33738,3715,1.33882,1.33656,BEARISH_INSIDEBAR,0.0059818451001271145,0.12786193901508008,0.1637530096158096
2023-12-18,20:00:00,1.33906,1.34012,1.33894,1.33983,5347,1.34088,1.33618,BULLISH_INSIDEBAR,-0.04478180067621683,-0.08732451131860873,-0.49707798750588583
2023-12-21,00:00:00,1.33684,1.33696,1.335,1.3352,2774,1.33699,1.33113,BEARISH_INSIDEBAR,-0.012732174955063172,-0.15802875973635666,-0.5145296584781255
2023-12-27,12:00:00,1.32028,1.32077,1.31926,1.31972,5711,1.32086,1.31844,BEARISH_INSIDEBAR,0.10002121662170671,-0.016670202770292866,0.10911405449639966
2023-12-29,00:00:00,1.3226,1.32324,1.32205,1.3225,2722,1.32351,1.32143,BEARISH_INSIDEBAR,-0.0037807183364919105,0.23289224952740806,0.12400756143667946
2023-12-29,04:00:00,1.32253,1.32323,1.32222,1.32245,2888,1.32324,1.32205,BEARISH_INSIDEBAR,0.19660478657039268,-0.1353548338311436,0.08544746493251733
2023-12-29,20:00:00,1.32065,1.32545,1.32065,1.32525,5891,1.32608,1.31779,BULLISH_INSIDEBAR,-0.08375778155064663,0.003018298434260706,0.5168836068666307
2024-01-02,00:00:00,1.32229,1.32494,1.32229,1.32414,2707,1.32545,1.32065,BULLISH_INSIDEBAR,-0.042291600586049506,0.4357545274668714,0.6396604588638646
2024-01-03,00:00:00,1.33161,1.33292,1.33161,1.33261,2881,1.33336,1.33047,BULLISH_INSIDEBAR,0.006003256766785328,0.26864574031411415,0.15308304755328414
2024-01-04,20:00:00,1.33546,1.33612,1.33456,1.3349,6010,1.33657,1.33413,BEARISH_INSIDEBAR,0.008989437411051017,0.17379578994681996,0.09888381152146138
2024-01-08,00:00:00,1.33502,1.33651,1.33409,1.33542,2799,1.33682,1.33376,BULLISH_INSIDEBAR,0.14452382022135263,0.3070195144598697,-0.044929685042919526
2024-01-09,20:00:00,1.33909,1.34031,1.33841,1.33894,6215,1.34144,1.3367,BEARISH_INSIDEBAR,-0.059748756478999195,-0.14115643718164722,-0.0769265239667264
2024-01-10,16:00:00,1.33837,1.33878,1.33722,1.33796,8946,1.33893,1.33649,BEARISH_INSIDEBAR,-0.003737032497242482,-0.15471314538551348,0.34305958324612634
2024-01-11,20:00:00,1.34257,1.34276,1.3391,1.33937,6755,1.34424,1.33692,BEARISH_INSIDEBAR,-0.16649618850653325,-0.2799823797755602,0.08586126313117246
2024-01-16,16:00:00,1.34632,1.34939,1.34568,1.34892,11868,1.35,1.34446,BULLISH_INSIDEBAR,0.03484268896600188,0.1430774249029008,0.27948284553569164
2024-01-17,12:00:00,1.35177,1.35269,1.351,1.352,7591,1.35301,1.35056,BULLISH_INSIDEBAR,0.051035502958569325,-0.22041420118343066,-0.009615384615398338
2024-01-18,16:00:00,1.35186,1.35192,1.3489,1.35075,10414,1.35276,1.34822,BEARISH_INSIDEBAR,-0.15546918378678445,-0.0806959096797937,-0.34647418101053457
2024-01-23,12:00:00,1.34759,1.34817,1.34643,1.34758,6577,1.34823,1.34528,BEARISH_INSIDEBAR,0.04600840024340409,-0.08014366494011264,-0.32428501461879705
2024-01-25,04:00:00,1.35238,1.35253,1.35144,1.35227,3711,1.35341,1.35123,BEARISH_INSIDEBAR,-0.12275655009724351,-0.1967062790714951,-0.42964792534036045
2024-01-26,00:00:00,1.34736,1.34821,1.34694,1.34716,2533,1.35042,1.34679,BEARISH_INSIDEBAR,-0.051961162742355994,-0.32958223225155137,-0.17963716262358345
2024-01-26,20:00:00,1.34624,1.34649,1.3443,1.34511,5723,1.34671,1.34189,BEARISH_INSIDEBAR,-0.027507044033572084,-0.1189493796046454,-0.2743270067132035
2024-01-29,00:00:00,1.345,1.34585,1.34443,1.34474,3264,1.34649,1.3443,BEARISH_INSIDEBAR,0.001487276350811977,-0.07138926483930513,-0.3004298228653899
2024-01-29,04:00:00,1.34475,1.34558,1.34447,1.34476,3250,1.34585,1.34443,BULLISH_INSIDEBAR,-0.09295338945239101,-0.01041077961867017,-0.2981944733632654
2024-01-31,00:00:00,1.33966,1.3411,1.33959,1.3411,3361,1.34161,1.33953,BULLISH_INSIDEBAR,0.04995898888971355,-0.10439191708299664,0.16479009768101152
2024-02-01,00:00:00,1.34313,1.34395,1.34222,1.34331,3540,1.34459,1.33706,BULLISH_INSIDEBAR,0.10645346197080661,0.058065524711347564,-0.439958014159061
2024-02-01,20:00:00,1.33823,1.3392,1.33701,1.33857,7192,1.34531,1.33673,BULLISH_INSIDEBAR,-0.08740671014591059,-0.12476000508005261,0.5744936760871657
2024-02-02,00:00:00,1.33803,1.33852,1.33718,1.3374,3123,1.3392,1.33701,BEARISH_INSIDEBAR,0.009720352923596945,0.4531179901301164,0.7365036638253429
2024-02-02,20:00:00,1.34666,1.34695,1.3454,1.34626,6436,1.34754,1.34341,BEARISH_INSIDEBAR,0.0735370582205552,0.17604326058859235,0.5793828829498038
2024-02-05,04:00:00,1.34725,1.34794,1.3469,1.34701,4437,1.34886,1.34577,BEARISH_INSIDEBAR,0.12026636773297561,0.4239018270094418,0.31551361905255826
2024-02-05,20:00:00,1.35269,1.35429,1.3522,1.35406,5569,1.35436,1.35015,BULLISH_INSIDEBAR,-0.13810318597403645,-0.05243489948746646,-0.36261317814572247
2024-02-07,00:00:00,1.3482,1.34921,1.34767,1.34775,3310,1.34946,1.34762,BEARISH_INSIDEBAR,0.049712483769241214,-0.08977926173251222,-0.17288072713781807
2024-02-07,16:00:00,1.34654,1.3481,1.34597,1.34731,9313,1.34852,1.34547,BULLISH_INSIDEBAR,-0.08832414217960412,-0.13953730025013572,-0.06011979425670243
2024-02-09,20:00:00,1.34692,1.347,1.34524,1.34587,4408,1.34812,1.34305,BEARISH_INSIDEBAR,-0.0037150690631252256,0.046066856382864986,-0.06092713263538238
2024-02-12,04:00:00,1.34582,1.34641,1.34577,1.3461,1933,1.34653,1.34523,BULLISH_INSIDEBAR,0.028972587474919424,-0.18720748829953773,-0.026743926899943392
2024-02-13,00:00:00,1.34474,1.34565,1.3447,1.34522,2044,1.34586,1.34299,BULLISH_INSIDEBAR,0.038655387222896916,0.5315115743149811,0.8325775709549276
2024-02-16,20:00:00,1.34747,1.34919,1.34691,1.34853,5311,1.35054,1.34687,BULLISH_INSIDEBAR,-0.05487456712123297,-0.08676113990790828,0.028920379969291782
2024-02-19,04:00:00,1.34781,1.34832,1.34753,1.34771,3346,1.34866,1.34676,BEARISH_INSIDEBAR,-0.025969978704622837,0.09720192029443607,0.22556781503438658
2024-02-19,20:00:00,1.34901,1.34912,1.34881,1.34892,975,1.34963,1.34766,BEARISH_INSIDEBAR,0.11490674020699243,0.02298134804139849,0.24612282418528986
2024-02-20,20:00:00,1.35196,1.35278,1.35163,1.35224,5732,1.35293,1.34977,BULLISH_INSIDEBAR,-0.03105957522333956,0.027362006744363534,-0.13533100633023712
2024-02-21,12:00:00,1.35258,1.3533,1.3519,1.35232,6378,1.35358,1.35071,BEARISH_INSIDEBAR,-0.11018102224325539,-0.26620918125887716,-0.1345835305253145
2024-02-23,20:00:00,1.34969,1.35072,1.34903,1.3506,16534,1.35171,1.34633,BULLISH_INSIDEBAR,0.05330964015993291,0.11846586702206766,-0.011846586702201834
2024-02-26,04:00:00,1.35133,1.35175,1.35065,1.35097,2396,1.35191,1.34909,BEARISH_INSIDEBAR,0.09104569309459605,0.05403524874718886,-0.05995691984277796
2024-02-27,20:00:00,1.35228,1.35358,1.35161,1.3528,4644,1.35388,1.34944,BULLISH_INSIDEBAR,0.04065641632170686,0.4376108811354173,0.3607332939089293
2024-02-29,20:00:00,1.3578,1.35806,1.35677,1.35793,5009,1.35846,1.35409,BULLISH_INSIDEBAR,-0.09867960793267096,-0.02061961956802324,-0.15611997672929545
2024-03-01,12:00:00,1.35771,1.35856,1.35687,1.35851,6588,1.35915,1.35649,BULLISH_INSIDEBAR,-0.23407998468912136,-0.17519193822644286,-0.13765080860649082
2024-03-01,20:00:00,1.35533,1.3562,1.35518,1.35581,4519,1.36012,1.35447,BULLISH_INSIDEBAR,0.023602127141715872,0.029502658927132556,0.11727306923536339
2024-03-06,00:00:00,1.35931,1.35995,1.35837,1.35862,2642,1.35996,1.35744,BEARISH_INSIDEBAR,-0.02723351636218968,-0.15236048343171868,-0.5225890977609549
2024-03-07,00:00:00,1.3511,1.35224,1.35062,1.35152,3107,1.35231,1.34986,BULLISH_INSIDEBAR,-0.030336214040489334,-0.21901266721913648,-0.48463951698828395
2024-03-07,08:00:00,1.35116,1.35158,1.35035,1.35065,5430,1.35251,1.35029,BEARISH_INSIDEBAR,-0.15474031022099918,-0.3561248287861386,-0.5160478288231534
2024-03-13,20:00:00,1.34681,1.3473,1.34601,1.34691,4597,1.34927,1.34588,BULLISH_INSIDEBAR,-0.01039416145102709,0.015591242176540636,0.46550994498518816
2024-03-14,00:00:00,1.34617,1.34724,1.34617,1.34677,2270,1.3473,1.34601,BULLISH_INSIDEBAR,0.05568879615673266,0.07425172820896589,0.539067546797155
2024-03-18,04:00:00,1.35442,1.355,1.3534,1.35365,3033,1.35502,1.35289,BEARISH_INSIDEBAR,-0.06500941897831729,0.06205444538839079,0.09899161526243097
2024-03-20,04:00:00,1.35747,1.35789,1.3568,1.35779,3170,1.35816,1.35539,BULLISH_INSIDEBAR,0.10237223723845383,-0.20179851081536648,-0.8278157888922543
2024-03-21,20:00:00,1.35286,1.35391,1.3525,1.35297,4497,1.35413,1.34968,BULLISH_INSIDEBAR,-0.05247714287825957,0.2889938431746513,0.5639445072691949
2024-03-25,08:00:00,1.35991,1.36063,1.35877,1.35912,4584,1.36125,1.35852,BEARISH_INSIDEBAR,-0.002207310612763886,-0.041203131437997816,-0.0949143563482263
2024-03-25,20:00:00,1.35809,1.35883,1.35788,1.35856,3661,1.35921,1.35701,BULLISH_INSIDEBAR,-0.05299729124956233,-0.053733364739128,-0.015457543281124388
2024-03-28,04:00:00,1.35832,1.35874,1.357,1.35753,4283,1.35908,1.35642,BEARISH_INSIDEBAR,0.2077302159068341,-0.2828666769795028,-0.17605504114088766
2024-03-28,20:00:00,1.35366,1.35501,1.35313,1.35399,4804,1.35736,1.35248,BULLISH_INSIDEBAR,-0.019202505188363795,0.0753329049697576,-0.022156736755808166
2024-03-29,20:00:00,1.35407,1.35465,1.35369,1.35369,2424,1.35468,1.35332,BEARISH_INSIDEBAR,-0.10342101958351378,-0.06131389018165964,0.2504266117057823
2024-04-01,04:00:00,1.3523,1.35324,1.3521,1.35286,3316,1.35461,1.35146,BULLISH_INSIDEBAR,0.0,0.35184719778839624,0.3755007909170183
2024-04-02,20:00:00,1.35708,1.35769,1.35641,1.35659,3868,1.35832,1.35618,BEARISH_INSIDEBAR,0.03317140772083396,0.1039370775252754,-0.2926455303370974
2024-04-03,20:00:00,1.353,1.35377,1.3523,1.35262,4887,1.35722,1.35113,BEARISH_INSIDEBAR,-0.06431961674379548,-0.16338661264803295,0.12420339785010764
2024-04-05,00:00:00,1.35345,1.35508,1.35345,1.3547,3386,1.35586,1.34996,BULLISH_INSIDEBAR,0.175684653428807,0.5993946999335577,0.47390566177014043
2024-04-05,08:00:00,1.35709,1.35722,1.35574,1.35613,5807,1.35778,1.35462,BEARISH_INSIDEBAR,0.493315537595943,0.2049950963403217,0.27136041529941124
2024-04-05,20:00:00,1.35845,1.35935,1.35806,1.35891,5748,1.36472,1.35745,BULLISH_INSIDEBAR,0.1626303434370227,0.0662295516259282,-0.12510026418232517
2024-04-08,08:00:00,1.36011,1.36054,1.35877,1.35981,6307,1.36123,1.35836,BEARISH_INSIDEBAR,-0.11545730653547712,-0.191203182797592,-0.1838492142284545
2024-04-08,20:00:00,1.35828,1.35847,1.357,1.35721,4108,1.35996,1.3569,BEARISH_INSIDEBAR,0.00294722261109482,0.00736805652772887,-0.012525696097140713
2024-04-09,08:00:00,1.35776,1.35829,1.35714,1.35731,4179,1.35846,1.35696,BEARISH_INSIDEBAR,-0.061150363586808344,-0.019892286949922455,-0.07293838548305445
2024-04-09,20:00:00,1.35845,1.35902,1.35679,1.35704,5266,1.35983,1.35469,BEARISH_INSIDEBAR,-0.028002122266112046,-0.05305665271473604,0.8142722395802632
2024-04-11,00:00:00,1.36793,1.36932,1.36724,1.36874,2863,1.37023,1.36701,BULLISH_INSIDEBAR,-0.07817408711662743,-0.1190876280374666,-0.013150781010277262
2024-04-11,04:00:00,1.36875,1.36899,1.36762,1.36767,4288,1.36932,1.36724,BEARISH_INSIDEBAR,0.0643430067194566,0.18937316750386368,0.22812520564171268
2024-04-11,20:00:00,1.37027,1.37075,1.36737,1.3688,5658,1.37254,1.3663,BEARISH_INSIDEBAR,-0.01753360607831809,0.35213325540619855,0.6027177089421457
2024-04-12,00:00:00,1.36864,1.36918,1.36824,1.36856,2271,1.37075,1.36737,BEARISH_INSIDEBAR,0.1629449932776023,0.5721342140644183,0.5940550651779951
2024-04-17,00:00:00,1.38176,1.38288,1.38145,1.3822,2875,1.38456,1.38014,BULLISH_INSIDEBAR,-0.015193170308207458,-0.10345825495587052,-0.3827231949066717
2024-04-18,00:00:00,1.37701,1.37751,1.37626,1.37691,2593,1.38067,1.37594,BEARISH_INSIDEBAR,-0.11692848479567375,-0.10385573494273717,0.06899506866825039
2024-04-19,20:00:00,1.37413,1.37571,1.3737,1.37485,6617,1.37677,1.37231,BULLISH_INSIDEBAR,-0.05527875768264697,-0.14401571080480569,-0.3585845728624853
2024-04-22,08:00:00,1.37275,1.37387,1.37186,1.37287,6354,1.37414,1.3715,BULLISH_INSIDEBAR,-0.01238281847516542,-0.21487832059845494,-0.15005062387552723
2024-04-23,00:00:00,1.36872,1.37026,1.36872,1.36928,2310,1.37104,1.36867,BULLISH_INSIDEBAR,0.03870647347510512,0.005112175741996851,-0.251226922178087
2024-04-23,20:00:00,1.36678,1.36684,1.3658,1.36626,5144,1.37042,1.36557,BEARISH_INSIDEBAR,-0.030740854595764124,0.12662304393014576,0.2935019688785494
2024-04-25,00:00:00,1.36977,1.37068,1.36949,1.36973,2291,1.37185,1.36944,BEARISH_INSIDEBAR,-0.04745460784240817,0.07665744343777368,-0.2832675052747537
2024-04-26,20:00:00,1.36725,1.36737,1.36533,1.36678,4566,1.36955,1.36488,BEARISH_INSIDEBAR,-0.11121028987841407,-0.07609125096944291,-0.05341020500739836
2024-04-29,20:00:00,1.36506,1.36724,1.36472,1.36605,5575,1.36765,1.36434,BULLISH_INSIDEBAR,0.052706709124852966,0.2613374327440484,0.8601442114124613
2024-04-30,00:00:00,1.36611,1.36719,1.36545,1.36677,2259,1.36724,1.36472,BULLISH_INSIDEBAR,0.09584641161277482,0.47484214608162933,0.8172552806982816
2024-05-01,00:00:00,1.37586,1.37827,1.37586,1.37794,3263,1.37844,1.37505,BULLISH_INSIDEBAR,-0.005080047026722099,-0.1291783386794703,-0.3425403138017501
2024-05-01,04:00:00,1.37793,1.37823,1.37732,1.37787,3258,1.37827,1.37586,BEARISH_INSIDEBAR,-0.05007729321342779,-0.08636518684636608,-0.40787592443408727
2024-05-02,00:00:00,1.37253,1.37399,1.37212,1.37322,3777,1.37739,1.37032,BULLISH_INSIDEBAR,-0.07063689721968347,-0.09321157571257117,-0.5039250811960237
2024-05-03,20:00:00,1.36853,1.3689,1.36792,1.36854,6147,1.36914,1.36224,BULLISH_INSIDEBAR,0.010960585733692288,-0.051880105806186766,-0.15052537740951472
2024-05-06,04:00:00,1.36867,1.36878,1.36743,1.3686,4593,1.36967,1.36729,BEARISH_INSIDEBAR,-0.05626187344731386,-0.168054946660819,-0.05772322080959144
2024-05-08,00:00:00,1.37164,1.37386,1.37152,1.37376,2627,1.3741,1.37118,BULLISH_INSIDEBAR,0.11137316561843474,0.09681458187746268,-0.04221989284882548
2024-05-08,20:00:00,1.37266,1.37349,1.37222,1.3723,4169,1.37511,1.37171,BEARISH_INSIDEBAR,0.06412591998834015,0.06485462362455989,-0.34686293084603204
2024-05-10,08:00:00,1.36869,1.36869,1.36769,1.36824,5562,1.369,1.36741,BEARISH_INSIDEBAR,-0.2448400865345235,-0.08258785008476974,-0.07674092264514963
2024-05-10,16:00:00,1.36488,1.36733,1.36351,1.36693,9781,1.36888,1.36319,BULLISH_INSIDEBAR,0.013168194421080012,0.09876145815805948,0.028531087912337317
2024-05-13,20:00:00,1.36732,1.36793,1.36649,1.36662,4149,1.36845,1.36604,BEARISH_INSIDEBAR,0.03805007975882659,0.07902708872985686,-0.11854063309478531
2024-05-14,08:00:00,1.36789,1.36821,1.36741,1.3677,4620,1.36847,1.36687,BEARISH_INSIDEBAR,-0.22007750237624896,-0.19741171309497146,-0.37581340937339497
2024-05-15,20:00:00,1.36003,1.36077,1.35952,1.36021,4957,1.36606,1.35944,BULLISH_INSIDEBAR,-0.08675131045941133,0.151447203005431,0.11174745076129333
2024-05-16,20:00:00,1.36161,1.36212,1.36111,1.36173,4396,1.36409,1.3607,BULLISH_INSIDEBAR,0.030108758711330397,0.14026275399674357,-0.05140519779986818
2024-05-17,20:00:00,1.36144,1.36209,1.36061,1.36103,4687,1.36296,1.3601,BEARISH_INSIDEBAR,-0.01689896622410619,0.00514316363342575,0.10139379734465344
2024-05-20,20:00:00,1.36165,1.36263,1.3612,1.36241,4098,1.36323,1.35958,BULLISH_INSIDEBAR,0.025689770333458543,0.04477359972401843,0.2194640379915039
2024-05-21,20:00:00,1.36484,1.36561,1.36473,1.3654,4822,1.36751,1.36371,BULLISH_INSIDEBAR,-0.11937893657536403,0.043210780723604104,0.2885601288999601
2024-05-22,16:00:00,1.36751,1.36769,1.36575,1.36622,9751,1.36781,1.36487,BEARISH_INSIDEBAR,0.22836732005094432,0.14272957503184835,0.3410870869991735
2024-05-23,00:00:00,1.36845,1.36938,1.36843,1.3689,2904,1.3698,1.36564,BULLISH_INSIDEBAR,-0.053327489224917625,-0.16217400832786258,0.3155818540433999
2024-05-24,00:00:00,1.37266,1.37371,1.3725,1.37322,3006,1.37433,1.37086,BULLISH_INSIDEBAR,0.013107877834567436,-0.14200200987460992,-0.47916575639737474
2024-05-27,04:00:00,1.36666,1.36686,1.36621,1.36651,2991,1.36707,1.36592,BEARISH_INSIDEBAR,-0.03512597785598451,-0.23417318570664467,-0.32418350396264456
2024-05-27,20:00:00,1.36331,1.36345,1.363,1.36332,2059,1.36512,1.36294,BULLISH_INSIDEBAR,-0.044010210368817006,-0.044010210368817006,0.08581991021916302
2024-05-30,20:00:00,1.36641,1.3689,1.3662,1.36804,5850,1.37024,1.36598,BULLISH_INSIDEBAR,0.008771673342893483,-0.16081401128621825,-0.40203502821553744
2024-05-31,00:00:00,1.36792,1.36858,1.36772,1.36816,2835,1.3689,1.3662,BULLISH_INSIDEBAR,-0.07966904455619483,-0.3398725295287132,-0.5364869605894138
2024-05-31,20:00:00,1.36424,1.3643,1.3622,1.36254,6764,1.36534,1.36191,BEARISH_INSIDEBAR,-0.12623482613355685,0.21503955847166886,0.013210621339545772
2024-06-03,04:00:00,1.36082,1.36315,1.36074,1.36273,4094,1.36329,1.36055,BULLISH_INSIDEBAR,0.20106697584994568,0.11154080412113668,0.08292178201111558
2024-06-04,20:00:00,1.36838,1.36891,1.367,1.36757,7270,1.36945,1.36692,BEARISH_INSIDEBAR,-0.005849791966762796,0.027786511842176047,0.13088909525654688
2024-06-05,00:00:00,1.36751,1.3679,1.3671,1.36749,2430,1.36891,1.367,BEARISH_INSIDEBAR,-0.014625335468646937,-0.04387600640590834,0.038757138991869736
2024-06-05,20:00:00,1.36991,1.37038,1.36848,1.36936,5768,1.37412,1.36652,BEARISH_INSIDEBAR,-0.09785593269847935,-0.0036513407723230903,-0.17745516153531085
2024-06-10,20:00:00,1.37636,1.3769,1.37546,1.37566,6092,1.37815,1.37535,BEARISH_INSIDEBAR,0.04870389485773726,0.07996161842314807,0.0072692380384680065
2024-06-12,00:00:00,1.37559,1.376,1.37524,1.37592,2096,1.37654,1.37479,BULLISH_INSIDEBAR,-0.04869469155183066,-0.4993022850165657,-0.2253037967323756
2024-06-13,00:00:00,1.37155,1.37307,1.3705,1.37282,3094,1.37343,1.36832,BULLISH_INSIDEBAR,0.10343672149298357,0.038606663655842824,0.14932766131030342
2024-06-13,20:00:00,1.3751,1.37525,1.37344,1.37381,6961,1.37632,1.37221,BEARISH_INSIDEBAR,0.0771576855605987,0.1412131226297707,-0.026204496982837215
2024-06-14,04:00:00,1.37486,1.37489,1.37341,1.37426,5272,1.37492,1.37304,BEARISH_INSIDEBAR,0.10842198710578721,-0.0873197211590303,-0.0072766434299178446
2024-06-18,20:00:00,1.37193,1.37261,1.37135,1.37176,6566,1.37366,1.37089,BEARISH_INSIDEBAR,0.014579809879277568,-0.009476876421544987,-0.08820784976965032
2024-06-21,00:00:00,1.36832,1.36924,1.36832,1.36884,2493,1.37087,1.3682,BULLISH_INSIDEBAR,-0.07597673942901667,0.0796294672861719,0.06574910142893989
2024-06-21,20:00:00,1.37056,1.37076,1.36922,1.36922,5725,1.3718,1.36919,BEARISH_INSIDEBAR,0.03797782679188544,-0.11247279472985326,-0.25342895955362055
2024-06-25,00:00:00,1.36543,1.36589,1.36538,1.36549,1977,1.36665,1.36496,BULLISH_INSIDEBAR,-0.07396612205143775,-0.0014646756841962241,0.06371339226211296
2024-06-25,08:00:00,1.36451,1.36559,1.36406,1.36492,5187,1.36571,1.36404,BULLISH_INSIDEBAR,0.040295401928321845,0.05787885004249835,0.17143861911320876
2024-06-25,16:00:00,1.36541,1.36712,1.36395,1.36643,10083,1.36803,1.36208,BULLISH_INSIDEBAR,-0.052692051550394386,-0.05342388559971015,0.26126475560402457
2024-06-25,20:00:00,1.36644,1.36683,1.36494,1.36571,4995,1.36712,1.36395,BEARISH_INSIDEBAR,0.04759429161388871,0.11349408000233872,0.32730228232933595
2024-06-26,04:00:00,1.36636,1.36639,1.36502,1.3657,4151,1.36667,1.36478,BEARISH_INSIDEBAR,0.1142271362671162,0.314856849967064,0.2592077322984622
2024-06-27,04:00:00,1.37088,1.37093,1.36918,1.36924,4104,1.37122,1.36845,BEARISH_INSIDEBAR,-0.06134790102538283,-0.02190996465192128,0.27533522245917813
2024-07-01,00:00:00,1.36682,1.36774,1.3661,1.36742,2588,1.36953,1.36551,BULLISH_INSIDEBAR,-0.012432171534715266,0.21500343712977302,0.4841233856459499
2024-07-01,20:00:00,1.3737,1.37472,1.37333,1.37355,5579,1.37486,1.36844,BEARISH_INSIDEBAR,0.035673983473472344,-0.034945942994433106,-0.4171671944960149
2024-07-03,00:00:00,1.36751,1.36786,1.36711,1.36761,2141,1.36953,1.36672,BULLISH_INSIDEBAR,0.027054496530442267,-0.1352724826522113,-0.34074041576179515
2024-07-03,20:00:00,1.36306,1.36416,1.36298,1.36388,3574,1.36575,1.3617,BULLISH_INSIDEBAR,-0.06818781711000053,-0.11657917118807963,-0.19356541631228377
2024-07-04,04:00:00,1.36294,1.36386,1.36256,1.36353,3358,1.36409,1.36248,BULLISH_INSIDEBAR,-0.09094042668660814,-0.19728205466692036,-0.21194986542282437
2024-07-05,04:00:00,1.36087,1.36133,1.36054,1.36064,3162,1.3616,1.36046,BEARISH_INSIDEBAR,-0.01763875823142183,0.22195437441204308,0.2270990122295418
2024-07-05,20:00:00,1.36368,1.36434,1.36265,1.36412,5395,1.36529,1.36174,BULLISH_INSIDEBAR,0.019792980089727623,-0.0359205934961808,-0.05644664692255354
2024-07-08,08:00:00,1.36373,1.36457,1.36287,1.36363,6265,1.36471,1.3628,BEARISH_INSIDEBAR,-0.08066704311285898,-0.0205334291559907,0.02713345995616139
2024-07-10,20:00:00,1.36148,1.36259,1.36113,1.36191,4656,1.36319,1.36078,BULLISH_INSIDEBAR,0.013216732383202194,0.08223744593989396,0.09471991541291373
2024-07-11,00:00:00,1.36163,1.36214,1.36138,1.36209,2019,1.36259,1.36113,BULLISH_INSIDEBAR,0.002202497632313172,-0.11085904749319958,0.07928991476333941
2024-07-11,16:00:00,1.36059,1.36352,1.35954,1.3631,17243,1.36388,1.35886,BULLISH_INSIDEBAR,0.007336218912771549,-0.07996478614922128,-0.0652923483236782
2024-07-12,20:00:00,1.3622,1.36367,1.36216,1.36341,5713,1.3639,1.3612,BULLISH_INSIDEBAR,0.1540255682443279,-0.004400730521262788,0.35352535187508133
2024-07-16,00:00:00,1.36799,1.36818,1.36739,1.36801,4133,1.3689,1.36664,BULLISH_INSIDEBAR,0.026315597108218364,0.14108084005233787,-0.013157798554092949
2024-07-17,20:00:00,1.36932,1.36963,1.36823,1.36825,6770,1.37012,1.36611,BEARISH_INSIDEBAR,-0.0036543029417053516,-0.059930568244110576,0.16517449296546163
2024-07-19,00:00:00,1.37017,1.37142,1.36978,1.37074,3419,1.37181,1.36913,BULLISH_INSIDEBAR,-0.006565796577042,0.11672527248054508,0.040124312415179275
2024-07-19,04:00:00,1.37072,1.37096,1.37023,1.37065,4910,1.37142,1.36978,BEARISH_INSIDEBAR,0.07295808557984255,0.18093605223799206,0.1860431182285815
2024-07-19,20:00:00,1.37312,1.3735,1.37225,1.37325,7348,1.37474,1.37168,BULLISH_INSIDEBAR,-0.14272710722739368,0.06626615692699554,0.17549608592754584
2024-07-23,04:00:00,1.37651,1.37655,1.37563,1.37644,4695,1.37676,1.3752,BEARISH_INSIDEBAR,0.015256749295270513,0.017436284908880585,0.23175728691405395
2024-07-24,08:00:00,1.37964,1.37969,1.37885,1.3793,7131,1.37999,1.37805,BEARISH_INSIDEBAR,0.04060030450229218,0.10222576669325988,0.24577684332632524
2024-07-26,00:00:00,1.38209,1.38255,1.3814,1.38178,2917,1.38278,1.37965,BEARISH_INSIDEBAR,-0.03835632300365611,0.029671872512268337,0.007237042076161834
2024-07-26,20:00:00,1.38215,1.38396,1.38192,1.38327,6024,1.38487,1.3807,BULLISH_INSIDEBAR,-0.10048652829888614,0.0679549184179474,0.13735568616394578
2024-07-29,04:00:00,1.38187,1.38265,1.38172,1.38255,4480,1.38348,1.38161,BULLISH_INSIDEBAR,0.12006799030776427,0.24013598061552854,0.13091750750425588
2024-07-29,20:00:00,1.38583,1.38615,1.38468,1.38517,5671,1.38648,1.3836,BEARISH_INSIDEBAR,0.012272861814795546,-0.06425204126569717,-0.010828995718943848
2024-07-30,00:00:00,1.3847,1.38584,1.38469,1.38534,2538,1.38615,1.38468,BULLISH_INSIDEBAR,-0.0707407567817273,0.06857522341085989,-0.013715044682165566
2024-07-30,20:00:00,1.38448,1.38566,1.38393,1.38502,7284,1.38636,1.3839,BULLISH_INSIDEBAR,0.009386146048445908,-0.041154640366201166,-0.3061327634258005
2024-07-31,00:00:00,1.38453,1.38529,1.38427,1.38515,3135,1.38566,1.38393,BULLISH_INSIDEBAR,-0.054867703858794636,-0.2974407103923852,-0.3024943146951693
2024-08-01,00:00:00,1.37995,1.38123,1.37995,1.38096,2951,1.38219,1.379,BULLISH_INSIDEBAR,-0.01593094658787271,0.026068821689269637,0.5090661568763825
2024-08-01,12:00:00,1.38323,1.38335,1.38124,1.38132,7875,1.3836,1.38029,BEARISH_INSIDEBAR,0.2946457012133174,0.48287145628818473,0.3141922219326288
2024-08-02,00:00:00,1.38628,1.3888,1.38605,1.38799,4543,1.38888,1.38534,BULLISH_INSIDEBAR,-0.1476955885849399,-0.16786864458678846,-0.013688859429832672
2024-08-05,04:00:00,1.3878,1.38846,1.38591,1.38764,8529,1.38862,1.38517,BEARISH_INSIDEBAR,0.019457496180565022,-0.24934421031391563,-0.4050041797584358
2024-08-05,20:00:00,1.38418,1.38476,1.38194,1.38257,7892,1.38484,1.38091,BEARISH_INSIDEBAR,-0.2285598559204996,0.06220299876316287,-0.2965491801500099
2024-08-06,04:00:00,1.37936,1.38212,1.3793,1.38202,8229,1.38254,1.37926,BULLISH_INSIDEBAR,0.10202457272687163,-0.3046265611206818,-0.34731769438936594
2024-08-08,08:00:00,1.37332,1.37442,1.37271,1.3732,8247,1.37467,1.37262,BEARISH_INSIDEBAR,0.162394407223999,0.0160209729099992,0.0
2024-08-09,20:00:00,1.37263,1.37361,1.37238,1.37287,6397,1.3742,1.37207,BULLISH_INSIDEBAR,0.05171647716098308,-0.04224726303291826,0.09687734454100194
2024-08-12,04:00:00,1.37363,1.37384,1.37279,1.37316,3182,1.37406,1.37173,BEARISH_INSIDEBAR,-0.06335751114217764,0.08811791779546124,0.04078184625244807
2024-08-12,20:00:00,1.37438,1.37461,1.37344,1.3742,5805,1.37476,1.37247,BEARISH_INSIDEBAR,0.024741667879494028,-0.06258186581284259,-0.26415368941930006
2024-08-16,00:00:00,1.3727,1.37348,1.37241,1.37301,1974,1.37382,1.37085,BULLISH_INSIDEBAR,-0.0393296479996493,-0.0320463798515667,-0.4246145330332628
2024-08-21,20:00:00,1.35898,1.36013,1.35764,1.35935,7017,1.36113,1.35755,BULLISH_INSIDEBAR,-0.050023908485674326,-0.11843895979696997,0.1559568911612094
2024-08-22,00:00:00,1.35891,1.35939,1.35826,1.35867,2359,1.36013,1.35764,BEARISH_INSIDEBAR,0.0044160833756503775,-0.06771327842669904,0.1096660704954103
2024-08-22,04:00:00,1.35867,1.35921,1.35852,1.35873,3999,1.35939,1.35826,BULLISH_INSIDEBAR,-0.07286215804464805,0.10892524636976632,0.04783879063537564
2024-08-22,20:00:00,1.36023,1.36152,1.36016,1.36147,6462,1.36185,1.35775,BULLISH_INSIDEBAR,-0.09621952742255961,-0.19390805526379395,-0.7822427229391795
2024-08-26,04:00:00,1.35052,1.35135,1.34987,1.35117,4461,1.35152,1.34984,BULLISH_INSIDEBAR,-0.05772774706365616,-0.3086214169941611,-0.23313128621860948
2024-08-26,08:00:00,1.35118,1.35128,1.35019,1.35039,5685,1.35135,1.34987,BEARISH_INSIDEBAR,-0.09034427091432837,-0.13847851361458824,-0.23030383815045627
2024-08-26,20:00:00,1.34702,1.34897,1.34659,1.34852,5255,1.34957,1.34629,BULLISH_INSIDEBAR,0.008898644439839232,-0.09195265921157326,-0.3114525553940603
2024-08-27,00:00:00,1.3476,1.3488,1.3476,1.34864,2804,1.34897,1.34659,BULLISH_INSIDEBAR,-0.045972238699731945,-0.09194447739946389,-0.3040099655949692
2024-08-27,04:00:00,1.34864,1.34878,1.34778,1.34802,3845,1.3488,1.3476,BEARISH_INSIDEBAR,-0.05489532796249039,-0.12611088856248684,-0.19584279164997373
2024-08-29,20:00:00,1.34699,1.34861,1.34613,1.34836,6821,1.34906,1.34588,BULLISH_INSIDEBAR,0.002224925094186604,-0.0763890949004781,0.06229790263727431
2024-08-30,20:00:00,1.35017,1.35043,1.34726,1.3492,6533,1.35094,1.34666,BEARISH_INSIDEBAR,-0.023717758671796322,-0.025200118588793875,0.014823599169876814
2024-09-02,00:00:00,1.34784,1.34928,1.34784,1.34888,2427,1.35043,1.34726,BULLISH_INSIDEBAR,0.0682047328153751,0.011861692663538488,0.06894608860683496
2024-09-02,20:00:00,1.34939,1.34944,1.34899,1.3494,1076,1.3505,1.34878,BULLISH_INSIDEBAR,0.030383874314511745,0.12672298799467174,0.41277604861420447
2024-09-04,20:00:00,1.35112,1.35259,1.35039,1.35039,6963,1.35543,1.34997,BEARISH_INSIDEBAR,0.0296210724309241,0.008886321729287095,-0.004443160864635327
2024-09-06,20:00:00,1.35687,1.35767,1.35565,1.35711,7475,1.35822,1.3497,BULLISH_INSIDEBAR,-0.0434747367567913,-0.011789759120479398,-0.09210749312877906
2024-09-09,00:00:00,1.35686,1.35701,1.35573,1.35652,3229,1.35767,1.35565,BEARISH_INSIDEBAR,-0.02801285642674247,0.022852593400763163,0.02801285642674247
2024-09-09,20:00:00,1.35488,1.35642,1.35472,1.35586,6427,1.35766,1.3546,BULLISH_INSIDEBAR,0.07670408449249405,0.10546811617718956,0.3754074904488693
2024-09-10,04:00:00,1.3569,1.35724,1.35621,1.35646,4180,1.35726,1.35527,BEARISH_INSIDEBAR,0.061188682305420614,0.31331554192531197,0.26171062913760396
2024-09-10,20:00:00,1.36073,1.36129,1.36002,1.36095,5971,1.36151,1.3569,BULLISH_INSIDEBAR,0.031595576619268186,-0.17781696608987022,-0.25276461295419445
2024-09-12,00:00:00,1.35687,1.35807,1.35687,1.35793,2180,1.3585,1.35664,BULLISH_INSIDEBAR,-0.06185885870406972,0.04786697399717344,-0.09573394799437959
2024-09-13,16:00:00,1.35761,1.35938,1.35692,1.35926,9724,1.35943,1.35657,BULLISH_INSIDEBAR,-0.02795638803465304,-0.15964568956638212,0.025749304768776578
2024-09-16,08:00:00,1.3571,1.35805,1.35685,1.35741,5249,1.35815,1.35667,BULLISH_INSIDEBAR,0.09503392490109941,0.0898770452553023,0.06998622376437527
2024-09-16,20:00:00,1.35961,1.35983,1.35841,1.35863,5119,1.36075,1.35806,BEARISH_INSIDEBAR,0.05005041843621986,-0.01987296026143928,0.0780197699152868
2024-09-17,16:00:00,1.36053,1.36069,1.35836,1.35975,10173,1.36165,1.35799,BEARISH_INSIDEBAR,-0.004412575841143518,-0.03382974811545541,-0.015444015444018641
2024-09-17,20:00:00,1.35975,1.36047,1.35904,1.35969,6780,1.36069,1.35836,BEARISH_INSIDEBAR,-0.07501709948591377,-0.0625142495715948,0.061778787811924175
2024-09-20,20:00:00,1.35543,1.3574,1.3553,1.3567,6879,1.35897,1.35451,BULLISH_INSIDEBAR,-0.029483305078496055,0.030957470332430674,-0.18574482199455133
2024-09-23,04:00:00,1.35631,1.35666,1.35562,1.35581,3878,1.35688,1.35489,BEARISH_INSIDEBAR,0.09662120798638042,-0.4174626238189716,-0.3252668146716741
2024-09-24,00:00:00,1.3534,1.35372,1.35212,1.35299,2696,1.35432,1.34868,BEARISH_INSIDEBAR,-0.11751749828158231,-0.22468754388428086,-0.7915801299344414
2024-09-25,04:00:00,1.34226,1.34321,1.34204,1.34287,5857,1.34364,1.34192,BULLISH_INSIDEBAR,-0.0029786948848391876,0.341805238034962,0.3164863315138537
2024-09-26,20:00:00,1.3481,1.3482,1.34645,1.34651,7312,1.34894,1.34599,BEARISH_INSIDEBAR,0.14407616727687358,0.12699497218734937,0.3980661116515889
2024-10-01,00:00:00,1.35168,1.35335,1.35168,1.35295,2590,1.35376,1.35029,BULLISH_INSIDEBAR,-0.048043164935883766,-0.046564913707094154,-0.3074762555896495
2024-10-01,04:00:00,1.35294,1.35319,1.35195,1.3523,4526,1.35335,1.35168,BEARISH_INSIDEBAR,0.09317459143681422,-0.15603046661244224,-0.2913554684611443
2024-10-02,00:00:00,1.34893,1.34969,1.34826,1.34879,2875,1.35206,1.34807,BEARISH_INSIDEBAR,-0.03188042615973802,0.028173399862102103,0.1608849413177741
2024-10-04,00:00:00,1.35375,1.35555,1.35371,1.35459,2518,1.35595,1.35313,BULLISH_INSIDEBAR,0.0649643065429386,0.2591189954155962,0.2591189954155962
2024-10-04,20:00:00,1.35777,1.35813,1.35711,1.35759,5377,1.35907,1.35649,BEARISH_INSIDEBAR,0.03756657017214405,0.12006570466783198,0.32999653798273537
2024-10-07,04:00:00,1.35809,1.35835,1.35719,1.35821,5342,1.35845,1.35596,BULLISH_INSIDEBAR,0.0743625801606657,0.18406579247687538,0.281988794074554
2024-10-08,00:00:00,1.36196,1.36249,1.36109,1.3614,2987,1.36391,1.36026,BEARISH_INSIDEBAR,0.047010430439251794,0.2291758483913627,0.2886734244160415
2024-10-08,20:00:00,1.36636,1.36683,1.3646,1.36465,5765,1.3675,1.36378,BEARISH_INSIDEBAR,0.049829626644195504,0.1722053273733246,0.472648664492732
2024-10-11,16:00:00,1.37489,1.37774,1.37422,1.37584,10208,1.37833,1.37247,BULLISH_INSIDEBAR,0.037068263751599786,0.13228282358414895,0.2631119897662488
2024-10-11,20:00:00,1.37581,1.37635,1.37549,1.37635,3777,1.37774,1.37422,BULLISH_INSIDEBAR,0.11479638173430717,0.16565553819886367,0.23758491662731906
2024-10-16,00:00:00,1.37747,1.379,1.37717,1.37865,2853,1.38112,1.37696,BULLISH_INSIDEBAR,-0.06963333696005874,-0.050774308200045186,-0.23501251224022848
2024-10-16,04:00:00,1.37863,1.37868,1.37722,1.37769,4624,1.379,1.37717,BEARISH_INSIDEBAR,0.09363499771356497,-0.08056964919540437,-0.09073158693174613
2024-10-17,00:00:00,1.3751,1.37582,1.37499,1.37541,2420,1.3768,1.37497,BULLISH_INSIDEBAR,0.07488676103853296,0.1919427661569987,0.31336110686995416
2024-10-18,04:00:00,1.37973,1.37985,1.37857,1.37943,5410,1.37998,1.3781,BEARISH_INSIDEBAR,-0.000724937111694212,0.010874056675590243,0.1116403152026632
2024-10-21,00:00:00,1.37986,1.38094,1.37974,1.38069,2256,1.38149,1.37957,BULLISH_INSIDEBAR,0.02027971521486054,0.08981016738008749,0.19990004997501942
2024-10-21,20:00:00,1.38431,1.38439,1.3829,1.38311,3662,1.38493,1.38187,BEARISH_INSIDEBAR,0.024582281958774568,0.021690248787151197,-0.11062026881448557
2024-10-22,04:00:00,1.38345,1.38353,1.3827,1.38288,5077,1.38374,1.38249,BEARISH_INSIDEBAR,0.03832581279647688,0.002169385629987742,-0.0658046974430311
2024-10-22,20:00:00,1.3829,1.38312,1.38147,1.38158,4775,1.38324,1.38134,BEARISH_INSIDEBAR,0.06948566134426323,0.06586661648257548,0.15055226624588222
2024-10-23,08:00:00,1.38193,1.38268,1.38169,1.38249,6162,1.38286,1.38157,BULLISH_INSIDEBAR,0.14683650514650928,0.08462990690709468,-0.07016325615374544
2024-10-23,20:00:00,1.38405,1.38498,1.38348,1.38366,6089,1.38624,1.38319,BEARISH_INSIDEBAR,-0.09250827515429716,-0.15466227252358303,0.1344260873336076
2024-10-24,20:00:00,1.38627,1.38633,1.38459,1.38552,5867,1.38683,1.38171,BEARISH_INSIDEBAR,-0.03247878053005813,-0.046192043420518934,0.2771522605231136
2024-10-28,12:00:00,1.38868,1.38992,1.38862,1.38927,5065,1.3901,1.38853,BULLISH_INSIDEBAR,0.04534755663045401,-0.014396049723954162,0.06838123618879026
2024-10-28,20:00:00,1.38993,1.39001,1.38863,1.3889,5006,1.39083,1.38818,BEARISH_INSIDEBAR,0.012239902080783604,-0.06407948736410522,0.18791849665202687
2024-10-29,20:00:00,1.39225,1.39258,1.39133,1.39151,6010,1.39293,1.38832,BEARISH_INSIDEBAR,-0.0208406694885501,-0.06180336469016269,-0.08551860928056747
2024-10-31,00:00:00,1.39044,1.39184,1.38985,1.39152,2835,1.39185,1.38947,BULLISH_INSIDEBAR,0.031620098884672584,-0.07473841554560134,0.11210762331838606
2024-10-31,20:00:00,1.39295,1.39367,1.39068,1.3934,7919,1.39448,1.38905,BULLISH_INSIDEBAR,-0.022965408353658387,-0.02153007033156071,0.13707478111095725
2024-11-04,20:00:00,1.38902,1.39033,1.38897,1.39024,6394,1.39065,1.38747,BULLISH_INSIDEBAR,-0.015824605823446813,-0.1345091494993538,-0.5718437104384784
2024-11-06,20:00:00,1.39407,1.39425,1.39243,1.3938,6676,1.39583,1.3915,BEARISH_INSIDEBAR,-0.04950495049503927,-0.3364901707561961,-0.5646434208638127
2024-11-08,20:00:00,1.39175,1.39253,1.39044,1.39109,5389,1.39277,1.38928,BEARISH_INSIDEBAR,0.020846961735051184,0.11142341617006538,0.09488961893191583
2024-11-11,00:00:00,1.39068,1.39151,1.39047,1.39138,3855,1.39253,1.39044,BULLISH_INSIDEBAR,0.027311014963564733,0.22567522890942232,0.13008667653695377
2024-11-11,20:00:00,1.39245,1.39306,1.39222,1.39241,4362,1.39482,1.39144,BEARISH_INSIDEBAR,0.056017983208968836,0.2614172549751932,0.14076313729434461
2024-11-12,20:00:00,1.39531,1.39572,1.39384,1.39437,5518,1.39593,1.39249,BEARISH_INSIDEBAR,0.00860603713504292,0.02725245092764653,0.3901403501222695
2024-11-14,00:00:00,1.399,1.40019,1.39878,1.40019,3649,1.40024,1.39803,BULLISH_INSIDEBAR,0.08213171069640436,0.08284589948507344,0.4570808247452104
2024-11-15,04:00:00,1.40659,1.40669,1.40535,1.40627,4747,1.40711,1.40441,BEARISH_INSIDEBAR,-0.0959986346860818,0.132264785567508,0.1656865324582168
2024-11-15,20:00:00,1.40809,1.41006,1.40748,1.40933,6671,1.41054,1.40574,BULLISH_INSIDEBAR,-0.13694450554518725,-0.04257342141300717,-0.563388276698861
2024-11-18,04:00:00,1.40743,1.40889,1.40699,1.4086,4952,1.40914,1.40696,BULLISH_INSIDEBAR,0.009229021723694695,-0.5168252165270605,-0.4571915376970042
2024-11-19,04:00:00,1.40196,1.40241,1.4009,1.40216,4592,1.40291,1.40077,BULLISH_INSIDEBAR,0.04564386375306484,-0.3088092657043538,-0.44288811547897877
2024-11-22,12:00:00,1.40039,1.4012,1.39668,1.39725,9865,1.40209,1.39576,BEARISH_INSIDEBAR,0.027911969940947606,-0.24977634639470336,-0.1202361782072017
2024-11-22,20:00:00,1.39764,1.39877,1.39709,1.39804,5111,1.3993,1.39622,BULLISH_INSIDEBAR,-0.3061428857543303,-0.17667591771336819,0.03647964292867232
2024-11-25,04:00:00,1.39376,1.39495,1.39325,1.39454,5136,1.39523,1.39273,BULLISH_INSIDEBAR,0.07385948054556245,0.3485020150013687,1.1631075480086712
2024-11-25,20:00:00,1.39941,1.39953,1.39698,1.39855,6250,1.40071,1.39538,BEARISH_INSIDEBAR,1.0818347574273417,0.7872439312144696,0.4883629473383228
2024-11-26,04:00:00,1.41367,1.41448,1.40853,1.41076,7089,1.41776,1.39775,BEARISH_INSIDEBAR,-0.08506053474723481,-0.19138620318125865,-0.2296634438175104
2024-11-27,12:00:00,1.40489,1.40652,1.40412,1.40426,8272,1.40759,1.40341,BEARISH_INSIDEBAR,-0.10610570692037025,-0.21933260222465725,-0.23642345434606052
2024-11-27,20:00:00,1.40279,1.40354,1.4021,1.40291,5777,1.40649,1.4009,BULLISH_INSIDEBAR,-0.12331510930850939,-0.1561040979107809,-0.10478220270723583
2024-11-28,04:00:00,1.40119,1.4026,1.40076,1.40214,3964,1.40287,1.40059,BULLISH_INSIDEBAR,-0.10127376724150064,-0.09913418060963973,-0.1918496013236809
2024-11-28,20:00:00,1.40073,1.40158,1.40041,1.40144,1668,1.40199,1.40031,BULLISH_INSIDEBAR,-0.10560566274688361,-0.11131407694942386,-0.08419910948738146
2024-12-02,12:00:00,1.40295,1.40475,1.40182,1.40344,8873,1.4049,1.40168,BULLISH_INSIDEBAR,0.15176993672689715,0.1368067035284673,0.03348914096790532
2024-12-02,20:00:00,1.40557,1.40588,1.40376,1.40455,6458,1.40894,1.40276,BEARISH_INSIDEBAR,0.057669716279233736,-0.18084083870278642,0.16944928980812707
2024-12-03,00:00:00,1.40409,1.40582,1.40391,1.40536,3610,1.40588,1.40376,BULLISH_INSIDEBAR,-0.06546365344111345,-0.10317641031479133,0.1252348152786463
2024-12-03,12:00:00,1.40199,1.40484,1.40179,1.40391,7652,1.40492,1.40088,BULLISH_INSIDEBAR,0.09046163927887858,0.2286471355001343,0.19232002051413016
2024-12-03,20:00:00,1.40521,1.40721,1.40474,1.40693,5778,1.40756,1.4026,BULLISH_INSIDEBAR,0.013504580895987182,-0.006396906740201963,0.025587626960823635
2024-12-04,20:00:00,1.40654,1.40746,1.40573,1.40729,6882,1.40796,1.40518,BULLISH_INSIDEBAR,-0.010658783903806071,-0.09166554157281111,-0.34463401289002416
2024-12-05,04:00:00,1.40713,1.40736,1.40653,1.40681,3186,1.40791,1.40611,BEARISH_INSIDEBAR,-0.05757707153062442,-0.11088917479970883,-0.24950064329937252
2024-12-06,00:00:00,1.40244,1.40426,1.40174,1.40408,3304,1.40664,1.4017,BULLISH_INSIDEBAR,-0.05555239017719809,0.35539285510797464,0.7955387157426858
2024-12-09,16:00:00,1.41011,1.41364,1.4099,1.41356,10320,1.41422,1.40931,BULLISH_INSIDEBAR,0.25326126941906524,0.28580322023826676,0.22142675231331374
2024-12-11,00:00:00,1.41664,1.41805,1.41646,1.4165,2839,1.41811,1.41554,BEARISH_INSIDEBAR,0.009883515707716692,0.02682668549239851,-0.12072008471585599
2024-12-11,20:00:00,1.41591,1.417,1.41468,1.41584,6654,1.41967,1.41194,BEARISH_INSIDEBAR,-0.07416092213809437,-0.1546784947451629,0.44214035484235026
2024-12-12,04:00:00,1.41479,1.41548,1.41443,1.41453,3954,1.41595,1.41357,BEARISH_INSIDEBAR,-0.062211476603535584,0.32590330357079755,0.6376676351862476
2024-12-13,20:00:00,1.42312,1.42402,1.4223,1.42345,5319,1.42451,1.42094,BULLISH_INSIDEBAR,-0.11099792757034926,-0.0231831114545761,0.06111911201657426
2024-12-16,20:00:00,1.4228,1.42505,1.42244,1.42432,5455,1.42702,1.42224,BULLISH_INSIDEBAR,-0.01614805661648734,0.24222084924735685,0.46829364187822636
2024-12-17,00:00:00,1.42315,1.42423,1.42315,1.42409,3192,1.42505,1.42244,BULLISH_INSIDEBAR,0.15729342948830619,0.23664234704266393,0.5119058486472076
2024-12-17,20:00:00,1.4311,1.43156,1.43038,1.43099,5399,1.43233,1.42707,BEARISH_INSIDEBAR,0.027253859216354585,0.13487166227576622,0.9601744246989906
2024-12-18,00:00:00,1.4306,1.43155,1.4306,1.43138,2501,1.43156,1.43038,BULLISH_INSIDEBAR,0.08104067403483545,-0.01117802400481773,0.815297125850567
2024-12-20,20:00:00,1.43498,1.43755,1.43497,1.43699,7263,1.43965,1.43352,BULLISH_INSIDEBAR,-0.10716845628710686,0.09185867681751354,0.014613880402789407
2024-12-23,00:00:00,1.43625,1.43686,1.43526,1.43545,3191,1.43755,1.43497,BEARISH_INSIDEBAR,0.03901215646662134,0.5399003796718901,0.16858824758787064
2024-12-26,00:00:00,1.43545,1.43657,1.43505,1.43568,2678,1.43756,1.43435,BULLISH_INSIDEBAR,0.07383260893791366,0.26537947174856996,0.38796946394738746
2024-12-26,12:00:00,1.43941,1.44028,1.43806,1.43949,4301,1.44043,1.43657,BULLISH_INSIDEBAR,0.15422128670571597,0.12226552459551535,-0.013199119132464448
2024-12-27,20:00:00,1.44374,1.44374,1.44082,1.44142,5500,1.4449,1.43913,BEARISH_INSIDEBAR,-0.10198276699364935,-0.15887111320780226,-0.4176437124502168
2024-12-31,20:00:00,1.43896,1.43954,1.43716,1.43817,5176,1.44089,1.43637,BEARISH_INSIDEBAR,-0.06118887196923812,0.2266769575224098,0.1453235709269521
2025-01-02,04:00:00,1.43726,1.43796,1.43709,1.43709,3668,1.43857,1.43687,BEARISH_INSIDEBAR,0.30199917889624245,0.22197635499516566,0.147520336235039
2025-01-02,20:00:00,1.44028,1.44197,1.43962,1.44026,6093,1.44417,1.43919,BEARISH_INSIDEBAR,-0.08192965159069757,-0.08956716148473284,0.3110549484120796
2025-01-06,20:00:00,1.43634,1.43731,1.43282,1.43323,6991,1.43788,1.42794,BEARISH_INSIDEBAR,0.02442036518912334,-0.21001514062641427,0.26722856764092295
2025-01-07,00:00:00,1.43313,1.43494,1.43284,1.43358,3710,1.43731,1.43282,BULLISH_INSIDEBAR,-0.14718397299069855,-0.10602826490324682,0.09137962304161067
2025-01-08,00:00:00,1.43585,1.43672,1.43478,1.43489,3718,1.43708,1.4338,BEARISH_INSIDEBAR,-0.0452996396936378,0.3226728181254251,0.1958338269832516
2025-01-08,16:00:00,1.4395,1.44063,1.43746,1.43905,12246,1.44093,1.43622,BEARISH_INSIDEBAR,-0.10770994753482788,-0.11813349084465688,0.03613495014072311
2025-01-09,12:00:00,1.43844,1.43985,1.43804,1.43948,6646,1.44044,1.43708,BULLISH_INSIDEBAR,0.006252257759741259,0.03959763247839215,0.05557562453107455
2025-01-09,20:00:00,1.43959,1.43997,1.43877,1.43929,3609,1.44039,1.43876,BEARISH_INSIDEBAR,0.0528038129911341,0.1208929402691657,0.21191003897755123
2025-01-10,20:00:00,1.44151,1.44369,1.44144,1.44234,7799,1.44427,1.43751,BULLISH_INSIDEBAR,-0.006933178030144694,0.08389145416477083,-0.31753955378066395
2025-01-13,16:00:00,1.4408,1.44273,1.43965,1.44082,11419,1.44399,1.43917,BULLISH_INSIDEBAR,-0.21237906192307596,-0.17351230549270186,-0.28386613178606124
2025-01-15,16:00:00,1.4308,1.43578,1.43023,1.43373,13578,1.43666,1.4302,BULLISH_INSIDEBAR,0.011159702314951909,0.2043620486423594,0.3389759578163313
2025-01-15,20:00:00,1.43372,1.43408,1.43266,1.43389,5640,1.43578,1.43023,BULLISH_INSIDEBAR,0.019527299862600055,0.22874836981915972,0.3807823473209101
2025-01-17,00:00:00,1.43845,1.44027,1.43845,1.43996,2939,1.44028,1.43825,BULLISH_INSIDEBAR,0.01666712964249132,0.2520903358426638,0.3868163004527956
2025-01-20,20:00:00,1.43364,1.43494,1.42832,1.43103,5293,1.43797,1.42609,BEARISH_INSIDEBAR,0.909834175384166,0.7945326093792499,0.09503644228283319
2025-01-21,04:00:00,1.44397,1.4444,1.43931,1.44326,8502,1.45147,1.4289,BEARISH_INSIDEBAR,-0.059587323143444906,-0.6783254576444969,-0.6651608164849059
2025-01-22,04:00:00,1.43367,1.43438,1.43275,1.43366,4867,1.435,1.43163,BEARISH_INSIDEBAR,-0.06486893684694248,0.2015819650405298,0.38921362108171675
2025-01-22,20:00:00,1.43657,1.439,1.43532,1.43773,6151,1.43907,1.43521,BULLISH_INSIDEBAR,0.11615532819097192,0.08346490648453395,0.05007894389072037
2025-01-23,08:00:00,1.43926,1.44018,1.43838,1.43893,7301,1.44035,1.43819,BEARISH_INSIDEBAR,0.10007436080976043,-0.03335812026992529,-0.44755478028813084
2025-01-23,20:00:00,1.43388,1.43856,1.43386,1.43845,7282,1.44041,1.43339,BULLISH_INSIDEBAR,-0.0653481177656464,-0.4143348743439094,-0.28641940978135505
2025-01-24,00:00:00,1.43767,1.43833,1.43722,1.43751,3390,1.43856,1.43386,BEARISH_INSIDEBAR,-0.3060848272359816,-0.35756272999841004,0.05634743410480466
2025-01-28,04:00:00,1.43971,1.44051,1.43875,1.43981,5784,1.4415,1.43668,BULLISH_INSIDEBAR,-0.006945360846222001,-0.008334433015475654,-0.005556288676983769
2025-01-29,00:00:00,1.43966,1.44087,1.43899,1.44023,3864,1.4413,1.43841,BULLISH_INSIDEBAR,-0.03471667719738827,0.4304867972476761,0.07498802274638024
2025-01-29,04:00:00,1.44023,1.44029,1.43915,1.43973,4830,1.44087,1.43899,BEARISH_INSIDEBAR,0.2215693220256594,0.16669792252713758,0.1847568641342548
2025-01-29,20:00:00,1.44213,1.44457,1.44084,1.44191,11955,1.44714,1.44033,BEARISH_INSIDEBAR,-0.04161147367033545,-0.0679654069948874,0.4917089138711876
2025-01-30,12:00:00,1.44092,1.44226,1.44048,1.44085,7773,1.44361,1.44019,BEARISH_INSIDEBAR,0.04164208626851747,0.5177499392719591,0.549675538744486
2025-01-31,00:00:00,1.4484,1.45096,1.44784,1.44831,5604,1.45941,1.43996,BEARISH_INSIDEBAR,-0.04004667509027936,0.031761156106075696,1.8179809571155323
2025-02-05,00:00:00,1.43111,1.43386,1.43111,1.43339,5231,1.43461,1.4301,BULLISH_INSIDEBAR,0.028603520325942097,-0.290918731119933,-0.1409246611180426
2025-02-06,00:00:00,1.4309,1.43269,1.43089,1.43137,4422,1.43277,1.42864,BULLISH_INSIDEBAR,0.2368360382011642,0.19491815533370618,-0.05868503601444433
2025-02-06,12:00:00,1.43593,1.43641,1.43412,1.43416,8186,1.43662,1.43402,BEARISH_INSIDEBAR,-0.2189434930551781,-0.25310983432810996,-0.2586880124951262
2025-02-07,00:00:00,1.43024,1.4318,1.43016,1.43053,3726,1.43189,1.43009,BULLISH_INSIDEBAR,0.13421598987787195,-0.005592332911583818,0.3019859772252158
2025-02-07,08:00:00,1.43245,1.43257,1.43043,1.43113,6665,1.43264,1.43014,BEARISH_INSIDEBAR,-0.047514900812645526,-0.1313647257761422,0.10411353266299997
2025-02-10,04:00:00,1.43483,1.4358,1.43355,1.43442,6874,1.43799,1.43227,BEARISH_INSIDEBAR,-0.1254862592546133,-0.17358932530221993,-0.08086892263075318
2025-02-10,12:00:00,1.43258,1.43448,1.43258,1.43373,7059,1.43588,1.43149,BULLISH_INSIDEBAR,-0.12554665104308507,-0.019529479051150354,-0.19041242074866951
2025-02-12,00:00:00,1.42827,1.42959,1.42816,1.42878,3343,1.43082,1.42787,BULLISH_INSIDEBAR,0.055991825193531124,0.28625820630189036,0.0048992847044341675
2025-02-12,20:00:00,1.42618,1.43101,1.4259,1.43091,8055,1.4342,1.42553,BULLISH_INSIDEBAR,-0.14396433039114626,-0.12509521912628738,-0.8106729284161711
2025-02-13,00:00:00,1.43029,1.43039,1.42869,1.42885,3559,1.43101,1.4259,BEARISH_INSIDEBAR,-0.2099590579836856,-0.02239563285158526,-0.6977639360324761
2025-02-14,20:00:00,1.41646,1.41774,1.4157,1.4176,6155,1.41786,1.41507,BULLISH_INSIDEBAR,-0.10863431151240653,0.09593679458239474,0.05290632054176273
2025-02-17,04:00:00,1.41605,1.41748,1.41605,1.41735,7733,1.41896,1.41592,BULLISH_INSIDEBAR,0.11359226725931415,0.06490986700531343,0.21448477793064039
2025-02-17,12:00:00,1.41896,1.41935,1.41812,1.41884,6420,1.41938,1.41708,BEARISH_INSIDEBAR,-0.04017366299231636,0.07752812156408607,0.11488258013587142
2025-02-17,20:00:00,1.41828,1.41881,1.41815,1.41835,3134,1.41923,1.41788,BULLISH_INSIDEBAR,0.11210209045722003,0.051468255367144736,0.08108012831811502
2025-02-18,16:00:00,1.42046,1.42111,1.41826,1.4193,9096,1.42125,1.41793,BEARISH_INSIDEBAR,0.014091453533430422,-0.09300359332065017,0.3086028323821638
2025-02-18,20:00:00,1.41926,1.41972,1.41829,1.4195,5839,1.42111,1.41826,BULLISH_INSIDEBAR,-0.0732652342374026,0.0302923564635386,0.31912645297639475
2025-02-20,00:00:00,1.42239,1.4244,1.42237,1.42417,4559,1.42451,1.42235,BULLISH_INSIDEBAR,-0.1088353216259253,-0.24926799469164093,-0.39461581131465756
2025-02-21,00:00:00,1.41728,1.41881,1.41677,1.41855,4676,1.41893,1.41661,BULLISH_INSIDEBAR,-0.047936272954778744,-0.06344506714602241,0.07401924500370063
2025-02-21,04:00:00,1.41856,1.4186,1.41679,1.41787,7085,1.41881,1.41677,BEARISH_INSIDEBAR,0.125540423311031,0.27717632787208907,0.10579249155423676
2025-02-26,00:00:00,1.43087,1.43136,1.42937,1.43038,4590,1.43174,1.42798,BEARISH_INSIDEBAR,0.1873627986968509,0.33138047232203793,0.30621233518366103
2025-02-26,20:00:00,1.43177,1.43573,1.4301,1.43369,10280,1.43659,1.42991,BULLISH_INSIDEBAR,0.07463259142493332,-0.06975008544384699,0.683550837349778
2025-02-27,00:00:00,1.43326,1.43548,1.43326,1.43476,4392,1.43573,1.4301,BULLISH_INSIDEBAR,0.04251582146142905,0.5429479494828378,0.6691014525077401
2025-02-28,00:00:00,1.44355,1.44471,1.44291,1.44436,5281,1.4449,1.44186,BULLISH_INSIDEBAR,-0.02492453404969246,-0.19870392422942687,-0.06785012046857991
2025-03-04,00:00:00,1.44758,1.4504,1.44757,1.44931,5856,1.45415,1.44037,BULLISH_INSIDEBAR,-0.00896978562213643,-0.3118725462461502,-0.4498692481249754
2025-03-05,00:00:00,1.43858,1.44414,1.43828,1.44279,7406,1.45418,1.43703,BULLISH_INSIDEBAR,-0.04574470297133366,-0.329916342641694,-0.7880564739151299
2025-03-06,20:00:00,1.43032,1.43175,1.42833,1.42923,8243,1.43698,1.4238,BEARISH_INSIDEBAR,0.05807322824178812,0.05037677630612665,0.583530992212591
2025-03-07,00:00:00,1.42879,1.43058,1.4287,1.43006,3461,1.43175,1.42833,BULLISH_INSIDEBAR,0.08181474903150171,0.49228703690753783,0.43564605680880225
2025-03-07,20:00:00,1.43905,1.44069,1.43593,1.43757,7713,1.4426,1.43365,BEARISH_INSIDEBAR,-0.08903914244175573,0.027824732013046735,0.43545705600422463
2025-03-10,00:00:00,1.43724,1.43833,1.43606,1.43629,4483,1.44069,1.43593,BEARISH_INSIDEBAR,0.021583384971003938,0.3808423090044395,0.462302181314357
2025-03-12,00:00:00,1.44334,1.44387,1.44212,1.44287,3014,1.45041,1.4379,BEARISH_INSIDEBAR,0.14415713127307794,-0.22316632822083765,-0.46019391906410145
2025-03-12,16:00:00,1.43964,1.44301,1.4375,1.43884,10640,1.44435,1.43657,BEARISH_INSIDEBAR,-0.12718578855188892,-0.006255038781235126,0.2237913875066026
2025-03-13,00:00:00,1.43635,1.43684,1.43582,1.43623,2350,1.43925,1.4353,BEARISH_INSIDEBAR,0.17545936235840207,0.24717489538584797,0.48251324648559796
2025-03-14,00:00:00,1.44335,1.44428,1.44249,1.44316,3130,1.44511,1.44187,BEARISH_INSIDEBAR,-0.019401868122734693,-0.16006541201253044,-0.4282269464231322
2025-03-14,04:00:00,1.44314,1.4441,1.44267,1.44288,5160,1.44428,1.44249,BEARISH_INSIDEBAR,-0.10603792415169878,-0.38187513861165895,-0.3874196052339754
2025-03-17,00:00:00,1.43673,1.43743,1.43558,1.43698,3168,1.43843,1.43548,BULLISH_INSIDEBAR,0.021573021197235347,-0.21225069242438985,-0.5274951634678229
2025-03-19,00:00:00,1.42935,1.43017,1.42922,1.42978,2194,1.43194,1.42916,BULLISH_INSIDEBAR,0.08672662927162975,0.17834911664732,0.17135503364152813
2025-03-20,00:00:00,1.43239,1.43329,1.43146,1.43223,2859,1.43487,1.43077,BEARISH_INSIDEBAR,0.050271255315141705,0.43568421273119706,-0.010473178190644831
2025-03-21,00:00:00,1.43205,1.43261,1.43142,1.43208,2384,1.43358,1.43123,BULLISH_INSIDEBAR,0.07890620635719202,0.25347745935981386,0.07541478129713214
2025-03-24,20:00:00,1.43163,1.43266,1.43056,1.4319,5658,1.43436,1.42889,BULLISH_INSIDEBAR,0.009078846288146062,0.0377121307353855,-0.30030030030029825
2025-03-25,04:00:00,1.43204,1.43238,1.43107,1.43238,3725,1.43268,1.43097,BULLISH_INSIDEBAR,0.004188832572358521,-0.16755330289448034,-0.34627682598193743
2025-03-25,20:00:00,1.4299,1.43079,1.4272,1.4276,5263,1.43135,1.42707,BEARISH_INSIDEBAR,0.07284953768562132,-0.17722050994675828,-0.05743905855982368
2025-03-27,04:00:00,1.42868,1.4287,1.42593,1.42649,4792,1.43159,1.42563,BEARISH_INSIDEBAR,0.1275858926455799,0.35191273685760327,0.33578924492986784
2025-03-27,12:00:00,1.42833,1.42975,1.42756,1.42967,6520,1.43055,1.42623,BULLISH_INSIDEBAR,0.12870102890877363,0.09442738534067038,0.09932362013611372
2025-03-27,20:00:00,1.43148,1.43211,1.42992,1.43044,5684,1.43285,1.42919,BEARISH_INSIDEBAR,0.040546964570343735,0.11534912334667316,0.09437655546544856
2025-03-28,04:00:00,1.43102,1.43151,1.43075,1.43128,3883,1.43154,1.42944,BULLISH_INSIDEBAR,0.05659270024034272,-0.13833771169862588,0.015370856855394258
2025-03-28,20:00:00,1.4293,1.43239,1.42921,1.43179,6329,1.4326,1.4276,BULLISH_INSIDEBAR,-0.06704893874100601,0.20813108067525302,0.4888985116532535
2025-04-03,04:00:00,1.42539,1.42578,1.42372,1.42551,8393,1.43186,1.42146,BULLISH_INSIDEBAR,-0.8719686287714686,-1.3651254638690737,-1.0838226319001596
2025-04-04,00:00:00,1.40967,1.40967,1.40611,1.4064,4742,1.41039,1.406,BEARISH_INSIDEBAR,0.26023890784982906,1.024601820250271,1.1788964732650609
2025-04-04,16:00:00,1.42078,1.42356,1.41786,1.42101,16474,1.42414,1.41307,BULLISH_INSIDEBAR,0.07811345451474262,0.038001140034199965,0.1273741915961089
2025-04-07,04:00:00,1.42296,1.42533,1.42122,1.42155,10451,1.42668,1.42041,BEARISH_INSIDEBAR,0.24409975027258005,0.08933910168477242,-0.3622806091941886
2025-04-07,20:00:00,1.42282,1.42539,1.41845,1.42476,11160,1.42671,1.41785,BULLISH_INSIDEBAR,-0.23021421151632201,-0.49060894466436816,0.1024733990286095
2025-04-08,00:00:00,1.42472,1.42472,1.42003,1.42148,5927,1.42539,1.41845,BEARISH_INSIDEBAR,-0.35737400455862717,-0.35948448096351476,0.19064636857359865
2025-04-10,00:00:00,1.40815,1.41096,1.40726,1.40999,6716,1.41859,1.40714,BULLISH_INSIDEBAR,-0.19929219356165498,-0.19716451889729747,-1.075894155277706
2025-04-11,16:00:00,1.3856,1.39323,1.38418,1.39023,12377,1.39324,1.38385,BULLISH_INSIDEBAR,-0.25319551441128213,-0.2740553721326752,0.009350970702686857
2025-04-11,20:00:00,1.3903,1.39188,1.38663,1.38671,8401,1.39323,1.38418,BEARISH_INSIDEBAR,0.0353354342292101,-0.2048012922673216,-0.0007211313108051079
2025-04-14,20:00:00,1.39037,1.39047,1.38626,1.3867,6017,1.39105,1.38614,BEARISH_INSIDEBAR,0.1918223119636464,-0.08365183529242445,0.6490228600273957
2025-04-17,00:00:00,1.38515,1.38683,1.38515,1.38675,3090,1.38981,1.38507,BULLISH_INSIDEBAR,0.1622498647917855,0.03749774652966115,-0.16224986479176948
2025-04-18,12:00:00,1.38604,1.38655,1.3844,1.3856,6196,1.38666,1.38404,BEARISH_INSIDEBAR,-0.04763279445726638,-0.27208429561201297,-0.4575635103926106
2025-04-22,00:00:00,1.38356,1.3845,1.38278,1.38376,3111,1.38499,1.38255,BULLISH_INSIDEBAR,-0.24137133606984743,0.06142683702374655,-0.06937619240331212
2025-04-22,20:00:00,1.38066,1.38324,1.3799,1.3805,5719,1.3857,1.37961,BEARISH_INSIDEBAR,0.16660630206446714,0.042013763129302786,0.5331401666063045
2025-04-23,04:00:00,1.38281,1.38467,1.38194,1.38332,4916,1.38601,1.38131,BULLISH_INSIDEBAR,-0.1619292716074386,0.43663071451289814,0.2450626030130414
2025-04-24,12:00:00,1.385,1.38702,1.38401,1.386,5537,1.38745,1.38394,BULLISH_INSIDEBAR,0.1349206349206377,0.025252525252530484,0.08802308802308795
2025-04-29,00:00:00,1.38282,1.38395,1.38211,1.38363,2625,1.38573,1.3816,BULLISH_INSIDEBAR,0.18863424470414789,-0.026018516510910864,-0.04408693075460921
2025-04-29,12:00:00,1.38288,1.38516,1.38272,1.38327,5684,1.38709,1.3816,BULLISH_INSIDEBAR,0.15109125478033394,-0.018073116600525095,0.12072841889147169
2025-05-01,00:00:00,1.3785,1.38005,1.37823,1.37877,2514,1.38112,1.37694,BULLISH_INSIDEBAR,0.04424233193353492,0.22773921683819062,0.3800488841503595
2025-05-01,04:00:00,1.37877,1.38,1.37837,1.37938,3291,1.38005,1.37823,BULLISH_INSIDEBAR,0.1515173483739017,0.428453363105153,0.20661456596442018
2025-05-01,20:00:00,1.38531,1.38609,1.38349,1.38532,5127,1.38617,1.37951,BULLISH_INSIDEBAR,-0.09456298905669046,-0.16747033176450926,-0.24976178789016387
2025-05-02,00:00:00,1.38527,1.3855,1.38401,1.38401,2553,1.38609,1.38349,BEARISH_INSIDEBAR,-0.12861178748707688,-0.11632863924392811,-0.15101046957752656
2025-05-02,20:00:00,1.37909,1.38192,1.37909,1.38186,4786,1.38286,1.37597,BULLISH_INSIDEBAR,0.004341973861313663,-0.06512960791976921,0.03690677782119827
2025-05-05,20:00:00,1.38122,1.38245,1.38072,1.38237,2994,1.38295,1.3799,BULLISH_INSIDEBAR,0.10344553194874166,-0.031105999117468728,-0.3515701295601095
2025-05-06,20:00:00,1.37712,1.37859,1.37622,1.37751,5029,1.38083,1.37498,BULLISH_INSIDEBAR,-0.024682216463038885,0.1263148724873195,0.45734695210923854
2025-05-07,08:00:00,1.37953,1.3797,1.37805,1.37925,4858,1.37981,1.377,BEARISH_INSIDEBAR,0.06525285481239085,0.3306144643828093,0.5299981874206944
2025-05-09,20:00:00,1.39344,1.39403,1.39191,1.39378,3478,1.39442,1.39058,BULLISH_INSIDEBAR,-0.012197046879708668,0.1391898290978528,0.25398556443627235
2025-05-22,20:00:00,1.3867,1.38725,1.38555,1.38561,4758,1.38885,1.38547,BEARISH_INSIDEBAR,-0.042580524101304876,-0.2865164079358571,-0.9093467858921301
2025-05-28,00:00:00,1.38029,1.38174,1.38009,1.3805,2275,1.38357,1.37725,BULLISH_INSIDEBAR,0.20572256428829797,0.24049257515392897,0.35784136182542153
2025-05-28,20:00:00,1.38218,1.38373,1.38181,1.38369,4050,1.38442,1.38084,BULLISH_INSIDEBAR,0.12647341528810052,-0.03324444059002572,-0.2225932109070813
2025-05-29,20:00:00,1.38043,1.38113,1.37965,1.38061,4288,1.3827,1.37846,BULLISH_INSIDEBAR,0.030421335496634602,0.08184787883617209,-0.4925359080406427
2025-06-02,12:00:00,1.36945,1.37106,1.36851,1.36957,6323,1.37238,1.3674,BULLISH_INSIDEBAR,0.10952342706105252,0.1730470147564552,0.24679278897755783
2025-06-03,20:00:00,1.3725,1.37259,1.37129,1.37199,3418,1.37342,1.37009,BEARISH_INSIDEBAR,-0.04956304346241692,-0.08454872120059546,-0.32871959708161236
2025-06-05,00:00:00,1.36725,1.36821,1.36706,1.36718,2561,1.36852,1.36523,BEARISH_INSIDEBAR,0.04681168536695782,-0.12507497183985286,-0.05266314603783363
2025-06-05,20:00:00,1.36667,1.36735,1.36561,1.3673,4609,1.3675,1.36342,BULLISH_INSIDEBAR,-0.06143494478168302,0.05119578731808272,0.19381262341841887
2025-06-06,20:00:00,1.3699,1.37029,1.36898,1.36995,3965,1.37043,1.36689,BULLISH_INSIDEBAR,-0.05620643089163381,-0.16204970984343303,0.0029198145917763425
2025-06-09,20:00:00,1.36738,1.37,1.36719,1.36999,3290,1.3707,1.36703,BULLISH_INSIDEBAR,-0.0109489850290947,0.04963539879853239,-0.21824976824648704
2025-06-10,20:00:00,1.36821,1.36924,1.36695,1.367,3659,1.36932,1.36677,BEARISH_INSIDEBAR,0.015362106803221908,0.08558888076079849,-0.002194586686172238
2025-06-11,16:00:00,1.36628,1.36782,1.36536,1.36562,7257,1.36898,1.36497,BEARISH_INSIDEBAR,0.09885619718515855,-0.001464536254604577,-0.36247272301225886
2025-06-12,00:00:00,1.36686,1.36722,1.36607,1.36636,2361,1.36742,1.36492,BEARISH_INSIDEBAR,-0.055622237184936175,-0.33446529465148006,-0.2715243420474913
2025-06-13,12:00:00,1.36155,1.36504,1.3613,1.36156,7652,1.3651,1.36121,BULLISH_INSIDEBAR,-0.22180440083433872,-0.19095743118189118,-0.4134962836746103
2025-06-13,20:00:00,1.35858,1.36004,1.35786,1.35844,6215,1.36322,1.35658,BEARISH_INSIDEBAR,0.03827920261475324,-0.0927534524896233,-0.09937869909603547
2025-06-17,04:00:00,1.35753,1.35808,1.35681,1.35723,5895,1.35816,1.35645,BEARISH_INSIDEBAR,-0.023577433449000977,0.29987548167959877,0.6299595499657433
2025-06-18,00:00:00,1.366,1.36905,1.36494,1.36757,3420,1.36929,1.3609,BULLISH_INSIDEBAR,-0.13088909525654688,-0.21205495879552072,0.1791498789824333
2025-06-18,04:00:00,1.36754,1.36774,1.36566,1.36578,5449,1.36905,1.36494,BEARISH_INSIDEBAR,0.05784240507256428,0.131792821684314,0.35950153026109405
2025-06-19,00:00:00,1.36876,1.37003,1.36809,1.37002,2963,1.37028,1.36543,BULLISH_INSIDEBAR,0.04890439555626548,0.12992511058231943,-0.06934205340068074
2025-06-20,04:00:00,1.36908,1.37016,1.36883,1.36901,5202,1.37026,1.36867,BEARISH_INSIDEBAR,0.047479565525455576,0.2885296674238974,0.5010920300070756
2025-06-23,20:00:00,1.37702,1.37748,1.37267,1.37342,6146,1.37846,1.37248,BEARISH_INSIDEBAR,-0.04732711042507313,-0.13033158101674508,-0.07499526728896377
2025-06-25,00:00:00,1.3705,1.3728,1.3705,1.37225,2593,1.37295,1.37048,BULLISH_INSIDEBAR,0.07068682820186828,0.1231554017125137,-0.06339952632537267
2025-06-30,00:00:00,1.36726,1.36994,1.36726,1.36936,3321,1.37581,1.36721,BULLISH_INSIDEBAR,-0.15992872582811785,-0.20447508325056332,-0.6616229479464748
2025-07-01,00:00:00,1.36036,1.36088,1.36017,1.3603,2206,1.36434,1.35996,BEARISH_INSIDEBAR,0.023524222597947213,0.1734911416599219,0.27126369183268184
2025-07-01,20:00:00,1.36598,1.36632,1.36414,1.36453,3929,1.36666,1.36222,BEARISH_INSIDEBAR,-0.03957406579554755,0.03517694737382365,-0.39354209874462975
2025-07-03,20:00:00,1.35609,1.35886,1.3557,1.35836,2078,1.36194,1.3556,BULLISH_INSIDEBAR,-0.08098000530051687,0.05521363997762216,0.12883182661444081
2025-07-04,00:00:00,1.35741,1.35871,1.35699,1.35726,2070,1.35886,1.3557,BEARISH_INSIDEBAR,0.013262013173604835,0.2306116735187125,0.25934603539485357
2025-07-04,04:00:00,1.35724,1.35812,1.3572,1.35744,3721,1.35871,1.35699,BULLISH_INSIDEBAR,0.12302569542668998,0.24310466760962407,0.43832508250825974
2025-07-08,20:00:00,1.36803,1.36902,1.3661,1.36621,5230,1.36939,1.36551,BEARISH_INSIDEBAR,0.08417446805395835,0.16542112852344448,0.1910394448876821
2025-07-09,20:00:00,1.3695,1.36973,1.36842,1.36882,3450,1.37044,1.36762,BEARISH_INSIDEBAR,-0.07963063076226498,-0.08474452448092722,-0.24108356102335288
2025-07-10,04:00:00,1.36771,1.36862,1.36761,1.36817,3913,1.3688,1.36733,BULLISH_INSIDEBAR,-0.03727606949428875,0.00877083988100148,0.10232646527842633
2025-07-11,04:00:00,1.36928,1.37056,1.36799,1.36957,5728,1.37298,1.36524,BULLISH_INSIDEBAR,0.03650780902034543,-0.11463452032388628,0.013872967427742614
2025-07-11,08:00:00,1.36957,1.37052,1.36849,1.37007,5278,1.37056,1.36799,BULLISH_INSIDEBAR,-0.16422518557444973,-0.08393731707138938,-0.13211003817322234
2025-07-15,04:00:00,1.36997,1.37029,1.36934,1.36988,4860,1.37084,1.36908,BEARISH_INSIDEBAR,-0.101468741787602,0.18468770987239183,0.11825853359418013
2025-07-15,20:00:00,1.37241,1.37284,1.37116,1.37204,3824,1.37293,1.36727,BEARISH_INSIDEBAR,-0.06195154660214115,-0.005830733797838107,-0.27841753884725917
2025-07-16,20:00:00,1.36892,1.37033,1.36802,1.36822,4821,1.37548,1.36797,BEARISH_INSIDEBAR,0.13155779041382407,0.4429112277265319,0.5050357398663937
2025-07-17,20:00:00,1.3752,1.37553,1.37423,1.37513,3572,1.37651,1.3741,BEARISH_INSIDEBAR,-0.12144306356490371,-0.18325540130750226,-0.17452895362619955
2025-07-18,04:00:00,1.37346,1.37422,1.373,1.37401,3928,1.37521,1.37288,BULLISH_INSIDEBAR,-0.10189154372965596,-0.10771391765707133,-0.1222698524755936
2025-07-24,04:00:00,1.36054,1.36075,1.35961,1.36025,4811,1.36079,1.35921,BEARISH_INSIDEBAR,0.016908656496963975,0.24921889358573823,0.41315934570850643
2025-07-25,00:00:00,1.36403,1.36494,1.36352,1.36412,3027,1.36541,1.36298,BULLISH_INSIDEBAR,0.12828783391489884,0.3203530481189327,0.37973198838811556
2025-07-25,20:00:00,1.37157,1.37166,1.36994,1.37004,3501,1.37254,1.36807,BEARISH_INSIDEBAR,-0.05401302151761722,0.20802312341245655,0.2737146360690303
2025-07-28,12:00:00,1.37288,1.37341,1.37148,1.37171,6682,1.37419,1.3695,BEARISH_INSIDEBAR,0.010935255994349717,0.17715114710834887,0.4344941715085525
2025-07-29,04:00:00,1.37415,1.37415,1.37305,1.37315,4666,1.37425,1.37264,BEARISH_INSIDEBAR,0.08884681207442732,0.33135491388412275,0.2709099515712009
2025-07-29,20:00:00,1.37773,1.37819,1.37619,1.37717,3985,1.37879,1.37493,BEARISH_INSIDEBAR,-0.06680366258341613,0.005809014137693967,0.42623641235287163
2025-07-31,00:00:00,1.38272,1.38328,1.38219,1.38299,3260,1.38449,1.37979,BULLISH_INSIDEBAR,-0.10267608587191353,0.02241520184527961,0.12075286155359477
2025-08-01,04:00:00,1.38466,1.38614,1.38435,1.38535,6539,1.38701,1.38384,BULLISH_INSIDEBAR,0.1573609557151513,-0.4208322806510991,-0.5760277186270688
2025-08-05,00:00:00,1.37725,1.37797,1.37723,1.37742,592,1.3785,1.37717,BULLISH_INSIDEBAR,0.08566740718153931,0.16770483948249712,-0.001451989952239043
2025-08-05,20:00:00,1.3778,1.37883,1.37703,1.3771,3897,1.37994,1.37696,BEARISH_INSIDEBAR,0.021784910318783456,-0.019606419286906724,-0.22293224892890173
2025-08-07,00:00:00,1.3736,1.37445,1.3736,1.37437,2636,1.37477,1.37348,BULLISH_INSIDEBAR,-0.096771611720283,-0.04583918449908907,-0.04147354788013282
2025-08-07,20:00:00,1.37522,1.3767,1.37386,1.37458,4673,1.37733,1.37301,BEARISH_INSIDEBAR,-0.05674460562499112,-0.0705670095592774,0.0676570297836501
2025-08-08,16:00:00,1.37578,1.3758,1.37424,1.37517,6072,1.37623,1.37254,BEARISH_INSIDEBAR,0.024724215915123728,-0.007999011031367359,0.23051695426746477
2025-08-11,00:00:00,1.37484,1.37596,1.37484,1.3758,2101,1.37628,1.37419,BULLISH_INSIDEBAR,-0.05378688762901315,0.22241604884431335,0.15191161506033923
2025-08-11,20:00:00,1.37833,1.37869,1.37744,1.37763,3532,1.3795,1.37737,BEARISH_INSIDEBAR,0.018872992022542265,0.09000965426131327,-0.03847186835361595
2025-08-12,20:00:00,1.37618,1.37841,1.37617,1.3771,4479,1.37932,1.37536,BULLISH_INSIDEBAR,0.05083145741049473,-0.057366930506141056,-0.0784256771476269
2025-08-13,00:00:00,1.377,1.37801,1.37649,1.3778,2397,1.37841,1.37617,BULLISH_INSIDEBAR,-0.015967484395404772,-0.05878937436492797,-0.19306140223543947
2025-08-15,00:00:00,1.3813,1.38151,1.381,1.38112,2108,1.3819,1.38052,BEARISH_INSIDEBAR,-0.0666126042631929,-0.13177710843373008,-0.02751390176087704
2025-08-18,20:00:00,1.38122,1.38139,1.37991,1.38029,3353,1.3831,1.37905,BEARISH_INSIDEBAR,0.043469126053215915,0.11446869860680833,0.4694665613747866
2025-08-20,08:00:00,1.38693,1.38808,1.3868,1.3879,4342,1.38831,1.38645,BULLISH_INSIDEBAR,-0.15707183514661352,-0.025217955184080296,-0.007925643057845122
2025-08-20,16:00:00,1.38578,1.38789,1.38569,1.38683,6734,1.38795,1.38532,BULLISH_INSIDEBAR,0.05191696170403394,0.07715437364348221,0.20550464007845368
2025-08-22,00:00:00,1.39072,1.39087,1.38988,1.3907,1854,1.39121,1.38908,BEARISH_INSIDEBAR,0.05249155101746583,0.06759186021427632,-0.5155676997195743
2025-08-26,00:00:00,1.38529,1.38631,1.38412,1.38446,3167,1.38635,1.38325,BEARISH_INSIDEBAR,0.06717420510523059,0.005778426245617786,-0.08450948384208395
2025-08-26,04:00:00,1.38449,1.38594,1.38444,1.38539,3925,1.38631,1.38412,BULLISH_INSIDEBAR,0.02598546257733476,-0.17828914601664314,-0.08012184294674744
2025-08-26,20:00:00,1.38292,1.38412,1.38282,1.38388,3768,1.38539,1.38219,BULLISH_INSIDEBAR,-0.04263375437177288,0.0672023585860116,-0.3482960950371453
2025-08-27,00:00:00,1.3836,1.38379,1.38294,1.38329,2161,1.38412,1.38282,BEARISH_INSIDEBAR,0.07156850696528179,0.12578707284807053,-0.36940916221471626
2025-08-27,12:00:00,1.3848,1.38559,1.38427,1.38503,4400,1.38565,1.38336,BULLISH_INSIDEBAR,-0.37905316130336364,-0.494574124748202,-0.65124943142026
2025-08-29,00:00:00,1.37422,1.37528,1.37422,1.37458,2595,1.3756,1.3741,BULLISH_INSIDEBAR,0.04655967641026321,0.17387129159453174,-0.07638696911056436
2025-08-29,20:00:00,1.37311,1.3746,1.37272,1.37376,3681,1.37786,1.37262,BULLISH_INSIDEBAR,-0.016742371302132433,0.011646866992774426,0.0858956440717417
2025-09-01,20:00:00,1.37542,1.37561,1.37488,1.37494,1089,1.37614,1.3743,BEARISH_INSIDEBAR,-0.012364175891311873,0.14400628391056125,0.23782855979169157
2025-09-02,16:00:00,1.38082,1.38093,1.37728,1.3773,8742,1.38143,1.37665,BEARISH_INSIDEBAR,0.06607129891817079,0.13504683075582466,0.09801786103245207
2025-09-03,00:00:00,1.37737,1.37919,1.37736,1.379,2431,1.3792,1.37717,BULLISH_INSIDEBAR,0.011602610587377663,0.06308919506888516,0.055112400290072076
2025-09-03,12:00:00,1.38005,1.38054,1.37933,1.37987,4791,1.38072,1.37877,BEARISH_INSIDEBAR,-0.08841412596838824,-0.00797176545615402,0.12175059969418321
2025-09-03,20:00:00,1.37864,1.38015,1.37852,1.3792,4144,1.38045,1.37826,BULLISH_INSIDEBAR,0.0406032482598692,0.12761020881670418,0.17111368909512165
2025-09-04,00:00:00,1.37896,1.37982,1.37896,1.37976,2137,1.38015,1.37852,BULLISH_INSIDEBAR,0.06957731779438814,0.12973270713747015,0.0869716472429892
2025-09-04,20:00:00,1.38318,1.38363,1.38156,1.38156,3343,1.38449,1.38061,BEARISH_INSIDEBAR,-0.04342916702857161,-0.1722690292133405,0.06876284779524643
2025-09-08,00:00:00,1.38302,1.38439,1.38272,1.38379,3295,1.38537,1.38221,BULLISH_INSIDEBAR,-0.03613265018537256,-0.3266391576756646,-0.2457020212604564
2025-09-08,04:00:00,1.38376,1.38413,1.38286,1.38329,4426,1.38439,1.38272,BEARISH_INSIDEBAR,-0.12072667336566001,-0.0527727374592383,-0.20964512141343483
2025-09-08,20:00:00,1.38258,1.38313,1.38024,1.38024,3628,1.38335,1.37879,BEARISH_INSIDEBAR,0.01086767518693086,-0.03550107227727638,0.29560076508433925
2025-09-10,00:00:00,1.38362,1.38572,1.38355,1.38555,2693,1.38594,1.38302,BULLISH_INSIDEBAR,-0.10465158240409594,-0.017321641225507414,0.09887770199558812
2025-09-11,00:00:00,1.38578,1.38693,1.38575,1.38692,2143,1.38695,1.38518,BULLISH_INSIDEBAR,0.015141464540135229,-0.08580163239408362,-0.22495890173910618
2025-09-11,20:00:00,1.38329,1.38425,1.38293,1.38324,4233,1.38673,1.38256,BEARISH_INSIDEBAR,0.04048465920591465,0.10916399178739049,0.08530696046961907
2025-09-12,20:00:00,1.38496,1.38534,1.3838,1.38442,3334,1.38632,1.38342,BEARISH_INSIDEBAR,-0.016613455454266225,-0.07006544256800071,-0.4919027462764178
2025-09-16,00:00:00,1.37727,1.37823,1.37712,1.37737,3425,1.38015,1.37664,BULLISH_INSIDEBAR,-0.016698490601650427,-0.11543739155056233,-0.22434059112657
2025-09-17,00:00:00,1.37364,1.37444,1.37361,1.37428,3401,1.37546,1.3734,BULLISH_INSIDEBAR,0.05821230025905449,0.07422068283028356,0.17900282329657194
2025-09-17,12:00:00,1.37559,1.37591,1.37481,1.3753,6556,1.37619,1.37476,BEARISH_INSIDEBAR,0.05089798589398117,0.10470442812478063,0.23849341961753434
2025-09-18,00:00:00,1.37711,1.3779,1.37665,1.37674,4068,1.3787,1.37262,BEARISH_INSIDEBAR,0.12929093365485805,0.13364905501400712,0.2048317038801678
2025-09-18,20:00:00,1.3802,1.38031,1.37866,1.37959,5802,1.38099,1.37858,BEARISH_INSIDEBAR,-0.0021745591081550704,0.08988177646981406,-0.09930486593843775
2025-09-19,00:00:00,1.37932,1.37998,1.37896,1.37956,3442,1.38031,1.37866,BULLISH_INSIDEBAR,0.012322769578706507,0.16454521731566546,-0.05726463510103558
2025-09-23,04:00:00,1.38272,1.38317,1.38229,1.383,5425,1.38321,1.38157,BULLISH_INSIDEBAR,0.010122921185830008,-0.01156905278379884,0.10195227765726039
2025-09-24,00:00:00,1.38299,1.38462,1.38299,1.38426,3734,1.38499,1.3826,BULLISH_INSIDEBAR,0.010836114602738825,0.24128415182118235,0.35759178189068597
2025-09-26,04:00:00,1.39385,1.39444,1.39339,1.3935,7540,1.39454,1.39219,BEARISH_INSIDEBAR,0.08324363114460351,0.010046645138143451,-0.09831359885180277
2025-09-26,20:00:00,1.39362,1.39436,1.39339,1.39411,8357,1.39522,1.39312,BULLISH_INSIDEBAR,-0.10042249176894706,-0.1728701465451093,-0.1893681273357178
2025-09-29,20:00:00,1.39127,1.39228,1.3909,1.39147,6207,1.39391,1.39029,BULLISH_INSIDEBAR,0.04455719490898582,-0.02946524179465037,0.039526543870874
2025-09-30,04:00:00,1.39208,1.39221,1.39123,1.39138,11577,1.39245,1.39074,BEARISH_INSIDEBAR,-0.022998749443006075,0.05246589716683418,0.0
2025-09-30,20:00:00,1.39213,1.39255,1.39133,1.39202,10598,1.39355,1.3896,BEARISH_INSIDEBAR,0.04669473139754022,-0.01652275110989443,0.1264349650148693
2025-10-01,20:00:00,1.39477,1.39492,1.39342,1.39378,4393,1.39566,1.39225,BEARISH_INSIDEBAR,0.042330927406053355,-0.007892206804521122,0.21667695045129234
2025-10-02,04:00:00,1.39438,1.3947,1.39346,1.3945,3739,1.39473,1.39333,BULLISH_INSIDEBAR,-0.05951954105414904,0.1548942273216163,0.1627823592685546
2025-10-02,20:00:00,1.39667,1.3972,1.39595,1.3968,8066,1.39862,1.39401,BULLISH_INSIDEBAR,-0.028636884306984245,-0.05154639175258118,-0.13101374570446722
2025-10-03,00:00:00,1.39672,1.39682,1.39601,1.3964,3540,1.3972,1.39595,BEARISH_INSIDEBAR,0.026496705814951407,-0.09452878831280348,-0.05370953881409542
2025-10-03,20:00:00,1.39472,1.39608,1.39459,1.39497,9753,1.3963,1.39393,BULLISH_INSIDEBAR,0.04874656802655354,0.00286744517803537,-0.06308379391671448
2025-10-07,00:00:00,1.39425,1.39509,1.3941,1.39488,2341,1.39538,1.39401,BULLISH_INSIDEBAR,-0.005018352833203749,0.03297774718973152,0.05018352833219668
2025-10-08,00:00:00,1.39502,1.39591,1.39477,1.39558,2297,1.39604,1.39455,BULLISH_INSIDEBAR,0.05732383668438297,-0.12754553662277437,-0.050874905057394657
2025-10-09,12:00:00,1.39532,1.39556,1.39424,1.39448,5388,1.39634,1.39332,BEARISH_INSIDEBAR,0.5550456083988354,0.5177557225632498,0.2775228041994177
2025-10-10,04:00:00,1.40169,1.40207,1.40135,1.40153,4568,1.40254,1.40088,BEARISH_INSIDEBAR,0.0099890833589027,-0.04780489893187791,-0.1605388396966075
2025-10-10,16:00:00,1.39835,1.40107,1.39816,1.40086,22687,1.40226,1.39756,BULLISH_INSIDEBAR,-0.037120054823471006,-0.11278785888667782,0.1563325385834355
2025-10-14,20:00:00,1.40424,1.40514,1.40322,1.40446,11697,1.40745,1.40297,BULLISH_INSIDEBAR,-0.0021360522905582565,-0.012104296313173994,-0.03132876692821411
2025-10-15,00:00:00,1.40448,1.40481,1.40365,1.40443,4754,1.40514,1.40322,BEARISH_INSIDEBAR,-0.058386676445251307,0.0441460236537131,-0.03916179517669449
2025-10-16,00:00:00,1.40413,1.40478,1.40355,1.40388,3699,1.40595,1.40335,BEARISH_INSIDEBAR,-0.03347864489842226,0.08975126079152342,0.007123115935834186
2025-10-16,20:00:00,1.40443,1.40602,1.40377,1.40506,7470,1.40605,1.40352,BULLISH_INSIDEBAR,-0.07686504490911206,-0.000711713378792757,-0.19643289254550506
2025-10-17,00:00:00,1.40533,1.40539,1.40388,1.40398,3480,1.40602,1.40377,BEARISH_INSIDEBAR,0.0,-0.005698086867339991,-0.19302269263094846
2025-10-20,00:00:00,1.40177,1.40212,1.40096,1.40127,3050,1.40418,1.40077,BEARISH_INSIDEBAR,-0.009990936793054087,0.2290779078978309,0.1320230933367522
2025-10-20,20:00:00,1.4029,1.4039,1.40265,1.40389,4007,1.40507,1.40257,BULLISH_INSIDEBAR,-0.05484760202011265,0.15528282130365262,-0.10969520404020947
2025-10-21,00:00:00,1.40337,1.40382,1.40292,1.40312,2765,1.4039,1.40265,BEARISH_INSIDEBAR,0.12543474542448144,-0.027795199270190037,-0.12400935059010297
2025-10-21,20:00:00,1.40167,1.4024,1.40115,1.40235,5140,1.40434,1.4003,BULLISH_INSIDEBAR,-0.0691696081577292,-0.11338111027917284,-0.18611616215638044
2025-10-22,20:00:00,1.39786,1.39984,1.39786,1.39974,5962,1.40267,1.39755,BULLISH_INSIDEBAR,-0.054295797791025044,-0.02143255175961014,-0.04286510351922028
2025-10-23,00:00:00,1.39929,1.39942,1.39863,1.39898,3483,1.39984,1.39786,BEARISH_INSIDEBAR,0.05789932665228949,0.025733034067687746,-0.013581323535712625
2025-10-24,08:00:00,1.40113,1.40214,1.40036,1.40196,5382,1.40285,1.39872,BULLISH_INSIDEBAR,-0.0007132871123331273,-0.1241119575451564,-0.2995805871779654
2025-10-27,20:00:00,1.39959,1.40011,1.39859,1.39898,4981,1.40081,1.39788,BEARISH_INSIDEBAR,-0.03431071209022387,0.10078771676508125,-0.3145148608271712
2025-10-29,04:00:00,1.39386,1.39431,1.3932,1.39427,3573,1.3947,1.39319,BULLISH_INSIDEBAR,0.022233857143884074,-0.32490120277994383,-0.10399707373750791
2025-10-30,00:00:00,1.39413,1.39458,1.39343,1.39361,3492,1.3955,1.38917,BEARISH_INSIDEBAR,-0.0566873085009485,0.4628267592798607,0.32146726846105
2025-10-30,20:00:00,1.39824,1.39902,1.39772,1.39862,6168,1.40139,1.39771,BULLISH_INSIDEBAR,-0.0378944960031974,0.11153851653773048,0.1715977177503509
2025-10-31,00:00:00,1.39845,1.39863,1.39795,1.39809,2745,1.39902,1.39772,BEARISH_INSIDEBAR,0.03790886137515606,0.33545766009340316,0.2818130449398862
2025-10-31,20:00:00,1.40182,1.40261,1.40069,1.40102,6691,1.40354,1.40008,BEARISH_INSIDEBAR,0.0720903341851064,0.20770581433526775,0.3219083239354195
2025-11-03,00:00:00,1.40079,1.40233,1.40079,1.40203,3287,1.40261,1.40069,BULLISH_INSIDEBAR,-0.07417815595958374,0.2931463663402235,0.3238161808235193
2025-11-03,04:00:00,1.40204,1.40211,1.40081,1.40099,2673,1.40233,1.40079,BEARISH_INSIDEBAR,0.2098516049365051,0.2955053212371275,0.41327918115046947
2025-11-03,20:00:00,1.40514,1.40601,1.40483,1.40553,4889,1.40754,1.40464,BULLISH_INSIDEBAR,0.0739934401969472,0.110990160295405,0.33581638243225387
2025-11-05,04:00:00,1.41132,1.41178,1.41071,1.41101,6378,1.4119,1.40963,BEARISH_INSIDEBAR,0.11622880064633588,0.04890114173534258,-0.054570839327868645
2025-11-06,04:00:00,1.41041,1.41049,1.40995,1.41024,4806,1.41097,1.40993,BEARISH_INSIDEBAR,-0.025527569775351425,0.10494667574314641,0.15103812117086207
2025-11-06,12:00:00,1.40988,1.41002,1.40899,1.40974,7525,1.41048,1.40897,BEARISH_INSIDEBAR,0.14045143076028863,0.18514052236582643,-0.2319576659525788
2025-11-06,20:00:00,1.41168,1.41247,1.41044,1.4118,7058,1.414,1.40959,BULLISH_INSIDEBAR,0.038957359399351923,-0.009208103130752479,-0.5121121971950593
2025-11-10,20:00:00,1.40168,1.40202,1.40126,1.40195,5972,1.4036,1.40111,BULLISH_INSIDEBAR,0.07988872641677733,0.09986090802097562,-0.006419629801342664
2025-11-13,04:00:00,1.40087,1.40121,1.40023,1.40108,3638,1.40161,1.4002,BULLISH_INSIDEBAR,-0.14203328860594386,0.0842207439974847,0.09920918148856611
2025-11-13,12:00:00,1.3991,1.4009,1.39893,1.40076,6702,1.40129,1.39847,BULLISH_INSIDEBAR,0.10708472543476805,0.10351523458693504,0.126359976013025
2025-11-17,00:00:00,1.40215,1.40322,1.40161,1.40314,3270,1.40328,1.40137,BULLISH_INSIDEBAR,-0.011402996137246461,0.0420485482560449,0.13327251735393747
2025-11-18,00:00:00,1.40458,1.40567,1.40439,1.40501,4206,1.40576,1.40253,BULLISH_INSIDEBAR,-0.004270432238928622,-0.28042505035551735,-0.3807802079700634
2025-11-19,20:00:00,1.40562,1.40605,1.40428,1.40495,12630,1.4065,1.40062,BEARISH_INSIDEBAR,0.034164916900959894,0.0071176910210319945,0.33737855439696707
2025-11-20,20:00:00,1.41011,1.41046,1.40897,1.40969,5906,1.41067,1.4043,BEARISH_INSIDEBAR,-0.05887819307791843,-0.03263128772993544,0.019862522966030537
2025-11-21,04:00:00,1.40881,1.40934,1.40862,1.40916,3135,1.40993,1.40834,BULLISH_INSIDEBAR,0.004967498367822993,0.009225354111666773,0.017741065599370085
2025-11-21,20:00:00,1.4093,1.41033,1.40889,1.40997,5404,1.41305,1.40875,BULLISH_INSIDEBAR,-0.0014184698965161657,0.10142059760137041,0.042554096895689696
2025-11-24,20:00:00,1.4112,1.41131,1.41027,1.41057,3742,1.41182,1.40982,BEARISH_INSIDEBAR,0.0163054651665605,0.06663972720247424,-0.04253599608669941
2025-11-28,20:00:00,1.39744,1.39819,1.39642,1.39731,6485,1.39984,1.39381,BEARISH_INSIDEBAR,-0.011450572886486177,0.08659495745396034,0.17605255812954224
2025-12-01,00:00:00,1.39772,1.398,1.39643,1.39715,3616,1.39819,1.39642,BEARISH_INSIDEBAR,0.10592992878360576,-0.059406649250251325,0.2097126292810435
2025-12-01,16:00:00,1.39628,1.39849,1.39557,1.3982,7402,1.39869,1.39544,BULLISH_INSIDEBAR,0.11228722643397576,0.11157202117006033,0.02360177370905031
2025-12-02,04:00:00,1.40011,1.40028,1.39957,1.39976,2240,1.40072,1.39942,BEARISH_INSIDEBAR,0.07358404297880254,-0.08787220666398828,-0.18360290335485807
2025-12-03,04:00:00,1.39657,1.39742,1.39651,1.39719,2452,1.39753,1.39622,BULLISH_INSIDEBAR,-0.12310423063434063,-0.20183368045862213,-0.07872944982428152
2025-12-03,20:00:00,1.39439,1.39545,1.39417,1.39491,3603,1.39692,1.39408,BULLISH_INSIDEBAR,0.08817773189667019,0.07599056569956762,0.05520069395157661
2025-12-04,20:00:00,1.39453,1.39603,1.39441,1.39568,4438,1.39682,1.39251,BULLISH_INSIDEBAR,-0.04298979708815301,-0.0938610569758055,-0.9593889716840545
2025-12-09,00:00:00,1.38522,1.38551,1.38463,1.38487,2305,1.38593,1.38398,BEARISH_INSIDEBAR,0.005776715503972067,-0.06282178110581849,0.03754865077587455
2025-12-11,00:00:00,1.37895,1.37989,1.37847,1.37948,3197,1.38408,1.37836,BULLISH_INSIDEBAR,0.12903412880214954,-0.06161742105721122,-0.15730565140487757
2025-12-11,20:00:00,1.37725,1.37806,1.37664,1.37699,4474,1.37874,1.37564,BEARISH_INSIDEBAR,0.023239093965831126,-0.06681239515174633,-0.0036311084321515386
2025-12-12,00:00:00,1.37698,1.37784,1.37669,1.37731,3159,1.37806,1.37664,BULLISH_INSIDEBAR,-0.007986582541334521,-0.08712635499633996,-0.09148267274615293
2025-12-12,20:00:00,1.3766,1.37742,1.37597,1.37694,4435,1.37945,1.37531,BULLISH_INSIDEBAR,-0.06463607709849793,-0.03195491452060337,-0.016703705317584822
2025-12-15,00:00:00,1.37678,1.37739,1.37601,1.37605,3301,1.37742,1.37597,BEARISH_INSIDEBAR,0.030522146724325933,0.058137422332030946,0.12499545801387622
2025-12-15,16:00:00,1.37684,1.37756,1.37544,1.37747,7901,1.37768,1.37471,BULLISH_INSIDEBAR,-0.05517361539633327,-0.036298431181800324,-0.210530900854458
2025-12-16,20:00:00,1.37455,1.37609,1.37373,1.37522,5818,1.37633,1.37299,BULLISH_INSIDEBAR,0.048719477610851235,0.17815331365162235,0.25959482846379855
2025-12-17,20:00:00,1.37828,1.37919,1.37754,1.37879,4483,1.37977,1.3762,BULLISH_INSIDEBAR,-0.012329651360976182,-0.04351641656814554,-0.06890099289957183
2025-12-18,00:00:00,1.37834,1.37887,1.37782,1.37862,2334,1.37919,1.37754,BULLISH_INSIDEBAR,-0.06673340006673571,-0.0725363044203544,-0.05730368049207514
2025-12-19,00:00:00,1.37717,1.37808,1.37699,1.37783,2713,1.37836,1.3766,BULLISH_INSIDEBAR,0.07330367316722348,0.026853820863240126,0.1444300095076995
2025-12-22,00:00:00,1.37936,1.38034,1.37899,1.37982,4432,1.38054,1.37728,BULLISH_INSIDEBAR,-0.043483932686883504,-0.3130843153454872,-0.4174457537939722
2025-12-22,04:00:00,1.3798,1.37984,1.37918,1.37922,2251,1.38034,1.37899,BEARISH_INSIDEBAR,-0.1522599730282327,-0.39370078740156206,-0.3828250750424118
2025-12-23,00:00:00,1.37503,1.3752,1.37389,1.37406,2711,1.37537,1.37355,BEARISH_INSIDEBAR,-0.008733243089830138,-0.3049357378862741,-0.462134113503055
2025-12-24,20:00:00,1.36703,1.36786,1.3667,1.36756,3072,1.36799,1.36647,BULLISH_INSIDEBAR,-0.0014624586855517142,0.04679867793734636,-0.008774752113261576
2025-12-30,00:00:00,1.3688,1.36953,1.3684,1.36844,2055,1.36982,1.36823,BEARISH_INSIDEBAR,0.013884423138750141,0.139574990500121,0.08403729794510423
2025-12-30,20:00:00,1.36858,1.3699,1.36827,1.36965,3088,1.37084,1.36794,BULLISH_INSIDEBAR,-0.004380681195922241,0.04526703902457306,0.20078122147994235
2025-12-31,00:00:00,1.36945,1.36989,1.36921,1.36959,1836,1.3699,1.36827,BULLISH_INSIDEBAR,0.04015800349008305,0.013142619324020105,0.08980789871420222
2026-01-05,20:00:00,1.3761,1.37726,1.37549,1.37714,3817,1.37998,1.37449,BULLISH_INSIDEBAR,-0.05373455131649381,-0.025414990487537398,0.3195027375575438
2026-01-07,04:00:00,1.38199,1.38203,1.38101,1.38131,2464,1.38249,1.38091,BEARISH_INSIDEBAR,0.001447900905655427,0.12813923015109202,0.3880374427174227
2026-01-09,00:00:00,1.38619,1.38726,1.38614,1.3872,2074,1.38765,1.38548,BULLISH_INSIDEBAR,-0.014417531718568194,0.04108996539792095,0.1542675893886989
2026-01-12,04:00:00,1.38935,1.38985,1.38872,1.38901,2877,1.39175,1.38831,BEARISH_INSIDEBAR,-0.0727136593689158,-0.12958869986537344,-0.1353481976371735
2026-01-12,12:00:00,1.38796,1.38839,1.38681,1.38703,4264,1.38934,1.3867,BEARISH_INSIDEBAR,0.012977368910554855,0.0720964939475074,0.0028838597579028576
2026-01-13,20:00:00,1.38945,1.38968,1.388,1.38891,3684,1.38978,1.38626,BEARISH_INSIDEBAR,0.043199343369976016,0.01655974829182254,-0.04391933242614708
2026-01-16,00:00:00,1.38889,1.38978,1.38873,1.38954,2578,1.3899,1.38845,BULLISH_INSIDEBAR,-0.029506167508673478,0.028786504886506033,0.010075276710280308
2026-01-19,20:00:00,1.38663,1.38734,1.38635,1.38693,1583,1.38841,1.38596,BULLISH_INSIDEBAR,-0.006489152300398973,-0.2999430396631367,-0.23433049973682704
2026-01-21,04:00:00,1.38263,1.38401,1.38255,1.38364,3337,1.38403,1.38236,BULLISH_INSIDEBAR,0.030354716544772266,-0.14888265733861053,-0.11202335867710822
2026-01-26,16:00:00,1.3703,1.37113,1.36751,1.37032,10185,1.37128,1.36712,BULLISH_INSIDEBAR,0.040136610426765314,0.22330550528344204,-0.7691634070873952
2026-01-28,00:00:00,1.35835,1.36129,1.35709,1.36121,6885,1.36227,1.35583,BULLISH_INSIDEBAR,-0.20349541951645514,-0.39890979349255773,-0.44666142623108007
2026-02-04,00:00:00,1.36378,1.36456,1.36331,1.36372,6329,1.36588,1.3632,BEARISH_INSIDEBAR,-0.019065497316175534,0.08726131463937056,0.2236529492857769
2026-02-05,00:00:00,1.36636,1.36719,1.36599,1.36677,6489,1.36838,1.36573,BULLISH_INSIDEBAR,0.12218588350637344,-0.0014633039940978381,0.26412637093292146
2026-02-09,04:00:00,1.36594,1.36671,1.36519,1.36545,4233,1.3674,1.36505,BEARISH_INSIDEBAR,-0.08055952250174675,-0.6181112453769821,-0.7199091874473621
2026-02-10,04:00:00,1.35583,1.35585,1.35478,1.35562,3632,1.35677,1.35472,BEARISH_INSIDEBAR,0.05606290848466914,-0.1025361089390834,-0.26187279621132337
2026-02-12,20:00:00,1.36251,1.36339,1.36058,1.36086,7348,1.36354,1.35589,BEARISH_INSIDEBAR,0.03968079008861933,-0.03527181341210969,0.062460502917274174
2026-02-13,00:00:00,1.36095,1.36167,1.3606,1.3614,3863,1.36339,1.36058,BULLISH_INSIDEBAR,0.08006463934185658,-0.09181724695166545,0.0007345379756181513
2026-02-13,12:00:00,1.36039,1.36349,1.35996,1.36015,6729,1.3637,1.3597,BEARISH_INSIDEBAR,0.01764511267139786,0.09263684152483467,0.18159761790978732
2026-02-13,20:00:00,1.3604,1.36254,1.35983,1.36171,5819,1.3636,1.35932,BULLISH_INSIDEBAR,-0.022031122632569854,0.006609336789766064,0.15348348767358141
2026-02-16,04:00:00,1.36144,1.36188,1.36099,1.36163,3105,1.36247,1.35973,BULLISH_INSIDEBAR,0.012485036316767659,0.15936781651403137,0.17552492233573838
2026-02-19,20:00:00,1.36959,1.3707,1.36793,1.36805,5493,1.37143,1.36755,BEARISH_INSIDEBAR,0.12280252914731946,0.06286319944447082,-0.008040641789412266
2026-02-20,12:00:00,1.36892,1.36979,1.36809,1.36887,5968,1.37024,1.36807,BEARISH_INSIDEBAR,-0.021915886826358016,-0.1811713310979156,-0.08035825169666228
2026-02-23,04:00:00,1.36638,1.36741,1.366,1.36688,4202,1.36784,1.3648,BULLISH_INSIDEBAR,0.010242303640393228,0.15290296148893284,0.21655156268288742
2026-02-23,08:00:00,1.36688,1.36732,1.36617,1.36702,5171,1.36741,1.366,BULLISH_INSIDEBAR,0.05486386446431132,0.1945838393000912,0.20116750303580275
2026-02-24,04:00:00,1.37058,1.37094,1.36958,1.36984,3566,1.37169,1.36867,BEARISH_INSIDEBAR,-0.005110085849443329,0.046720784909184576,-0.15695263680428914
2026-02-27,20:00:00,1.36297,1.36518,1.36255,1.36483,5687,1.36747,1.36248,BULLISH_INSIDEBAR,-0.016851915623187684,0.02930767934467706,0.22786720690488532
2026-03-02,04:00:00,1.36469,1.3659,1.36406,1.36587,5923,1.36731,1.36287,BULLISH_INSIDEBAR,-0.0468565822516033,0.3155497961006564,0.125194930703515
2026-03-03,00:00:00,1.3671,1.36763,1.36608,1.36688,4783,1.37113,1.36598,BEARISH_INSIDEBAR,0.05121151820203111,0.28312653634553275,0.14851340278590483
2026-03-04,04:00:00,1.36892,1.36945,1.36767,1.36887,8069,1.36995,1.36654,BEARISH_INSIDEBAR,-0.09935202027950263,-0.18628503802406746,-0.1833629197805498
2026-03-05,00:00:00,1.36361,1.36463,1.36298,1.36449,4706,1.36727,1.36267,BULLISH_INSIDEBAR,0.1370475415723119,0.02052048750815748,0.0901435701251064
2026-03-05,20:00:00,1.3701,1.37048,1.3665,1.36742,9943,1.3716,1.36347,BEARISH_INSIDEBAR,-0.12432171534715265,-0.04022173143584637,-0.7759137646078021
2026-03-10,00:00:00,1.35805,1.35947,1.35717,1.35908,4637,1.35971,1.35599,BULLISH_INSIDEBAR,-0.013244253465584731,-0.3075609971451329,-0.08903081496307468
2026-03-10,16:00:00,1.35492,1.35798,1.35461,1.35705,10705,1.35852,1.35418,BULLISH_INSIDEBAR,0.0685310047529476,-0.08695331785860365,0.09579602814928387
2026-03-11,00:00:00,1.35781,1.35847,1.35709,1.35787,3251,1.35854,1.35656,BULLISH_INSIDEBAR,-0.14728950488632947,0.09721107322497646,0.06186159205227113
2026-03-11,20:00:00,1.35834,1.35952,1.35745,1.35921,6673,1.36046,1.35733,BULLISH_INSIDEBAR,-0.03678607426372267,-0.0353146312931803,0.3215102890649705
2026-03-13,20:00:00,1.37331,1.37385,1.37183,1.37306,8223,1.37413,1.36805,BEARISH_INSIDEBAR,-0.1718788690952994,-0.23596929485964996,-0.33720303555561393
2026-03-16,20:00:00,1.36785,1.36865,1.36687,1.36843,7686,1.36918,1.36527,BULLISH_INSIDEBAR,0.015346053506576402,0.03434592927661411,0.040922809350854183
2026-03-17,04:00:00,1.36862,1.36895,1.36798,1.36842,4226,1.36904,1.36784,BEARISH_INSIDEBAR,0.03507695005919498,0.1176539366568825,0.1147308574852802
2026-03-17,20:00:00,1.37007,1.37013,1.36889,1.36899,5264,1.37227,1.36802,BEARISH_INSIDEBAR,0.016800707090641607,0.045288862592134715,0.30679552078539524
2026-03-19,00:00:00,1.37309,1.37368,1.37193,1.37196,3348,1.37373,1.36918,BEARISH_INSIDEBAR,0.056852969474328906,0.0481063587859619,0.12755473920521868
2026-03-20,00:00:00,1.37313,1.37424,1.37294,1.37371,3424,1.37447,1.37044,BULLISH_INSIDEBAR,-0.03712573978496265,-0.1688857182374648,-0.12593633299604787
2026-03-20,20:00:00,1.37137,1.37284,1.37042,1.3722,8854,1.37476,1.37036,BULLISH_INSIDEBAR,-0.016032648302004734,0.08672205217898442,0.03935286401399103
2026-03-24,12:00:00,1.37473,1.37561,1.37284,1.37436,8843,1.37614,1.37251,BEARISH_INSIDEBAR,0.2073692482319057,0.08949620186851075,0.3048691754707585
2026-03-25,00:00:00,1.37596,1.37662,1.37498,1.37559,4381,1.37851,1.37412,BEARISH_INSIDEBAR,0.12140245276571059,0.21518039532126954,0.4841558894728725
2026-03-27,00:00:00,1.38567,1.38614,1.38448,1.38584,3343,1.38654,1.38366,BULLISH_INSIDEBAR,-0.051232465508282955,0.06855048201812665,0.20492986203313182
2026-03-27,04:00:00,1.38584,1.38604,1.38449,1.38513,4931,1.38614,1.38448,BEARISH_INSIDEBAR,-0.0007219538960289296,0.20792272205496912,0.3017767285381208
2026-03-27,08:00:00,1.38514,1.38558,1.38456,1.38512,5626,1.38604,1.38449,BEARISH_INSIDEBAR,0.12056717107543466,0.28878364329444406,0.4815467251934978
2026-03-30,04:00:00,1.38867,1.3895,1.38857,1.38931,5357,1.39025,1.38782,BULLISH_INSIDEBAR,0.1785058770180908,0.22097300098609424,0.2713577243379844
2026-03-30,20:00:00,1.39237,1.39308,1.39167,1.39255,6320,1.3945,1.39145,BULLISH_INSIDEBAR,-0.02872428279056091,0.10125309683674794,-0.09119959786003248
2026-03-31,04:00:00,1.39221,1.39319,1.39161,1.39308,6542,1.39351,1.39149,BULLISH_INSIDEBAR,0.06316938007867401,0.023688517529498767,-0.15720561633216584
2026-04-01,04:00:00,1.38982,1.39115,1.38975,1.39089,9025,1.39178,1.38966,BULLISH_INSIDEBAR,-0.1380411103681759,-0.24660469195982745,0.015098246446522981
2026-04-02,16:00:00,1.3918,1.39261,1.3909,1.39138,9453,1.39331,1.39064,BEARISH_INSIDEBAR,0.045278787965897765,0.07618335752992272,0.1969267921056767
2026-04-02,20:00:00,1.3914,1.39223,1.39095,1.39201,4735,1.39261,1.3909,BULLISH_INSIDEBAR,0.0021551569313420513,-0.004310313862684103,0.11494170300501043
2026-04-03,00:00:00,1.39114,1.39218,1.39106,1.39204,1644,1.39223,1.39095,BULLISH_INSIDEBAR,0.028734806471075253,0.1364903307376234,0.16881698801759104
2026-04-06,04:00:00,1.39438,1.39472,1.39349,1.39374,4102,1.39474,1.39194,BEARISH_INSIDEBAR,-0.11264654813667337,-0.1499562328698269,-0.14565126924677316
2026-04-06,20:00:00,1.39165,1.39232,1.39086,1.39094,4481,1.39235,1.39022,BEARISH_INSIDEBAR,0.06614232102031949,0.005751506175669544,-0.16823155563863348
2026-04-08,16:00:00,1.3841,1.38691,1.38392,1.38418,9583,1.38743,1.38347,BULLISH_INSIDEBAR,0.016616336025657968,0.05201635625424829,-0.1798898987125866
2026-04-09,20:00:00,1.38169,1.38243,1.38088,1.38164,5223,1.38344,1.38044,BEARISH_INSIDEBAR,0.0564546480993604,0.14765061810602195,0.17587794215569413
2026-04-13,04:00:00,1.38619,1.38668,1.38575,1.38592,4434,1.38773,1.38555,BEARISH_INSIDEBAR,-0.12338374509351913,-0.448077811129073,-0.5541445393673611
2026-04-16,00:00:00,1.37328,1.37378,1.37282,1.37282,2307,1.3742,1.37264,BEARISH_INSIDEBAR,-0.07284276161477032,-0.04006351888811559,-0.20177444967293157
2026-04-17,00:00:00,1.36996,1.37063,1.36977,1.37005,2497,1.37083,1.36951,BULLISH_INSIDEBAR,-0.09561694828655322,-0.290500346702682,-0.04379402211597635
2026-04-20,04:00:00,1.36944,1.37018,1.36922,1.36941,3663,1.37092,1.36765,BEARISH_INSIDEBAR,-0.010223380872056506,-0.36146953797620945,-0.339562293250381
2026-04-21,00:00:00,1.36363,1.36482,1.36361,1.36426,2766,1.36506,1.36347,BULLISH_INSIDEBAR,0.03664990544323992,0.059372846818053555,0.09822174658788625
2026-04-21,12:00:00,1.36572,1.36619,1.36507,1.36507,4750,1.36632,1.36431,BEARISH_INSIDEBAR,0.0564073637249326,0.03882584775871709,0.12307061176349227
2026-04-22,00:00:00,1.36621,1.36633,1.36537,1.3656,2984,1.36765,1.36492,BEARISH_INSIDEBAR,0.0007322788517915578,0.08421206795547631,0.06663737551259273
2026-04-22,04:00:00,1.36557,1.36632,1.36556,1.36561,3879,1.36633,1.36537,BULLISH_INSIDEBAR,-0.07176280197127884,0.008787281874043103,0.10764420295692638
2026-04-22,16:00:00,1.36673,1.36691,1.36461,1.36573,7424,1.36721,1.36446,BEARISH_INSIDEBAR,0.10177707160271651,0.09884823500984545,0.2635952933595824
2026-04-23,04:00:00,1.36652,1.36764,1.36646,1.36708,5251,1.36788,1.36626,BULLISH_INSIDEBAR,-0.054129970447959364,0.1645843696052801,0.2823536296339625
2026-04-27,04:00:00,1.36692,1.36692,1.36606,1.36637,4060,1.36805,1.36568,BEARISH_INSIDEBAR,-0.3461727057824837,-0.34178150866896767,-0.22687851753186195
2026-04-28,20:00:00,1.3681,1.36875,1.36737,1.36845,4966,1.36913,1.36635,BULLISH_INSIDEBAR,-0.029230150900650807,-0.002192261317547188,-0.008769045270188751
2026-04-29,20:00:00,1.36754,1.36917,1.36738,1.36833,7862,1.37102,1.36671,BULLISH_INSIDEBAR,-0.05773461080295458,-0.09208305014141609,-0.7468958511470272
2026-05-05,16:00:00,1.36221,1.36222,1.36062,1.36196,6238,1.36268,1.36037,BEARISH_INSIDEBAR,-0.003671179770338741,-0.24156362888778046,0.10499574143146952
2026-05-07,04:00:00,1.36377,1.3641,1.36274,1.36349,4090,1.36415,1.36215,BEARISH_INSIDEBAR,-0.06894073297201761,-0.026402833904182497,0.1510828828960939
2026-05-08,04:00:00,1.36595,1.36637,1.36542,1.36555,4525,1.36647,1.36537,BEARISH_INSIDEBAR,-0.03441836622606059,0.24532239756874255,0.279008458130414
2026-05-13,00:00:00,1.36932,1.36992,1.36921,1.36943,2399,1.37152,1.36919,BULLISH_INSIDEBAR,0.0,0.01022323156349934,0.08032539085605697
2026-05-14,20:00:00,1.37214,1.37298,1.3717,1.37197,4721,1.37374,1.37131,BEARISH_INSIDEBAR,0.11224735234736159,0.2048149740883532,0.231783493808187
2026-05-18,04:00:00,1.37603,1.37626,1.37496,1.37532,5613,1.37631,1.37415,BEARISH_INSIDEBAR,-0.12069918273565387,-0.08943373178606175,-0.008725242125477707
2026-05-18,16:00:00,1.37389,1.37512,1.3734,1.37409,7164,1.37533,1.37318,BULLISH_INSIDEBAR,-0.01673835047194525,0.0807807348863571,0.05749259509930706
2026-05-18,20:00:00,1.37413,1.37502,1.37354,1.37386,4762,1.37512,1.3734,BEARISH_INSIDEBAR,0.06478098205056085,0.15358187879404261,0.03129867672105822
2026-05-19,16:00:00,1.37653,1.37716,1.37464,1.37488,7546,1.37736,1.37404,BEARISH_INSIDEBAR,-0.04291283602933277,0.07491562900033924,-0.010182706854418494
2026-05-20,20:00:00,1.37472,1.37553,1.37401,1.37442,5097,1.37756,1.37307,BEARISH_INSIDEBAR,0.03492382241236565,0.16879847499309528,0.23937369945140605
2026-05-21,12:00:00,1.37673,1.37748,1.37602,1.37747,6365,1.37763,1.37591,BULLISH_INSIDEBAR,0.07695267410542958,0.06098136438542777,0.20690105773628603
2026-05-22,00:00:00,1.37761,1.37875,1.37704,1.37831,2392,1.37878,1.3767,BULLISH_INSIDEBAR,0.039903940332729974,0.14583076376142287,0.14510523757355034
2026-05-25,12:00:00,1.38121,1.38176,1.38044,1.38064,3747,1.382,1.38034,BEARISH_INSIDEBAR,-0.02752346737745154,-0.02317765673891079,0.08184610035924306
2026-05-25,20:00:00,1.38025,1.38048,1.37986,1.38022,1679,1.38102,1.37945,BEARISH_INSIDEBAR,0.0072452217762377724,0.0036226108881269306,0.06448247380852744
2026-05-26,16:00:00,1.38176,1.38183,1.37994,1.38117,6765,1.38208,1.37989,BEARISH_INSIDEBAR,-0.004344143009184168,-0.020996691211067533,0.10353540838564713
2026-05-27,20:00:00,1.38259,1.38404,1.38259,1.38401,4492,1.38515,1.38226,BULLISH_INSIDEBAR,0.052022745500397684,0.14234001199413496,-0.4118467352114536
2026-05-29,00:00:00,1.3783,1.37852,1.37741,1.37838,2570,1.37918,1.37733,BULLISH_INSIDEBAR,0.03772544581320651,0.24594088712836837,
2026-05-29,20:00:00,1.37988,1.38006,1.37862,1.37877,3295,1.38205,1.37699,BEARISH_INSIDEBAR,,,
