trade_date,trade_time,open,high,low,close,volume,ema200,signal,forward_1,forward_3,forward_6
2022-10-21,20:00:00,1.36659,1.36813,1.36296,1.36451,15441,1.3665594029850747,BEARISH_BELOW_EMA200,0.17368872342454106,0.6229342401301694,0.4360539680911186
2022-10-24,00:00:00,1.36323,1.36749,1.36062,1.36688,12329,1.3665625930051237,BULLISH_ABOVE_EMA200,0.07901205665456879,0.3394592063677848,0.13314994732529065
2022-10-24,04:00:00,1.36696,1.36959,1.36623,1.36796,11110,1.3665764975523365,BULLISH_ABOVE_EMA200,0.36916284101874314,0.26535863621743483,0.18348489721921782
2022-10-24,08:00:00,1.36798,1.37461,1.36716,1.37301,18632,1.3666405125020644,BULLISH_ABOVE_EMA200,-0.10852069540644214,-0.1857233377761307,-0.08084427644373794
2022-10-24,12:00:00,1.37303,1.37541,1.36835,1.37152,17723,1.3666890646164718,BULLISH_ABOVE_EMA200,0.005103826411573619,-0.20561129258049787,-0.06853709752684342
2022-10-24,16:00:00,1.37149,1.37741,1.36869,1.37159,31487,1.366737830142676,BULLISH_ABOVE_EMA200,-0.0823861357986042,-0.08165705495082422,-0.5861810016112721
2022-10-24,20:00:00,1.37157,1.37432,1.37036,1.37046,11237,1.3667748666586694,BULLISH_ABOVE_EMA200,-0.12842403280650175,0.1050742086598577,-0.7180070925090898
2022-10-25,00:00:00,1.37039,1.37101,1.36787,1.3687,6621,1.3667940222143047,BULLISH_ABOVE_EMA200,0.12931979250383935,0.13735661576677738,-0.3762694527653969
2022-10-25,04:00:00,1.36871,1.37162,1.36801,1.37047,10382,1.3668305991076948,BULLISH_ABOVE_EMA200,0.10434376527759237,-0.5049362627419818,-0.7435405371879824
2022-10-25,08:00:00,1.37051,1.37224,1.36939,1.3719,14492,1.3668810409076184,BULLISH_ABOVE_EMA200,-0.0962169254318819,-0.8222173627815408,-1.4505430424957948
2022-10-25,12:00:00,1.37193,1.37479,1.37043,1.37058,13849,1.3669178464707268,BULLISH_ABOVE_EMA200,-0.512921536867594,-0.512921536867594,-1.0214653650279455
2022-10-25,16:00:00,1.37058,1.3709,1.36039,1.36355,32702,1.3668843355605704,BEARISH_BELOW_EMA200,-0.21488027575080482,-0.2398151882952665,-0.53903413882879
2022-10-25,20:00:00,1.36356,1.36433,1.3601,1.36062,15655,1.3668220038634504,BEARISH_BELOW_EMA200,0.21534300539460682,-0.6335347121165241,-0.3785039173318038
2022-10-26,00:00:00,1.36082,1.36389,1.36058,1.36355,5756,1.366789446611078,BEARISH_BELOW_EMA200,-0.2398151882952665,-0.511165707161464,-0.5074988082578591
2022-10-26,04:00:00,1.36357,1.36381,1.35956,1.36028,8079,1.3667246759980325,BEARISH_BELOW_EMA200,-0.6086982091922136,-0.29993824800775293,-0.40653394889287764
2022-10-26,08:00:00,1.3603,1.36108,1.35174,1.352,15771,1.3665781618089974,BEARISH_BELOW_EMA200,0.33875739644968983,0.2566568047337176,0.43343195266272005
2022-10-26,12:00:00,1.35204,1.35739,1.35077,1.35658,18791,1.366478677611893,BEARISH_BELOW_EMA200,-0.028011617449750472,0.0036857391381345385,0.10836073066093282
2022-10-26,16:00:00,1.35661,1.36511,1.35329,1.3562,21259,1.3663764022127698,BEARISH_BELOW_EMA200,-0.05382686919334312,-0.10691638401416999,-0.16885415130512646
2022-10-26,20:00:00,1.35623,1.35806,1.35472,1.35547,14167,1.3662678807977175,BEARISH_BELOW_EMA200,0.08557917180019108,0.1763226039676359,0.07672615402776542
2022-10-27,00:00:00,1.35553,1.35691,1.35442,1.35663,5189,1.3661719814862976,BEARISH_BELOW_EMA200,-0.13857868394478257,0.1046711336178602,-0.040541636260443194
2022-10-27,04:00:00,1.35662,1.35802,1.3545,1.35475,9352,1.36605832992922,BEARISH_BELOW_EMA200,0.22956264993542488,-0.06200405978962554,-0.0922679461155175
2022-10-27,08:00:00,1.35475,1.35929,1.35384,1.35786,15295,1.3659767545070387,BEARISH_BELOW_EMA200,0.01399260601239542,-0.09942114798285259,0.20105165480976678
2022-10-27,12:00:00,1.35785,1.36262,1.35761,1.35805,17499,1.3658978813278644,BEARISH_BELOW_EMA200,-0.30484886418026086,-0.1450609329553424,0.268767718419788
2022-10-27,16:00:00,1.35809,1.35972,1.34952,1.35391,24776,1.3657785989265923,BEARISH_BELOW_EMA200,0.1920363982835017,-0.030282662806244247,0.6137778729753115
2022-10-27,20:00:00,1.35389,1.35794,1.35182,1.35651,14784,1.3656863740616512,BEARISH_BELOW_EMA200,-0.0316989922669315,0.30077183360239595,0.3015090194690733
2022-10-28,00:00:00,1.35606,1.35692,1.35553,1.35608,5573,1.3655907882500926,BEARISH_BELOW_EMA200,-0.19025426228541287,0.4144298271488377,0.40410595245119396
2022-10-28,04:00:00,1.35606,1.35627,1.35248,1.3535,10045,1.3654704818993455,BEARISH_BELOW_EMA200,0.5238271148873321,0.6442556335426717,0.5932766900627988
2022-10-28,08:00:00,1.35355,1.36162,1.35335,1.36059,12955,1.3654219198903967,BEARISH_BELOW_EMA200,0.08158225475712334,0.000734975268087044,0.2998699093775556
2022-10-28,12:00:00,1.36056,1.36299,1.35832,1.3617,15538,1.3653848858616366,BEARISH_BELOW_EMA200,0.03818755966806756,-0.01028126606446405,0.43107879856062586
2022-10-28,16:00:00,1.36163,1.36344,1.35901,1.36222,20105,1.3653533944600285,BEARISH_BELOW_EMA200,-0.11892352189807481,-0.050652611178816885,0.15783060004992558
2022-10-28,20:00:00,1.36221,1.36269,1.36014,1.3606,8777,1.3653060970027149,BEARISH_BELOW_EMA200,0.07055710715861178,0.2991327355578435,0.11539026899897628
2022-10-31,00:00:00,1.36132,1.36188,1.35931,1.36156,4873,1.365268822405673,BEARISH_BELOW_EMA200,-0.0022033549751899685,0.4414054466934875,0.0022033549751736604
2022-10-31,04:00:00,1.36157,1.36295,1.3607,1.36153,7298,1.3652316201926813,BEARISH_BELOW_EMA200,0.2306229021762387,0.20858886693647408,-0.23209183785886686
2022-10-31,08:00:00,1.36152,1.36586,1.36111,1.36467,9482,1.3652260319320575,BEARISH_BELOW_EMA200,0.21250558743138656,-0.18319447192361132,-0.6682934335773496
2022-10-31,12:00:00,1.36469,1.368,1.36298,1.36757,13249,1.3652493549974103,BULLISH_ABOVE_EMA200,-0.23399167867091775,-0.4372719495162862,-0.96082833054249
2022-10-31,16:00:00,1.36757,1.3685,1.36269,1.36437,20028,1.365240605196441,BEARISH_BELOW_EMA200,-0.16124658267185438,-0.43976340728688007,0.06889626714160682
2022-10-31,20:00:00,1.36435,1.36531,1.36169,1.36217,15476,1.3652100519109045,BEARISH_BELOW_EMA200,-0.042579120080461684,-0.4859892671252538,0.06093218908064973
2022-11-01,00:00:00,1.36205,1.36255,1.36107,1.36159,4484,1.3651740314938807,BEARISH_BELOW_EMA200,-0.23648822332713962,-0.5258558009386125,0.005141048333199751
2022-11-01,04:00:00,1.36157,1.36199,1.35774,1.35837,8356,1.3651063296879715,BEARISH_BELOW_EMA200,-0.20760175798935818,0.5109064540589048,0.15165234803477334
2022-11-01,08:00:00,1.35841,1.35851,1.35419,1.35555,13170,1.36501124183038,BEARISH_BELOW_EMA200,-0.08262328943971155,0.549592416362359,0.26778798273763577
2022-11-01,12:00:00,1.35554,1.35739,1.35301,1.35443,14790,1.364905955842018,BEARISH_BELOW_EMA200,0.8032899448476482,0.5338038879824036,0.4201029215241816
2022-11-01,16:00:00,1.35442,1.36687,1.35341,1.36531,28106,1.3649099761818986,BULLISH_ABOVE_EMA200,-0.16919234459573534,-0.35742798338838766,-0.1289084530253191
2022-11-01,20:00:00,1.36532,1.36561,1.36159,1.363,11219,1.3648909714437703,BEARISH_BELOW_EMA200,-0.09831254585472464,-0.2802641232575154,0.5928099779897349
2022-11-02,00:00:00,1.36224,1.36351,1.36114,1.36166,5080,1.3648588224741804,BEARISH_BELOW_EMA200,-0.09033091961283024,-0.11309724894614638,0.6631611415478071
2022-11-02,04:00:00,1.36164,1.36203,1.35902,1.36043,9941,1.3648147545888654,BEARISH_BELOW_EMA200,-0.09188271355380088,0.22933925303029273,0.6218622053321312
2022-11-02,08:00:00,1.36038,1.36132,1.35874,1.35918,9470,1.3647586873790258,BEARISH_BELOW_EMA200,0.06915934607630636,0.8755278918171266,1.2029311790932669
2022-11-02,12:00:00,1.35919,1.36303,1.35862,1.36012,15627,1.3647125312857025,BEARISH_BELOW_EMA200,0.2521836308561042,0.7771373114136965,1.4248742757991908
2022-11-02,16:00:00,1.36012,1.36493,1.35927,1.36355,18879,1.364700963810223,BEARISH_BELOW_EMA200,0.5522349748817452,0.3916248029041766,0.6996443108063424
2022-11-02,20:00:00,1.36355,1.37133,1.35481,1.37108,15780,1.3647644368071363,BULLISH_ABOVE_EMA200,-0.02844472970214083,0.32456165942175824,0.248709046882743
2022-11-03,00:00:00,1.3711,1.37239,1.36897,1.37069,5672,1.3648233976349262,BULLISH_ABOVE_EMA200,-0.13132072168032333,0.642741976668684,0.23272950120012742
2022-11-03,04:00:00,1.37068,1.37098,1.36822,1.36889,7790,1.3648638613400512,BULLISH_ABOVE_EMA200,0.48506454134371496,0.3068179327776506,-0.11834405978566247
2022-11-03,08:00:00,1.36893,1.37596,1.3685,1.37553,12797,1.364969992072986,BULLISH_ABOVE_EMA200,0.28861602436879086,-0.07560722048955165,-0.756072204895565
2022-11-03,12:00:00,1.37556,1.38049,1.37449,1.3795,19638,1.3651145692662896,BULLISH_ABOVE_EMA200,-0.4646611090975011,-0.4073939833272895,-1.9978252990213867
2022-11-03,16:00:00,1.37957,1.38079,1.3716,1.37309,25803,1.3651939267860282,BULLISH_ABOVE_EMA200,0.10195981326788979,-0.42386150944220236,-1.5694528399449386
2022-11-03,20:00:00,1.37307,1.37495,1.37214,1.37449,13395,1.3652864250269634,BULLISH_ABOVE_EMA200,-0.044380097345197086,-0.6809798543459781,-1.9265327503292173
2022-11-04,00:00:00,1.37278,1.37503,1.37257,1.37388,3840,1.3653719332356504,BULLISH_ABOVE_EMA200,-0.4811191661571611,-1.596937141526194,-1.5394357585815357
2022-11-04,04:00:00,1.37384,1.37439,1.36718,1.36727,9351,1.3653908194721116,BULLISH_ABOVE_EMA200,-0.15651626964681672,-1.150467720347848,-1.0685526633364304
2022-11-04,08:00:00,1.36723,1.36745,1.36382,1.36513,16061,1.3653882242534836,BEARISH_BELOW_EMA200,-0.966208346457849,-1.2540930167822861,-1.192560415491554
2022-11-04,12:00:00,1.36512,1.36551,1.35121,1.35194,17004,1.365254411076832,BEARISH_BELOW_EMA200,-0.029587111854073107,0.05843454591180589,-0.24853173957424365
2022-11-04,16:00:00,1.35193,1.35712,1.3469,1.35154,26473,1.3651179492750727,BEARISH_BELOW_EMA200,-0.26118353877798905,0.08286843156695399,-0.13910058155880564
2022-11-04,20:00:00,1.35153,1.35196,1.34712,1.34801,13883,1.364947720924077,BEARISH_BELOW_EMA200,0.35014577043197437,0.06231407778875335,0.07492526019837964
2022-11-07,00:00:00,1.35287,1.35443,1.34978,1.35273,10035,1.3648261515616484,BEARISH_BELOW_EMA200,-0.005174720749892033,-0.30678701588639995,-0.2010748634243386
2022-11-07,04:00:00,1.35271,1.35393,1.35079,1.35266,9223,1.3647050953272044,BEARISH_BELOW_EMA200,-0.2816672334511162,-0.2217852231898549,-0.039921340174174216
2022-11-07,08:00:00,1.35265,1.35531,1.34656,1.34885,16553,1.3645473331846454,BEARISH_BELOW_EMA200,-0.02001705156245798,0.012603328761537863,0.06524076064795878
2022-11-07,12:00:00,1.34885,1.3498,1.34652,1.34858,20442,1.3643884542474847,BEARISH_BELOW_EMA200,0.08008423675274674,0.10603746162630638,0.07118598822465645
2022-11-07,16:00:00,1.3486,1.3527,1.34799,1.34966,24362,1.3642419024639276,BEARISH_BELOW_EMA200,-0.047419350058531325,0.18226812678748028,-0.7224041610479786
2022-11-07,20:00:00,1.34963,1.35003,1.34828,1.34902,9578,1.3640904407478687,BEARISH_BELOW_EMA200,0.07338660657364786,0.052630798653836734,-0.4773835821559355
2022-11-08,00:00:00,1.34929,1.35038,1.34754,1.35001,7698,1.3639503368598302,BEARISH_BELOW_EMA200,0.15629513855453342,-0.034814556929205744,-0.4074043895971022
2022-11-08,04:00:00,1.35002,1.35264,1.34974,1.35212,7395,1.3638326220652053,BEARISH_BELOW_EMA200,-0.17675945921958794,-0.9030263586072282,-0.5709552406591094
2022-11-08,08:00:00,1.35207,1.35262,1.34966,1.34973,11898,1.3636922974675416,BEARISH_BELOW_EMA200,-0.014076889451974432,-0.5297355767449778,-0.36822179250665993
2022-11-08,12:00:00,1.34977,1.35059,1.34799,1.34954,15607,1.3635514785872676,BEARISH_BELOW_EMA200,-0.7135764779109939,-0.37271959334290705,-0.3564177423418336
2022-11-08,16:00:00,1.34955,1.35072,1.33872,1.33991,20098,1.3633162399943595,BEARISH_BELOW_EMA200,0.19926711495549498,0.3350971333895639,0.5589927681709963
2022-11-08,20:00:00,1.3399,1.34741,1.3395,1.34258,15200,1.3631099092481471,BEARISH_BELOW_EMA200,0.14375307244260954,0.16237393674863684,0.7381310610913213
2022-11-09,00:00:00,1.34265,1.34476,1.34132,1.34451,7724,1.3629248355242851,BEARISH_BELOW_EMA200,-0.008181419253114853,0.01636283850621319,0.6262504555562898
2022-11-09,04:00:00,1.3445,1.34496,1.34214,1.3444,10746,1.3627405088026505,BEARISH_BELOW_EMA200,0.026777744718827427,0.22314787265693925,0.6411782207676175
2022-11-09,08:00:00,1.34442,1.34558,1.34129,1.34476,14286,1.362561598267301,BEARISH_BELOW_EMA200,-0.0022308813468555353,0.5748237603735993,0.6848805734852271
2022-11-09,12:00:00,1.34477,1.34665,1.3429,1.34473,15181,1.3623841694288203,BEARISH_BELOW_EMA200,0.19855286934923366,0.6097878384508404,-0.3435633919076743
2022-11-09,16:00:00,1.3448,1.34931,1.34114,1.3474,22477,1.3622350732155983,BEARISH_BELOW_EMA200,0.37776458364257376,0.41709959922814005,-0.590025233783576
2022-11-09,20:00:00,1.3474,1.35416,1.3469,1.35249,15796,1.3621381073129557,BEARISH_BELOW_EMA200,0.03253258804131609,0.10942779613896782,-1.5157228519249655
2022-11-10,00:00:00,1.35275,1.35329,1.3515,1.35293,6344,1.3620464843546178,BEARISH_BELOW_EMA200,0.006652228866232805,-0.9475730451686379,-1.28683671734679
2022-11-10,04:00:00,1.35297,1.35477,1.35231,1.35302,8940,1.3619566685898954,BEARISH_BELOW_EMA200,0.07021330061639934,-1.0029415677521294,-1.6651638556710129
2022-11-10,08:00:00,1.353,1.35615,1.35106,1.35397,13026,1.3618771992506924,BEARISH_BELOW_EMA200,-1.0236563587080942,-1.6233742254259615,-1.7784736737150662
2022-11-10,12:00:00,1.35398,1.35707,1.33688,1.34011,16136,1.3616606102034219,BEARISH_BELOW_EMA200,-0.04924968845840139,-0.34250919700620636,-1.0103648207982843
2022-11-10,16:00:00,1.34016,1.34222,1.33335,1.33945,24446,1.3614396091068706,BEARISH_BELOW_EMA200,-0.5569450147448596,-0.668931277763267,-0.9705476128261691
2022-11-10,20:00:00,1.33941,1.33951,1.33081,1.33199,14237,1.361146578170484,BEARISH_BELOW_EMA200,0.2650170046321694,-0.15765884128259153,-0.5090128304266555
2022-11-11,00:00:00,1.33201,1.33607,1.33142,1.33552,8284,1.360891587342917,BEARISH_BELOW_EMA200,-0.37663232299030264,-0.6701509524380027,-0.701599377021692
2022-11-11,04:00:00,1.3355,1.33556,1.33026,1.33049,10221,1.3605890839862713,BEARISH_BELOW_EMA200,-0.045096167577353755,-0.30364752835421865,-0.17737825913760477
2022-11-11,08:00:00,1.3305,1.3324,1.3284,1.32989,17442,1.3602836204640198,BEARISH_BELOW_EMA200,-0.24964470745700695,-0.35190880448759054,-0.11655099293926116
2022-11-11,12:00:00,1.32993,1.33173,1.32623,1.32657,19237,1.3599481615539302,BEARISH_BELOW_EMA200,-0.009045885252954612,-0.031660598385316034,0.1364421025652523
2022-11-11,16:00:00,1.32655,1.33043,1.32566,1.32645,21910,1.3596148465135927,BEARISH_BELOW_EMA200,-0.09348260394284805,0.12665385050323238,0.25255380903917873
2022-11-11,20:00:00,1.32643,1.32652,1.3236,1.32521,11847,1.3592725097323628,BEARISH_BELOW_EMA200,0.07093215414914926,0.2361889813689964,0.4776601444299354
2022-11-14,00:00:00,1.32711,1.33078,1.32388,1.32615,12880,1.3589429325210955,BEARISH_BELOW_EMA200,0.1493043773328879,0.16815594012743312,0.4109640689213102
2022-11-14,04:00:00,1.3262,1.32817,1.3247,1.32813,9676,1.358636336177602,BEARISH_BELOW_EMA200,0.01581170517946613,0.12574070309382818,0.09788198444428307
2022-11-14,08:00:00,1.32806,1.32939,1.32485,1.32834,14919,1.3583348800962327,BEARISH_BELOW_EMA200,0.0030112772332247734,0.2409021786590684,-0.07377629221434127
2022-11-14,12:00:00,1.3284,1.33044,1.32731,1.32838,15794,1.3580368215878125,BEARISH_BELOW_EMA200,0.10689712281125875,0.24240051792408807,-0.19196314307651652
2022-11-14,16:00:00,1.32833,1.33093,1.32615,1.3298,22396,1.3577558581889289,BEARISH_BELOW_EMA200,0.13084674387124776,-0.027823732892179535,-0.18649420965559013
2022-11-14,20:00:00,1.32978,1.33162,1.32829,1.33154,13261,1.3574950038785913,BEARISH_BELOW_EMA200,0.004506060651572539,-0.3139222253931426,-0.27111464920317013
2022-11-15,00:00:00,1.33109,1.33261,1.33043,1.3316,9919,1.357237342148456,BEARISH_BELOW_EMA200,-0.1629618504055276,-0.4333133072994767,-0.15695404025232243
2022-11-15,04:00:00,1.33159,1.33205,1.32927,1.32943,9770,1.3569606521768296,BEARISH_BELOW_EMA200,-0.1557058288138371,-0.15871463710009812,-0.1557058288138371
2022-11-15,08:00:00,1.32946,1.32967,1.32499,1.32736,15400,1.356666118324324,BEARISH_BELOW_EMA200,-0.1152663934426253,0.04294238187077804,-0.2629279170684662
2022-11-15,12:00:00,1.3273,1.33039,1.32257,1.32583,21626,1.356359291276321,BEARISH_BELOW_EMA200,0.11238243213684945,0.2775619800426831,0.07693294012052986
2022-11-15,16:00:00,1.3258,1.33347,1.32528,1.32732,33060,1.3560703431044174,BEARISH_BELOW_EMA200,0.045957267275412064,0.0030135912967513487,0.3450562034776865
2022-11-15,20:00:00,1.32734,1.33278,1.32642,1.32793,21873,1.3557903396904432,BEARISH_BELOW_EMA200,0.11898217526525605,-0.30573900732718984,0.3569465257957849
2022-11-16,00:00:00,1.32748,1.33031,1.32687,1.32951,8456,1.3555288437731254,BEARISH_BELOW_EMA200,-0.16171371407510093,-0.20007371136733718,0.39789095230573795
2022-11-16,04:00:00,1.32951,1.33063,1.32717,1.32736,12346,1.355248556770408,BEARISH_BELOW_EMA200,-0.2629279170684662,0.3420323047251679,0.5898927193828354
2022-11-16,08:00:00,1.32733,1.32807,1.32303,1.32387,15744,1.3549363323249315,BEARISH_BELOW_EMA200,0.22509763043198974,0.6647178348327191,0.8142793476700725
2022-11-16,12:00:00,1.32387,1.32806,1.32279,1.32685,15565,1.3546568663316485,BEARISH_BELOW_EMA200,0.3806006707615781,0.5991634321890116,0.9322832271922216
2022-11-16,16:00:00,1.32683,1.33467,1.32669,1.3319,24262,1.3544304298507368,BEARISH_BELOW_EMA200,0.0578121480591589,0.2470155417073365,0.08484120429460569
2022-11-16,20:00:00,1.33189,1.33395,1.3317,1.33267,12564,1.3542139081606797,BEARISH_BELOW_EMA200,0.15982951518380134,0.14857391552296298,-0.007503733107220015
2022-11-17,00:00:00,1.33232,1.33534,1.33206,1.3348,5794,1.3540207349451507,BEARISH_BELOW_EMA200,0.02921786035361945,0.3311357506742651,-0.2539706323044654
2022-11-17,04:00:00,1.33483,1.33615,1.33409,1.33519,7537,1.3538333644481841,BEARISH_BELOW_EMA200,-0.04044368217259019,-0.16177472869031087,-0.26288393412174477
2022-11-17,08:00:00,1.33521,1.33579,1.33045,1.33465,12786,1.3536424851999436,BEARISH_BELOW_EMA200,0.3424118682800873,-0.15584610197428989,-0.05469598771212659
2022-11-17,12:00:00,1.33461,1.3401,1.33433,1.33922,24111,1.3534989778845214,BEARISH_BELOW_EMA200,-0.46220934573857464,-0.5831752811338013,-0.21206373859412012
2022-11-17,16:00:00,1.3393,1.3397,1.33224,1.33303,21948,1.353295306462785,BEARISH_BELOW_EMA200,-0.03450785053598981,-0.10127303961650994,0.5536259499036155
2022-11-17,20:00:00,1.33306,1.33392,1.33214,1.33257,10869,1.3530890845079315,BEARISH_BELOW_EMA200,-0.08704983603113156,0.10130799882932695,0.4795245277921532
2022-11-18,00:00:00,1.3324,1.33304,1.33057,1.33141,6413,1.3528733722242705,BEARISH_BELOW_EMA200,0.02027925282219545,0.3732884686159725,0.7030140978361312
2022-11-18,04:00:00,1.33143,1.33257,1.33,1.33168,8618,1.3526624928986561,BEARISH_BELOW_EMA200,0.168208578637512,0.6555628979935214,0.7156373903640543
2022-11-18,08:00:00,1.33167,1.33475,1.33107,1.33392,11335,1.352476000432003,BEARISH_BELOW_EMA200,0.1844188557034835,0.3778337531486096,0.7459217944104521
2022-11-18,12:00:00,1.33393,1.33639,1.33163,1.33638,13907,1.3523158412237244,BEARISH_BELOW_EMA200,0.30156093326749883,0.3284993789191784,0.4976129543992012
2022-11-18,16:00:00,1.33639,1.34089,1.33617,1.34041,27209,1.3521973751418963,BEARISH_BELOW_EMA200,-0.10817585664089147,0.0596832312501333,0.34392462007893126
2022-11-18,20:00:00,1.34042,1.34071,1.33785,1.33896,9191,1.352065659966355,BEARISH_BELOW_EMA200,0.13517954233136834,0.36670251538507276,0.46005855290674597
2022-11-21,00:00:00,1.33659,1.34168,1.33659,1.34077,5372,1.351953265339824,BEARISH_BELOW_EMA200,0.03281696338671032,0.16855985739537196,0.15215137570202508
2022-11-21,04:00:00,1.34076,1.34234,1.3404,1.34121,8573,1.3518463671772387,BEARISH_BELOW_EMA200,0.19832837512394663,0.28407184557228854,0.1498646744357757
2022-11-21,08:00:00,1.34122,1.34417,1.34068,1.34387,14067,1.3517670003396542,BEARISH_BELOW_EMA200,-0.062506045971705,0.09301494936267611,-0.2626742170001422
2022-11-21,12:00:00,1.34383,1.34435,1.34173,1.34303,12449,1.3516800650128917,BEARISH_BELOW_EMA200,0.1481724161038963,-0.016380870122029066,-0.18093415634795443
2022-11-21,16:00:00,1.34302,1.34948,1.3417,1.34502,22970,1.3516137957092809,BEARISH_BELOW_EMA200,0.007434833682769698,-0.13382700628987104,-0.4669075552779931
2022-11-21,20:00:00,1.34503,1.34559,1.34312,1.34512,10918,1.3515491808266014,BEARISH_BELOW_EMA200,-0.17173189009159287,-0.3553586297133346,-0.5910253360295084
2022-11-22,00:00:00,1.34514,1.3454,1.342,1.34281,6098,1.3514622238034513,BEARISH_BELOW_EMA200,0.030532986796346577,-0.16458024590225312,-0.41033355426308454
2022-11-22,04:00:00,1.34282,1.34375,1.34242,1.34322,6159,1.3513802116263025,BEARISH_BELOW_EMA200,-0.2144101487470402,-0.3335268980509551,-0.2769464421316067
2022-11-22,08:00:00,1.34324,1.34437,1.3394,1.34034,10792,1.3512703587742994,BEARISH_BELOW_EMA200,0.01939806317799416,-0.236507154901004,-0.12384917259799712
2022-11-22,12:00:00,1.34036,1.34101,1.3385,1.3406,11073,1.351164186050177,BEARISH_BELOW_EMA200,-0.13874384603908496,-0.24615843652096678,0.04251827539907201
2022-11-22,16:00:00,1.3406,1.34185,1.3383,1.33874,14908,1.3510405623083843,BEARISH_BELOW_EMA200,-0.11727445209675301,0.05676979846720587,0.13146690171355033
2022-11-22,20:00:00,1.33878,1.33922,1.3365,1.33717,7019,1.3509025467630273,BEARISH_BELOW_EMA200,0.009722024873423983,0.11292505814519636,-0.13386480402641088
2022-11-23,00:00:00,1.33685,1.33787,1.33564,1.3373,4879,1.3507671980390172,BEARISH_BELOW_EMA200,0.16451058102145963,0.28938906752411875,-0.2348014656397159
2022-11-23,04:00:00,1.33734,1.33954,1.33709,1.3395,4710,1.3506550866157434,BEARISH_BELOW_EMA200,-0.06121687196713855,0.07465472191116924,-0.37103396789846355
2022-11-23,08:00:00,1.33952,1.33955,1.33629,1.33868,9625,1.3505359315250396,BEARISH_BELOW_EMA200,0.18600412346489684,-0.24651148892939914,-0.29431977769146134
2022-11-23,12:00:00,1.33864,1.34399,1.33864,1.34117,13325,1.3504427381765318,BEARISH_BELOW_EMA200,-0.04995638136850275,-0.522677960288402,-0.48539707867011755
2022-11-23,16:00:00,1.34122,1.34212,1.33641,1.3405,22196,1.3503438054583574,BEARISH_BELOW_EMA200,-0.38194703468855007,-0.4453562103692675,-0.5050354345393467
2022-11-23,20:00:00,1.34049,1.3408,1.33445,1.33538,11845,1.3501949118717071,BEARISH_BELOW_EMA200,-0.09135976276415693,-0.04792643292545747,-0.1250580359148752
2022-11-24,00:00:00,1.33503,1.33556,1.33369,1.33416,5661,1.3500353605097997,BEARISH_BELOW_EMA200,0.027732805660489104,0.03747676440606411,-0.011243029321827554
2022-11-24,04:00:00,1.33416,1.33455,1.33278,1.33453,6056,1.3498810783156723,BEARISH_BELOW_EMA200,0.015735877050350573,-0.05994619828703079,-0.1536121331105247
2022-11-24,08:00:00,1.33453,1.33622,1.33332,1.33474,11107,1.349730420819994,BEARISH_BELOW_EMA200,-0.005993676671117971,-0.07716858714057317,0.12137195259001414
2022-11-24,12:00:00,1.33476,1.33584,1.33364,1.33466,11234,1.3495804663839743,BEARISH_BELOW_EMA200,-0.06968066773559374,-0.048701541965747046,0.2824689434013195
2022-11-24,16:00:00,1.33467,1.33512,1.33161,1.33373,8365,1.3494227503005518,BEARISH_BELOW_EMA200,-0.0014995538827297147,-0.09372211766999118,0.32690274643293016
2022-11-24,20:00:00,1.33374,1.33421,1.33332,1.33371,2293,1.349266404526417,BEARISH_BELOW_EMA200,0.022493645545131023,0.1986938689820157,0.28117056931417944
2022-11-25,00:00:00,1.33343,1.33493,1.33322,1.33401,4466,1.349114599506254,BEARISH_BELOW_EMA200,-0.11469179391457407,0.33133184908659535,0.9325267426780914
2022-11-25,04:00:00,1.33405,1.33408,1.33168,1.33248,5976,1.3489490811032065,BEARISH_BELOW_EMA200,0.291186359269924,0.4210194524495597,0.9988892891450477
2022-11-25,08:00:00,1.3325,1.33699,1.33248,1.33636,9517,1.3488238166146174,BEARISH_BELOW_EMA200,0.154898380675867,0.08231314915143381,0.6008859888054103
2022-11-25,12:00:00,1.33639,1.33856,1.3337,1.33843,10737,1.3487203955537754,BEARISH_BELOW_EMA200,-0.02540289742459501,0.5992095216036637,0.44529784897230074
2022-11-25,16:00:00,1.33842,1.33981,1.33633,1.33809,12954,1.3486146204736384,BEARISH_BELOW_EMA200,-0.04708203484069894,0.5754470924975181,0.4797883550433897
2022-11-25,20:00:00,1.33807,1.33873,1.33679,1.33746,5744,1.3485036292251447,BEARISH_BELOW_EMA200,0.672169634979725,0.5181463370867077,0.897970780434544
2022-11-28,00:00:00,1.33923,1.34733,1.33912,1.34645,8081,1.3484831951035015,BEARISH_BELOW_EMA200,-0.04901778751530936,-0.15299491254780725,-0.023766200007417724
2022-11-28,04:00:00,1.34649,1.34685,1.34347,1.34579,9487,1.3484563971422727,BEARISH_BELOW_EMA200,-0.10402811731399905,-0.09511142154421921,-0.19988259683903736
2022-11-28,08:00:00,1.34578,1.34599,1.34271,1.34439,12023,1.3484159354791656,BEARISH_BELOW_EMA200,0.0,0.3778665417029265,0.07512700927557892
2022-11-28,12:00:00,1.34442,1.34536,1.3413,1.34439,12754,1.3483758764196714,BEARISH_BELOW_EMA200,0.008925981300078102,0.12942672885100862,0.7944123357061584
2022-11-28,16:00:00,1.34439,1.34674,1.3422,1.34451,21369,1.3483374099876348,BEARISH_BELOW_EMA200,0.36890763177662145,-0.10487091951715743,1.1275483261559855
2022-11-28,20:00:00,1.3445,1.35046,1.34417,1.34947,8942,1.3483486795399968,BULLISH_ABOVE_EMA200,-0.24750457587051944,-0.3015998873631884,0.6195024713406111
2022-11-29,00:00:00,1.34941,1.34969,1.34604,1.34613,4799,1.3483266031266636,BEARISH_BELOW_EMA200,-0.22508970158900612,0.664126050232886,0.8862442706127934
2022-11-29,04:00:00,1.34613,1.34661,1.34236,1.3431,8904,1.3482745971254033,BEARISH_BELOW_EMA200,0.17124562579107802,1.233713051894868,1.0766138038865416
2022-11-29,08:00:00,1.34308,1.34624,1.34084,1.3454,12049,1.3482459941689318,BEARISH_BELOW_EMA200,0.7187453545414054,0.9238888063029703,0.5678608592240294
2022-11-29,12:00:00,1.34546,1.35569,1.3438,1.35507,15123,1.3483138947244648,BULLISH_ABOVE_EMA200,0.3394658578523572,0.22065280760403877,-0.20958326876102
2022-11-29,16:00:00,1.35507,1.36454,1.35369,1.35967,16812,1.3484268907968584,BULLISH_ABOVE_EMA200,-0.13532695433449599,-0.15518471393792865,-0.45746394345686037
2022-11-29,20:00:00,1.35968,1.36042,1.35691,1.35783,12222,1.3485204540725118,BULLISH_ABOVE_EMA200,0.016938792043183052,-0.35276875602984703,-1.1916071967772168
2022-11-30,00:00:00,1.35767,1.35932,1.35715,1.35806,5332,1.3486153749275118,BULLISH_ABOVE_EMA200,-0.03681722457033893,-0.4292888384901994,-1.2090776548900712
2022-11-30,04:00:00,1.3581,1.35862,1.35621,1.35756,5380,1.348704376172014,BULLISH_ABOVE_EMA200,-0.3329502931730516,-0.30274904976576045,-1.3060196234420594
2022-11-30,08:00:00,1.3575,1.35768,1.35286,1.35304,9770,1.348747516707616,BULLISH_ABOVE_EMA200,-0.05986519245550593,-0.8418080766274473,-0.7856382664222725
2022-11-30,12:00:00,1.35299,1.35484,1.34963,1.35223,10291,1.3487821682826646,BULLISH_ABOVE_EMA200,0.0902213380859764,-0.783150795352869,-0.672222920656992
2022-11-30,16:00:00,1.35224,1.35778,1.34922,1.35345,12581,1.3488286143694044,BULLISH_ABOVE_EMA200,-0.8718460231260876,-1.0063171894048517,-0.8807122538697516
2022-11-30,20:00:00,1.35348,1.35625,1.3415,1.34165,10383,1.3487571853707039,BEARISH_BELOW_EMA200,-0.0007453508739287826,0.05664666641822338,0.1088212275928906
2022-12-01,00:00:00,1.342,1.34278,1.34021,1.34164,6351,1.3486863676058212,BEARISH_BELOW_EMA200,-0.13490951372945556,0.1118034644166883,0.21317193882115062
2022-12-01,04:00:00,1.34165,1.34269,1.33947,1.33983,7224,1.3485982445450668,BEARISH_BELOW_EMA200,0.1925617429076843,0.1268817685825674,0.29929170118595994
2022-12-01,08:00:00,1.33985,1.34345,1.33952,1.34241,9038,1.348536669972479,BEARISH_BELOW_EMA200,0.05437980944718062,0.052145022757572046,0.07374796075713265
2022-12-01,12:00:00,1.34242,1.34506,1.34061,1.34314,9219,1.3484829717637978,BEARISH_BELOW_EMA200,-0.11986836815224856,0.10125526750748454,0.35215986419881035
2022-12-01,16:00:00,1.34339,1.34661,1.3409,1.34153,9768,1.348413787965153,BEARISH_BELOW_EMA200,0.11777597221084413,0.17219145304242428,0.4353238466527075
2022-12-01,20:00:00,1.34152,1.34705,1.34053,1.34311,12020,1.3483610139555495,BEARISH_BELOW_EMA200,0.10349115113430787,0.0215916790136252,0.2434647943950893
2022-12-02,00:00:00,1.34276,1.34525,1.3416,1.3445,4704,1.3483225959062406,BEARISH_BELOW_EMA200,-0.04908888062477538,0.250650799553728,-0.2625511342506533
2022-12-02,04:00:00,1.34452,1.3452,1.3431,1.34384,5720,1.3482779929619,BEARISH_BELOW_EMA200,-0.0327419930944157,0.2626800809620218,-0.2522621740683418
2022-12-02,08:00:00,1.34383,1.3453,1.34204,1.3434,9031,1.348229455718498,BEARISH_BELOW_EMA200,0.3327378293881178,0.22182521959207852,-0.1183564091112089
2022-12-02,12:00:00,1.34335,1.35146,1.34222,1.34787,8536,1.3482258790446822,BEARISH_BELOW_EMA200,-0.03709556559608456,-0.5119188052260163,-0.41324460074041663
2022-12-02,16:00:00,1.34779,1.34888,1.34431,1.34737,12497,1.3482173628352823,BEARISH_BELOW_EMA200,-0.07347647639475767,-0.5135931481330324,0.7689053489390552
2022-12-02,20:00:00,1.34735,1.34945,1.34539,1.34638,8715,1.348199080618016,BEARISH_BELOW_EMA200,-0.40181820882662517,-0.3394286902657469,0.9157890045900989
2022-12-05,00:00:00,1.34633,1.34736,1.3407,1.34097,6426,1.3481271494675882,BEARISH_BELOW_EMA200,-0.038777899580160334,0.09918193546463033,1.2833993303354996
2022-12-05,04:00:00,1.34098,1.34172,1.33849,1.34045,6208,1.348050759920647,BEARISH_BELOW_EMA200,0.1014584654407123,1.2891193255996258,1.3473087396023864
2022-12-05,08:00:00,1.34046,1.3447,1.34045,1.34181,9318,1.3479886628070088,BEARISH_BELOW_EMA200,0.03651783784590229,1.259492774684951,1.415252532027639
2022-12-05,12:00:00,1.34187,1.3439,1.33943,1.3423,10211,1.3479320591969888,BEARISH_BELOW_EMA200,1.149519481487004,1.183044028905602,1.5167995232064317
2022-12-05,16:00:00,1.3423,1.35851,1.34221,1.35773,12888,1.3480295511452776,BULLISH_ABOVE_EMA200,0.07217929927157689,0.05744883003248089,0.5766978707106717
2022-12-05,20:00:00,1.35769,1.36049,1.35682,1.35871,10478,1.3481358242682102,BULLISH_ABOVE_EMA200,-0.039007588079880286,0.15382237563570778,0.4666190725025952
2022-12-06,00:00:00,1.35877,1.35938,1.35705,1.35818,4809,1.3482357663152926,BULLISH_ABOVE_EMA200,0.024297221281432763,0.3298531858811085,0.4476578951243639
2022-12-06,04:00:00,1.35819,1.35999,1.35708,1.35851,6384,1.348337997496235,BULLISH_ABOVE_EMA200,0.1685670329993819,0.5189509094522675,0.4755209751860428
2022-12-06,08:00:00,1.35849,1.36193,1.35808,1.3608,10676,1.3484619975211483,BULLISH_ABOVE_EMA200,0.136684303350968,0.3123162845385132,0.5974426807760119
2022-12-06,12:00:00,1.36081,1.36406,1.36026,1.36266,10692,1.3486032711776543,BULLISH_ABOVE_EMA200,0.21281904510296953,0.11741740419474013,0.10127251111795584
2022-12-06,16:00:00,1.36247,1.36725,1.36138,1.36556,10173,1.3487719948475285,BULLISH_ABOVE_EMA200,-0.0373473153870947,-0.04320571780076235,-0.16549986818595672
2022-12-06,20:00:00,1.36555,1.36755,1.3647,1.36505,9656,1.3489339650480507,BULLISH_ABOVE_EMA200,-0.05787333797297303,0.28423867257608754,0.013186330171044792
2022-12-07,00:00:00,1.36476,1.36587,1.36408,1.36426,5127,1.349086462908269,BULLISH_ABOVE_EMA200,0.052042865729405564,-0.01612595839503533,0.24262237403426942
2022-12-07,04:00:00,1.36424,1.36559,1.36312,1.36497,5656,1.3492445080534605,BULLISH_ABOVE_EMA200,0.2901162662915642,-0.12234701128962984,0.1831542085173994
2022-12-07,08:00:00,1.36493,1.36998,1.36478,1.36893,11103,1.3494403835952171,BULLISH_ABOVE_EMA200,-0.35721329797725676,-0.2702840904940382,-0.10884413373948934
2022-12-07,12:00:00,1.36892,1.36987,1.36335,1.36404,11943,1.34958565341019,BULLISH_ABOVE_EMA200,-0.054250608486551936,0.25879006480748606,-0.45013342717221
2022-12-07,16:00:00,1.36392,1.36585,1.35885,1.3633,21486,1.3497221145702876,BULLISH_ABOVE_EMA200,0.1415682535025297,0.305875449277489,-0.44084207437833556
2022-12-07,20:00:00,1.36327,1.36612,1.36202,1.36523,9728,1.3498764218879962,BULLISH_ABOVE_EMA200,0.17139969089457519,0.1618774858448793,-0.4416838188437099
2022-12-08,00:00:00,1.36476,1.36891,1.36441,1.36757,5914,1.3500524773915983,BULLISH_ABOVE_EMA200,-0.007312239958465671,-0.707093603983697,-0.754623163713732
2022-12-08,04:00:00,1.36755,1.36888,1.36697,1.36747,7730,1.350225786074269,BULLISH_ABOVE_EMA200,-0.0021938324058278784,-0.7444404630448825,-0.6062290214776125
2022-12-08,08:00:00,1.36749,1.36862,1.36467,1.36744,8306,1.350397071784973,BULLISH_ABOVE_EMA200,-0.697654010413611,-0.6025858538583064,-0.2749663604984486
2022-12-08,12:00:00,1.36749,1.36754,1.35719,1.3579,10934,1.3504717277871126,BULLISH_ABOVE_EMA200,-0.04492230650268793,-0.04786803151926058,0.49340894027542
2022-12-08,16:00:00,1.3579,1.36059,1.3561,1.35729,17081,1.3505395712917185,BULLISH_ABOVE_EMA200,0.14072158492288725,0.13924806047343952,0.37059139903777877
2022-12-08,20:00:00,1.35734,1.35948,1.35622,1.3592,9242,1.3506257447117014,BULLISH_ABOVE_EMA200,-0.14346674514419483,0.3296056503825809,0.404649793996473
2022-12-09,00:00:00,1.35904,1.3606,1.35689,1.35725,3921,1.3506916576996446,BULLISH_ABOVE_EMA200,0.14219930005525785,0.5415361945109572,0.7102597163381743
2022-12-09,04:00:00,1.35731,1.35939,1.35705,1.35918,6747,1.350776118817061,BULLISH_ABOVE_EMA200,0.3310819758972283,0.23102164540384057,0.4488000117718031
2022-12-09,08:00:00,1.35919,1.36419,1.3584,1.36368,8143,1.3509045156447521,BULLISH_ABOVE_EMA200,0.06746450780241933,0.07479760647659428,0.1723278188431358
2022-12-09,12:00:00,1.36366,1.36911,1.36033,1.3646,11407,1.3510407891209237,BULLISH_ABOVE_EMA200,-0.16708192877034,0.1678147442473914,0.1685475597244591
2022-12-09,16:00:00,1.36459,1.36609,1.36012,1.36232,17347,1.3511530200749444,BULLISH_ABOVE_EMA200,0.17470197897704276,0.21727641082859195,0.2238827881848609
2022-12-09,20:00:00,1.36237,1.36495,1.36177,1.3647,7662,1.3512878158950943,BULLISH_ABOVE_EMA200,0.16047482963288007,0.09745731662636868,-0.10185388730123852
2022-12-12,00:00:00,1.36305,1.36747,1.36286,1.36689,5285,1.3514430615080786,BULLISH_ABOVE_EMA200,-0.11778563015311322,0.0007315877649310122,-0.27800335067196524
2022-12-12,04:00:00,1.36694,1.36743,1.36515,1.36528,4808,1.351580742488098,BULLISH_ABOVE_EMA200,0.054933786476036306,0.006592054377118501,-0.24756826438532306
2022-12-12,08:00:00,1.36537,1.36683,1.3636,1.36603,9382,1.351724516194684,BULLISH_ABOVE_EMA200,0.06368820596911681,-0.19911714969657002,-0.2759822258661999
2022-12-12,12:00:00,1.36603,1.36769,1.36501,1.3669,9194,1.351875516033543,BULLISH_ABOVE_EMA200,-0.11193210915209828,-0.27873289926110845,-0.939351817982293
2022-12-12,16:00:00,1.36691,1.36828,1.36317,1.36537,15869,1.352009789505846,BULLISH_ABOVE_EMA200,-0.15087485443505794,-0.2541435654804092,-0.7917267846810745
2022-12-12,20:00:00,1.36536,1.36644,1.36185,1.36331,11063,1.3521222294112605,BULLISH_ABOVE_EMA200,-0.016137195502131503,-0.0770184330783164,-0.6528229089495514
2022-12-13,00:00:00,1.36331,1.3637,1.36232,1.36309,4953,1.3522313614569197,BULLISH_ABOVE_EMA200,-0.08730164552595958,-0.662465427814735,-0.5238098731558389
2022-12-13,04:00:00,1.36308,1.36438,1.36125,1.3619,6124,1.3523275668155574,BULLISH_ABOVE_EMA200,0.026433658858940886,-0.5389529334018741,-0.3730082972318228
2022-12-13,08:00:00,1.36189,1.36258,1.36028,1.36226,9194,1.3524263969964974,BULLISH_ABOVE_EMA200,-0.601940892340668,-0.5762482932773578,-0.6217608973323725
2022-12-13,12:00:00,1.36227,1.36325,1.35217,1.35406,15073,1.3524426517527512,BULLISH_ABOVE_EMA200,0.036925985554550386,0.13958022539621193,0.22303295274951054
2022-12-13,16:00:00,1.35405,1.35651,1.35231,1.35456,24027,1.352463719894515,BULLISH_ABOVE_EMA200,-0.01107370659107714,0.16684384597211854,0.0819454287739151
2022-12-13,20:00:00,1.35459,1.35631,1.3523,1.35441,11151,1.352483085865714,BULLISH_ABOVE_EMA200,0.11370264543233563,-0.04577638971949727,0.005906630931555438
2022-12-14,00:00:00,1.35449,1.35697,1.35376,1.35595,4773,1.3525175825237665,BULLISH_ABOVE_EMA200,0.06416165787823493,0.08333640620967406,0.04203694826505103
2022-12-14,04:00:00,1.35594,1.35738,1.35594,1.35682,4267,1.3525603926479082,BULLISH_ABOVE_EMA200,-0.22331628366326164,-0.08475700535074546,-0.06264648221577052
2022-12-14,08:00:00,1.35683,1.35687,1.35314,1.35379,9046,1.352572627546934,BULLISH_ABOVE_EMA200,0.2430214435030555,0.05170669010702715,0.26665878755197564
2022-12-14,12:00:00,1.35375,1.35791,1.35299,1.35708,10775,1.352617477024079,BULLISH_ABOVE_EMA200,-0.10389954903175444,-0.04126506911899932,0.401597547675889
2022-12-14,16:00:00,1.35713,1.35844,1.35504,1.35567,15867,1.3526478503870236,BULLISH_ABOVE_EMA200,-0.08704183171420471,0.022129279249372413,0.7878023412777463
2022-12-14,20:00:00,1.35572,1.36118,1.35184,1.35449,18866,1.352666180233919,BULLISH_ABOVE_EMA200,0.14987190750762103,0.2148410102695456,0.8445983359050356
2022-12-15,00:00:00,1.35447,1.35711,1.35354,1.35652,4337,1.3527045266992532,BULLISH_ABOVE_EMA200,-0.04054492377554702,0.4430454398018512,0.5381417155663083
2022-12-15,04:00:00,1.35652,1.35736,1.35545,1.35597,4946,1.3527370189709025,BULLISH_ABOVE_EMA200,0.10545956031475935,0.7655036615854375,0.5154981304896165
2022-12-15,08:00:00,1.35596,1.35893,1.35549,1.3574,10687,1.3527834167920876,BULLISH_ABOVE_EMA200,0.37792839251510824,0.6284072491528031,0.709444526300282
2022-12-15,12:00:00,1.35743,1.36323,1.35654,1.36253,12541,1.3528803977195294,BULLISH_ABOVE_EMA200,0.2803607993952379,0.09467681445546251,0.36182689555458436
2022-12-15,16:00:00,1.36252,1.36651,1.35896,1.36635,20446,1.3530144236128674,BULLISH_ABOVE_EMA200,-0.030738829728829725,-0.2481062685256343,0.2934826362205928
2022-12-15,20:00:00,1.36632,1.36738,1.36461,1.36593,11702,1.3531429368107495,BULLISH_ABOVE_EMA200,-0.15447350889138214,0.08053121316611236,0.26282459569670347
2022-12-16,00:00:00,1.3656,1.36627,1.36347,1.36382,5187,1.3532491762454684,BULLISH_ABOVE_EMA200,-0.06305817483246198,0.26689739115131506,0.09018785470223815
2022-12-16,04:00:00,1.36386,1.36411,1.36173,1.36296,6539,1.3533458013574537,BULLISH_ABOVE_EMA200,0.2986147795973483,0.5429359629042726,0.3352996419557407
2022-12-16,08:00:00,1.36297,1.36723,1.36179,1.36703,8722,1.3534819625379768,BULLISH_ABOVE_EMA200,0.03145505219343617,0.18214669758528365,-0.18068367190185822
2022-12-16,12:00:00,1.36704,1.36876,1.36417,1.36746,10748,1.3536210474878478,BULLISH_ABOVE_EMA200,0.21207201673176,-0.1762391587322336,-0.14406271481431307
2022-12-16,16:00:00,1.36745,1.3705,1.3653,1.37036,17764,1.3537876042292625,BULLISH_ABOVE_EMA200,-0.06129776117224319,-0.2065150763303154,-0.5217607052161468
2022-12-16,20:00:00,1.37037,1.37047,1.36813,1.36952,10184,1.3539441454807128,BULLISH_ABOVE_EMA200,-0.3263917284888117,-0.3621706875401655,-0.3307728255155197
2022-12-19,00:00:00,1.36788,1.36899,1.36449,1.36505,5442,1.3540546514958303,BULLISH_ABOVE_EMA200,0.18167832680120255,0.03223325152924771,-0.12014211933629433
2022-12-19,04:00:00,1.36502,1.36786,1.36452,1.36753,5494,1.3541887345655235,BULLISH_ABOVE_EMA200,-0.21717987905200742,-0.315898005893829,0.07166204763332293
2022-12-19,08:00:00,1.36755,1.36759,1.36293,1.36456,8665,1.3542919312365131,BULLISH_ABOVE_EMA200,0.0681538371343215,0.03151198921263487,-0.22644662015595043
2022-12-19,12:00:00,1.36454,1.36634,1.36352,1.36549,10236,1.3544033548062993,BULLISH_ABOVE_EMA200,-0.16697302799728006,-0.1523262711554154,-0.1618466631026258
2022-12-19,16:00:00,1.36551,1.36942,1.3623,1.36321,16129,1.3544909831166845,BULLISH_ABOVE_EMA200,0.13057415952053555,0.38878822778587746,-0.041079510860404185
2022-12-19,20:00:00,1.36321,1.36695,1.36284,1.36499,8922,1.3545954509463691,BULLISH_ABOVE_EMA200,-0.11575176374917875,-0.2578773470867895,-0.2805881361768218
2022-12-20,00:00:00,1.36455,1.36564,1.36321,1.36341,4319,1.3546831579021268,BULLISH_ABOVE_EMA200,0.3740620943076465,-0.009534916129408136,-0.2171027057158209
2022-12-20,04:00:00,1.3634,1.37038,1.36147,1.36851,11645,1.3548207384205138,BULLISH_ABOVE_EMA200,-0.5144281006349924,-0.42820293603992493,-0.5933460478914955
2022-12-20,08:00:00,1.36849,1.36941,1.36132,1.36147,12742,1.3548869002272748,BULLISH_ABOVE_EMA200,0.13294453788919985,-0.022769506489311735,0.02938000837329915
2022-12-20,12:00:00,1.36146,1.36396,1.3605,1.36328,12319,1.354970413657849,BULLISH_ABOVE_EMA200,-0.04621207675606848,-0.2075875828883362,-0.21859045830643614
2022-12-20,16:00:00,1.36333,1.36581,1.35797,1.36265,18460,1.3550468274522984,BULLISH_ABOVE_EMA200,-0.1093457600998049,-0.16585330055406222,-0.1438373757017548
2022-12-20,20:00:00,1.36265,1.36304,1.36045,1.36116,7963,1.3551076550398378,BULLISH_ABOVE_EMA200,-0.05216139175409125,0.05216139175409125,0.002204002468480891
2022-12-21,00:00:00,1.36037,1.36118,1.35888,1.36045,5121,1.355160812701133,BULLISH_ABOVE_EMA200,-0.004410305413646146,-0.011025763534115364,-0.05218861406152291
2022-12-21,04:00:00,1.3605,1.36212,1.35937,1.36039,5391,1.3552128444155496,BULLISH_ABOVE_EMA200,0.10879233161078262,0.022052499650832995,-0.1043818316806193
2022-12-21,08:00:00,1.36043,1.36254,1.36009,1.36187,8395,1.3552790847696237,BULLISH_ABOVE_EMA200,-0.1152826628092145,-0.049931344401449036,-0.2276281877124748
2022-12-21,12:00:00,1.36188,1.36376,1.35941,1.3603,10310,1.35532904412515,BULLISH_ABOVE_EMA200,0.028670146291251225,-0.04116738954643211,0.2381827538043012
2022-12-21,16:00:00,1.36025,1.36371,1.35948,1.36069,15123,1.355382386969676,BULLISH_ABOVE_EMA200,0.036746062659382,-0.1264064555482839,0.5004813734208368
2022-12-21,20:00:00,1.36065,1.36209,1.35898,1.36119,7959,1.3554401741640076,BULLISH_ABOVE_EMA200,-0.10652443817541646,-0.17778561405827745,0.2497814412389211
2022-12-22,00:00:00,1.36051,1.36199,1.35956,1.35974,3766,1.3554829585006842,BULLISH_ABOVE_EMA200,-0.05662847309043916,0.2794651918749192,0.28314236545222843
2022-12-22,04:00:00,1.35972,1.36005,1.35814,1.35897,4068,1.3555176554310258,BULLISH_ABOVE_EMA200,-0.014717028337636443,0.627681258600258,0.3340765432643832
2022-12-22,08:00:00,1.35896,1.35941,1.35706,1.35877,7543,1.355550017068528,BULLISH_ABOVE_EMA200,0.35105279039130544,0.42832856186109025,0.12952891217792442
2022-12-22,12:00:00,1.35878,1.36391,1.35878,1.36354,11566,1.3556295193862542,BULLISH_ABOVE_EMA200,0.29042052305029287,0.0036669257960973284,-0.2823532862988918
2022-12-22,16:00:00,1.36357,1.36754,1.3622,1.3675,16527,1.3557476336212169,BULLISH_ABOVE_EMA200,-0.21279707495429384,-0.29177330895794795,-0.6661791590493567
2022-12-22,20:00:00,1.36751,1.36842,1.36369,1.36459,10291,1.3558356173662793,BULLISH_ABOVE_EMA200,-0.07328208472873829,-0.29752526399870677,-0.39499043668794337
2022-12-23,00:00:00,1.36476,1.36581,1.36346,1.36359,3823,1.3559127754024358,BULLISH_ABOVE_EMA200,-0.0058668661401212975,-0.28600972433062827,-0.637288334470045
2022-12-23,04:00:00,1.36355,1.36373,1.36241,1.36351,4822,1.3559883696770385,BULLISH_ABOVE_EMA200,-0.21855358596563154,-0.37550146313558486,-0.6153236866616232
2022-12-23,08:00:00,1.36348,1.36353,1.36029,1.36053,6662,1.356033560028511,BULLISH_ABOVE_EMA200,-0.061740645189738694,-0.09775602155042912,-0.5696309526434495
2022-12-23,12:00:00,1.36052,1.36126,1.35749,1.35969,9112,1.3560699425157896,BULLISH_ABOVE_EMA200,-0.09561002875656059,-0.35228618287992647,-0.5582154755863459
2022-12-23,16:00:00,1.35967,1.36465,1.35625,1.35839,14673,1.3560930276648864,BULLISH_ABOVE_EMA200,0.0596294142330242,-0.24072615375554032,-0.6441449068382449
2022-12-23,20:00:00,1.3584,1.361,1.3577,1.3592,6630,1.3561239428124996,BULLISH_ABOVE_EMA200,-0.3163625662154187,-0.4723366686285956,-0.5113301942319021
2022-12-27,00:00:00,1.3578,1.35806,1.35483,1.3549,4056,1.356111764277052,BEARISH_BELOW_EMA200,0.016237360690833938,-0.20665731788323227,-0.13506531847368797
2022-12-27,04:00:00,1.3549,1.35682,1.35478,1.35512,4409,1.3561018959757878,BEARISH_BELOW_EMA200,-0.17267843438219554,-0.404392230946348,-0.14242281126396253
2022-12-27,08:00:00,1.35511,1.35538,1.35274,1.35278,6125,1.3560688422844864,BEARISH_BELOW_EMA200,-0.05026685787785256,-0.039178580404806505,0.07022575732935188
2022-12-27,12:00:00,1.3528,1.35473,1.35061,1.3521,7927,1.3560293513164816,BEARISH_BELOW_EMA200,-0.18193920568006275,0.07174025589822612,-0.06656312402929687
2022-12-27,16:00:00,1.35212,1.35256,1.34843,1.34964,11691,1.3559657756814918,BEARISH_BELOW_EMA200,0.1933849026407043,0.2630331051243252,0.5653359414362368
2022-12-27,20:00:00,1.34969,1.3539,1.34935,1.35225,5991,1.3559288027891385,BEARISH_BELOW_EMA200,0.06063967461638328,0.10944721760030673,0.5997411721205445
2022-12-28,00:00:00,1.35183,1.35396,1.35031,1.35307,4016,1.3559003569902417,BEARISH_BELOW_EMA200,0.0088687207609287,-0.13820423185792594,0.487040581788089
2022-12-28,04:00:00,1.35307,1.35372,1.35241,1.35319,4584,1.3558733882639709,BEARISH_BELOW_EMA200,0.039905704298746444,0.30150976581264155,0.39388408131896163
2022-12-28,08:00:00,1.35325,1.354,1.35099,1.35373,6887,1.3558520610175633,BEARISH_BELOW_EMA200,-0.18689103440125748,0.4897579280949608,0.3634402724324506
2022-12-28,12:00:00,1.35372,1.35391,1.34855,1.3512,8169,1.3558057718532095,BEARISH_BELOW_EMA200,0.44923031379514655,0.6261101243339353,0.4455298993487371
2022-12-28,16:00:00,1.35122,1.35992,1.34934,1.35727,16418,1.355820341287506,BULLISH_ABOVE_EMA200,0.227662882108942,0.09209663515733593,-0.19082422804599455
2022-12-28,20:00:00,1.35725,1.36119,1.35625,1.36036,6634,1.3558655120209637,BULLISH_ABOVE_EMA200,-0.05145696727336315,-0.12570202005352263,-0.4153312358493291
2022-12-29,00:00:00,1.35986,1.36084,1.35879,1.35966,4187,1.3559032681202576,BULLISH_ABOVE_EMA200,-0.08384449053440866,-0.17945662886309793,-0.34199726402189096
2022-12-29,04:00:00,1.35971,1.35972,1.35778,1.35852,4210,1.3559293052533894,BULLISH_ABOVE_EMA200,0.009569237110971018,-0.2826605423549041,-0.2716191149191746
2022-12-29,08:00:00,1.35852,1.36082,1.35824,1.35865,6740,1.355956376842908,BULLISH_ABOVE_EMA200,-0.10525153645161156,-0.289993743789779,-0.281897471755051
2022-12-29,12:00:00,1.35868,1.3604,1.35701,1.35722,8554,1.355968950207655,BULLISH_ABOVE_EMA200,-0.1871472568927651,-0.16283284950118956,-0.24682807503574852
2022-12-29,16:00:00,1.3572,1.35833,1.35396,1.35468,13324,1.3559561248324545,BEARISH_BELOW_EMA200,0.0022145451324279155,0.01107272566213958,-0.1299199811025634
2022-12-29,20:00:00,1.35465,1.35615,1.3538,1.35471,6932,1.3559437255803906,BEARISH_BELOW_EMA200,0.022144960914141545,0.008119819001840427,0.02435945700555406
2022-12-30,00:00:00,1.35444,1.35588,1.35426,1.35501,3608,1.3559344347785958,BEARISH_BELOW_EMA200,-0.01328403480417628,-0.08413222042642791,0.43911115047120686
2022-12-30,04:00:00,1.35503,1.35594,1.35422,1.35483,4144,1.3559234453778137,BEARISH_BELOW_EMA200,-0.0007380999830285358,-0.14097709675753256,0.09890539772518463
2022-12-30,08:00:00,1.35488,1.35631,1.35267,1.35482,7114,1.3559124658218158,BEARISH_BELOW_EMA200,-0.07012001594307779,0.01623831948156279,0.48124474099881026
2022-12-30,12:00:00,1.35485,1.35543,1.35138,1.35387,8720,1.3558921427788126,BEARISH_BELOW_EMA200,-0.0701692186103545,0.523683957839382,0.9528241263932382
2022-12-30,16:00:00,1.35395,1.35811,1.35265,1.35292,15960,1.3558625692188244,BEARISH_BELOW_EMA200,0.15669810483991087,0.24022115128759994,1.016320255447488
2022-12-30,20:00:00,1.35291,1.35678,1.35256,1.35504,8728,1.355854384450478,BEARISH_BELOW_EMA200,0.4368874719565419,0.4649309245483508,0.8715609871295221
2023-01-03,00:00:00,1.35642,1.36187,1.35545,1.36096,6684,1.3559051865952494,BULLISH_ABOVE_EMA200,-0.35195744180577315,0.42690453797320227,0.23218904302845433
2023-01-03,04:00:00,1.36101,1.36188,1.3541,1.35617,7991,1.3559078215545006,BULLISH_ABOVE_EMA200,0.3812206434296509,0.7742392177971753,0.6216034862885875
2023-01-03,08:00:00,1.3561,1.36377,1.35227,1.36134,12494,1.3559618730813214,BULLISH_ABOVE_EMA200,0.3988716999427069,0.4047482627411157,-0.4194396697371784
2023-01-03,12:00:00,1.36128,1.3678,1.36128,1.36677,11467,1.3560694166327512,BULLISH_ABOVE_EMA200,-0.007316519970440454,-0.1938877792166964,-1.1267440754479596
2023-01-03,16:00:00,1.36676,1.36793,1.36019,1.36667,16968,1.3561748950742163,BULLISH_ABOVE_EMA200,0.013170699583648353,-0.15146304521208603,-1.3148748417686815
2023-01-03,20:00:00,1.36666,1.36848,1.36557,1.36685,10334,1.3562811150237266,BULLISH_ABOVE_EMA200,-0.19972930460547242,-0.8208654936532911,-1.402494787284626
2023-01-04,00:00:00,1.36642,1.36802,1.36397,1.36412,5207,1.3563591138792122,BULLISH_ABOVE_EMA200,0.0351875201595194,-0.9346685042371667,-1.132598305134443
2023-01-04,04:00:00,1.36408,1.36497,1.36267,1.3646,5953,1.3564411127460858,BULLISH_ABOVE_EMA200,-0.6573354829254099,-1.165176608529974,-1.0940935072548812
2023-01-04,08:00:00,1.36459,1.36578,1.35423,1.35563,12414,1.356433041972493,BEARISH_BELOW_EMA200,-0.3142450373626971,-0.5864432035289793,-0.3798971695816697
2023-01-04,12:00:00,1.35559,1.35575,1.35137,1.35137,11593,1.3563826634454035,BEARISH_BELOW_EMA200,-0.1975772734336229,-0.1997972427980438,0.15391787593331818
2023-01-04,16:00:00,1.35143,1.35576,1.34763,1.3487,18104,1.3563062190330115,BEARISH_BELOW_EMA200,-0.07562838288722629,0.07192110921627606,0.6828798101875836
2023-01-04,20:00:00,1.3487,1.35138,1.34754,1.34768,10853,1.3562203860078075,BEARISH_BELOW_EMA200,0.07345957497329086,0.20776445446989744,0.6811706042977537
2023-01-05,00:00:00,1.34766,1.34937,1.34698,1.34867,5159,1.3561452577888242,BEARISH_BELOW_EMA200,0.07414712272089465,0.3544232466059159,0.4893710099579541
2023-01-05,04:00:00,1.3487,1.3516,1.3487,1.34967,6242,1.356080827363065,BEARISH_BELOW_EMA200,0.060014670252726776,0.6105196084968938,0.5556913912289717
2023-01-05,08:00:00,1.34965,1.35268,1.34891,1.35048,10077,1.3560250977375619,BEARISH_BELOW_EMA200,0.2199218055802485,0.4724246193945896,0.8152656833126138
2023-01-05,12:00:00,1.35048,1.35382,1.34927,1.35345,12089,1.3559994748745015,BEARISH_BELOW_EMA200,0.3295282426391746,0.1344711662787641,0.04137574347038264
2023-01-05,16:00:00,1.35346,1.35948,1.35314,1.35791,17608,1.3560184850747552,BULLISH_ABOVE_EMA200,-0.07732471224160624,-0.054495511484558105,-1.0015391299865275
2023-01-05,20:00:00,1.3579,1.35829,1.35508,1.35686,9446,1.3560268583575936,BULLISH_ABOVE_EMA200,-0.11718231799890778,0.3412290140471481,-0.9227186297775648
2023-01-06,00:00:00,1.35676,1.35677,1.35465,1.35527,4409,1.3560193274286623,BEARISH_BELOW_EMA200,0.14019346698443946,-0.0929704044212621,-1.007179381230304
2023-01-06,04:00:00,1.35528,1.35777,1.35377,1.35717,6218,1.3560307769069841,BULLISH_ABOVE_EMA200,0.318309423285226,-0.9475599961685045,-1.2725008657721506
2023-01-06,08:00:00,1.35717,1.3628,1.3563,1.36149,8768,1.3560850975347754,BULLISH_ABOVE_EMA200,-0.5493980859205836,-1.2596493547510448,-1.6401148741452511
2023-01-06,12:00:00,1.36145,1.36642,1.3539,1.35401,13927,1.356064449798111,BEARISH_BELOW_EMA200,-0.7163905731863164,-0.9150597115235413,-1.2134326925207308
2023-01-06,16:00:00,1.35398,1.35666,1.344,1.34431,18745,1.3559474900986273,BEARISH_BELOW_EMA200,0.0022316281215044548,-0.3280493338589911,-0.557163154331962
2023-01-06,20:00:00,1.34436,1.3452,1.34331,1.34434,7753,1.3558319926847104,BEARISH_BELOW_EMA200,-0.20232976776708686,-0.3853191900858551,-0.39647708169064794
2023-01-09,00:00:00,1.34377,1.3444,1.34152,1.34162,5729,1.3556905798221761,BEARISH_BELOW_EMA200,-0.1282032170063016,-0.301128486456675,-0.28249429793831043
2023-01-09,04:00:00,1.34162,1.34177,1.3395,1.3399,5907,1.3555334596249407,BEARISH_BELOW_EMA200,-0.055228002089721985,-0.22986790058961065,-0.13881632957684864
2023-01-09,08:00:00,1.33991,1.34189,1.3384,1.33916,10019,1.3553705396286726,BEARISH_BELOW_EMA200,-0.11798440813643737,-0.01120105140534906,-0.06496609815107428
2023-01-09,12:00:00,1.33916,1.33992,1.33568,1.33758,11362,1.35519351933386,BEARISH_BELOW_EMA200,-0.05681903138504568,0.018690470850347904,0.21232374885987781
2023-01-09,16:00:00,1.33758,1.34151,1.33584,1.33682,14062,1.3550106982459609,BEARISH_BELOW_EMA200,0.1638216064990153,0.09126135156565574,0.5049296090722786
2023-01-09,20:00:00,1.33683,1.33936,1.33642,1.33901,9075,1.3548514873181405,BEARISH_BELOW_EMA200,-0.08812480862726632,-0.053771069670880266,0.2740830912390544
2023-01-10,00:00:00,1.33824,1.34057,1.3376,1.33783,5431,1.3546821192851244,BEARISH_BELOW_EMA200,0.01569706165953981,0.19359709380114587,0.4208307483013554
2023-01-10,04:00:00,1.33789,1.34097,1.33758,1.33804,6784,1.3545165260584069,BEARISH_BELOW_EMA200,0.01868404532002657,0.4132910824788523,0.31613404681475726
2023-01-10,08:00:00,1.33803,1.34053,1.3376,1.33829,9309,1.3543550680876764,BEARISH_BELOW_EMA200,0.15915832891226606,0.3280305464436046,0.29066943637028964
2023-01-10,12:00:00,1.33824,1.34277,1.33793,1.34042,10189,1.3542164106937693,BEARISH_BELOW_EMA200,0.23500096984527133,0.22679458677132197,0.06341296011697956
2023-01-10,16:00:00,1.34039,1.34451,1.33817,1.34357,16605,1.3541104762590055,BEARISH_BELOW_EMA200,-0.06624143141033481,-0.09675714700386709,-0.017118572162220985
2023-01-10,20:00:00,1.34354,1.34382,1.34165,1.34268,7306,1.3539967401768265,BEARISH_BELOW_EMA200,0.05809276968451178,-0.037238954925981387,-0.020853814758546932
2023-01-11,00:00:00,1.34229,1.34416,1.34133,1.34346,4427,1.3538918969909874,BEARISH_BELOW_EMA200,-0.0885772557426365,-0.16301192443393447,-0.06550250844833429
2023-01-11,04:00:00,1.34348,1.34395,1.3412,1.34227,5063,1.353776256224908,BEARISH_BELOW_EMA200,-0.006705059339785997,0.0797157054839864,0.04842542856502919
2023-01-11,08:00:00,1.34226,1.34348,1.34113,1.34218,8290,1.3536608705908293,BEARISH_BELOW_EMA200,-0.06780014603108125,0.016391244095434965,0.014156074446060478
2023-01-11,12:00:00,1.34216,1.3445,1.34122,1.34127,8128,1.3535375783461445,BEARISH_BELOW_EMA200,0.15433134268268256,0.09766862749484774,-0.44584610108329226
2023-01-11,16:00:00,1.34124,1.34409,1.3404,1.34334,13705,1.3534361099048895,BEARISH_BELOW_EMA200,-0.06997483883454232,-0.031265353521825225,-0.5903196510191011
2023-01-11,20:00:00,1.34333,1.34351,1.34147,1.3424,7774,1.3533262978660348,BEARISH_BELOW_EMA200,0.013408820023843042,-0.0022348033373044167,-0.4171632896305162
2023-01-12,00:00:00,1.34203,1.34376,1.34166,1.34258,4851,1.3532193695290593,BEARISH_BELOW_EMA200,0.025324375456195154,-0.5429844031640586,-0.35081708352576485
2023-01-12,04:00:00,1.34259,1.34315,1.34209,1.34292,4546,1.3531168882402131,BEARISH_BELOW_EMA200,-0.04095552974114828,-0.5592291424656648,-0.30902808804693327
2023-01-12,08:00:00,1.34292,1.34482,1.34199,1.34237,7298,1.3530099540288678,BEARISH_BELOW_EMA200,-0.5274253745241606,-0.41493775933610516,-0.569887586879933
2023-01-12,12:00:00,1.34237,1.34569,1.33476,1.33529,12415,1.3528336360783317,BEARISH_BELOW_EMA200,0.008986811853597194,0.1932164548524893,0.5481955230698944
2023-01-12,16:00:00,1.33522,1.34427,1.33517,1.33541,22645,1.3526602665651146,BEARISH_BELOW_EMA200,0.10408788312203761,0.25160812035255314,0.34146816333561375
2023-01-12,20:00:00,1.33537,1.33697,1.3345,1.3368,9738,1.3525024529674519,BEARISH_BELOW_EMA200,0.08004189108317657,-0.15559545182526044,0.1907540394973109
2023-01-13,00:00:00,1.33613,1.33915,1.33501,1.33787,4921,1.352356856420512,BEARISH_BELOW_EMA200,0.06727111004807067,0.35429451291980457,-0.12557273875637423
2023-01-13,04:00:00,1.33796,1.33959,1.33775,1.33877,4873,1.352221663819313,BEARISH_BELOW_EMA200,-0.3025164890160453,0.08963451526401771,-0.15312563024269346
2023-01-13,08:00:00,1.33878,1.33906,1.33212,1.33472,9444,1.352047517910663,BEARISH_BELOW_EMA200,0.5911352193718664,0.3468892351954069,0.3513845600575464
2023-01-13,12:00:00,1.3347,1.34309,1.33369,1.34261,10661,1.3519536122598106,BEARISH_BELOW_EMA200,-0.19663193332389714,-0.47817311058312484,-0.2227005608479043
2023-01-13,16:00:00,1.34262,1.34394,1.33929,1.33997,16228,1.3518343723368276,BEARISH_BELOW_EMA200,-0.04626969260506317,-0.24254274349427202,-0.06418054135540967
2023-01-13,20:00:00,1.33994,1.34095,1.3386,1.33935,7204,1.351710149726511,BEARISH_BELOW_EMA200,-0.23593534177026554,0.004479784970317615,0.09407548437675282
2023-01-16,00:00:00,1.33823,1.34006,1.33606,1.33619,5220,1.3515557203759985,BEARISH_BELOW_EMA200,0.039665017699572626,0.2567000202067104,0.3248041072003241
2023-01-16,04:00:00,1.33616,1.33715,1.33523,1.33672,5568,1.3514081012677797,BEARISH_BELOW_EMA200,0.20123885331259214,0.17879585851936938,0.28876653300617905
2023-01-16,08:00:00,1.33674,1.34181,1.33652,1.33941,9470,1.351288717175563,BEARISH_BELOW_EMA200,0.01567854503102437,0.08959168589155597,0.245630538819332
2023-01-16,12:00:00,1.3394,1.34027,1.33769,1.33962,7690,1.351172610537,BEARISH_BELOW_EMA200,-0.038070497603798874,0.06792971141069605,0.09405652349173936
2023-01-16,16:00:00,1.33966,1.34005,1.33861,1.33911,6492,1.3510525845615076,BEARISH_BELOW_EMA200,0.11201469632816251,0.10977440240160123,0.023149703907821798
2023-01-16,20:00:00,1.3391,1.34156,1.33892,1.34061,2541,1.3509486782474627,BEARISH_BELOW_EMA200,-0.005967432735850098,0.15589918022392232,-0.12531608745273612
2023-01-17,00:00:00,1.34057,1.34113,1.33949,1.34053,4427,1.3508450098071896,BEARISH_BELOW_EMA200,0.0037298680372767124,0.026109076260887296,-0.1335292757342214
2023-01-17,04:00:00,1.3406,1.34217,1.33934,1.34058,4948,1.350742870406123,BEARISH_BELOW_EMA200,0.15814050634799112,-0.08652971102060673,-0.20886481970491394
2023-01-17,08:00:00,1.34059,1.34282,1.33957,1.3427,8508,1.3506628418448683,BEARISH_BELOW_EMA200,-0.13554777686750077,-0.28077753779698006,-0.5153794592984313
2023-01-17,12:00:00,1.34267,1.34365,1.33954,1.34088,10619,1.350565500134969,BEARISH_BELOW_EMA200,-0.10888371815524259,-0.159596682775493,-0.1424437682715887
2023-01-17,16:00:00,1.34082,1.34082,1.3369,1.33942,15075,1.3504545996361137,BEARISH_BELOW_EMA200,-0.03658299861134681,-0.12244105657673364,0.6144450583088171
2023-01-17,20:00:00,1.33947,1.34023,1.33707,1.33893,7555,1.3503399270029186,BEARISH_BELOW_EMA200,-0.014190435646367806,-0.2352624857162052,0.7744990402784306
2023-01-18,00:00:00,1.33878,1.33965,1.33851,1.33874,4145,1.3502245048436856,BEARISH_BELOW_EMA200,-0.07170921911648803,0.017180333746653755,0.9165334568325443
2023-01-18,04:00:00,1.33874,1.34091,1.33752,1.33778,8114,1.350100678924843,BEARISH_BELOW_EMA200,-0.14950141278835097,0.7377894721105149,0.9164436603925861
2023-01-18,08:00:00,1.33777,1.33821,1.33502,1.33578,10376,1.349958184607183,BEARISH_BELOW_EMA200,0.23881178038299916,1.0121427181122622,1.1648624773540566
2023-01-18,12:00:00,1.33575,1.33935,1.33551,1.33897,11039,1.3498488494369625,BEARISH_BELOW_EMA200,0.6482594830354692,0.8991986377588782,0.6467657975906937
2023-01-18,16:00:00,1.33903,1.34815,1.33649,1.34765,15776,1.3498269703380874,BEARISH_BELOW_EMA200,0.12243535042480833,0.17734575000926742,-0.0742032426817135
2023-01-18,20:00:00,1.34762,1.35,1.34718,1.3493,8069,1.3498217268521364,BEARISH_BELOW_EMA200,0.12673237975247167,0.15118950566960956,-0.19491588230933893
2023-01-19,00:00:00,1.34858,1.35181,1.34821,1.35101,4862,1.349833550465548,BULLISH_ABOVE_EMA200,-0.07179813620921661,-0.2501831962753746,-0.4241271345141792
2023-01-19,04:00:00,1.35103,1.35125,1.34901,1.35004,5831,1.3498356046897717,BULLISH_ABOVE_EMA200,0.09629344315724563,-0.251103671002341,-0.30147254896149717
2023-01-19,08:00:00,1.35003,1.35203,1.34894,1.35134,8869,1.3498505737973363,BULLISH_ABOVE_EMA200,-0.27454230615536285,-0.3455829028963808,-0.33300279722349285
2023-01-19,12:00:00,1.35133,1.35195,1.3476,1.34763,10360,1.3498284785356713,BEARISH_BELOW_EMA200,-0.0727202570438624,-0.17438020821739453,-0.015582912223684799
2023-01-19,16:00:00,1.34777,1.34965,1.34536,1.34665,12953,1.3497968518835752,BEARISH_BELOW_EMA200,0.001485166895639626,-0.05049567445140103,-0.4470352355845925
2023-01-19,20:00:00,1.3466,1.34765,1.34462,1.34667,8280,1.34976573892951,BEARISH_BELOW_EMA200,-0.10321756629315292,0.01262373112937865,-0.6408399979208075
2023-01-20,00:00:00,1.34628,1.34682,1.34484,1.34528,3726,1.349721104711306,BEARISH_BELOW_EMA200,0.05129043767840742,0.15907469077069686,-0.6362987630827874
2023-01-20,04:00:00,1.34526,1.34701,1.34452,1.34597,4928,1.349683780286318,BEARISH_BELOW_EMA200,0.06463739905049343,-0.39673989762031264,-0.6025394325282184
2023-01-20,08:00:00,1.34597,1.34764,1.34416,1.34684,8057,1.349655483965061,BEARISH_BELOW_EMA200,0.04306376406997304,-0.6533812479581941,-0.8694425469989091
2023-01-20,12:00:00,1.34685,1.34849,1.34611,1.34742,9224,1.349633240343518,BEARISH_BELOW_EMA200,-0.5039260215819917,-0.7941102254679427,-0.582594885039567
2023-01-20,16:00:00,1.34746,1.34969,1.34033,1.34063,11854,1.349543655862488,BEARISH_BELOW_EMA200,-0.1931927526610692,-0.20661927601201965,-0.2237753891826896
2023-01-20,20:00:00,1.34063,1.34193,1.33731,1.33804,6880,1.3494291916250505,BEARISH_BELOW_EMA200,-0.09865175928970643,-0.21748228752503426,-0.1031359301665075
2023-01-23,00:00:00,1.33782,1.33826,1.33554,1.33672,3931,1.3493027320068909,BEARISH_BELOW_EMA200,0.08528338021426633,0.21320845053564094,-0.09575677778442367
2023-01-23,04:00:00,1.33674,1.33795,1.33661,1.33786,3678,1.3491888739769715,BEARISH_BELOW_EMA200,-0.2040572257186941,-0.017191634401204345,-0.1405229246707506
2023-01-23,08:00:00,1.33785,1.33839,1.33418,1.33513,8549,1.3490489846836684,BEARISH_BELOW_EMA200,0.33255188633316607,0.11459558245264742,0.1265794342123965
2023-01-23,12:00:00,1.33514,1.34005,1.33499,1.33957,8436,1.3489546664281096,BEARISH_BELOW_EMA200,-0.14482259232439,-0.3083078898452464,-0.10749718193150681
2023-01-23,16:00:00,1.33964,1.34172,1.33695,1.33763,12138,1.3488419831800689,BEARISH_BELOW_EMA200,-0.07251631617114877,-0.12335249657978299,-0.11587658769616128
2023-01-23,20:00:00,1.33763,1.33945,1.33651,1.33666,7536,1.348720769417083,BEARISH_BELOW_EMA200,-0.09127227567219778,0.011970134514381964,0.004488800442891161
2023-01-24,00:00:00,1.33687,1.33737,1.33519,1.33544,3335,1.3485886224577093,BEARISH_BELOW_EMA200,0.040436110944706234,0.20143173785419646,0.0666447013718368
2023-01-24,04:00:00,1.33542,1.33688,1.33509,1.33598,3196,1.348463163527782,BEARISH_BELOW_EMA200,0.06287519274240272,0.007485141993142785,-0.017964340783546008
2023-01-24,08:00:00,1.336,1.33797,1.33464,1.33682,7631,1.3483473111543713,BEARISH_BELOW_EMA200,0.09799374635329695,-0.007480438652921783,0.05834742149279656
2023-01-24,12:00:00,1.33679,1.33915,1.33516,1.33813,13048,1.3482456463667658,BEARISH_BELOW_EMA200,-0.15319886707570318,-0.13451607840792926,-0.10462361653950422
2023-01-24,16:00:00,1.33816,1.34134,1.33533,1.33608,22445,1.3481245951591363,BEARISH_BELOW_EMA200,0.0479013232740535,-0.02544757798934248,0.3674929644931419
2023-01-24,20:00:00,1.33607,1.33747,1.33536,1.33672,10116,1.348011116600339,BEARISH_BELOW_EMA200,-0.029175893231184576,0.06583278472679334,0.18104015799869
2023-01-25,00:00:00,1.33602,1.33799,1.33602,1.33633,5594,1.3478948865844154,BEARISH_BELOW_EMA200,-0.04415077114186544,0.029932726197866986,0.26714958131599775
2023-01-25,04:00:00,1.33634,1.33634,1.33477,1.33574,6086,1.347773942439297,BEARISH_BELOW_EMA200,0.139248656175601,0.3930405617859746,0.26801623070359043
2023-01-25,08:00:00,1.3357,1.33775,1.33432,1.3376,13186,1.3476727091811946,BEARISH_BELOW_EMA200,-0.06504186602870264,0.11513157894737568,0.19736842105264638
2023-01-25,12:00:00,1.33759,1.33843,1.33634,1.33673,13082,1.347563826502775,BEARISH_BELOW_EMA200,0.3186881419583559,0.23714587089390657,-0.09276368451369445
2023-01-25,16:00:00,1.33674,1.34282,1.33397,1.34099,24385,1.347498415293792,BEARISH_BELOW_EMA200,-0.1379577774629123,-0.12453485857462311,-0.38553605918015027
2023-01-25,20:00:00,1.34098,1.34104,1.3376,1.33914,12083,1.3474152469824112,BEARISH_BELOW_EMA200,0.05675284137581537,0.08214227041236173,-0.525710530639062
2023-01-26,00:00:00,1.33881,1.34075,1.338,1.3399,4910,1.347340468405472,BEARISH_BELOW_EMA200,-0.04328681244869206,-0.3291290394805601,-0.585864616762455
2023-01-26,04:00:00,1.33989,1.34053,1.3393,1.33932,5601,1.3472606627496961,BEARISH_BELOW_EMA200,0.0686915748290201,-0.2613266433712674,-0.43753546575874147
2023-01-26,08:00:00,1.33938,1.34078,1.337,1.34024,10291,1.347190805408903,BEARISH_BELOW_EMA200,-0.3544141347818325,-0.6073539067629705,-0.6364531725661187
2023-01-26,12:00:00,1.34024,1.34034,1.33486,1.33549,11796,1.3470743794844362,BEARISH_BELOW_EMA200,0.02471003152400553,-0.25758335891696005,-0.20591692936675152
2023-01-26,16:00:00,1.33552,1.3373,1.33029,1.33582,25945,1.3469623956089691,BEARISH_BELOW_EMA200,-0.2784806336182978,-0.17667050949977675,-0.40798910032788505
2023-01-26,20:00:00,1.33581,1.33617,1.33195,1.3321,9287,1.3468145110755467,BEARISH_BELOW_EMA200,-0.003753471961572368,-0.02927708130021113,-0.08407777193904435
2023-01-27,00:00:00,1.3317,1.33262,1.33123,1.33205,4286,1.346667600517581,BEARISH_BELOW_EMA200,0.10585188243685548,0.05179985736271758,-0.09158815359783784
2023-01-27,04:00:00,1.33204,1.3343,1.332,1.33346,4216,1.3465361816069583,BEARISH_BELOW_EMA200,-0.13123753243442926,-0.23172798584134785,-0.038996295351947256
2023-01-27,08:00:00,1.33346,1.33461,1.33155,1.33171,7694,1.3463886574118642,BEARISH_BELOW_EMA200,0.07734416652274792,-0.05481673938018768,0.09386427976060654
2023-01-27,12:00:00,1.33173,1.33286,1.3307,1.33274,7447,1.3462528498754278,BEARISH_BELOW_EMA200,-0.177829133964613,-0.1433137746297161,0.12755676275943056
2023-01-27,16:00:00,1.3327,1.33418,1.33003,1.33037,12953,1.3460948115682099,BEARISH_BELOW_EMA200,0.045851905860775526,0.19317934108555973,0.414170493922736
2023-01-27,20:00:00,1.33038,1.33152,1.33001,1.33098,6179,1.3459444154332028,BEARISH_BELOW_EMA200,-0.011269891358254406,0.14876256592885473,0.5717591549084055
2023-01-30,00:00:00,1.33112,1.33162,1.32994,1.33083,3857,1.3457940232398375,BEARISH_BELOW_EMA200,0.15854767325654337,0.2712592893156987,0.5665637233906737
2023-01-30,04:00:00,1.33083,1.33303,1.33083,1.33294,5602,1.345666122511083,BEARISH_BELOW_EMA200,0.0015004426305691913,0.22056506669467063,0.673698741128632
2023-01-30,08:00:00,1.33296,1.33532,1.33251,1.33296,8280,1.345539693431371,BEARISH_BELOW_EMA200,0.11103108870484846,0.4223682631136736,0.8754951386388241
2023-01-30,12:00:00,1.33296,1.33484,1.33154,1.33444,8738,1.3454292487206112,BEARISH_BELOW_EMA200,0.10791043433948964,0.29450556038487974,0.48559695452772844
2023-01-30,16:00:00,1.33448,1.33647,1.33219,1.33588,12584,1.3453342313204062,BEARISH_BELOW_EMA200,0.20286253256280432,0.45213641943887517,-0.2762224151869907
2023-01-30,20:00:00,1.33589,1.33888,1.33563,1.33859,7279,1.3452671245410988,BEARISH_BELOW_EMA200,-0.016435204207403832,0.45122106096714043,-0.5983908440971358
2023-01-31,00:00:00,1.33772,1.33924,1.33678,1.33837,4094,1.3451984964362123,BEARISH_BELOW_EMA200,0.26524802558335453,0.19053027189789296,-0.5626246852514654
2023-01-31,04:00:00,1.33839,1.34201,1.33833,1.34192,4926,1.3451658745811257,BEARISH_BELOW_EMA200,0.2019494455705251,-0.725080481697867,-0.7057052581376005
2023-01-31,08:00:00,1.3419,1.34564,1.34058,1.34463,7599,1.3451605424957414,BEARISH_BELOW_EMA200,-0.2759123327606927,-1.04489710924194,-1.0292794300290842
2023-01-31,12:00:00,1.34462,1.34715,1.34064,1.34092,9772,1.3451183480430475,BEARISH_BELOW_EMA200,-0.6510455508158507,-0.751722697849228,-0.7345702950213223
2023-01-31,16:00:00,1.3409,1.34188,1.33126,1.33219,15956,1.3449897077640123,BEARISH_BELOW_EMA200,-0.12085363198942262,0.019516735600772182,0.1733986893761426
2023-01-31,20:00:00,1.33217,1.33234,1.32985,1.33058,6908,1.344846327587256,BEARISH_BELOW_EMA200,0.019540350824447,0.0157825910505059,-0.11874520885629851
2023-02-01,00:00:00,1.33037,1.33124,1.32983,1.33084,3645,1.3447069611436018,BEARISH_BELOW_EMA200,0.12097622554175479,0.01728231793453401,-0.18860268702473718
2023-02-01,04:00:00,1.33084,1.33246,1.33046,1.33245,4053,1.3445850013312275,BEARISH_BELOW_EMA200,-0.12458253593005328,0.15385192690158034,-0.28744042928440094
2023-02-01,08:00:00,1.33244,1.33244,1.32883,1.33079,7102,1.3444477376363895,BEARISH_BELOW_EMA200,0.021040134055715625,-0.1345065712847225,-0.21415850735277686
2023-02-01,12:00:00,1.33077,1.3318,1.32952,1.33107,8490,1.3443146258191119,BEARISH_BELOW_EMA200,0.2576874244029273,-0.20584942940641474,-0.13297572629539012
2023-02-01,16:00:00,1.33109,1.33474,1.32917,1.3345,13414,1.3442169678507625,BEARISH_BELOW_EMA200,-0.4121393780442158,-0.44061446234545576,-0.20157362307981125
2023-02-01,20:00:00,1.3345,1.338,1.32663,1.329,15614,1.344065555235332,BEARISH_BELOW_EMA200,-0.050413844996233886,-0.07975921745673897,0.1911211437170795
2023-02-02,00:00:00,1.329,1.32919,1.32631,1.32833,5282,1.3439089825464234,BEARISH_BELOW_EMA200,0.021831924295913022,0.0730240226449689,0.3146808398515484
2023-02-02,04:00:00,1.32837,1.32895,1.32742,1.32862,4547,1.3437568533668571,BEARISH_BELOW_EMA200,-0.05118092456835017,0.2400987490779927,0.30859086872092795
2023-02-02,08:00:00,1.3286,1.32931,1.32619,1.32794,8601,1.3435994717413162,BEARISH_BELOW_EMA200,0.10241426570477792,0.27109658568911604,0.5075530520957416
2023-02-02,12:00:00,1.32795,1.33061,1.32698,1.3293,11500,1.3434571884404078,BEARISH_BELOW_EMA200,0.18882118408184853,0.2414804784473149,0.8779056646355277
2023-02-02,16:00:00,1.32936,1.3347,1.32831,1.33181,16255,1.3433412960181152,BEARISH_BELOW_EMA200,-0.020273162087684617,0.06832806481404753,0.5676485384551859
2023-02-02,20:00:00,1.33176,1.333,1.33029,1.33154,9884,1.3432238701870893,BEARISH_BELOW_EMA200,0.07284798053382831,0.2358171740991741,0.6683989966505047
2023-02-03,00:00:00,1.3315,1.33265,1.33117,1.33251,4143,1.343117264513586,BEARISH_BELOW_EMA200,0.01575973163427077,0.6348920458382985,0.6153799971482379
2023-02-03,04:00:00,1.33252,1.33393,1.33209,1.33272,4746,1.3430138091452917,BEARISH_BELOW_EMA200,0.1470676511195288,0.4989795305840721,0.531244372411324
2023-02-03,08:00:00,1.33272,1.33739,1.33224,1.33468,8485,1.3429308856712092,BEARISH_BELOW_EMA200,0.4712740132466139,0.43156412023855806,0.6668265052297111
2023-02-03,12:00:00,1.33465,1.34213,1.33423,1.34097,13566,1.3429113743709984,BEARISH_BELOW_EMA200,-0.11931661409278699,-0.019388949790071885,0.14690858110174182
2023-02-03,16:00:00,1.34107,1.34257,1.33517,1.33937,19922,1.3428761368150681,BEARISH_BELOW_EMA200,0.07988830569597097,0.032104646214276306,0.385255754571183
2023-02-03,20:00:00,1.33937,1.34093,1.33834,1.34044,10628,1.3428518966477543,BEARISH_BELOW_EMA200,0.02014263973023727,0.2342514398257229,0.3066157381158303
2023-02-06,00:00:00,1.34115,1.34209,1.33979,1.34071,5648,1.342830584243299,BEARISH_BELOW_EMA200,-0.06787448441497165,0.16632978048943875,0.12381499354819421
2023-02-06,04:00:00,1.34069,1.34104,1.33968,1.3398,5506,1.3428004291762015,BEARISH_BELOW_EMA200,0.28213166144199836,0.35303776683086285,0.1701746529332615
2023-02-06,08:00:00,1.33975,1.3437,1.33961,1.34358,9074,1.3428081860998216,BULLISH_ABOVE_EMA200,-0.047633933223177924,0.07219518004137568,-0.18011581000015545
2023-02-06,12:00:00,1.3436,1.3447,1.34123,1.34294,9857,1.3428094976809177,BULLISH_ABOVE_EMA200,0.11839694997542557,-0.042444189613829314,0.13477891789654542
2023-02-06,16:00:00,1.34294,1.34753,1.34244,1.34453,15552,1.3428266171069785,BULLISH_ABOVE_EMA200,0.0014875086461372362,-0.1822198091526454,-0.42170870118183035
2023-02-06,20:00:00,1.3445,1.34514,1.34244,1.34455,7955,1.3428437651954663,BULLISH_ABOVE_EMA200,-0.16213603064221108,-0.25212896508125426,-0.3562530214569819
2023-02-07,00:00:00,1.3448,1.34484,1.34217,1.34237,3849,1.3428390511139194,BEARISH_BELOW_EMA200,-0.021603581724868964,0.17729836036262928,-0.18027816473849154
2023-02-07,04:00:00,1.34236,1.34313,1.34009,1.34208,5871,1.3428314983665173,BEARISH_BELOW_EMA200,-0.06855030996662136,-0.2399260848831665,-0.21161182641868992
2023-02-07,08:00:00,1.34208,1.34431,1.34049,1.34116,10233,1.3428148665419748,BEARISH_BELOW_EMA200,0.2676787258790885,-0.10438724686091488,-0.31763547973395645
2023-02-07,12:00:00,1.34115,1.34541,1.34071,1.34475,10184,1.3428341216012587,BULLISH_ABOVE_EMA200,-0.43799962818367366,-0.35694366982709913,-0.2862985685071507
2023-02-07,16:00:00,1.34472,1.34685,1.33843,1.33886,17559,1.3427945781027388,BEARISH_BELOW_EMA200,0.06722136743200356,0.028382355137956696,0.3092182901871766
2023-02-07,20:00:00,1.3388,1.34584,1.33796,1.33976,14453,1.3427643832957465,BEARISH_BELOW_EMA200,0.014181644473630536,-0.2134710694452801,0.36499074461096304
2023-02-08,00:00:00,1.33878,1.34033,1.33878,1.33995,4245,1.3427363794818585,BEARISH_BELOW_EMA200,-0.05298705175566166,0.07089816784208414,0.3716556587932374
2023-02-08,04:00:00,1.33995,1.34072,1.33897,1.33924,4222,1.342701589636268,BEARISH_BELOW_EMA200,-0.17472596397957116,0.2807562498133259,0.31062393596367655
2023-02-08,08:00:00,1.33925,1.33974,1.33599,1.3369,8633,1.3426438623762056,BEARISH_BELOW_EMA200,0.2991996409604311,0.5796993043608291,0.26254768494278735
2023-02-08,12:00:00,1.33686,1.34161,1.33646,1.3409,8638,1.3426265105117656,BEARISH_BELOW_EMA200,0.15661123126258414,0.30054441047057784,-0.231188008054283
2023-02-08,16:00:00,1.34089,1.3444,1.34049,1.343,13953,1.3426302268250814,BULLISH_ABOVE_EMA200,0.12285927029038939,0.029784065524940877,0.12137006701414894
2023-02-08,20:00:00,1.343,1.34503,1.34211,1.34465,7522,1.3426503240706031,BULLISH_ABOVE_EMA200,0.020823262559034543,-0.3153236901795857,0.05577659614026167
2023-02-09,00:00:00,1.3439,1.34591,1.34375,1.34493,3586,1.3426730074131843,BULLISH_ABOVE_EMA200,-0.11376056746448004,-0.5301391150468693,0.032715457310045576
2023-02-09,04:00:00,1.34492,1.34493,1.34295,1.3434,3808,1.342680241170267,BULLISH_ABOVE_EMA200,-0.22256959952358393,0.0915587315766015,0.17716242370106064
2023-02-09,08:00:00,1.34339,1.3435,1.34005,1.34041,7630,1.3426576517058864,BEARISH_BELOW_EMA200,-0.19471654195358143,0.3722741549227347,0.2439552077349381
2023-02-09,12:00:00,1.34033,1.34123,1.33723,1.3378,7736,1.3426093168630417,BEARISH_BELOW_EMA200,0.5105396920316857,0.5658543878008562,-0.014949917775467187
2023-02-09,16:00:00,1.33777,1.34554,1.33728,1.34463,13043,1.3426294231629121,BULLISH_ABOVE_EMA200,0.057264823780514895,0.08552538616570984,-0.6380937506972202
2023-02-09,20:00:00,1.34464,1.34627,1.34412,1.3454,8799,1.3426569910916395,BULLISH_ABOVE_EMA200,-0.002229820127841125,-0.1278430206629957,-0.8235469005500209
2023-02-10,00:00:00,1.34477,1.346,1.34432,1.34537,3759,1.3426839862051556,BULLISH_ABOVE_EMA200,0.030474887949041636,-0.5775362911318116,-0.6823401740785038
2023-02-10,04:00:00,1.34537,1.34719,1.34521,1.34578,4990,1.342714792312567,BULLISH_ABOVE_EMA200,-0.156043335463448,-0.7230007876473136,-0.6316039768758602
2023-02-10,08:00:00,1.34576,1.34581,1.3413,1.34368,10475,1.3427243963691586,BULLISH_ABOVE_EMA200,-0.4524886877828118,-0.6965944272445846,-0.5380745415575189
2023-02-10,12:00:00,1.34365,1.34537,1.33615,1.3376,11292,1.3426734073505602,BEARISH_BELOW_EMA200,-0.11587918660286636,-0.1054126794258307,-0.14129784688994823
2023-02-10,16:00:00,1.33758,1.33814,1.33445,1.33605,14133,1.3426075027998083,BEARISH_BELOW_EMA200,-0.12948617192470413,0.09206242281352228,-0.20657909509373706
2023-02-10,20:00:00,1.33607,1.33651,1.33377,1.33432,6693,1.3425250400853823,BEARISH_BELOW_EMA200,0.14014629174411225,0.15963187241441074,-0.09293123088913513
2023-02-13,00:00:00,1.33438,1.33794,1.33432,1.33619,4541,1.3424620048606521,BEARISH_BELOW_EMA200,0.08157522508026818,-0.035923034897734296,-0.11076269093466691
2023-02-13,04:00:00,1.3362,1.33786,1.33591,1.33728,4911,1.3424104426232328,BEARISH_BELOW_EMA200,-0.062066283799960244,-0.29836683417084964,-0.27294209140942294
2023-02-13,08:00:00,1.33727,1.33735,1.33516,1.33645,7991,1.3423511347364345,BEARISH_BELOW_EMA200,-0.05537057128960776,-0.25216057465673036,-0.22073403419506965
2023-02-13,12:00:00,1.33646,1.33714,1.33249,1.33571,8551,1.3422850537937834,BEARISH_BELOW_EMA200,-0.18117705190496938,-0.07486655037395018,-0.243316288715363
2023-02-13,16:00:00,1.33573,1.33722,1.33261,1.33329,11070,1.3421955507709598,BEARISH_BELOW_EMA200,-0.015750511891639736,0.02550082877693577,0.13950453389734963
2023-02-13,20:00:00,1.33329,1.33423,1.33261,1.33308,6178,1.342104848773239,BEARISH_BELOW_EMA200,0.12227323191406518,0.03150598613735597,0.03675698382691807
2023-02-14,00:00:00,1.33307,1.33533,1.33307,1.33471,3914,1.3420312681884308,BEARISH_BELOW_EMA200,-0.080916453761489,-0.16857594533644651,-0.014984528474348583
2023-02-14,04:00:00,1.33469,1.33523,1.33299,1.33363,4056,1.3419476734800884,BEARISH_BELOW_EMA200,-0.009747831107592475,0.1139746406424545,0.2002054542864175
2023-02-14,08:00:00,1.33362,1.33494,1.33272,1.3335,7418,1.3418636170275502,BEARISH_BELOW_EMA200,-0.07799025121859242,0.005249343832022084,0.4506936632920938
2023-02-14,12:00:00,1.3335,1.33747,1.32734,1.33246,11664,1.341770048698918,BEARISH_BELOW_EMA200,0.20188223286253104,0.15385077225583563,0.730978791108182
2023-02-14,16:00:00,1.33254,1.33903,1.33044,1.33515,17658,1.3417041775675853,BEARISH_BELOW_EMA200,-0.1183387634348303,0.08613264427217798,0.5272815788488137
2023-02-14,20:00:00,1.33514,1.3362,1.33337,1.33357,8154,1.3416232404773607,BEARISH_BELOW_EMA200,0.07048748847080866,0.4454209377835477,0.43042359981103945
2023-02-15,00:00:00,1.33356,1.33469,1.33318,1.33451,4222,1.3415524619651482,BEARISH_BELOW_EMA200,0.13413162883754773,0.576241466905454,0.27500730605239676
2023-02-15,04:00:00,1.33452,1.33671,1.33446,1.3363,5246,1.3415001986620125,BEARISH_BELOW_EMA200,0.24021552046695616,0.4407692883334544,0.1459253161715106
2023-02-15,08:00:00,1.33629,1.34019,1.33599,1.33951,9318,1.3414803956902512,BEARISH_BELOW_EMA200,0.2008197027271227,-0.014930832916512602,-0.10824853864472465
2023-02-15,12:00:00,1.33951,1.34329,1.33905,1.3422,9934,1.3414875559321393,BULLISH_ABOVE_EMA200,-0.000745045447777195,-0.2995082700044803,0.002980181791092237
2023-02-15,16:00:00,1.34224,1.34399,1.33931,1.34219,14099,1.3414945454253517,BULLISH_ABOVE_EMA200,-0.21457468763736834,-0.29355009350390443,0.06109418189675403
2023-02-15,20:00:00,1.34215,1.34296,1.33869,1.33931,6214,1.3414728086549503,BEARISH_BELOW_EMA200,-0.08437180339130414,-0.093331640919576,0.472631429616739
2023-02-16,00:00:00,1.3383,1.34075,1.3377,1.33818,4407,1.341440044389727,BEARISH_BELOW_EMA200,0.005230985368187726,0.30339715135483825,0.7293488170500225
2023-02-16,04:00:00,1.33819,1.33861,1.33706,1.33825,4542,1.3414083026545058,BEARISH_BELOW_EMA200,-0.014197646179705769,0.3556883990285894,0.7763870726695402
2023-02-16,08:00:00,1.33826,1.3395,1.3357,1.33806,7929,1.3413749862101825,BEARISH_BELOW_EMA200,0.3123925683452216,0.5664917866164387,0.9214833415541869
2023-02-16,12:00:00,1.33805,1.34317,1.33714,1.34224,9104,1.3413835933125688,BULLISH_ABOVE_EMA200,0.05736678984383846,0.4246632494933704,0.5572773870544709
2023-02-16,16:00:00,1.34231,1.3479,1.3415,1.34301,12976,1.3413997764636876,BULLISH_ABOVE_EMA200,0.19582877268225185,0.41920760083692776,0.4065494672414963
2023-02-16,20:00:00,1.34307,1.34604,1.34227,1.34564,7732,1.341441967742656,BULLISH_ABOVE_EMA200,0.17092238637376778,0.35299188490235367,0.1345084866680605
2023-02-17,00:00:00,1.34445,1.34825,1.34445,1.34794,4095,1.3415066247800425,BULLISH_ABOVE_EMA200,0.051931094855864876,0.132053355490609,0.057124204341451365
2023-02-17,04:00:00,1.34795,1.34893,1.3477,1.34864,5208,1.3415776036379525,BULLISH_ABOVE_EMA200,0.1297603511685786,-0.012605291256377051,-0.13865820382014757
2023-02-17,08:00:00,1.34864,1.3522,1.34837,1.35039,8338,1.3416652891738934,BULLISH_ABOVE_EMA200,-0.04961529632179951,-0.21771488236731187,-0.28806492939076483
2023-02-17,12:00:00,1.35037,1.3537,1.34892,1.34972,9787,1.3417454355502727,BULLISH_ABOVE_EMA200,-0.09261180096612434,-0.07483033518062675,-0.3215481729543913
2023-02-17,16:00:00,1.34975,1.35225,1.34683,1.34847,14739,1.3418123466393248,BULLISH_ABOVE_EMA200,-0.0756412823422116,-0.12606880390368602,-0.2506544454085119
2023-02-17,20:00:00,1.34846,1.34909,1.34664,1.34745,7217,1.341868442692665,BULLISH_ABOVE_EMA200,0.09350996326394588,-0.07050354373075116,-0.16846636238821436
2023-02-20,00:00:00,1.34752,1.34943,1.34667,1.34871,3929,1.341936517889753,BULLISH_ABOVE_EMA200,-0.143841151915538,-0.2469025958137817,-0.11640753015845298
2023-02-20,04:00:00,1.34871,1.3489,1.34671,1.34677,4580,1.3419846122391088,BULLISH_ABOVE_EMA200,-0.020047966616422438,-0.12474290339108576,-0.000742517282094605
2023-02-20,08:00:00,1.34679,1.34737,1.34558,1.3465,6628,1.3420295414705605,BULLISH_ABOVE_EMA200,-0.08317861121425991,-0.09803193464537599,-0.08317861121425991
2023-02-20,12:00:00,1.34649,1.34705,1.34499,1.34538,7341,1.342062879366376,BULLISH_ABOVE_EMA200,-0.021555248331335645,0.1308180588383939,0.3151525962924989
2023-02-20,16:00:00,1.34537,1.34588,1.34411,1.34509,6063,1.3420929999696958,BULLISH_ABOVE_EMA200,0.00669100208909036,0.1241552609862582,0.5055423800637979
2023-02-20,20:00:00,1.34507,1.34548,1.34494,1.34518,2185,1.3421237163879078,BULLISH_ABOVE_EMA200,0.14570540745476157,0.014867898719872282,0.6251951411707005
2023-02-21,00:00:00,1.34477,1.34806,1.34433,1.34714,3916,1.34217362965768,BULLISH_ABOVE_EMA200,-0.028207907121757723,0.18409370963671465,0.5114538949181275
2023-02-21,04:00:00,1.34714,1.34778,1.34628,1.34676,4478,1.3422192651834743,BULLISH_ABOVE_EMA200,-0.10246814577207053,0.3809141940657637,0.5576346193828245
2023-02-21,08:00:00,1.34676,1.34915,1.34412,1.34538,8937,1.3422507152811514,BULLISH_ABOVE_EMA200,0.3151525962924989,0.6102365131041082,0.7328784432650983
2023-02-21,12:00:00,1.34532,1.35007,1.34443,1.34962,9921,1.3423240414972595,BULLISH_ABOVE_EMA200,0.16819549206443252,0.3267586431736359,0.26451890161674035
2023-02-21,16:00:00,1.34965,1.35305,1.34876,1.35189,13252,1.3424192251639535,BULLISH_ABOVE_EMA200,0.12574987609938934,0.17604982653914508,0.08432638750193572
2023-02-21,20:00:00,1.35189,1.35491,1.35154,1.35359,7215,1.342530377152372,BULLISH_ABOVE_EMA200,0.032506150311393846,0.1218980636677228,0.10933886922922936
2023-02-22,00:00:00,1.35308,1.35439,1.35269,1.35403,4261,1.3426448012603087,BULLISH_ABOVE_EMA200,0.017724865771069916,-0.0620370301987529,-0.10191797818365611
2023-02-22,04:00:00,1.35398,1.35467,1.353,1.35427,4453,1.3427604748796094,BULLISH_ABOVE_EMA200,0.07162530366912916,-0.09156224386570845,-0.12183685675678788
2023-02-22,08:00:00,1.35427,1.35605,1.35293,1.35524,7791,1.3428846492589168,BULLISH_ABOVE_EMA200,-0.1512647206398946,-0.012543903662820126,-0.08854520232579394
2023-02-22,12:00:00,1.35522,1.35592,1.35142,1.35319,8717,1.342987190062311,BULLISH_ABOVE_EMA200,-0.011823912384804645,-0.03990570429873004,0.10715420598734644
2023-02-22,16:00:00,1.35317,1.35584,1.35238,1.35303,12141,1.3430871185194024,BULLISH_ABOVE_EMA200,0.15077271013946783,-0.03030235841038421,0.24685335875776004
2023-02-22,20:00:00,1.35297,1.3568,1.35222,1.35507,9472,1.3432063511709507,BULLISH_ABOVE_EMA200,-0.17858856000059692,-0.0760108333886874,-0.015497354380219729
2023-02-23,00:00:00,1.3545,1.35532,1.35245,1.35265,3463,1.3433003178259662,BULLISH_ABOVE_EMA200,-0.0022178686282463677,0.14711861900714585,0.08206113924519769
2023-02-23,04:00:00,1.35264,1.35312,1.35176,1.35262,4014,1.3433930509819267,BULLISH_ABOVE_EMA200,0.10498144342091474,0.27723972734398,0.13307506912510714
2023-02-23,08:00:00,1.35257,1.35439,1.35192,1.35404,7605,1.3434989907731514,BULLISH_ABOVE_EMA200,0.04431183716878054,0.06055951079732083,0.20678857345426543
2023-02-23,12:00:00,1.35405,1.35518,1.35222,1.35464,9248,1.343609846586354,BULLISH_ABOVE_EMA200,0.12770920687415174,-0.06496190869898953,0.5890863993385606
2023-02-23,16:00:00,1.3547,1.35811,1.3516,1.35637,18675,1.3437368132869874,BULLISH_ABOVE_EMA200,-0.11132655543842185,-0.14376608152643588,0.38485074131689745
2023-02-23,20:00:00,1.35639,1.3568,1.35344,1.35486,9961,1.3438474917617438,BULLISH_ABOVE_EMA200,-0.08118920036017588,0.14614056064833952,0.4243980927918858
2023-02-24,00:00:00,1.3539,1.35471,1.35271,1.35376,5547,1.3439461236845125,BULLISH_ABOVE_EMA200,0.04875310247014854,0.6544734664933125,0.415140054367093
2023-02-24,04:00:00,1.35381,1.35461,1.35271,1.35442,5619,1.3440503413592935,BULLISH_ABOVE_EMA200,0.17867426647569357,0.5293778886903708,0.5662940594498063
2023-02-24,08:00:00,1.35441,1.35783,1.35418,1.35684,8487,1.3441776016442757,BULLISH_ABOVE_EMA200,0.4259897998290068,0.27785147843519137,0.20709884732171657
2023-02-24,12:00:00,1.35683,1.36279,1.35632,1.36262,10781,1.3443611080955764,BULLISH_ABOVE_EMA200,-0.07558967283614393,-0.23777722329041917,-0.43005386681539803
2023-02-24,16:00:00,1.36262,1.36651,1.36069,1.36159,18998,1.3445325398558194,BULLISH_ABOVE_EMA200,-0.0719746766647802,0.036721773808558004,-0.3349025771340946
2023-02-24,20:00:00,1.36159,1.36286,1.35966,1.36061,10813,1.3446925145836224,BULLISH_ABOVE_EMA200,-0.09040062912958631,-0.070556588588947,-0.23224877077193695
2023-02-27,00:00:00,1.36086,1.36086,1.3592,1.35938,5048,1.3448386587171186,BULLISH_ABOVE_EMA200,0.19935558857714472,-0.19273492327385033,-0.11255131015610288
2023-02-27,04:00:00,1.35943,1.36221,1.35922,1.36209,5746,1.3450103138542617,BULLISH_ABOVE_EMA200,-0.17913647409495684,-0.371487933983809,-0.2319964172705219
2023-02-27,08:00:00,1.36209,1.3624,1.35866,1.35965,9341,1.345155982373125,BULLISH_ABOVE_EMA200,-0.21255470157761622,-0.16180634722170997,-0.057367704924061555
2023-02-27,12:00:00,1.35963,1.36081,1.35577,1.35676,9944,1.345271445235084,BULLISH_ABOVE_EMA200,0.01990035083581418,0.08033845337421765,0.1400395058816602
2023-02-27,16:00:00,1.35678,1.35882,1.35338,1.35703,14042,1.3453884457800085,BULLISH_ABOVE_EMA200,0.030949942153090722,0.14001164307347758,0.3382386535301426
2023-02-27,20:00:00,1.35702,1.35825,1.35652,1.35745,8621,1.345508461244884,BULLISH_ABOVE_EMA200,0.029467015359678512,0.10460790452686852,0.5200928210983715
2023-02-28,00:00:00,1.35693,1.35804,1.35632,1.35785,4235,1.345631262625532,BULLISH_ABOVE_EMA200,0.07953750414257613,0.05965312810693209,0.4028427293147318
2023-02-28,04:00:00,1.35787,1.35921,1.35711,1.35893,4975,1.3457635883705517,BULLISH_ABOVE_EMA200,-0.0044152384596667215,0.19794985760856568,0.22149779606013242
2023-02-28,08:00:00,1.35897,1.36057,1.35763,1.35887,9181,1.345894000426566,BULLISH_ABOVE_EMA200,-0.01545401694054939,0.41505074068894504,0.11259355199541025
2023-02-28,12:00:00,1.35883,1.35911,1.35605,1.35866,9074,1.3460210252979437,BULLISH_ABOVE_EMA200,0.21786171669145143,0.342984999926406,0.32752859435032056
2023-02-28,16:00:00,1.35868,1.36192,1.35749,1.36162,16517,1.3461762389765712,BULLISH_ABOVE_EMA200,0.21224717615780006,0.02350141742922959,-0.12411686079816463
2023-02-28,20:00:00,1.36162,1.3648,1.36111,1.36451,8372,1.3463586644593915,BULLISH_ABOVE_EMA200,-0.08721079361820745,-0.3012070266982167,-0.4023422327428891
2023-03-01,00:00:00,1.36401,1.36588,1.36305,1.36332,5194,1.3465274339672584,BULLISH_ABOVE_EMA200,-0.10122348384826445,-0.015403573629085135,-0.17530733796908388
2023-03-01,04:00:00,1.36333,1.36374,1.36141,1.36194,6049,1.346680792833256,BULLISH_ABOVE_EMA200,-0.11307399738607242,-0.14758359399091336,-0.02716712924210916
2023-03-01,08:00:00,1.36192,1.36204,1.35899,1.3604,10858,1.3468173023573033,BULLISH_ABOVE_EMA200,0.19920611584827919,-0.10144075271979998,0.04704498676859555
2023-03-01,12:00:00,1.36042,1.36311,1.35841,1.36311,11366,1.346979418751758,BULLISH_ABOVE_EMA200,-0.23329004995928138,-0.15992839902869693,-0.00440169905583181
2023-03-01,16:00:00,1.36309,1.36531,1.35936,1.35993,17140,1.3471082802567158,BULLISH_ABOVE_EMA200,-0.06691520887105869,0.12059444236099386,0.1845683233695861
2023-03-01,20:00:00,1.35994,1.36171,1.35897,1.35902,7302,1.3472268048312759,BULLISH_ABOVE_EMA200,0.14054244970641186,0.14863651749055443,0.03973451457669549
2023-03-02,00:00:00,1.35911,1.36262,1.35822,1.36093,4966,1.3473631550319598,BULLISH_ABOVE_EMA200,0.04702666558897033,0.15577582976347953,-0.18884145400571384
2023-03-02,04:00:00,1.36091,1.36215,1.35989,1.36157,6480,1.347504516673433,BULLISH_ABOVE_EMA200,-0.03892565200466516,0.0638968249888106,-0.2225372180644305
2023-03-02,08:00:00,1.36156,1.36335,1.35969,1.36104,9646,1.3476391980995681,BULLISH_ABOVE_EMA200,0.14768118497619961,-0.10874037500734188,-0.355610415564565
2023-03-02,12:00:00,1.36112,1.36412,1.36006,1.36305,11832,1.3477925394120103,BULLISH_ABOVE_EMA200,-0.0447525769414181,-0.3440812882873029,-0.1159165107663062
2023-03-02,16:00:00,1.36304,1.36315,1.35965,1.36244,15099,1.3479382852885078,BULLISH_ABOVE_EMA200,-0.21138545550629706,-0.28625113766477894,-0.1981738645371647
2023-03-02,20:00:00,1.3624,1.36316,1.35887,1.35956,10433,1.3480539242408611,BULLISH_ABOVE_EMA200,-0.08826385006914662,-0.2471387801935942,-0.0007355320839143187
2023-03-03,00:00:00,1.35913,1.36011,1.3576,1.35836,4612,1.348156472258365,BULLISH_ABOVE_EMA200,0.013251273594633897,0.22895256044052725,0.14944491887275657
2023-03-03,04:00:00,1.35836,1.35908,1.35796,1.35854,6030,1.3482597909423615,BULLISH_ABOVE_EMA200,-0.17224373224196626,0.08833011909843418,0.07655276988531289
2023-03-03,08:00:00,1.35854,1.35859,1.35549,1.3562,9465,1.3483387979976615,BULLISH_ABOVE_EMA200,0.38858575431351466,0.24701371479132606,0.27724524406429624
2023-03-03,12:00:00,1.35628,1.36186,1.3561,1.36147,9781,1.348469456724053,BULLISH_ABOVE_EMA200,-0.1270685362145335,-0.07932602260791423,0.015424504395986947
2023-03-03,16:00:00,1.36145,1.36442,1.35959,1.35974,15126,1.3485816014332663,BULLISH_ABOVE_EMA200,-0.013973259593739426,-0.011766955447360377,0.08089781870064136
2023-03-03,20:00:00,1.35972,1.36105,1.35829,1.35955,8357,1.3486907397274628,BULLISH_ABOVE_EMA200,0.06178514949799212,0.03015703725497565,0.12430583649001281
2023-03-06,00:00:00,1.35984,1.36139,1.35914,1.36039,4300,1.3488071502774384,BULLISH_ABOVE_EMA200,-0.059541749057253984,0.0948257484985933,0.011761333147107667
2023-03-06,04:00:00,1.36037,1.36098,1.35835,1.35958,5438,1.3489143428119914,BULLISH_ABOVE_EMA200,0.02794980802895357,0.09267567925389009,0.11474131717147985
2023-03-06,08:00:00,1.35958,1.36027,1.35817,1.35996,8404,1.349024249848688,BULLISH_ABOVE_EMA200,0.1264743080678802,0.0941204153063287,0.233830406776667
2023-03-06,12:00:00,1.35997,1.36284,1.3597,1.36168,8973,1.34915017771089,BULLISH_ABOVE_EMA200,-0.06168850243816108,-0.0829857235180127,0.23500381881206242
2023-03-06,16:00:00,1.36173,1.36278,1.35967,1.36084,12177,1.3492664943505828,BULLISH_ABOVE_EMA200,0.02939360982921989,0.022045207371914916,0.9310425913406395
2023-03-06,20:00:00,1.36087,1.36239,1.36075,1.36124,7310,1.3493856337102785,BULLISH_ABOVE_EMA200,-0.05068907760571828,0.1395786194939917,1.0314125356292831
2023-03-07,00:00:00,1.36112,1.36181,1.36041,1.36055,3775,1.349496721932067,BULLISH_ABOVE_EMA200,0.04336481569953993,0.31825364742201073,1.096615339384811
2023-03-07,04:00:00,1.36054,1.36185,1.35995,1.36114,5709,1.3496125754451809,BULLISH_ABOVE_EMA200,0.1469356568758542,0.9087970377771568,1.10936420941269
2023-03-07,08:00:00,1.36113,1.36339,1.36052,1.36314,9032,1.3497471766845324,BULLISH_ABOVE_EMA200,0.1276464633126513,0.8905908417330605,0.9338732632011317
2023-03-07,12:00:00,1.36312,1.36526,1.36236,1.36488,8375,1.3498977520409055,BULLISH_ABOVE_EMA200,0.6322900181700893,0.7758923861438277,0.8432975792743618
2023-03-07,16:00:00,1.36491,1.37434,1.3645,1.37351,21939,1.3501326997817922,BULLISH_ABOVE_EMA200,0.12886691760526311,0.1987608390182743,0.43902119387554367
2023-03-07,20:00:00,1.37355,1.3761,1.37317,1.37528,9584,1.3503829216745107,BULLISH_ABOVE_EMA200,0.013815368506770434,0.04290035483682366,0.36283520446745754
2023-03-08,00:00:00,1.37437,1.37563,1.37437,1.37547,4824,1.3506325443444163,BULLISH_ABOVE_EMA200,0.05598086472259936,0.06688622798025634,0.41731190065941665
2023-03-08,04:00:00,1.37547,1.37733,1.3752,1.37624,6098,1.350887344898203,BULLISH_ABOVE_EMA200,-0.026884845666452183,0.23978375864675355,0.2630355170609907
2023-03-08,08:00:00,1.37625,1.37668,1.37519,1.37587,8396,1.351135928531057,BULLISH_ABOVE_EMA200,0.03779426835384709,0.3197976553017496,0.34087522803753867
2023-03-08,12:00:00,1.37584,1.37703,1.37449,1.37639,9607,1.3513872128242803,BULLISH_ABOVE_EMA200,0.22885955288835186,0.35019144283234016,0.1206053516808459
2023-03-08,16:00:00,1.3764,1.37959,1.37454,1.37954,20255,1.3516673400598598,BULLISH_ABOVE_EMA200,0.052916189454464496,0.023196137843056235,-0.007248793075952056
2023-03-08,20:00:00,1.37953,1.38146,1.37899,1.38027,8594,1.3519519436413536,BULLISH_ABOVE_EMA200,0.06810261760379786,0.021010382026697777,0.17822599926100738
2023-03-09,00:00:00,1.37956,1.38167,1.37956,1.38121,4708,1.3522430685802456,BULLISH_ABOVE_EMA200,-0.09774038705193,-0.22878490598823145,0.16145263935244852
2023-03-09,04:00:00,1.38121,1.38138,1.37945,1.37986,4642,1.3525178639177555,BULLISH_ABOVE_EMA200,0.05072978418099828,-0.030437870508608626,0.30365399388343134
2023-03-09,08:00:00,1.37987,1.3807,1.37895,1.38056,7696,1.3527968901474297,BULLISH_ABOVE_EMA200,-0.1818102798864238,0.15718259257113093,0.21802746711479087
2023-03-09,12:00:00,1.38056,1.38142,1.37805,1.37805,9999,1.353048164872331,BULLISH_ABOVE_EMA200,0.10086716737418833,0.39113239722796744,0.03265483835855458
2023-03-09,16:00:00,1.37808,1.37979,1.37524,1.37944,14828,1.3533107701969844,BULLISH_ABOVE_EMA200,0.2385025807574099,0.33419358580293473,0.021023023835752296
2023-03-09,20:00:00,1.37947,1.3837,1.37893,1.38273,11600,1.3536034988517407,BULLISH_ABOVE_EMA200,0.05134769622413547,0.060749387082073274,-0.0021696209672151822
2023-03-10,00:00:00,1.38237,1.38359,1.38226,1.38344,5033,1.3539003794601812,BULLISH_ABOVE_EMA200,0.04409298560111023,-0.3570808997860366,-0.5269473197247455
2023-03-10,04:00:00,1.38342,1.38479,1.38309,1.38405,7986,1.354200375684458,BULLISH_ABOVE_EMA200,-0.03468082800477121,-0.31212745204292486,-0.8207795961128599
2023-03-10,08:00:00,1.38407,1.38612,1.38267,1.38357,10491,1.3544926107522746,BULLISH_ABOVE_EMA200,-0.3664433313818533,-0.06288080834362746,-0.7018076425478932
2023-03-10,12:00:00,1.38355,1.3844,1.37664,1.3785,16216,1.354731490247277,BULLISH_ABOVE_EMA200,0.08922742110989063,-0.1704751541530703,-0.12259702575262744
2023-03-10,16:00:00,1.37853,1.38119,1.37612,1.37973,30938,1.3549802316378512,BULLISH_ABOVE_EMA200,0.21525950729491564,-0.510244758032364,-0.5305385836359283
2023-03-10,20:00:00,1.37976,1.3847,1.37907,1.3827,14863,1.3552560502285196,BULLISH_ABOVE_EMA200,-0.4737108555724348,-0.6393288493527127,-0.7022492225356265
2023-03-13,00:00:00,1.37905,1.38161,1.37566,1.37615,8606,1.3554639502262458,BULLISH_ABOVE_EMA200,-0.2514260800058147,0.04795988809360208,-0.14315299930967026
2023-03-13,04:00:00,1.37614,1.37865,1.3711,1.37269,11469,1.3556353537065817,BULLISH_ABOVE_EMA200,0.08523410238292078,-0.02039790484377813,0.02549738105472266
2023-03-13,08:00:00,1.37268,1.37518,1.37152,1.37386,12235,1.3558166934706952,BULLISH_ABOVE_EMA200,0.21472347983055098,-0.06332522964495278,-0.1069978018138735
2023-03-13,12:00:00,1.37387,1.38015,1.37364,1.37681,25674,1.3560255820928775,BULLISH_ABOVE_EMA200,-0.31957931740764384,-0.19102127381411613,-0.7611798287345418
2023-03-13,16:00:00,1.37677,1.37906,1.36768,1.37241,27749,1.3561886111267794,BULLISH_ABOVE_EMA200,0.042261423335593955,0.04590464948522165,-0.29582996334914147
2023-03-13,20:00:00,1.37239,1.37402,1.37083,1.37299,14521,1.3563557891255178,BULLISH_ABOVE_EMA200,0.0866721534752638,-0.04370024544970713,-0.3226534789037017
2023-03-14,00:00:00,1.37189,1.37476,1.37189,1.37418,6106,1.356533144457602,BULLISH_ABOVE_EMA200,-0.0829585643802063,-0.5712497634953145,-0.3580316989040763
2023-03-14,04:00:00,1.37418,1.37483,1.37241,1.37304,8136,1.356697391776432,BULLISH_ABOVE_EMA200,-0.04734020858824502,-0.34157781273670706,-0.3852764668181565
2023-03-14,08:00:00,1.37305,1.37366,1.37021,1.37239,14180,1.3568535371318904,BULLISH_ABOVE_EMA200,-0.44156544422503474,-0.27907518999701253,-0.22151137796107023
2023-03-14,12:00:00,1.3724,1.37499,1.36605,1.36633,18334,1.3569478302947573,BULLISH_ABOVE_EMA200,0.14784129749035085,0.21444307012214303,0.687242467046761
2023-03-14,16:00:00,1.36627,1.36879,1.36512,1.36835,19099,1.357061284719685,BULLISH_ABOVE_EMA200,0.015346950707059121,-0.04384843059158358,0.8703913472430362
2023-03-14,20:00:00,1.36835,1.36986,1.36685,1.36856,13922,1.357175699797101,BULLISH_ABOVE_EMA200,0.05114865259834592,0.057724907932430326,0.5977085403635994
2023-03-15,00:00:00,1.36793,1.36955,1.36792,1.36926,3866,1.3572959415901646,BULLISH_ABOVE_EMA200,-0.11027854461533239,0.4717876809371582,0.37392460160962954
2023-03-15,04:00:00,1.36927,1.3693,1.366,1.36775,7021,1.3573999620718546,BULLISH_ABOVE_EMA200,0.11698044233230093,0.9146408334856532,0.5461524401389207
2023-03-15,08:00:00,1.36775,1.37042,1.36765,1.36935,10913,1.357518867921886,BULLISH_ABOVE_EMA200,0.465184211487201,0.5396721072041485,0.3505312739620926
2023-03-15,12:00:00,1.36933,1.37819,1.3687,1.37572,18976,1.3576999737137079,BULLISH_ABOVE_EMA200,0.33000901346204087,-0.0974035414183205,-0.1097607071206439
2023-03-15,16:00:00,1.37579,1.38139,1.37474,1.38026,21264,1.3579244515872033,BULLISH_ABOVE_EMA200,-0.2550244156897952,-0.3651485951922053,-0.4962833089417952
2023-03-15,20:00:00,1.38027,1.38027,1.37397,1.37674,14755,1.3581116709743954,BULLISH_ABOVE_EMA200,-0.1714194401266862,-0.18812557200343508,-0.34356523381321985
2023-03-16,00:00:00,1.37672,1.37697,1.37394,1.37438,5573,1.3582735448950485,BULLISH_ABOVE_EMA200,0.061118467963749035,-0.01236921375456595,-0.0989537100365276
2023-03-16,04:00:00,1.37438,1.37609,1.37402,1.37522,9612,1.358442166338879,BULLISH_ABOVE_EMA200,-0.07780573290092686,-0.1316153051875401,-0.4908305580198101
2023-03-16,08:00:00,1.37521,1.37663,1.37214,1.37415,10892,1.3585984631912287,BULLISH_ABOVE_EMA200,0.004366335552883527,-0.15573263471964713,-0.31655932758433036
2023-03-16,12:00:00,1.37416,1.37686,1.37261,1.37421,14273,1.3587538018659429,BULLISH_ABOVE_EMA200,-0.0582152654979888,-0.08659520742826965,-0.12880127491430185
2023-03-16,16:00:00,1.37423,1.37874,1.37277,1.37341,20987,1.3588996346831974,BULLISH_ABOVE_EMA200,-0.10193605696769847,-0.3596886581574289,0.02038721139354293
2023-03-16,20:00:00,1.37338,1.37424,1.37137,1.37201,11361,1.3590300860793847,BULLISH_ABOVE_EMA200,0.07361462380011483,-0.1610775431665983,0.11005750686949238
2023-03-17,00:00:00,1.37133,1.37362,1.37133,1.37302,4289,1.359169289202973,BULLISH_ABOVE_EMA200,-0.33138628716259283,-0.0422426475943397,-0.2840453889965197
2023-03-17,04:00:00,1.37302,1.37313,1.36844,1.36847,7161,1.359261833589013,BULLISH_ABOVE_EMA200,0.0971888313225596,0.3814478943637787,0.26379825644697297
2023-03-17,08:00:00,1.36847,1.37109,1.36773,1.3698,9269,1.3593666909662367,BULLISH_ABOVE_EMA200,0.19272886552782872,0.27157249233465963,0.13140604467805692
2023-03-17,12:00:00,1.36981,1.37289,1.36902,1.37244,11427,1.3594967736431898,BULLISH_ABOVE_EMA200,0.091078662819502,-0.24190492844861788,-0.2943662382326399
2023-03-17,16:00:00,1.37242,1.37729,1.37205,1.37369,18857,1.3596379997760935,BULLISH_ABOVE_EMA200,-0.012375426770232255,-0.11720257117691119,-0.45716282421798676
2023-03-17,20:00:00,1.37365,1.37401,1.37138,1.37352,11039,1.3597761291315553,BULLISH_ABOVE_EMA200,-0.32034480750190614,-0.13978682509174556,-0.5234725377133227
2023-03-20,00:00:00,1.37199,1.37244,1.36859,1.36912,5233,1.3598691029710424,BULLISH_ABOVE_EMA200,0.21619726539675663,-0.052588524015413696,-0.10371625569708842
2023-03-20,04:00:00,1.36914,1.37256,1.3689,1.37208,8330,1.359990604434017,BULLISH_ABOVE_EMA200,-0.03498338289312839,-0.3403591627310326,-0.23540901405166362
2023-03-20,08:00:00,1.37208,1.37466,1.37058,1.3716,13172,1.360106120807808,BULLISH_ABOVE_EMA200,-0.23330417031203485,-0.3842228054826397,-0.28506853310001884
2023-03-20,12:00:00,1.37155,1.37398,1.36776,1.3684,15187,1.3601886469689244,BULLISH_ABOVE_EMA200,-0.07234726688103232,-0.05115463314821287,-0.11400175387313694
2023-03-20,16:00:00,1.36846,1.36966,1.36514,1.36741,15507,1.36026050122794,BULLISH_ABOVE_EMA200,-0.07898143205037039,0.10530857606715512,0.41026466092831654
2023-03-20,20:00:00,1.36739,1.36774,1.36548,1.36633,8519,1.3603208942505476,BULLISH_ABOVE_EMA200,0.10026860275335178,0.09953671514202483,0.3571611543331403
2023-03-21,00:00:00,1.36564,1.3677,1.36564,1.3677,4151,1.360394318188353,BULLISH_ABOVE_EMA200,0.08408276668860017,-0.06287928639320473,0.24420560064342478
2023-03-21,04:00:00,1.36768,1.36903,1.36721,1.36885,5354,1.3604784543257826,BULLISH_ABOVE_EMA200,-0.0847426672023836,0.3046352777879247,0.0730540234503497
2023-03-21,08:00:00,1.36884,1.36987,1.36672,1.36769,8604,1.360550210999158,BULLISH_ABOVE_EMA200,-0.062148586302452846,0.2573682632760324,0.23250882875505124
2023-03-21,12:00:00,1.36769,1.36806,1.36532,1.36684,10041,1.3606127959643406,BULLISH_ABOVE_EMA200,0.45213777764770213,0.3072781013139783,0.25679669895524726
2023-03-21,16:00:00,1.36684,1.37371,1.36439,1.37302,14287,1.3607362507308647,BULLISH_ABOVE_EMA200,-0.13182619335478488,-0.23087791874844468,0.011653144163971393
2023-03-21,20:00:00,1.37301,1.37336,1.37105,1.37121,7182,1.3608404671415029,BULLISH_ABOVE_EMA200,-0.012397809234180284,-0.024795618468360568,0.1305416384069514
2023-03-22,00:00:00,1.37074,1.37182,1.37064,1.37104,3078,1.3609419550306423,BULLISH_ABOVE_EMA200,-0.08679542537052343,-0.050326759248459516,-0.033551172832311744
2023-03-22,04:00:00,1.37105,1.37117,1.36974,1.36985,5614,1.3610305922940191,BULLISH_ABOVE_EMA200,0.07446070737672161,0.24309230937694312,-0.23287221228601862
2023-03-22,08:00:00,1.36983,1.37189,1.36977,1.37087,7466,1.3611284968483075,BULLISH_ABOVE_EMA200,-0.03793211610145936,0.15537578326172174,-0.29178550847272194
2023-03-22,12:00:00,1.37084,1.37146,1.36935,1.37035,8795,1.361220253098573,BULLISH_ABOVE_EMA200,0.2065165833546255,0.016784033276166854,-0.20067865873682125
2023-03-22,16:00:00,1.37033,1.37354,1.37004,1.37318,11656,1.3613392555553039,BULLISH_ABOVE_EMA200,-0.013108259660064157,-0.47481029435325894,-0.49592915713890257
2023-03-22,20:00:00,1.37322,1.37445,1.36565,1.373,17535,1.3614552828632114,BULLISH_ABOVE_EMA200,-0.17625637290605162,-0.44646758922068236,-0.11580480699198692
2023-03-23,00:00:00,1.37324,1.37346,1.3704,1.37058,5054,1.3615460760685527,BULLISH_ABOVE_EMA200,-0.28601030220781887,-0.21742619912737549,0.07150257555195472
2023-03-23,04:00:00,1.37055,1.37149,1.36627,1.36666,7561,1.361596960883791,BULLISH_ABOVE_EMA200,0.015365928614289107,-0.021219615705435253,0.38048966092518205
2023-03-23,08:00:00,1.36668,1.36793,1.36604,1.36687,9295,1.3616494289346985,BULLISH_ABOVE_EMA200,0.05340668827320062,0.33214570515118397,0.6050319342731935
2023-03-23,12:00:00,1.36693,1.36857,1.36395,1.3676,11051,1.3617086385970398,BULLISH_ABOVE_EMA200,-0.08993857853172291,0.2895583503948496,0.8825680023398674
2023-03-23,16:00:00,1.36763,1.36824,1.36305,1.36637,13307,1.3617550203025421,BULLISH_ABOVE_EMA200,0.3688605575356553,0.401794535887058,0.6015940045521998
2023-03-23,20:00:00,1.3664,1.3733,1.36638,1.37141,14327,1.3618510897522682,BULLISH_ABOVE_EMA200,0.010937648113975577,0.27198284976775805,0.19177343026519497
2023-03-24,00:00:00,1.37144,1.37268,1.37064,1.37156,5064,1.361947695824385,BULLISH_ABOVE_EMA200,0.02187290384672847,0.5912975006561917,0.12686284231095066
2023-03-24,04:00:00,1.37153,1.37364,1.37132,1.37186,7089,1.3620463257166797,BULLISH_ABOVE_EMA200,0.23909145248057012,0.1989998979487629,0.08965929468020369
2023-03-24,08:00:00,1.37189,1.37603,1.37092,1.37514,8977,1.3621766110329319,BULLISH_ABOVE_EMA200,0.32942100440681843,-0.07999185537473281,-0.1977980423811434
2023-03-24,12:00:00,1.37512,1.38041,1.37407,1.37967,14524,1.3623506746047436,BULLISH_ABOVE_EMA200,-0.36820399080939453,-0.46170461052280526,-0.6059420006233319
2023-03-24,16:00:00,1.37972,1.38,1.37398,1.37459,17619,1.3624724589370347,BULLISH_ABOVE_EMA200,-0.04001193083028761,-0.10912344771896033,-0.5761718039560835
2023-03-24,20:00:00,1.37458,1.37528,1.37304,1.37404,8747,1.3625875588481091,BULLISH_ABOVE_EMA200,-0.05385578294663641,-0.11790049780209856,-0.589502489010509
2023-03-27,00:00:00,1.373,1.37385,1.3726,1.3733,4587,1.3626941503023569,BULLISH_ABOVE_EMA200,-0.015291633292073364,-0.14490642976770818,-0.6488021553921193
2023-03-27,04:00:00,1.37337,1.37437,1.37234,1.37309,5660,1.3627975915928807,BULLISH_ABOVE_EMA200,-0.04879505349248399,-0.46755857227129105,-0.6663802081436754
2023-03-27,08:00:00,1.37308,1.37445,1.37172,1.37242,9543,1.3628933369501657,BULLISH_ABOVE_EMA200,-0.08087903120035736,-0.47215866862913985,-0.3133151659113078
2023-03-27,12:00:00,1.37245,1.37342,1.36996,1.37131,9290,1.3629770848412088,BULLISH_ABOVE_EMA200,-0.3383625875987178,-0.5046269625394723,-0.40399326191744395
2023-03-27,16:00:00,1.37128,1.37159,1.3665,1.36667,13223,1.3630138302656745,BULLISH_ABOVE_EMA200,-0.05341450386707248,-0.19975561035217873,-0.4587793688308075
2023-03-27,20:00:00,1.36669,1.36688,1.36495,1.36594,7882,1.363042946382434,BULLISH_ABOVE_EMA200,-0.11347496961798763,0.1595970540433746,-0.4553640716283214
2023-03-28,00:00:00,1.36601,1.36648,1.36407,1.36439,3618,1.3630563499010169,BULLISH_ABOVE_EMA200,-0.03298177207397163,0.10114410102682787,-0.38552026913126325
2023-03-28,04:00:00,1.36434,1.36491,1.36344,1.36394,5498,1.3630651424393152,BULLISH_ABOVE_EMA200,0.3064650937724587,-0.25954220860154237,-0.28373682126780064
2023-03-28,08:00:00,1.36399,1.36827,1.36313,1.36812,8803,1.3631154395294713,BULLISH_ABOVE_EMA200,-0.17176855831360366,-0.6139812297166888,-0.5460047364266357
2023-03-28,12:00:00,1.36818,1.36949,1.36454,1.36577,9092,1.3631418530664916,BULLISH_ABOVE_EMA200,-0.39318479685451246,-0.4861726352167627,-0.5183888941769095
2023-03-28,16:00:00,1.3658,1.36672,1.36035,1.3604,12426,1.3631145709464272,BEARISH_BELOW_EMA200,-0.049985298441635836,-0.02425757130257009,-0.21978829755954485
2023-03-28,20:00:00,1.36042,1.36183,1.35916,1.35972,7008,1.3630807941210896,BEARISH_BELOW_EMA200,-0.043391286441332805,0.06839643456004732,-0.29123643102991525
2023-03-29,00:00:00,1.35964,1.36014,1.35891,1.35913,3714,1.3630414827368003,BEARISH_BELOW_EMA200,0.06916189032689594,-0.03237365079131473,-0.1633397835379904
2023-03-29,04:00:00,1.35912,1.36054,1.35871,1.36007,4728,1.3630119157443943,BEARISH_BELOW_EMA200,0.04264486386730278,-0.19557816877071657,-0.2470461079209017
2023-03-29,08:00:00,1.36003,1.36166,1.35991,1.36065,7860,1.3629884140951964,BEARISH_BELOW_EMA200,-0.1440488002057812,-0.3593870576562554,-0.5240142578914386
2023-03-29,12:00:00,1.36067,1.36071,1.35713,1.35869,9214,1.3629456438056922,BEARISH_BELOW_EMA200,-0.0942083919069065,-0.1310085449955393,-0.33782540535367683
2023-03-29,16:00:00,1.35866,1.36047,1.35593,1.35741,12776,1.3628905627727999,BEARISH_BELOW_EMA200,-0.12155502022232996,-0.0515687964579547,-0.33888066243802073
2023-03-29,20:00:00,1.35743,1.35772,1.35561,1.35576,6827,1.3628196118994387,BEARISH_BELOW_EMA200,0.08482327255561341,-0.16522098306485067,-0.25742019236442976
2023-03-30,00:00:00,1.35576,1.35712,1.3556,1.35691,3142,1.3627608097909865,BEARISH_BELOW_EMA200,-0.014739371071034775,-0.20708816354805987,-0.36848427677591844
2023-03-30,04:00:00,1.35689,1.35809,1.35664,1.35671,4820,1.3627006027283897,BEARISH_BELOW_EMA200,-0.2351276249161594,-0.2874601056968707,-0.30220164957875983
2023-03-30,08:00:00,1.35666,1.35683,1.3533,1.35352,8949,1.3626092534475103,BEARISH_BELOW_EMA200,0.042851232342338855,-0.0923517938412416,0.1499793131981778
2023-03-30,12:00:00,1.35355,1.35564,1.35301,1.3541,8984,1.362524584258978,BEARISH_BELOW_EMA200,-0.09526622849124979,-0.16173103906654873,0.03323240528763307
2023-03-30,16:00:00,1.35407,1.35458,1.35239,1.35281,11591,1.3624279217290378,BEARISH_BELOW_EMA200,-0.039916913683369054,-0.014784042104950285,-0.04435212631486727
2023-03-30,20:00:00,1.35282,1.35411,1.35157,1.35227,6236,1.3623268478809878,BEARISH_BELOW_EMA200,-0.026621902430737792,0.2425551110355143,-0.0628572696281081
2023-03-31,00:00:00,1.35156,1.35251,1.35156,1.35191,3459,1.3622231976533161,BEARISH_BELOW_EMA200,0.05177859472894978,0.1952792715491398,-0.11243351998283656
2023-03-31,04:00:00,1.35191,1.35269,1.35073,1.35261,5485,1.362127543945323,BEARISH_BELOW_EMA200,0.21735755317496855,-0.029572456214295172,-0.011089671080362743
2023-03-31,08:00:00,1.35262,1.35642,1.35248,1.35555,10295,1.3620620957468623,BEARISH_BELOW_EMA200,-0.07377079414260719,-0.30467337980893117,-0.47582162221976815
2023-03-31,12:00:00,1.35551,1.35587,1.35328,1.35455,9048,1.3619873485255005,BEARISH_BELOW_EMA200,-0.172751098150678,-0.30711306337897765,-0.5559041748181917
2023-03-31,16:00:00,1.35455,1.35458,1.35202,1.35221,11802,1.3618900614754956,BEARISH_BELOW_EMA200,-0.05842287810324183,0.018488252564326808,-0.7225209102136381
2023-03-31,20:00:00,1.35218,1.35415,1.35125,1.35142,8120,1.3617858817593216,BEARISH_BELOW_EMA200,-0.07621612822069278,-0.17167127909902916,-0.5890100782880204
2023-04-03,00:00:00,1.34928,1.35244,1.34877,1.35039,5978,1.36167248990102,BEARISH_BELOW_EMA200,0.1532890498300503,-0.24955753523055363,-0.5309577233243654
2023-04-03,04:00:00,1.35038,1.35251,1.35019,1.35246,5640,1.3615808233348405,BEARISH_BELOW_EMA200,-0.24843618295550549,-0.7408721884565842,-0.672108602102838
2023-04-03,08:00:00,1.35243,1.35364,1.34863,1.3491,8051,1.3614566360379765,BEARISH_BELOW_EMA200,-0.1541768586464947,-0.4180564820991674,-0.4973686161144462
2023-04-03,12:00:00,1.34912,1.34912,1.3447,1.34702,10142,1.3613129879181958,BEARISH_BELOW_EMA200,-0.34000979940906806,-0.28210420038306966,-0.14402161809030695
2023-04-03,16:00:00,1.34708,1.34734,1.34218,1.34244,13277,1.3611251969936367,BEARISH_BELOW_EMA200,0.07598104943237842,0.06927683918833433,0.22943297279580255
2023-04-03,20:00:00,1.34247,1.34386,1.34112,1.34346,8250,1.3609494238892226,BEARISH_BELOW_EMA200,-0.017864320485910856,-0.07964509549968934,0.06550250844833429
2023-04-04,00:00:00,1.34199,1.34378,1.34197,1.34322,3613,1.3607730117112204,BEARISH_BELOW_EMA200,0.011167195247232206,0.13847322106579507,0.03722398415746824
2023-04-04,04:00:00,1.34321,1.34438,1.34259,1.34337,5705,1.3605998474155865,BEARISH_BELOW_EMA200,-0.07295086238340746,0.16004525931054708,0.09826034525112129
2023-04-04,08:00:00,1.3434,1.34425,1.34149,1.34239,9082,1.3604186549039887,BEARISH_BELOW_EMA200,0.20038885867743958,0.14526329904127103,0.3538464976646155
2023-04-04,12:00:00,1.34236,1.3456,1.34104,1.34508,9229,1.3602660314721085,BEARISH_BELOW_EMA200,0.032711808963035355,-0.10110922770393047,-0.017842804888929874
2023-04-04,16:00:00,1.34509,1.34672,1.34058,1.34552,14771,1.360119304790794,BEARISH_BELOW_EMA200,-0.08769843629228542,-0.061686188239499104,0.1449253820084351
2023-04-04,20:00:00,1.34553,1.34594,1.34431,1.34434,7209,1.3599622967829255,BEARISH_BELOW_EMA200,-0.04611928529985457,0.20828064328963755,0.09893330556256834
2023-04-05,00:00:00,1.34372,1.34477,1.34257,1.34372,3196,1.359800681889563,BEARISH_BELOW_EMA200,0.07218765814305922,0.08335069806209701,0.20912094781650784
2023-04-05,04:00:00,1.3437,1.34502,1.34257,1.34469,4916,1.3596503268458857,BEARISH_BELOW_EMA200,0.18219812744945402,0.20673909971815102,0.29449166722441333
2023-04-05,08:00:00,1.34468,1.34764,1.34441,1.34714,8876,1.3595258459817476,BEARISH_BELOW_EMA200,-0.17073206942114172,-0.10912006176047645,0.05864275427944152
2023-04-05,12:00:00,1.34715,1.34831,1.34448,1.34484,9609,1.3593797181610339,BEARISH_BELOW_EMA200,0.1955622973736586,0.12566550667737197,0.22604919544331903
2023-04-05,16:00:00,1.34483,1.34809,1.34262,1.34747,13120,1.3592612135027153,BEARISH_BELOW_EMA200,-0.13358367904294893,0.0875715229281512,0.0037106577512008073
2023-04-05,20:00:00,1.3475,1.34795,1.34524,1.34567,5908,1.3591259775474644,BEARISH_BELOW_EMA200,0.06390868489303343,0.1679460789049433,0.26306598200153813
2023-04-06,00:00:00,1.34567,1.34663,1.34466,1.34653,2954,1.3590006444375395,BEARISH_BELOW_EMA200,0.1574417205706445,0.10025769941998786,0.20422864696664983
2023-04-06,04:00:00,1.34654,1.34891,1.34653,1.34865,4973,1.358897652950599,BEARISH_BELOW_EMA200,-0.053386720053374255,-0.08378749119488774,0.010380751121494012
2023-04-06,08:00:00,1.34865,1.34887,1.34581,1.34793,8247,1.3587885220754685,BEARISH_BELOW_EMA200,-0.0037093914372486343,0.09496042079336077,0.22404724280934638
2023-04-06,12:00:00,1.34793,1.34891,1.34593,1.34788,8622,1.358679979567255,BEARISH_BELOW_EMA200,-0.026708609074985602,0.10386681306941775,0.20921743775410606
2023-04-06,16:00:00,1.3479,1.35056,1.3463,1.34752,11638,1.3585689349944465,BEARISH_BELOW_EMA200,0.12541557824744487,0.09424720968890127,0.24860484445499614
2023-04-06,20:00:00,1.34752,1.34927,1.3467,1.34921,5402,1.3584758112631585,BEARISH_BELOW_EMA200,0.005188221255402383,0.12896435691998093,0.1526819398018063
2023-04-07,00:00:00,1.34739,1.34982,1.34739,1.34928,1872,1.358384310653575,BEARISH_BELOW_EMA200,-0.03631566465078423,0.10524131388592263,0.1304399383374825
2023-04-07,04:00:00,1.34928,1.34939,1.34855,1.34879,2340,1.3582888448759274,BEARISH_BELOW_EMA200,0.1601435360582568,0.15421229398201958,0.1972137990346983
2023-04-07,08:00:00,1.34879,1.35137,1.34852,1.35095,2894,1.3582158215438287,BEARISH_BELOW_EMA200,-0.018505496132357486,0.02368703504940049,-0.08956660128059182
2023-04-07,12:00:00,1.35096,1.353,1.34987,1.3507,4639,1.3581410372498604,BEARISH_BELOW_EMA200,0.012586066484045567,0.025172132968091135,0.27393203524098886
2023-04-07,16:00:00,1.35067,1.35176,1.34976,1.35087,4791,1.3580686886205084,BEARISH_BELOW_EMA200,0.029610547276936783,0.04293529355156491,0.130286408018535
2023-04-07,20:00:00,1.35091,1.35191,1.35033,1.35127,3724,1.3580010399775182,BEARISH_BELOW_EMA200,-0.017021024665681356,-0.11322681625434083,-0.028121692925917617
2023-04-10,00:00:00,1.35147,1.35171,1.35012,1.35104,3474,1.3579317758981402,BEARISH_BELOW_EMA200,0.03034699194694616,0.24869729985788946,-0.0636546660350606
2023-04-10,04:00:00,1.35101,1.35161,1.35057,1.35145,3928,1.3578672806155718,BEARISH_BELOW_EMA200,-0.12653076325428986,0.08731362610529127,-0.14428946686892732
2023-04-10,08:00:00,1.35145,1.35194,1.34889,1.34974,4977,1.3577864121517356,BEARISH_BELOW_EMA200,0.3452516781009757,0.08520159438113892,0.019262969164442707
2023-04-10,12:00:00,1.34973,1.35463,1.34846,1.3544,7010,1.3577527165084347,BEARISH_BELOW_EMA200,-0.13068517424690262,-0.3115770821027844,-0.2813053750738401
2023-04-10,16:00:00,1.35447,1.35533,1.35237,1.35263,9296,1.3577017442048682,BEARISH_BELOW_EMA200,-0.1286382824571446,-0.2314010483280777,-0.3105061990344722
2023-04-10,20:00:00,1.35262,1.35286,1.35021,1.35089,5679,1.357633965655566,BEARISH_BELOW_EMA200,-0.052557943281835565,-0.06588249228285319,-0.33385397774800424
2023-04-11,00:00:00,1.35047,1.35084,1.34973,1.35018,2662,1.3575597968430728,BEARISH_BELOW_EMA200,-0.050363655216342555,0.030366321527501627,-0.3029225732865194
2023-04-11,04:00:00,1.35024,1.35127,1.34889,1.3495,7022,1.3574795998595597,BEARISH_BELOW_EMA200,0.037050759540582956,-0.07928862541681396,-0.2934420155613163
2023-04-11,08:00:00,1.34953,1.35056,1.3481,1.35,7920,1.35740517598036,BEARISH_BELOW_EMA200,0.043703703703693954,-0.26814814814816135,-0.2370370370370438
2023-04-11,12:00:00,1.35,1.35142,1.34921,1.35059,8719,1.3573373632840382,BEARISH_BELOW_EMA200,-0.15993010462093898,-0.333187717960295,-0.39390192434417487
2023-04-11,16:00:00,1.35056,1.35158,1.3469,1.34843,11778,1.3572487328036003,BEARISH_BELOW_EMA200,-0.15202865554757067,-0.21432332416217817,-0.37302640848988006
2023-04-11,20:00:00,1.34841,1.34871,1.34619,1.34638,5604,1.3571405862085397,BEARISH_BELOW_EMA200,-0.021539238550773294,0.031194759280447345,-0.1678575142233195
2023-04-12,00:00:00,1.34622,1.34699,1.34588,1.34609,3108,1.3570306301268626,BEARISH_BELOW_EMA200,-0.040859080744976226,-0.06091717492887124,-0.16120764584834635
2023-04-12,04:00:00,1.3461,1.34661,1.34522,1.34554,4318,1.3569162954987346,BEARISH_BELOW_EMA200,0.09364270107169158,-0.1590439526138228,-0.20289251898865135
2023-04-12,08:00:00,1.34554,1.34705,1.34488,1.3468,6974,1.356815635842031,BEARISH_BELOW_EMA200,-0.11360261360261593,-0.19899019899020015,-0.4670329670329601
2023-04-12,12:00:00,1.34681,1.3489,1.34323,1.34527,8832,1.356700753893354,BEARISH_BELOW_EMA200,-0.1390055527886624,-0.1003516022805803,-0.45492726367196945
2023-04-12,16:00:00,1.34529,1.34786,1.34329,1.3434,13978,1.35656840808347,BEARISH_BELOW_EMA200,0.053595355069231354,-0.043918415959495936,-0.6662200387077575
2023-04-12,20:00:00,1.34336,1.34463,1.34279,1.34412,11512,1.3564445433264207,BEARISH_BELOW_EMA200,-0.014879623843107608,-0.2685772103681138,-0.7603487783828747
2023-04-13,00:00:00,1.34354,1.34478,1.34338,1.34392,3412,1.3563199210047647,BEARISH_BELOW_EMA200,-0.08259420203583133,-0.3549318411810183,-0.7865051491160164
2023-04-13,04:00:00,1.34393,1.34463,1.34275,1.34281,4821,1.3561854939300906,BEARISH_BELOW_EMA200,-0.17128260885754268,-0.6225750478474351,-0.7901341217298061
2023-04-13,08:00:00,1.34281,1.34386,1.33984,1.34051,7578,1.3560295188661096,BEARISH_BELOW_EMA200,-0.10145392425271187,-0.49309591125765595,-0.5766462018187118
2023-04-13,12:00:00,1.34053,1.34069,1.33867,1.33915,9120,1.3558615634545064,BEARISH_BELOW_EMA200,-0.3509688981816935,-0.4331105552029292,-0.38083859164396106
2023-04-13,16:00:00,1.33916,1.33934,1.3343,1.33445,11492,1.3556485130718745,BEARISH_BELOW_EMA200,-0.041215482033783835,-0.16860879013824898,0.31698452545994066
2023-04-13,20:00:00,1.33446,1.33474,1.33333,1.3339,6530,1.3554321099567315,BEARISH_BELOW_EMA200,-0.04123247619761979,-0.08396431516605515,0.14243946322812898
2023-04-14,00:00:00,1.33357,1.33434,1.33271,1.33335,3246,1.3552123874695998,BEARISH_BELOW_EMA200,-0.08624892188847522,0.05249934375819724,0.2939963250459312
2023-04-14,04:00:00,1.33332,1.33344,1.33172,1.3322,5075,1.354983408489803,BEARISH_BELOW_EMA200,0.04353700645548903,0.4864134514337218,0.2634739528599236
2023-04-14,08:00:00,1.33223,1.3334,1.33169,1.33278,7475,1.3547624790520933,BEARISH_BELOW_EMA200,0.09528954516123309,0.22659403652515964,0.2731133420369352
2023-04-14,12:00:00,1.33278,1.33494,1.33008,1.33405,10388,1.3545563847331672,BEARISH_BELOW_EMA200,0.3470634533938109,0.24137026348337773,0.3448146621191063
2023-04-14,16:00:00,1.33405,1.33953,1.33246,1.33868,14317,1.3543984107557228,BEARISH_BELOW_EMA200,-0.21513729942928805,-0.2218603400364642,0.12997878507185082
2023-04-14,20:00:00,1.3387,1.33882,1.33579,1.3358,8123,1.354213351942233,BEARISH_BELOW_EMA200,0.1100464141338419,0.046414133852361344,0.2650097319957985
2023-04-17,00:00:00,1.33627,1.33727,1.33571,1.33727,3272,1.3540447613756437,BEARISH_BELOW_EMA200,-0.11665557441653562,0.10319531583000718,0.14881063659544716
2023-04-17,04:00:00,1.33724,1.33758,1.33567,1.33571,5377,1.35386232593907,BEARISH_BELOW_EMA200,0.053155250765509615,0.35262145226134356,0.2275943131368451
2023-04-17,08:00:00,1.33572,1.33686,1.33425,1.33642,8097,1.3536887704570895,BEARISH_BELOW_EMA200,0.16686371051016555,0.2184941859595063,0.01721015848310804
2023-04-17,12:00:00,1.33645,1.3388,1.3357,1.33865,8622,1.3535391309500537,BEARISH_BELOW_EMA200,0.13222276173757513,0.045568296418033054,-0.051544466440059576
2023-04-17,16:00:00,1.33866,1.34199,1.33839,1.34042,13069,1.3534085923336354,BEARISH_BELOW_EMA200,-0.08057176108980543,-0.12458781575922757,-0.14174661673207
2023-04-17,20:00:00,1.34041,1.34081,1.33902,1.33934,5911,1.3532686063402661,BEARISH_BELOW_EMA200,-0.005973091224041693,-0.20084519240820714,-0.04106500216524934
2023-04-18,00:00:00,1.33918,1.33962,1.33829,1.33926,2427,1.3531292172224525,BEARISH_BELOW_EMA200,-0.038080731150022286,-0.09706853038243933,-0.043307498170616826
2023-04-18,04:00:00,1.33924,1.33966,1.33791,1.33875,5824,1.3529861404341694,BEARISH_BELOW_EMA200,-0.1568627450980551,-0.017180205415512566,0.07021475256768933
2023-04-18,08:00:00,1.33874,1.339,1.33631,1.33665,7792,1.352823591773133,BEARISH_BELOW_EMA200,0.0980062095537459,0.16010174690457718,0.41521714734598936
2023-04-18,12:00:00,1.33662,1.33882,1.33595,1.33796,8407,1.3526756953375794,BEARISH_BELOW_EMA200,0.04185476396901955,0.05381326796018221,0.4297587371819727
2023-04-18,16:00:00,1.33792,1.33973,1.33697,1.33852,11669,1.3525348426476531,BEARISH_BELOW_EMA200,0.020171532737649978,0.0874099751964943,0.44003825120283396
2023-04-18,20:00:00,1.33849,1.33993,1.33829,1.33879,6656,1.352398078044194,BEARISH_BELOW_EMA200,-0.00821637448739776,0.25470760910972856,0.5310765691408041
2023-04-19,00:00:00,1.33867,1.33934,1.33852,1.33868,3068,1.3522615797551971,BEARISH_BELOW_EMA200,0.0754474557026291,0.37574326948933784,0.557265365882795
2023-04-19,04:00:00,1.33874,1.3405,1.33846,1.33969,4602,1.3521364894093741,BEARISH_BELOW_EMA200,0.18735677656771432,0.35232031290821436,0.5419164134986485
2023-04-19,08:00:00,1.33969,1.34253,1.33947,1.3422,10365,1.3520376188679872,BEARISH_BELOW_EMA200,0.11250186261361199,0.27566681567575896,0.3784830874683336
2023-04-19,12:00:00,1.34219,1.34533,1.34177,1.34371,11163,1.3519547569887038,BEARISH_BELOW_EMA200,0.05209457397802688,0.18084259252367937,0.24633291409605843
2023-04-19,16:00:00,1.34368,1.34565,1.34221,1.34441,10982,1.351879684779861,BEARISH_BELOW_EMA200,0.11082928570897205,0.18893046020187196,0.13016862415482763
2023-04-19,20:00:00,1.34436,1.34668,1.34423,1.3459,6197,1.3518201854288177,BEARISH_BELOW_EMA200,0.017831934021828956,0.102533620625599,0.13373950516381616
2023-04-20,00:00:00,1.34545,1.34707,1.34529,1.34614,3312,1.3517636661708197,BEARISH_BELOW_EMA200,0.0601720474839318,0.0653721009701973,0.09954388102278507
2023-04-20,04:00:00,1.34614,1.34732,1.34581,1.34695,4797,1.3517157689949906,BEARISH_BELOW_EMA200,0.02449979583503036,-0.05865102639296695,0.23831619584987826
2023-04-20,08:00:00,1.34695,1.34762,1.3451,1.34728,8365,1.3516716319900652,BEARISH_BELOW_EMA200,-0.019298141440526613,0.031173920788541722,0.3288106406982909
2023-04-20,12:00:00,1.34731,1.3489,1.34633,1.34702,8900,1.3516253470946418,BEARISH_BELOW_EMA200,-0.06384463482354255,0.03414945583583799,0.43651913111905427
2023-04-20,16:00:00,1.347,1.34842,1.34483,1.34616,11499,1.3515709655315111,BEARISH_BELOW_EMA200,0.11439947703095284,0.29714149878172014,0.5957687050573421
2023-04-20,20:00:00,1.34616,1.3483,1.34598,1.3477,6598,1.3515324484615459,BEARISH_BELOW_EMA200,-0.016324107739102693,0.2975439637901661,0.46746308525637714
2023-04-21,00:00:00,1.34701,1.34844,1.34676,1.34748,2909,1.3514921255912817,BEARISH_BELOW_EMA200,0.19888977944014125,0.4022323151364013,0.48460830587466414
2023-04-21,04:00:00,1.34747,1.35032,1.34747,1.35016,4956,1.351478870610274,BEARISH_BELOW_EMA200,0.11480120874562572,0.29774248977898266,0.4043965159684793
2023-04-21,08:00:00,1.35017,1.35337,1.34993,1.35171,8513,1.3514811704051968,BULLISH_ABOVE_EMA200,0.08803663507705235,0.16941503724912335,0.09913368991870439
2023-04-21,12:00:00,1.35171,1.35374,1.35136,1.3529,8747,1.3514952881126077,BULLISH_ABOVE_EMA200,0.09461157513489156,0.082045975312288,0.04508832877522355
2023-04-21,16:00:00,1.35289,1.35633,1.3523,1.35418,15024,1.351522001663726,BULLISH_ABOVE_EMA200,-0.013292176815478516,0.1063374145239265,-0.007384542675271308
2023-04-21,20:00:00,1.3542,1.35496,1.3535,1.354,6512,1.3515466583635893,BULLISH_ABOVE_EMA200,0.000738552437211482,-0.07016248153618954,0.008124076809441097
2023-04-24,00:00:00,1.35303,1.35468,1.35302,1.35401,2963,1.3515711692256431,BULLISH_ABOVE_EMA200,0.1189060642092829,-0.036927349133311055,-0.0576066646479718
2023-04-24,04:00:00,1.35402,1.35572,1.35373,1.35562,5418,1.3516114560990198,BULLISH_ABOVE_EMA200,-0.1895811510600287,-0.11360115666632957,-0.06343960696951084
2023-04-24,08:00:00,1.35561,1.35671,1.35305,1.35305,8256,1.3516257699686813,BULLISH_ABOVE_EMA200,0.03399726543733823,0.07834152470343586,0.2682827685599218
2023-04-24,12:00:00,1.35311,1.35501,1.35224,1.35351,7601,1.351644518526207,BULLISH_ABOVE_EMA200,0.04211272912649034,-0.02068695465863259,0.3790145621384459
2023-04-24,16:00:00,1.35351,1.35563,1.35249,1.35408,11513,1.3516687521727122,BULLISH_ABOVE_EMA200,0.0022155264090729125,0.05021859860569641,0.6823821339950474
2023-04-24,20:00:00,1.35408,1.35482,1.35338,1.35411,5781,1.3516930431958694,BULLISH_ABOVE_EMA200,-0.06498733485462717,0.18979255747318782,0.628457067741913
2023-04-25,00:00:00,1.35345,1.35423,1.3528,1.35323,3401,1.351708336298398,BULLISH_ABOVE_EMA200,0.11306282006754442,0.39978421997739755,0.6709871936034508
2023-04-25,04:00:00,1.35326,1.35505,1.35244,1.35476,5545,1.3517387011113493,BULLISH_ABOVE_EMA200,0.14172251911778794,0.6318462310667663,0.628893678585143
2023-04-25,08:00:00,1.35475,1.3589,1.35439,1.35668,9314,1.3517878682644702,BULLISH_ABOVE_EMA200,0.14447032461597148,0.43783353480554243,0.4171949170032725
2023-04-25,12:00:00,1.35668,1.36013,1.35651,1.35864,9321,1.351856048679749,BULLISH_ABOVE_EMA200,0.3444621091679928,0.2701230642406995,0.29514808926572506
2023-04-25,16:00:00,1.35862,1.3637,1.35841,1.36332,14773,1.3519701178471148,BULLISH_ABOVE_EMA200,-0.051345245430283785,-0.0029340140245899715,-0.14523369421706517
2023-04-25,20:00:00,1.36332,1.36477,1.36244,1.36262,8324,1.3520760868237605,BULLISH_ABOVE_EMA200,-0.022750289882728307,-0.020548648926321054,0.06825086964818493
2023-04-26,00:00:00,1.36249,1.36269,1.36165,1.36231,3811,1.3521779168056136,BULLISH_ABOVE_EMA200,0.07120258971894337,0.024957608767461663,0.09762829311977843
2023-04-26,04:00:00,1.36235,1.36426,1.36217,1.36328,6237,1.35228838529511,BULLISH_ABOVE_EMA200,-0.06895135262014707,-0.14230385540755036,-0.009535825362358684
2023-04-26,08:00:00,1.36329,1.36359,1.3614,1.36234,9949,1.3523884013618253,BULLISH_ABOVE_EMA200,0.022754965720731272,0.08881776942612954,0.03449946415725666
2023-04-26,12:00:00,1.36234,1.36375,1.3608,1.36265,11675,1.3524905068209117,BULLISH_ABOVE_EMA200,-0.09613620518841394,0.07265255201262587,-0.024951381499284993
2023-04-26,16:00:00,1.36265,1.36356,1.35992,1.36134,14609,1.3525785614794101,BULLISH_ABOVE_EMA200,0.16234004730633386,0.13295723331424106,0.014691406996046394
2023-04-26,20:00:00,1.36134,1.36507,1.36093,1.36355,8481,1.3526877300219036,BULLISH_ABOVE_EMA200,0.006600418026469397,-0.05427010377323625,-0.33075428110447097
2023-04-27,00:00:00,1.36368,1.36393,1.3623,1.36364,3694,1.352796707832631,BULLISH_ABOVE_EMA200,-0.035933237511357796,-0.09753307324514193,-0.252999325335129
2023-04-27,04:00:00,1.36364,1.36454,1.36314,1.36315,6266,1.3528997256651423,BULLISH_ABOVE_EMA200,-0.024942229395151446,-0.11810879213586996,-0.16946044089058682
2023-04-27,08:00:00,1.36316,1.36382,1.36154,1.36281,9214,1.3529983353600166,BULLISH_ABOVE_EMA200,-0.03668890014016385,-0.2766343070567468,0.23407518289416912
2023-04-27,12:00:00,1.36281,1.36401,1.36135,1.36231,10651,1.3530909887395188,BULLISH_ABOVE_EMA200,-0.05652164338512801,-0.15561803113827982,0.10790495555344103
2023-04-27,16:00:00,1.36232,1.36397,1.35909,1.36154,14096,1.3531750585033047,BULLISH_ABOVE_EMA200,-0.18361561173376814,-0.051412371285450516,-0.46564919135684685
2023-04-27,20:00:00,1.3615,1.36168,1.35888,1.35904,6319,1.3532334161301376,BULLISH_ABOVE_EMA200,0.08461855427360375,0.512126206734171,-0.34730397927949563
2023-04-28,00:00:00,1.35923,1.3607,1.35898,1.36019,3841,1.3533026358701363,BULLISH_ABOVE_EMA200,0.04778744146038711,0.2639337151427361,-0.34333438710767994
2023-04-28,04:00:00,1.36015,1.36091,1.35938,1.36084,6770,1.3533776345181947,BULLISH_ABOVE_EMA200,0.3791775667969822,-0.41444989859205267,-0.4004879339231618
2023-04-28,08:00:00,1.36089,1.36651,1.36018,1.366,10705,1.3535032301946306,BULLISH_ABOVE_EMA200,-0.16251830161054984,-0.8550512445095266,-0.6610541727672103
2023-04-28,12:00:00,1.366,1.36674,1.36332,1.36378,11320,1.3536054866106046,BULLISH_ABOVE_EMA200,-0.6291337312469777,-0.6056695361421882,-0.6137353532094612
2023-04-28,16:00:00,1.36376,1.36452,1.35507,1.3552,16360,1.3536213524154743,BULLISH_ABOVE_EMA200,-0.06493506493506433,0.014020070838262583,-0.14757969303423862
2023-04-28,20:00:00,1.35524,1.3557,1.3536,1.35432,7152,1.3536283041327333,BULLISH_ABOVE_EMA200,0.08860535176325314,0.19567015181050576,0.0
2023-05-01,00:00:00,1.35362,1.35639,1.35361,1.35552,3381,1.3536471269771837,BULLISH_ABOVE_EMA200,-0.009590415486305143,-0.008114966949956805,-0.015492209631731252
2023-05-01,04:00:00,1.35552,1.3561,1.3548,1.35539,4959,1.3536644689973112,BULLISH_ABOVE_EMA200,0.11657161407417163,-0.16157711064713004,-0.12985192453832356
2023-05-01,08:00:00,1.35538,1.35697,1.35495,1.35697,6247,1.3536973598530595,BULLISH_ABOVE_EMA200,-0.11496201095086891,-0.1952880314229527,-0.01105403951451355
2023-05-01,12:00:00,1.35698,1.35829,1.35537,1.35541,7478,1.3537144010485516,BULLISH_ABOVE_EMA200,-0.16305029474476693,-0.007377841391164959,0.3452829771065594
2023-05-01,16:00:00,1.35539,1.35641,1.35301,1.3532,12880,1.3537092826301582,BEARISH_BELOW_EMA200,0.08276677505172997,0.031776529707371604,0.7249482707655998
2023-05-01,20:00:00,1.35318,1.35511,1.35303,1.35432,6809,1.3537153594199078,BULLISH_ABOVE_EMA200,0.0730994152046818,0.18459448284009294,0.6062082816468819
2023-05-02,00:00:00,1.35431,1.35559,1.35356,1.35531,3532,1.3537312264903565,BULLISH_ABOVE_EMA200,-0.12395688071363037,0.3526868391733261,0.5039437471869824
2023-05-02,04:00:00,1.35531,1.35534,1.35311,1.35363,6670,1.353730219261597,BEARISH_BELOW_EMA200,0.23566262568056295,0.6929515451046403,0.578444626670492
2023-05-02,08:00:00,1.3536,1.35758,1.35279,1.35682,9776,1.3537609633485463,BULLISH_ABOVE_EMA200,0.2410047021712612,0.42083695700241036,0.3780899456081189
2023-05-02,12:00:00,1.35682,1.36009,1.35648,1.36009,10236,1.3538239388376156,BULLISH_ABOVE_EMA200,0.21469167481563967,0.15072531964795605,0.25733591159408997
2023-05-02,16:00:00,1.36005,1.36374,1.35882,1.36301,15895,1.3539153424312713,BULLISH_ABOVE_EMA200,-0.0352161759634952,-0.11371890154878998,-0.21276439644611006
2023-05-02,20:00:00,1.36301,1.36331,1.36173,1.36253,7790,1.3540010604170298,BULLISH_ABOVE_EMA200,-0.02862322297491523,-0.0425678700652481,-0.084401811336263
2023-05-03,00:00:00,1.36252,1.36312,1.36178,1.36214,3627,1.3540820448904922,BULLISH_ABOVE_EMA200,-0.049921447134656786,0.10645014462538165,0.02202416785353848
2023-05-03,04:00:00,1.36213,1.36257,1.36081,1.36146,5042,1.3541554573791441,BULLISH_ABOVE_EMA200,0.03599077460961773,-0.09915825657749493,-0.20786508601059808
2023-05-03,08:00:00,1.36145,1.36265,1.36027,1.36195,8619,1.3542330150171626,BULLISH_ABOVE_EMA200,0.12041558060134996,-0.041851756672415245,-0.016153309592854874
2023-05-03,12:00:00,1.36201,1.3639,1.36124,1.36359,9691,1.35432611934535,BULLISH_ABOVE_EMA200,-0.2552086770950322,-0.08433620076415817,-0.2244076298594198
2023-05-03,16:00:00,1.36358,1.36375,1.35972,1.36011,12826,1.35438367039664,BULLISH_ABOVE_EMA200,0.09337480056760883,-0.10881472822050613,-0.45511024843578224
2023-05-03,20:00:00,1.36011,1.36268,1.35816,1.36138,15646,1.354453285616574,BULLISH_ABOVE_EMA200,0.07786216926942227,0.025709206834247045,-0.558991611453093
2023-05-04,00:00:00,1.36102,1.36324,1.36025,1.36244,5980,1.3545327554114341,BULLISH_ABOVE_EMA200,-0.27964534218021275,-0.14018965972814054,-0.7552626170693852
2023-05-04,04:00:00,1.36242,1.36288,1.35829,1.35863,7055,1.3545735240143055,BULLISH_ABOVE_EMA200,0.2281710252239464,-0.3466727512273387,-0.58735638106034
2023-05-04,08:00:00,1.35864,1.36183,1.3582,1.36173,9422,1.3546447327305813,BULLISH_ABOVE_EMA200,-0.0881231962283338,-0.584550534981251,-0.8665447629118864
2023-05-04,12:00:00,1.3617,1.36225,1.35943,1.36053,11224,1.3547032926039089,BULLISH_ABOVE_EMA200,-0.4858400770288053,-0.6159364365357658,-0.9819702615892365
2023-05-04,16:00:00,1.36052,1.36101,1.35392,1.35392,16145,1.3546954986476512,BEARISH_BELOW_EMA200,-0.011078941148671598,-0.24152091704089654,-0.9911959347671936
2023-05-04,20:00:00,1.35391,1.35455,1.35189,1.35377,9921,1.3546862897058836,BEARISH_BELOW_EMA200,-0.11966582211158136,-0.2836523190793003,-1.199612932772909
2023-05-05,00:00:00,1.35336,1.35398,1.35189,1.35215,3889,1.3546610529923921,BEARISH_BELOW_EMA200,-0.11093443774729556,-0.36830233332100615,-1.0324298339681228
2023-05-05,04:00:00,1.35211,1.35259,1.35049,1.35065,5877,1.3546211420173435,BEARISH_BELOW_EMA200,-0.05330766667899396,-0.7514900233220955,-1.0128456669011154
2023-05-05,08:00:00,1.35068,1.3515,1.34901,1.34993,8920,1.3545744639873203,BEARISH_BELOW_EMA200,-0.20445504581719762,-0.9185661478743317,-1.0985754816916522
2023-05-05,12:00:00,1.34996,1.35133,1.34711,1.34717,11546,1.35450078772874,BEARISH_BELOW_EMA200,-0.49511197547450986,-0.6665825396943212,-1.0904340209476064
2023-05-05,16:00:00,1.3472,1.34836,1.34048,1.3405,14491,1.354361476408056,BEARISH_BELOW_EMA200,-0.2215591197314373,-0.263334576650506,-0.3476314807907578
2023-05-05,20:00:00,1.3405,1.34116,1.3371,1.33753,8121,1.3541939990308614,BEARISH_BELOW_EMA200,0.04934468759578348,-0.1816781679663375,-0.02541999057965107
2023-05-08,00:00:00,1.33793,1.33868,1.33712,1.33819,3542,1.35403475525941,BEARISH_BELOW_EMA200,-0.09116792084830995,-0.42669576069167175,-0.06277135533817708
2023-05-08,04:00:00,1.33819,1.33857,1.33678,1.33697,5251,1.353864956699615,BEARISH_BELOW_EMA200,-0.13986850864267997,-0.08451947313702442,-0.010471439149721309
2023-05-08,08:00:00,1.337,1.33736,1.33483,1.3351,6933,1.3536782407125543,BEARISH_BELOW_EMA200,-0.1962399820238068,0.15654258108007993,0.1842558609842056
2023-05-08,12:00:00,1.33511,1.33547,1.33221,1.33248,7929,1.3534673129442703,BEARISH_BELOW_EMA200,0.25216138328528814,0.3654839097022041,0.5395953410182371
2023-05-08,16:00:00,1.33247,1.33636,1.33148,1.33584,10087,1.353291916795571,BEARISH_BELOW_EMA200,0.10106000718650321,0.07411067193676237,0.25601868487243823
2023-05-08,20:00:00,1.33582,1.33832,1.33575,1.33719,5804,1.3531316987180033,BEARISH_BELOW_EMA200,0.011965390109104761,0.0276699646273141,0.08674907829103028
2023-05-09,00:00:00,1.33597,1.3376,1.33597,1.33735,3240,1.3529746668899636,BEARISH_BELOW_EMA200,-0.03888286536808434,0.17347739933449566,0.03738737054622537
2023-05-09,04:00:00,1.33736,1.33761,1.33649,1.33683,4917,1.3528140234383221,BEARISH_BELOW_EMA200,0.05460679368357379,0.18177329952199847,0.10547339601895032
2023-05-09,08:00:00,1.33683,1.33848,1.3366,1.33756,7698,1.3526622421105776,BEARISH_BELOW_EMA200,0.15774993271328644,0.05906277101586817,0.13158288226322437
2023-05-09,12:00:00,1.33755,1.33975,1.33678,1.33967,8393,1.3525329660696765,BEARISH_BELOW_EMA200,-0.030604551867252493,-0.13585435219120626,-0.42771727365694634
2023-05-09,16:00:00,1.33967,1.34062,1.33859,1.33926,11176,1.3524008967555503,BEARISH_BELOW_EMA200,-0.0679479712677125,-0.07616146230006114,-0.07765482430595479
2023-05-09,20:00:00,1.33924,1.33924,1.33721,1.33835,5582,1.3522610868375846,BEARISH_BELOW_EMA200,-0.03735943512533679,0.07247730414317163,-0.09265139911083856
2023-05-10,00:00:00,1.33829,1.33873,1.33738,1.33785,3720,1.352117692938703,BEARISH_BELOW_EMA200,0.02915125014015865,-0.29225996935382,-0.08446387861121019
2023-05-10,04:00:00,1.33785,1.33847,1.33738,1.33824,5115,1.3519796064418006,BEARISH_BELOW_EMA200,0.08070301291247982,-0.001494500239129829,-0.01569225251076365
2023-05-10,08:00:00,1.33825,1.33975,1.33696,1.33932,8706,1.351853640208549,BEARISH_BELOW_EMA200,-0.4016963832392678,-0.16500910910014374,0.12095690350326695
2023-05-10,12:00:00,1.33933,1.33965,1.33348,1.33394,10188,1.3516753950323448,BEARISH_BELOW_EMA200,0.32085401142480635,0.20840517564508187,0.73766436271497
2023-05-10,16:00:00,1.3339,1.33837,1.33358,1.33822,13792,1.3515415105046598,BEARISH_BELOW_EMA200,-0.08294600289936964,-0.01419796446024663,0.7517448551060333
2023-05-10,20:00:00,1.33823,1.34145,1.33698,1.33711,7184,1.3513979133852103,BEARISH_BELOW_EMA200,-0.02916738338656599,0.2864386624885013,0.8810045545990908
2023-05-11,00:00:00,1.33702,1.33747,1.33655,1.33672,3192,1.3512518644958054,BEARISH_BELOW_EMA200,0.09800107726376088,0.5281584774672382,0.8909868932910474
2023-05-11,04:00:00,1.33673,1.33855,1.33629,1.33803,5874,1.3511203036550512,BEARISH_BELOW_EMA200,0.21748391291674835,0.7660515832978236,0.7750199920779048
2023-05-11,08:00:00,1.33803,1.342,1.3375,1.34094,9916,1.3510190071012698,BEARISH_BELOW_EMA200,0.21179172819066877,0.5928676898295152,0.6025623816129049
2023-05-11,12:00:00,1.34094,1.34394,1.3396,1.34378,11435,1.3509469771798643,BEARISH_BELOW_EMA200,0.334876244623372,0.36092217476075106,0.44426915120034755
2023-05-11,16:00:00,1.34381,1.34943,1.34379,1.34828,15416,1.3509204400934975,BEARISH_BELOW_EMA200,0.045242827899249376,0.008900228439205507,0.5466223633073322
2023-05-11,20:00:00,1.34826,1.34954,1.3482,1.34889,6434,1.3509002367094827,BEARISH_BELOW_EMA200,-0.019275107681124996,0.009637553840578959,0.4959633476414004
2023-05-12,00:00:00,1.34897,1.3496,1.34815,1.34863,3168,1.350877647289488,BEARISH_BELOW_EMA200,-0.01705434403802025,0.08304724053298605,0.5568614075024214
2023-05-12,04:00:00,1.34857,1.34925,1.34825,1.3484,5926,1.3508529940826275,BEARISH_BELOW_EMA200,0.04598042123999295,0.5376742806288919,0.45164639572826526
2023-05-12,08:00:00,1.34843,1.35001,1.34796,1.34902,9207,1.3508347553355367,BEARISH_BELOW_EMA200,0.054113356362388794,0.4862789284072807,0.20088656950971742
2023-05-12,12:00:00,1.34897,1.35064,1.34828,1.34975,7977,1.3508239617501083,BEARISH_BELOW_EMA200,0.4371179848120034,0.4734210038896015,0.07038340433413642
2023-05-12,16:00:00,1.3498,1.35594,1.34838,1.35565,12102,1.3508719820312018,BULLISH_ABOVE_EMA200,-0.00516357466897905,-0.08556780880021023,-0.7044591155534207
2023-05-12,20:00:00,1.35568,1.35651,1.35437,1.35558,6759,1.3509188279811404,BULLISH_ABOVE_EMA200,0.04131073046222974,-0.28401127192787656,-0.6639224538573818
2023-05-15,00:00:00,1.3537,1.35675,1.3537,1.35614,3574,1.350970779941527,BULLISH_ABOVE_EMA200,-0.12166885424808127,-0.40113852552095575,-0.7270635775067457
2023-05-15,04:00:00,1.35612,1.35627,1.35448,1.35449,6147,1.3510057970565368,BULLISH_ABOVE_EMA200,-0.20376673138966503,-0.6194213320142561,-0.564788222873549
2023-05-15,08:00:00,1.3545,1.35468,1.3505,1.35173,9331,1.3510130030559742,BULLISH_ABOVE_EMA200,-0.07619864913851777,-0.380993245692556,-0.4579316875411613
2023-05-15,12:00:00,1.35174,1.35211,1.34955,1.3507,8611,1.351009888597706,BEARISH_BELOW_EMA200,-0.3405641519212214,-0.3272377285851848,-0.6655808099504
2023-05-15,16:00:00,1.35071,1.35179,1.34593,1.3461,10068,1.3509610339847935,BEARISH_BELOW_EMA200,0.035658569199913524,0.05497362751652647,0.0007428868583198475
2023-05-15,20:00:00,1.3461,1.34749,1.34592,1.34658,6351,1.3509174416068355,BEARISH_BELOW_EMA200,-0.022278661498031233,-0.07723269319313757,0.08985726804199774
2023-05-16,00:00:00,1.34662,1.34699,1.34614,1.34628,3245,1.3508712979092552,BEARISH_BELOW_EMA200,0.04159610185103515,-0.3394539026056959,0.0779926909706744
2023-05-16,04:00:00,1.3463,1.34819,1.34614,1.34684,5479,1.3508311854922477,BEARISH_BELOW_EMA200,-0.09652222981201025,-0.054200944432903644,0.06533812479581776
2023-05-16,08:00:00,1.34687,1.34935,1.34495,1.34554,8371,1.3507785368803844,BEARISH_BELOW_EMA200,-0.2846440834163236,0.1672191090565933,0.3842323528100331
2023-05-16,12:00:00,1.34556,1.34692,1.34146,1.34171,10695,1.3506883026825698,BEARISH_BELOW_EMA200,0.32793971871715644,0.4188684589069142,0.3972542501732906
2023-05-16,16:00:00,1.34171,1.34713,1.3404,1.34611,13141,1.350642747431997,BEARISH_BELOW_EMA200,0.12480406504669944,0.11960389566975295,-0.10028898084108745
2023-05-16,20:00:00,1.3461,1.34823,1.34598,1.34779,6086,1.3506143618854103,BEARISH_BELOW_EMA200,-0.03412994605985554,0.21665096194511263,-0.17213364099749215
2023-05-17,00:00:00,1.34604,1.34807,1.34604,1.34733,3577,1.350581681667645,BEARISH_BELOW_EMA200,0.0289461379172224,-0.021524051271767233,-0.08535399642255309
2023-05-17,04:00:00,1.34734,1.34848,1.34619,1.34772,5745,1.350553207223191,BEARISH_BELOW_EMA200,0.22185617190514706,-0.21963019024723784,-0.06232748642150831
2023-05-17,08:00:00,1.34773,1.35356,1.34773,1.35071,9189,1.3505547673503235,BULLISH_ABOVE_EMA200,-0.2717089530691312,-0.38794411827854486,-0.2339510331603417
2023-05-17,12:00:00,1.3507,1.35111,1.3466,1.34704,9118,1.3505197945408676,BEARISH_BELOW_EMA200,-0.16926000712674158,-0.0638436868986877,0.0868571089202914
2023-05-17,16:00:00,1.34707,1.35013,1.34422,1.34476,12269,1.3504624831524015,BEARISH_BELOW_EMA200,0.052797525208958355,0.1576489485112676,0.5316933876676871
2023-05-17,20:00:00,1.34474,1.34567,1.34368,1.34547,6954,1.3504128067031238,BEARISH_BELOW_EMA200,0.05276966413223546,0.15459281886627585,0.3478338424491083
2023-05-18,00:00:00,1.34518,1.34681,1.34489,1.34618,3013,1.3503706892234908,BEARISH_BELOW_EMA200,0.051998989733924514,0.1507970702283481,0.25553789240666996
2023-05-18,04:00:00,1.34621,1.34721,1.34519,1.34688,6102,1.3503359559973864,BEARISH_BELOW_EMA200,0.04974459491565309,0.3734556901876832,0.19897837966262885
2023-05-18,08:00:00,1.34686,1.34799,1.34615,1.34755,8083,1.3503082350421887,BEARISH_BELOW_EMA200,0.04897777447960246,0.1929427479499785,0.000742087492120182
2023-05-18,12:00:00,1.34756,1.34851,1.34632,1.34821,8112,1.35028735708157,BEARISH_BELOW_EMA200,0.27443795847828134,0.10458311390659715,-0.08529828439189625
2023-05-18,16:00:00,1.34818,1.3522,1.34759,1.35191,12911,1.350303502782251,BULLISH_ABOVE_EMA200,-0.13018618103275986,-0.17382813944714162,-0.15755486681805486
2023-05-18,20:00:00,1.35188,1.35243,1.34949,1.35015,7174,1.350301975391383,BEARISH_BELOW_EMA200,-0.03925489760396396,-0.19183053734769248,-0.028145020923604564
2023-05-19,00:00:00,1.34989,1.35052,1.34864,1.34962,4385,1.3502951895665933,BEARISH_BELOW_EMA200,-0.00444569582548784,-0.18968302188765118,-0.05853499503564473
2023-05-19,04:00:00,1.34964,1.35127,1.34848,1.34956,7049,1.3502878742475228,BEARISH_BELOW_EMA200,-0.14819644921307698,0.016301609413430077,0.008891786952777049
2023-05-19,08:00:00,1.34957,1.34975,1.34727,1.34756,8832,1.3502607312201844,BEARISH_BELOW_EMA200,-0.03710409926089873,0.1640001187331045,0.1306064293983187
2023-05-19,12:00:00,1.34756,1.34944,1.34696,1.34706,8955,1.3502288831483418,BEARISH_BELOW_EMA200,0.2019212210295054,0.13139726515523062,0.2553709560079069
2023-05-19,16:00:00,1.34709,1.35234,1.34684,1.34978,13727,1.3502244166493533,BEARISH_BELOW_EMA200,-0.000740861473726497,-0.007408614737215619,0.07704959326704573
2023-05-19,20:00:00,1.34979,1.3518,1.34933,1.34977,6467,1.3502198950906532,BEARISH_BELOW_EMA200,-0.06964149447683242,-0.03333901331336742,0.053342421301410904
2023-05-22,00:00:00,1.34985,1.35052,1.34878,1.34883,3425,1.3502060652887562,BEARISH_BELOW_EMA200,0.063017578197402,0.12381100657607409,0.059310661832857665
2023-05-22,04:00:00,1.3488,1.35023,1.34849,1.34968,6522,1.3502008308082711,BEARISH_BELOW_EMA200,-0.026672989152978187,0.08446446565111129,0.008150080018971497
2023-05-22,08:00:00,1.34969,1.35173,1.34931,1.34932,8338,1.3501920663226166,BEARISH_BELOW_EMA200,0.08745145703020475,0.08671034298757102,0.270506625559536
2023-05-22,12:00:00,1.34934,1.35134,1.349,1.3505,8231,1.3501951303393072,BULLISH_ABOVE_EMA200,0.02369492780450766,-0.06442058496852472,0.001480932987775563
2023-05-22,16:00:00,1.35047,1.35187,1.34971,1.35082,9990,1.3502013479478714,BULLISH_ABOVE_EMA200,-0.024429605720965152,-0.0762499814927129,-0.025169896803423623
2023-05-22,20:00:00,1.35085,1.35109,1.35018,1.35049,5268,1.350204220107594,BULLISH_ABOVE_EMA200,-0.06368059000806084,0.18363705025583585,-0.023695103258807984
2023-05-23,00:00:00,1.35032,1.35075,1.34921,1.34963,3454,1.3501985064746829,BEARISH_BELOW_EMA200,0.011855101027684473,0.06594399946650825,0.02222831442691456
2023-05-23,04:00:00,1.34964,1.35002,1.34853,1.34979,5973,1.3501944417336413,BEARISH_BELOW_EMA200,0.2355922032316109,0.05111906296533959,0.02444824750516313
2023-05-23,08:00:00,1.3498,1.3536,1.34876,1.35297,10385,1.3502220592288292,BULLISH_ABOVE_EMA200,-0.18108309866442443,-0.20695211275933048,0.06873766602364409
2023-05-23,12:00:00,1.35301,1.35483,1.34979,1.35052,10090,1.3502250238136169,BULLISH_ABOVE_EMA200,-0.0029618221129668575,-0.043686876166207714,0.2917394781269477
2023-05-23,16:00:00,1.35052,1.35201,1.34844,1.35048,13616,1.3502275608900984,BULLISH_ABOVE_EMA200,-0.02295480125583574,-0.02665718855517416,0.6545820745216651
2023-05-23,20:00:00,1.35047,1.35119,1.3492,1.35017,7717,1.3502269881449236,BEARISH_BELOW_EMA200,-0.017775539376524287,0.2762615078101284,0.6850989134701541
2023-05-24,00:00:00,1.3502,1.35052,1.34942,1.34993,2891,1.350224033039004,BEARISH_BELOW_EMA200,0.014074803878713153,0.3355729556347309,0.7230004518752817
2023-05-24,04:00:00,1.34993,1.35105,1.34955,1.35012,6314,1.3502229978843872,BEARISH_BELOW_EMA200,0.2799751133232688,0.6814209107338679,0.7962255206944595
2023-05-24,08:00:00,1.35012,1.35474,1.34967,1.3539,9656,1.3502595849701147,BULLISH_ABOVE_EMA200,0.04136199128442971,0.40771105694659643,0.4180515547677079
2023-05-24,12:00:00,1.35389,1.35589,1.35316,1.35446,9561,1.3503013801445414,BULLISH_ABOVE_EMA200,0.3588145829334264,0.38613174253946725,0.463653411691749
2023-05-24,16:00:00,1.35445,1.36025,1.35399,1.35932,13989,1.350391117655541,BULLISH_ABOVE_EMA200,0.007356619486212884,0.11402760203630788,0.32663390518788804
2023-05-24,20:00:00,1.35931,1.36056,1.35832,1.35942,8396,1.3504809572808592,BULLISH_ABOVE_EMA200,0.019861411484308932,0.010298509658532976,0.3611834458813295
2023-05-25,00:00:00,1.35897,1.3601,1.35879,1.35969,3657,1.3505725895467213,BULLISH_ABOVE_EMA200,0.0867844876405621,0.07722348476490931,0.3905301943825376
2023-05-25,04:00:00,1.3597,1.36126,1.35919,1.36087,6437,1.3506750513422765,BULLISH_ABOVE_EMA200,-0.09626195007604858,0.21236414940442946,0.18517565968829336
2023-05-25,08:00:00,1.3609,1.36129,1.35898,1.35956,9377,1.3507634587916073,BULLISH_ABOVE_EMA200,0.08679278590131798,0.3508488040248272,0.23904792727058571
2023-05-25,12:00:00,1.35956,1.36109,1.35861,1.36074,9169,1.3508627278583576,BULLISH_ABOVE_EMA200,0.22193806311271974,0.31306494995369655,0.14844863824095056
2023-05-25,16:00:00,1.36068,1.36447,1.36,1.36376,12584,1.3509910589244436,BULLISH_ABOVE_EMA200,0.04179621047691379,-0.02713087346747092,-0.1422537689916153
2023-05-25,20:00:00,1.36378,1.36444,1.36199,1.36433,7084,1.35112378470629,BULLISH_ABOVE_EMA200,0.04910835355082336,-0.11140999611530683,-0.2015641377086211
2023-05-26,00:00:00,1.36338,1.36543,1.36338,1.365,3521,1.3512618565002572,BULLISH_ABOVE_EMA200,-0.11794871794870984,-0.16410256410256555,-0.3098901098901067
2023-05-26,04:00:00,1.36498,1.36531,1.36318,1.36339,5901,1.3513825345450308,BULLISH_ABOVE_EMA200,-0.042541019077448484,-0.11515413784757636,-0.2611138412339835
2023-05-26,08:00:00,1.36337,1.36417,1.36124,1.36281,9490,1.351496240668961,BULLISH_ABOVE_EMA200,-0.0036688900140229024,-0.09025469434477766,-0.27810186306236245
2023-05-26,12:00:00,1.36283,1.36337,1.36005,1.36276,9566,1.351608317876235,BULLISH_ABOVE_EMA200,-0.06897766297806956,-0.1460271801344284,-0.14749478998503532
2023-05-26,16:00:00,1.36278,1.36462,1.36118,1.36182,13109,1.3517099266535861,BULLISH_ABOVE_EMA200,-0.017623474467992686,-0.14612797579709036,-0.2489315768603783
2023-05-26,20:00:00,1.36182,1.36284,1.36114,1.36158,5479,1.3518081363386252,BULLISH_ABOVE_EMA200,-0.05948971048340732,-0.18801686276238766,-0.19315794885353121
2023-05-29,00:00:00,1.36067,1.36187,1.36024,1.36077,2997,1.3518973091113753,BULLISH_ABOVE_EMA200,-0.06907853641687726,-0.0014697560939858332,-0.15285463377353128
2023-05-29,04:00:00,1.36078,1.36114,1.35948,1.35983,4385,1.3519762413590233,BULLISH_ABOVE_EMA200,-0.05956626931309056,-0.10295404572630901,-0.01912003706346742
2023-05-29,08:00:00,1.3598,1.36017,1.35837,1.35902,6471,1.35204632850968,BULLISH_ABOVE_EMA200,0.12729761151418004,-0.0051507704080729095,-0.04120616326469764
2023-05-29,12:00:00,1.35905,1.36101,1.35859,1.36075,5179,1.3521329322061013,BULLISH_ABOVE_EMA200,-0.17049421275031254,-0.15138710270071293,-0.12640088186661355
2023-05-29,16:00:00,1.36073,1.3612,1.35826,1.35843,4435,1.3521955895970854,BULLISH_ABOVE_EMA200,0.038279484404796414,0.0839204081181893,0.06330837805408324
2023-05-29,20:00:00,1.35844,1.35946,1.35838,1.35895,1681,1.352262797660796,BULLISH_ABOVE_EMA200,-0.019132418411284373,-0.03605725008279197,0.07505794915190396
2023-05-30,00:00:00,1.3585,1.36046,1.3585,1.35869,3264,1.3523267499228777,BULLISH_ABOVE_EMA200,0.06476826943600025,0.025024104100273573,0.13321655418087197
2023-05-30,04:00:00,1.35865,1.3607,1.35672,1.35957,6147,1.3523988220629488,BULLISH_ABOVE_EMA200,-0.08164346080010182,-0.02059474686848312,0.32068962980943544
2023-05-30,08:00:00,1.35952,1.36077,1.35787,1.35846,9669,1.3524591322911783,BULLISH_ABOVE_EMA200,0.041959277417072234,0.11115527877154281,0.43210694462847943
2023-05-30,12:00:00,1.35847,1.3594,1.35672,1.35903,10061,1.3525245140594255,BULLISH_ABOVE_EMA200,0.019131292171633372,0.10816538266264043,0.3495139915969502
2023-05-30,16:00:00,1.35905,1.36134,1.35845,1.35929,13127,1.352591832327491,BULLISH_ABOVE_EMA200,0.050026116575549874,0.3413546778097372,0.08018892215787751
2023-05-30,20:00:00,1.35929,1.36128,1.35929,1.35997,6659,1.3526652469311977,BULLISH_ABOVE_EMA200,0.038971447899596424,0.320595307249435,-0.1816216534188234
2023-05-31,00:00:00,1.35998,1.36083,1.35966,1.3605,2843,1.352743204673176,BULLISH_ABOVE_EMA200,0.2521131936787978,0.24108783535464529,-0.2050716648291121
2023-05-31,04:00:00,1.36051,1.36411,1.36038,1.36393,6238,1.3528545160694627,BULLISH_ABOVE_EMA200,0.029327018248733877,-0.26027728695755387,-0.5366844339518885
2023-05-31,08:00:00,1.36399,1.36493,1.36251,1.36433,9653,1.3529686999891697,BULLISH_ABOVE_EMA200,-0.04031282754172748,-0.5006120220181418,-0.49254945650979304
2023-05-31,12:00:00,1.3643,1.36512,1.36295,1.36378,9682,1.3530762751136558,BULLISH_ABOVE_EMA200,-0.249307072988317,-0.4450864508938407,-0.7317895848304051
2023-05-31,16:00:00,1.36382,1.36436,1.35727,1.36038,17761,1.3531489489931219,BULLISH_ABOVE_EMA200,-0.2117055528602298,-0.27712844940383047,-1.20334024316735
2023-05-31,20:00:00,1.36038,1.36098,1.35692,1.3575,8045,1.3531922430329915,BULLISH_ABOVE_EMA200,0.015469613259671711,0.008103130755068471,-0.936279926335175
2023-06-01,00:00:00,1.35667,1.35785,1.35629,1.35771,3415,1.3532371958386333,BULLISH_ABOVE_EMA200,-0.08101877425958996,-0.2879849157773074,-0.9471831245258466
2023-06-01,04:00:00,1.35771,1.35826,1.35604,1.35661,6398,1.353270756079045,BULLISH_ABOVE_EMA200,0.07371315263781705,-0.9287857232366094,-0.9649051680291348
2023-06-01,08:00:00,1.35663,1.35849,1.35643,1.35761,8126,1.3533139326354724,BULLISH_ABOVE_EMA200,-0.2806402427795973,-0.9443065386966841,-1.216107718711561
2023-06-01,12:00:00,1.35762,1.35787,1.35341,1.3538,9410,1.3533187691266617,BULLISH_ABOVE_EMA200,-0.7231496528290712,-0.6611020830255423,-0.806618407445695
2023-06-01,16:00:00,1.35378,1.35493,1.34362,1.34401,15268,1.3532261445582374,BEARISH_BELOW_EMA200,0.058035282475577044,-0.0364580620679816,0.008928504996251517
2023-06-01,20:00:00,1.34406,1.34582,1.34379,1.34479,6697,1.3531422028213396,BEARISH_BELOW_EMA200,0.0044616631593164015,-0.2743922842971744,-0.14128600004461758
2023-06-02,00:00:00,1.34441,1.34501,1.34408,1.34485,2694,1.3530596933405303,BEARISH_BELOW_EMA200,-0.09889578763431263,-0.14648473807488024,-0.1390489645685421
2023-06-02,04:00:00,1.34485,1.345,1.34275,1.34352,5578,1.352964771018734,BEARISH_BELOW_EMA200,-0.18012385375730086,0.04540312016196256,0.026795284030004463
2023-06-02,08:00:00,1.34353,1.34384,1.34066,1.3411,8567,1.352846713595662,BEARISH_BELOW_EMA200,0.13272686600552644,0.13347252255610753,0.18790545074939063
2023-06-02,12:00:00,1.3411,1.34445,1.34074,1.34288,10349,1.3527475423161033,BEARISH_BELOW_EMA200,0.09308352198260256,0.007446681758607543,0.06106279042057525
2023-06-02,16:00:00,1.34288,1.3451,1.34123,1.34413,12651,1.3526617956263909,BEARISH_BELOW_EMA200,-0.09225298148245556,-0.01859939142791869,-0.1659065715369759
2023-06-02,20:00:00,1.34409,1.34476,1.34217,1.34289,6171,1.3525645638291135,BEARISH_BELOW_EMA200,0.006701963675367716,0.054360372033459135,0.10872074406690176
2023-06-05,00:00:00,1.34165,1.34334,1.34159,1.34298,3941,1.352469195034794,BEARISH_BELOW_EMA200,0.06701514542285819,0.05361211633827993,0.084885850868957
2023-06-05,04:00:00,1.343,1.34408,1.34226,1.34388,6391,1.3523837304075823,BEARISH_BELOW_EMA200,-0.019346965502866846,-0.14733458344494083,-0.18379617227728462
2023-06-05,08:00:00,1.34386,1.3443,1.34224,1.34362,8942,1.3522965291099944,BEARISH_BELOW_EMA200,0.005954064393195841,0.054330837588000884,-0.08484541760320186
2023-06-05,12:00:00,1.34361,1.34518,1.34332,1.3437,7295,1.3522109915069098,BEARISH_BELOW_EMA200,-0.1339584728733945,0.031256977003801964,0.0022326412145714475
2023-06-05,16:00:00,1.34366,1.34615,1.34169,1.3419,11461,1.352108394576493,BEARISH_BELOW_EMA200,0.1825769431403116,-0.03651538862807224,-0.07377598926895047
2023-06-05,20:00:00,1.34192,1.34466,1.34187,1.34435,6539,1.3520311966205079,BEARISH_BELOW_EMA200,-0.017108639863127346,-0.13910068062632786,-0.31241864097891037
2023-06-06,00:00:00,1.34442,1.34501,1.3436,1.34412,2947,1.3519524782461747,BEARISH_BELOW_EMA200,-0.20161890307412955,-0.02901526649405488,-0.3675267089247943
2023-06-06,04:00:00,1.34411,1.34421,1.34131,1.34141,6633,1.3518475779651185,BEARISH_BELOW_EMA200,0.07976681253307373,-0.03727421146405237,-0.0738029386988353
2023-06-06,08:00:00,1.3414,1.34264,1.33898,1.34248,9757,1.3517543682341224,BEARISH_BELOW_EMA200,0.09311125677851405,-0.17355938263511883,-0.2741195399558955
2023-06-06,12:00:00,1.34244,1.34402,1.34144,1.34373,8772,1.3516745237740815,BEARISH_BELOW_EMA200,-0.2098635886673695,-0.3386096909349388,-0.26642257001035463
2023-06-06,16:00:00,1.34373,1.34519,1.34009,1.34091,11863,1.351567414084787,BEARISH_BELOW_EMA200,-0.05667792767598824,-0.0365423481068902,-0.3109828400116344
2023-06-06,20:00:00,1.34091,1.34176,1.33992,1.34015,6230,1.3514538079744907,BEARISH_BELOW_EMA200,-0.07237995746744136,-0.10073499235159963,-0.2283326493303035
2023-06-07,00:00:00,1.34011,1.3404,1.33877,1.33918,3155,1.3513316805319584,BEARISH_BELOW_EMA200,0.09259397541778609,0.07243238399617045,-0.23820546901835646
2023-06-07,04:00:00,1.33916,1.34111,1.3388,1.34042,5776,1.3512231065963172,BEARISH_BELOW_EMA200,-0.12085764163470815,-0.27454081556526355,-0.3133346264603618
2023-06-07,08:00:00,1.34042,1.34265,1.33874,1.3388,7621,1.3510994935953589,BEARISH_BELOW_EMA200,0.10083657006273994,-0.12772632207948165,-0.398117717358833
2023-06-07,12:00:00,1.33875,1.34123,1.33749,1.34015,8324,1.3509905434103304,BEARISH_BELOW_EMA200,-0.25444912882885595,-0.31041301346863726,-0.3589150468231154
2023-06-07,16:00:00,1.34018,1.34111,1.33205,1.33674,14698,1.3508487469584864,BEARISH_BELOW_EMA200,0.02618310217393438,-0.038900608944153384,-0.10622858596286314
2023-06-07,20:00:00,1.3368,1.33923,1.33678,1.33709,6706,1.3507118440036758,BEARISH_BELOW_EMA200,-0.08226820932023117,-0.2707371979447873,-0.10171342243228249
2023-06-08,00:00:00,1.33685,1.33756,1.33568,1.33599,3169,1.3505653579936892,BEARISH_BELOW_EMA200,0.017215697722284783,-0.04865305878038304,0.06212621351955376
2023-06-08,04:00:00,1.33601,1.33679,1.33502,1.33622,6078,1.3504226181131551,BEARISH_BELOW_EMA200,-0.2058044334016876,-0.06735417820418052,0.04116088668034085
2023-06-08,08:00:00,1.33621,1.33652,1.33337,1.33347,8130,1.35025393534586,BEARISH_BELOW_EMA200,0.14023562584835342,0.16948262803063818,0.0059993850630370394
2023-06-08,12:00:00,1.33347,1.33645,1.33347,1.33534,9259,1.3501055379792346,BEARISH_BELOW_EMA200,-0.0014977458924250737,0.1108331960399543,0.006739856515937775
2023-06-08,16:00:00,1.33536,1.33882,1.3345,1.33532,13601,1.3499584181983468,BEARISH_BELOW_EMA200,0.03070425066650851,0.10858820357666711,-0.0576640805200371
2023-06-08,20:00:00,1.33532,1.33636,1.33492,1.33573,6024,1.3498168418978658,BEARISH_BELOW_EMA200,0.08160331803581662,-0.1632066360716665,-0.12727122996414206
2023-06-09,00:00:00,1.33573,1.33683,1.33502,1.33682,3090,1.3496875200879368,BEARISH_BELOW_EMA200,-0.0037402193264525867,-0.10397809727562442,-0.19374336111068585
2023-06-09,04:00:00,1.33684,1.33709,1.33611,1.33677,5833,1.3495589875497482,BEARISH_BELOW_EMA200,-0.24087913403203248,-0.1660719495500431,-0.10697427380925982
2023-06-09,08:00:00,1.33678,1.33694,1.33323,1.33355,8155,1.3493996941412931,BEARISH_BELOW_EMA200,0.14097709122266744,0.035994150950473244,-0.14022721307787772
2023-06-09,12:00:00,1.33354,1.33636,1.33163,1.33543,9349,1.3492606922095391,BEARISH_BELOW_EMA200,-0.06589637794567982,-0.08985869719864523,-0.11756512883489584
2023-06-09,16:00:00,1.33541,1.33694,1.33129,1.33455,13103,1.349114317162678,BEARISH_BELOW_EMA200,-0.03896444494397767,0.059195983664910905,0.2585141058783991
2023-06-09,20:00:00,1.33458,1.33544,1.33403,1.33403,6091,1.3489642244545919,BEARISH_BELOW_EMA200,0.01499216659295353,-0.17615795746722895,0.20014542401594793
2023-06-12,00:00:00,1.33343,1.3347,1.33337,1.33423,3543,1.3488176152560387,BEARISH_BELOW_EMA200,0.08319405200002582,-0.027731350666675265,0.17838003942349134
2023-06-12,04:00:00,1.33422,1.33581,1.33422,1.33534,5583,1.3486835096316006,BEARISH_BELOW_EMA200,-0.2740874983150356,0.19920020369344937,0.07264067578295695
2023-06-12,08:00:00,1.33535,1.33535,1.33162,1.33168,8017,1.3485143204810375,BEARISH_BELOW_EMA200,0.16370299170972538,0.376967439625137,0.25606752372943464
2023-06-12,12:00:00,1.33167,1.33431,1.33148,1.33386,9247,1.3483685063468978,BEARISH_BELOW_EMA200,0.3103774009266364,0.20616856341745238,-0.09821120657341433
2023-06-12,16:00:00,1.33385,1.33833,1.33379,1.338,11544,1.3482653371295157,BEARISH_BELOW_EMA200,-0.09715994020927345,-0.12630792227204551,-0.6711509715994012
2023-06-12,20:00:00,1.33799,1.33831,1.3363,1.3367,5984,1.3481502591481276,BEARISH_BELOW_EMA200,-0.006732999177072153,-0.12044587416771822,-0.3942545073689016
2023-06-13,00:00:00,1.33688,1.33695,1.336,1.33661,3147,1.3480354306988926,BEARISH_BELOW_EMA200,-0.022444841801270897,-0.30375352571057934,-0.3875476017686673
2023-06-13,04:00:00,1.33661,1.33782,1.33544,1.33631,6012,1.347918759746665,BEARISH_BELOW_EMA200,-0.0912961812753028,-0.5455320995876718,-0.4070911689652933
2023-06-13,08:00:00,1.33629,1.33688,1.33411,1.33509,8525,1.3477911103959521,BEARISH_BELOW_EMA200,-0.19024934648602032,-0.2741388221018971,-0.4636391554127542
2023-06-13,12:00:00,1.3351,1.33586,1.33184,1.33255,10754,1.3476394575561916,BEARISH_BELOW_EMA200,-0.2649056320588204,-0.08404937901016922,-0.1463359723837677
2023-06-13,16:00:00,1.3325,1.33346,1.32858,1.32902,15004,1.3474541893218017,BEARISH_BELOW_EMA200,0.1813366239785557,0.13920031301258876,-0.0759958465636467
2023-06-13,20:00:00,1.32903,1.33168,1.32879,1.33143,7600,1.3472947446519332,BEARISH_BELOW_EMA200,0.0,-0.1900212553419948,0.060836844595675295
2023-06-14,00:00:00,1.33116,1.33193,1.331,1.33143,2781,1.3471368864961928,BEARISH_BELOW_EMA200,-0.04206004070810286,-0.062338988906655735,0.12693119427984886
2023-06-14,04:00:00,1.3314,1.3316,1.33038,1.33087,4546,1.3469750269290666,BEARISH_BELOW_EMA200,-0.1480234733670477,-0.21489702224861065,0.23067617423188636
2023-06-14,08:00:00,1.3309,1.3318,1.32847,1.3289,7399,1.346795175914847,BEARISH_BELOW_EMA200,0.12792535179472006,0.25133569117315985,0.2897132967115758
2023-06-14,12:00:00,1.32892,1.33092,1.3285,1.3306,8718,1.346634029885844,BEARISH_BELOW_EMA200,-0.19464903051255766,0.18938824590410927,0.1503081316699235
2023-06-14,16:00:00,1.33063,1.3307,1.32718,1.32801,10512,1.3464487161556367,BEARISH_BELOW_EMA200,0.3185216978787945,0.446532782132664,-0.3516539785091944
2023-06-14,20:00:00,1.32806,1.3353,1.32806,1.33224,14139,1.3463073358953817,BEARISH_BELOW_EMA200,0.06605416441481954,0.038281390740407914,-0.767879661322298
2023-06-15,00:00:00,1.33211,1.33319,1.33195,1.33312,3237,1.3461761186227907,BEARISH_BELOW_EMA200,0.061509841574638506,-0.039006240998565464,-0.7838754200672159
2023-06-15,04:00:00,1.33316,1.33543,1.33305,1.33394,6388,1.3460543661986835,BEARISH_BELOW_EMA200,-0.08920940971856323,-0.7946384395100188,-0.7863921915528352
2023-06-15,08:00:00,1.33395,1.33507,1.33196,1.33275,8256,1.3459219844454628,BEARISH_BELOW_EMA200,-0.011254924029269893,-0.8058525604952311,-0.8006002626149074
2023-06-15,12:00:00,1.33272,1.33402,1.33193,1.3326,9357,1.345789427386304,BEARISH_BELOW_EMA200,-0.6948821852018645,-0.7451598379108505,-0.8292060633348345
2023-06-15,16:00:00,1.33259,1.33266,1.32278,1.32334,11890,1.3455660499993758,BEARISH_BELOW_EMA200,-0.10050327202382255,0.008312300693703395,-0.3052881345685949
2023-06-15,20:00:00,1.3234,1.32364,1.32097,1.32201,7300,1.3453316614421682,BEARISH_BELOW_EMA200,0.04992397939502008,0.005294967511593293,-0.180785319324354
2023-06-16,00:00:00,1.32154,1.32276,1.32151,1.32267,2974,1.3451061722735895,BEARISH_BELOW_EMA200,0.0589716255755406,-0.08467720595462284,-0.12247953004150354
2023-06-16,04:00:00,1.32267,1.32392,1.32215,1.32345,5773,1.3448906879723599,BEARISH_BELOW_EMA200,-0.1035173221504472,-0.313574370017764,-0.1284521515735415
2023-06-16,08:00:00,1.32344,1.32378,1.32112,1.32208,8813,1.3446637159527344,BEARISH_BELOW_EMA200,-0.04008834563717169,-0.1860704344668936,-0.197416192666102
2023-06-16,12:00:00,1.32206,1.32329,1.32029,1.32155,8055,1.344433728729324,BEARISH_BELOW_EMA200,-0.1702546252506591,-0.03783436116680753,-0.18311830804737533
2023-06-16,16:00:00,1.32154,1.32212,1.31879,1.3193,13787,1.344183641876296,BEARISH_BELOW_EMA200,0.02425528689457273,0.18570454028652036,0.16827105283105517
2023-06-16,20:00:00,1.31932,1.32022,1.31775,1.31962,7962,1.3439392275292683,BEARISH_BELOW_EMA200,0.10836452918264669,-0.011366908655529206,0.09927100225821997
2023-06-19,00:00:00,1.31886,1.32123,1.31816,1.32105,3169,1.3437114740215146,BEARISH_BELOW_EMA200,0.05298815336284946,-0.14533893493812827,-0.014382498769928049
2023-06-19,04:00:00,1.32106,1.32284,1.32068,1.32175,5588,1.3434929518919472,BEARISH_BELOW_EMA200,-0.1724985814261441,-0.01740117268772101,0.10062417249858548
2023-06-19,08:00:00,1.32176,1.32191,1.31788,1.31947,8337,1.3432539175447635,BEARISH_BELOW_EMA200,-0.02576792196866977,0.11065048845369861,0.17355453325957584
2023-06-19,12:00:00,1.31948,1.32094,1.31866,1.31913,7254,1.3430138785642187,BEARISH_BELOW_EMA200,0.18118002016481424,0.13114704388498552,0.33127894900426685
2023-06-19,16:00:00,1.31917,1.3217,1.3185,1.32152,6679,1.342800009125769,BEARISH_BELOW_EMA200,-0.044645559658581815,0.11804588655487665,0.16420485501543716
2023-06-19,20:00:00,1.32152,1.32182,1.32081,1.32093,1865,1.3425823970946669,BEARISH_BELOW_EMA200,-0.0052992967076237575,0.0628345181046769,0.1824472152195819
2023-06-20,00:00:00,1.32083,1.32123,1.32052,1.32086,3580,1.3423662538399936,BEARISH_BELOW_EMA200,0.16807231652106286,0.19986978180881967,0.14460275880866091
2023-06-20,04:00:00,1.32091,1.32319,1.32066,1.32308,6282,1.34217435081671,BEARISH_BELOW_EMA200,-0.09976720984369712,0.04610454394292102,-0.13831363182876305
2023-06-20,08:00:00,1.32308,1.32387,1.32092,1.32176,8444,1.341971222947887,BEARISH_BELOW_EMA200,0.13164265827380559,0.11953758624863173,0.11726788524391268
2023-06-20,12:00:00,1.32175,1.32463,1.32101,1.3235,9368,1.341787429684724,BEARISH_BELOW_EMA200,0.01435587457500072,-0.05515678126179807,-0.16849263316962254
2023-06-20,16:00:00,1.32347,1.32695,1.32258,1.32369,14309,1.3416073557575128,BEARISH_BELOW_EMA200,-0.02644123624111933,-0.18433318979519356,-0.5159818386480305
2023-06-20,20:00:00,1.3237,1.32404,1.32238,1.32334,7192,1.3414255910236073,BEARISH_BELOW_EMA200,-0.04307283086734773,-0.0022669910982796933,-0.525941934801325
2023-06-21,00:00:00,1.32333,1.32348,1.322,1.32277,3395,1.341239963252228,BEARISH_BELOW_EMA200,-0.1149103774654676,-0.11339839881461303,-0.5458242929609838
2023-06-21,04:00:00,1.32281,1.32302,1.32089,1.32125,7903,1.3410410581452408,BEARISH_BELOW_EMA200,0.15591296121097073,-0.3322611163670854,-0.3617786187322616
2023-06-21,08:00:00,1.32124,1.32458,1.32108,1.32331,9318,1.3408646297059847,BEARISH_BELOW_EMA200,-0.15415888945145445,-0.5236868156365387,-0.6574423226605958
2023-06-21,12:00:00,1.3233,1.32372,1.32067,1.32127,9991,1.3406696582661244,BEARISH_BELOW_EMA200,-0.33376978210358405,-0.4329168148826468,-0.3678279231345497
2023-06-21,16:00:00,1.32126,1.3221,1.31665,1.31686,15494,1.3404327462435761,BEARISH_BELOW_EMA200,-0.036450344000107375,-0.029615904500090405,-0.09492277083364772
2023-06-21,20:00:00,1.31692,1.31726,1.31569,1.31638,7213,1.3401934154351824,BEARISH_BELOW_EMA200,-0.06305170239597292,-0.13445965450706096,-0.10559261003661574
2023-06-22,00:00:00,1.31633,1.31666,1.31552,1.31555,3234,1.3399482073213997,BEARISH_BELOW_EMA200,0.06993272775645411,0.06537189768538504,-0.08437535631484508
2023-06-22,04:00:00,1.31554,1.31648,1.31508,1.31647,5004,1.3397145933182018,BEARISH_BELOW_EMA200,-0.141286926401663,-0.06532621328249659,0.1982574612410462
2023-06-22,08:00:00,1.31647,1.31681,1.31387,1.31461,9064,1.339464796369762,BEARISH_BELOW_EMA200,0.1369227375419344,0.028905911258856005,0.449562988262668
2023-06-22,12:00:00,1.3146,1.317,1.31408,1.31641,9893,1.339235395410859,BEARISH_BELOW_EMA200,-0.060771340235954895,-0.14964942533101597,0.3980522785454312
2023-06-22,16:00:00,1.31648,1.31792,1.31498,1.31561,14130,1.3390003168495568,BEARISH_BELOW_EMA200,-0.04712642804477337,0.2637559763151758,0.31772333746323556
2023-06-22,20:00:00,1.31562,1.31677,1.31448,1.31499,7637,1.338761408224188,BEARISH_BELOW_EMA200,-0.04182541312101616,0.42053551738034606,0.2349827755344006
2023-06-23,00:00:00,1.31532,1.31539,1.31426,1.31444,3433,1.338519404162256,BEARISH_BELOW_EMA200,0.35300203889108495,0.5485225647423951,0.1673716563707723
2023-06-23,04:00:00,1.31441,1.31953,1.31441,1.31908,7094,1.3383259772551688,BEARISH_BELOW_EMA200,0.10916699517844906,0.05382539345604424,-0.21681778209055438
2023-06-23,08:00:00,1.31909,1.32063,1.3176,1.32052,9976,1.3381488033521325,BEARISH_BELOW_EMA200,0.0855723502862566,-0.1847756944234088,-0.27792081907126287
2023-06-23,12:00:00,1.32056,1.32257,1.31957,1.32165,8879,1.3379846361545988,BEARISH_BELOW_EMA200,-0.14073317444103756,-0.3790716150266681,-0.47062384141035013
2023-06-23,16:00:00,1.32173,1.32193,1.31844,1.31979,13180,1.3378035949988318,BEARISH_BELOW_EMA200,-0.12956606732890083,-0.27049757916032646,-0.3955174686882006
2023-06-23,20:00:00,1.31976,1.32018,1.31783,1.31808,6978,1.3376073403222266,BEARISH_BELOW_EMA200,-0.10924981791696148,-0.0933175528040667,-0.1964979363923184
2023-06-26,00:00:00,1.31787,1.31806,1.31609,1.31664,3262,1.3373987100702642,BEARISH_BELOW_EMA200,-0.03189938024061908,-0.09190059545509277,-0.10481224936200759
2023-06-26,04:00:00,1.31662,1.31729,1.31531,1.31622,5612,1.3371879766367294,BEARISH_BELOW_EMA200,0.047864338788358364,-0.12535898254090724,-0.24463995380711437
2023-06-26,08:00:00,1.31621,1.31697,1.31387,1.31685,8774,1.3369856087099958,BEARISH_BELOW_EMA200,-0.10783308653225324,-0.10327675893230268,-0.23920719899760684
2023-06-26,12:00:00,1.31687,1.31706,1.31358,1.31543,7966,1.3367711250412397,BEARISH_BELOW_EMA200,-0.0653778612316948,-0.012923530708589849,0.052454330523088066
2023-06-26,16:00:00,1.31542,1.31769,1.3139,1.31457,11132,1.3365502183244116,BEARISH_BELOW_EMA200,0.06998486197007629,-0.1194306883619793,0.29211072822292194
2023-06-26,20:00:00,1.31456,1.31563,1.31387,1.31549,6630,1.3363406639132234,BEARISH_BELOW_EMA200,-0.017483979353697287,-0.13607096975271255,0.276702977597691
2023-06-27,00:00:00,1.31466,1.3155,1.31454,1.31526,3264,1.3361309060633406,BEARISH_BELOW_EMA200,-0.17182914404757618,0.06538631145171758,0.36950869029696515
2023-06-27,04:00:00,1.31525,1.31545,1.31214,1.313,7405,1.3359007477940537,BEARISH_BELOW_EMA200,0.053313023610064354,0.41203351104342245,0.6595582635186681
2023-06-27,08:00:00,1.31301,1.31386,1.31165,1.3137,8295,1.3356798448309288,BEARISH_BELOW_EMA200,0.1842125294968308,0.4133363781685182,0.6432214356397843
2023-06-27,12:00:00,1.31376,1.3177,1.31376,1.31612,9535,1.335485219509228,BEARISH_BELOW_EMA200,0.17399629213142612,0.3039236543780205,0.8403489043552312
2023-06-27,16:00:00,1.31612,1.31893,1.31522,1.31841,13274,1.335315316827544,BEARISH_BELOW_EMA200,0.05461123626184812,0.2465090525708979,0.4930181051417958
2023-06-27,20:00:00,1.31842,1.31919,1.31745,1.31913,6508,1.335154268898912,BEARISH_BELOW_EMA200,0.0750494644197347,0.2289387702500908,0.5079105167800103
2023-06-28,00:00:00,1.31909,1.32033,1.3189,1.32012,3332,1.3350046741834998,BEARISH_BELOW_EMA200,0.11665606157016764,0.5347998666787918,0.38405599490956355
2023-06-28,04:00:00,1.3201,1.32174,1.31981,1.32166,7099,1.3348718913558033,BEARISH_BELOW_EMA200,0.03707458801808933,0.24590287971187558,0.4259794500855003
2023-06-28,08:00:00,1.32165,1.32347,1.32051,1.32215,8199,1.3347453053721636,BEARISH_BELOW_EMA200,0.38044094845517457,0.2783345308777467,0.3191770979087178
2023-06-28,12:00:00,1.32214,1.32759,1.32116,1.32718,10010,1.3346700287017939,BEARISH_BELOW_EMA200,-0.17103934658448697,-0.14994198224807007,0.03616691029099564
2023-06-28,16:00:00,1.3272,1.32761,1.32396,1.32491,14684,1.334572913988343,BEARISH_BELOW_EMA200,0.0694386788536604,0.17963484312142325,0.006038145987263887
2023-06-28,20:00:00,1.3249,1.32593,1.32457,1.32583,6502,1.334485919819305,BEARISH_BELOW_EMA200,-0.04827164870307459,0.040729203593219715,-0.05053438223604613
2023-06-29,00:00:00,1.32556,1.32595,1.32491,1.32519,3211,1.3343934231046852,BEARISH_BELOW_EMA200,0.1584678423471344,0.18638836695115207,0.019619828100115977
2023-06-29,04:00:00,1.3252,1.32755,1.32426,1.32729,6594,1.334322742277773,BEARISH_BELOW_EMA200,-0.06931416645947999,-0.17328541614870832,-0.206435669672806
2023-06-29,08:00:00,1.32726,1.32786,1.32592,1.32637,9318,1.3342436105138151,BEARISH_BELOW_EMA200,0.09725792953700801,-0.09122643003084775,-0.045236246296294094
2023-06-29,12:00:00,1.32636,1.32852,1.32525,1.32766,9421,1.3341781019514887,BEARISH_BELOW_EMA200,-0.20110570477382553,-0.16645827998132393,-0.05874998116987805
2023-06-29,16:00:00,1.32765,1.32848,1.32401,1.32499,13827,1.3340866780514737,BEARISH_BELOW_EMA200,0.01283028551158903,-0.03320779779470004,-0.1600012075562759
2023-06-29,20:00:00,1.32499,1.32582,1.32388,1.32516,7040,1.333997855384295,BEARISH_BELOW_EMA200,0.021884149838519388,0.04603217724652114,-0.03244891182950968
2023-06-30,00:00:00,1.32394,1.32584,1.32394,1.32545,3104,1.3339128020968891,BEARISH_BELOW_EMA200,-0.06790146742616643,0.10788788713267511,0.012071371986867703
2023-06-30,04:00:00,1.32544,1.32606,1.32405,1.32455,6731,1.3338196398869697,BEARISH_BELOW_EMA200,0.09210675323694832,-0.12683552904759382,-0.04001358952096331
2023-06-30,08:00:00,1.32454,1.3268,1.32425,1.32577,7797,1.3337395439676965,BEARISH_BELOW_EMA200,0.08372492966352886,-0.07844497914419017,0.05506234113006928
2023-06-30,12:00:00,1.32579,1.32848,1.32505,1.32688,9541,1.3336712897988636,BEARISH_BELOW_EMA200,-0.30221270951405316,-0.0957132521403672,-0.13339563487278797
2023-06-30,16:00:00,1.32692,1.32709,1.32067,1.32287,13884,1.333563814278477,BEARISH_BELOW_EMA200,0.14060338506429,0.08693220044297507,0.16630507910830086
2023-06-30,20:00:00,1.32288,1.32506,1.32199,1.32473,6530,1.33347591562894,BEARISH_BELOW_EMA200,0.06642863073984827,0.1336121322835634,0.018871770096554278
2023-07-03,00:00:00,1.32348,1.32576,1.32333,1.32561,2550,1.3333976478117366,BEARISH_BELOW_EMA200,-0.11994478013895342,-0.037718484320421915,-0.05657772648064125
2023-07-03,04:00:00,1.32563,1.3257,1.32379,1.32402,5017,1.3333043378832616,BEARISH_BELOW_EMA200,0.18730834881648598,0.0793039380069784,0.0868566940076422
2023-07-03,08:00:00,1.32402,1.32731,1.32402,1.3265,7971,1.3332366330287018,BEARISH_BELOW_EMA200,-0.1047870335469282,-0.11458725970599064,-0.21032793064455862
2023-07-03,12:00:00,1.32651,1.32689,1.32442,1.32511,7349,1.3331557710085156,BEARISH_BELOW_EMA200,-0.003018617322338523,-0.018866358264603204,-0.3380851401015795
2023-07-03,16:00:00,1.32516,1.3262,1.323,1.32507,10131,1.3330753155755952,BEARISH_BELOW_EMA200,-0.0067920940025752215,0.0075467711139780526,-0.23847796720173664
2023-07-03,20:00:00,1.32508,1.32562,1.32476,1.32498,2115,1.332994765171858,BEARISH_BELOW_EMA200,-0.009056740479110629,-0.09585050340383283,-0.2060408458995699
2023-07-04,00:00:00,1.32432,1.32505,1.32418,1.32486,2286,1.332913822234825,BEARISH_BELOW_EMA200,0.023398698730434347,-0.3192790181604061,-0.20153072777500644
2023-07-04,04:00:00,1.32489,1.32567,1.32432,1.32517,5241,1.3328367692772645,BEARISH_BELOW_EMA200,-0.11017454364345834,-0.24600617279292775,-0.11772074526287238
2023-07-04,08:00:00,1.32518,1.32557,1.32288,1.32371,6339,1.332745955652615,BEARISH_BELOW_EMA200,-0.23267936330464917,-0.1102960618262321,0.2659192723481705
2023-07-04,12:00:00,1.3237,1.32401,1.32062,1.32063,5957,1.3326253988799523,BEARISH_BELOW_EMA200,0.09692343805607535,0.1181254401308471,0.5436799103458171
2023-07-04,16:00:00,1.32064,1.32242,1.3203,1.32191,5651,1.3325187779955747,BEARISH_BELOW_EMA200,0.025720359177251625,0.12860179588625814,0.41455167144511745
2023-07-04,20:00:00,1.32191,1.32274,1.32171,1.32225,2089,1.3324166011000964,BEARISH_BELOW_EMA200,-0.004537719795798751,0.37663074305161537,0.4537719795802614
2023-07-05,00:00:00,1.32189,1.32253,1.32168,1.32219,2139,1.33231484387522,BEARISH_BELOW_EMA200,0.10739757523502498,0.4250523752259478,0.4991718285571619
2023-07-05,04:00:00,1.32217,1.32364,1.32207,1.32361,4301,1.3322282285132774,BEARISH_BELOW_EMA200,0.2734944583374224,0.28558261119212736,0.44499512696337673
2023-07-05,08:00:00,1.32364,1.32734,1.32256,1.32723,7684,1.3321784948962299,BEARISH_BELOW_EMA200,0.04370003691899859,0.07685178906444406,0.18082773897517235
2023-07-05,12:00:00,1.32724,1.32929,1.32632,1.32781,8272,1.332135027285322,BEARISH_BELOW_EMA200,-0.0316310315481782,0.07380574027910476,0.3163103154818823
2023-07-05,16:00:00,1.3278,1.32802,1.32428,1.32739,11711,1.3320878130834781,BEARISH_BELOW_EMA200,0.06478879605841997,0.15895855777125292,0.6456278863031939
2023-07-05,20:00:00,1.32737,1.32862,1.32676,1.32825,5676,1.3320496258886176,BEARISH_BELOW_EMA200,0.04065499717673517,0.10389610389611587,0.6399397703745661
2023-07-06,00:00:00,1.32768,1.32896,1.32768,1.32879,2586,1.3320171918001737,BEARISH_BELOW_EMA200,0.05343206977776688,0.24232572490762277,0.6095771340843923
2023-07-06,04:00:00,1.32879,1.33059,1.32791,1.3295,5744,1.331992145115595,BEARISH_BELOW_EMA200,0.009778112072221552,0.48589695374201824,0.5167356148928284
2023-07-06,08:00:00,1.32949,1.33053,1.32815,1.32963,8494,1.3319686411840967,BEARISH_BELOW_EMA200,0.1789971646247322,0.5354873160202474,0.5866293630558732
2023-07-06,12:00:00,1.32964,1.3329,1.32746,1.33201,9387,1.3319690527146033,BULLISH_ABOVE_EMA200,0.29654432023784505,0.3663636158887693,0.10285208069009194
2023-07-06,16:00:00,1.33199,1.33695,1.33028,1.33596,14529,1.3320087636328661,BULLISH_ABOVE_EMA200,0.0591335069912324,0.030689541603043612,-0.686397796341217
2023-07-06,20:00:00,1.33595,1.33719,1.3354,1.33675,5695,1.3320559401141312,BULLISH_ABOVE_EMA200,0.010473162521025392,0.05086964653074934,-0.6822517299420248
2023-07-07,00:00:00,1.33613,1.33729,1.33581,1.33689,3021,1.332104040212498,BULLISH_ABOVE_EMA200,-0.03889624426840308,-0.2625496488117872,-0.6373000022440037
2023-07-07,04:00:00,1.33689,1.33691,1.33593,1.33637,4919,1.3321464875735676,BULLISH_ABOVE_EMA200,0.07931935017995306,-0.716867334645356,-0.5342831700801534
2023-07-07,08:00:00,1.33632,1.33868,1.33579,1.33743,8269,1.3321990598365172,BULLISH_ABOVE_EMA200,-0.3028195868194887,-0.7327486298348183,-0.7133083600636956
2023-07-07,12:00:00,1.33739,1.33752,1.33167,1.33338,8654,1.3322108104849102,BULLISH_ABOVE_EMA200,-0.49423270185544227,-0.37573684921027456,-0.2564910228141999
2023-07-07,16:00:00,1.33342,1.3348,1.3267,1.32679,11782,1.332156872072125,BEARISH_BELOW_EMA200,0.06331069724675148,0.18390250152623985,0.13792687614467988
2023-07-07,20:00:00,1.32681,1.32801,1.32655,1.32763,5009,1.33211182856892,BEARISH_BELOW_EMA200,0.05573842109623636,0.0195837695743488,0.02184343529446468
2023-07-10,00:00:00,1.32706,1.32863,1.32705,1.32837,3093,1.332074596443856,BEARISH_BELOW_EMA200,0.06474099836640852,0.11969556674721503,-0.13851562441187798
2023-07-10,04:00:00,1.32834,1.32947,1.32723,1.32923,5723,1.3320462920016287,BEARISH_BELOW_EMA200,-0.10081024352443872,-0.04589123026112858,-0.21741910730271188
2023-07-10,08:00:00,1.32924,1.33024,1.32736,1.32789,7298,1.3320049358623092,BEARISH_BELOW_EMA200,0.15588640625353126,0.002259223279034746,-0.01882686065864518
2023-07-10,12:00:00,1.32791,1.33021,1.32778,1.32996,7800,1.3319845882417887,BEARISH_BELOW_EMA200,-0.10075490992211185,-0.25790249330807274,-0.13233480706186532
2023-07-10,16:00:00,1.32994,1.33039,1.3268,1.32862,10243,1.3319511097518206,BEARISH_BELOW_EMA200,-0.052686245879177106,-0.1716066294350407,-0.28525838840300166
2023-07-10,20:00:00,1.32862,1.32889,1.32733,1.32792,5328,1.3319109992070264,BEARISH_BELOW_EMA200,-0.10467498042050744,-0.021085607566725253,-0.3697511898307104
2023-07-11,00:00:00,1.32751,1.32803,1.32642,1.32653,2670,1.3318574569263595,BEARISH_BELOW_EMA200,-0.014323083533724263,0.12589236579648108,-0.35430785583438945
2023-07-11,04:00:00,1.32652,1.32715,1.32527,1.32634,5822,1.3318025568574405,BEARISH_BELOW_EMA200,0.09801408386988682,-0.11384712818735183,-0.4433252408884681
2023-07-11,08:00:00,1.32632,1.32804,1.32448,1.32764,8234,1.331761138381247,BEARISH_BELOW_EMA200,0.04218010906571932,-0.34873911602542196,-0.4903437678888868
2023-07-11,12:00:00,1.3276,1.32856,1.32622,1.3282,7984,1.3317257041684984,BEARISH_BELOW_EMA200,-0.25372684836621706,-0.4795964463183245,-0.4532449932239223
2023-07-11,16:00:00,1.32817,1.32891,1.32451,1.32483,8946,1.3316570901966727,BEARISH_BELOW_EMA200,-0.1373761161809389,-0.3298536415992984,-0.45515273657752164
2023-07-11,20:00:00,1.32482,1.32559,1.32299,1.32301,5039,1.3315710494981985,BEARISH_BELOW_EMA200,-0.08919055789449504,-0.1421002108827676,-0.32879570071277436
2023-07-12,00:00:00,1.32294,1.32323,1.32154,1.32183,3137,1.331474123632545,BEARISH_BELOW_EMA200,-0.10364419025140097,0.02647844276494333,-0.24511472730987582
2023-07-12,04:00:00,1.32183,1.3219,1.31994,1.32046,5895,1.3313645303625694,BEARISH_BELOW_EMA200,0.05073989367341293,-0.12571376641473386,-0.21280462869000039
2023-07-12,08:00:00,1.32046,1.32276,1.32034,1.32113,7003,1.331262694239559,BEARISH_BELOW_EMA200,0.079477417059638,-0.1869611620355281,-0.3883039519199365
2023-07-12,12:00:00,1.32121,1.32327,1.31962,1.32218,8627,1.3311723191724987,BEARISH_BELOW_EMA200,-0.25563841534435094,-0.2715212754692994,-0.4787547837662003
2023-07-12,16:00:00,1.32218,1.32336,1.31433,1.3188,12706,1.331049211519041,BEARISH_BELOW_EMA200,-0.010615711252656127,-0.08720048528965609,-0.524719441916897
2023-07-12,20:00:00,1.3188,1.31989,1.31815,1.31866,5929,1.3309259357825334,BEARISH_BELOW_EMA200,-0.005308419152777403,-0.2017199278054908,-0.5899928715514157
2023-07-13,00:00:00,1.31783,1.31883,1.31728,1.31859,3025,1.3308031901528565,BEARISH_BELOW_EMA200,-0.07128827004602954,-0.20779772332567098,-0.5543800574856421
2023-07-13,04:00:00,1.3186,1.31943,1.3166,1.31765,6051,1.3306723126388977,BEARISH_BELOW_EMA200,-0.12522293477022953,-0.4379008082571284,-0.5896861837362012
2023-07-13,08:00:00,1.31765,1.31856,1.31521,1.316,8390,1.330526319478312,BEARISH_BELOW_EMA200,-0.011398176291800495,-0.3890577507598794,-0.30851063829786873
2023-07-13,12:00:00,1.31599,1.31745,1.31498,1.31585,8596,1.3303802864486771,BEARISH_BELOW_EMA200,-0.30170612151841236,-0.3473040240148925,-0.31918531747539475
2023-07-13,16:00:00,1.31587,1.31748,1.31064,1.31188,10686,1.3301962039964517,BEARISH_BELOW_EMA200,-0.07622648412963762,-0.15245296825929217,0.7371101015336821
2023-07-13,20:00:00,1.3119,1.31269,1.31031,1.31088,5696,1.330004002961661,BEARISH_BELOW_EMA200,0.030513853289390023,0.08086171121689711,0.8345538874649052
2023-07-14,00:00:00,1.31072,1.31148,1.31065,1.31128,3268,1.3298176944744804,BEARISH_BELOW_EMA200,-0.10676590812031511,0.02821670428893764,0.8472637422975987
2023-07-14,04:00:00,1.3113,1.31151,1.30925,1.30988,5397,1.3296193094548339,BEARISH_BELOW_EMA200,0.15726631447156783,0.8909213057684726,0.9199315967875009
2023-07-14,08:00:00,1.30988,1.31383,1.30985,1.31194,7004,1.3294433959279202,BEARISH_BELOW_EMA200,-0.02210466942086707,0.753083220269211,0.7668033599097487
2023-07-14,12:00:00,1.31193,1.31286,1.31063,1.31165,7280,1.3292663472122195,BEARISH_BELOW_EMA200,0.7547745206419411,0.8188159951206473,0.7128426028284961
2023-07-14,16:00:00,1.31162,1.32199,1.31147,1.32155,10840,1.3291895676379686,BEARISH_BELOW_EMA200,0.020430555030077745,0.028754114486780443,-0.2996481404411459
2023-07-14,20:00:00,1.32155,1.32264,1.32032,1.32182,5198,1.3291162386067452,BEARISH_BELOW_EMA200,0.04312236159234688,0.013617587871273621,-0.14676733594589678
2023-07-17,00:00:00,1.32109,1.32318,1.32044,1.32239,2730,1.3290493108594144,BEARISH_BELOW_EMA200,-0.03478550200772124,-0.10511271258857088,-0.20115094639250788
2023-07-17,04:00:00,1.32233,1.32318,1.3219,1.32193,4597,1.3289784719453905,BEARISH_BELOW_EMA200,0.005295287950195131,-0.3283078529120309,-0.22088915449381083
2023-07-17,08:00:00,1.32194,1.32251,1.32112,1.322,6014,1.3289090344135956,BEARISH_BELOW_EMA200,-0.07564296520424446,-0.16036308623298953,-0.058245083207273785
2023-07-17,12:00:00,1.32201,1.32238,1.32043,1.321,6909,1.328830337553759,BEARISH_BELOW_EMA200,-0.25813777441331665,-0.09613928841785635,0.07645722937168474
2023-07-17,16:00:00,1.32099,1.32154,1.31604,1.31759,9040,1.3287184933989953,BEARISH_BELOW_EMA200,0.17380216911178006,0.10777252407804983,0.08728056527447721
2023-07-17,20:00:00,1.31762,1.32025,1.31756,1.31988,4417,1.3286305481910452,BEARISH_BELOW_EMA200,-0.011364669515400829,0.10228202563869158,-0.23638512592053912
2023-07-18,00:00:00,1.31951,1.3204,1.31842,1.31973,2323,1.3285419855224776,BEARISH_BELOW_EMA200,-0.054556613852837624,0.17276261053396055,-0.21595326316746752
2023-07-18,04:00:00,1.31972,1.32017,1.31842,1.31901,4831,1.3284471398953883,BEARISH_BELOW_EMA200,0.1683080492187238,-0.02046989787795335,-0.10159134502392847
2023-07-18,08:00:00,1.31898,1.32128,1.31841,1.32123,6650,1.3283753275581207,BEARISH_BELOW_EMA200,0.059035898367430575,-0.3383211098748874,-0.3019913262641583
2023-07-18,12:00:00,1.32123,1.32258,1.31848,1.32201,7428,1.3283119909655026,BEARISH_BELOW_EMA200,-0.2473506251843696,-0.3880454762066745,-0.2934924849282444
2023-07-18,16:00:00,1.32198,1.32429,1.31669,1.31874,11057,1.3282167472743036,BEARISH_BELOW_EMA200,-0.15014331862232835,-0.08113805602318322,-0.11677813670625725
2023-07-18,20:00:00,1.31881,1.31939,1.31674,1.31676,5182,1.3281027497889872,BEARISH_BELOW_EMA200,0.009113278046122301,0.03645311218445548,-0.03341535283574804
2023-07-19,00:00:00,1.31684,1.31725,1.31616,1.31688,2827,1.327991080636858,BEARISH_BELOW_EMA200,0.05999028005587801,0.09492132920235506,-0.09644007046960272
2023-07-19,04:00:00,1.31688,1.31792,1.31653,1.31767,5227,1.3278883833170883,BEARISH_BELOW_EMA200,-0.03263336040130917,-0.03566902183399261,-0.2420939992562481
2023-07-19,08:00:00,1.31767,1.3184,1.31625,1.31724,7774,1.3277824292542317,BEARISH_BELOW_EMA200,0.06756551577541356,-0.06984300507121191,-0.3712307552154551
2023-07-19,12:00:00,1.31726,1.31927,1.31659,1.31813,7220,1.3276863851820504,BEARISH_BELOW_EMA200,-0.07055449765957056,-0.191179929142048,-0.24580276603977844
2023-07-19,16:00:00,1.31816,1.31867,1.31553,1.3172,11324,1.3275820430409355,BEARISH_BELOW_EMA200,-0.06680838141512238,-0.206498633464913,0.058457333738244716
2023-07-19,20:00:00,1.31721,1.31751,1.31578,1.31632,5829,1.3274699829111751,BEARISH_BELOW_EMA200,-0.053938252096753715,-0.30159839552692574,0.06761273854382349
2023-07-20,00:00:00,1.31577,1.31678,1.31525,1.31561,2832,1.3273519731309644,BEARISH_BELOW_EMA200,-0.0858917156300008,-0.0547274648262064,0.10185389287099664
2023-07-20,04:00:00,1.31559,1.31569,1.31326,1.31448,6613,1.327223893796328,BEARISH_BELOW_EMA200,-0.162041263465415,0.2655042298095059,0.1734526200474589
2023-07-20,08:00:00,1.31448,1.31562,1.31229,1.31235,6958,1.327075894853081,BEARISH_BELOW_EMA200,0.19354592905855808,0.3703280374900055,0.4129995809044998
2023-07-20,12:00:00,1.31237,1.31526,1.31189,1.31489,7173,1.3269546421679759,BEARISH_BELOW_EMA200,0.23424012655052467,0.1566670976279516,0.4646776536440357
2023-07-20,16:00:00,1.31483,1.31943,1.31448,1.31797,10995,1.3268652427434189,BEARISH_BELOW_EMA200,-0.0576644384925373,-0.09180785602101378,0.24052140792278237
2023-07-20,20:00:00,1.31798,1.31821,1.31647,1.31721,5398,1.32676917067632,BEARISH_BELOW_EMA200,-0.01973869011015153,0.042514101775731734,0.38718199831462746
2023-07-21,00:00:00,1.31705,1.31778,1.31676,1.31695,2735,1.326671467485511,BEARISH_BELOW_EMA200,-0.0144272751433338,0.30752875963399423,0.3622005391244877
2023-07-21,04:00:00,1.31702,1.3179,1.31614,1.31676,5441,1.3265728459184911,BEARISH_BELOW_EMA200,0.07670342355479948,0.3326346486831352,0.3774415990765319
2023-07-21,08:00:00,1.31675,1.31819,1.31527,1.31777,7225,1.3264852554118394,BEARISH_BELOW_EMA200,0.24511105883423084,0.3445214263490585,0.1677075665707842
2023-07-21,12:00:00,1.31783,1.32108,1.31535,1.321,7741,1.3264306757560003,BEARISH_BELOW_EMA200,0.010598031794097578,0.054504163512494624,-0.11960635881907002
2023-07-21,16:00:00,1.32101,1.3226,1.31966,1.32114,9530,1.3263780322161396,BEARISH_BELOW_EMA200,0.08855988010355567,0.04465840107786385,-0.43674402410040214
2023-07-21,20:00:00,1.32114,1.32236,1.32043,1.32231,5179,1.3263375542836406,BEARISH_BELOW_EMA200,-0.04461888664534719,-0.17620678963330574,-0.4189637830765932
2023-07-24,00:00:00,1.32152,1.32271,1.32091,1.32172,2399,1.3262916084698733,BEARISH_BELOW_EMA200,0.0007565898980166384,-0.17401567654268443,-0.35105771267741864
2023-07-24,04:00:00,1.32164,1.32283,1.32146,1.32173,5315,1.3262462193308697,BEARISH_BELOW_EMA200,-0.1324022304101549,-0.48118753451916374,-0.4115817905321141
2023-07-24,08:00:00,1.32173,1.32214,1.31953,1.31998,7701,1.3261838688897667,BEARISH_BELOW_EMA200,-0.04242488522552569,-0.24318550281064374,-0.28712556250851984
2023-07-24,12:00:00,1.31998,1.32045,1.31816,1.31942,7471,1.3261165667117591,BEARISH_BELOW_EMA200,-0.3069530551302928,-0.17735065407527617,-0.05987479346986315
2023-07-24,16:00:00,1.31939,1.3204,1.31519,1.31537,11367,1.3260096356997018,BEARISH_BELOW_EMA200,0.10643393113725172,0.06994229760447873,0.254681192364123
2023-07-24,20:00:00,1.31538,1.31738,1.31499,1.31677,5195,1.3259176990260728,BEARISH_BELOW_EMA200,0.02354245616167079,-0.0440471760444136,0.030377362789246107
2023-07-25,00:00:00,1.31658,1.31772,1.31628,1.31708,2830,1.325829761722331,BEARISH_BELOW_EMA200,-0.05998117046801017,0.117684574968866,0.1366659580283676
2023-07-25,04:00:00,1.31713,1.31713,1.31525,1.31629,4937,1.3257348387201187,BEARISH_BELOW_EMA200,-0.0075971100593325925,0.18460977444179721,0.2081608156257333
2023-07-25,08:00:00,1.31637,1.31691,1.31466,1.31619,7244,1.3256398652005157,BEARISH_BELOW_EMA200,0.1853835692415227,0.07445733518716757,0.2659190542398938
2023-07-25,12:00:00,1.3162,1.31941,1.31614,1.31863,6586,1.325570115298023,BEARISH_BELOW_EMA200,0.00682526561658111,0.0189590711571922,0.3412632808293417
2023-07-25,16:00:00,1.31862,1.3209,1.31759,1.31872,9118,1.3255019549467988,BEARISH_BELOW_EMA200,-0.11753821887890838,0.023507643775785042,0.26692550351857786
2023-07-25,20:00:00,1.31872,1.31886,1.3166,1.31717,5142,1.3254190499224527,BEARISH_BELOW_EMA200,0.129823788880714,0.19131926782420475,0.26496200186763996
2023-07-26,00:00:00,1.31669,1.31898,1.31661,1.31888,3137,1.3253539847490952,BEARISH_BELOW_EMA200,0.011373286424835653,0.32224311537060724,-0.017439039184759222
2023-07-26,04:00:00,1.31889,1.32021,1.3182,1.31903,5224,1.3252910595277112,BEARISH_BELOW_EMA200,0.05003676944422075,0.24336065138777416,-0.14404524536970448
2023-07-26,08:00:00,1.31904,1.31994,1.31717,1.31969,7529,1.325235327592112,BEARISH_BELOW_EMA200,0.2606672779213215,0.07350211034408954,-0.2561207556319998
2023-07-26,12:00:00,1.3197,1.32353,1.31955,1.32313,7211,1.3252143790588573,BEARISH_BELOW_EMA200,-0.06726474344923292,-0.33859106814899653,-0.4300408878946115
2023-07-26,16:00:00,1.32313,1.32345,1.31986,1.32224,10193,1.3251847832473265,BEARISH_BELOW_EMA200,-0.11949419167474414,-0.3864653920619683,-0.2412572604065847
2023-07-26,20:00:00,1.32226,1.32374,1.31927,1.32066,9720,1.3251397605284476,BEARISH_BELOW_EMA200,-0.15219662895823644,-0.3293807641633618,0.13326669998334043
2023-07-27,00:00:00,1.32061,1.32101,1.31861,1.31865,2958,1.3250751857968213,BEARISH_BELOW_EMA200,-0.1152694043150334,-0.09176051264552045,0.3488416183217637
2023-07-27,04:00:00,1.31863,1.31876,1.31628,1.31713,5939,1.3249961292217285,BEARISH_BELOW_EMA200,-0.06225657300341052,0.14577148800802836,0.522347832028729
2023-07-27,08:00:00,1.31713,1.31867,1.31619,1.31631,7456,1.3249097000752437,BEARISH_BELOW_EMA200,0.08584603930683907,0.46417637182729277,0.590286482667444
2023-07-27,12:00:00,1.31629,1.31868,1.31577,1.31744,8390,1.3248353747013606,BEARISH_BELOW_EMA200,0.12220670391062298,0.44100680106874646,0.3256315278115229
2023-07-27,16:00:00,1.3175,1.32003,1.31739,1.31905,10764,1.3247778087839341,BEARISH_BELOW_EMA200,0.2554869034532332,0.3760282021151475,0.3002160645919384
2023-07-27,20:00:00,1.31906,1.32428,1.31841,1.32242,8464,1.3247543480000143,BEARISH_BELOW_EMA200,0.06276372105685853,0.12552744211370023,0.16560548086085636
2023-07-28,00:00:00,1.32173,1.32328,1.32163,1.32325,3171,1.3247393793631985,BEARISH_BELOW_EMA200,0.057434347251076656,-0.1148686945021701,0.11184583412053095
2023-07-28,04:00:00,1.3232,1.32485,1.32202,1.32401,7616,1.3247321218570973,BEARISH_BELOW_EMA200,0.005286969131654179,-0.0755281304521786,0.09289960045619478
2023-07-28,08:00:00,1.32403,1.32474,1.32181,1.32408,8325,1.3247256330824,BEARISH_BELOW_EMA200,-0.17748172315871039,0.040027792882615966,-0.05739834451089601
2023-07-28,12:00:00,1.32407,1.32425,1.32008,1.32173,7745,1.324695825788048,BEARISH_BELOW_EMA200,0.09684277424284443,0.22697525213166772,-0.06355307059688241
2023-07-28,16:00:00,1.32175,1.32426,1.32172,1.32301,10514,1.3246790514020972,BEARISH_BELOW_EMA200,0.12093634968745859,0.16855503737688712,-0.4943273293474721
2023-07-28,20:00:00,1.32305,1.32493,1.32294,1.32461,6341,1.3246783643234694,BEARISH_BELOW_EMA200,0.009059270275771582,-0.09738715546462832,-0.43559991242705803
2023-07-31,00:00:00,1.32279,1.32544,1.32277,1.32473,3209,1.3246788781112957,BULLISH_ABOVE_EMA200,0.03849841099695866,-0.28987038868298187,-0.40612049247770793
2023-07-31,04:00:00,1.32472,1.32611,1.324,1.32524,5517,1.3246844614136708,BULLISH_ABOVE_EMA200,-0.14487941806766486,-0.6617669252361794,-0.24599317859406905
2023-07-31,08:00:00,1.32529,1.32572,1.32294,1.32332,6600,1.3246708846831865,BEARISH_BELOW_EMA200,-0.18362905419703127,-0.3385424538282531,0.15189069915060946
2023-07-31,12:00:00,1.32332,1.32367,1.32046,1.32089,6158,1.3246332639400702,BEARISH_BELOW_EMA200,-0.3346228679148051,-0.11658805805175865,0.6435055152208113
2023-07-31,16:00:00,1.32095,1.32115,1.31508,1.31647,9794,1.3245520374332038,BEARISH_BELOW_EMA200,0.1800268900924429,0.4185435292866456,0.9981237703859509
2023-07-31,20:00:00,1.31649,1.31918,1.31606,1.31884,5388,1.3244952012398385,BEARISH_BELOW_EMA200,0.03867034666828504,0.4920991174061968,0.7051651451275428
2023-08-01,00:00:00,1.3185,1.3195,1.31786,1.31935,2695,1.3244440052076014,BEARISH_BELOW_EMA200,0.19934058437866448,0.7609807859931064,0.6344033046575956
2023-08-01,04:00:00,1.31933,1.32302,1.31924,1.32198,5088,1.3244194877428492,BEARISH_BELOW_EMA200,0.2534077671371703,0.577164556196011,0.5673308219488996
2023-08-01,08:00:00,1.32201,1.32597,1.32141,1.32533,6935,1.3244285475663036,BULLISH_ABOVE_EMA200,0.3063387986388428,0.21202266605299824,0.44290855862313855
2023-08-01,12:00:00,1.32541,1.32981,1.32507,1.32939,8042,1.324477915252211,BULLISH_ABOVE_EMA200,0.016548943500393938,-0.12562152566215035,0.1587194126629382
2023-08-01,16:00:00,1.32938,1.33,1.32658,1.32961,10270,1.3245289807720897,BULLISH_ABOVE_EMA200,-0.11055873526822604,-0.009777303118956948,0.24819307917359834
2023-08-01,20:00:00,1.32962,1.32995,1.32779,1.32814,5151,1.3245649113116709,BULLISH_ABOVE_EMA200,-0.03162317225594342,0.23039739786467092,0.5119942174770669
2023-08-02,00:00:00,1.32788,1.32809,1.32641,1.32772,4039,1.3245963052289678,BULLISH_ABOVE_EMA200,0.13255806947247792,0.284698581026112,0.5309854487391921
2023-08-02,04:00:00,1.32771,1.32981,1.32706,1.32948,6016,1.324644899206789,BULLISH_ABOVE_EMA200,0.129373890543667,0.2579956073051151,0.47462165658754085
2023-08-02,08:00:00,1.32947,1.33158,1.32882,1.3312,7989,1.3247101240903036,BULLISH_ABOVE_EMA200,0.02253605769230521,0.280949519230775,0.48377403846153855
2023-08-02,12:00:00,1.33117,1.33217,1.33021,1.3315,7902,1.324777685044629,BULLISH_ABOVE_EMA200,0.10589560645889097,0.24558768306422127,0.28689447990988787
2023-08-02,16:00:00,1.33148,1.33483,1.33098,1.33291,11378,1.3248586036013987,BULLISH_ABOVE_EMA200,0.15229835472762424,0.216068601781065,0.03000952802514468
2023-08-02,20:00:00,1.33292,1.3353,1.33272,1.33494,6092,1.3249589160033748,BULLISH_ABOVE_EMA200,-0.012734654741037311,0.202256281181171,0.026967504157483925
2023-08-03,00:00:00,1.33412,1.33501,1.33347,1.33477,2826,1.3250565387297095,BULLISH_ABOVE_EMA200,0.0764176599713824,0.041205600964964034,-0.06742734703358053
2023-08-03,04:00:00,1.33481,1.33582,1.33341,1.33579,5843,1.3251633393393643,BULLISH_ABOVE_EMA200,0.13849482328808474,-0.1856579252726879,-0.0344365506554269
2023-08-03,08:00:00,1.33582,1.33778,1.33456,1.33764,7751,1.3252874852165846,BULLISH_ABOVE_EMA200,-0.17343978947997055,-0.17493496007894566,-0.06728267695343297
2023-08-03,12:00:00,1.33765,1.33767,1.3347,1.33532,8651,1.3253873112343302,BULLISH_ABOVE_EMA200,-0.15052571668214865,-0.10858820357668375,0.0868705628613237
2023-08-03,16:00:00,1.33534,1.33723,1.33285,1.33331,11039,1.3254661439583666,BULLISH_ABOVE_EMA200,0.14925261192070385,0.15150265129639098,-0.0877515356518659
2023-08-03,20:00:00,1.33328,1.33599,1.33313,1.3353,5399,1.3255639932722136,BULLISH_ABOVE_EMA200,-0.10709203924212105,0.10784093462144148,0.2156818692428663
2023-08-04,00:00:00,1.33509,1.33555,1.33387,1.33387,2790,1.325646640105326,BULLISH_ABOVE_EMA200,0.1094559439825483,0.1956712423249643,0.23240645640130617
2023-08-04,04:00:00,1.33387,1.33557,1.33342,1.33533,5128,1.325742991945074,BULLISH_ABOVE_EMA200,0.10559187616545225,-0.23889225884236887,0.1752375817213729
2023-08-04,08:00:00,1.33536,1.33698,1.33444,1.33674,6807,1.3258524149107949,BULLISH_ABOVE_EMA200,-0.019450304472084998,0.10772476322993894,0.1279231563355535
2023-08-04,12:00:00,1.33675,1.33937,1.33562,1.33648,9107,1.3259581620261103,BULLISH_ABOVE_EMA200,-0.3247336286364022,0.036663474200893505,-0.044145815874526255
2023-08-04,16:00:00,1.33646,1.33719,1.33192,1.33214,11103,1.326019672851721,BULLISH_ABOVE_EMA200,0.4534057981893662,0.4151215337727125,0.3618238323299221
2023-08-04,20:00:00,1.33214,1.33903,1.33208,1.33818,7060,1.3261406711318033,BULLISH_ABOVE_EMA200,-0.09042131850722127,0.02017665784871934,-0.1068615582357994
2023-08-07,00:00:00,1.33614,1.33826,1.33611,1.33697,3422,1.326248425647905,BULLISH_ABOVE_EMA200,0.05235719574858994,-0.08077967344068826,0.02767451775282777
2023-08-07,04:00:00,1.33696,1.33848,1.33676,1.33767,5277,1.326362073153896,BULLISH_ABOVE_EMA200,0.058310345600933185,-0.05307736586751505,0.1143779856018324
2023-08-07,08:00:00,1.33763,1.33922,1.33699,1.33845,5974,1.326482351032962,BULLISH_ABOVE_EMA200,-0.1912660166610554,-0.1270125891889733,0.28391049348126757
2023-08-07,12:00:00,1.33844,1.33989,1.33584,1.33589,5778,1.3265759594803954,BULLISH_ABOVE_EMA200,0.08009641512399257,0.1085418709624259,0.9499285120780804
2023-08-07,16:00:00,1.33588,1.33863,1.33554,1.33696,7815,1.3266792832666603,BULLISH_ABOVE_EMA200,-0.015707276208698946,0.16754427955959939,0.552746529439924
2023-08-07,20:00:00,1.33697,1.33719,1.3361,1.33675,3537,1.3267794894033105,BULLISH_ABOVE_EMA200,0.04413689919580089,0.41144567046941,0.37104918645968604
2023-08-08,00:00:00,1.33672,1.33753,1.33563,1.33734,2476,1.3268845691107403,BULLISH_ABOVE_EMA200,0.1390820584144625,0.8404743745046075,0.4127596572300215
2023-08-08,04:00:00,1.33735,1.33982,1.33732,1.3392,5292,1.3270071107116286,BULLISH_ABOVE_EMA200,0.2277479091995219,0.3845579450418151,0.17846475507766685
2023-08-08,08:00:00,1.33917,1.34364,1.3391,1.34225,7990,1.3271587812518115,BULLISH_ABOVE_EMA200,0.4715962004097558,-0.04023095548519165,-0.04172099087352534
2023-08-08,12:00:00,1.34222,1.35014,1.34205,1.34858,8576,1.3273719277070173,BULLISH_ABOVE_EMA200,-0.3136632606148657,-0.42414984650520904,-0.3069895742187939
2023-08-08,16:00:00,1.34856,1.34969,1.3435,1.34435,11095,1.3275408637497335,BULLISH_ABOVE_EMA200,-0.19637743147245698,-0.2053036783575612,-0.08182392978018216
2023-08-08,20:00:00,1.34435,1.34455,1.34102,1.34171,6535,1.3276818501800844,BULLISH_ABOVE_EMA200,0.0857115173919837,-0.0014906350850712137,0.03726587712694583
2023-08-09,00:00:00,1.34167,1.34289,1.34102,1.34286,2626,1.3278328765464518,BULLISH_ABOVE_EMA200,-0.09457426686325324,0.11765932412910779,-0.08042536079710244
2023-08-09,04:00:00,1.34288,1.34305,1.34107,1.34159,5327,1.3279697633469847,BULLISH_ABOVE_EMA200,0.00745384208290081,0.12373377857616669,0.01863460520724375
2023-08-09,08:00:00,1.34158,1.34237,1.34039,1.34169,6698,1.3281062831146764,BULLISH_ABOVE_EMA200,0.20496537948408575,0.038757089938797624,-0.07304220796159924
2023-08-09,12:00:00,1.34168,1.34537,1.34072,1.34444,7370,1.3282688076607991,BULLISH_ABOVE_EMA200,-0.08851268929814825,-0.19785189372527645,-0.4031418285680269
2023-08-09,16:00:00,1.34442,1.34488,1.34159,1.34325,10624,1.3284178742512391,BULLISH_ABOVE_EMA200,-0.07742415782617917,-0.10496929089894907,-0.1079471431230189
2023-08-09,20:00:00,1.34322,1.34327,1.34075,1.34221,5772,1.3285551093333163,BULLISH_ABOVE_EMA200,-0.032036715566113386,-0.11175598453295944,0.18625997422163215
2023-08-10,00:00:00,1.34147,1.34233,1.34117,1.34178,2333,1.3286867002852236,BULLISH_ABOVE_EMA200,0.004471671958141348,-0.2056969100746675,0.13340488008466053
2023-08-10,04:00:00,1.34178,1.34237,1.34075,1.34184,4852,1.3288175788893508,BULLISH_ABOVE_EMA200,-0.08421272282834416,-0.002980981339043251,0.18929231503010693
2023-08-10,08:00:00,1.34183,1.34197,1.33867,1.34071,6428,1.3289359114377155,BULLISH_ABOVE_EMA200,-0.12605261391352113,0.2983493820438427,0.2826860394865377
2023-08-10,12:00:00,1.34072,1.34121,1.33726,1.33902,8755,1.32903625062739,BULLISH_ABOVE_EMA200,0.20761452405490619,0.33980074980208147,0.5250108288150938
2023-08-10,16:00:00,1.33906,1.34198,1.33762,1.3418,12325,1.3291632531087096,BULLISH_ABOVE_EMA200,0.21687285735578835,0.19227902817109885,0.1878074228647977
2023-08-10,20:00:00,1.3418,1.34495,1.34147,1.34471,8620,1.329317947107628,BULLISH_ABOVE_EMA200,-0.08477664329112901,-0.01561675007994612,-0.013385785782813318
2023-08-11,00:00:00,1.34362,1.34477,1.34296,1.34357,2563,1.329459758579194,BULLISH_ABOVE_EMA200,0.06028714544087598,0.18458286505355417,0.09824571849624418
2023-08-11,04:00:00,1.34356,1.34452,1.34268,1.34438,4706,1.329608218692834,BULLISH_ABOVE_EMA200,0.00892604769485711,-0.004463023847420297,0.1398414138859626
2023-08-11,08:00:00,1.34438,1.3456,1.34298,1.3445,7022,1.3297563956212635,BULLISH_ABOVE_EMA200,0.11528449237634365,0.0022313127556693557,0.03346969133507337
2023-08-11,12:00:00,1.34453,1.34658,1.34312,1.34605,8977,1.3299185210379674,BULLISH_ABOVE_EMA200,-0.12852420043832022,-0.08617807659448386,-0.026002005869029565
2023-08-11,16:00:00,1.34613,1.34644,1.34121,1.34432,11663,1.3300618193360971,BULLISH_ABOVE_EMA200,0.015621280647468126,0.1443108783622986,0.09372768388479223
2023-08-11,20:00:00,1.34432,1.34514,1.34368,1.34453,6351,1.330205781332753,BULLISH_ABOVE_EMA200,0.026775155630585853,0.03123768156903059,0.1100756398146509
2023-08-14,00:00:00,1.3434,1.34511,1.3434,1.34489,3514,1.3303518929612828,BULLISH_ABOVE_EMA200,0.10186706719509354,0.060227974035049515,0.08402174155507704
2023-08-14,04:00:00,1.34497,1.34696,1.34453,1.34626,6388,1.3305101825835586,BULLISH_ABOVE_EMA200,-0.09730661239284553,-0.05051030261613759,-0.12627575654034398
2023-08-14,08:00:00,1.34626,1.34667,1.34417,1.34495,7732,1.3306538623588466,BULLISH_ABOVE_EMA200,0.055764154801279324,0.07881333878581649,0.2557715900219255
2023-08-14,12:00:00,1.34494,1.34654,1.34374,1.3457,8021,1.3308035751711964,BULLISH_ABOVE_EMA200,-0.008917292115619974,0.02377944564168076,0.06762279854352296
2023-08-14,16:00:00,1.34569,1.34796,1.34441,1.34558,11186,1.3309506042739707,BULLISH_ABOVE_EMA200,0.03195647973364129,-0.07580374262400012,0.21774996655717976
2023-08-14,20:00:00,1.34556,1.3472,1.34502,1.34601,5977,1.331100449007563,BULLISH_ABOVE_EMA200,0.0007429365309370296,0.1768188943618583,0.2815729452233031
2023-08-15,00:00:00,1.3459,1.34668,1.34555,1.34602,2572,1.331248902251269,BULLISH_ABOVE_EMA200,-0.10846792766823797,0.04383292967415718,0.267455164113464
2023-08-15,04:00:00,1.34601,1.34698,1.34422,1.34456,6395,1.3313813509850871,BULLISH_ABOVE_EMA200,0.28485154994942585,0.29377640268936456,0.3852561432736332
2023-08-15,08:00:00,1.34455,1.34948,1.3439,1.34839,9232,1.3315505912737928,BULLISH_ABOVE_EMA200,-0.1320092851474642,0.10456915284154683,-0.026698507108471284
2023-08-15,12:00:00,1.34837,1.35,1.34481,1.34661,10281,1.3317004361367402,BULLISH_ABOVE_EMA200,0.14109504607867257,0.22352425720883976,0.2962995967652058
2023-08-15,16:00:00,1.34668,1.34933,1.34456,1.34851,12295,1.3318676954786632,BULLISH_ABOVE_EMA200,0.09566113710688191,0.0912117818925957,0.3277691674514737
2023-08-15,20:00:00,1.3485,1.35014,1.3483,1.3498,6448,1.3320461263694228,BULLISH_ABOVE_EMA200,-0.013335308934662097,-0.131130537857464,0.24744406578751654
2023-08-16,00:00:00,1.34971,1.35035,1.34891,1.34962,3046,1.3322209907836575,BULLISH_ABOVE_EMA200,0.00889139165097568,0.07261303181636171,0.36306515908180853
2023-08-16,04:00:00,1.34965,1.35095,1.34913,1.34974,6095,1.3323953092833227,BULLISH_ABOVE_EMA200,-0.12669106642759928,0.23634181397899048,0.2304147465437913
2023-08-16,08:00:00,1.34975,1.35094,1.34752,1.34803,8138,1.3325508783451803,BULLISH_ABOVE_EMA200,0.19064857607026262,0.379071682380952,0.3516242220128607
2023-08-16,12:00:00,1.34807,1.35064,1.34749,1.3506,8202,1.332730471595477,BULLISH_ABOVE_EMA200,0.1725159188508769,0.29024137420405177,0.001480823337769064
2023-08-16,16:00:00,1.35055,1.35296,1.34814,1.35293,11545,1.3329314619278605,BULLISH_ABOVE_EMA200,0.015521867354559621,-0.0059130923255348,-0.06873969828445488
2023-08-16,20:00:00,1.35293,1.35446,1.3518,1.35314,8408,1.333132541908678,BULLISH_ABOVE_EMA200,0.10198501263726863,-0.027343807736079154,0.1123313182671391
2023-08-17,00:00:00,1.35315,1.35491,1.35216,1.35452,3413,1.3333453524369498,BULLISH_ABOVE_EMA200,-0.12329090748012864,-0.28792487375601794,-0.056846705844132046
2023-08-17,04:00:00,1.35456,1.35522,1.35275,1.35285,6394,1.3335394285321047,BULLISH_ABOVE_EMA200,-0.005913441992835866,-0.06283032117381952,0.13379162508776785
2023-08-17,08:00:00,1.35285,1.3546,1.3518,1.35277,7958,1.3337307775019347,BULLISH_ABOVE_EMA200,-0.15893315197706162,0.13971332894726723,0.1079266985518615
2023-08-17,12:00:00,1.3528,1.35343,1.34968,1.35062,9037,1.3338988294670895,BULLISH_ABOVE_EMA200,0.10217529727089478,0.23174542062164616,0.46793324547245735
2023-08-17,16:00:00,1.35072,1.35295,1.34958,1.352,11208,1.3340789406166709,BULLISH_ABOVE_EMA200,0.19674556213016897,0.19674556213016897,0.1213017751479189
2023-08-17,20:00:00,1.35193,1.35517,1.35186,1.35466,6962,1.3342837272772015,BULLISH_ABOVE_EMA200,-0.06717552743861681,-0.031742282196265514,0.01697843001195521
2023-08-18,00:00:00,1.35309,1.3548,1.35267,1.35375,3055,1.3344774215331496,BULLISH_ABOVE_EMA200,0.0672206832871628,0.23564173591874615,0.03988919667589916
2023-08-18,04:00:00,1.35373,1.35492,1.3524,1.35466,6356,1.3346782432094368,BULLISH_ABOVE_EMA200,-0.031742282196265514,-0.07529564613999239,-0.03100408958704508
2023-08-18,08:00:00,1.35467,1.35554,1.35338,1.35423,8920,1.3348727880531241,BULLISH_ABOVE_EMA200,0.2001137177584303,0.04873618218470148,-0.0863959593274492
2023-08-18,12:00:00,1.35424,1.35746,1.35316,1.35694,8968,1.3350923623013518,BULLISH_ABOVE_EMA200,-0.24319424587675803,-0.1952923489616373,-0.45175173552257053
2023-08-18,16:00:00,1.357,1.3571,1.35353,1.35364,11324,1.3352769159102935,BULLISH_ABOVE_EMA200,0.09234360686740739,0.04432493129636801,0.1484885198427992
2023-08-18,20:00:00,1.35371,1.3555,1.35332,1.35489,6640,1.3354720709758627,BULLISH_ABOVE_EMA200,-0.044284037818563424,-0.1350663153466332,-0.037641432145783825
2023-08-21,00:00:00,1.35431,1.35499,1.35368,1.35429,3210,1.3356593140507298,BULLISH_ABOVE_EMA200,-0.003691971438900344,-0.2569612121480575,0.03027416579905496
2023-08-21,04:00:00,1.35434,1.35544,1.35343,1.35424,5727,1.3358441964979864,BULLISH_ABOVE_EMA200,-0.08713374291116648,0.10411743856332048,0.01476843100188873
2023-08-21,08:00:00,1.35426,1.35488,1.35284,1.35306,7819,1.3360154980253698,BULLISH_ABOVE_EMA200,-0.1662897432486263,0.09755664937253247,-0.004434393153293201
2023-08-21,12:00:00,1.35306,1.35311,1.34958,1.35081,8643,1.336162707000242,BULLISH_ABOVE_EMA200,0.3583035363966772,0.2879753629303861,0.1998800719568203
2023-08-21,16:00:00,1.35086,1.35724,1.35082,1.35565,11813,1.336356610413175,BULLISH_ABOVE_EMA200,-0.09368199756575107,-0.08925607642090018,-0.02876848744145705
2023-08-21,20:00:00,1.35565,1.35585,1.35406,1.35438,5848,1.3365359476229943,BULLISH_ABOVE_EMA200,0.023627047062131604,-0.10189164045540668,0.042085677579422436
2023-08-22,00:00:00,1.35443,1.35537,1.35394,1.3547,2759,1.3367166844625666,BULLISH_ABOVE_EMA200,-0.019192441130872293,-0.0878423267144035,0.0014763416254454107
2023-08-22,04:00:00,1.3547,1.35508,1.35343,1.35444,5978,1.3368930358609492,BULLISH_ABOVE_EMA200,-0.10631700186055548,0.06054162605946523,-0.04651368831399917
2023-08-22,08:00:00,1.35443,1.35504,1.35245,1.353,8179,1.3370533041608403,BULLISH_ABOVE_EMA200,0.037694013303770174,0.14412416851442117,0.14781966001478208
2023-08-22,12:00:00,1.353,1.35372,1.35126,1.35351,8247,1.3372170523781455,BULLISH_ABOVE_EMA200,0.12929346661642088,0.08939719691763884,0.4277766695480611
2023-08-22,16:00:00,1.35356,1.35646,1.35247,1.35526,10549,1.3373965841952784,BULLISH_ABOVE_EMA200,-0.02287383970602028,-0.10699054056047927,-0.18963150982099092
2023-08-22,20:00:00,1.35529,1.35636,1.35495,1.35495,5470,1.3375712450490567,BULLISH_ABOVE_EMA200,-0.01697479611795081,0.0036901730691083407,-0.1837706188420313
2023-08-23,00:00:00,1.35437,1.35526,1.35379,1.35472,2336,1.337741879426678,BULLISH_ABOVE_EMA200,-0.0671725522617195,0.33807724105350395,-0.18970709814573944
2023-08-23,04:00:00,1.35473,1.35496,1.35322,1.35381,5372,1.3379017612234276,BULLISH_ABOVE_EMA200,0.08790007460426681,-0.08272948198048544,-0.18687999054519625
2023-08-23,08:00:00,1.35381,1.35609,1.35352,1.355,8054,1.338071892952548,BULLISH_ABOVE_EMA200,0.31734317343173213,-0.1874538745387444,-0.1372693726937249
2023-08-23,12:00:00,1.35503,1.35969,1.35488,1.3593,8711,1.3382831178982937,BULLISH_ABOVE_EMA200,-0.48627970278820015,-0.5260060325167358,-0.26778488928123784
2023-08-23,16:00:00,1.35938,1.36034,1.35226,1.35269,10819,1.3384264699590072,BULLISH_ABOVE_EMA200,-0.017003156672996213,-0.10423674308229613,0.27722538053804957
2023-08-23,20:00:00,1.35268,1.35425,1.35199,1.35246,6184,1.3385661070738428,BULLISH_ABOVE_EMA200,-0.022921195451254196,0.05027875131242432,0.4251512059506323
2023-08-24,00:00:00,1.35238,1.35283,1.35145,1.35215,3092,1.338701270187536,BULLISH_ABOVE_EMA200,-0.06434197389342354,0.25958658432867093,0.4452168768258061
2023-08-24,04:00:00,1.35219,1.35329,1.35127,1.35128,6043,1.3388264316782073,BULLISH_ABOVE_EMA200,0.13764726777573652,0.381860162216569,0.6467941507311564
2023-08-24,08:00:00,1.35122,1.35407,1.35096,1.35314,7714,1.3389688552435983,BULLISH_ABOVE_EMA200,0.18623350133763528,0.3746840681673668,0.3621206970453837
2023-08-24,12:00:00,1.35316,1.35598,1.35284,1.35566,8111,1.3391349362859506,BULLISH_ABOVE_EMA200,0.05753655046250556,0.1851496687960117,0.2522756443355988
2023-08-24,16:00:00,1.35559,1.35871,1.35495,1.35644,10998,1.3393071259746478,BULLISH_ABOVE_EMA200,0.13048863200730051,0.2639261596532037,0.37377252219043283
2023-08-24,20:00:00,1.35643,1.35886,1.35601,1.35821,6809,1.3394952142734076,BULLISH_ABOVE_EMA200,-0.002945052679616404,-0.012516473888426936,0.1641866868893747
2023-08-25,00:00:00,1.35733,1.35874,1.35733,1.35817,3043,1.3396810330368565,BULLISH_ABOVE_EMA200,0.13621269796858324,0.06700192170346617,0.1089701583748666
2023-08-25,04:00:00,1.35817,1.36013,1.35795,1.36002,5188,1.3398834108175843,BULLISH_ABOVE_EMA200,-0.14558609432214914,0.10955721239393475,-0.059557947677238376
2023-08-25,08:00:00,1.36003,1.36021,1.35793,1.35804,7648,1.340064073396514,BULLISH_ABOVE_EMA200,0.07658095490561044,0.17672528055139614,0.1480074224617881
2023-08-25,12:00:00,1.35808,1.35929,1.35688,1.35908,6935,1.3402532865965486,BULLISH_ABOVE_EMA200,0.17879742178532038,0.04194013597433259,0.05812755687669941
2023-08-25,16:00:00,1.35907,1.36399,1.35728,1.36151,13665,1.3404647961826528,BULLISH_ABOVE_EMA200,-0.07858921344682773,-0.16893008497917522,-0.1711335208702061
2023-08-25,20:00:00,1.3615,1.36293,1.35882,1.36044,7751,1.3406635544295917,BULLISH_ABOVE_EMA200,-0.058069448119731,-0.028667195907214754,-0.048513716150664854
2023-08-28,00:00:00,1.35878,1.36004,1.35861,1.35965,2894,1.3408524742860137,BULLISH_ABOVE_EMA200,-0.032361269444342,0.016180634722162832,0.05074835435590625
2023-08-28,04:00:00,1.35964,1.35964,1.35828,1.35921,4842,1.3410351362334167,BULLISH_ABOVE_EMA200,0.061800604763057355,-0.002207164455821727,0.00956437930856626
2023-08-28,08:00:00,1.35924,1.36044,1.35833,1.36005,6625,1.3412243388579599,BULLISH_ABOVE_EMA200,-0.013234807543845373,-0.019852211315759895,0.08382044777764927
2023-08-28,12:00:00,1.36005,1.36063,1.35885,1.35987,6759,1.3414098678245474,BULLISH_ABOVE_EMA200,-0.05074014427848673,0.03456212726217892,0.2470824417039886
2023-08-28,16:00:00,1.35988,1.36114,1.35699,1.35918,9861,1.3415866850601241,BULLISH_ABOVE_EMA200,0.04414426345295942,0.011771803587452579,-0.05003016524669389
2023-08-28,20:00:00,1.35917,1.36094,1.35896,1.35978,5518,1.3417677130694763,BULLISH_ABOVE_EMA200,0.0411831325655706,0.10369324449542656,-0.3507920398888012
2023-08-29,00:00:00,1.35944,1.36046,1.35861,1.36034,2933,1.341952511944407,BULLISH_ABOVE_EMA200,-0.07351103400621256,0.21244688827791852,-0.2955143567049513
2023-08-29,04:00:00,1.36033,1.36052,1.35863,1.35934,4992,1.342125521775806,BULLISH_ABOVE_EMA200,0.1360954580899486,-0.061794694484084325,-0.14418762046286887
2023-08-29,08:00:00,1.35934,1.36128,1.35877,1.36119,7150,1.3423152180765443,BULLISH_ABOVE_EMA200,0.14986886474335265,-0.454014502016607,-0.3518979716277559
2023-08-29,12:00:00,1.36118,1.36369,1.35986,1.36323,7346,1.342523325359365,BULLISH_ABOVE_EMA200,-0.34697006374565564,-0.5068843848800255,-0.6822032965823716
2023-08-29,16:00:00,1.36322,1.36366,1.35779,1.3585,10441,1.3426822972463366,BULLISH_ABOVE_EMA200,-0.2569009937430985,-0.08244387191755685,-0.3908722856091386
2023-08-29,20:00:00,1.35849,1.35849,1.35491,1.35501,5815,1.3428049609553283,BULLISH_ABOVE_EMA200,0.0966782532970179,0.10258226876554434,-0.13653035770954675
2023-08-30,00:00:00,1.35504,1.35706,1.355,1.35632,2866,1.342939438955773,BULLISH_ABOVE_EMA200,0.07815264834257851,-0.17621210333843726,-0.2167630057803426
2023-08-30,04:00:00,1.35631,1.35762,1.35603,1.35738,4875,1.3430831261303424,BULLISH_ABOVE_EMA200,-0.07219791068086909,-0.3086829038294463,-0.2696370949918222
2023-08-30,08:00:00,1.35739,1.35765,1.35575,1.3564,7729,1.3432156323380007,BULLISH_ABOVE_EMA200,-0.18209967561191184,-0.23886759068122465,-0.16145679740490534
2023-08-30,12:00:00,1.35636,1.35674,1.3532,1.35393,8903,1.3433222429615033,BULLISH_ABOVE_EMA200,-0.0546557059818591,-0.040622484175699664,-0.08936946518654254
2023-08-30,16:00:00,1.35391,1.35499,1.35127,1.35319,11043,1.3434204295987024,BULLISH_ABOVE_EMA200,-0.0022169835721498454,0.03916670977469103,0.09606928812658082
2023-08-30,20:00:00,1.3532,1.35475,1.35237,1.35316,5575,1.343517340746974,BULLISH_ABOVE_EMA200,0.016258239971630038,0.07759614531910457,-0.17736261787223667
2023-08-31,00:00:00,1.35228,1.35365,1.35221,1.35338,2741,1.3436154766599395,BULLISH_ABOVE_EMA200,0.025122286423621375,-0.04876679129291884,-0.17585600496534962
2023-08-31,04:00:00,1.35336,1.35404,1.35203,1.35372,4482,1.3437160191807362,BULLISH_ABOVE_EMA200,0.03619655467894981,0.056880300209787654,-0.2112696864935204
2023-08-31,08:00:00,1.35371,1.35481,1.35307,1.35421,6868,1.3438204369003308,BULLISH_ABOVE_EMA200,-0.11002724835882112,-0.25476107841471807,-0.2399923202457503
2023-08-31,12:00:00,1.35421,1.35576,1.35225,1.35272,8251,1.3439089897669942,BULLISH_ABOVE_EMA200,0.1308474776746148,-0.1271512212431208,0.11532320066236959
2023-08-31,16:00:00,1.35276,1.35547,1.35146,1.35449,11157,1.3440142734509049,BULLISH_ABOVE_EMA200,-0.2753804014795245,-0.26799754889294286,0.42229916795250966
2023-08-31,20:00:00,1.35446,1.35456,1.35036,1.35076,5853,1.3440813951081099,BULLISH_ABOVE_EMA200,0.017767775178419407,0.014806479315346765,0.6218721312446299
2023-09-01,00:00:00,1.35076,1.35157,1.35045,1.351,3146,1.3441502369478302,BULLISH_ABOVE_EMA200,-0.010362694300520281,0.24278312361213544,0.6150999259807579
2023-09-01,04:00:00,1.35103,1.35149,1.34891,1.35086,5032,1.3442170007592946,BULLISH_ABOVE_EMA200,0.007402691618671734,0.6921516663458811,0.5544616022385737
2023-09-01,08:00:00,1.35088,1.35209,1.34938,1.35096,7145,1.3442840952791026,BULLISH_ABOVE_EMA200,0.24575116953869766,0.6069757801859408,0.6402854266595641
2023-09-01,12:00:00,1.35099,1.35555,1.34947,1.35428,8395,1.3443835570176192,BULLISH_ABOVE_EMA200,0.4378710458693912,0.37141506926190226,0.41128865522639896
2023-09-01,16:00:00,1.35424,1.36123,1.35333,1.36021,11844,1.3445410340622201,BULLISH_ABOVE_EMA200,-0.07719396269693617,-0.13674359106314268,-0.05293300299217267
2023-09-01,20:00:00,1.36016,1.36036,1.35902,1.35916,5222,1.3446864964098597,BULLISH_ABOVE_EMA200,0.011036228258637284,0.03310868477589552,0.002942994202304365
2023-09-04,00:00:00,1.35849,1.35989,1.35849,1.35931,2316,1.344832003908269,BULLISH_ABOVE_EMA200,-0.07062406662204147,0.03972603747489424,0.05517505204846785
2023-09-04,04:00:00,1.35935,1.35977,1.35829,1.35835,4314,1.3449665113320675,BULLISH_ABOVE_EMA200,0.09275959804174468,0.08392535060920536,0.22453712224389863
2023-09-04,08:00:00,1.35837,1.36013,1.35751,1.35961,6201,1.3451122176869723,BULLISH_ABOVE_EMA200,0.017652120828768395,-0.030155706415811993,0.4780782724457712
2023-09-04,12:00:00,1.35962,1.36038,1.35908,1.35985,5055,1.345258862287102,BULLISH_ABOVE_EMA200,-0.026473508107505678,0.015442879729385116,0.2720888333272079
2023-09-04,16:00:00,1.35984,1.36042,1.35883,1.35949,4975,1.3454004656474294,BULLISH_ABOVE_EMA200,-0.02133152873504943,0.14049386166870342,0.12578246254109102
2023-09-04,20:00:00,1.35949,1.35951,1.35916,1.3592,1347,1.3455377744469577,BULLISH_ABOVE_EMA200,0.06327251324309027,0.5083872866391974,0.37080635668039535
2023-09-05,00:00:00,1.35898,1.36044,1.35862,1.36006,2383,1.3456822742037045,BULLISH_ABOVE_EMA200,0.09852506507065106,0.25660632619149104,0.3345440642324643
2023-09-05,04:00:00,1.36005,1.36184,1.35971,1.3614,5229,1.3458386694852598,BULLISH_ABOVE_EMA200,0.3459673865138822,-0.014690759512265167,0.19097987365947977
2023-09-05,08:00:00,1.36135,1.36691,1.36117,1.36611,8268,1.346040374266501,BULLISH_ABOVE_EMA200,-0.1873934017026371,-0.13688502389998158,-0.06514848731067303
2023-09-05,12:00:00,1.36617,1.36628,1.36309,1.36355,8777,1.3462145993981778,BULLISH_ABOVE_EMA200,-0.17234424846907515,0.0777382567562657,0.11440724579223392
2023-09-05,16:00:00,1.36352,1.3643,1.35989,1.3612,11711,1.3463637078618778,BULLISH_ABOVE_EMA200,0.22333235380546076,0.20570085218925477,0.36805759623861
2023-09-05,20:00:00,1.36122,1.36445,1.36122,1.36424,5222,1.3465415814154909,BULLISH_ABOVE_EMA200,0.027121327625652634,0.07183486776521748,-0.05937371723450254
2023-09-06,00:00:00,1.36264,1.36489,1.36264,1.36461,2631,1.3467213666750382,BULLISH_ABOVE_EMA200,-0.04470141652193663,0.036640505345845696,-0.015389012245260071
2023-09-06,04:00:00,1.36462,1.36566,1.364,1.364,4713,1.3468932933747892,BULLISH_ABOVE_EMA200,0.08944281524926677,0.1620234604105442,0.08284457478004789
2023-09-06,08:00:00,1.36396,1.36713,1.3626,1.36522,7214,1.3470756486645923,BULLISH_ABOVE_EMA200,-0.008057309444635626,-0.13111439914447343,-0.0542037180820809
2023-09-06,12:00:00,1.36521,1.36618,1.364,1.36511,7012,1.3472550949465367,BULLISH_ABOVE_EMA200,0.0805795869929807,-0.05201046069547424,0.008790500399227751
2023-09-06,16:00:00,1.36512,1.36759,1.3622,1.36621,11468,1.3474437009669693,BULLISH_ABOVE_EMA200,-0.20348262712174592,-0.07905080478110758,0.19909091574502133
2023-09-06,20:00:00,1.36623,1.36661,1.36342,1.36343,5165,1.3476027686190393,BULLISH_ABOVE_EMA200,0.07114409980711422,0.07701165443037013,0.38139105051231775
2023-09-07,00:00:00,1.36354,1.36478,1.36335,1.3644,2439,1.3477699052496956,BULLISH_ABOVE_EMA200,0.053503371445316424,0.06083260041042849,0.2609205511580187
2023-09-07,04:00:00,1.3644,1.3653,1.36355,1.36513,5023,1.3479426425108927,BULLISH_ABOVE_EMA200,-0.04761451290353589,0.2783617677437332,0.12306520258144836
2023-09-07,08:00:00,1.36514,1.36547,1.36318,1.36448,7724,1.34810719333168,BULLISH_ABOVE_EMA200,0.05496599437148426,0.3041451688555419,0.17149390243902504
2023-09-07,12:00:00,1.36447,1.36652,1.36381,1.36523,7921,1.3482775695174343,BULLISH_ABOVE_EMA200,0.27101660526065474,0.19996630604367918,-0.21388337496246304
2023-09-07,16:00:00,1.36526,1.3694,1.3645,1.36893,10111,1.3484830663381564,BULLISH_ABOVE_EMA200,-0.021914926256270735,-0.15486547887765625,-0.44706449562796513
2023-09-07,20:00:00,1.36894,1.36894,1.36732,1.36863,4955,1.3486835333397669,BULLISH_ABOVE_EMA200,-0.04895406355259992,-0.13224903735853294,-0.3353718682185904
2023-09-08,00:00:00,1.36779,1.3687,1.36776,1.36796,2479,1.3488753389781771,BULLISH_ABOVE_EMA200,-0.08406678557852454,-0.41302377262494183,-0.36623877891166107
2023-09-08,04:00:00,1.36797,1.36894,1.36656,1.36681,4604,1.3490537933167028,BULLISH_ABOVE_EMA200,0.0007316305850735265,-0.2926522340339918,-0.48726596966660396
2023-09-08,08:00:00,1.36681,1.36725,1.36521,1.36682,6460,1.3492305714926562,BULLISH_ABOVE_EMA200,-0.3299629797632471,-0.2033918145769015,-0.49238378133184346
2023-09-08,12:00:00,1.36685,1.36759,1.36077,1.36231,8301,1.3493607150598934,BULLISH_ABOVE_EMA200,0.03670236583451395,0.04697902826817655,-0.3758322261452984
2023-09-08,16:00:00,1.36229,1.36433,1.36091,1.36281,10281,1.349494538790641,BULLISH_ABOVE_EMA200,0.09025469434476135,-0.19518494874561432,-0.40798056955848644
2023-09-08,20:00:00,1.36285,1.36464,1.36249,1.36404,4939,1.349639269747948,BULLISH_ABOVE_EMA200,-0.07990968006801952,-0.2895809507052505,-0.4787249640772943
2023-09-11,00:00:00,1.36319,1.36358,1.36236,1.36295,3605,1.3497717148250827,BULLISH_ABOVE_EMA200,-0.20543673649071026,-0.4226127150665988,-0.33236729153675076
2023-09-11,04:00:00,1.36299,1.3633,1.36012,1.36015,5581,1.3498749813442361,BULLISH_ABOVE_EMA200,-0.004411278167845384,-0.213211778112701,-0.13969047531522352
2023-09-11,08:00:00,1.36014,1.36068,1.35871,1.36009,7275,1.3499766233209105,BULLISH_ABOVE_EMA200,-0.2132211838922516,-0.189693329117928,-0.1389613922608024
2023-09-11,12:00:00,1.3601,1.36014,1.35714,1.35719,6958,1.3500483982132399,BULLISH_ABOVE_EMA200,0.004420899063518818,0.09062843080188215,0.043472174124484446
2023-09-11,16:00:00,1.35728,1.36009,1.35609,1.35725,9180,1.3501200559424613,BULLISH_ABOVE_EMA200,0.019156382390858498,0.0736783938110068,-0.11272794253085514
2023-09-11,20:00:00,1.35729,1.35861,1.35661,1.35751,4460,1.3501935877241285,BULLISH_ABOVE_EMA200,0.06703449698344516,0.050828354855587024,-0.16574463539864054
2023-09-12,00:00:00,1.35722,1.35872,1.357,1.35842,2847,1.3502754425726446,BULLISH_ABOVE_EMA200,-0.012514538949662363,-0.04711355839872602,-0.23483164264366146
2023-09-12,04:00:00,1.35847,1.35927,1.35716,1.35825,5215,1.3503547914027676,BULLISH_ABOVE_EMA200,-0.003681207436030442,-0.18626909626356866,-0.21056506534142186
2023-09-12,08:00:00,1.35832,1.35892,1.35727,1.3582,6862,1.3504328531798544,BULLISH_ABOVE_EMA200,-0.030923280812846926,-0.2164629656898958,-0.16860550728906826
2023-09-12,12:00:00,1.35818,1.35888,1.3559,1.35778,7527,1.3505059591183632,BULLISH_ABOVE_EMA200,-0.15171824596031397,-0.18780656660136785,-0.18559707758253013
2023-09-12,16:00:00,1.35784,1.35854,1.35432,1.35572,9217,1.3505578401221607,BULLISH_ABOVE_EMA200,-0.033930310093539,-0.024341309414919115,-0.08408815979701861
2023-09-12,20:00:00,1.35574,1.35627,1.35484,1.35526,5611,1.3506046277826367,BULLISH_ABOVE_EMA200,-0.00221359739090466,0.04796127680297799,-0.0317282292696553
2023-09-13,00:00:00,1.35514,1.35547,1.35471,1.35523,2529,1.3506506513867897,BULLISH_ABOVE_EMA200,0.011806114091346858,0.0022136463921234397,-0.14462489761885156
2023-09-13,04:00:00,1.35521,1.35664,1.35471,1.35539,5843,1.3506978090844337,BULLISH_ABOVE_EMA200,0.0383653413408579,-0.05976139708867554,-0.14977239023455965
2023-09-13,08:00:00,1.35537,1.35746,1.35499,1.35591,8409,1.3507496716806084,BULLISH_ABOVE_EMA200,-0.04793828498941961,-0.07965130429010553,-0.21387850226046737
2023-09-13,12:00:00,1.35592,1.35864,1.35457,1.35526,9337,1.3507945505693586,BULLISH_ABOVE_EMA200,-0.05017487419388265,-0.14683529359679592,-0.2169325443088369
2023-09-13,16:00:00,1.35532,1.35646,1.35206,1.35458,10877,1.3508322167328477,BULLISH_ABOVE_EMA200,0.01845590515141841,-0.09006481713889168,-0.37650046508880114
2023-09-13,20:00:00,1.35462,1.35692,1.35424,1.35483,5942,1.3508719956708293,BULLISH_ABOVE_EMA200,-0.1151435973516977,-0.1343341969103085,-0.31295439280205056
2023-09-14,00:00:00,1.35418,1.35538,1.35313,1.35327,2708,1.3508958564104232,BULLISH_ABOVE_EMA200,0.006650557538401315,-0.07020032957207405,-0.1455733150073546
2023-09-14,04:00:00,1.35326,1.35497,1.35303,1.35336,5450,1.3509203752521106,BULLISH_ABOVE_EMA200,-0.02586155937812928,-0.28669385824908994,-0.2807826446769377
2023-09-14,08:00:00,1.35335,1.35425,1.35262,1.35301,6114,1.3509411675381593,BULLISH_ABOVE_EMA200,-0.05099740578414641,-0.1788604666632241,-0.1581658672145831
2023-09-14,12:00:00,1.353,1.35423,1.35145,1.35232,8874,1.350954887264148,BULLISH_ABOVE_EMA200,-0.2100094652153302,-0.07542593469001574,0.12053360151443596
2023-09-14,16:00:00,1.35238,1.35354,1.34931,1.34948,10917,1.3509402117689824,BEARISH_BELOW_EMA200,0.08225390520792783,0.005928209384361384,0.17340012449239772
2023-09-14,20:00:00,1.34948,1.35184,1.34948,1.35059,5583,1.3509367270747639,BEARISH_BELOW_EMA200,0.05256961772262407,0.02073168022864511,0.13697717293924355
2023-09-15,00:00:00,1.3504,1.35174,1.35028,1.3513,3043,1.3509403417307364,BULLISH_ABOVE_EMA200,-0.12876489306592562,0.19610745208318223,0.040701546658776774
2023-09-15,04:00:00,1.3513,1.3516,1.34936,1.34956,5481,1.350926606987147,BEARISH_BELOW_EMA200,0.09706867423455959,0.16746198761077155,0.11337028364798965
2023-09-15,08:00:00,1.34953,1.35142,1.34947,1.35087,7631,1.3509260437335437,BEARISH_BELOW_EMA200,0.22800121403243626,0.11622139806199497,0.015545537320396744
2023-09-15,12:00:00,1.3509,1.35417,1.35016,1.35395,7461,1.350956132850623,BULLISH_ABOVE_EMA200,-0.15731747848886335,-0.15510173935521923,-0.29026182650762505
2023-09-15,16:00:00,1.35396,1.35493,1.35023,1.35182,10804,1.3509647285436517,BULLISH_ABOVE_EMA200,0.04586409433209044,-0.05400127235875483,-0.2862807178470536
2023-09-15,20:00:00,1.35182,1.35336,1.35153,1.35244,6143,1.3509794078616255,BULLISH_ABOVE_EMA200,-0.04362485581616119,-0.10055898967791753,-0.28910709532401285
2023-09-18,00:00:00,1.35161,1.35261,1.35161,1.35185,1920,1.3509880704699677,BULLISH_ABOVE_EMA200,-0.05621925509487694,-0.13537004845212106,-0.2707400969042421
2023-09-18,04:00:00,1.35183,1.35279,1.35106,1.35109,3877,1.3509890846941472,BULLISH_ABOVE_EMA200,-0.0007401431436724028,-0.2324049471167665,-0.25090852570887245
2023-09-18,08:00:00,1.35109,1.35185,1.34956,1.35108,5923,1.3509899893240562,BULLISH_ABOVE_EMA200,-0.07845575391539071,-0.1887378985700367,-0.4344672410220003
2023-09-18,12:00:00,1.35109,1.35161,1.34972,1.35002,5898,1.350980337688991,BEARISH_BELOW_EMA200,-0.1533310617620492,-0.1355535473548539,-0.7488777944030506
2023-09-18,16:00:00,1.34997,1.35149,1.34714,1.34795,9831,1.3509501850751704,BEARISH_BELOW_EMA200,0.0430283022367317,-0.018546681998596645,-0.26262101710003166
2023-09-18,20:00:00,1.34794,1.34967,1.34752,1.34853,4553,1.3509261036316365,BEARISH_BELOW_EMA200,-0.025212638947595303,-0.24619400384121892,-0.2817883176495907
2023-09-19,00:00:00,1.34849,1.34886,1.34771,1.34819,2362,1.350898878719879,BEARISH_BELOW_EMA200,-0.036345025552785695,-0.6141567583204196,-0.2677664127459699
2023-09-19,04:00:00,1.34819,1.34881,1.34763,1.3477,4178,1.3508670490808752,BEARISH_BELOW_EMA200,-0.1847592194108393,-0.2441196111894185,-0.13652890109073545
2023-09-19,08:00:00,1.34771,1.34838,1.34419,1.34521,6443,1.3508107600352943,BEARISH_BELOW_EMA200,-0.39399052935973433,-0.03568216114956296,-0.04534607979423283
2023-09-19,12:00:00,1.34523,1.34582,1.33803,1.33991,7664,1.3507022947613112,BEARISH_BELOW_EMA200,0.3358434521721736,0.34853087147645545,0.2888253688680613
2023-09-19,16:00:00,1.33992,1.34474,1.33839,1.34441,10847,1.3506396848631887,BEARISH_BELOW_EMA200,0.023802262702588936,0.10785400287114431,-0.3019912080392272
2023-09-19,20:00:00,1.34439,1.34483,1.3436,1.34473,5796,1.3505808820287293,BEARISH_BELOW_EMA200,-0.011154655581408348,-0.009667368170559404,0.10559740617075374
2023-09-20,00:00:00,1.34424,1.34487,1.34417,1.34458,2205,1.3505211717597867,BEARISH_BELOW_EMA200,0.09519701319370716,-0.05949813324607937,0.2774100462597829
2023-09-20,04:00:00,1.34457,1.34644,1.34444,1.34586,4425,1.3504747919412814,BEARISH_BELOW_EMA200,-0.0936204360037477,-0.4094036526830522,0.22884995467581853
2023-09-20,08:00:00,1.34588,1.34622,1.34391,1.3446,7294,1.3504163363000747,BEARISH_BELOW_EMA200,-0.06098467945857823,0.11527591848876546,0.3636769299419947
2023-09-20,12:00:00,1.34459,1.34469,1.34233,1.34378,7031,1.3503503031030593,BEARISH_BELOW_EMA200,-0.2552501153462653,0.3371087529208593,0.49338433374511725
2023-09-20,16:00:00,1.34377,1.34383,1.33952,1.34035,9691,1.3502507975995461,BEARISH_BELOW_EMA200,0.43272279628455457,0.6408773827731635,0.5438877905024821
2023-09-20,20:00:00,1.34036,1.34771,1.34035,1.34615,9818,1.3502099936433318,BEARISH_BELOW_EMA200,0.16045760130742784,0.24811499461427927,0.15897188277681024
2023-09-21,00:00:00,1.34464,1.34852,1.34462,1.34831,2890,1.3501910882339456,BEARISH_BELOW_EMA200,0.04672515964430513,0.1557505321476673,-0.05265851324991941
2023-09-21,04:00:00,1.34828,1.35006,1.34749,1.34894,5275,1.3501786395948019,BEARISH_BELOW_EMA200,0.04077275490385417,-0.09637196613637959,-0.1934852550891812
2023-09-21,08:00:00,1.34892,1.35012,1.34836,1.34949,7245,1.3501717874595303,BEARISH_BELOW_EMA200,0.06817390273362765,-0.08892248182647444,-0.23786763888581294
2023-09-21,12:00:00,1.34951,1.35204,1.34911,1.35041,8940,1.3501741577335649,BULLISH_ABOVE_EMA200,-0.2051228886042136,-0.20808495197756244,-0.433942284195185
2023-09-21,16:00:00,1.35042,1.35233,1.34686,1.34764,12025,1.3501489422337285,BEARISH_BELOW_EMA200,0.04823246564364663,-0.09720696922026079,-0.04229616217980762
2023-09-21,20:00:00,1.34765,1.34883,1.34602,1.34829,6511,1.3501304452960796,BEARISH_BELOW_EMA200,-0.051175933960800675,-0.1490777206684072,-0.011125203034962398
2023-09-22,00:00:00,1.34767,1.3482,1.34657,1.3476,2321,1.3501052667359197,BEARISH_BELOW_EMA200,-0.09424161472246086,-0.22632828732561572,-0.013357079251992207
2023-09-22,04:00:00,1.34761,1.34809,1.34597,1.34633,4585,1.3500677018927763,BEARISH_BELOW_EMA200,-0.0037137997370708157,0.05496423610852933,0.13072575074461562
2023-09-22,08:00:00,1.34632,1.34835,1.34587,1.34628,7770,1.350030013316729,BEARISH_BELOW_EMA200,-0.12850224321835052,0.1381584811480504,0.1544998068752475
2023-09-22,12:00:00,1.34626,1.34639,1.34232,1.34455,8212,1.3499754858210402,BEARISH_BELOW_EMA200,0.18742330147633615,0.21345431557027633,0.14800490870552663
2023-09-22,16:00:00,1.34451,1.34776,1.34348,1.34707,11060,1.3499465755143631,BEARISH_BELOW_EMA200,0.07943165537053787,0.07571989577379207,-0.020785853741829154
2023-09-22,20:00:00,1.34705,1.34912,1.34663,1.34814,6780,1.3499285996385983,BEARISH_BELOW_EMA200,-0.05340691619563487,0.016318779948678107,-0.20546827480824983
2023-09-25,00:00:00,1.34681,1.34813,1.34634,1.34742,3321,1.3499036384481646,BEARISH_BELOW_EMA200,0.04972465897789467,-0.06530999985156759,-0.1120660224725863
2023-09-25,04:00:00,1.34736,1.34894,1.34713,1.34809,4508,1.3498855922944517,BEARISH_BELOW_EMA200,0.020028336387035914,-0.09643273075240369,-0.044507414193409485
2023-09-25,08:00:00,1.3481,1.34891,1.34722,1.34836,5648,1.3498704122716214,BEARISH_BELOW_EMA200,-0.1349787890474304,-0.2217508677207903,0.04746506867601931
2023-09-25,12:00:00,1.34834,1.34839,1.34537,1.34654,6819,1.349837273841058,BEARISH_BELOW_EMA200,0.01856610275222878,-0.04678657893565215,0.2569548620909901
2023-09-25,16:00:00,1.34656,1.34914,1.34609,1.34679,9950,1.3498069527083112,BEARISH_BELOW_EMA200,-0.10543588829735719,0.051975437893075016,0.3140801461252443
2023-09-25,20:00:00,1.34682,1.34757,1.34528,1.34537,5505,1.349762803925144,BEARISH_BELOW_EMA200,0.040137657298734544,0.2698142518415025,0.4690159584352288
2023-09-26,00:00:00,1.34507,1.3461,1.34485,1.34591,2410,1.3497244675676798,BEARISH_BELOW_EMA200,0.11739269341933241,0.3038836177753453,0.4606548729112632
2023-09-26,04:00:00,1.34599,1.34798,1.34533,1.34749,5053,1.3497022340595437,BEARISH_BELOW_EMA200,0.11206020081780943,0.26196854893171995,0.3272751560308444
2023-09-26,08:00:00,1.34749,1.34994,1.34729,1.349,7786,1.3496952466559662,BEARISH_BELOW_EMA200,0.07412898443292157,0.19866567828020873,0.21645663454410927
2023-09-26,12:00:00,1.34897,1.35114,1.3482,1.35,8698,1.3496982790275487,BULLISH_ABOVE_EMA200,0.0755555555555571,0.156296296296284,0.09259259259259062
2023-09-26,16:00:00,1.35002,1.35153,1.34861,1.35102,10967,1.349711430480011,BULLISH_ABOVE_EMA200,0.04885197850512078,0.065135971340172,0.05033234149011797
2023-09-26,20:00:00,1.35102,1.35276,1.35084,1.35168,6732,1.349731018236429,BULLISH_ABOVE_EMA200,0.03181226325757061,0.01775568181818315,-0.1376065340909071
2023-09-27,00:00:00,1.35138,1.35251,1.35036,1.35211,3041,1.3497546896967632,BULLISH_ABOVE_EMA200,-0.015531280738979924,-0.06360429255015206,-0.22631294791103096
2023-09-27,04:00:00,1.35211,1.35241,1.35009,1.3519,5700,1.3497760360679398,BULLISH_ABOVE_EMA200,0.0014793993638515406,-0.01479399363859753,-0.21599230712331044
2023-09-27,08:00:00,1.35191,1.35248,1.35112,1.35192,6602,1.3497973690423881,BULLISH_ABOVE_EMA200,-0.049559145511564914,-0.15533463518551324,-0.16273152257529883
2023-09-27,12:00:00,1.3519,1.35375,1.351,1.35125,8293,1.3498118230817675,BULLISH_ABOVE_EMA200,0.033302497687314664,-0.16281221091581718,-0.125069380203513
2023-09-27,16:00:00,1.35125,1.35216,1.35016,1.3517,11454,1.3498306109117997,BULLISH_ABOVE_EMA200,-0.1390841162979864,-0.20122808315453383,-0.24117777613374408
2023-09-27,20:00:00,1.35174,1.35426,1.34949,1.34982,8768,1.349830505330588,BEARISH_BELOW_EMA200,-0.05704464298943099,-0.007408395193432382,-0.09038242135988493
2023-09-28,00:00:00,1.34952,1.35045,1.34904,1.34905,3005,1.349822739108393,BEARISH_BELOW_EMA200,-0.0051888365887116485,0.03780438086060638,0.09117527148733125
2023-09-28,04:00:00,1.34908,1.35003,1.34823,1.34898,5621,1.349814353644628,BEARISH_BELOW_EMA200,0.054856261768148,-0.04003024507405484,-0.07042357929695076
2023-09-28,08:00:00,1.34894,1.35136,1.34863,1.34972,7551,1.349813414802393,BEARISH_BELOW_EMA200,-0.011854310523659572,-0.0829801736656499,-0.34970216044809715
2023-09-28,12:00:00,1.34971,1.35063,1.34757,1.34956,8941,1.3498108932620707,BEARISH_BELOW_EMA200,-0.08299001155932376,0.05335072171669521,-0.4971990871098724
2023-09-28,16:00:00,1.34953,1.35043,1.34703,1.34844,13313,1.349797252533095,BEARISH_BELOW_EMA200,0.011865563169287321,-0.03040550562131214,0.4442170211503619
2023-09-28,20:00:00,1.34842,1.35155,1.3483,1.3486,8065,1.3497853395725667,BEARISH_BELOW_EMA200,0.12457363191457095,-0.26694349695981373,0.6191606110040101
2023-09-29,00:00:00,1.34863,1.35061,1.34805,1.35028,2329,1.3497902615668698,BULLISH_ABOVE_EMA200,-0.16663210593357403,-0.550256243149556,0.5339633261249638
2023-09-29,04:00:00,1.35035,1.3505,1.34751,1.34803,4945,1.3497727465264033,BEARISH_BELOW_EMA200,-0.22477244571708996,0.4747668820426816,0.7982018204342545
2023-09-29,08:00:00,1.34807,1.3483,1.3442,1.345,7625,1.3497252565112152,BEARISH_BELOW_EMA200,-0.1598513011152323,0.8884758364312363,1.072118959107814
2023-09-29,12:00:00,1.34511,1.34517,1.34166,1.34285,9085,1.3496568459986658,BEARISH_BELOW_EMA200,0.862345012473465,1.090218564992366,1.465539710317602
2023-09-29,16:00:00,1.34284,1.35485,1.34283,1.35443,14168,1.3497043400683308,BULLISH_ABOVE_EMA200,0.18605612693163012,0.3219066323102648,0.9834395280671572
2023-09-29,20:00:00,1.35444,1.35846,1.35444,1.35695,9315,1.3497764361870541,BULLISH_ABOVE_EMA200,0.0397951287814573,0.1820258668337059,0.7811636390434388
2023-10-02,00:00:00,1.35661,1.35815,1.35522,1.35749,3403,1.34985318806579,BULLISH_ABOVE_EMA200,0.09576497801087719,0.3712734532114368,0.7749596682111737
2023-10-02,04:00:00,1.35751,1.3588,1.357,1.35879,3708,1.3499421115676231,BULLISH_ABOVE_EMA200,0.04636478042965657,0.6594102105549849,0.8963857549731805
2023-10-02,08:00:00,1.35886,1.36003,1.35614,1.35942,6804,1.350036418915209,BULLISH_ABOVE_EMA200,0.22877403598593118,0.598049168027539,0.7569404599020104
2023-10-02,12:00:00,1.35948,1.36273,1.35933,1.36253,8258,1.3501607331548586,BULLISH_ABOVE_EMA200,0.38311083058721657,0.4021929792371492,0.5922805369423074
2023-10-02,16:00:00,1.36256,1.36795,1.36222,1.36775,13501,1.3503357507354075,BULLISH_ABOVE_EMA200,-0.014622555291535584,0.2354231401937489,0.2741729117163166
2023-10-02,20:00:00,1.36775,1.36777,1.3655,1.36755,7524,1.3505070367977419,BULLISH_ABOVE_EMA200,0.03363679572958246,0.15794669299111108,0.24130744762530498
2023-10-03,00:00:00,1.36567,1.36862,1.36567,1.36801,3261,1.3506811956355755,BULLISH_ABOVE_EMA200,0.2163726873341623,0.18932610141739406,0.16301050430917569
2023-10-03,04:00:00,1.36803,1.37117,1.36776,1.37097,5379,1.3508830742859679,BULLISH_ABOVE_EMA200,-0.09190573097879887,0.03865875985615436,-0.0897174992888294
2023-10-03,08:00:00,1.37104,1.37156,1.36855,1.36971,7390,1.3510704068801374,BULLISH_ABOVE_EMA200,0.06497725795971829,0.08322929671243685,-0.017521957202620845
2023-10-03,12:00:00,1.36965,1.37279,1.36949,1.3706,9336,1.3512647311897878,BULLISH_ABOVE_EMA200,0.0656646724062382,-0.026265868962508244,0.08974171895520679
2023-10-03,16:00:00,1.37057,1.37358,1.36824,1.3715,16487,1.3514660771480984,BULLISH_ABOVE_EMA200,-0.047393364928912836,-0.1283266496536627,0.1531170251549392
2023-10-03,20:00:00,1.37156,1.37232,1.36976,1.37085,7819,1.351658952002346,BULLISH_ABOVE_EMA200,-0.0444979392347813,-0.10066746908851713,0.2626107889265819
2023-10-04,00:00:00,1.37073,1.37132,1.36982,1.37024,2936,1.351843838052074,BULLISH_ABOVE_EMA200,-0.036489957963564405,0.11603806632416236,0.2707554880896852
2023-10-04,04:00:00,1.37022,1.37193,1.36953,1.36974,6100,1.3520219093152377,BULLISH_ABOVE_EMA200,-0.019711770116955952,0.2818053061164874,0.13287193189947966
2023-10-04,08:00:00,1.36968,1.37237,1.3694,1.36947,8522,1.352195522157872,BULLISH_ABOVE_EMA200,0.17232944131672398,0.3636443295581491,0.6498864524232097
2023-10-04,12:00:00,1.36942,1.37208,1.36898,1.37183,10456,1.3523908900965997,BULLISH_ABOVE_EMA200,0.1290247333853194,0.15453809874400615,0.2711706260979819
2023-10-04,16:00:00,1.37181,1.37795,1.37131,1.3736,15199,1.3526019260160367,BULLISH_ABOVE_EMA200,0.06188118811881315,-0.14851485148515156,-0.08153756552125874
2023-10-04,20:00:00,1.37359,1.37609,1.37338,1.37445,8212,1.3528193197870215,BULLISH_ABOVE_EMA200,-0.03637818763868784,0.28520499108735464,-0.29320819236785467
2023-10-05,00:00:00,1.37424,1.3755,1.37312,1.37395,2881,1.353029575311529,BULLISH_ABOVE_EMA200,-0.17395101714037003,0.11645256377597771,-0.2256268423159578
2023-10-05,04:00:00,1.37396,1.37398,1.37102,1.37156,5263,1.3532139576467377,BULLISH_ABOVE_EMA200,0.49651491732043845,0.06707690512992738,-0.013852839102912923
2023-10-05,08:00:00,1.37157,1.37837,1.37148,1.37837,8377,1.3534642665258747,BULLISH_ABOVE_EMA200,-0.20458947887722778,-0.5767682117283547,-0.532513040765551
2023-10-05,12:00:00,1.37834,1.3785,1.37496,1.37555,10066,1.3536840250679059,BULLISH_ABOVE_EMA200,-0.22318345389118013,-0.3416815092145068,-0.30097052088255843
2023-10-05,16:00:00,1.37556,1.37635,1.37223,1.37248,13894,1.3538710496940958,BULLISH_ABOVE_EMA200,-0.15009326183259142,-0.08087549545348162,-0.39636278852878654
2023-10-05,20:00:00,1.37249,1.37294,1.37032,1.37042,7535,1.354035715866294,BULLISH_ABOVE_EMA200,0.03137724201339228,0.04451190146086597,-0.3086644970155103
2023-10-06,00:00:00,1.36974,1.37133,1.36974,1.37085,2898,1.3542030221760821,BULLISH_ABOVE_EMA200,0.03793266951162242,0.0408505671663651,-0.5018783966152385
2023-10-06,04:00:00,1.37086,1.37141,1.37025,1.37137,4580,1.3543738378758226,BULLISH_ABOVE_EMA200,-0.02479272552265304,-0.3157426515090708,-0.3820996521726384
2023-10-06,08:00:00,1.37137,1.37276,1.36955,1.37103,7872,1.3545395708322823,BULLISH_ABOVE_EMA200,0.027716388408718044,-0.3530192628899408,-0.3610424279556253
2023-10-06,12:00:00,1.37102,1.37455,1.36974,1.37141,11006,1.3547074357991253,BULLISH_ABOVE_EMA200,-0.31865014838742495,-0.5425073464536582,-0.4900066355065268
2023-10-06,16:00:00,1.37148,1.37293,1.36517,1.36704,16732,1.3548301478807263,BULLISH_ABOVE_EMA200,-0.06217813670412112,-0.06656718164793761,-0.3620962078651693
2023-10-06,20:00:00,1.36705,1.3674,1.36435,1.36619,7514,1.354943181235147,BULLISH_ABOVE_EMA200,-0.16249569971966643,-0.008051588724851923,-0.5336007436740146
2023-10-09,00:00:00,1.36714,1.36787,1.36397,1.36397,4930,1.3550330003273345,BULLISH_ABOVE_EMA200,0.15836125427979808,0.05278708475993269,-0.45235599023439
2023-10-09,04:00:00,1.36396,1.36625,1.36396,1.36613,4891,1.3551434182345252,BULLISH_ABOVE_EMA200,-0.0036599737945953543,-0.29572588260268373,-0.560707985330825
2023-10-09,08:00:00,1.36614,1.36758,1.36434,1.36608,8506,1.3552522399436344,BULLISH_ABOVE_EMA200,-0.10175099554930915,-0.5255914734129747,-0.5534082923401273
2023-10-09,12:00:00,1.36604,1.36701,1.36452,1.36469,8133,1.3553461480038969,BULLISH_ABOVE_EMA200,-0.19051945863162592,-0.5048765653738259,-0.37590954722316844
2023-10-09,16:00:00,1.36468,1.36469,1.36123,1.36209,10741,1.3554132510088333,BULLISH_ABOVE_EMA200,-0.23419891490283504,-0.2657680476326789,-0.3002738438722792
2023-10-09,20:00:00,1.36208,1.36215,1.35806,1.3589,5888,1.3554479450286459,BULLISH_ABOVE_EMA200,-0.0809478254470602,-0.027963794245348957,-0.05298403120171123
2023-10-10,00:00:00,1.35871,1.3594,1.35747,1.3578,3558,1.3554713485606993,BULLISH_ABOVE_EMA200,0.04934452791281268,0.12962144645751997,0.018412137280901717
2023-10-10,04:00:00,1.35779,1.35863,1.35691,1.35847,5618,1.3555011858884536,BULLISH_ABOVE_EMA200,0.0036806112759121268,-0.03459774599365245,0.04269509080068201
2023-10-10,08:00:00,1.3585,1.36168,1.35773,1.35852,9049,1.3555312238398123,BULLISH_ABOVE_EMA200,0.07655389688780084,-0.025027235521008672,0.06919294526395937
2023-10-10,12:00:00,1.35858,1.36067,1.35857,1.35956,9480,1.3555713111647893,BULLISH_ABOVE_EMA200,-0.11474300508988244,-0.11106534467034351,-0.05957809879668417
2023-10-10,16:00:00,1.35955,1.36071,1.35758,1.358,12022,1.3555954772228511,BULLISH_ABOVE_EMA200,0.013254786450651469,0.07731958762886564,0.18998527245948485
2023-10-10,20:00:00,1.35801,1.35996,1.35754,1.35818,7513,1.3556211938673999,BULLISH_ABOVE_EMA200,-0.009571632626011536,0.09424376739459776,0.08614469363413652
2023-10-11,00:00:00,1.35829,1.35859,1.3571,1.35805,2799,1.3556453610926,BULLISH_ABOVE_EMA200,0.07363499134789675,0.05154449394351629,0.0493354442030815
2023-10-11,04:00:00,1.35804,1.35946,1.35785,1.35905,4207,1.3556792380966538,BULLISH_ABOVE_EMA200,0.030168132151120224,0.11257863949080675,-0.03163974835364059
2023-10-11,08:00:00,1.35904,1.36005,1.35815,1.35946,7441,1.3557168576180803,BULLISH_ABOVE_EMA200,-0.052226619392993424,-0.00809144807495862,-0.016918482338572117
2023-10-11,12:00:00,1.35948,1.3614,1.3585,1.35875,9007,1.3557470381392933,BULLISH_ABOVE_EMA200,0.13468261269549206,-0.002207911683530782,0.09494020239190532
2023-10-11,16:00:00,1.35879,1.36191,1.35793,1.36058,12384,1.3557951273120368,BULLISH_ABOVE_EMA200,-0.09040262241101901,-0.14405621132163945,0.46083288009525336
2023-10-11,20:00:00,1.36059,1.36234,1.359,1.35935,6571,1.3558304991795789,BULLISH_ABOVE_EMA200,-0.04634567992055986,-0.008827748556304115,0.7150476330599147
2023-10-12,00:00:00,1.35921,1.35968,1.35857,1.35872,2663,1.3558592504315232,BULLISH_ABOVE_EMA200,-0.007359868111162638,0.09715025906735662,0.6918276024493696
2023-10-12,04:00:00,1.3587,1.35966,1.35823,1.35862,4063,1.355886720576483,BULLISH_ABOVE_EMA200,0.04489849994847709,0.6057617288130573,0.7411932696412554
2023-10-12,08:00:00,1.35862,1.35949,1.35779,1.35923,6588,1.3559199870384087,BULLISH_ABOVE_EMA200,0.059592563436649974,0.7239392891563659,0.5606115227003495
2023-10-12,12:00:00,1.35919,1.36092,1.35819,1.36004,8066,1.3559609821922554,BULLISH_ABOVE_EMA200,0.5007205670421445,0.5941001735243145,0.4463104026352181
2023-10-12,16:00:00,1.36004,1.36759,1.35956,1.36685,12048,1.3560693306281533,BULLISH_ABOVE_EMA200,0.1624172367121565,0.13461608808574926,-0.10608333028495821
2023-10-12,20:00:00,1.36688,1.37002,1.36665,1.36907,8076,1.3561986905224006,BULLISH_ABOVE_EMA200,-0.06939016996939576,-0.1621538708758581,-0.22497023526919527
2023-10-13,00:00:00,1.36824,1.36926,1.36792,1.36812,3181,1.3563173105172028,BULLISH_ABOVE_EMA200,0.04166301201648682,-0.14691693711078466,-0.21781715054234882
2023-10-13,04:00:00,1.36815,1.36883,1.36777,1.36869,4435,1.35644042185534,BULLISH_ABOVE_EMA200,-0.13443511679051237,-0.24037583382650676,-0.32805090999421954
2023-10-13,08:00:00,1.36871,1.36886,1.36597,1.36685,6601,1.3565439997473268,BULLISH_ABOVE_EMA200,-0.05413907890404675,-0.06291838899658785,-0.17046493763031376
2023-10-13,12:00:00,1.36692,1.36881,1.36586,1.36611,8770,1.356639183829443,BULLISH_ABOVE_EMA200,-0.051972388753467026,-0.07100453111388653,-0.3447745789138497
2023-10-13,16:00:00,1.36618,1.36811,1.36362,1.3654,12193,1.3567263561296476,BULLISH_ABOVE_EMA200,0.043210780723604104,-0.08788633367510384,-0.33836238464917584
2023-10-13,20:00:00,1.36539,1.36703,1.36502,1.36599,7142,1.3568185316905468,BULLISH_ABOVE_EMA200,-0.062225931375780016,-0.10761425779105868,-0.37042730913111105
2023-10-16,00:00:00,1.36482,1.36579,1.36405,1.36514,3655,1.3569013323702428,BULLISH_ABOVE_EMA200,-0.06885740656635515,-0.273964575061904,-0.27249952385835485
2023-10-16,04:00:00,1.3651,1.36516,1.36377,1.3642,4421,1.356973955928748,BULLISH_ABOVE_EMA200,0.023456971118595217,-0.25069637883008195,-0.07770121683038124
2023-10-16,08:00:00,1.36422,1.36551,1.36326,1.36452,7061,1.3570490409443823,BULLISH_ABOVE_EMA200,-0.2286518336118204,-0.2630961803418039,-0.02125289479083498
2023-10-16,12:00:00,1.36455,1.36486,1.36123,1.3614,7489,1.357092334069314,BULLISH_ABOVE_EMA200,-0.045541354488015495,0.0014690759512363026,0.5200528867342424
2023-10-16,16:00:00,1.36139,1.36375,1.36076,1.36078,10864,1.3571290272626542,BULLISH_ABOVE_EMA200,0.011023089698545867,0.1734299445905964,0.2403033554284957
2023-10-16,20:00:00,1.36078,1.36208,1.36061,1.36093,6389,1.3571668478869063,BULLISH_ABOVE_EMA200,0.036004790841564334,0.24248124444314406,0.2792208269345246
2023-10-17,00:00:00,1.36077,1.36169,1.36052,1.36142,3034,1.35720916780843,BULLISH_ABOVE_EMA200,0.126338675794387,0.5185761925048732,0.31731574385567124
2023-10-17,04:00:00,1.36148,1.36319,1.36148,1.36314,4442,1.3572681810640677,BULLISH_ABOVE_EMA200,0.07996243966137266,0.06675763311178355,0.035212817465560105
2023-10-17,08:00:00,1.36313,1.36439,1.36174,1.36423,6550,1.357337452894276,BULLISH_ABOVE_EMA200,0.31153104681760885,0.03665071139030405,-0.07476745123623002
2023-10-17,12:00:00,1.36428,1.37024,1.36245,1.36848,9148,1.357448324009756,BULLISH_ABOVE_EMA200,-0.32371682450601647,-0.20022214427685936,-0.16441599438792406
2023-10-17,16:00:00,1.36853,1.36907,1.36206,1.36405,12716,1.357514012328067,BULLISH_ABOVE_EMA200,0.04985154503134152,-0.03152377112275433,0.4427990176313218
2023-10-17,20:00:00,1.36405,1.36578,1.36334,1.36473,7564,1.3575858132004246,BULLISH_ABOVE_EMA200,0.07400731280179636,-0.11137734203834941,0.49533607380215133
2023-10-18,00:00:00,1.36457,1.36578,1.36425,1.36574,2454,1.3576669493874851,BULLISH_ABOVE_EMA200,-0.15522720283508573,0.03587798556094875,0.43346464187913863
2023-10-18,04:00:00,1.36568,1.36573,1.36302,1.36362,5184,1.357726183721938,BULLISH_ABOVE_EMA200,-0.03006702747099789,0.4744723603349889,0.6798081576978843
2023-10-18,08:00:00,1.36362,1.36397,1.36246,1.36321,7291,1.3577807490580382,BULLISH_ABOVE_EMA200,0.22153593356856408,0.6073899105787124,0.7651058897748652
2023-10-18,12:00:00,1.36322,1.36662,1.36167,1.36623,8640,1.3578648212067146,BULLISH_ABOVE_EMA200,0.2825292959457759,0.39744406139522964,0.5021116503077715
2023-10-18,16:00:00,1.36618,1.37112,1.36461,1.37009,12023,1.357986464776797,BULLISH_ABOVE_EMA200,0.10218306826559334,0.2043661365311705,-0.07225802684495518
2023-10-18,20:00:00,1.37011,1.37158,1.36773,1.37149,8002,1.3581208283113562,BULLISH_ABOVE_EMA200,0.012395278128167429,0.15676381162092862,0.034269298354342385
2023-10-19,00:00:00,1.37108,1.37212,1.3709,1.37166,3247,1.3582555464376114,BULLISH_ABOVE_EMA200,0.08967236778792428,0.10425324059896914,0.05249114211975504
2023-10-19,04:00:00,1.37165,1.37352,1.37089,1.37289,4755,1.3584011628909685,BULLISH_ABOVE_EMA200,0.05462928566746268,-0.27605999023956473,-0.11872764751728254
2023-10-19,08:00:00,1.3729,1.37364,1.37166,1.37364,7585,1.358552793110959,BULLISH_ABOVE_EMA200,-0.040039602807143825,-0.12230278675634837,-0.3210448152354347
2023-10-19,12:00:00,1.37365,1.37405,1.37137,1.37309,8223,1.3586974419357256,BULLISH_ABOVE_EMA200,-0.29058546781346734,-0.051708191014426474,-0.3284562555986872
2023-10-19,16:00:00,1.37307,1.3735,1.36846,1.3691,14048,1.3588009499761662,BULLISH_ABOVE_EMA200,0.2088963552698915,0.1577678767073216,0.013147323058948869
2023-10-19,20:00:00,1.36909,1.3722,1.36791,1.37196,9834,1.358931885797299,BULLISH_ABOVE_EMA200,0.030613137409244068,-0.19898539316015926,-0.0714306539549244
2023-10-20,00:00:00,1.37138,1.37257,1.37124,1.37238,3308,1.359065697878918,BULLISH_ABOVE_EMA200,-0.0816100496946917,-0.27689124003556054,-0.0998265786443894
2023-10-20,04:00:00,1.3724,1.37338,1.37046,1.37126,4801,1.3591870342184311,BULLISH_ABOVE_EMA200,-0.14803902979741088,-0.14439274827529944,0.02406545804589673
2023-10-20,08:00:00,1.37124,1.37284,1.3687,1.36923,7355,1.359286964226208,BULLISH_ABOVE_EMA200,-0.04747193678198983,0.12780906056689822,0.13584277294537608
2023-10-20,12:00:00,1.36926,1.37087,1.36818,1.36858,7948,1.3593794322438577,BULLISH_ABOVE_EMA200,0.051147905127953426,0.17755629922986996,0.17098013999912381
2023-10-20,16:00:00,1.36853,1.37041,1.36693,1.36928,11612,1.3594779453558592,BULLISH_ABOVE_EMA200,0.12415283944847182,0.16870179948586367,-0.15336527225987312
2023-10-20,20:00:00,1.36926,1.37136,1.36879,1.37098,7490,1.359592393660776,BULLISH_ABOVE_EMA200,0.0021882157288927984,0.00802345767260153,-0.1458810485929774
2023-10-23,00:00:00,1.37047,1.37158,1.36821,1.37101,3102,1.359706001684052,BULLISH_ABOVE_EMA200,0.04230457837652715,-0.00656450354119558,-0.1779709848943478
2023-10-23,04:00:00,1.37102,1.37206,1.37058,1.37159,4156,1.3598242504235143,BULLISH_ABOVE_EMA200,-0.036454042388772666,-0.3215246538688693,-0.31277568369557424
2023-10-23,08:00:00,1.37157,1.37349,1.37083,1.37109,6876,1.3599363474342256,BULLISH_ABOVE_EMA200,-0.012398894310366459,-0.15389215879335671,-0.16045627931062
2023-10-23,12:00:00,1.37106,1.37362,1.37016,1.37092,8586,1.3600456375095071,BULLISH_ABOVE_EMA200,-0.27280950018964306,-0.1714177340763759,-0.03282467248270063
2023-10-23,16:00:00,1.37087,1.37345,1.36718,1.36718,12086,1.3601166261910045,BULLISH_ABOVE_EMA200,0.13165786509457597,0.008777191006297485,0.5756374434968361
2023-10-23,20:00:00,1.36719,1.36974,1.36671,1.36898,7615,1.3602048189652236,BULLISH_ABOVE_EMA200,-0.029949305322212263,-0.006574237753666637,0.36888778506625364
2023-10-24,00:00:00,1.36851,1.36923,1.36822,1.36857,2743,1.3602880545974103,BULLISH_ABOVE_EMA200,-0.09279759164676299,0.13883104262113102,0.3777665738690675
2023-10-24,04:00:00,1.36858,1.36909,1.36672,1.3673,4928,1.3603578251984312,BULLISH_ABOVE_EMA200,0.11628757405104807,0.5668105024500948,0.49952461054634056
2023-10-24,08:00:00,1.36728,1.3699,1.36606,1.36889,7406,1.3604427224601383,BULLISH_ABOVE_EMA200,0.11542198423541242,0.37548670820885127,0.5223210046095734
2023-10-24,12:00:00,1.36898,1.37095,1.36811,1.37047,7916,1.3605424963660078,BULLISH_ABOVE_EMA200,0.33419191956044486,0.2386042744459845,0.4837756390143464
2023-10-24,16:00:00,1.37047,1.37543,1.37031,1.37505,11859,1.3606868496359976,BULLISH_ABOVE_EMA200,-0.07417912075924664,-0.0669066579397136,0.25380895240173035
2023-10-24,20:00:00,1.3751,1.37512,1.37256,1.37403,6570,1.3608196173013112,BULLISH_ABOVE_EMA200,-0.021105798272244673,0.1462850156110016,0.4206603931500692
2023-10-25,00:00:00,1.37318,1.3746,1.37305,1.37374,3164,1.360948178323189,BULLISH_ABOVE_EMA200,0.028389651608027172,0.24458776769985804,0.5241166450711267
2023-10-25,04:00:00,1.37373,1.37442,1.37299,1.37413,4369,1.3610793407279334,BULLISH_ABOVE_EMA200,0.13899703812593103,0.32093033410230654,0.5407057556417387
2023-10-25,08:00:00,1.37413,1.37658,1.374,1.37604,7149,1.3612282030092475,BULLISH_ABOVE_EMA200,0.07703264439987653,0.273974593761813,0.25435307113165745
2023-10-25,12:00:00,1.37609,1.37833,1.37515,1.3771,7634,1.3613861313375137,BULLISH_ABOVE_EMA200,0.10456756953017993,0.27884685208046367,0.30789339917217495
2023-10-25,16:00:00,1.37712,1.38097,1.37605,1.37854,12437,1.3615568165978371,BULLISH_ABOVE_EMA200,0.09212645262378184,0.21907235190852642,0.3989728263234899
2023-10-25,20:00:00,1.3786,1.38007,1.37798,1.37981,7079,1.3617384403132815,BULLISH_ABOVE_EMA200,0.08189533341547571,-0.01956791152404987,0.23626441321631533
2023-10-26,00:00:00,1.3792,1.38124,1.37898,1.38094,3616,1.3619295006086718,BULLISH_ABOVE_EMA200,0.04489695424854396,0.02896577693454864,0.10717337465783638
2023-10-26,04:00:00,1.38094,1.38178,1.38017,1.38156,4913,1.3621248289608243,BULLISH_ABOVE_EMA200,-0.14621152899620074,0.1795072237181185,-0.07455340339904633
2023-10-26,08:00:00,1.38157,1.38195,1.37932,1.37954,7555,1.3622981142447963,BULLISH_ABOVE_EMA200,0.1304782753671531,0.2558823955811381,0.043492758455712335
2023-10-26,12:00:00,1.37953,1.38253,1.37895,1.38134,8614,1.3624875857448482,BULLISH_ABOVE_EMA200,0.1954623771120741,0.07818495084482965,0.06443019097398595
2023-10-26,16:00:00,1.38141,1.38439,1.3805,1.38404,12380,1.362702037627984,BULLISH_ABOVE_EMA200,-0.0700846796335305,-0.2536053871275326,0.1748504378486235
2023-10-26,20:00:00,1.38412,1.38417,1.3812,1.38307,7911,1.3629047039202429,BULLISH_ABOVE_EMA200,-0.04699689820472134,-0.21184755652281512,0.3145177033700446
2023-10-27,00:00:00,1.38242,1.38314,1.38146,1.38242,2578,1.3630988859707878,BULLISH_ABOVE_EMA200,-0.1367167720374378,-0.013744014120159754,0.248115623327212
2023-10-27,04:00:00,1.38242,1.38303,1.38041,1.38053,4386,1.3632723298914766,BULLISH_ABOVE_EMA200,-0.02825001991989399,0.4295451746792892,0.4150579849767852
2023-10-27,08:00:00,1.38053,1.38249,1.38004,1.38014,7056,1.3634401674049943,BULLISH_ABOVE_EMA200,0.15143391250164095,0.5274827191444473,0.4354630689640233
2023-10-27,12:00:00,1.38014,1.38369,1.37959,1.38223,7531,1.3636271309134023,BULLISH_ABOVE_EMA200,0.30602721688864776,0.26189563242007163,0.09477438631775625
2023-10-27,16:00:00,1.38221,1.3873,1.38158,1.38646,12061,1.3638543236406322,BULLISH_ABOVE_EMA200,0.06924108881612683,-0.014425226836690418,-0.15651371117810864
2023-10-27,20:00:00,1.38652,1.38802,1.38614,1.38742,7646,1.3640888079825164,BULLISH_ABOVE_EMA200,-0.11315967767511434,-0.09153680932955444,-0.34668665580719626
2023-10-30,00:00:00,1.38551,1.38725,1.38551,1.38585,2837,1.3643053372563223,BULLISH_ABOVE_EMA200,0.029584731392287872,-0.1666847061370303,-0.17245733665260413
2023-10-30,04:00:00,1.38584,1.38656,1.38499,1.38626,3527,1.364523791611981,BULLISH_ABOVE_EMA200,-0.007935019404733203,-0.14210898388469892,-0.10459798306233688
2023-10-30,08:00:00,1.38625,1.38648,1.38518,1.38615,5442,1.3647389777650958,BULLISH_ABOVE_EMA200,-0.18829131046423558,-0.2553836164917288,-0.2979475525736729
2023-10-30,12:00:00,1.38616,1.38616,1.3826,1.38354,7828,1.3649260526132043,BULLISH_ABOVE_EMA200,0.054208768810444834,-0.005782268673119679,0.09613021669052238
2023-10-30,16:00:00,1.38353,1.38572,1.38127,1.38429,11446,1.3651187287066053,BULLISH_ABOVE_EMA200,-0.12136185336888411,0.03756438318560966,0.3265211769210266
2023-10-30,20:00:00,1.3843,1.38505,1.38162,1.38261,6861,1.3652927712070373,BULLISH_ABOVE_EMA200,0.06147792942333829,-0.042672915717365596,0.3471694838023837
2023-10-31,00:00:00,1.38222,1.38361,1.38205,1.38346,2685,1.3654735396527387,BULLISH_ABOVE_EMA200,0.09758142627905285,0.10191837855811757,0.34334205542625246
2023-10-31,04:00:00,1.38346,1.38516,1.38326,1.38481,5058,1.3656659422432587,BULLISH_ABOVE_EMA200,-0.20147168203580781,0.2888482896570651,0.22963439027736374
2023-10-31,08:00:00,1.38484,1.38492,1.38197,1.38202,5949,1.365828669186112,BULLISH_ABOVE_EMA200,0.20621988104369107,0.39000882765806616,0.4674317303656901
2023-10-31,12:00:00,1.38205,1.38499,1.38132,1.38487,7859,1.3660181351643597,BULLISH_ABOVE_EMA200,0.28450323857113335,0.24117787229125465,0.16030385523550145
2023-10-31,16:00:00,1.38495,1.38918,1.38486,1.38881,11738,1.3662449198890925,BULLISH_ABOVE_EMA200,-0.10080572576522834,-0.05904335366249112,-0.007920449881557197
2023-10-31,20:00:00,1.38882,1.38897,1.38611,1.38741,6471,1.3664555177011413,BULLISH_ABOVE_EMA200,0.057661397856431186,0.0771221196329783,-0.13766658738225027
2023-11-01,00:00:00,1.38608,1.38862,1.38608,1.38821,2525,1.3666719802115779,BULLISH_ABOVE_EMA200,-0.015847746378421634,-0.08067943610837049,-0.3817866172985255
2023-11-01,04:00:00,1.38823,1.38889,1.38749,1.38799,4741,1.3668840998114629,BULLISH_ABOVE_EMA200,0.035302848003219,0.051153106290390306,-0.32565076117263664
2023-11-01,08:00:00,1.38804,1.38884,1.38632,1.38848,5814,1.3670989843904533,BULLISH_ABOVE_EMA200,-0.10010947222862429,-0.21462318506568206,-0.3817123761235207
2023-11-01,12:00:00,1.38845,1.38915,1.38633,1.38709,7931,1.3672978999686578,BULLISH_ABOVE_EMA200,0.11607033429698949,-0.30135030892010256,-0.5875610090188726
2023-11-01,16:00:00,1.38711,1.38915,1.3841,1.3887,11561,1.3675108561878753,BULLISH_ABOVE_EMA200,-0.2304313386620646,-0.376611219125806,-0.7625837113847554
2023-11-01,20:00:00,1.38869,1.38987,1.38533,1.3855,9630,1.3676898526437173,BULLISH_ABOVE_EMA200,-0.18693612414289934,-0.16744857452182446,-0.8545651389390004
2023-11-02,00:00:00,1.38503,1.38556,1.38288,1.38291,3087,1.3678412968960187,BULLISH_ABOVE_EMA200,0.04049431994850669,-0.28707580392071996,-0.5220874821933462
2023-11-02,04:00:00,1.38292,1.38356,1.38239,1.38347,4148,1.3679968063796406,BULLISH_ABOVE_EMA200,-0.020961784498391832,-0.3874316031428243,-0.6910160682920492
2023-11-02,08:00:00,1.38348,1.38514,1.38311,1.38318,5653,1.368147882933077,BULLISH_ABOVE_EMA200,-0.3065400020243223,-0.6882690611489446,-0.6347691551352687
2023-11-02,12:00:00,1.38321,1.3833,1.37894,1.37894,7932,1.3682552671824992,BULLISH_ABOVE_EMA200,-0.06019116132682411,-0.23568828230379674,-0.6925609526157734
2023-11-02,16:00:00,1.37895,1.38051,1.37688,1.37811,11227,1.3683533242254595,BULLISH_ABOVE_EMA200,-0.32290600895428107,-0.3047652219343871,-0.9092162454375872
2023-11-02,20:00:00,1.37814,1.37822,1.37354,1.37366,6335,1.3684061269694847,BULLISH_ABOVE_EMA200,0.14778038233623866,0.0538706812457204,-0.5277870797723018
2023-11-03,00:00:00,1.37359,1.376,1.37353,1.37569,2553,1.3684786033180472,BULLISH_ABOVE_EMA200,-0.1293896153930111,-0.4579520095370303,-0.7312693993559726
2023-11-03,04:00:00,1.37571,1.37594,1.3737,1.37391,3634,1.3685326470661263,BULLISH_ABOVE_EMA200,0.035664635965973135,-0.606298811421414,-0.6485140948097018
2023-11-03,08:00:00,1.37392,1.3745,1.37276,1.3744,5188,1.3685910286873588,BULLISH_ABOVE_EMA200,-0.364522700814898,-0.5813445867287662,-0.7406868451688066
2023-11-03,12:00:00,1.37441,1.3755,1.36918,1.36939,8709,1.3685989786506687,BULLISH_ABOVE_EMA200,-0.2782260714624826,-0.2745748106821437,-0.23295043778616947
2023-11-03,16:00:00,1.36943,1.37073,1.36558,1.36558,12807,1.368568939062105,BEARISH_BELOW_EMA200,0.06078003485697552,-0.0424727954422315,0.12448922802033091
2023-11-03,20:00:00,1.36557,1.3683,1.36542,1.36641,6427,1.3685474570813876,BEARISH_BELOW_EMA200,-0.05708389136496388,-0.16027400267854555,0.25541382162015747
2023-11-06,00:00:00,1.36583,1.36665,1.36541,1.36563,3476,1.3685184276576923,BEARISH_BELOW_EMA200,-0.04613255420574449,0.04173897761474056,0.3544151783426095
2023-11-06,04:00:00,1.36561,1.36563,1.3646,1.365,3587,1.3684834184272674,BEARISH_BELOW_EMA200,-0.057142857142857356,0.1670329670329714,0.5135531135531107
2023-11-06,08:00:00,1.36499,1.36555,1.36289,1.36422,6158,1.3684409963533644,BEARISH_BELOW_EMA200,0.1451378809869444,0.4163551333362586,0.7806658750055012
2023-11-06,12:00:00,1.36417,1.36643,1.3635,1.3662,6563,1.3684186978821866,BEARISH_BELOW_EMA200,0.07905138339920727,0.3125457473283557,0.6638852291026138
2023-11-06,16:00:00,1.36618,1.36842,1.36557,1.36728,9066,1.3684073675550006,BEARISH_BELOW_EMA200,0.19162132116317393,0.34594230881749904,0.7620970101222774
2023-11-06,20:00:00,1.36727,1.37025,1.36695,1.3699,5863,1.36842221961913,BULLISH_ABOVE_EMA200,0.04160887656034612,0.3628002043944917,0.4847069129133661
2023-11-07,00:00:00,1.36916,1.37071,1.36826,1.37047,3075,1.368442595543318,BULLISH_ABOVE_EMA200,0.11237020876048909,0.35024480652622203,0.4655337220077659
2023-11-07,04:00:00,1.37047,1.37256,1.37005,1.37201,4420,1.368478092105076,BULLISH_ABOVE_EMA200,0.2084532911567762,0.4147200093293761,0.4263817319115847
2023-11-07,08:00:00,1.37202,1.37496,1.37183,1.37487,6724,1.3685416931786574,BULLISH_ABOVE_EMA200,0.029093659764192682,0.12146602951552221,0.28148115821859815
2023-11-07,12:00:00,1.37492,1.37598,1.37354,1.37527,7311,1.3686086415052379,BULLISH_ABOVE_EMA200,0.17669257673038258,0.1148865313720153,0.2923062380477952
2023-11-07,16:00:00,1.37524,1.37819,1.37456,1.3777,9496,1.3686991027837927,BULLISH_ABOVE_EMA200,-0.08419830151700862,0.011613558829945563,0.20323727952385398
2023-11-07,20:00:00,1.37769,1.3778,1.37471,1.37654,5679,1.368777121661566,BULLISH_ABOVE_EMA200,0.022520231885728742,0.15982100047946152,0.1910587414822606
2023-11-08,00:00:00,1.37596,1.37743,1.37596,1.37685,2810,1.3688574488092122,BULLISH_ABOVE_EMA200,0.0733558484947654,0.17721610923484749,0.13872244616334956
2023-11-08,04:00:00,1.37684,1.3779,1.3754,1.37786,3449,1.368947026433001,BULLISH_ABOVE_EMA200,0.06386715631486449,0.19160146894459348,0.1139448129708279
2023-11-08,08:00:00,1.37781,1.37882,1.37672,1.37874,6358,1.3690444689560557,BULLISH_ABOVE_EMA200,0.039891495133225145,0.031187896195071615,0.013780698318748456
2023-11-08,12:00:00,1.37873,1.37992,1.3768,1.37929,7519,1.3691464145385825,BULLISH_ABOVE_EMA200,0.08772629396284722,-0.038425566777104125,-0.08482625118719729
2023-11-08,16:00:00,1.37931,1.38143,1.37759,1.3805,10642,1.3692593855381987,BULLISH_ABOVE_EMA200,-0.0963419051068492,-0.07750814922130578,-0.25642883013401657
2023-11-08,20:00:00,1.38054,1.38124,1.37902,1.37917,6316,1.3693579986174207,BULLISH_ABOVE_EMA200,-0.029728024826527654,-0.017401770630162922,0.10006018112342474
2023-11-09,00:00:00,1.37896,1.37967,1.37825,1.37876,2647,1.3694515508699836,BULLISH_ABOVE_EMA200,0.04859438916127161,-0.04641852098987307,0.11024398735095056
2023-11-09,04:00:00,1.37875,1.37954,1.37831,1.37943,3370,1.3695508389210287,BULLISH_ABOVE_EMA200,-0.03624685558527399,-0.1790594665912712,0.03189723291504433
2023-11-09,08:00:00,1.37945,1.38066,1.37816,1.37893,6139,1.3696441639068893,BULLISH_ABOVE_EMA200,-0.05874119788531524,0.11748239577063048,0.12545959548345526
2023-11-09,12:00:00,1.37895,1.37982,1.37715,1.37812,7401,1.3697285005844326,BULLISH_ABOVE_EMA200,-0.08417264098917727,0.15673526253156037,0.2917017386004058
2023-11-09,16:00:00,1.37821,1.37867,1.37462,1.37696,9724,1.369800455802498,BULLISH_ABOVE_EMA200,0.2607192656286299,0.21133511503601907,0.2912212409946599
2023-11-09,20:00:00,1.37695,1.38159,1.3767,1.38055,9535,1.3699074164412794,BULLISH_ABOVE_EMA200,-0.019557422766288253,0.007967838904788273,-0.046358335446016
2023-11-10,00:00:00,1.38026,1.38142,1.37997,1.38028,3404,1.3700106262279335,BULLISH_ABOVE_EMA200,-0.029704118005044012,0.13475526704726382,0.037673515518595935
2023-11-10,04:00:00,1.38031,1.38073,1.37951,1.37987,3638,1.3701087294495462,BULLISH_ABOVE_EMA200,0.05725177009428921,0.07971765456166892,0.10073412712791803
2023-11-10,08:00:00,1.37988,1.38144,1.37908,1.38066,6138,1.3702137172162177,BULLISH_ABOVE_EMA200,0.10719510958526544,-0.05432184607361902,0.007242912809814798
2023-11-10,12:00:00,1.38066,1.38232,1.38066,1.38214,7338,1.3703323866966535,BULLISH_ABOVE_EMA200,-0.0846513377805355,-0.09695110480847793,0.008682188490320809
2023-11-10,16:00:00,1.38211,1.38544,1.38077,1.38097,10472,1.3704382335951943,BULLISH_ABOVE_EMA200,-0.07675764136802833,0.020999732072376768,-0.1361361941244273
2023-11-10,20:00:00,1.38097,1.38168,1.37945,1.37991,5673,1.3705324800270828,BULLISH_ABOVE_EMA200,0.06449695994666735,0.06159822017378072,0.050727946025459845
2023-11-13,00:00:00,1.37876,1.38142,1.37832,1.3808,3642,1.3706346444049229,BULLISH_ABOVE_EMA200,0.03331402085746704,0.10573580533024456,-0.035486674391664356
2023-11-13,04:00:00,1.38082,1.38193,1.38053,1.38126,3320,1.3707403693362172,BULLISH_ABOVE_EMA200,-0.03619883294962172,-0.15710293500137593,0.04343859953956214
2023-11-13,08:00:00,1.3813,1.38146,1.37947,1.38076,5846,1.3708400671537675,BULLISH_ABOVE_EMA200,0.10863582374924367,-0.010863582374930798,0.08618442017439848
2023-11-13,12:00:00,1.38077,1.38312,1.38005,1.38226,6882,1.370953698326367,BULLISH_ABOVE_EMA200,-0.22933456802628427,-0.14107331471648735,-0.43334828469317926
2023-11-13,16:00:00,1.38228,1.38284,1.37768,1.37909,9411,1.3710346565519753,BULLISH_ABOVE_EMA200,0.11021760726275777,0.20085708691964713,-0.5619647738726207
2023-11-13,20:00:00,1.37908,1.38078,1.37887,1.38061,4740,1.3711299336012095,BULLISH_ABOVE_EMA200,-0.02172952535473211,0.0970585465844894,-0.8242733284562582
2023-11-14,00:00:00,1.37925,1.38053,1.37924,1.38031,2407,1.3712212775454762,BULLISH_ABOVE_EMA200,0.11229361520239385,-0.29268787446297,-0.7266483615999293
2023-11-14,04:00:00,1.38033,1.38214,1.38015,1.38186,2945,1.3713271354803471,BULLISH_ABOVE_EMA200,0.0065129607919704935,-0.7612927503509823,-0.9451029771467494
2023-11-14,08:00:00,1.38185,1.38275,1.38076,1.38195,5429,1.3714328356248213,BULLISH_ABOVE_EMA200,-0.4110134230616091,-0.9204385107999612,-0.8871522124534128
2023-11-14,12:00:00,1.38192,1.38431,1.3756,1.37627,8486,1.3714809666136292,BULLISH_ABOVE_EMA200,-0.35821459451997795,-0.43523436534983406,-0.5907271102327445
2023-11-14,16:00:00,1.37632,1.37632,1.37064,1.37134,11533,1.3714795639607573,BEARISH_BELOW_EMA200,-0.15386410372336956,-0.18522029547741528,-0.3463765368180052
2023-11-14,20:00:00,1.37135,1.37166,1.36842,1.36923,5968,1.3714571802397548,BEARISH_BELOW_EMA200,0.07668543634013245,0.033595524491876964,-0.07230341140641429
2023-11-15,00:00:00,1.36843,1.37096,1.36843,1.37028,3331,1.3714454670035385,BEARISH_BELOW_EMA200,-0.10800712263186545,-0.15617246110284255,-0.03138044779168713
2023-11-15,04:00:00,1.37026,1.37026,1.36807,1.3688,3474,1.371419143948777,BEARISH_BELOW_EMA200,0.06502045587376223,-0.1614552893045036,0.07817066043248863
2023-11-15,08:00:00,1.3688,1.37037,1.36766,1.36969,6411,1.3714019385363514,BEARISH_BELOW_EMA200,-0.11316429265017355,-0.10586337054371232,0.0014601844212857639
2023-11-15,12:00:00,1.36969,1.37006,1.36593,1.36814,7674,1.3713694814364872,BEARISH_BELOW_EMA200,-0.11329249930562225,0.12498720891137606,0.22439224056018595
2023-11-15,16:00:00,1.36813,1.36954,1.36543,1.36659,11288,1.3713219244072685,BEARISH_BELOW_EMA200,0.12073848045133723,0.24001346416993755,0.6841847225576047
2023-11-15,20:00:00,1.36665,1.36873,1.36653,1.36824,5435,1.3712912584927683,BEARISH_BELOW_EMA200,0.11766941472257143,0.10743729170321599,0.5298777992165264
2023-11-16,00:00:00,1.36772,1.37012,1.36765,1.36985,3660,1.3712769176122435,BEARISH_BELOW_EMA200,0.0014600138701251217,0.09928094316896215,0.38179362703946185
2023-11-16,04:00:00,1.36983,1.37125,1.36983,1.36987,3936,1.3712629184320222,BEARISH_BELOW_EMA200,-0.011679940432299267,0.4431077401505267,0.38178805288093526
2023-11-16,08:00:00,1.36989,1.37056,1.36863,1.36971,5917,1.3712474665073255,BEARISH_BELOW_EMA200,0.10951223251637622,0.42198713596309567,0.331457023749552
2023-11-16,12:00:00,1.36972,1.37353,1.36962,1.37121,7804,1.3712470937062577,BEARISH_BELOW_EMA200,0.3449508098686489,0.28223248080163066,0.06855259223604997
2023-11-16,16:00:00,1.37116,1.37765,1.37101,1.37594,11625,1.3712937892912702,BULLISH_ABOVE_EMA200,-0.03270491445846763,-0.06104917365582452,-0.25001090163814466
2023-11-16,20:00:00,1.37593,1.37689,1.37522,1.37549,5239,1.3713355426316556,BULLISH_ABOVE_EMA200,-0.029807559487893147,-0.09014969210973034,-0.28644337654218166
2023-11-17,00:00:00,1.37512,1.37577,1.37471,1.37508,2635,1.3713728009139277,BULLISH_ABOVE_EMA200,0.0014544608313631917,-0.21307851179568454,-0.2414404980073879
2023-11-17,04:00:00,1.37509,1.37569,1.37472,1.3751,3261,1.371409887471998,BULLISH_ABOVE_EMA200,-0.06181368627736292,-0.18907715802486624,-0.330885026543528
2023-11-17,08:00:00,1.37506,1.37705,1.3733,1.37425,6307,1.3714381472981474,BULLISH_ABOVE_EMA200,-0.1528106239767139,-0.19647080225577038,-0.3092595961433411
2023-11-17,12:00:00,1.37426,1.37438,1.37112,1.37215,7839,1.3714452304096085,BULLISH_ABOVE_EMA200,0.025507415370045004,-0.02842254855517913,-0.05976023029552475
2023-11-17,16:00:00,1.37217,1.37463,1.37078,1.3725,10366,1.3714557256294135,BULLISH_ABOVE_EMA200,-0.06921675774134838,-0.14207650273224903,0.007285974499088451
2023-11-17,20:00:00,1.37247,1.37275,1.37093,1.37155,4852,1.3714566636828522,BULLISH_ABOVE_EMA200,0.015311144325765993,-0.11301082716634028,0.07072290474280306
2023-11-20,00:00:00,1.37114,1.37271,1.37113,1.37176,3390,1.3714596819546647,BULLISH_ABOVE_EMA200,-0.08820784976965032,-0.03134659124046134,-0.018224762349105052
2023-11-20,04:00:00,1.37176,1.37194,1.36893,1.37055,4348,1.3714506303929268,BEARISH_BELOW_EMA200,-0.040129874867741305,0.1495749881434539,0.1320637700193418
2023-11-20,08:00:00,1.37053,1.37177,1.36964,1.37,6786,1.371436196259664,BEARISH_BELOW_EMA200,0.0970802919707906,0.18394160583940553,0.2087591240875812
2023-11-20,12:00:00,1.36999,1.37259,1.36993,1.37133,7452,1.3714351395804634,BEARISH_BELOW_EMA200,0.09261082306958242,0.01312594342718886,-0.04302392567798184
2023-11-20,16:00:00,1.37133,1.37491,1.37083,1.3726,8523,1.3714467302314042,BULLISH_ABOVE_EMA200,-0.00582835494682209,-0.017485064840450093,-0.24114818592453346
2023-11-20,20:00:00,1.37264,1.37313,1.37121,1.37252,4433,1.3714574095325844,BULLISH_ABOVE_EMA200,-0.07358727013085095,0.024771952321278157,-0.1712179057499965
2023-11-21,00:00:00,1.3718,1.37294,1.3711,1.37151,3114,1.3714579328208174,BULLISH_ABOVE_EMA200,0.0619754868721349,-0.05614249987239884,-0.08968217512085688
2023-11-21,04:00:00,1.37155,1.37244,1.37044,1.37236,4309,1.371466908613645,BULLISH_ABOVE_EMA200,0.036433588854232486,-0.22370223556502142,-0.09691334635227297
2023-11-21,08:00:00,1.37232,1.37313,1.37118,1.37286,7182,1.3714807702194796,BULLISH_ABOVE_EMA200,-0.1544221552088268,-0.19594131958101038,-0.12601430590154927
2023-11-21,12:00:00,1.37287,1.37301,1.36952,1.37074,8400,1.3714733993715245,BEARISH_BELOW_EMA200,-0.10578227818551827,-0.03355851583816967,0.17362884281481727
2023-11-21,16:00:00,1.37071,1.37113,1.36807,1.36929,10259,1.3714516740046439,BEARISH_BELOW_EMA200,0.06426688283710638,0.12707315470061673,0.11100643399135231
2023-11-21,20:00:00,1.3693,1.37049,1.36925,1.37017,6322,1.3714389210294735,BEARISH_BELOW_EMA200,0.008028200880170522,0.07006429859067487,-0.11239481232256557
2023-11-22,00:00:00,1.36956,1.37028,1.36902,1.37028,2915,1.3714273894769415,BEARISH_BELOW_EMA200,0.05473333917155825,0.20725691099628937,-0.11895379046618357
2023-11-22,04:00:00,1.37028,1.3711,1.36977,1.37103,3896,1.371423435352793,BEARISH_BELOW_EMA200,0.007293786423345148,-0.016046330131352846,-0.3289497676929034
2023-11-22,08:00:00,1.37104,1.37277,1.37054,1.37113,6568,1.371420515598039,BEARISH_BELOW_EMA200,0.14513576393193472,-0.18233136172353803,-0.20056449789589828
2023-11-22,12:00:00,1.37115,1.3744,1.36986,1.37312,8084,1.371437425890596,BULLISH_ABOVE_EMA200,-0.16823001631320003,-0.3255360055931,-0.19590421813096157
2023-11-22,16:00:00,1.37308,1.37647,1.37081,1.37081,10432,1.3714311828469086,BEARISH_BELOW_EMA200,-0.15903006251778662,-0.3129536551382122,-0.08097402265814857
2023-11-22,20:00:00,1.37083,1.37119,1.36855,1.36863,5158,1.3714033103807703,BEARISH_BELOW_EMA200,0.001461315329921818,-0.018266441624111958,0.07087379350152455
2023-11-23,00:00:00,1.36868,1.36929,1.36854,1.36865,2548,1.3713759142575788,BEARISH_BELOW_EMA200,-0.15562780842435722,0.13005516384759544,0.07087275782706591
2023-11-23,04:00:00,1.36864,1.36874,1.36641,1.36652,3356,1.371327596702777,BEARISH_BELOW_EMA200,0.13611216813511495,0.23270790036003575,0.23124432865966482
2023-11-23,08:00:00,1.36651,1.3689,1.36504,1.36838,7163,1.3712982673823513,BEARISH_BELOW_EMA200,0.14981218667330035,0.08915652084947157,0.061386456978337445
2023-11-23,12:00:00,1.36839,1.37108,1.36758,1.37043,6482,1.37128962790591,BEARISH_BELOW_EMA200,-0.05326795239451263,-0.059105536218557485,-0.33128288201513306
2023-11-23,16:00:00,1.37042,1.37095,1.3691,1.3697,5264,1.3712738107128164,BEARISH_BELOW_EMA200,-0.0073008688033868,-0.0014601737606708754,-0.6359056727750599
2023-11-23,20:00:00,1.3697,1.37013,1.369,1.3696,1328,1.3712571558798532,BEARISH_BELOW_EMA200,0.0014602803738413424,-0.027745327102790956,-0.44976635514018276
2023-11-24,00:00:00,1.36868,1.36999,1.36868,1.36962,2509,1.371240865771596,BEARISH_BELOW_EMA200,0.004380777149862661,-0.27233831281669446,-0.47896496838540037
2023-11-24,04:00:00,1.36962,1.37115,1.36959,1.36968,2810,1.3712253347688936,BEARISH_BELOW_EMA200,-0.03358448688744122,-0.634454763156364,-0.3300040885462356
2023-11-24,08:00:00,1.3697,1.37062,1.36807,1.36922,5286,1.3712053811891036,BEARISH_BELOW_EMA200,-0.24320416003272335,-0.4221381516483924,-0.3023619286893291
2023-11-24,12:00:00,1.36923,1.36941,1.36536,1.36589,6973,1.3711524918240379,BEARISH_BELOW_EMA200,-0.358740454941476,-0.2071909158131409,-0.12226460403107572
2023-11-24,16:00:00,1.36587,1.36608,1.35934,1.36099,9714,1.3710513725024056,BEARISH_BELOW_EMA200,0.1800160177517883,0.30639460980609756,0.22410157311956716
2023-11-24,20:00:00,1.36094,1.36474,1.36061,1.36344,4121,1.3709756374526305,BEARISH_BELOW_EMA200,-0.027870680044596537,0.12028398756088172,-0.13788652232587292
2023-11-27,00:00:00,1.36291,1.36401,1.36241,1.36306,2943,1.3708968748909127,BEARISH_BELOW_EMA200,0.15406511818995428,0.08510263671445498,-0.1724062036887483
2023-11-27,04:00:00,1.36305,1.36607,1.36305,1.36516,3968,1.370839791558665,BEARISH_BELOW_EMA200,-0.005860118960404492,-0.08204166544580928,-0.33329426587358496
2023-11-27,08:00:00,1.36517,1.3654,1.36223,1.36508,5935,1.3707824801998725,BEARISH_BELOW_EMA200,-0.06299997069769411,-0.2578603451812324,-0.47689512702552345
2023-11-27,12:00:00,1.36515,1.36586,1.3622,1.36422,6857,1.3707171818894262,BEARISH_BELOW_EMA200,-0.013194352816999383,-0.2572898799313822,-0.3437861928428027
2023-11-27,16:00:00,1.36416,1.36533,1.36295,1.36404,9113,1.3706507422686358,BEARISH_BELOW_EMA200,-0.1818128500630345,-0.2514589014984768,-0.47066068443739706
2023-11-27,20:00:00,1.36403,1.36436,1.36132,1.36156,4402,1.3705602871216842,BEARISH_BELOW_EMA200,-0.062428390963308066,-0.21960104585916507,-0.32168982637563165
2023-11-28,00:00:00,1.36183,1.36186,1.36014,1.36071,3283,1.3704622743145034,BEARISH_BELOW_EMA200,-0.007349104511614449,-0.08671943323707336,-0.4527048379155121
2023-11-28,04:00:00,1.3607,1.36084,1.35985,1.36061,3631,1.3703642417342596,BEARISH_BELOW_EMA200,-0.14993275075150422,-0.21975437487597826,-0.4255444249270683
2023-11-28,08:00:00,1.36062,1.36072,1.35857,1.35857,6116,1.370246886095113,BEARISH_BELOW_EMA200,0.07066253487121384,-0.10231346194896121,-0.06624612644178238
2023-11-28,12:00:00,1.35855,1.36131,1.35738,1.35953,8069,1.3701402504125746,BEARISH_BELOW_EMA200,-0.14048972806777757,-0.36630306061653545,-0.013239869660827415
2023-11-28,16:00:00,1.35955,1.3606,1.35598,1.35762,11840,1.3700156708064795,BEARISH_BELOW_EMA200,-0.03240965807810698,-0.2062432786788745,0.057453484774826744
2023-11-28,20:00:00,1.35761,1.35874,1.35611,1.35718,6428,1.3698879526890022,BEARISH_BELOW_EMA200,-0.19378417011745916,0.03610427504088473,0.128207017492142
2023-11-29,00:00:00,1.35673,1.35739,1.35415,1.35455,3950,1.3697353362443356,BEARISH_BELOW_EMA200,0.019932819017385292,0.35436122697575856,0.34328743863275946
2023-11-29,04:00:00,1.35453,1.35518,1.35407,1.35482,4060,1.369586924938422,BEARISH_BELOW_EMA200,0.21036004782923334,0.26424174429076475,0.22586026187981154
2023-11-29,08:00:00,1.35482,1.35824,1.3543,1.35767,6760,1.3694683485708756,BEARISH_BELOW_EMA200,0.1237414099155263,0.09206950142523393,0.2143377993179468
2023-11-29,12:00:00,1.35766,1.35938,1.35655,1.35935,7611,1.3693676684855933,BEARISH_BELOW_EMA200,-0.06988634273733817,-0.011034685695376061,0.1927391768124357
2023-11-29,16:00:00,1.35934,1.36147,1.35663,1.3584,10600,1.3692585374558859,BEARISH_BELOW_EMA200,0.038280329799753675,-0.038280329799770016,0.001472320376907316
2023-11-29,20:00:00,1.35837,1.35992,1.35711,1.35892,5682,1.3691556664364244,BEARISH_BELOW_EMA200,0.02060459776882068,0.12215582962941123,-0.21929179053954487
2023-11-30,00:00:00,1.35793,1.35936,1.35793,1.3592,2996,1.3690566050788482,BEARISH_BELOW_EMA200,-0.09711595055915155,0.20379635079458058,-0.4053855208946368
2023-11-30,04:00:00,1.35921,1.35933,1.35738,1.35788,3861,1.3689453950780637,BEARISH_BELOW_EMA200,0.19883936724894133,0.03976787344978827,-0.30488702978172094
2023-11-30,08:00:00,1.35786,1.36071,1.35669,1.36058,7088,1.3688621573160928,BEARISH_BELOW_EMA200,0.10216231313116483,-0.34103103088388614,-0.643843066927331
2023-11-30,12:00:00,1.36058,1.3625,1.3588,1.36197,9214,1.3687935786363308,BEARISH_BELOW_EMA200,-0.26065184989389945,-0.6079429062314033,-0.6776948097241385
2023-11-30,16:00:00,1.36195,1.36264,1.35521,1.35842,13756,1.3686903589484072,BEARISH_BELOW_EMA200,-0.18256503879507352,-0.3445178957906993,-0.65370062278235
2023-11-30,20:00:00,1.35843,1.35846,1.35581,1.35594,6370,1.3685634897051395,BEARISH_BELOW_EMA200,-0.1659365458648512,-0.3038482528725387,-0.4764222605719951
2023-12-01,00:00:00,1.3555,1.35641,1.35351,1.35369,3903,1.3684154947827003,BEARISH_BELOW_EMA200,0.0036936078422595622,-0.07017854900309571,-0.20831948230392813
2023-12-01,04:00:00,1.3537,1.35498,1.35342,1.35374,3855,1.368269469958992,BEARISH_BELOW_EMA200,-0.1418293025248513,-0.31025159927312346,-0.12188455685729381
2023-12-01,08:00:00,1.35374,1.35498,1.35172,1.35182,7153,1.368105793640992,BEARISH_BELOW_EMA200,0.06805639804116168,-0.17309996893077545,0.15238715213563572
2023-12-01,12:00:00,1.35181,1.35507,1.35167,1.35274,8160,1.3679529001719275,BEARISH_BELOW_EMA200,-0.23655691411506213,-0.1382379466859883,0.09166580421957714
2023-12-01,16:00:00,1.35279,1.35297,1.34866,1.34954,12757,1.3677696872348934,BEARISH_BELOW_EMA200,-0.004445959363927634,0.18895327296708897,0.26379358892659777
2023-12-01,20:00:00,1.34957,1.35139,1.34918,1.34948,6219,1.367587700297233,BEARISH_BELOW_EMA200,0.10300263805317622,0.3260515161395471,0.3067848356403972
2023-12-04,00:00:00,1.34998,1.35118,1.34796,1.35087,4073,1.3674213550206435,BEARISH_BELOW_EMA200,0.09031216919466706,0.23022200507820484,0.29462494540556045
2023-12-04,04:00:00,1.35089,1.35234,1.35069,1.35209,4135,1.3672688042244183,BEARISH_BELOW_EMA200,0.13238763691765773,0.07469916943398408,0.2536813377807723
2023-12-04,08:00:00,1.35211,1.35476,1.35147,1.35388,7064,1.367135582291837,BEARISH_BELOW_EMA200,0.007386178981888276,-0.01920406535290624,0.1085768310337757
2023-12-04,12:00:00,1.3539,1.35511,1.35249,1.35398,8296,1.3670046809755003,BEARISH_BELOW_EMA200,-0.06499357449888417,0.0642550111523175,0.3419548294657332
2023-12-04,16:00:00,1.35393,1.35617,1.35172,1.3531,11867,1.3668663259409182,BEARISH_BELOW_EMA200,0.03843027122903525,0.17884856995049062,0.2948784273150497
2023-12-04,20:00:00,1.35308,1.3554,1.35307,1.35362,6309,1.3667345217027003,BEARISH_BELOW_EMA200,0.09086745172205377,0.12780544022694768,0.40705663332396863
2023-12-05,00:00:00,1.35276,1.35553,1.35276,1.35485,4027,1.3666162677554097,BEARISH_BELOW_EMA200,0.0494519688526367,0.2775214968446681,0.17861755913937827
2023-12-05,04:00:00,1.35484,1.35654,1.35465,1.35552,3859,1.3665058571309778,BEARISH_BELOW_EMA200,-0.012541312559018197,0.11582271010386046,0.13647898961283547
2023-12-05,08:00:00,1.35551,1.35676,1.35495,1.35535,7169,1.366394853577436,BEARISH_BELOW_EMA200,0.2405282768288664,0.27889475043345957,0.22355849042681714
2023-12-05,12:00:00,1.35537,1.35914,1.35532,1.35861,8429,1.3663173923478098,BEARISH_BELOW_EMA200,-0.11187905285550584,-0.09863021764892933,-0.17665113608763217
2023-12-05,16:00:00,1.35859,1.35885,1.35557,1.35709,12355,1.366225577498578,BEARISH_BELOW_EMA200,0.15032164410614196,0.020632382524376276,0.08400327170638211
2023-12-05,20:00:00,1.35709,1.35938,1.35688,1.35913,5098,1.3661549747373984,BEARISH_BELOW_EMA200,-0.13685225107237517,-0.05518235930337999,0.016186825395665537
2023-12-06,00:00:00,1.35829,1.35943,1.35695,1.35727,3528,1.3660665670285688,BEARISH_BELOW_EMA200,0.007367730812586221,-0.07809794661342702,0.14367075084545583
2023-12-06,04:00:00,1.35726,1.3577,1.35675,1.35737,3473,1.3659800340233095,BEARISH_BELOW_EMA200,0.07440859898185133,0.06335781695485261,0.24090704818878467
2023-12-06,08:00:00,1.35738,1.35867,1.35584,1.35838,5936,1.365904411794222,BEARISH_BELOW_EMA200,-0.15974911291391256,0.07140858964355612,0.021348959790347583
2023-12-06,12:00:00,1.35837,1.35883,1.35519,1.35621,7635,1.3658079499853244,BEARISH_BELOW_EMA200,0.1489444849986457,0.2219420296266935,0.21088179559213432
2023-12-06,16:00:00,1.35622,1.35888,1.35484,1.35823,10957,1.3657325474979083,BEARISH_BELOW_EMA200,0.08246026078057545,0.17743681114391693,0.06331770024221677
2023-12-06,20:00:00,1.35823,1.3596,1.35653,1.35935,6208,1.3656690395626059,BEARISH_BELOW_EMA200,-0.009563394269317209,-0.050023908485674326,0.04708132563357295
2023-12-07,00:00:00,1.35872,1.35957,1.35871,1.35922,3252,1.3656048700147194,BEARISH_BELOW_EMA200,0.10447168228836956,-0.011035741086806734,-0.08534306440458865
2023-12-07,04:00:00,1.35923,1.36075,1.35891,1.36064,3707,1.3655554683230309,BEARISH_BELOW_EMA200,-0.14478480714957867,-0.11391698024460271,-0.2013758231420482
2023-12-07,08:00:00,1.36061,1.36074,1.35834,1.35867,7133,1.3654869562004137,BEARISH_BELOW_EMA200,0.029440555837690972,0.09715383426439,-0.05446502829973157
2023-12-07,12:00:00,1.35868,1.36124,1.35851,1.35907,7530,1.3654231058899617,BEARISH_BELOW_EMA200,0.0014715945462639142,-0.0743155245866626,-0.026488701832864822
2023-12-07,16:00:00,1.35904,1.36191,1.35865,1.35909,11318,1.3653600899109573,BEARISH_BELOW_EMA200,0.0662207800807984,-0.08755858699569583,0.05297662406463545
2023-12-07,20:00:00,1.35909,1.36036,1.35834,1.35999,6155,1.3653066561805,BEARISH_BELOW_EMA200,-0.14191280818241217,-0.15147170199780519,-0.08382414576578805
2023-12-08,00:00:00,1.35891,1.36007,1.35722,1.35806,4254,1.3652345501488534,BEARISH_BELOW_EMA200,-0.011781511862505189,0.047862391941448784,0.11781511862510093
2023-12-08,04:00:00,1.35808,1.35831,1.35708,1.3579,3778,1.3651615695503574,BEARISH_BELOW_EMA200,0.0022092937624253986,0.14065836954119273,0.12519331320419858
2023-12-08,08:00:00,1.35792,1.35925,1.35755,1.35793,7000,1.3650896136344335,BEARISH_BELOW_EMA200,0.05744036879662449,0.06775017858061975,0.09941602291723155
2023-12-08,12:00:00,1.35792,1.36009,1.35641,1.35871,9387,1.3650261348918025,BEARISH_BELOW_EMA200,0.08095914507141913,0.06991926165259742,-0.08979105180649283
2023-12-08,16:00:00,1.35868,1.36092,1.35504,1.35981,12103,1.364974233052083,BEARISH_BELOW_EMA200,-0.07059809826373331,-0.015443333995193704,-0.16252270537796054
2023-12-08,20:00:00,1.35981,1.36037,1.35816,1.35885,5474,1.3649132954097738,BEARISH_BELOW_EMA200,0.059609228391669385,0.03164440519558101,-0.1111233763844354
2023-12-11,00:00:00,1.35797,1.35977,1.35789,1.35966,3540,1.3648610238136567,BEARISH_BELOW_EMA200,-0.0044128679228756474,-0.15959872321021468,-0.21990791815601313
2023-12-11,04:00:00,1.35964,1.36041,1.35947,1.3596,3472,1.3648086753179984,BEARISH_BELOW_EMA200,-0.023536334215936743,-0.1471020888496618,-0.3111209179170312
2023-12-11,08:00:00,1.35965,1.35983,1.35802,1.35928,6360,1.364753663623292,BEARISH_BELOW_EMA200,-0.13168736389853145,-0.14272261785651616,-0.19348478606321964
2023-12-11,12:00:00,1.35927,1.35988,1.35682,1.35749,7104,1.3646813883633588,BEARISH_BELOW_EMA200,0.008103190447062774,-0.060405601514563124,0.0979749390418958
2023-12-11,16:00:00,1.35758,1.35885,1.35499,1.3576,9927,1.364610926787604,BEARISH_BELOW_EMA200,-0.01915144372421383,-0.16426045963464603,0.24307601649971133
2023-12-11,20:00:00,1.3576,1.35791,1.35625,1.35734,5598,1.3645385792573792,BEARISH_BELOW_EMA200,-0.049361250681476156,-0.050834720851082225,0.12892863983968042
2023-12-12,00:00:00,1.35608,1.35794,1.35603,1.35667,2991,1.3644602849364103,BEARISH_BELOW_EMA200,-0.09582286038609822,0.15847626910006662,0.16289886265636044
2023-12-12,04:00:00,1.35667,1.35671,1.35518,1.35537,3514,1.3643698343400281,BEARISH_BELOW_EMA200,0.09443915683539904,0.40800666976545413,0.27372599364012057
2023-12-12,08:00:00,1.35532,1.35727,1.35484,1.35665,6150,1.3642930200679881,BEARISH_BELOW_EMA200,0.15995282497328017,0.17985478937087665,0.19385987542845481
2023-12-12,12:00:00,1.35664,1.35894,1.35447,1.35882,8460,1.364238562156864,BEARISH_BELOW_EMA200,0.15307399066838007,0.0044155958846772226,-0.22004386158577488
2023-12-12,16:00:00,1.35876,1.3618,1.35831,1.3609,10432,1.364205342632915,BEARISH_BELOW_EMA200,-0.1330002204423609,-0.1337350282900972,-0.19031523256669058
2023-12-12,20:00:00,1.3609,1.36105,1.3588,1.35909,5909,1.3641544437012443,BEARISH_BELOW_EMA200,-0.015451515352171047,0.013979942461509872,-0.5415388237717745
2023-12-13,00:00:00,1.35868,1.35949,1.35846,1.35888,3049,1.3641019616743664,BEARISH_BELOW_EMA200,0.014718003061343014,-0.2244495466855055,-0.7741669610267341
2023-12-13,04:00:00,1.35888,1.35994,1.35886,1.35908,3012,1.3640519919064622,BEARISH_BELOW_EMA200,0.014715837183975776,-0.0566559731583247,-0.8954586926450255
2023-12-13,08:00:00,1.35908,1.36079,1.35883,1.35928,5984,1.3640045093999302,BEARISH_BELOW_EMA200,-0.25381084103348484,-0.5554411158848762,-1.0328997704667215
2023-12-13,12:00:00,1.35928,1.35945,1.35577,1.35583,6821,1.363923170997941,BEARISH_BELOW_EMA200,0.18291378712669107,-0.5509540281598789,-0.9477589373299032
2023-12-13,16:00:00,1.35578,1.35896,1.355,1.35831,9742,1.3638673185502002,BEARISH_BELOW_EMA200,-0.48442549933371676,-0.8392782207301615,-1.2824760179929464
2023-12-13,20:00:00,1.35832,1.35912,1.34946,1.35173,9873,1.3637465492113923,BEARISH_BELOW_EMA200,-0.24931014329785495,-0.4801254688436379,-0.8315270061328918
2023-12-14,00:00:00,1.35137,1.3516,1.34829,1.34836,4608,1.3635934492192392,BEARISH_BELOW_EMA200,-0.10753804621910701,-0.39900323355779915,-0.5903467916580117
2023-12-14,04:00:00,1.34834,1.34844,1.34559,1.34691,5214,1.3634274447493961,BEARISH_BELOW_EMA200,-0.12398749730865911,-0.44694894239408245,-0.5471783563861059
2023-12-14,08:00:00,1.34689,1.34813,1.34497,1.34524,7860,1.3632464751498996,BEARISH_BELOW_EMA200,-0.16799976212422532,-0.353096845172611,-0.5746186554072147
2023-12-14,12:00:00,1.34528,1.34643,1.34256,1.34298,9410,1.3630448186807465,BEARISH_BELOW_EMA200,-0.15562405992644324,-0.19211008354554995,-0.21370385262626024
2023-12-14,16:00:00,1.34296,1.34429,1.33938,1.34089,11177,1.3628243727237241,BEARISH_BELOW_EMA200,-0.02983093318616411,-0.10067939950331216,-0.31844521176233664
2023-12-14,20:00:00,1.34087,1.34256,1.34025,1.34049,6466,1.362602140159309,BEARISH_BELOW_EMA200,-0.006713962804640353,-0.22230676842050165,-0.21260882214712676
2023-12-15,00:00:00,1.34005,1.34146,1.33997,1.3404,4056,1.3623812233418033,BEARISH_BELOW_EMA200,-0.06415995225306496,-0.02163533273650578,-0.13652641002685753
2023-12-15,04:00:00,1.34038,1.3404,1.33869,1.33954,4078,1.362153947487656,BEARISH_BELOW_EMA200,-0.15154456007285905,-0.21798527852845256,-0.16124938411693118
2023-12-15,08:00:00,1.33955,1.33972,1.33732,1.33751,7109,1.3619087340798188,BEARISH_BELOW_EMA200,0.1943910699733038,0.0097195534986627,-0.003738289807170299
2023-12-15,12:00:00,1.33751,1.3403,1.33734,1.34011,8208,1.361691831253154,BEARISH_BELOW_EMA200,-0.26042638290886516,-0.11491593973628096,-0.27908156793097993
2023-12-15,16:00:00,1.34013,1.34034,1.335,1.33662,11339,1.3614423602954113,BEARISH_BELOW_EMA200,0.0763118911882226,0.05685984049319133,0.1847944816028469
2023-12-15,20:00:00,1.33666,1.33832,1.3364,1.33764,7470,1.3612055208894869,BEARISH_BELOW_EMA200,0.06952543285189569,-0.013456535390676637,0.16372118058671514
2023-12-18,00:00:00,1.33658,1.33882,1.33656,1.33857,3507,1.36098029182591,BEARISH_BELOW_EMA200,-0.08890084194326964,-0.16435449771024152,0.04930634931306416
2023-12-18,04:00:00,1.33858,1.33858,1.33705,1.33738,3715,1.360745463051523,BEARISH_BELOW_EMA200,0.0059818451001271145,0.12786193901508008,0.1637530096158096
2023-12-18,08:00:00,1.33737,1.33829,1.33657,1.33746,6261,1.3605137669017566,BEARISH_BELOW_EMA200,-0.08149776441912546,0.1772015611681832,0.0897223094522354
2023-12-18,12:00:00,1.33745,1.33837,1.33494,1.33637,7111,1.360273530415172,BEARISH_BELOW_EMA200,0.20353644574480373,0.2140125863346126,-0.12047561678278555
2023-12-18,16:00:00,1.33639,1.34088,1.33618,1.33909,10147,1.3600627490180062,BEARISH_BELOW_EMA200,0.05526140886722962,0.03584523818414266,-0.37413467354695795
2023-12-18,20:00:00,1.33906,1.34012,1.33894,1.33983,5347,1.359861428132255,BEARISH_BELOW_EMA200,-0.04478180067621683,-0.08732451131860873,-0.49707798750588583
2023-12-19,00:00:00,1.33943,1.33995,1.3389,1.33923,2891,1.359656140290143,BEARISH_BELOW_EMA200,0.025387722795935503,-0.3337738849936138,-0.3591616077895493
2023-12-19,04:00:00,1.33922,1.33995,1.33879,1.33957,3991,1.359456278197704,BEARISH_BELOW_EMA200,-0.06793224691505233,-0.4098330061139019,-0.35235187410884355
2023-12-19,08:00:00,1.33959,1.34,1.33833,1.33866,6001,1.3592493500564333,BEARISH_BELOW_EMA200,-0.29133611223163575,-0.41011160414145453,-0.4257989332616227
2023-12-19,12:00:00,1.33867,1.33908,1.33359,1.33476,7360,1.3590056749314938,BEARISH_BELOW_EMA200,-0.050945488327490636,-0.025472744163745318,-0.05394228175852243
2023-12-19,16:00:00,1.33472,1.33625,1.33328,1.33408,10007,1.3587576582655088,BEARISH_BELOW_EMA200,-0.06821180139121841,0.05771767810027581,-0.16041017030463173
2023-12-19,20:00:00,1.33412,1.335,1.33316,1.33317,5320,1.358503054700678,BEARISH_BELOW_EMA200,0.0937614857820063,-0.015751929611380656,0.2662826196208992
2023-12-20,00:00:00,1.33313,1.33481,1.33313,1.33442,3677,1.3582634223155967,BEARISH_BELOW_EMA200,0.032223737653823574,-0.0284767914150003,0.058452361325519925
2023-12-20,04:00:00,1.33443,1.33508,1.3341,1.33485,3770,1.3580304529393221,BEARISH_BELOW_EMA200,-0.14158894257783042,-0.21800202269919391,0.013484661197875935
2023-12-20,08:00:00,1.33487,1.33528,1.33285,1.33296,5917,1.3577809956961449,BEARISH_BELOW_EMA200,0.08102268635217635,0.2820789821149911,0.13728844076341362
2023-12-20,12:00:00,1.33293,1.33504,1.33251,1.33404,6394,1.357544766883248,BEARISH_BELOW_EMA200,-0.1574165692183136,0.08695391442535831,-0.07121225750350697
2023-12-20,16:00:00,1.33403,1.33447,1.33151,1.33194,8653,1.3572899930834148,BEARISH_BELOW_EMA200,0.358875024400499,0.23199243209153847,-0.06231511929965963
2023-12-20,20:00:00,1.33194,1.33699,1.33113,1.33672,7397,1.3570853165353212,BEARISH_BELOW_EMA200,-0.11371117361900518,-0.14438326650308123,-0.6493506493506344
2023-12-21,00:00:00,1.33684,1.33696,1.335,1.3352,2774,1.3568675521916862,BEARISH_BELOW_EMA200,-0.012732174955063172,-0.15802875973635666,-0.5145296584781255
2023-12-21,04:00:00,1.33522,1.33597,1.33485,1.33503,3308,1.3566502631151522,BEARISH_BELOW_EMA200,-0.017977124109571918,-0.29362636045631363,-0.4374433533328724
2023-12-21,08:00:00,1.33503,1.33594,1.33388,1.33479,5501,1.3564327480592802,BEARISH_BELOW_EMA200,-0.12736085826233437,-0.5056975254534279,-0.5221795188756224
2023-12-21,12:00:00,1.3348,1.33576,1.33278,1.33309,7952,1.3562004819094367,BEARISH_BELOW_EMA200,-0.1485271061968879,-0.3570651643925089,-0.5010914491894785
2023-12-21,16:00:00,1.33306,1.33382,1.32914,1.33111,11994,1.3559508253730244,BEARISH_BELOW_EMA200,-0.23063458316742463,-0.14424052106887647,-0.3801338732336219
2023-12-21,20:00:00,1.33115,1.33227,1.32755,1.32804,7132,1.3556731057175715,BEARISH_BELOW_EMA200,0.021836691665906256,-0.016565766091390995,-0.10391253275504944
2023-12-22,00:00:00,1.32773,1.32843,1.32751,1.32833,3354,1.3554010350139143,BEARISH_BELOW_EMA200,0.06474294791204618,-0.14454239533850186,-0.21606076803203483
2023-12-22,04:00:00,1.32831,1.32925,1.32789,1.32919,3596,1.355140228695368,BEARISH_BELOW_EMA200,-0.10307029092906908,-0.23623409745786098,-0.3122202243471661
2023-12-22,08:00:00,1.32914,1.32922,1.32698,1.32782,6315,1.3548683856237722,BEARISH_BELOW_EMA200,-0.10618909189497909,-0.0873612387221197,-0.18827853172869416
2023-12-22,12:00:00,1.32782,1.32909,1.32641,1.32641,7862,1.3545852176076152,BEARISH_BELOW_EMA200,-0.0271409292752722,-0.071621896698608,-0.37846518044948574
2023-12-22,16:00:00,1.32642,1.32738,1.32188,1.32605,11060,1.3543012850941067,BEARISH_BELOW_EMA200,0.04600128200294103,-0.07616605708683348,-0.37328909166321106
2023-12-22,20:00:00,1.32607,1.32847,1.32556,1.32666,6536,1.3540262474314788,BEARISH_BELOW_EMA200,-0.09045271584278322,-0.10100553269111127,-0.5351785687365176
2023-12-26,00:00:00,1.32507,1.32618,1.32503,1.32546,1864,1.353742006163504,BEARISH_BELOW_EMA200,-0.03168711239872097,-0.3070632082446862,-0.4217403769257453
2023-12-26,04:00:00,1.32546,1.32566,1.32484,1.32504,1988,1.3534564140623746,BEARISH_BELOW_EMA200,0.021131437541512556,-0.29734951397694065,-0.46413693171527654
2023-12-26,08:00:00,1.32503,1.32617,1.32448,1.32532,3408,1.353176449743346,BEARISH_BELOW_EMA200,-0.2965321582712091,-0.4346120182295587,-0.38104005070473534
2023-12-26,12:00:00,1.32534,1.32561,1.32099,1.32139,5294,1.352860166661323,BEARISH_BELOW_EMA200,-0.021946586549022127,-0.1150303846706851,-0.12638206736845747
2023-12-26,16:00:00,1.32135,1.32151,1.32012,1.3211,6699,1.3525441451025038,BEARISH_BELOW_EMA200,-0.11656952539549428,-0.1672848383922523,-0.004541669820600181
2023-12-26,20:00:00,1.32113,1.32136,1.31946,1.31956,5020,1.3522159446537227,BEARISH_BELOW_EMA200,0.023492679377976937,0.05380581405923098,0.09397071751189091
2023-12-27,00:00:00,1.31943,1.32097,1.31925,1.31987,2556,1.3518940944581634,BEARISH_BELOW_EMA200,-0.07424973671651018,-0.011364755619878814,-0.028033063862365495
2023-12-27,04:00:00,1.31987,1.31997,1.31858,1.31889,2707,1.351565695508331,BEARISH_BELOW_EMA200,0.10463344175785387,0.1630158694053406,0.08946917483642919
2023-12-27,08:00:00,1.31888,1.32086,1.31844,1.32027,5442,1.3512542955530242,BEARISH_BELOW_EMA200,-0.04165814568232638,0.04014330402114109,0.07119755807523771
2023-12-27,12:00:00,1.32028,1.32077,1.31926,1.31972,5711,1.3509405214679195,BEARISH_BELOW_EMA200,0.10002121662170671,-0.016670202770292866,0.10911405449639966
2023-12-27,16:00:00,1.31973,1.32123,1.3177,1.32104,9119,1.350643003841373,BEARISH_BELOW_EMA200,-0.01816750439048159,-0.07342699691151784,0.03633500878096318
2023-12-27,20:00:00,1.32101,1.32189,1.32045,1.3208,5732,1.3503460585295186,BEARISH_BELOW_EMA200,-0.09842519685039969,0.0310417928528181,0.1514233797698366
2023-12-28,00:00:00,1.31969,1.32102,1.31949,1.3195,2190,1.350039132574001,BEARISH_BELOW_EMA200,0.043198181129229365,0.12580522925350474,0.22735884804851186
2023-12-28,04:00:00,1.31949,1.32056,1.31923,1.32007,3408,1.3497409322498817,BEARISH_BELOW_EMA200,0.0863590567166831,0.10984265985894318,0.18029346928570655
2023-12-28,08:00:00,1.32006,1.32168,1.31882,1.32121,5700,1.3494570423767485,BEARISH_BELOW_EMA200,-0.003784409745619963,0.12034422991045939,0.2906426684630048
2023-12-28,12:00:00,1.32123,1.32321,1.32038,1.32116,7388,1.3491754797660347,BEARISH_BELOW_EMA200,0.027248781373954555,0.10142601955857874,0.3345544824245429
2023-12-28,16:00:00,1.32114,1.3216,1.3182,1.32152,9400,1.3489003008628901,BEARISH_BELOW_EMA200,0.09685816332707396,0.07037350929232061,-0.06507657848538674
2023-12-28,20:00:00,1.32149,1.32351,1.32143,1.3228,6280,1.3486405963766923,BEARISH_BELOW_EMA200,-0.022679165406710534,0.1700937405503542,0.1852131841548279
2023-12-29,00:00:00,1.3226,1.32324,1.32205,1.3225,2722,1.3483804909401083,BEARISH_BELOW_EMA200,-0.0037807183364919105,0.23289224952740806,0.12400756143667946
2023-12-29,04:00:00,1.32253,1.32323,1.32222,1.32245,2888,1.3481224761048833,BEARISH_BELOW_EMA200,0.19660478657039268,-0.1353548338311436,0.08544746493251733
2023-12-29,08:00:00,1.32245,1.32536,1.32245,1.32505,5139,1.347892899228218,BEARISH_BELOW_EMA200,0.039998490622989276,0.01509377004641168,0.018112524055697368
2023-12-29,12:00:00,1.32506,1.32647,1.32484,1.32558,6759,1.347670880330425,BEARISH_BELOW_EMA200,-0.3711582854297768,-0.10863169329651065,0.32664946664855726
2023-12-29,16:00:00,1.3256,1.32608,1.31779,1.32066,10228,1.3474021153520126,BEARISH_BELOW_EMA200,0.3475534959792902,0.22110157042691034,0.7412960186573354
2023-12-29,20:00:00,1.32065,1.32545,1.32065,1.32525,5891,1.3471816962937837,BEARISH_BELOW_EMA200,-0.08375778155064663,0.003018298434260706,0.5168836068666307
2024-01-02,00:00:00,1.32229,1.32494,1.32229,1.32414,2707,1.3469524256838954,BEARISH_BELOW_EMA200,-0.042291600586049506,0.4357545274668714,0.6396604588638646
2024-01-02,04:00:00,1.32414,1.32571,1.32358,1.32358,3220,1.3467198642343043,BEARISH_BELOW_EMA200,0.1291950618776425,0.5190468275434754,0.6882848033364021
2024-01-02,08:00:00,1.32361,1.32552,1.32283,1.32529,6422,1.3465066317543612,BEARISH_BELOW_EMA200,0.34860294727945174,0.5138497989119349,0.544786424103404
2024-01-02,12:00:00,1.32533,1.33086,1.32479,1.32991,7876,1.34634149113989,BEARISH_BELOW_EMA200,0.04060425141550819,0.20302125707755767,0.47221240535074277
2024-01-02,16:00:00,1.32995,1.33284,1.32991,1.33045,10920,1.346183366849941,BEARISH_BELOW_EMA200,0.1240181893344471,0.16836408733887182,0.42316509451689455
2024-01-02,20:00:00,1.33047,1.33336,1.33047,1.3321,6212,1.3460432338464592,BEARISH_BELOW_EMA200,0.038285414007958145,0.030778470084830076,0.23571803918624132
2024-01-03,00:00:00,1.33161,1.33292,1.33161,1.33261,2881,1.3459095698280865,BEARISH_BELOW_EMA200,0.006003256766785328,0.26864574031411415,0.15308304755328414
2024-01-03,04:00:00,1.33264,1.33315,1.33245,1.33269,3568,1.345778031819847,BEARISH_BELOW_EMA200,-0.013506516894390063,0.2543727348445628,0.09604634236020156
2024-01-03,08:00:00,1.3327,1.33336,1.33211,1.33251,6789,1.345646011602734,BEARISH_BELOW_EMA200,0.2761705353055441,0.20487651124568665,-0.010506487756191622
2024-01-03,12:00:00,1.33251,1.33636,1.33231,1.33619,8403,1.3455519219350451,BEARISH_BELOW_EMA200,-0.008232362164067572,-0.11525307029689616,-0.03891662113921493
2024-01-03,16:00:00,1.33624,1.33674,1.33368,1.33608,11293,1.3454576739555921,BEARISH_BELOW_EMA200,-0.06287048679719417,-0.15792467516913916,-0.048649781450215514
2024-01-03,20:00:00,1.33603,1.33719,1.33475,1.33524,8032,1.3453560055580243,BEARISH_BELOW_EMA200,-0.04418681285762039,-0.21494263203618288,-0.02546358707048972
2024-01-04,00:00:00,1.33489,1.33525,1.33439,1.33465,3386,1.3452494781395365,BEARISH_BELOW_EMA200,-0.050949687183890306,0.07642453077586041,0.02772262390890522
2024-01-04,04:00:00,1.33466,1.33546,1.33353,1.33397,3468,1.3451372445262078,BEARISH_BELOW_EMA200,-0.11994272734769491,0.10944773870475309,0.16642053419491357
2024-01-04,08:00:00,1.33397,1.33404,1.33169,1.33237,7089,1.3450102072672405,BEARISH_BELOW_EMA200,0.24767894803994825,0.18988719349729588,0.36401299939206233
2024-01-04,12:00:00,1.33238,1.33612,1.33166,1.33567,7601,1.344917269881497,BEARISH_BELOW_EMA200,-0.01796851018590056,-0.0486647150867967,0.007486879244123847
2024-01-04,16:00:00,1.33567,1.33657,1.33413,1.33543,10885,1.3448228691861588,BEARISH_BELOW_EMA200,-0.03968759126273331,0.05691050822582194,-0.097346921965199
2024-01-04,20:00:00,1.33546,1.33612,1.33456,1.3349,6010,1.3447241341693812,BEARISH_BELOW_EMA200,0.008989437411051017,0.17379578994681996,0.09888381152146138
2024-01-05,00:00:00,1.33501,1.33587,1.33398,1.33502,2872,1.3446275756204322,BEARISH_BELOW_EMA200,0.0876391364923292,0.05617893364891959,0.029962097946094883
2024-01-05,04:00:00,1.33503,1.33672,1.3346,1.33619,3520,1.3445436196441096,BEARISH_BELOW_EMA200,0.07708484571805554,-0.15416969143609446,0.08681400100285512
2024-01-05,08:00:00,1.33619,1.33725,1.33546,1.33722,6759,1.3444707478068547,BEARISH_BELOW_EMA200,-0.10843391513738751,-0.07478201043957702,0.04860830678570597
2024-01-05,12:00:00,1.33722,1.33986,1.33571,1.33577,8311,1.3443841732018116,BEARISH_BELOW_EMA200,-0.12277562754065925,-0.026202115633668255,0.2807369532180048
2024-01-05,16:00:00,1.33579,1.3368,1.32871,1.33413,13461,1.3442821416276642,BEARISH_BELOW_EMA200,0.1566563978023075,0.24135578991552553,0.18663848350609621
2024-01-05,20:00:00,1.33411,1.33682,1.33376,1.33622,7325,1.3442019213129612,BEARISH_BELOW_EMA200,-0.05987038062593824,0.12348266004100591,-0.10926344464235056
2024-01-08,00:00:00,1.33502,1.33651,1.33409,1.33542,2799,1.3441145390113398,BEARISH_BELOW_EMA200,0.14452382022135263,0.3070195144598697,-0.044929685042919526
2024-01-08,04:00:00,1.33549,1.33789,1.33541,1.33735,3618,1.3440472301654558,BEARISH_BELOW_EMA200,0.03888286536806774,-0.05458556099750398,-0.08374771002355479
2024-01-08,08:00:00,1.33733,1.33941,1.33589,1.33787,6593,1.343985765188685,BEARISH_BELOW_EMA200,0.12333036842145735,-0.23245905805496397,-0.1913489352478115
2024-01-08,12:00:00,1.33788,1.33983,1.33761,1.33952,7643,1.343941329714171,BEARISH_BELOW_EMA200,-0.2164954610606878,-0.3508719541328348,-0.18215480172001894
2024-01-08,16:00:00,1.33952,1.34048,1.33588,1.33662,10117,1.3438684806622887,BEARISH_BELOW_EMA200,-0.13915697804910693,-0.029178076042546908,0.1832981700109278
2024-01-08,20:00:00,1.33661,1.33731,1.33462,1.33476,5150,1.3437778490139078,BEARISH_BELOW_EMA200,0.0044951901465393775,0.04120590967664977,0.31316491354251497
2024-01-09,00:00:00,1.33439,1.33533,1.33439,1.33482,2739,1.343688716187899,BEARISH_BELOW_EMA200,0.1056322200746268,0.1693112179919503,0.24872267421826252
2024-01-09,04:00:00,1.33482,1.33635,1.33401,1.33623,3248,1.3436145001064272,BEARISH_BELOW_EMA200,-0.0688504224572141,0.2125382606287805,0.1436878381715664
2024-01-09,08:00:00,1.33623,1.33686,1.33493,1.33531,6246,1.3435318682645723,BEARISH_BELOW_EMA200,0.13255348945189127,0.2718469868420084,0.13030682013914932
2024-01-09,12:00:00,1.33529,1.33779,1.33512,1.33708,6614,1.3434676705703976,BEARISH_BELOW_EMA200,0.14883178269063455,0.0792772309809481,0.09947048792892373
2024-01-09,16:00:00,1.33708,1.34144,1.3367,1.33907,9284,1.3434239126542742,BEARISH_BELOW_EMA200,-0.009708230338963869,-0.06870439932191984,-0.08289335135578754
2024-01-09,20:00:00,1.33909,1.34031,1.33841,1.33894,6215,1.343379296607963,BEARISH_BELOW_EMA200,-0.059748756478999195,-0.14115643718164722,-0.0769265239667264
2024-01-10,00:00:00,1.33858,1.33933,1.33807,1.33814,2937,1.3433271643034062,BEARISH_BELOW_EMA200,0.0007473059619952671,0.020177260974187487,-0.12255817776914864
2024-01-10,04:00:00,1.33815,1.33847,1.33769,1.33815,2770,1.3432756502307355,BEARISH_BELOW_EMA200,-0.08220304151252691,-0.01419870717034058,-0.16888988528938675
2024-01-10,08:00:00,1.33815,1.33942,1.33658,1.33705,5887,1.3432137034622704,BEARISH_BELOW_EMA200,0.10171646535283108,0.06432070603192556,0.0
2024-01-10,12:00:00,1.33704,1.33893,1.33649,1.33841,5954,1.3431659054178697,BEARISH_BELOW_EMA200,-0.03362198429480215,-0.1427066444512577,0.13822371321193858
2024-01-10,16:00:00,1.33837,1.33878,1.33722,1.33796,8946,1.3431141053639606,BEARISH_BELOW_EMA200,-0.003737032497242482,-0.15471314538551348,0.34305958324612634
2024-01-10,20:00:00,1.33796,1.33904,1.33758,1.33791,5401,1.3430623232210357,BEARISH_BELOW_EMA200,-0.1053882548153397,-0.06427936109303771,0.10912542697192014
2024-01-11,00:00:00,1.33694,1.33817,1.3364,1.3365,2365,1.3429970264725677,BEARISH_BELOW_EMA200,-0.04564160119715671,0.2813318368873914,0.04788627010849038
2024-01-11,04:00:00,1.33649,1.33666,1.33567,1.33589,2816,1.3429263097912487,BEARISH_BELOW_EMA200,0.08683349676994737,0.4985440417998404,0.14821579621075617
2024-01-11,08:00:00,1.33591,1.33759,1.33552,1.33705,4509,1.3428678390470572,BEARISH_BELOW_EMA200,0.24008077484012827,0.17351632324893443,-0.10695187165775719
2024-01-11,12:00:00,1.33704,1.34103,1.33504,1.34026,6940,1.3428418903998227,BEARISH_BELOW_EMA200,0.17086236998790558,-0.2327906525599519,-0.3566472177040281
2024-01-11,16:00:00,1.34024,1.34424,1.33692,1.34255,12538,1.342838986017735,BEARISH_BELOW_EMA200,-0.23686268667833307,-0.3485903690737788,-0.1742951845368894
2024-01-11,20:00:00,1.34257,1.34276,1.3391,1.33937,6755,1.3428044687439267,BEARISH_BELOW_EMA200,-0.16649618850653325,-0.2799823797755602,0.08586126313117246
2024-01-12,00:00:00,1.3387,1.33966,1.33705,1.33714,3249,1.3427481058708528,BEARISH_BELOW_EMA200,0.05459413374814136,-0.12414556441359878,0.16976532001136713
2024-01-12,04:00:00,1.33713,1.3386,1.33701,1.33787,3264,1.3426995675039786,BEARISH_BELOW_EMA200,-0.16817777512014345,0.1749048861249605,0.15098626921899236
2024-01-12,08:00:00,1.33784,1.33833,1.33475,1.33562,5977,1.3426291240462276,BEARISH_BELOW_EMA200,-0.01048202332999124,0.3668708165496103,0.43725011605097763
2024-01-12,12:00:00,1.33561,1.33859,1.33533,1.33548,7367,1.3425579884835785,BEARISH_BELOW_EMA200,0.3541797705693759,0.29427621529337683,0.5578518585077993
2024-01-12,16:00:00,1.33544,1.34103,1.33428,1.34021,10958,1.3425346254140904,BEARISH_BELOW_EMA200,0.023130703397231216,-0.02387685511971079,0.2693607718193502
2024-01-12,20:00:00,1.34021,1.34113,1.33954,1.34052,5663,1.3425145793900697,BEARISH_BELOW_EMA200,-0.08280368812102352,0.07012204219259413,0.15441768865813388
2024-01-15,00:00:00,1.33991,1.34145,1.3392,1.33941,3331,1.342483688052855,BEARISH_BELOW_EMA200,0.03583667435662239,0.2628022786152088,0.4479584294577467
2024-01-15,04:00:00,1.3394,1.33997,1.33816,1.33989,3267,1.3424578802115332,BEARISH_BELOW_EMA200,0.11717379784908248,0.29330765958399485,0.5806446797871391
2024-01-15,08:00:00,1.33988,1.34151,1.33894,1.34146,6150,1.3424479510551997,BEARISH_BELOW_EMA200,0.10958209711805497,0.08423657805673321,0.6097833703576591
2024-01-15,12:00:00,1.34146,1.34303,1.34093,1.34293,5744,1.3424527475621133,BULLISH_ABOVE_EMA200,0.06627300008191474,0.18467083168892182,0.24945455087010973
2024-01-15,16:00:00,1.34292,1.34476,1.34275,1.34382,5766,1.3424663520639828,BULLISH_ABOVE_EMA200,-0.09153011564049235,0.2864967034275356,0.37951511363128115
2024-01-15,20:00:00,1.34382,1.34385,1.34245,1.34259,1298,1.3424675823917045,BULLISH_ABOVE_EMA200,0.21004178490827766,0.5251044622706859,0.5064837366582604
2024-01-16,00:00:00,1.34204,1.34569,1.34204,1.34541,3065,1.3424968601788518,BULLISH_ABOVE_EMA200,0.16797853442444524,0.06466430307489363,0.2527110694881166
2024-01-16,04:00:00,1.3454,1.34774,1.3454,1.34767,3395,1.342548334206923,BULLISH_ABOVE_EMA200,0.14617821870339381,0.09275267684225169,0.2359628098867069
2024-01-16,08:00:00,1.34767,1.3499,1.34712,1.34964,6777,1.3426188980456601,BULLISH_ABOVE_EMA200,-0.24895527696274783,-0.01852345810733688,0.1593017397231926
2024-01-16,12:00:00,1.34967,1.35,1.34446,1.34628,7536,1.342655326920828,BULLISH_ABOVE_EMA200,0.19609590872626614,0.1879252458626841,0.4248744689069265
2024-01-16,16:00:00,1.34632,1.34939,1.34568,1.34892,11868,1.3427176619763421,BULLISH_ABOVE_EMA200,0.03484268896600188,0.1430774249029008,0.27948284553569164
2024-01-16,20:00:00,1.34895,1.35015,1.34834,1.34939,5982,1.3427840533994633,BULLISH_ABOVE_EMA200,-0.042982384633058264,0.17785814330919583,0.0755897109064111
2024-01-17,00:00:00,1.34823,1.34948,1.34823,1.34881,2796,1.3428440130671304,BULLISH_ABOVE_EMA200,0.15124443027557935,0.236504770872104,0.015569279587194897
2024-01-17,04:00:00,1.34879,1.35105,1.34799,1.35085,4005,1.3429236746286515,BULLISH_ABOVE_EMA200,0.06958581633785696,0.13621053410814238,-0.11918421734464309
2024-01-17,08:00:00,1.35083,1.35301,1.35056,1.35179,7126,1.3430118967716502,BULLISH_ABOVE_EMA200,0.015534957352846483,-0.10208686260439394,-0.18124116911650945
2024-01-17,12:00:00,1.35177,1.35269,1.351,1.352,7591,1.3431013306346191,BULLISH_ABOVE_EMA200,0.051035502958569325,-0.22041420118343066,-0.009615384615398338
2024-01-17,16:00:00,1.35198,1.35416,1.35041,1.35269,10816,1.3431967402800458,BULLISH_ABOVE_EMA200,-0.16855303136711575,-0.25504735009499246,-0.14341793019834942
2024-01-17,20:00:00,1.35268,1.35351,1.3504,1.35041,6053,1.3432685140086025,BULLISH_ABOVE_EMA200,-0.10293170222376924,-0.07923519523701145,-0.13033078842723364
2024-01-18,00:00:00,1.35005,1.35082,1.34887,1.34902,2984,1.3433257427249348,BULLISH_ABOVE_EMA200,0.01630813479413848,0.21126447346961474,-0.034840106151146195
2024-01-18,04:00:00,1.34903,1.34985,1.34832,1.34924,3674,1.34338459105603,BULLISH_ABOVE_EMA200,0.007411579852360513,0.11191485577064868,0.03112863537992403
2024-01-18,08:00:00,1.34924,1.35034,1.34801,1.34934,5812,1.3434438488564675,BULLISH_ABOVE_EMA200,0.1874990736211719,-0.05113611098759983,-0.20380334089258675
2024-01-18,12:00:00,1.34937,1.35276,1.34822,1.35187,6735,1.3435276911564034,BULLISH_ABOVE_EMA200,-0.08284820285974316,-0.2455857441913786,-0.31659848949971814
2024-01-18,16:00:00,1.35186,1.35192,1.3489,1.35075,10414,1.3435995549259914,BULLISH_ABOVE_EMA200,-0.15546918378678445,-0.0806959096797937,-0.34647418101053457
2024-01-18,20:00:00,1.35074,1.35171,1.34856,1.34865,5874,1.3436498081108075,BULLISH_ABOVE_EMA200,-0.007414822229636229,-0.15274533793051948,-0.4211619026433773
2024-01-19,00:00:00,1.34835,1.34915,1.34827,1.34855,3023,1.3436985662390584,BULLISH_ABOVE_EMA200,0.08231062993586938,-0.07118757183640577,-0.42490081939861435
2024-01-19,04:00:00,1.34861,1.34974,1.34812,1.34966,3317,1.3437578839879234,BULLISH_ABOVE_EMA200,-0.2274646948120362,-0.26599291673458364,-0.4341834239734434
2024-01-19,08:00:00,1.34965,1.35017,1.34655,1.34659,6094,1.34378606424675,BULLISH_ABOVE_EMA200,0.07426165350998536,-0.26882718570611375,-0.2985318471101013
2024-01-19,12:00:00,1.34658,1.3479,1.34541,1.34759,5978,1.3438239143537476,BULLISH_ABOVE_EMA200,-0.11279395068232666,-0.35396522681232145,-0.2894055313559773
2024-01-19,16:00:00,1.34759,1.34937,1.34583,1.34607,10591,1.3438462634646555,BULLISH_ABOVE_EMA200,-0.2303000586893774,-0.16863907523382843,-0.07354743809757638
2024-01-19,20:00:00,1.34603,1.34653,1.34269,1.34297,5849,1.3438375444252062,BEARISH_BELOW_EMA200,-0.011169274071654207,-0.02978473085772251,0.3596506251070472
2024-01-22,00:00:00,1.34275,1.34379,1.34207,1.34282,3610,1.343827419605055,BEARISH_BELOW_EMA200,0.07298074202053909,0.0647890260794558,0.38575535067992617
2024-01-22,04:00:00,1.34282,1.34409,1.34243,1.3438,3321,1.343827146773164,BEARISH_BELOW_EMA200,-0.09153147789850158,0.09525226968298466,0.16073820509003867
2024-01-22,08:00:00,1.34382,1.34443,1.34232,1.34257,5664,1.343814637850048,BEARISH_BELOW_EMA200,0.0834220934476422,0.38955138279568796,0.37316490015417886
2024-01-22,12:00:00,1.34256,1.34427,1.34147,1.34369,5953,1.3438133976724356,BEARISH_BELOW_EMA200,0.10344647947071142,0.3207585082868843,0.28950129866263413
2024-01-22,16:00:00,1.34369,1.34612,1.34256,1.34508,8556,1.3438260006806702,BULLISH_ABOVE_EMA200,0.20221845540786093,0.06542361792607071,0.23195646355607188
2024-01-22,20:00:00,1.3451,1.34821,1.3451,1.3478,4775,1.3438655429624544,BULLISH_ABOVE_EMA200,0.014838996883809017,-0.016322896572199805,-0.12835732304496283
2024-01-23,00:00:00,1.34716,1.34859,1.34715,1.348,3016,1.34390668183845,BULLISH_ABOVE_EMA200,-0.15133531157270338,-0.03115727002968004,-0.11127596439169561
2024-01-23,04:00:00,1.348,1.34851,1.34577,1.34596,4266,1.343927112864933,BULLISH_ABOVE_EMA200,0.12036018901007124,0.16642396505096882,0.06538084341287942
2024-01-23,08:00:00,1.34596,1.34823,1.34528,1.34758,5872,1.3439634600006056,BULLISH_ABOVE_EMA200,0.0,-0.11205271672181988,-0.2433992787070118
2024-01-23,12:00:00,1.34759,1.34817,1.34643,1.34758,6577,1.3439994454732367,BULLISH_ABOVE_EMA200,0.04600840024340409,-0.08014366494011264,-0.32428501461879705
2024-01-23,16:00:00,1.3476,1.34913,1.34666,1.3482,9406,1.3440412420356922,BULLISH_ABOVE_EMA200,-0.15798842901646382,-0.100875241062159,-0.014834594273844976
2024-01-23,20:00:00,1.34815,1.3486,1.34585,1.34607,5010,1.344061428682103,BULLISH_ABOVE_EMA200,0.0319448468504558,-0.13149390447748252,0.45985721396360646
2024-01-24,00:00:00,1.34545,1.34659,1.34545,1.3465,2661,1.344085693073326,BULLISH_ABOVE_EMA200,0.025250649832900627,-0.2443371704418875,0.438915707389518
2024-01-24,04:00:00,1.34649,1.34772,1.34649,1.34684,3501,1.3441130991123975,BULLISH_ABOVE_EMA200,-0.18858958747883836,0.08612752813994608,0.4031659291378371
2024-01-24,08:00:00,1.34684,1.34709,1.34377,1.3443,6106,1.344114958822722,BULLISH_ABOVE_EMA200,-0.0810830915718244,0.5921297329465124,0.46938927322770496
2024-01-24,12:00:00,1.34426,1.34595,1.34307,1.34321,7001,1.3441059542573217,BEARISH_BELOW_EMA200,0.3566084231058488,0.6849264076354311,0.43254591612630133
2024-01-24,16:00:00,1.34318,1.34941,1.34297,1.348,10683,1.3441447009811296,BULLISH_ABOVE_EMA200,0.3160237388723984,0.31676557863501453,0.1194362017804072
2024-01-24,20:00:00,1.348,1.35278,1.34793,1.35226,6657,1.3442254502250985,BULLISH_ABOVE_EMA200,0.011092541375169898,-0.12201795512696738,-0.35717983228078265
2024-01-25,00:00:00,1.35123,1.35341,1.35123,1.35241,3354,1.3443068885313165,BULLISH_ABOVE_EMA200,-0.010351890329101896,-0.25066363011215403,-0.38819588734185473
2024-01-25,04:00:00,1.35238,1.35253,1.35144,1.35227,3711,1.3443861234713035,BULLISH_ABOVE_EMA200,-0.12275655009724351,-0.1967062790714951,-0.42964792534036045
2024-01-25,08:00:00,1.35228,1.35295,1.35044,1.35061,5601,1.3444480525909919,BULLISH_ABOVE_EMA200,-0.11772458370661999,-0.23544916741325642,-0.37094349960389605
2024-01-25,12:00:00,1.35062,1.35181,1.34881,1.34902,7552,1.344493544605012,BULLISH_ABOVE_EMA200,0.043735452402475006,-0.13787786689598336,-0.46700567819603817
2024-01-25,16:00:00,1.34902,1.35195,1.34851,1.34961,10805,1.3445444546089422,BULLISH_ABOVE_EMA200,-0.16152814516786856,-0.233400760219618,-0.24896081090092914
2024-01-25,20:00:00,1.34958,1.35042,1.34679,1.34743,6564,1.3445731665033807,BULLISH_ABOVE_EMA200,-0.020038146694076314,-0.13581410537096536,-0.1721796308527996
2024-01-26,00:00:00,1.34736,1.34821,1.34694,1.34716,2533,1.3445989061401629,BULLISH_ABOVE_EMA200,-0.051961162742355994,-0.32958223225155137,-0.17963716262358345
2024-01-26,04:00:00,1.34716,1.34723,1.34628,1.34646,2849,1.344617424487027,BULLISH_ABOVE_EMA200,-0.06387118815264345,-0.015596452920996054,-0.12625699983661118
2024-01-26,08:00:00,1.34647,1.34827,1.34549,1.3456,6040,1.344627201357803,BULLISH_ABOVE_EMA200,-0.21403091557669396,-0.036414982164081414,-0.1553210463733595
2024-01-26,12:00:00,1.34559,1.34564,1.34137,1.34272,7016,1.3446082242298645,BEARISH_BELOW_EMA200,0.26289918970448295,0.15044089609152564,0.0789442326024831
2024-01-26,16:00:00,1.34273,1.34671,1.34189,1.34625,9660,1.3446245603071794,BULLISH_ABOVE_EMA200,-0.08467966573815554,-0.11067780872794737,-0.12107706592386411
2024-01-26,20:00:00,1.34624,1.34649,1.3443,1.34511,5723,1.344629390552879,BULLISH_ABOVE_EMA200,-0.027507044033572084,-0.1189493796046454,-0.2743270067132035
2024-01-29,00:00:00,1.345,1.34585,1.34443,1.34474,3264,1.3446304911443927,BULLISH_ABOVE_EMA200,0.001487276350811977,-0.07138926483930513,-0.3004298228653899
2024-01-29,04:00:00,1.34475,1.34558,1.34447,1.34476,3250,1.3446317797897223,BULLISH_ABOVE_EMA200,-0.09295338945239101,-0.01041077961867017,-0.2981944733632654
2024-01-29,08:00:00,1.34477,1.34483,1.34293,1.34351,5098,1.3446206178017648,BEARISH_BELOW_EMA200,0.020096612604297136,-0.1555626679369655,-0.23073888545674248
2024-01-29,12:00:00,1.34352,1.34458,1.34251,1.34378,5160,1.3446122534455285,BEARISH_BELOW_EMA200,0.06251023232969326,-0.22920418520888625,-0.00595335545997708
2024-01-29,16:00:00,1.3437,1.34646,1.34327,1.34462,8253,1.3446123305256725,BULLISH_ABOVE_EMA200,-0.2379854531391672,-0.2878136573901785,-0.24765361217294352
2024-01-29,20:00:00,1.34461,1.34533,1.34095,1.34142,5292,1.34458056604283,BEARISH_BELOW_EMA200,-0.05367446437357829,-0.07529334585737169,-0.1259858955435262
2024-01-30,00:00:00,1.34097,1.34146,1.34014,1.3407,2859,1.344541953445389,BEARISH_BELOW_EMA200,0.003729395092123929,0.22376370552695543,0.029835160736925184
2024-01-30,04:00:00,1.34071,1.3411,1.34013,1.34075,3193,1.3445042225653356,BEARISH_BELOW_EMA200,-0.025358940891292703,0.040275964944992346,0.07607682267386155
2024-01-30,08:00:00,1.34075,1.34148,1.34003,1.34041,5667,1.3444634840323473,BEARISH_BELOW_EMA200,0.2454472885161848,-0.05073074656261993,0.13428727031279994
2024-01-30,12:00:00,1.3404,1.34382,1.33987,1.3437,6193,1.344455887176304,BEARISH_BELOW_EMA200,-0.17935551090271648,-0.193495571928253,-0.29768549527424304
2024-01-30,16:00:00,1.34378,1.34462,1.34055,1.34129,9760,1.3444243858113658,BEARISH_BELOW_EMA200,-0.1163059442775243,0.035786444393070396,-0.15209238867061126
2024-01-30,20:00:00,1.34134,1.34161,1.33953,1.33973,5112,1.3443776755047852,BEARISH_BELOW_EMA200,0.10225941047822108,0.18511192553722133,0.2739357930329126
2024-01-31,00:00:00,1.33966,1.3411,1.33959,1.3411,3361,1.3443450618181703,BEARISH_BELOW_EMA200,0.04995898888971355,-0.10439191708299664,0.16479009768101152
2024-01-31,04:00:00,1.34115,1.34235,1.34111,1.34177,3408,1.3443194393125169,BEARISH_BELOW_EMA200,0.032792505421942356,-0.18781162196202447,0.22134941159812332
2024-01-31,08:00:00,1.34178,1.34248,1.34096,1.34221,5399,1.3442984498666213,BEARISH_BELOW_EMA200,-0.18700501411850698,0.08865974772949274,0.17359429597456177
2024-01-31,12:00:00,1.34222,1.34369,1.33919,1.3397,6580,1.3442526941465553,BEARISH_BELOW_EMA200,-0.03358960961408072,0.2694633126819522,0.32768530267971313
2024-01-31,16:00:00,1.33969,1.33992,1.33583,1.33925,11198,1.344202916095346,BEARISH_BELOW_EMA200,0.309874929998124,0.40993093149150606,-0.08138883703565693
2024-01-31,20:00:00,1.33927,1.34459,1.33706,1.3434,11666,1.344194926880467,BEARISH_BELOW_EMA200,-0.006699419383647721,0.08485931219295377,-0.3595355069227252
2024-02-01,00:00:00,1.34313,1.34395,1.34222,1.34331,3540,1.3441861216378752,BEARISH_BELOW_EMA200,0.10645346197080661,0.058065524711347564,-0.439958014159061
2024-02-01,04:00:00,1.34332,1.34474,1.34193,1.34474,4067,1.3441916328653591,BULLISH_ABOVE_EMA200,-0.014872763508185817,-0.4893139194193695,-0.5361631244701532
2024-02-01,08:00:00,1.34475,1.34631,1.34423,1.34454,6479,1.3441950992050073,BULLISH_ABOVE_EMA200,-0.0334686956133742,-0.44401802847070604,-0.5682240766358821
2024-02-01,12:00:00,1.34455,1.34628,1.34358,1.34409,7655,1.3441940534417736,BEARISH_BELOW_EMA200,-0.44119069407554484,-0.4977345267058073,-0.04687186125928386
2024-02-01,16:00:00,1.34409,1.34531,1.33673,1.33816,12016,1.3441340131090198,BEARISH_BELOW_EMA200,0.03063908650684682,-0.04707957194953581,0.6359478687152521
2024-02-01,20:00:00,1.33823,1.3392,1.33701,1.33857,7192,1.3440786497945023,BEARISH_BELOW_EMA200,-0.08740671014591059,-0.12476000508005261,0.5744936760871657
2024-02-02,00:00:00,1.33803,1.33852,1.33718,1.3374,3123,1.3440121955676916,BEARISH_BELOW_EMA200,0.009720352923596945,0.4531179901301164,0.7365036638253429
2024-02-02,04:00:00,1.33738,1.3378,1.33692,1.33753,3518,1.3439476961093066,BEARISH_BELOW_EMA200,-0.04710174725053871,0.6833491585235415,0.7087691491031927
2024-02-02,08:00:00,1.33754,1.33814,1.33674,1.3369,5613,1.3438775697798608,BEARISH_BELOW_EMA200,0.49068741117511566,0.7001271598474108,0.8774029471164648
2024-02-02,12:00:00,1.33689,1.34348,1.33653,1.34346,7204,1.3438734148566782,BEARISH_BELOW_EMA200,0.23893528649903492,0.28210739433998483,0.5746356422967523
2024-02-02,16:00:00,1.34353,1.34754,1.34341,1.34667,12487,1.3439012415745224,BULLISH_ABOVE_EMA200,-0.03044546919438478,0.0252474622587573,0.4492563137219875
2024-02-02,20:00:00,1.34666,1.34695,1.3454,1.34626,6436,1.3439247118076119,BULLISH_ABOVE_EMA200,0.0735370582205552,0.17604326058859235,0.5793828829498038
2024-02-05,00:00:00,1.34577,1.34886,1.34577,1.34725,4496,1.3439577992523124,BULLISH_ABOVE_EMA200,-0.017814065689368563,0.2917053256633876,0.366672852106138
2024-02-05,04:00:00,1.34725,1.34794,1.3469,1.34701,4437,1.343988169409006,BULLISH_ABOVE_EMA200,0.12026636773297561,0.4239018270094418,0.31551361905255826
2024-02-05,08:00:00,1.347,1.34886,1.34661,1.34863,5926,1.3440343567780706,BULLISH_ABOVE_EMA200,0.18908077085635439,0.4026308179411733,0.34998479938901383
2024-02-05,12:00:00,1.34862,1.35145,1.34816,1.35118,5831,1.344105457705652,BULLISH_ABOVE_EMA200,0.11397445196049932,0.07474947823383675,0.16430083334565998
2024-02-05,16:00:00,1.35115,1.35436,1.35015,1.35272,9525,1.3441911745444017,BULLISH_ABOVE_EMA200,0.09905967236383871,-0.10793068779939802,-0.2971790170914833
2024-02-05,20:00:00,1.35269,1.35429,1.3522,1.35406,5569,1.3442893718126168,BULLISH_ABOVE_EMA200,-0.13810318597403645,-0.05243489948746646,-0.36261317814572247
2024-02-06,00:00:00,1.3536,1.35435,1.352,1.35219,3085,1.3443679850284118,BULLISH_ABOVE_EMA200,-0.06877731679720286,0.08948446594043244,-0.328356222128547
2024-02-06,04:00:00,1.35218,1.35248,1.35086,1.35126,4427,1.3444365622918106,BULLISH_ABOVE_EMA200,0.15467045572281776,-0.18945280700974615,-0.21017420777644227
2024-02-06,08:00:00,1.35126,1.35341,1.35051,1.35335,5489,1.3445252532142802,BULLISH_ABOVE_EMA200,0.003694535781570434,-0.3103410056526384,-0.4625558798537078
2024-02-06,12:00:00,1.35335,1.35425,1.35209,1.3534,6573,1.3446135591524466,BULLISH_ABOVE_EMA200,-0.34727353332347616,-0.4174671198463081,-0.5068715826806462
2024-02-06,16:00:00,1.35341,1.35393,1.34825,1.3487,9975,1.3446542202554075,BULLISH_ABOVE_EMA200,0.03336546303848606,-0.020760732557281676,-0.1030622080521986
2024-02-06,20:00:00,1.3487,1.34946,1.34762,1.34915,5896,1.3446989543822194,BULLISH_ABOVE_EMA200,-0.10376903976578349,-0.15268872994108681,-0.22458585035022702
2024-02-07,00:00:00,1.3482,1.34921,1.34767,1.34775,3310,1.344729313045083,BULLISH_ABOVE_EMA200,0.049712483769241214,-0.08977926173251222,-0.17288072713781807
2024-02-07,04:00:00,1.34775,1.34879,1.34737,1.34842,3982,1.344766036298366,BULLISH_ABOVE_EMA200,-0.09863395677904907,-0.08231856543213127,-0.22174100057845836
2024-02-07,08:00:00,1.34845,1.34895,1.34695,1.34709,6444,1.3447891603152977,BULLISH_ABOVE_EMA200,-0.04082874937827676,-0.07200706708534066,-0.06087195361852741
2024-02-07,12:00:00,1.34709,1.34852,1.34547,1.34654,7337,1.3448065816056929,BULLISH_ABOVE_EMA200,0.05718359647689169,-0.08317614033003178,0.15446997489861866
2024-02-07,16:00:00,1.34654,1.3481,1.34597,1.34731,9313,1.3448314912414572,BULLISH_ABOVE_EMA200,-0.08832414217960412,-0.13953730025013572,-0.06011979425670243
2024-02-07,20:00:00,1.34729,1.34789,1.34595,1.34612,5251,1.3448443122241294,BULLISH_ABOVE_EMA200,-0.05200130746143902,0.011143137313173752,-0.02822928119335921
2024-02-08,00:00:00,1.34609,1.34649,1.3453,1.34542,2849,1.344850040460705,BULLISH_ABOVE_EMA200,0.0007432623269940589,0.23784394464181216,0.055001412198418545
2024-02-08,04:00:00,1.3454,1.3458,1.34482,1.34543,3416,1.3448558112023896,BULLISH_ABOVE_EMA200,0.06243357142327538,0.07952847788440325,0.07506893706845971
2024-02-08,08:00:00,1.34544,1.34694,1.34477,1.34627,5148,1.3448698827327144,BULLISH_ABOVE_EMA200,0.17455636685062076,-0.03936803167270618,-0.04085361777355585
2024-02-08,12:00:00,1.34626,1.34925,1.34605,1.34862,6620,1.344907197332389,BULLISH_ABOVE_EMA200,-0.15719772804792306,-0.18240868443296904,-0.35666088297667103
2024-02-08,16:00:00,1.34865,1.34871,1.34597,1.3465,8883,1.3449230461151513,BULLISH_ABOVE_EMA200,-0.05644262903825428,-0.004455997029331525,0.03193464537689791
2024-02-08,20:00:00,1.34651,1.34661,1.34518,1.34574,5121,1.344931175009528,BULLISH_ABOVE_EMA200,0.031209594721126444,-0.001486171177189426,0.009660112651772518
2024-02-09,00:00:00,1.34517,1.34628,1.34517,1.34616,2894,1.3449434021238613,BULLISH_ABOVE_EMA200,0.020799904914724696,-0.1745706305342659,-0.025257027396446703
2024-02-09,04:00:00,1.34616,1.34654,1.34581,1.34644,3431,1.344958293645017,BULLISH_ABOVE_EMA200,-0.053474347167349,0.03639226404443417,-0.025251775051246768
2024-02-09,08:00:00,1.34643,1.34645,1.34495,1.34572,5281,1.3449658728127285,BULLISH_ABOVE_EMA200,-0.14193145676664376,0.01114644948428146,0.057218440686022165
2024-02-09,12:00:00,1.34572,1.34601,1.34128,1.34381,7049,1.3449543715907113,BEARISH_BELOW_EMA200,0.23217567959756302,0.14957471666381908,0.2545002641742492
2024-02-09,16:00:00,1.34387,1.34812,1.34305,1.34693,8887,1.3449740295848338,BULLISH_ABOVE_EMA200,-0.07869748242299607,-0.06162161359535286,-0.2487137416198291
2024-02-09,20:00:00,1.34692,1.347,1.34524,1.34587,4408,1.344982944713343,BULLISH_ABOVE_EMA200,-0.0037150690631252256,0.046066856382864986,-0.06092713263538238
2024-02-12,00:00:00,1.3458,1.34653,1.34523,1.34582,2235,1.344991273621668,BULLISH_ABOVE_EMA200,0.020805159679604848,0.10476883981512469,-0.04458248502771053
2024-02-12,04:00:00,1.34582,1.34641,1.34577,1.3461,1933,1.345002305724935,BULLISH_ABOVE_EMA200,0.028972587474919424,-0.18720748829953773,-0.026743926899943392
2024-02-12,08:00:00,1.34609,1.34681,1.345,1.34649,5519,1.3450171086530451,BULLISH_ABOVE_EMA200,0.05495770484741535,-0.10694472294631864,-0.10620205125920298
2024-02-12,12:00:00,1.3465,1.34748,1.34617,1.34723,5936,1.3450391274724178,BULLISH_ABOVE_EMA200,-0.2709262709411111,-0.1491950149566032,0.3815235705855826
2024-02-12,16:00:00,1.34725,1.34727,1.34335,1.34358,7740,1.3450246087911002,BEARISH_BELOW_EMA200,0.10940919037199738,0.16076452462822757,0.9891483945875961
2024-02-12,20:00:00,1.34358,1.34586,1.34299,1.34505,5016,1.3450248614399452,BULLISH_ABOVE_EMA200,0.01263893535556325,0.0007434667856097147,0.8438348016802327
2024-02-13,00:00:00,1.34474,1.34565,1.3447,1.34522,2044,1.3450268031171597,BULLISH_ABOVE_EMA200,0.038655387222896916,0.5315115743149811,0.8325775709549276
2024-02-13,04:00:00,1.34523,1.34607,1.34523,1.34574,3137,1.3450338996035562,BULLISH_ABOVE_EMA200,-0.050529820024671476,0.8270542601096856,0.7430855885980955
2024-02-13,08:00:00,1.34576,1.34626,1.34468,1.34506,5418,1.3450341593089936,BULLISH_ABOVE_EMA200,0.5434701797689434,0.8430850668371767,0.6862147413498336
2024-02-13,12:00:00,1.34506,1.35283,1.34364,1.35237,7987,1.345107152748705,BULLISH_ABOVE_EMA200,0.3327491736728816,0.2994742563055885,0.19817061898740845
2024-02-13,16:00:00,1.35235,1.35781,1.35199,1.35687,10718,1.345224196004937,BULLISH_ABOVE_EMA200,-0.0346385431176141,-0.08327990153810426,-0.15697892944791803
2024-02-13,20:00:00,1.35687,1.3586,1.35626,1.3564,5929,1.3453353980347387,BULLISH_ABOVE_EMA200,0.0014744913004946165,-0.15555883220289413,-0.15703332350338878
2024-02-14,00:00:00,1.35641,1.35718,1.356,1.35642,2726,1.345445692581657,BULLISH_ABOVE_EMA200,-0.05013196502558308,-0.10100116483094258,-0.14228631249907753
2024-02-14,04:00:00,1.35644,1.35682,1.35559,1.35574,2940,1.3455481235012425,BULLISH_ABOVE_EMA200,-0.1069526605396279,-0.07376045554456533,-0.09588859220793493
2024-02-14,08:00:00,1.35575,1.3561,1.35411,1.35429,6242,1.3456351073470012,BULLISH_ABOVE_EMA200,0.05611796587142295,-0.0014767885755568584,-0.048734022993589476
2024-02-14,12:00:00,1.35428,1.35538,1.35307,1.35505,7225,1.3457287878709117,BULLISH_ABOVE_EMA200,-0.022877384598356698,-0.041326888306713105,-0.24869930998856835
2024-02-14,16:00:00,1.35507,1.35626,1.35431,1.35474,9686,1.3458184516731913,BULLISH_ABOVE_EMA200,-0.03469300382360973,-0.02214447052570729,-0.4399368144440974
2024-02-14,20:00:00,1.35471,1.35529,1.35401,1.35427,5511,1.3459025466814183,BULLISH_ABOVE_EMA200,0.01624491423422855,-0.047257932317778126,-0.5811248864702049
2024-02-15,00:00:00,1.3535,1.35467,1.3535,1.35449,2499,1.3459879939781207,BULLISH_ABOVE_EMA200,-0.003691426293282599,-0.20745815768296402,-0.49612769381834193
2024-02-15,04:00:00,1.35447,1.35514,1.35395,1.35444,2683,1.3460720935405275,BULLISH_ABOVE_EMA200,-0.05980331354655631,-0.4178848823129853,-0.4577537580106895
2024-02-15,08:00:00,1.35443,1.35456,1.35289,1.35363,4844,1.3461472965898755,BULLISH_ABOVE_EMA200,-0.14405709093327704,-0.5341193679218154,-0.41444116930033426
2024-02-15,12:00:00,1.35364,1.35422,1.35109,1.35168,6161,1.3462023483651009,BULLISH_ABOVE_EMA200,-0.21454782196968974,-0.28926964962121804,-0.15684185606059864
2024-02-15,16:00:00,1.35169,1.35238,1.34752,1.34878,8798,1.346227996640075,BULLISH_ABOVE_EMA200,-0.17645576002016997,-0.04003618084491058,-0.09786621984311658
2024-02-15,20:00:00,1.34879,1.34882,1.3463,1.3464,5472,1.346229708116293,BULLISH_ABOVE_EMA200,0.10175282234104809,0.12032085561496991,0.15819964349375856
2024-02-16,00:00:00,1.34624,1.34825,1.34605,1.34777,2696,1.3462450344036931,BULLISH_ABOVE_EMA200,0.03487241888454206,0.13281197830491703,0.0014839327185002652
2024-02-16,04:00:00,1.34777,1.34857,1.34777,1.34824,3122,1.3462648848076364,BULLISH_ABOVE_EMA200,-0.016317569572191076,-0.05785320121046719,-0.039310508514814976
2024-02-16,08:00:00,1.34823,1.34852,1.34754,1.34802,5161,1.346282348640396,BULLISH_ABOVE_EMA200,0.11424162846249292,0.03783326656874605,-0.04896069791250167
2024-02-16,12:00:00,1.34801,1.35075,1.34718,1.34956,6328,1.3463149620867603,BULLISH_ABOVE_EMA200,-0.15560627167372998,-0.13115385755357664,-0.11855715937046486
2024-02-16,16:00:00,1.34954,1.35054,1.34687,1.34746,8953,1.3463263554988325,BULLISH_ABOVE_EMA200,0.07940866519228061,0.01855342644678591,0.11577338102800867
2024-02-16,20:00:00,1.34747,1.34919,1.34691,1.34853,5311,1.3463482823097894,BULLISH_ABOVE_EMA200,-0.05487456712123297,-0.08676113990790828,0.028920379969291782
2024-02-19,00:00:00,1.34802,1.34866,1.34676,1.34779,3265,1.3463626277594434,BULLISH_ABOVE_EMA200,-0.005935642793022652,0.01261324093516078,0.19884403356606115
2024-02-19,04:00:00,1.34781,1.34832,1.34753,1.34771,3346,1.3463760344484041,BULLISH_ABOVE_EMA200,-0.025969978704622837,0.09720192029443607,0.22556781503438658
2024-02-19,08:00:00,1.34771,1.34788,1.34708,1.34736,4928,1.3463858251504102,BULLISH_ABOVE_EMA200,0.04453152832206359,0.11578197363733568,0.13878992993706496
2024-02-19,12:00:00,1.34736,1.34808,1.3471,1.34796,4798,1.3464014885817495,BULLISH_ABOVE_EMA200,0.07863734828927126,0.18620730585477405,0.2611353452624683
2024-02-19,16:00:00,1.34797,1.34963,1.34766,1.34902,3997,1.346427543421732,BULLISH_ABOVE_EMA200,-0.0074127885428096705,0.12824124179032093,0.21867726201240797
2024-02-19,20:00:00,1.34901,1.34912,1.34881,1.34892,975,1.3464523439847,BULLISH_ABOVE_EMA200,0.11490674020699243,0.02298134804139849,0.24612282418528986
2024-02-20,00:00:00,1.34854,1.35049,1.34847,1.35047,2854,1.3464923206614694,BULLISH_ABOVE_EMA200,0.02073352240329929,0.07478877724051296,0.09996519730167736
2024-02-20,04:00:00,1.35046,1.35112,1.35034,1.35075,3167,1.346534685630012,BULLISH_ABOVE_EMA200,-0.11253007588376575,0.09032019248565604,0.007403294466053011
2024-02-20,08:00:00,1.35077,1.35103,1.34898,1.34923,5569,1.3465615046784696,BULLISH_ABOVE_EMA200,0.16676178264640465,0.22309020700697282,0.2505132557088236
2024-02-20,12:00:00,1.34926,1.3525,1.34719,1.35148,7264,1.346610444930425,BULLISH_ABOVE_EMA200,0.03625654837658563,0.025157604996004893,0.06215408293130138
2024-02-20,16:00:00,1.35147,1.35293,1.34977,1.35197,6802,1.34666377383659,BULLISH_ABOVE_EMA200,0.019970857341524925,-0.08284207489809596,-0.08432139766414336
2024-02-20,20:00:00,1.35196,1.35278,1.35163,1.35224,5732,1.3467192586740369,BULLISH_ABOVE_EMA200,-0.03105957522333956,0.027362006744363534,-0.13533100633023712
2024-02-21,00:00:00,1.35205,1.35282,1.35179,1.35182,2831,1.3467700123190713,BULLISH_ABOVE_EMA200,-0.07175511532599868,0.036987172848452085,-0.22932047166043576
2024-02-21,04:00:00,1.35182,1.35186,1.35047,1.35085,3551,1.346810609211419,BULLISH_ABOVE_EMA200,0.13028833697301578,-0.0014805492837939832,-0.22356294185142855
2024-02-21,08:00:00,1.35084,1.35358,1.35071,1.35261,5889,1.3468683145923999,BULLISH_ABOVE_EMA200,-0.02144003075536359,-0.1626485091785496,-0.553004931207085
2024-02-21,12:00:00,1.35258,1.3533,1.3519,1.35232,6378,1.3469225602183463,BULLISH_ABOVE_EMA200,-0.11018102224325539,-0.26620918125887716,-0.1345835305253145
2024-02-21,16:00:00,1.35232,1.35278,1.35014,1.35083,18266,1.3469614402161736,BULLISH_ABOVE_EMA200,-0.03109199529177357,-0.22208568065558892,-0.12436798116712716
2024-02-21,20:00:00,1.35084,1.35202,1.34939,1.35041,19459,1.3469957542438733,BULLISH_ABOVE_EMA200,-0.12514717752387727,-0.39099236528166803,-0.16735658059405298
2024-02-22,00:00:00,1.34944,1.35052,1.34828,1.34872,10012,1.3470129109180637,BULLISH_ABOVE_EMA200,-0.06598849279315465,0.13197698558634224,-0.039296518180194515
2024-02-22,04:00:00,1.34872,1.34955,1.34752,1.34783,8903,1.347021041157685,BULLISH_ABOVE_EMA200,-0.20032199906517487,0.09793519954296817,0.014838666597417921
2024-02-22,08:00:00,1.34783,1.34808,1.34405,1.34513,21810,1.3470022248277578,BEARISH_BELOW_EMA200,0.3992179194576061,0.2245136157843497,0.3375138462453435
2024-02-22,12:00:00,1.34514,1.35069,1.34507,1.3505,24231,1.3470370285608149,BULLISH_ABOVE_EMA200,-0.09996297667530264,-0.17104776008885852,-0.3065531284709391
2024-02-22,16:00:00,1.3505,1.35073,1.34826,1.34915,19845,1.3470580531522496,BULLISH_ABOVE_EMA200,-0.07412074268985004,-0.08301523181262349,0.04076640847940024
2024-02-22,20:00:00,1.34916,1.34988,1.34795,1.34815,18471,1.3470689182950133,BULLISH_ABOVE_EMA200,0.002967028891446798,0.11274709787486303,0.1817305196009393
2024-02-23,00:00:00,1.34796,1.34949,1.34783,1.34819,8685,1.347080073336854,BULLISH_ABOVE_EMA200,-0.011867763445800514,-0.1357375444113959,0.2321631224085683
2024-02-23,04:00:00,1.34819,1.34857,1.34774,1.34803,7283,1.3470895253434525,BULLISH_ABOVE_EMA200,0.1216590135234278,0.12388448328300099,0.21809603643835393
2024-02-23,08:00:00,1.34803,1.35016,1.34718,1.34967,19977,1.3471152017081942,BULLISH_ABOVE_EMA200,-0.24524513399571185,0.06890573251239913,0.18745322930791553
2024-02-23,12:00:00,1.3497,1.34986,1.34612,1.34636,32023,1.3471076872633367,BEARISH_BELOW_EMA200,0.24807629460173344,0.3684007249175611,0.2829852342612742
2024-02-23,16:00:00,1.34636,1.35171,1.34633,1.3497,20551,1.3471334814199205,BULLISH_ABOVE_EMA200,0.06668148477440342,0.09409498407054193,0.14818107727643193
2024-02-23,20:00:00,1.34969,1.35072,1.34903,1.3506,16534,1.3471679741421105,BULLISH_ABOVE_EMA200,0.05330964015993291,0.11846586702206766,-0.011846586702201834
2024-02-26,00:00:00,1.3491,1.35191,1.34909,1.35132,3258,1.3472092878322388,BULLISH_ABOVE_EMA200,-0.025900600893946104,-0.08510197436580412,-0.04588106444069983
2024-02-26,04:00:00,1.35133,1.35175,1.35065,1.35097,2396,1.3472467078538086,BULLISH_ABOVE_EMA200,0.09104569309459605,0.05403524874718886,-0.05995691984277796
2024-02-26,08:00:00,1.35098,1.35285,1.35081,1.3522,5400,1.3472959943428255,BULLISH_ABOVE_EMA200,-0.1501257210471806,-0.13015826061233424,-0.22112113592664162
2024-02-26,12:00:00,1.35221,1.35248,1.35006,1.35017,5894,1.3473245914140413,BULLISH_ABOVE_EMA200,0.11331906352531972,0.03925431612314889,-0.023700719168704528
2024-02-26,16:00:00,1.35016,1.35253,1.34998,1.3517,7324,1.3473681278178815,BULLISH_ABOVE_EMA200,-0.09321595028481297,-0.1139306059036676,0.04142931123770925
2024-02-26,20:00:00,1.35171,1.35208,1.34998,1.35044,4141,1.347398693710241,BULLISH_ABOVE_EMA200,0.019252984212547536,-0.091081425313236,0.1747578566985514
2024-02-27,00:00:00,1.35025,1.35097,1.34997,1.3507,2906,1.3474315425290446,BULLISH_ABOVE_EMA200,-0.03997927000814281,-0.06293033242022784,0.19619456578070937
2024-02-27,04:00:00,1.35069,1.35136,1.34998,1.35016,3256,1.3474586913596016,BULLISH_ABOVE_EMA200,-0.07036203116667701,0.15553712152633692,0.3407003614386397
2024-02-27,08:00:00,1.35016,1.35028,1.349,1.34921,5610,1.3474761173162224,BULLISH_ABOVE_EMA200,0.04743516576366718,0.26608163295558007,0.7048569162695137
2024-02-27,12:00:00,1.34923,1.35051,1.34841,1.34985,6549,1.3474997380394442,BULLISH_ABOVE_EMA200,0.178538356113644,0.259288069044713,0.5963625588028383
2024-02-27,16:00:00,1.34984,1.35388,1.34944,1.35226,8136,1.3475471038300966,BULLISH_ABOVE_EMA200,0.039933148950644475,0.1848756895863182,0.3512638102140145
2024-02-27,20:00:00,1.35228,1.35358,1.35161,1.3528,4644,1.3475993714536778,BULLISH_ABOVE_EMA200,0.04065641632170686,0.4376108811354173,0.3607332939089293
2024-02-28,00:00:00,1.35258,1.35378,1.35179,1.35335,2865,1.3476565916382184,BULLISH_ABOVE_EMA200,0.1041859090405225,0.336202756123697,0.3465474563121041
2024-02-28,04:00:00,1.35338,1.35498,1.35326,1.35476,3021,1.3477272723184353,BULLISH_ABOVE_EMA200,0.292302695680413,0.1660810770911516,0.19339218754613857
2024-02-28,08:00:00,1.35477,1.35875,1.35447,1.35872,6052,1.347836652693376,BULLISH_ABOVE_EMA200,-0.06035091851152709,-0.0765426283560947,-0.0176636834667936
2024-02-28,12:00:00,1.35873,1.36059,1.35691,1.3579,7580,1.3479367855023972,BULLISH_ABOVE_EMA200,-0.06554238161868012,0.010310037557979743,-0.10530966934237
2024-02-28,16:00:00,1.35791,1.358,1.35587,1.35701,7824,1.3480270662436669,BULLISH_ABOVE_EMA200,0.049373254434377664,0.027265827075701833,0.05821622537784145
2024-02-28,20:00:00,1.35699,1.35827,1.35661,1.35768,4625,1.3481231153357698,BULLISH_ABOVE_EMA200,0.026515821106587407,0.058924046903534845,0.018413764657362816
2024-02-29,00:00:00,1.35769,1.35853,1.3571,1.35804,3035,1.3482217908050658,BULLISH_ABOVE_EMA200,-0.048599452151621675,-0.11560778769401853,-0.10677152366645691
2024-02-29,04:00:00,1.35803,1.35803,1.3569,1.35738,3092,1.348312917264717,BULLISH_ABOVE_EMA200,0.08103847117239674,0.03094196172036312,-0.027995108223198145
2024-02-29,08:00:00,1.35737,1.35859,1.35707,1.35848,6187,1.3484140822670583,BULLISH_ABOVE_EMA200,-0.14795948412930962,-0.04048642600552297,-0.06109769742652718
2024-02-29,12:00:00,1.35848,1.3597,1.35577,1.35647,7237,1.3484942406524607,BULLISH_ABOVE_EMA200,0.09804861146946349,0.008846491260396319,0.15039035142686838
2024-02-29,16:00:00,1.35649,1.35846,1.35409,1.3578,9255,1.3485868352728343,BULLISH_ABOVE_EMA200,0.00957431138607936,-0.058918839298859334,-0.18191191633524617
2024-02-29,20:00:00,1.3578,1.35806,1.35677,1.35793,5009,1.34867980208604,BULLISH_ABOVE_EMA200,-0.09867960793267096,-0.02061961956802324,-0.15611997672929545
2024-03-01,00:00:00,1.35664,1.35816,1.35636,1.35659,3257,1.348758510522995,BULLISH_ABOVE_EMA200,0.030222838145646178,0.14153133960888284,-0.03390855011461863
2024-03-01,04:00:00,1.35659,1.3572,1.3561,1.357,2369,1.3488405153934129,BULLISH_ABOVE_EMA200,0.04789977892410018,-0.12306558585114667,-0.04495210022107586
2024-03-01,08:00:00,1.35698,1.35915,1.35649,1.35765,5036,1.3489281719566624,BULLISH_ABOVE_EMA200,0.06334475011969823,-0.13552830258167153,-0.10606562810739938
2024-03-01,12:00:00,1.35771,1.35856,1.35687,1.35851,6588,1.3490235135292328,BULLISH_ABOVE_EMA200,-0.23407998468912136,-0.17519193822644286,-0.13765080860649082
2024-03-01,16:00:00,1.3585,1.36012,1.35447,1.35533,9398,1.3490862646383948,BULLISH_ABOVE_EMA200,0.03541572901064951,0.07820973489851629,0.12838201766360038
2024-03-01,20:00:00,1.35533,1.3562,1.35518,1.35581,4519,1.3491531674778137,BULLISH_ABOVE_EMA200,0.023602127141715872,0.029502658927132556,0.11727306923536339
2024-03-04,00:00:00,1.35464,1.35633,1.35452,1.35613,2939,1.3492225886969398,BULLISH_ABOVE_EMA200,0.01917220325484481,0.037607014076822314,0.08185056004954866
2024-03-04,04:00:00,1.35614,1.35658,1.35561,1.35639,2377,1.3492939062223435,BULLISH_ABOVE_EMA200,-0.013270519540845111,0.05013307382095223,0.15482272797646626
2024-03-04,08:00:00,1.3564,1.35723,1.35559,1.35621,4993,1.3493627230758527,BULLISH_ABOVE_EMA200,0.031706004232394135,0.08774452334078237,0.1917107232655826
2024-03-04,12:00:00,1.3562,1.35835,1.3558,1.35664,5755,1.349435133791516,BULLISH_ABOVE_EMA200,0.031695954711635395,0.04422691355112144,0.1614282344616047
2024-03-04,16:00:00,1.35657,1.3577,1.35562,1.35707,7562,1.349511102609511,BULLISH_ABOVE_EMA200,0.024317094917722847,0.10463719631264244,0.03979160986537061
2024-03-04,20:00:00,1.35709,1.35813,1.35679,1.3574,4486,1.3495895991009588,BULLISH_ABOVE_EMA200,-0.011787240312357299,0.10387505525269879,0.12155591572124293
2024-03-05,00:00:00,1.35674,1.35792,1.35671,1.35724,2882,1.349665722492989,BULLISH_ABOVE_EMA200,0.09209867083198059,0.11714950929828036,0.10167693259850409
2024-03-05,04:00:00,1.35725,1.35857,1.3571,1.35849,3293,1.349753526249278,BULLISH_ABOVE_EMA200,0.023555565370381674,-0.06477780476852917,-0.017666674027782166
2024-03-05,08:00:00,1.35848,1.36048,1.35821,1.35881,5752,1.349843640415952,BULLISH_ABOVE_EMA200,0.001471876126898461,0.017662513522863237,-0.053723478632047114
2024-03-05,12:00:00,1.3588,1.35977,1.35791,1.35883,5877,1.349933056929226,BULLISH_ABOVE_EMA200,-0.08978312224487235,-0.015454471861825504,-0.1677914087855037
2024-03-05,16:00:00,1.3588,1.35901,1.35552,1.35761,8750,1.3500094444224677,BULLISH_ABOVE_EMA200,0.10606875317654614,0.047141668078459494,-0.5237144688091536
2024-03-05,20:00:00,1.35761,1.35996,1.35744,1.35905,5524,1.3500994001993585,BULLISH_ABOVE_EMA200,-0.03163974835364059,-0.071373385820988,-0.573930318972814
2024-03-06,00:00:00,1.35931,1.35995,1.35837,1.35862,2642,1.350184182286927,BULLISH_ABOVE_EMA200,-0.02723351636218968,-0.15236048343171868,-0.5225890977609549
2024-03-06,04:00:00,1.35862,1.35891,1.35797,1.35825,2694,1.3502644391795944,BULLISH_ABOVE_EMA200,-0.012516105282532927,-0.5705871525860426,-0.5256764218663665
2024-03-06,08:00:00,1.35826,1.3594,1.35796,1.35808,4719,1.3503422059539267,BULLISH_ABOVE_EMA200,-0.11265904806786282,-0.5029158812441014,-0.5470959000942542
2024-03-06,12:00:00,1.35808,1.35893,1.35647,1.35655,6113,1.3504039750489127,BULLISH_ABOVE_EMA200,-0.4459842984040315,-0.37079355718549767,-0.5889941395451656
2024-03-06,16:00:00,1.35653,1.35684,1.35035,1.3505,9035,1.350404930521063,BULLISH_ABOVE_EMA200,0.055534987041838464,0.045168456127360194,-0.25842280636801135
2024-03-06,20:00:00,1.35053,1.35231,1.34986,1.35125,6144,1.350413339172595,BULLISH_ABOVE_EMA200,0.01998149861239537,-0.04440333024978027,-0.4003700277520915
2024-03-07,00:00:00,1.3511,1.35224,1.35062,1.35152,3107,1.3504243507231164,BULLISH_ABOVE_EMA200,-0.030336214040489334,-0.21901266721913648,-0.48463951698828395
2024-03-07,04:00:00,1.35152,1.35251,1.35029,1.35111,3516,1.350431173103981,BULLISH_ABOVE_EMA200,-0.03404608063000992,-0.30345419691956926,-0.4877471116341449
2024-03-07,08:00:00,1.35116,1.35158,1.35035,1.35065,5430,1.350433350486031,BULLISH_ABOVE_EMA200,-0.15474031022099918,-0.3561248287861386,-0.5160478288231534
2024-03-07,12:00:00,1.35066,1.35086,1.34817,1.34856,6918,1.3504147101826875,BEARISH_BELOW_EMA200,-0.11493741472384916,-0.2662098831346015,-0.2877143026635733
2024-03-07,16:00:00,1.34858,1.34962,1.34607,1.34701,8429,1.350380832469427,BEARISH_BELOW_EMA200,-0.08685904336271559,-0.18485386151551236,0.08834381333472092
2024-03-07,20:00:00,1.347,1.347,1.34538,1.34584,4611,1.350335650056796,BEARISH_BELOW_EMA200,-0.06464364263210534,-0.16049456101764994,0.19244486714617579
2024-03-08,00:00:00,1.34552,1.34595,1.34464,1.34497,2682,1.3502822605039921,BEARISH_BELOW_EMA200,-0.03345799534562566,-0.021561819222726264,0.21710521424269935
2024-03-08,04:00:00,1.345,1.34564,1.34447,1.34452,2643,1.3502249245785793,BEARISH_BELOW_EMA200,-0.062475827804714834,0.2737036265730616,0.3041977806206043
2024-03-08,08:00:00,1.34451,1.34496,1.34319,1.34368,5582,1.350159800950932,BEARISH_BELOW_EMA200,0.07442248154323292,0.35350678733031915,0.3229935698975955
2024-03-08,12:00:00,1.34366,1.34685,1.34197,1.34468,7225,1.3501052755683356,BEARISH_BELOW_EMA200,0.26177231757741376,0.23871850551803664,0.45289585626319484
2024-03-08,16:00:00,1.3447,1.34852,1.34357,1.3482,10707,1.3500863176024815,BEARISH_BELOW_EMA200,0.017059783414920076,0.03041091826138714,-0.014092864560164255
2024-03-08,20:00:00,1.3482,1.34975,1.3481,1.34843,5340,1.3500698368303177,BEARISH_BELOW_EMA200,-0.040046572680820285,-0.030405731109514132,-0.016315270351453838
2024-03-11,00:00:00,1.34777,1.34911,1.34768,1.34789,2395,1.3500481469116081,BEARISH_BELOW_EMA200,0.05341682184748413,0.21366728738992008,0.0074190030343714245
2024-03-11,04:00:00,1.3479,1.3488,1.34737,1.34861,3250,1.3500338369920897,BEARISH_BELOW_EMA200,-0.04374874871164313,-0.044490252927099454,-0.08527298477691729
2024-03-11,08:00:00,1.34861,1.34923,1.34716,1.34802,4591,1.3500137988130638,BEARISH_BELOW_EMA200,0.20400290796872672,0.014094746368741744,-0.04970252666873996
2024-03-11,12:00:00,1.34801,1.35082,1.34691,1.35077,5968,1.3500213232029836,BULLISH_ABOVE_EMA200,-0.20432790186338873,-0.2058085388334065,-0.1058655433567552
2024-03-11,16:00:00,1.35079,1.35094,1.34785,1.34801,8288,1.350001310036785,BEARISH_BELOW_EMA200,0.01483668518779371,-0.04080088426642447,0.15430152595307764
2024-03-11,20:00:00,1.348,1.34912,1.34775,1.34821,4782,1.3499834860563196,BEARISH_BELOW_EMA200,-0.016317932666267642,-0.06378828224088688,0.05785448854406976
2024-03-12,00:00:00,1.34834,1.34845,1.34759,1.34799,2156,1.3499636503741672,BEARISH_BELOW_EMA200,-0.03931779909345911,0.10014911089844601,0.09273065823930247
2024-03-12,04:00:00,1.34799,1.34818,1.34716,1.34746,2784,1.3499387384301458,BEARISH_BELOW_EMA200,-0.00816350763659437,0.19518204622028928,0.14694313745861626
2024-03-12,08:00:00,1.34745,1.34791,1.34699,1.34735,4546,1.3499129798388012,BEARISH_BELOW_EMA200,0.14769733179945346,0.12172041414627705,0.10316547296545087
2024-03-12,12:00:00,1.34737,1.35112,1.34662,1.34934,7399,1.3499072785468729,BEARISH_BELOW_EMA200,0.055582729334343335,-0.007411030577911349,-0.017045370329194457
2024-03-12,16:00:00,1.34935,1.35251,1.34905,1.35009,10467,1.3499090966707845,BULLISH_ABOVE_EMA200,-0.0814760497448393,-0.04814493848558536,-0.24368745787317994
2024-03-12,20:00:00,1.35007,1.35099,1.34896,1.34899,4142,1.3498999514302792,BEARISH_BELOW_EMA200,0.01853238348691121,-0.01853238348689475,-0.15418943061103935
2024-03-13,00:00:00,1.34891,1.34939,1.34888,1.34924,1744,1.3498933847493808,BEARISH_BELOW_EMA200,0.014823159704721025,-0.00963505380806702,-0.18306602235332278
2024-03-13,04:00:00,1.34924,1.34968,1.34899,1.34944,3634,1.3498888734583423,BEARISH_BELOW_EMA200,-0.051873369694089615,-0.19563670856058632,-0.14228124258951283
2024-03-13,08:00:00,1.34944,1.34978,1.34851,1.34874,4638,1.3498774418816424,BEARISH_BELOW_EMA200,0.027433011551520784,-0.13568219226833922,-0.12011210463098558
2024-03-13,12:00:00,1.34874,1.34966,1.34812,1.34911,5635,1.3498698056440142,BEARISH_BELOW_EMA200,-0.1712239921133217,-0.17344768032258367,-0.09932474001379567
2024-03-13,16:00:00,1.34908,1.34927,1.34588,1.3468,7733,1.349839260314223,BEARISH_BELOW_EMA200,0.008167508167512215,0.053460053460057465,0.40763290763290727
2024-03-13,20:00:00,1.34681,1.3473,1.34601,1.34691,4597,1.349810113445425,BEARISH_BELOW_EMA200,-0.01039416145102709,0.015591242176540636,0.46550994498518816
2024-03-14,00:00:00,1.34617,1.34724,1.34617,1.34677,2270,1.349779863560396,BEARISH_BELOW_EMA200,0.05568879615673266,0.07425172820896589,0.539067546797155
2024-03-14,04:00:00,1.34675,1.34783,1.34636,1.34752,3155,1.349757377355815,BEARISH_BELOW_EMA200,-0.029684160531936885,0.353983614343382,0.46158869627166144
2024-03-14,08:00:00,1.34754,1.34809,1.34671,1.34712,4530,1.3497311347950607,BEARISH_BELOW_EMA200,0.048251083793560884,0.4498485658293213,0.5730744105944495
2024-03-14,12:00:00,1.34711,1.34794,1.34595,1.34777,6849,1.3497116210160054,BEARISH_BELOW_EMA200,0.3353687943788688,0.46447094088755164,0.3843385740890645
2024-03-14,16:00:00,1.34777,1.3534,1.34714,1.35229,9411,1.349737276528284,BULLISH_ABOVE_EMA200,0.06581428539736724,0.10722552115300353,0.1589895658475694
2024-03-14,20:00:00,1.3523,1.35407,1.3523,1.35318,5170,1.3497715324832267,BULLISH_ABOVE_EMA200,0.0628149987437013,0.12267399754651966,0.05764199884716023
2024-03-15,00:00:00,1.35274,1.35416,1.35269,1.35403,2493,1.349813905294339,BULLISH_ABOVE_EMA200,-0.021417546140050328,-0.07976189596980642,0.02880290687797836
2024-03-15,04:00:00,1.35406,1.3543,1.35337,1.35374,3409,1.349852970913301,BULLISH_ABOVE_EMA200,0.08125637123820681,0.05170859987886485,-0.006648248555847023
2024-03-15,08:00:00,1.35374,1.35495,1.35317,1.35484,4947,1.349902593093268,BULLISH_ABOVE_EMA200,-0.13949986714297977,-0.06495231909302883,-0.15278556877564997
2024-03-15,12:00:00,1.35481,1.35485,1.35244,1.35295,5846,1.3499329155500515,BULLISH_ABOVE_EMA200,0.11012971654532622,0.1086514653165202,0.025130270889538193
2024-03-15,16:00:00,1.35294,1.35449,1.35096,1.35444,8565,1.3499777621614937,BULLISH_ABOVE_EMA200,-0.035439000620185165,-0.05832668852072209,0.003691562564593741
2024-03-15,20:00:00,1.35445,1.35513,1.35359,1.35396,4571,1.3500173864185934,BULLISH_ABOVE_EMA200,0.03397441578775628,-0.08789033649443294,-0.04579160388785968
2024-03-18,00:00:00,1.35289,1.35502,1.35289,1.35442,1821,1.350061193518906,BULLISH_ABOVE_EMA200,-0.05685090296953215,-0.08343054591632236,-0.011074851227822423
2024-03-18,04:00:00,1.35442,1.355,1.3534,1.35365,3033,1.3500969030361307,BULLISH_ABOVE_EMA200,-0.06500941897831729,0.06205444538839079,0.09899161526243097
2024-03-18,08:00:00,1.35365,1.35401,1.35204,1.35277,3695,1.350123501015871,BULLISH_ABOVE_EMA200,0.03843964605957228,0.04213576587298354,0.317127079991418
2024-03-18,12:00:00,1.35279,1.35454,1.35234,1.35329,5759,1.3501550084684495,BULLISH_ABOVE_EMA200,0.08867279001543407,0.07241611184594439,0.5423818989277909
2024-03-18,16:00:00,1.35329,1.35514,1.35305,1.35449,7578,1.3501981427125447,BULLISH_ABOVE_EMA200,-0.08490280474569649,0.036914262932907956,0.12181706767860445
2024-03-18,20:00:00,1.35448,1.35457,1.35285,1.35334,4132,1.3502294049741115,BULLISH_ABOVE_EMA200,0.06871887330605002,0.27487549322416727,0.23866877503066977
2024-03-19,00:00:00,1.35276,1.35433,1.3527,1.35427,1935,1.3502696098997424,BULLISH_ABOVE_EMA200,0.05316517385749015,0.46962570240793344,0.23776647197383097
2024-03-19,04:00:00,1.35428,1.35521,1.35346,1.35499,4364,1.3503165789554665,BULLISH_ABOVE_EMA200,0.1527686551192272,0.0848714750662355,0.20664359146562972
2024-03-19,08:00:00,1.35497,1.3576,1.3549,1.35706,5248,1.3503836776723277,BULLISH_ABOVE_EMA200,0.26306869261492294,-0.036107467613803325,0.15622006396180876
2024-03-19,12:00:00,1.35706,1.36092,1.35651,1.36063,6188,1.3504856311283246,BULLISH_ABOVE_EMA200,-0.3299941938660845,-0.2307754496078964,-0.1616898054577644
2024-03-19,16:00:00,1.36061,1.36129,1.35611,1.35614,7326,1.3505418935051572,BULLISH_ABOVE_EMA200,0.03170764080405803,0.12166885424809765,-0.08037518250326763
2024-03-19,20:00:00,1.35612,1.35705,1.35524,1.35657,4304,1.3506018746643098,BULLISH_ABOVE_EMA200,0.06781810006118608,0.19239700126053216,-0.5454934135356135
2024-03-20,00:00:00,1.35585,1.35816,1.35539,1.35749,2327,1.3506704132248641,BULLISH_ABOVE_EMA200,0.02209961031020243,0.06924544563863755,-0.7609632483480667
2024-03-20,04:00:00,1.35747,1.35789,1.3568,1.35779,3170,1.3507412548843183,BULLISH_ABOVE_EMA200,0.10237223723845383,-0.20179851081536648,-0.8278157888922543
2024-03-20,08:00:00,1.35783,1.35982,1.35725,1.35918,4316,1.3508252224974096,BULLISH_ABOVE_EMA200,-0.05518032931620745,-0.736473461940293,-0.6996865757294934
2024-03-20,12:00:00,1.35918,1.36044,1.35833,1.35843,5996,1.350900891925296,BULLISH_ABOVE_EMA200,-0.24881664863113584,-0.8296342100807633,-0.5653585389015356
2024-03-20,16:00:00,1.35842,1.35929,1.35503,1.35505,6955,1.3509421765827558,BULLISH_ABOVE_EMA200,-0.4339323272204057,-0.6272831260839212,-0.15940371204015807
2024-03-20,20:00:00,1.35505,1.35578,1.34816,1.34917,9141,1.3509245429849175,BEARISH_BELOW_EMA200,-0.14898048429775843,0.037059821964611196,0.28165464693107806
2024-03-21,00:00:00,1.34894,1.34953,1.34704,1.34716,2879,1.3508870848457641,BEARISH_BELOW_EMA200,-0.04528044181834374,0.26648653463582517,0.3785741856943574
2024-03-21,04:00:00,1.3472,1.34722,1.34625,1.34655,3914,1.350843929772672,BEARISH_BELOW_EMA200,0.23170324161746772,0.47083286918421247,0.7040213879915455
2024-03-21,08:00:00,1.34656,1.34969,1.34556,1.34967,5264,1.3508322488794116,BEARISH_BELOW_EMA200,0.08001956033696904,0.24450421214075152,0.5342046574347923
2024-03-21,12:00:00,1.34967,1.35138,1.34816,1.35075,6958,1.3508314304826015,BEARISH_BELOW_EMA200,0.15843050157320235,0.1117897464371736,0.42494910235055183
2024-03-21,16:00:00,1.35069,1.35413,1.34968,1.35289,8672,1.3508519137613815,BULLISH_ABOVE_EMA200,0.005913267154024349,0.23209573579523413,0.5395856278041884
2024-03-21,20:00:00,1.35286,1.35391,1.3525,1.35297,4497,1.350872989246343,BULLISH_ABOVE_EMA200,-0.05247714287825957,0.2889938431746513,0.5639445072691949
2024-03-22,00:00:00,1.35278,1.35309,1.3519,1.35226,1803,1.3508867903483694,BULLISH_ABOVE_EMA200,0.2787925398961776,0.31280966678005384,0.6596364604440004
2024-03-22,04:00:00,1.35229,1.35632,1.35215,1.35603,4434,1.3509379665638086,BULLISH_ABOVE_EMA200,0.06268297899014162,0.30677787364585896,0.2868668097313444
2024-03-22,08:00:00,1.35602,1.35737,1.35542,1.35688,5099,1.3509970912746168,BULLISH_ABOVE_EMA200,-0.028742409056078094,0.2741583633040464,0.16508460586050494
2024-03-22,12:00:00,1.35688,1.35883,1.35628,1.35649,5802,1.3510517470828296,BULLISH_ABOVE_EMA200,0.2727627922063588,0.3457452690399548,0.1916711512801374
2024-03-22,16:00:00,1.35649,1.3607,1.35621,1.36019,7813,1.3511426749725528,BULLISH_ABOVE_EMA200,0.03014284769039777,-0.019850167991235963,-0.15439019548739447
2024-03-22,20:00:00,1.36021,1.36141,1.36004,1.3606,3682,1.3512367777091443,BULLISH_ABOVE_EMA200,0.04262825224165993,-0.10877554020284623,-0.14993385271204188
2024-03-25,00:00:00,1.35963,1.36138,1.35954,1.36118,2206,1.3513357152443768,BULLISH_ABOVE_EMA200,-0.09256674356073692,-0.15354324923964113,-0.2453753361054468
2024-03-25,04:00:00,1.36118,1.36125,1.35852,1.35992,4593,1.3514211310130895,BULLISH_ABOVE_EMA200,-0.05882698982292428,-0.134566739219954,-0.12427201600093897
2024-03-25,08:00:00,1.35991,1.36063,1.35877,1.35912,4584,1.3514977366746508,BULLISH_ABOVE_EMA200,-0.002207310612763886,-0.041203131437997816,-0.0949143563482263
2024-03-25,12:00:00,1.35909,1.35962,1.3582,1.35909,5781,1.3515732815833608,BULLISH_ABOVE_EMA200,-0.07357864453420229,-0.09197330566776103,-0.2604684016510957
2024-03-25,16:00:00,1.35912,1.35921,1.35701,1.35809,6510,1.3516381245526805,BULLISH_ABOVE_EMA200,0.03460742660648193,0.010308595159380379,-0.032398441929474185
2024-03-25,20:00:00,1.35809,1.35883,1.35788,1.35856,3661,1.351706998935241,BULLISH_ABOVE_EMA200,-0.05299729124956233,-0.053733364739128,-0.015457543281124388
2024-03-26,00:00:00,1.35832,1.3587,1.35777,1.35784,1736,1.3517680238214578,BULLISH_ABOVE_EMA200,0.028722088022161116,-0.1686502091557108,0.07070052436222765
2024-03-26,04:00:00,1.35788,1.35865,1.35723,1.35823,3562,1.351832322091891,BULLISH_ABOVE_EMA200,-0.029450093135916296,-0.04270263504708517,0.05595517695823769
2024-03-26,08:00:00,1.35826,1.35905,1.35737,1.35783,4591,1.3518920004790365,BULLISH_ABOVE_EMA200,-0.167914981993332,0.03829639940197623,0.19663728154481414
2024-03-26,12:00:00,1.35783,1.35796,1.35545,1.35555,6030,1.3519283984842203,BULLISH_ABOVE_EMA200,0.1549186676994571,0.23975508096344472,0.3511489801187618
2024-03-26,16:00:00,1.35552,1.358,1.35524,1.35765,7643,1.3519853298425863,BULLISH_ABOVE_EMA200,0.05155968032997628,0.09869995948881499,0.05524251463926847
2024-03-26,20:00:00,1.35767,1.35881,1.35708,1.35835,3844,1.3520486598939039,BULLISH_ABOVE_EMA200,0.03312842787205517,0.15828026649980464,-0.12367946405564868
2024-03-27,00:00:00,1.35823,1.35907,1.35748,1.3588,2265,1.3521158374073976,BULLISH_ABOVE_EMA200,0.013982926111268213,0.11112746541064912,-0.03606123049750526
2024-03-27,04:00:00,1.3588,1.3599,1.35865,1.35899,4049,1.3521842370351849,BULLISH_ABOVE_EMA200,0.11111192871177289,-0.043414594662202696,-0.10743272577428951
2024-03-27,08:00:00,1.35899,1.36076,1.35884,1.3605,4504,1.3522669809452825,BULLISH_ABOVE_EMA200,-0.013965453877260899,-0.2815141492098493,-0.011025358324152482
2024-03-27,12:00:00,1.3605,1.36059,1.35854,1.36031,6744,1.3523470109856282,BULLISH_ABOVE_EMA200,-0.14040917143885265,-0.14702531040718675,-0.2403863825157416
2024-03-27,16:00:00,1.3603,1.36059,1.35706,1.3584,7257,1.3524072397320397,BULLISH_ABOVE_EMA200,-0.1273557126030631,-0.06404593639577065,-0.3467314487632503
2024-03-27,20:00:00,1.35846,1.35904,1.35649,1.35667,3861,1.352449655257094,BULLISH_ABOVE_EMA200,0.12088422387167579,0.27125240478523927,-0.19754251218056088
2024-03-28,00:00:00,1.35644,1.35908,1.35642,1.35831,2559,1.352507967145083,BULLISH_ABOVE_EMA200,-0.05742429931311725,-0.09349853862519472,-0.3371837062231602
2024-03-28,04:00:00,1.35832,1.35874,1.357,1.35753,4283,1.3525579376212513,BULLISH_ABOVE_EMA200,0.2077302159068341,-0.2828666769795028,-0.17605504114088766
2024-03-28,08:00:00,1.35752,1.36045,1.35741,1.36035,4772,1.352635470580244,BULLISH_ABOVE_EMA200,-0.2433197338920075,-0.4675267394420496,-0.39254603594662413
2024-03-28,12:00:00,1.3604,1.36134,1.35693,1.35704,5906,1.3526792967436245,BULLISH_ABOVE_EMA200,-0.2468608147143757,-0.24391322289688766,-0.2122266108589278
2024-03-28,16:00:00,1.35703,1.35736,1.35248,1.35369,8276,1.3526893534924442,BULLISH_ABOVE_EMA200,0.02216164705360658,0.10711462742577335,0.028810141169683636
2024-03-28,20:00:00,1.35366,1.35501,1.35313,1.35399,4804,1.3527022952487384,BULLISH_ABOVE_EMA200,-0.019202505188363795,0.0753329049697576,-0.022156736755808166
2024-03-29,00:00:00,1.35273,1.35396,1.35273,1.35373,2902,1.3527125211666615,BULLISH_ABOVE_EMA200,0.10415666344100458,0.03176408885079967,-0.10637276266316828
2024-03-29,04:00:00,1.35382,1.3553,1.3533,1.35514,2408,1.352736675184904,BULLISH_ABOVE_EMA200,-0.009593104771460033,-0.07822070044423904,-0.1682482990687353
2024-03-29,08:00:00,1.35515,1.35609,1.35487,1.35501,2508,1.352759295332318,BULLISH_ABOVE_EMA200,-0.06273016435303189,-0.0974162552305878,-0.15867041571649626
2024-03-29,12:00:00,1.35502,1.35552,1.35357,1.35416,3511,1.3527732326921955,BULLISH_ABOVE_EMA200,-0.005907721391865068,-0.13809298753471067,0.12701600992496778
2024-03-29,16:00:00,1.35418,1.35468,1.35332,1.35408,3030,1.3527862353519746,BULLISH_ABOVE_EMA200,-0.028801843317964263,-0.09009807396904164,0.26143211627083324
2024-03-29,20:00:00,1.35407,1.35465,1.35369,1.35369,2424,1.3527952280350397,BULLISH_ABOVE_EMA200,-0.10342101958351378,-0.06131389018165964,0.2504266117057823
2024-04-01,00:00:00,1.35274,1.35461,1.35146,1.35229,3960,1.3527902008904125,BEARISH_BELOW_EMA200,0.04215072210842049,0.2654756006477887,0.380095985328585
2024-04-01,04:00:00,1.3523,1.35324,1.3521,1.35286,3316,1.352790895408916,BULLISH_ABOVE_EMA200,0.0,0.35184719778839624,0.3755007909170183
2024-04-01,08:00:00,1.35288,1.35348,1.35243,1.35286,3257,1.3527915830167876,BULLISH_ABOVE_EMA200,0.2232307851514586,0.3119317593838322,0.2579720000591335
2024-04-01,12:00:00,1.35286,1.35696,1.3525,1.35588,4458,1.3528223135340336,BULLISH_ABOVE_EMA200,0.12832994070272258,0.11431690120069184,0.08850340738119081
2024-04-01,16:00:00,1.35588,1.35845,1.35445,1.35762,7169,1.3528700517078245,BULLISH_ABOVE_EMA200,-0.03977548945949418,0.023570660420432515,-0.03903890632136691
2024-04-01,20:00:00,1.35763,1.35863,1.35691,1.35708,3739,1.3529119417405826,BULLISH_ABOVE_EMA200,0.025790668199358213,-0.05379196510155034,-0.0361069354791244
2024-04-02,00:00:00,1.35682,1.35774,1.35649,1.35743,2235,1.3529568975441588,BULLISH_ABOVE_EMA200,0.03757099813618459,-0.025784018328742584,-0.02873076328060309
2024-04-02,04:00:00,1.35743,1.35825,1.35694,1.35794,3275,1.3530064806531723,BULLISH_ABOVE_EMA200,-0.11708912028513634,-0.06259481273104979,-0.08615991870037655
2024-04-02,08:00:00,1.35795,1.35841,1.35582,1.35635,5020,1.3530397495023945,BULLISH_ABOVE_EMA200,0.05382091643013377,0.01769454786743967,0.12165001658864978
2024-04-02,12:00:00,1.3564,1.35734,1.3556,1.35708,5423,1.3530799509998832,BULLISH_ABOVE_EMA200,0.0007368762342561578,-0.0029475049370737173,-0.023580039496573377
2024-04-02,16:00:00,1.35709,1.35832,1.35618,1.35709,8249,1.3531198519849592,BULLISH_ABOVE_EMA200,-0.03684354022208881,-0.02357986574213029,-0.3013801590167143
2024-04-02,20:00:00,1.35708,1.35769,1.35641,1.35659,3868,1.3531543808209299,BULLISH_ABOVE_EMA200,0.03317140772083396,0.1039370775252754,-0.2926455303370974
2024-04-03,00:00:00,1.35613,1.35704,1.35594,1.35704,1942,1.3531930436983337,BULLISH_ABOVE_EMA200,-0.019896244768023968,-0.020633142722400074,-0.3898190178624077
2024-04-03,04:00:00,1.35703,1.35743,1.35602,1.35677,3051,1.3532286353033256,BULLISH_ABOVE_EMA200,0.09065648562394985,-0.2778658136603883,-0.38768545884711797
2024-04-03,08:00:00,1.35675,1.35886,1.35665,1.358,4863,1.3532761115689642,BULLISH_ABOVE_EMA200,-0.0913107511045751,-0.3961708394698205,-0.5589101620029444
2024-04-03,12:00:00,1.35798,1.35808,1.35623,1.35676,5997,1.353310777125492,BULLISH_ABOVE_EMA200,-0.27713081163949305,-0.36926206550900376,-0.6029069253220964
2024-04-03,16:00:00,1.35677,1.35722,1.35113,1.353,9759,1.3533076848157854,BEARISH_BELOW_EMA200,-0.02808573540281204,-0.11012564671101194,-0.21877309682188278
2024-04-03,20:00:00,1.353,1.35377,1.3523,1.35262,4887,1.3533008421808026,BEARISH_BELOW_EMA200,-0.06431961674379548,-0.16338661264803295,0.12420339785010764
2024-04-04,00:00:00,1.35215,1.35282,1.35165,1.35175,2317,1.353285410915322,BEARISH_BELOW_EMA200,-0.017754762345109525,-0.2345108193083127,0.21823562049195547
2024-04-04,04:00:00,1.35174,1.35219,1.35114,1.35151,2777,1.35326774513507,BEARISH_BELOW_EMA200,-0.08139044476177601,-0.10876723072711872,0.4121316157483167
2024-04-04,08:00:00,1.35151,1.35151,1.35031,1.35041,4603,1.3532393098600943,BEARISH_BELOW_EMA200,-0.13551439933058998,0.2880606630578823,0.4235750623884559
2024-04-04,12:00:00,1.35041,1.35052,1.34812,1.34858,5279,1.3531929485679541,BEARISH_BELOW_EMA200,0.10826202375832483,0.4538106749321602,1.055925491998994
2024-04-04,16:00:00,1.34857,1.35015,1.34776,1.35004,6284,1.3531615759453874,BEARISH_BELOW_EMA200,0.31554620603835093,0.5214660306361409,0.6236852241415138
2024-04-04,20:00:00,1.35005,1.35586,1.34996,1.3543,6233,1.353172903547921,BULLISH_ABOVE_EMA200,0.029535553422429,0.13512515690762744,0.3403972531935319
2024-04-05,00:00:00,1.35345,1.35508,1.35345,1.3547,3386,1.353188098537494,BULLISH_ABOVE_EMA200,0.175684653428807,0.5993946999335577,0.47390566177014043
2024-04-05,04:00:00,1.35471,1.35778,1.35462,1.35708,4061,1.3532268239251808,BULLISH_ABOVE_EMA200,-0.07000324225543125,0.10168892032893688,0.22474725145164598
2024-04-05,08:00:00,1.35709,1.35722,1.35574,1.35613,5807,1.3532557112493082,BULLISH_ABOVE_EMA200,0.493315537595943,0.2049950963403217,0.27136041529941124
2024-04-05,12:00:00,1.35614,1.36324,1.35497,1.36282,7454,1.353350878301554,BULLISH_ABOVE_EMA200,-0.31992486168385553,-0.12474134515195058,-0.3360678592917648
2024-04-05,16:00:00,1.3628,1.36472,1.35745,1.35846,10658,1.3534017153333795,BULLISH_ABOVE_EMA200,0.03312574532927443,0.12293332155529499,-0.013250298131713042
2024-04-05,20:00:00,1.35845,1.35935,1.35806,1.35891,5748,1.3534565241360326,BULLISH_ABOVE_EMA200,0.1626303434370227,0.0662295516259282,-0.12510026418232517
2024-04-08,00:00:00,1.35893,1.36162,1.35881,1.36112,2984,1.3535327776272164,BULLISH_ABOVE_EMA200,-0.072734218878574,-0.2115904549194939,-0.2843246737980516
2024-04-08,04:00:00,1.36114,1.36123,1.35836,1.36013,5081,1.3535984216309256,BULLISH_ABOVE_EMA200,-0.023527162844735282,-0.1360164101960937,-0.1742480498187661
2024-04-08,08:00:00,1.36011,1.36054,1.35877,1.35981,6307,1.3536602283808665,BULLISH_ABOVE_EMA200,-0.11545730653547712,-0.191203182797592,-0.1838492142284545
2024-04-08,12:00:00,1.3598,1.36008,1.35795,1.35824,6344,1.3537057982477236,BULLISH_ABOVE_EMA200,0.002944987631054895,-0.07288844386852283,-0.1295794557662846
2024-04-08,16:00:00,1.35819,1.35996,1.3569,1.35828,8866,1.35375131269302,BULLISH_ABOVE_EMA200,-0.07877609918425542,-0.038283711753088756,0.011779603616350092
2024-04-08,20:00:00,1.35828,1.35847,1.357,1.35721,4108,1.3537857274920944,BULLISH_ABOVE_EMA200,0.00294722261109482,0.00736805652772887,-0.012525696097140713
2024-04-09,00:00:00,1.35706,1.35756,1.35679,1.35725,2117,1.3538201978653075,BULLISH_ABOVE_EMA200,0.03757598084361838,-0.056732363234493224,-0.04347025234850546
2024-04-09,04:00:00,1.35723,1.35846,1.35696,1.35776,3547,1.353859399876598,BULLISH_ABOVE_EMA200,-0.03314282347396163,0.05008248880509176,-0.05965708225312113
2024-04-09,08:00:00,1.35776,1.35829,1.35714,1.35731,4179,1.3538937342061843,BULLISH_ABOVE_EMA200,-0.061150363586808344,-0.019892286949922455,-0.07293838548305445
2024-04-09,12:00:00,1.35736,1.3579,1.356,1.35648,5971,1.3539194681941824,BULLISH_ABOVE_EMA200,0.1444916253833587,0.013269639065822496,0.6177754187308367
2024-04-09,16:00:00,1.35649,1.35983,1.35469,1.35844,9414,1.3539644486101607,BULLISH_ABOVE_EMA200,-0.10305939165513882,-0.10968463826153464,0.7685286063425697
2024-04-09,20:00:00,1.35845,1.35902,1.35679,1.35704,5266,1.3539950511115522,BULLISH_ABOVE_EMA200,-0.028002122266112046,-0.05305665271473604,0.8142722395802632
2024-04-10,00:00:00,1.35654,1.3574,1.35654,1.35666,1893,1.354021568015915,BULLISH_ABOVE_EMA200,0.021376026417829336,0.604425574572847,0.8904220659561047
2024-04-10,04:00:00,1.35665,1.35721,1.35615,1.35695,3946,1.3540507066426224,BULLISH_ABOVE_EMA200,-0.04642765024504443,0.8791775673385162,0.7900070009948664
2024-04-10,08:00:00,1.35694,1.35711,1.35583,1.35632,5261,1.3540732866760292,BULLISH_ABOVE_EMA200,0.6296449215524355,0.8677893122566989,0.9017046124808278
2024-04-10,12:00:00,1.35627,1.36516,1.35556,1.36486,8603,1.3541806171568649,BULLISH_ABOVE_EMA200,0.294535703295586,0.2842782409917578,0.1648520727400675
2024-04-10,16:00:00,1.36483,1.37009,1.36379,1.36888,13670,1.3543268796727173,BULLISH_ABOVE_EMA200,-0.05771141371048364,-0.08839343112618749,0.10081234293728718
2024-04-10,20:00:00,1.36893,1.37023,1.36701,1.36809,8461,1.3544638261436357,BULLISH_ABOVE_EMA200,0.04751149412685126,0.033623518920531906,0.05189717050778738
2024-04-11,00:00:00,1.36793,1.36932,1.36724,1.36874,2863,1.3546058776247936,BULLISH_ABOVE_EMA200,-0.07817408711662743,-0.1190876280374666,-0.013150781010277262
2024-04-11,04:00:00,1.36875,1.36899,1.36762,1.36767,4288,1.3547358688922087,BULLISH_ABOVE_EMA200,0.0643430067194566,0.18937316750386368,0.22812520564171268
2024-04-11,08:00:00,1.36766,1.36948,1.36731,1.36855,6097,1.3548733229330823,BULLISH_ABOVE_EMA200,-0.10522085418873156,0.018267509407773445,0.37046509078953127
2024-04-11,12:00:00,1.36855,1.36966,1.36606,1.36711,8726,1.3549950809138478,BULLISH_ABOVE_EMA200,0.23041306112894983,0.10606315512284682,0.6788041927862392
2024-04-11,16:00:00,1.36704,1.37254,1.3663,1.37026,11343,1.3551469706559987,BULLISH_ABOVE_EMA200,-0.10654912206442696,0.03867879088639524,0.5145008976398641
2024-04-11,20:00:00,1.37027,1.37075,1.36737,1.3688,5658,1.3552828216942474,BULLISH_ABOVE_EMA200,-0.01753360607831809,0.35213325540619855,0.6027177089421457
2024-04-12,00:00:00,1.36864,1.36918,1.36824,1.36856,2271,1.3554149329211702,BULLISH_ABOVE_EMA200,0.1629449932776023,0.5721342140644183,0.5940550651779951
2024-04-12,04:00:00,1.36855,1.37082,1.36817,1.37079,3982,1.3555679186632483,BULLISH_ABOVE_EMA200,0.20645029508532384,0.47563813567359564,0.33557291780651577
2024-04-12,08:00:00,1.37078,1.37365,1.3704,1.37362,6490,1.3557475413631166,BULLISH_ABOVE_EMA200,0.20165693568817716,0.24970515863193926,0.012376057424906705
2024-04-12,12:00:00,1.37361,1.37711,1.3732,1.37639,8173,1.3559529389614935,BULLISH_ABOVE_EMA200,0.0668415202086641,0.021796147894126445,-0.19689186931029654
2024-04-12,16:00:00,1.37635,1.37751,1.37412,1.37731,11717,1.3561654470315285,BULLISH_ABOVE_EMA200,-0.01887737691586694,-0.13940216799414393,-0.08712635499633996
2024-04-12,20:00:00,1.37729,1.37868,1.37644,1.37705,7146,1.3563732535287274,BULLISH_ABOVE_EMA200,-0.026142841581651935,-0.23673795432264919,0.11909516720524772
2024-04-15,00:00:00,1.37731,1.37787,1.37536,1.37669,3376,1.3565754102100336,BULLISH_ABOVE_EMA200,-0.09442939223790968,-0.21864036202775913,0.2012072434607602
2024-04-15,04:00:00,1.37667,1.37811,1.37538,1.37539,5317,1.35676262005869,BULLISH_ABOVE_EMA200,-0.11633064076369784,0.052348788343673715,0.31627392957634387
2024-04-15,08:00:00,1.3754,1.37594,1.37335,1.37379,7517,1.3569320467247727,BULLISH_ABOVE_EMA200,-0.008007046200660544,0.35667751257469515,0.4316525815444857
2024-04-15,12:00:00,1.3738,1.37599,1.37338,1.37368,7868,1.357098693026019,BULLISH_ABOVE_EMA200,0.17689709393744774,0.42076757323393343,0.5867450934715477
2024-04-15,16:00:00,1.37369,1.37725,1.37249,1.37611,10235,1.357287860259591,BULLISH_ABOVE_EMA200,0.1874850120993254,0.26378705190718926,0.44327851697902015
2024-04-15,20:00:00,1.37619,1.37931,1.37574,1.37869,6917,1.3575008168739235,BULLISH_ABOVE_EMA200,0.05585011859083169,0.07470860019294305,0.30173570563360447
2024-04-16,00:00:00,1.37845,1.37947,1.37834,1.37946,2829,1.3577193162085115,BULLISH_ABOVE_EMA200,0.02029779768895495,0.16528206689574615,0.19862844881331732
2024-04-16,04:00:00,1.37946,1.38135,1.37917,1.37974,5482,1.3579384274900188,BULLISH_ABOVE_EMA200,-0.0014495484656463521,0.1790192355081372,0.16307420238596296
2024-04-16,08:00:00,1.37974,1.38107,1.37896,1.37972,7522,1.3581551595547947,BULLISH_ABOVE_EMA200,0.14640651726436602,0.22685762328587358,0.06668019598179571
2024-04-16,12:00:00,1.37969,1.38222,1.37739,1.38174,8554,1.3583898345841003,BULLISH_ABOVE_EMA200,0.03401508243229338,0.03329135727417075,-0.07020134033898674
2024-04-16,16:00:00,1.38169,1.38454,1.38119,1.38221,11964,1.358626851155403,BULLISH_ABOVE_EMA200,0.04630266023252429,-0.015916539454922694,-0.12371492030877206
2024-04-16,20:00:00,1.38219,1.38456,1.38014,1.38285,8916,1.3588678775120655,BULLISH_ABOVE_EMA200,-0.04700437502258505,-0.1598148750768213,-0.4056839136565711
2024-04-17,00:00:00,1.38176,1.38288,1.38145,1.3822,2875,1.359100037934831,BULLISH_ABOVE_EMA200,-0.015193170308207458,-0.10345825495587052,-0.3827231949066717
2024-04-17,04:00:00,1.38222,1.38251,1.38092,1.38199,5311,1.3593277987513999,BULLISH_ABOVE_EMA200,-0.09768522203488898,-0.10781554135702799,-0.4840845447506917
2024-04-17,08:00:00,1.38198,1.38375,1.38008,1.38064,7346,1.3595398604553661,BULLISH_ABOVE_EMA200,0.009415923050176982,-0.24626260285085683,-0.38098273264573257
2024-04-17,12:00:00,1.38064,1.38154,1.38006,1.38077,6745,1.3597511056249647,BULLISH_ABOVE_EMA200,-0.01955430665498182,-0.27955416180826453,-0.3831195637216927
2024-04-17,16:00:00,1.3808,1.38182,1.37827,1.3805,10934,1.359957562285413,BULLISH_ABOVE_EMA200,-0.23614632379572914,-0.37667511771098106,-0.2955450923578474
2024-04-17,20:00:00,1.3805,1.38067,1.37594,1.37724,7625,1.360129526839787,BULLISH_ABOVE_EMA200,-0.023960965409074778,-0.135052714123898,-0.036304493044055135
2024-04-18,00:00:00,1.37701,1.37751,1.37626,1.37691,2593,1.3602964967219782,BULLISH_ABOVE_EMA200,-0.11692848479567375,-0.10385573494273717,0.06899506866825039
2024-04-18,04:00:00,1.37685,1.37715,1.37495,1.3753,4513,1.3604457853118093,BULLISH_ABOVE_EMA200,0.005816912673604305,0.08143677743037954,0.18105140696576044
2024-04-18,08:00:00,1.3753,1.37595,1.37415,1.37538,6780,1.3605943844629356,BULLISH_ABOVE_EMA200,0.0072707179106857,0.09888176358533844,0.055257456121208096
2024-04-18,12:00:00,1.37539,1.37668,1.37493,1.37548,7401,1.3607425000404187,BULLISH_ABOVE_EMA200,0.06833977956785564,0.17303050571437234,0.014540378631457962
2024-04-18,16:00:00,1.37547,1.37713,1.37457,1.37642,10709,1.3608984950648924,BULLISH_ABOVE_EMA200,0.023248717687922145,0.09953357260139299,-0.16637363595413487
2024-04-18,20:00:00,1.37648,1.37812,1.3764,1.37674,6666,1.3610561219796697,BULLISH_ABOVE_EMA200,0.08135159870418596,-0.04358121359153914,-0.1372808228133249
2024-04-19,00:00:00,1.37649,1.37815,1.37612,1.37786,2690,1.3612233247460412,BULLISH_ABOVE_EMA200,-0.005080341979592592,-0.15821636450728455,-0.2736127037580052
2024-04-19,04:00:00,1.37787,1.38039,1.37671,1.37779,9995,1.3613881672858816,BULLISH_ABOVE_EMA200,-0.11975700215563702,-0.2656428047815702,-0.36580320658446897
2024-04-19,08:00:00,1.37778,1.37895,1.37459,1.37614,7854,1.3615349516909971,BULLISH_ABOVE_EMA200,-0.03342683157236218,-0.09374046245294908,-0.23762117226444143
2024-04-19,12:00:00,1.37615,1.37752,1.37438,1.37568,7387,1.3616756984403406,BULLISH_ABOVE_EMA200,-0.11267155152360579,-0.11557920446615348,-0.21662014421958467
2024-04-19,16:00:00,1.37572,1.37677,1.37231,1.37413,9928,1.3617996218389443,BULLISH_ABOVE_EMA200,0.05239678924118037,-0.10042717937896405,-0.22559728701069784
2024-04-19,20:00:00,1.37413,1.37571,1.3737,1.37485,6617,1.3619294763480096,BULLISH_ABOVE_EMA200,-0.05527875768264697,-0.14401571080480569,-0.3585845728624853
2024-04-22,00:00:00,1.37353,1.37523,1.37266,1.37409,2801,1.3620504765833528,BULLISH_ABOVE_EMA200,-0.09751908535831852,-0.10115785720003802,-0.3500498511742303
2024-04-22,04:00:00,1.37408,1.37414,1.3715,1.37275,4438,1.3621569395029216,BULLISH_ABOVE_EMA200,0.008741577126215263,-0.12529593880895604,-0.21416863959205557
2024-04-22,08:00:00,1.37275,1.37387,1.37186,1.37287,6354,1.3622635371198082,BULLISH_ABOVE_EMA200,-0.01238281847516542,-0.21487832059845494,-0.15005062387552723
2024-04-22,12:00:00,1.37289,1.37301,1.3715,1.3727,6531,1.3623673825216012,BULLISH_ABOVE_EMA200,-0.12165804618635247,-0.24914402272892683,-0.24404458366722256
2024-04-22,16:00:00,1.37269,1.37495,1.37099,1.37103,9586,1.3624535777203914,BULLISH_ABOVE_EMA200,-0.080961029299136,-0.08898419436482052,-0.31144468027687183
2024-04-22,20:00:00,1.37104,1.37104,1.36867,1.36992,5760,1.3625278704793926,BULLISH_ABOVE_EMA200,-0.046718056528846495,0.064967297360434,-0.26716888577435155
2024-04-23,00:00:00,1.36872,1.37026,1.36872,1.36928,2310,1.3625950558477569,BULLISH_ABOVE_EMA200,0.03870647347510512,0.005112175741996851,-0.251226922178087
2024-04-23,04:00:00,1.36929,1.37047,1.36898,1.36981,5508,1.362666846336834,BULLISH_ABOVE_EMA200,0.07300282520934377,-0.22265861688847338,-0.2409093231908134
2024-04-23,08:00:00,1.36981,1.37081,1.36886,1.37081,7511,1.3627478727414428,BULLISH_ABOVE_EMA200,-0.10650637214493743,-0.331920543328401,-0.20571778729364718
2024-04-23,12:00:00,1.37083,1.3714,1.36929,1.36935,7129,1.3628135655499858,BULLISH_ABOVE_EMA200,-0.18914083324205588,-0.25632599408479384,0.13217950122319838
2024-04-23,16:00:00,1.36939,1.37042,1.36557,1.36676,13103,1.3628528335544636,BULLISH_ABOVE_EMA200,-0.03658286751148299,-0.01829143375574962,0.36070707366326943
2024-04-23,20:00:00,1.36678,1.36684,1.3658,1.36626,5144,1.3628867357081507,BULLISH_ABOVE_EMA200,-0.030740854595764124,0.12662304393014576,0.2935019688785494
2024-04-24,00:00:00,1.36565,1.3664,1.36554,1.36584,2117,1.3629161214224976,BULLISH_ABOVE_EMA200,0.049054061969187344,0.3895038950389498,0.28480641949276264
2024-04-24,04:00:00,1.36583,1.36656,1.36545,1.36651,4283,1.3629518814083434,BULLISH_ABOVE_EMA200,0.10830509838933838,0.37906784436266,0.18807033977067006
2024-04-24,08:00:00,1.3665,1.36825,1.366,1.36799,5930,1.363002011941594,BULLISH_ABOVE_EMA200,0.23172684010847266,0.1666678849991637,-0.056286961161992215
2024-04-24,12:00:00,1.36799,1.37149,1.36753,1.37116,6744,1.3630831859521253,BULLISH_ABOVE_EMA200,0.03865340295808961,-0.10429125703783966,-0.02771376061144031
2024-04-24,16:00:00,1.37115,1.37286,1.36968,1.37169,10689,1.3631688258929004,BULLISH_ABOVE_EMA200,-0.10352193279822532,-0.19027622859392435,-0.27119830282353646
2024-04-24,20:00:00,1.37167,1.37185,1.36944,1.37027,6020,1.3632394843417275,BULLISH_ABOVE_EMA200,-0.03940829179652236,-0.2225838703321241,-0.3313215643632268
2024-04-25,00:00:00,1.36977,1.37068,1.36949,1.36973,2291,1.3633040665870835,BULLISH_ABOVE_EMA200,-0.04745460784240817,0.07665744343777368,-0.2832675052747537
2024-04-25,04:00:00,1.36974,1.37045,1.36893,1.36908,4202,1.3633615385613416,BULLISH_ABOVE_EMA200,-0.1358576562363027,-0.08107634323780687,-0.2790194875390888
2024-04-25,08:00:00,1.36907,1.3693,1.36707,1.36722,5902,1.3633999312124725,BULLISH_ABOVE_EMA200,0.26038238176738254,-0.10898026652623508,-0.19967525343398437
2024-04-25,12:00:00,1.36723,1.37126,1.36651,1.37078,8932,1.3634733647327464,BULLISH_ABOVE_EMA200,-0.20499277783453224,-0.3596492507915275,-0.4107150673339284
2024-04-25,16:00:00,1.37075,1.37308,1.36766,1.36797,13858,1.3635181073722216,BULLISH_ABOVE_EMA200,-0.16374628098567934,-0.19810375958537033,-0.052632733173960826
2024-04-25,20:00:00,1.36795,1.36817,1.36498,1.36573,7604,1.36354011625409,BULLISH_ABOVE_EMA200,0.008786509778645703,-0.09079393437942564,0.07688196056321493
2024-04-26,00:00:00,1.36498,1.36612,1.36495,1.36585,2375,1.36356310017196,BULLISH_ABOVE_EMA200,-0.04319654427646451,-0.05125013727714778,-0.04319654427646451
2024-04-26,04:00:00,1.36584,1.36627,1.36509,1.36526,4920,1.3635799847473633,BULLISH_ABOVE_EMA200,-0.05639951364574788,0.14575978201955367,-0.10254457026499318
2024-04-26,08:00:00,1.36527,1.36535,1.36367,1.36449,6734,1.363589039625499,BULLISH_ABOVE_EMA200,0.0483697205549403,0.1678282728345481,0.09160931923282496
2024-04-26,12:00:00,1.36451,1.36646,1.36327,1.36515,8660,1.363604571569524,BULLISH_ABOVE_EMA200,0.15382924953301766,0.008057722594574402,0.06519430099255286
2024-04-26,16:00:00,1.36514,1.36955,1.36488,1.36725,11483,1.3636408444892303,BULLISH_ABOVE_EMA200,-0.03437557140244801,-0.24794295117937493,-0.1609069299689142
2024-04-26,20:00:00,1.36725,1.36737,1.36533,1.36678,4566,1.3636720798674469,BULLISH_ABOVE_EMA200,-0.11121028987841407,-0.07609125096944291,-0.05341020500739836
2024-04-29,00:00:00,1.36649,1.36677,1.3651,1.36526,1970,1.3636878800677708,BULLISH_ABOVE_EMA200,-0.10254457026499318,0.05713197486193127,0.11060164364297809
2024-04-29,04:00:00,1.36529,1.3658,1.36316,1.36386,4918,1.3636895927039123,BULLISH_ABOVE_EMA200,0.1378440602407785,0.08725235728007451,0.3094159224553759
2024-04-29,08:00:00,1.36386,1.36631,1.36367,1.36574,7280,1.36370999476656,BULLISH_ABOVE_EMA200,0.021966113608737167,0.022698317395699948,0.2840950693397064
2024-04-29,12:00:00,1.36575,1.36679,1.3646,1.36604,5819,1.3637331788982363,BULLISH_ABOVE_EMA200,-0.07247225557083427,0.05343913794618895,0.5285350355772894
2024-04-29,16:00:00,1.36601,1.36765,1.36434,1.36505,8412,1.3637462815957664,BULLISH_ABOVE_EMA200,0.07325738983919196,0.22196989121276628,0.7655397238196291
2024-04-29,20:00:00,1.36506,1.36724,1.36472,1.36605,5575,1.363769204166953,BULLISH_ABOVE_EMA200,0.052706709124852966,0.2613374327440484,0.8601442114124613
2024-04-30,00:00:00,1.36611,1.36719,1.36545,1.36677,2259,1.3637990628319585,BULLISH_ABOVE_EMA200,0.09584641161277482,0.47484214608162933,0.8172552806982816
2024-04-30,04:00:00,1.36678,1.36833,1.36625,1.36808,4531,1.3638416592216904,BULLISH_ABOVE_EMA200,0.11256651657798498,0.542365943512074,0.7156014268171427
2024-04-30,08:00:00,1.36809,1.37006,1.36808,1.36962,6667,1.363899155149833,BULLISH_ABOVE_EMA200,0.2657671470918843,0.5972459514317733,0.5519779208831654
2024-04-30,12:00:00,1.36961,1.37362,1.36737,1.37326,10692,1.3639922978846606,BULLISH_ABOVE_EMA200,0.1631155061678065,0.3407948968148798,0.21117632494939959
2024-04-30,16:00:00,1.37324,1.37609,1.37191,1.3755,16974,1.3641068023833207,BULLISH_ABOVE_EMA200,0.1672119229371115,0.17230098146128559,0.08578698655034234
2024-04-30,20:00:00,1.37553,1.37844,1.37505,1.3778,7364,1.364243053105875,BULLISH_ABOVE_EMA200,0.010161126433446726,-0.04499927420524335,-0.290317898098418
2024-05-01,00:00:00,1.37586,1.37827,1.37586,1.37794,3263,1.3643793411346723,BULLISH_ABOVE_EMA200,-0.005080047026722099,-0.1291783386794703,-0.3425403138017501
2024-05-01,04:00:00,1.37793,1.37823,1.37732,1.37787,3258,1.3645135765462675,BULLISH_ABOVE_EMA200,-0.05007729321342779,-0.08636518684636608,-0.40787592443408727
2024-05-01,08:00:00,1.3779,1.37823,1.37686,1.37718,5115,1.3646396106104839,BULLISH_ABOVE_EMA200,-0.07406439245414695,-0.24542906519119945,-0.3979145790673805
2024-05-01,12:00:00,1.37718,1.37758,1.37582,1.37616,7057,1.3647542413506781,BULLISH_ABOVE_EMA200,0.037786303918138434,-0.2136379490756847,-0.3066503894896024
2024-05-01,16:00:00,1.37619,1.37737,1.37466,1.37668,12355,1.3648729056158455,BULLISH_ABOVE_EMA200,-0.20919894238312417,-0.3217886509573709,-0.5564110759217828
2024-05-01,20:00:00,1.37667,1.37739,1.37032,1.3738,19270,1.3649617324256382,BULLISH_ABOVE_EMA200,-0.04221866356091156,-0.15286067841024828,-0.46586111515504164
2024-05-02,00:00:00,1.37253,1.37399,1.37212,1.37322,3777,1.3650439042422986,BULLISH_ABOVE_EMA200,-0.07063689721968347,-0.09321157571257117,-0.5039250811960237
2024-05-02,04:00:00,1.37322,1.37367,1.37163,1.37225,5053,1.3651156066876489,BULLISH_ABOVE_EMA200,-0.04008016032064496,-0.23537985061031635,-0.4131900163964339
2024-05-02,08:00:00,1.37224,1.37247,1.37049,1.3717,9558,1.3651811230390154,BULLISH_ABOVE_EMA200,0.017496537143691624,-0.31347962382444927,-0.3944011081140129
2024-05-02,12:00:00,1.37169,1.37287,1.37044,1.37194,9806,1.3652483755460898,BULLISH_ABOVE_EMA200,-0.2128372960916683,-0.41109669519074216,-0.670583261658664
2024-05-02,16:00:00,1.37191,1.37293,1.36856,1.36902,14152,1.3652859041476213,BULLISH_ABOVE_EMA200,-0.11833282201866699,-0.17822968254663904,-0.037252925450322896
2024-05-02,20:00:00,1.36899,1.36916,1.36692,1.3674,7606,1.365306939927247,BULLISH_ABOVE_EMA200,-0.08044463946174338,-0.08117595436594592,0.08336989907855354
2024-05-03,00:00:00,1.36697,1.36765,1.36618,1.3663,3420,1.3653168211220008,BULLISH_ABOVE_EMA200,0.02049330308130249,-0.2605577106052849,0.17492497987264086
2024-05-03,04:00:00,1.3663,1.3667,1.36552,1.36658,5289,1.3653293900660606,BULLISH_ABOVE_EMA200,-0.021220857908055252,0.1412284681467596,0.1478142516354793
2024-05-03,08:00:00,1.36659,1.36752,1.36577,1.36629,7466,1.365338948373861,BULLISH_ABOVE_EMA200,-0.2598277086123694,0.164679533627567,0.11271399190509311
2024-05-03,12:00:00,1.36629,1.36683,1.36096,1.36274,11447,1.3653130881910365,BEARISH_BELOW_EMA200,0.42341165592848456,0.43662033843579107,0.24436062638506484
2024-05-03,16:00:00,1.36279,1.36914,1.36224,1.36851,21580,1.3653448982587875,BULLISH_ABOVE_EMA200,0.002192165201583952,0.006576495604719405,-0.16148950318228025
2024-05-03,20:00:00,1.36853,1.3689,1.36792,1.36854,6147,1.3653766903159141,BULLISH_ABOVE_EMA200,0.010960585733692288,-0.051880105806186766,-0.15052537740951472
2024-05-06,00:00:00,1.36746,1.36967,1.36729,1.36869,2526,1.3654096585714772,BULLISH_ABOVE_EMA200,-0.006575630712573591,-0.19142391629953218,-0.17388890106598637
2024-05-06,04:00:00,1.36867,1.36878,1.36743,1.3686,4593,1.3654414032623083,BULLISH_ABOVE_EMA200,-0.05626187344731386,-0.168054946660819,-0.05772322080959144
2024-05-06,08:00:00,1.36861,1.36886,1.36724,1.36783,5545,1.3654651703940266,BULLISH_ABOVE_EMA200,-0.12867096057260083,-0.09869647543921278,-0.0007310850032581177
2024-05-06,12:00:00,1.36783,1.36802,1.36593,1.36607,5344,1.3654711885990611,BULLISH_ABOVE_EMA200,0.01683661891412406,0.017568645823421786,0.0929674174822743
2024-05-06,16:00:00,1.36608,1.3669,1.36477,1.3663,7694,1.3654794354786723,BULLISH_ABOVE_EMA200,0.013174266266548117,0.1105174559027959,0.36229232233038206
2024-05-06,20:00:00,1.36632,1.36716,1.3657,1.36648,4397,1.3654893913445563,BULLISH_ABOVE_EMA200,-0.012440723611030054,0.09806217434577301,0.4398161700134705
2024-05-07,00:00:00,1.36577,1.36726,1.36563,1.36631,2809,1.3654975566048095,BULLISH_ABOVE_EMA200,0.10978474870271437,0.075385527442534,0.5452642518901405
2024-05-07,04:00:00,1.36631,1.36827,1.36605,1.36781,5186,1.3655205659918264,BULLISH_ABOVE_EMA200,0.0007310956931200614,0.25149691843166155,0.5468595784502184
2024-05-07,08:00:00,1.36782,1.36908,1.3674,1.36782,6452,1.3655434459322062,BULLISH_ABOVE_EMA200,-0.035092336710973365,0.34141919258381603,0.5673261101606928
2024-05-07,12:00:00,1.36782,1.36887,1.36715,1.36734,6030,1.3655613220920848,BULLISH_ABOVE_EMA200,0.28595667500402827,0.4695247707227238,0.5667939210437728
2024-05-07,16:00:00,1.36733,1.37169,1.36693,1.37125,9399,1.3656179258523626,BULLISH_ABOVE_EMA200,0.09042844120327495,0.2946216955332595,0.10355515041020798
2024-05-07,20:00:00,1.37123,1.3741,1.37118,1.37249,5847,1.3656863046996028,BULLISH_ABOVE_EMA200,0.09253255032824315,0.2251382523734262,-0.013843452411304451
2024-05-08,00:00:00,1.37164,1.37386,1.37152,1.37376,2627,1.3657666399762236,BULLISH_ABOVE_EMA200,0.11137316561843474,0.09681458187746268,-0.04221989284882548
2024-05-08,04:00:00,1.37376,1.37543,1.3737,1.37529,5208,1.3658613997774551,BULLISH_ABOVE_EMA200,0.021086461764436848,-0.19050527525102667,-0.1941408721069702
2024-05-08,08:00:00,1.37529,1.37603,1.37499,1.37558,6199,1.3659581022672318,BULLISH_ABOVE_EMA200,-0.03562133790838057,-0.23844487416216795,-0.17374489306329796
2024-05-08,12:00:00,1.37558,1.37623,1.37448,1.37509,6718,1.3660489669212892,BULLISH_ABOVE_EMA200,-0.17598848075397733,-0.13889999927276445,-0.32070628104342447
2024-05-08,16:00:00,1.37508,1.37511,1.37171,1.37267,8795,1.3661148478474454,BULLISH_ABOVE_EMA200,-0.026954766986965653,-0.0036425360793275524,-0.2957739296407696
2024-05-08,20:00:00,1.37266,1.37349,1.37222,1.3723,4169,1.3661763916499585,BULLISH_ABOVE_EMA200,0.06412591998834015,0.06485462362455989,-0.34686293084603204
2024-05-09,00:00:00,1.3719,1.37343,1.37177,1.37318,2624,1.3662460792952327,BULLISH_ABOVE_EMA200,-0.04078125227574797,-0.18205916194527802,-0.373585400311691
2024-05-09,04:00:00,1.37316,1.37343,1.37201,1.37262,4322,1.3663095013917976,BULLISH_ABOVE_EMA200,0.04152642391921722,-0.2921420349404677,-0.28631376491672783
2024-05-09,08:00:00,1.3726,1.37377,1.37239,1.37319,5400,1.3663779640645162,BULLISH_ABOVE_EMA200,-0.18278606747791729,-0.4114507096614404,-0.3604745155440988
2024-05-09,12:00:00,1.37317,1.37353,1.37053,1.37068,6902,1.3664207703922324,BULLISH_ABOVE_EMA200,-0.15101993171271152,-0.19187556541278128,-0.4224180698631309
2024-05-09,16:00:00,1.3707,1.37211,1.36803,1.36861,8737,1.3664425537714142,BULLISH_ABOVE_EMA200,-0.07818151262961154,0.0058453467386514755,-0.12275228151190812
2024-05-09,20:00:00,1.36859,1.36892,1.36743,1.36754,4990,1.3664534736343854,BULLISH_ABOVE_EMA200,0.037293241879580157,0.05118680257980921,-0.031443321584738324
2024-05-10,00:00:00,1.3674,1.36822,1.36717,1.36805,2472,1.366469359468869,BULLISH_ABOVE_EMA200,0.046781915865646284,-0.2309857095866417,-0.002192902306200394
2024-05-10,04:00:00,1.36802,1.369,1.36741,1.36869,3934,1.366491455394552,BULLISH_ABOVE_EMA200,-0.0328781535629004,-0.12859011171265838,-0.029955651023973396
2024-05-10,08:00:00,1.36869,1.36869,1.36769,1.36824,5562,1.3665088538483374,BULLISH_ABOVE_EMA200,-0.2448400865345235,-0.08258785008476974,-0.07674092264514963
2024-05-10,12:00:00,1.36824,1.36888,1.36319,1.36489,6381,1.3664927458498464,BEARISH_BELOW_EMA200,0.14946259405520165,0.22932250950626626,0.1736403666229501
2024-05-10,16:00:00,1.36488,1.36733,1.36351,1.36693,9781,1.3664970966374101,BULLISH_ABOVE_EMA200,0.013168194421080012,0.09876145815805948,0.028531087912337317
2024-05-10,20:00:00,1.36692,1.36765,1.36665,1.36711,4568,1.3665031951783315,BULLISH_ABOVE_EMA200,0.06656377321502778,0.005851760282629632,-0.03584203173117755
2024-05-13,00:00:00,1.36679,1.36822,1.36643,1.36802,2257,1.3665182877636217,BULLISH_ABOVE_EMA200,0.019005570093999134,-0.055554743351712246,-0.06432654493355301
2024-05-13,04:00:00,1.368,1.36893,1.36792,1.36828,4137,1.3665358172386106,BULLISH_ABOVE_EMA200,-0.0796620574736191,-0.07016107814188981,-0.028502937995139185
2024-05-13,08:00:00,1.36827,1.36848,1.36714,1.36719,4606,1.3665423265198184,BULLISH_ABOVE_EMA200,0.005119990637732465,-0.04169135233580991,0.03730278893204386
2024-05-13,12:00:00,1.3672,1.36811,1.36645,1.36726,5067,1.366549467549472,BULLISH_ABOVE_EMA200,0.0043883387212506056,-0.008776677442468732,-0.18796717522636233
2024-05-13,16:00:00,1.36726,1.36845,1.36604,1.36732,7902,1.3665571345390297,BULLISH_ABOVE_EMA200,-0.05119503846942522,0.041687388467948935,-0.09507650001463291
2024-05-13,20:00:00,1.36732,1.36793,1.36649,1.36662,4149,1.3665577600660046,BULLISH_ABOVE_EMA200,0.03805007975882659,0.07902708872985686,-0.11854063309478531
2024-05-14,00:00:00,1.36669,1.36739,1.3661,1.36714,2045,1.3665635534981837,BULLISH_ABOVE_EMA200,0.05485904881724099,-0.17920622613631837,-0.15726260660942523
2024-05-14,04:00:00,1.36714,1.36847,1.36687,1.36789,3996,1.3665767519708387,BULLISH_ABOVE_EMA200,-0.013890005775328023,-0.13670689894655552,-0.25440642156899673
2024-05-14,08:00:00,1.36789,1.36821,1.36741,1.3677,4620,1.3665879285681437,BULLISH_ABOVE_EMA200,-0.22007750237624896,-0.19741171309497146,-0.37581340937339497
2024-05-14,12:00:00,1.36771,1.369,1.36423,1.36469,8512,1.3665690437067692,BEARISH_BELOW_EMA200,0.09745803076156881,0.02198301445749342,-0.1890539243344662
2024-05-14,16:00:00,1.36472,1.36621,1.36326,1.36602,10601,1.366563580585309,BEARISH_BELOW_EMA200,-0.07466947775288948,-0.11786064625701756,-0.4385001683723474
2024-05-14,20:00:00,1.36603,1.36646,1.36464,1.365,4339,1.3665480225695346,BEARISH_BELOW_EMA200,-0.000732600732605532,-0.1787545787545786,-0.35091575091575616
2024-05-15,00:00:00,1.36456,1.36544,1.36428,1.36499,2017,1.3665325198573999,BEARISH_BELOW_EMA200,-0.04249115378134821,-0.21099055670737468,-0.4366332354083155
2024-05-15,04:00:00,1.365,1.3652,1.36372,1.36441,3660,1.3665114002568288,BEARISH_BELOW_EMA200,-0.13558974208631625,-0.32101787585841707,-0.26604906149909485
2024-05-15,08:00:00,1.36442,1.36446,1.36245,1.36256,5030,1.3664720828413381,BEARISH_BELOW_EMA200,-0.03302606857680113,-0.1724694692343878,-0.021283466416150587
2024-05-15,12:00:00,1.36256,1.36362,1.35895,1.36211,8272,1.3664286790319717,BEARISH_BELOW_EMA200,-0.1527042603020211,-0.22611977006262138,0.06827642407735773
2024-05-15,16:00:00,1.36195,1.36606,1.35944,1.36003,11856,1.3663650105838925,BEARISH_BELOW_EMA200,0.013235002169058546,0.05514584237112625,0.11543863003020884
2024-05-15,20:00:00,1.36003,1.36077,1.35952,1.36021,4957,1.3663037666974858,BEARISH_BELOW_EMA200,-0.08675131045941133,0.151447203005431,0.11174745076129333
2024-05-16,00:00:00,1.35976,1.36063,1.35898,1.35903,2961,1.3662313909094512,BEARISH_BELOW_EMA200,0.12876831269362268,0.2950633908007968,0.22883968712978714
2024-05-16,04:00:00,1.35904,1.36118,1.35901,1.36078,5124,1.3661771482138347,BEARISH_BELOW_EMA200,0.1094960243389814,0.060259557018755475,0.12492834991694564
2024-05-16,08:00:00,1.36078,1.36253,1.36058,1.36227,5715,1.36613827111718,BEARISH_BELOW_EMA200,0.05652330301628439,-0.039639718998435325,0.10056743523676447
2024-05-16,12:00:00,1.36226,1.36342,1.36172,1.36304,6597,1.36610744254885,BEARISH_BELOW_EMA200,-0.10564620260594758,-0.0660288766287213,-0.027878859021015303
2024-05-16,16:00:00,1.36305,1.36409,1.3607,1.3616,9492,1.3660625923742347,BEARISH_BELOW_EMA200,0.009547591069343825,0.0646298472385423,-0.016157461809627422
2024-05-16,20:00:00,1.36161,1.36212,1.36111,1.36173,4396,1.366019482002352,BEARISH_BELOW_EMA200,0.030108758711330397,0.14026275399674357,-0.05140519779986818
2024-05-17,00:00:00,1.36051,1.36228,1.36051,1.36214,2583,1.3659808801913833,BEARISH_BELOW_EMA200,0.024960723567328393,0.03817522427944822,-0.09837461641240232
2024-05-17,04:00:00,1.36214,1.36313,1.3619,1.36248,4222,1.3659460455626133,BEARISH_BELOW_EMA200,0.08513886442370162,-0.08073513005694608,-0.1644060830250734
2024-05-17,08:00:00,1.36248,1.36412,1.36163,1.36364,5273,1.3659230998356222,BEARISH_BELOW_EMA200,-0.07186647502273187,-0.19139948960136116,-0.18626616995687914
2024-05-17,12:00:00,1.36361,1.36434,1.36266,1.36266,4924,1.3658906311805414,BEARISH_BELOW_EMA200,-0.09393392335578558,-0.1364977323763795,0.040362232691944465
2024-05-17,16:00:00,1.36267,1.36296,1.3601,1.36138,8783,1.3658457492782476,BEARISH_BELOW_EMA200,-0.025709206834247045,-0.0837385594029691,0.019098267934002773
2024-05-17,20:00:00,1.36144,1.36209,1.36061,1.36103,4687,1.3657978313749815,BEARISH_BELOW_EMA200,-0.01689896622410619,0.00514316363342575,0.10139379734465344
2024-05-20,00:00:00,1.36128,1.36149,1.36043,1.3608,2469,1.3657481017095587,BEARISH_BELOW_EMA200,-0.04115226337449412,0.17710170487948435,0.14403292181069677
2024-05-20,04:00:00,1.3608,1.36123,1.35999,1.36024,4867,1.365693294727374,BEARISH_BELOW_EMA200,0.06322413691702075,0.1029230135858428,0.24260424630948074
2024-05-20,08:00:00,1.36023,1.36188,1.36013,1.3611,5361,1.365647590302226,BEARISH_BELOW_EMA200,0.1550216736463196,0.09624568363822808,0.1410623760193903
2024-05-20,12:00:00,1.36112,1.3635,1.36097,1.36321,5205,1.3656233356723533,BEARISH_BELOW_EMA200,-0.11516934294790028,-0.03301032122710818,0.19219342581114185
2024-05-20,16:00:00,1.36323,1.36323,1.35958,1.36164,8344,1.3655837004915339,BEARISH_BELOW_EMA200,0.05654945506888292,0.13953761640374937,0.23427631385682163
2024-05-20,20:00:00,1.36165,1.36263,1.3612,1.36241,4098,1.3655521213821653,BEARISH_BELOW_EMA200,0.025689770333458543,0.04477359972401843,0.2194640379915039
2024-05-21,00:00:00,1.36225,1.36292,1.36219,1.36276,2203,1.3655243390798553,BEARISH_BELOW_EMA200,0.057236784173295585,0.22527811206669762,0.07411429745516125
2024-05-21,04:00:00,1.36279,1.36438,1.36262,1.36354,5232,1.365504594412394,BEARISH_BELOW_EMA200,-0.03813602827933731,0.09460668553911242,0.058670812737443276
2024-05-21,08:00:00,1.36354,1.36383,1.36246,1.36302,5573,1.3654798720799326,BEARISH_BELOW_EMA200,0.20615985091929695,0.17461225807398637,0.21789849011754334
2024-05-21,12:00:00,1.36301,1.36645,1.36145,1.36583,7015,1.3654833559398338,BULLISH_ABOVE_EMA200,-0.07321555391228131,-0.15082404105929528,0.12373428611173934
2024-05-21,16:00:00,1.36582,1.36751,1.36371,1.36483,11609,1.3654768548857061,BEARISH_BELOW_EMA200,0.041763443066166445,-0.03590190719722452,0.10184418572276419
2024-05-21,20:00:00,1.36484,1.36561,1.36473,1.3654,4822,1.3654760901604754,BEARISH_BELOW_EMA200,-0.11937893657536403,0.043210780723604104,0.2885601288999601
2024-05-22,00:00:00,1.36486,1.36528,1.36283,1.36377,3517,1.3654591141389782,BEARISH_BELOW_EMA200,0.04179590400142117,0.27497305264085165,0.3761631360126766
2024-05-22,04:00:00,1.36378,1.36444,1.36235,1.36434,5068,1.3654479786749087,BEARISH_BELOW_EMA200,0.12093759620035542,0.13779556415555372,0.28072181421053405
2024-05-22,08:00:00,1.36432,1.36631,1.36366,1.36599,6364,1.3654533719219246,BULLISH_ABOVE_EMA200,0.11200667647640401,0.24524337659865475,0.1266480720942327
2024-05-22,12:00:00,1.366,1.36781,1.36487,1.36752,7262,1.3654739353853882,BULLISH_ABOVE_EMA200,-0.09506259506260083,0.1009126009125963,-0.06142506142507414
2024-05-22,16:00:00,1.36751,1.36769,1.36575,1.36622,9751,1.3654813589138919,BULLISH_ABOVE_EMA200,0.22836732005094432,0.14272957503184835,0.3410870869991735
2024-05-22,20:00:00,1.36618,1.3698,1.36564,1.36934,8145,1.3655197533525596,BULLISH_ABOVE_EMA200,-0.03213226809996027,-0.11830516891348788,0.2614398177224003
2024-05-23,00:00:00,1.36845,1.36938,1.36843,1.3689,2904,1.365553387647559,BULLISH_ABOVE_EMA200,-0.053327489224917625,-0.16217400832786258,0.3155818540433999
2024-05-23,04:00:00,1.3689,1.36961,1.36781,1.36817,5045,1.3655794235913643,BULLISH_ABOVE_EMA200,-0.03289064955378801,0.1980748006461178,0.382262438147295
2024-05-23,08:00:00,1.36819,1.36864,1.36752,1.36772,6825,1.3656007228591118,BULLISH_ABOVE_EMA200,-0.07603895534174772,0.38019477670867363,0.3260901354078253
2024-05-23,12:00:00,1.36775,1.36792,1.36643,1.36668,7088,1.3656114619351407,BULLISH_ABOVE_EMA200,0.3073140749846492,0.4785319167618033,0.3358503819475001
2024-05-23,16:00:00,1.36664,1.37094,1.36564,1.37088,13141,1.3656638851994678,BULLISH_ABOVE_EMA200,0.14880952380951065,0.18382352941175417,-0.38296568627452426
2024-05-23,20:00:00,1.3709,1.37433,1.37086,1.37292,8259,1.3657360853467368,BULLISH_ABOVE_EMA200,0.021851236780015517,-0.05389971739066828,-0.46178947061737124
2024-05-24,00:00:00,1.37266,1.37371,1.3725,1.37322,3006,1.3658105521592072,BULLISH_ABOVE_EMA200,0.013107877834567436,-0.14200200987460992,-0.47916575639737474
2024-05-24,04:00:00,1.37331,1.37384,1.37258,1.3734,4900,1.3658860690531456,BULLISH_ABOVE_EMA200,-0.0888306392893548,-0.5657492354740101,-0.5016746759866072
2024-05-24,08:00:00,1.37341,1.37382,1.37192,1.37218,6299,1.3659486952317212,BULLISH_ABOVE_EMA200,-0.06631783002229784,-0.4081097232141592,-0.44819192817267983
2024-05-24,12:00:00,1.3722,1.3727,1.37076,1.37127,6909,1.3660016435378732,BULLISH_ABOVE_EMA200,-0.4112975562799514,-0.3376432066624306,-0.4455723526366113
2024-05-24,16:00:00,1.37127,1.37141,1.36528,1.36563,10100,1.3659979455922229,BEARISH_BELOW_EMA200,0.06956496269121258,0.06443912333501695,-0.16988496151958277
2024-05-24,20:00:00,1.36562,1.36681,1.36478,1.36658,5186,1.36600373717837,BULLISH_ABOVE_EMA200,0.004390522325818541,-0.040246454653209356,-0.23855171303544753
2024-05-27,00:00:00,1.36649,1.36707,1.36592,1.36664,2293,1.3660100681517195,BULLISH_ABOVE_EMA200,-0.009512380729393661,-0.10829479599603026,-0.2868348650705486
2024-05-27,04:00:00,1.36666,1.36686,1.36621,1.36651,2991,1.3660150425979711,BULLISH_ABOVE_EMA200,-0.03512597785598451,-0.23417318570664467,-0.32418350396264456
2024-05-27,08:00:00,1.36652,1.3667,1.36577,1.36603,3901,1.3660151914278422,BULLISH_ABOVE_EMA200,-0.06368820596913306,-0.19838510135209259,-0.2423080020204641
2024-05-27,12:00:00,1.36604,1.36638,1.36507,1.36516,4514,1.366006682060401,BEARISH_BELOW_EMA200,-0.1355152509595877,-0.17873362829265418,-0.235137273286643
2024-05-27,16:00:00,1.36512,1.36512,1.36294,1.36331,5076,1.3659798494030837,BEARISH_BELOW_EMA200,0.0007335088864649648,-0.09022159303460434,0.008802106637514429
2024-05-27,20:00:00,1.36331,1.36345,1.363,1.36332,2059,1.365953383239869,BEARISH_BELOW_EMA200,-0.044010210368817006,-0.044010210368817006,0.08581991021916302
2024-05-28,00:00:00,1.36293,1.36363,1.36231,1.36272,2341,1.365921210272308,BEARISH_BELOW_EMA200,-0.046964893741926,-0.05650463778325242,0.20840671597981802
2024-05-28,04:00:00,1.36273,1.36278,1.36145,1.36208,4198,1.3658829892745734,BEARISH_BELOW_EMA200,0.04698696111828776,0.09911312110888952,0.3068835898038348
2024-05-28,08:00:00,1.36206,1.36307,1.36188,1.36272,5274,1.365851516744478,BEARISH_BELOW_EMA200,-0.05650463778325242,0.129887284255023,0.23849360103322584
2024-05-28,12:00:00,1.36281,1.36317,1.36149,1.36195,6120,1.365812695682344,BEARISH_BELOW_EMA200,0.10866771907925592,0.2650611255919904,0.4405448070780869
2024-05-28,16:00:00,1.36196,1.36502,1.3618,1.36343,10207,1.3657889872675943,BEARISH_BELOW_EMA200,0.07774509875828323,0.2075647447980542,0.5236792501265299
2024-05-28,20:00:00,1.36344,1.36534,1.36329,1.36449,6978,1.3657760620211508,BEARISH_BELOW_EMA200,0.07841757726330911,0.10846543397166164,0.5349984243197153
2024-05-29,00:00:00,1.36391,1.36588,1.36373,1.36556,2692,1.3657739121502936,BEARISH_BELOW_EMA200,0.05126102111953505,0.1750197721081382,0.47453059550659205
2024-05-29,04:00:00,1.36557,1.36647,1.36485,1.36626,4816,1.3657787488453157,BULLISH_ABOVE_EMA200,-0.021225828173270348,0.3154597221612311,0.449402017185604
2024-05-29,08:00:00,1.36625,1.36727,1.36501,1.36597,7078,1.3657806518418796,BULLISH_ABOVE_EMA200,0.1449519389152099,0.42607085075076023,0.40557259676274743
2024-05-29,12:00:00,1.36594,1.36796,1.36578,1.36795,6938,1.3658022373956917,BULLISH_ABOVE_EMA200,0.1915274681092194,0.29898753609415013,0.12865967323366964
2024-05-29,16:00:00,1.36795,1.37171,1.36775,1.37057,11111,1.3658496778196152,BULLISH_ABOVE_EMA200,0.08901405984371458,0.13352108976557184,-0.30352335159825206
2024-05-29,20:00:00,1.37057,1.3719,1.37023,1.37179,6140,1.3659087855030023,BULLISH_ABOVE_EMA200,0.018224363787450078,-0.02041128744195963,-0.27336545681191304
2024-05-30,00:00:00,1.37126,1.3724,1.37089,1.37204,3099,1.3659697926124252,BULLISH_ABOVE_EMA200,0.026238302090328125,-0.16982012186233225,-0.2827905891956418
2024-05-30,04:00:00,1.37202,1.37275,1.37125,1.3724,5443,1.3660337747754858,BULLISH_ABOVE_EMA200,-0.06484989798892869,-0.4364616729816498,-0.3883707373943498
2024-05-30,08:00:00,1.37242,1.37345,1.37121,1.37151,7293,1.366088264578715,BULLISH_ABOVE_EMA200,-0.13124220749393178,-0.2530058111133046,-0.41341295360588437
2024-05-30,12:00:00,1.3715,1.37253,1.36923,1.36971,7482,1.366124301747086,BULLISH_ABOVE_EMA200,-0.24092691153602447,-0.11316264026691346,-0.45265056106767004
2024-05-30,16:00:00,1.36971,1.37024,1.36598,1.36641,10366,1.3661271445157719,BULLISH_ABOVE_EMA200,0.11929069605755376,0.048301754231900015,-0.15881031315637367
2024-05-30,20:00:00,1.36641,1.3689,1.3662,1.36804,5850,1.3661461779036748,BULLISH_ABOVE_EMA200,0.008771673342893483,-0.16081401128621825,-0.40203502821553744
2024-05-31,00:00:00,1.36792,1.36858,1.36772,1.36816,2835,1.366166215934484,BULLISH_ABOVE_EMA200,-0.07966904455619483,-0.3398725295287132,-0.5364869605894138
2024-05-31,04:00:00,1.36815,1.36892,1.36702,1.36707,5690,1.366175208810758,BULLISH_ABOVE_EMA200,-0.0899734468608092,-0.20701207692364765,-0.317467284045441
2024-05-31,08:00:00,1.36709,1.36769,1.36529,1.36584,5826,1.3661718733997057,BEARISH_BELOW_EMA200,-0.1705909916241978,-0.24160955895272204,-0.027089556609850456
2024-05-31,12:00:00,1.36585,1.36606,1.36276,1.36351,8577,1.366145387097221,BEARISH_BELOW_EMA200,0.05353829454862065,-0.19728494840522484,-0.08287434635610119
2024-05-31,16:00:00,1.36355,1.36534,1.36191,1.36424,13499,1.3661264280216268,BEARISH_BELOW_EMA200,-0.12461150530697039,-0.11068433706678446,0.0007330088547517675
2024-05-31,20:00:00,1.36424,1.3643,1.3622,1.36254,6764,1.3660907421706654,BEARISH_BELOW_EMA200,-0.12623482613355685,0.21503955847166886,0.013210621339545772
2024-06-03,00:00:00,1.36261,1.36329,1.36055,1.36082,3043,1.3660382969749374,BEARISH_BELOW_EMA200,0.14035654972737602,0.11463676312811436,0.1308034861333692
2024-06-03,04:00:00,1.36082,1.36315,1.36074,1.36273,4094,1.3660053785970774,BEARISH_BELOW_EMA200,0.20106697584994568,0.11154080412113668,0.08292178201111558
2024-06-03,08:00:00,1.36278,1.36582,1.36259,1.36547,6755,1.3660000514468578,BEARISH_BELOW_EMA200,-0.226295707705042,-0.20139585637180096,0.17210191362681526
2024-06-03,12:00:00,1.36546,1.36684,1.36195,1.36238,7813,1.3659640310344514,BEARISH_BELOW_EMA200,0.1372597953581261,0.016148211218610743,0.39636518445661795
2024-06-03,16:00:00,1.36237,1.36458,1.36045,1.36425,13700,1.3659469759992828,BEARISH_BELOW_EMA200,-0.11214953271028268,-0.02858713578888697,0.3034634414513493
2024-06-03,20:00:00,1.36429,1.36542,1.36271,1.36272,6696,1.3659148667853596,BEARISH_BELOW_EMA200,-0.008805917576603995,0.3742514970059957,0.355905835388049
2024-06-04,00:00:00,1.36268,1.36293,1.36204,1.3626,3085,1.3658818830362516,BEARISH_BELOW_EMA200,0.09247027741083508,0.38015558491119644,0.358872743284901
2024-06-04,04:00:00,1.36259,1.36417,1.36253,1.36386,4543,1.365861764797085,BEARISH_BELOW_EMA200,0.290352382209315,0.33214552813338044,0.2514920886307848
2024-06-04,08:00:00,1.36386,1.36827,1.36376,1.36782,8074,1.3658812497244772,BULLISH_ABOVE_EMA200,-0.0029243613925838195,-0.0182772587036367,0.009504174525885239
2024-06-04,12:00:00,1.36788,1.36987,1.3672,1.36778,8356,1.3659001427620447,BULLISH_ABOVE_EMA200,0.04459781543815522,-0.0212022401263289,-0.06506894383600122
2024-06-04,16:00:00,1.36779,1.36945,1.36692,1.36839,13417,1.36592491746093,BULLISH_ABOVE_EMA200,-0.059924436746837006,-0.08038643953844306,0.11400258698178194
2024-06-04,20:00:00,1.36838,1.36891,1.367,1.36757,7270,1.3659412864414184,BULLISH_ABOVE_EMA200,-0.005849791966762796,0.027786511842176047,0.13088909525654688
2024-06-05,00:00:00,1.36751,1.3679,1.3671,1.36749,2430,1.3659566965265784,BULLISH_ABOVE_EMA200,-0.014625335468646937,-0.04387600640590834,0.038757138991869736
2024-06-05,04:00:00,1.36752,1.368,1.36664,1.36729,3771,1.3659699632278064,BULLISH_ABOVE_EMA200,0.04827066679344579,0.1945454146523493,0.03949418192191905
2024-06-05,08:00:00,1.36727,1.36835,1.3669,1.36795,6533,1.3659896650862362,BULLISH_ABOVE_EMA200,-0.07748821228846528,0.10307394276105936,0.09941883840783859
2024-06-05,12:00:00,1.36793,1.36902,1.36669,1.36689,7089,1.365998623642592,BULLISH_ABOVE_EMA200,0.2238658560674277,0.08266941743666831,0.23191332148162014
2024-06-05,16:00:00,1.36692,1.37412,1.36652,1.36995,13600,1.3660379408202779,BULLISH_ABOVE_EMA200,-0.04306726522866458,-0.15475017336398406,-0.1182524909668203
2024-06-05,20:00:00,1.36991,1.37038,1.36848,1.36936,5768,1.366070996135499,BULLISH_ABOVE_EMA200,-0.09785593269847935,-0.0036513407723230903,-0.17745516153531085
2024-06-06,00:00:00,1.36911,1.36949,1.36796,1.36802,2457,1.3660903892087777,BULLISH_ABOVE_EMA200,-0.013888685837919947,0.14912062689142275,-0.09137293314425032
2024-06-06,04:00:00,1.36803,1.36803,1.36658,1.36783,4485,1.3661076987688894,BULLISH_ABOVE_EMA200,0.10820058048148715,0.03655425016266239,-0.09869647543921278
2024-06-06,08:00:00,1.36782,1.36948,1.36762,1.36931,5455,1.3661395624627315,BULLISH_ABOVE_EMA200,0.0547721115014152,-0.17381016716448786,-0.07156889236184509
2024-06-06,12:00:00,1.36931,1.37051,1.36858,1.37006,7004,1.3661785717914607,BULLISH_ABOVE_EMA200,-0.1262718421091054,-0.24013546851962797,0.14889858838299355
2024-06-06,16:00:00,1.37007,1.37098,1.36812,1.36833,10186,1.366199979037317,BULLISH_ABOVE_EMA200,-0.1023145001571308,-0.13520130377906858,0.4472605292582859
2024-06-06,20:00:00,1.36834,1.36859,1.36638,1.36693,6230,1.366207242927493,BULLISH_ABOVE_EMA200,-0.011705061707617651,0.10241928994169913,0.6971827379602495
2024-06-07,00:00:00,1.36655,1.36704,1.3663,1.36677,2248,1.3662128425003537,BULLISH_ABOVE_EMA200,-0.021217907914288684,0.3899705144245233,0.7016542651653158
2024-06-07,04:00:00,1.36676,1.36715,1.3663,1.36648,4612,1.3662155007839323,BULLISH_ABOVE_EMA200,0.13538434517886316,0.5832503951759289,0.7420525730343684
2024-06-07,08:00:00,1.36647,1.36877,1.36647,1.36833,6407,1.366236540577127,BULLISH_ABOVE_EMA200,0.2755183325659783,0.5941549187695929,0.6884304224858027
2024-06-07,12:00:00,1.3683,1.3737,1.36686,1.3721,9197,1.3662948834569568,BULLISH_ABOVE_EMA200,0.1712703155746558,0.31047299759492236,0.34837110997740733
2024-06-07,16:00:00,1.37208,1.37585,1.37083,1.37445,13391,1.366376028895196,BULLISH_ABOVE_EMA200,0.14624031430754608,0.15788133435192298,0.13823711302702993
2024-06-07,20:00:00,1.37449,1.37673,1.37429,1.37646,7287,1.3664763669161393,BULLISH_ABOVE_EMA200,-0.007265013149673001,0.093718669630793,-0.05812010519738401
2024-06-10,00:00:00,1.37607,1.37679,1.37553,1.37636,3316,1.3665747115239388,BULLISH_ABOVE_EMA200,0.018890406579668614,0.03778081315935336,-0.00217966229765283
2024-06-10,04:00:00,1.37637,1.37732,1.37604,1.37662,4121,1.3666746646431036,BULLISH_ABOVE_EMA200,0.08208510700121133,-0.019613255655154836,-0.006537751885046235
2024-06-10,08:00:00,1.37659,1.37789,1.37574,1.37775,7223,1.3667848669849632,BULLISH_ABOVE_EMA200,-0.0631464344039141,-0.15169660678642172,-0.07185628742515307
2024-06-10,12:00:00,1.37774,1.37808,1.37591,1.37688,7562,1.36688531606969,BULLISH_ABOVE_EMA200,-0.03849282435652645,-0.039945383766199695,0.02687234907907599
2024-06-10,16:00:00,1.37689,1.37815,1.37535,1.37635,9502,1.3669794920291956,BULLISH_ABOVE_EMA200,-0.050132597086486534,0.013078068805178115,-0.01961710320775911
2024-06-10,20:00:00,1.37636,1.3769,1.37546,1.37566,6092,1.3670658652428356,BULLISH_ABOVE_EMA200,0.04870389485773726,0.07996161842314807,0.0072692380384680065
2024-06-11,00:00:00,1.37543,1.3765,1.3754,1.37633,3220,1.3671580456881807,BULLISH_ABOVE_EMA200,0.014531398719782172,0.06684443411100767,-0.029789367375558293
2024-06-11,04:00:00,1.37632,1.3769,1.3761,1.37653,4913,1.3672512989649153,BULLISH_ABOVE_EMA200,0.016708680522760307,-0.032690896674977044,-0.09298743943102931
2024-06-11,08:00:00,1.37656,1.37706,1.37551,1.37676,5942,1.367345912905563,BULLISH_ABOVE_EMA200,0.03559080740289531,-0.0726343008222123,-0.1292890554635443
2024-06-11,12:00:00,1.37679,1.3784,1.37644,1.37725,8467,1.3674444610358558,BULLISH_ABOVE_EMA200,-0.08495189689599676,-0.09656925031766588,-0.5953893628607722
2024-06-11,16:00:00,1.37726,1.37914,1.37596,1.37608,11084,1.3675303867966933,BULLISH_ABOVE_EMA200,-0.02325446194987762,-0.060316260682510205,-0.5559269809894727
2024-06-11,20:00:00,1.37607,1.37654,1.37479,1.37576,6324,1.3676122734952336,BULLISH_ABOVE_EMA200,0.011629935453853721,-0.05669593533755909,-0.25149735418968555
2024-06-12,00:00:00,1.37559,1.376,1.37524,1.37592,2096,1.3676949374405547,BULLISH_ABOVE_EMA200,-0.04869469155183066,-0.4993022850165657,-0.2253037967323756
2024-06-12,04:00:00,1.37593,1.37604,1.37468,1.37525,3996,1.3677701121923902,BULLISH_ABOVE_EMA200,-0.01963279403744719,-0.49590983457553517,-0.07344119251046555
2024-06-12,08:00:00,1.3753,1.37544,1.37407,1.37498,4943,1.3678418523695803,BULLISH_ABOVE_EMA200,-0.43127900042182366,-0.1949119259916519,-0.10763792927898208
2024-06-12,12:00:00,1.37498,1.3751,1.36837,1.36905,7061,1.3678538737390373,BULLISH_ABOVE_EMA200,-0.04528687776195646,0.2753734341331455,0.3140864102845017
2024-06-12,16:00:00,1.36904,1.36992,1.36798,1.36843,11420,1.367859606338649,BULLISH_ABOVE_EMA200,0.2828058431925667,0.42457414701518315,0.48522759658878994
2024-06-12,20:00:00,1.36842,1.37343,1.36832,1.3723,11118,1.367903789360155,BULLISH_ABOVE_EMA200,0.03789258908400888,0.08744443634772774,0.1100342490708956
2024-06-13,00:00:00,1.37155,1.37307,1.3705,1.37282,3094,1.3679527068789596,BULLISH_ABOVE_EMA200,0.10343672149298357,0.038606663655842824,0.14932766131030342
2024-06-13,04:00:00,1.37287,1.37425,1.37262,1.37424,4796,1.3680152670095174,BULLISH_ABOVE_EMA200,-0.05384794504598637,0.0603970194434821,0.0014553498661173468
2024-06-13,08:00:00,1.37424,1.37486,1.3735,1.3735,6051,1.3680698414671342,BULLISH_ABOVE_EMA200,-0.010921004732426099,0.022570076447035493,0.16381507098653697
2024-06-13,12:00:00,1.37351,1.3752,1.37146,1.37335,8391,1.3681223803580085,BULLISH_ABOVE_EMA200,0.12524119852913995,0.1106782684676132,0.22936614846907097
2024-06-13,16:00:00,1.37334,1.37632,1.37221,1.37507,12363,1.36819151090171,BULLISH_ABOVE_EMA200,-0.09163169874988465,-0.05890609205349382,-0.14617437657719734
2024-06-13,20:00:00,1.3751,1.37525,1.37344,1.37381,6961,1.3682474162658722,BULLISH_ABOVE_EMA200,0.0771576855605987,0.1412131226297707,-0.026204496982837215
2024-06-14,00:00:00,1.37367,1.37492,1.37304,1.37487,3010,1.3683133126214357,BULLISH_ABOVE_EMA200,-0.04436783114039869,0.1185566635390997,-0.09455439423364237
2024-06-14,04:00:00,1.37486,1.37489,1.37341,1.37426,5272,1.368372483640128,BULLISH_ABOVE_EMA200,0.10842198710578721,-0.0873197211590303,-0.0072766434299178446
2024-06-14,08:00:00,1.37426,1.37578,1.37368,1.37575,8082,1.368445891763112,BULLISH_ABOVE_EMA200,0.05451571869889359,-0.16718153734326505,-0.11557332364164857
2024-06-14,12:00:00,1.37575,1.37714,1.37488,1.3765,9516,1.3685260321435786,BULLISH_ABOVE_EMA200,-0.24990918997458114,-0.2128586996004431,-0.12204867417363792
2024-06-14,16:00:00,1.37647,1.37792,1.37278,1.37306,11701,1.3685711462516028,BULLISH_ABOVE_EMA200,0.02840371141830018,0.0801130322054463,0.07064512839935162
2024-06-14,20:00:00,1.37306,1.37458,1.37273,1.37345,5737,1.3686196920600446,BULLISH_ABOVE_EMA200,0.008737121846437655,0.0516946375914659,-0.08227456405403002
2024-06-17,00:00:00,1.3729,1.37376,1.37262,1.37357,3033,1.368668948855467,BULLISH_ABOVE_EMA200,0.04295376282243282,0.09100373479327398,-0.12303704944050681
2024-06-17,04:00:00,1.37357,1.37449,1.37356,1.37416,4074,1.3687235861802884,BULLISH_ABOVE_EMA200,0.0,-0.009460324852998447,-0.012371194038540161
2024-06-17,08:00:00,1.37417,1.37523,1.37351,1.37416,6870,1.3687776798501365,BULLISH_ABOVE_EMA200,0.04802934156138171,-0.13389998253478952,0.07277172963846203
2024-06-17,12:00:00,1.37415,1.37544,1.37376,1.37482,6782,1.3688378024386925,BULLISH_ABOVE_EMA200,-0.057462067761586716,-0.2138461762267019,-0.10765045605969698
2024-06-17,16:00:00,1.37481,1.37643,1.37398,1.37403,9979,1.368889466096019,BULLISH_ABOVE_EMA200,-0.12445143119146601,-0.002911144589276799,-0.15210730478957135
2024-06-17,20:00:00,1.37402,1.37406,1.37204,1.37232,5809,1.3689236007617303,BULLISH_ABOVE_EMA200,-0.032062492713069546,0.2069488166025383,-0.0408068089075357
2024-06-18,00:00:00,1.37218,1.37223,1.37098,1.37188,2392,1.368953017669574,BULLISH_ABOVE_EMA200,0.15380353966819665,0.10642330232965105,0.005831413826288014
2024-06-18,04:00:00,1.37187,1.37416,1.3718,1.37399,4940,1.3690031368967424,BULLISH_ABOVE_EMA200,0.08515345817654374,-0.1492005036426835,-0.1288218982670943
2024-06-18,08:00:00,1.374,1.37563,1.37283,1.37516,6694,1.3690643992161777,BULLISH_ABOVE_EMA200,-0.13234823584164263,-0.24724395706680297,-0.256697402484077
2024-06-18,12:00:00,1.37516,1.37556,1.37276,1.37334,6817,1.369106942507559,BULLISH_ABOVE_EMA200,-0.10194125271237042,-0.10048494910218422,-0.20461065722981775
2024-06-18,16:00:00,1.37336,1.37366,1.37089,1.37194,10734,1.3691351321343495,BULLISH_ABOVE_EMA200,-0.01312010729331071,0.020409055789616017,-0.04737816522588739
2024-06-18,20:00:00,1.37193,1.37261,1.37135,1.37176,6566,1.369161250222565,BULLISH_ABOVE_EMA200,0.014579809879277568,-0.009476876421544987,-0.08820784976965032
2024-06-19,00:00:00,1.37136,1.37208,1.37131,1.37196,2024,1.369189098479057,BULLISH_ABOVE_EMA200,0.018950989824770906,-0.10423044403627237,-0.04737747456194345
2024-06-19,04:00:00,1.37197,1.37226,1.37118,1.37222,3214,1.369219256703146,BULLISH_ABOVE_EMA200,-0.042996021046194516,-0.06777338910671012,-0.06777338910671012
2024-06-19,08:00:00,1.37223,1.37256,1.37134,1.37163,4974,1.369243244198637,BULLISH_ABOVE_EMA200,-0.08019655446438755,-0.07873843529231425,0.021871787581212793
2024-06-19,12:00:00,1.37165,1.37182,1.37052,1.37053,5451,1.369256047738949,BULLISH_ABOVE_EMA200,0.05545299993432262,0.05691228940628829,-0.04231939468672885
2024-06-19,16:00:00,1.37052,1.37141,1.36977,1.37129,4483,1.3692762860699048,BULLISH_ABOVE_EMA200,-0.053963785924200064,0.0,-0.09698896659348726
2024-06-19,20:00:00,1.37129,1.37145,1.37048,1.37055,1292,1.3692889598403535,BULLISH_ABOVE_EMA200,0.05545219072635759,0.10068950421364847,-0.12257852686876829
2024-06-20,00:00:00,1.3701,1.37138,1.37008,1.37131,2062,1.3693090696926884,BULLISH_ABOVE_EMA200,-0.00145845942931438,-0.09917524119273016,-0.1801197395191439
2024-06-20,04:00:00,1.37128,1.37173,1.37089,1.37129,3767,1.369328780442015,BULLISH_ABOVE_EMA200,0.04667138242094641,-0.09698896659348726,-0.25450488226414497
2024-06-20,08:00:00,1.3713,1.37205,1.37051,1.37193,5295,1.3693546632236864,BULLISH_ABOVE_EMA200,-0.14432223218386453,-0.22304344973869383,-0.21794114860087963
2024-06-20,12:00:00,1.37192,1.37206,1.36991,1.36995,6455,1.3693605869727046,BULLISH_ABOVE_EMA200,0.0007299536479481376,-0.08102485492170841,-0.001459907295880067
2024-06-20,16:00:00,1.37002,1.37088,1.3687,1.36996,10155,1.3693665512814341,BULLISH_ABOVE_EMA200,-0.07956436684283011,-0.15766883704634893,0.04233700254022197
2024-06-20,20:00:00,1.36996,1.37087,1.3682,1.36887,6879,1.3693616104726638,BEARISH_BELOW_EMA200,-0.002191588682634179,0.005113706926151825,0.02556853463075913
2024-06-21,00:00:00,1.36832,1.36924,1.36832,1.36884,2493,1.369356420318707,BEARISH_BELOW_EMA200,-0.07597673942901667,0.0796294672861719,0.06574910142893989
2024-06-21,04:00:00,1.36882,1.36904,1.36776,1.3678,3832,1.3693409335493665,BEARISH_BELOW_EMA200,0.08334551835064637,0.2003216844568056,0.11990057025881605
2024-06-21,08:00:00,1.36783,1.36972,1.36742,1.36894,5666,1.3693369441608156,BEARISH_BELOW_EMA200,0.0723187283591718,0.020453781758152875,-0.09204201791167171
2024-06-21,12:00:00,1.36893,1.37052,1.3686,1.36993,6396,1.369342845213942,BULLISH_ABOVE_EMA200,0.044527822589475324,-0.013869321790174277,-0.11241450293081376
2024-06-21,16:00:00,1.36994,1.3718,1.36919,1.37054,11185,1.369354757201863,BULLISH_ABOVE_EMA200,-0.09631240241072772,-0.0802603353422812,-0.3684679031622571
2024-06-21,20:00:00,1.37056,1.37076,1.36922,1.36922,5725,1.3693534163341827,BEARISH_BELOW_EMA200,0.03797782679188544,-0.11247279472985326,-0.25342895955362055
2024-06-24,00:00:00,1.36888,1.37034,1.36867,1.36974,2556,1.3693572629378228,BULLISH_ABOVE_EMA200,-0.021901966796615924,-0.09855885058477976,-0.31027786295208326
2024-06-24,04:00:00,1.36974,1.37079,1.36935,1.36944,4081,1.3693580861921728,BULLISH_ABOVE_EMA200,-0.12851968687930715,-0.28843906998480384,-0.36219184484169265
2024-06-24,08:00:00,1.36941,1.36941,1.36743,1.36768,4753,1.3693413888171264,BEARISH_BELOW_EMA200,0.05191272812353682,-0.1411148806738409,-0.2018015910154492
2024-06-24,12:00:00,1.36768,1.36885,1.36697,1.36839,5742,1.3693319222617322,BEARISH_BELOW_EMA200,-0.21192788605586876,-0.21192788605586876,-0.21338945768384993
2024-06-24,16:00:00,1.36837,1.36837,1.3651,1.36549,9982,1.369293694179526,BEARISH_BELOW_EMA200,0.019040783894420828,-0.07396612205143775,0.06883975715676723
2024-06-24,20:00:00,1.36554,1.36665,1.36496,1.36575,5618,1.3692584335409237,BEARISH_BELOW_EMA200,-0.01903715907010265,-0.06077246933919886,-0.0029287937030964676
2024-06-25,00:00:00,1.36543,1.36589,1.36538,1.36549,1977,1.3692209366897703,BEARISH_BELOW_EMA200,-0.07396612205143775,-0.0014646756841962241,0.06371339226211296
2024-06-25,04:00:00,1.36548,1.36571,1.36404,1.36448,3559,1.3691737631903695,BEARISH_BELOW_EMA200,0.03224671669793592,0.14291158536586232,0.08941135084427759
2024-06-25,08:00:00,1.36451,1.36559,1.36406,1.36492,5187,1.3691314371884753,BEARISH_BELOW_EMA200,0.040295401928321845,0.05787885004249835,0.17143861911320876
2024-06-25,12:00:00,1.36497,1.36803,1.36208,1.36547,6859,1.3690950049776447,BEARISH_BELOW_EMA200,0.07030546258797864,0.06517902260760453,0.2350838905285312
2024-06-25,16:00:00,1.36541,1.36712,1.36395,1.36643,10083,1.3690684875151806,BEARISH_BELOW_EMA200,-0.052692051550394386,-0.05342388559971015,0.26126475560402457
2024-06-25,20:00:00,1.36644,1.36683,1.36494,1.36571,4995,1.36903506972896,BEARISH_BELOW_EMA200,0.04759429161388871,0.11349408000233872,0.32730228232933595
2024-06-26,00:00:00,1.36478,1.36667,1.36478,1.36636,2211,1.3690084521197166,BEARISH_BELOW_EMA200,-0.04830352176586734,0.1697941977224068,0.33080593694195376
2024-06-26,04:00:00,1.36636,1.36639,1.36502,1.3657,4151,1.3689755321981274,BEARISH_BELOW_EMA200,0.1142271362671162,0.314856849967064,0.2592077322984622
2024-06-26,08:00:00,1.36569,1.36744,1.36549,1.36726,5212,1.3689584622260067,BEARISH_BELOW_EMA200,0.1038573497359666,0.21356581776692315,0.08337843570353415
2024-06-26,12:00:00,1.36727,1.36953,1.36628,1.36868,6915,1.3689556914575887,BEARISH_BELOW_EMA200,0.09644328842389821,0.16073881403981954,-0.018265774322694966
2024-06-26,16:00:00,1.36869,1.37036,1.36793,1.37,10523,1.368966082587364,BULLISH_ABOVE_EMA200,0.013138686131375688,-0.05547445255475138,-0.07737226277372707
2024-06-26,20:00:00,1.37005,1.37074,1.36918,1.37018,6127,1.368978161367589,BULLISH_ABOVE_EMA200,0.05108817819557612,-0.12990993884014457,-0.012407128990351887
2024-06-27,00:00:00,1.36977,1.37122,1.36845,1.37088,2611,1.368997085135076,BULLISH_ABOVE_EMA200,-0.11963118580766265,-0.1787173202614425,0.07440476190474724
2024-06-27,04:00:00,1.37088,1.37093,1.36918,1.36924,4104,1.3689995021984085,BULLISH_ABOVE_EMA200,-0.06134790102538283,-0.02190996465192128,0.27533522245917813
2024-06-27,08:00:00,1.36924,1.36963,1.36821,1.3684,5593,1.3689935370024044,BEARISH_BELOW_EMA200,0.0021923414206353764,0.11765565624085716,0.17319497223034078
2024-06-27,12:00:00,1.3684,1.36966,1.36754,1.36843,7068,1.3689879296690473,BEARISH_BELOW_EMA200,0.03726898708739289,0.2535752650847951,0.11326849016755994
2024-06-27,16:00:00,1.36842,1.37,1.3681,1.36894,10184,1.3689874527569175,BEARISH_BELOW_EMA200,0.07816266600434675,0.2973103276988047,-0.10519087761334375
2024-06-27,20:00:00,1.36895,1.37008,1.36806,1.37001,6218,1.368997627356351,BULLISH_ABOVE_EMA200,0.13795519740731435,0.055474047634695656,-0.1722615163392908
2024-06-28,00:00:00,1.36946,1.37196,1.36934,1.3719,2774,1.369026506686139,BULLISH_ABOVE_EMA200,0.08090968729500449,-0.13995189153727836,-0.32655441358698284
2024-06-28,04:00:00,1.37191,1.37339,1.37129,1.37301,5549,1.3690661434355305,BULLISH_ABOVE_EMA200,-0.16314520651706976,-0.40130807495940496,-0.4195162453296033
2024-06-28,08:00:00,1.373,1.37308,1.37062,1.37077,5691,1.369083097232192,BULLISH_ABOVE_EMA200,-0.05763184195744497,-0.22760929988254863,-0.2589785303150742
2024-06-28,12:00:00,1.37077,1.37105,1.36865,1.36998,7730,1.3690920216378417,BULLISH_ABOVE_EMA200,-0.1810245405042437,-0.18686404181082175,0.027737631206298408
2024-06-28,16:00:00,1.37002,1.37169,1.3673,1.3675,14310,1.36907618062652,BEARISH_BELOW_EMA200,0.01096892138940362,-0.018281535648984385,0.45338208409506275
2024-06-28,20:00:00,1.3675,1.36953,1.36551,1.36765,7580,1.3690619897745149,BEARISH_BELOW_EMA200,-0.016817168135118816,-0.031440792600440935,0.43139692172705124
2024-07-01,00:00:00,1.36682,1.36774,1.3661,1.36742,2588,1.3690456515678033,BEARISH_BELOW_EMA200,-0.012432171534715266,0.21500343712977302,0.4841233856459499
2024-07-01,04:00:00,1.3674,1.36783,1.36652,1.36725,3438,1.3690277843880243,BEARISH_BELOW_EMA200,-0.0021941854086651663,0.47174986286340054,0.5778021576156531
2024-07-01,08:00:00,1.36729,1.36814,1.3663,1.36722,6424,1.369009796483666,BEARISH_BELOW_EMA200,0.22966311200830303,0.4629832799403129,0.4278755430727981
2024-07-01,12:00:00,1.36723,1.37086,1.36723,1.37036,6005,1.3690232313445252,BULLISH_ABOVE_EMA200,0.2437315741848783,0.26854257275459775,0.1247847281006362
2024-07-01,16:00:00,1.37034,1.37486,1.36844,1.3737,11923,1.3690697663560225,BULLISH_ABOVE_EMA200,-0.010919414719361758,0.10555434228726603,-0.3057436121423879
2024-07-01,20:00:00,1.3737,1.37472,1.37333,1.37355,5579,1.3691143457952661,BULLISH_ABOVE_EMA200,0.035673983473472344,-0.034945942994433106,-0.4171671944960149
2024-07-02,00:00:00,1.37349,1.37417,1.37324,1.37404,2612,1.3691633572798905,BULLISH_ABOVE_EMA200,0.08078367441997078,-0.14337282757416286,-0.4679630869552514
2024-07-02,04:00:00,1.374,1.3755,1.37371,1.37515,3689,1.3692229258641704,BULLISH_ABOVE_EMA200,-0.15125622659346846,-0.41086426935244547,-0.5213976657092041
2024-07-02,08:00:00,1.37516,1.37546,1.37293,1.37307,6128,1.3692612052088056,BULLISH_ABOVE_EMA200,-0.0728294988602265,-0.3823548690161446,-0.39327929384518423
2024-07-02,12:00:00,1.37308,1.37366,1.37164,1.37207,6446,1.3692891534156832,BULLISH_ABOVE_EMA200,-0.18730822771432662,-0.325056301792176,-0.4598890727149356
2024-07-02,16:00:00,1.37208,1.37255,1.3688,1.3695,12239,1.3692912513916466,BULLISH_ABOVE_EMA200,-0.12267250821466986,-0.11098941219422898,-0.4709748083241946
2024-07-02,20:00:00,1.36947,1.36953,1.36672,1.36782,5372,1.3692766120743167,BEARISH_BELOW_EMA200,-0.015352897311052879,-0.010966355222185266,-0.2880495971692222
2024-07-03,00:00:00,1.36751,1.36786,1.36711,1.36761,2141,1.369260028869597,BEARISH_BELOW_EMA200,0.027054496530442267,-0.1352724826522113,-0.34074041576179515
2024-07-03,04:00:00,1.36762,1.36839,1.36753,1.36798,2656,1.3692472922639296,BEARISH_BELOW_EMA200,-0.022661150016815484,-0.36038538575124485,-0.3252971534671607
2024-07-03,08:00:00,1.36798,1.36863,1.36676,1.36767,5332,1.3692315978135423,BEARISH_BELOW_EMA200,-0.1396535714024477,-0.27711363121220467,-0.393369745625768
2024-07-03,12:00:00,1.36767,1.36806,1.36513,1.36576,5595,1.369197054551716,BEARISH_BELOW_EMA200,-0.19842432052483527,-0.20574625117150738,-0.3294868791002936
2024-07-03,16:00:00,1.36575,1.36575,1.3617,1.36305,11280,1.3691358898298083,BEARISH_BELOW_EMA200,0.060892850592413075,0.035215142511266194,-0.1621363853123543
2024-07-03,20:00:00,1.36306,1.36416,1.36298,1.36388,3574,1.3690835924185665,BEARISH_BELOW_EMA200,-0.06818781711000053,-0.11657917118807963,-0.19356541631228377
2024-07-04,00:00:00,1.36248,1.36409,1.36248,1.36295,1882,1.3690225616482325,BEARISH_BELOW_EMA200,0.04255475255877346,-0.12399574452475814,-0.15407755236804083
2024-07-04,04:00:00,1.36294,1.36386,1.36256,1.36353,3358,1.3689679092935239,BEARISH_BELOW_EMA200,-0.09094042668660814,-0.19728205466692036,-0.21194986542282437
2024-07-04,08:00:00,1.36355,1.36366,1.36193,1.36229,4547,1.3689014624348819,BEARISH_BELOW_EMA200,-0.0756079836158297,-0.07707609980253803,-0.13873697964456522
2024-07-04,12:00:00,1.36228,1.3628,1.36119,1.36126,3844,1.3688254279827936,BEARISH_BELOW_EMA200,-0.030853767832733272,-0.030119154312917555,0.06611521678445874
2024-07-04,16:00:00,1.36125,1.36205,1.36083,1.36084,4374,1.36874597098794,BEARISH_BELOW_EMA200,0.02939360982921989,-0.014696804914609944,0.20722494929602633
2024-07-04,20:00:00,1.36084,1.36133,1.36079,1.36124,1130,1.368671284709453,BEARISH_BELOW_EMA200,-0.028650348211932686,-0.06170844230260291,0.21157180218036448
2024-07-05,00:00:00,1.36066,1.3616,1.36046,1.36085,2192,1.3685934609810009,BEARISH_BELOW_EMA200,-0.015431531763223092,0.09626336480876985,0.2601315354374177
2024-07-05,04:00:00,1.36087,1.36133,1.36054,1.36064,3162,1.3685143220657672,BEARISH_BELOW_EMA200,-0.01763875823142183,0.22195437441204308,0.2270990122295418
2024-07-05,08:00:00,1.36063,1.36113,1.3602,1.3604,4726,1.3684335825427247,BEARISH_BELOW_EMA200,0.12937371361364183,0.2734489855924688,0.23743016759775387
2024-07-05,12:00:00,1.36041,1.36315,1.36033,1.36216,7405,1.368371158835832,BEARISH_BELOW_EMA200,0.11011922241146832,0.16371057731837335,0.027162741528159794
2024-07-05,16:00:00,1.36216,1.36529,1.36174,1.36366,10578,1.3683242816334855,BEARISH_BELOW_EMA200,0.03373274863235006,0.0051332443570988725,-0.05353240543831449
2024-07-05,20:00:00,1.36368,1.36434,1.36265,1.36412,5395,1.3682824479853912,BEARISH_BELOW_EMA200,0.019792980089727623,-0.0359205934961808,-0.05644664692255354
2024-07-08,00:00:00,1.3644,1.36461,1.36389,1.36439,2860,1.368243717159666,BEARISH_BELOW_EMA200,-0.04837326570847653,-0.13632465790572879,-0.04837326570847653
2024-07-08,04:00:00,1.36439,1.36471,1.3628,1.36373,4429,1.3681988045511122,BEARISH_BELOW_EMA200,-0.007332829812368359,-0.0586626384988329,-0.03739743204300047
2024-07-08,08:00:00,1.36373,1.36457,1.36287,1.36363,6265,1.36815334380931,BEARISH_BELOW_EMA200,-0.08066704311285898,-0.0205334291559907,0.02713345995616139
2024-07-08,12:00:00,1.36363,1.36425,1.36246,1.36253,6126,1.3680973901395657,BEARISH_BELOW_EMA200,0.029357151769132124,0.08807145530741267,0.09981431601506226
2024-07-08,16:00:00,1.36255,1.36409,1.36239,1.36293,9358,1.3680459733222567,BEARISH_BELOW_EMA200,0.030815962668668748,0.02127768850932355,0.041087950224891666
2024-07-08,20:00:00,1.36293,1.36429,1.3629,1.36335,4423,1.367999247219548,BEARISH_BELOW_EMA200,0.027872519895848234,0.04767667876921109,0.008801848388154029
2024-07-09,00:00:00,1.36325,1.36393,1.36262,1.36373,1999,1.3679567671477117,BEARISH_BELOW_EMA200,-0.03739743204300047,0.011732527699760067,-0.020531923474592328
2024-07-09,04:00:00,1.36371,1.36467,1.36304,1.36322,4102,1.3679096351362918,BEARISH_BELOW_EMA200,0.05721747040096264,0.019806047446486442,-0.004401343877009655
2024-07-09,08:00:00,1.36321,1.36447,1.36282,1.364,5514,1.3678707332941398,BEARISH_BELOW_EMA200,-0.008064516129036253,-0.03885630498534762,-0.02199413489737456
2024-07-09,12:00:00,1.36401,1.36454,1.36353,1.36389,5544,1.367831124007631,BEARISH_BELOW_EMA200,-0.02932787834795738,-0.03226066618275637,-0.12464348297883515
2024-07-09,16:00:00,1.36387,1.36481,1.36337,1.36349,9420,1.3677879287438734,BEARISH_BELOW_EMA200,-0.0014668241057969639,-0.02420259774550334,-0.14814923468453253
2024-07-09,20:00:00,1.36347,1.36378,1.36278,1.36347,5418,1.3677449642787605,BEARISH_BELOW_EMA200,-0.0014668456218258545,0.016868724651070612,-0.1144139585029378
2024-07-10,00:00:00,1.36341,1.3635,1.36275,1.36345,2282,1.3677022283157878,BEARISH_BELOW_EMA200,-0.021269573508388536,-0.09241262972606541,-0.09974696541860924
2024-07-10,04:00:00,1.36344,1.36378,1.36293,1.36316,3794,1.3676570320141381,BEARISH_BELOW_EMA200,0.03961383843422526,-0.12397664250711359,-0.0762933184659123
2024-07-10,08:00:00,1.36316,1.36425,1.36302,1.3637,5197,1.3676176585612612,BEARISH_BELOW_EMA200,-0.1107281660189118,-0.13126054117474212,-0.049131040551437154
2024-07-10,12:00:00,1.36369,1.36392,1.36202,1.36219,5793,1.3675636520084127,BEARISH_BELOW_EMA200,-0.05285606266380269,-0.007341119814415683,-0.11819202901211369
2024-07-10,16:00:00,1.36221,1.36319,1.36078,1.36147,9295,1.3675030186550952,BEARISH_BELOW_EMA200,0.032318009210632326,0.047742513606619276,0.11972353412120873
2024-07-10,20:00:00,1.36148,1.36259,1.36113,1.36191,4656,1.3674473667281788,BEARISH_BELOW_EMA200,0.013216732383202194,0.08223744593989396,0.09471991541291373
2024-07-11,00:00:00,1.36163,1.36214,1.36138,1.36209,2019,1.367394059596555,BEARISH_BELOW_EMA200,0.002202497632313172,-0.11085904749319958,0.07928991476333941
2024-07-11,04:00:00,1.3621,1.36238,1.36137,1.36212,3185,1.3673415813916143,BEARISH_BELOW_EMA200,0.06680762341056341,0.0719466713652234,-0.00807564678589658
2024-07-11,08:00:00,1.36212,1.36353,1.36179,1.36303,5433,1.3672986800842353,BEARISH_BELOW_EMA200,-0.17974659398546353,0.012472212643889239,-0.12618944557346087
2024-07-11,12:00:00,1.36304,1.36388,1.35886,1.36058,9486,1.3672318275460837,BEARISH_BELOW_EMA200,0.18521512884211716,0.1903599935321769,0.1962398388922498
2024-07-11,16:00:00,1.36059,1.36352,1.35954,1.3631,17243,1.3671907148341824,BEARISH_BELOW_EMA200,0.007336218912771549,-0.07996478614922128,-0.0652923483236782
2024-07-11,20:00:00,1.36309,1.36477,1.36285,1.3632,7132,1.3671510062288672,BEARISH_BELOW_EMA200,-0.0022007042253502414,-0.13864436619717924,0.015404929577467981
2024-07-12,00:00:00,1.36296,1.36342,1.36223,1.36317,3895,1.36711139422659,BEARISH_BELOW_EMA200,-0.0850957694198119,0.005868673753096093,0.17165870727788968
2024-07-12,04:00:00,1.36319,1.36342,1.36183,1.36201,4824,1.367060634085032,BEARISH_BELOW_EMA200,-0.051394629995368826,0.014684179998676807,0.2650494489761539
2024-07-12,08:00:00,1.36199,1.36298,1.36125,1.36131,5864,1.3670034138453802,BEARISH_BELOW_EMA200,0.14250978836562228,0.15426317297309142,0.14985565374529253
2024-07-12,12:00:00,1.36132,1.36384,1.36111,1.36325,8241,1.3669660664439338,BEARISH_BELOW_EMA200,-0.07628828167982042,0.1657803044195803,0.09756097560974372
2024-07-12,16:00:00,1.36325,1.3639,1.3612,1.36221,12023,1.3669187423997156,BEARISH_BELOW_EMA200,0.08809214438303124,0.2503285102884383,0.32594093421719117
2024-07-12,20:00:00,1.3622,1.36367,1.36216,1.36341,5713,1.366883829540017,BEARISH_BELOW_EMA200,0.1540255682443279,-0.004400730521262788,0.35352535187508133
2024-07-15,00:00:00,1.3643,1.36573,1.36258,1.36551,3969,1.3668701595943453,BEARISH_BELOW_EMA200,0.008055598274641307,-0.06810642177648625,0.18308177896902597
2024-07-15,04:00:00,1.36553,1.36583,1.36497,1.36562,3919,1.3668577201953966,BEARISH_BELOW_EMA200,-0.16622486489653007,0.07542361711163167,0.20137373500681233
2024-07-15,08:00:00,1.36561,1.36639,1.36328,1.36335,6321,1.3668228175068853,BEARISH_BELOW_EMA200,0.09021894597864395,0.35794183445190125,0.37407855649685573
2024-07-15,12:00:00,1.36334,1.3653,1.36309,1.36458,7054,1.366800500914777,BEARISH_BELOW_EMA200,0.15169502704128862,0.2513593926336341,0.39279485262864994
2024-07-15,16:00:00,1.36456,1.36742,1.36431,1.36665,11065,1.366799003393237,BEARISH_BELOW_EMA200,0.11561116598983916,0.12585519335602868,0.11561116598983916
2024-07-15,20:00:00,1.36664,1.3689,1.36664,1.36823,7548,1.3668132421654438,BULLISH_ABOVE_EMA200,-0.016079167976152327,0.0160791679761361,-0.0716253846210053
2024-07-16,00:00:00,1.36799,1.36818,1.36739,1.36801,4133,1.3668251502035986,BULLISH_ABOVE_EMA200,0.026315597108218364,0.14108084005233787,-0.013157798554092949
2024-07-16,04:00:00,1.36799,1.36844,1.36769,1.36837,4257,1.366840521843364,BULLISH_ABOVE_EMA200,0.005846371960789696,-0.01023115093140225,-0.067964074044308
2024-07-16,08:00:00,1.36838,1.36944,1.36836,1.36845,6799,1.36685653655139,BULLISH_ABOVE_EMA200,0.10888231210493561,-0.08769045270195243,-0.15272753845591183
2024-07-16,12:00:00,1.36843,1.3707,1.36647,1.36994,8023,1.3668872177797347,BULLISH_ABOVE_EMA200,-0.12482298494823703,-0.15402134400045508,-0.20511847234185288
2024-07-16,16:00:00,1.36991,1.37076,1.36816,1.36823,11016,1.3669005787968518,BULLISH_ABOVE_EMA200,-0.0716253846210053,-0.057738830459796116,0.07966496860908147
2024-07-16,20:00:00,1.36824,1.36837,1.3669,1.36725,5572,1.366904055624744,BULLISH_ABOVE_EMA200,0.04242091790089778,-0.06509416712379282,0.07313951362222636
2024-07-17,00:00:00,1.36674,1.36808,1.36674,1.36783,2888,1.3669132690016124,BULLISH_ABOVE_EMA200,-0.02851231512688802,-0.05117595022774358,0.027050145120371787
2024-07-17,04:00:00,1.36782,1.36822,1.36688,1.36744,4140,1.3669185101060741,BULLISH_ABOVE_EMA200,-0.07897969929210567,0.13748318024923242,0.04095243666999034
2024-07-17,08:00:00,1.36744,1.36858,1.36626,1.36636,8299,1.366912952791586,BEARISH_BELOW_EMA200,0.05635410872683168,0.13832372142041244,0.07831025498403821
2024-07-17,12:00:00,1.36637,1.36784,1.36564,1.36713,8087,1.3669151124653016,BULLISH_ABOVE_EMA200,0.16018959425951712,0.07826614879346708,0.07168301478279175
2024-07-17,16:00:00,1.36714,1.37012,1.36611,1.36932,12379,1.3669390416945026,BULLISH_ABOVE_EMA200,-0.07814097508253194,-0.09639821225133553,-0.000730289486757333
2024-07-17,20:00:00,1.36932,1.36963,1.36823,1.36825,6770,1.3669520860557514,BULLISH_ABOVE_EMA200,-0.0036543029417053516,-0.059930568244110576,0.16517449296546163
2024-07-18,00:00:00,1.36811,1.36848,1.36764,1.3682,3443,1.3669645031099231,BULLISH_ABOVE_EMA200,-0.01461774594357389,-0.006577985674619611,0.18564537348340787
2024-07-18,04:00:00,1.3682,1.36881,1.36766,1.368,5013,1.366974806561566,BULLISH_ABOVE_EMA200,-0.04166666666667993,0.09576023391812298,0.19371345029238443
2024-07-18,08:00:00,1.36798,1.36805,1.36702,1.36743,7195,1.3669793358495106,BULLISH_ABOVE_EMA200,0.049728322473546284,0.2252400488507618,0.30860811887995093
2024-07-18,12:00:00,1.36742,1.36836,1.36727,1.36811,6640,1.3669905862390679,BULLISH_ABOVE_EMA200,0.08771224536039426,0.19223600441485936,0.30918566489536337
2024-07-18,16:00:00,1.36808,1.37003,1.36775,1.36931,10879,1.3670136649829578,BULLISH_ABOVE_EMA200,0.08763537840225134,0.09785950588251724,0.2789726212471927
2024-07-18,20:00:00,1.36931,1.37181,1.36913,1.37051,7771,1.3670484543861126,BULLISH_ABOVE_EMA200,0.016782073826544463,0.08318071374890669,0.19992557515086987
2024-07-19,00:00:00,1.37017,1.37142,1.36978,1.37074,3419,1.3670851861832656,BULLISH_ABOVE_EMA200,-0.006565796577042,0.11672527248054508,0.040124312415179275
2024-07-19,04:00:00,1.37072,1.37096,1.37023,1.37065,4910,1.3671206569675116,BULLISH_ABOVE_EMA200,0.07295808557984255,0.18093605223799206,0.1860431182285815
2024-07-19,08:00:00,1.37063,1.37176,1.37028,1.37165,7049,1.3671657250573872,BULLISH_ABOVE_EMA200,0.050304377938968206,0.1166478329019827,0.182991287864981
2024-07-19,12:00:00,1.37164,1.37249,1.37072,1.37234,7585,1.3672172103801992,BULLISH_ABOVE_EMA200,0.057565909322767575,-0.07651165163151954,0.19601556465599496
2024-07-19,16:00:00,1.37234,1.37474,1.37168,1.37313,12333,1.3672760441077594,BULLISH_ABOVE_EMA200,0.008739157982137162,0.005097842156242635,0.12526126441050328
2024-07-19,20:00:00,1.37312,1.3735,1.37225,1.37325,7348,1.3673354864549458,BULLISH_ABOVE_EMA200,-0.14272710722739368,0.06626615692699554,0.17549608592754584
2024-07-22,00:00:00,1.37187,1.37249,1.37051,1.37129,3195,1.367374834848429,BULLISH_ABOVE_EMA200,0.139284906912475,0.27273589102232765,0.3792049821700803
2024-07-22,04:00:00,1.37128,1.37332,1.37123,1.3732,5217,1.3674327966907334,BULLISH_ABOVE_EMA200,0.06990969997087619,0.12015729682492932,0.23594523740169907
2024-07-22,08:00:00,1.37321,1.37457,1.37299,1.37416,6433,1.3674997340370945,BULLISH_ABOVE_EMA200,0.06331140478546357,0.10915759445770921,0.18120160679978178
2024-07-22,12:00:00,1.37415,1.37546,1.37364,1.37503,6326,1.367574662056626,BULLISH_ABOVE_EMA200,-0.013090623477310968,0.10617950153814948,0.05745329192818109
2024-07-22,16:00:00,1.37503,1.37748,1.37469,1.37485,10060,1.3676470534789482,BULLISH_ABOVE_EMA200,0.05891551805652977,0.11564897988872987,0.13310542968323807
2024-07-22,20:00:00,1.37485,1.37585,1.37437,1.37566,5458,1.367726784290103,BULLISH_ABOVE_EMA200,0.060334675719282846,0.07196545658082842,0.19917712225404274
2024-07-23,00:00:00,1.37537,1.37676,1.3752,1.37649,2859,1.367813980466321,BULLISH_ABOVE_EMA200,-0.0036324274059298263,-0.048674527239569366,0.126408473726658
2024-07-23,04:00:00,1.37651,1.37655,1.37563,1.37644,4695,1.3678998115064571,BULLISH_ABOVE_EMA200,0.015256749295270513,0.017436284908880585,0.23175728691405395
2024-07-23,08:00:00,1.37644,1.37731,1.37623,1.37665,6289,1.3679868780586317,BULLISH_ABOVE_EMA200,-0.06029128681944477,0.1271201830530738,0.19249627719464216
2024-07-23,12:00:00,1.37664,1.37681,1.37523,1.37582,6382,1.368064819570486,BULLISH_ABOVE_EMA200,0.06250817694174099,0.17516826329025767,0.2936430637728804
2024-07-23,16:00:00,1.37583,1.37747,1.37574,1.37668,9059,1.3681505427588394,BULLISH_ABOVE_EMA200,0.12493825725660038,0.2142836388993817,0.1801435337188045
2024-07-23,20:00:00,1.37669,1.37853,1.37643,1.3784,5478,1.368252527408005,BULLISH_ABOVE_EMA200,-0.012333139872315982,0.0652930934416643,0.16758560650029267
2024-07-24,00:00:00,1.37806,1.37874,1.37801,1.37823,2715,1.368351805742254,BULLISH_ABOVE_EMA200,0.10157956219207576,0.11826763312364558,0.22420060512396606
2024-07-24,04:00:00,1.37821,1.37999,1.37805,1.37963,4757,1.3684640265806394,BULLISH_ABOVE_EMA200,-0.02391945666591343,-0.03406710494842606,0.1674361966614262
2024-07-24,08:00:00,1.37964,1.37969,1.37885,1.3793,7131,1.368571847211678,BULLISH_ABOVE_EMA200,0.04060030450229218,0.10222576669325988,0.24577684332632524
2024-07-24,12:00:00,1.37928,1.37989,1.37819,1.37986,5296,1.36868416713992,BULLISH_ABOVE_EMA200,-0.05072978418101437,0.10580783557752357,0.2666937225515564
2024-07-24,16:00:00,1.37973,1.38074,1.37817,1.37916,7308,1.3687884042828062,BULLISH_ABOVE_EMA200,0.11238725021028469,0.20157197134487692,0.08990980016822775
2024-07-24,20:00:00,1.37917,1.38162,1.3787,1.38071,7328,1.3689070271257635,BULLISH_ABOVE_EMA200,0.04418016817434504,0.14340448030360253,0.12964344431487843
2024-07-25,00:00:00,1.38044,1.38181,1.38017,1.38132,3629,1.3690305392936664,BULLISH_ABOVE_EMA200,0.044884603133223504,0.16071583702544584,0.03330147974400609
2024-07-25,04:00:00,1.38134,1.38214,1.38104,1.38194,5688,1.3691589916390032,BULLISH_ABOVE_EMA200,0.05427153132552995,-0.11143754432174154,-0.04992980881947534
2024-07-25,08:00:00,1.38191,1.38376,1.38166,1.38269,8217,1.3692936285381176,BULLISH_ABOVE_EMA200,0.061474372418981654,-0.013741330305412818,-0.13235070767851062
2024-07-25,12:00:00,1.38268,1.38483,1.3826,1.38354,8572,1.369435383478037,BULLISH_ABOVE_EMA200,-0.2269540454197147,-0.12720991080850455,-0.09757578385879427
2024-07-25,16:00:00,1.38355,1.38399,1.38005,1.3804,11475,1.3695444841399471,BULLISH_ABOVE_EMA200,0.15212981744421838,0.06157635467980421,0.1274992755722967
2024-07-25,20:00:00,1.38036,1.38278,1.37965,1.3825,7884,1.36967339474552,BULLISH_ABOVE_EMA200,-0.052079566003620535,-0.1186256781193552,0.05569620253164104
2024-07-26,00:00:00,1.38209,1.38255,1.3814,1.38178,2917,1.3697938584793954,BULLISH_ABOVE_EMA200,-0.03835632300365611,0.029671872512268337,0.007237042076161834
2024-07-26,04:00:00,1.38179,1.38208,1.381,1.38125,4107,1.3699078499373119,BULLISH_ABOVE_EMA200,-0.0282352941176552,0.06588235294117403,0.09411764705881316
2024-07-26,08:00:00,1.38125,1.38187,1.38079,1.38086,5654,1.3700168265548511,BULLISH_ABOVE_EMA200,0.09631678808858635,0.17452891676201956,0.24260243616296828
2024-07-26,12:00:00,1.38087,1.38311,1.38087,1.38219,6532,1.370137952658783,BULLISH_ABOVE_EMA200,-0.0021704686041697954,-0.022428175576442635,0.13818650113226677
2024-07-26,16:00:00,1.38218,1.38487,1.3807,1.38216,10976,1.3702575750203871,BULLISH_ABOVE_EMA200,0.08030908143774558,0.028216704288931124,0.2684204433640013
2024-07-26,20:00:00,1.38215,1.38396,1.38192,1.38327,6024,1.3703870518858559,BULLISH_ABOVE_EMA200,-0.10048652829888614,0.0679549184179474,0.13735568616394578
2024-07-29,00:00:00,1.38295,1.38348,1.38161,1.38188,2066,1.370501409578534,BULLISH_ABOVE_EMA200,0.048484673054096476,0.16065070773150425,0.25038353547341435
2024-07-29,04:00:00,1.38187,1.38265,1.38172,1.38255,4480,1.3706212960503894,BULLISH_ABOVE_EMA200,0.12006799030776427,0.24013598061552854,0.13091750750425588
2024-07-29,08:00:00,1.38254,1.38445,1.38198,1.38421,6138,1.3707565070349628,BULLISH_ABOVE_EMA200,-0.007946771082410362,0.06935363853751035,0.005057036143360798
2024-07-29,12:00:00,1.38422,1.38482,1.38285,1.3841,6003,1.3708892781092419,BULLISH_ABOVE_EMA200,0.12788093345855264,0.08958890253593726,0.1582255617368625
2024-07-29,16:00:00,1.38408,1.38648,1.3836,1.38587,9573,1.3710383400186026,BULLISH_ABOVE_EMA200,-0.05050978807535504,-0.1089568285625564,-0.1002980077496448
2024-07-29,20:00:00,1.38583,1.38615,1.38468,1.38517,5671,1.371178953550756,BULLISH_ABOVE_EMA200,0.012272861814795546,-0.06425204126569717,-0.010828995718943848
2024-07-30,00:00:00,1.3847,1.38584,1.38469,1.38534,2538,1.3713198594855742,BULLISH_ABOVE_EMA200,-0.0707407567817273,0.06857522341085989,-0.013715044682165566
2024-07-30,04:00:00,1.38535,1.38633,1.38416,1.38436,4488,1.3714496121275088,BULLISH_ABOVE_EMA200,-0.005778843653390737,0.008668265480070067,0.0021670663700175167
2024-07-30,08:00:00,1.38435,1.38493,1.38378,1.38428,6021,1.371577277678479,BULLISH_ABOVE_EMA200,0.145201837778489,0.053457393012971574,0.01228075244892677
2024-07-30,12:00:00,1.38427,1.38643,1.38409,1.38629,5382,1.3717236729254592,BULLISH_ABOVE_EMA200,-0.13056431194050952,-0.08223387602881928,-0.3794299893961611
2024-07-30,16:00:00,1.38628,1.38636,1.3839,1.38448,11072,1.3718506015530665,BULLISH_ABOVE_EMA200,0.03900381370622796,-0.006500635617699316,-0.26580376747948004
2024-07-30,20:00:00,1.38448,1.38566,1.38393,1.38502,7284,1.3719816403435832,BULLISH_ABOVE_EMA200,0.009386146048445908,-0.041154640366201166,-0.3061327634258005
2024-07-31,00:00:00,1.38453,1.38529,1.38427,1.38515,3135,1.372112668797876,BULLISH_ABOVE_EMA200,-0.054867703858794636,-0.2974407103923852,-0.3024943146951693
2024-07-31,04:00:00,1.38516,1.38583,1.38386,1.38439,6113,1.3722348312973995,BULLISH_ABOVE_EMA200,0.004334038818537333,-0.2593199893093696,-0.26365402812790695
2024-07-31,08:00:00,1.38439,1.385,1.38338,1.38445,7381,1.3723563752645895,BULLISH_ABOVE_EMA200,-0.2470295063021401,-0.2650872187511331,-0.08739932825309209
2024-07-31,12:00:00,1.38443,1.38476,1.38066,1.38103,7609,1.372442679988325,BULLISH_ABOVE_EMA200,-0.016654236330851065,-0.0050686806224350305,0.020998819721521147
2024-07-31,16:00:00,1.38102,1.38208,1.37872,1.3808,10446,1.3725258374013765,BULLISH_ABOVE_EMA200,-0.0014484356894648772,-0.00434530706836247,0.3324159907300023
2024-07-31,20:00:00,1.3808,1.38219,1.379,1.38078,10343,1.372607968372507,BULLISH_ABOVE_EMA200,0.013036110024773607,0.17816017033851367,0.4743695592346396
2024-08-01,00:00:00,1.37995,1.38123,1.37995,1.38096,2951,1.3726910731648205,BULLISH_ABOVE_EMA200,-0.01593094658787271,0.026068821689269637,0.5090661568763825
2024-08-01,04:00:00,1.38096,1.38197,1.38002,1.38074,5803,1.3727711619890512,BULLISH_ABOVE_EMA200,0.1810623288960953,0.33677593174673154,0.376609644103877
2024-08-01,08:00:00,1.38075,1.3836,1.38029,1.38324,7831,1.3728753295314489,BULLISH_ABOVE_EMA200,-0.1388045458488709,0.2956826002718203,0.305803765073303
2024-08-01,12:00:00,1.38323,1.38335,1.38124,1.38132,7875,1.3729593561032751,BULLISH_ABOVE_EMA200,0.2946457012133174,0.48287145628818473,0.3141922219326288
2024-08-01,16:00:00,1.38133,1.38612,1.37948,1.38539,12595,1.3730830441022477,BULLISH_ABOVE_EMA200,0.14003277055558744,0.039700012270916525,0.05341456196451432
2024-08-01,20:00:00,1.38537,1.38888,1.38534,1.38733,9289,1.3732248048574494,BULLISH_ABOVE_EMA200,0.047573396380104584,0.010091326504871155,0.0007208090360667982
2024-08-02,00:00:00,1.38628,1.3888,1.38605,1.38799,4543,1.373371722222052,BULLISH_ABOVE_EMA200,-0.1476955885849399,-0.16786864458678846,-0.013688859429832672
2024-08-02,04:00:00,1.38798,1.38834,1.38552,1.38594,6236,1.37349677971238,BULLISH_ABOVE_EMA200,0.11039438936750734,0.013709107176366545,0.12266043263056373
2024-08-02,08:00:00,1.38592,1.38809,1.38527,1.38747,8782,1.3736358167301674,BULLISH_ABOVE_EMA200,-0.13045327106172308,-0.009369571954706299,0.031712397385168394
2024-08-02,12:00:00,1.38746,1.38861,1.38461,1.38566,10605,1.3737554603447926,BULLISH_ABOVE_EMA200,0.03391885455307886,0.15443903987991506,-0.1580474286621476
2024-08-02,16:00:00,1.38567,1.38619,1.38339,1.38613,16041,1.3738785900926056,BULLISH_ABOVE_EMA200,0.08729339960897847,0.10893639124756697,-0.14067944565084936
2024-08-02,20:00:00,1.38613,1.38745,1.38565,1.38734,9077,1.3740125344697938,BULLISH_ABOVE_EMA200,0.033156976660364795,0.041085818905240205,-0.34382343189124087
2024-08-05,00:00:00,1.38532,1.38862,1.38517,1.3878,6063,1.3741497231815374,BULLISH_ABOVE_EMA200,-0.011529038766388382,-0.31200461161550264,-0.6045539703127178
2024-08-05,04:00:00,1.3878,1.38846,1.38591,1.38764,8529,1.3742839547916714,BULLISH_ABOVE_EMA200,0.019457496180565022,-0.24934421031391563,-0.4050041797584358
2024-08-05,08:00:00,1.38763,1.39461,1.38635,1.38791,13291,1.374419537331058,BULLISH_ABOVE_EMA200,-0.31990546937481534,-0.38475117262645997,-0.3227875006304472
2024-08-05,12:00:00,1.38794,1.38846,1.38192,1.38347,12324,1.3745095916859729,BULLISH_ABOVE_EMA200,0.051320231013320734,-0.29346498297758195,0.03975510853144994
2024-08-05,16:00:00,1.38343,1.38484,1.38091,1.38418,15391,1.3746058146542717,BULLISH_ABOVE_EMA200,-0.11631435217962181,-0.1560490687627288,-0.46020026297157784
2024-08-05,20:00:00,1.38418,1.38476,1.38194,1.38257,7892,1.3746850602796024,BULLISH_ABOVE_EMA200,-0.2285598559204996,0.06220299876316287,-0.2965491801500099
2024-08-06,00:00:00,1.38169,1.38254,1.37926,1.37941,3092,1.3747320746051785,BULLISH_ABOVE_EMA200,0.18921132948144506,0.3342008539882996,-0.12179120058576678
2024-08-06,04:00:00,1.37936,1.38212,1.3793,1.38202,8229,1.3748045912757738,BULLISH_ABOVE_EMA200,0.10202457272687163,-0.3046265611206818,-0.34731769438936594
2024-08-06,08:00:00,1.38202,1.38434,1.38136,1.38343,9964,1.374890416238204,BULLISH_ABOVE_EMA200,0.042647622214357826,-0.35852916302233245,-0.587669777292669
2024-08-06,12:00:00,1.38341,1.38555,1.38299,1.38402,10459,1.3749812578676746,BULLISH_ABOVE_EMA200,-0.44869293796332776,-0.45447320125432644,-0.7145850493489946
2024-08-06,16:00:00,1.38402,1.38422,1.37759,1.37781,15770,1.3750094045555585,BULLISH_ABOVE_EMA200,0.04790210551528186,-0.04282157917273561,-0.3338631596519068
2024-08-06,20:00:00,1.37783,1.37865,1.37565,1.37847,9616,1.3750438383410755,BULLISH_ABOVE_EMA200,-0.05368270618875891,-0.2299651062409858,-0.20384919512212663
2024-08-07,00:00:00,1.37834,1.37904,1.37747,1.37773,4900,1.3750705663177814,BULLISH_ABOVE_EMA200,-0.03701741270058636,-0.26129938376894063,-0.24025026674311545
2024-08-07,04:00:00,1.37772,1.37837,1.37654,1.37722,7863,1.3750919537176045,BULLISH_ABOVE_EMA200,-0.13941127779150345,-0.2911662624707794,-0.2831791580139712
2024-08-07,08:00:00,1.37719,1.37801,1.37498,1.3753,8622,1.3750940238298672,BULLISH_ABOVE_EMA200,-0.08507234785137013,0.026176107031203228,-0.15269395768195965
2024-08-07,12:00:00,1.37529,1.37581,1.37371,1.37413,8433,1.3750844315529531,BEARISH_BELOW_EMA200,-0.06695145291930399,0.021104262333250964,0.09460531390769845
2024-08-07,16:00:00,1.37414,1.37469,1.37208,1.37321,12124,1.3750657804927247,BEARISH_BELOW_EMA200,0.17841408087619978,0.008010428120975998,0.06117054201469199
2024-08-07,20:00:00,1.37322,1.3759,1.37267,1.37566,9973,1.3750716931246378,BULLISH_ABOVE_EMA200,-0.09013855167702266,-0.178823255746342,-0.1628309320617027
2024-08-08,00:00:00,1.37578,1.37607,1.37429,1.37442,4714,1.375065208615935,BEARISH_BELOW_EMA200,-0.08003375969498981,0.0734855429926773,-0.019644650106953657
2024-08-08,04:00:00,1.37442,1.37467,1.37262,1.37332,7067,1.3750478433560749,BEARISH_BELOW_EMA200,-0.008737948912134098,0.05315585588208847,0.03349547082980695
2024-08-08,08:00:00,1.37332,1.37442,1.37271,1.3732,8247,1.3750294568550196,BEARISH_BELOW_EMA200,0.162394407223999,0.0160209729099992,0.0
2024-08-08,12:00:00,1.37318,1.37583,1.37299,1.37543,8711,1.3750334423589499,BULLISH_ABOVE_EMA200,-0.10033225972967995,-0.09306180612608042,-0.1315952102251563
2024-08-08,16:00:00,1.37544,1.37652,1.37361,1.37405,12833,1.3750236568628411,BEARISH_BELOW_EMA200,-0.04584985990319919,-0.019649939958516244,-0.10334412867071627
2024-08-08,20:00:00,1.37404,1.37494,1.37286,1.37342,7703,1.3750077000781364,BEARISH_BELOW_EMA200,0.053151985554302214,-0.01601840660541633,-0.040046016513524664
2024-08-09,00:00:00,1.37276,1.37437,1.37276,1.37415,3137,1.3749991657490008,BEARISH_BELOW_EMA200,-0.026925735909469964,-0.038569297383831413,-0.041480187752425825
2024-08-09,04:00:00,1.37413,1.37422,1.37221,1.37378,4943,1.3749870347465232,BEARISH_BELOW_EMA200,-0.042219278195928384,-0.08371063780226706,-0.04513095255427106
2024-08-09,08:00:00,1.37377,1.37408,1.37177,1.3732,6736,1.3749692533062594,BEARISH_BELOW_EMA200,0.030585493737262378,-0.02403145936498263,-0.06626856976405232
2024-08-09,12:00:00,1.37321,1.37557,1.3731,1.37362,6675,1.3749558279002272,BEARISH_BELOW_EMA200,-0.07207233441563506,-0.0029120135117456066,0.000728003377924278
2024-08-09,16:00:00,1.37359,1.3742,1.37207,1.37263,10983,1.3749326853340558,BEARISH_BELOW_EMA200,0.01748468268943692,0.038612007605831104,0.12676394949841363
2024-08-09,20:00:00,1.37263,1.37361,1.37238,1.37287,6397,1.3749121611018762,BEARISH_BELOW_EMA200,0.05171647716098308,-0.04224726303291826,0.09687734454100194
2024-08-12,00:00:00,1.37268,1.37406,1.37173,1.37358,1839,1.3748989057675292,BEARISH_BELOW_EMA200,-0.030577032280616128,0.003640122890540301,0.0698903594985419
2024-08-12,04:00:00,1.37363,1.37384,1.37279,1.37316,3182,1.3748816032225788,BEARISH_BELOW_EMA200,-0.06335751114217764,0.08811791779546124,0.04078184625244807
2024-08-12,08:00:00,1.37316,1.37344,1.37184,1.37229,4634,1.3748558161258368,BEARISH_BELOW_EMA200,0.0976469988121969,0.139183408754715,0.07651443936777179
2024-08-12,12:00:00,1.37231,1.37397,1.37181,1.37363,4766,1.3748436189504556,BEARISH_BELOW_EMA200,0.05387185777830894,0.06624782510575544,-0.06115183855914271
2024-08-12,16:00:00,1.37364,1.37476,1.37247,1.37437,9049,1.3748389063240831,BEARISH_BELOW_EMA200,-0.01236930375372014,-0.047294396705402426,-0.1789911013773677
2024-08-12,20:00:00,1.37438,1.37461,1.37344,1.3742,5805,1.3748325490472266,BEARISH_BELOW_EMA200,0.024741667879494028,-0.06258186581284259,-0.26415368941930006
2024-08-13,00:00:00,1.37391,1.37472,1.37384,1.37454,1971,1.3748296381114333,BEARISH_BELOW_EMA200,-0.059656321387521846,-0.12731532003434895,-0.26772593012936163
2024-08-13,04:00:00,1.37455,1.37458,1.37351,1.37372,3391,1.3748185969361952,BEARISH_BELOW_EMA200,-0.02766211455027567,-0.13175901930525064,-0.14704597734619373
2024-08-13,08:00:00,1.3737,1.37453,1.37262,1.37334,4460,1.37480388452887,BEARISH_BELOW_EMA200,-0.040048349279861534,-0.20169805000946153,-0.1820379512720773
2024-08-13,12:00:00,1.37332,1.37412,1.37242,1.37279,5841,1.3747838458768413,BEARISH_BELOW_EMA200,-0.0641030310535473,-0.14058960219698477,-0.06993057933113221
2024-08-13,16:00:00,1.37275,1.374,1.37186,1.37191,9881,1.3747552503954796,BEARISH_BELOW_EMA200,-0.09767404567354249,-0.015307126560783396,-0.052481576779821855
2024-08-13,20:00:00,1.37191,1.3722,1.37055,1.37057,6313,1.3747136061129377,BEARISH_BELOW_EMA200,0.02115907979890859,0.019699832916231383,0.06055874563137135
2024-08-14,00:00:00,1.37007,1.37105,1.37007,1.37086,2344,1.3746752617735054,BEARISH_BELOW_EMA200,0.06127540376113913,0.07075850196228188,0.059816465576356656
2024-08-14,04:00:00,1.37088,1.37203,1.37041,1.3717,4929,1.3746456571787442,BEARISH_BELOW_EMA200,-0.06269592476488013,-0.03718014143034267,-0.051760589050082996
2024-08-14,08:00:00,1.37173,1.37208,1.37061,1.37084,5034,1.3746077899431348,BEARISH_BELOW_EMA200,0.07221849377024644,0.040850865162958036,0.0043768784103140395
2024-08-14,12:00:00,1.37084,1.37213,1.36996,1.37183,5580,1.3745801502422081,BEARISH_BELOW_EMA200,-0.046653010941603255,-0.010934299439441802,0.05685835708506176
2024-08-14,16:00:00,1.37187,1.37204,1.36886,1.37119,10409,1.3745464174039772,BEARISH_BELOW_EMA200,0.015315164200442205,-0.014585870667083188,-0.01239799006702233
2024-08-14,20:00:00,1.37125,1.37241,1.37111,1.3714,5687,1.3745151097681167,BEARISH_BELOW_EMA200,0.020417092022754702,-0.03645909289776469,0.11156482426717453
2024-08-15,00:00:00,1.37081,1.37192,1.37057,1.37168,1986,1.374486899720673,BEARISH_BELOW_EMA200,-0.05030327773242151,0.06780006998717612,0.09696139041176174
2024-08-15,04:00:00,1.37166,1.37263,1.37087,1.37099,4614,1.3744521046985767,BEARISH_BELOW_EMA200,-0.006564599304146892,0.002188199768048964,0.1079511885571848
2024-08-15,08:00:00,1.37102,1.37131,1.37023,1.3709,3879,1.3744167603732178,BEARISH_BELOW_EMA200,0.12473557516960393,0.14807790502589366,0.09263987161717721
2024-08-15,12:00:00,1.37092,1.37274,1.36976,1.37261,5671,1.3743987826580615,BEARISH_BELOW_EMA200,-0.11583771063887063,0.029141562424866197,-0.0029141562424898552
2024-08-15,16:00:00,1.37258,1.37379,1.3695,1.37102,9444,1.3743651629301208,BEARISH_BELOW_EMA200,0.13931233680034416,0.10576067453430099,-0.10867821038350947
2024-08-15,20:00:00,1.371,1.37382,1.37085,1.37293,5106,1.3743508827019604,BEARISH_BELOW_EMA200,0.005826954032622202,-0.05535606330986241,-0.3547158267355167
2024-08-16,00:00:00,1.3727,1.37348,1.37241,1.37301,1974,1.374337540585523,BEARISH_BELOW_EMA200,-0.0393296479996493,-0.0320463798515667,-0.4246145330332628
2024-08-16,04:00:00,1.37301,1.37344,1.37213,1.37247,3185,1.3743189580921347,BEARISH_BELOW_EMA200,-0.021858401276544405,-0.21421233251001218,-0.43279634527531063
2024-08-16,08:00:00,1.37248,1.37284,1.37167,1.37217,4520,1.3742975754245512,BEARISH_BELOW_EMA200,0.02915090695760569,-0.29952556898925325,-0.3490821108171619
2024-08-16,12:00:00,1.37218,1.37368,1.3716,1.37257,5553,1.3742803856193317,BEARISH_BELOW_EMA200,-0.22148232877012855,-0.39269399739175453,-0.39123687680774727
2024-08-16,16:00:00,1.37258,1.3728,1.36945,1.36953,8297,1.3742331181007315,BEARISH_BELOW_EMA200,-0.10733609340429638,-0.21905325184551575,-0.33807218534825173
2024-08-16,20:00:00,1.36953,1.37003,1.368,1.36806,4617,1.3741716940400277,BEARISH_BELOW_EMA200,-0.06432466412291798,-0.04970542227680174,-0.3464760317529908
2024-08-19,00:00:00,1.36776,1.3683,1.36678,1.36718,2304,1.374102124945102,BEARISH_BELOW_EMA200,-0.047543117950821355,0.0014628651677108338,-0.2618528650214411
2024-08-19,04:00:00,1.36718,1.36721,1.36612,1.36653,3751,1.374026780418285,BEARISH_BELOW_EMA200,0.06220134208542933,-0.11928022070499883,-0.21221634358558722
2024-08-19,08:00:00,1.36652,1.36757,1.36624,1.36738,5132,1.3739606432996951,BEARISH_BELOW_EMA200,-0.013163860814116704,-0.2969181939182928,-0.4205122204507996
2024-08-19,12:00:00,1.36738,1.36847,1.36717,1.3672,4330,1.3738933732171112,BEARISH_BELOW_EMA200,-0.16822703335283565,-0.26331187829140196,-0.3781451141018064
2024-08-19,16:00:00,1.36718,1.36771,1.36355,1.3649,9178,1.3738038869164435,BEARISH_BELOW_EMA200,-0.11575939629276245,-0.09304710967837236,-0.13554106527950086
2024-08-19,20:00:00,1.3649,1.36532,1.36295,1.36332,4837,1.3736995696336929,BEARISH_BELOW_EMA200,0.020538098172097227,-0.12396209253881635,-0.09462195229293294
2024-08-20,00:00:00,1.36341,1.36369,1.36293,1.3636,2193,1.3735990764035069,BEARISH_BELOW_EMA200,0.002200058668229282,-0.1151364036374193,-0.14300381343501734
2024-08-20,04:00:00,1.3636,1.3641,1.36278,1.36363,4166,1.3734998816134223,BEARISH_BELOW_EMA200,-0.14666735111430534,-0.04253353182313406,-0.16060074947015793
2024-08-20,08:00:00,1.36363,1.36407,1.36147,1.36163,4954,1.373381773338662,BEARISH_BELOW_EMA200,0.02937655603946579,0.02937655603946579,-0.035251867247329594
2024-08-20,12:00:00,1.36162,1.36332,1.36044,1.36203,6205,1.3732688203701182,BEARISH_BELOW_EMA200,0.07488821832118388,-0.02789953231573805,-0.16225780636256507
2024-08-20,16:00:00,1.36202,1.36402,1.36201,1.36305,10078,1.3731671405654404,BEARISH_BELOW_EMA200,-0.07483217783647121,-0.11811745717325932,-0.2985950625435617
2024-08-20,20:00:00,1.36308,1.36336,1.36163,1.36203,5771,1.3730563232463815,BEARISH_BELOW_EMA200,-0.02789953231573805,-0.06460944325749006,-0.19676512264781362
2024-08-21,00:00:00,1.36187,1.36225,1.36133,1.36165,2290,1.372942827492686,BEARISH_BELOW_EMA200,-0.01542246539125645,-0.13439576983806398,-0.21885212793302114
2024-08-21,04:00:00,1.36167,1.36231,1.36134,1.36144,3372,1.3728283714977338,BEARISH_BELOW_EMA200,-0.021300975437764533,-0.18069103302385026,-0.19905394288400446
2024-08-21,08:00:00,1.36144,1.36232,1.36057,1.36115,5198,1.372712168796264,BEARISH_BELOW_EMA200,-0.09771149395731943,-0.13224111964148139,-0.2505234544319241
2024-08-21,12:00:00,1.36112,1.36115,1.35907,1.35982,5203,1.3725838885097341,BEARISH_BELOW_EMA200,-0.06177288170492799,-0.08457001661984559,-0.15222602991572534
2024-08-21,16:00:00,1.35982,1.36113,1.35755,1.35898,11807,1.3724485264350104,BEARISH_BELOW_EMA200,0.02722630207949944,-0.0183961500537229,0.09050905826427484
2024-08-21,20:00:00,1.35898,1.36013,1.35764,1.35935,7017,1.3723181928386423,BEARISH_BELOW_EMA200,-0.050023908485674326,-0.11843895979696997,0.1559568911612094
2024-08-22,00:00:00,1.35891,1.35939,1.35826,1.35867,2359,1.372182389924825,BEARISH_BELOW_EMA200,0.0044160833756503775,-0.06771327842669904,0.1096660704954103
2024-08-22,04:00:00,1.35867,1.35921,1.35852,1.35873,3999,1.3720485352987075,BEARISH_BELOW_EMA200,-0.07286215804464805,0.10892524636976632,0.04783879063537564
2024-08-22,08:00:00,1.35873,1.35893,1.35714,1.35774,4758,1.3719061618131485,BEARISH_BELOW_EMA200,0.0007365180373315593,0.2747212279228727,0.08028046606861663
2024-08-22,12:00:00,1.35774,1.35947,1.35753,1.35775,5996,1.3717653044816744,BEARISH_BELOW_EMA200,0.1811821027435026,0.1774995396796187,0.023568403608919018
2024-08-22,16:00:00,1.35775,1.36185,1.35775,1.36021,10310,1.371650326327628,BEARISH_BELOW_EMA200,0.09263275523632666,-0.06101998956042717,-0.6631328985965423
2024-08-22,20:00:00,1.36023,1.36152,1.36016,1.36147,6462,1.3715490295482486,BEARISH_BELOW_EMA200,-0.09621952742255961,-0.19390805526379395,-0.7822427229391795
2024-08-23,00:00:00,1.36145,1.36153,1.3599,1.36016,2341,1.3714357058711517,BEARISH_BELOW_EMA200,-0.05734619456534547,-0.15365839313021448,-0.7094753558404846
2024-08-23,04:00:00,1.36018,1.36024,1.35924,1.35938,3770,1.371315748598802,BEARISH_BELOW_EMA200,-0.04045962129794836,-0.6024805426003135,-0.6039518015565957
2024-08-23,08:00:00,1.35938,1.35962,1.35854,1.35883,4725,1.3711915122943361,BEARISH_BELOW_EMA200,-0.05593046959515701,-0.5894777124437989,-0.6211225833989537
2024-08-23,12:00:00,1.35884,1.35921,1.35796,1.35807,5121,1.3710609499829496,BEARISH_BELOW_EMA200,-0.5066012797573187,-0.5566723364775019,-0.6553417717790783
2024-08-23,16:00:00,1.35806,1.35857,1.35007,1.35119,14796,1.3708632290875968,BEARISH_BELOW_EMA200,-0.02738326956238438,-0.0014801767330951962,-0.31009702558484864
2024-08-23,20:00:00,1.35126,1.35151,1.34985,1.35082,7019,1.3706637939722974,BEARISH_BELOW_EMA200,-0.022949023556048213,-0.031832516545500546,-0.17026694896433048
2024-08-26,00:00:00,1.34988,1.35152,1.34984,1.35051,3202,1.3704632587088914,BEARISH_BELOW_EMA200,0.04887042672767198,-0.09922177547742103,-0.13846620906176466
2024-08-26,04:00:00,1.35052,1.35135,1.34987,1.35117,4461,1.3702712859854198,BEARISH_BELOW_EMA200,-0.05772774706365616,-0.3086214169941611,-0.23313128621860948
2024-08-26,08:00:00,1.35118,1.35128,1.35019,1.35039,5685,1.3700734622442716,BEARISH_BELOW_EMA200,-0.09034427091432837,-0.13847851361458824,-0.23030383815045627
2024-08-26,12:00:00,1.35045,1.35128,1.349,1.34917,6367,1.369865467595075,BEARISH_BELOW_EMA200,-0.16083962732643073,-0.039283411282486226,-0.13119176975474175
2024-08-26,16:00:00,1.34918,1.34957,1.34629,1.347,9358,1.3696379505045768,BEARISH_BELOW_EMA200,0.11284335560504573,0.07572383073496815,-0.05048255382331209
2024-08-26,20:00:00,1.34702,1.34897,1.34659,1.34852,5255,1.369427821643835,BEARISH_BELOW_EMA200,0.008898644439839232,-0.09195265921157326,-0.3114525553940603
2024-08-27,00:00:00,1.3476,1.3488,1.3476,1.34864,2804,1.369220977647379,BEARISH_BELOW_EMA200,-0.045972238699731945,-0.09194447739946389,-0.3040099655949692
2024-08-27,04:00:00,1.34864,1.34878,1.34778,1.34802,3845,1.3690100226459125,BEARISH_BELOW_EMA200,-0.05489532796249039,-0.12611088856248684,-0.19584279164997373
2024-08-27,08:00:00,1.348,1.34851,1.34688,1.34728,5574,1.3687938035151075,BEARISH_BELOW_EMA200,0.008906834511007211,-0.21970191793837016,-0.09871741583041783
2024-08-27,12:00:00,1.34731,1.34808,1.34627,1.3474,6414,1.3685809298482905,BEARISH_BELOW_EMA200,-0.0801543713819185,-0.21226065014100215,-0.02746029389936036
2024-08-27,16:00:00,1.34742,1.34754,1.34505,1.34632,9247,1.3683594280587552,BEARISH_BELOW_EMA200,-0.1485530928753938,-0.06981995365143064,0.04605145879137686
2024-08-27,20:00:00,1.34631,1.34636,1.34425,1.34432,5417,1.3681202297696136,BEARISH_BELOW_EMA200,0.016365151154495133,0.12125089264460995,0.2752320875981936
2024-08-28,00:00:00,1.34416,1.34489,1.34405,1.34454,3007,1.3678856006176772,BEARISH_BELOW_EMA200,0.06247489847828639,0.18519344906063642,0.16808722685825106
2024-08-28,04:00:00,1.34454,1.34542,1.3443,1.34538,4236,1.3676616642931232,BEARISH_BELOW_EMA200,0.042367212237431756,0.11595237033403245,0.05500304746614064
2024-08-28,08:00:00,1.34538,1.34681,1.34496,1.34595,6582,1.3674456278324953,BEARISH_BELOW_EMA200,0.08024072216649726,0.1537947174857919,0.05720866302611074
2024-08-28,12:00:00,1.34595,1.34784,1.34571,1.34703,6857,1.367242487257048,BEARISH_BELOW_EMA200,-0.0066813656711375005,-0.0170746011595846,0.02152884494035942
2024-08-28,16:00:00,1.34704,1.34773,1.34491,1.34694,9546,1.3670404724584702,BEARISH_BELOW_EMA200,0.08018174528932022,-0.06087873253448876,0.004454541404958571
2024-08-28,20:00:00,1.34693,1.34877,1.34662,1.34802,6713,1.3668512140260476,BEARISH_BELOW_EMA200,-0.0905031082624886,-0.0964377383124938,0.025222177712497365
2024-08-29,00:00:00,1.34764,1.34795,1.34659,1.3468,2907,1.3666516994586244,BEARISH_BELOW_EMA200,-0.05049005049005152,0.03861003861004425,0.11805761805761661
2024-08-29,04:00:00,1.34679,1.34734,1.346,1.34612,3836,1.3664474039416232,BEARISH_BELOW_EMA200,0.04457254925266201,0.06537307223724421,0.20429085074139233
2024-08-29,08:00:00,1.34611,1.34744,1.34533,1.34672,6447,1.3662511113650897,BEARISH_BELOW_EMA200,0.044552690982546925,0.12177735535226966,0.04529523583224423
2024-08-29,12:00:00,1.34667,1.34772,1.34498,1.34732,7419,1.3660627420977756,BEARISH_BELOW_EMA200,-0.023750853546306593,0.07941691654543126,0.07051034646557658
2024-08-29,16:00:00,1.34731,1.34906,1.34588,1.347,9726,1.3658730630719271,BEARISH_BELOW_EMA200,0.10096510764662418,0.13882702301410826,0.23830734966591946
2024-08-29,20:00:00,1.34699,1.34861,1.34613,1.34836,6821,1.365698803737878,BEARISH_BELOW_EMA200,0.002224925094186604,-0.0763890949004781,0.06229790263727431
2024-08-30,00:00:00,1.34824,1.34893,1.34803,1.34839,2754,1.3655265768350138,BEARISH_BELOW_EMA200,0.03559800947797269,-0.00889950236948494,0.03633963467543526
2024-08-30,04:00:00,1.34843,1.34903,1.34799,1.34887,3892,1.3653608397520784,BEARISH_BELOW_EMA200,-0.11416963828983495,0.09934241253789446,0.06894659974646167
2024-08-30,08:00:00,1.34888,1.34901,1.34724,1.34733,3251,1.3651814284112618,BEARISH_BELOW_EMA200,0.06976761446714339,0.13879302026972148,0.11355792567522667
2024-08-30,12:00:00,1.34761,1.34888,1.34649,1.34827,6394,1.3650131554917468,BEARISH_BELOW_EMA200,0.14388809363108507,0.04524316346132447,0.057110222729864
2024-08-30,16:00:00,1.3483,1.35094,1.34666,1.35021,11551,1.364865860412227,BEARISH_BELOW_EMA200,-0.07480317876478144,-0.0303656468252938,-0.061471919182933495
2024-08-30,20:00:00,1.35017,1.35043,1.34726,1.3492,6533,1.3647099812041452,BEARISH_BELOW_EMA200,-0.023717758671796322,-0.025200118588793875,0.014823599169876814
2024-09-02,00:00:00,1.34784,1.34928,1.34784,1.34888,2427,1.3645524689533577,BEARISH_BELOW_EMA200,0.0682047328153751,0.011861692663538488,0.06894608860683496
2024-09-02,04:00:00,1.34888,1.35041,1.34858,1.3498,3956,1.3644056782175034,BEARISH_BELOW_EMA200,-0.06963994665877632,-0.031115720847539406,0.20966069047265432
2024-09-02,08:00:00,1.34979,1.34992,1.34852,1.34886,5339,1.3642509948521553,BEARISH_BELOW_EMA200,0.013344602108452248,0.04003380632534028,0.16680752635559548
2024-09-02,12:00:00,1.34888,1.35007,1.34881,1.34904,4792,1.3640996416695468,BEARISH_BELOW_EMA200,0.02520310739488873,0.05707762557077161,0.39731957540176954
2024-09-02,16:00:00,1.34902,1.3505,1.34878,1.34938,4610,1.3639531775733325,BEARISH_BELOW_EMA200,0.0014821621781787916,0.24085135395514792,0.4142643288028564
2024-09-02,20:00:00,1.34939,1.34944,1.34899,1.3494,1076,1.3638083698362844,BEARISH_BELOW_EMA200,0.030383874314511745,0.12672298799467174,0.41277604861420447
2024-09-03,00:00:00,1.34853,1.35023,1.34853,1.34981,2012,1.363669082574232,BEARISH_BELOW_EMA200,0.2089182922040913,0.3400478585875119,0.4133915143612909
2024-09-03,04:00:00,1.34983,1.35295,1.34963,1.35263,5657,1.363559240956578,BEARISH_BELOW_EMA200,-0.11237367203152124,0.17299631089063594,0.06136193933301112
2024-09-03,08:00:00,1.35263,1.35307,1.35043,1.35111,6996,1.363435367912234,BEARISH_BELOW_EMA200,0.24350348972326571,0.285691024416959,0.37820754786804534
2024-09-03,12:00:00,1.35113,1.35495,1.35098,1.3544,7995,1.3633454637539033,BEARISH_BELOW_EMA200,0.042085056113405156,0.07309509746013337,0.06054341405788857
2024-09-03,16:00:00,1.35441,1.35622,1.35344,1.35497,12081,1.3632621258061033,BEARISH_BELOW_EMA200,0.0,-0.11144158173242952,-0.2848771559517904
2024-09-03,20:00:00,1.35497,1.35562,1.3542,1.35497,6982,1.3631796170916146,BEARISH_BELOW_EMA200,0.03099699624346568,0.09225296501029347,-0.33801486379772455
2024-09-04,00:00:00,1.35428,1.3556,1.35407,1.35539,3477,1.3631021084638373,BEARISH_BELOW_EMA200,-0.14239443997668474,-0.012542515438361171,-0.33938571186154237
2024-09-04,04:00:00,1.35541,1.35541,1.35325,1.35346,5077,1.3630061670860878,BEARISH_BELOW_EMA200,0.20392180042261118,-0.17362906920042515,-0.1824952344362001
2024-09-04,08:00:00,1.35345,1.35627,1.3533,1.35622,7067,1.3629386430354802,BEARISH_BELOW_EMA200,-0.07373434988422896,-0.4298712598251023,-0.421023137838985
2024-09-04,12:00:00,1.35622,1.35653,1.35483,1.35522,6673,1.3628618406172168,BEARISH_BELOW_EMA200,-0.30327179350954514,-0.32688419592392054,-0.2752320656424795
2024-09-04,16:00:00,1.35521,1.35543,1.34997,1.35111,12039,1.3627449068797322,BEARISH_BELOW_EMA200,-0.05328951750783088,-0.008881586251313365,0.029605287504345018
2024-09-04,20:00:00,1.35112,1.35259,1.35039,1.35039,6963,1.3626219724829192,BEARISH_BELOW_EMA200,0.0296210724309241,0.008886321729287095,-0.004443160864635327
2024-09-05,00:00:00,1.35037,1.35128,1.35037,1.35079,2434,1.3625042414134374,BEARISH_BELOW_EMA200,0.014806150474905647,0.0518215266621862,-0.06884859970830962
2024-09-05,04:00:00,1.3508,1.35115,1.35035,1.35099,3658,1.3623896718471347,BEARISH_BELOW_EMA200,-0.035529500588443584,0.038490292304167756,-0.12287285620174798
2024-09-05,08:00:00,1.35099,1.35166,1.35036,1.35051,6002,1.3622714661571134,BEARISH_BELOW_EMA200,0.07256517908049409,-0.013328298198463467,-0.022213830330777926
2024-09-05,12:00:00,1.35054,1.35234,1.35033,1.35149,7495,1.3621641878868933,BEARISH_BELOW_EMA200,0.0014798481675712715,-0.12060762565760902,-0.10284944764667162
2024-09-05,16:00:00,1.35145,1.35252,1.35049,1.35151,10821,1.3620581760671233,BEARISH_BELOW_EMA200,-0.0873097498353663,-0.1613010632551791,0.3973333530643574
2024-09-05,20:00:00,1.35152,1.3518,1.35016,1.35033,6555,1.3619414777977987,BEARISH_BELOW_EMA200,-0.03480630660653103,-0.008886716580400347,0.5020994867921181
2024-09-06,00:00:00,1.34999,1.35035,1.34963,1.34986,1913,1.3618212640883678,BEARISH_BELOW_EMA200,-0.03926333101211544,0.017779621590388484,0.4933844991332352
2024-09-06,04:00:00,1.3499,1.35046,1.34921,1.34933,3716,1.361696972903409,BEARISH_BELOW_EMA200,0.06521755241490161,0.5595369553778666,0.5046949226653216
2024-09-06,08:00:00,1.34933,1.35052,1.34856,1.35021,6251,1.3615826746655642,BEARISH_BELOW_EMA200,-0.008146880855558206,0.5110316173039845,0.49918160878679546
2024-09-06,12:00:00,1.35022,1.35045,1.34657,1.3501,8668,1.3614684191962552,BEARISH_BELOW_EMA200,0.5021850233316056,0.4755203318272624,0.498481593955996
2024-09-06,16:00:00,1.3501,1.35822,1.3497,1.35688,16853,1.3614227632838545,BEARISH_BELOW_EMA200,0.016950651494601766,-0.054536878721787106,-0.14739696951830683
2024-09-06,20:00:00,1.35687,1.35767,1.35565,1.35711,7475,1.3613798502163534,BEARISH_BELOW_EMA200,-0.0434747367567913,-0.011789759120479398,-0.09210749312877906
2024-09-09,00:00:00,1.35686,1.35701,1.35573,1.35652,3229,1.361331493497783,BEARISH_BELOW_EMA200,-0.02801285642674247,0.022852593400763163,0.02801285642674247
2024-09-09,04:00:00,1.35651,1.35653,1.35518,1.35614,4084,1.3612798368460637,BEARISH_BELOW_EMA200,0.059728346630893527,-0.092910761425798,0.023596383854181575
2024-09-09,08:00:00,1.35614,1.35728,1.35612,1.35695,4835,1.3612367538923715,BEARISH_BELOW_EMA200,-0.008843361951444048,-0.0803272043922057,0.02505619219573359
2024-09-09,12:00:00,1.35697,1.35702,1.35595,1.35683,5920,1.361192905594935,BEARISH_BELOW_EMA200,-0.14371734115547977,0.0051590840414801045,0.027269444219244966
2024-09-09,16:00:00,1.35682,1.35766,1.3546,1.35488,9234,1.361130090613891,BEARISH_BELOW_EMA200,0.0723311289560685,0.11661549362304519,0.4302964100141711
2024-09-09,20:00:00,1.35488,1.35642,1.35472,1.35586,6427,1.361077651901315,BEARISH_BELOW_EMA200,0.07670408449249405,0.10546811617718956,0.3754074904488693
2024-09-10,00:00:00,1.35527,1.35726,1.35527,1.3569,1942,1.36103608322568,BEARISH_BELOW_EMA200,-0.03242685533200648,0.022109219544547642,0.3301643451986174
2024-09-10,04:00:00,1.3569,1.35724,1.35621,1.35646,4180,1.3609905500592554,BEARISH_BELOW_EMA200,0.061188682305420614,0.31331554192531197,0.26171062913760396
2024-09-10,08:00:00,1.35649,1.35758,1.35614,1.35729,5680,1.360953728665631,BEARISH_BELOW_EMA200,-0.0066308600225556446,0.26965497425015994,0.09135851586616771
2024-09-10,12:00:00,1.3573,1.35786,1.35642,1.3572,6299,1.360916378131645,BEARISH_BELOW_EMA200,0.25862068965518153,0.3079870321249685,0.17683465959327718
2024-09-10,16:00:00,1.35721,1.36151,1.3569,1.36071,10775,1.3609143246178972,BEARISH_BELOW_EMA200,0.017637850827877943,-0.05144373158131746,-0.16829449331599863
2024-09-10,20:00:00,1.36073,1.36129,1.36002,1.36095,5971,1.3609146795968237,BULLISH_ABOVE_EMA200,0.031595576619268186,-0.17781696608987022,-0.25276461295419445
2024-09-11,00:00:00,1.361,1.3616,1.36064,1.36138,2351,1.3609193096505867,BULLISH_ABOVE_EMA200,-0.10063318103689589,-0.13074968047129493,-0.2534193245089507
2024-09-11,04:00:00,1.36139,1.36161,1.35995,1.36001,5198,1.360910261793367,BEARISH_BELOW_EMA200,-0.10882272924463245,-0.11691090506687307,-0.21470430364482862
2024-09-11,08:00:00,1.36006,1.36008,1.35849,1.35853,6361,1.360886577596418,BEARISH_BELOW_EMA200,0.07876160261458373,-0.07508115389428432,-0.05962326926898761
2024-09-11,12:00:00,1.35852,1.36036,1.35732,1.3596,9108,1.3608737758292895,BEARISH_BELOW_EMA200,-0.08679023242129735,-0.1228302441894556,-0.07502206531332899
2024-09-11,16:00:00,1.3596,1.36228,1.35792,1.35842,13036,1.360849360149396,BEARISH_BELOW_EMA200,-0.06698959084818881,-0.09790786354736043,0.05153045449861935
2024-09-11,20:00:00,1.35842,1.3585,1.35664,1.35751,7592,1.360816132685223,BEARISH_BELOW_EMA200,0.03093899860775147,0.015469499303875735,0.039042069671672355
2024-09-12,00:00:00,1.35687,1.35807,1.35687,1.35793,2180,1.3607874149470618,BEARISH_BELOW_EMA200,-0.06185885870406972,0.04786697399717344,-0.09573394799437959
2024-09-12,04:00:00,1.35796,1.3585,1.35709,1.35709,4168,1.3607506247485837,BEARISH_BELOW_EMA200,0.04642286067984662,0.14958477330171163,0.035369798613211795
2024-09-12,08:00:00,1.3571,1.35802,1.35646,1.35772,5659,1.3607204692784487,BEARISH_BELOW_EMA200,0.06334148425300215,0.023568924373204778,-0.008838346639964058
2024-09-12,12:00:00,1.3577,1.35896,1.35686,1.35858,7005,1.3606991710766732,BEARISH_BELOW_EMA200,0.0397473832972815,-0.14353221746234276,-0.06845382678972717
2024-09-12,16:00:00,1.35855,1.36043,1.35791,1.35912,11008,1.3606834579316318,BEARISH_BELOW_EMA200,-0.07946318205899346,-0.11404438165873228,0.010300782859483116
2024-09-12,20:00:00,1.35911,1.35965,1.35758,1.35804,8196,1.3606571548676356,BEARISH_BELOW_EMA200,-0.10382610232393091,-0.03239963476775323,0.06185384819299682
2024-09-13,00:00:00,1.35776,1.35819,1.35663,1.35663,2447,1.360617083674923,BEARISH_BELOW_EMA200,0.0692893419723831,0.07518630724663475,0.0692893419723831
2024-09-13,04:00:00,1.35662,1.35767,1.35648,1.35757,4445,1.3605867644343765,BEARISH_BELOW_EMA200,0.00220983080061982,0.1244871351016868,-0.035357292809949835
2024-09-13,08:00:00,1.35759,1.3584,1.35711,1.3576,5900,1.3605570453852784,BEARISH_BELOW_EMA200,0.003682969946973005,0.09428403064232248,-0.013995285798461436
2024-09-13,12:00:00,1.35759,1.35943,1.35657,1.35765,6694,1.3605281195605492,BEARISH_BELOW_EMA200,0.11858726475895034,-0.005892534894860973,0.07733952049497259
2024-09-13,16:00:00,1.35761,1.35938,1.35692,1.35926,9724,1.360515501455469,BEARISH_BELOW_EMA200,-0.02795638803465304,-0.15964568956638212,0.025749304768776578
2024-09-13,20:00:00,1.35924,1.35997,1.35837,1.35888,5742,1.3604992278091461,BEARISH_BELOW_EMA200,-0.09640292005181798,-0.10817732250088914,-0.01839750382668694
2024-09-16,00:00:00,1.3587,1.35936,1.35756,1.35757,2389,1.3604700812637815,BEARISH_BELOW_EMA200,-0.035357292809949835,0.08323696015675622,0.12817018643606407
2024-09-16,04:00:00,1.35757,1.35815,1.35667,1.35709,3233,1.360436448614391,BEARISH_BELOW_EMA200,0.02357986574214665,0.18569144271935376,0.1805333470882597
2024-09-16,08:00:00,1.3571,1.35805,1.35685,1.35741,5249,1.36040633469783,BEARISH_BELOW_EMA200,0.09503392490109941,0.0898770452553023,0.06998622376437527
2024-09-16,12:00:00,1.35821,1.35874,1.35812,1.3587,848,1.3603893562431253,BEARISH_BELOW_EMA200,0.06697578567748336,0.04489585633325969,0.13542356664459143
2024-09-16,16:00:00,1.35872,1.36075,1.35806,1.35961,8233,1.3603816014546364,BEARISH_BELOW_EMA200,-0.0720794933841308,-0.005148535241724796,0.010297070483449591
2024-09-16,20:00:00,1.35961,1.35983,1.35841,1.35863,5119,1.360364172584441,BEARISH_BELOW_EMA200,0.05005041843621986,-0.01987296026143928,0.0780197699152868
2024-09-17,00:00:00,1.358,1.35937,1.358,1.35931,2256,1.360353683304994,BEARISH_BELOW_EMA200,0.01692034929485934,0.09048708535948859,-0.04708271108135553
2024-09-17,04:00:00,1.3593,1.35978,1.35869,1.35954,3026,1.3603455869537007,BEARISH_BELOW_EMA200,-0.08679406269767413,0.015446400988572861,-0.018388572605429886
2024-09-17,08:00:00,1.35953,1.35962,1.35808,1.35836,4840,1.3603258298695844,BEARISH_BELOW_EMA200,0.16048764686828756,0.09791218822698353,0.035336729585679495
2024-09-17,12:00:00,1.35835,1.36165,1.35799,1.36054,7008,1.3603279609156582,BULLISH_ABOVE_EMA200,-0.05806518000206303,-0.13744542608082366,-0.11760036456113349
2024-09-17,16:00:00,1.36053,1.36069,1.35836,1.35975,10173,1.3603222100607761,BEARISH_BELOW_EMA200,-0.004412575841143518,-0.03382974811545541,-0.015444015444018641
2024-09-17,20:00:00,1.35975,1.36047,1.35904,1.35969,6780,1.3603159194134054,BEARISH_BELOW_EMA200,-0.07501709948591377,-0.0625142495715948,0.061778787811924175
2024-09-18,00:00:00,1.35902,1.35965,1.35865,1.35867,2145,1.3602995421058093,BEARISH_BELOW_EMA200,0.04563286154843081,0.01987237519044304,0.3547586978442187
2024-09-18,04:00:00,1.35866,1.35941,1.35842,1.35929,3802,1.3602894969107266,BEARISH_BELOW_EMA200,-0.03310551832206972,0.01839195462335936,0.039726621986477126
2024-09-18,08:00:00,1.35927,1.35933,1.35839,1.35884,5789,1.3602750740558935,BEARISH_BELOW_EMA200,0.007359218156662225,0.12437078684760304,-0.3186541461835054
2024-09-18,12:00:00,1.35885,1.35929,1.35814,1.35894,5852,1.3602617897369293,BEARISH_BELOW_EMA200,0.04415205969357984,0.334819786009688,-0.15085287061975564
2024-09-18,16:00:00,1.35894,1.36073,1.35765,1.35954,10337,1.3602546077494972,BEARISH_BELOW_EMA200,0.0728187475175461,0.02133074422231957,-0.3162834488135671
2024-09-18,20:00:00,1.35954,1.36226,1.35406,1.36053,15496,1.3602573479708955,BULLISH_ABOVE_EMA200,0.21756227352576377,-0.442474623859813,-0.35500870984102606
2024-09-19,00:00:00,1.36011,1.36355,1.3598,1.36349,5023,1.3602895136627273,BULLISH_ABOVE_EMA200,-0.2684288113590856,-0.4840519549098388,-0.5221893816602993
2024-09-19,04:00:00,1.36352,1.36472,1.35964,1.35983,7578,1.3602849413874762,BEARISH_BELOW_EMA200,-0.39122537375995464,-0.33754219277410363,-0.2809174676246411
2024-09-19,08:00:00,1.35981,1.35991,1.35434,1.35451,9280,1.3602274792841182,BEARISH_BELOW_EMA200,0.1757092970889714,0.0878546485444775,0.1712796509438747
2024-09-19,12:00:00,1.35449,1.35692,1.35328,1.35689,10768,1.3601942705350225,BEARISH_BELOW_EMA200,-0.12160160366720438,-0.03832292964056438,-0.175401101047235
2024-09-19,16:00:00,1.35692,1.36003,1.35492,1.35524,14167,1.3601449743107936,BEARISH_BELOW_EMA200,0.03394232755821146,0.05681650482570891,0.013281780348873187
2024-09-19,20:00:00,1.35526,1.3565,1.35467,1.3557,7183,1.3601007457106862,BEARISH_BELOW_EMA200,0.04942096333998455,0.08335177399130157,0.07376263185071269
2024-09-20,00:00:00,1.35482,1.35654,1.35479,1.35637,2486,1.3600636238628188,BEARISH_BELOW_EMA200,-0.026541430435658264,-0.1371307239175131,-0.00516083369582153
2024-09-20,04:00:00,1.35639,1.35682,1.35539,1.35601,4988,1.3600232892970197,BEARISH_BELOW_EMA200,0.060471530445943826,-0.04351000361353297,-0.014749153767300977
2024-09-20,08:00:00,1.356,1.35756,1.35546,1.35683,7075,1.3599915152741637,BEARISH_BELOW_EMA200,-0.17098678537472475,-0.009581156077029803,0.02137334817185082
2024-09-20,12:00:00,1.35683,1.35761,1.35416,1.35451,6847,1.3599369728336248,BEARISH_BELOW_EMA200,0.0671829665340209,0.13215110999549343,-0.05684712552880077
2024-09-20,16:00:00,1.35452,1.35897,1.35451,1.35542,12723,1.3598920278303053,BEARISH_BELOW_EMA200,0.09443567307550042,0.028773369140184624,-0.38880937274056065
2024-09-20,20:00:00,1.35543,1.3574,1.3553,1.3567,6879,1.359860266359357,BEARISH_BELOW_EMA200,-0.029483305078496055,0.030957470332430674,-0.18574482199455133
2024-09-23,00:00:00,1.35489,1.35688,1.35489,1.3563,2414,1.3598248408234432,BEARISH_BELOW_EMA200,-0.03612770036128449,-0.1887488018874967,-0.24404630244047376
2024-09-23,04:00:00,1.35631,1.35666,1.35562,1.35581,3878,1.3597848921585334,BEARISH_BELOW_EMA200,0.09662120798638042,-0.4174626238189716,-0.3252668146716741
2024-09-23,08:00:00,1.35583,1.35818,1.35547,1.35712,7072,1.3597583758186476,BEARISH_BELOW_EMA200,-0.2490568262202429,-0.21663522754068648,-0.4391652912049183
2024-09-23,12:00:00,1.35709,1.35712,1.35371,1.35374,6631,1.3596984914821437,BEARISH_BELOW_EMA200,-0.26519124795012206,-0.05540207129877439,-0.27996513362979303
2024-09-23,16:00:00,1.35375,1.35383,1.34894,1.35015,11699,1.3596034816166498,BEARISH_BELOW_EMA200,0.29848535347924143,0.09258230566973844,-0.3295930081842806
2024-09-23,20:00:00,1.35015,1.35432,1.34868,1.35418,6428,1.3595495166254392,BEARISH_BELOW_EMA200,-0.08787605783574004,-0.2230131887932197,-0.8241149625603567
2024-09-24,00:00:00,1.3534,1.35372,1.35212,1.35299,2696,1.3594842478032956,BEARISH_BELOW_EMA200,-0.11751749828158231,-0.22468754388428086,-0.7915801299344414
2024-09-24,04:00:00,1.35299,1.35299,1.35122,1.3514,5272,1.359403807526646,BEARISH_BELOW_EMA200,-0.017759360663017462,-0.421784815746636,-0.6311972768980263
2024-09-24,08:00:00,1.35137,1.35292,1.35071,1.35116,7342,1.3593217795910573,BEARISH_BELOW_EMA200,-0.08955268065957647,-0.6024453062553521,-0.6165072974333128
2024-09-24,12:00:00,1.35116,1.35144,1.34974,1.34995,6598,1.359228528052838,BEARISH_BELOW_EMA200,-0.3148264750546381,-0.5681691914515401,-0.37556946553575377
2024-09-24,16:00:00,1.34995,1.35015,1.34525,1.3457,10991,1.3590939158334068,BEARISH_BELOW_EMA200,-0.19915285724900006,-0.21029947239354155,0.13078695102921944
2024-09-24,20:00:00,1.3457,1.34581,1.34302,1.34302,5638,1.358933976372378,BEARISH_BELOW_EMA200,-0.05509970067461281,-0.014147220443488144,0.4043126684635987
2024-09-25,00:00:00,1.34294,1.34364,1.34192,1.34228,2865,1.3587682651646928,BEARISH_BELOW_EMA200,0.043955061537092895,0.1937002711803914,0.37250052150073876
2024-09-25,04:00:00,1.34226,1.34321,1.34204,1.34287,5857,1.3586100734715119,BEARISH_BELOW_EMA200,-0.0029786948848391876,0.341805238034962,0.3164863315138537
2024-09-25,08:00:00,1.34287,1.34387,1.34241,1.34283,6664,1.3584530578150789,BEARISH_BELOW_EMA200,0.1526626602027142,0.4185190977264403,0.28521853101286093
2024-09-25,12:00:00,1.34287,1.34551,1.34287,1.34488,7287,1.3583180025134363,BEARISH_BELOW_EMA200,0.19183867705669105,0.17845458330854483,0.1063291892213298
2024-09-25,16:00:00,1.34489,1.34751,1.34322,1.34746,11775,1.358209962687432,BEARISH_BELOW_EMA200,0.07347156872929989,-0.025232659967643338,0.04823890876165655
2024-09-25,20:00:00,1.34748,1.34869,1.34699,1.34845,6861,1.3581128486308407,BEARISH_BELOW_EMA200,-0.08676628721865055,-0.13274500352255986,-0.14386888649930146
2024-09-26,00:00:00,1.34754,1.34869,1.34722,1.34728,3105,1.3580050590922255,BEARISH_BELOW_EMA200,-0.01187577934801511,-0.07199691229737971,0.08684163648238624
2024-09-26,04:00:00,1.34726,1.3476,1.34645,1.34712,4554,1.3578967500465318,BEARISH_BELOW_EMA200,-0.03414692083853903,0.0734901122394311,0.1373300077201665
2024-09-26,08:00:00,1.34714,1.34771,1.34628,1.34666,7550,1.3577849415883574,BEARISH_BELOW_EMA200,-0.02599022767439981,-0.011138669003302426,0.11584215763444418
2024-09-26,12:00:00,1.34664,1.34787,1.34574,1.34631,8614,1.3576707630650902,BEARISH_BELOW_EMA200,0.13369877665619537,0.15895299002458801,0.07130601421664193
2024-09-26,16:00:00,1.34631,1.34894,1.34599,1.34811,13906,1.3575756310942935,BEARISH_BELOW_EMA200,-0.11868467706639843,0.06379301392320233,0.21956665257286673
2024-09-26,20:00:00,1.3481,1.3482,1.34645,1.34651,7312,1.3574655253122607,BEARISH_BELOW_EMA200,0.14407616727687358,0.12699497218734937,0.3980661116515889
2024-09-27,00:00:00,1.34635,1.3486,1.34635,1.34845,3568,1.3573758185927356,BEARISH_BELOW_EMA200,0.03856279431940939,-0.08750787941710549,0.22247765953503015
2024-09-27,04:00:00,1.34848,1.34925,1.34803,1.34897,5261,1.3572921786067385,BEARISH_BELOW_EMA200,-0.05559797475110851,0.15567432930309724,0.13565905839269948
2024-09-27,08:00:00,1.34895,1.34948,1.34821,1.34822,7909,1.3572019081728408,BEARISH_BELOW_EMA200,-0.07046327750663886,0.2707273293676055,0.25663467386628436
2024-09-27,12:00:00,1.34824,1.34861,1.34634,1.34727,8066,1.357103083215897,BEARISH_BELOW_EMA200,0.28205185300645197,0.3102570383071005,0.2545889094242464
2024-09-27,16:00:00,1.34724,1.35159,1.34669,1.35107,12213,1.357043052537132,BEARISH_BELOW_EMA200,0.05921232800668447,-0.019984160702257652,-0.029606164003342234
2024-09-27,20:00:00,1.35106,1.35263,1.35092,1.35187,7464,1.3569915793775587,BEARISH_BELOW_EMA200,-0.031068076072393425,-0.01405460584227126,0.04216381752684663
2024-09-30,00:00:00,1.35063,1.35173,1.35057,1.35145,3270,1.3569364392842498,BEARISH_BELOW_EMA200,-0.04809648895630911,-0.05549594879574001,0.11099189759148002
2024-09-30,04:00:00,1.35148,1.3519,1.35026,1.3508,5618,1.3568753801868942,BEARISH_BELOW_EMA200,0.06514657980455965,-0.009623926562034608,0.11104530648505011
2024-09-30,08:00:00,1.35078,1.35223,1.35007,1.35168,7678,1.3568236848616517,BEARISH_BELOW_EMA200,-0.07250236742424102,0.05622632575758271,0.13908617424243191
2024-09-30,12:00:00,1.35165,1.35271,1.35066,1.3507,6727,1.3567627526739738,BEARISH_BELOW_EMA200,-0.0022210705560061074,0.16658029170060598,0.11993781002442844
2024-09-30,16:00:00,1.35068,1.35193,1.34894,1.35067,12303,1.3567021282692577,BEARISH_BELOW_EMA200,0.13104607343022717,0.1206808472832017,-0.03553791821836836
2024-09-30,20:00:00,1.35067,1.35376,1.35029,1.35244,9921,1.3566597190327478,BEARISH_BELOW_EMA200,0.03770962112921907,0.08281328561710759,-0.2595309218893351
2024-10-01,00:00:00,1.35168,1.35335,1.35168,1.35295,2590,1.3566228064055563,BEARISH_BELOW_EMA200,-0.048043164935883766,-0.046564913707094154,-0.3074762555896495
2024-10-01,04:00:00,1.35294,1.35319,1.35195,1.3523,4526,1.3565797934064963,BEARISH_BELOW_EMA200,0.09317459143681422,-0.15603046661244224,-0.2913554684611443
2024-10-01,08:00:00,1.35227,1.35384,1.35157,1.35356,7212,1.3565497457109092,BEARISH_BELOW_EMA200,-0.09161027217117304,-0.342060935606854,-0.35609799343952586
2024-10-01,12:00:00,1.35354,1.35395,1.35163,1.35232,7990,1.3565076586889102,BEARISH_BELOW_EMA200,-0.15750709891149767,-0.2610328916232869,-0.23293303360151343
2024-10-01,16:00:00,1.35234,1.35251,1.34879,1.35019,16227,1.3564447964133985,BEARISH_BELOW_EMA200,-0.09332019937934949,-0.13553648005095567,-0.08369192484021326
2024-10-01,20:00:00,1.35022,1.35206,1.34807,1.34893,8830,1.356370022319733,BEARISH_BELOW_EMA200,-0.010378596368976077,-0.01408523792931527,0.08747674082420577
2024-10-02,00:00:00,1.34893,1.34969,1.34826,1.34879,2875,1.356294599212074,BEARISH_BELOW_EMA200,-0.03188042615973802,0.028173399862102103,0.1608849413177741
2024-10-02,04:00:00,1.34873,1.34873,1.34758,1.34836,5804,1.356215647976133,BEARISH_BELOW_EMA200,0.028182384526391095,0.05191491886439251,0.3011065294135062
2024-10-02,08:00:00,1.34843,1.3491,1.34772,1.34874,7716,1.3561412634191565,BEARISH_BELOW_EMA200,0.03188160801933141,0.10157628601508602,0.27952014472767556
2024-10-02,12:00:00,1.34874,1.34926,1.34754,1.34917,7440,1.356071897613991,BEARISH_BELOW_EMA200,-0.0081531608322194,0.13267416263331963,0.31278489738136134
2024-10-02,16:00:00,1.34916,1.34954,1.34721,1.34906,11014,1.3560021274884786,BEARISH_BELOW_EMA200,0.07783197189153895,0.24906231005292792,0.3053978325649062
2024-10-02,20:00:00,1.34906,1.35097,1.3489,1.35011,5700,1.355943499354265,BEARISH_BELOW_EMA200,0.06295783306545523,0.17776329336129498,0.3977453688958749
2024-10-03,00:00:00,1.34886,1.35148,1.34886,1.35096,2531,1.3558939122960136,BEARISH_BELOW_EMA200,0.10807129744774212,0.17987209095755272,0.268697814887193
2024-10-03,04:00:00,1.35096,1.35245,1.35076,1.35242,5218,1.3558593460045112,BEARISH_BELOW_EMA200,0.00665473743364824,0.05619556055072344,0.22552165747326994
2024-10-03,08:00:00,1.35243,1.35304,1.35066,1.35251,7456,1.3558260191785958,BEARISH_BELOW_EMA200,0.0650642139429647,0.21959172205750174,0.24768763262378568
2024-10-03,12:00:00,1.35251,1.35447,1.35184,1.35339,7603,1.3558017801817939,BEARISH_BELOW_EMA200,-0.015516591669810141,0.08866623811317269,0.3480149845942405
2024-10-03,16:00:00,1.3534,1.35528,1.3517,1.35318,12169,1.355775692816801,BEARISH_BELOW_EMA200,0.16996999660059775,0.16923099661537291,0.33846199323076226
2024-10-03,20:00:00,1.35316,1.35595,1.35313,1.35548,6268,1.3557727505997184,BEARISH_BELOW_EMA200,-0.06565939740904014,0.028034349455546892,0.15566441408210052
2024-10-04,00:00:00,1.35375,1.35555,1.35371,1.35459,2518,1.3557609819370346,BEARISH_BELOW_EMA200,0.0649643065429386,0.2591189954155962,0.2591189954155962
2024-10-04,04:00:00,1.35456,1.35582,1.35446,1.35547,5418,1.3557580865943777,BEARISH_BELOW_EMA200,0.02877230776041613,0.16894508915727574,0.2021439058038883
2024-10-04,08:00:00,1.35546,1.35671,1.35501,1.35586,6332,1.3557591006581153,BULLISH_ABOVE_EMA200,0.1652087973684613,0.12759429439617728,0.24781319605269198
2024-10-04,12:00:00,1.35588,1.35886,1.35504,1.3581,7429,1.3557823931888804,BULLISH_ABOVE_EMA200,-0.025034975333186583,0.0,0.0824681540387313
2024-10-04,16:00:00,1.3581,1.35907,1.35649,1.35776,11870,1.355802070868593,BULLISH_ABOVE_EMA200,-0.01252062220127294,0.03314282347394528,0.21726962055149718
2024-10-04,20:00:00,1.35777,1.35813,1.35711,1.35759,5377,1.355819861208209,BULLISH_ABOVE_EMA200,0.03756657017214405,0.12006570466783198,0.32999653798273537
2024-10-07,00:00:00,1.35599,1.35845,1.35596,1.3581,3122,1.3558425491563861,BULLISH_ABOVE_EMA200,0.008099550843077273,0.0824681540387313,0.24298652529267786
2024-10-07,04:00:00,1.35809,1.35835,1.35719,1.35821,5342,1.3558661058811983,BULLISH_ABOVE_EMA200,0.0743625801606657,0.18406579247687538,0.281988794074554
2024-10-07,08:00:00,1.35824,1.35955,1.35781,1.35922,6604,1.3558994779619824,BULLISH_ABOVE_EMA200,0.0,0.20967908064918095,0.356086579067403
2024-10-07,12:00:00,1.35923,1.35983,1.35783,1.35922,7047,1.3559325179822612,BULLISH_ABOVE_EMA200,0.10962169479554387,0.16038610379481236,0.38992951840024864
2024-10-07,16:00:00,1.35924,1.36191,1.35899,1.36071,10438,1.3559800551167662,BULLISH_ABOVE_EMA200,0.09994782135795326,0.09774309000447055,0.41522440490625717
2024-10-07,20:00:00,1.36069,1.36391,1.36026,1.36207,6199,1.356040651583266,BULLISH_ABOVE_EMA200,-0.04918983605834858,0.14610115485989403,0.18941757765753794
2024-10-08,00:00:00,1.36196,1.36249,1.36109,1.3614,2987,1.3560939784331838,BULLISH_ABOVE_EMA200,0.047010430439251794,0.2291758483913627,0.2886734244160415
2024-10-08,04:00:00,1.3614,1.36338,1.3612,1.36204,7524,1.3561531428268836,BULLISH_ABOVE_EMA200,0.1483069513377091,0.3171713018707308,0.29587970984699263
2024-10-08,08:00:00,1.36203,1.36473,1.36172,1.36406,7790,1.356231818022636,BULLISH_ABOVE_EMA200,0.03372285676582444,0.04325322933007847,0.21553304106857046
2024-10-08,12:00:00,1.36405,1.36481,1.36357,1.36452,6359,1.3563142874950478,BULLISH_ABOVE_EMA200,0.13484595315569312,0.0593615337261438,0.275554773839884
2024-10-08,16:00:00,1.36453,1.3675,1.36378,1.36636,9856,1.3564142448334056,BULLISH_ABOVE_EMA200,-0.12515003366609828,-0.021224274715311006,0.21297461869492434
2024-10-08,20:00:00,1.36636,1.36683,1.3646,1.36465,5765,1.3564961926460086,BULLISH_ABOVE_EMA200,0.049829626644195504,0.1722053273733246,0.472648664492732
2024-10-09,00:00:00,1.36448,1.36567,1.36425,1.36533,2053,1.3565840912266454,BULLISH_ABOVE_EMA200,0.05419935107263174,0.2160649806273947,0.4240733009602047
2024-10-09,04:00:00,1.36538,1.36637,1.36498,1.36607,6282,1.356678478378619,BULLISH_ABOVE_EMA200,0.06807850256576145,0.2342486109789463,0.3286800822798323
2024-10-09,08:00:00,1.36608,1.36737,1.36467,1.367,7438,1.3567811800862946,BULLISH_ABOVE_EMA200,0.09363569861009127,0.2999268471104603,0.46744696415509274
2024-10-09,12:00:00,1.36699,1.36859,1.36641,1.36828,5627,1.356895596204839,BULLISH_ABOVE_EMA200,0.07235361183383858,0.20755985616978642,0.4246206916713021
2024-10-09,16:00:00,1.36832,1.36945,1.36732,1.36927,9241,1.3570187246008107,BULLISH_ABOVE_EMA200,0.1336478561569302,0.09421078384832891,0.5214457338581817
2024-10-09,20:00:00,1.36927,1.37185,1.36915,1.3711,5833,1.3571588367938376,BULLISH_ABOVE_EMA200,0.0014586828094164525,0.16701918167895305,0.2085916417475082
2024-10-10,00:00:00,1.36879,1.37131,1.36879,1.37112,2532,1.3572977538406652,BULLISH_ABOVE_EMA200,-0.04084252290097832,0.21661123752845407,0.2654763988564158
2024-10-10,04:00:00,1.37113,1.37144,1.37044,1.37056,5330,1.3574297164890168,BULLISH_ABOVE_EMA200,0.20648494046230084,0.42683282745738316,0.3465736633201051
2024-10-10,08:00:00,1.37055,1.37346,1.37044,1.37339,5261,1.357588525280171,BULLISH_ABOVE_EMA200,0.05096877070605748,0.04150314186064842,0.21770946344445685
2024-10-10,12:00:00,1.37337,1.37546,1.37297,1.37409,8105,1.3577527190584777,BULLISH_ABOVE_EMA200,0.16883901345616936,0.048759542679151176,0.05822034946764127
2024-10-10,16:00:00,1.37408,1.37681,1.37355,1.37641,12162,1.3579383636449607,BULLISH_ABOVE_EMA200,-0.17799928800283646,-0.07991804767473928,-0.04141207924963924
2024-10-10,20:00:00,1.37639,1.37749,1.37374,1.37396,6005,1.3580977829121752,BULLISH_ABOVE_EMA200,0.05822585810357739,0.1761332207633313,0.17394975108444877
2024-10-11,00:00:00,1.37331,1.3751,1.37331,1.37476,2231,1.3582635761170292,BULLISH_ABOVE_EMA200,0.040006983037042865,0.009456195990570244,0.23058570223167077
2024-10-11,04:00:00,1.37476,1.37589,1.37458,1.37531,3186,1.3584331922750688,BULLISH_ABOVE_EMA200,0.07780064130995225,0.038536766256329076,0.17087056736299994
2024-10-11,08:00:00,1.37532,1.3768,1.3751,1.37638,4653,1.3586117674763118,BULLISH_ABOVE_EMA200,-0.10825498772141352,-0.002179630625261519,0.16347229689475912
2024-10-11,12:00:00,1.37635,1.37833,1.37247,1.37489,6889,1.3587737399392341,BULLISH_ABOVE_EMA200,0.06909643680585403,0.2211085977787426,0.3403908676330483
2024-10-11,16:00:00,1.37489,1.37774,1.37422,1.37584,10208,1.358943553472177,BULLISH_ABOVE_EMA200,0.037068263751599786,0.13228282358414895,0.2631119897662488
2024-10-11,20:00:00,1.37581,1.37635,1.37549,1.37635,3777,1.3591167519450906,BULLISH_ABOVE_EMA200,0.11479638173430717,0.16565553819886367,0.23758491662731906
2024-10-14,00:00:00,1.37527,1.37864,1.37525,1.37793,2500,1.3593039484431495,BULLISH_ABOVE_EMA200,-0.019594609305261693,0.1190191083726941,0.12192201345495807
2024-10-14,04:00:00,1.37794,1.37891,1.3772,1.37766,5049,1.359486595722322,BULLISH_ABOVE_EMA200,0.07040924466123102,0.13065633029918858,0.20469491746873844
2024-10-14,08:00:00,1.37766,1.37885,1.37702,1.37863,4719,1.3596770773569258,BULLISH_ABOVE_EMA200,0.0681836315762707,0.07181042048991002,0.14217012541435786
2024-10-14,12:00:00,1.37862,1.37979,1.37834,1.37957,4907,1.3598750168857128,BULLISH_ABOVE_EMA200,-0.007973498988819307,0.0028994541777539384,0.21166015497582824
2024-10-14,16:00:00,1.37956,1.38006,1.37803,1.37946,7923,1.3600698923395864,BULLISH_ABOVE_EMA200,0.011598741536554885,0.07394197729546495,0.03407130326360985
2024-10-14,20:00:00,1.37947,1.3805,1.37907,1.37962,4532,1.3602644207740184,BULLISH_ABOVE_EMA200,-0.0007248372740367283,0.0703092155810959,-0.16163871210914427
2024-10-15,00:00:00,1.37869,1.38031,1.37798,1.37961,2193,1.36045691409965,BULLISH_ABOVE_EMA200,0.06306129993258432,0.20875464805271007,-0.06958488268424205
2024-10-15,04:00:00,1.37963,1.38073,1.37954,1.38048,4366,1.3606561487852258,BULLISH_ABOVE_EMA200,0.007968242929999312,-0.03984121464996439,-0.2021036161335078
2024-10-15,08:00:00,1.38048,1.3815,1.38032,1.38059,5944,1.3608544955634823,BULLISH_ABOVE_EMA200,0.13762232089179358,-0.2317849615019732,-0.1166168087556689
2024-10-15,12:00:00,1.38058,1.38383,1.38044,1.38249,6767,1.361069774214592,BULLISH_ABOVE_EMA200,-0.18517312964288318,-0.27775969446434084,-0.3283929721010632
2024-10-15,16:00:00,1.3825,1.38255,1.37903,1.37993,10838,1.3612574381527554,BULLISH_ABOVE_EMA200,-0.18406730776200303,-0.16232707456175455,-0.24276593740263533
2024-10-15,20:00:00,1.37992,1.38112,1.37696,1.37739,5874,1.3614179611562107,BULLISH_ABOVE_EMA200,0.09147735935356283,0.11543571537474517,-0.16988652451373878
2024-10-16,00:00:00,1.37747,1.379,1.37717,1.37865,2853,1.3615894242292832,BULLISH_ABOVE_EMA200,-0.06963333696005874,-0.050774308200045186,-0.23501251224022848
2024-10-16,04:00:00,1.37863,1.37868,1.37722,1.37769,4624,1.3617496289633202,BULLISH_ABOVE_EMA200,0.09363499771356497,-0.08056964919540437,-0.09073158693174613
2024-10-16,08:00:00,1.37769,1.37928,1.37738,1.37898,6355,1.3619210754412971,BULLISH_ABOVE_EMA200,-0.07469288894690904,-0.2849932558847836,-0.06381528376046004
2024-10-16,12:00:00,1.37897,1.37909,1.37737,1.37795,5912,1.362080567227951,BULLISH_ABOVE_EMA200,-0.0994230559889759,-0.18433179723502208,0.0072571573714568
2024-10-16,16:00:00,1.37799,1.37847,1.37654,1.37658,9380,1.362224840190857,BULLISH_ABOVE_EMA200,-0.1111450115503501,-0.010170131775836273,0.16635429833356039
2024-10-16,20:00:00,1.37657,1.3768,1.37497,1.37505,5190,1.362352453721296,BULLISH_ABOVE_EMA200,0.02618086615031569,0.22181011599578174,0.3221701029053441
2024-10-17,00:00:00,1.3751,1.37582,1.37499,1.37541,2420,1.362482379554915,BULLISH_ABOVE_EMA200,0.07488676103853296,0.1919427661569987,0.31336110686995416
2024-10-17,04:00:00,1.37541,1.37654,1.37469,1.37644,4966,1.3626212613503887,BULLISH_ABOVE_EMA200,0.12060097061985953,0.1765423847025611,0.217227049489976
2024-10-17,08:00:00,1.37644,1.37851,1.37599,1.3781,5654,1.3627752786503848,BULLISH_ABOVE_EMA200,-0.0036281837312318052,0.10013787098178194,0.09578405050431665
2024-10-17,12:00:00,1.37809,1.37936,1.37741,1.37805,6179,1.3629272659274956,BULLISH_ABOVE_EMA200,0.059504372120027786,0.12118573346395706,0.10739813504589281
2024-10-17,16:00:00,1.37805,1.37967,1.37709,1.37887,10454,1.3630859000973712,BULLISH_ABOVE_EMA200,0.04423912334012629,0.04061296568928861,0.05149143864178555
2024-10-17,20:00:00,1.37888,1.38011,1.37878,1.37948,4973,1.3632490254695366,BULLISH_ABOVE_EMA200,0.017397860063213526,-0.004349465015799358,0.0637921535651109
2024-10-18,00:00:00,1.3781,1.37998,1.3781,1.37972,2378,1.363412915763372,BULLISH_ABOVE_EMA200,-0.021018757429052525,-0.013770910039727951,0.07030411967644996
2024-10-18,04:00:00,1.37973,1.37985,1.37857,1.37943,5410,1.363572289735876,BULLISH_ABOVE_EMA200,-0.000724937111694212,0.010874056675590243,0.1116403152026632
2024-10-18,08:00:00,1.37943,1.37998,1.37878,1.37942,5781,1.3637299783952206,BULLISH_ABOVE_EMA200,0.00797436603788784,0.06814458250568652,0.145713415783434
2024-10-18,12:00:00,1.37942,1.37967,1.37852,1.37953,5390,1.3638871925405418,BULLISH_ABOVE_EMA200,0.00362442281067505,0.08408660920748733,0.1739722949120483
2024-10-18,16:00:00,1.37952,1.381,1.37881,1.37958,8276,1.364043339878447,BULLISH_ABOVE_EMA200,0.05653894663593289,0.10075530233839303,0.3435828295568192
2024-10-18,20:00:00,1.37957,1.38149,1.37957,1.38036,5296,1.3642056947055272,BULLISH_ABOVE_EMA200,0.023906806919929687,0.07751601031614248,0.19922339099945158
2024-10-21,00:00:00,1.37986,1.38094,1.37974,1.38069,2256,1.3643697176437806,BULLISH_ABOVE_EMA200,0.02027971521486054,0.08981016738008749,0.19990004997501942
2024-10-21,04:00:00,1.38069,1.38115,1.38009,1.38097,5780,1.3645348945826485,BULLISH_ABOVE_EMA200,0.03330991983894689,0.24258311187063905,0.13830858020087897
2024-10-21,08:00:00,1.38096,1.38213,1.38071,1.38143,6133,1.3647030050843136,BULLISH_ABOVE_EMA200,0.03619437828917622,0.1216131110516006,0.14332973802509666
2024-10-21,12:00:00,1.38142,1.3826,1.38113,1.38193,5866,1.3648744179690468,BULLISH_ABOVE_EMA200,0.17294653130041984,0.1099910994044536,0.06223180624198482
2024-10-21,16:00:00,1.38194,1.38493,1.38187,1.38432,6514,1.3650679063474644,BULLISH_ABOVE_EMA200,-0.08740753582986112,-0.10402219140082393,-0.10185506241330844
2024-10-21,20:00:00,1.38431,1.38439,1.3829,1.38311,3662,1.3652474296673902,BULLISH_ABOVE_EMA200,0.024582281958774568,0.021690248787151197,-0.11062026881448557
2024-10-22,00:00:00,1.38271,1.38374,1.38249,1.38345,2271,1.3654285497702023,BULLISH_ABOVE_EMA200,-0.04120134446492171,-0.047706819906762434,-0.06577758502294744
2024-10-22,04:00:00,1.38345,1.38353,1.3827,1.38288,5077,1.3656021960411457,BULLISH_ABOVE_EMA200,0.03832581279647688,0.002169385629987742,-0.0658046974430311
2024-10-22,08:00:00,1.3829,1.38343,1.38213,1.38341,5764,1.3657793881203384,BULLISH_ABOVE_EMA200,-0.044816793286159916,-0.13228182534461932,-0.06650233842461974
2024-10-22,12:00:00,1.3834,1.38362,1.38259,1.38279,5693,1.3659486479400367,BULLISH_ABOVE_EMA200,0.008678107304805503,-0.018079390218316695,0.12510938031082156
2024-10-22,16:00:00,1.3828,1.38324,1.38134,1.38291,7631,1.3661174176122752,BULLISH_ABOVE_EMA200,-0.09617400987772547,-0.06797260848501803,0.0824348656094698
2024-10-22,20:00:00,1.3829,1.38312,1.38147,1.38158,4775,1.3662712741534466,BULLISH_ABOVE_EMA200,0.06948566134426323,0.06586661648257548,0.15055226624588222
2024-10-23,00:00:00,1.38136,1.38254,1.38128,1.38254,2251,1.3664331520225665,BULLISH_ABOVE_EMA200,-0.041228463552604726,0.1432146628668878,-0.011572902049861849
2024-10-23,04:00:00,1.38251,1.38286,1.38157,1.38197,5249,1.3665877475248296,BULLISH_ABOVE_EMA200,0.03762744487941677,0.15050977951765104,0.023155350695029414
2024-10-23,08:00:00,1.38193,1.38268,1.38169,1.38249,6162,1.3667459788927419,BULLISH_ABOVE_EMA200,0.14683650514650928,0.08462990690709468,-0.07016325615374544
2024-10-23,12:00:00,1.3825,1.38473,1.38221,1.38452,5986,1.3669228348241576,BULLISH_ABOVE_EMA200,-0.03394678300060457,-0.1545662034495732,-0.1466212116834698
2024-10-23,16:00:00,1.3845,1.38624,1.38319,1.38405,10134,1.367093254378146,BULLISH_ABOVE_EMA200,-0.028178172753882628,-0.12716303601748374,0.16039882952204682
2024-10-23,20:00:00,1.38405,1.38498,1.38348,1.38366,6089,1.3672580976181645,BULLISH_ABOVE_EMA200,-0.09250827515429716,-0.15466227252358303,0.1344260873336076
2024-10-24,00:00:00,1.3835,1.38417,1.38237,1.38238,2249,1.3674085643085312,BULLISH_ABOVE_EMA200,-0.006510510858079795,0.007957291048774903,0.194591935647223
2024-10-24,04:00:00,1.3824,1.38299,1.38219,1.38229,4688,1.3675566382955109,BULLISH_ABOVE_EMA200,-0.05570466399959034,0.2879280035303643,0.22498896758277542
2024-10-24,08:00:00,1.38229,1.38287,1.38134,1.38152,6150,1.3676955772179438,BULLISH_ABOVE_EMA200,0.07021251954368488,0.28953616306676727,0.24321037697608647
2024-10-24,12:00:00,1.38151,1.38261,1.38124,1.38249,6335,1.36784278540483,BULLISH_ABOVE_EMA200,0.2734196992383232,0.18661979471822776,0.11066987826313618
2024-10-24,16:00:00,1.38251,1.38683,1.38171,1.38627,9952,1.3680261407739365,BULLISH_ABOVE_EMA200,-0.05410201475901566,-0.06275833712046906,0.13128755581525642
2024-10-24,20:00:00,1.38627,1.38633,1.38459,1.38552,5867,1.3682002090249423,BULLISH_ABOVE_EMA200,-0.03247878053005813,-0.046192043420518934,0.2771522605231136
2024-10-25,00:00:00,1.3845,1.38553,1.3845,1.38507,2305,1.3683680676416097,BULLISH_ABOVE_EMA200,0.023825510624007555,-0.07580844289458262,0.3277812673727673
2024-10-25,04:00:00,1.38508,1.38559,1.38471,1.3854,4503,1.368537539605375,BULLISH_ABOVE_EMA200,-0.037534286126739855,0.19416774938646467,0.32048505846686876
2024-10-25,08:00:00,1.38541,1.38559,1.38441,1.38488,5491,1.3687001511515904,BULLISH_ABOVE_EMA200,-0.06209924325573933,0.3234937323089233,0.2772803419790771
2024-10-25,12:00:00,1.38488,1.38529,1.38393,1.38402,5026,1.3688525874585398,BULLISH_ABOVE_EMA200,0.29407089492926536,0.4038958974581281,0.3793297784714077
2024-10-25,16:00:00,1.38403,1.38875,1.38379,1.38809,8803,1.3690440044987533,BULLISH_ABOVE_EMA200,0.09149262655878813,0.12607251691172172,0.13039500320583444
2024-10-25,20:00:00,1.38807,1.38973,1.38783,1.38936,5883,1.369246153707721,BULLISH_ABOVE_EMA200,0.01799389647032328,-0.04606437496401033,-0.03310876950537694
2024-10-28,00:00:00,1.38778,1.38975,1.38773,1.38961,2657,1.3694487790439627,BULLISH_ABOVE_EMA200,0.01655140650973672,-0.02446729657961637,-0.038859823979388815
2024-10-28,04:00:00,1.38962,1.39061,1.38934,1.38984,4479,1.3696516767649185,BULLISH_ABOVE_EMA200,-0.08058481551833376,0.004317043688478457,-0.0007195072814184016
2024-10-28,08:00:00,1.38982,1.3901,1.38853,1.38872,4766,1.3698414113244717,BULLISH_ABOVE_EMA200,0.039604815945622616,0.012961576127662092,-0.05112621694798004
2024-10-28,12:00:00,1.38868,1.38992,1.38862,1.38927,5065,1.3700347306147755,BULLISH_ABOVE_EMA200,0.04534755663045401,-0.014396049723954162,0.06838123618879026
2024-10-28,16:00:00,1.38926,1.39083,1.38818,1.3899,8218,1.3702323949867679,BULLISH_ABOVE_EMA200,-0.07194762213108065,-0.005036333549177243,0.16547953090151746
2024-10-28,20:00:00,1.38993,1.39001,1.38863,1.3889,5006,1.3704181423003323,BULLISH_ABOVE_EMA200,0.012239902080783604,-0.06407948736410522,0.18791849665202687
2024-10-29,00:00:00,1.38839,1.38949,1.38832,1.38907,2110,1.3706037329242098,BULLISH_ABOVE_EMA200,0.0547128654423371,0.08278920428775975,0.15477981671189173
2024-10-29,04:00:00,1.38905,1.38994,1.38863,1.38983,4227,1.3707950390642676,BULLISH_ABOVE_EMA200,-0.1309512674211906,0.1705244526309121,0.1568537159220963
2024-10-29,08:00:00,1.38982,1.38998,1.38771,1.38801,5039,1.3709663322079069,BULLISH_ABOVE_EMA200,0.1592207548937,0.25215956657373206,0.1902003587870387
2024-10-29,12:00:00,1.38804,1.39032,1.38763,1.39022,5934,1.3711579109919079,BULLISH_ABOVE_EMA200,0.1424235013163451,0.07193106127087007,0.22874077484138916
2024-10-29,16:00:00,1.39019,1.39293,1.38832,1.3922,11152,1.371367285011889,BULLISH_ABOVE_EMA200,-0.049561844562568555,-0.013647464444773345,-0.040942393334304085
2024-10-29,20:00:00,1.39225,1.39258,1.39133,1.39151,6010,1.3715677100366463,BULLISH_ABOVE_EMA200,-0.0208406694885501,-0.06180336469016269,-0.08551860928056747
2024-10-30,00:00:00,1.39044,1.39173,1.39044,1.39122,2467,1.371763255210411,BULLISH_ABOVE_EMA200,0.0567846925719921,0.15669699975561527,0.021563807305831503
2024-10-30,04:00:00,1.39125,1.39244,1.39083,1.39201,4755,1.3719647153575714,BULLISH_ABOVE_EMA200,-0.09770044755425808,-0.027298654463692576,-0.003591928218898102
2024-10-30,08:00:00,1.39202,1.39223,1.39027,1.39065,5678,1.3721506385878444,BULLISH_ABOVE_EMA200,0.19774925394599865,-0.02372991047351537,0.09132420091324953
2024-10-30,12:00:00,1.39064,1.39363,1.39045,1.3934,7332,1.3723620750198062,BULLISH_ABOVE_EMA200,-0.12702741495622574,-0.13492177407778683,-0.20955935122721642
2024-10-30,16:00:00,1.39338,1.39405,1.39057,1.39163,11637,1.3725537956663754,BULLISH_ABOVE_EMA200,-0.09413421670989577,0.02371319962922354,0.09628996213074732
2024-10-30,20:00:00,1.39165,1.39185,1.38947,1.39032,6251,1.3727305738189488,BULLISH_ABOVE_EMA200,0.08631106507854953,0.11508142010472738,0.22153173370159182
2024-10-31,00:00:00,1.39044,1.39184,1.38985,1.39152,2835,1.372917533283437,BULLISH_ABOVE_EMA200,0.031620098884672584,-0.07473841554560134,0.11210762331838606
2024-10-31,04:00:00,1.39154,1.39209,1.39086,1.39196,4675,1.3731070105641987,BULLISH_ABOVE_EMA200,-0.0028736457944222534,0.07255955630908614,0.05890973878558441
2024-10-31,08:00:00,1.39201,1.39211,1.39099,1.39192,5800,1.373294204488933,BULLISH_ABOVE_EMA200,-0.10345422150699089,0.1063279498821718,0.08477498706821936
2024-10-31,12:00:00,1.39194,1.39272,1.39032,1.39048,6625,1.3734652074293416,BULLISH_ABOVE_EMA200,0.1790748518497284,0.18698578908004126,0.04386974282262236
2024-10-31,16:00:00,1.39048,1.39448,1.38905,1.39297,11829,1.3736592849673583,BULLISH_ABOVE_EMA200,0.03086929366748246,-0.013639920457736671,0.09691522430489977
2024-10-31,20:00:00,1.39295,1.39367,1.39068,1.3934,7919,1.3738557099925588,BULLISH_ABOVE_EMA200,-0.022965408353658387,-0.02153007033156071,0.13707478111095725
2024-11-01,00:00:00,1.39285,1.39374,1.39264,1.39308,2492,1.3740469964602946,BULLISH_ABOVE_EMA200,-0.02153501593592536,-0.14284893904155957,-0.18232980159071888
2024-11-01,04:00:00,1.39309,1.39339,1.3925,1.39278,4317,1.3742333945054657,BULLISH_ABOVE_EMA200,0.022975631470878242,0.11057022645357464,-0.19601085598586276
2024-11-01,08:00:00,1.39276,1.39421,1.39268,1.3931,4919,1.374421121923322,BULLISH_ABOVE_EMA200,-0.1442825353528151,0.15863900653219765,-0.13423300552724415
2024-11-01,12:00:00,1.39309,1.39371,1.39027,1.39109,6775,1.374586981406672,BULLISH_ABOVE_EMA200,0.232192022083407,-0.03953734122161963,-0.04816367021543886
2024-11-01,16:00:00,1.3911,1.39447,1.39064,1.39432,10704,1.3747833298503866,BULLISH_ABOVE_EMA200,0.0710023524011738,-0.3062424694474723,-0.3801136037638478
2024-11-01,20:00:00,1.39431,1.39586,1.39403,1.39531,6513,1.3749875753245122,BULLISH_ABOVE_EMA200,-0.3418595150898324,-0.29240813869319965,-0.363360113523169
2024-11-04,00:00:00,1.39168,1.39267,1.39044,1.39054,4346,1.3751423258187956,BULLISH_ABOVE_EMA200,-0.03523810893610406,-0.008629740963950696,-0.03739554417708774
2024-11-04,04:00:00,1.39054,1.39085,1.38915,1.39005,5075,1.3752906608852753,BULLISH_ABOVE_EMA200,0.08488903276860249,-0.07409805402683979,-0.02877594331138851
2024-11-04,08:00:00,1.39004,1.39221,1.38983,1.39123,6202,1.3754492612744766,BULLISH_ABOVE_EMA200,-0.0582218612307079,-0.07116005261531497,-0.20557348533311262
2024-11-04,12:00:00,1.39123,1.39175,1.38927,1.39042,6190,1.37559822384886,BULLISH_ABOVE_EMA200,-0.10068900044591331,-0.028768285841684952,-0.1639792292976266
2024-11-04,16:00:00,1.39042,1.39065,1.38747,1.38902,10618,1.375731773860314,BULLISH_ABOVE_EMA200,0.0878317086866999,0.04535571842019053,-0.31749002894126976
2024-11-04,20:00:00,1.38902,1.39033,1.38897,1.39024,6394,1.3758761343194155,BULLISH_ABOVE_EMA200,-0.015824605823446813,-0.1345091494993538,-0.5718437104384784
2024-11-05,00:00:00,1.38984,1.39065,1.38977,1.39002,2883,1.376016869301312,BULLISH_ABOVE_EMA200,-0.026618322038530488,-0.1352498525201151,-0.10719270226327617
2024-11-05,04:00:00,1.39003,1.39033,1.38946,1.38965,4285,1.37615252234309,BULLISH_ABOVE_EMA200,-0.09210952398085473,-0.36268125067464146,0.14895837081279575
2024-11-05,08:00:00,1.38964,1.38976,1.38801,1.38837,4646,1.3762740892849497,BULLISH_ABOVE_EMA200,-0.016566189128270885,-0.4379236082600521,0.13613085848872758
2024-11-05,12:00:00,1.38838,1.38864,1.38747,1.38814,4543,1.3763921580482834,BULLISH_ABOVE_EMA200,-0.25429711700549174,0.028095148904297297,0.40485829959515474
2024-11-05,16:00:00,1.38814,1.38827,1.38411,1.38461,9589,1.3764739276199423,BULLISH_ABOVE_EMA200,-0.16755620716301903,0.5135019969522229,0.6832248792078653
2024-11-05,20:00:00,1.38461,1.38484,1.38224,1.38229,5421,1.376531798986908,BULLISH_ABOVE_EMA200,0.4514248095551602,0.5765794442555493,0.8326762112147168
2024-11-06,00:00:00,1.38188,1.38999,1.38188,1.38853,7982,1.3766511840716154,BULLISH_ABOVE_EMA200,0.2297393646518279,0.37665732825362563,0.3298452320079529
2024-11-06,04:00:00,1.38855,1.39359,1.3884,1.39172,12778,1.3768011225385643,BULLISH_ABOVE_EMA200,-0.10490615928491484,0.16885580432844627,-0.19256747046819875
2024-11-06,08:00:00,1.39169,1.39381,1.3887,1.39026,11041,1.3769350417172852,BULLISH_ABOVE_EMA200,0.25175147094788447,0.2546286306158471,-0.08271834045430239
2024-11-06,12:00:00,1.39028,1.39464,1.38846,1.39376,11136,1.3771024542375112,BULLISH_ABOVE_EMA200,0.022241992882548675,-0.04663643668924631,-0.41327057743084955
2024-11-06,16:00:00,1.39382,1.39583,1.3915,1.39407,13614,1.3772712855386307,BULLISH_ABOVE_EMA200,-0.01936775054337246,-0.36081401938208757,-0.6506129534384867
2024-11-06,20:00:00,1.39407,1.39425,1.39243,1.3938,6676,1.377435750359142,BULLISH_ABOVE_EMA200,-0.04950495049503927,-0.3364901707561961,-0.5646434208638127
2024-11-07,00:00:00,1.3934,1.3948,1.39311,1.39311,3986,1.3775917130421356,BULLISH_ABOVE_EMA200,-0.29215209136392806,-0.3668052056190947,-0.41274558362226554
2024-11-07,04:00:00,1.39312,1.39312,1.38875,1.38904,5498,1.377705626345199,BULLISH_ABOVE_EMA200,0.005039451707655251,-0.29084835569890305,-0.07271208892472178
2024-11-07,08:00:00,1.38905,1.38938,1.38699,1.38911,7109,1.377819102699973,BULLISH_ABOVE_EMA200,-0.07990727876123319,-0.22892355536998227,-0.029515301164056224
2024-11-07,12:00:00,1.3891,1.38972,1.387,1.388,7852,1.37792040516067,BULLISH_ABOVE_EMA200,-0.21613832853025158,-0.046109510086453455,0.2557636887608188
2024-11-07,16:00:00,1.388,1.38842,1.38496,1.385,10885,1.3779908488904145,BULLISH_ABOVE_EMA200,0.06714801444044025,0.21877256317690166,0.48953068592057825
2024-11-07,20:00:00,1.385,1.38773,1.38419,1.38593,9685,1.3780698454188682,BULLISH_ABOVE_EMA200,0.10317981427632134,0.1998657940877201,0.37231317599011715
2024-11-08,00:00:00,1.38524,1.38778,1.38523,1.38736,3677,1.3781622847679345,BULLISH_ABOVE_EMA200,0.048293161111764106,0.3020124553108161,0.2897589666705206
2024-11-08,04:00:00,1.38735,1.38853,1.38711,1.38803,4489,1.378260470989149,BULLISH_ABOVE_EMA200,0.04826985007528284,0.2701670713168966,0.26872618026987966
2024-11-08,08:00:00,1.38802,1.38999,1.38793,1.3887,7274,1.3783643468997049,BULLISH_ABOVE_EMA200,0.20522791099589682,0.17210340606321683,0.2837185857276629
2024-11-08,12:00:00,1.3887,1.39197,1.38828,1.39155,7698,1.3784955474280662,BULLISH_ABOVE_EMA200,0.0165283317164279,-0.012216593007797311,0.21343106607738974
2024-11-08,16:00:00,1.39153,1.39277,1.38928,1.39178,10604,1.3786277310357473,BULLISH_ABOVE_EMA200,-0.04957680093118736,-0.0014370087226364065,0.044547270401936005
2024-11-08,20:00:00,1.39175,1.39253,1.39044,1.39109,5389,1.3787517337120085,BULLISH_ABOVE_EMA200,0.020846961735051184,0.11142341617006538,0.09488961893191583
2024-11-11,00:00:00,1.39068,1.39151,1.39047,1.39138,3855,1.3788773881029337,BULLISH_ABOVE_EMA200,0.027311014963564733,0.22567522890942232,0.13008667653695377
2024-11-11,04:00:00,1.39137,1.39265,1.39115,1.39176,4085,1.3790055732959394,BULLISH_ABOVE_EMA200,0.0632292924067362,0.045984939932170336,0.21627292061849437
2024-11-11,08:00:00,1.39177,1.39344,1.39106,1.39264,6113,1.3791412392332933,BULLISH_ABOVE_EMA200,0.1349954044117562,-0.016515395220600766,0.24485868566175845
2024-11-11,12:00:00,1.39268,1.39504,1.39218,1.39452,6116,1.3792942617284845,BULLISH_ABOVE_EMA200,-0.15202363537273755,-0.09537331841781067,-0.13983306083813044
2024-11-11,16:00:00,1.39449,1.39482,1.39144,1.3924,7889,1.37942466708442,BULLISH_ABOVE_EMA200,0.0007181844297503208,0.17020970985348916,0.20899166906061245
2024-11-11,20:00:00,1.39245,1.39306,1.39222,1.39241,4362,1.3795538743771123,BULLISH_ABOVE_EMA200,0.056017983208968836,0.2614172549751932,0.14076313729434461
2024-11-12,00:00:00,1.39139,1.39319,1.39137,1.39319,3619,1.3796895572191312,BULLISH_ABOVE_EMA200,0.11340879564166674,-0.044502185631524985,0.09331103438871073
2024-11-12,04:00:00,1.39319,1.39485,1.39319,1.39477,5600,1.3798396113761549,BULLISH_ABOVE_EMA200,0.09177140317041145,0.038716060712517826,0.05592319880697197
2024-11-12,08:00:00,1.3948,1.39614,1.39458,1.39605,7314,1.380000908775397,BULLISH_ABOVE_EMA200,-0.2492747394434245,-0.12033952938647641,-0.09311987393002248
2024-11-12,12:00:00,1.39605,1.3967,1.39255,1.39257,7639,1.3801259743597214,BULLISH_ABOVE_EMA200,0.1967585112418022,0.13787457722052907,0.1536727058603739
2024-11-12,16:00:00,1.39255,1.39593,1.39249,1.39531,10342,1.380277059191963,BULLISH_ABOVE_EMA200,-0.06736854175774136,0.017200478746659736,0.21213923787544356
2024-11-12,20:00:00,1.39531,1.39572,1.39384,1.39437,5518,1.3804172874587097,BULLISH_ABOVE_EMA200,0.00860603713504292,0.02725245092764653,0.3901403501222695
2024-11-13,00:00:00,1.3931,1.39523,1.39302,1.39449,3639,1.3805573144491705,BULLISH_ABOVE_EMA200,0.07601345294695988,0.01577637702671851,0.408751586601556
2024-11-13,04:00:00,1.39446,1.39564,1.39442,1.39555,4215,1.380706495399925,BULLISH_ABOVE_EMA200,-0.0573250689692332,0.19490523449534833,0.4148901866647531
2024-11-13,08:00:00,1.39557,1.39615,1.39449,1.39475,6178,1.380846231764105,BULLISH_ABOVE_EMA200,-0.002867897472668221,0.3627890302921717,0.4015056461731528
2024-11-13,12:00:00,1.39475,1.39622,1.39307,1.39471,8283,1.3809841797067508,BULLISH_ABOVE_EMA200,0.25525019538111926,0.39291322210353063,0.47608463408165147
2024-11-13,16:00:00,1.39475,1.3999,1.39471,1.39827,13588,1.381156177918624,BULLISH_ABOVE_EMA200,0.1101360967481314,0.2195570240368547,0.32325659565034504
2024-11-13,20:00:00,1.39826,1.40024,1.39803,1.39981,6049,1.381341788088588,BULLISH_ABOVE_EMA200,0.027146541316324855,0.03857666397582422,0.44005972239089186
2024-11-14,00:00:00,1.399,1.40019,1.39878,1.40019,3649,1.3815293324857167,BULLISH_ABOVE_EMA200,0.08213171069640436,0.08284589948507344,0.4570808247452104
2024-11-14,04:00:00,1.40017,1.40196,1.39996,1.40134,5091,1.3817264535555107,BULLISH_ABOVE_EMA200,-0.07064666676181701,0.10347239071174384,0.35180612841993225
2024-11-14,08:00:00,1.40136,1.40158,1.39937,1.40035,7046,1.3819117624753563,BULLISH_ABOVE_EMA200,0.0714107187488922,0.40132823936872625,0.3263469846823982
2024-11-14,12:00:00,1.40037,1.40202,1.39987,1.40135,9624,1.382105177774109,BULLISH_ABOVE_EMA200,0.10275805473292796,0.37392514361151113,0.34538123951903205
2024-11-14,16:00:00,1.4014,1.40355,1.40031,1.40279,12827,1.3823109969007348,BULLISH_ABOVE_EMA200,0.2266910941766024,0.24807704645741185,0.38066995059845893
2024-11-14,20:00:00,1.40278,1.40645,1.40264,1.40597,8958,1.3825464098668965,BULLISH_ABOVE_EMA200,0.04409766922481027,-0.07468153659039635,0.23898091708927147
2024-11-15,00:00:00,1.40441,1.40711,1.40441,1.40659,4119,1.3827856495697135,BULLISH_ABOVE_EMA200,-0.022750055097796658,-0.02843756887223398,0.05758607696627854
2024-11-15,04:00:00,1.40659,1.40669,1.40535,1.40627,4747,1.3830193246983733,BULLISH_ABOVE_EMA200,-0.0959986346860818,0.132264785567508,0.1656865324582168
2024-11-15,08:00:00,1.4063,1.4068,1.40392,1.40492,7132,1.3832372418655536,BULLISH_ABOVE_EMA200,0.09039660621246082,0.31389687669048955,0.27118981863736663
2024-11-15,12:00:00,1.40491,1.40654,1.40329,1.40619,8354,1.3834656275186328,BULLISH_ABOVE_EMA200,0.13796144191041415,0.08604811583071514,0.14862856370760175
2024-11-15,16:00:00,1.40624,1.41054,1.40574,1.40813,13383,1.3837110441602385,BULLISH_ABOVE_EMA200,0.08521940445838579,0.03337760007953601,-0.48362012030140716
2024-11-15,20:00:00,1.40809,1.41006,1.40748,1.40933,6671,1.3839659591437188,BULLISH_ABOVE_EMA200,-0.13694450554518725,-0.04257342141300717,-0.563388276698861
2024-11-18,00:00:00,1.40832,1.40914,1.40696,1.4074,4768,1.3841991336796022,BULLISH_ABOVE_EMA200,0.0852636066505677,0.06252664487707772,-0.38510729003836724
2024-11-18,04:00:00,1.40743,1.40889,1.40699,1.4086,4952,1.3844419283693574,BULLISH_ABOVE_EMA200,0.009229021723694695,-0.5168252165270605,-0.4571915376970042
2024-11-18,08:00:00,1.40859,1.41023,1.40827,1.40873,6861,1.3846836007238912,BULLISH_ABOVE_EMA200,-0.03194366557112161,-0.5210366784266768,-0.42094652630383333
2024-11-18,12:00:00,1.40875,1.41013,1.40782,1.40828,6907,1.3849183907664395,BULLISH_ABOVE_EMA200,-0.494219899451819,-0.447354219331381,-0.5503166983838387
2024-11-18,16:00:00,1.40827,1.40843,1.40101,1.40132,9513,1.3850815908583156,BULLISH_ABOVE_EMA200,0.004995290154997752,0.05994348185997302,-0.24905089487055015
2024-11-18,20:00:00,1.40132,1.40235,1.40042,1.40139,5668,1.3852438635860937,BULLISH_ABOVE_EMA200,0.04210105680789006,0.100614389998511,-0.4153019502065761
2024-11-19,00:00:00,1.40088,1.40291,1.40077,1.40198,3356,1.38541039230663,BULLISH_ABOVE_EMA200,0.01283898486426832,-0.10342515585100723,-0.43010599295282237
2024-11-19,04:00:00,1.40196,1.40241,1.4009,1.40216,4592,1.3855770550697484,BULLISH_ABOVE_EMA200,0.04564386375306484,-0.3088092657043538,-0.44288811547897877
2024-11-19,08:00:00,1.40217,1.40365,1.40031,1.4028,8704,1.3857484276561192,BULLISH_ABOVE_EMA200,-0.16181921870544583,-0.5153977758768228,-0.3542914171656787
2024-11-19,12:00:00,1.40279,1.40308,1.39751,1.40053,8567,1.385895507977949,BULLISH_ABOVE_EMA200,-0.19278416028218937,-0.3270190570712536,-0.1278087581129971
2024-11-19,16:00:00,1.40056,1.40115,1.39679,1.39783,11215,1.3860142591423477,BULLISH_ABOVE_EMA200,-0.16167917414849653,-0.13449418026511678,0.07797800877074004
2024-11-19,20:00:00,1.39786,1.39848,1.39547,1.39557,5947,1.3861093411409313,BULLISH_ABOVE_EMA200,0.02722901753405755,0.16194099901831716,0.13614508767027184
2024-11-20,00:00:00,1.39548,1.39628,1.39505,1.39595,3421,1.3862072581445042,BULLISH_ABOVE_EMA200,0.0,0.19986389197321325,0.0852466062538074
2024-11-20,04:00:00,1.39594,1.3967,1.39558,1.39595,4000,1.386304200849534,BULLISH_ABOVE_EMA200,0.13467531072028951,0.21275833661663504,0.08238117411081947
2024-11-20,08:00:00,1.39594,1.39798,1.39503,1.39783,6733,1.3864188854181956,BULLISH_ABOVE_EMA200,0.06510090640494112,-0.025754204731613717,-0.020031048124581383
2024-11-20,12:00:00,1.39781,1.39997,1.39752,1.39874,7300,1.3865414835732384,BULLISH_ABOVE_EMA200,0.012868724709370357,-0.1143886640833926,-0.1758725710282203
2024-11-20,16:00:00,1.39873,1.40142,1.39813,1.39892,9528,1.3866646528909177,BULLISH_ABOVE_EMA200,-0.10365138821376142,-0.13010036313727255,-0.23589626283131693
2024-11-20,20:00:00,1.39892,1.39965,1.39744,1.39747,5471,1.3867721687825503,BULLISH_ABOVE_EMA200,-0.02361410262831699,0.005724630940204799,0.0021467366025728274
2024-11-21,00:00:00,1.39727,1.39752,1.39651,1.39714,2982,1.3868753312822264,BULLISH_ABOVE_EMA200,-0.002862991539862863,-0.06155431810699592,-0.025766923858749874
2024-11-21,04:00:00,1.39713,1.39732,1.39638,1.3971,4031,1.3869770692794183,BULLISH_ABOVE_EMA200,0.032209576980893384,-0.1059337198482518,0.09376565743324904
2024-11-21,08:00:00,1.39709,1.39779,1.39549,1.39755,7496,1.3870822725701704,BULLISH_ABOVE_EMA200,-0.09087331401381735,-0.0035776895281103014,0.2039283031018582
2024-11-21,12:00:00,1.39754,1.39769,1.39542,1.39628,7664,1.3871737922460892,BULLISH_ABOVE_EMA200,-0.04726845618356511,0.035809436502703254,0.0694703068152618
2024-11-21,16:00:00,1.39626,1.3969,1.3931,1.39562,11815,1.3872578341142874,BULLISH_ABOVE_EMA200,0.13470715524282267,0.19991115059972256,0.14473853914388662
2024-11-21,20:00:00,1.39563,1.39771,1.39531,1.3975,5960,1.3873597462126528,BULLISH_ABOVE_EMA200,-0.05152057245080886,0.20751341681575133,0.03864042933810268
2024-11-22,00:00:00,1.39594,1.39843,1.39594,1.39678,3581,1.3874534800811835,BULLISH_ABOVE_EMA200,0.11669697446985355,0.03364882085941898,-0.21621157233063193
2024-11-22,04:00:00,1.39678,1.39855,1.39646,1.39841,4583,1.3875625001798781,BULLISH_ABOVE_EMA200,0.1423044743673285,-0.055062535307952416,-0.27674287226207195
2024-11-22,08:00:00,1.39841,1.40209,1.39576,1.4004,9917,1.3876902364964963,BULLISH_ABOVE_EMA200,-0.2249357326478139,-0.1685232790631348,-0.3449014567266575
2024-11-22,12:00:00,1.40039,1.4012,1.39668,1.39725,9865,1.3877853585214068,BULLISH_ABOVE_EMA200,0.027911969940947606,-0.24977634639470336,-0.1202361782072017
2024-11-22,16:00:00,1.39724,1.3993,1.39622,1.39764,11961,1.3878834146555223,BULLISH_ABOVE_EMA200,0.028619673163329324,-0.221802467015834,0.12592656191866172
2024-11-22,20:00:00,1.39764,1.39877,1.39709,1.39804,5111,1.3879844752062138,BULLISH_ABOVE_EMA200,-0.3061428857543303,-0.17667591771336819,0.03647964292867232
2024-11-25,00:00:00,1.39454,1.39523,1.39273,1.39376,4669,1.3880419431146096,BULLISH_ABOVE_EMA200,0.05596372402707645,0.12986453908849926,1.429227413614965
2024-11-25,04:00:00,1.39376,1.39495,1.39325,1.39454,5136,1.3881066003970512,BULLISH_ABOVE_EMA200,0.07385948054556245,0.3485020150013687,1.1631075480086712
2024-11-25,08:00:00,1.39455,1.3976,1.39373,1.39557,7907,1.3881808630796677,BULLISH_ABOVE_EMA200,0.0,0.21353282171442367,1.002457777108991
2024-11-25,12:00:00,1.39561,1.39837,1.39509,1.39557,7886,1.388254386830119,BULLISH_ABOVE_EMA200,0.27443983461954613,1.2976776514255874,1.1543670328253022
2024-11-25,16:00:00,1.39559,1.40071,1.39538,1.3994,11541,1.3883652884536999,BULLISH_ABOVE_EMA200,-0.06074031727883503,0.8117764756324166,0.6188366442761263
2024-11-25,20:00:00,1.39941,1.39953,1.39698,1.39855,6250,1.388466628867096,BULLISH_ABOVE_EMA200,1.0818347574273417,0.7872439312144696,0.4883629473383228
2024-11-26,00:00:00,1.39785,1.41776,1.39775,1.41368,11078,1.3887175081818512,BULLISH_ABOVE_EMA200,-0.20655310961462522,-0.1414747326127555,-0.5404334785807319
2024-11-26,04:00:00,1.41367,1.41448,1.40853,1.41076,7089,1.3889368364586487,BULLISH_ABOVE_EMA200,-0.08506053474723481,-0.19138620318125865,-0.2296634438175104
2024-11-26,08:00:00,1.41075,1.41449,1.40953,1.40956,9315,1.3891420420660254,BULLISH_ABOVE_EMA200,0.15040154374415576,-0.29654644002382663,-0.3305996197394851
2024-11-26,12:00:00,1.40956,1.41212,1.40752,1.41168,9840,1.3893663003539258,BULLISH_ABOVE_EMA200,-0.256432052589819,-0.39952397143829266,-0.5256148702255455
2024-11-26,16:00:00,1.41166,1.41278,1.40537,1.40806,14031,1.3895523073155784,BULLISH_ABOVE_EMA200,-0.1903327983182546,-0.038350638467109704,-0.3756942175759568
2024-11-26,20:00:00,1.40806,1.40917,1.40536,1.40538,7210,1.3897097967950256,BULLISH_ABOVE_EMA200,0.04696238739699461,-0.03415446356145924,-0.17575317707666055
2024-11-27,00:00:00,1.40501,1.40615,1.40441,1.40604,4339,1.3898722863791548,BULLISH_ABOVE_EMA200,0.1052601632955071,-0.12659668288241394,-0.34565161730817506
2024-11-27,04:00:00,1.40605,1.40775,1.4056,1.40752,4848,1.3900478855196607,BULLISH_ABOVE_EMA200,-0.18614300329658312,-0.33747300215982945,-0.38223257928840526
2024-11-27,08:00:00,1.40753,1.40759,1.40341,1.4049,8766,1.3901956677532958,BULLISH_ABOVE_EMA200,-0.04555484376111993,-0.14164709231973352,-0.29753007331483183
2024-11-27,12:00:00,1.40489,1.40652,1.40412,1.40426,8272,1.3903356113577408,BULLISH_ABOVE_EMA200,-0.10610570692037025,-0.21933260222465725,-0.23642345434606052
2024-11-27,16:00:00,1.40425,1.40649,1.4009,1.40277,13157,1.3904593366178628,BULLISH_ABOVE_EMA200,0.009980253355862256,-0.044911140101380156,-0.14400079842027794
2024-11-27,20:00:00,1.40279,1.40354,1.4021,1.40291,5777,1.3905832238156952,BULLISH_ABOVE_EMA200,-0.12331510930850939,-0.1561040979107809,-0.10478220270723583
2024-11-28,00:00:00,1.40224,1.40287,1.40059,1.40118,3717,1.3906886643747431,BULLISH_ABOVE_EMA200,0.068513681325729,-0.017128420331436217,-0.0870694700181275
2024-11-28,04:00:00,1.40119,1.4026,1.40076,1.40214,3964,1.3908026080128055,BULLISH_ABOVE_EMA200,-0.10127376724150064,-0.09913418060963973,-0.1918496013236809
2024-11-28,08:00:00,1.40215,1.40314,1.40066,1.40072,6507,1.390901288530091,BULLISH_ABOVE_EMA200,0.015706208235772248,0.05140213604432392,-0.059969158718369976
2024-11-28,12:00:00,1.40072,1.40138,1.39982,1.40094,4952,1.3910011762064087,BULLISH_ABOVE_EMA200,-0.013562322440656594,-0.06995303153596734,0.12848515996402585
2024-11-28,16:00:00,1.40094,1.40199,1.40031,1.40075,4425,1.3910981794282355,BULLISH_ABOVE_EMA200,0.0492593253614192,-0.0928074245939573,-0.06496519721577486
2024-11-28,20:00:00,1.40073,1.40158,1.40041,1.40144,1668,1.3912010831155168,BULLISH_ABOVE_EMA200,-0.10560566274688361,-0.11131407694942386,-0.08419910948738146
2024-11-29,00:00:00,1.40015,1.40138,1.39937,1.39996,3721,1.3912882365173525,BULLISH_ABOVE_EMA200,-0.03642961227463716,0.19857710220292038,0.2378639389696729
2024-11-29,04:00:00,1.39995,1.4001,1.39802,1.39945,4441,1.3913694480942944,BULLISH_ABOVE_EMA200,0.03072635678301693,0.02786809103575622,0.26296044874771557
2024-11-29,08:00:00,1.39945,1.40125,1.39804,1.39988,6691,1.391454130202809,BULLISH_ABOVE_EMA200,0.20430322599080528,0.027145183872906747,0.21930451181529173
2024-11-29,12:00:00,1.39989,1.40422,1.39959,1.40274,7234,1.3915664274147213,BULLISH_ABOVE_EMA200,-0.2067382408714462,0.0392089767169845,0.04990233400344489
2024-11-29,16:00:00,1.40275,1.40453,1.39984,1.39984,10870,1.3916487515200475,BULLISH_ABOVE_EMA200,0.030003428963316307,0.2350268602125968,0.40933249514230285
2024-11-29,20:00:00,1.39986,1.40102,1.39847,1.40026,8233,1.3917344355845247,BULLISH_ABOVE_EMA200,0.21638838501420207,0.19210718009511513,0.3063716738319958
2024-12-02,00:00:00,1.39896,1.40351,1.39893,1.40329,5095,1.3918494163249773,BULLISH_ABOVE_EMA200,-0.01140177725202474,0.010689166173784072,0.14751049319812842
2024-12-02,04:00:00,1.40328,1.4041,1.40253,1.40313,5896,1.3919616609386591,BULLISH_ABOVE_EMA200,-0.012828462081209083,0.17389693043410073,0.09336269625764701
2024-12-02,08:00:00,1.40311,1.4049,1.40168,1.40295,8656,1.392070997645737,BULLISH_ABOVE_EMA200,0.03492640507502773,0.11404540432660079,-0.06700167504187184
2024-12-02,12:00:00,1.40295,1.40475,1.40182,1.40344,8873,1.3921841220472722,BULLISH_ABOVE_EMA200,0.15176993672689715,0.1368067035284673,0.03348914096790532
2024-12-02,16:00:00,1.40345,1.40894,1.40276,1.40557,12951,1.3923173148627221,BULLISH_ABOVE_EMA200,-0.07256842419801368,-0.08039443072917574,-0.027746750428643926
2024-12-02,20:00:00,1.40557,1.40588,1.40376,1.40455,6458,1.3924390331227947,BULLISH_ABOVE_EMA200,0.057669716279233736,-0.18084083870278642,0.16944928980812707
2024-12-03,00:00:00,1.40409,1.40582,1.40391,1.40536,3610,1.3925675999573939,BULLISH_ABOVE_EMA200,-0.06546365344111345,-0.10317641031479133,0.1252348152786463
2024-12-03,04:00:00,1.40535,1.4064,1.40437,1.40444,4523,1.3926857332911513,BULLISH_ABOVE_EMA200,-0.17302269943891746,0.05269004015836811,0.1303010452564722
2024-12-03,08:00:00,1.40444,1.40492,1.40088,1.40201,7442,1.3927785120643736,BULLISH_ABOVE_EMA200,0.13551971811898722,0.350924743760746,0.3445053886919574
2024-12-03,12:00:00,1.40199,1.40484,1.40179,1.40391,7652,1.3928892731383602,BULLISH_ABOVE_EMA200,0.09046163927887858,0.2286471355001343,0.19232002051413016
2024-12-03,16:00:00,1.4039,1.40756,1.4026,1.40518,12287,1.3930115689280285,BULLISH_ABOVE_EMA200,0.12453920494170984,0.07757013336368389,0.09749640615436252
2024-12-03,20:00:00,1.40521,1.40721,1.40474,1.40693,5778,1.393150060779491,BULLISH_ABOVE_EMA200,0.013504580895987182,-0.006396906740201963,0.025587626960823635
2024-12-04,00:00:00,1.40595,1.40796,1.40595,1.40712,3585,1.3932890651498446,BULLISH_ABOVE_EMA200,-0.06040707260219579,-0.036244243561317474,0.0014213428847668305
2024-12-04,04:00:00,1.40713,1.40828,1.40603,1.40627,5424,1.393418228680692,BULLISH_ABOVE_EMA200,0.04053275686747079,0.019910827934895715,0.038399453874432714
2024-12-04,08:00:00,1.40627,1.40818,1.4055,1.40684,7156,1.393551778644068,BULLISH_ABOVE_EMA200,-0.016348696369180182,0.031986579852708155,-0.05970828239175556
2024-12-04,12:00:00,1.40684,1.40693,1.40517,1.40661,7543,1.3936817111948736,BULLISH_ABOVE_EMA200,-0.004265574679545075,0.037679243002690266,-0.22109895422327058
2024-12-04,16:00:00,1.40659,1.40796,1.40518,1.40655,11549,1.3938097538695515,BULLISH_ABOVE_EMA200,0.05261099854253051,0.018484945433857806,-0.09242472716930482
2024-12-04,20:00:00,1.40654,1.40746,1.40573,1.40729,6882,1.3939438856718445,BULLISH_ABOVE_EMA200,-0.010658783903806071,-0.09166554157281111,-0.34463401289002416
2024-12-05,00:00:00,1.40612,1.40791,1.40611,1.40714,2953,1.3940751902920252,BULLISH_ABOVE_EMA200,-0.023451824267675107,-0.2586807282857489,-0.21746237048197495
2024-12-05,04:00:00,1.40713,1.40736,1.40653,1.40681,3186,1.3942019048164829,BULLISH_ABOVE_EMA200,-0.05757707153062442,-0.11088917479970883,-0.24950064329937252
2024-12-05,08:00:00,1.4068,1.40734,1.40547,1.406,5334,1.3943192987984085,BULLISH_ABOVE_EMA200,-0.17780938833570037,-0.25320056899004323,-0.15220483641534915
2024-12-05,12:00:00,1.406,1.40632,1.4035,1.4035,6750,1.3944106490591208,BULLISH_ABOVE_EMA200,0.12468827930175563,0.04132525828286605,0.39686498040613294
2024-12-05,16:00:00,1.4035,1.40598,1.40099,1.40525,11329,1.3945185032973386,BULLISH_ABOVE_EMA200,-0.19996441914251561,-0.13876534424480472,0.7230030243728836
2024-12-05,20:00:00,1.40525,1.40664,1.4017,1.40244,5764,1.3945973241600518,BULLISH_ABOVE_EMA200,0.11693904908588502,0.10125210347681175,0.9340863067225773
2024-12-06,00:00:00,1.40244,1.40426,1.40174,1.40408,3304,1.394691679143534,BULLISH_ABOVE_EMA200,-0.05555239017719809,0.35539285510797464,0.7955387157426858
2024-12-06,04:00:00,1.40408,1.40429,1.40263,1.4033,3950,1.3947773340774292,BULLISH_ABOVE_EMA200,0.03990593600798945,0.8629658661725979,0.9670063421934071
2024-12-06,08:00:00,1.40331,1.40437,1.40264,1.40386,5553,1.3948677088627286,BULLISH_ABOVE_EMA200,0.3711196273132603,0.8319917940535317,0.7393899676605811
2024-12-06,12:00:00,1.40386,1.40947,1.40364,1.40907,9223,1.3950090251924527,BULLISH_ABOVE_EMA200,0.4499421604320589,0.4385871532287148,0.07451723477187047
2024-12-06,16:00:00,1.40908,1.41571,1.40861,1.41541,15639,1.3952120199666571,BULLISH_ABOVE_EMA200,0.009184617884567968,0.10315032393440889,-0.13070417758812847
2024-12-06,20:00:00,1.4154,1.41643,1.4147,1.41554,5868,1.3954142884247005,BULLISH_ABOVE_EMA200,-0.020486881331514724,-0.09183774389986005,0.11303106941520874
2024-12-09,00:00:00,1.41513,1.41644,1.41476,1.41525,3434,1.3956116586891314,BULLISH_ABOVE_EMA200,0.11446740858506814,-0.3624801271859995,0.15615615615615935
2024-12-09,04:00:00,1.41526,1.4173,1.41474,1.41687,3898,1.3958231844733193,BULLISH_ABOVE_EMA200,-0.185620416834299,-0.2336135284112266,0.05152201683992867
2024-12-09,08:00:00,1.41688,1.41746,1.41366,1.41424,6552,1.3960064363691072,BULLISH_ABOVE_EMA200,-0.2913225477995179,0.20505713315986854,0.24041181129087494
2024-12-09,12:00:00,1.41422,1.41422,1.40931,1.41012,6735,1.3961468698380712,BULLISH_ABOVE_EMA200,0.2439508694295441,0.5205230760502583,0.44322469009728727
2024-12-09,16:00:00,1.41011,1.41364,1.4099,1.41356,10320,1.3963201348148069,BULLISH_ABOVE_EMA200,0.25326126941906524,0.28580322023826676,0.22142675231331374
2024-12-09,20:00:00,1.41357,1.41732,1.41357,1.41714,5752,1.3965272976524705,BULLISH_ABOVE_EMA200,0.02258069068686763,0.03528232919824047,0.06844771864458807
2024-12-10,00:00:00,1.41671,1.41852,1.41671,1.41746,3219,1.3967355832479684,BULLISH_ABOVE_EMA200,0.009876821920902812,-0.0768981135270156,-0.0677267788861661
2024-12-10,04:00:00,1.41745,1.41896,1.41685,1.4176,5240,1.3969431893848046,BULLISH_ABOVE_EMA200,0.0028216704288967272,-0.06419300225733397,-0.0677200902934588
2024-12-10,08:00:00,1.41759,1.41947,1.4167,1.41764,6293,1.3971491277988863,BULLISH_ABOVE_EMA200,-0.0895855083095923,0.033153692051576596,0.05995880477413289
2024-12-10,12:00:00,1.41765,1.4177,1.41573,1.41637,7266,1.3973403802585989,BULLISH_ABOVE_EMA200,0.022592966527114948,0.009178392651650737,0.03600754040257916
2024-12-10,16:00:00,1.41634,1.41939,1.41567,1.41669,10581,1.397532913788364,BULLISH_ABOVE_EMA200,0.10023364321058079,-0.003529353634182885,-0.05364617523947328
2024-12-10,20:00:00,1.4167,1.41811,1.41554,1.41811,5457,1.397737660914848,BULLISH_ABOVE_EMA200,-0.1135313903716841,0.02679622878338401,-0.16007220878493164
2024-12-11,00:00:00,1.41664,1.41805,1.41646,1.4165,2839,1.3979243508559938,BULLISH_ABOVE_EMA200,0.009883515707716692,0.02682668549239851,-0.12072008471585599
2024-12-11,04:00:00,1.41652,1.41691,1.41589,1.41664,3924,1.3981105762206107,BULLISH_ABOVE_EMA200,0.13059069347188626,-0.050118590467584455,-0.14894398012196708
2024-12-11,08:00:00,1.41663,1.41911,1.4163,1.41849,7497,1.3983133565567243,BULLISH_ABOVE_EMA200,-0.1135009763903948,-0.18681837728852804,-0.3412079041797937
2024-12-11,12:00:00,1.41846,1.41932,1.41584,1.41688,8441,1.398498099277553,BULLISH_ABOVE_EMA200,-0.0670487267799677,-0.14750719891592268,0.0014115521427454
2024-12-11,16:00:00,1.41688,1.41967,1.41194,1.41593,14873,1.398671551026035,BULLISH_ABOVE_EMA200,-0.006356246424605982,-0.09887494438283291,0.2267061224778172
2024-12-11,20:00:00,1.41591,1.417,1.41468,1.41584,6654,1.3988423813640845,BULLISH_ABOVE_EMA200,-0.07416092213809437,-0.1546784947451629,0.44214035484235026
2024-12-12,00:00:00,1.41567,1.41595,1.41357,1.41479,3951,1.3990010641365813,BULLISH_ABOVE_EMA200,-0.018377285674900653,0.14913874143866274,0.6085708833113046
2024-12-12,04:00:00,1.41479,1.41548,1.41443,1.41453,3954,1.3991555809113416,BULLISH_ABOVE_EMA200,-0.062211476603535584,0.32590330357079755,0.6376676351862476
2024-12-12,08:00:00,1.41454,1.41512,1.41308,1.41365,6611,1.3992998039868507,BULLISH_ABOVE_EMA200,0.22990131927987656,0.5977434301276727,0.6104764262724094
2024-12-12,12:00:00,1.41368,1.41747,1.41332,1.4169,8179,1.3994749303153398,BULLISH_ABOVE_EMA200,0.15809160844096404,0.4587479709224328,0.30136212859058475
2024-12-12,16:00:00,1.41691,1.41997,1.4162,1.41914,13283,1.3996706026505106,BULLISH_ABOVE_EMA200,0.2085770255224891,0.310751581943996,0.2790422368476657
2024-12-12,20:00:00,1.41918,1.42274,1.41856,1.4221,7580,1.39989378073359,BULLISH_ABOVE_EMA200,0.0914141058997313,0.01265733773996688,0.09493003304972818
2024-12-13,00:00:00,1.4209,1.42391,1.4209,1.4234,4217,1.4001276734626091,BULLISH_ABOVE_EMA200,0.010538148096114551,-0.15666713502880106,-0.10748911058030287
2024-12-13,04:00:00,1.4234,1.42435,1.42334,1.42355,4418,1.4003607314381057,BULLISH_ABOVE_EMA200,-0.08921358575393237,-0.031611113062418705,-0.0716518562748074
2024-12-13,08:00:00,1.42355,1.42393,1.4222,1.42228,6234,1.400578833612851,BULLISH_ABOVE_EMA200,-0.07804370447450182,0.08226228309475739,0.05906010068340636
2024-12-13,12:00:00,1.42228,1.42279,1.4209,1.42117,6818,1.400783720840584,BULLISH_ABOVE_EMA200,0.13580359844353507,0.0492551911453185,0.2666816777725367
2024-12-13,16:00:00,1.42116,1.42451,1.42094,1.4231,11070,1.4010057733695334,BULLISH_ABOVE_EMA200,0.02459419576980342,-0.040053404539383,-0.020378047923555864
2024-12-13,20:00:00,1.42312,1.42402,1.4223,1.42345,5319,1.4012290990076475,BULLISH_ABOVE_EMA200,-0.11099792757034926,-0.0231831114545761,0.06111911201657426
2024-12-16,00:00:00,1.42304,1.42372,1.42174,1.42187,3679,1.4014344811070738,BULLISH_ABOVE_EMA200,0.04641774564482723,0.21731944551893193,0.1561324171689473
2024-12-16,04:00:00,1.42187,1.42296,1.42164,1.42253,3650,1.4016443867677,BULLISH_ABOVE_EMA200,0.041475399464325415,0.019683240423740513,0.26712969146520815
2024-12-16,08:00:00,1.42253,1.42322,1.42193,1.42312,5432,1.4018580744615539,BULLISH_ABOVE_EMA200,0.12929338355163753,0.08432177188150612,0.32674686604081477
2024-12-16,12:00:00,1.42312,1.42538,1.42289,1.42496,5470,1.4020879443674092,BULLISH_ABOVE_EMA200,-0.15088142825062434,-0.06105434538512845,0.17544352122164458
2024-12-16,16:00:00,1.42496,1.42702,1.42224,1.42281,10658,1.4022941339756938,BULLISH_ABOVE_EMA200,0.1061280142816063,0.2473977551465192,0.5826498267512972
2024-12-16,20:00:00,1.4228,1.42505,1.42244,1.42432,5455,1.402513296821707,BULLISH_ABOVE_EMA200,-0.01614805661648734,0.24222084924735685,0.46829364187822636
2024-12-17,00:00:00,1.42315,1.42423,1.42315,1.42409,3192,1.4027279903856702,BULLISH_ABOVE_EMA200,0.15729342948830619,0.23664234704266393,0.5119058486472076
2024-12-17,04:00:00,1.4241,1.42652,1.42409,1.42633,3616,1.4029628362524795,BULLISH_ABOVE_EMA200,0.10095840373545292,0.3344247123737102,0.43538311610916314
2024-12-17,08:00:00,1.42632,1.42906,1.42574,1.42777,6174,1.4032096737027038,BULLISH_ABOVE_EMA200,-0.021712180533281444,0.22552652037793205,0.3607023540206047
2024-12-17,12:00:00,1.42772,1.42971,1.42612,1.42746,7895,1.4034509704817815,BULLISH_ABOVE_EMA200,0.25499838874645087,0.27461364941925837,0.26340492903478807
2024-12-17,16:00:00,1.42745,1.43233,1.42707,1.4311,11693,1.4037260852033557,BULLISH_ABOVE_EMA200,-0.007686395080710956,0.10062189923834015,0.15163161204667774
2024-12-17,20:00:00,1.4311,1.43156,1.43038,1.43099,5399,1.4039973679376507,BULLISH_ABOVE_EMA200,0.027253859216354585,0.13487166227576622,0.9601744246989906
2024-12-18,00:00:00,1.4306,1.43155,1.4306,1.43138,2501,1.4042698319382712,BULLISH_ABOVE_EMA200,0.08104067403483545,-0.01117802400481773,0.815297125850567
2024-12-18,04:00:00,1.43137,1.43292,1.43113,1.43254,3859,1.4045511271428657,BULLISH_ABOVE_EMA200,0.02652630991107034,0.05095843746074242,0.7950912365448792
2024-12-18,08:00:00,1.43253,1.43315,1.43172,1.43292,5562,1.4048334044847277,BULLISH_ABOVE_EMA200,-0.11863886330011689,0.8241911621025666,0.4501298048739683
2024-12-18,12:00:00,1.43294,1.43307,1.43078,1.43122,5773,1.4050959576739346,BULLISH_ABOVE_EMA200,0.14323444334205135,0.8265675437738438,0.4534592864828682
2024-12-18,16:00:00,1.43122,1.43391,1.43045,1.43327,9309,1.4053762964035472,BULLISH_ABOVE_EMA200,0.799570213567578,0.7437537937722754,0.32373523481269945
2024-12-18,20:00:00,1.43326,1.44491,1.43236,1.44473,16053,1.4057678755438106,BULLISH_ABOVE_EMA200,-0.11628470371627402,-0.3710035785233249,-0.3301654980515503
2024-12-19,00:00:00,1.44408,1.44667,1.44299,1.44305,5787,1.4061388419563101,BULLISH_ABOVE_EMA200,0.06098194795745067,-0.37004954783270855,-0.0783063649908079
2024-12-19,04:00:00,1.44305,1.44431,1.44275,1.44393,5285,1.4065148733796304,BULLISH_ABOVE_EMA200,-0.3158047827803216,-0.4169177176178841,-0.16552048922038412
2024-12-19,08:00:00,1.44395,1.44415,1.43891,1.43937,8069,1.4068417900624204,BULLISH_ABOVE_EMA200,-0.11532823388009997,0.04099015541520724,-0.04863238778077526
2024-12-19,12:00:00,1.43934,1.43971,1.43576,1.43771,10476,1.4071489364299585,BULLISH_ABOVE_EMA200,0.013911011260962083,0.2928267870432874,0.1092014383985539
2024-12-19,16:00:00,1.43768,1.43805,1.4344,1.43791,14353,1.4074550166644864,BULLISH_ABOVE_EMA200,0.14256803276977595,0.25244973607527743,-0.2072452378799774
2024-12-19,20:00:00,1.4379,1.44011,1.43646,1.43996,7696,1.4077784493344916,BULLISH_ABOVE_EMA200,0.13611489208034833,-0.08958582182838505,-0.20625572932580888
2024-12-20,00:00:00,1.43929,1.4421,1.43872,1.44192,4157,1.4081181662565365,BULLISH_ABOVE_EMA200,-0.026353750554819054,-0.18308921438083928,-0.4487072791833248
2024-12-20,04:00:00,1.44193,1.44351,1.44151,1.44154,4771,1.408450721816173,BULLISH_ABOVE_EMA200,-0.19909263704095273,-0.45853739750544587,-0.383617520152062
2024-12-20,08:00:00,1.44153,1.44196,1.43703,1.43867,7574,1.4087514111513355,BULLISH_ABOVE_EMA200,0.04240027247388209,-0.11677452091166868,-0.025023111623924593
2024-12-20,12:00:00,1.43865,1.43933,1.43695,1.43928,7968,1.409055178204556,BULLISH_ABOVE_EMA200,-0.3022344505586025,-0.2661052748596521,0.2723584014229438
2024-12-20,16:00:00,1.43927,1.43965,1.43352,1.43493,14097,1.4093126391179436,BULLISH_ABOVE_EMA200,0.14356100994473256,0.07526499550500511,0.19582836793432287
2024-12-20,20:00:00,1.43498,1.43755,1.43497,1.43699,7263,1.409588035743636,BULLISH_ABOVE_EMA200,-0.10716845628710686,0.09185867681751354,0.014613880402789407
2024-12-23,00:00:00,1.43625,1.43686,1.43526,1.43545,3191,1.4098453687213113,BULLISH_ABOVE_EMA200,0.03901215646662134,0.5399003796718901,0.16858824758787064
2024-12-23,04:00:00,1.43542,1.43612,1.43488,1.43601,3323,1.4101057133111492,BULLISH_ABOVE_EMA200,0.16016601555699253,0.12047269865808799,0.16155876351836684
2024-12-23,08:00:00,1.436,1.43893,1.4359,1.43831,5572,1.410386352979695,BULLISH_ABOVE_EMA200,0.33998234038559566,-0.07717390548629602,0.08968859286245756
2024-12-23,12:00:00,1.4383,1.44324,1.4382,1.4432,6443,1.4107128569301457,BULLISH_ABOVE_EMA200,-0.37832594235033395,-0.36931818181818576,-0.3090354767184126
2024-12-23,16:00:00,1.44318,1.4433,1.43714,1.43774,10889,1.4109817837268608,BULLISH_ABOVE_EMA200,-0.03755894668020539,0.04103662692837999,-0.013910720992667519
2024-12-23,20:00:00,1.43772,1.43799,1.43666,1.4372,6125,1.411242661500723,BULLISH_ABOVE_EMA200,0.046618424714719484,0.1669913721124379,-0.1683829668800507
2024-12-24,00:00:00,1.43636,1.43839,1.43636,1.43787,2721,1.4115076101425068,BULLISH_ABOVE_EMA200,0.03199176559773324,0.06050616536960409,-0.15230862317176896
2024-12-24,04:00:00,1.43787,1.43863,1.43731,1.43833,3265,1.4117744995938253,BULLISH_ABOVE_EMA200,0.08829684425687306,-0.05492480863223797,-0.11054486800666065
2024-12-24,08:00:00,1.43833,1.43987,1.43726,1.4396,3621,1.412051370244633,BULLISH_ABOVE_EMA200,-0.05973881633787739,-0.3348152264517954,-0.01250347318700118
2024-12-24,12:00:00,1.43963,1.44201,1.4387,1.43874,5242,1.4123169287496613,BULLISH_ABOVE_EMA200,-0.08340631385794987,-0.2126861003377845,0.05212894616122638
2024-12-24,16:00:00,1.43875,1.43923,1.4363,1.43754,8055,1.412567904582998,BULLISH_ABOVE_EMA200,-0.19199465753997075,-0.05565062537391196,0.290078884761468
2024-12-24,20:00:00,1.43756,1.43756,1.43435,1.43478,2902,1.4127889204577941,BULLISH_ABOVE_EMA200,0.06272738677707544,0.32339452738398766,0.4077280140509439
2024-12-26,00:00:00,1.43545,1.43657,1.43505,1.43568,2678,1.4130166923935377,BULLISH_ABOVE_EMA200,0.07383260893791366,0.26537947174856996,0.38796946394738746
2024-12-26,04:00:00,1.43569,1.43676,1.43498,1.43674,3326,1.4132527452055423,BULLISH_ABOVE_EMA200,0.18653340200732324,0.3459220179016482,0.28884836504865863
2024-12-26,08:00:00,1.43673,1.44043,1.43657,1.43942,4028,1.4135131159000145,BULLISH_ABOVE_EMA200,0.004863069847578503,0.08406163593670753,0.05974628669881501
2024-12-26,12:00:00,1.43941,1.44028,1.43806,1.43949,4301,1.4137715923587209,BULLISH_ABOVE_EMA200,0.15422128670571597,0.12226552459551535,-0.013199119132464448
2024-12-26,16:00:00,1.43951,1.44196,1.43872,1.44171,7023,1.4140495864646043,BULLISH_ABOVE_EMA200,-0.07491104313627357,-0.056876903121990056,0.13733691241649643
2024-12-26,20:00:00,1.44178,1.44202,1.44039,1.44063,4868,1.4143140681913247,BULLISH_ABOVE_EMA200,0.04303672698748762,-0.02429492652520581,0.05483711987115681
2024-12-27,00:00:00,1.43992,1.44153,1.43985,1.44125,2815,1.4145820874133015,BULLISH_ABOVE_EMA200,-0.02497831743277821,-0.13529921942757303,-0.09019947961837689
2024-12-27,04:00:00,1.44126,1.44149,1.43965,1.44089,3369,1.4148438576877962,BULLISH_ABOVE_EMA200,-0.0423349457626883,0.19432434120577655,-0.1131245272019391
2024-12-27,08:00:00,1.44088,1.44103,1.43921,1.44028,4550,1.4150969536312012,BULLISH_ABOVE_EMA200,-0.06804232510345079,0.07915127614074478,-0.07984558558058047
2024-12-27,12:00:00,1.44029,1.44112,1.43746,1.4393,5447,1.4153377799632292,BULLISH_ABOVE_EMA200,0.30500937955950075,0.04516084207601191,0.10213298131036491
2024-12-27,16:00:00,1.43929,1.4449,1.43913,1.44369,9775,1.4156198916053861,BULLISH_ABOVE_EMA200,-0.1572359717113781,-0.30685257915480013,-0.5430528714613142
2024-12-27,20:00:00,1.44374,1.44374,1.44082,1.44142,5500,1.4158766091018502,BULLISH_ABOVE_EMA200,-0.10198276699364935,-0.15887111320780226,-0.4176437124502168
2024-12-30,00:00:00,1.44126,1.44148,1.43984,1.43995,2290,1.4161161453296924,BULLISH_ABOVE_EMA200,-0.04791833049759224,0.05694642175075822,-0.39376367234973875
2024-12-30,04:00:00,1.43993,1.44017,1.43913,1.43926,3103,1.41634643244084,BULLISH_ABOVE_EMA200,-0.009032419437764092,-0.23692730986756477,-0.3098814668649103
2024-12-30,08:00:00,1.43926,1.44103,1.43851,1.43913,4831,1.4165731346056079,BULLISH_ABOVE_EMA200,0.11395773835581817,-0.25918436833364683,-0.15217527256049934
2024-12-30,12:00:00,1.4392,1.44078,1.43723,1.44077,6317,1.416813899435403,BULLISH_ABOVE_EMA200,-0.3414840675472168,-0.45045357690680027,-0.04025625186532374
2024-12-30,16:00:00,1.44075,1.44325,1.43554,1.43585,11023,1.417003313371369,BULLISH_ABOVE_EMA200,-0.03134032106418229,-0.07312741581641503,0.215899989553218
2024-12-30,20:00:00,1.43585,1.43631,1.43445,1.4354,5946,1.4171863649796141,BULLISH_ABOVE_EMA200,-0.07802703079281105,0.107287167340121,0.19297756722864282
2024-12-31,00:00:00,1.43469,1.43615,1.43416,1.43428,2547,1.4173564509002152,BULLISH_ABOVE_EMA200,0.03625512452241375,0.41205343447584025,0.20986139387009212
2024-12-31,04:00:00,1.43428,1.43513,1.43378,1.4348,2923,1.4175300185529496,BULLISH_ABOVE_EMA200,0.14914970727627758,0.28923891831613296,0.15960412601058704
2024-12-31,08:00:00,1.43479,1.43794,1.43468,1.43694,4999,1.4177231526967013,BULLISH_ABOVE_EMA200,0.22617506646067162,0.08559856361433618,0.3124695533564298
2024-12-31,12:00:00,1.43694,1.44078,1.43659,1.44019,6153,1.4179467034161373,BULLISH_ABOVE_EMA200,-0.0860997507273436,-0.2013623202494202,0.13401009589012472
2024-12-31,16:00:00,1.44019,1.44089,1.43637,1.43895,11991,1.4181556914418474,BULLISH_ABOVE_EMA200,-0.05420619201501115,-0.12926091942040882,0.09242850689739418
2024-12-31,20:00:00,1.43896,1.43954,1.43716,1.43817,5176,1.4183548387906848,BULLISH_ABOVE_EMA200,-0.06118887196923812,0.2266769575224098,0.1453235709269521
2025-01-02,00:00:00,1.4377,1.43857,1.43687,1.43729,3197,1.4185432483549567,BULLISH_ABOVE_EMA200,-0.013915076289404226,0.3360490923891568,0.12453993279017861
2025-01-02,04:00:00,1.43726,1.43796,1.43709,1.43709,3668,1.418727793147445,BULLISH_ABOVE_EMA200,0.30199917889624245,0.22197635499516566,0.147520336235039
2025-01-02,08:00:00,1.43706,1.44219,1.43706,1.44143,5612,1.4189536857529432,BULLISH_ABOVE_EMA200,0.047869129961224575,-0.08116939428205971,-0.17066385464433975
2025-01-02,12:00:00,1.44141,1.44314,1.44094,1.44212,7146,1.4191841963424663,BULLISH_ABOVE_EMA200,-0.1275899370371442,-0.21080076553963287,-0.04992649710149321
2025-01-02,16:00:00,1.4421,1.44417,1.43919,1.44028,12688,1.419394104836571,BULLISH_ABOVE_EMA200,-0.0013886188796559682,-0.07429111006192576,0.3749270975088227
2025-01-02,20:00:00,1.44028,1.44197,1.43962,1.44026,6093,1.4196017256839684,BULLISH_ABOVE_EMA200,-0.08192965159069757,-0.08956716148473284,0.3110549484120796
2025-01-03,00:00:00,1.43935,1.44097,1.43889,1.43908,3084,1.4197955393587547,BULLISH_ABOVE_EMA200,0.009033549212009445,0.16121410901409927,0.06462462128582827
2025-01-03,04:00:00,1.43909,1.43949,1.43828,1.43921,3474,1.4199887180716029,BULLISH_ABOVE_EMA200,-0.01667581520417576,0.44955218487920284,-0.018760292104695802
2025-01-03,08:00:00,1.43921,1.4403,1.43842,1.43897,6069,1.4201775865485025,BULLISH_ABOVE_EMA200,0.16887078952305692,0.4009812574271758,-0.10841087722468196
2025-01-03,12:00:00,1.43898,1.44192,1.43885,1.4414,6021,1.4203887548415524,BULLISH_ABOVE_EMA200,0.2969335368391884,-0.0964340224781464,-0.7569030109615634
2025-01-03,16:00:00,1.44139,1.44617,1.44086,1.44568,10326,1.4206404090222335,BULLISH_ABOVE_EMA200,-0.0650213048530908,-0.4662165901167595,-0.6439876044491278
2025-01-03,20:00:00,1.44567,1.44631,1.44395,1.44474,4990,1.4208802059473855,BULLISH_ABOVE_EMA200,-0.3273945485000693,-0.5073577252654343,-0.796683140218995
2025-01-06,00:00:00,1.44479,1.4449,1.43974,1.44001,4024,1.4210705521568645,BULLISH_ABOVE_EMA200,-0.07430503954832983,-0.6611065200936086,-0.4465246769119614
2025-01-06,04:00:00,1.44,1.44062,1.43877,1.43894,4919,1.4212483576080401,BULLISH_ABOVE_EMA200,-0.10632826942054785,-0.17860369438615809,-0.5191321389356115
2025-01-06,08:00:00,1.43893,1.4399,1.43583,1.43741,6848,1.4214091699701494,BULLISH_ABOVE_EMA200,-0.48142144551659144,-0.2908008153554012,-0.500205230240504
2025-01-06,12:00:00,1.43741,1.438,1.42993,1.43049,12221,1.4214995264878596,BULLISH_ABOVE_EMA200,0.41104796258623866,0.2160098987060404,0.10975260225517629
2025-01-06,16:00:00,1.43042,1.43788,1.42794,1.43637,16201,1.421647491398428,BULLISH_ABOVE_EMA200,-0.21860662642633313,-0.3411377291366364,-0.13715129110187677
2025-01-06,20:00:00,1.43634,1.43731,1.43282,1.43323,6991,1.4217627402402346,BULLISH_ABOVE_EMA200,0.02442036518912334,-0.21001514062641427,0.26722856764092295
2025-01-07,00:00:00,1.43313,1.43494,1.43284,1.43358,3710,1.4218803249144611,BULLISH_ABOVE_EMA200,-0.14718397299069855,-0.10602826490324682,0.09137962304161067
2025-01-07,04:00:00,1.43357,1.4337,1.43116,1.43147,4831,1.4219757445670538,BULLISH_ABOVE_EMA200,-0.08732282199417196,0.20468469475433487,0.19350737353908493
2025-01-07,08:00:00,1.43146,1.43216,1.43016,1.43022,6751,1.4220577769594214,BULLISH_ABOVE_EMA200,0.12865153612731353,0.47824810169064597,0.43000377564289954
2025-01-07,12:00:00,1.43021,1.43229,1.42974,1.43206,7002,1.4221573015667903,BULLISH_ABOVE_EMA200,0.1634009748194759,0.19761741826459003,0.5209278940826362
2025-01-07,16:00:00,1.43208,1.43656,1.4317,1.4344,14541,1.4222791194616482,BULLISH_ABOVE_EMA200,0.1854433909648708,-0.011154489682092721,0.32417735638594836
2025-01-07,20:00:00,1.43444,1.43708,1.4338,1.43706,7219,1.4224261928998407,BULLISH_ABOVE_EMA200,-0.15100274170876687,-0.04801469667237829,0.030618067443251913
2025-01-08,00:00:00,1.43585,1.43672,1.43478,1.43489,3718,1.422550210880937,BULLISH_ABOVE_EMA200,-0.0452996396936378,0.3226728181254251,0.1958338269832516
2025-01-08,04:00:00,1.43487,1.43519,1.4342,1.43424,4014,1.4226665271905794,BULLISH_ABOVE_EMA200,0.14851070950468298,0.33536925479696433,0.21683958054439606
2025-01-08,08:00:00,1.43423,1.43693,1.43389,1.43637,6689,1.4228028801538573,BULLISH_ABOVE_EMA200,0.2193028258735553,0.07867053753559845,0.14272088667962346
2025-01-08,12:00:00,1.43637,1.44093,1.43622,1.43952,10427,1.4229692196548138,BULLISH_ABOVE_EMA200,-0.03264977214626893,-0.12643103256640637,-0.0027787040124359484
2025-01-08,16:00:00,1.4395,1.44063,1.43746,1.43905,12246,1.4231292274194427,BULLISH_ABOVE_EMA200,-0.10770994753482788,-0.11813349084465688,0.03613495014072311
2025-01-08,20:00:00,1.43904,1.43933,1.43723,1.4375,7398,1.4232722201814383,BULLISH_ABOVE_EMA200,0.013913043478259337,0.06400000000000222,0.1245217391304319
2025-01-09,00:00:00,1.43738,1.43856,1.43711,1.4377,3202,1.423415780179633,BULLISH_ABOVE_EMA200,-0.024344439034574145,0.12380886137581656,0.163455519232112
2025-01-09,04:00:00,1.43772,1.43808,1.43648,1.43735,4036,1.4235544291330695,BULLISH_ABOVE_EMA200,0.07444255052702031,0.1544508992242746,0.29846592687933543
2025-01-09,08:00:00,1.43736,1.44044,1.43708,1.43842,6982,1.4237023452610986,BULLISH_ABOVE_EMA200,0.0736919675755385,0.06048302999123527,0.18144908997372125
2025-01-09,12:00:00,1.43844,1.43985,1.43804,1.43948,6646,1.4238593368505406,BULLISH_ABOVE_EMA200,0.006252257759741259,0.03959763247839215,0.05557562453107455
2025-01-09,16:00:00,1.43948,1.44039,1.43876,1.43957,7062,1.424015661857003,BULLISH_ABOVE_EMA200,-0.019450252505960667,0.1437929381690377,0.13406781191605738
2025-01-09,20:00:00,1.43959,1.43997,1.43877,1.43929,3609,1.4241676453211125,BULLISH_ABOVE_EMA200,0.0528038129911341,0.1208929402691657,0.21191003897755123
2025-01-10,00:00:00,1.4392,1.44024,1.4392,1.44005,3084,1.424325678701002,BULLISH_ABOVE_EMA200,0.11041283288774559,0.015971667650425504,0.15207805284538134
2025-01-10,04:00:00,1.44007,1.44174,1.43998,1.44164,3976,1.4244979605049721,BULLISH_ABOVE_EMA200,-0.042312921395077786,-0.009711162287396923,0.12485780083793623
2025-01-10,08:00:00,1.44165,1.44218,1.43946,1.44103,6395,1.4246624584103953,BULLISH_ABOVE_EMA200,-0.05204610591035776,0.09090719832341605,0.17487491585880083
2025-01-10,12:00:00,1.441,1.44366,1.43826,1.44028,9418,1.4248178568341725,BULLISH_ABOVE_EMA200,0.08470575165939948,0.13608465020690158,0.03610409087122476
2025-01-10,16:00:00,1.44027,1.44427,1.43751,1.4415,16048,1.4249838483084594,BULLISH_ABOVE_EMA200,0.05827263267429427,0.13458203260492907,-0.04717308359347998
2025-01-10,20:00:00,1.44151,1.44369,1.44144,1.44234,7799,1.425156546335241,BULLISH_ABOVE_EMA200,-0.006933178030144694,0.08389145416477083,-0.31753955378066395
2025-01-13,00:00:00,1.44167,1.44279,1.44105,1.44224,4088,1.4253265309488206,BULLISH_ABOVE_EMA200,0.08320390503661595,-0.09984468604392376,-0.3238018637674695
2025-01-13,04:00:00,1.44223,1.44471,1.44165,1.44344,5058,1.4255067644717179,BULLISH_ABOVE_EMA200,0.00762068392174628,-0.18151083522696246,-0.3547081970847429
2025-01-13,08:00:00,1.44342,1.44427,1.44142,1.44355,7757,1.4256862991535915,BULLISH_ABOVE_EMA200,-0.19050258044404628,-0.40109452391674577,-0.41494925703994745
2025-01-13,12:00:00,1.44359,1.44399,1.43917,1.4408,8294,1.4258366842366403,BULLISH_ABOVE_EMA200,0.0013881177123756924,-0.22418101054969922,-0.08467518045530253
2025-01-13,16:00:00,1.4408,1.44273,1.43965,1.44082,11419,1.4259857719556788,BULLISH_ABOVE_EMA200,-0.21237906192307596,-0.17351230549270186,-0.28386613178606124
2025-01-13,20:00:00,1.44082,1.44191,1.43747,1.43776,6695,1.4261029284536322,BULLISH_ABOVE_EMA200,-0.01321500111283611,-0.013910527487200782,-0.20518028043623474
2025-01-14,00:00:00,1.4369,1.43845,1.43425,1.43757,5358,1.426217028668024,BULLISH_ABOVE_EMA200,0.05217137252447035,0.13981927836557992,-0.14329736986720304
2025-01-14,04:00:00,1.43758,1.43875,1.43704,1.43832,4895,1.4263374562434665,BULLISH_ABOVE_EMA200,-0.05283942377218518,-0.11054563657600397,-0.14600367094944036
2025-01-14,08:00:00,1.43827,1.4384,1.43578,1.43756,7847,1.4264491233455217,BULLISH_ABOVE_EMA200,0.14051587412004596,-0.19129636328223032,-0.2031219566487683
2025-01-14,12:00:00,1.43755,1.43977,1.43635,1.43958,8365,1.426579778834621,BULLISH_ABOVE_EMA200,-0.19797440920268544,-0.28272134928243087,-0.6092054627044114
2025-01-14,16:00:00,1.43962,1.44099,1.43503,1.43673,12938,1.4266807760601472,BULLISH_ABOVE_EMA200,-0.13363680023387442,-0.035497275062120956,-0.208807500365421
2025-01-14,20:00:00,1.43672,1.43688,1.43468,1.43481,6540,1.4267616638605438,BULLISH_ABOVE_EMA200,0.04878694740071124,-0.011848258654456234,-0.06411998801233683
2025-01-15,00:00:00,1.43452,1.43565,1.43447,1.43551,2988,1.4268487119813344,BULLISH_ABOVE_EMA200,0.04945977387827242,-0.32740977074350913,-0.09334661548858028
2025-01-15,04:00:00,1.43552,1.43625,1.43496,1.43622,3687,1.4269419586282865,BULLISH_ABOVE_EMA200,-0.11001100110011955,-0.17337176755650968,0.03063597498990377
2025-01-15,08:00:00,1.43622,1.43638,1.43289,1.43464,6551,1.4270185560548707,BULLISH_ABOVE_EMA200,-0.26696592873473485,-0.052277923381462005,0.1763508615401873
2025-01-15,12:00:00,1.43463,1.43666,1.4302,1.43081,8306,1.4270562818652701,BULLISH_ABOVE_EMA200,0.2040802063167041,0.2348320182274397,0.5018136579979303
2025-01-15,16:00:00,1.4308,1.43578,1.43023,1.43373,13578,1.4271226870208398,BULLISH_ABOVE_EMA200,0.011159702314951909,0.2043620486423594,0.3389759578163313
2025-01-15,20:00:00,1.43372,1.43408,1.43266,1.43389,5640,1.4271900234683936,BULLISH_ABOVE_EMA200,0.019527299862600055,0.22874836981915972,0.3807823473209101
2025-01-16,00:00:00,1.43261,1.43419,1.43158,1.43417,4361,1.4272594759711958,BULLISH_ABOVE_EMA200,0.17361958484699186,0.2663561502471922,0.4037178298249135
2025-01-16,04:00:00,1.43416,1.43667,1.43397,1.43666,4677,1.4273530135237213,BULLISH_ABOVE_EMA200,0.0354990046357531,0.1343393704843169,0.24640485570697843
2025-01-16,08:00:00,1.43665,1.43839,1.43526,1.43717,6950,1.427450694981197,BULLISH_ABOVE_EMA200,0.05705657646625263,0.15168699597123853,0.2859786942393618
2025-01-16,12:00:00,1.43714,1.43929,1.43685,1.43799,7959,1.4275555636878516,BULLISH_ABOVE_EMA200,0.04172490768363715,0.13699678022794354,0.3894324717139776
2025-01-16,16:00:00,1.43794,1.44003,1.43672,1.43859,13311,1.4276653590740422,BULLISH_ABOVE_EMA200,0.05282950666971631,0.11191513912927863,0.36216017072271717
2025-01-16,20:00:00,1.43865,1.44028,1.43825,1.43935,6225,1.4277816241578827,BULLISH_ABOVE_EMA200,0.04238024108104349,0.1340883037482188,0.6065237780942875
2025-01-17,00:00:00,1.43845,1.44027,1.43845,1.43996,2939,1.4279028020269584,BULLISH_ABOVE_EMA200,0.01666712964249132,0.2520903358426638,0.3868163004527956
2025-01-17,04:00:00,1.43995,1.44055,1.4389,1.4402,3793,1.4280251622057947,BULLISH_ABOVE_EMA200,0.0749895847798896,0.24996528259964226,0.3332870434661948
2025-01-17,08:00:00,1.44021,1.44171,1.44019,1.44128,6023,1.4281570511390704,BULLISH_ABOVE_EMA200,0.16027420071048196,0.47180284191830457,0.44543738898757307
2025-01-17,12:00:00,1.44126,1.44403,1.44061,1.44359,7141,1.4283106128192788,BULLISH_ABOVE_EMA200,0.014547066687913016,0.13438718749783893,-0.8589696520480169
2025-01-17,16:00:00,1.44357,1.44639,1.43822,1.4438,13229,1.4284647360748086,BULLISH_ABOVE_EMA200,0.2964399501316014,0.08311400470979984,-0.7030059565036627
2025-01-17,20:00:00,1.44381,1.44812,1.44375,1.44808,6613,1.4286599128302833,BULLISH_ABOVE_EMA200,-0.17609524335672422,-0.026241644108063567,-1.1774211369537602
2025-01-20,00:00:00,1.44595,1.44851,1.44539,1.44553,3675,1.428827774394161,BULLISH_ABOVE_EMA200,-0.036664752720449896,-0.9920236868138343,-0.10238459250239884
2025-01-20,04:00:00,1.44551,1.4458,1.44432,1.445,4509,1.4289886920618808,BULLISH_ABOVE_EMA200,0.18685121107265915,-0.7854671280276797,-0.12041522491349997
2025-01-20,08:00:00,1.44498,1.44782,1.44427,1.4477,6304,1.4291748742304196,BULLISH_ABOVE_EMA200,-1.1404296470263193,-1.1514816605650318,-0.36609794846999255
2025-01-20,12:00:00,1.44768,1.44768,1.43105,1.43119,11037,1.429194925233102,BULLISH_ABOVE_EMA200,0.1718849349143111,0.8985529524381873,0.9495594575143755
2025-01-20,16:00:00,1.43119,1.43797,1.42609,1.43365,15663,1.4292392543352601,BULLISH_ABOVE_EMA200,-0.18275032260315047,0.6703170229832871,-0.012555365675030097
2025-01-20,20:00:00,1.43364,1.43494,1.42832,1.43103,5293,1.4292570727000835,BULLISH_ABOVE_EMA200,0.909834175384166,0.7945326093792499,0.09503644228283319
2025-01-21,00:00:00,1.42982,1.45147,1.4289,1.44405,13217,1.4294042660065502,BULLISH_ABOVE_EMA200,-0.054707246978987455,0.05055226619576174,-0.7195041722932115
2025-01-21,04:00:00,1.44397,1.4444,1.43931,1.44326,8502,1.429542134006485,BULLISH_ABOVE_EMA200,-0.059587323143444906,-0.6783254576444969,-0.6651608164849059
2025-01-21,08:00:00,1.44329,1.44574,1.44152,1.4424,8041,1.429670072971595,BULLISH_ABOVE_EMA200,0.16500277315585477,-0.693982251802541,-0.6704104270659904
2025-01-21,12:00:00,1.44239,1.44562,1.44116,1.44478,9433,1.4298204205042162,BULLISH_ABOVE_EMA200,-0.7828181453231586,-0.7696673541992566,-0.6554631154916228
2025-01-21,16:00:00,1.4448,1.4449,1.43173,1.43347,15463,1.4298567347280549,BULLISH_ABOVE_EMA200,-0.0753416534702484,0.013254550147537965,0.21486323397071244
2025-01-21,20:00:00,1.43344,1.43439,1.43112,1.43239,8050,1.4298819413476762,BULLISH_ABOVE_EMA200,0.0886630037908588,0.023736552195980632,0.37280349625450476
2025-01-22,00:00:00,1.4322,1.435,1.43163,1.43366,5831,1.4299195339710824,BULLISH_ABOVE_EMA200,0.0,0.11509004924460133,0.4003738682811879
2025-01-22,04:00:00,1.43367,1.43438,1.43275,1.43366,4867,1.4299567525385344,BULLISH_ABOVE_EMA200,-0.06486893684694248,0.2015819650405298,0.38921362108171675
2025-01-22,08:00:00,1.43366,1.43542,1.43212,1.43273,7881,1.4299843470406386,BULLISH_ABOVE_EMA200,0.18007579934809953,0.3489841072637478,0.4327402930070553
2025-01-22,12:00:00,1.43271,1.43704,1.43007,1.43531,8605,1.4300373386123735,BULLISH_ABOVE_EMA200,0.08639248664051026,0.284955863193312,0.3525370825814523
2025-01-22,16:00:00,1.43538,1.43907,1.43521,1.43655,11728,1.4301021412132455,BULLISH_ABOVE_EMA200,0.08214124116807343,0.18725418537468808,-0.18725418537468808
2025-01-22,20:00:00,1.43657,1.439,1.43532,1.43773,6151,1.4301780403056512,BULLISH_ABOVE_EMA200,0.11615532819097192,0.08346490648453395,0.05007894389072037
2025-01-23,00:00:00,1.43773,1.44032,1.43669,1.4394,4488,1.43026980109863,BULLISH_ABOVE_EMA200,-0.011115742670552866,0.06738918994024701,-0.131304710295953
2025-01-23,04:00:00,1.4394,1.44035,1.43819,1.43924,4974,1.4303590568090914,BULLISH_ABOVE_EMA200,-0.021539145660211808,-0.37380839887719647,-0.4259192351518835
2025-01-23,08:00:00,1.43926,1.44018,1.43838,1.43893,7301,1.4304443398259166,BULLISH_ABOVE_EMA200,0.10007436080976043,-0.03335812026992529,-0.44755478028813084
2025-01-23,12:00:00,1.43893,1.44133,1.43865,1.44037,7465,1.4305431026137183,BULLISH_ABOVE_EMA200,-0.4519672028714855,-0.19856009219852278,-0.5554128453105804
2025-01-23,16:00:00,1.44041,1.44041,1.43339,1.43386,14636,1.4305761065678109,BULLISH_ABOVE_EMA200,0.32011493451244155,-0.05230636184842359,-0.012553526843614226
2025-01-23,20:00:00,1.43388,1.43856,1.43386,1.43845,7282,1.4306544537661412,BULLISH_ABOVE_EMA200,-0.0653481177656464,-0.4143348743439094,-0.28641940978135505
2025-01-24,00:00:00,1.43767,1.43833,1.43722,1.43751,3390,1.430722668156528,BULLISH_ABOVE_EMA200,-0.3060848272359816,-0.35756272999841004,0.05634743410480466
2025-01-24,04:00:00,1.43751,1.43751,1.43206,1.43311,7759,1.4307464227022342,BULLISH_ABOVE_EMA200,-0.04326255486320414,0.03977363914842262,0.36982506576605145
2025-01-24,08:00:00,1.43309,1.43485,1.43148,1.43249,9702,1.4307637717300727,BULLISH_ABOVE_EMA200,-0.008377021829131094,0.12844766804655278,0.30087470069599337
2025-01-24,12:00:00,1.43248,1.43494,1.43192,1.43237,7989,1.4307797541009177,BULLISH_ABOVE_EMA200,0.09145681632540087,0.4153954634626613,0.2359725489922409
2025-01-24,16:00:00,1.43237,1.43412,1.43173,1.43368,11767,1.4308086122690677,BULLISH_ABOVE_EMA200,0.04533787177055127,0.3299202053456769,0.4275710060822477
2025-01-24,20:00:00,1.4337,1.43491,1.43341,1.43433,6025,1.4308436509529576,BULLISH_ABOVE_EMA200,0.2781786618142225,0.172205838265948,0.20567094043907513
2025-01-27,00:00:00,1.43573,1.43873,1.43571,1.43832,4816,1.430918042485764,BULLISH_ABOVE_EMA200,0.0062573001835421515,-0.1786806830190751,0.09177373602536207
2025-01-27,04:00:00,1.4384,1.44011,1.4366,1.43841,6900,1.4309925893267015,BULLISH_ABOVE_EMA200,-0.11192914398536503,0.09732969042206797,0.09732969042206797
2025-01-27,08:00:00,1.43839,1.43999,1.43649,1.4368,9159,1.4310503745075303,BULLISH_ABOVE_EMA200,-0.07307906458797295,0.033407572383060545,0.20253340757238084
2025-01-27,12:00:00,1.4368,1.437,1.43331,1.43575,10889,1.4310971369502414,BULLISH_ABOVE_EMA200,0.2827790353473761,0.27093853386731315,0.3085495385686877
2025-01-27,16:00:00,1.43572,1.43982,1.43562,1.43981,12129,1.4311838321049652,BULLISH_ABOVE_EMA200,-0.1757176294094459,0.0,-0.008334433015475654
2025-01-27,20:00:00,1.4398,1.44011,1.43662,1.43728,7540,1.4312444904919805,BULLISH_ABOVE_EMA200,0.16419904263610013,0.16906935322276484,0.1996827340532221
2025-01-28,00:00:00,1.43684,1.4415,1.43668,1.43964,7269,1.4313280279000207,BULLISH_ABOVE_EMA200,0.011808507682476417,0.037509377344335036,0.04098246783917287
2025-01-28,04:00:00,1.43971,1.44051,1.43875,1.43981,5784,1.4314124256323588,BULLISH_ABOVE_EMA200,-0.006945360846222001,-0.008334433015475654,-0.005556288676983769
2025-01-28,08:00:00,1.43982,1.4412,1.43887,1.43971,7527,1.4314949885613901,BULLISH_ABOVE_EMA200,0.03264546332247261,0.030561710344444083,0.22296156864923736
2025-01-28,12:00:00,1.43972,1.44201,1.43938,1.44018,7059,1.431581406585655,BULLISH_ABOVE_EMA200,-0.03402352483718018,0.0034717882486830446,0.43397353108639813
2025-01-28,16:00:00,1.44017,1.44019,1.43686,1.43969,10967,1.431662089107191,BULLISH_ABOVE_EMA200,0.03195132285423438,0.002778375900370219,0.1694809299224137
2025-01-28,20:00:00,1.43965,1.4413,1.43841,1.44015,7103,1.431746545931995,BULLISH_ABOVE_EMA200,0.005554976912117346,0.19234107558240038,0.12220949206679747
2025-01-29,00:00:00,1.43966,1.44087,1.43899,1.44023,3864,1.4318309584102837,BULLISH_ABOVE_EMA200,-0.03471667719738827,0.4304867972476761,0.07498802274638024
2025-01-29,04:00:00,1.44023,1.44029,1.43915,1.43973,4830,1.4319095558390371,BULLISH_ABOVE_EMA200,0.2215693220256594,0.16669792252713758,0.1847568641342548
2025-01-29,08:00:00,1.43973,1.44329,1.43928,1.44292,7284,1.4320191124973554,BULLISH_ABOVE_EMA200,0.24325672940981652,-0.06999695062789035,-0.1379147839103995
2025-01-29,12:00:00,1.4429,1.447,1.44179,1.44643,7357,1.4321625044128046,BULLISH_ABOVE_EMA200,-0.2972836570038088,-0.3539749590370784,-0.3857773967630746
2025-01-29,16:00:00,1.44644,1.44714,1.44033,1.44213,13154,1.4322616834733737,BULLISH_ABOVE_EMA200,-0.015255212775539442,0.01802888782565712,-0.04715247585169256
2025-01-29,20:00:00,1.44213,1.44457,1.44084,1.44191,11955,1.4323576866228924,BULLISH_ABOVE_EMA200,-0.04161147367033545,-0.0679654069948874,0.4917089138711876
2025-01-30,00:00:00,1.44116,1.44207,1.43923,1.44131,4084,1.4324467643679384,BULLISH_ABOVE_EMA200,0.07493183284650559,-0.03191541028648431,0.4856692869680981
2025-01-30,04:00:00,1.44135,1.44247,1.44074,1.44239,4831,1.4325457020359194,BULLISH_ABOVE_EMA200,-0.10122089032785979,-0.0651696143206874,0.3702188728429828
2025-01-30,08:00:00,1.44238,1.44361,1.44019,1.44093,6205,1.4326291278863084,BULLISH_ABOVE_EMA200,-0.00555196990832865,0.5600549645020938,0.478163408354331
2025-01-30,12:00:00,1.44092,1.44226,1.44048,1.44085,7773,1.4327109276088328,BULLISH_ABOVE_EMA200,0.04164208626851747,0.5177499392719591,0.549675538744486
2025-01-30,16:00:00,1.44088,1.44222,1.43995,1.44145,10467,1.4327978835530235,BULLISH_ABOVE_EMA200,0.5237781400673049,0.43567241319505107,-0.10128689860902527
2025-01-30,20:00:00,1.44146,1.45941,1.43996,1.449,11780,1.4329590986420482,BULLISH_ABOVE_EMA200,-0.0476190476190531,-0.08143547273981773,0.3547273982056537
2025-01-31,00:00:00,1.4484,1.45096,1.44784,1.44831,5604,1.433111843929192,BULLISH_ABOVE_EMA200,-0.04004667509027936,0.031761156106075696,1.8179809571155323
2025-01-31,04:00:00,1.44831,1.44898,1.44721,1.44773,5354,1.433257298218454,BULLISH_ABOVE_EMA200,0.006216628791290193,-0.5346300760500825,1.7296042770406048
2025-01-31,08:00:00,1.44774,1.44911,1.44307,1.44782,8150,1.433402200723743,BULLISH_ABOVE_EMA200,0.06561589147820752,0.4365183517287978,1.4815377602188096
2025-01-31,12:00:00,1.44791,1.4497,1.4463,1.44877,8617,1.4335551141493776,BULLISH_ABOVE_EMA200,-0.6060313231223582,1.7856526570815285,1.2417429957826414
2025-01-31,16:00:00,1.44877,1.45507,1.43707,1.43999,19287,1.4336191428643092,BULLISH_ABOVE_EMA200,0.9826457128174421,2.276404697254829,1.243064187945736
2025-01-31,20:00:00,1.44005,1.45585,1.43899,1.45414,16128,1.4338233304975003,BULLISH_ABOVE_EMA200,1.4097679728224217,1.040477533112361,-0.779154689369666
2025-02-03,00:00:00,1.47165,1.47511,1.46732,1.47464,13234,1.4342294665124506,BULLISH_ABOVE_EMA200,-0.12681061140346378,-0.5343677100851657,-2.019475939890408
2025-02-03,04:00:00,1.47479,1.47931,1.47249,1.47277,10693,1.4346129544078492,BULLISH_ABOVE_EMA200,-0.23764742627836233,-1.010341058006342,-1.635693285441715
2025-02-03,08:00:00,1.47278,1.47515,1.46745,1.46927,11392,1.4349578006326469,BULLISH_ABOVE_EMA200,-0.1708331348220553,-1.8008943216699551,-1.8219932347356294
2025-02-03,12:00:00,1.46926,1.47038,1.45869,1.46676,10984,1.4352742404273469,BULLISH_ABOVE_EMA200,-0.6047342441844716,-1.4930868035670477,-1.9396492950448665
2025-02-03,16:00:00,1.46675,1.47025,1.45233,1.45789,26642,1.4354992728609055,BULLISH_ABOVE_EMA200,-1.0343715918210552,-0.6317349045538375,-1.6379836613187486
2025-02-03,20:00:00,1.45788,1.45924,1.43892,1.44281,13411,1.4355720164145285,BULLISH_ABOVE_EMA200,0.14208385026442202,-0.021485850527791773,-0.722201814514723
2025-02-04,00:00:00,1.44134,1.44616,1.43857,1.44486,7731,1.4356644341616478,BULLISH_ABOVE_EMA200,0.26438547679359486,-0.4533311185858876,-0.7938485389587981
2025-02-04,04:00:00,1.44485,1.4502,1.44479,1.44868,8742,1.4357939422794423,BULLISH_ABOVE_EMA200,-0.4265952453267854,-1.012645994974733,-1.0271419499130245
2025-02-04,08:00:00,1.44863,1.44878,1.4424,1.4425,9913,1.4358606692219356,BULLISH_ABOVE_EMA200,-0.29046793760831313,-0.7008665511265055,-0.9698440207972234
2025-02-04,12:00:00,1.44252,1.44412,1.43814,1.43831,8842,1.4358850406724635,BULLISH_ABOVE_EMA200,-0.29896197620818676,-0.34206812161495337,-0.6319917124959183
2025-02-04,16:00:00,1.4383,1.43925,1.43088,1.43401,13639,1.4358663835513445,BEARISH_BELOW_EMA200,-0.11296992350122767,-0.014644249342755173,-0.3368177348833071
2025-02-04,20:00:00,1.434,1.43461,1.4301,1.43239,8060,1.4358317926702366,BEARISH_BELOW_EMA200,0.06981338881169862,-0.2708759485894278,-0.06143578215430099
2025-02-05,00:00:00,1.43111,1.43386,1.43111,1.43339,5231,1.4358074962257568,BEARISH_BELOW_EMA200,0.028603520325942097,-0.290918731119933,-0.1409246611180426
2025-02-05,04:00:00,1.43338,1.4344,1.43182,1.4338,7013,1.4357875211389333,BEARISH_BELOW_EMA200,-0.3689496443018564,-0.3222206723392432,0.06695494490166494
2025-02-05,08:00:00,1.4338,1.43432,1.42795,1.42851,8600,1.4357151079932724,BEARISH_BELOW_EMA200,0.049702137191898435,0.21000903038831467,0.5208223953630086
2025-02-05,12:00:00,1.42851,1.42954,1.427,1.42922,8202,1.4356504800530407,BEARISH_BELOW_EMA200,-0.0027987293768657034,0.15043170400638783,0.3456430780425803
2025-02-05,16:00:00,1.42923,1.43004,1.42695,1.42918,12590,1.435586097166941,BEARISH_BELOW_EMA200,0.1630305489861435,0.39043367525435146,0.12874515456416014
2025-02-05,20:00:00,1.42918,1.43277,1.42864,1.43151,7522,1.4355455389861753,BEARISH_BELOW_EMA200,-0.009779882781121262,0.3101619967726386,-0.08312900363951523
2025-02-06,00:00:00,1.4309,1.43269,1.43089,1.43137,4422,1.4355039913345717,BEARISH_BELOW_EMA200,0.2368360382011642,0.19491815533370618,-0.05868503601444433
2025-02-06,04:00:00,1.43143,1.4351,1.4314,1.43476,6689,1.4354965884357203,BEARISH_BELOW_EMA200,0.0829407008837732,-0.2606707742061443,-0.16100253700967648
2025-02-06,08:00:00,1.43476,1.43662,1.43402,1.43595,7085,1.4355010999935738,BULLISH_ABOVE_EMA200,-0.12465615098018441,-0.3920749329712054,-0.33566628364497697
2025-02-06,12:00:00,1.43593,1.43641,1.43412,1.43416,8186,1.435487755715031,BEARISH_BELOW_EMA200,-0.2189434930551781,-0.25310983432810996,-0.2586880124951262
2025-02-06,16:00:00,1.43415,1.43492,1.43032,1.43102,10098,1.4354433004342846,BEARISH_BELOW_EMA200,-0.04891615770568706,0.09992872217020324,-0.12298919651716844
2025-02-06,20:00:00,1.43102,1.43189,1.43009,1.43032,7487,1.4353923223205107,BEARISH_BELOW_EMA200,0.014682029196266813,0.05663068404273011,-0.07480843447620997
2025-02-07,00:00:00,1.43024,1.4318,1.43016,1.43053,3726,1.4353439410038886,BEARISH_BELOW_EMA200,0.13421598987787195,-0.005592332911583818,0.3019859772252158
2025-02-07,04:00:00,1.43053,1.43264,1.43014,1.43245,6232,1.4353151455710143,BEARISH_BELOW_EMA200,-0.09214981325700637,-0.22269538203776926,0.13752661523962634
2025-02-07,08:00:00,1.43245,1.43257,1.43043,1.43113,6665,1.4352735023315017,BEARISH_BELOW_EMA200,-0.047514900812645526,-0.1313647257761422,0.10411353266299997
2025-02-07,12:00:00,1.43114,1.43446,1.42869,1.43045,8999,1.4352255072834272,BEARISH_BELOW_EMA200,-0.08319060435527452,0.3075955119018462,0.22929847250864763
2025-02-07,16:00:00,1.43048,1.43392,1.42795,1.42926,20105,1.4351661490020002,BEARISH_BELOW_EMA200,-0.0006996627625530352,0.3610259854750048,0.18680995760043312
2025-02-07,20:00:00,1.42929,1.43008,1.42733,1.42925,9696,1.4351072818477515,BEARISH_BELOW_EMA200,0.39181388840301207,0.23578800069967432,0.15812489067693902
2025-02-10,00:00:00,1.43501,1.43799,1.43227,1.43485,6312,1.435104721829366,BEARISH_BELOW_EMA200,-0.029968289368221795,-0.07805693974980032,-0.09757117468725428
2025-02-10,04:00:00,1.43483,1.4358,1.43355,1.43442,6874,1.435097908676835,BEARISH_BELOW_EMA200,-0.1254862592546133,-0.17358932530221993,-0.08086892263075318
2025-02-10,08:00:00,1.4344,1.43588,1.43149,1.43262,7679,1.4350732528691053,BEARISH_BELOW_EMA200,0.07748042048833217,-0.07748042048833217,0.050955591852682315
2025-02-10,12:00:00,1.43258,1.43448,1.43258,1.43373,7059,1.4350598871689153,BEARISH_BELOW_EMA200,-0.12554665104308507,-0.019529479051150354,-0.19041242074866951
2025-02-10,16:00:00,1.43371,1.4343,1.43134,1.43193,9692,1.4350287440130056,BEARISH_BELOW_EMA200,-0.029331042718559214,0.09288163527547111,-0.08799312815569314
2025-02-10,20:00:00,1.43196,1.43226,1.43051,1.43151,6133,1.4349937316347667,BEARISH_BELOW_EMA200,0.13552123282406905,0.12853560226612748,-0.2193487995193986
2025-02-11,00:00:00,1.43152,1.43394,1.43147,1.43345,4336,1.434978371120988,BEARISH_BELOW_EMA200,-0.013254735079696708,-0.17091632076457786,-0.3257874359063764
2025-02-11,04:00:00,1.43345,1.43404,1.43288,1.43326,5349,1.4349612729008787,BEARISH_BELOW_EMA200,0.006279391038605939,-0.18070691988891552,-0.2567573224676546
2025-02-11,08:00:00,1.43333,1.43398,1.43242,1.43335,6316,1.4349452403347007,BEARISH_BELOW_EMA200,-0.163951581958339,-0.34743782049045835,-0.17930024069487294
2025-02-11,12:00:00,1.43334,1.43454,1.4308,1.431,7023,1.4349059842119674,BEARISH_BELOW_EMA200,-0.023060796645698215,-0.15513626834382327,0.1306778476589824
2025-02-11,16:00:00,1.4311,1.43265,1.42998,1.43067,9340,1.4348638351153309,BEARISH_BELOW_EMA200,-0.16076383792210577,-0.07618807971090714,-0.3124410241355585
2025-02-11,20:00:00,1.43067,1.43082,1.42787,1.42837,7051,1.4347992198405515,BEARISH_BELOW_EMA200,0.02870404727066667,0.1687237900543993,0.17782507333533937
2025-02-12,00:00:00,1.42827,1.42959,1.42816,1.42878,3343,1.4347393271058198,BEARISH_BELOW_EMA200,0.055991825193531124,0.28625820630189036,0.0048992847044341675
2025-02-12,04:00:00,1.42878,1.42979,1.42793,1.42958,5136,1.4346879905177021,BEARISH_BELOW_EMA200,0.08394073783907635,-0.236433078246769,-0.2609157934498252
2025-02-12,08:00:00,1.42959,1.4313,1.4286,1.43078,6265,1.4346491050399142,BEARISH_BELOW_EMA200,0.14607416933421963,0.009085953116479367,-0.11602063210276875
2025-02-12,12:00:00,1.43078,1.43395,1.42892,1.43287,8199,1.4346314025022038,BEARISH_BELOW_EMA200,-0.4654993125684937,-0.2805558075750162,-0.3028886081779931
2025-02-12,16:00:00,1.43293,1.4342,1.42553,1.4262,13852,1.434547507949943,BEARISH_BELOW_EMA200,0.3302482120319725,-0.02454073762444611,-0.1276118356471696
2025-02-12,20:00:00,1.42618,1.43101,1.4259,1.43091,8055,1.4345113138409884,BEARISH_BELOW_EMA200,-0.14396433039114626,-0.12509521912628738,-0.8106729284161711
2025-02-13,00:00:00,1.43029,1.43039,1.42869,1.42885,3559,1.4344549823599837,BEARISH_BELOW_EMA200,-0.2099590579836856,-0.02239563285158526,-0.6977639360324761
2025-02-13,04:00:00,1.42883,1.42906,1.42554,1.42585,6287,1.4343693606449592,BEARISH_BELOW_EMA200,0.22933688676928737,-0.10309639863941385,-0.5014552722937188
2025-02-13,08:00:00,1.42584,1.42994,1.42548,1.42912,7294,1.4343171282007308,BEARISH_BELOW_EMA200,-0.04128414688758596,-0.6864364084191583,-0.8683665472458598
2025-02-13,12:00:00,1.42911,1.43037,1.42671,1.42853,8207,1.4342595448355495,BEARISH_BELOW_EMA200,-0.2905084247443244,-0.675519590068123,-0.8491246246141119
2025-02-13,16:00:00,1.42847,1.42895,1.42104,1.42438,11734,1.4341612409068376,BEARISH_BELOW_EMA200,-0.35594434069559444,-0.39876999115403944,-0.5560313961161998
2025-02-13,20:00:00,1.42439,1.42624,1.41829,1.41931,10882,1.434013467365476,BEARISH_BELOW_EMA200,-0.03029641163665108,-0.18318760524481317,-0.1204810788340884
2025-02-14,00:00:00,1.41878,1.42004,1.41818,1.41888,4782,1.4338628856006455,BEARISH_BELOW_EMA200,-0.01268606224626797,-0.1747857465042721,-0.19874830852502134
2025-02-14,04:00:00,1.41888,1.41912,1.41768,1.4187,5802,1.4337120111170572,BEARISH_BELOW_EMA200,-0.14026926059069275,-0.1578910269965475,-0.09515753859166576
2025-02-14,08:00:00,1.41869,1.41886,1.41565,1.41671,8087,1.4335428368770864,BEARISH_BELOW_EMA200,-0.021881683619075918,0.06282160780964753,0.15881867142887995
2025-02-14,12:00:00,1.41672,1.41914,1.41549,1.4164,8029,1.4333722613857722,BEARISH_BELOW_EMA200,0.0042360914995727885,-0.024004518497600037,0.17226772098277307
2025-02-14,16:00:00,1.41644,1.41786,1.41507,1.41646,9803,1.4332039801779535,BEARISH_BELOW_EMA200,0.08048232918684034,0.06283269559324353,0.12778334721770238
2025-02-14,20:00:00,1.41646,1.41774,1.4157,1.4176,6155,1.433048716693596,BEARISH_BELOW_EMA200,-0.10863431151240653,0.09593679458239474,0.05290632054176273
2025-02-17,00:00:00,1.41599,1.41896,1.41592,1.41606,5121,1.4328796747364456,BEARISH_BELOW_EMA200,0.09109783483750783,0.19631936499865857,0.27399968927869467
2025-02-17,04:00:00,1.41605,1.41748,1.41605,1.41735,7733,1.4327251506097147,BEARISH_BELOW_EMA200,0.11359226725931415,0.06490986700531343,0.21448477793064039
2025-02-17,08:00:00,1.41735,1.41938,1.41708,1.41896,7412,1.4325881839369812,BEARISH_BELOW_EMA200,-0.00845689800980281,-0.04298923154986747,0.00845689800980281
2025-02-17,12:00:00,1.41896,1.41935,1.41812,1.41884,6420,1.432451386086862,BEARISH_BELOW_EMA200,-0.04017366299231636,0.07752812156408607,0.11488258013587142
2025-02-17,16:00:00,1.41884,1.41923,1.41788,1.41827,5899,1.4323102777675898,BEARISH_BELOW_EMA200,0.0056406749067582345,0.1494778850289523,0.07262368942444573
2025-02-17,20:00:00,1.41828,1.41881,1.41815,1.41835,3134,1.4321713695310965,BEARISH_BELOW_EMA200,0.11210209045722003,0.051468255367144736,0.08108012831811502
2025-02-18,00:00:00,1.41724,1.42061,1.41724,1.41994,4208,1.4320496643616327,BEARISH_BELOW_EMA200,0.03169147992169116,0.03732552079664771,-0.10422975618687591
2025-02-18,04:00:00,1.41992,1.42082,1.41881,1.42039,7599,1.4319336478008204,BEARISH_BELOW_EMA200,-0.09222819084900234,-0.07673948704229369,-0.1696717098824987
2025-02-18,08:00:00,1.42043,1.42078,1.4181,1.41908,7754,1.4318057508077775,BEARISH_BELOW_EMA200,0.09795078501564411,0.02959664007667552,0.05989796205992738
2025-02-18,12:00:00,1.41907,1.42125,1.41793,1.42047,7460,1.4316929572674015,BEARISH_BELOW_EMA200,-0.08236710384590265,-0.14150246045321938,-0.0457595021366039
2025-02-18,16:00:00,1.42046,1.42111,1.41826,1.4193,9096,1.4315696442597656,BEARISH_BELOW_EMA200,0.014091453533430422,-0.09300359332065017,0.3086028323821638
2025-02-18,20:00:00,1.41926,1.41972,1.41829,1.4195,5839,1.4314495482969818,BEARISH_BELOW_EMA200,-0.0732652342374026,0.0302923564635386,0.31912645297639475
2025-02-19,00:00:00,1.41887,1.41985,1.41843,1.41846,4534,1.4313202990601959,BEARISH_BELOW_EMA200,-0.033839516094922376,0.09587862893560818,0.4025492435458089
2025-02-19,04:00:00,1.41844,1.41923,1.41791,1.41798,5755,1.4311875597660646,BEARISH_BELOW_EMA200,0.13751957009265972,0.4019802818093371,0.32722605396408816
2025-02-19,08:00:00,1.41802,1.41997,1.41752,1.41993,6432,1.4310755442460041,BEARISH_BELOW_EMA200,-0.007746860760729927,0.28874662835491843,0.08169416802237081
2025-02-19,12:00:00,1.41993,1.42213,1.41954,1.41982,7583,1.4309635487808698,BEARISH_BELOW_EMA200,0.27186544773280935,0.3063768646729764,0.056345170514566056
2025-02-19,16:00:00,1.41984,1.42403,1.41916,1.42368,10831,1.4308910756586724,BEARISH_BELOW_EMA200,0.02458417621936463,-0.07445493369296899,-0.3589289728028734
2025-02-19,20:00:00,1.42366,1.42451,1.42235,1.42403,8604,1.4308228062491333,BEARISH_BELOW_EMA200,0.009831253555053545,-0.20645632465607766,-0.46206891708740744
2025-02-20,00:00:00,1.42239,1.4244,1.42237,1.42417,4559,1.4307566091720274,BEARISH_BELOW_EMA200,-0.1088353216259253,-0.24926799469164093,-0.39461581131465756
2025-02-20,04:00:00,1.42418,1.42447,1.422,1.42262,7776,1.4306756478867335,BEARISH_BELOW_EMA200,-0.10754804515612261,-0.2846860018838402,-0.33389098986377475
2025-02-20,08:00:00,1.42263,1.423,1.42099,1.42109,7609,1.4305802683057711,BEARISH_BELOW_EMA200,-0.033073204371290375,-0.2561414125776598,-0.10133066871203696
2025-02-20,12:00:00,1.42111,1.4223,1.41964,1.42062,8100,1.43048116115845,BEARISH_BELOW_EMA200,-0.14430319156423851,-0.14571102757950868,-0.20906364826624413
2025-02-20,16:00:00,1.4206,1.42132,1.41766,1.41857,10887,1.4303626421419482,BEARISH_BELOW_EMA200,-0.07895274819007943,-0.04934546761880943,0.2276940862981625
2025-02-20,20:00:00,1.41863,1.41893,1.41661,1.41745,6559,1.4302341581405358,BEARISH_BELOW_EMA200,0.07760414829446391,0.1552082965889435,0.3978976330734676
2025-02-21,00:00:00,1.41728,1.41881,1.41677,1.41855,4676,1.4301178978605305,BEARISH_BELOW_EMA200,-0.047936272954778744,-0.06344506714602241,0.07401924500370063
2025-02-21,04:00:00,1.41856,1.4186,1.41679,1.41787,7085,1.4299960282300774,BEARISH_BELOW_EMA200,0.125540423311031,0.27717632787208907,0.10579249155423676
2025-02-21,08:00:00,1.41787,1.41989,1.41766,1.41965,7879,1.4298930826755494,BEARISH_BELOW_EMA200,-0.14087979431550043,0.2423132462226526,0.10565984573661358
2025-02-21,12:00:00,1.41965,1.42,1.41731,1.41765,6888,1.4297712609573847,BEARISH_BELOW_EMA200,0.29273798187139816,0.13755158184318386,0.27721934186858455
2025-02-21,16:00:00,1.41763,1.42196,1.41716,1.4218,11042,1.4296919449279581,BEARISH_BELOW_EMA200,0.09073006048670794,-0.1709101139400712,0.04431002954002887
2025-02-21,20:00:00,1.42178,1.42363,1.4217,1.42309,9091,1.4296262539336502,BEARISH_BELOW_EMA200,-0.2452409896773917,-0.13632307162583202,0.20378191119325728
2025-02-24,00:00:00,1.42161,1.42254,1.41938,1.4196,5426,1.4295264902129172,BEARISH_BELOW_EMA200,-0.01620174697097439,0.13947590870668447,0.4691462383770154
2025-02-24,04:00:00,1.41964,1.41969,1.41815,1.41937,7270,1.4294254306088088,BEARISH_BELOW_EMA200,0.1254077513262851,0.21558860621261988,0.36001888161648815
2025-02-24,08:00:00,1.41937,1.42161,1.41834,1.42115,8629,1.4293430880156863,BEARISH_BELOW_EMA200,0.030257186081705134,0.34056925729164256,0.3898251416106745
2025-02-24,12:00:00,1.42114,1.42231,1.42061,1.42158,7333,1.429265843358814,BEARISH_BELOW_EMA200,0.059792625107276225,0.32921115941417417,0.32499050352423686
2025-02-24,16:00:00,1.42162,1.42445,1.42082,1.42243,11910,1.4291978250169353,BEARISH_BELOW_EMA200,0.250275936249939,0.14411957003155762,0.480164226007599
2025-02-24,20:00:00,1.42251,1.42674,1.42065,1.42599,8579,1.4291659063600504,BEARISH_BELOW_EMA200,0.01893421412492321,0.04908870328683391,0.4018260997622713
2025-02-25,00:00:00,1.425,1.4279,1.42494,1.42626,4567,1.4291369918689056,BEARISH_BELOW_EMA200,-0.1248019295219746,-0.004206806613111987,0.28886738743285945
2025-02-25,04:00:00,1.42626,1.42657,1.42396,1.42448,6000,1.4290906536413543,BEARISH_BELOW_EMA200,0.15514433337077707,0.3355610468381449,0.6023250589688891
2025-02-25,08:00:00,1.42448,1.42742,1.42441,1.42669,8208,1.4290667665404455,BEARISH_BELOW_EMA200,-0.03434523267143538,0.3525643272189537,0.45489910211748064
2025-02-25,12:00:00,1.42667,1.42712,1.4243,1.4262,8264,1.429038241500242,BEARISH_BELOW_EMA200,0.2145561632309678,0.2930865236292296,0.6254382274575823
2025-02-25,16:00:00,1.42618,1.43163,1.42511,1.42926,13460,1.4290404480524785,BULLISH_ABOVE_EMA200,0.17211703958692812,0.26587184976841344,0.17351636511201865
2025-02-25,20:00:00,1.42923,1.43174,1.42798,1.43172,9368,1.4290671102609116,BULLISH_ABOVE_EMA200,-0.09359371944235735,0.10197524655657494,0.13759673679209658
2025-02-26,00:00:00,1.43087,1.43136,1.42937,1.43038,4590,1.429080173840405,BULLISH_ABOVE_EMA200,0.1873627986968509,0.33138047232203793,0.30621233518366103
2025-02-26,04:00:00,1.43038,1.43324,1.43018,1.43306,7320,1.4291197741006996,BULLISH_ABOVE_EMA200,0.008373689866432527,-0.09211058853083526,0.1611935299289656
2025-02-26,08:00:00,1.43308,1.43331,1.43166,1.43318,8535,1.4291601743584041,BULLISH_ABOVE_EMA200,0.13536331793634107,0.03558520213790385,-0.034189704014839686
2025-02-26,12:00:00,1.43317,1.43571,1.43292,1.43512,8414,1.429219476106082,BULLISH_ABOVE_EMA200,-0.23552037460281638,-0.025085010312720604,0.5177267406209967
2025-02-26,16:00:00,1.43514,1.43659,1.42991,1.43174,16119,1.4292445559458224,BULLISH_ABOVE_EMA200,0.13619791302889464,0.2535376534845728,0.7773757805188152
2025-02-26,20:00:00,1.43177,1.43573,1.4301,1.43369,10280,1.4292887892199935,BULLISH_ABOVE_EMA200,0.07463259142493332,-0.06975008544384699,0.683550837349778
2025-02-27,00:00:00,1.43326,1.43548,1.43326,1.43476,4392,1.4293432291282522,BULLISH_ABOVE_EMA200,0.04251582146142905,0.5429479494828378,0.6691014525077401
2025-02-27,04:00:00,1.43476,1.43629,1.43446,1.43537,6741,1.4294031969976229,BULLISH_ABOVE_EMA200,-0.18671144025582365,0.5225133589248808,0.6012387050028853
2025-02-27,08:00:00,1.43536,1.43555,1.43218,1.43269,7852,1.4294359015051092,BULLISH_ABOVE_EMA200,0.6882158736363051,0.7538267175732308,0.7684844593038246
2025-02-27,12:00:00,1.43268,1.44342,1.43257,1.44255,10847,1.429566390047347,BULLISH_ABOVE_EMA200,0.022182939932764753,0.1254722539946684,-0.07348098852726498
2025-02-27,16:00:00,1.44255,1.44421,1.44028,1.44287,14370,1.4296987642757315,BULLISH_ABOVE_EMA200,0.042969914129467164,0.07831613381661919,0.07138550250541381
2025-02-27,20:00:00,1.44282,1.4449,1.44186,1.44349,8305,1.4298359905018436,BULLISH_ABOVE_EMA200,0.0602705941849371,0.014548074458433622,0.1863539061579977
2025-02-28,00:00:00,1.44355,1.44471,1.44291,1.44436,5281,1.429980508009288,BULLISH_ABOVE_EMA200,-0.02492453404969246,-0.19870392422942687,-0.06785012046857991
2025-02-28,04:00:00,1.44436,1.44523,1.44367,1.444,8356,1.4301200054420315,BULLISH_ABOVE_EMA200,-0.020775623268695774,-0.006925207756231924,0.028393351800555505
2025-02-28,08:00:00,1.44402,1.44528,1.44285,1.4437,8736,1.4302551297659916,BULLISH_ABOVE_EMA200,-0.15307889450717221,0.1717808408949254,-0.07134446214588117
2025-02-28,12:00:00,1.4437,1.44414,1.44033,1.44149,9396,1.4303669195195639,BULLISH_ABOVE_EMA200,0.16718811785028154,0.1311143330859159,-0.026361611943200924
2025-02-28,16:00:00,1.4415,1.44476,1.43993,1.4439,16509,1.4305015770367822,BULLISH_ABOVE_EMA200,0.15790567213796383,0.0353210056098075,-0.18353071542350866
2025-02-28,20:00:00,1.44391,1.44704,1.44331,1.44618,10403,1.4306575812453715,BULLISH_ABOVE_EMA200,-0.19361351975548782,-0.24270837655064542,0.1251573109848075
2025-03-03,00:00:00,1.44396,1.44498,1.44301,1.44338,6025,1.4307841724767607,BULLISH_ABOVE_EMA200,0.07136027934430741,-0.1572697418559365,0.410841219914367
2025-03-03,04:00:00,1.4434,1.44526,1.44303,1.44441,7126,1.4309197528501263,BULLISH_ABOVE_EMA200,-0.1204644110744231,-0.2187744476983718,0.33023864415227955
2025-03-03,08:00:00,1.4444,1.44529,1.44252,1.44267,7904,1.4310366707322146,BULLISH_ABOVE_EMA200,-0.10813283703133814,0.36876070064534605,-0.011783706599569097
2025-03-03,12:00:00,1.44269,1.44396,1.44004,1.44111,9470,1.4311369028642325,BULLISH_ABOVE_EMA200,0.009714733781600919,0.5690058357793789,0.2553587165448944
2025-03-03,16:00:00,1.4411,1.44189,1.43689,1.44125,12831,1.4312375306964291,BULLISH_ABOVE_EMA200,0.4676496097138033,0.5502168256721591,0.7986123156981878
2025-03-03,20:00:00,1.44129,1.45415,1.44037,1.44799,18192,1.4314042219332808,BULLISH_ABOVE_EMA200,0.09116085055835936,-0.37914626482228586,-0.6035953286970346
2025-03-04,00:00:00,1.44758,1.4504,1.44757,1.44931,5856,1.4315823888792185,BULLISH_ABOVE_EMA200,-0.00896978562213643,-0.3118725462461502,-0.4498692481249754
2025-03-04,04:00:00,1.44928,1.45211,1.44854,1.44918,9420,1.4317574894873857,BULLISH_ABOVE_EMA200,-0.46095033053175033,0.24703625498558762,-0.4864820105162921
2025-03-04,08:00:00,1.44917,1.45028,1.44094,1.4425,11061,1.4318643801392525,BULLISH_ABOVE_EMA200,0.158752166377825,-0.22530329289427906,-0.30086655112650185
2025-03-04,12:00:00,1.4425,1.44593,1.44065,1.44479,12301,1.4319929932721953,BULLISH_ABOVE_EMA200,0.5516372621626695,-0.13842842212363055,-0.46788806677787764
2025-03-04,16:00:00,1.44477,1.45431,1.44387,1.45276,17888,1.4321996301550592,BULLISH_ABOVE_EMA200,-0.9299540185577888,-0.7317106748533921,-1.1763815083014435
2025-03-04,20:00:00,1.45273,1.45418,1.43703,1.43925,16897,1.4322697830888398,BULLISH_ABOVE_EMA200,0.24596143824909492,-0.07573388917837856,-0.34740316136876104
2025-03-05,00:00:00,1.43858,1.44414,1.43828,1.44279,7406,1.4323744618640752,BULLISH_ABOVE_EMA200,-0.04574470297133366,-0.329916342641694,-0.7880564739151299
2025-03-05,04:00:00,1.44278,1.44494,1.4419,1.44213,9385,1.4324715318952785,BULLISH_ABOVE_EMA200,-0.27528724872236254,-0.44794852059106394,-0.5887125293836122
2025-03-05,08:00:00,1.44214,1.44306,1.43768,1.43816,9085,1.4325281335679625,BULLISH_ABOVE_EMA200,-0.00903932803027379,-0.2718751738332369,-0.24962452022029563
2025-03-05,12:00:00,1.43816,1.44354,1.4377,1.43803,9378,1.432582878507585,BULLISH_ABOVE_EMA200,-0.16411340514453232,-0.4596566135616089,-0.11891267915133052
2025-03-05,16:00:00,1.43803,1.4419,1.4341,1.43567,13787,1.4326135961343753,BULLISH_ABOVE_EMA200,-0.09890852354649583,-0.14139739633759682,-0.3726483105449
2025-03-05,20:00:00,1.43566,1.43759,1.43296,1.43425,8687,1.432629878759904,BULLISH_ABOVE_EMA200,-0.1973156702109193,0.022311312532673936,-0.3500087153564598
2025-03-06,00:00:00,1.4331,1.4353,1.43122,1.43142,4559,1.4326178401652783,BEARISH_BELOW_EMA200,0.15509074904640924,0.3423174190663905,-0.09501054896534951
2025-03-06,04:00:00,1.43137,1.43403,1.43091,1.43364,5253,1.4326280109099025,BULLISH_ABOVE_EMA200,0.06486984180128033,-0.2315783599787945,-0.16810356853882588
2025-03-06,08:00:00,1.43366,1.43622,1.43254,1.43457,9174,1.432647334184431,BULLISH_ABOVE_EMA200,0.12198777333975619,-0.37223697693384783,-0.3220477216169198
2025-03-06,12:00:00,1.43456,1.43764,1.43409,1.43632,9139,1.4326838781228945,BULLISH_ABOVE_EMA200,-0.4177342096468757,-0.4358360253982352,0.054305447254093996
2025-03-06,16:00:00,1.43632,1.43698,1.4238,1.43032,13377,1.4326603569475425,BEARISH_BELOW_EMA200,-0.07620672297108587,0.06362212651714066,0.6117512165109931
2025-03-06,20:00:00,1.43032,1.43175,1.42833,1.42923,8243,1.4326262240425918,BEARISH_BELOW_EMA200,0.05807322824178812,0.05037677630612665,0.583530992212591
2025-03-07,00:00:00,1.42879,1.43058,1.4287,1.43006,3461,1.4326006894750039,BEARISH_BELOW_EMA200,0.08181474903150171,0.49228703690753783,0.43564605680880225
2025-03-07,04:00:00,1.43005,1.43125,1.42931,1.43123,4726,1.4325870507737601,BEARISH_BELOW_EMA200,-0.08943356413713714,0.5477805803399921,0.37520174954410523
2025-03-07,08:00:00,1.4312,1.43189,1.4279,1.42995,7415,1.4325608114625785,BEARISH_BELOW_EMA200,0.5000174831287799,0.532885765236544,0.5608587712857034
2025-03-07,12:00:00,1.42996,1.43713,1.42979,1.4371,8635,1.4326059775176774,BULLISH_ABOVE_EMA200,0.1370816227124088,-0.0563635098462165,0.3242641430658887
2025-03-07,16:00:00,1.43705,1.4426,1.43365,1.43907,13810,1.4326702961493423,BULLISH_ABOVE_EMA200,-0.10423398444829347,-0.17163862772484814,0.2960245158331374
2025-03-07,20:00:00,1.43905,1.44069,1.43593,1.43757,7713,1.432719049421488,BULLISH_ABOVE_EMA200,-0.08903914244175573,0.027824732013046735,0.43545705600422463
2025-03-10,00:00:00,1.43724,1.43833,1.43606,1.43629,4483,1.4327545812680405,BULLISH_ABOVE_EMA200,0.021583384971003938,0.3808423090044395,0.462302181314357
2025-03-10,04:00:00,1.43631,1.43695,1.4354,1.4366,4681,1.4327928441409954,BULLISH_ABOVE_EMA200,0.0953640540164187,0.4684672142558751,0.4232214951969833
2025-03-10,08:00:00,1.43662,1.43819,1.43568,1.43797,6512,1.4328443581296424,BULLISH_ABOVE_EMA200,0.26356599929066393,0.4075189329401849,0.24896207848565258
2025-03-10,12:00:00,1.43798,1.44233,1.43526,1.44176,8242,1.4329330709840737,BULLISH_ABOVE_EMA200,0.10889468427478022,0.081150815669745,-0.03467983575629404
2025-03-10,16:00:00,1.44183,1.44399,1.4409,1.44333,11530,1.4330365230140831,BULLISH_ABOVE_EMA200,0.03464211233743807,-0.04503474603867719,0.3429569121406754
2025-03-10,20:00:00,1.44331,1.44722,1.44304,1.44383,7744,1.4331439207950376,BULLISH_ABOVE_EMA200,-0.06233420832091734,-0.1579133277463301,-0.031859706475132456
2025-03-11,00:00:00,1.44299,1.44415,1.44199,1.44293,3629,1.4332412947174753,BULLISH_ABOVE_EMA200,-0.01732585780322562,-0.11573673012551268,-0.004158205872769226
2025-03-11,04:00:00,1.44294,1.44465,1.44157,1.44268,6202,1.4333352121829732,BULLISH_ABOVE_EMA200,-0.07832644799954622,0.3881664679624067,0.15734605040618807
2025-03-11,08:00:00,1.44268,1.44455,1.44094,1.44155,7581,1.4334169513652322,BULLISH_ABOVE_EMA200,-0.020117234920753596,0.12625299157156758,0.1297214803509983
2025-03-11,12:00:00,1.44157,1.44258,1.43932,1.44126,7653,1.4334949916501554,BULLISH_ABOVE_EMA200,0.4870738104158879,0.11170781122074513,-0.11170781122072973
2025-03-11,16:00:00,1.4413,1.45205,1.4401,1.44828,13006,1.433642106161099,BULLISH_ABOVE_EMA200,-0.3390228408871192,-0.22992791449167668,-0.6518076615019275
2025-03-11,20:00:00,1.44827,1.45041,1.4379,1.44337,10032,1.4337389011246704,BULLISH_ABOVE_EMA200,-0.034641152303286404,0.0034641152303209483,-0.44063545729786147
2025-03-12,00:00:00,1.44334,1.44387,1.44212,1.44287,3014,1.4338297578298975,BULLISH_ABOVE_EMA200,0.14415713127307794,-0.22316632822083765,-0.46019391906410145
2025-03-12,04:00:00,1.44287,1.44509,1.44272,1.44495,4453,1.4339404070057196,BULLISH_ABOVE_EMA200,-0.10588601681719308,-0.4228520017993744,-0.4290805910239098
2025-03-12,08:00:00,1.44494,1.44843,1.44331,1.44342,6630,1.4340347313141204,BULLISH_ABOVE_EMA200,-0.2611852406090971,-0.44408418894015794,-0.32076595862603485
2025-03-12,12:00:00,1.44341,1.44435,1.43657,1.43965,7490,1.434090604634378,BULLISH_ABOVE_EMA200,-0.0562636751988469,-0.23755773972842015,0.009029972562773138
2025-03-12,16:00:00,1.43964,1.44301,1.4375,1.43884,10640,1.4341378622997074,BULLISH_ABOVE_EMA200,-0.12718578855188892,-0.006255038781235126,0.2237913875066026
2025-03-12,20:00:00,1.43879,1.43925,1.4353,1.43701,7029,1.4341664407842873,BULLISH_ABOVE_EMA200,-0.05427937175106666,0.12386830989346734,0.49825679709953696
2025-03-13,00:00:00,1.43635,1.43684,1.43582,1.43623,2350,1.434186973711807,BULLISH_ABOVE_EMA200,0.17545936235840207,0.24717489538584797,0.48251324648559796
2025-03-13,04:00:00,1.43624,1.43931,1.43603,1.43875,4898,1.4342323769584555,BULLISH_ABOVE_EMA200,0.0027801911381435274,0.2300608166811416,0.28705473501302986
2025-03-13,08:00:00,1.43874,1.44041,1.43791,1.43879,7056,1.4342777264414561,BULLISH_ABOVE_EMA200,0.06880781768013722,0.37392531224153214,0.17792728612235945
2025-03-13,12:00:00,1.4388,1.4402,1.43655,1.43978,8030,1.4343324754320885,BULLISH_ABOVE_EMA200,0.1583575268443677,0.23475808804122425,0.07431690952783788
2025-03-13,16:00:00,1.43979,1.44251,1.43781,1.44206,11155,1.434409366223809,BULLISH_ABOVE_EMA200,0.14631846109038849,0.05686309862280647,-0.3252291860255372
2025-03-13,20:00:00,1.44206,1.44511,1.44187,1.44417,7811,1.4345064869579005,BULLISH_ABOVE_EMA200,-0.06993636483239199,-0.19526787012609628,-0.5664153112168134
2025-03-14,00:00:00,1.44335,1.44428,1.44249,1.44316,3130,1.4345925915652848,BULLISH_ABOVE_EMA200,-0.019401868122734693,-0.16006541201253044,-0.4282269464231322
2025-03-14,04:00:00,1.44314,1.4441,1.44267,1.44288,5160,1.4346750533407546,BULLISH_ABOVE_EMA200,-0.10603792415169878,-0.38187513861165895,-0.3874196052339754
2025-03-14,08:00:00,1.44286,1.44349,1.44118,1.44135,5998,1.4347414707204487,BULLISH_ABOVE_EMA200,-0.03468970062787976,-0.37187359073089876,-0.35452874041696664
2025-03-14,12:00:00,1.44135,1.44361,1.44053,1.44085,7855,1.4348022521063148,BULLISH_ABOVE_EMA200,-0.2415241003574229,-0.26859145643197,-0.4802720616302903
2025-03-14,16:00:00,1.44093,1.44126,1.43698,1.43737,10042,1.4348278018366003,BULLISH_ABOVE_EMA200,-0.09600868252432825,-0.005565720726053835,-0.5614420782401206
2025-03-14,20:00:00,1.43742,1.43843,1.43548,1.43599,5485,1.4348393659974303,BULLISH_ABOVE_EMA200,0.06894198427564428,0.0174095919887925,-0.5132347718298943
2025-03-17,00:00:00,1.43673,1.43743,1.43558,1.43698,3168,1.4348606658382521,BULLISH_ABOVE_EMA200,0.021573021197235347,-0.21225069242438985,-0.5274951634678229
2025-03-17,04:00:00,1.43696,1.43781,1.43657,1.43729,4320,1.4348848383174735,BULLISH_ABOVE_EMA200,-0.0730541505193799,-0.5559072977617558,-0.49120219301602785
2025-03-17,08:00:00,1.43729,1.43798,1.43598,1.43624,5389,1.4348983225133196,BULLISH_ABOVE_EMA200,-0.16083662897566106,-0.5305519968807414,-0.5904305687071829
2025-03-17,12:00:00,1.43621,1.43638,1.4338,1.43393,6039,1.434888687463436,BEARISH_BELOW_EMA200,-0.3228888439463511,-0.31591500282440027,-0.34311298320001926
2025-03-17,16:00:00,1.43389,1.43457,1.42821,1.4293,8848,1.4348330786329542,BEARISH_BELOW_EMA200,-0.047575736374450006,0.06506681592387009,0.11054362275239031
2025-03-17,20:00:00,1.4294,1.4294,1.42751,1.42862,5114,1.4347712569550144,BEARISH_BELOW_EMA200,0.054598143663115654,-0.06019795326959464,0.07909731069144177
2025-03-18,00:00:00,1.42809,1.42994,1.42809,1.4294,2370,1.4347178116121786,BEARISH_BELOW_EMA200,0.05806632153350261,-0.0272841751784044,0.026584580943056317
2025-03-18,04:00:00,1.42941,1.4307,1.42882,1.43023,3852,1.4346731567702664,BEARISH_BELOW_EMA200,-0.17269949588527525,0.045447235759286234,0.05523587115359547
2025-03-18,08:00:00,1.43023,1.43072,1.42721,1.42776,4333,1.4346043691407115,BEARISH_BELOW_EMA200,0.08754972824564167,0.1393791673670756,0.3102762369025716
2025-03-18,12:00:00,1.42775,1.42979,1.42594,1.42901,6131,1.4345487037761273,BEARISH_BELOW_EMA200,0.13085982603341043,0.05388345777847317,0.23232867509676014
2025-03-18,16:00:00,1.42901,1.43191,1.42708,1.43088,9562,1.434512199260942,BEARISH_BELOW_EMA200,-0.07897238063288699,0.009784188750980445,0.15584814939059716
2025-03-18,20:00:00,1.43088,1.43194,1.42916,1.42975,5881,1.4344648141936691,BEARISH_BELOW_EMA200,0.0020982689281325052,0.17065920615492203,0.1993355481727588
2025-03-19,00:00:00,1.42935,1.43017,1.42922,1.42978,2194,1.4344181991270655,BEARISH_BELOW_EMA200,0.08672662927162975,0.17834911664732,0.17135503364152813
2025-03-19,04:00:00,1.42976,1.43129,1.42976,1.43102,2855,1.4343843862004282,BEARISH_BELOW_EMA200,0.0817598635938083,0.14604967086414916,0.13486883481712256
2025-03-19,08:00:00,1.43101,1.43307,1.43072,1.43219,5437,1.4343625515118668,BEARISH_BELOW_EMA200,0.009775239318807489,0.02862748657650322,0.22273581019278352
2025-03-19,12:00:00,1.43219,1.43344,1.43145,1.43233,5911,1.434342327118714,BEARISH_BELOW_EMA200,0.054456724358213734,-0.0069816313279908275,0.42867216353771914
2025-03-19,16:00:00,1.4323,1.43376,1.43093,1.43311,7348,1.4343300651573336,BEARISH_BELOW_EMA200,-0.03558694029069718,-0.011164530287288485,0.010466747144313587
2025-03-19,20:00:00,1.43314,1.43487,1.43077,1.4326,8112,1.4343128505786538,BEARISH_BELOW_EMA200,-0.02582716738798014,0.19405277118525788,-0.03141141979617907
2025-03-20,00:00:00,1.43239,1.43329,1.43146,1.43223,2859,1.4342921256972743,BEARISH_BELOW_EMA200,0.050271255315141705,0.43568421273119706,-0.010473178190644831
2025-03-20,04:00:00,1.43223,1.43347,1.43199,1.43295,4096,1.4342787712127243,BEARISH_BELOW_EMA200,0.1695802365749087,0.02163369273177937,0.018144387452468613
2025-03-20,08:00:00,1.43295,1.43553,1.43295,1.43538,4696,1.4342897287130951,BULLISH_ABOVE_EMA200,0.2152740040964633,-0.22502751884518846,-0.17138318772730068
2025-03-20,12:00:00,1.43539,1.43905,1.43511,1.43847,7214,1.4343313234522683,BULLISH_ABOVE_EMA200,-0.36219038283731586,-0.444221985859969,-0.19187052910383073
2025-03-20,16:00:00,1.43848,1.44011,1.43175,1.43326,9089,1.43432066351742,BEARISH_BELOW_EMA200,-0.07744582280953521,-0.003488550576998135,0.052328258655095966
2025-03-20,20:00:00,1.43326,1.43358,1.43123,1.43215,5153,1.4342990648754554,BEARISH_BELOW_EMA200,-0.004887756170793177,0.05376531787870945,0.20528575917326694
2025-03-21,00:00:00,1.43205,1.43261,1.43142,1.43208,2384,1.4342769846279386,BEARISH_BELOW_EMA200,0.07890620635719202,0.25347745935981386,0.07541478129713214
2025-03-21,04:00:00,1.43208,1.43332,1.43142,1.43321,3972,1.4342663678654717,BEARISH_BELOW_EMA200,-0.02023429923040751,0.05581875649764598,0.08233266583403401
2025-03-21,08:00:00,1.43321,1.43436,1.43132,1.43292,5214,1.434252971170293,BEARISH_BELOW_EMA200,0.19470731094548685,0.1514390196242641,0.029310777991799052
2025-03-21,12:00:00,1.43292,1.43573,1.43271,1.43571,6133,1.4342674689695936,BULLISH_ABOVE_EMA200,-0.1184083136566601,-0.17761247048499015,-0.15253776876946848
2025-03-21,16:00:00,1.43572,1.43727,1.43364,1.43401,9197,1.4342649070892992,BEARISH_BELOW_EMA200,0.07531328233415178,0.026499117858316677,-0.165968159217861
2025-03-21,20:00:00,1.43399,1.43522,1.43317,1.43509,5257,1.4342731169690077,BULLISH_ABOVE_EMA200,-0.13448633883589095,-0.1219435714833159,-0.22228571030388522
2025-03-24,00:00:00,1.43497,1.43498,1.43265,1.43316,2644,1.4342620411782714,BEARISH_BELOW_EMA200,0.0858243322448341,0.02511931675457841,-0.07884674425745035
2025-03-24,04:00:00,1.43318,1.43503,1.43309,1.43439,3896,1.4342633144003782,BULLISH_ABOVE_EMA200,-0.07320184886955398,-0.19241628845712086,-0.14012925355029435
2025-03-24,08:00:00,1.43439,1.43481,1.43256,1.43334,5037,1.4342541271924143,BEARISH_BELOW_EMA200,0.01255808112519339,-0.10046464900164008,-0.06279040562602892
2025-03-24,12:00:00,1.43333,1.43459,1.4315,1.43352,5578,1.4342468224442313,BEARISH_BELOW_EMA200,-0.13184329482671658,-0.10393995200624975,-0.38227579664043265
2025-03-24,16:00:00,1.43354,1.43436,1.42889,1.43163,9236,1.4342207844099604,BEARISH_BELOW_EMA200,0.018859621550260365,0.052387837639615575,-0.11525324280714495
2025-03-24,20:00:00,1.43163,1.43266,1.43056,1.4319,5658,1.434197692027772,BEARISH_BELOW_EMA200,0.009078846288146062,0.0377121307353855,-0.30030030030029825
2025-03-25,00:00:00,1.43097,1.43268,1.43097,1.43203,2174,1.4341761229528687,BEARISH_BELOW_EMA200,0.024440828753592627,-0.27862544779089393,-0.2367268842133199
2025-03-25,04:00:00,1.43204,1.43238,1.43107,1.43238,3725,1.434158251082691,BEARISH_BELOW_EMA200,0.004188832572358521,-0.16755330289448034,-0.34627682598193743
2025-03-25,08:00:00,1.43236,1.43324,1.43154,1.43244,4901,1.4341411540569926,BEARISH_BELOW_EMA200,-0.3071681885454162,-0.3378850073999578,-0.5145067158135682
2025-03-25,12:00:00,1.43245,1.43266,1.42803,1.42804,6255,1.4340804460564256,BEARISH_BELOW_EMA200,0.13585053639954434,0.04201562981428629,-0.08613204111930088
2025-03-25,16:00:00,1.42799,1.43135,1.42707,1.42998,7991,1.4340396455981528,BEARISH_BELOW_EMA200,-0.166435894208314,-0.17902348284592215,-0.2412621155540604
2025-03-25,20:00:00,1.4299,1.43079,1.4272,1.4276,5263,1.4339755695225493,BEARISH_BELOW_EMA200,0.07284953768562132,-0.17722050994675828,-0.05743905855982368
2025-03-26,00:00:00,1.4272,1.42871,1.42701,1.42864,2723,1.4339224792785439,BEARISH_BELOW_EMA200,-0.08539590099675208,-0.1280938514951281,0.003499832008070999
2025-03-26,04:00:00,1.42863,1.42978,1.427,1.42742,4416,1.4338577779921902,BEARISH_BELOW_EMA200,-0.1646326939513144,-0.06235025430495828,-0.06515251292540916
2025-03-26,08:00:00,1.42741,1.42773,1.42459,1.42507,5378,1.4337703374151536,BEARISH_BELOW_EMA200,0.12209926529923812,0.11999410555270115,0.22735725262618042
2025-03-26,12:00:00,1.42509,1.42719,1.42445,1.42681,5367,1.4337010803264456,BEARISH_BELOW_EMA200,-0.01962419663443878,0.13176246311703058,0.2004471513376052
2025-03-26,16:00:00,1.42676,1.42708,1.42347,1.42653,8515,1.4336297262933466,BEARISH_BELOW_EMA200,0.017525043286847206,-0.0028040069258999114,0.34909886227418874
2025-03-26,20:00:00,1.42654,1.4297,1.42627,1.42678,6258,1.433561569812816,BEARISH_BELOW_EMA200,0.13386787030937344,0.1072344720279252,0.25652167818444305
2025-03-27,00:00:00,1.42632,1.43159,1.42563,1.42869,4655,1.4335130964813452,BEARISH_BELOW_EMA200,-0.15398721906081653,0.06859430667254483,0.16308646382349867
2025-03-27,04:00:00,1.42868,1.4287,1.42593,1.42649,4792,1.433443214924317,BEARISH_BELOW_EMA200,0.1275858926455799,0.35191273685760327,0.33578924492986784
2025-03-27,08:00:00,1.4265,1.43055,1.42623,1.42831,6471,1.433392138158901,BEARISH_BELOW_EMA200,0.09521742478873829,0.1491272902941214,0.26464843066281946
2025-03-27,12:00:00,1.42833,1.42975,1.42756,1.42967,6520,1.4333551019583148,BEARISH_BELOW_EMA200,0.12870102890877363,0.09442738534067038,0.09932362013611372
2025-03-27,16:00:00,1.42962,1.43285,1.42919,1.43151,10208,1.4333367427348491,BEARISH_BELOW_EMA200,-0.07474624696999158,-0.016066950283264,-0.15438243533052826
2025-03-27,20:00:00,1.43148,1.43211,1.42992,1.43044,5684,1.4333079194240546,BEARISH_BELOW_EMA200,0.040546964570343735,0.11534912334667316,0.09437655546544856
2025-03-28,00:00:00,1.43045,1.43154,1.42944,1.43102,2295,1.4332851540566511,BEARISH_BELOW_EMA200,0.01816885857641046,0.004891615770570257,-0.013277242805824688
2025-03-28,04:00:00,1.43102,1.43151,1.43075,1.43128,3883,1.433265202274993,BEARISH_BELOW_EMA200,0.05659270024034272,-0.13833771169862588,0.015370856855394258
2025-03-28,08:00:00,1.4312,1.43321,1.43101,1.43209,4870,1.433253508720018,BEARISH_BELOW_EMA200,-0.06982801360250486,-0.02094840408076231,0.1871390764546932
2025-03-28,12:00:00,1.43208,1.43326,1.43081,1.43109,5633,1.4332319812700676,BEARISH_BELOW_EMA200,-0.1250794848681745,-0.018167969869115636,0.47027091238148017
2025-03-28,16:00:00,1.4311,1.4326,1.4276,1.4293,10844,1.4331928570783257,BEARISH_BELOW_EMA200,0.1742111523123124,0.15392150003498076,0.5786049114951375
2025-03-28,20:00:00,1.4293,1.43239,1.42921,1.43179,6329,1.433178898301427,BEARISH_BELOW_EMA200,-0.06704893874100601,0.20813108067525302,0.4888985116532535
2025-03-31,00:00:00,1.43045,1.43282,1.43,1.43083,4908,1.433155526179025,BEARISH_BELOW_EMA200,0.04682596814436015,0.4885276378046345,0.5765884137179027
2025-03-31,04:00:00,1.43079,1.432,1.42988,1.4315,5514,1.4331390532817212,BEARISH_BELOW_EMA200,0.22843171498428966,0.4240307369891736,0.4086622424030675
2025-03-31,08:00:00,1.43149,1.43481,1.43089,1.43477,6937,1.4331552816072763,BULLISH_ABOVE_EMA200,0.21257762568216487,0.2801842804073066,0.23488085198323586
2025-03-31,12:00:00,1.43477,1.43808,1.43408,1.43782,6051,1.4332016967156618,BULLISH_ABOVE_EMA200,-0.017387433753883203,0.08763266611952934,0.11127957602480307
2025-03-31,16:00:00,1.43781,1.4395,1.43602,1.43757,10405,1.4332451624199836,BULLISH_ABOVE_EMA200,0.08486543263980181,-0.01530360260718497,-0.3853725383807467
2025-03-31,20:00:00,1.43754,1.43953,1.43712,1.43879,6529,1.4333003349332176,BULLISH_ABOVE_EMA200,0.020155825381042505,-0.04517684999200992,-0.5942493345102522
2025-04-01,00:00:00,1.43834,1.43955,1.43809,1.43908,2889,1.4333578440383596,BULLISH_ABOVE_EMA200,-0.1202156933596471,0.023626205631376088,-0.6031631320010021
2025-04-01,04:00:00,1.43912,1.44001,1.43724,1.43735,4791,1.4333975669832515,BULLISH_ABOVE_EMA200,0.054962256931162794,-0.3701255783212155,-0.47170139492816704
2025-04-01,08:00:00,1.43731,1.44034,1.43731,1.43814,5988,1.433444755371478,BULLISH_ABOVE_EMA200,0.08900385219797431,-0.5493206502843964,-0.5451485947126198
2025-04-01,12:00:00,1.43808,1.44039,1.43661,1.43942,6824,1.4335042105419111,BULLISH_ABOVE_EMA200,-0.5134012310513963,-0.6266412860735594,-0.510622333995635
2025-04-01,16:00:00,1.43947,1.44148,1.43053,1.43203,11871,1.4334895417803,BEARISH_BELOW_EMA200,-0.12499738133977349,-0.1019531713721093,-0.002094928178877153
2025-04-01,20:00:00,1.43199,1.43436,1.42975,1.43024,7082,1.4334572080312422,BEARISH_BELOW_EMA200,0.01118693366147905,0.004195100123052703,-0.3999328783980275
2025-04-02,00:00:00,1.42955,1.43072,1.42886,1.4304,3200,1.433426788050832,BEARISH_BELOW_EMA200,0.01188478747203604,0.11675055928412055,-0.35095078299774907
2025-04-02,04:00:00,1.43039,1.43084,1.42918,1.43057,4465,1.4333983622990825,BEARISH_BELOW_EMA200,-0.018873595839420127,0.09996015574211975,-0.35370516647209455
2025-04-02,08:00:00,1.43058,1.4317,1.4293,1.4303,5650,1.4333675328234696,BEARISH_BELOW_EMA200,0.12375026218276232,-0.4041110256589454,-1.203943228693282
2025-04-02,12:00:00,1.4303,1.43318,1.4299,1.43207,6600,1.4333546220491067,BEARISH_BELOW_EMA200,-0.0048880292164499295,-0.467155935114894,-1.671705992025519
2025-04-02,16:00:00,1.4321,1.4334,1.42956,1.432,9781,1.4333411432227476,BEARISH_BELOW_EMA200,-0.522346368715079,-0.4532122905027853,-1.8121508379888214
2025-04-02,20:00:00,1.43199,1.43656,1.42285,1.42452,9590,1.4332533706533672,BEARISH_BELOW_EMA200,0.06037121275939143,-0.8030775278690447,-1.0445623789065792
2025-04-03,00:00:00,1.42304,1.43186,1.42146,1.42538,9338,1.4331750286568163,BEARISH_BELOW_EMA200,0.00912037491756328,-1.2102035948308512,-1.3315747379646126
2025-04-03,04:00:00,1.42539,1.42578,1.42372,1.42551,8393,1.4330987597149576,BEARISH_BELOW_EMA200,-0.8719686287714686,-1.3651254638690737,-1.0838226319001596
2025-04-03,08:00:00,1.42551,1.42552,1.41164,1.41308,10302,1.4328995680760028,BEARISH_BELOW_EMA200,-0.3502986384351762,-0.24343986186202393,0.004953718119286558
2025-04-03,12:00:00,1.41305,1.41595,1.4069,1.40813,11367,1.4326531047120628,BEARISH_BELOW_EMA200,-0.14771363439455742,-0.1228579747608537,0.9004850404436949
2025-04-03,16:00:00,1.40814,1.40903,1.40242,1.40605,13911,1.43238839720249,BEARISH_BELOW_EMA200,0.2553252018064779,0.2851961167810582,1.0639735429038855
2025-04-03,20:00:00,1.4061,1.41039,1.406,1.40964,8089,1.4321620449915202,BEARISH_BELOW_EMA200,-0.22984591810674423,0.2489997446156396,0.8853324253000798
2025-04-04,00:00:00,1.40967,1.40967,1.40611,1.4064,4742,1.4319057062353857,BEARISH_BELOW_EMA200,0.26023890784982906,1.024601820250271,1.1788964732650609
2025-04-04,04:00:00,1.4064,1.41028,1.40528,1.41006,7682,1.4316883360240884,BEARISH_BELOW_EMA200,0.21913961108036645,0.7765626994595984,0.8148589421726735
2025-04-04,08:00:00,1.41006,1.41633,1.40816,1.41315,9690,1.4315038749691225,BEARISH_BELOW_EMA200,0.5420514453525812,0.6347521494533592,0.8399674486077237
2025-04-04,12:00:00,1.41317,1.42414,1.41307,1.42081,14096,1.4313974682530117,BEARISH_BELOW_EMA200,0.01407647750228391,0.15272978089962805,0.27378748741916026
2025-04-04,16:00:00,1.42078,1.42356,1.41786,1.42101,16474,1.431294110359947,BEARISH_BELOW_EMA200,0.07811345451474262,0.038001140034199965,0.1273741915961089
2025-04-04,20:00:00,1.42105,1.42583,1.4201,1.42212,12202,1.4312028256797487,BEARISH_BELOW_EMA200,0.06047309650380143,0.2039209068151705,0.18563834275588387
2025-04-07,00:00:00,1.42576,1.42668,1.42041,1.42298,9074,1.431121006518756,BEARISH_BELOW_EMA200,-0.10049333089711876,0.120873097302855,-0.1054125848571192
2025-04-07,04:00:00,1.42296,1.42533,1.42122,1.42155,10451,1.431025772623047,BEARISH_BELOW_EMA200,0.24409975027258005,0.08933910168477242,-0.3622806091941886
2025-04-07,08:00:00,1.42151,1.4268,1.41958,1.42502,12355,1.4309660136914746,BEARISH_BELOW_EMA200,-0.022455825181392258,-0.018245357959883156,-0.5087647892661141
2025-04-07,12:00:00,1.42492,1.42959,1.42378,1.4247,12489,1.4309036652965346,BEARISH_BELOW_EMA200,-0.13195760510985496,-0.22601249385835617,-0.5846844949814116
2025-04-07,16:00:00,1.4246,1.42671,1.41785,1.42282,14973,1.4308232308159723,BEARISH_BELOW_EMA200,0.13634894083580865,-0.4512165980236341,-0.1862498418633447
2025-04-07,20:00:00,1.42282,1.42539,1.41845,1.42476,11160,1.430762900161087,BEARISH_BELOW_EMA200,-0.23021421151632201,-0.49060894466436816,0.1024733990286095
2025-04-08,00:00:00,1.42472,1.42472,1.42003,1.42148,5927,1.430670532995305,BEARISH_BELOW_EMA200,-0.35737400455862717,-0.35948448096351476,0.19064636857359865
2025-04-08,04:00:00,1.4215,1.42184,1.41577,1.4164,7709,1.430528537642118,BEARISH_BELOW_EMA200,0.0967240892403185,0.26616774922337116,0.3960745552103849
2025-04-08,08:00:00,1.41639,1.41923,1.41495,1.41777,9843,1.4304015870188134,BEARISH_BELOW_EMA200,-0.09874662321815723,0.5960064044238536,0.17703858876968848
2025-04-08,12:00:00,1.41778,1.42031,1.41522,1.41637,10277,1.4302619692375316,BEARISH_BELOW_EMA200,0.2682914775094097,0.5521156195062138,0.06707286937735242
2025-04-08,16:00:00,1.4164,1.42228,1.41428,1.42017,13025,1.430161551633178,BEARISH_BELOW_EMA200,0.4260053373891936,0.12956195385059985,-0.17533112233041687
2025-04-08,20:00:00,1.42018,1.42712,1.41949,1.42622,11276,1.4301223322139425,BEARISH_BELOW_EMA200,-0.14233428222854652,-0.41648553519092824,-1.3013420089467356
2025-04-09,00:00:00,1.42563,1.42732,1.42418,1.42419,5956,1.4300633040327093,BEARISH_BELOW_EMA200,-0.15306946404623475,-0.48237945779707436,-0.9970579768148906
2025-04-09,04:00:00,1.42423,1.4247,1.42055,1.42201,9991,1.4299831716542744,BEARISH_BELOW_EMA200,-0.12165877877089537,-0.30449856189477886,-1.0428899937412466
2025-04-09,08:00:00,1.42203,1.42481,1.41927,1.42028,11540,1.4298866226825901,BEARISH_BELOW_EMA200,-0.20840960937280492,-0.8885571859070096,-0.8948939645703664
2025-04-09,12:00:00,1.42035,1.42211,1.41557,1.41732,12019,1.4297615816608729,BEARISH_BELOW_EMA200,0.02540005080011134,-0.5171732565687238,-0.7133180933028421
2025-04-09,16:00:00,1.41727,1.42127,1.41316,1.41768,12522,1.4296413669179786,BEARISH_BELOW_EMA200,-0.7067885559505769,-0.7406466903673575,-1.256277862423121
2025-04-09,20:00:00,1.41768,1.41859,1.40714,1.40766,12391,1.429422646849143,BEARISH_BELOW_EMA200,0.16552292456986525,-0.006393589361061868,-0.6656436923688873
2025-04-10,00:00:00,1.40815,1.41096,1.40726,1.40999,6716,1.4292292871790024,BEARISH_BELOW_EMA200,-0.19929219356165498,-0.19716451889729747,-1.075894155277706
2025-04-10,04:00:00,1.40997,1.41091,1.40709,1.40718,8946,1.429009891286674,BEARISH_BELOW_EMA200,0.027715004477031395,-0.5194786736593862,-0.7689137139527318
2025-04-10,08:00:00,1.40716,1.40939,1.4052,1.40757,9813,1.4287965590350655,BEARISH_BELOW_EMA200,-0.025575992668209466,-0.659292255447328,-1.2262267595927772
2025-04-10,12:00:00,1.40756,1.40874,1.4042,1.40721,10011,1.4285817674028758,BEARISH_BELOW_EMA200,-0.5215994769792799,-0.8804656021489418,-1.5392158952821549
2025-04-10,16:00:00,1.40718,1.40752,1.3988,1.39987,13334,1.4282960781749865,BEARISH_BELOW_EMA200,-0.11286762342216884,-0.25073756848849554,-0.688635373284653
2025-04-10,20:00:00,1.39989,1.40069,1.39512,1.39829,11296,1.427997510232947,BEARISH_BELOW_EMA200,-0.2481602528803098,-0.5706970657016854,-0.8281543885746108
2025-04-11,00:00:00,1.3977,1.39826,1.39095,1.39482,7720,1.4276673857530173,BEARISH_BELOW_EMA200,0.1104085114925293,-0.6646018841140714,-0.5463070503720883
2025-04-11,04:00:00,1.39481,1.3969,1.39071,1.39636,10720,1.427355869476868,BEARISH_BELOW_EMA200,-0.433269357472293,-0.43899853905869324,-0.7118508121114941
2025-04-11,08:00:00,1.39636,1.39835,1.38804,1.39031,10940,1.4269872538601827,BEARISH_BELOW_EMA200,-0.34236968733590895,-0.258935057649001,-0.4632060475721243
2025-04-11,12:00:00,1.39036,1.39324,1.38385,1.38555,11146,1.4265749428764993,BEARISH_BELOW_EMA200,0.3377720038973705,0.11908628342534944,0.18765111327631162
2025-04-11,16:00:00,1.3856,1.39323,1.38418,1.39023,12377,1.4262133016538476,BEARISH_BELOW_EMA200,-0.25319551441128213,-0.2740553721326752,0.009350970702686857
2025-04-11,20:00:00,1.3903,1.39188,1.38663,1.38671,8401,1.4258202339757,BEARISH_BELOW_EMA200,0.0353354342292101,-0.2048012922673216,-0.0007211313108051079
2025-04-14,00:00:00,1.38493,1.38836,1.38489,1.3872,5411,1.4254359530406184,BEARISH_BELOW_EMA200,-0.056228373702422355,0.06848327566320692,0.1557093425605493
2025-04-14,04:00:00,1.38719,1.38734,1.38484,1.38642,6923,1.4250477346024033,BEARISH_BELOW_EMA200,-0.1839269485437351,0.28418516755384765,-0.0692430865105864
2025-04-14,08:00:00,1.38637,1.38757,1.3828,1.38387,7743,1.424638005899892,BEARISH_BELOW_EMA200,0.3092776055554396,0.20449897750512042,0.12067607506485872
2025-04-14,12:00:00,1.38389,1.3889,1.38344,1.38815,6772,1.4242749411645697,BEARISH_BELOW_EMA200,0.1592046968987534,0.08716637251017062,0.1318301336310916
2025-04-14,16:00:00,1.38818,1.39105,1.38614,1.39036,9802,1.4239374790634298,BEARISH_BELOW_EMA200,-0.2632411749474954,-0.3524267096291699,0.4711010098104128
2025-04-14,20:00:00,1.39037,1.39047,1.38626,1.3867,6017,1.4235669568836944,BEARISH_BELOW_EMA200,0.1918223119636464,-0.08365183529242445,0.6490228600273957
2025-04-15,00:00:00,1.3867,1.39082,1.3867,1.38936,3565,1.4232265891535085,BEARISH_BELOW_EMA200,-0.28070478493695045,0.0446248632463915,0.41098059538205395
2025-04-15,04:00:00,1.38938,1.38966,1.38501,1.38546,5127,1.4228508021967572,BEARISH_BELOW_EMA200,0.005774255481939573,0.8264403158517881,0.5868087133515362
2025-04-15,08:00:00,1.38548,1.38778,1.38498,1.38554,6560,1.4224795504336054,BEARISH_BELOW_EMA200,0.3204526754911442,0.733288104277029,0.4135571690460046
2025-04-15,12:00:00,1.38554,1.3915,1.38496,1.38998,6950,1.4221561718223257,BEARISH_BELOW_EMA200,0.4985683247241041,0.36619231931394974,0.12302335285400512
2025-04-15,16:00:00,1.38998,1.39692,1.38676,1.39691,9317,1.4219049661325514,BEARISH_BELOW_EMA200,-0.08661975359902609,-0.23766742309812294,-0.6614599365743059
2025-04-15,20:00:00,1.39691,1.39773,1.39516,1.3957,5822,1.421644220200884,BEARISH_BELOW_EMA200,-0.04513864010889936,-0.3174034534642068,-0.733682023357457
2025-04-16,00:00:00,1.39537,1.39639,1.39469,1.39507,3606,1.4213798000993827,BEARISH_BELOW_EMA200,-0.10608786655866198,-0.24228174930289795,-0.5963858444379211
2025-04-16,04:00:00,1.39496,1.39504,1.39341,1.39359,4580,1.4211032846755083,BEARISH_BELOW_EMA200,-0.16647651030791694,-0.4248021297512286,-0.32936516479022476
2025-04-16,08:00:00,1.3936,1.39421,1.39039,1.39127,6895,1.4208064360717718,BEARISH_BELOW_EMA200,0.030188245272311412,-0.417604059600228,-0.25947515579291675
2025-04-16,12:00:00,1.39124,1.39295,1.39031,1.39169,6526,1.4205167202899633,BEARISH_BELOW_EMA200,-0.28885743233048555,-0.3549641083862186,-0.31759946539819145
2025-04-16,16:00:00,1.39169,1.39287,1.38673,1.38767,8580,1.4201898872522525,BEARISH_BELOW_EMA200,-0.15925976637097042,0.09584411279339132,-0.2334849063538096
2025-04-16,20:00:00,1.38765,1.38981,1.38507,1.38546,6938,1.419844316234817,BEARISH_BELOW_EMA200,0.09310986964618347,0.158792025753178,-0.15662667994745466
2025-04-17,00:00:00,1.38515,1.38683,1.38515,1.38675,3090,1.4195150195558637,BEARISH_BELOW_EMA200,0.1622498647917855,0.03749774652966115,-0.16224986479176948
2025-04-17,04:00:00,1.38673,1.38912,1.38673,1.389,4026,1.419211387520482,BEARISH_BELOW_EMA200,-0.09647228221743116,-0.3290136789056849,-0.20518358531317632
2025-04-17,08:00:00,1.389,1.38959,1.3865,1.38766,5359,1.4188974433660493,BEARISH_BELOW_EMA200,-0.02810486718647871,-0.31491864001268216,-0.11818456970726719
2025-04-17,12:00:00,1.38764,1.39057,1.38658,1.38727,5914,1.4185827424370339,BEARISH_BELOW_EMA200,-0.20471862002349606,-0.19967273854404255,-0.1203803152955128
2025-04-17,16:00:00,1.38728,1.38787,1.38437,1.38443,8514,1.4182429141540784,BEARISH_BELOW_EMA200,-0.08234435832798631,0.12423885642466168,0.03683826556777955
2025-04-17,20:00:00,1.38444,1.38498,1.38279,1.38329,5000,1.4178951239634907,BEARISH_BELOW_EMA200,0.08747261962424042,0.19735557981335233,0.042651938494465406
2025-04-18,00:00:00,1.38333,1.38463,1.38276,1.3845,1390,1.4175628341728093,BEARISH_BELOW_EMA200,0.11917659804983238,0.07945106536654957,-0.19284940411702217
2025-04-18,04:00:00,1.38451,1.38624,1.38425,1.38615,8906,1.4172502686586521,BEARISH_BELOW_EMA200,-0.009378494390936297,-0.08729214010027295,-0.46603902896511273
2025-04-18,08:00:00,1.38611,1.38666,1.38404,1.38602,7091,1.4169395197167751,BEARISH_BELOW_EMA200,-0.030302593036181796,-0.15439892642242037,-0.48844894013072987
2025-04-18,12:00:00,1.38604,1.38655,1.3844,1.3856,6196,1.416627683699693,BEARISH_BELOW_EMA200,-0.04763279445726638,-0.27208429561201297,-0.4575635103926106
2025-04-18,16:00:00,1.38559,1.38669,1.38433,1.38494,4145,1.4163123833643727,BEARISH_BELOW_EMA200,-0.076537611737697,-0.3790777939838532,-0.08086992938322309
2025-04-18,20:00:00,1.38493,1.38493,1.38245,1.38388,3571,1.4159896730821402,BEARISH_BELOW_EMA200,-0.14813423129173825,-0.33456658091741426,0.002890424025207388
2025-04-21,00:00:00,1.38268,1.3834,1.38054,1.38183,3647,1.415649775837542,BEARISH_BELOW_EMA200,-0.1548670965313974,-0.18598525144192568,0.1396698580867552
2025-04-21,04:00:00,1.38183,1.38214,1.37938,1.37969,4730,1.4152919671227406,BEARISH_BELOW_EMA200,-0.0318912219411604,0.29934260594771045,0.0529104364023728
2025-04-21,08:00:00,1.3797,1.38022,1.37909,1.37925,4377,1.414933340584206,BEARISH_BELOW_EMA200,0.0007250317201264069,0.3385898133043286,0.17980786659415013
2025-04-21,12:00:00,1.37927,1.38145,1.37805,1.37926,5056,1.414578381971428,BEARISH_BELOW_EMA200,0.3306120673404666,0.3262619085596748,0.3878891579542629
2025-04-21,16:00:00,1.37923,1.38424,1.37845,1.38382,7069,1.4142723284194734,BEARISH_BELOW_EMA200,0.007226373372258602,-0.24569669465682453,-0.22763076122617001
2025-04-21,20:00:00,1.38382,1.38499,1.38255,1.38392,4828,1.4139703152013692,BEARISH_BELOW_EMA200,-0.011561361928430686,-0.15824614139546622,-0.2471241112203002
2025-04-22,00:00:00,1.38356,1.3845,1.38278,1.38376,3111,1.4136697150501119,BEARISH_BELOW_EMA200,-0.24137133606984743,0.06142683702374655,-0.06937619240331212
2025-04-22,04:00:00,1.38375,1.38375,1.38002,1.38042,4500,1.4133388721142899,BEARISH_BELOW_EMA200,0.09489865403282496,0.018110430158943182,0.2100809898436798
2025-04-22,08:00:00,1.38043,1.38205,1.37927,1.38173,6630,1.4130243559738493,BEARISH_BELOW_EMA200,0.20843435403443464,-0.08901883870219525,-0.047042475736925264
2025-04-22,12:00:00,1.38172,1.38608,1.38163,1.38461,6164,1.4127416260636618,BEARISH_BELOW_EMA200,-0.28455666216478526,-0.13072273058838715,-0.0852225536432612
2025-04-22,16:00:00,1.38461,1.3857,1.37961,1.38067,8097,1.412422505406312,BEARISH_BELOW_EMA200,-0.012312862595696545,0.19193579928585694,0.629404564450583
2025-04-22,20:00:00,1.38066,1.38324,1.3799,1.3805,5719,1.4121048685365976,BEARISH_BELOW_EMA200,0.16660630206446714,0.042013763129302786,0.5331401666063045
2025-04-23,00:00:00,1.38167,1.38601,1.38131,1.3828,5321,1.4118132778048902,BEARISH_BELOW_EMA200,0.037604859704951976,0.04555973387329392,0.29649985536592366
2025-04-23,04:00:00,1.38281,1.38467,1.38194,1.38332,4916,1.4115297626028516,BEARISH_BELOW_EMA200,-0.1619292716074386,0.43663071451289814,0.2450626030130414
2025-04-23,08:00:00,1.38331,1.38391,1.38082,1.38108,6159,1.4112267798903855,BEARISH_BELOW_EMA200,0.17015668896804326,0.49092014944825846,0.2802154835346119
2025-04-23,12:00:00,1.38105,1.38407,1.37978,1.38343,6038,1.4109501950158543,BEARISH_BELOW_EMA200,0.4286447453069538,0.2508258459047501,0.1857701510014935
2025-04-23,16:00:00,1.38342,1.3899,1.3823,1.38936,10148,1.4107353672047513,BEARISH_BELOW_EMA200,-0.10796337882189172,-0.19073530258535004,-0.1072436229630903
2025-04-23,20:00:00,1.38937,1.39041,1.38731,1.38786,6018,1.4105077516106743,BEARISH_BELOW_EMA200,-0.06917124205612035,-0.20967532748261278,-0.17797184154022697
2025-04-24,00:00:00,1.38706,1.38848,1.38675,1.3869,3270,1.4102728486095732,BEARISH_BELOW_EMA200,-0.013699617852758849,-0.06489292667100173,-0.03965678852116594
2025-04-24,04:00:00,1.38694,1.38736,1.38624,1.38671,4425,1.410038392404503,BEARISH_BELOW_EMA200,-0.12691911070088235,0.08365123205283208,0.059132767485618534
2025-04-24,08:00:00,1.38672,1.38745,1.38394,1.38495,5652,1.4097887566591847,BEARISH_BELOW_EMA200,0.07581501137225138,0.03177010000360995,0.2700458500306926
2025-04-24,12:00:00,1.385,1.38702,1.38401,1.386,5537,1.4095520526128247,BEARISH_BELOW_EMA200,0.1349206349206377,0.025252525252530484,0.08802308802308795
2025-04-24,16:00:00,1.38601,1.38984,1.38498,1.38787,7926,1.4093363107957817,BEARISH_BELOW_EMA200,-0.1786910877819996,-0.024497971712048462,-0.13690043015556305
2025-04-24,20:00:00,1.38785,1.3884,1.38415,1.38539,4689,1.40909803904657,BEARISH_BELOW_EMA200,0.06929456687287132,0.23820007362548315,0.005052728834480868
2025-04-25,00:00:00,1.38457,1.38651,1.38404,1.38635,2578,1.4088716903993406,BEARISH_BELOW_EMA200,0.08511559130089508,0.06275471562014832,0.07213185703466743
2025-04-25,04:00:00,1.38636,1.38765,1.38572,1.38753,4319,1.408659335270989,BEARISH_BELOW_EMA200,0.08360179599720727,-0.11243000151348122,-0.07134980865277323
2025-04-25,08:00:00,1.38753,1.38895,1.3858,1.38869,5631,1.4084606354175464,BEARISH_BELOW_EMA200,-0.10585515845869722,-0.23259330736161896,-0.018002577969171197
2025-04-25,12:00:00,1.38867,1.38918,1.3862,1.38722,5851,1.4082492858114017,BEARISH_BELOW_EMA200,-0.09010827410215924,0.009371260506638134,-0.025230316748594345
2025-04-25,16:00:00,1.38723,1.38753,1.38492,1.38597,7060,1.4080276013754673,BEARISH_BELOW_EMA200,-0.036797333275612784,0.04112643130805006,-0.09163257501965283
2025-04-25,20:00:00,1.38596,1.38755,1.38494,1.38546,5013,1.4078030481279502,BEARISH_BELOW_EMA200,0.1364167857606982,0.21509101670203276,-0.1905504309038136
2025-04-28,00:00:00,1.38544,1.38769,1.38445,1.38735,2779,1.4075995352112542,BEARISH_BELOW_EMA200,-0.05838469023678073,-0.03459833495513288,-0.26813709590227175
2025-04-28,04:00:00,1.38736,1.38843,1.38651,1.38654,3234,1.407389987597212,BEARISH_BELOW_EMA200,0.1370317480923587,-0.1327044297315666,-0.021636591804072656
2025-04-28,08:00:00,1.38654,1.38922,1.38619,1.38844,4819,1.4072014305066927,BEARISH_BELOW_EMA200,-0.11307654633976617,-0.4047708219296447,-0.39828872691652595
2025-04-28,12:00:00,1.38843,1.38845,1.38547,1.38687,5523,1.4069991277155813,BEARISH_BELOW_EMA200,-0.15646744107234312,-0.2336195894352125,-0.25957732159467345
2025-04-28,16:00:00,1.38688,1.3872,1.38246,1.3847,8476,1.4067772458477645,BEARISH_BELOW_EMA200,-0.13576948075396142,0.11121542572397448,0.047663753881698766
2025-04-28,20:00:00,1.38471,1.38573,1.3816,1.38282,4994,1.4065388652920656,BEARISH_BELOW_EMA200,0.05857595348635234,0.006508439276272076,0.031819036461722856
2025-04-29,00:00:00,1.38282,1.38395,1.38211,1.38363,2625,1.4063109163836869,BEARISH_BELOW_EMA200,0.18863424470414789,-0.026018516510910864,-0.04408693075460921
2025-04-29,04:00:00,1.38364,1.38662,1.38079,1.38624,5148,1.406111205772904,BEARISH_BELOW_EMA200,-0.24021814404430933,-0.06348107109879905,-0.21064173591873064
2025-04-29,08:00:00,1.38626,1.38709,1.3816,1.38291,5758,1.4058803480040194,BEARISH_BELOW_EMA200,0.026032062824038867,0.025308949967810662,0.09689712273393762
2025-04-29,12:00:00,1.38288,1.38516,1.38272,1.38327,5684,1.4056553694169147,BEARISH_BELOW_EMA200,0.15109125478033394,-0.018073116600525095,0.12072841889147169
2025-04-29,16:00:00,1.38323,1.38669,1.38288,1.38536,7873,1.4054534254426172,BEARISH_BELOW_EMA200,-0.1515851475428763,-0.14725414332735315,-0.3161633077322738
2025-04-29,20:00:00,1.38536,1.38596,1.38266,1.38326,4587,1.4052325953387108,BEARISH_BELOW_EMA200,-0.017350317366223125,0.07157005913566838,-0.2501337420296993
2025-04-30,00:00:00,1.38224,1.38344,1.38224,1.38302,2237,1.4050115744895695,BEARISH_BELOW_EMA200,0.021691660279691473,0.13882662578994837,-0.3072985206287592
2025-04-30,04:00:00,1.38306,1.38457,1.38196,1.38332,3650,1.4047957379274842,BEARISH_BELOW_EMA200,0.06722956365843588,-0.16915825694705552,-0.2848220223809425
2025-04-30,08:00:00,1.38331,1.38428,1.38166,1.38425,4555,1.4045913027242256,BEARISH_BELOW_EMA200,0.0498464872674791,-0.32147372223226045,-0.20083077478779157
2025-04-30,12:00:00,1.38425,1.38532,1.3821,1.38494,5422,1.404395767373736,BEARISH_BELOW_EMA200,-0.2859329646049622,-0.4455066645486453,-0.21878204109925975
2025-04-30,16:00:00,1.38496,1.3855,1.38023,1.38098,8984,1.4041627746635497,BEARISH_BELOW_EMA200,-0.08544656693074344,-0.11585975177048513,0.31209720633172194
2025-04-30,20:00:00,1.38099,1.38112,1.37694,1.3798,6139,1.4039203589952558,BEARISH_BELOW_EMA200,-0.07464849978256737,0.12103203362806642,0.4000579794173208
2025-05-01,00:00:00,1.3785,1.38005,1.37823,1.37877,2514,1.4036701066669448,BEARISH_BELOW_EMA200,0.04424233193353492,0.22773921683819062,0.3800488841503595
2025-05-01,04:00:00,1.37877,1.38,1.37837,1.37938,3291,1.4034284140632936,BEARISH_BELOW_EMA200,0.1515173483739017,0.428453363105153,0.20661456596442018
2025-05-01,08:00:00,1.37939,1.38168,1.37922,1.38147,4036,1.4032099223810717,BEARISH_BELOW_EMA200,0.03185013065792207,0.2786886432568301,0.11075159069686864
2025-05-01,12:00:00,1.38152,1.38247,1.38073,1.38191,4587,1.402997982854892,BEARISH_BELOW_EMA200,0.24458901086177381,0.15196358663009826,0.03545817021369709
2025-05-01,16:00:00,1.38197,1.38617,1.37951,1.38529,8226,1.402821784020515,BEARISH_BELOW_EMA200,0.0021656115326174692,-0.22089237632552322,-0.4475597167380103
2025-05-01,20:00:00,1.38531,1.38609,1.38349,1.38532,5127,1.4026476369158332,BEARISH_BELOW_EMA200,-0.09456298905669046,-0.16747033176450926,-0.24976178789016387
2025-05-02,00:00:00,1.38527,1.3855,1.38401,1.38401,2553,1.4024621877922927,BEARISH_BELOW_EMA200,-0.12861178748707688,-0.11632863924392811,-0.15101046957752656
2025-05-02,04:00:00,1.38402,1.38424,1.38145,1.38223,4042,1.402260872490877,BEARISH_BELOW_EMA200,0.055707082034099784,-0.22716913972350064,-0.1779732750700049
2025-05-02,08:00:00,1.38223,1.38339,1.38025,1.383,4566,1.402069222018331,BEARISH_BELOW_EMA200,-0.04338394793925769,-0.08242950108459282,-0.14750542299349542
2025-05-02,12:00:00,1.38298,1.38383,1.38048,1.3824,5993,1.4018735083664073,BEARISH_BELOW_EMA200,-0.239438657407418,-0.03472222222222482,-0.08825231481481473
2025-05-02,16:00:00,1.38236,1.38286,1.37597,1.37909,9440,1.4016468067906223,BEARISH_BELOW_EMA200,0.20085708691964713,0.049307876933341106,0.15444967333531281
2025-05-02,20:00:00,1.37909,1.38192,1.37909,1.38186,4786,1.4014499231409643,BEARISH_BELOW_EMA200,0.004341973861313663,-0.06512960791976921,0.03690677782119827
2025-05-05,00:00:00,1.37995,1.38283,1.37967,1.38192,3140,1.4012555955475219,BEARISH_BELOW_EMA200,-0.1555806414264282,-0.053548685886300434,0.13604260738681556
2025-05-05,04:00:00,1.38192,1.38192,1.37934,1.37977,4419,1.4010418085271485,BEARISH_BELOW_EMA200,0.08624625843437851,0.10508997876457317,0.12393369909478394
2025-05-05,08:00:00,1.37975,1.38185,1.37877,1.38096,5073,1.4008419895368287,BEARISH_BELOW_EMA200,0.015930946587888788,0.10210288494960994,0.07096512570964987
2025-05-05,12:00:00,1.38095,1.38145,1.37863,1.38118,5488,1.4006463478498952,BEARISH_BELOW_EMA200,0.0028960743711766716,0.18969287131292406,-0.07819400802212383
2025-05-05,16:00:00,1.38117,1.38295,1.3799,1.38122,6877,1.400453050856364,BEARISH_BELOW_EMA200,0.08325972690811069,0.018823938257493303,-0.29466703349211537
2025-05-05,20:00:00,1.38122,1.38245,1.38072,1.38237,2994,1.400273120002072,BEARISH_BELOW_EMA200,0.10344553194874166,-0.031105999117468728,-0.3515701295601095
2025-05-06,00:00:00,1.38155,1.38395,1.38089,1.3838,2134,1.4001092083602604,BEARISH_BELOW_EMA200,-0.1676542853013353,-0.26737967914437166,-0.4791154791154729
2025-05-06,04:00:00,1.3838,1.38446,1.38135,1.38148,4340,1.3999238431029444,BEARISH_BELOW_EMA200,0.03329762283926694,-0.31343197150881263,-0.14332455048209838
2025-05-06,08:00:00,1.38149,1.38305,1.3807,1.38194,4956,1.3997448993904773,BEARISH_BELOW_EMA200,-0.13314615685195028,-0.3205638450294466,-0.19465389235421648
2025-05-06,12:00:00,1.3819,1.3832,1.37947,1.3801,4949,1.3995494277547513,BEARISH_BELOW_EMA200,-0.2137526266212599,-0.21230345627129185,0.003622925874928155
2025-05-06,16:00:00,1.38012,1.38083,1.37498,1.37715,7268,1.3993265478765946,BEARISH_BELOW_EMA200,0.026140943252362915,0.17064226845295372,0.10020694913407667
2025-05-06,20:00:00,1.37712,1.37859,1.37622,1.37751,5029,1.3991094677982208,BEARISH_BELOW_EMA200,-0.024682216463038885,0.1263148724873195,0.45734695210923854
2025-05-07,00:00:00,1.37752,1.37803,1.37201,1.37717,4196,1.3988911646360496,BEARISH_BELOW_EMA200,0.16918753676016346,0.21638577662888261,0.38702556692347767
2025-05-07,04:00:00,1.37718,1.37981,1.377,1.3795,5333,1.3986982177242482,BEARISH_BELOW_EMA200,-0.018122508155118625,-0.0703153316418931,0.24864081188836856
2025-05-07,08:00:00,1.37953,1.3797,1.37805,1.37925,4858,1.398504703120027,BEARISH_BELOW_EMA200,0.06525285481239085,0.3306144643828093,0.5299981874206944
2025-05-07,12:00:00,1.37926,1.3806,1.37848,1.38015,4415,1.3983220692581362,BEARISH_BELOW_EMA200,-0.11737854581023474,0.17027134731732596,0.6289171466869559
2025-05-07,16:00:00,1.38013,1.38058,1.37725,1.37853,6564,1.3981251332456175,BEARISH_BELOW_EMA200,0.383016691693322,0.31918057641110165,0.9793040412613484
2025-05-07,20:00:00,1.37852,1.38381,1.37841,1.38381,7046,1.3979826941088451,BEARISH_BELOW_EMA200,-0.09466617526972072,0.1987267038104964,0.6091876774990741
2025-05-08,00:00:00,1.38321,1.38392,1.38217,1.3825,2196,1.3978286374510458,BEARISH_BELOW_EMA200,0.031103074141043793,0.457866184448459,0.7298372513562338
2025-05-08,04:00:00,1.3825,1.3831,1.3813,1.38293,4299,1.3976803923022794,BEARISH_BELOW_EMA200,0.2624861706666297,0.6580231826629047,0.629822189120201
2025-05-08,08:00:00,1.383,1.38831,1.38291,1.38656,5997,1.397569741632605,BEARISH_BELOW_EMA200,0.16371451650126892,0.4096468959150637,0.3310350796215161
2025-05-08,12:00:00,1.38655,1.38979,1.38646,1.38883,5879,1.3974827790292954,BEARISH_BELOW_EMA200,0.23040976937422808,0.2707314790147092,0.19224815132161246
2025-05-08,16:00:00,1.38883,1.39311,1.38686,1.39203,7817,1.3974285225215413,BEARISH_BELOW_EMA200,0.015085881769776616,-0.02801663757247419,0.1027276710990295
2025-05-08,20:00:00,1.39202,1.39324,1.39145,1.39224,3866,1.3973768954317747,BEARISH_BELOW_EMA200,0.025139343791305557,-0.07829109923575055,0.11061311268172849
2025-05-09,00:00:00,1.3914,1.39314,1.39104,1.39259,2423,1.3973292646314586,BEARISH_BELOW_EMA200,-0.06821821210837406,-0.07827142231382068,0.07324481721109737
2025-05-09,04:00:00,1.39257,1.39419,1.39154,1.39164,4347,1.3972726550331356,BEARISH_BELOW_EMA200,-0.035210255525845724,0.13078094909602575,0.06323474461786036
2025-05-09,08:00:00,1.39178,1.39257,1.39093,1.39115,3872,1.3972117330925076,BEARISH_BELOW_EMA200,0.025159041081109185,0.18905222298098048,0.3285051935449062
2025-05-09,12:00:00,1.39116,1.39207,1.39041,1.3915,4095,1.397154899927408,BEARISH_BELOW_EMA200,0.14085519223858872,0.1516349263384877,0.5864175350341319
2025-05-09,16:00:00,1.39152,1.39442,1.39058,1.39346,6408,1.397118134754001,BEARISH_BELOW_EMA200,0.022964419502540297,-0.06745798228868721,0.5009114003990058
2025-05-09,20:00:00,1.39344,1.39403,1.39191,1.39378,3478,1.3970849194828168,BEARISH_BELOW_EMA200,-0.012197046879708668,0.1391898290978528,0.25398556443627235
2025-05-12,00:00:00,1.39041,1.3938,1.39041,1.39361,3431,1.3970503431695551,BEARISH_BELOW_EMA200,-0.07821413451396268,0.4341243245958259,0.3286428771320548
2025-05-12,04:00:00,1.39364,1.39403,1.39194,1.39252,4708,1.397005265128067,BEARISH_BELOW_EMA200,0.22979921293770225,0.5687530520207916,0.24918852152931978
2025-05-12,08:00:00,1.39252,1.39805,1.39136,1.39572,7274,1.3969924764203252,BEARISH_BELOW_EMA200,0.28229157710714414,0.11463617344451779,0.22568996646891828
2025-05-12,12:00:00,1.39574,1.39973,1.39546,1.39966,6681,1.397019018943506,BULLISH_ABOVE_EMA200,0.055727819613334874,-0.10502550619435151,-0.12788820142034196
2025-05-12,16:00:00,1.39964,1.40115,1.3978,1.40044,7111,1.3970530585560086,BULLISH_ABOVE_EMA200,-0.22278712404672904,-0.31775727628458506,-0.35488846362571186
2025-05-12,20:00:00,1.40042,1.40153,1.39714,1.39732,4314,1.3970557146897795,BULLISH_ABOVE_EMA200,0.06226204448516793,0.11092663097931486,-0.271233504136487
2025-05-13,00:00:00,1.3967,1.39851,1.3967,1.39819,2522,1.3970670011107766,BULLISH_ABOVE_EMA200,-0.15734628340926338,-0.02288673213226371,-0.3568899791873815
2025-05-13,04:00:00,1.39815,1.39868,1.39575,1.39599,4599,1.3970562846818138,BEARISH_BELOW_EMA200,0.20630520275933162,-0.037249550498218174,-0.23997306570963717
2025-05-13,08:00:00,1.39598,1.39911,1.39588,1.39887,5194,1.3970743316004026,BULLISH_ABOVE_EMA200,-0.0714862710616506,-0.38173668746918027,-0.5432956600684875
2025-05-13,12:00:00,1.3988,1.40006,1.39758,1.39787,5274,1.397082248698906,BULLISH_ABOVE_EMA200,-0.17168978517315328,-0.33407970698276324,-0.24537331797663905
2025-05-13,16:00:00,1.39795,1.40157,1.39529,1.39547,8675,1.3970662064232953,BEARISH_BELOW_EMA200,-0.1390212616537835,-0.20279905694854694,0.12898879947258085
2025-05-13,20:00:00,1.39549,1.39562,1.39306,1.39353,4257,1.3970310202897303,BEARISH_BELOW_EMA200,-0.023680868011448728,-0.16217806577539978,0.3293793459774884
2025-05-14,00:00:00,1.39325,1.39389,1.39259,1.3932,2289,1.3969929006848574,BEARISH_BELOW_EMA200,-0.04019523399367599,0.08900373241457851,0.2741889175997656
2025-05-14,04:00:00,1.39318,1.39386,1.39188,1.39264,4178,1.396949588240232,BEARISH_BELOW_EMA200,-0.09837431066177141,0.3324620863970525,0.3109202665441137
2025-05-14,08:00:00,1.39268,1.39358,1.39067,1.39127,5672,1.3968930749244088,BEARISH_BELOW_EMA200,0.22784937503143857,0.49235590503640725,0.4995435824821933
2025-05-14,12:00:00,1.39125,1.39462,1.39009,1.39444,5833,1.3968686662186933,BEARISH_BELOW_EMA200,0.20294885402025978,0.1850205100255319,0.2596024210435859
2025-05-14,16:00:00,1.3944,1.39838,1.39376,1.39727,8010,1.3968726595896517,BULLISH_ABOVE_EMA200,0.060832909888569674,-0.021470438784198253,0.10019538099294108
2025-05-14,20:00:00,1.39731,1.39853,1.39657,1.39812,4523,1.3968850709370184,BULLISH_ABOVE_EMA200,-0.07867708065116734,0.007152461877377406,-0.16379137699196958
2025-05-15,00:00:00,1.39813,1.39813,1.39609,1.39702,2234,1.3968864135147596,BULLISH_ABOVE_EMA200,-0.0035790468282403598,0.07444417402758385,-0.12455082962304426
2025-05-15,04:00:00,1.39702,1.39718,1.39584,1.39697,4096,1.3968872452210805,BULLISH_ABOVE_EMA200,0.0894793732148846,0.12169194757224813,-0.191127941186994
2025-05-15,08:00:00,1.39696,1.39886,1.39681,1.39822,5087,1.3969005064626618,BULLISH_ABOVE_EMA200,-0.011443120538966541,-0.17093161305088714,-0.20740655976885786
2025-05-15,12:00:00,1.39825,1.39934,1.39699,1.39806,4826,1.3969120437117897,BULLISH_ABOVE_EMA200,0.04363188990458202,-0.19884697366350546,-0.158076191293653
2025-05-15,16:00:00,1.39814,1.40044,1.39761,1.39867,6722,1.39692953581416,BULLISH_ABOVE_EMA200,-0.20305004039553118,-0.3124396748339483,-0.010724473964558794
2025-05-15,20:00:00,1.39862,1.39883,1.39551,1.39583,4174,1.3969185951592928,BEARISH_BELOW_EMA200,-0.039403079171520056,-0.03653740068633075,0.046567275384541064
2025-05-16,00:00:00,1.39523,1.39618,1.39497,1.39528,2383,1.3969022907298472,BEARISH_BELOW_EMA200,-0.07023679834871717,0.040852015366088484,0.036551803222293046
2025-05-16,04:00:00,1.39528,1.39568,1.39407,1.3943,3749,1.396876397289749,BEARISH_BELOW_EMA200,0.07315498816609042,0.3026608333930926,0.19651437997561244
2025-05-16,08:00:00,1.39429,1.39601,1.39349,1.39532,4079,1.3968609107495527,BEARISH_BELOW_EMA200,0.0379841183384558,0.0831350514577337,-0.005733451824660864
2025-05-16,12:00:00,1.39536,1.39729,1.39521,1.39585,4212,1.3968508519361242,BEARISH_BELOW_EMA200,0.19128129813375006,-0.004298456137833505,-0.11964036250313861
2025-05-16,16:00:00,1.39584,1.39949,1.39488,1.39852,6503,1.3968674603745708,BULLISH_ABOVE_EMA200,-0.14586848954609458,-0.1058261590824533,-0.2545548150902388
2025-05-16,20:00:00,1.39852,1.39953,1.39638,1.39648,3750,1.3968636050474605,BEARISH_BELOW_EMA200,-0.049409945004572735,-0.08879468377634538,-0.1088450962419774
2025-05-19,00:00:00,1.39611,1.39646,1.39499,1.39579,2890,1.3968529224101724,BEARISH_BELOW_EMA200,0.08955501902148412,-0.115346864499682,0.026508285630358536
2025-05-19,04:00:00,1.39576,1.39725,1.39576,1.39704,3662,1.396854783878728,BULLISH_ABOVE_EMA200,-0.12884384126438927,-0.14888621657218704,-0.048674340033214074
2025-05-19,08:00:00,1.39704,1.39715,1.39477,1.39524,4832,1.3968387163774472,BEARISH_BELOW_EMA200,-0.07597259252888827,-0.020068231988765946,-0.07812276024196807
2025-05-19,12:00:00,1.39523,1.39534,1.39378,1.39418,4707,1.3968122614881195,BEARISH_BELOW_EMA200,0.05594686482376758,0.14201896455264693,-0.11189372964753516
2025-05-19,16:00:00,1.39417,1.39525,1.39169,1.39496,6637,1.3967938310255512,BEARISH_BELOW_EMA200,0.0,0.1003613006824617,-0.14695761885644643
2025-05-19,20:00:00,1.39491,1.39648,1.39463,1.39496,3377,1.3967755839506701,BEARISH_BELOW_EMA200,0.08602397201354088,-0.05806618110913412,-0.25233698457303205
2025-05-20,00:00:00,1.3936,1.39645,1.39317,1.39616,2183,1.3967694587372306,BEARISH_BELOW_EMA200,0.014325005730000714,-0.25355260142104763,-0.4240201696080784
2025-05-20,04:00:00,1.39617,1.39679,1.39563,1.39636,4181,1.3967653845209398,BEARISH_BELOW_EMA200,-0.15826864132459,-0.24707095591394432,-0.5299492967429655
2025-05-20,08:00:00,1.39636,1.39637,1.3932,1.39415,5312,1.3967393607943634,BEARISH_BELOW_EMA200,-0.10974428863465419,-0.19438367464046122,-0.34357852454901355
2025-05-20,12:00:00,1.39409,1.39603,1.39197,1.39262,4761,1.396698372129743,BEARISH_BELOW_EMA200,0.02082405824992629,-0.17090089184415339,-0.4014016745415105
2025-05-20,16:00:00,1.39263,1.39553,1.3917,1.39291,7071,1.396660676884671,BEARISH_BELOW_EMA200,-0.1055344566411385,-0.2835789821309431,-0.800482443230359
2025-05-20,20:00:00,1.39291,1.39354,1.39085,1.39144,4133,1.3966087298509928,BEARISH_BELOW_EMA200,-0.08624159144484059,-0.14948542517105168,-0.3988673604323538
2025-05-21,00:00:00,1.39122,1.39141,1.38986,1.39024,2453,1.3965453594047144,BEARISH_BELOW_EMA200,-0.09207043388191592,-0.23089538496949702,-0.32008861779260006
2025-05-21,04:00:00,1.39025,1.39106,1.38858,1.38896,4663,1.3964698831917322,BEARISH_BELOW_EMA200,0.028798525515490437,-0.5183734592788758,-0.30742425987789396
2025-05-21,08:00:00,1.38894,1.38979,1.38779,1.38936,5664,1.3963991380853469,BEARISH_BELOW_EMA200,-0.16770311510335287,-0.24975528300799377,-0.13531410145677736
2025-05-21,12:00:00,1.38937,1.38941,1.38675,1.38703,5945,1.3963059128307664,BEARISH_BELOW_EMA200,-0.3799485231033133,-0.08939965249489254,0.05551430033956998
2025-05-21,16:00:00,1.38703,1.38765,1.38152,1.38176,8347,1.396161177379714,BEARISH_BELOW_EMA200,0.2988941639647961,0.21204840203797162,0.35389647985177153
2025-05-21,20:00:00,1.38176,1.38652,1.38134,1.38589,6905,1.3960589766097666,BEARISH_BELOW_EMA200,-0.007215579880076267,0.11472772009322386,-0.020203623664219957
2025-05-22,00:00:00,1.38586,1.38711,1.38504,1.38579,2982,1.3959567977380276,BEARISH_BELOW_EMA200,-0.07937710619935927,0.14504362132789567,-0.0555639743395579
2025-05-22,04:00:00,1.38578,1.38607,1.38456,1.38469,4947,1.3958446902978483,BEARISH_BELOW_EMA200,0.2014891419740209,0.1415479276950048,-0.14299229430413093
2025-05-22,08:00:00,1.38472,1.3876,1.38464,1.38748,6005,1.3957614595486159,BEARISH_BELOW_EMA200,0.02306339550839478,-0.13477671750223702,-0.4209069680283728
2025-05-22,12:00:00,1.38749,1.38847,1.38613,1.3878,6026,1.3956822410456446,BEARISH_BELOW_EMA200,-0.0828649661334475,-0.20031704856607616,-0.5879809770860316
2025-05-22,16:00:00,1.38779,1.38885,1.38547,1.38665,8282,1.3955923680004143,BEARISH_BELOW_EMA200,-0.07500090145313741,-0.2841380305051623,-0.9540980059856383
2025-05-22,20:00:00,1.3867,1.38725,1.38555,1.38561,4758,1.395493040955634,BEARISH_BELOW_EMA200,-0.042580524101304876,-0.2865164079358571,-0.9093467858921301
2025-05-23,00:00:00,1.38417,1.38605,1.38416,1.38502,2472,1.3953888315928915,BEARISH_BELOW_EMA200,-0.16678459516828728,-0.3884420441582028,-0.9501667845951568
2025-05-23,04:00:00,1.38503,1.38514,1.38251,1.38271,3927,1.3952626740646041,BEARISH_BELOW_EMA200,-0.07738426712760639,-0.6718690108554953,-0.8837717236441566
2025-05-23,08:00:00,1.38273,1.38313,1.38089,1.38164,4984,1.3951271250689363,BEARISH_BELOW_EMA200,-0.1447555079470775,-0.6246200167916328,-0.7425957557685023
2025-05-23,12:00:00,1.38162,1.38333,1.37935,1.37964,7590,1.3949730243219818,BEARISH_BELOW_EMA200,-0.4508422487025523,-0.5639152242613942,-0.5153518309124083
2025-05-23,16:00:00,1.37967,1.38104,1.373,1.37342,9502,1.3947585663685294,BEARISH_BELOW_EMA200,-0.029852485037353573,-0.21333605160840083,-0.003640546955782318
2025-05-23,20:00:00,1.37339,1.37367,1.37087,1.37301,5592,1.3945421627230714,BEARISH_BELOW_EMA200,-0.08375758370295805,-0.11871727081376102,0.0393296479996493
2025-05-26,00:00:00,1.37258,1.37378,1.37156,1.37186,3655,1.394316469561648,BEARISH_BELOW_EMA200,-0.09986441765195378,0.048838802793284175,0.034988993045924066
2025-05-26,04:00:00,1.37185,1.37222,1.36895,1.37049,5433,1.3940793902625273,BEARISH_BELOW_EMA200,0.06494027683529667,0.2101438171748786,0.2845697524243164
2025-05-26,08:00:00,1.37048,1.37141,1.36853,1.37138,5500,1.3938535256828006,BEARISH_BELOW_EMA200,0.08385713660692036,0.15823477081480009,0.35511674371800156
2025-05-26,12:00:00,1.37136,1.37253,1.37102,1.37253,4066,1.3936413512978973,BEARISH_BELOW_EMA200,0.061200848068891166,-0.013843048967974069,0.2724894902115128
2025-05-26,16:00:00,1.37254,1.37347,1.37195,1.37337,3904,1.3934396463098586,BEARISH_BELOW_EMA200,0.013106446187121387,0.07426986172699425,0.31237030079294925
2025-05-26,20:00:00,1.37329,1.37387,1.37314,1.37355,1573,1.3932417393814023,BEARISH_BELOW_EMA200,-0.08809289796513817,0.19657092934366605,0.5642313712642367
2025-05-27,00:00:00,1.37318,1.37376,1.37219,1.37234,2361,1.3930337618751198,BEARISH_BELOW_EMA200,0.14937989128059428,0.286372181820847,0.5946048355363953
2025-05-27,04:00:00,1.37234,1.37446,1.37217,1.37439,4834,1.392848251806711,BEARISH_BELOW_EMA200,0.13533276580882958,0.2379237334381148,0.6511979860156152
2025-05-27,08:00:00,1.37437,1.3768,1.37323,1.37625,6049,1.3926830950723157,BEARISH_BELOW_EMA200,0.0014532243415172406,0.3669391462306993,0.39963669391462747
2025-05-27,12:00:00,1.37625,1.3774,1.37573,1.37627,5051,1.3925197806934868,BEARISH_BELOW_EMA200,0.10099762401273023,0.3073524817078012,0.5485842167597889
2025-05-27,16:00:00,1.37627,1.37793,1.37544,1.37766,7620,1.3923719221791238,BEARISH_BELOW_EMA200,0.26421613460504517,0.41229330894414495,0.3295442997546556
2025-05-27,20:00:00,1.37763,1.38357,1.37725,1.3813,4748,1.3922617537992321,BEARISH_BELOW_EMA200,-0.05791645551291623,0.03257800622602342,0.17302541084486459
2025-05-28,00:00:00,1.38029,1.38174,1.38009,1.3805,2275,1.3921447214231204,BEARISH_BELOW_EMA200,0.20572256428829797,0.24049257515392897,0.35784136182542153
2025-05-28,04:00:00,1.38052,1.38337,1.38039,1.38334,5217,1.3920571122547312,BEARISH_BELOW_EMA200,-0.1149392051122631,-0.0824092414012404,0.06650570358697297
2025-05-28,08:00:00,1.38334,1.3838,1.3813,1.38175,5024,1.3919545539238383,BEARISH_BELOW_EMA200,0.1498100235208986,0.14040166455582073,0.10711054821783432
2025-05-28,12:00:00,1.38171,1.38393,1.38115,1.38382,5191,1.3918736130887752,BEARISH_BELOW_EMA200,-0.11706724863059899,0.11706724863059899,-0.3071208683210307
2025-05-28,16:00:00,1.38383,1.38442,1.38084,1.3822,7790,1.3917773582321704,BEARISH_BELOW_EMA200,0.10779916075821092,0.14903776588047682,-0.12733323686877485
2025-05-28,20:00:00,1.38218,1.38373,1.38181,1.38369,4050,1.3916968870059798,BEARISH_BELOW_EMA200,0.12647341528810052,-0.03324444059002572,-0.2225932109070813
2025-05-29,00:00:00,1.38318,1.38604,1.3831,1.38544,4564,1.3916346294238306,BEARISH_BELOW_EMA200,-0.08517149786349167,-0.42369211225315,-0.3183104284559436
2025-05-29,04:00:00,1.38538,1.38611,1.38404,1.38426,5493,1.3915612500265786,BEARISH_BELOW_EMA200,-0.07440798693887611,-0.2759597185499947,-0.16181931140103878
2025-05-29,08:00:00,1.38425,1.38563,1.38164,1.38323,5931,1.391478352016364,BEARISH_BELOW_EMA200,-0.26459807841067623,-0.1894117391901612,-0.10771888984478295
2025-05-29,12:00:00,1.38324,1.38348,1.37957,1.37957,5820,1.3913598609515248,BEARISH_BELOW_EMA200,0.06306312836607975,0.10583007748791412,-0.016671861522065026
2025-05-29,16:00:00,1.37957,1.3827,1.37846,1.38044,8380,1.3912512056186739,BEARISH_BELOW_EMA200,0.012314914085364339,0.11445626032280556,-0.34988844136651287
2025-05-29,20:00:00,1.38043,1.38113,1.37965,1.38061,4288,1.391145322975702,BEARISH_BELOW_EMA200,0.030421335496634602,0.08184787883617209,-0.4925359080406427
2025-05-30,00:00:00,1.37996,1.38172,1.3799,1.38103,2315,1.3910446729958443,BEARISH_BELOW_EMA200,0.07168562594585537,-0.12237243217018959,-0.6799273006379304
2025-05-30,04:00:00,1.381,1.38251,1.38019,1.38202,4135,1.3909548752545922,BEARISH_BELOW_EMA200,-0.020260198839384232,-0.4638138377158092,-0.7148955876181322
2025-05-30,08:00:00,1.38202,1.38292,1.38107,1.38174,4486,1.3908631849535515,BEARISH_BELOW_EMA200,-0.17369403795214425,-0.5739140504002195,-0.8887344941884919
2025-05-30,12:00:00,1.38172,1.38201,1.37865,1.37934,5660,1.3907485263967998,BEARISH_BELOW_EMA200,-0.2704191859875021,-0.5582379978830484,-0.7083097713399202
2025-05-30,16:00:00,1.37936,1.37981,1.37388,1.37561,9043,1.390597894293349,BEARISH_BELOW_EMA200,-0.13085104062924985,-0.25225172832416776,-0.33003540247599167
2025-05-30,20:00:00,1.37563,1.37605,1.37137,1.37381,5396,1.3904308505690373,BEARISH_BELOW_EMA200,-0.15795488459102827,-0.31663767187602915,-0.19871743545322126
2025-06-02,00:00:00,1.37295,1.3738,1.37132,1.37164,2872,1.3902438769315344,BEARISH_BELOW_EMA200,0.0364527135399919,-0.1509142340555843,0.02187162812399514
2025-06-02,04:00:00,1.37171,1.37283,1.37038,1.37214,4025,1.3900637388526136,BEARISH_BELOW_EMA200,-0.1953153468304995,-0.07798038101067707,0.07870916961827452
2025-06-02,08:00:00,1.37218,1.37238,1.3674,1.36946,5397,1.3898587265257218,BEARISH_BELOW_EMA200,0.008032363121234246,0.11829480233085865,0.25630540505017485
2025-06-02,12:00:00,1.36945,1.37106,1.36851,1.36957,6323,1.389656848649844,BEARISH_BELOW_EMA200,0.10952342706105252,0.1730470147564552,0.24679278897755783
2025-06-02,16:00:00,1.36954,1.37138,1.36891,1.37107,8250,1.3894719048821838,BEARISH_BELOW_EMA200,0.0007293573632320386,0.156811833093868,0.1035687455782693
2025-06-02,20:00:00,1.37105,1.37232,1.37007,1.37108,4438,1.3892889008535054,BEARISH_BELOW_EMA200,0.06272427575341051,0.1378475362487927,0.06637103597164033
2025-06-03,00:00:00,1.37065,1.37257,1.37038,1.37194,2367,1.3891162749743662,BEARISH_BELOW_EMA200,0.09329854075252343,0.073618379812525,-0.04592037552661985
2025-06-03,04:00:00,1.37195,1.3735,1.37182,1.37322,4479,1.3889581030840739,BEARISH_BELOW_EMA200,-0.018205385881365218,-0.05315972677357739,-0.07427797439594681
2025-06-03,08:00:00,1.37322,1.37389,1.37227,1.37297,5434,1.3887990174812475,BEARISH_BELOW_EMA200,-0.0014566960676585085,-0.0713781073147979,-0.15586647923844155
2025-06-03,12:00:00,1.37295,1.37425,1.37222,1.37295,5238,1.3886413158147675,BEARISH_BELOW_EMA200,-0.03350449761461852,-0.11945081758256776,-0.22214938635784243
2025-06-03,16:00:00,1.37296,1.37342,1.37009,1.37249,7366,1.3884806062046704,BEARISH_BELOW_EMA200,-0.03643013792449817,-0.021129479996204088,-0.5092933281845443
2025-06-03,20:00:00,1.3725,1.37259,1.37129,1.37199,3418,1.3883165205707932,BEARISH_BELOW_EMA200,-0.04956304346241692,-0.08454872120059546,-0.32871959708161236
2025-06-04,00:00:00,1.37108,1.37227,1.37108,1.37131,2020,1.3881473014606363,BEARISH_BELOW_EMA200,0.06490144460406891,-0.10282138976599992,-0.30117187215144403
2025-06-04,04:00:00,1.3713,1.37232,1.37053,1.3722,4367,1.3879886218441126,BEARISH_BELOW_EMA200,-0.09983967351698683,-0.4882670164699132,-0.3191954525579398
2025-06-04,08:00:00,1.3722,1.37311,1.37066,1.37083,5003,1.3878178892884498,BEARISH_BELOW_EMA200,-0.06784211025437854,-0.2443774939270343,-0.3224323949723956
2025-06-04,12:00:00,1.37082,1.37192,1.36937,1.3699,5079,1.3876396018328434,BEARISH_BELOW_EMA200,-0.32119132783414556,-0.19855463902473422,-0.32338126870574013
2025-06-04,16:00:00,1.36996,1.37099,1.36545,1.3655,8097,1.3874193072872432,BEARISH_BELOW_EMA200,0.14500183083120416,0.16990113511534968,0.08568290003662508
2025-06-04,20:00:00,1.36548,1.36852,1.36523,1.36748,3876,1.3872209062197083,BEARISH_BELOW_EMA200,-0.021938163629447376,-0.07824611694504684,-0.013162898177674921
2025-06-05,00:00:00,1.36725,1.36821,1.36706,1.36718,2561,1.387021494217522,BEARISH_BELOW_EMA200,0.04681168536695782,-0.12507497183985286,-0.05266314603783363
2025-06-05,04:00:00,1.36712,1.36836,1.3669,1.36782,4342,1.3868304345735667,BEARISH_BELOW_EMA200,-0.10308373908848631,-0.08407539003669959,-0.12720972057727442
2025-06-05,08:00:00,1.36778,1.36825,1.3659,1.36641,4612,1.3866272461698497,BEARISH_BELOW_EMA200,-0.06879340754238779,0.06513418373694992,0.11636331701320998
2025-06-05,12:00:00,1.36641,1.36668,1.36479,1.36547,5186,1.3864167263074632,BEARISH_BELOW_EMA200,0.0878818282349733,0.07250250829385094,0.19041062784242319
2025-06-05,16:00:00,1.36547,1.3675,1.36342,1.36667,8808,1.386220241468583,BEARISH_BELOW_EMA200,0.046097448542801726,-0.04317062641311292,0.23560918144102092
2025-06-05,20:00:00,1.36667,1.36735,1.36561,1.3673,4609,1.3860319803594428,BEARISH_BELOW_EMA200,-0.06143494478168302,0.05119578731808272,0.19381262341841887
2025-06-06,00:00:00,1.36742,1.36751,1.36605,1.36646,1753,1.3858372342862146,BEARISH_BELOW_EMA200,-0.027809083324798894,0.11782269513925686,0.19905449116696103
2025-06-06,04:00:00,1.36648,1.36704,1.36598,1.36608,3495,1.3856406448903318,BEARISH_BELOW_EMA200,0.14054813773718552,0.2789002108222133,0.1661688920121804
2025-06-06,08:00:00,1.36608,1.36802,1.36606,1.368,4309,1.385465116085453,BEARISH_BELOW_EMA200,0.005116959064312313,0.1425438596491152,-0.01973684210527884
2025-06-06,12:00:00,1.36801,1.37004,1.36662,1.36807,5206,1.3852920303532594,BEARISH_BELOW_EMA200,0.13303412837063563,0.08113619917110722,0.05043601570095678
2025-06-06,16:00:00,1.3681,1.37043,1.36689,1.36989,9096,1.3851387763198937,BEARISH_BELOW_EMA200,0.004379913715696076,-0.11241778536963529,-0.1803064479629731
2025-06-06,20:00:00,1.3699,1.37029,1.36898,1.36995,3965,1.3849876442172082,BEARISH_BELOW_EMA200,-0.05620643089163381,-0.16204970984343303,0.0029198145917763425
2025-06-09,00:00:00,1.36894,1.36992,1.36886,1.36918,2011,1.3848303542249973,BEARISH_BELOW_EMA200,-0.06062022524431472,-0.030675294701944737,0.04820403453160891
2025-06-09,04:00:00,1.36919,1.36919,1.36766,1.36835,3599,1.384666370600868,BEARISH_BELOW_EMA200,-0.0453100449446461,-0.06796506741695293,0.16516242189499403
2025-06-09,08:00:00,1.36838,1.36888,1.36696,1.36773,4193,1.384497849500362,BEARISH_BELOW_EMA200,0.07530726093600978,0.16523729098580503,0.2149547059726821
2025-06-09,12:00:00,1.36773,1.36906,1.3669,1.36876,4267,1.3843412539829456,BEARISH_BELOW_EMA200,-0.0978988281364079,0.07890353312486995,0.023378824629598907
2025-06-09,16:00:00,1.36879,1.3707,1.36703,1.36742,6374,1.3841728832965483,BEARISH_BELOW_EMA200,0.18794518143657116,0.23328604232788946,0.06289216188148929
2025-06-09,20:00:00,1.36738,1.37,1.36719,1.36999,3290,1.3840317600796672,BEARISH_BELOW_EMA200,-0.0109489850290947,0.04963539879853239,-0.21824976824648704
2025-06-10,00:00:00,1.36923,1.3705,1.36839,1.36984,2279,1.383890548536586,BEARISH_BELOW_EMA200,0.056210944343876613,-0.05548093207964959,-0.1919932254861816
2025-06-10,04:00:00,1.36982,1.37149,1.3694,1.37061,4230,1.3837584037750281,BEARISH_BELOW_EMA200,0.004377612887688619,-0.16999730047206466,-0.1860485477269283
2025-06-10,08:00:00,1.37062,1.3728,1.37041,1.37067,5314,1.383628170901645,BEARISH_BELOW_EMA200,-0.11600166342007778,-0.2677522671394327,-0.18239255254729048
2025-06-10,12:00:00,1.37065,1.37082,1.36837,1.36908,4557,1.3834834129822258,BEARISH_BELOW_EMA200,-0.05843340053175373,-0.13658807374295426,-0.20378648435446212
2025-06-10,16:00:00,1.36907,1.36932,1.36677,1.36828,6761,1.3833321352411092,BEARISH_BELOW_EMA200,-0.09354810418919723,-0.016078580407510666,-0.194404654018175
2025-06-10,20:00:00,1.36821,1.36924,1.36695,1.367,3659,1.38316962643274,BEARISH_BELOW_EMA200,0.015362106803221908,0.08558888076079849,-0.002194586686172238
2025-06-11,00:00:00,1.36659,1.36741,1.36636,1.36721,2862,1.383010824179678,BEARISH_BELOW_EMA200,0.06217040542418629,-0.06729032116500258,-0.06217040542418629
2025-06-11,04:00:00,1.36719,1.36829,1.36698,1.36806,3925,1.3828620597599797,BEARISH_BELOW_EMA200,0.008040583015368806,-0.17835475052263772,-0.17981667470725907
2025-06-11,08:00:00,1.36806,1.36839,1.36738,1.36817,4195,1.3827158701106266,BEARISH_BELOW_EMA200,-0.13740982480248096,-0.08770839881009596,-0.18711125079486596
2025-06-11,12:00:00,1.36818,1.36898,1.36497,1.36629,5671,1.3825524286169886,BEARISH_BELOW_EMA200,-0.04903790556909209,0.005123363268414063,-0.32935906725511777
2025-06-11,16:00:00,1.36628,1.36782,1.36536,1.36562,7257,1.3823839467402028,BEARISH_BELOW_EMA200,0.09885619718515855,-0.001464536254604577,-0.36247272301225886
2025-06-11,20:00:00,1.3656,1.36742,1.36492,1.36697,4765,1.3822305741358227,BEARISH_BELOW_EMA200,-0.044624241936545746,-0.09949011317000576,-0.4952559310006761
2025-06-12,00:00:00,1.36686,1.36722,1.36607,1.36636,2361,1.3820726579752673,BEARISH_BELOW_EMA200,-0.055622237184936175,-0.33446529465148006,-0.2715243420474913
2025-06-12,04:00:00,1.36637,1.36729,1.36546,1.3656,4169,1.3819087509307375,BEARISH_BELOW_EMA200,0.0007322788517915578,-0.361013473930864,-0.053456356180426
2025-06-12,08:00:00,1.3656,1.36747,1.36444,1.36561,5293,1.3817465743045612,BEARISH_BELOW_EMA200,-0.2797284729900876,-0.3961599578210408,-0.29803531022766516
2025-06-12,12:00:00,1.3656,1.36609,1.36177,1.36179,6659,1.381548001425909,BEARISH_BELOW_EMA200,-0.08224469264717833,0.06315217471121545,-0.016889535097184768
2025-06-12,16:00:00,1.3618,1.36268,1.36046,1.36067,7046,1.3813402601181883,BEARISH_BELOW_EMA200,-0.03454180660997673,0.30867146332321443,-0.15654052782819972
2025-06-12,20:00:00,1.36066,1.36141,1.35993,1.3602,3213,1.3811299092712412,BEARISH_BELOW_EMA200,0.18012057050432592,0.09851492427583419,-0.12939273636229848
2025-06-13,00:00:00,1.35999,1.36336,1.35918,1.36265,3626,1.380946029577,BEARISH_BELOW_EMA200,0.16291784390710093,-0.07999119363004538,-0.2707958756834089
2025-06-13,04:00:00,1.36264,1.36491,1.36168,1.36487,6792,1.3807860690836966,BEARISH_BELOW_EMA200,-0.24397928007796016,-0.4637804333013361,-0.3472858220929441
2025-06-13,08:00:00,1.36487,1.3651,1.36121,1.36154,6861,1.3805945659087344,BEARISH_BELOW_EMA200,0.0014689248938797997,-0.22768335854986857,-0.32022562686369255
2025-06-13,12:00:00,1.36155,1.36504,1.3613,1.36156,7652,1.3804051672429758,BEARISH_BELOW_EMA200,-0.22180440083433872,-0.19095743118189118,-0.4134962836746103
2025-06-13,16:00:00,1.36155,1.36322,1.35658,1.35854,9186,1.380187603389812,BEARISH_BELOW_EMA200,-0.007360843258202849,0.11703740780543673,-0.22597788802686175
2025-06-13,20:00:00,1.35858,1.36004,1.35786,1.35844,6215,1.3799712093262317,BEARISH_BELOW_EMA200,0.03827920261475324,-0.0927534524896233,-0.09937869909603547
2025-06-16,00:00:00,1.35789,1.35953,1.35762,1.35896,3849,1.3797621425667668,BEARISH_BELOW_EMA200,0.08609524930830306,-0.2229646200035223,-0.10301995643726422
2025-06-16,04:00:00,1.35895,1.36066,1.35879,1.36013,5959,1.3795667978646098,BEARISH_BELOW_EMA200,-0.21689103247483754,-0.3426143089263606,-0.21321491328035735
2025-06-16,08:00:00,1.36012,1.36012,1.35696,1.35718,6247,1.379344043657002,BEARISH_BELOW_EMA200,-0.09210274245125726,-0.006631397456501387,-0.019894192369471438
2025-06-16,12:00:00,1.35725,1.35738,1.3558,1.35593,5276,1.3791110680982257,BEARISH_BELOW_EMA200,-0.03392505512822395,0.12021269534563143,0.1696252756410706
2025-06-16,16:00:00,1.35592,1.35646,1.35396,1.35547,8266,1.3788758335897857,BEARISH_BELOW_EMA200,0.11951573992784456,0.12984426066235208,0.43010911344404534
2025-06-16,20:00:00,1.35547,1.35798,1.35533,1.35709,4168,1.378659059126206,BEARISH_BELOW_EMA200,0.03463292780878147,-0.013263674479942153,0.7766618278817171
2025-06-17,00:00:00,1.35645,1.35816,1.35645,1.35756,3339,1.378449118239378,BEARISH_BELOW_EMA200,-0.024308317864415827,0.04935325142166448,0.7373523085535705
2025-06-17,04:00:00,1.35753,1.35808,1.35681,1.35723,5895,1.3782379827345086,BEARISH_BELOW_EMA200,-0.023577433449000977,0.29987548167959877,0.6299595499657433
2025-06-17,08:00:00,1.35721,1.35831,1.35627,1.35691,5438,1.378025764000832,BEARISH_BELOW_EMA200,0.09727984906883934,0.7900302894075392,0.7119116227310582
2025-06-17,12:00:00,1.35689,1.35833,1.35561,1.35823,5582,1.3778287912247045,BEARISH_BELOW_EMA200,0.22602946481817557,0.6876596747237143,0.47414649948830473
2025-06-17,16:00:00,1.35827,1.36198,1.35737,1.3613,7885,1.377664325640379,BEARISH_BELOW_EMA200,0.46499669433629226,0.329097186512895,0.46132373466539806
2025-06-17,20:00:00,1.36129,1.36929,1.3609,1.36763,6918,1.3775644816041566,BEARISH_BELOW_EMA200,-0.004387151495649334,-0.07750634308985903,0.11260355505510242
2025-06-18,00:00:00,1.366,1.36905,1.36494,1.36757,3420,1.377465034026006,BEARISH_BELOW_EMA200,-0.13088909525654688,-0.21205495879552072,0.1791498789824333
2025-06-18,04:00:00,1.36754,1.36774,1.36566,1.36578,5449,1.3773487650307223,BEARISH_BELOW_EMA200,0.05784240507256428,0.131792821684314,0.35950153026109405
2025-06-18,08:00:00,1.36579,1.36714,1.3651,1.36657,5658,1.377241513637382,BEARISH_BELOW_EMA200,-0.1390342243719687,0.19025735966689855,0.31026584807218227
2025-06-18,12:00:00,1.36656,1.36699,1.36338,1.36467,5762,1.3771164239494478,BEARISH_BELOW_EMA200,0.2132383653190858,0.3920361699165341,0.5224706339261402
2025-06-18,16:00:00,1.36467,1.36956,1.36446,1.36758,8922,1.3770215341589063,BEARISH_BELOW_EMA200,0.116263765191066,0.22740899983912793,0.40363269424823184
2025-06-18,20:00:00,1.36761,1.37028,1.36543,1.36917,7918,1.3769434094409072,BEARISH_BELOW_EMA200,0.06208140698379437,0.1197805970040306,0.049665125587035494
2025-06-19,00:00:00,1.36876,1.37003,1.36809,1.37002,2963,1.3768745197947292,BEARISH_BELOW_EMA200,0.04890439555626548,0.12992511058231943,-0.06934205340068074
2025-06-19,04:00:00,1.37003,1.3721,1.37,1.37069,5231,1.376812982284334,BEARISH_BELOW_EMA200,0.00875471477869686,0.1758238551386545,-0.12256600690162646
2025-06-19,08:00:00,1.37071,1.37295,1.37065,1.37081,6306,1.376753251117326,BEARISH_BELOW_EMA200,0.0722200742626494,-0.07003158716379891,-0.08389200545662669
2025-06-19,12:00:00,1.3708,1.37214,1.37025,1.3718,5518,1.3767039650365565,BEARISH_BELOW_EMA200,0.09476600087476883,-0.19900860183699512,0.0029158769499956264
2025-06-19,16:00:00,1.3718,1.37461,1.37112,1.3731,5355,1.3766681046879339,BEARISH_BELOW_EMA200,-0.23669069987619076,-0.2978661423057262,-0.010195907071591945
2025-06-19,20:00:00,1.37309,1.37312,1.36962,1.36985,2484,1.3766002628502432,BEARISH_BELOW_EMA200,-0.056940540935139096,-0.013870131766245387,0.2314121984158773
2025-06-20,00:00:00,1.36996,1.37026,1.36867,1.36907,2998,1.3765253348616837,BEARISH_BELOW_EMA200,-0.004382537050694924,0.20232712717391654,0.44482751064590775
2025-06-20,04:00:00,1.36908,1.37016,1.36883,1.36901,5202,1.3764505554103237,BEARISH_BELOW_EMA200,0.047479565525455576,0.2885296674238974,0.5010920300070756
2025-06-20,08:00:00,1.369,1.37101,1.36891,1.36966,5465,1.3763829876947982,BEARISH_BELOW_EMA200,0.15916358804373704,0.24531635588392794,0.5979586174671027
2025-06-20,12:00:00,1.36969,1.37233,1.36917,1.37184,5336,1.3763377838371385,BEARISH_BELOW_EMA200,0.08164217401446305,0.24201073011429827,0.4628819687427162
2025-06-20,16:00:00,1.37181,1.37461,1.37118,1.37296,7480,1.3763041740477142,BEARISH_BELOW_EMA200,0.004370120032626514,0.21195082158256381,0.29716816221886166
2025-06-20,20:00:00,1.37291,1.37465,1.37195,1.37302,4543,1.3762714956989808,BEARISH_BELOW_EMA200,0.15586080319296375,0.3517792894495428,0.02913286040991231
2025-06-23,00:00:00,1.37449,1.37598,1.37375,1.37516,4286,1.3762604360402844,BEARISH_BELOW_EMA200,0.051630355740422094,0.22033799703307894,-0.17379795805578202
2025-06-23,04:00:00,1.37513,1.37664,1.37493,1.37587,5939,1.3762565511045601,BEARISH_BELOW_EMA200,0.14390894488578812,0.08503710379615191,-0.29581283115410745
2025-06-23,08:00:00,1.3758,1.37788,1.37424,1.37785,6186,1.3762724063174503,BULLISH_ABOVE_EMA200,0.02467612584824233,-0.3215154044344402,-0.4514279493413735
2025-06-23,12:00:00,1.37784,1.37976,1.3778,1.37819,6542,1.376291486851605,BULLISH_ABOVE_EMA200,-0.0834427763951258,-0.39326943309703166,-0.5499967348478744
2025-06-23,16:00:00,1.3782,1.37846,1.37248,1.37704,10085,1.3762989347436287,BULLISH_ABOVE_EMA200,-0.2628827049323154,-0.3805263463661283,-0.4575030500203314
2025-06-23,20:00:00,1.37702,1.37748,1.37267,1.37342,6146,1.3762702886267768,BEARISH_BELOW_EMA200,-0.04732711042507313,-0.13033158101674508,-0.07499526728896377
2025-06-24,00:00:00,1.37302,1.37374,1.37217,1.37277,4055,1.376235459884222,BEARISH_BELOW_EMA200,-0.07066005230301779,-0.15734609584999235,-0.03787961566759734
2025-06-24,04:00:00,1.37278,1.37306,1.3717,1.3718,5068,1.3761913259550256,BEARISH_BELOW_EMA200,-0.012392477037469273,-0.07727073917479507,0.10351363172475574
2025-06-24,08:00:00,1.37181,1.37303,1.37096,1.37163,6083,1.376145939627115,BEARISH_BELOW_EMA200,-0.07436407777606198,0.05540852853904434,0.04738887309260074
2025-06-24,12:00:00,1.37165,1.37208,1.37057,1.37061,4867,1.3760908556507259,BEARISH_BELOW_EMA200,0.009484827923330741,0.11965475226358072,0.24295751526691275
2025-06-24,16:00:00,1.37061,1.37211,1.36781,1.37074,7643,1.3760376133059424,BEARISH_BELOW_EMA200,0.1203729372455702,0.18092417234486757,0.22104848476004685
2025-06-24,20:00:00,1.37075,1.37295,1.37048,1.37239,3955,1.376001318646182,BEARISH_BELOW_EMA200,-0.01020118187978847,-0.008015214334121824,0.007286558485560883
2025-06-25,00:00:00,1.3705,1.3728,1.3705,1.37225,2593,1.3759639920924887,BEARISH_BELOW_EMA200,0.07068682820186828,0.1231554017125137,-0.06339952632537267
2025-06-25,04:00:00,1.37228,1.37344,1.37175,1.37322,4974,1.3759366886885833,BEARISH_BELOW_EMA200,-0.06845225091392224,0.04005184893897761,-0.10413480724137736
2025-06-25,08:00:00,1.37323,1.37371,1.37206,1.37228,5117,1.3759003037265078,BEARISH_BELOW_EMA200,0.12096656658990838,0.015302999387883194,-0.27399656046870796
2025-06-25,12:00:00,1.37226,1.37463,1.37226,1.37394,4540,1.3758807982167915,BEARISH_BELOW_EMA200,-0.012373174956694141,-0.1863254581713827,-0.49711049973069366
2025-06-25,16:00:00,1.37391,1.37541,1.37269,1.37377,6534,1.3758597952494602,BEARISH_BELOW_EMA200,-0.09317425769961113,-0.14412892987908243,-0.8058117443240072
2025-06-25,20:00:00,1.3738,1.37444,1.3716,1.37249,4720,1.3758262649484707,BEARISH_BELOW_EMA200,-0.0808749061923908,-0.2892552951205495,-0.6229553585089915
2025-06-26,00:00:00,1.37178,1.37241,1.37075,1.37138,2638,1.3757820235061973,BEARISH_BELOW_EMA200,0.029896892181599664,-0.3113651941839604,-0.5374148667765388
2025-06-26,04:00:00,1.37138,1.37224,1.37003,1.37179,4986,1.37574230187927,BEARISH_BELOW_EMA200,-0.23837467833998688,-0.6626378673120552,-0.501534491430904
2025-06-26,08:00:00,1.37179,1.37224,1.36793,1.36852,6059,1.3756704381789788,BEARISH_BELOW_EMA200,-0.10303101160376987,-0.33466810861368695,-0.3178616315435547
2025-06-26,12:00:00,1.36857,1.3694,1.36704,1.36711,6496,1.3755852596896359,BEARISH_BELOW_EMA200,-0.32257828558053303,-0.22675571095230831,-0.2113948402103751
2025-06-26,16:00:00,1.36708,1.36727,1.36174,1.3627,8661,1.3754570481504356,BEARISH_BELOW_EMA200,0.0909958171277543,0.16217802891319036,0.33462977911498476
2025-06-26,20:00:00,1.3627,1.36447,1.36174,1.36394,4828,1.3753424506564014,BEARISH_BELOW_EMA200,0.005132190565568464,0.01686291185830568,0.33725823716586945
2025-06-27,00:00:00,1.36461,1.36485,1.36382,1.36401,2839,1.3752296899533527,BEARISH_BELOW_EMA200,0.06598192095366771,0.015395781555856884,0.3922258634467464
2025-06-27,04:00:00,1.36402,1.36491,1.36345,1.36491,4424,1.3751270064712298,BEARISH_BELOW_EMA200,-0.05421602889567538,0.17217252419572368,0.16557868284355223
2025-06-27,08:00:00,1.36491,1.36491,1.36272,1.36417,4927,1.3750179815312176,BEARISH_BELOW_EMA200,0.003665232339069432,0.3203413064354138,0.24263838084695633
2025-06-27,12:00:00,1.36414,1.36623,1.36405,1.36422,5379,1.3749105389289171,BEARISH_BELOW_EMA200,0.22283795868701028,0.37677207488527675,0.1715265866209269
2025-06-27,16:00:00,1.36421,1.36761,1.36403,1.36726,7130,1.3748344141634552,BEARISH_BELOW_EMA200,0.0936178927197585,-0.006582508081851548,-0.34082764068281723
2025-06-27,20:00:00,1.36726,1.37581,1.36721,1.36854,6823,1.3747717831767543,BEARISH_BELOW_EMA200,0.0599178686775557,-0.07745480585149582,-0.5779882210238709
2025-06-30,00:00:00,1.36726,1.36994,1.36726,1.36936,3321,1.374717934587931,BEARISH_BELOW_EMA200,-0.15992872582811785,-0.20447508325056332,-0.6616229479464748
2025-06-30,04:00:00,1.36937,1.36949,1.3657,1.36717,5573,1.3746428307611853,BEARISH_BELOW_EMA200,0.022674575948860232,-0.3342671357621922,-0.4790918466613557
2025-06-30,08:00:00,1.36719,1.36793,1.3653,1.36748,6152,1.3745715588133127,BEARISH_BELOW_EMA200,-0.06727703513031502,-0.5009214028724386,-0.5623482610348944
2025-06-30,12:00:00,1.3675,1.3682,1.36579,1.36656,5377,1.3744918418101952,BEARISH_BELOW_EMA200,-0.28977871443624603,-0.45808453342699423,-0.28538812785388235
2025-06-30,16:00:00,1.36655,1.36778,1.36173,1.3626,8439,1.3743735150260143,BEARISH_BELOW_EMA200,-0.14457654484074764,-0.1453104359313146,0.2502568618816904
2025-06-30,20:00:00,1.3626,1.36434,1.35996,1.36063,5071,1.3742367636327208,BEARISH_BELOW_EMA200,-0.02425347081866058,-0.061736107538416164,0.2866319278569497
2025-07-01,00:00:00,1.36036,1.36088,1.36017,1.3603,2206,1.3740980893677188,BEARISH_BELOW_EMA200,0.023524222597947213,0.1734911416599219,0.27126369183268184
2025-07-01,04:00:00,1.3603,1.36179,1.36022,1.36062,4203,1.3739639790257516,BEARISH_BELOW_EMA200,-0.06100160221074851,0.39614293483852997,0.30500801105379155
2025-07-01,08:00:00,1.36057,1.3611,1.35926,1.35979,4826,1.37382294440858,BEARISH_BELOW_EMA200,0.2110620022209259,0.3485832371174936,0.38388280543319203
2025-07-01,12:00:00,1.35979,1.36268,1.35907,1.36266,5530,1.373711870334863,BEARISH_BELOW_EMA200,0.24584269003272746,0.09760321723687886,0.17025523608237564
2025-07-01,16:00:00,1.36265,1.36666,1.36222,1.36601,7760,1.373635234809143,BEARISH_BELOW_EMA200,-0.10834474125371893,-0.09077532375311366,-0.3938477756385342
2025-07-01,20:00:00,1.36598,1.36632,1.36414,1.36453,3929,1.3735446354578082,BEARISH_BELOW_EMA200,-0.03957406579554755,0.03517694737382365,-0.39354209874462975
2025-07-02,00:00:00,1.36425,1.36482,1.36396,1.36399,1952,1.373449564458228,BEARISH_BELOW_EMA200,0.057185169979252264,0.07258117728136178,-0.42888877484440013
2025-07-02,04:00:00,1.36397,1.36521,1.36378,1.36477,3568,1.3733632006327732,BEARISH_BELOW_EMA200,0.01758538068685698,-0.3033478168482625,-0.3736893395956904
2025-07-02,08:00:00,1.36479,1.36584,1.36437,1.36501,4658,1.3732800842085664,BEARISH_BELOW_EMA200,-0.002197786096803283,-0.42856828887701426,-0.45860469886668626
2025-07-02,12:00:00,1.36499,1.36566,1.36302,1.36498,5819,1.3731974963059939,BEARISH_BELOW_EMA200,-0.31868598807309084,-0.5011062433149335,-0.24542484138963105
2025-07-02,16:00:00,1.36502,1.36543,1.36051,1.36063,7493,1.3730724465915065,BEARISH_BELOW_EMA200,-0.10803818819224054,-0.07055555147248493,-0.3336689621719342
2025-07-02,20:00:00,1.3606,1.36065,1.35831,1.35916,4071,1.3729340142871134,BEARISH_BELOW_EMA200,-0.0750463521586878,-0.03016569057359115,-0.05885988404602195
2025-07-03,00:00:00,1.3583,1.35884,1.35793,1.35814,2157,1.3727868101648537,BEARISH_BELOW_EMA200,0.11265407100888211,0.25696909007907826,-0.06479449835804792
2025-07-03,04:00:00,1.35813,1.35975,1.35785,1.35967,3586,1.3726562946408254,BEARISH_BELOW_EMA200,-0.06766347716725617,-0.2632991828899598,-0.16401038487279665
2025-07-03,08:00:00,1.35966,1.36007,1.35857,1.35875,4153,1.372517923549872,BEARISH_BELOW_EMA200,0.21195952161913478,-0.028702851885916498,0.026494940202402062
2025-07-03,12:00:00,1.35874,1.36234,1.35782,1.36163,5494,1.3724095860021122,BEARISH_BELOW_EMA200,-0.4068653011464112,-0.32093887473101984,-0.09106732372229664
2025-07-03,16:00:00,1.36166,1.36194,1.3556,1.35609,8481,1.3722472020617928,BEARISH_BELOW_EMA200,0.16739301963733927,0.09955091476229178,0.342897595292351
2025-07-03,20:00:00,1.35609,1.35886,1.3557,1.35836,2078,1.3721090209467501,BEARISH_BELOW_EMA200,-0.08098000530051687,0.05521363997762216,0.12883182661444081
2025-07-04,00:00:00,1.35741,1.35871,1.35699,1.35726,2070,1.3719612694945438,BEARISH_BELOW_EMA200,0.013262013173604835,0.2306116735187125,0.25934603539485357
2025-07-04,04:00:00,1.35724,1.35812,1.3572,1.35744,3721,1.371816779250817,BEARISH_BELOW_EMA200,0.12302569542668998,0.24310466760962407,0.43832508250825974
2025-07-04,08:00:00,1.35744,1.35957,1.35662,1.35911,4503,1.371690343636381,BEARISH_BELOW_EMA200,0.09417927908704578,0.0735775617867494,0.6717631391130857
2025-07-04,12:00:00,1.35909,1.36042,1.35855,1.36039,4485,1.3715779024061683,BEARISH_BELOW_EMA200,0.02572791625931332,0.02866824954609432,0.32049632825880225
2025-07-04,16:00:00,1.36042,1.36124,1.35989,1.36074,4452,1.3714700625812315,BEARISH_BELOW_EMA200,-0.04629833766921899,0.19474697591016954,0.4695974249305448
2025-07-04,20:00:00,1.36076,1.36162,1.36006,1.36011,7955,1.3713570271326623,BEARISH_BELOW_EMA200,0.04926072155929818,0.597745770562673,0.5903934240612878
2025-07-07,00:00:00,1.35976,1.36085,1.35887,1.36078,3102,1.371251783081591,BEARISH_BELOW_EMA200,0.19180176075486124,0.2917444406884145,0.349064507120902
2025-07-07,04:00:00,1.36085,1.36344,1.36085,1.36339,5832,1.3711735563842617,BEARISH_BELOW_EMA200,0.3557309353889788,0.27431622646490395,0.1386250449247792
2025-07-07,08:00:00,1.3634,1.36843,1.36301,1.36824,5514,1.371144366768498,BEARISH_BELOW_EMA200,-0.25507220955387894,-0.0073086592995372885,-0.2689586622229949
2025-07-07,12:00:00,1.36823,1.36853,1.36467,1.36475,5157,1.371080741228513,BEARISH_BELOW_EMA200,0.17439091408683266,0.05715332478475933,0.06667887891556612
2025-07-07,16:00:00,1.36474,1.36736,1.36306,1.36713,7310,1.371041430370518,BEARISH_BELOW_EMA200,0.07387739278634478,-0.13531997688587824,0.0672942587756857
2025-07-07,20:00:00,1.36712,1.36829,1.36588,1.36814,5421,1.3710125604165826,BEARISH_BELOW_EMA200,-0.19076995044366815,-0.2616691274284735,-0.1410674346192632
2025-07-08,00:00:00,1.36751,1.36795,1.36549,1.36553,2785,1.3709580075766166,BEARISH_BELOW_EMA200,-0.018307909749317956,0.009520113069664198,0.13401389936508157
2025-07-08,04:00:00,1.36553,1.3664,1.36381,1.36528,5180,1.3709015099887896,BEARISH_BELOW_EMA200,-0.0527364350169968,0.2028887847181486,0.19043712645024724
2025-07-08,08:00:00,1.36523,1.36619,1.36381,1.36456,5222,1.3708384103869111,BEARISH_BELOW_EMA200,0.08061206542769105,0.1209180981415203,0.2865392507474996
2025-07-08,12:00:00,1.36456,1.36621,1.36439,1.36566,4798,1.3707868839153996,BEARISH_BELOW_EMA200,0.17500695634344507,0.1244819354744089,0.23505118404287562
2025-07-08,16:00:00,1.36566,1.36939,1.36551,1.36805,7766,1.3707596512396245,BEARISH_BELOW_EMA200,-0.1344980081137432,-0.012426446401813054,0.10599027813310562
2025-07-08,20:00:00,1.36803,1.36902,1.3661,1.36621,5230,1.3707143810780362,BEARISH_BELOW_EMA200,0.08417446805395835,0.16542112852344448,0.1910394448876821
2025-07-09,00:00:00,1.36521,1.36771,1.36521,1.36736,2542,1.3706810041518869,BEARISH_BELOW_EMA200,0.03802948747952814,0.11043178095016108,0.027059443014274327
2025-07-09,04:00:00,1.36735,1.36888,1.36686,1.36788,5415,1.3706531334638086,BEARISH_BELOW_EMA200,0.04313243851800527,0.11843144135450148,0.021200690119025315
2025-07-09,08:00:00,1.36787,1.36936,1.36652,1.36847,5140,1.3706314107427757,BEARISH_BELOW_EMA200,0.02922972370603345,0.02557600824277115,-0.0591901905047226
2025-07-09,12:00:00,1.36846,1.37096,1.36814,1.36887,5062,1.3706138842677233,BEARISH_BELOW_EMA200,0.046023362335350204,-0.08328036994017991,0.019724298143723833
2025-07-09,16:00:00,1.36887,1.37044,1.36762,1.3695,6542,1.370602800842174,BEARISH_BELOW_EMA200,-0.04965315808689404,-0.09711573566994022,-0.0883534136546136
2025-07-09,20:00:00,1.3695,1.36973,1.36842,1.36882,3450,1.3705850615303117,BEARISH_BELOW_EMA200,-0.07963063076226498,-0.08474452448092722,-0.24108356102335288
2025-07-10,00:00:00,1.36821,1.3688,1.36733,1.36773,2643,1.3705566529578708,BEARISH_BELOW_EMA200,0.03217009205034751,0.10309052225220866,0.09870369151807627
2025-07-10,04:00:00,1.36771,1.36862,1.36761,1.36817,3913,1.3705329051672452,BEARISH_BELOW_EMA200,-0.03727606949428875,0.00877083988100148,0.10232646527842633
2025-07-10,08:00:00,1.36816,1.3686,1.36633,1.36766,4608,1.3705043190461783,BEARISH_BELOW_EMA200,0.10821402980272332,-0.15647163768773165,0.1762133863679424
2025-07-10,12:00:00,1.36766,1.36945,1.36681,1.36914,4556,1.370490743732286,BEARISH_BELOW_EMA200,-0.06208276728457407,-0.004382312984789648,-0.09641088566545335
2025-07-10,16:00:00,1.36914,1.3708,1.36715,1.36829,6891,1.3704688457847012,BEARISH_BELOW_EMA200,-0.2024424646821901,0.09354742050295974,-0.021194337457695476
2025-07-10,20:00:00,1.36833,1.36834,1.36545,1.36552,3312,1.3704196035380873,BEARISH_BELOW_EMA200,0.26070654402718435,0.3332063975628209,0.24898939598100703
2025-07-11,00:00:00,1.36533,1.37298,1.36524,1.36908,3721,1.3704062741496488,BEARISH_BELOW_EMA200,0.03579045782568436,-0.09203260583749955,-0.056242148011815186
2025-07-11,04:00:00,1.36928,1.37056,1.36799,1.36957,5728,1.3703979530138315,BEARISH_BELOW_EMA200,0.03650780902034543,-0.11463452032388628,0.013872967427742614
2025-07-11,08:00:00,1.36957,1.37052,1.36849,1.37007,5278,1.3703946897997636,BEARISH_BELOW_EMA200,-0.16422518557444973,-0.08393731707138938,-0.13211003817322234
2025-07-11,12:00:00,1.37005,1.37038,1.36516,1.36782,5717,1.3703690709957859,BEARISH_BELOW_EMA200,0.013159626266619071,0.03582342705910715,0.08041993829596576
2025-07-11,16:00:00,1.36781,1.37114,1.36756,1.368,7665,1.3703454981500567,BEARISH_BELOW_EMA200,0.06725146198829018,0.12865497076023275,0.09649122807017455
2025-07-11,20:00:00,1.36802,1.36952,1.36691,1.36892,4193,1.3703313140888622,BEARISH_BELOW_EMA200,-0.0445606755690617,-0.04821318995995989,0.1146889518744756
2025-07-14,00:00:00,1.36932,1.37011,1.36748,1.36831,3544,1.3703112015108636,BEARISH_BELOW_EMA200,0.10597013834585536,0.04458054095928551,0.12058670915217687
2025-07-14,04:00:00,1.3683,1.37013,1.36796,1.36976,4743,1.3703057169187156,BEARISH_BELOW_EMA200,-0.10950823501927759,-0.03212241560565325,0.008760658801534427
2025-07-14,08:00:00,1.36977,1.37018,1.36753,1.36826,5070,1.3702853615264896,BEARISH_BELOW_EMA200,0.04823644628943936,0.16298072003858582,0.016809670676622313
2025-07-14,12:00:00,1.36825,1.36921,1.36694,1.36892,5290,1.370271775839659,BEARISH_BELOW_EMA200,0.02922011512726661,0.07597229933087046,-0.11249744323991721
2025-07-14,16:00:00,1.36895,1.37004,1.3671,1.36932,6869,1.370262305433294,BEARISH_BELOW_EMA200,0.0854438699500404,0.040896211258134973,0.22565945140652402
2025-07-14,20:00:00,1.3693,1.37077,1.36904,1.37049,3317,1.3702645710508734,BULLISH_ABOVE_EMA200,-0.038672299688426726,-0.1459332063714439,0.11309823493786458
2025-07-15,00:00:00,1.36914,1.37084,1.36908,1.36996,3101,1.3702615404931535,BEARISH_BELOW_EMA200,-0.005839586557277585,-0.1883266664720157,0.08978364331804156
2025-07-15,04:00:00,1.36997,1.37029,1.36934,1.36988,4860,1.370257744070336,BEARISH_BELOW_EMA200,-0.101468741787602,0.18468770987239183,0.11825853359418013
2025-07-15,08:00:00,1.3699,1.37028,1.36834,1.36849,4853,1.370240154577099,BEARISH_BELOW_EMA200,-0.08111129785383484,0.25941000664966074,0.2535641473448899
2025-07-15,12:00:00,1.36849,1.36938,1.36712,1.36738,5203,1.3702116953275756,BEARISH_BELOW_EMA200,0.3678567771943328,0.2786350538986872,0.3715134051982604
2025-07-15,16:00:00,1.36738,1.37293,1.36727,1.37241,8692,1.3702335690059082,BULLISH_ABOVE_EMA200,-0.02695987350718674,-0.06630671592308177,-0.25502583047338895
2025-07-15,20:00:00,1.37241,1.37284,1.37116,1.37204,3824,1.3702515434436604,BULLISH_ABOVE_EMA200,-0.06195154660214115,-0.005830733797838107,-0.27841753884725917
2025-07-16,00:00:00,1.37144,1.37215,1.37084,1.37119,2713,1.370260881319843,BULLISH_ABOVE_EMA200,0.0226080995339838,0.09262027873599607,-0.08532734340243828
2025-07-16,04:00:00,1.3712,1.37215,1.37088,1.3715,3966,1.370273210858949,BULLISH_ABOVE_EMA200,0.033539919795853225,-0.18884433102441636,-0.008749544294560551
2025-07-16,08:00:00,1.37151,1.3722,1.3706,1.37196,4516,1.3702899948305018,BULLISH_ABOVE_EMA200,0.03644421120148874,-0.2726026997871714,0.16910113997491746
2025-07-16,12:00:00,1.37194,1.37286,1.37123,1.37246,4878,1.3703115869217406,BULLISH_ABOVE_EMA200,-0.2586596330676262,-0.17778295906620215,0.2448158780583791
2025-07-16,16:00:00,1.37245,1.37548,1.36797,1.36891,10505,1.370297640783216,BEARISH_BELOW_EMA200,-0.050405066804982024,0.18043552899752155,0.4616811916049909
2025-07-16,20:00:00,1.36892,1.37033,1.36802,1.36822,4821,1.370276967740597,BEARISH_BELOW_EMA200,0.13155779041382407,0.4429112277265319,0.5050357398663937
2025-07-17,00:00:00,1.36819,1.37049,1.36819,1.37002,2599,1.3702744108476559,BEARISH_BELOW_EMA200,0.09926862381571275,0.42335148391994476,0.25109122494561303
2025-07-17,04:00:00,1.37004,1.37199,1.36986,1.37138,5290,1.3702854117347438,BULLISH_ABOVE_EMA200,0.2114658227478819,0.2807391095101218,0.19177762545756172
2025-07-17,08:00:00,1.37138,1.37473,1.37094,1.37428,5599,1.370325158881662,BULLISH_ABOVE_EMA200,0.11205867799866816,0.06185056902523629,-0.12151817679074413
2025-07-17,12:00:00,1.37425,1.3774,1.37422,1.37582,5504,1.3703798339176654,BULLISH_ABOVE_EMA200,-0.042883516739114884,-0.1715340669564434,-0.3990347574537363
2025-07-17,16:00:00,1.37586,1.37651,1.3741,1.37523,6691,1.3704280942766938,BULLISH_ABOVE_EMA200,-0.00727151094725893,-0.08871243355656865,-0.19633079557600727
2025-07-17,20:00:00,1.3752,1.37553,1.37423,1.37513,3572,1.370474879408269,BULLISH_ABOVE_EMA200,-0.12144306356490371,-0.18325540130750226,-0.17452895362619955
2025-07-18,00:00:00,1.37435,1.37521,1.37288,1.37346,2599,1.3705045821007242,BULLISH_ABOVE_EMA200,0.040044850232263805,-0.22789160223085167,-0.03713249748809652
2025-07-18,04:00:00,1.37346,1.37422,1.373,1.37401,3928,1.3705394618808167,BULLISH_ABOVE_EMA200,-0.10189154372965596,-0.10771391765707133,-0.1222698524755936
2025-07-18,08:00:00,1.37399,1.37421,1.37237,1.37261,4480,1.3705600642501619,BULLISH_ABOVE_EMA200,-0.16610690582176,0.008742468727453389,-0.03788403115233577
2025-07-18,12:00:00,1.37258,1.37305,1.37014,1.37033,5111,1.3705577750536428,BEARISH_BELOW_EMA200,0.16054527011741548,0.19119482168527613,-0.0321090540234831
2025-07-18,16:00:00,1.37033,1.37272,1.36953,1.37253,6835,1.3705773991824624,BULLISH_ABOVE_EMA200,0.014571630492592365,-0.014571630492592365,-0.2877897022287396
2025-07-18,20:00:00,1.37253,1.37353,1.37227,1.37273,3689,1.3705988180960698,BULLISH_ABOVE_EMA200,0.016026458225571447,-0.046622423928957185,-0.32927086899827934
2025-07-21,00:00:00,1.37059,1.37299,1.37059,1.37295,3572,1.3706222129408852,BULLISH_ABOVE_EMA200,-0.04515823591535329,-0.22287774500162721,-0.31246585818856515
2025-07-21,04:00:00,1.37295,1.37343,1.37212,1.37233,3958,1.370639205846946,BULLISH_ABOVE_EMA200,-0.017488504951434274,-0.2732578898661504,-0.25649807262101443
2025-07-21,08:00:00,1.37234,1.37296,1.3714,1.37209,4713,1.370653641609663,BULLISH_ABOVE_EMA200,-0.1603393363409091,-0.2827802840921591,-0.2900684357440178
2025-07-21,12:00:00,1.37208,1.37283,1.36955,1.36989,4721,1.3706460431856864,BEARISH_BELOW_EMA200,-0.09562811612612286,-0.08978823117185061,-0.1438071669988121
2025-07-21,16:00:00,1.3699,1.37168,1.3678,1.36858,6388,1.3706254855420477,BEARISH_BELOW_EMA200,-0.027035321281911284,0.016805740256336823,-0.5275541071767821
2025-07-21,20:00:00,1.36857,1.36917,1.3677,1.36821,2991,1.3706014508600373,BEARISH_BELOW_EMA200,0.032889687986497794,-0.007308819552553263,-0.5700879250992194
2025-07-22,00:00:00,1.36754,1.36868,1.36747,1.36866,1971,1.3705821329410321,BEARISH_BELOW_EMA200,0.010959624742455723,-0.054067482062744796,-0.6743822424853558
2025-07-22,04:00:00,1.36866,1.36899,1.3682,1.36881,3396,1.3705644997774398,BEARISH_BELOW_EMA200,-0.05113931078821348,-0.5442683791030295,-0.648738685427488
2025-07-22,08:00:00,1.3688,1.36949,1.36791,1.36811,4225,1.3705400768940823,BEARISH_BELOW_EMA200,-0.013887772182054987,-0.5628202410624906,-0.7163166704431684
2025-07-22,12:00:00,1.36812,1.36837,1.36643,1.36792,4594,1.3705140064772257,BEARISH_BELOW_EMA200,-0.47956020819931877,-0.620650330428688,-0.5592432305982757
2025-07-22,16:00:00,1.36792,1.36792,1.3605,1.36136,7548,1.3704229218356612,BEARISH_BELOW_EMA200,-0.06978315801845261,-0.1050420168067095,0.022771346300760453
2025-07-22,20:00:00,1.36134,1.36201,1.36019,1.36041,3670,1.37032329077262,BEARISH_BELOW_EMA200,-0.07203710646055093,-0.15436522812975434,-0.057335656162480646
2025-07-23,00:00:00,1.36036,1.36074,1.35938,1.35943,2744,1.3702148998196586,BEARISH_BELOW_EMA200,0.03678012108017088,0.061790603414679235,0.08238747121955599
2025-07-23,04:00:00,1.35944,1.36027,1.35928,1.35993,4929,1.3701125625080202,BEARISH_BELOW_EMA200,-0.11912377842978512,0.1279477620171518,0.02353062289969895
2025-07-23,08:00:00,1.35996,1.36103,1.35829,1.35831,4913,1.3699951240751045,BEARISH_BELOW_EMA200,0.14429695724835892,0.0971795834529664,0.1597573455249542
2025-07-23,12:00:00,1.35832,1.36027,1.3575,1.36027,4290,1.369898356671372,BEARISH_BELOW_EMA200,0.10292074367587653,0.020584148735165515,0.11100737353612886
2025-07-23,16:00:00,1.36026,1.36286,1.35946,1.36167,7207,1.369816482475637,BEARISH_BELOW_EMA200,-0.1498160347220723,-0.10428371044379157,0.14467528843258845
2025-07-23,20:00:00,1.36166,1.36209,1.35944,1.35963,3979,1.3697151244410535,BEARISH_BELOW_EMA200,0.06766546781109802,0.06251700830373097,0.36848260188434956
2025-07-24,00:00:00,1.35932,1.36079,1.35921,1.36055,2770,1.3696239291729835,BEARISH_BELOW_EMA200,-0.02204990628789585,0.09040461578038766,0.2623938848259949
2025-07-24,04:00:00,1.36054,1.36075,1.35961,1.36025,4811,1.369530656245889,BEARISH_BELOW_EMA200,0.016908656496963975,0.24921889358573823,0.41315934570850643
2025-07-24,08:00:00,1.36025,1.36132,1.35981,1.36048,5379,1.3694405999648356,BEARISH_BELOW_EMA200,0.09555451017288596,0.30577443255322856,0.521874632482661
2025-07-24,12:00:00,1.36052,1.3622,1.36051,1.36178,4876,1.3693643750895637,BEARISH_BELOW_EMA200,0.13658593899161192,0.17183392324751492,0.49273744657727336
2025-07-24,16:00:00,1.36175,1.36458,1.36104,1.36364,7039,1.3693074161334486,BEARISH_BELOW_EMA200,0.07333313777830747,0.163532897245604,0.5807984512041248
2025-07-24,20:00:00,1.36363,1.36541,1.36298,1.36464,3681,1.3692609741818722,BEARISH_BELOW_EMA200,-0.03810528784148757,0.21544143510375943,0.3957087583538405
2025-07-25,00:00:00,1.36403,1.36494,1.36352,1.36412,3027,1.3692098202099134,BEARISH_BELOW_EMA200,0.12828783391489884,0.3203530481189327,0.37973198838811556
2025-07-25,04:00:00,1.36411,1.36665,1.36381,1.36587,5241,1.3691765881680238,BEARISH_BELOW_EMA200,0.125194930703515,0.4165843015806756,0.2708896161420953
2025-07-25,08:00:00,1.36586,1.36795,1.36475,1.36758,5390,1.369160701718591,BEARISH_BELOW_EMA200,0.06654089705903614,0.1798797876540975,0.38827710261921977
2025-07-25,12:00:00,1.36758,1.36885,1.36667,1.36849,5388,1.3691540280696497,BEARISH_BELOW_EMA200,0.22433485082097102,0.05918932546090782,0.23529583701744264
2025-07-25,16:00:00,1.36848,1.37254,1.36807,1.37156,8400,1.3691779680888574,BULLISH_ABOVE_EMA200,-0.11082271282335196,-0.1450902621832028,0.02187290384672847
2025-07-25,20:00:00,1.37157,1.37166,1.36994,1.37004,3501,1.3691865455208092,BULLISH_ABOVE_EMA200,-0.05401302151761722,0.20802312341245655,0.2737146360690303
2025-07-28,00:00:00,1.36987,1.37039,1.36905,1.3693,3685,1.3691876744210998,BULLISH_ABOVE_EMA200,0.01971810414080132,0.17600233696049247,0.35346527422770435
2025-07-28,04:00:00,1.36926,1.37054,1.36883,1.36957,5250,1.3691914786557158,BULLISH_ABOVE_EMA200,0.2424118518951196,0.16720576531320963,0.2613959125857122
2025-07-28,08:00:00,1.36958,1.37419,1.3695,1.37289,6300,1.3692282798631215,BULLISH_ABOVE_EMA200,-0.0859500761168017,0.06555514280096168,0.10780179038379972
2025-07-28,12:00:00,1.37288,1.37341,1.37148,1.37171,6682,1.3692529735958268,BULLISH_ABOVE_EMA200,0.010935255994349717,0.17715114710834887,0.4344941715085525
2025-07-28,16:00:00,1.37172,1.37288,1.37101,1.37186,7652,1.3692789141570625,BULLISH_ABOVE_EMA200,0.14068490953887328,0.09403291881095835,0.4256994153922299
2025-07-28,20:00:00,1.37185,1.37398,1.37171,1.37379,3571,1.3693238005833603,BULLISH_ABOVE_EMA200,0.025476965183896406,0.042218970876191045,0.2460346923474431
2025-07-29,00:00:00,1.37347,1.37425,1.37264,1.37414,2300,1.3693717229656155,BULLISH_ABOVE_EMA200,-0.07204506091081145,0.25688794445981,0.15355058436549815
2025-07-29,04:00:00,1.37415,1.37415,1.37305,1.37315,4666,1.3694093177619775,BULLISH_ABOVE_EMA200,0.08884681207442732,0.33135491388412275,0.2709099515712009
2025-07-29,08:00:00,1.37314,1.37603,1.37311,1.37437,5938,1.3694586777842466,BULLISH_ABOVE_EMA200,0.24011001404278748,0.2037297088847918,0.2095505577100776
2025-07-29,12:00:00,1.37436,1.37781,1.37386,1.37767,5408,1.3695403824829109,BULLISH_ABOVE_EMA200,0.002177589698547148,-0.10307257906465095,0.20324170519791648
2025-07-29,16:00:00,1.37777,1.37879,1.37493,1.3777,7571,1.3696215727069616,BULLISH_ABOVE_EMA200,-0.03846991362415036,-0.06024533643027412,0.2286419394643236
2025-07-29,20:00:00,1.37773,1.37819,1.37619,1.37717,3985,1.3696966814362457,BULLISH_ABOVE_EMA200,-0.06680366258341613,0.005809014137693967,0.42623641235287163
2025-07-30,00:00:00,1.37671,1.37752,1.37618,1.37625,2302,1.3697618885861338,BULLISH_ABOVE_EMA200,0.045049954586744045,0.30663033605813717,0.4897366030880994
2025-07-30,04:00:00,1.37627,1.37714,1.37581,1.37687,4670,1.3698326160628889,BULLISH_ABOVE_EMA200,0.02759882922861613,0.289061421920724,0.341353940459152
2025-07-30,08:00:00,1.37686,1.37767,1.3763,1.37725,5099,1.3699064208781835,BULLISH_ABOVE_EMA200,0.2337992376111817,0.4204029769468115,0.4864766745325778
2025-07-30,12:00:00,1.37726,1.38063,1.37713,1.38047,5526,1.3700115311182015,BULLISH_ABOVE_EMA200,0.027526856795136796,0.18254652400992818,0.20500264402702617
2025-07-30,16:00:00,1.38046,1.38186,1.3799,1.38085,7464,1.370119376579712,BULLISH_ABOVE_EMA200,0.1585979650215546,0.052141796719415864,0.28388311547236456
2025-07-30,20:00:00,1.38087,1.38449,1.37979,1.38304,7742,1.3702479399968295,BULLISH_ABOVE_EMA200,-0.0036152244331404382,0.06579708468301469,0.19449907450253492
2025-07-31,00:00:00,1.38272,1.38328,1.38219,1.38299,3260,1.3703747266635278,BULLISH_ABOVE_EMA200,-0.10267608587191353,0.02241520184527961,0.12075286155359477
2025-07-31,04:00:00,1.38299,1.38447,1.38155,1.38157,5856,1.3704861224181195,BULLISH_ABOVE_EMA200,0.17226778230564133,0.23162054763783893,0.27360177189719787
2025-07-31,08:00:00,1.38157,1.38454,1.38129,1.38395,6200,1.3706200913492825,BULLISH_ABOVE_EMA200,-0.0469670147042913,0.12861736334404372,0.258679865602075
2025-07-31,12:00:00,1.38393,1.38532,1.38324,1.3833,6185,1.3707462595945634,BULLISH_ABOVE_EMA200,0.10626762090653383,0.09831562206318427,-0.27470541458830516
2025-07-31,16:00:00,1.3833,1.3852,1.38237,1.38477,8216,1.3708857993000902,BULLISH_ABOVE_EMA200,0.06932559197555188,0.04188421181857095,-0.37912433111635696
2025-07-31,20:00:00,1.38478,1.38573,1.38376,1.38573,4722,1.3710335027896416,BULLISH_ABOVE_EMA200,-0.0772156192043114,0.12989543417549046,-0.5809212472848168
2025-08-01,00:00:00,1.38456,1.38701,1.38384,1.38466,4039,1.3711690898265607,BULLISH_ABOVE_EMA200,0.049831727644337194,-0.37265465890543914,-0.4037092138142203
2025-08-01,04:00:00,1.38466,1.38614,1.38435,1.38535,6539,1.371310193410376,BULLISH_ABOVE_EMA200,0.1573609557151513,-0.4208322806510991,-0.5760277186270688
2025-08-01,08:00:00,1.38534,1.38754,1.38502,1.38753,6065,1.3714715845207206,BULLISH_ABOVE_EMA200,-0.578726225739262,-0.7098945608383181,-0.6637694320122766
2025-08-01,12:00:00,1.38752,1.38786,1.37848,1.3795,6668,1.3715514692518578,BULLISH_ABOVE_EMA200,0.0014498006524197916,-0.03117071402681627,-0.16092787241753453
2025-08-01,16:00:00,1.37951,1.37995,1.37627,1.37952,10996,1.3716307581150233,BULLISH_ABOVE_EMA200,-0.13337972628160982,-0.15585131060079563,-0.14787752261656528
2025-08-01,20:00:00,1.37951,1.3817,1.37711,1.37768,6334,1.3716909495765655,BULLISH_ABOVE_EMA200,0.1008942570117881,0.04645490970326737,0.013791301318151709
2025-08-04,00:00:00,1.37659,1.37934,1.37659,1.37907,3906,1.3717643729638633,BULLISH_ABOVE_EMA200,-0.12327148005540217,-0.12979761723480016,-0.11964584828905923
2025-08-04,04:00:00,1.37905,1.37945,1.377,1.37737,5314,1.3718201503473075,BULLISH_ABOVE_EMA200,0.06897202639813604,0.007986234635577549,0.08930062365232758
2025-08-04,08:00:00,1.37738,1.37873,1.37665,1.37832,6134,1.3718848254682299,BULLISH_ABOVE_EMA200,-0.07545417609843359,-0.03264844158105965,0.16614429160136276
2025-08-04,12:00:00,1.37832,1.37896,1.37657,1.37728,6072,1.3719385087969043,BULLISH_ABOVE_EMA200,0.014521375464682414,0.010164962825280916,0.17788684944236763
2025-08-04,16:00:00,1.37727,1.37829,1.37579,1.37748,7526,1.3719936480128556,BULLISH_ABOVE_EMA200,0.028312570781418998,0.08130789557743197,0.020326973894362024
2025-08-04,20:00:00,1.3775,1.3785,1.37717,1.37787,3326,1.3720521191769068,BULLISH_ABOVE_EMA200,-0.03265910426962191,0.19885765710843292,-0.05588335619470178
2025-08-05,00:00:00,1.37725,1.37797,1.37723,1.37742,592,1.3721055309263905,BULLISH_ABOVE_EMA200,0.08566740718153931,0.16770483948249712,-0.001451989952239043
2025-08-05,04:00:00,1.37724,1.3791,1.37716,1.3786,3249,1.3721701525092127,BULLISH_ABOVE_EMA200,0.14580008704481684,-0.06093137966052168,-0.11243290294501235
2025-08-05,08:00:00,1.37861,1.38091,1.37735,1.38061,5677,1.3722541310912106,BULLISH_ABOVE_EMA200,-0.06373994104055396,-0.2542354466503866,-0.2737920194696471
2025-08-05,12:00:00,1.38055,1.38099,1.37908,1.37973,5622,1.372328517846522,BULLISH_ABOVE_EMA200,-0.14278155871074813,-0.16887362020104973,-0.36673841983575356
2025-08-05,16:00:00,1.37973,1.37994,1.37696,1.37776,8005,1.372382562445064,BULLISH_ABOVE_EMA200,-0.047903843920574334,-0.05153292300545729,-0.2460515619556384
2025-08-05,20:00:00,1.3778,1.37883,1.37703,1.3771,3897,1.3724295021222275,BULLISH_ABOVE_EMA200,0.021784910318783456,-0.019606419286906724,-0.22293224892890173
2025-08-06,00:00:00,1.37733,1.37776,1.37655,1.3774,2461,1.3724789598125537,BULLISH_ABOVE_EMA200,-0.025410193117456834,-0.1981995063162407,-0.2199796718454963
2025-08-06,04:00:00,1.3774,1.37791,1.37647,1.37705,4129,1.3725244427994936,BULLISH_ABOVE_EMA200,-0.01597618096656686,-0.1946189317744465,-0.2912022076177385
2025-08-06,08:00:00,1.37704,1.37749,1.37629,1.37683,4790,1.3725672841646728,BULLISH_ABOVE_EMA200,-0.15688211326016574,-0.2033657023742883,-0.2621964948468504
2025-08-06,12:00:00,1.37682,1.37694,1.37434,1.37467,5136,1.372588206710298,BULLISH_ABOVE_EMA200,-0.02182341943884474,-0.02182341943884474,-0.06765260026043322
2025-08-06,16:00:00,1.3747,1.37585,1.37387,1.37437,7350,1.3726059359967628,BULLISH_ABOVE_EMA200,-0.02473860750744028,-0.096771611720283,0.06184651876860069
2025-08-06,20:00:00,1.37436,1.37477,1.37348,1.37403,4005,1.37262010578784,BULLISH_ABOVE_EMA200,0.024744729008828553,-0.05895067793279458,0.040028238102503465
2025-08-07,00:00:00,1.3736,1.37445,1.3736,1.37437,2636,1.372637517670548,BULLISH_ABOVE_EMA200,-0.096771611720283,-0.04583918449908907,-0.04147354788013282
2025-08-07,04:00:00,1.37436,1.37459,1.37289,1.37304,4612,1.3726415224698463,BULLISH_ABOVE_EMA200,0.013109596224441312,0.15877177649595575,0.07210277923440295
2025-08-07,08:00:00,1.37305,1.37357,1.37212,1.37322,5121,1.372647278465171,BULLISH_ABOVE_EMA200,0.03786720263321637,0.09903729919457958,0.028400401974912278
2025-08-07,12:00:00,1.37321,1.37443,1.37217,1.37374,5329,1.3726581513162641,BULLISH_ABOVE_EMA200,0.1077350881535187,0.004367638708922284,0.14922765588831274
2025-08-07,16:00:00,1.37373,1.37733,1.37301,1.37522,7464,1.3726836423479432,BULLISH_ABOVE_EMA200,-0.04653800846411454,-0.08653160948793824,-0.0036357819112655073
2025-08-07,20:00:00,1.37522,1.3767,1.37386,1.37458,4673,1.372702511578312,BULLISH_ABOVE_EMA200,-0.05674460562499112,-0.0705670095592774,0.0676570297836501
2025-08-08,00:00:00,1.37406,1.37455,1.37317,1.3738,2975,1.372713431861115,BULLISH_ABOVE_EMA200,0.016741883825897114,0.14485369049353317,0.1455815984859515
2025-08-08,04:00:00,1.37381,1.37486,1.37329,1.37403,3408,1.3727265320416016,BULLISH_ABOVE_EMA200,-0.030567018187382146,0.08296762079429988,0.07496197317379273
2025-08-08,08:00:00,1.37404,1.37491,1.37271,1.37361,4021,1.3727353227675558,BULLISH_ABOVE_EMA200,0.1587058917742351,0.13832164879405456,0.20384242980175693
2025-08-08,12:00:00,1.37359,1.37623,1.37254,1.37579,4836,1.3727657175658887,BULLISH_ABOVE_EMA200,-0.04506501719012821,0.0007268551159583561,0.22314452060270143
2025-08-08,16:00:00,1.37578,1.3758,1.37424,1.37517,6072,1.3727896407741884,BULLISH_ABOVE_EMA200,0.024724215915123728,-0.007999011031367359,0.23051695426746477
2025-08-08,20:00:00,1.37516,1.37628,1.37419,1.37551,3619,1.3728167090251915,BULLISH_ABOVE_EMA200,0.021083089181460072,0.06543027677006354,0.15412465194727046
2025-08-11,00:00:00,1.37484,1.37596,1.37484,1.3758,2101,1.372846393512503,BULLISH_ABOVE_EMA200,-0.05378688762901315,0.22241604884431335,0.15191161506033923
2025-08-11,04:00:00,1.3758,1.37602,1.37446,1.37506,2889,1.372868419447702,BULLISH_ABOVE_EMA200,0.09817753407123779,0.23853504574345483,0.16944715139702582
2025-08-11,08:00:00,1.37506,1.37737,1.3749,1.37641,3972,1.3729036590551877,BULLISH_ABOVE_EMA200,0.17799928800285258,0.08863638014835688,0.17872581570899143
2025-08-11,12:00:00,1.3764,1.37946,1.37627,1.37886,4580,1.3729629261292655,BULLISH_ABOVE_EMA200,-0.037712313070222936,-0.07034796861174561,-0.06527131108306143
2025-08-11,16:00:00,1.37885,1.3795,1.37737,1.37834,6286,1.3730164293518599,BULLISH_ABOVE_EMA200,-0.051511238156041944,-0.06892348767357882,-0.1567102456578159
2025-08-11,20:00:00,1.37833,1.37869,1.37744,1.37763,3532,1.3730623355274634,BULLISH_ABOVE_EMA200,0.018872992022542265,0.09000965426131327,-0.03847186835361595
2025-08-12,00:00:00,1.37757,1.37798,1.37734,1.37789,2251,1.3731103719898767,BULLISH_ABOVE_EMA200,-0.03628736691609395,0.005080231368252509,-0.006531726044905291
2025-08-12,04:00:00,1.37788,1.37839,1.37715,1.37739,3708,1.3731529553531616,BULLISH_ABOVE_EMA200,0.10744959670101772,-0.08784730541095356,0.013794204981895796
2025-08-12,08:00:00,1.3774,1.37919,1.37735,1.37887,5358,1.3732098413695482,BULLISH_ABOVE_EMA200,-0.06599606924510407,-0.12836598083938655,-0.18565927172250593
2025-08-12,12:00:00,1.3789,1.38056,1.37644,1.37796,6124,1.373257106629553,BULLISH_ABOVE_EMA200,-0.12917646375802744,-0.011611367528822317,-0.07039391564342487
2025-08-12,16:00:00,1.37791,1.37932,1.37536,1.37618,9770,1.3732861901456768,BULLISH_ABOVE_EMA200,0.06685171997849351,0.10173087822814368,0.0595852286764844
2025-08-12,20:00:00,1.37618,1.37841,1.37617,1.3771,4479,1.3733241385024362,BULLISH_ABOVE_EMA200,0.05083145741049473,-0.057366930506141056,-0.0784256771476269
2025-08-13,00:00:00,1.377,1.37801,1.37649,1.3778,2397,1.3733686744377354,BULLISH_ABOVE_EMA200,-0.015967484395404772,-0.05878937436492797,-0.19306140223543947
2025-08-13,04:00:00,1.37781,1.37815,1.37729,1.37758,3254,1.3734105781746733,BULLISH_ABOVE_EMA200,-0.09219065317441487,-0.0421028179851642,-0.12921209657516186
2025-08-13,08:00:00,1.37756,1.37811,1.37537,1.37631,5018,1.3734394281430846,BULLISH_ABOVE_EMA200,0.04940747360696456,-0.021070834332374354,0.13369081093649424
2025-08-13,12:00:00,1.3763,1.3771,1.37511,1.37699,5127,1.3734747572162878,BULLISH_ABOVE_EMA200,0.0007262216864367579,-0.1343510119899133,0.18881763847233152
2025-08-13,16:00:00,1.377,1.37747,1.37557,1.377,6447,1.3735098342589118,BULLISH_ABOVE_EMA200,-0.071169208424109,-0.0871459694989172,0.3217138707334738
2025-08-13,20:00:00,1.377,1.37732,1.37557,1.37602,3635,1.373534811032455,BULLISH_ABOVE_EMA200,-0.0639525588290862,0.1547942617113098,0.40479062804320254
2025-08-14,00:00:00,1.37567,1.37618,1.37498,1.37514,2300,1.3735507830619829,BULLISH_ABOVE_EMA200,0.047995113224826774,0.32360341492503053,0.4348648137644076
2025-08-14,04:00:00,1.37513,1.37641,1.37443,1.3758,3637,1.3735731633300228,BULLISH_ABOVE_EMA200,0.17080971071377196,0.40921645588021693,0.31981392644281015
2025-08-14,08:00:00,1.37581,1.37831,1.37563,1.37815,5226,1.3736187039934058,BULLISH_ABOVE_EMA200,0.10448790044625823,0.24960998439938392,0.11246961506366798
2025-08-14,12:00:00,1.37816,1.38012,1.377,1.37959,5605,1.3736781198740684,BULLISH_ABOVE_EMA200,0.13337295863262577,0.11090251451516822,-0.021020738045370253
2025-08-14,16:00:00,1.37962,1.38172,1.37894,1.38143,8768,1.3737552530096497,BULLISH_ABOVE_EMA200,0.011582201052544105,-0.08903817059133234,-0.03402271559181214
2025-08-14,20:00:00,1.38143,1.3819,1.38052,1.38159,4197,1.3738332106911457,BULLISH_ABOVE_EMA200,-0.0340187754688578,-0.13679890560876737,0.01881889706786579
2025-08-15,00:00:00,1.3813,1.38151,1.381,1.38112,2108,1.373905716057403,BULLISH_ABOVE_EMA200,-0.0666126042631929,-0.13177710843373008,-0.02751390176087704
2025-08-15,04:00:00,1.38113,1.3814,1.38014,1.3802,2831,1.3739683457483742,BULLISH_ABOVE_EMA200,-0.03622663382119743,0.05506448340819243,-0.012317055499203266
2025-08-15,08:00:00,1.3802,1.38064,1.37907,1.3797,3991,1.3740253771339626,BULLISH_ABOVE_EMA200,-0.028991809813724432,0.15583097774879295,-0.026092628832348766
2025-08-15,12:00:00,1.3797,1.38013,1.37871,1.3793,4685,1.3740778609435749,BULLISH_ABOVE_EMA200,0.12035090263176937,0.10440078300588036,-0.015950119625889
2025-08-15,16:00:00,1.37924,1.3813,1.3788,1.38096,6848,1.3741463399391614,BULLISH_ABOVE_EMA200,0.0644479202873405,-0.06734445603057838,0.01737921445950773
2025-08-15,20:00:00,1.38096,1.38189,1.3807,1.38185,3385,1.3742229932731003,BULLISH_ABOVE_EMA200,-0.0803270977312982,-0.18164055432934198,-0.11289213735210085
2025-08-18,00:00:00,1.3811,1.38168,1.38055,1.38074,2128,1.374287839111179,BULLISH_ABOVE_EMA200,-0.05142170140649133,-0.12022538638700947,0.010863739733756714
2025-08-18,04:00:00,1.38072,1.38095,1.37983,1.38003,2763,1.374344975040421,BULLISH_ABOVE_EMA200,-0.04999891306711299,0.08478076563552193,0.06159286392324931
2025-08-18,08:00:00,1.38006,1.38093,1.37918,1.37934,4206,1.3743946767813124,BULLISH_ABOVE_EMA200,-0.01884959473370793,0.06887351921933724,0.18342105644728068
2025-08-18,12:00:00,1.37933,1.37984,1.37826,1.37908,4024,1.3744412969128417,BULLISH_ABOVE_EMA200,0.15372567218724797,0.13124691823533569,0.30382573889838993
2025-08-18,16:00:00,1.37908,1.3831,1.37905,1.3812,5928,1.3745085476898284,BULLISH_ABOVE_EMA200,-0.06588473790906214,-0.023168259484497244,0.36200405444541817
2025-08-18,20:00:00,1.38122,1.38139,1.37991,1.38029,3353,1.374566074578487,BULLISH_ABOVE_EMA200,0.043469126053215915,0.11446869860680833,0.4694665613747866
2025-08-19,00:00:00,1.37978,1.38102,1.37959,1.38089,2227,1.3746289992095466,BULLISH_ABOVE_EMA200,-0.0007241706435591153,0.17235261316977088,0.434502386142271
2025-08-19,04:00:00,1.38088,1.38175,1.38059,1.38088,3230,1.374691198222387,BULLISH_ABOVE_EMA200,0.07169341289611147,0.38526157233068703,0.4395747639186459
2025-08-19,08:00:00,1.38088,1.38213,1.3801,1.38187,3946,1.374762629085846,BULLISH_ABOVE_EMA200,0.10131199027405384,0.35459196595918047,0.43636521525179506
2025-08-19,12:00:00,1.38186,1.38372,1.38051,1.38327,4474,1.3748472795427031,BULLISH_ABOVE_EMA200,0.21181692655809053,0.2616987283755129,0.17711654268509136
2025-08-19,16:00:00,1.38332,1.38632,1.38326,1.3862,6791,1.374960241935313,BULLISH_ABOVE_EMA200,0.04111960756023369,0.05410474678977105,0.04544798730341281
2025-08-19,20:00:00,1.3862,1.38696,1.38533,1.38677,3330,1.3750777519658075,BULLISH_ABOVE_EMA200,0.008653201323932444,0.08148431246708923,0.056245808605608925
2025-08-20,00:00:00,1.3861,1.3872,1.38561,1.38689,3042,1.375195286772118,BULLISH_ABOVE_EMA200,0.004326226304894331,-0.08436141294550349,0.06561443229095072
2025-08-20,04:00:00,1.38689,1.38831,1.38645,1.38695,3760,1.3753122490927934,BULLISH_ABOVE_EMA200,0.06849561988536043,-0.008652078301301271,0.06849561988536043
2025-08-20,08:00:00,1.38693,1.38808,1.3868,1.3879,4342,1.3754375003456016,BULLISH_ABOVE_EMA200,-0.15707183514661352,-0.025217955184080296,-0.007925643057845122
2025-08-20,12:00:00,1.3879,1.38795,1.38532,1.38572,4096,1.3755398137749988,BULLISH_ABOVE_EMA200,0.08010276246283118,0.1501024738042216,0.26700920820945334
2025-08-20,16:00:00,1.38578,1.38789,1.38569,1.38683,6734,1.3756521539364415,BULLISH_ABOVE_EMA200,0.05191696170403394,0.07715437364348221,0.20550464007845368
2025-08-20,20:00:00,1.38686,1.38796,1.38624,1.38755,3814,1.3757705404644371,BULLISH_ABOVE_EMA200,0.018017368743458717,0.01729667399373125,0.23854996216352017
2025-08-21,00:00:00,1.3868,1.38809,1.38666,1.3878,2345,1.375890236579219,BULLISH_ABOVE_EMA200,0.007205649228994739,0.11673151750974037,0.20896382764087942
2025-08-21,04:00:00,1.38781,1.38825,1.38724,1.3879,2984,1.3760097367127593,BULLISH_ABOVE_EMA200,-0.007925643057845122,0.12825131493624287,0.2543410908566924
2025-08-21,08:00:00,1.38789,1.38849,1.38734,1.38779,4105,1.3761269532628813,BULLISH_ABOVE_EMA200,0.11745292875723418,0.22121502532803278,0.2140093241772831
2025-08-21,12:00:00,1.38779,1.3895,1.38734,1.38942,4449,1.3762592223846437,BULLISH_ABOVE_EMA200,0.018712844208369456,0.09212477148737946,0.15977890054842225
2025-08-21,16:00:00,1.38944,1.39073,1.38895,1.38968,7257,1.3763927624604184,BULLISH_ABOVE_EMA200,0.08491163433308091,0.1259282712566863,-0.4691727591963676
2025-08-21,20:00:00,1.38969,1.39121,1.38908,1.39086,3712,1.3765367150727525,BULLISH_ABOVE_EMA200,-0.01150367398587478,-0.007189796241173733,-0.598191047265712
2025-08-22,00:00:00,1.39072,1.39087,1.38988,1.3907,1854,1.376677643280984,BULLISH_ABOVE_EMA200,0.05249155101746583,0.06759186021427632,-0.5155676997195743
2025-08-22,04:00:00,1.39068,1.3915,1.39033,1.39143,2923,1.3768244329000787,BULLISH_ABOVE_EMA200,-0.048151901281411814,-0.5943525725332931,-0.5742293899082197
2025-08-22,08:00:00,1.39144,1.39167,1.39075,1.39076,3055,1.376963095259282,BULLISH_ABOVE_EMA200,0.0632747562483816,-0.5910437458655623,-0.5795392447294972
2025-08-22,12:00:00,1.39076,1.39183,1.39076,1.39164,3742,1.3771091341124235,BULLISH_ABOVE_EMA200,-0.6093529935902995,-0.5827656577850637,-0.6776177747118544
2025-08-22,16:00:00,1.39163,1.39242,1.38295,1.38316,9969,1.3771693417331954,BULLISH_ABOVE_EMA200,-0.044824893721611594,0.02024350039041456,0.01373666097921676
2025-08-22,20:00:00,1.38315,1.38319,1.38142,1.38254,4244,1.3772227811189348,BULLISH_ABOVE_EMA200,0.07160733143343587,0.011572902049845787,0.23724449202192696
2025-08-25,00:00:00,1.38132,1.38398,1.38132,1.38353,2564,1.3772855395157615,BULLISH_ABOVE_EMA200,-0.006505099275037294,-0.09540812270062723,0.06721935917544958
2025-08-25,04:00:00,1.38353,1.38433,1.38316,1.38344,3062,1.37734677792854,BULLISH_ABOVE_EMA200,-0.053489851384950764,-0.006505522465732051,0.1409529867576401
2025-08-25,08:00:00,1.38345,1.38373,1.38207,1.3827,3634,1.3774000438197984,BULLISH_ABOVE_EMA200,-0.03543791133290674,0.2256454762421358,0.220582917480292
2025-08-25,12:00:00,1.38269,1.38357,1.38168,1.38221,3555,1.377447904080298,BULLISH_ABOVE_EMA200,0.08247661353919744,0.16278278987998102,0.16857062240905255
2025-08-25,16:00:00,1.38219,1.38381,1.38166,1.38335,5791,1.3775066314028823,BULLISH_ABOVE_EMA200,0.17855206563776138,0.1474681027939292,-0.03108396284383218
2025-08-25,20:00:00,1.38336,1.38635,1.38325,1.38582,3718,1.3775893514884259,BULLISH_ABOVE_EMA200,-0.0981368431686675,-0.005051161045447064,-0.13998932040236486
2025-08-26,00:00:00,1.38529,1.38631,1.38412,1.38446,3167,1.3776577161502326,BULLISH_ABOVE_EMA200,0.06717420510523059,0.005778426245617786,-0.08450948384208395
2025-08-26,04:00:00,1.38449,1.38594,1.38444,1.38539,3925,1.3777346542979916,BULLISH_ABOVE_EMA200,0.02598546257733476,-0.17828914601664314,-0.08012184294674744
2025-08-26,08:00:00,1.38539,1.38675,1.38499,1.38575,5093,1.3778144089815936,BULLISH_ABOVE_EMA200,-0.08731733718202657,-0.13494497564496036,-0.0678333032653755
2025-08-26,12:00:00,1.38574,1.38574,1.38396,1.38454,4720,1.3778813302852595,BULLISH_ABOVE_EMA200,-0.11700637034684276,-0.0902826931688644,0.035390815722180606
2025-08-26,16:00:00,1.3845,1.38539,1.38219,1.38292,6604,1.3779314663023217,BULLISH_ABOVE_EMA200,0.06941833222457351,0.09834263731814046,-0.22705579498451975
2025-08-26,20:00:00,1.38292,1.38412,1.38282,1.38388,3768,1.3779906556923485,BULLISH_ABOVE_EMA200,-0.04263375437177288,0.0672023585860116,-0.3482960950371453
2025-08-27,00:00:00,1.3836,1.38379,1.38294,1.38329,2161,1.3780433854864544,BULLISH_ABOVE_EMA200,0.07156850696528179,0.12578707284807053,-0.36940916221471626
2025-08-27,04:00:00,1.38328,1.38433,1.38278,1.38428,3249,1.3781054413522609,BULLISH_ABOVE_EMA200,0.038287051752545834,-0.32507874129511,-0.44571907417574547
2025-08-27,08:00:00,1.38426,1.38565,1.38336,1.38481,4059,1.3781721533786067,BULLISH_ABOVE_EMA200,0.0158866559311304,-0.4152194163820411,-0.5213711628310023
2025-08-27,12:00:00,1.3848,1.38559,1.38427,1.38503,4400,1.3782403906584215,BULLISH_ABOVE_EMA200,-0.37905316130336364,-0.494574124748202,-0.65124943142026
2025-08-27,16:00:00,1.38504,1.38573,1.37974,1.37978,7128,1.3782557101543578,BULLISH_ABOVE_EMA200,-0.05218223195002493,-0.121033787995192,-0.3660003768716751
2025-08-27,20:00:00,1.37976,1.38009,1.37824,1.37906,4973,1.378263713038394,BULLISH_ABOVE_EMA200,-0.06381158180209649,-0.10659434687394749,-0.3118065928966086
2025-08-28,00:00:00,1.37851,1.37892,1.37785,1.37818,2243,1.3782628800728376,BEARISH_BELOW_EMA200,-0.005079162373566188,-0.15745403358051963,-0.26121406492621047
2025-08-28,04:00:00,1.37817,1.37829,1.37689,1.37811,3328,1.378261358878083,BEARISH_BELOW_EMA200,-0.03773283700138987,-0.2452634405090986,-0.20970749795007926
2025-08-28,08:00:00,1.37811,1.37875,1.37744,1.37759,4352,1.3782546786902414,BEARISH_BELOW_EMA200,-0.11469305090775461,-0.20543122409425954,-0.25769641184969144
2025-08-28,12:00:00,1.37758,1.37761,1.37523,1.37601,5172,1.378232343578896,BEARISH_BELOW_EMA200,-0.09302257977775945,-0.10392366334547294,0.06976693483332766
2025-08-28,16:00:00,1.376,1.37847,1.37459,1.37473,7239,1.378197494389056,BEARISH_BELOW_EMA200,0.002182246695712939,0.03564336269668236,-0.11711390600336875
2025-08-28,20:00:00,1.37473,1.3756,1.3741,1.37476,3067,1.378163290464787,BEARISH_BELOW_EMA200,-0.013093194448490572,-0.05237277779394614,-0.07273996915824507
2025-08-29,00:00:00,1.37422,1.37528,1.37422,1.37458,2595,1.3781276358332966,BEARISH_BELOW_EMA200,0.04655967641026321,0.17387129159453174,-0.07638696911056436
2025-08-29,04:00:00,1.37457,1.37565,1.37448,1.37522,3705,1.378098704133463,BEARISH_BELOW_EMA200,-0.08580445310569806,-0.15270284027284453,-0.10398336266197715
2025-08-29,08:00:00,1.37522,1.37569,1.37368,1.37404,4071,1.3780583190177071,BEARISH_BELOW_EMA200,0.2132397892346729,-0.020377863817635292,-0.008733370207555673
2025-08-29,12:00:00,1.37402,1.37786,1.37392,1.37697,4702,1.378047489972755,BEARISH_BELOW_EMA200,-0.279599410299435,-0.24982388868313105,-0.13072180221791496
2025-08-29,16:00:00,1.37699,1.37786,1.37262,1.37312,7401,1.3779984602217823,BEARISH_BELOW_EMA200,0.04660918200887002,0.04879398741553328,0.1667734793754461
2025-08-29,20:00:00,1.37311,1.3746,1.37272,1.37376,3681,1.3779562864882322,BEARISH_BELOW_EMA200,-0.016742371302132433,0.011646866992774426,0.0858956440717417
2025-09-01,00:00:00,1.3724,1.37425,1.37235,1.37353,2116,1.377912243836608,BEARISH_BELOW_EMA200,0.01892932808166906,0.11940037713046572,0.09027833392791784
2025-09-01,04:00:00,1.37354,1.37446,1.37323,1.37379,3562,1.377871226485,BEARISH_BELOW_EMA200,0.009462872782591478,0.11792195313693904,0.13830352528406908
2025-09-01,08:00:00,1.3738,1.37521,1.37336,1.37392,4382,1.3778319107985821,BEARISH_BELOW_EMA200,0.09098055199720313,0.07424013042972086,0.2183533247932843
2025-09-01,12:00:00,1.37391,1.37517,1.37333,1.37517,3982,1.3778054241239694,BEARISH_BELOW_EMA200,0.01745238770479417,-0.029087312841318234,0.41303984234675767
2025-09-01,16:00:00,1.37516,1.37614,1.3743,1.37541,4243,1.3777815890580594,BEARISH_BELOW_EMA200,-0.03417162882340324,0.02035756610756487,0.1374135712260306
2025-09-01,20:00:00,1.37542,1.37561,1.37488,1.37494,1089,1.3777533145400687,BEARISH_BELOW_EMA200,-0.012364175891311873,0.14400628391056125,0.23782855979169157
2025-09-02,00:00:00,1.37465,1.37527,1.37425,1.37477,2340,1.377723629818277,BEARISH_BELOW_EMA200,0.06692028484764956,0.4422557955148762,0.3076878314190705
2025-09-02,04:00:00,1.37473,1.37587,1.37454,1.37569,3847,1.3777033946957071,BEARISH_BELOW_EMA200,0.08940967805245675,0.11703218021501133,0.2522370592211808
2025-09-02,08:00:00,1.37572,1.37832,1.37451,1.37692,5750,1.3776955997236107,BEARISH_BELOW_EMA200,0.28541963222264105,0.0936873601952193,0.2273189437294888
2025-09-02,12:00:00,1.37693,1.38143,1.37665,1.38085,6329,1.3777269867910376,BULLISH_ABOVE_EMA200,-0.25708802549154086,-0.1339754499040379,-0.07097077886808711
2025-09-02,16:00:00,1.38082,1.38093,1.37728,1.3773,8742,1.3777227381662513,BEARISH_BELOW_EMA200,0.06607129891817079,0.13504683075582466,0.09801786103245207
2025-09-02,20:00:00,1.37725,1.3792,1.37717,1.37821,4500,1.3777275865427066,BULLISH_ABOVE_EMA200,0.0573207276104562,0.13350650481422016,0.07183230422069543
2025-09-03,00:00:00,1.37737,1.37919,1.37736,1.379,2431,1.3777402473731275,BULLISH_ABOVE_EMA200,0.011602610587377663,0.06308919506888516,0.055112400290072076
2025-09-03,04:00:00,1.37899,1.37965,1.37834,1.37916,3980,1.3777543742649372,BULLISH_ABOVE_EMA200,0.06453203399170926,-0.03697903071434862,0.11311232924388802
2025-09-03,08:00:00,1.37917,1.38072,1.37877,1.38005,5217,1.3777772163120523,BULLISH_ABOVE_EMA200,-0.013043005688204701,-0.061591971305388744,0.06593963986811828
2025-09-03,12:00:00,1.38005,1.38054,1.37933,1.37987,4791,1.3777980400303405,BULLISH_ABOVE_EMA200,-0.08841412596838824,-0.00797176545615402,0.12175059969418321
2025-09-03,16:00:00,1.37986,1.38045,1.37826,1.37865,6913,1.3778065172439689,BULLISH_ABOVE_EMA200,0.039894099300043555,0.15014688282015135,0.32930765604032847
2025-09-03,20:00:00,1.37864,1.38015,1.37852,1.3792,4144,1.377820382744029,BULLISH_ABOVE_EMA200,0.0406032482598692,0.12761020881670418,0.17111368909512165
2025-09-04,00:00:00,1.37896,1.37982,1.37896,1.37976,2137,1.3778396824182177,BULLISH_ABOVE_EMA200,0.06957731779438814,0.12973270713747015,0.0869716472429892
2025-09-04,04:00:00,1.37977,1.3808,1.37943,1.38072,3453,1.3778683422946534,BULLISH_ABOVE_EMA200,0.017382235355468015,0.17889217220000958,0.01810649516195054
2025-09-04,08:00:00,1.38074,1.38149,1.38067,1.38096,3984,1.3778991050578908,BULLISH_ABOVE_EMA200,0.04272390221295986,0.04344803614876129,-0.12889584057466494
2025-09-04,12:00:00,1.38095,1.38268,1.38031,1.38155,4460,1.3779354323707476,BULLISH_ABOVE_EMA200,0.11870724910425709,-0.04270565668995624,-0.08179218993160403
2025-09-04,16:00:00,1.38153,1.38449,1.38061,1.38319,6907,1.377987716625765,BULLISH_ABOVE_EMA200,-0.11784353559525593,-0.16049855768187224,0.012290430092756852
2025-09-04,20:00:00,1.38318,1.38363,1.38156,1.38156,3343,1.3780232617339663,BULLISH_ABOVE_EMA200,-0.04342916702857161,-0.1722690292133405,0.06876284779524643
2025-09-05,00:00:00,1.3814,1.38198,1.38095,1.38096,2391,1.3780524830102454,BULLISH_ABOVE_EMA200,0.0007241339358175119,-0.03910323253388838,0.20492990383502133
2025-09-05,04:00:00,1.38095,1.38109,1.38036,1.38097,2637,1.3780815130300441,BULLISH_ABOVE_EMA200,-0.12961903589505624,0.17306675742412161,0.16799785657906238
2025-09-05,08:00:00,1.38097,1.38104,1.37895,1.37918,3660,1.3780924432486505,BULLISH_ABOVE_EMA200,0.08990849635289866,0.24144781681867725,0.17691671862991037
2025-09-05,12:00:00,1.37918,1.38167,1.37581,1.38042,5113,1.3781156030173207,BULLISH_ABOVE_EMA200,0.21297865866909657,0.24412859854247948,-0.08330797873110969
2025-09-05,16:00:00,1.38038,1.38401,1.37954,1.38336,9160,1.3781677860718748,BULLISH_ABOVE_EMA200,-0.06144459865834038,-0.005060143418923093,-0.05783021050195986
2025-09-05,20:00:00,1.38335,1.38537,1.38221,1.38251,4314,1.3782109921806123,BULLISH_ABOVE_EMA200,0.09258522542333654,-0.06437566455214323,-0.1641941107116762
2025-09-08,00:00:00,1.38302,1.38439,1.38272,1.38379,3295,1.3782665046962281,BULLISH_ABOVE_EMA200,-0.03613265018537256,-0.3266391576756646,-0.2457020212604564
2025-09-08,04:00:00,1.38376,1.38413,1.38286,1.38329,4426,1.3783164897241265,BULLISH_ABOVE_EMA200,-0.12072667336566001,-0.0527727374592383,-0.20964512141343483
2025-09-08,08:00:00,1.38333,1.38333,1.38114,1.38162,4881,1.3783493604731403,BULLISH_ABOVE_EMA200,-0.17009018398691927,-0.09988274634126307,-0.1353483591725683
2025-09-08,12:00:00,1.38161,1.38242,1.37884,1.37927,4839,1.3783585210654472,BULLISH_ABOVE_EMA200,0.2385319770603301,0.08120237516947443,0.21533129844047336
2025-09-08,16:00:00,1.37924,1.38335,1.37879,1.38256,6367,1.3784003268259901,BULLISH_ABOVE_EMA200,-0.16780465223933136,-0.15695521351695443,0.04556764263394778
2025-09-08,20:00:00,1.38258,1.38313,1.38024,1.38024,3628,1.3784186320317016,BULLISH_ABOVE_EMA200,0.01086767518693086,-0.03550107227727638,0.29560076508433925
2025-09-09,00:00:00,1.37976,1.38044,1.37946,1.38039,2433,1.3784382476333763,BULLISH_ABOVE_EMA200,0.0,0.1340200957700293,0.37380740225588804
2025-09-09,04:00:00,1.38041,1.38108,1.37975,1.38039,3207,1.3784576680549347,BULLISH_ABOVE_EMA200,-0.046363708806929485,0.2028412260303185,0.26876462449018773
2025-09-09,08:00:00,1.38039,1.38127,1.3793,1.37975,4693,1.3784705270792639,BULLISH_ABOVE_EMA200,0.18046747599201893,0.3312194238086583,0.39572386301866425
2025-09-09,12:00:00,1.37974,1.38268,1.37938,1.38224,4405,1.3785080342725051,BULLISH_ABOVE_EMA200,0.06872901956244983,0.23946637342286045,0.222103252691293
2025-09-09,16:00:00,1.38225,1.38422,1.38045,1.38319,7309,1.3785546209961619,BULLISH_ABOVE_EMA200,0.08169521179303461,0.06578994932006366,0.17929568605904017
2025-09-09,20:00:00,1.3832,1.38594,1.38302,1.38432,3576,1.378611987951424,BULLISH_ABOVE_EMA200,0.08885228848821547,0.06429149329635181,0.1415857605177966
2025-09-10,00:00:00,1.38362,1.38572,1.38355,1.38555,2693,1.378681022897181,BULLISH_ABOVE_EMA200,-0.10465158240409594,-0.017321641225507414,0.09887770199558812
2025-09-10,04:00:00,1.38556,1.38629,1.38408,1.3841,3697,1.3787349430673586,BULLISH_ABOVE_EMA200,0.08019651759265546,0.11343111046888585,0.21891481829346623
2025-09-10,08:00:00,1.38412,1.38598,1.38386,1.38521,4555,1.378799371494549,BULLISH_ABOVE_EMA200,0.007219122010380302,0.07724460551107085,0.20502306509481982
2025-09-10,12:00:00,1.38522,1.38617,1.38397,1.38531,4901,1.3788641538677378,BULLISH_ABOVE_EMA200,0.02598696320678519,0.11621947434147514,0.03031812374124672
2025-09-10,16:00:00,1.3853,1.38598,1.38303,1.38567,7069,1.3789318737297502,BULLISH_ABOVE_EMA200,0.044022025446174014,0.10536419205149977,-0.1739230841398041
2025-09-10,20:00:00,1.38567,1.38695,1.38518,1.38628,3978,1.3790049894140315,BULLISH_ABOVE_EMA200,0.04616671956603095,0.12767983379981312,-0.21929191793865105
2025-09-11,00:00:00,1.38578,1.38693,1.38575,1.38692,2143,1.37908374573827,BULLISH_ABOVE_EMA200,0.015141464540135229,-0.08580163239408362,-0.22495890173910618
2025-09-11,04:00:00,1.38695,1.38729,1.38641,1.38713,3103,1.3791638079697301,BULLISH_ABOVE_EMA200,0.06632399270436311,-0.27899331713682496,-0.21266932443246184
2025-09-11,08:00:00,1.38714,1.38814,1.38711,1.38805,4429,1.379252227790927,BULLISH_ABOVE_EMA200,-0.16714095313570115,-0.3465293036994331,-0.23774359713267393
2025-09-11,12:00:00,1.38805,1.38898,1.38553,1.38573,6184,1.3793166832357935,BULLISH_ABOVE_EMA200,-0.17824540134080755,-0.139276771088162,-0.10535962994234209
2025-09-11,16:00:00,1.38572,1.38673,1.38256,1.38326,7560,1.3793559202185222,BULLISH_ABOVE_EMA200,-0.0014458597805119052,0.06650954990385263,0.12072929167329788
2025-09-11,20:00:00,1.38329,1.38425,1.38293,1.38324,4233,1.379394567778537,BULLISH_ABOVE_EMA200,0.04048465920591465,0.10916399178739049,0.08530696046961907
2025-09-12,00:00:00,1.38295,1.38408,1.38273,1.3838,2641,1.3794384029250195,BULLISH_ABOVE_EMA200,0.02746061569591321,0.03396444572914948,0.028183263477389257
2025-09-12,04:00:00,1.3838,1.38482,1.38359,1.38418,3094,1.3794855829954173,BULLISH_ABOVE_EMA200,0.04117961536794054,0.05418370443150662,-0.051293906861823495
2025-09-12,08:00:00,1.38419,1.38487,1.38322,1.38475,4071,1.3795379652541695,BULLISH_ABOVE_EMA200,-0.034663296623941936,-0.02383101642895407,-0.09387976168982537
2025-09-12,12:00:00,1.38474,1.38605,1.38344,1.38427,4176,1.3795850501770137,BULLISH_ABOVE_EMA200,0.0476785598185401,-0.005779219371933074,-0.12642042376125456
2025-09-12,16:00:00,1.38427,1.38632,1.38342,1.38493,5978,1.379638233757342,BULLISH_ABOVE_EMA200,-0.03682496588275295,-0.10542049056631143,-0.3566967283544976
2025-09-12,20:00:00,1.38496,1.38534,1.3838,1.38442,3334,1.3796858135209507,BULLISH_ABOVE_EMA200,-0.016613455454266225,-0.07006544256800071,-0.4919027462764178
2025-09-15,00:00:00,1.38304,1.38439,1.3829,1.38419,2650,1.3797306312968616,BULLISH_ABOVE_EMA200,-0.05201598046511345,-0.12064817691213346,-0.4927069260722912
2025-09-15,04:00:00,1.38418,1.38456,1.38338,1.38347,3444,1.3797678389456491,BULLISH_ABOVE_EMA200,-0.0014456403102278315,-0.2515414139807822,-0.4575451581891871
2025-09-15,08:00:00,1.38345,1.38413,1.38303,1.38345,4956,1.3798044773641005,BULLISH_ABOVE_EMA200,-0.06722324623225251,-0.42213307311432047,-0.42502439553291466
2025-09-15,12:00:00,1.38343,1.38343,1.38144,1.38252,6447,1.379831497489831,BULLISH_ABOVE_EMA200,-0.1829991609524579,-0.37250817348031046,-0.4875155513120945
2025-09-15,16:00:00,1.38253,1.3842,1.37931,1.37999,10320,1.3798330746292358,BULLISH_ABOVE_EMA200,-0.1724650178624518,-0.20652323567562225,-0.42464075826636255
2025-09-15,20:00:00,1.38,1.38015,1.37664,1.37761,8139,1.3798109544836714,BEARISH_BELOW_EMA200,-0.017421476324940875,-0.002903579387492832,-0.2787436211990379
2025-09-16,00:00:00,1.37727,1.37823,1.37712,1.37737,3425,1.3797866663793563,BEARISH_BELOW_EMA200,-0.016698490601650427,-0.11543739155056233,-0.22434059112657
2025-09-16,04:00:00,1.3774,1.37764,1.37628,1.37714,4893,1.3797603313905071,BEARISH_BELOW_EMA200,0.031224131170391564,-0.21856891819277321,-0.14958537258375695
2025-09-16,08:00:00,1.37713,1.37767,1.37616,1.37757,6313,1.379738537048313,BEARISH_BELOW_EMA200,-0.12993895047075346,-0.27584805127870277,-0.14227952118585346
2025-09-16,12:00:00,1.37753,1.37753,1.37458,1.37578,8820,1.3796991486199717,BEARISH_BELOW_EMA200,-0.11993196586663052,-0.10902905987876382,-0.034889299161205714
2025-09-16,16:00:00,1.37576,1.37631,1.37364,1.37413,14808,1.3796437342058427,BEARISH_BELOW_EMA200,-0.026198394620606344,0.06913465247101848,0.1360861053903063
2025-09-16,20:00:00,1.37412,1.37546,1.3734,1.37377,6847,1.3795852890893667,BEARISH_BELOW_EMA200,0.03712411830219108,0.13393799544320112,0.26059675200362065
2025-09-17,00:00:00,1.37364,1.37444,1.37361,1.37428,3401,1.379532500143204,BEARISH_BELOW_EMA200,0.05821230025905449,0.07422068283028356,0.17900282329657194
2025-09-17,04:00:00,1.37427,1.37544,1.37418,1.37508,4395,1.379488196659192,BEARISH_BELOW_EMA200,0.038543212031294134,0.06690519824299748,0.2501672629955993
2025-09-17,08:00:00,1.37506,1.37619,1.37476,1.37561,6202,1.3794496076377076,BEARISH_BELOW_EMA200,-0.022535456997261758,0.12648933927494527,0.1795567057523551
2025-09-17,12:00:00,1.37559,1.37591,1.37481,1.3753,6556,1.3794083180094718,BEARISH_BELOW_EMA200,0.05089798589398117,0.10470442812478063,0.23849341961753434
2025-09-17,16:00:00,1.37529,1.37691,1.3749,1.376,9998,1.3793744043974374,BEARISH_BELOW_EMA200,0.09811046511629248,0.18313953488372658,0.3052325581395497
2025-09-17,20:00:00,1.37602,1.3787,1.37262,1.37735,14127,1.3793542610700997,BEARISH_BELOW_EMA200,-0.04428794424075212,0.05300032671433531,0.1626311395070258
2025-09-18,00:00:00,1.37711,1.3779,1.37665,1.37674,4068,1.3793282485221385,BEARISH_BELOW_EMA200,0.12929093365485805,0.13364905501400712,0.2048317038801678
2025-09-18,04:00:00,1.37674,1.37868,1.37653,1.37852,5207,1.3793202062482863,BEARISH_BELOW_EMA200,-0.031918289179699674,0.12186983141340901,0.08777529524417008
2025-09-18,08:00:00,1.37854,1.38,1.37739,1.37808,7912,1.3793078658876068,BEARISH_BELOW_EMA200,0.03628236386856677,0.10957273888309259,0.19955300127714137
2025-09-18,12:00:00,1.37807,1.37894,1.37666,1.37858,8459,1.379300623440964,BEARISH_BELOW_EMA200,0.1175122227219441,0.07108764090585827,0.23574982953473686
2025-09-18,16:00:00,1.37858,1.38099,1.37858,1.3802,13461,1.379309572461452,BULLISH_ABOVE_EMA200,-0.04419649326184606,-0.03405303579192816,-0.184755832488049
2025-09-18,20:00:00,1.3802,1.38031,1.37866,1.37959,5802,1.3793123627852186,BULLISH_ABOVE_EMA200,-0.0021745591081550704,0.08988177646981406,-0.09930486593843775
2025-09-19,00:00:00,1.37932,1.37998,1.37896,1.37956,3442,1.3793148268371072,BULLISH_ABOVE_EMA200,0.012322769578706507,0.16454521731566546,-0.05726463510103558
2025-09-19,04:00:00,1.37953,1.38046,1.37881,1.37973,5514,1.379318957913355,BULLISH_ABOVE_EMA200,0.07972574344256492,-0.15075413305500784,0.00507345640089108
2025-09-19,08:00:00,1.37973,1.38199,1.37943,1.38083,7400,1.3793339931579982,BULLISH_ABOVE_EMA200,0.07242021103248697,-0.1890167507948119,-0.023898669640719093
2025-09-19,12:00:00,1.38084,1.3825,1.38047,1.38183,7199,1.3793588290469734,BULLISH_ABOVE_EMA200,-0.3024974128510635,-0.22144547447948307,-0.15197238444671132
2025-09-19,16:00:00,1.38182,1.38196,1.37689,1.37765,12911,1.379341825772874,BEARISH_BELOW_EMA200,0.04137480492142122,0.1560628606685206,0.3694697492106151
2025-09-19,20:00:00,1.37765,1.37911,1.37684,1.37822,5265,1.3793306633273728,BEARISH_BELOW_EMA200,0.039906546124715246,0.16543077302608145,0.2539507480663507
2025-09-22,00:00:00,1.3772,1.37957,1.3772,1.37877,2574,1.379325084587797,BEARISH_BELOW_EMA200,0.07470426539595904,0.06962727648555232,0.2857619472428363
2025-09-22,04:00:00,1.37875,1.37998,1.37824,1.3798,4498,1.3793298101142866,BULLISH_ABOVE_EMA200,0.05073199014350956,0.21307435860270799,0.2319176692274309
2025-09-22,08:00:00,1.3798,1.38097,1.37914,1.3805,5994,1.3793414537947415,BULLISH_ABOVE_EMA200,-0.05577689243029044,0.08837377761680543,0.1912350597609544
2025-09-22,12:00:00,1.38052,1.38138,1.37969,1.37973,5630,1.3793453199261372,BULLISH_ABOVE_EMA200,0.21815862523828425,0.2159842867807618,0.14350633819661043
2025-09-22,16:00:00,1.37972,1.38286,1.37925,1.38274,7737,1.37937909783732,BULLISH_ABOVE_EMA200,-0.07376657940032261,0.01880324572948833,0.007232017588265978
2025-09-22,20:00:00,1.38273,1.38312,1.38163,1.38172,5107,1.3794023903961528,BULLISH_ABOVE_EMA200,0.0716498277509225,0.10277046000636719,0.1259300002894836
2025-09-23,00:00:00,1.38162,1.38321,1.38157,1.38271,3037,1.3794353019344996,BULLISH_ABOVE_EMA200,0.0209733060439211,-0.07232174497907094,0.1120987047175431
2025-09-23,04:00:00,1.38272,1.38317,1.38229,1.383,5425,1.3794707715669923,BULLISH_ABOVE_EMA200,0.010122921185830008,-0.01156905278379884,0.10195227765726039
2025-09-23,08:00:00,1.383,1.38442,1.38221,1.38314,7753,1.3795072813026443,BULLISH_ABOVE_EMA200,-0.10338794337522177,0.02313576355248752,0.20749887936144773
2025-09-23,12:00:00,1.38312,1.38331,1.38166,1.38171,8309,1.3795291989016232,BULLISH_ABOVE_EMA200,0.08178271851546817,0.1845539223136586,0.4262833735009482
2025-09-23,16:00:00,1.3817,1.38396,1.38111,1.38284,12780,1.3795621421961344,BULLISH_ABOVE_EMA200,0.04483526655287979,0.11353446530327797,0.5611639813716691
2025-09-23,20:00:00,1.38285,1.38499,1.3826,1.38346,6828,1.3796009268508993,BULLISH_ABOVE_EMA200,0.05782603038758865,0.18432047186041176,0.4430919578448377
2025-09-24,00:00:00,1.38299,1.38462,1.38299,1.38426,3734,1.3796472857877062,BULLISH_ABOVE_EMA200,0.010836114602738825,0.24128415182118235,0.35759178189068597
2025-09-24,04:00:00,1.38425,1.3849,1.38384,1.38441,5460,1.3796946759788735,BULLISH_ABOVE_EMA200,0.11557269883922003,0.44712187863422975,0.3084346400271593
2025-09-24,08:00:00,1.38441,1.38643,1.38424,1.38601,8557,1.37975751502386,BULLISH_ABOVE_EMA200,0.11471778702895219,0.258295394694132,0.23881501576468758
2025-09-24,12:00:00,1.38603,1.38791,1.38585,1.3876,14606,1.3798355497002395,BULLISH_ABOVE_EMA200,0.21620063418853513,0.11602767368118416,0.21692130296915227
2025-09-24,16:00:00,1.38758,1.39067,1.3872,1.3906,21371,1.3799426586584462,BULLISH_ABOVE_EMA200,-0.07263051920034197,-0.13806989788581503,0.20782396088018387
2025-09-24,20:00:00,1.39058,1.39068,1.38942,1.38959,10451,1.3800386521046308,BULLISH_ABOVE_EMA200,-0.027346195640444083,-0.019430191639259957,0.31448124986506704
2025-09-25,00:00:00,1.38946,1.39,1.38916,1.38921,5064,1.3801299092976196,BULLISH_ABOVE_EMA200,-0.038151179447321965,0.10077670042685022,0.33328294498311356
2025-09-25,04:00:00,1.38921,1.38958,1.38847,1.38868,7040,1.3802149848269964,BULLISH_ABOVE_EMA200,0.046086931474507875,0.3463720943629909,0.3470922026672845
2025-09-25,08:00:00,1.38868,1.39021,1.38862,1.38932,12955,1.3803055819928969,BULLISH_ABOVE_EMA200,0.09285117899402523,0.3339763337460036,0.38436069444043847
2025-09-25,12:00:00,1.38934,1.39129,1.38897,1.39061,11563,1.3804081135153559,BULLISH_ABOVE_EMA200,0.20710335751936157,0.23227216832901149,0.20782246639964183
2025-09-25,16:00:00,1.39062,1.39367,1.39039,1.39349,10392,1.3805382815400788,BULLISH_ABOVE_EMA200,0.03372826500370957,0.0007176226596578026,0.0107643398948033
2025-09-25,20:00:00,1.39351,1.39494,1.3935,1.39396,6356,1.3806718309774912,BULLISH_ABOVE_EMA200,-0.008608568395084509,0.050216648971270546,0.010760710493835722
2025-09-26,00:00:00,1.39325,1.39454,1.39219,1.39384,5988,1.3808028575349294,BULLISH_ABOVE_EMA200,-0.024393043677897533,-0.024393043677897533,-0.08107099810595732
2025-09-26,04:00:00,1.39385,1.39444,1.39339,1.3935,7540,1.38092919726095,BULLISH_ABOVE_EMA200,0.08324363114460351,0.010046645138143451,-0.09831359885180277
2025-09-26,08:00:00,1.3935,1.39478,1.39347,1.39466,10052,1.3810658221638263,BULLISH_ABOVE_EMA200,-0.08317439375905596,-0.03943613497196811,-0.21223810821275965
2025-09-26,12:00:00,1.39465,1.39583,1.39335,1.3935,13996,1.3811895453263754,BULLISH_ABOVE_EMA200,0.010046645138143451,-0.05669178327951693,-0.04808037316110143
2025-09-26,16:00:00,1.39355,1.39522,1.39312,1.39364,20938,1.381313430447506,BULLISH_ABOVE_EMA200,0.03372463476937878,-0.1083493585143868,-0.16934071926752373
2025-09-26,20:00:00,1.39362,1.39436,1.39339,1.39411,8357,1.3814407594977798,BULLISH_ABOVE_EMA200,-0.10042249176894706,-0.1728701465451093,-0.1893681273357178
2025-09-29,00:00:00,1.39355,1.3947,1.39252,1.39271,3145,1.3815528912440707,BULLISH_ABOVE_EMA200,-0.041645425106432994,0.008616294849618372,-0.044517523389639116
2025-09-29,04:00:00,1.3927,1.39344,1.3919,1.39213,4422,1.3816581361073137,BULLISH_ABOVE_EMA200,-0.03088791995001562,-0.061057516180243035,-0.053874278982568316
2025-09-29,08:00:00,1.39213,1.39293,1.39153,1.3917,5404,1.381758055151022,BULLISH_ABOVE_EMA200,0.08119565998419741,-0.016526550262265752,-0.045986922468921027
2025-09-29,12:00:00,1.39169,1.39392,1.39155,1.39283,5467,1.3818682237564845,BULLISH_ABOVE_EMA200,-0.11128421989761424,-0.05312924046724747,-0.06964238277463261
2025-09-29,16:00:00,1.39281,1.39391,1.39029,1.39128,7940,1.3819618732713455,BULLISH_ABOVE_EMA200,0.013656488988551008,0.007187625783450418,0.059657294002636876
2025-09-29,20:00:00,1.39127,1.39228,1.3909,1.39147,6207,1.3820564814975014,BULLISH_ABOVE_EMA200,0.04455719490898582,-0.02946524179465037,0.039526543870874
2025-09-30,00:00:00,1.39098,1.39245,1.39074,1.39209,6556,1.3821563175025016,BULLISH_ABOVE_EMA200,-0.05100244955426649,-0.01652192027813952,0.041663972875318755
2025-09-30,04:00:00,1.39208,1.39221,1.39123,1.39138,11577,1.3822480954378,BULLISH_ABOVE_EMA200,-0.022998749443006075,0.05246589716683418,0.0
2025-09-30,08:00:00,1.39136,1.39242,1.39059,1.39106,16622,1.38233577608021,BULLISH_ABOVE_EMA200,0.057510100211359244,0.06901212025362471,0.052477966442865114
2025-09-30,12:00:00,1.39102,1.39252,1.39078,1.39186,16800,1.3824305444774219,BULLISH_ABOVE_EMA200,0.017961576595337276,0.0581955081689234,0.07472015863663944
2025-09-30,16:00:00,1.39187,1.39355,1.3896,1.39211,28761,1.3825268574676963,BULLISH_ABOVE_EMA200,-0.006465006357250754,-0.05243838489773778,0.19251352263829838
2025-09-30,20:00:00,1.39213,1.39255,1.39133,1.39202,10598,1.3826213165973709,BULLISH_ABOVE_EMA200,0.04669473139754022,-0.01652275110989443,0.1264349650148693
2025-10-01,00:00:00,1.39193,1.39282,1.39138,1.39267,4597,1.3827213034968995,BULLISH_ABOVE_EMA200,-0.09262782999562087,0.01651503945657998,0.12206768293996674
2025-10-01,04:00:00,1.39265,1.39327,1.39138,1.39138,7411,1.3828074596810098,BULLISH_ABOVE_EMA200,0.02946714772384406,0.24508042375195221,0.22423780706924143
2025-10-01,08:00:00,1.3914,1.3928,1.39065,1.39179,18521,1.3828968381916467,BULLISH_ABOVE_EMA200,0.07975341107494265,0.14298134057580067,0.13507784938818942
2025-10-01,12:00:00,1.3918,1.39367,1.39147,1.3929,20752,1.3829963721399885,BULLISH_ABOVE_EMA200,0.13568813267283703,0.10553521430110434,0.12276545337065678
2025-10-01,16:00:00,1.39292,1.39566,1.39225,1.39479,13734,1.383113721670934,BULLISH_ABOVE_EMA200,-0.07241233447328668,-0.02079166039331379,0.13407036184658896
2025-10-01,20:00:00,1.39477,1.39492,1.39342,1.39378,4393,1.3832198537936111,BULLISH_ABOVE_EMA200,0.042330927406053355,-0.007892206804521122,0.21667695045129234
2025-10-02,00:00:00,1.39335,1.39473,1.39333,1.39437,2953,1.383330800522033,BULLISH_ABOVE_EMA200,0.009323206896301804,0.01721207427008584,0.14558546153459814
2025-10-02,04:00:00,1.39438,1.3947,1.39346,1.3945,3739,1.3834419368352469,BULLISH_ABOVE_EMA200,-0.05951954105414904,0.1548942273216163,0.1627823592685546
2025-10-02,08:00:00,1.39451,1.39485,1.39321,1.39367,5319,1.3835437086080304,BULLISH_ABOVE_EMA200,0.06744781763257736,0.22458688211700598,0.17292472393034386
2025-10-02,12:00:00,1.39368,1.39525,1.39334,1.39461,4362,1.3836538209601894,BULLISH_ABOVE_EMA200,0.14699450025455915,0.12835129534423104,0.033701178107154874
2025-10-02,16:00:00,1.39459,1.39862,1.39401,1.39666,11401,1.3837832356770037,BULLISH_ABOVE_EMA200,0.010023914195296564,0.007875932582021,-0.13961880486303885
2025-10-02,20:00:00,1.39667,1.3972,1.39595,1.3968,8066,1.3839127557200186,BULLISH_ABOVE_EMA200,-0.028636884306984245,-0.05154639175258118,-0.13101374570446722
2025-10-03,00:00:00,1.39672,1.39682,1.39601,1.3964,3540,1.3840370069068841,BULLISH_ABOVE_EMA200,0.026496705814951407,-0.09452878831280348,-0.05370953881409542
2025-10-03,04:00:00,1.39643,1.3969,1.39605,1.39677,7703,1.384163703355572,BULLISH_ABOVE_EMA200,-0.049399686419387544,-0.1474831217738191,-0.11025437258819253
2025-10-03,08:00:00,1.39676,1.39681,1.39573,1.39608,10877,1.384282273471437,BULLISH_ABOVE_EMA200,-0.07162913300096627,-0.07950833763107733,-0.0766431723110355
2025-10-03,12:00:00,1.39606,1.39688,1.39503,1.39508,12626,1.3843897135363978,BULLISH_ABOVE_EMA200,-0.02652177652895916,0.04085787194999279,0.07669811050261666
2025-10-03,16:00:00,1.39507,1.3963,1.39393,1.39471,18298,1.3844924029539463,BULLISH_ABOVE_EMA200,0.018641868202002497,0.037283736403989076,0.012905908755230048
2025-10-03,20:00:00,1.39472,1.39608,1.39459,1.39497,9753,1.3845966576509219,BULLISH_ABOVE_EMA200,0.04874656802655354,0.00286744517803537,-0.06308379391671448
2025-10-06,00:00:00,1.39552,1.39674,1.39549,1.39565,3930,1.384706641156883,BULLISH_ABOVE_EMA200,-0.030093504818549565,0.0358256009744524,-0.0551714255006742
2025-10-06,04:00:00,1.39563,1.3961,1.3945,1.39523,3050,1.384811351195123,BULLISH_ABOVE_EMA200,-0.015768009575474078,-0.02436874207120023,-0.03010256373500175
2025-10-06,08:00:00,1.39525,1.39582,1.39414,1.39501,5752,1.384912830287709,BULLISH_ABOVE_EMA200,0.08171984430218557,-0.06594934803334972,0.043727285109067274
2025-10-06,12:00:00,1.395,1.39639,1.39478,1.39615,5157,1.3850246429216622,BULLISH_ABOVE_EMA200,-0.09024818250188295,-0.09096443791856923,-0.05801668875120706
2025-10-06,16:00:00,1.39614,1.39673,1.39456,1.39489,5722,1.3851228056786606,BULLISH_ABOVE_EMA200,-0.05735219264600878,-0.005735219264591327,0.022223974650333177
2025-10-06,20:00:00,1.3949,1.39538,1.39401,1.39409,3000,1.3852120314928034,BULLISH_ABOVE_EMA200,0.05666779045828076,0.10974901190023824,0.05236390763866733
2025-10-07,00:00:00,1.39425,1.39509,1.3941,1.39488,2341,1.3853082301844173,BULLISH_ABOVE_EMA200,-0.005018352833203749,0.03297774718973152,0.05018352833219668
2025-10-07,04:00:00,1.39487,1.39526,1.39439,1.39481,2599,1.3854027751577067,BULLISH_ABOVE_EMA200,0.0580724256350311,0.027960797527970864,0.1125601336382625
2025-10-07,08:00:00,1.39482,1.3962,1.39471,1.39562,4401,1.3855044390864857,BULLISH_ABOVE_EMA200,-0.020062767802127943,-0.05732219372036327,-0.01719665811610739
2025-10-07,12:00:00,1.39563,1.39623,1.39474,1.39534,4211,1.3856023053642321,BULLISH_ABOVE_EMA200,-0.010033396878182306,0.017200108934024537,-0.11036736565998946
2025-10-07,16:00:00,1.39536,1.3957,1.39387,1.3952,9216,1.3856978048133444,BULLISH_ABOVE_EMA200,-0.02723623853211346,0.08457568807339155,0.04587155963302565
2025-10-07,20:00:00,1.39522,1.39604,1.39455,1.39482,5085,1.3857885729246546,BULLISH_ABOVE_EMA200,0.054487317359952825,0.0401485496336528,0.027243658679976412
2025-10-08,00:00:00,1.39502,1.39591,1.39477,1.39558,2297,1.3858860000597328,BULLISH_ABOVE_EMA200,0.05732383668438297,-0.12754553662277437,-0.050874905057394657
2025-10-08,04:00:00,1.39562,1.39681,1.39515,1.39638,3982,1.3859904179695863,BULLISH_ABOVE_EMA200,-0.07161374410976167,-0.03867142181927448,-0.2033830332717422
2025-10-08,08:00:00,1.39639,1.39707,1.39509,1.39538,4418,1.3860838466465057,BULLISH_ABOVE_EMA200,-0.11323080451204237,-0.012899711906439034,-0.0035832533073503646
2025-10-08,12:00:00,1.39536,1.39587,1.39375,1.3938,4867,1.3861606242918143,BULLISH_ABOVE_EMA200,0.14636246233319286,0.07676854641986845,0.04878748744439762
2025-10-08,16:00:00,1.39378,1.39606,1.39314,1.39584,6905,1.3862569364879156,BULLISH_ABOVE_EMA200,-0.04585052728106186,-0.16477533241632056,0.4570724438331078
2025-10-08,20:00:00,1.39583,1.39623,1.39493,1.3952,3839,1.3863459221945036,BULLISH_ABOVE_EMA200,-0.02365252293577562,0.009317660550456098,0.5038704128440432
2025-10-09,00:00:00,1.39514,1.39556,1.39477,1.39487,2440,1.3864307388890857,BULLISH_ABOVE_EMA200,-0.0953493873981126,-0.027959594800957253,0.489651365360205
2025-10-09,04:00:00,1.39489,1.39489,1.39345,1.39354,3044,1.3865014778056122,BULLISH_ABOVE_EMA200,0.12844984715185487,0.6228741191497927,0.5733599322588474
2025-10-09,08:00:00,1.39353,1.39634,1.39332,1.39533,5822,1.3865893237975961,BULLISH_ABOVE_EMA200,-0.06091748905277013,0.494506675840133,0.45437280069947694
2025-10-09,12:00:00,1.39532,1.39556,1.39424,1.39448,5388,1.386667837988665,BULLISH_ABOVE_EMA200,0.5550456083988354,0.5177557225632498,0.2775228041994177
2025-10-09,16:00:00,1.39446,1.40246,1.39387,1.40222,11704,1.3868225858693748,BULLISH_ABOVE_EMA200,0.0007131548544497663,-0.049207684956717165,-0.0969890602045348
2025-10-09,20:00:00,1.40223,1.40336,1.40136,1.40223,7176,1.3869758934726646,BULLISH_ABOVE_EMA200,-0.037796937734903786,-0.039936387040650674,-0.1347853062621802
2025-10-10,00:00:00,1.40165,1.40254,1.40088,1.4017,3568,1.3871224019953248,BULLISH_ABOVE_EMA200,-0.012128130127702325,-0.238995505457656,-0.17264749946492594
2025-10-10,04:00:00,1.40169,1.40207,1.40135,1.40153,4568,1.387265761179451,BULLISH_ABOVE_EMA200,0.0099890833589027,-0.04780489893187791,-0.1605388396966075
2025-10-10,08:00:00,1.40153,1.40338,1.40128,1.40167,7829,1.3874090869388596,BULLISH_ABOVE_EMA200,-0.23686031662231408,-0.09488681358665402,-0.11272268080217988
2025-10-10,12:00:00,1.40166,1.40226,1.39756,1.39835,8858,1.3875179517454381,BULLISH_ABOVE_EMA200,0.17949726463331872,0.06650695462510083,0.20881753495191002
2025-10-10,16:00:00,1.39835,1.40107,1.39816,1.40086,22687,1.3876507084444887,BULLISH_ABOVE_EMA200,-0.037120054823471006,-0.11278785888667782,0.1563325385834355
2025-10-10,20:00:00,1.40088,1.40176,1.39935,1.40034,10119,1.3877769700520064,BULLISH_ABOVE_EMA200,-0.0756959024236856,-0.017852807175390367,0.2328006055672223
2025-10-13,00:00:00,1.3991,1.4004,1.39882,1.39928,6379,1.3878914280614392,BULLISH_ABOVE_EMA200,0.0,0.14221599679834887,0.31730604310788396
2025-10-13,04:00:00,1.39926,1.39962,1.39827,1.39928,5048,1.388004747185206,BULLISH_ABOVE_EMA200,0.05788691326967993,0.269424275341592,0.3551826653707563
2025-10-13,08:00:00,1.39927,1.40105,1.39879,1.40009,7234,1.388124998456995,BULLISH_ABOVE_EMA200,0.08428029626666562,0.25069816940338846,0.41211636394803564
2025-10-13,12:00:00,1.40011,1.40163,1.39967,1.40127,7960,1.388255794492249,BULLISH_ABOVE_EMA200,0.12702762494022513,0.17484139387841482,0.4167647919387461
2025-10-13,16:00:00,1.40127,1.40338,1.4012,1.40305,10949,1.3884030005172017,BULLISH_ABOVE_EMA200,0.03920031360251242,0.08552795695093475,0.08552795695093475
2025-10-13,20:00:00,1.40304,1.40392,1.40267,1.4036,4218,1.3885542144424037,BULLISH_ABOVE_EMA200,0.008549444286129953,0.16101453405529714,0.06127101738387596
2025-10-14,00:00:00,1.40322,1.40432,1.40297,1.40372,3405,1.3887051177812852,BULLISH_ABOVE_EMA200,0.03775681759894561,0.24150115407631179,0.050579887726896276
2025-10-14,04:00:00,1.40373,1.40467,1.40327,1.40425,5028,1.3888597932262476,BULLISH_ABOVE_EMA200,0.11465194943921035,0.0,-0.045575930211855006
2025-10-14,08:00:00,1.40428,1.4066,1.4041,1.40586,12084,1.3890289495125536,BULLISH_ABOVE_EMA200,0.08891354757941568,-0.09958317328895251,-0.11167541575975355
2025-10-14,12:00:00,1.40583,1.40799,1.4058,1.40711,15850,1.3892088604626776,BULLISH_ABOVE_EMA200,-0.20325347698474777,-0.1904613001115773,-0.14639935754846264
2025-10-14,16:00:00,1.40709,1.40745,1.40297,1.40425,21615,1.3893585235426509,BULLISH_ABOVE_EMA200,0.01495460210076863,-0.045575930211855006,-0.06124265622218857
2025-10-14,20:00:00,1.40424,1.40514,1.40322,1.40446,11697,1.3895087869899876,BULLISH_ABOVE_EMA200,-0.0021360522905582565,-0.012104296313173994,-0.03132876692821411
2025-10-15,00:00:00,1.40448,1.40481,1.40365,1.40443,4754,1.3896572567711818,BULLISH_ABOVE_EMA200,-0.058386676445251307,0.0441460236537131,-0.03916179517669449
2025-10-15,04:00:00,1.40444,1.40454,1.4031,1.40361,9064,1.3897960900371402,BULLISH_ABOVE_EMA200,0.04844650579577047,-0.01567386952216848,-0.014248972292871807
2025-10-15,08:00:00,1.40363,1.40447,1.40272,1.40429,12921,1.389940308046721,BULLISH_ABOVE_EMA200,0.05411987552427716,-0.01922679788362749,-0.036317284891298124
2025-10-15,12:00:00,1.40428,1.40538,1.40337,1.40505,7703,1.390090653240286,BULLISH_ABOVE_EMA200,-0.1181452617344575,-0.0832710579694597,0.006405465997661686
2025-10-15,16:00:00,1.40504,1.4053,1.40263,1.40339,9733,1.3902229850488403,BULLISH_ABOVE_EMA200,0.04489129892618093,0.0014251206008401816,0.0733937109427947
2025-10-15,20:00:00,1.40335,1.40595,1.40335,1.40402,6311,1.3903602687796979,BULLISH_ABOVE_EMA200,-0.009971367929233841,-0.01709377359297004,0.07407301890285964
2025-10-16,00:00:00,1.40413,1.40478,1.40355,1.40388,3699,1.3904947934684573,BULLISH_ABOVE_EMA200,-0.03347864489842226,0.08975126079152342,0.007123115935834186
2025-10-16,04:00:00,1.40389,1.40392,1.40222,1.40341,5024,1.390623302986184,BULLISH_ABOVE_EMA200,0.02636435539150936,0.0719675647173638,0.04061535830583789
2025-10-16,08:00:00,1.4034,1.40399,1.40266,1.40378,7020,1.3907542153942818,BULLISH_ABOVE_EMA200,0.0968812776930878,0.09118237900525351,0.09047001666927028
2025-10-16,12:00:00,1.40379,1.40577,1.40355,1.40514,6526,1.3908973575296621,BULLISH_ABOVE_EMA200,-0.05124044579188223,-0.08255405155358539,-0.08824743441935536
2025-10-16,16:00:00,1.40512,1.40605,1.40352,1.40442,10382,1.3910319111860836,BULLISH_ABOVE_EMA200,0.04557041340909229,-0.031329659218751936,-0.03916207402344387
2025-10-16,20:00:00,1.40443,1.40602,1.40377,1.40506,7470,1.3911714941593565,BULLISH_ABOVE_EMA200,-0.07686504490911206,-0.000711713378792757,-0.19643289254550506
2025-10-17,00:00:00,1.40533,1.40539,1.40388,1.40398,3480,1.3912989419786665,BULLISH_ABOVE_EMA200,0.0,-0.005698086867339991,-0.19302269263094846
2025-10-17,04:00:00,1.40399,1.40516,1.40362,1.40398,4769,1.391425121660471,BULLISH_ABOVE_EMA200,0.07621191185058934,-0.007834869442588535,-0.20299434464878555
2025-10-17,08:00:00,1.40398,1.40668,1.40357,1.40505,8426,1.3915606925892225,BULLISH_ABOVE_EMA200,-0.0818476210810992,-0.19572257215044364,-0.1316679121739374
2025-10-17,12:00:00,1.40504,1.40519,1.4027,1.4039,8355,1.3916834717674393,BULLISH_ABOVE_EMA200,-0.002136904337913989,-0.18733528029061258,0.041313483866374026
2025-10-17,16:00:00,1.40392,1.40534,1.40336,1.40387,9900,1.391804730754828,BULLISH_ABOVE_EMA200,-0.1118337167971286,-0.19517476689436805,-0.06909471674727113
2025-10-17,20:00:00,1.40389,1.40418,1.40077,1.4023,6186,1.3919091612945809,BULLISH_ABOVE_EMA200,-0.07345075946659675,0.06418027526206238,0.11338515296298796
2025-10-20,00:00:00,1.40177,1.40212,1.40096,1.40127,3050,1.3920023039682667,BULLISH_ABOVE_EMA200,-0.009990936793054087,0.2290779078978309,0.1320230933367522
2025-10-20,04:00:00,1.40127,1.40153,1.40051,1.40113,3481,1.3920931268143537,BULLISH_ABOVE_EMA200,0.14773789726863434,0.1263266078094145,0.2676411182402718
2025-10-20,08:00:00,1.40114,1.40326,1.40098,1.4032,5116,1.3922036429654547,BULLISH_ABOVE_EMA200,0.0912200684150476,0.04917331812999426,0.20453249714936775
2025-10-20,12:00:00,1.40321,1.40491,1.40266,1.40448,5907,1.3923257957717685,BULLISH_ABOVE_EMA200,-0.11249715197083011,-0.09683299156983566,-0.12460127591705959
2025-10-20,16:00:00,1.40449,1.40507,1.40257,1.4029,7414,1.3924310117342387,BULLISH_ABOVE_EMA200,0.07056810891724616,0.1411362178344765,-0.08838833844180839
2025-10-20,20:00:00,1.4029,1.4039,1.40265,1.40389,4007,1.3925450315179777,BULLISH_ABOVE_EMA200,-0.05484760202011265,0.15528282130365262,-0.10969520404020947
2025-10-21,00:00:00,1.40337,1.40382,1.40292,1.40312,2765,1.392650255084963,BULLISH_ABOVE_EMA200,0.12543474542448144,-0.027795199270190037,-0.12400935059010297
2025-10-21,04:00:00,1.40313,1.40528,1.40313,1.40488,3815,1.3927719440890929,BULLISH_ABOVE_EMA200,0.08470474346563582,-0.22920107055406871,-0.33881897386252746
2025-10-21,08:00:00,1.40489,1.40654,1.40486,1.40607,6604,1.3929042630533808,BULLISH_ABOVE_EMA200,-0.23754151642520635,-0.2645671979346651,-0.37764833898738515
2025-10-21,12:00:00,1.40606,1.40607,1.40136,1.40273,7688,1.3930020315802127,BULLISH_ABOVE_EMA200,-0.07627982576833221,-0.09624090167031163,-0.03208030055677582
2025-10-21,16:00:00,1.40274,1.40434,1.4003,1.40166,10259,1.393088180519713,BULLISH_ABOVE_EMA200,0.04922734471983787,-0.10986972589642816,-0.27110711584833724
2025-10-21,20:00:00,1.40167,1.4024,1.40115,1.40235,5140,1.3931803379274772,BULLISH_ABOVE_EMA200,-0.0691696081577292,-0.11338111027917284,-0.18611616215638044
2025-10-22,00:00:00,1.40218,1.40232,1.4011,1.40138,3166,1.3932619266048158,BULLISH_ABOVE_EMA200,-0.08991137307511445,0.06422240933935841,-0.1712597582383208
2025-10-22,04:00:00,1.40137,1.40146,1.40004,1.40012,3818,1.3933301661410864,BULLISH_ABOVE_EMA200,0.045710367682768184,-0.16141473587977664,-0.023569408336424125
2025-10-22,08:00:00,1.40013,1.40114,1.39933,1.40076,6290,1.3934040948362,BULLISH_ABOVE_EMA200,0.10851252177389173,-0.072817613295641,-0.09423455838259144
2025-10-22,12:00:00,1.40079,1.4032,1.40074,1.40228,6359,1.3934924123005166,BULLISH_ABOVE_EMA200,-0.31520095843910406,-0.23533103231880084,-0.20965855606583156
2025-10-22,16:00:00,1.40227,1.40267,1.39755,1.39786,10148,1.393535870884591,BULLISH_ABOVE_EMA200,0.1344912938348534,0.13806818994749026,0.1387835691700049
2025-10-22,20:00:00,1.39786,1.39984,1.39786,1.39974,5962,1.3935976035126052,BULLISH_ABOVE_EMA200,-0.054295797791025044,-0.02143255175961014,-0.04286510351922028
2025-10-23,00:00:00,1.39929,1.39942,1.39863,1.39898,3483,1.3936511596965595,BULLISH_ABOVE_EMA200,0.05789932665228949,0.025733034067687746,-0.013581323535712625
2025-10-23,04:00:00,1.39897,1.40046,1.39881,1.39979,5625,1.3937122426846535,BULLISH_ABOVE_EMA200,-0.025003750562589563,0.0007143928732055142,0.09501425213780862
2025-10-23,08:00:00,1.3998,1.39992,1.39864,1.39944,7738,1.3937692352947566,BULLISH_ABOVE_EMA200,-0.007145715429027966,-0.021437146287083902,0.18007202881153017
2025-10-23,12:00:00,1.39943,1.39993,1.39885,1.39934,5996,1.3938246657893363,BULLISH_ABOVE_EMA200,0.03287263995883094,-0.03930424342904873,0.18651650063601422
2025-10-23,16:00:00,1.39935,1.40027,1.39793,1.3998,6728,1.3938841218511342,BULLISH_ABOVE_EMA200,-0.04714959279896292,0.0942991855979417,0.12501785969425205
2025-10-23,20:00:00,1.39981,1.40029,1.39854,1.39914,3231,1.3939364191461479,BULLISH_ABOVE_EMA200,-0.025015366582334327,0.20155238217762658,0.07719027402547064
2025-10-24,00:00:00,1.39904,1.39912,1.39712,1.39879,2389,1.3939847134830021,BULLISH_ABOVE_EMA200,0.166572537693288,0.22590953609906073,-0.01715768628600562
2025-10-24,04:00:00,1.3988,1.40285,1.39872,1.40112,4549,1.3940557113587932,BULLISH_ABOVE_EMA200,0.05995203836931698,0.030689733927154884,-0.15202124015073407
2025-10-24,08:00:00,1.40113,1.40214,1.40036,1.40196,5382,1.3941343609970143,BULLISH_ABOVE_EMA200,-0.0007132871123331273,-0.1241119575451564,-0.2995805871779654
2025-10-24,12:00:00,1.40201,1.40322,1.3998,1.40195,5732,1.394212128549283,BULLISH_ABOVE_EMA200,-0.028531688005988515,-0.24251934805093403,-0.2681978672563205
2025-10-24,16:00:00,1.40195,1.40386,1.40118,1.40155,5655,1.3942851421955589,BULLISH_ABOVE_EMA200,-0.09489493774749765,-0.18265491776962062,-0.1377046840997458
2025-10-24,20:00:00,1.40051,1.40107,1.39917,1.40022,4755,1.394344195507046,BULLISH_ABOVE_EMA200,-0.11926697233292341,-0.17568667780778227,-0.08855751239091927
2025-10-27,00:00:00,1.40079,1.40098,1.3985,1.39855,3511,1.394386044307971,BULLISH_ABOVE_EMA200,0.031461156197489966,-0.025740945979758748,-0.0035751313860701065
2025-10-27,04:00:00,1.39854,1.39927,1.39778,1.39899,4089,1.3944318548123693,BULLISH_ABOVE_EMA200,-0.08792057126927744,0.04503248772329541,-0.0543249058249074
2025-10-27,08:00:00,1.39897,1.39917,1.3972,1.39776,6973,1.394464970684883,BULLISH_ABOVE_EMA200,0.03076350732601824,0.08728250915750908,0.18815819597070546
2025-10-27,12:00:00,1.39773,1.39853,1.39698,1.39819,7721,1.3945020356531928,BULLISH_ABOVE_EMA200,0.10227508421602517,0.022171521753126002,0.1308834993813429
2025-10-27,16:00:00,1.39819,1.40081,1.39788,1.39962,9712,1.394552960671569,BULLISH_ABOVE_EMA200,-0.04572669724640945,-0.09931267058201527,-0.39010588588331263
2025-10-27,20:00:00,1.39959,1.40011,1.39859,1.39898,4981,1.3945970108141406,BULLISH_ABOVE_EMA200,-0.03431071209022387,0.10078771676508125,-0.3145148608271712
2025-10-28,00:00:00,1.39908,1.39941,1.39822,1.3985,3071,1.3946358465274329,BULLISH_ABOVE_EMA200,-0.019306399713978725,0.10868787987128822,-0.331069002502691
2025-10-28,04:00:00,1.39855,1.39927,1.39813,1.39823,4179,1.394671609248553,BULLISH_ABOVE_EMA200,0.15448102243550343,-0.2910822969039441,-0.28321520779844417
2025-10-28,08:00:00,1.39821,1.40041,1.39819,1.40039,5107,1.394728508659015,BULLISH_ABOVE_EMA200,-0.026421211234012056,-0.4148844250530276,-0.4148844250530276
2025-10-28,12:00:00,1.40035,1.40052,1.39917,1.40002,6451,1.3947811603141496,BULLISH_ABOVE_EMA200,-0.41856544906501164,-0.43927943886516624,-0.4971357552035026
2025-10-28,16:00:00,1.4,1.40023,1.3935,1.39416,11654,1.3947749796145064,BEARISH_BELOW_EMA200,0.030125667068332536,0.00789005566074428,-0.31703678200494134
2025-10-28,20:00:00,1.39412,1.39491,1.3933,1.39458,4682,1.3947730395188398,BEARISH_BELOW_EMA200,-0.05091138550674672,0.0,-0.0050194323739057274
2025-10-29,00:00:00,1.39447,1.3947,1.39319,1.39387,3274,1.3947640540509907,BEARISH_BELOW_EMA200,0.028697080789453534,-0.058111588598648185,-0.01865310251314161
2025-10-29,04:00:00,1.39386,1.39431,1.3932,1.39427,3573,1.3947591380902844,BEARISH_BELOW_EMA200,0.022233857143884074,-0.32490120277994383,-0.10399707373750791
2025-10-29,08:00:00,1.39424,1.39461,1.39234,1.39458,5436,1.3947573556217245,BEARISH_BELOW_EMA200,-0.10899338869049936,-0.0050194323739057274,-0.007170617677005908
2025-10-29,12:00:00,1.39459,1.39496,1.39295,1.39306,6300,1.3947404665110608,BEARISH_BELOW_EMA200,-0.2383242645686467,0.0394814293713157,0.502490919271253
2025-10-29,16:00:00,1.39305,1.39316,1.38875,1.38974,10371,1.3946907106253787,BEARISH_BELOW_EMA200,0.343229668858919,0.22162418869716435,0.6123447551340551
2025-10-29,20:00:00,1.38976,1.3955,1.38917,1.39451,11535,1.3946889125097033,BEARISH_BELOW_EMA200,-0.06453879857440255,-0.002151293285811826,0.2947271801564749
2025-10-30,00:00:00,1.39413,1.39458,1.39343,1.39361,3492,1.3946781770618457,BEARISH_BELOW_EMA200,-0.0566873085009485,0.4628267592798607,0.32146726846105
2025-10-30,04:00:00,1.39362,1.39429,1.39261,1.39282,5740,1.3946596877378472,BEARISH_BELOW_EMA200,0.11918266538389706,0.38985655002082437,0.4164213609798845
2025-10-30,08:00:00,1.39283,1.39505,1.39279,1.39448,6918,1.3946578998001573,BEARISH_BELOW_EMA200,0.4001491595433524,0.2968848603063531,0.40875451781309435
2025-10-30,12:00:00,1.39451,1.40012,1.39434,1.40006,7964,1.3947116520409517,BULLISH_ABOVE_EMA200,-0.12928017370684752,-0.14070825536048648,0.19427738811192616
2025-10-30,16:00:00,1.40008,1.40139,1.39771,1.39825,11217,1.3947468594833303,BULLISH_ABOVE_EMA200,0.026461648489181578,0.026461648489181578,0.2560343286250611
2025-10-30,20:00:00,1.39824,1.39902,1.39772,1.39862,6168,1.394785398194939,BULLISH_ABOVE_EMA200,-0.0378944960031974,0.11153851653773048,0.1715977177503509
2025-10-31,00:00:00,1.39845,1.39863,1.39795,1.39809,2745,1.3948182798049396,BULLISH_ABOVE_EMA200,0.03790886137515606,0.33545766009340316,0.2818130449398862
2025-10-31,04:00:00,1.39808,1.39907,1.39785,1.39862,4101,1.394856107866582,BULLISH_ABOVE_EMA200,0.11153851653773048,0.22951194749109374,0.1694527462784733
2025-10-31,08:00:00,1.39863,1.40108,1.39862,1.40018,6090,1.3949090819176608,BULLISH_ABOVE_EMA200,0.1856904112328369,0.05999228670599151,0.2678227085089003
2025-10-31,12:00:00,1.40018,1.4034,1.40018,1.40278,6754,1.39498739951052,BULLISH_ABOVE_EMA200,-0.06772266499379849,-0.05346526183719517,0.23952437303069835
2025-10-31,16:00:00,1.40279,1.40354,1.40008,1.40183,11172,1.3950554850875299,BULLISH_ABOVE_EMA200,-0.05778161403308372,-0.059921673812085054,0.2354065756903534
2025-10-31,20:00:00,1.40182,1.40261,1.40069,1.40102,6691,1.395114833494619,BULLISH_ABOVE_EMA200,0.0720903341851064,0.20770581433526775,0.3219083239354195
2025-11-03,00:00:00,1.40079,1.40233,1.40079,1.40203,3287,1.3951836411215384,BULLISH_ABOVE_EMA200,-0.07417815595958374,0.2931463663402235,0.3238161808235193
2025-11-03,04:00:00,1.40204,1.40211,1.40081,1.40099,2673,1.3952414158367472,BULLISH_ABOVE_EMA200,0.2098516049365051,0.2955053212371275,0.41327918115046947
2025-11-03,08:00:00,1.401,1.40404,1.40083,1.40393,4512,1.395327869410511,BULLISH_ABOVE_EMA200,0.15741525574637236,0.11396579601547414,0.22508244713055864
2025-11-03,12:00:00,1.40391,1.40624,1.40347,1.40614,4950,1.395435452799461,BULLISH_ABOVE_EMA200,-0.07182784075554037,0.030580169826628395,0.13298818040878138
2025-11-03,16:00:00,1.40615,1.40754,1.40464,1.40513,8854,1.3955319159556854,BULLISH_ABOVE_EMA200,0.02846711692156284,0.11742685730145462,0.29249962636909455
2025-11-03,20:00:00,1.40514,1.40601,1.40483,1.40553,4889,1.3956313993790121,BULLISH_ABOVE_EMA200,0.0739934401969472,0.110990160295405,0.33581638243225387
2025-11-04,00:00:00,1.40555,1.40701,1.4053,1.40657,4010,1.395740241176236,BULLISH_ABOVE_EMA200,0.014929935943452613,0.10237670361232543,0.3405447293771266
2025-11-04,04:00:00,1.40657,1.40702,1.40598,1.40678,4782,1.3958500895227413,BULLISH_ABOVE_EMA200,0.022036139268402487,0.17486742774279765,0.30068667453334413
2025-11-04,08:00:00,1.40677,1.40734,1.40536,1.40709,6728,1.3959619294279877,BULLISH_ABOVE_EMA200,0.06538316667732924,0.22457696380473544,0.39514174644123756
2025-11-04,12:00:00,1.40709,1.40831,1.40667,1.40801,6334,1.396081810727212,BULLISH_ABOVE_EMA200,0.08735733410984754,0.23792444655932588,0.3778382255807836
2025-11-04,16:00:00,1.40806,1.40969,1.40775,1.40924,9491,1.3962127379836575,BULLISH_ABOVE_EMA200,0.07166983622377703,0.12559961397633118,0.17456217535692334
2025-11-04,20:00:00,1.40924,1.41074,1.4091,1.41025,6619,1.3963524122325763,BULLISH_ABOVE_EMA200,0.07870944867930824,0.17018259173905034,0.03332742421556252
2025-11-05,00:00:00,1.40993,1.4119,1.40963,1.41136,4944,1.3965017414640932,BULLISH_ABOVE_EMA200,-0.024798775649008786,0.13958168008162533,-0.07085364471147616
2025-11-05,04:00:00,1.41132,1.41178,1.41071,1.41101,6378,1.3966461022455452,BULLISH_ABOVE_EMA200,0.11622880064633588,0.04890114173534258,-0.054570839327868645
2025-11-05,08:00:00,1.41099,1.41266,1.41073,1.41265,6006,1.3968053450092712,BULLISH_ABOVE_EMA200,0.04813648108165604,-0.13662265954057887,-0.19608537146497285
2025-11-05,12:00:00,1.41261,1.41386,1.41259,1.41333,8376,1.3969697694370395,BULLISH_ABOVE_EMA200,-0.11533046068505023,-0.21014200505189284,-0.2540100330425295
2025-11-05,16:00:00,1.41337,1.41403,1.41051,1.4117,12059,1.3971163388953773,BULLISH_ABOVE_EMA200,-0.06941984840971743,-0.1034214068144802,0.001416731600207624
2025-11-05,20:00:00,1.41167,1.41189,1.41044,1.41072,6537,1.3972516987073638,BULLISH_ABOVE_EMA200,-0.025518883974134904,-0.05954406260632527,0.07655665192242046
2025-11-06,00:00:00,1.41061,1.41097,1.40993,1.41036,5045,1.397382129565997,BULLISH_ABOVE_EMA200,-0.008508465923602484,-0.043960407271906816,0.14109872656626224
2025-11-06,04:00:00,1.41041,1.41049,1.40995,1.41024,4806,1.3975100685752906,BULLISH_ABOVE_EMA200,-0.025527569775351425,0.10494667574314641,0.15103812117086207
2025-11-06,08:00:00,1.41024,1.41048,1.40897,1.40988,6935,1.3976331524700638,BULLISH_ABOVE_EMA200,-0.009929923114025945,0.1361818027066078,0.12696115981501677
2025-11-06,12:00:00,1.40988,1.41002,1.40899,1.40974,7525,1.3977536186146404,BULLISH_ABOVE_EMA200,0.14045143076028863,0.18514052236582643,-0.2319576659525788
2025-11-06,16:00:00,1.40975,1.414,1.40959,1.41172,12602,1.397892587583649,BULLISH_ABOVE_EMA200,0.005666846116783637,0.046043124698935865,-0.44201399710991013
2025-11-06,20:00:00,1.41168,1.41247,1.41044,1.4118,7058,1.3980309697967472,BULLISH_ABOVE_EMA200,0.038957359399351923,-0.009208103130752479,-0.5121121971950593
2025-11-07,00:00:00,1.41166,1.4126,1.41103,1.41235,4979,1.3981734477092174,BULLISH_ABOVE_EMA200,0.0014160795836661577,-0.416327397599737,-0.6613091655750986
2025-11-07,04:00:00,1.41231,1.4126,1.41192,1.41237,3603,1.3983147069359914,BULLISH_ABOVE_EMA200,-0.04956208358998866,-0.48783250847864523,-0.6959932595566323
2025-11-07,08:00:00,1.41236,1.41239,1.4113,1.41167,5950,1.3984475954241906,BULLISH_ABOVE_EMA200,-0.3683580440187772,-0.5029504062564115,-0.745216658284166
2025-11-07,12:00:00,1.41168,1.41189,1.40551,1.40647,9018,1.398527420345343,BULLISH_ABOVE_EMA200,-0.07038898803387532,-0.2460059581789884,-0.37825193569718607
2025-11-07,16:00:00,1.40649,1.4085,1.40516,1.40548,15913,1.3985966002424044,BULLISH_ABOVE_EMA200,-0.06474656345162978,-0.2091812049975926,-0.2710817656601368
2025-11-07,20:00:00,1.40548,1.40582,1.40268,1.40457,7510,1.3986560370559127,BULLISH_ABOVE_EMA200,-0.11106602020547254,-0.2434908904504724,-0.1865339570117592
2025-11-10,00:00:00,1.40477,1.40555,1.40258,1.40301,4508,1.3986993600702817,BULLISH_ABOVE_EMA200,-0.03349940485101264,-0.13257211281460538,0.004276519768208992
2025-11-10,04:00:00,1.403,1.40346,1.40197,1.40254,4762,1.3987375753929656,BULLISH_ABOVE_EMA200,-0.09910590785289564,-0.06203031642590775,0.06559527714004819
2025-11-10,08:00:00,1.40254,1.40328,1.4001,1.40115,6880,1.3987615796179114,BULLISH_ABOVE_EMA200,0.0,0.05709595689256211,0.1570138814545339
2025-11-10,12:00:00,1.40114,1.40216,1.40007,1.40115,5586,1.3987853449948475,BULLISH_ABOVE_EMA200,0.03711237198016458,0.1370302965421364,-0.04068086928594079
2025-11-10,16:00:00,1.40113,1.4036,1.40111,1.40167,9935,1.3988140480297246,BULLISH_ABOVE_EMA200,0.01997617128140418,0.12770480926323302,-0.1048748992273561
2025-11-10,20:00:00,1.40168,1.40202,1.40126,1.40195,5972,1.3988452515319165,BULLISH_ABOVE_EMA200,0.07988872641677733,0.09986090802097562,-0.006419629801342664
2025-11-11,00:00:00,1.4018,1.40333,1.4015,1.40307,4317,1.3988872888301065,BULLISH_ABOVE_EMA200,0.027796189783823363,-0.17746798092754482,-0.09051579750120126
2025-11-11,04:00:00,1.40306,1.4038,1.40281,1.40346,5253,1.3989327884437375,BULLISH_ABOVE_EMA200,-0.007837772362577662,-0.23228307183674923,-0.17385604149744188
2025-11-11,08:00:00,1.40347,1.40409,1.40256,1.40335,6350,1.3989767407975313,BULLISH_ABOVE_EMA200,-0.19738482915881006,-0.1061745109915553,-0.1075996722129278
2025-11-11,12:00:00,1.40334,1.40365,1.40038,1.40058,6705,1.3989926936254167,BULLISH_ABOVE_EMA200,-0.027131616901572706,0.08710677005240677,0.0706850019277761
2025-11-11,16:00:00,1.40059,1.40162,1.4002,1.4002,8485,1.3990047066241689,BULLISH_ABOVE_EMA200,0.1185544922154133,0.058563062419657405,-0.03642336809025771
2025-11-11,20:00:00,1.4002,1.40188,1.40014,1.40186,4664,1.3990331175035304,BULLISH_ABOVE_EMA200,-0.004280027962861557,-0.0014266759876257987,-0.08631389725080645
2025-11-12,00:00:00,1.40133,1.40203,1.40095,1.4018,3485,1.3990606486726496,BULLISH_ABOVE_EMA200,-0.05564274504208896,-0.016407476102150983,-0.06491653588243447
2025-11-12,04:00:00,1.40179,1.402,1.40082,1.40102,4403,1.3990801447057575,BULLISH_ABOVE_EMA200,0.05852878617007915,-0.09493083610511138,0.004282594110017775
2025-11-12,08:00:00,1.40101,1.40194,1.40025,1.40184,5972,1.3991076059524665,BULLISH_ABOVE_EMA200,-0.019260400616332284,-0.08488843234606121,-0.19617074701820683
2025-11-12,12:00:00,1.40181,1.40214,1.40063,1.40157,6866,1.3991321073857754,BULLISH_ABOVE_EMA200,-0.13413529113778705,-0.048517020198778085,-0.0577923328838358
2025-11-12,16:00:00,1.40158,1.40217,1.39925,1.39969,10470,1.3991376585560664,BULLISH_ABOVE_EMA200,0.06858661560773098,0.09930770384870952,0.18361208553322242
2025-11-12,20:00:00,1.39963,1.40095,1.39895,1.40065,5625,1.399152706729638,BULLISH_ABOVE_EMA200,0.01713490165280534,-0.11137686074322677,0.2084746367757851
2025-11-13,00:00:00,1.40041,1.40161,1.4002,1.40089,4211,1.3991699932298407,BULLISH_ABOVE_EMA200,0.01356280650159074,-0.009279814974763436,0.09422581358993125
2025-11-13,04:00:00,1.40087,1.40121,1.40023,1.40108,3638,1.39918899827233,BULLISH_ABOVE_EMA200,-0.14203328860594386,0.0842207439974847,0.09920918148856611
2025-11-13,08:00:00,1.40109,1.40129,1.39847,1.39909,6400,1.399188013214894,BEARISH_BELOW_EMA200,0.11936330043099874,0.32020813528794,0.3144901328720783
2025-11-13,12:00:00,1.3991,1.4009,1.39893,1.40076,6702,1.3992036548744473,BULLISH_ABOVE_EMA200,0.10708472543476805,0.10351523458693504,0.126359976013025
2025-11-13,16:00:00,1.40075,1.40257,1.39968,1.40226,11531,1.3992340662687315,BULLISH_ABOVE_EMA200,0.09342062099752702,0.01497582474006557,0.02210716985438025
2025-11-13,20:00:00,1.40229,1.40375,1.40201,1.40357,7175,1.3992772098879482,BULLISH_ABOVE_EMA200,-0.09689577292190826,-0.005699751348353129,-0.09618330400336017
2025-11-14,00:00:00,1.40301,1.40443,1.40189,1.40221,4410,1.3993063918791129,BULLISH_ABOVE_EMA200,0.01854215844988618,0.022821118092161516,0.06632387445533104
2025-11-14,04:00:00,1.40222,1.40301,1.40174,1.40247,4675,1.399337870566883,BULLISH_ABOVE_EMA200,0.07272882842412307,0.0071302772964832745,0.03636441421205362
2025-11-14,08:00:00,1.40247,1.40451,1.40237,1.40349,8586,1.3993791852876105,BULLISH_ABOVE_EMA200,-0.06840091486222559,-0.0904887102864917,-0.05058817661686142
2025-11-14,12:00:00,1.40355,1.40451,1.40137,1.40253,9294,1.3994105366777836,BULLISH_ABOVE_EMA200,0.002851988905766009,0.0434928308128881,0.08555966717288527
2025-11-14,16:00:00,1.40254,1.40339,1.40137,1.40257,11822,1.3994419741237758,BULLISH_ABOVE_EMA200,-0.024954191234667248,0.02923205258916128,0.0028519075696626876
2025-11-14,20:00:00,1.40257,1.40328,1.40137,1.40222,6438,1.3994696161722955,BULLISH_ABOVE_EMA200,0.06561024660895094,0.03993667184891771,0.23462794711243706
2025-11-17,00:00:00,1.40215,1.40322,1.40161,1.40314,3270,1.399506137404412,BULLISH_ABOVE_EMA200,-0.011402996137246461,0.0420485482560449,0.13327251735393747
2025-11-17,04:00:00,1.40313,1.40386,1.40281,1.40298,3057,1.3995407032013831,BULLISH_ABOVE_EMA200,-0.01425537071091377,-0.026372435815192056,0.14041540150251802
2025-11-17,08:00:00,1.40297,1.40322,1.40158,1.40278,4174,1.3995729350103248,BULLISH_ABOVE_EMA200,0.06772266499379849,0.19461355308744932,0.05845535294201821
2025-11-17,12:00:00,1.40277,1.40396,1.40215,1.40373,4855,1.3996142988410678,BULLISH_ABOVE_EMA200,-0.07978742350737036,0.09118562686557742,-0.18949513082999472
2025-11-17,16:00:00,1.40376,1.40415,1.40233,1.40261,6700,1.3996441068127987,BULLISH_ABOVE_EMA200,0.2067574022714885,0.16683183493629797,-0.34150619202770904
2025-11-17,20:00:00,1.40262,1.40576,1.40253,1.40551,6932,1.399702473909189,BULLISH_ABOVE_EMA200,-0.03557427552987492,-0.13589373252414272,-0.47598380658978484
2025-11-18,00:00:00,1.40458,1.40567,1.40439,1.40501,4206,1.3997552851140727,BULLISH_ABOVE_EMA200,-0.004270432238928622,-0.28042505035551735,-0.3807802079700634
2025-11-18,04:00:00,1.40501,1.40622,1.40468,1.40495,6288,1.3998069738194054,BULLISH_ABOVE_EMA200,-0.09608882878393982,-0.507491369799627,-0.3907612370546991
2025-11-18,08:00:00,1.40491,1.40552,1.40345,1.4036,7207,1.3998447153734412,BULLISH_ABOVE_EMA200,-0.18025078369905395,-0.34055286406383634,-0.2621829581077163
2025-11-18,12:00:00,1.40365,1.40389,1.40065,1.40107,6856,1.3998569072602727,BULLISH_ABOVE_EMA200,-0.23196556917213096,-0.10063737001007325,0.041396932344567004
2025-11-18,16:00:00,1.40098,1.4021,1.39769,1.39782,13300,1.3998366395263397,BEARISH_BELOW_EMA200,0.07153996938088522,0.11732554978465494,0.556580961783341
2025-11-18,20:00:00,1.39786,1.39905,1.39708,1.39882,9272,1.3998265237101575,BEARISH_BELOW_EMA200,0.06005061408901445,0.07863770892610207,0.43822650519723544
2025-11-19,00:00:00,1.39854,1.39976,1.39834,1.39966,4596,1.3998248667578177,BEARISH_BELOW_EMA200,-0.014289184516238087,0.1421773859365959,0.4122429732935179
2025-11-19,04:00:00,1.39967,1.40009,1.39923,1.39946,8676,1.3998212362428146,BEARISH_BELOW_EMA200,0.03286982121676411,0.4387406571106023,0.46589398768096846
2025-11-19,08:00:00,1.39947,1.40055,1.3988,1.39992,9659,1.3998222189667666,BULLISH_ABOVE_EMA200,0.12357849019944062,0.3593062460711946,0.3664495114006412
2025-11-19,12:00:00,1.39993,1.40196,1.39985,1.40165,9949,1.3998404058427192,BULLISH_ABOVE_EMA200,0.28181072307636695,0.26968216031105446,0.23615025148931074
2025-11-19,16:00:00,1.40167,1.4065,1.40062,1.4056,18338,1.399897715237319,BULLISH_ABOVE_EMA200,-0.046243597040412594,0.027034718269781374,0.32157085941947067
2025-11-19,20:00:00,1.40562,1.40605,1.40428,1.40495,12630,1.399947986727495,BULLISH_ABOVE_EMA200,0.034164916900959894,0.0071176910210319945,0.33737855439696707
2025-11-20,00:00:00,1.40472,1.40553,1.40412,1.40543,5011,1.4000025341232414,BULLISH_ABOVE_EMA200,0.039133930540834506,-0.0334417224621625,0.24405342137282143
2025-11-20,04:00:00,1.40545,1.40611,1.40505,1.40598,5996,1.400062011395647,BULLISH_ABOVE_EMA200,-0.06614603337174764,0.29445653565484803,0.22617675927111058
2025-11-20,08:00:00,1.40594,1.40627,1.40499,1.40505,8432,1.4001116431230536,BULLISH_ABOVE_EMA200,-0.0064054659976458825,0.3302373581011494,0.2974983096687003
2025-11-20,12:00:00,1.40504,1.40694,1.40394,1.40496,7183,1.4001598854800383,BULLISH_ABOVE_EMA200,0.3672702425691873,0.277587974034849,0.27829973807084046
2025-11-20,16:00:00,1.40496,1.41067,1.4043,1.41012,9499,1.4002589910971524,BULLISH_ABOVE_EMA200,-0.030493858678689076,-0.06807931239894986,-0.058860238844928685
2025-11-20,20:00:00,1.41011,1.41046,1.40897,1.40969,5906,1.4003528319817578,BULLISH_ABOVE_EMA200,-0.05887819307791843,-0.03263128772993544,0.019862522966030537
2025-11-21,00:00:00,1.40944,1.40993,1.40834,1.40886,3846,1.4004374804197504,BULLISH_ABOVE_EMA200,0.021293812018225156,0.0007097937339455668,0.07736751699956244
2025-11-21,04:00:00,1.40881,1.40934,1.40862,1.40916,3135,1.400524271659355,BULLISH_ABOVE_EMA200,0.004967498367822993,0.009225354111666773,0.017741065599370085
2025-11-21,08:00:00,1.40915,1.41053,1.40819,1.40923,5432,1.4006108958219483,BULLISH_ABOVE_EMA200,-0.025545865472628028,0.052510945693745016,0.15398480021004415
2025-11-21,12:00:00,1.40925,1.41131,1.40811,1.40887,6618,1.4006930759630236,BULLISH_ABOVE_EMA200,0.02981112522801003,0.07665717915776259,0.09511168525129336
2025-11-21,16:00:00,1.40883,1.41305,1.40875,1.40929,8298,1.40077861749573,BULLISH_ABOVE_EMA200,0.04825124708186491,0.00851492595563156,0.13694839245293638
2025-11-21,20:00:00,1.4093,1.41033,1.40889,1.40997,5404,1.4008700740380609,BULLISH_ABOVE_EMA200,-0.0014184698965161657,0.10142059760137041,0.042554096895689696
2025-11-24,00:00:00,1.4098,1.4104,1.40939,1.40995,3283,1.4009604215600704,BULLISH_ABOVE_EMA200,-0.0382992304691645,0.018440370225889353,0.0602858257385026
2025-11-24,04:00:00,1.4099,1.41007,1.40915,1.40941,2906,1.401044496967433,BULLISH_ABOVE_EMA200,0.14119383288042062,0.1284225314138446,0.16389836882099842
2025-11-24,08:00:00,1.40942,1.41144,1.40912,1.4114,4808,1.4011475367986028,BULLISH_ABOVE_EMA200,-0.08431344764064223,-0.058806858438421886,0.007793680034012647
2025-11-24,12:00:00,1.41135,1.41178,1.4097,1.41021,4606,1.4012377105618008,BULLISH_ABOVE_EMA200,0.07162053878500049,0.04183774047837489,0.02978279830664135
2025-11-24,16:00:00,1.41021,1.41182,1.40982,1.41122,6901,1.4013370368248674,BULLISH_ABOVE_EMA200,-0.04605943793312293,0.03543033687165481,-0.12754921273791642
2025-11-24,20:00:00,1.4112,1.41131,1.41027,1.41057,3742,1.401428907105217,BULLISH_ABOVE_EMA200,0.0163054651665605,0.06663972720247424,-0.04253599608669941
2025-11-25,00:00:00,1.41074,1.41143,1.41031,1.4108,2840,1.401522151810638,BULLISH_ABOVE_EMA200,0.06521122767224496,-0.012049900765523354,-0.16161043379643178
2025-11-25,04:00:00,1.41082,1.41209,1.41058,1.41172,2762,1.4016236229369003,BULLISH_ABOVE_EMA200,-0.014875471056586539,-0.16292182585783235,-0.30955146912985465
2025-11-25,08:00:00,1.41173,1.41236,1.4113,1.41151,4125,1.401721994847976,BULLISH_ABOVE_EMA200,-0.062344581334881924,-0.10910301733605124,-0.2337921800058151
2025-11-25,12:00:00,1.41153,1.41245,1.41039,1.41063,5462,1.4018106317151602,BULLISH_ABOVE_EMA200,-0.08577727681958809,-0.14957855709860532,-0.07443482699219464
2025-11-25,16:00:00,1.41062,1.41189,1.40903,1.40942,8375,1.4018863468224723,BULLISH_ABOVE_EMA200,0.03902314427211551,-0.14686892480593397,-0.3547558570191919
2025-11-25,20:00:00,1.40941,1.41036,1.40893,1.40997,4660,1.4019667811824477,BULLISH_ABOVE_EMA200,-0.10283906749788657,-0.12482535089398952,-0.408519330198514
2025-11-26,00:00:00,1.40951,1.41045,1.408,1.40852,3880,1.4020319873398364,BULLISH_ABOVE_EMA200,-0.0830659131570651,0.07525629739017273,-0.3649220458353394
2025-11-26,04:00:00,1.40853,1.40858,1.40704,1.40735,3952,1.402084902888694,BULLISH_ABOVE_EMA200,0.06110775571107833,-0.20819270259708664,-0.2891960066792211
2025-11-26,08:00:00,1.40736,1.40835,1.40673,1.40821,5006,1.4021458491286076,BULLISH_ABOVE_EMA200,0.09728662628443864,-0.2840485438961521,-0.2421513836714633
2025-11-26,12:00:00,1.4082,1.40992,1.40781,1.40958,6452,1.4022198207790693,BULLISH_ABOVE_EMA200,-0.36606648789001356,-0.4398473304104757,-0.3646476255338572
2025-11-26,16:00:00,1.40959,1.41004,1.40421,1.40442,6843,1.4022417131096259,BULLISH_ABOVE_EMA200,-0.014952791899862112,-0.08117229888494316,-0.1025334301704695
2025-11-26,20:00:00,1.40439,1.40459,1.40344,1.40421,4074,1.4022612980538087,BULLISH_ABOVE_EMA200,-0.059107968181389275,0.04201650750244554,-0.09400303373426966
2025-11-27,00:00:00,1.40434,1.40436,1.40336,1.40338,3126,1.4022724294164575,BULLISH_ABOVE_EMA200,-0.007125653778733414,0.07553193005457103,-0.0014251307557561759
2025-11-27,04:00:00,1.40338,1.40368,1.40283,1.40328,3065,1.402282454994403,BULLISH_ABOVE_EMA200,0.10831765577788935,-0.021378484693018427,0.01639017159796708
2025-11-27,08:00:00,1.40324,1.40487,1.40297,1.4048,4511,1.4023075051934637,BULLISH_ABOVE_EMA200,-0.025626423690214832,-0.13596241457859326,-0.059794988610474935
2025-11-27,12:00:00,1.40479,1.40495,1.40391,1.40444,3928,1.4023287240472602,BULLISH_ABOVE_EMA200,-0.10395602517729607,-0.07689897752840776,-0.33821309561104856
2025-11-27,16:00:00,1.40443,1.40463,1.4028,1.40298,3671,1.4023352044049988,BULLISH_ABOVE_EMA200,-0.006414916819906448,0.03777673238393573,-0.39487376869234625
2025-11-27,20:00:00,1.40297,1.40326,1.40276,1.40289,1889,1.402340724759178,BULLISH_ABOVE_EMA200,0.033502270313422323,0.07627112603269867,-0.3977503581891608
2025-11-28,00:00:00,1.40332,1.40343,1.40243,1.40336,3159,1.4023508668013753,BULLISH_ABOVE_EMA200,0.010688632995104214,-0.2615152206133736,-0.44250940599703914
2025-11-28,04:00:00,1.40335,1.40411,1.40258,1.40351,12105,1.4023624004650432,BULLISH_ABOVE_EMA200,0.032062471945341425,-0.43248712157377006,-0.3476996957627659
2025-11-28,08:00:00,1.40347,1.40441,1.40334,1.40396,14039,1.402378296977829,BULLISH_ABOVE_EMA200,-0.30413971908031534,-0.473660218239839,-0.3874754266503398
2025-11-28,12:00:00,1.40392,1.4051,1.39919,1.39969,11747,1.402351547754169,BEARISH_BELOW_EMA200,-0.1607498803306507,-0.1814687537954982,-0.2407675985396834
2025-11-28,16:00:00,1.39966,1.39984,1.39381,1.39744,7293,1.402302676632237,BEARISH_BELOW_EMA200,-0.009302724982823125,0.08515571330432967,0.054385161438064884
2025-11-28,20:00:00,1.39744,1.39819,1.39642,1.39731,6485,1.4022529982577872,BEARISH_BELOW_EMA200,-0.011450572886486177,0.08659495745396034,0.17605255812954224
2025-12-01,00:00:00,1.39772,1.398,1.39643,1.39715,3616,1.4022022221557198,BEARISH_BELOW_EMA200,0.10592992878360576,-0.059406649250251325,0.2097126292810435
2025-12-01,04:00:00,1.39714,1.39896,1.3971,1.39863,3407,1.402166677656658,BEARISH_BELOW_EMA200,-0.007864839164042993,-0.0307443712776024,0.0807933477760275
2025-12-01,08:00:00,1.39862,1.39913,1.39699,1.39852,4904,1.4021303923068404,BEARISH_BELOW_EMA200,-0.1573091553928424,0.0893802019277503,0.16231444670079756
2025-12-01,12:00:00,1.39844,1.39869,1.39544,1.39632,4717,1.4020725774580163,BEARISH_BELOW_EMA200,0.13463962415492894,0.26927924830984196,0.24421336083418652
2025-12-01,16:00:00,1.39628,1.39849,1.39557,1.3982,7402,1.4020340443489814,BEARISH_BELOW_EMA200,0.11228722643397576,0.11157202117006033,0.02360177370905031
2025-12-01,20:00:00,1.39819,1.40012,1.39815,1.39977,3914,1.402011516544514,BEARISH_BELOW_EMA200,0.022146495495690897,0.07286911421162198,-0.19931845946118634
2025-12-02,00:00:00,1.3995,1.40072,1.39942,1.40008,2099,1.4019922974744194,BEARISH_BELOW_EMA200,-0.02285583680933218,-0.02499857151020459,-0.2514142049025747
2025-12-02,04:00:00,1.40011,1.40028,1.39957,1.39976,2240,1.4019700855592512,BEARISH_BELOW_EMA200,0.07358404297880254,-0.08787220666398828,-0.18360290335485807
2025-12-02,08:00:00,1.39975,1.40094,1.39924,1.40079,3363,1.401958343414383,BEARISH_BELOW_EMA200,-0.0756715853197168,-0.2719893774227307,-0.3797856923593109
2025-12-02,12:00:00,1.40075,1.40142,1.39969,1.39973,4033,1.4019361708430955,BEARISH_BELOW_EMA200,-0.08573081951518277,-0.22647224821929196,-0.37007137090724374
2025-12-02,16:00:00,1.39971,1.39981,1.39752,1.39853,7194,1.4019022785959006,BEARISH_BELOW_EMA200,-0.11083065790508179,-0.09581489135021193,-0.29745518508719454
2025-12-02,20:00:00,1.39854,1.39867,1.39675,1.39698,3762,1.401853300699424,BEARISH_BELOW_EMA200,-0.030064854185463424,-0.10809030909534297,-0.14817678134261164
2025-12-03,00:00:00,1.39687,1.39753,1.39622,1.39656,2444,1.4018006310407234,BEARISH_BELOW_EMA200,0.045110843787585814,-0.14392507303660906,-0.03007389585840114
2025-12-03,04:00:00,1.39657,1.39742,1.39651,1.39719,2452,1.401754754114945,BEARISH_BELOW_EMA200,-0.12310423063434063,-0.20183368045862213,-0.07872944982428152
2025-12-03,08:00:00,1.3972,1.39733,1.39545,1.39547,3519,1.4016922192481298,BEARISH_BELOW_EMA200,-0.06592760861932051,-0.040129848724794796,0.03583022207571248
2025-12-03,12:00:00,1.3955,1.3955,1.39383,1.39455,4452,1.4016211523899396,BEARISH_BELOW_EMA200,-0.012907389480466599,0.11401527374421715,0.15703990534582027
2025-12-03,16:00:00,1.39454,1.39692,1.39408,1.39437,7652,1.4015490016198906,BEARISH_BELOW_EMA200,0.03872716710772499,0.12335319893571604,0.013626225463823265
2025-12-03,20:00:00,1.39439,1.39545,1.39417,1.39491,3603,1.4014829419022798,BEARISH_BELOW_EMA200,0.08817773189667019,0.07599056569956762,0.05520069395157661
2025-12-04,00:00:00,1.39482,1.39626,1.39476,1.39614,2457,1.4014297783012621,BEARISH_BELOW_EMA200,-0.0035813027346744217,0.042975632816204395,-0.07592361797526315
2025-12-04,04:00:00,1.39618,1.39683,1.39579,1.39609,2987,1.4013766461788617,BEARISH_BELOW_EMA200,-0.00859543439177417,-0.1095917884950133,-0.0845217715190252
2025-12-04,08:00:00,1.39607,1.39708,1.39572,1.39597,4096,1.4013228487044453,BEARISH_BELOW_EMA200,0.055158778483789736,-0.02077408540297438,-0.1146156436026436
2025-12-04,12:00:00,1.39596,1.39771,1.39577,1.39674,5097,1.4012772482198241,BEARISH_BELOW_EMA200,-0.15607772384266724,-0.11884817503615523,-0.5734782421925392
2025-12-04,16:00:00,1.39672,1.39682,1.39251,1.39456,7244,1.4012104099290796,BEARISH_BELOW_EMA200,0.08031206975676987,0.02509752179899556,-0.7945158329508933
2025-12-04,20:00:00,1.39453,1.39603,1.39441,1.39568,4438,1.4011553809745616,BEARISH_BELOW_EMA200,-0.04298979708815301,-0.0938610569758055,-0.9593889716840545
2025-12-05,00:00:00,1.39544,1.39604,1.39505,1.39508,2040,1.4010949294225759,BEARISH_BELOW_EMA200,-0.012185681107893703,-0.45517102961837874,-0.9096252544657001
2025-12-05,04:00:00,1.39509,1.39574,1.39488,1.39491,1986,1.4010333878362817,BEARISH_BELOW_EMA200,-0.038712174979029824,-0.8194077037228245,-0.9269415231090254
2025-12-05,08:00:00,1.39488,1.39506,1.39399,1.39437,3060,1.4009670854697516,BEARISH_BELOW_EMA200,-0.40448374534736753,-0.8663410715950637,-0.857017864698762
2025-12-05,12:00:00,1.39436,1.39522,1.38845,1.38873,4763,1.4008453234252765,BEARISH_BELOW_EMA200,-0.37804324814758644,-0.45653222728680254,-0.5587839248810056
2025-12-05,16:00:00,1.38874,1.38931,1.38333,1.38348,8132,1.4006725341374626,BEARISH_BELOW_EMA200,-0.086014976725361,-0.10842223956978465,0.04770578541069498
2025-12-05,20:00:00,1.38347,1.38454,1.38218,1.38229,4501,1.4004896233500252,BEARISH_BELOW_EMA200,0.007234371947998538,0.009404683532396492,0.24307489745277977
2025-12-08,00:00:00,1.38301,1.38353,1.38216,1.38239,3399,1.4003095275952988,BEARISH_BELOW_EMA200,-0.029658779360384656,-0.10272065046766665,0.17939944588719808
2025-12-08,04:00:00,1.38237,1.38265,1.38188,1.38198,2342,1.4001271442361416,BEARISH_BELOW_EMA200,0.03183837682166138,0.1562974862154257,0.21490904354621032
2025-12-08,08:00:00,1.38196,1.38288,1.38133,1.38242,4454,1.3999509537462298,BEARISH_BELOW_EMA200,-0.10488852881179028,0.23364824004282825,0.11067548212555021
2025-12-08,12:00:00,1.38238,1.38268,1.37996,1.38097,4595,1.3997620885348248,BEARISH_BELOW_EMA200,0.22954879541191303,0.282410189938957,0.2194109937217945
2025-12-08,16:00:00,1.38094,1.38525,1.37999,1.38414,7338,1.3996066448678115,BEARISH_BELOW_EMA200,0.1090930108226135,0.05852009189821676,0.09681101622669087
2025-12-08,20:00:00,1.38415,1.38593,1.38398,1.38565,4280,1.3994677727795746,BEARISH_BELOW_EMA200,-0.05629127124454249,-0.12268610399451772,-0.07000324757335095
2025-12-09,00:00:00,1.38522,1.38551,1.38463,1.38487,2305,1.3993225213091312,BEARISH_BELOW_EMA200,0.005776715503972067,-0.06282178110581849,0.03754865077587455
2025-12-09,04:00:00,1.38487,1.38525,1.3844,1.38495,2981,1.3991795111468512,BEARISH_BELOW_EMA200,-0.07220477273546987,0.03826852954981346,0.02599371818478198
2025-12-09,08:00:00,1.38496,1.38572,1.38387,1.38395,4295,1.3990279737225044,BEARISH_BELOW_EMA200,0.0036128472849368456,0.052747570360193466,0.11344340474728648
2025-12-09,12:00:00,1.38394,1.38494,1.38376,1.384,4581,1.3988784416456637,BEARISH_BELOW_EMA200,0.1069364161849818,0.10043352601156086,0.03034682080925484
2025-12-09,16:00:00,1.38404,1.38574,1.38232,1.38548,7483,1.3987451238183437,BEARISH_BELOW_EMA200,-0.05774172128072104,-0.012270115772151419,-0.17683402142218313
2025-12-09,20:00:00,1.38549,1.38604,1.38435,1.38468,3953,1.398605172337564,BEARISH_BELOW_EMA200,0.05127538492648038,0.060663835687680474,-0.38925961232920286
2025-12-10,00:00:00,1.38465,1.38544,1.38427,1.38539,2388,1.3984736780854492,BEARISH_BELOW_EMA200,-0.0057745472393952585,-0.07001638527778571,-0.426594677311072
2025-12-10,04:00:00,1.38542,1.38572,1.38518,1.38531,2618,1.3983426962139525,BEARISH_BELOW_EMA200,0.015159061870631372,-0.1645841003096823,-0.29235333607640956
2025-12-10,08:00:00,1.3853,1.38585,1.38449,1.38552,3596,1.3982151071968985,BEARISH_BELOW_EMA200,-0.07939257462902742,-0.44965067267164527,-0.3486055776892511
2025-12-10,12:00:00,1.38553,1.38565,1.38376,1.38442,4532,1.3980778424486706,BEARISH_BELOW_EMA200,-0.10040305687580375,-0.35682813019170084,-0.4182256829574812
2025-12-10,16:00:00,1.38438,1.38709,1.38254,1.38303,7419,1.397928112673062,BEARISH_BELOW_EMA200,-0.27042074286169326,-0.127979870284813,-0.4179229662407827
2025-12-10,20:00:00,1.38303,1.38408,1.37836,1.37929,8570,1.3977426588156188,BEARISH_BELOW_EMA200,0.01377520318425672,0.10150149714708784,-0.16675245959877683
2025-12-11,00:00:00,1.37895,1.37989,1.37847,1.37948,3197,1.3975609408174534,BEARISH_BELOW_EMA200,0.12903412880214954,-0.06161742105721122,-0.15730565140487757
2025-12-11,04:00:00,1.37946,1.38174,1.37922,1.38126,3941,1.3973987424013594,BEARISH_BELOW_EMA200,-0.04126666956257037,-0.2903146402559871,-0.2939345235509573
2025-12-11,08:00:00,1.38123,1.38225,1.38065,1.38069,4943,1.3972324862580623,BEARISH_BELOW_EMA200,-0.14920076193786808,-0.26798195105346145,-0.3346153010451346
2025-12-11,12:00:00,1.38068,1.38104,1.37807,1.37863,5339,1.3970473868923103,BEARISH_BELOW_EMA200,-0.10009937401622893,-0.09574722731987464,-0.18279016124704073
2025-12-11,16:00:00,1.37864,1.37874,1.37564,1.37725,7804,1.3968503979680087,BEARISH_BELOW_EMA200,-0.018878199310230458,-0.003630422944280669,-0.046469413686708726
2025-12-11,20:00:00,1.37725,1.37806,1.37664,1.37699,4474,1.3966527820678296,BEARISH_BELOW_EMA200,0.023239093965831126,-0.06681239515174633,-0.0036311084321515386
2025-12-12,00:00:00,1.37698,1.37784,1.37669,1.37731,3159,1.3964603165746174,BEARISH_BELOW_EMA200,-0.007986582541334521,-0.08712635499633996,-0.09148267274615293
2025-12-12,04:00:00,1.37732,1.37787,1.37708,1.3772,2387,1.3962686716335766,BEARISH_BELOW_EMA200,-0.08205053732210829,-0.04284054603544078,-0.05300609933197047
2025-12-12,08:00:00,1.37719,1.3775,1.37547,1.37607,4021,1.3960676898262774,BEARISH_BELOW_EMA200,0.0029068288677203927,0.0632235278728661,0.03124841032797405
2025-12-12,12:00:00,1.37608,1.37695,1.37539,1.37611,4549,1.3958691058479067,BEARISH_BELOW_EMA200,0.03633430467040752,-0.004360116560445676,0.05377477091220636
2025-12-12,16:00:00,1.37612,1.37945,1.37531,1.37661,7977,1.3956774729538977,BEARISH_BELOW_EMA200,0.023971931048021117,-0.010169910141565654,0.06247230515542405
2025-12-12,20:00:00,1.3766,1.37742,1.37597,1.37694,4435,1.3954910304369434,BEARISH_BELOW_EMA200,-0.06463607709849793,-0.03195491452060337,-0.016703705317584822
2025-12-15,00:00:00,1.37678,1.37739,1.37601,1.37605,3301,1.3952975873480187,BEARISH_BELOW_EMA200,0.030522146724325933,0.058137422332030946,0.12499545801387622
2025-12-15,04:00:00,1.37605,1.37701,1.37597,1.37647,3432,1.3951102481704265,BEARISH_BELOW_EMA200,0.0021794881108905015,0.07264960369640383,0.036324801848201915
2025-12-15,08:00:00,1.37649,1.37681,1.37574,1.3765,4264,1.3949250715717159,BEARISH_BELOW_EMA200,0.025426807119495128,0.015256084271706756,0.0733745005448569
2025-12-15,12:00:00,1.37655,1.37768,1.37471,1.37685,4549,1.3947452201132908,BEARISH_BELOW_EMA200,0.04503032283836765,0.0668191887278957,-0.11112321603659145
2025-12-15,16:00:00,1.37684,1.37756,1.37544,1.37747,7901,1.3945733273758452,BEARISH_BELOW_EMA200,-0.05517361539633327,-0.036298431181800324,-0.210530900854458
2025-12-15,20:00:00,1.37746,1.37883,1.37666,1.37671,4847,1.3943955828248418,BEARISH_BELOW_EMA200,0.07699515511617107,0.05810955103107494,-0.10822903879538837
2025-12-16,00:00:00,1.37683,1.37809,1.37663,1.37777,3203,1.3942301541400175,BEARISH_BELOW_EMA200,-0.05806484391443505,-0.17782358448796542,-0.13645238319892883
2025-12-16,04:00:00,1.37776,1.37794,1.37648,1.37697,3424,1.3940584113127539,BEARISH_BELOW_EMA200,0.039216540665372876,-0.17429573629054793,0.036311611727194125
2025-12-16,08:00:00,1.37698,1.37783,1.37635,1.37751,4469,1.393893750503672,BEARISH_BELOW_EMA200,-0.15898251192368215,-0.16624198735398676,0.011615160688484146
2025-12-16,12:00:00,1.37752,1.37798,1.37372,1.37532,5734,1.3937089370658244,BEARISH_BELOW_EMA200,-0.054532763284183196,0.04144490009597471,0.17305063548845553
2025-12-16,16:00:00,1.3753,1.37633,1.37299,1.37457,9304,1.39351849988109,BEARISH_BELOW_EMA200,0.04728751536844536,0.2109750685668902,0.26917508748190605
2025-12-16,20:00:00,1.37455,1.37609,1.37373,1.37522,5818,1.3933364252554075,BEARISH_BELOW_EMA200,0.048719477610851235,0.17815331365162235,0.25959482846379855
2025-12-17,00:00:00,1.37537,1.3764,1.37509,1.37589,2783,1.3931628289842095,BEARISH_BELOW_EMA200,0.114834761499823,0.1315512141232124,0.19841702461678618
2025-12-17,04:00:00,1.37592,1.37775,1.37588,1.37747,3195,1.3930066814321278,BEARISH_BELOW_EMA200,0.01451937247272013,0.058077489890896644,0.016697278343626536
2025-12-17,08:00:00,1.37746,1.37854,1.37711,1.37767,4732,1.3928540776367833,BEARISH_BELOW_EMA200,0.002177589698547148,0.08129668207916337,0.03774488810818817
2025-12-17,12:00:00,1.37768,1.37953,1.37738,1.3777,5008,1.3927032907946262,BEARISH_BELOW_EMA200,0.041373303331652865,0.06677796327212251,-0.005806779414956664
2025-12-17,16:00:00,1.3777,1.37977,1.3762,1.37827,8296,1.392559675960849,BEARISH_BELOW_EMA200,0.03772845668844666,-0.0413561929085144,-0.07690800786493654
2025-12-17,20:00:00,1.37828,1.37919,1.37754,1.37879,4483,1.3924226642597461,BEARISH_BELOW_EMA200,-0.012329651360976182,-0.04351641656814554,-0.06890099289957183
2025-12-18,00:00:00,1.37834,1.37887,1.37782,1.37862,2334,1.3922853243168631,BEARISH_BELOW_EMA200,-0.06673340006673571,-0.0725363044203544,-0.05730368049207514
2025-12-18,04:00:00,1.37861,1.37881,1.37764,1.3777,3126,1.3921401967117204,BEARISH_BELOW_EMA200,0.03556652391668008,-0.03556652391666396,0.08274660666328962
2025-12-18,08:00:00,1.37771,1.37832,1.3768,1.37819,4625,1.3920013887842406,BEARISH_BELOW_EMA200,-0.04135859351758171,-0.025395627598522156,0.08852190191483023
2025-12-18,12:00:00,1.3782,1.37958,1.37627,1.37762,5173,1.3918582903883776,BEARISH_BELOW_EMA200,-0.02976147268477675,0.015243681131229474,0.04210159550529355
2025-12-18,16:00:00,1.37763,1.37808,1.37556,1.37721,9087,1.39171253625516,BEARISH_BELOW_EMA200,0.045744657677471726,0.11835522541950903,0.050827397419414826
2025-12-18,20:00:00,1.37721,1.37836,1.3766,1.37784,5225,1.3915745010685416,BEARISH_BELOW_EMA200,-0.0007257736747259092,0.11394646693375655,0.17926609766010365
2025-12-19,00:00:00,1.37717,1.37808,1.37699,1.37783,2713,1.3914377398638798,BEARISH_BELOW_EMA200,0.07330367316722348,0.026853820863240126,0.1444300095076995
2025-12-19,04:00:00,1.37784,1.37888,1.37752,1.37884,3285,1.391312389218468,BEARISH_BELOW_EMA200,0.04133909663194855,-0.06744799976792792,0.027559397754621632
2025-12-19,08:00:00,1.37885,1.37967,1.37858,1.37941,4196,1.391193957484951,BEARISH_BELOW_EMA200,-0.08771866232664206,0.06524528602807728,-0.16601300556035736
2025-12-19,12:00:00,1.37941,1.38004,1.37801,1.3782,4734,1.391064664375648,BEARISH_BELOW_EMA200,-0.021041938760711327,0.1175446234218513,-0.19590770570310162
2025-12-19,16:00:00,1.37819,1.37875,1.37548,1.37791,7140,1.3909337721928057,BEARISH_BELOW_EMA200,0.17417683302973036,0.0950715213620572,-0.2990035633677019
2025-12-19,20:00:00,1.3779,1.38054,1.37728,1.38031,4001,1.390828063016758,BEARISH_BELOW_EMA200,-0.0354992719026798,-0.2311075048358721,-0.41005281422289186
2025-12-22,00:00:00,1.37936,1.38034,1.37899,1.37982,4432,1.390718530051417,BEARISH_BELOW_EMA200,-0.043483932686883504,-0.3130843153454872,-0.4174457537939722
2025-12-22,04:00:00,1.3798,1.37984,1.37918,1.37922,2251,1.3906041168170746,BEARISH_BELOW_EMA200,-0.1522599730282327,-0.39370078740156206,-0.3828250750424118
2025-12-22,08:00:00,1.37921,1.37958,1.37695,1.37712,3691,1.3904699465004868,BEARISH_BELOW_EMA200,-0.11763680724990958,-0.1793598233995565,-0.4828918322295678
2025-12-22,12:00:00,1.37713,1.3773,1.37547,1.3755,4375,1.3903209918089396,BEARISH_BELOW_EMA200,-0.12431842966193227,-0.10468920392583685,-0.4093057070156324
2025-12-22,16:00:00,1.37551,1.3764,1.37358,1.37379,6584,1.3901565043282538,BEARISH_BELOW_EMA200,0.06260054302330492,0.010918699364522413,-0.20963902779900812
2025-12-22,20:00:00,1.37379,1.37537,1.37355,1.37465,3845,1.3900022107528482,BEARISH_BELOW_EMA200,-0.04292001600406419,-0.30407740152037616,-0.43720219692284207
2025-12-23,00:00:00,1.37503,1.3752,1.37389,1.37406,2711,1.3898435817901336,BEARISH_BELOW_EMA200,-0.008733243089830138,-0.3049357378862741,-0.462134113503055
2025-12-23,04:00:00,1.37406,1.37406,1.3733,1.37394,3097,1.389685337195207,BEARISH_BELOW_EMA200,-0.25255833588074167,-0.22053364775753426,-0.43378895730526557
2025-12-23,08:00:00,1.37393,1.37425,1.37046,1.37047,4366,1.38949413981018,BEARISH_BELOW_EMA200,-0.043780600815789904,-0.13353083248812436,-0.2225513874802073
2025-12-23,12:00:00,1.37048,1.37108,1.3688,1.36987,5509,1.389298874737442,BEARISH_BELOW_EMA200,0.07591961280998576,-0.15767919583609685,-0.17446911020753006
2025-12-23,16:00:00,1.36986,1.37266,1.36956,1.37091,7814,1.3891159008594576,BEARISH_BELOW_EMA200,-0.1655834445733122,-0.21372664872238872,-0.28667089743309104
2025-12-23,20:00:00,1.37089,1.37129,1.36855,1.36864,3738,1.3889121605523984,BEARISH_BELOW_EMA200,-0.06795066635492879,-0.0891395838204348,-0.07891045125087458
2025-12-24,00:00:00,1.36882,1.36918,1.36771,1.36771,2651,1.3887011937807328,BEARISH_BELOW_EMA200,0.019741026972091485,-0.016816430383630482,-0.012429535500947091
2025-12-24,04:00:00,1.36772,1.36841,1.36745,1.36798,3105,1.3884950127480888,BEARISH_BELOW_EMA200,-0.040936270998106254,-0.07310048392519553,-0.030702203248575633
2025-12-24,08:00:00,1.36796,1.36874,1.36717,1.36742,3704,1.388285311128705,BEARISH_BELOW_EMA200,0.004387825247542744,0.010238258910943893,0.057041728218104375
2025-12-24,12:00:00,1.36743,1.36859,1.36659,1.36748,4350,1.3880782931075237,BEARISH_BELOW_EMA200,-0.03656360604907896,0.004387632725886228,-0.14991078480124806
2025-12-24,16:00:00,1.3675,1.36799,1.36647,1.36698,5340,1.3878683598427723,BEARISH_BELOW_EMA200,0.042429296697832075,0.042429296697832075,-0.010973093973583701
2025-12-24,20:00:00,1.36703,1.36786,1.3667,1.36756,3072,1.387666286610506,BEARISH_BELOW_EMA200,-0.0014624586855517142,0.04679867793734636,-0.008774752113261576
2025-12-26,00:00:00,1.36802,1.36802,1.36695,1.36754,1989,1.3874660250521926,BEARISH_BELOW_EMA200,0.0014624800737185768,-0.15429164777630316,-0.09798616493849517
2025-12-26,04:00:00,1.36754,1.36815,1.36698,1.36756,2224,1.387267955151176,BEARISH_BELOW_EMA200,0.04679867793734636,-0.0533797420222966,-0.01535581619819558
2025-12-26,08:00:00,1.36755,1.36821,1.36658,1.3682,2873,1.3870782242541495,BEARISH_BELOW_EMA200,-0.20245578131853242,-0.05554743458559377,0.035813477561751156
2025-12-26,12:00:00,1.36825,1.36847,1.36489,1.36543,3142,1.3868628190376904,BEARISH_BELOW_EMA200,0.10253180316823769,0.05639249174253968,0.23728788733220538
2025-12-26,16:00:00,1.36542,1.36729,1.36423,1.36683,4860,1.386663487504977,BEARISH_BELOW_EMA200,0.0446288126540974,0.03804423373792469,0.16241961326573978
2025-12-26,20:00:00,1.36683,1.36758,1.36665,1.36744,3316,1.3864722090223405,BEARISH_BELOW_EMA200,-0.09068039548352454,0.09141168899549329,0.0950681565553208
2025-12-29,00:00:00,1.36637,1.36744,1.36618,1.3662,2589,1.38627049549973,BEARISH_BELOW_EMA200,0.08417508417508303,0.18079344166300484,0.16395842482799147
2025-12-29,04:00:00,1.36619,1.36736,1.36572,1.36735,2257,1.386082231862917,BEARISH_BELOW_EMA200,0.09799978059749857,0.12432807986251032,0.09361173072000203
2025-12-29,08:00:00,1.36736,1.36964,1.36712,1.36869,4220,1.385909174829455,BEARISH_BELOW_EMA200,-0.0014612512694553903,0.00365312817366281,-0.019726892137736995
2025-12-29,12:00:00,1.36873,1.37009,1.36801,1.36867,4319,1.3857376407515498,BEARISH_BELOW_EMA200,0.027764179824212337,-0.016804635156754545,0.12274690027544286
2025-12-29,16:00:00,1.36869,1.3698,1.36629,1.36905,6812,1.3855715945749176,BEARISH_BELOW_EMA200,-0.02264343888097823,-0.030678207516167195,-0.033599941565328285
2025-12-29,20:00:00,1.36903,1.36982,1.36823,1.36874,3581,1.3854041160219335,BEARISH_BELOW_EMA200,-0.02191796835045129,-0.023379166240491106,0.06648450399637376
2025-12-30,00:00:00,1.3688,1.36953,1.3684,1.36844,2055,1.385235318847586,BEARISH_BELOW_EMA200,0.013884423138750141,0.139574990500121,0.08403729794510423
2025-12-30,04:00:00,1.3684,1.36901,1.36828,1.36863,1964,1.3850700917943763,BEARISH_BELOW_EMA200,-0.015343810964252096,-0.00292263065985986,0.1103293074095921
2025-12-30,08:00:00,1.36862,1.36914,1.36786,1.36842,3025,1.3849044192392086,BEARISH_BELOW_EMA200,0.14103857002966833,0.0898846845266851,0.13519241168647997
2025-12-30,12:00:00,1.36843,1.37079,1.36824,1.37035,3813,1.3847595991472763,BEARISH_BELOW_EMA200,-0.128434341591563,-0.05546028386907519,-0.04232495347904002
2025-12-30,16:00:00,1.37037,1.37084,1.36794,1.36859,5590,1.3845987076134725,BEARISH_BELOW_EMA200,0.07745197612141408,0.11325524810205688,0.24989222484454648
2025-12-30,20:00:00,1.36858,1.3699,1.36827,1.36965,3088,1.3844499642541344,BEARISH_BELOW_EMA200,-0.004380681195922241,0.04526703902457306,0.20078122147994235
2025-12-31,00:00:00,1.36945,1.36989,1.36921,1.36959,1836,1.3843021039132972,BEARISH_BELOW_EMA200,0.04015800349008305,0.013142619324020105,0.08980789871420222
2025-12-31,04:00:00,1.36961,1.37041,1.36953,1.37014,2264,1.3841611874564486,BEARISH_BELOW_EMA200,0.009488081509932236,0.13648240325806402,0.10436889660910874
2025-12-31,08:00:00,1.37013,1.37096,1.36992,1.37027,3039,1.3840229666857378,BEARISH_BELOW_EMA200,-0.036489159070852234,0.1554438176417761,0.13428010538067983
2025-12-31,12:00:00,1.37028,1.37122,1.36881,1.36977,3931,1.3838811461217007,BEARISH_BELOW_EMA200,0.1635311037619469,0.0766552048884116,0.30443067084255077
2025-12-31,16:00:00,1.3698,1.37265,1.36924,1.37201,7397,1.3837630252647686,BEARISH_BELOW_EMA200,0.0284254487941132,-0.032069737101041246,0.14504267461608578
2025-12-31,20:00:00,1.37204,1.37275,1.37144,1.3724,4206,1.383649960336761,BEARISH_BELOW_EMA200,-0.11512678519383102,-0.02113086563684957,0.04881958612648997
2026-01-02,00:00:00,1.37221,1.37226,1.37066,1.37082,1869,1.383522299039878,BEARISH_BELOW_EMA200,0.05471177835164562,0.22760099794283797,0.27939481478239303
2026-01-02,04:00:00,1.37079,1.37174,1.37044,1.37157,2121,1.3834033706912225,BEARISH_BELOW_EMA200,0.03937093987182462,0.177169229423227,0.38277302653163725
2026-01-02,08:00:00,1.37159,1.37219,1.37001,1.37211,3814,1.383290998843549,BEARISH_BELOW_EMA200,0.13337123116951255,0.06996523602335615,0.41177456617910774
2026-01-02,12:00:00,1.37206,1.37411,1.37173,1.37394,3529,1.3831979540789365,BEARISH_BELOW_EMA200,0.004367002925904409,0.05167620128972069,0.4308776220213508
2026-01-02,16:00:00,1.37393,1.3747,1.37206,1.374,6838,1.3831064321478028,BEARISH_BELOW_EMA200,-0.06768558951965774,0.20524017467247616,0.15429403202328235
2026-01-02,20:00:00,1.37398,1.37473,1.37266,1.37307,4008,1.3830065671513074,BEARISH_BELOW_EMA200,0.11507060819913877,0.34157034965443006,0.29641606036109
2026-01-05,00:00:00,1.37427,1.3748,1.37346,1.37465,3516,1.3829234172294038,BEARISH_BELOW_EMA200,0.15785836394718694,0.37900556505293415,0.12730513221548323
2026-01-05,04:00:00,1.37464,1.37775,1.37456,1.37682,3374,1.3828626867097082,BEARISH_BELOW_EMA200,0.06827326738427411,-0.050841794860615255,-0.031231388271519184
2026-01-05,08:00:00,1.37683,1.37883,1.37644,1.37776,4014,1.3828119137076216,BEARISH_BELOW_EMA200,0.1524213215654389,-0.045000580652658294,-0.07040413424690348
2026-01-05,12:00:00,1.37777,1.38148,1.37619,1.37986,4897,1.382782541431924,BEARISH_BELOW_EMA200,-0.2710419897670833,-0.25075007609467764,-0.1992955807110888
2026-01-05,16:00:00,1.37987,1.37998,1.37449,1.37612,7629,1.3827162474873278,BEARISH_BELOW_EMA200,0.07412144289742326,0.019620381943434618,0.20855739325058337
2026-01-05,20:00:00,1.3761,1.37726,1.37549,1.37714,3817,1.3826607624377028,BEARISH_BELOW_EMA200,-0.05373455131649381,-0.025414990487537398,0.3195027375575438
2026-01-06,00:00:00,1.37708,1.3776,1.37639,1.3764,2198,1.382598466294044,BEARISH_BELOW_EMA200,-0.0007265329846022604,0.05158384190642171,0.40395233943621106
2026-01-06,04:00:00,1.37639,1.37695,1.37603,1.37639,2528,1.3825366905100238,BEARISH_BELOW_EMA200,0.029061530525501925,0.18889994841577865,0.3574568254637156
2026-01-06,08:00:00,1.37636,1.37699,1.37514,1.37679,4036,1.382479509509924,BEARISH_BELOW_EMA200,0.023242469802954552,0.3450054111375033,0.32975254032931595
2026-01-06,12:00:00,1.37682,1.37851,1.37603,1.37711,4151,1.3824260815546014,BEARISH_BELOW_EMA200,0.1365177799885181,0.3521868260342326,0.17790880902758974
2026-01-06,16:00:00,1.3771,1.37963,1.37564,1.37899,6883,1.3823918916883866,BEARISH_BELOW_EMA200,0.18491794719323942,0.1682390735248334,0.29659388392955344
2026-01-06,20:00:00,1.379,1.38158,1.37883,1.38154,3343,1.3823834151541738,BEARISH_BELOW_EMA200,0.030400857014642138,-0.015200428507321069,0.33223793737424134
2026-01-07,00:00:00,1.38099,1.38249,1.38091,1.38196,2737,1.3823792020680628,BEARISH_BELOW_EMA200,-0.04703464644418358,-0.17366638687083413,0.3162175460939524
2026-01-07,04:00:00,1.38199,1.38203,1.38101,1.38131,2464,1.382368563241515,BEARISH_BELOW_EMA200,0.001447900905655427,0.12813923015109202,0.3880374427174227
2026-01-07,08:00:00,1.3813,1.38265,1.38114,1.38133,3010,1.382358229278913,BEARISH_BELOW_EMA200,-0.1281373748488811,0.34749118603086426,0.47273280099615206
2026-01-07,12:00:00,1.38137,1.38141,1.37942,1.37956,3510,1.382330386201511,BEARISH_BELOW_EMA200,0.25515381715910795,0.4907361767520198,0.49001130795326764
2026-01-07,16:00:00,1.37957,1.38324,1.37899,1.38308,6428,1.3823378450452772,BULLISH_ABOVE_EMA200,0.2205223125198829,0.2595656071955333,0.27330306272955246
2026-01-07,20:00:00,1.38307,1.38613,1.38294,1.38613,3706,1.382375577930399,BULLISH_ABOVE_EMA200,0.014428661092392341,0.12480791844920817,0.02525015691167859
2026-01-08,00:00:00,1.38564,1.38658,1.38554,1.38633,1956,1.3824149254136786,BULLISH_ABOVE_EMA200,0.024525185201215216,-0.0007213289765110408,0.0627556209560441
2026-01-08,04:00:00,1.38632,1.38698,1.38582,1.38667,2653,1.3824572644642887,BULLISH_ABOVE_EMA200,0.0858171014012003,0.01370189013968085,0.023798019716294538
2026-01-08,08:00:00,1.38668,1.38878,1.38667,1.38786,3896,1.3825110230268332,BULLISH_ABOVE_EMA200,-0.11096220079835839,-0.099433660455677,-0.030262418399556654
2026-01-08,12:00:00,1.38785,1.38816,1.38534,1.38632,3908,1.3825489232952228,BULLISH_ABOVE_EMA200,0.038952045703732535,0.06347740781349126,0.10459345605631826
2026-01-08,16:00:00,1.38634,1.38752,1.38503,1.38686,6127,1.3825918195808424,BULLISH_ABOVE_EMA200,-0.027400025957922715,0.010094746405551316,0.23434232727167664
2026-01-08,20:00:00,1.38685,1.38765,1.38548,1.38648,3534,1.3826305079432222,BULLISH_ABOVE_EMA200,0.051930067509091654,0.06924009001212221,0.37793549131614834
2026-01-09,00:00:00,1.38619,1.38726,1.38614,1.3872,2074,1.3826759755258766,BULLISH_ABOVE_EMA200,-0.014417531718568194,0.04108996539792095,0.1542675893886989
2026-01-09,04:00:00,1.38718,1.38756,1.38676,1.387,2281,1.3827190006450223,BULLISH_ABOVE_EMA200,0.03172314347512588,0.2242249459264561,0.1449170872386494
2026-01-09,08:00:00,1.38701,1.38788,1.38646,1.38744,3188,1.3827659757629824,BULLISH_ABOVE_EMA200,0.023784812316204048,0.308481808222342,0.040362105748709416
2026-01-09,12:00:00,1.3874,1.38875,1.3867,1.38777,4251,1.382815767048923,BULLISH_ABOVE_EMA200,0.16861583691822196,0.11313113844513653,-0.05332295697413569
2026-01-09,16:00:00,1.38778,1.39057,1.38741,1.39011,7263,1.382888346481272,BULLISH_ABOVE_EMA200,0.11581817266260305,-0.07913042852723014,-0.20861658429907723
2026-01-09,20:00:00,1.39012,1.39195,1.39009,1.39172,3289,1.3829762236307122,BULLISH_ABOVE_EMA200,-0.17101141034116407,-0.2672951455752714,-0.26801368091282807
2026-01-12,00:00:00,1.39131,1.39175,1.38831,1.38934,3458,1.3830395447886155,BULLISH_ABOVE_EMA200,-0.023752285257744067,-0.16626599680424045,-0.09428937481105577
2026-01-12,04:00:00,1.38935,1.38985,1.38872,1.38901,2877,1.3830989523031565,BULLISH_ABOVE_EMA200,-0.0727136593689158,-0.12958869986537344,-0.1353481976371735
2026-01-12,08:00:00,1.38902,1.38934,1.3867,1.388,4059,1.3831477189469064,BULLISH_ABOVE_EMA200,-0.06988472622477777,-0.000720461095089587,-0.03242074927952734
2026-01-12,12:00:00,1.38796,1.38839,1.38681,1.38703,4264,1.3831863486091263,BULLISH_ABOVE_EMA200,0.012977368910554855,0.0720964939475074,0.0028838597579028576
2026-01-12,16:00:00,1.38707,1.38944,1.38686,1.38721,5702,1.3832263849413737,BULLISH_ABOVE_EMA200,0.05622796836816364,-0.005766971114689197,0.1607543198217973
2026-01-12,20:00:00,1.38721,1.38801,1.38679,1.38799,3170,1.383273784096186,BULLISH_ABOVE_EMA200,0.0028818651431235095,-0.03170051657432661,0.06628289829177673
2026-01-13,00:00:00,1.38766,1.38836,1.38725,1.38803,2530,1.3833211096275673,BULLISH_ABOVE_EMA200,-0.06484009711606542,-0.06916277025713219,0.10662593747973212
2026-01-13,04:00:00,1.38802,1.38805,1.38671,1.38713,2284,1.3833590090342582,BULLISH_ABOVE_EMA200,0.030278344495475333,0.1665308947250823,0.1117415094475601
2026-01-13,08:00:00,1.38714,1.38874,1.38693,1.38755,3119,1.3834007104369026,BULLISH_ABOVE_EMA200,-0.0345933479874625,0.09801448596447175,0.11459046520845954
2026-01-13,12:00:00,1.38756,1.38841,1.3855,1.38707,4269,1.383437220780814,BULLISH_ABOVE_EMA200,0.1708637631842649,0.17591037222346367,0.054791755282709007
2026-01-13,16:00:00,1.38708,1.38978,1.38626,1.38944,6995,1.3834969499272736,BULLISH_ABOVE_EMA200,-0.03814486411791221,-0.054698295716266554,-0.1187528788576642
2026-01-13,20:00:00,1.38945,1.38968,1.388,1.38891,3684,1.3835508111220272,BULLISH_ABOVE_EMA200,0.043199343369976016,0.01655974829182254,-0.04391933242614708
2026-01-14,00:00:00,1.38876,1.38971,1.38827,1.38951,2113,1.3836101065337485,BULLISH_ABOVE_EMA200,-0.0597332872739389,-0.12090593086772501,-0.043180689595608085
2026-01-14,04:00:00,1.3895,1.38975,1.3883,1.38868,2300,1.383660553234905,BULLISH_ABOVE_EMA200,0.03312498199730154,-0.06408963908170605,0.09433418786186482
2026-01-14,08:00:00,1.38867,1.38965,1.38799,1.38914,3374,1.3837150750932643,BULLISH_ABOVE_EMA200,-0.09430295002664557,-0.0604690671926481,0.092863210331573
2026-01-14,12:00:00,1.38915,1.38936,1.38703,1.38783,3962,1.3837560196196994,BULLISH_ABOVE_EMA200,-0.0028821973872749517,0.07781932945679168,0.23561963641080727
2026-01-14,16:00:00,1.38785,1.38845,1.3866,1.38779,6812,1.3837961587279612,BULLISH_ABOVE_EMA200,0.03674907586882817,0.15852542531650896,0.13474661151902062
2026-01-14,20:00:00,1.38783,1.38859,1.38709,1.3883,4350,1.3838409730689767,BULLISH_ABOVE_EMA200,0.0439386299791111,0.15342505222213967,0.07707267881581102
2026-01-15,00:00:00,1.38789,1.38925,1.38781,1.38891,2371,1.3838914111478924,BULLISH_ABOVE_EMA200,0.07775881806596323,0.15767760330042366,0.04535931053847322
2026-01-15,04:00:00,1.38892,1.39025,1.38882,1.38999,2142,1.3839520936240328,BULLISH_ABOVE_EMA200,0.031654903992114757,-0.02374117799409805,-0.06187094871186719
2026-01-15,08:00:00,1.39,1.39074,1.38961,1.39043,3111,1.3840165504038933,BULLISH_ABOVE_EMA200,0.048186532223840714,-0.0762354091899672,-0.0683241874815709
2026-01-15,12:00:00,1.39045,1.39133,1.3896,1.3911,3634,1.3840870324894268,BULLISH_ABOVE_EMA200,-0.10351520379556522,-0.112141470778521,-0.08338724750198044
2026-01-15,16:00:00,1.39109,1.39194,1.38897,1.38966,5671,1.3841424849024673,BULLISH_ABOVE_EMA200,-0.02086841385661971,-0.03813882532417422,0.19860973187686887
2026-01-15,20:00:00,1.38968,1.3899,1.38845,1.38937,3708,1.3841944999780647,BULLISH_ABOVE_EMA200,0.012235761532205494,0.00791725746201908,0.17633891619943307
2026-01-16,00:00:00,1.38889,1.38978,1.38873,1.38954,2578,1.3842476890330093,BULLISH_ABOVE_EMA200,-0.029506167508673478,0.028786504886506033,0.010075276710280308
2026-01-16,04:00:00,1.38952,1.38971,1.38843,1.38913,2688,1.384296269241636,BULLISH_ABOVE_EMA200,0.025195626039324792,0.23683888476960507,0.009358375386030356
2026-01-16,08:00:00,1.38911,1.38971,1.38881,1.38948,3193,1.3843478486521672,BULLISH_ABOVE_EMA200,0.0331059101246441,0.16840832541670328,-0.061893658059136
2026-01-16,12:00:00,1.38949,1.39001,1.38844,1.38994,3877,1.3844034919491608,BULLISH_ABOVE_EMA200,0.17842496798423224,-0.018705843417696228,-0.11583233808652815
2026-01-16,16:00:00,1.38997,1.3928,1.38899,1.39242,6925,1.384483258198423,BULLISH_ABOVE_EMA200,-0.04309044684792907,-0.22694302006578845,-0.41582281208255856
2026-01-16,20:00:00,1.39242,1.39282,1.39137,1.39182,3583,1.3845562606044088,BULLISH_ABOVE_EMA200,-0.1537555143624916,-0.22991478783176644,-0.3513385351554124
2026-01-19,00:00:00,1.39122,1.39174,1.38903,1.38968,3863,1.384607243085957,BULLISH_ABOVE_EMA200,-0.030222785101612387,-0.09714466639801697,-0.2043635944965714
2026-01-19,04:00:00,1.38964,1.39022,1.38892,1.38926,2902,1.3846535391746542,BULLISH_ABOVE_EMA200,-0.0460676907130396,-0.18930941652389838,-0.29152210529345746
2026-01-19,08:00:00,1.3893,1.38981,1.38842,1.38862,4045,1.3846930064465481,BULLISH_ABOVE_EMA200,-0.02088404315074689,-0.12170356180956413,-0.42128156011003093
2026-01-19,12:00:00,1.38861,1.3893,1.3877,1.38833,3505,1.38472919543713,BULLISH_ABOVE_EMA200,-0.12244927358769418,-0.10732318685038797,-0.39976086377159364
2026-01-19,16:00:00,1.38834,1.38841,1.38596,1.38663,3788,1.3847481089153675,BULLISH_ABOVE_EMA200,0.021635187468897036,-0.10240655401945557,-0.25457403921738553
2026-01-19,20:00:00,1.38663,1.38734,1.38635,1.38693,1583,1.3847698192744187,BULLISH_ABOVE_EMA200,-0.006489152300398973,-0.2999430396631367,-0.23433049973682704
2026-01-20,00:00:00,1.38666,1.38788,1.38638,1.38684,2407,1.3847904180876085,BULLISH_ABOVE_EMA200,-0.11753338524992214,-0.29275186755502974,-0.303567823252866
2026-01-20,04:00:00,1.38683,1.38732,1.38446,1.38521,2733,1.3847945930320105,BULLISH_ABOVE_EMA200,-0.1761465770532986,-0.1523234744190452,-0.11334021556298837
2026-01-20,08:00:00,1.38523,1.38651,1.38238,1.38277,5128,1.384774447827712,BEARISH_BELOW_EMA200,0.0007231860685322553,0.06580993223746295,0.0932910028421222
2026-01-20,12:00:00,1.38278,1.38376,1.38141,1.38278,6951,1.384754602575695,BEARISH_BELOW_EMA200,0.0231417868352231,-0.010847712578998284,-0.24877420847856405
2026-01-20,16:00:00,1.38277,1.38404,1.38179,1.3831,8985,1.384738138868474,BEARISH_BELOW_EMA200,0.04193478418046598,0.03904273009905176,-0.10989805509362778
2026-01-20,20:00:00,1.38308,1.38429,1.3825,1.38368,5109,1.3847276101235142,BEARISH_BELOW_EMA200,-0.07588459759481928,0.027462997224795255,-0.03830365402404598
2026-01-21,00:00:00,1.38342,1.38403,1.38236,1.38263,3117,1.3847067383809917,BEARISH_BELOW_EMA200,0.07304918886469666,-0.2379523082820433,0.0028930371827632848
2026-01-21,04:00:00,1.38263,1.38401,1.38255,1.38364,3337,1.384696124068743,BEARISH_BELOW_EMA200,0.030354716544772266,-0.14888265733861053,-0.11202335867710822
2026-01-21,08:00:00,1.38364,1.38427,1.38281,1.38406,4803,1.3846897944760193,BEARISH_BELOW_EMA200,-0.34102567807754414,-0.06574859471409956,-0.10909931650362863
2026-01-21,12:00:00,1.38406,1.38418,1.3791,1.37934,6314,1.3846365626901884,BEARISH_BELOW_EMA200,0.1623965084750692,0.2414198094741003,0.10729769309959299
2026-01-21,16:00:00,1.37939,1.38288,1.37851,1.38158,14643,1.3846061491310822,BEARISH_BELOW_EMA200,0.11363800865676046,0.03691425758913783,-0.22003792759014545
2026-01-21,20:00:00,1.38156,1.38398,1.38156,1.38315,10900,1.384591660085002,BEARISH_BELOW_EMA200,-0.03470339442576987,-0.04337924303222036,-0.32462133535770554
2026-01-22,00:00:00,1.38331,1.38444,1.38261,1.38267,3611,1.3845725390891312,BEARISH_BELOW_EMA200,-0.041947825583835974,-0.13379909884499766,-0.28350944187695876
2026-01-22,04:00:00,1.38266,1.38311,1.38165,1.38209,3867,1.3845478372076474,BEARISH_BELOW_EMA200,0.033282926582198336,-0.25685736818875343,-0.23298048607543653
2026-01-22,08:00:00,1.38208,1.38304,1.38145,1.38255,7476,1.3845279582304568,BEARISH_BELOW_EMA200,-0.12513109833279154,-0.2813641459621677,-0.24158258290838658
2026-01-22,12:00:00,1.38256,1.38331,1.38037,1.38082,7828,1.3844910631236862,BEARISH_BELOW_EMA200,-0.16511927695136497,-0.14991092249533006,-0.31068495531639934
2026-01-22,16:00:00,1.38081,1.38204,1.37843,1.37854,8290,1.3844318485652416,BEARISH_BELOW_EMA200,0.008704861665232634,0.02393836957940585,-0.520115484498101
2026-01-22,20:00:00,1.37853,1.3793,1.37825,1.37866,5005,1.3843744172362342,BEARISH_BELOW_EMA200,0.006528077988766156,0.039893809931386304,-0.6034845429620141
2026-01-23,00:00:00,1.37877,1.37925,1.37817,1.37875,3054,1.384318452885625,BEARISH_BELOW_EMA200,0.008703535811432095,-0.16101541251132467,-0.7477787851314466
2026-01-23,04:00:00,1.37878,1.3796,1.37832,1.37887,3160,1.3842642394240765,BEARISH_BELOW_EMA200,0.02465787202564469,-0.5439236476245086,-0.7847005156396216
2026-01-23,08:00:00,1.3789,1.37993,1.37836,1.37921,5934,1.3842139484845335,BEARISH_BELOW_EMA200,-0.19431413635342085,-0.6431217871100234,-0.8410611872013729
2026-01-23,12:00:00,1.37923,1.37954,1.37589,1.37653,5682,1.3841374912856825,BEARISH_BELOW_EMA200,-0.3748556152063561,-0.5877096757789464,-0.4547666959673914
2026-01-23,16:00:00,1.37656,1.37701,1.37037,1.37137,8783,1.3840104515713971,BEARISH_BELOW_EMA200,-0.07510737437745367,-0.2420936727506063,-0.07656576999642659
2026-01-23,20:00:00,1.37134,1.37255,1.36932,1.37034,7197,1.383874427177652,BEARISH_BELOW_EMA200,-0.1386517214705687,-0.19922063137614748,0.038676532831278476
2026-01-26,00:00:00,1.36981,1.37098,1.3678,1.36844,8276,1.3837208507878247,BEARISH_BELOW_EMA200,-0.028499605390087432,0.13372891759960231,0.24553506182220683
2026-01-26,04:00:00,1.36839,1.36896,1.36752,1.36805,5945,1.3835649219242643,BEARISH_BELOW_EMA200,-0.03216256715763283,0.16592960783597047,0.38960564306860546
2026-01-26,08:00:00,1.36805,1.36963,1.36743,1.36761,7703,1.383406166482232,BEARISH_BELOW_EMA200,0.1944998939756295,0.23837205051147917,0.22886641659538007
2026-01-26,12:00:00,1.36761,1.37128,1.36712,1.37027,6763,1.3832754583580307,BEARISH_BELOW_EMA200,0.003648915907075501,0.11165682675675664,-0.2342604012348046
2026-01-26,16:00:00,1.3703,1.37113,1.36751,1.37032,10185,1.3831465483246175,BEARISH_BELOW_EMA200,0.040136610426765314,0.22330550528344204,-0.7691634070873952
2026-01-26,20:00:00,1.37031,1.37198,1.36992,1.37087,6865,1.3830243936149198,BEARISH_BELOW_EMA200,0.0678401307198987,-0.00948302902536079,-0.968727888129433
2026-01-27,00:00:00,1.37107,1.37201,1.37055,1.3718,3837,1.3829127081063137,BEARISH_BELOW_EMA200,0.11517713952472204,-0.3455314185741337,-0.7719784225105611
2026-01-27,04:00:00,1.37181,1.37393,1.37081,1.37338,4715,1.3828178552893355,BEARISH_BELOW_EMA200,-0.19222647774104587,-0.9902576126054009,-1.0878271126709254
2026-01-27,08:00:00,1.37342,1.3739,1.37056,1.37074,6138,1.382697677624765,BEARISH_BELOW_EMA200,-0.2684681267052926,-0.9593358331995853,-1.04542072165401
2026-01-27,12:00:00,1.37077,1.37138,1.36573,1.36706,8496,1.382542078842429,BEARISH_BELOW_EMA200,-0.5325296621947796,-0.42792562140651547,-0.8251283776864188
2026-01-27,16:00:00,1.36703,1.3673,1.35906,1.35978,12923,1.3823155904957383,BEARISH_BELOW_EMA200,-0.1610554648546025,-0.09854535292473023,-0.18091161805585512
2026-01-27,20:00:00,1.35977,1.36227,1.35583,1.35759,11246,1.3820695647196612,BEARISH_BELOW_EMA200,0.2666489882807001,-0.08691873098654092,-0.13553429238577652
2026-01-28,00:00:00,1.35835,1.36129,1.35709,1.36121,6885,1.3818620068617542,BEARISH_BELOW_EMA200,-0.20349541951645514,-0.39890979349255773,-0.44666142623108007
2026-01-28,04:00:00,1.36119,1.36144,1.35837,1.35844,5852,1.38162895206711,BEARISH_BELOW_EMA200,-0.14943611789995864,-0.08244751332410778,-0.4321133064397428
2026-01-28,08:00:00,1.3584,1.35863,1.35606,1.35641,9182,1.381378017220671,BEARISH_BELOW_EMA200,-0.04644613354368579,-0.048657854188621646,-0.21601138298891023
2026-01-28,12:00:00,1.35641,1.35773,1.35506,1.35578,9200,1.3811233105816596,BEARISH_BELOW_EMA200,0.1135877502249699,-0.04794288158846122,-0.27954387880039244
2026-01-28,16:00:00,1.35577,1.35915,1.35355,1.35732,15132,1.3808864617201506,BEARISH_BELOW_EMA200,-0.11566911266319448,-0.34995432175168945,-0.4280493914478599
2026-01-28,20:00:00,1.35736,1.36078,1.35459,1.35575,11037,1.380636347673184,BEARISH_BELOW_EMA200,-0.04573114512263064,-0.16743499907800066,-0.5111561866125837
2026-01-29,00:00:00,1.35576,1.35685,1.35308,1.35513,7225,1.3803825531689733,BEARISH_BELOW_EMA200,-0.18891176492291484,-0.2317120866632663,-0.17046335037967092
2026-01-29,04:00:00,1.35513,1.3558,1.3516,1.35257,6968,1.3801058113463964,BEARISH_BELOW_EMA200,0.0672793275024558,-0.07836932654132953,-0.06358266115617549
2026-01-29,08:00:00,1.35259,1.35406,1.3509,1.35348,8740,1.3798408779001636,BEARISH_BELOW_EMA200,-0.1100865916009096,-0.3442976623223179,0.07536129089458439
2026-01-29,12:00:00,1.35348,1.3562,1.35066,1.35199,9204,1.3795637547369781,BEARISH_BELOW_EMA200,-0.03550322117767409,0.061390986619715114,0.19452806603598474
2026-01-29,16:00:00,1.35195,1.35778,1.34919,1.35151,19930,1.3792846128987992,BEARISH_BELOW_EMA200,-0.19903663309928016,0.014798262683959274,0.5009211918520723
2026-01-29,20:00:00,1.3515,1.35214,1.34846,1.34882,9807,1.3789814824221942,BEARISH_BELOW_EMA200,0.2965555077771685,0.4211088210435885,0.9756676205868879
2026-01-30,00:00:00,1.34905,1.3529,1.34812,1.35282,7448,1.378721169164262,BEARISH_BELOW_EMA200,-0.08205082716103727,0.13305539539628508,0.7177599384988474
2026-01-30,04:00:00,1.35286,1.35457,1.35093,1.35171,11062,1.3784524013118813,BEARISH_BELOW_EMA200,0.2064052200546027,0.48605100206404966,1.0719754977029181
2026-01-30,08:00:00,1.35167,1.35531,1.3507,1.3545,15965,1.3782140689605196,BEARISH_BELOW_EMA200,0.008859357696559466,0.5522332964193378,0.6349206349206306
2026-01-30,12:00:00,1.35446,1.35553,1.34929,1.35462,17452,1.377979302105191,BEARISH_BELOW_EMA200,0.27018647295920606,0.5839275959309684,0.8592815697391222
2026-01-30,16:00:00,1.35454,1.35887,1.35111,1.35828,28559,1.3777832891489206,BEARISH_BELOW_EMA200,0.2724033336278261,0.5830903790087574,0.7531584062196279
2026-01-30,20:00:00,1.35832,1.36225,1.35709,1.36198,25608,1.3776260424907223,BEARISH_BELOW_EMA200,0.04038238446967286,0.08223321928369065,0.453016931232471
2026-02-02,00:00:00,1.36096,1.36577,1.3607,1.36253,16726,1.3774758331127053,BEARISH_BELOW_EMA200,0.26935186748182144,0.273755440247188,0.25981079315683886
2026-02-02,04:00:00,1.36255,1.3672,1.36194,1.3662,15239,1.3773636357683003,BEARISH_BELOW_EMA200,-0.22690674864588659,0.16908212560385097,0.01903088859610064
2026-02-02,08:00:00,1.36621,1.36744,1.36267,1.3631,14443,1.3772217090442378,BEARISH_BELOW_EMA200,0.23182451764361028,0.370479055095004,0.3873523585943769
2026-02-02,12:00:00,1.36316,1.36662,1.36249,1.36626,14776,1.3771126373124545,BEARISH_BELOW_EMA200,0.16468314962012084,-0.013906577079043117,0.021225828173254097
2026-02-02,16:00:00,1.36627,1.36928,1.3637,1.36851,22918,1.377027038931236,BEARISH_BELOW_EMA200,-0.026305982418828946,-0.1497979554405803,-0.26452126765606077
2026-02-02,20:00:00,1.36849,1.37028,1.36669,1.36815,11271,1.3769387101856516,BEARISH_BELOW_EMA200,-0.15203011365713423,0.016811022183236667,-0.2909037751708418
2026-02-03,00:00:00,1.36762,1.36835,1.36587,1.36607,6205,1.376830563815645,BEARISH_BELOW_EMA200,0.0285490494630665,0.03513729164684357,-0.17202632368764795
2026-02-03,04:00:00,1.36611,1.36804,1.36546,1.36646,10423,1.3767273741259372,BEARISH_BELOW_EMA200,0.1405090525884345,-0.11489542321034435,-0.21954539466944614
2026-02-03,08:00:00,1.36645,1.36853,1.36509,1.36838,11720,1.3766443156769228,BEARISH_BELOW_EMA200,-0.13373478127420732,-0.30766307604611476,-0.27185430947543415
2026-02-03,12:00:00,1.36836,1.36857,1.36463,1.36655,11486,1.3765438747249137,BEARISH_BELOW_EMA200,-0.12147378434744392,-0.20709084921882756,-0.1200102447769832
2026-02-03,16:00:00,1.36653,1.36804,1.36358,1.36489,18206,1.3764279157724268,BEARISH_BELOW_EMA200,-0.052751503784175424,-0.10477034779359819,0.1699770677490567
2026-02-03,20:00:00,1.36487,1.36588,1.3632,1.36417,12228,1.3763059464612584,BEARISH_BELOW_EMA200,-0.03298709105170627,0.0359192769229553,0.1502745259021885
2026-02-04,00:00:00,1.36378,1.36456,1.36331,1.36372,6329,1.3761807131631365,BEARISH_BELOW_EMA200,-0.019065497316175534,0.08726131463937056,0.2236529492857769
2026-02-04,04:00:00,1.36373,1.36507,1.36322,1.36346,6995,1.376054138902807,BEARISH_BELOW_EMA200,0.08801138280551611,0.27503557126722766,0.36524723864287967
2026-02-04,08:00:00,1.36348,1.36492,1.36283,1.36466,10151,1.3759407643863613,BEARISH_BELOW_EMA200,0.01831958143420951,0.11431418814942958,0.38690955989037207
2026-02-04,12:00:00,1.36471,1.36741,1.36438,1.36491,10815,1.3758310055367458,BEARISH_BELOW_EMA200,0.16850927900007828,0.13627272127832404,0.13480742320005287
2026-02-04,16:00:00,1.36488,1.36832,1.36481,1.36721,20995,1.3757452243871264,BEARISH_BELOW_EMA200,-0.07241023690581888,0.08996423373147244,0.010239831481632595
2026-02-04,20:00:00,1.36722,1.36838,1.36573,1.36622,11806,1.3756504460350159,BEARISH_BELOW_EMA200,0.04025705962436873,0.27228411236842864,0.3454787662309187
2026-02-05,00:00:00,1.36636,1.36719,1.36599,1.36677,6489,1.3755620833879014,BEARISH_BELOW_EMA200,0.12218588350637344,-0.0014633039940978381,0.26412637093292146
2026-02-05,04:00:00,1.36676,1.36929,1.36662,1.36844,11084,1.3754912168865294,BEARISH_BELOW_EMA200,0.10961386688490798,-0.07965274326971115,0.04457630586653411
2026-02-05,08:00:00,1.36845,1.36999,1.36764,1.36994,11587,1.3754359808976089,BEARISH_BELOW_EMA200,-0.2328569134414665,0.07299589763056133,-0.12117319006671788
2026-02-05,12:00:00,1.36993,1.37,1.3662,1.36675,12397,1.375349553226986,BEARISH_BELOW_EMA200,0.04389976220963278,0.2655935613682109,-0.08267788549477618
2026-02-05,16:00:00,1.36679,1.36936,1.36519,1.36735,19912,1.375269955682439,BEARISH_BELOW_EMA200,0.2625516510037651,0.12432807986251032,-0.21501444399752548
2026-02-05,20:00:00,1.36736,1.37106,1.36693,1.37094,7409,1.3752268715462954,BEARISH_BELOW_EMA200,-0.04084788539251287,-0.19402745561440374,-0.36690154200768016
2026-02-06,00:00:00,1.3696,1.37241,1.36899,1.37038,5639,1.3751786439687206,BEARISH_BELOW_EMA200,-0.09705337205737324,-0.34734891052116024,-0.32472744786116575
2026-02-06,04:00:00,1.37038,1.37049,1.36883,1.36905,5333,1.3751176624366936,BEARISH_BELOW_EMA200,-0.056243380446306515,-0.33892114970236287,-0.26295606442423924
2026-02-06,08:00:00,1.36902,1.36942,1.36777,1.36828,6651,1.3750496259945375,BEARISH_BELOW_EMA200,-0.194404654018175,-0.17321016166281633,-0.28722191364340555
2026-02-06,12:00:00,1.36831,1.36905,1.36458,1.36562,6302,1.374955798870214,BEARISH_BELOW_EMA200,-0.08860444340300781,0.022700311946224606,-0.3873698393403741
2026-02-06,16:00:00,1.36563,1.36574,1.36244,1.36441,8812,1.3748508655481224,BEARISH_BELOW_EMA200,0.10993762871864447,0.0762234225782684,-0.5423589683452812
2026-02-06,20:00:00,1.3644,1.36599,1.36395,1.36591,5093,1.3747619017118227,BEARISH_BELOW_EMA200,0.0014642253150010632,-0.11420957456933516,-0.7584687131655764
2026-02-09,00:00:00,1.36672,1.3674,1.36505,1.36593,5974,1.3746740220927998,BEARISH_BELOW_EMA200,-0.03514089301794645,-0.40997708520934817,-0.7401550591904462
2026-02-09,04:00:00,1.36594,1.36671,1.36519,1.36545,4233,1.3745822407784436,BEARISH_BELOW_EMA200,-0.08055952250174675,-0.6181112453769821,-0.7199091874473621
2026-02-09,08:00:00,1.36547,1.36574,1.36332,1.36435,7616,1.3744804274373645,BEARISH_BELOW_EMA200,-0.29464580203026447,-0.6449957855388955,-0.5841609557664846
2026-02-09,12:00:00,1.36441,1.36552,1.36017,1.36033,7470,1.374339627164356,BEARISH_BELOW_EMA200,-0.24405842699933028,-0.33153720053222485,-0.40063808046576604
2026-02-09,16:00:00,1.36027,1.3608,1.3567,1.35701,8143,1.3741671930632182,BEARISH_BELOW_EMA200,-0.10758947981223549,-0.10243108009520949,-0.20486216019041897
2026-02-09,20:00:00,1.357,1.35744,1.35521,1.35555,5629,1.3739819473610968,BEARISH_BELOW_EMA200,0.01991811441850116,0.061229759138348744,-0.028770609715621887
2026-02-10,00:00:00,1.35657,1.35677,1.35472,1.35582,3487,1.3738012314669565,BEARISH_BELOW_EMA200,-0.01475122066350828,-0.06933073711849219,-0.13866147423700076
2026-02-10,04:00:00,1.35583,1.35585,1.35478,1.35562,3632,1.373620323691166,BEARISH_BELOW_EMA200,0.05606290848466914,-0.1025361089390834,-0.26187279621132337
2026-02-10,08:00:00,1.35566,1.3568,1.35538,1.35638,4644,1.3734487781818012,BEARISH_BELOW_EMA200,-0.11058847815507711,-0.0899452955661392,-0.3892714431059107
2026-02-10,12:00:00,1.35637,1.35758,1.35481,1.35488,5229,1.3732640142197934,BEARISH_BELOW_EMA200,-0.04797472838923295,-0.06937883797828316,0.25094473311288434
2026-02-10,16:00:00,1.35482,1.35537,1.35229,1.35423,8762,1.373074621043477,BEARISH_BELOW_EMA200,0.06867371126026416,-0.1595002326045014,0.09156494834702435
2026-02-10,20:00:00,1.35425,1.35576,1.35411,1.35516,4841,1.372896366107721,BEARISH_BELOW_EMA200,-0.09002626996074257,-0.29959561970541876,0.17710085893917912
2026-02-11,00:00:00,1.3545,1.35545,1.35367,1.35394,3591,1.3727077455494352,BEARISH_BELOW_EMA200,-0.13811542608976884,0.3205459621548969,0.21640545371287498
2026-02-11,04:00:00,1.35393,1.35394,1.35167,1.35207,3932,1.3725023948474508,BEARISH_BELOW_EMA200,-0.07174184768541106,0.2514662702374764,0.4363679395297428
2026-02-11,08:00:00,1.35203,1.35311,1.35086,1.3511,4781,1.37228943569474,BEARISH_BELOW_EMA200,0.5314188439049637,0.4781289319813583,0.3885722744430447
2026-02-11,12:00:00,1.3511,1.36063,1.35038,1.35828,7084,1.3721500383246432,BEARISH_BELOW_EMA200,-0.20687928851194004,-0.10380775686897484,-0.12074093706745766
2026-02-11,16:00:00,1.35833,1.36185,1.35512,1.35547,11216,1.37198406779405,BEARISH_BELOW_EMA200,0.15419005953655537,0.18443787025902061,0.5230658000545966
2026-02-11,20:00:00,1.35548,1.35842,1.35501,1.35756,5824,1.3718405447314226,BEARISH_BELOW_EMA200,-0.05082648280739558,-0.08913049883615864,0.2430831786440274
2026-02-12,00:00:00,1.35662,1.35844,1.35608,1.35687,3749,1.371691584087329,BEARISH_BELOW_EMA200,0.08106893070079513,-0.016950776419255527,0.3338565964314874
2026-02-12,04:00:00,1.35685,1.35856,1.35647,1.35797,4248,1.3715550509123307,BEARISH_BELOW_EMA200,-0.11929571345463855,0.3380045214548255,0.33284976840431524
2026-02-12,08:00:00,1.35796,1.35959,1.35627,1.35635,5551,1.3714037568734019,BEARISH_BELOW_EMA200,0.021380912006497107,0.33251004534227996,0.2971209496074006
2026-02-12,12:00:00,1.35633,1.3582,1.35551,1.35664,5621,1.3712568538199352,BEARISH_BELOW_EMA200,0.43637221370444074,0.3508668475055929,0.2587274442740817
2026-02-12,16:00:00,1.35659,1.36354,1.35589,1.36256,11485,1.3711703179610304,BEARISH_BELOW_EMA200,-0.12476514795678978,-0.005137388445280538,-0.15925904180366407
2026-02-12,20:00:00,1.36251,1.36339,1.36058,1.36086,7348,1.3710677277325625,BEARISH_BELOW_EMA200,0.03968079008861933,-0.03527181341210969,0.062460502917274174
2026-02-13,00:00:00,1.36095,1.36167,1.3606,1.3614,3863,1.3709715314367161,BEARISH_BELOW_EMA200,0.08006463934185658,-0.09181724695166545,0.0007345379756181513
2026-02-13,04:00:00,1.36135,1.36267,1.36103,1.36249,3802,1.3708871380890872,BEARISH_BELOW_EMA200,-0.15486352193411007,-0.15412957159318533,-0.06311972931912035
2026-02-13,08:00:00,1.3625,1.3637,1.3597,1.36038,5476,1.370782589451385,BEARISH_BELOW_EMA200,-0.01690704067980656,0.09776680045281859,0.10438259897969517
2026-02-13,12:00:00,1.36039,1.36349,1.35996,1.36015,6729,1.370676792541421,BEARISH_BELOW_EMA200,0.01764511267139786,0.09263684152483467,0.18159761790978732
2026-02-13,16:00:00,1.36015,1.3636,1.35932,1.36039,10439,1.3705744363967303,BEARISH_BELOW_EMA200,0.09703099846367497,0.09115033189011297,0.2506634126978229
2026-02-13,20:00:00,1.3604,1.36254,1.35983,1.36171,5819,1.3704862330494991,BEARISH_BELOW_EMA200,-0.022031122632569854,0.006609336789766064,0.15348348767358141
2026-02-16,00:00:00,1.35973,1.36247,1.35973,1.36141,3647,1.3703959222728874,BEARISH_BELOW_EMA200,0.016159716764228775,0.08887844220329903,0.20566912245392008
2026-02-16,04:00:00,1.36144,1.36188,1.36099,1.36163,3105,1.3703086991656948,BEARISH_BELOW_EMA200,0.012485036316767659,0.15936781651403137,0.17552492233573838
2026-02-16,08:00:00,1.36164,1.36195,1.36031,1.3618,4065,1.3702240354924042,BEARISH_BELOW_EMA200,0.06021442208841555,0.14686444411807917,0.1872521662505546
2026-02-16,12:00:00,1.36182,1.36327,1.36091,1.36262,3897,1.3701483734477036,BEARISH_BELOW_EMA200,0.08659787761811502,0.11668697068881863,0.32584286154613906
2026-02-16,16:00:00,1.36262,1.36384,1.36184,1.3638,4113,1.3700852055527015,BEARISH_BELOW_EMA200,0.0,0.016131397565633452,0.0747910250769923
2026-02-16,20:00:00,1.3638,1.36384,1.36334,1.3638,1407,1.370022666193968,BEARISH_BELOW_EMA200,0.030063059099576295,0.04032849391406735,-0.0153981522217203
2026-02-17,00:00:00,1.36277,1.36437,1.36257,1.36421,3135,1.3699648287194013,BEARISH_BELOW_EMA200,-0.013927474509050106,0.20891211763584927,0.021257724250674275
2026-02-17,04:00:00,1.36421,1.36474,1.36365,1.36402,3776,1.36990567619483,BEARISH_BELOW_EMA200,0.024193193648182683,0.058650166419840756,0.08724212254952451
2026-02-17,08:00:00,1.364,1.36526,1.36378,1.36435,4819,1.3698503958346824,BEARISH_BELOW_EMA200,0.19862938395572913,-0.05570418147835027,0.08502217173013156
2026-02-17,12:00:00,1.36436,1.36708,1.36366,1.36706,5796,1.369822630701999,BEARISH_BELOW_EMA200,-0.1638552806753193,-0.1872631779146413,-0.019750413295685082
2026-02-17,16:00:00,1.36708,1.36923,1.36458,1.36482,10807,1.3697728532820785,BEARISH_BELOW_EMA200,-0.09012177429989614,0.028575196729247264,0.22786887648189275
2026-02-17,20:00:00,1.36483,1.36503,1.36325,1.36359,5576,1.3697113323538985,BEARISH_BELOW_EMA200,0.06673560234381055,0.14080478736276458,0.4326813778335142
2026-02-18,00:00:00,1.36343,1.36472,1.36316,1.3645,3365,1.369659478300626,BEARISH_BELOW_EMA200,0.05203371198241028,0.16782704287284012,0.32392817882007097
2026-02-18,04:00:00,1.3645,1.36543,1.36439,1.36521,3053,1.3696152048846992,BEARISH_BELOW_EMA200,0.021974641263978942,0.19923674746010178,0.36184909281355576
2026-02-18,08:00:00,1.36521,1.36678,1.36488,1.36551,4034,1.3695743570749013,BEARISH_BELOW_EMA200,0.09373787083213948,0.2914661921187025,0.13401586220532974
2026-02-18,12:00:00,1.36552,1.36682,1.36369,1.36679,4768,1.36954665202938,BEARISH_BELOW_EMA200,0.0834071071635102,0.15583959496337882,0.12803722590889166
2026-02-18,16:00:00,1.36677,1.36874,1.36592,1.36793,8618,1.3695305659395354,BEARISH_BELOW_EMA200,0.11404092314665265,0.16228900601638158,0.12062020717433855
2026-02-18,20:00:00,1.36794,1.36997,1.36772,1.36949,5735,1.369530162298346,BEARISH_BELOW_EMA200,-0.041621333489122336,-0.1569927491255939,-0.10514863197249398
2026-02-19,00:00:00,1.36916,1.37007,1.36888,1.36892,2518,1.369524091031696,BEARISH_BELOW_EMA200,0.08985185401630953,-0.027759109370878134,0.05917073313268689
2026-02-19,04:00:00,1.36891,1.3704,1.36864,1.37015,2690,1.3695303189816295,BULLISH_ABOVE_EMA200,-0.20508703426631972,-0.041601284530887815,-0.1167755355253108
2026-02-19,08:00:00,1.37015,1.37021,1.36712,1.36734,4642,1.3695085247629069,BEARISH_BELOW_EMA200,0.08776163938743033,0.051925636637558205,0.1148214781985513
2026-02-19,12:00:00,1.36741,1.37061,1.36673,1.36854,6084,1.3694988877005896,BEARISH_BELOW_EMA200,0.07599339442032603,0.08695398015401833,0.02411328861413926
2026-02-19,16:00:00,1.36853,1.37143,1.36755,1.36958,10424,1.369499694788146,BULLISH_ABOVE_EMA200,-0.11171307992231423,-0.07520553746404637,-0.07374523576570594
2026-02-19,20:00:00,1.36959,1.3707,1.36793,1.36805,5493,1.3694852699643834,BEARISH_BELOW_EMA200,0.12280252914731946,0.06286319944447082,-0.008040641789412266
2026-02-20,00:00:00,1.36773,1.37016,1.36773,1.36973,3511,1.369487705089116,BULLISH_ABOVE_EMA200,-0.08614836500623911,-0.0627860965299629,-0.24384367722105077
2026-02-20,04:00:00,1.36972,1.37024,1.36838,1.36855,3552,1.3694783746902195,BEARISH_BELOW_EMA200,0.02630521354719506,0.0014614007526309615,-0.12202696284387404
2026-02-20,08:00:00,1.36856,1.37024,1.36807,1.36891,5362,1.369472719220665,BEARISH_BELOW_EMA200,-0.0029220328582624136,-0.07085929681280269,-0.13806605255277332
2026-02-20,12:00:00,1.36892,1.36979,1.36809,1.36887,5968,1.3694667220144894,BEARISH_BELOW_EMA200,-0.021915886826358016,-0.1811713310979156,-0.08035825169666228
2026-02-20,16:00:00,1.36888,1.37101,1.36694,1.36857,12244,1.36945779940738,BEARISH_BELOW_EMA200,-0.046033450974384243,-0.12348655896300294,0.029227587920234693
2026-02-20,20:00:00,1.36859,1.36925,1.36686,1.36794,7204,1.3694426969257145,BEARISH_BELOW_EMA200,-0.11330906326300426,-0.06725441174320744,0.12719856134041516
2026-02-23,00:00:00,1.36659,1.36784,1.3648,1.36639,5558,1.3694123218319265,BEARISH_BELOW_EMA200,0.03586091818588408,0.10099605529899493,0.3095748651556258
2026-02-23,04:00:00,1.36638,1.36741,1.366,1.36688,4202,1.3693871245997682,BEARISH_BELOW_EMA200,0.010242303640393228,0.15290296148893284,0.21655156268288742
2026-02-23,08:00:00,1.36688,1.36732,1.36617,1.36702,5171,1.3693635711211636,BEARISH_BELOW_EMA200,0.05486386446431132,0.1945838393000912,0.20116750303580275
2026-02-23,12:00:00,1.36703,1.36996,1.36703,1.36777,6021,1.3693477146920974,BEARISH_BELOW_EMA200,0.08773404885324944,0.2083683660264532,0.2646643807072957
2026-02-23,16:00:00,1.36777,1.36963,1.36672,1.36897,10302,1.3693439563369523,BEARISH_BELOW_EMA200,0.05186381001774972,0.0635514291766749,0.11030190581239183
2026-02-23,20:00:00,1.36898,1.37039,1.36872,1.36968,5346,1.3693473000549925,BULLISH_ABOVE_EMA200,0.06862916885695497,0.00657087786927775,0.016062145902684344
2026-02-24,00:00:00,1.3689,1.37169,1.36867,1.37062,3694,1.3693599637360374,BULLISH_ABOVE_EMA200,-0.056908552333980456,0.05617895550919726,-0.05471976185959846
2026-02-24,04:00:00,1.37058,1.37094,1.36958,1.36984,3566,1.369364740216276,BULLISH_ABOVE_EMA200,-0.005110085849443329,0.046720784909184576,-0.15695263680428914
2026-02-24,08:00:00,1.36984,1.37078,1.36957,1.36977,5550,1.369368772651935,BULLISH_ABOVE_EMA200,0.11826803039927701,0.009490644414753096,-0.04453302379231546
2026-02-24,12:00:00,1.36976,1.37173,1.36957,1.37139,5193,1.3693888843668411,BULLISH_ABOVE_EMA200,-0.06635603293010656,-0.11083645060852038,-0.0947943327572812
2026-02-24,16:00:00,1.37141,1.37246,1.37005,1.37048,8502,1.369399741238813,BULLISH_ABOVE_EMA200,-0.042320938649234204,-0.2035783083299171,-0.15469032747649727
2026-02-24,20:00:00,1.37052,1.37064,1.36941,1.3699,4525,1.3694047189379293,BULLISH_ABOVE_EMA200,-0.002189940871594605,-0.05401854149937682,-0.19052485582889273
2026-02-25,00:00:00,1.36926,1.37053,1.36926,1.36987,3236,1.3694093486002383,BULLISH_ABOVE_EMA200,-0.15913918839012817,0.01605991809442568,-0.26863862994298043
2026-02-25,04:00:00,1.36989,1.36991,1.36755,1.36769,4661,1.3693922406539674,BEARISH_BELOW_EMA200,0.10748049631128839,0.04898770920310512,-0.08481454130687874
2026-02-25,08:00:00,1.36768,1.36968,1.36738,1.36916,4806,1.3693899298016892,BEARISH_BELOW_EMA200,0.06792485903766524,-0.13658009290368095,-0.104443600455757
2026-02-25,12:00:00,1.36918,1.37062,1.36843,1.37009,5023,1.3693968956743092,BULLISH_ABOVE_EMA200,-0.12626907721390634,-0.2846528330255687,-0.10218306826559334
2026-02-25,16:00:00,1.37007,1.37044,1.36745,1.36836,8297,1.3693865783044157,BEARISH_BELOW_EMA200,-0.07819579642784986,-0.13373673594668056,0.11181268087345664
2026-02-25,20:00:00,1.36836,1.36856,1.36725,1.36729,4314,1.3693657168287499,BEARISH_BELOW_EMA200,-0.08045111132238801,0.03218044452895845,0.05265890922920917
2026-02-26,00:00:00,1.36743,1.36765,1.36612,1.36619,3518,1.3693341176563245,BEARISH_BELOW_EMA200,0.024886728785894128,0.18299065283744917,0.12882541959756577
2026-02-26,04:00:00,1.36618,1.36751,1.36588,1.36653,3940,1.3693062159881024,BEARISH_BELOW_EMA200,0.08781365941471228,0.24587824636122363,-0.01390382940732457
2026-02-26,08:00:00,1.36652,1.36785,1.36591,1.36773,4941,1.3692905322469273,BEARISH_BELOW_EMA200,0.07018929174618324,0.02047187675930615,-0.061415630277902214
2026-02-26,12:00:00,1.36774,1.36911,1.36719,1.36869,4897,1.3692845568016843,BEARISH_BELOW_EMA200,0.08767507616772899,-0.054066296970092784,-0.09352008124556677
2026-02-26,16:00:00,1.36876,1.37118,1.36791,1.36989,9919,1.3692905811121152,BULLISH_ABOVE_EMA200,-0.137237296425268,-0.2591448948455673,-0.5051500485440463
2026-02-26,20:00:00,1.3699,1.37025,1.36778,1.36801,5067,1.3692778390114972,BEARISH_BELOW_EMA200,-0.004385932851364316,-0.0818707465588709,-0.23245444112250355
2026-02-27,00:00:00,1.36672,1.36816,1.36672,1.36795,4035,1.3692646266830246,BEARISH_BELOW_EMA200,-0.11769436017397487,-0.03947512701487517,-0.24489199166635944
2026-02-27,04:00:00,1.36792,1.36792,1.36627,1.36634,3276,1.3692355259200095,BEARISH_BELOW_EMA200,0.04025352401304422,-0.24664431986182758,-0.03439846597480806
2026-02-27,08:00:00,1.36635,1.36771,1.36619,1.36689,4763,1.3692121873536414,BEARISH_BELOW_EMA200,0.038042563776168964,-0.1507070795747976,-0.12144356897775205
2026-02-27,12:00:00,1.36688,1.36844,1.36619,1.36741,6001,1.3691942551411673,BEARISH_BELOW_EMA200,-0.32470144287375396,-0.20549798524217164,0.06947440782208748
2026-02-27,16:00:00,1.36741,1.36747,1.36248,1.36297,10214,1.3691323222541905,BEARISH_BELOW_EMA200,0.13646668672090895,0.21277064058635942,0.5289918340095482
2026-02-27,20:00:00,1.36297,1.36518,1.36255,1.36483,5687,1.369089513077532,BEARISH_BELOW_EMA200,-0.016851915623187684,0.02930767934467706,0.22786720690488532
2026-03-02,00:00:00,1.36438,1.36731,1.36287,1.3646,7722,1.3690448413056162,BEARISH_BELOW_EMA200,0.09306756558697657,0.2755386193756401,0.16708192877034
2026-03-02,04:00:00,1.36469,1.3659,1.36406,1.36587,5923,1.3690132508448638,BEARISH_BELOW_EMA200,-0.0468565822516033,0.3155497961006564,0.125194930703515
2026-03-02,08:00:00,1.36586,1.36862,1.36419,1.36523,9178,1.3689756065578502,BEARISH_BELOW_EMA200,0.22926539850428698,0.19850135142063904,0.34865920028127845
2026-03-02,12:00:00,1.36523,1.36847,1.36404,1.36836,8370,1.3689694811194637,BEARISH_BELOW_EMA200,0.13300593411090159,-0.10815867169457788,0.17466163875002866
2026-03-02,16:00:00,1.36836,1.37184,1.36652,1.37018,11654,1.368981526083449,BULLISH_ABOVE_EMA200,-0.16348217022581119,-0.18975609044066735,-0.18902625932358305
2026-03-02,20:00:00,1.37018,1.37113,1.36598,1.36794,7772,1.3689711626398327,BEARISH_BELOW_EMA200,-0.07748877874759412,0.14986037399301924,-0.0014620524291934574
2026-03-03,00:00:00,1.3671,1.36763,1.36608,1.36688,4783,1.3689503550513766,BEARISH_BELOW_EMA200,0.05121151820203111,0.28312653634553275,0.14851340278590483
2026-03-03,04:00:00,1.36694,1.36794,1.36598,1.36758,6924,1.3689367196777313,BEARISH_BELOW_EMA200,0.1762236944091039,0.0007312186490052145,0.09432720572105568
2026-03-03,08:00:00,1.36756,1.37104,1.36669,1.36999,9446,1.368947200078948,BULLISH_ABOVE_EMA200,0.05547485748070218,-0.15109599340141286,-0.18102321914758776
2026-03-03,12:00:00,1.36999,1.37217,1.36819,1.37075,10008,1.3689651383866202,BULLISH_ABOVE_EMA200,-0.23053073135143753,-0.1342330840780479,-0.26700711289440066
2026-03-03,16:00:00,1.37078,1.37526,1.36585,1.36759,13821,1.368951455417599,BEARISH_BELOW_EMA200,0.024130038973664725,0.09359530268574265,-0.09286408938352168
2026-03-03,20:00:00,1.36762,1.36854,1.3653,1.36792,9416,1.3689411921796129,BEARISH_BELOW_EMA200,0.0723726533715456,-0.029972513012458436,-0.276331949236806
2026-03-04,00:00:00,1.36654,1.36995,1.36654,1.36891,6007,1.3689408818096664,BEARISH_BELOW_EMA200,-0.0029220328582624136,-0.13295249505081813,-0.3228846308376804
2026-03-04,04:00:00,1.36892,1.36945,1.36767,1.36887,8069,1.368940176518028,BEARISH_BELOW_EMA200,-0.09935202027950263,-0.18628503802406746,-0.1833629197805498
2026-03-04,08:00:00,1.36892,1.36946,1.36482,1.36751,8746,1.3689259459059084,BEARISH_BELOW_EMA200,-0.03071275529978479,-0.24643329847680054,-0.2135267749413192
2026-03-04,12:00:00,1.36749,1.36788,1.36438,1.36709,9858,1.3689076777874418,BEARISH_BELOW_EMA200,-0.05632401670701545,-0.19018499147824472,-0.16970353085750595
2026-03-04,16:00:00,1.36711,1.36901,1.3651,1.36632,11235,1.3688819297497559,BEARISH_BELOW_EMA200,-0.1595526670179805,0.0029275718718923824,0.276655541893562
2026-03-04,20:00:00,1.36632,1.36727,1.36267,1.36414,6404,1.3688347463691612,BEARISH_BELOW_EMA200,0.025657190610939674,0.03298781649977726,0.2404445291539118
2026-03-05,00:00:00,1.36361,1.36463,1.36298,1.36449,4706,1.3687915150620054,BEARISH_BELOW_EMA200,0.1370475415723119,0.02052048750815748,0.0901435701251064
2026-03-05,04:00:00,1.3645,1.36636,1.36397,1.36636,6519,1.368767320882284,BEARISH_BELOW_EMA200,-0.12954126291753632,0.2737199566732103,0.0007318715419117591
2026-03-05,08:00:00,1.36633,1.36703,1.36272,1.36459,9428,1.3687257555003707,BEARISH_BELOW_EMA200,0.013190775251179402,0.20738829978236029,0.1670831531815461
2026-03-05,12:00:00,1.36459,1.36504,1.36148,1.36477,8453,1.3686863947491235,BEARISH_BELOW_EMA200,0.390541996087257,0.06960879855213746,0.0051290693670006295
2026-03-05,16:00:00,1.36485,1.3716,1.36347,1.3701,13026,1.3687004604730129,BULLISH_ABOVE_EMA200,-0.1956061601342979,-0.27224290197795864,-0.7488504488723566
2026-03-05,20:00:00,1.3701,1.37048,1.3665,1.36742,9943,1.368687719572784,BEARISH_BELOW_EMA200,-0.12432171534715265,-0.04022173143584637,-0.7759137646078021
2026-03-06,00:00:00,1.367,1.36766,1.36566,1.36572,4571,1.3686581900247963,BEARISH_BELOW_EMA200,0.04759394312157978,-0.0644348768415189,-0.4261488445654992
2026-03-06,04:00:00,1.36569,1.36644,1.36529,1.36637,4855,1.3686354219648482,BEARISH_BELOW_EMA200,0.036593309279327337,-0.47790861918807837,-0.813835198372331
2026-03-06,08:00:00,1.36636,1.36723,1.36442,1.36687,7155,1.3686178555771382,BEARISH_BELOW_EMA200,-0.14851448930768663,-0.7359880603129748,-0.6913605536737186
2026-03-06,12:00:00,1.36691,1.36715,1.36284,1.36484,9237,1.3685802649743808,BEARISH_BELOW_EMA200,-0.36634330764046447,-0.36194718794876646,-0.5890800386858567
2026-03-06,16:00:00,1.36493,1.36741,1.3595,1.35984,13716,1.3684932971636905,BEARISH_BELOW_EMA200,-0.22282033180373176,-0.3375397105541734,-0.20737733851041626
2026-03-06,20:00:00,1.35984,1.36008,1.35657,1.35681,9584,1.368377045450619,BEARISH_BELOW_EMA200,0.22774006677427472,0.04495839505899864,0.1385602995260856
2026-03-09,00:00:00,1.35995,1.36062,1.35516,1.3599,6516,1.3682926967396678,BEARISH_BELOW_EMA200,-0.34193690712552705,-0.22795793808369014,-0.06029855136407404
2026-03-09,04:00:00,1.35984,1.36054,1.35507,1.35525,8604,1.3681629186626563,BEARISH_BELOW_EMA200,0.16011805939863533,0.13060320973988765,0.26932300313594765
2026-03-09,08:00:00,1.35523,1.35808,1.35454,1.35742,10189,1.368056023949595,BEARISH_BELOW_EMA200,-0.045674883234375865,0.093559841463945,0.06998570818169811
2026-03-09,12:00:00,1.35736,1.35777,1.35253,1.3568,10566,1.3679440237112905,BEARISH_BELOW_EMA200,0.0162146226415011,0.1680424528301931,-0.1400353773584915
2026-03-09,16:00:00,1.35678,1.35901,1.35528,1.35702,12520,1.3678353269579444,BEARISH_BELOW_EMA200,0.1230637720888462,0.1385388572018175,0.0022107264447242146
2026-03-09,20:00:00,1.357,1.35971,1.35599,1.35869,9244,1.367744328679756,BEARISH_BELOW_EMA200,0.02870411940914502,-0.023552097976718454,-0.05225621738586347
2026-03-10,00:00:00,1.35805,1.35947,1.35717,1.35908,4637,1.3676581164540866,BEARISH_BELOW_EMA200,-0.013244253465584731,-0.3075609971451329,-0.08903081496307468
2026-03-10,04:00:00,1.3591,1.36011,1.35884,1.3589,6564,1.3675709710167328,BEARISH_BELOW_EMA200,-0.03900213407902858,-0.136139524615491,-0.22297446464052453
2026-03-10,08:00:00,1.35889,1.35922,1.35654,1.35837,7159,1.3674794190663175,BEARISH_BELOW_EMA200,-0.2554532270294606,-0.028710881424067997,-0.1487076422477037
2026-03-10,12:00:00,1.35837,1.35852,1.35418,1.3549,8645,1.367354250717399,BEARISH_BELOW_EMA200,0.15868329766035102,0.21920436932614343,0.3166285334710979
2026-03-10,16:00:00,1.35492,1.35798,1.35461,1.35705,10705,1.3672517208595145,BEARISH_BELOW_EMA200,0.0685310047529476,-0.08695331785860365,0.09579602814928387
2026-03-10,20:00:00,1.35704,1.35854,1.35656,1.35798,9633,1.367159464930564,BEARISH_BELOW_EMA200,-0.008100266572413034,-0.1200312228456988,0.09057570803694195
2026-03-11,00:00:00,1.35781,1.35847,1.35709,1.35787,3251,1.3670670324436927,BEARISH_BELOW_EMA200,-0.14728950488632947,0.09721107322497646,0.06186159205227113
2026-03-11,04:00:00,1.35785,1.35805,1.35549,1.35587,4549,1.3669556191855465,BEARISH_BELOW_EMA200,0.03540162404950593,0.18290839092243635,0.24486123300906357
2026-03-11,08:00:00,1.35591,1.35729,1.35545,1.35635,6446,1.3668500906364367,BEARISH_BELOW_EMA200,0.20938548309801702,0.21086002875364657,0.1754709330187672
2026-03-11,12:00:00,1.35639,1.3593,1.35601,1.35919,8220,1.366773870829109,BEARISH_BELOW_EMA200,-0.061801514137092825,-0.03531515093546994,0.06253724644825355
2026-03-11,16:00:00,1.35919,1.36046,1.35733,1.35835,10914,1.3666900512188693,BEARISH_BELOW_EMA200,0.06331210659992513,0.06183973202782434,0.326130967718199
2026-03-11,20:00:00,1.35834,1.35952,1.35745,1.35921,6673,1.3666156228485324,BEARISH_BELOW_EMA200,-0.03678607426372267,-0.0353146312931803,0.3215102890649705
2026-03-12,00:00:00,1.35911,1.36043,1.35784,1.35871,4155,1.3665369599346169,BEARISH_BELOW_EMA200,0.03532762694024581,0.0978869663136233,0.2848289922058289
2026-03-12,04:00:00,1.3587,1.35927,1.35779,1.35919,5007,1.3664638558556654,BEARISH_BELOW_EMA200,-0.033843686313164825,0.26412789970498635,0.3884666602903328
2026-03-12,08:00:00,1.35917,1.35938,1.35765,1.35873,5993,1.3663869020660568,BEARISH_BELOW_EMA200,0.09641356266513011,0.3569509762793212,0.5571379155535005
2026-03-12,12:00:00,1.35873,1.36041,1.35837,1.36004,6785,1.3663237488116682,BEARISH_BELOW_EMA200,0.2014646628040489,0.18675921296432363,0.744831034381356
2026-03-12,16:00:00,1.36003,1.36338,1.35942,1.36278,11742,1.3662884876294625,BEARISH_BELOW_EMA200,0.05870353248506082,0.12401121237470239,0.7726852463346928
2026-03-12,20:00:00,1.36279,1.36425,1.36188,1.36358,7838,1.3662615375037963,BEARISH_BELOW_EMA200,-0.07333636456974375,0.19947491162968478,0.6952287361210882
2026-03-13,00:00:00,1.36361,1.36452,1.36223,1.36258,3090,1.3662249052898283,BEARISH_BELOW_EMA200,0.13870745203952572,0.5570315137459971,0.5959283124660664
2026-03-13,04:00:00,1.36257,1.36466,1.36209,1.36447,4407,1.3662074435456508,BEARISH_BELOW_EMA200,0.13411800919038147,0.6478706017721136,0.5254787573196844
2026-03-13,08:00:00,1.36444,1.36715,1.36428,1.3663,5784,1.3662083645053955,BULLISH_ABOVE_EMA200,0.28324672473102835,0.49476688867744106,0.2576300958793799
2026-03-13,12:00:00,1.36637,1.37029,1.36543,1.37017,8720,1.3662477837640485,BULLISH_ABOVE_EMA200,0.22916864330702907,0.03868133151360192,-0.06933446214703332
2026-03-13,16:00:00,1.37018,1.37413,1.36805,1.37331,12473,1.3663180545723665,BULLISH_ABOVE_EMA200,-0.018204192789689398,-0.12160400783508896,-0.39685140281509307
2026-03-13,20:00:00,1.37331,1.37385,1.37183,1.37306,8223,1.3663851386064725,BULLISH_ABOVE_EMA200,-0.1718788690952994,-0.23596929485964996,-0.33720303555561393
2026-03-16,00:00:00,1.37172,1.37262,1.3706,1.3707,4679,1.3664280725506868,BULLISH_ABOVE_EMA200,0.0685780987816401,-0.10797402786896665,-0.15028817392572777
2026-03-16,04:00:00,1.37067,1.37164,1.37046,1.37164,4936,1.366479932525307,BULLISH_ABOVE_EMA200,-0.13268787728558024,-0.2755825143623615,-0.23475547519757378
2026-03-16,08:00:00,1.37163,1.37225,1.36979,1.36982,5936,1.3665131670275428,BULLISH_ABOVE_EMA200,-0.04380137536318158,-0.10147318625804867,-0.06716210889022148
2026-03-16,12:00:00,1.36982,1.37041,1.36736,1.36922,7376,1.3665401006889601,BULLISH_ABOVE_EMA200,-0.09932662391726879,-0.04235988372942441,0.07449496793793538
2026-03-16,16:00:00,1.36918,1.36918,1.36527,1.36786,10302,1.3665532340154383,BULLISH_ABOVE_EMA200,0.0416709312356498,0.04093986226659847,0.15864196628309954
2026-03-16,20:00:00,1.36785,1.36865,1.36687,1.36843,7686,1.366571908303842,BULLISH_ABOVE_EMA200,0.015346053506576402,0.03434592927661411,0.040922809350854183
2026-03-17,00:00:00,1.36851,1.36904,1.36784,1.36864,2340,1.3665924863306695,BULLISH_ABOVE_EMA200,-0.016074351180742123,0.11690437222350827,0.04237783493102824
2026-03-17,04:00:00,1.36862,1.36895,1.36798,1.36842,4226,1.3666106705462848,BULLISH_ABOVE_EMA200,0.03507695005919498,0.1176539366568825,0.1147308574852802
2026-03-17,08:00:00,1.36843,1.37008,1.36829,1.3689,5830,1.3666334499438342,BULLISH_ABOVE_EMA200,0.09788881583752626,0.006574621959231753,0.051866462122871534
2026-03-17,12:00:00,1.3689,1.37094,1.36861,1.37024,6226,1.366669336014045,BULLISH_ABOVE_EMA200,-0.015325782344685707,-0.07443951424566492,0.04159855207848125
2026-03-17,16:00:00,1.37023,1.37227,1.36802,1.37003,10311,1.3667027754566914,BULLISH_ABOVE_EMA200,-0.07591074648001517,-0.0029196440953876924,-0.018977686620011897
2026-03-17,20:00:00,1.37007,1.37013,1.36889,1.36899,5264,1.3667255339098585,BULLISH_ABOVE_EMA200,0.016800707090641607,0.045288862592134715,0.30679552078539524
2026-03-18,00:00:00,1.36898,1.36961,1.36866,1.36922,3102,1.3667503544679693,BULLISH_ABOVE_EMA200,0.05623639736491852,0.11612450884445015,0.2001139334803731
2026-03-18,04:00:00,1.36922,1.37012,1.36867,1.36999,4099,1.366782589746895,BULLISH_ABOVE_EMA200,-0.027737428740359196,-0.0160585113760034,0.20073139219994526
2026-03-18,08:00:00,1.36998,1.37124,1.36947,1.36961,4944,1.3668107231822495,BULLISH_ABOVE_EMA200,0.0876161827089529,0.26138827841501716,0.3511948656916919
2026-03-18,12:00:00,1.36962,1.37081,1.36877,1.37081,7471,1.3668505169814313,BULLISH_ABOVE_EMA200,-0.07586755276078756,0.08389200545662669,0.13203872163172628
2026-03-18,16:00:00,1.3708,1.37234,1.36874,1.36977,10574,1.3668795665637057,BULLISH_ABOVE_EMA200,0.24967695306511156,0.21682472239866105,0.22266511896157729
2026-03-18,20:00:00,1.36973,1.37373,1.36918,1.37319,8371,1.3669423569461565,BULLISH_ABOVE_EMA200,-0.0895724553776129,0.08957245537762905,0.046606806050160286
2026-03-19,00:00:00,1.37309,1.37368,1.37193,1.37196,3348,1.3669922837427122,BULLISH_ABOVE_EMA200,0.056852969474328906,0.0481063587859619,0.12755473920521868
2026-03-19,04:00:00,1.37198,1.37296,1.37136,1.37274,4723,1.3670494749492526,BULLISH_ABOVE_EMA200,0.12238297128370294,0.005827760537309174,0.033509623089580325
2026-03-19,08:00:00,1.3727,1.37471,1.3721,1.37442,6686,1.3671228135069715,BULLISH_ABOVE_EMA200,-0.13096433404636312,-0.04292719838185332,-0.2051774566726361
2026-03-19,12:00:00,1.37437,1.37478,1.3726,1.37262,8823,1.3671775118800364,BULLISH_ABOVE_EMA200,0.014570675059373896,0.07941017907359907,-0.08960965161514785
2026-03-19,16:00:00,1.37259,1.37401,1.37056,1.37282,13603,1.3672336560404341,BULLISH_ABOVE_EMA200,0.07357118923093905,0.02768024941361919,-0.10416514910911993
2026-03-19,20:00:00,1.37279,1.37447,1.37044,1.37383,9244,1.3672992913037134,BULLISH_ABOVE_EMA200,-0.008734705167314734,-0.1623199376924493,-0.11864641185590796
2026-03-20,00:00:00,1.37313,1.37424,1.37294,1.37371,3424,1.3673630794499452,BULLISH_ABOVE_EMA200,-0.03712573978496265,-0.1688857182374648,-0.12593633299604787
2026-03-20,04:00:00,1.37371,1.37392,1.37247,1.3732,4446,1.3674211582613887,BULLISH_ABOVE_EMA200,-0.1165161666181216,-0.13180891348673662,-0.1165161666181216
2026-03-20,08:00:00,1.37319,1.37403,1.37125,1.3716,5722,1.3674627387762006,BULLISH_ABOVE_EMA200,-0.01531058617671489,0.04374453193351969,0.13050452026831294
2026-03-20,12:00:00,1.37159,1.37285,1.36994,1.37139,8489,1.367501816002308,BULLISH_ABOVE_EMA200,0.0,0.04302204332829234,-0.12250344540941131
2026-03-20,16:00:00,1.37136,1.37476,1.37036,1.37139,11947,1.367540504400295,BULLISH_ABOVE_EMA200,0.05906416117953152,0.015312930676162245,0.07291871750558848
2026-03-20,20:00:00,1.37137,1.37284,1.37042,1.3722,8854,1.3675868675405907,BULLISH_ABOVE_EMA200,-0.016032648302004734,0.08672205217898442,0.03935286401399103
2026-03-23,00:00:00,1.37074,1.3732,1.37044,1.37198,5417,1.3676305803013808,BULLISH_ABOVE_EMA200,-0.027697196752142668,-0.16545430691409455,0.1618099389204005
2026-03-23,04:00:00,1.37199,1.37199,1.37002,1.3716,6751,1.3676700770148,BULLISH_ABOVE_EMA200,0.13050452026831294,0.05759696704579093,0.2938174394867292
2026-03-23,08:00:00,1.37161,1.3739,1.3715,1.37339,7995,1.3677269916713692,BULLISH_ABOVE_EMA200,-0.26795010885474096,-0.04732814422706146,0.09829691493311893
2026-03-23,12:00:00,1.3734,1.37544,1.3683,1.36971,11891,1.3677467230975249,BULLISH_ABOVE_EMA200,0.19566185542925257,0.3278066159990147,0.3394879208007566
2026-03-23,16:00:00,1.36967,1.37287,1.36695,1.37239,13993,1.3677929248577485,BULLISH_ABOVE_EMA200,0.025502954699471177,0.236084494932192,0.35121211900407656
2026-03-23,20:00:00,1.37234,1.3735,1.37133,1.37274,8305,1.3678421494860298,BULLISH_ABOVE_EMA200,0.10635662980608249,0.14569401343298816,0.27317627518684673
2026-03-24,00:00:00,1.37182,1.37424,1.37157,1.3742,4259,1.3679054116801985,BULLISH_ABOVE_EMA200,0.10406054431668027,0.011643137825639497,0.10114975986028252
2026-03-24,04:00:00,1.37417,1.3759,1.37394,1.37563,6133,1.36798227325552,BULLISH_ABOVE_EMA200,-0.06469762944976741,0.11485646576478682,0.11849116404847382
2026-03-24,08:00:00,1.37562,1.37614,1.37251,1.37474,9020,1.368049514317654,BULLISH_ABOVE_EMA200,-0.02764159040982636,0.12729679793996815,0.28369000683765766
2026-03-24,12:00:00,1.37473,1.37561,1.37284,1.37436,8843,1.3681123052199662,BULLISH_ABOVE_EMA200,0.2073692482319057,0.08949620186851075,0.3048691754707585
2026-03-24,16:00:00,1.37436,1.37745,1.37295,1.37721,11710,1.3682028295461357,BULLISH_ABOVE_EMA200,-0.052279608774264914,0.0036305283870929975,0.26430246658097645
2026-03-24,20:00:00,1.37723,1.37851,1.37412,1.37649,9605,1.3682852889536368,BULLISH_ABOVE_EMA200,-0.06538369330688207,0.15619437845535358,0.3334568358651421
2026-03-25,00:00:00,1.37596,1.37662,1.37498,1.37559,4381,1.3683579726456403,BULLISH_ABOVE_EMA200,0.12140245276571059,0.21518039532126954,0.4841558894728725
2026-03-25,04:00:00,1.37565,1.3774,1.37542,1.37726,6014,1.368446550032251,BULLISH_ABOVE_EMA200,0.10019894573284341,0.2606624747687425,0.3427094375789653
2026-03-25,08:00:00,1.37726,1.37867,1.37713,1.37864,6656,1.3685479773951141,BULLISH_ABOVE_EMA200,-0.006528172691938831,0.17698601520338866,0.32495792955374986
2026-03-25,12:00:00,1.37864,1.37998,1.37846,1.37855,6570,1.3686475000080982,BULLISH_ABOVE_EMA200,0.16684197163686257,0.2683979543723504,0.3583475390809305
2026-03-25,16:00:00,1.3785,1.38094,1.37723,1.38085,9922,1.3687689179184654,BULLISH_ABOVE_EMA200,0.016656407285380346,0.08183365318463812,0.24984610928052833
2026-03-25,20:00:00,1.38088,1.38195,1.37992,1.38108,6760,1.368891416247635,BULLISH_ABOVE_EMA200,0.0847163089755766,0.1477104874445955,0.3374170938685584
2026-03-26,00:00:00,1.38044,1.38245,1.38007,1.38225,2823,1.369024337479002,BULLISH_ABOVE_EMA200,-0.01953336950623928,0.08970880810274046,0.2597214686200023
2026-03-26,04:00:00,1.38225,1.38315,1.38165,1.38198,4343,1.3691532495438876,BULLISH_ABOVE_EMA200,0.08249033994702665,0.1678750777869506,0.2279338340641678
2026-03-26,08:00:00,1.38198,1.38381,1.38171,1.38312,5728,1.3692922221852422,BULLISH_ABOVE_EMA200,0.026751113424735636,0.18942680316965027,0.14460061310659972
2026-03-26,12:00:00,1.38319,1.38495,1.38242,1.38349,6467,1.3694334936062844,BULLISH_ABOVE_EMA200,0.05854758617698555,0.169860280883841,0.23852720294327087
2026-03-26,16:00:00,1.38348,1.38576,1.3821,1.3843,9819,1.369581419043038,BULLISH_ABOVE_EMA200,0.10402369428591243,0.059958101567571066,0.268005490139412
2026-03-26,20:00:00,1.38429,1.38654,1.38366,1.38574,7181,1.3697422009431075,BULLISH_ABOVE_EMA200,0.0072163609335076555,-0.04474143778775708,0.2439129995525812
2026-03-27,00:00:00,1.38567,1.38614,1.38448,1.38584,3343,1.3699023780481514,BULLISH_ABOVE_EMA200,-0.051232465508282955,0.06855048201812665,0.20492986203313182
2026-03-27,04:00:00,1.38584,1.38604,1.38449,1.38513,4931,1.370053896674538,BULLISH_ABOVE_EMA200,-0.0007219538960289296,0.20792272205496912,0.3017767285381208
2026-03-27,08:00:00,1.38514,1.38558,1.38456,1.38512,5626,1.370203808150413,BULLISH_ABOVE_EMA200,0.12056717107543466,0.28878364329444406,0.4815467251934978
2026-03-27,12:00:00,1.3851,1.38703,1.38466,1.38679,6519,1.370368844885235,BULLISH_ABOVE_EMA200,0.0879729447140518,0.1362859553356995,0.41462658369327166
2026-03-27,16:00:00,1.38681,1.38838,1.38506,1.38801,10189,1.370544378766974,BULLISH_ABOVE_EMA200,0.07997060539909254,0.09365926758453318,0.31483923026491056
2026-03-27,20:00:00,1.38804,1.38953,1.38754,1.38912,6266,1.3707292108190439,BULLISH_ABOVE_EMA200,-0.03167472932504002,0.1922080165860525,0.2469189126929311
2026-03-30,00:00:00,1.3879,1.39025,1.38782,1.38868,5004,1.3709078256367648,BULLISH_ABOVE_EMA200,0.0453668231702142,0.27796180545553867,0.24987758158827694
2026-03-30,04:00:00,1.38867,1.3895,1.38857,1.38931,5357,1.3710909318493345,BULLISH_ABOVE_EMA200,0.1785058770180908,0.22097300098609424,0.2713577243379844
2026-03-30,08:00:00,1.38936,1.39186,1.38858,1.39179,5817,1.3712968927264557,BULLISH_ABOVE_EMA200,0.05388743991549058,0.05460593911436868,0.1559143261555267
2026-03-30,12:00:00,1.39179,1.39261,1.3907,1.39254,6236,1.3715082669281826,BULLISH_ABOVE_EMA200,-0.011489795625255862,-0.028006376836564154,0.10053571172103264
2026-03-30,16:00:00,1.39251,1.3945,1.39145,1.39238,9565,1.3717159458642205,BULLISH_ABOVE_EMA200,0.012209310676683339,0.050273632198117243,0.07397405880579198
2026-03-30,20:00:00,1.39237,1.39308,1.39167,1.39255,6320,1.3719232498854723,BULLISH_ABOVE_EMA200,-0.02872428279056091,0.10125309683674794,-0.09119959786003248
2026-03-31,00:00:00,1.39179,1.39351,1.39149,1.39215,3853,1.3721245110806417,BULLISH_ABOVE_EMA200,0.0668031462126996,0.12857809862442685,-0.1666487088316704
2026-03-31,04:00:00,1.39221,1.39319,1.39161,1.39308,6542,1.3723330234081976,BULLISH_ABOVE_EMA200,0.06316938007867401,0.023688517529498767,-0.15720561633216584
2026-03-31,08:00:00,1.39307,1.39413,1.39256,1.39396,5957,1.372548217205131,BULLISH_ABOVE_EMA200,-0.0014347613991887158,-0.19225802749002951,-0.357972969095243
2026-03-31,12:00:00,1.39395,1.39446,1.39309,1.39394,6142,1.372761070765279,BULLISH_ABOVE_EMA200,-0.038021722599245265,-0.2948476978923094,-0.3199563826276532
2026-03-31,16:00:00,1.39393,1.39664,1.39239,1.39341,10819,1.3729665327477143,BULLISH_ABOVE_EMA200,-0.15286240230800446,-0.18085129287145046,-0.4270099970575869
2026-03-31,20:00:00,1.39341,1.39392,1.39056,1.39128,8324,1.3731487563024634,BULLISH_ABOVE_EMA200,-0.10422057386005501,-0.1660341555977254,-0.27744235524121486
2026-04-01,00:00:00,1.39088,1.39178,1.38966,1.38983,2787,1.373314738826817,BULLISH_ABOVE_EMA200,0.07626832058597532,-0.025182936042526815,-0.18779275163149461
2026-04-01,04:00:00,1.38982,1.39115,1.38975,1.39089,9025,1.3734896170474458,BULLISH_ABOVE_EMA200,-0.1380411103681759,-0.24660469195982745,0.015098246446522981
2026-04-01,08:00:00,1.39087,1.39109,1.38863,1.38897,7180,1.3736436507086653,BULLISH_ABOVE_EMA200,0.036717855677229204,-0.11159348294059196,0.21958717610891504
2026-04-01,12:00:00,1.38899,1.38987,1.38834,1.38948,6803,1.3738012263235047,BULLISH_ABOVE_EMA200,-0.14537812706912895,-0.16265077582981768,0.16912801911505398
2026-04-01,16:00:00,1.38943,1.39041,1.38736,1.38746,9731,1.3739371345192908,BULLISH_ABOVE_EMA200,-0.002882965995402964,0.26234990558286997,0.28253066755078676
2026-04-01,20:00:00,1.38744,1.38954,1.38718,1.38742,6368,1.3740712923847704,BULLISH_ABOVE_EMA200,-0.014415245563722593,0.33155064796528355,0.33082988568709343
2026-04-02,00:00:00,1.38713,1.38791,1.38703,1.38722,4000,1.3742021252963648,BULLISH_ABOVE_EMA200,0.27969608281311586,0.3323193148887706,0.3474575049379368
2026-04-02,04:00:00,1.38719,1.39146,1.3869,1.3911,7010,1.3743702633531174,BULLISH_ABOVE_EMA200,0.06613471353605291,0.020127956293584787,0.09632664797641412
2026-04-02,08:00:00,1.39108,1.39212,1.39059,1.39202,5979,1.3745458826232355,BULLISH_ABOVE_EMA200,-0.013649229177751361,-0.000718380483043743,-0.005028663381274299
2026-04-02,12:00:00,1.39203,1.39331,1.39064,1.39183,5318,1.374717863890666,BULLISH_ABOVE_EMA200,-0.03233153474201874,0.01508804954628392,0.1515989740126349
2026-04-02,16:00:00,1.3918,1.39261,1.3909,1.39138,9453,1.374883656289764,BULLISH_ABOVE_EMA200,0.045278787965897765,0.07618335752992272,0.1969267921056767
2026-04-02,20:00:00,1.3914,1.39223,1.39095,1.39201,4735,1.3750540676699654,BULLISH_ABOVE_EMA200,0.0021551569313420513,-0.004310313862684103,0.11494170300501043
2026-04-03,00:00:00,1.39114,1.39218,1.39106,1.39204,1644,1.3752230819220055,BULLISH_ABOVE_EMA200,0.028734806471075253,0.1364903307376234,0.16881698801759104
2026-04-03,04:00:00,1.39204,1.39252,1.392,1.39244,1772,1.3753943945396971,BULLISH_ABOVE_EMA200,-0.035190026141153616,0.12065151819827971,0.09336129384390558
2026-04-03,08:00:00,1.39244,1.39262,1.39182,1.39195,1937,1.375559126932337,BULLISH_ABOVE_EMA200,0.1429649053486071,0.11925715722547467,0.015805165415416284
2026-04-03,12:00:00,1.39196,1.39423,1.39175,1.39394,2830,1.3757420211917168,BULLISH_ABOVE_EMA200,0.01291303786390153,0.03228259465974586,-0.2030216508601438
2026-04-03,16:00:00,1.39395,1.39488,1.39348,1.39412,3999,1.3759248866524958,BULLISH_ABOVE_EMA200,-0.036582216738875455,-0.027257337962302168,-0.17717269675494018
2026-04-03,20:00:00,1.39412,1.39473,1.39308,1.39361,3625,1.3761008579295855,BULLISH_ABOVE_EMA200,0.05596974763384325,-0.10332876486248721,-0.19158875151584376
2026-04-06,00:00:00,1.39194,1.39474,1.39194,1.39439,3271,1.376282839442724,BULLISH_ABOVE_EMA200,-0.04661536585890887,-0.23522830771878384,-0.18144134711235171
2026-04-06,04:00:00,1.39438,1.39472,1.39349,1.39374,4102,1.3764565425328463,BULLISH_ABOVE_EMA200,-0.11264654813667337,-0.1499562328698269,-0.14565126924677316
2026-04-06,08:00:00,1.39374,1.39419,1.39158,1.39217,4414,1.3766128953434649,BULLISH_ABOVE_EMA200,-0.07614012656499126,-0.08835127893862404,-0.08260485429221895
2026-04-06,12:00:00,1.39218,1.39287,1.39091,1.39111,4566,1.3767571451410425,BULLISH_ABOVE_EMA200,0.03881792237853117,0.05391378108129684,0.023003213261343525
2026-04-06,16:00:00,1.39111,1.39235,1.39022,1.39165,7275,1.3769053327515794,BULLISH_ABOVE_EMA200,-0.05101857507275453,0.004311428879384111,-0.1077857219846985
2026-04-06,20:00:00,1.39165,1.39232,1.39086,1.39094,4481,1.3770449811819119,BULLISH_ABOVE_EMA200,0.06614232102031949,0.005751506175669544,-0.16823155563863348
2026-04-07,00:00:00,1.39001,1.39186,1.39001,1.39186,2780,1.37719239430448,BULLISH_ABOVE_EMA200,-0.01077694595721513,-0.030893911744008195,-0.5029241446697309
2026-04-07,04:00:00,1.39188,1.39297,1.39151,1.39171,4395,1.377336848092495,BULLISH_ABOVE_EMA200,-0.049579294536942285,-0.1120923180835092,-0.5971071559448476
2026-04-07,08:00:00,1.39171,1.39262,1.39089,1.39102,5274,1.3774729988577439,BULLISH_ABOVE_EMA200,0.029474773906918772,-0.17397305574325797,-0.3199091314287245
2026-04-07,12:00:00,1.39102,1.39283,1.39062,1.39143,5490,1.3776118744910002,BULLISH_ABOVE_EMA200,-0.09199169200031249,-0.47217610659537057,-0.5275148588143064
2026-04-07,16:00:00,1.3914,1.39249,1.38906,1.39015,8096,1.3777366319587516,BULLISH_ABOVE_EMA200,-0.11149875912670865,-0.4855591123260104,-0.4294500593461159
2026-04-07,20:00:00,1.39016,1.39054,1.38859,1.3886,6097,1.3778447251730925,BULLISH_ABOVE_EMA200,-0.2693360218925592,-0.14619040760478008,-0.3017427624946088
2026-04-08,00:00:00,1.38811,1.38994,1.3834,1.38486,7268,1.3779145289027137,BULLISH_ABOVE_EMA200,-0.10542581921638411,-0.05560128821685495,0.031050070043176236
2026-04-08,04:00:00,1.38487,1.38497,1.38318,1.3834,6515,1.3779691107046768,BULLISH_ABOVE_EMA200,0.22914558334538945,0.05638282492410025,0.10842850946942728
2026-04-08,08:00:00,1.38343,1.38658,1.38235,1.38657,7162,1.37805469169269,BULLISH_ABOVE_EMA200,-0.1788586223558881,-0.15578009043900862,-0.12116229256367336
2026-04-08,12:00:00,1.38659,1.38743,1.38347,1.38409,6482,1.3781147445116682,BULLISH_ABOVE_EMA200,0.006502467325096162,0.08669956433467967,-0.04840725675353109
2026-04-08,16:00:00,1.3841,1.38691,1.38392,1.38418,9583,1.3781750953125471,BULLISH_ABOVE_EMA200,0.016616336025657968,0.05201635625424829,-0.1798898987125866
2026-04-08,20:00:00,1.38418,1.38605,1.3835,1.38441,7172,1.3782371341651587,BULLISH_ABOVE_EMA200,0.0635649843615686,0.03467180965176761,-0.20008523486538954
2026-04-09,00:00:00,1.38332,1.38552,1.38332,1.38529,3015,1.3783073119346598,BULLISH_ABOVE_EMA200,-0.028152949923834752,-0.134989785532258,-0.20717683661904213
2026-04-09,04:00:00,1.38528,1.38589,1.38447,1.3849,3912,1.3783729108208822,BULLISH_ABOVE_EMA200,-0.0007220737959466757,-0.23178568849735975,-0.17401978482201047
2026-04-09,08:00:00,1.38489,1.386,1.3845,1.38489,4337,1.378437757479381,BULLISH_ABOVE_EMA200,-0.10614561445312339,-0.23467567821270824,-0.08737156019611185
2026-04-09,12:00:00,1.38492,1.38568,1.38307,1.38342,4668,1.378487332031825,BULLISH_ABOVE_EMA200,-0.12505240635526516,-0.07228462795102802,-0.10264417169046267
2026-04-09,16:00:00,1.38344,1.38344,1.38044,1.38169,8786,1.3785191993747918,BULLISH_ABOVE_EMA200,-0.0036187567399420645,0.05790010783894447,0.119418972417831
2026-04-09,20:00:00,1.38169,1.38243,1.38088,1.38164,5223,1.3785502521173312,BULLISH_ABOVE_EMA200,0.0564546480993604,0.14765061810602195,0.17587794215569413
2026-04-10,00:00:00,1.38112,1.38263,1.38107,1.38242,2775,1.3785887570713875,BULLISH_ABOVE_EMA200,0.005063584149535922,-0.030381504897215535,0.2748802824033236
2026-04-10,04:00:00,1.38241,1.38271,1.3818,1.38249,2935,1.3786275754089858,BULLISH_ABOVE_EMA200,0.08607657198243925,0.06148326570174231,0.24810306041997007
2026-04-10,08:00:00,1.38247,1.38435,1.38231,1.38368,3961,1.3786778482904887,BULLISH_ABOVE_EMA200,-0.12141535615172046,0.028185707678067936,0.03830365402404598
2026-04-10,12:00:00,1.38367,1.38411,1.381,1.382,5260,1.3787109045264043,BULLISH_ABOVE_EMA200,0.09696092619393046,0.30535455861071725,0.15774240231548994
2026-04-10,16:00:00,1.38199,1.38383,1.37989,1.38334,7446,1.378756965177883,BULLISH_ABOVE_EMA200,0.052770830020088866,0.18650512527650662,-0.2624083739355489
2026-04-10,20:00:00,1.38337,1.38429,1.38213,1.38407,4623,1.3788098311960135,BULLISH_ABOVE_EMA200,0.15533896406974335,0.010115095334775625,-0.3496932958593103
2026-04-13,00:00:00,1.38616,1.38773,1.38555,1.38622,4224,1.3788835642189388,BULLISH_ABOVE_EMA200,-0.0216415864725633,-0.14716278801344967,-0.5518604550504203
2026-04-13,04:00:00,1.38619,1.38668,1.38575,1.38592,4434,1.3789535785053175,BULLISH_ABOVE_EMA200,-0.12338374509351913,-0.448077811129073,-0.5541445393673611
2026-04-13,08:00:00,1.38587,1.38633,1.38417,1.38421,4911,1.3790058812067574,BULLISH_ABOVE_EMA200,-0.002167301204295193,-0.35977199991330683,-0.5728899516691827
2026-04-13,12:00:00,1.38419,1.38518,1.38342,1.38418,5090,1.3790573649758444,BULLISH_ABOVE_EMA200,-0.3229348784117654,-0.40529410914764646,-0.7592943114334856
2026-04-13,16:00:00,1.38418,1.38419,1.37966,1.37971,8689,1.3790638588566817,BULLISH_ABOVE_EMA200,-0.03478991962079248,-0.10654412883867496,-0.25947481717171844
2026-04-13,20:00:00,1.3797,1.37991,1.37858,1.37923,5466,1.3790655120023865,BULLISH_ABOVE_EMA200,-0.04785278742485901,-0.21388745894448413,-0.18416072736236788
2026-04-14,00:00:00,1.3788,1.37893,1.3785,1.37857,2547,1.379060581534701,BEARISH_BELOW_EMA200,-0.023937848640269516,-0.35544078284019864,-0.13347164090325944
2026-04-14,04:00:00,1.37856,1.37898,1.37815,1.37824,2525,1.379052416544306,BEARISH_BELOW_EMA200,-0.1422103552356601,-0.15309380078940057,-0.0544172277687345
2026-04-14,08:00:00,1.37825,1.37882,1.37612,1.37628,4972,1.3790248303100345,BEARISH_BELOW_EMA200,-0.1896416426889878,0.029790449617811892,0.020344697299972243
2026-04-14,12:00:00,1.37626,1.37661,1.37367,1.37367,5621,1.3789715484164025,BEARISH_BELOW_EMA200,0.1790823123457693,0.22276092511302298,0.2715353760364579
2026-04-14,16:00:00,1.3737,1.3763,1.37305,1.37613,7991,1.3789432743028063,BEARISH_BELOW_EMA200,0.04069382979804916,0.09882787236671156,-0.1991090957976328
2026-04-14,20:00:00,1.37613,1.37778,1.37565,1.37669,4668,1.3789208536629773,BEARISH_BELOW_EMA200,0.002905519761169181,-0.009442939223787743,-0.18740602459522673
2026-04-15,00:00:00,1.37654,1.37698,1.37562,1.37673,2787,1.3788990541240422,BEARISH_BELOW_EMA200,0.05520327152020323,0.04866604199806414,-0.28400630479470046
2026-04-15,04:00:00,1.37672,1.37817,1.37644,1.37749,3468,1.3788850336849972,BEARISH_BELOW_EMA200,-0.06751410173577284,-0.2976428141039131,-0.41161823316322177
2026-04-15,08:00:00,1.37747,1.37759,1.37606,1.37656,4626,1.3788618990214647,BEARISH_BELOW_EMA200,0.061021677224381926,-0.17797989190446206,-0.272418201894572
2026-04-15,12:00:00,1.37657,1.37878,1.37646,1.3774,6008,1.3788473527625449,BEARISH_BELOW_EMA200,-0.29112821257440447,-0.3325105270800079,-0.3724408305503018
2026-04-15,16:00:00,1.37741,1.37757,1.37333,1.37339,8236,1.3787930507450072,BEARISH_BELOW_EMA200,0.052425021297652655,-0.1143156714407467,-0.22790321758568774
2026-04-15,20:00:00,1.37339,1.3742,1.37264,1.37411,4719,1.3787464532251565,BEARISH_BELOW_EMA200,-0.0938789471003059,-0.09460669087626586,-0.27727037864507714
2026-04-16,00:00:00,1.37328,1.37378,1.37282,1.37282,2307,1.378687483541324,BEARISH_BELOW_EMA200,-0.07284276161477032,-0.04006351888811559,-0.20177444967293157
2026-04-16,04:00:00,1.37283,1.37339,1.37128,1.37182,4562,1.3786191503717586,BEARISH_BELOW_EMA200,0.07216690236328718,-0.11371754311790218,-0.2245192517968809
2026-04-16,08:00:00,1.37187,1.3734,1.37138,1.37281,5511,1.3785613478804974,BEARISH_BELOW_EMA200,-0.039335377801734024,-0.1828366634858438,-0.40719400354018276
2026-04-16,12:00:00,1.37288,1.37376,1.37198,1.37227,5364,1.3784987474040746,BEARISH_BELOW_EMA200,-0.14647263293667187,-0.16177574384050591,-0.45180613144645043
2026-04-16,16:00:00,1.37227,1.37247,1.37016,1.37026,7957,1.3784167698179646,BEARISH_BELOW_EMA200,0.002919154029165268,-0.11092785310816676,-0.25542597755170976
2026-04-16,20:00:00,1.37025,1.37083,1.36951,1.3703,4721,1.378336005939179,BEARISH_BELOW_EMA200,-0.018244180106552103,-0.22476829891264477,-0.12041158870321471
2026-04-17,00:00:00,1.36996,1.37063,1.36977,1.37005,2497,1.3782535581188888,BEARISH_BELOW_EMA200,-0.09561694828655322,-0.290500346702682,-0.04379402211597635
2026-04-17,04:00:00,1.37004,1.37031,1.36871,1.36874,2641,1.3781588958490492,BEARISH_BELOW_EMA200,-0.11105103964229625,-0.1446585911130012,0.0489501293160095
2026-04-17,08:00:00,1.36874,1.36884,1.36697,1.36722,4535,1.3780500511142328,BEARISH_BELOW_EMA200,-0.08411228624509635,0.10459179941778354,0.1499392928716582
2026-04-17,12:00:00,1.36722,1.36834,1.366,1.36607,4968,1.377930846625534,BEARISH_BELOW_EMA200,0.05050985674233966,0.24742509534651674,0.22619631497654127
2026-04-17,16:00:00,1.366,1.36759,1.3649,1.36676,9700,1.3778196939227925,BEARISH_BELOW_EMA200,0.13828323919341706,0.19388919781088423,-0.16828119055283802
2026-04-17,20:00:00,1.36677,1.36947,1.36674,1.36865,6117,1.3777284531872425,BEARISH_BELOW_EMA200,0.05845175903263318,0.04530011325028788,-0.31710079275198266
2026-04-20,00:00:00,1.36765,1.37092,1.36765,1.36945,3906,1.3776460805187127,BEARISH_BELOW_EMA200,-0.0029208806455175438,-0.021176384679990033,-0.37898426375552435
2026-04-20,04:00:00,1.36944,1.37018,1.36922,1.36941,3663,1.3775641294687755,BEARISH_BELOW_EMA200,-0.010223380872056506,-0.36146953797620945,-0.339562293250381
2026-04-20,08:00:00,1.36942,1.37026,1.36869,1.36927,5345,1.377481600817345,BEARISH_BELOW_EMA200,-0.00803347769249706,-0.36223681231605714,-0.25853191846749557
2026-04-20,12:00:00,1.36928,1.37003,1.36828,1.36916,4762,1.3773987988191625,BEARISH_BELOW_EMA200,-0.34327616933009486,-0.35788366589733156,-0.298723304800018
2026-04-20,16:00:00,1.36914,1.36983,1.36395,1.36446,7958,1.3772700545523051,BEARISH_BELOW_EMA200,-0.010993360010560551,0.021986720021104827,0.10113891209708872
2026-04-20,20:00:00,1.36445,1.36506,1.36347,1.36431,4448,1.3771410987856156,BEARISH_BELOW_EMA200,-0.0036648562276816467,0.10408191686641591,0.12900293921469344
2026-04-21,00:00:00,1.36363,1.36482,1.36361,1.36426,2766,1.3770129286484454,BEARISH_BELOW_EMA200,0.03664990544323992,0.059372846818053555,0.09822174658788625
2026-04-21,04:00:00,1.36426,1.36507,1.36408,1.36476,3049,1.3768910089604014,BEARISH_BELOW_EMA200,0.07107476772473822,0.07913479293062296,0.062282012954659974
2026-04-21,08:00:00,1.36477,1.36632,1.36431,1.36573,4622,1.376779954144875,BEARISH_BELOW_EMA200,-0.048325803782600145,0.02489511103950158,-0.08054300630432815
2026-04-21,12:00:00,1.36572,1.36619,1.36507,1.36507,4750,1.3766634371882098,BEARISH_BELOW_EMA200,0.0564073637249326,0.03882584775871709,0.12307061176349227
2026-04-21,16:00:00,1.36508,1.36585,1.36309,1.36584,7655,1.37655574129579,BEARISH_BELOW_EMA200,0.016839454108823322,-0.016839454108823322,-0.008053651965078812
2026-04-21,20:00:00,1.36585,1.36765,1.36492,1.36607,8119,1.3764514055615036,BEARISH_BELOW_EMA200,-0.03440526473752959,-0.10541187494051446,0.07686282547746422
2026-04-22,00:00:00,1.36621,1.36633,1.36537,1.3656,2984,1.3763434313768121,BEARISH_BELOW_EMA200,0.0007322788517915578,0.08421206795547631,0.06663737551259273
2026-04-22,04:00:00,1.36557,1.36632,1.36556,1.36561,3879,1.3762366310646053,BEARISH_BELOW_EMA200,-0.07176280197127884,0.008787281874043103,0.10764420295692638
2026-04-22,08:00:00,1.36562,1.36605,1.3643,1.36463,4571,1.3761211421982908,BEARISH_BELOW_EMA200,0.15535346577459824,0.1824670423484667,0.1253086917332977
2026-04-22,12:00:00,1.36465,1.36721,1.36446,1.36675,4656,1.376027897002288,BEARISH_BELOW_EMA200,-0.07462959575634161,-0.017559904883849863,0.0885311871227478
2026-04-22,16:00:00,1.36673,1.36691,1.36461,1.36573,7424,1.3759254303654493,BEARISH_BELOW_EMA200,0.10177707160271651,0.09884823500984545,0.2635952933595824
2026-04-22,20:00:00,1.36571,1.36743,1.36543,1.36712,4622,1.3758378141429077,BEARISH_BELOW_EMA200,-0.044619345777985805,-0.057054245421015046,0.20188425302827082
2026-04-23,00:00:00,1.3663,1.36788,1.36626,1.36651,3456,1.375745000071834,BEARISH_BELOW_EMA200,0.04171209870401106,0.10610972477334037,0.24149109775999303
2026-04-23,04:00:00,1.36652,1.36764,1.36646,1.36708,5251,1.3756587811656467,BEARISH_BELOW_EMA200,-0.054129970447959364,0.1645843696052801,0.2823536296339625
2026-04-23,08:00:00,1.36709,1.36739,1.366,1.36634,4562,1.3755660569749437,BEARISH_BELOW_EMA200,0.11856492527481848,0.25908631819312,0.18662997496961445
2026-04-23,12:00:00,1.36636,1.36842,1.36621,1.36796,5842,1.375490374815989,BEARISH_BELOW_EMA200,0.10014912716745161,0.1352378724524041,0.00950320184800458
2026-04-23,16:00:00,1.36797,1.36952,1.3667,1.36933,7862,1.3754290775541385,BEARISH_BELOW_EMA200,0.04016562844603203,0.11757574872383657,-0.14532654655926158
2026-04-23,20:00:00,1.36933,1.37138,1.36889,1.36988,7704,1.3753738628521073,BEARISH_BELOW_EMA200,-0.005109936636786762,-0.07226910386311548,-0.2496569042543857
2026-04-24,00:00:00,1.37014,1.37044,1.3686,1.36981,2683,1.3753185010326834,BEARISH_BELOW_EMA200,0.08249319248655473,-0.12556485936005313,-0.20732802359450975
2026-04-24,04:00:00,1.36977,1.37141,1.36962,1.37094,4344,1.3752749338582289,BEARISH_BELOW_EMA200,-0.14953243759756862,-0.2625935489518175,-0.33334792186382795
2026-04-24,08:00:00,1.37094,1.37135,1.36867,1.36889,4811,1.3752114021780475,BEARISH_BELOW_EMA200,-0.058441511005260606,-0.1775160896784937,-0.529626193485231
2026-04-24,12:00:00,1.3689,1.36916,1.36779,1.36809,5769,1.375140542454883,BEARISH_BELOW_EMA200,-0.0548209547617502,-0.08186595911087793,-0.5745236059031188
2026-04-24,16:00:00,1.3681,1.3699,1.36723,1.36734,7892,1.3750629251170237,BEARISH_BELOW_EMA200,-0.06435853555077684,-0.07094065850482802,-0.4124797051208982
2026-04-24,20:00:00,1.36736,1.3674,1.36629,1.36646,4578,1.3749773238720782,BEARISH_BELOW_EMA200,0.03732271709380519,-0.3527362674355668,-0.2854090130702702
2026-04-27,00:00:00,1.36599,1.36805,1.36568,1.36697,2715,1.3748976490076794,BEARISH_BELOW_EMA200,-0.043892696986761515,-0.49306129615133965,-0.3313898622500803
2026-04-27,04:00:00,1.36692,1.36692,1.36606,1.36637,4060,1.3748127967787473,BEARISH_BELOW_EMA200,-0.3461727057824837,-0.34178150866896767,-0.22687851753186195
2026-04-27,08:00:00,1.36638,1.3667,1.36104,1.36164,4416,1.3746817241739837,BEARISH_BELOW_EMA200,-0.10355159954172258,0.0675655826797121,0.22326018624599245
2026-04-27,12:00:00,1.36165,1.36173,1.35973,1.36023,4975,1.3745379259234964,BEARISH_BELOW_EMA200,0.10806995875696464,0.1624725230291969,0.5293222469729291
2026-04-27,16:00:00,1.36028,1.36218,1.35984,1.3617,6908,1.3744101853670438,BEARISH_BELOW_EMA200,0.06315634868180091,0.11529705515165392,0.46926635822869345
2026-04-27,20:00:00,1.36172,1.36357,1.36146,1.36256,4169,1.3742922730748346,BEARISH_BELOW_EMA200,-0.00880695162047161,0.1555894786284567,0.4322745420385121
2026-04-28,00:00:00,1.36186,1.36263,1.36126,1.36244,2636,1.3741743400094133,BEARISH_BELOW_EMA200,0.060920113913264906,0.36625466075569035,0.41176125187163415
2026-04-28,04:00:00,1.36247,1.36402,1.36244,1.36327,4028,1.3740658391137972,BEARISH_BELOW_EMA200,0.1034277875989284,0.3535616568984901,0.3843699340556098
2026-04-28,08:00:00,1.36327,1.3648,1.36298,1.36468,5810,1.373972447679829,BEARISH_BELOW_EMA200,0.20151244247735958,0.2762552393235082,0.2740569217692116
2026-04-28,12:00:00,1.36468,1.36793,1.36448,1.36743,6829,1.3739073486979403,BEARISH_BELOW_EMA200,0.048265724753742786,0.04534052931411955,0.017551172637723173
2026-04-28,16:00:00,1.36743,1.36913,1.36635,1.36809,8367,1.3738494646312942,BEARISH_BELOW_EMA200,0.02631405828563296,0.030699734666569077,-0.04020203349195232
2026-04-28,20:00:00,1.3681,1.36875,1.36737,1.36845,4966,1.3737957386150623,BEARISH_BELOW_EMA200,-0.029230150900650807,-0.002192261317547188,-0.008769045270188751
2026-04-29,00:00:00,1.36763,1.36824,1.36715,1.36805,2136,1.3737385670865543,BEARISH_BELOW_EMA200,0.033624502028427684,-0.02777676254523204,-0.03727933920543916
2026-04-29,04:00:00,1.36806,1.36891,1.36784,1.36851,4144,1.3736865415434045,BEARISH_BELOW_EMA200,-0.00657649560470318,-0.07088000818407725,0.0029228869354290437
2026-04-29,08:00:00,1.36854,1.36918,1.3676,1.36842,4703,1.3736341381449628,BEARISH_BELOW_EMA200,-0.05480773446749013,-0.006576928136092974,-0.09865392204147574
2026-04-29,12:00:00,1.36843,1.36928,1.36727,1.36767,5117,1.3735747934868041,BEARISH_BELOW_EMA200,-0.009505216901735322,-0.009505216901735322,-0.04533257291596971
2026-04-29,16:00:00,1.36766,1.37102,1.36671,1.36754,9129,1.373514745790418,BEARISH_BELOW_EMA200,0.05776796291151033,0.07385524372230103,-0.46360618336575254
2026-04-29,20:00:00,1.36754,1.36917,1.36738,1.36833,7862,1.3734631562800657,BEARISH_BELOW_EMA200,-0.05773461080295458,-0.09208305014141609,-0.7468958511470272
2026-04-30,00:00:00,1.36852,1.36864,1.36671,1.36754,3388,1.3734042194016571,BEARISH_BELOW_EMA200,0.07385524372230103,-0.035830761805861575,-0.7049153955277265
2026-04-30,04:00:00,1.36757,1.36885,1.36738,1.36855,5132,1.3733559187110935,BEARISH_BELOW_EMA200,-0.10814365569397726,-0.5370647765883576,-0.7255854736765185
2026-04-30,08:00:00,1.36851,1.36885,1.36639,1.36707,6208,1.3732933722562568,BEARISH_BELOW_EMA200,-0.0014629828757787807,-0.6554163283518823,-0.7205190663243224
2026-04-30,12:00:00,1.36706,1.36755,1.36468,1.36705,8163,1.3732312491492293,BEARISH_BELOW_EMA200,-0.42792875169160843,-0.6693244577740384,-0.7827072894188327
2026-04-30,16:00:00,1.36708,1.3671,1.36032,1.3612,7998,1.3731115352273466,BEARISH_BELOW_EMA200,-0.22700558330884787,-0.1895386423743775,-0.1807228915662582
2026-04-30,20:00:00,1.36117,1.36149,1.35797,1.35811,5638,1.3729622662201093,BEARISH_BELOW_EMA200,-0.015462665027120149,-0.06553224701974328,0.05596012105058456
2026-05-01,00:00:00,1.35816,1.35846,1.35717,1.3579,2574,1.372812392924387,BEARISH_BELOW_EMA200,0.05302305029824228,-0.11414684439208796,0.06480595036453286
2026-05-01,04:00:00,1.35791,1.35865,1.35723,1.35862,3466,1.3726711750843432,BEARISH_BELOW_EMA200,-0.10304573758665748,0.008832491793151877,0.025025393413905802
2026-05-01,08:00:00,1.35861,1.35875,1.35699,1.35722,5704,1.3725174320486782,BEARISH_BELOW_EMA200,-0.06410161948690325,0.12157203695789401,0.2136720649563006
2026-05-01,12:00:00,1.35721,1.35801,1.35497,1.35635,5595,1.3723565620780445,BEARISH_BELOW_EMA200,0.17620820584658195,0.1791572971578246,0.39075459873926954
2026-05-01,16:00:00,1.35639,1.35877,1.35538,1.35874,7379,1.3722210738981635,BEARISH_BELOW_EMA200,0.009567687710670434,0.016191471510361582,0.20607327376833784
2026-05-01,20:00:00,1.35875,1.3593,1.35836,1.35887,5213,1.372088227391714,BEARISH_BELOW_EMA200,-0.006623150117371307,0.09198819607467774,0.2627182879892906
2026-05-04,00:00:00,1.35799,1.35892,1.35746,1.35878,2245,1.3719558072186624,BEARISH_BELOW_EMA200,0.013247177615202384,0.21121888753145673,0.27966263854338475
2026-05-04,04:00:00,1.35878,1.35955,1.35835,1.35896,4637,1.371826495704049,BEARISH_BELOW_EMA200,0.08535939247660343,0.18985106257726694,0.2796255960440356
2026-05-04,08:00:00,1.35897,1.36074,1.35877,1.36012,5397,1.3717100131597302,BEARISH_BELOW_EMA200,0.11249007440520184,0.1705731847190027,0.11396053289415202
2026-05-04,12:00:00,1.36012,1.3619,1.35975,1.36165,5919,1.3716099135263,BEARISH_BELOW_EMA200,-0.008078434252565233,0.0682994895898267,0.04186097749054158
2026-05-04,16:00:00,1.36167,1.3619,1.36008,1.36154,7321,1.3715097153817597,BEARISH_BELOW_EMA200,0.06610162022416696,0.08960441852608068,0.03084742277128009
2026-05-04,20:00:00,1.36155,1.36258,1.36034,1.36244,4429,1.3714194694575632,BEARISH_BELOW_EMA200,0.010275681864875293,-0.05651625025690374,-0.03890079563137763
2026-05-05,00:00:00,1.36191,1.36268,1.36163,1.36258,2317,1.3713315145375875,BEARISH_BELOW_EMA200,0.013210233527577756,-0.026420467055139216,-0.21209763830379408
2026-05-05,04:00:00,1.36262,1.36279,1.36186,1.36276,3474,1.371246225835721,BEARISH_BELOW_EMA200,-0.07998473685755639,-0.05870439402388622,-0.30012621444714604
2026-05-05,08:00:00,1.3628,1.36294,1.36116,1.36167,5492,1.3711509400065098,BEARISH_BELOW_EMA200,0.040391577988796876,0.017625415849656524,-0.23720872164326484
2026-05-05,12:00:00,1.36171,1.36268,1.36037,1.36222,5529,1.3710620749318183,BEARISH_BELOW_EMA200,-0.019086491168821995,-0.1857262409889681,-0.08295282700298597
2026-05-05,16:00:00,1.36221,1.36222,1.36062,1.36196,6238,1.3709715070220492,BEARISH_BELOW_EMA200,-0.003671179770338741,-0.24156362888778046,0.10499574143146952
2026-05-05,20:00:00,1.36194,1.3626,1.36157,1.36191,3610,1.3708813427730737,BEARISH_BELOW_EMA200,-0.16300636605942306,-0.2547892298316234,0.09471991541291373
2026-05-06,00:00:00,1.36114,1.36214,1.35959,1.35969,3886,1.3707699861285656,BEARISH_BELOW_EMA200,-0.07501709948591377,0.10296464635320152,0.30153932146297996
2026-05-06,04:00:00,1.3597,1.3603,1.35827,1.35867,5262,1.3706495882566396,BEARISH_BELOW_EMA200,-0.016928319606670676,0.347398558884796,0.3547586978442187
2026-05-06,08:00:00,1.35871,1.35991,1.35776,1.35844,6010,1.370528099816275,BEARISH_BELOW_EMA200,0.19507670563291857,0.3504019316274458,0.30255292835898795
2026-05-06,12:00:00,1.35847,1.36132,1.35826,1.36109,5833,1.3704341883753173,BEARISH_BELOW_EMA200,0.1689822127853552,0.19837042370454172,0.16971691805832342
2026-05-06,16:00:00,1.36106,1.36354,1.36067,1.36339,7307,1.3703640969486972,BEARISH_BELOW_EMA200,-0.013935851077104459,0.007334658461627925,-0.019070112000245637
2026-05-06,20:00:00,1.36341,1.36409,1.36284,1.3632,4146,1.370292812401944,BEARISH_BELOW_EMA200,0.043280516431931516,-0.047681924882632,0.2362089201877935
2026-05-07,00:00:00,1.36294,1.36415,1.36215,1.36379,2680,1.3702281078009297,BEARISH_BELOW_EMA200,-0.021997521612562562,-0.028596778096342725,0.15838215561046345
2026-05-07,04:00:00,1.36377,1.3641,1.36274,1.36349,4090,1.3701610619521642,BEARISH_BELOW_EMA200,-0.06894073297201761,-0.026402833904182497,0.1510828828960939
2026-05-07,08:00:00,1.36353,1.36432,1.36229,1.36255,4891,1.3700853299924414,BEARISH_BELOW_EMA200,0.0623830318153475,0.2840262742651675,0.18568125940333519
2026-05-07,12:00:00,1.36256,1.36351,1.36198,1.3634,5126,1.3700188092959993,BEARISH_BELOW_EMA200,-0.01980343259498258,0.1870324189526223,0.41147132169576905
2026-05-07,16:00:00,1.36343,1.36447,1.36281,1.36313,6788,1.36995026392987,BEARISH_BELOW_EMA200,0.24135629030246677,0.1775325904352548,0.42329051521131905
2026-05-07,20:00:00,1.3631,1.36646,1.36262,1.36642,5734,1.3699151369255926,BEARISH_BELOW_EMA200,-0.034396452042561615,-0.09806648029155728,0.0651337070593271
2026-05-08,00:00:00,1.36595,1.36647,1.36537,1.36595,3080,1.3698756828268306,BEARISH_BELOW_EMA200,-0.02928364874263011,0.22401991288114959,0.17204143636297625
2026-05-08,04:00:00,1.36595,1.36637,1.36542,1.36555,4525,1.369832641206663,BEARISH_BELOW_EMA200,-0.03441836622606059,0.24532239756874255,0.279008458130414
2026-05-08,08:00:00,1.36554,1.36589,1.36498,1.36508,4764,1.3697853512444078,BEARISH_BELOW_EMA200,0.28789521493245734,0.16336038913469936,0.13186040378586045
2026-05-08,12:00:00,1.36506,1.36927,1.36423,1.36901,5870,1.3697776363066525,BEARISH_BELOW_EMA200,-0.008035003396619052,-0.05186229465087825,-0.16946552618316152
2026-05-08,16:00:00,1.36906,1.37099,1.36766,1.3689,6810,1.369768903607084,BEARISH_BELOW_EMA200,-0.11615165461319164,0.033603623347206145,-0.18628095551172855
2026-05-08,20:00:00,1.36893,1.36895,1.36699,1.36731,3522,1.369744436904526,BEARISH_BELOW_EMA200,0.07240494108871041,-0.031448610775897966,0.02486634340420292
2026-05-11,00:00:00,1.36787,1.36915,1.36774,1.3683,2861,1.3697300643980133,BEARISH_BELOW_EMA200,0.07746839143461513,-0.11766425491486598,0.033618358547095294
2026-05-11,04:00:00,1.36823,1.36945,1.36819,1.36936,4485,1.3697263821651973,BEARISH_BELOW_EMA200,-0.18110650230763392,-0.2198107144943592,-0.009493486008059495
2026-05-11,08:00:00,1.36937,1.36938,1.36662,1.36688,4600,1.3696980599545983,BEARISH_BELOW_EMA200,-0.013900269226276959,0.056332670022235846,0.2597155565960393
2026-05-11,12:00:00,1.36687,1.36819,1.36604,1.36669,4910,1.3696681290097765,BEARISH_BELOW_EMA200,-0.024877624040565673,0.1514608287175597,0.249507935230384
2026-05-11,16:00:00,1.36667,1.36697,1.36477,1.36635,6145,1.369635112800724,BEARISH_BELOW_EMA200,0.09514399677974741,0.21078054671204255,0.36081531086471996
2026-05-11,20:00:00,1.36636,1.36815,1.36621,1.36765,3695,1.3696153604345478,BEARISH_BELOW_EMA200,0.08116111578254263,0.2032683800680002,0.14184915731364406
2026-05-12,00:00:00,1.36724,1.36881,1.367,1.36876,2294,1.3696068493854479,BEARISH_BELOW_EMA200,0.034337648674710716,0.09789882813642413,0.04894941406820395
2026-05-12,04:00:00,1.36878,1.36939,1.36865,1.36923,4500,1.369603099640319,BEARISH_BELOW_EMA200,0.08764049867444403,0.14971918523550518,0.014606749779071303
2026-05-12,08:00:00,1.36922,1.37093,1.36833,1.37043,6723,1.3696113275045945,BULLISH_ABOVE_EMA200,-0.024080033274223523,-0.06129463015257634,-0.03648489890034112
2026-05-12,12:00:00,1.37043,1.3712,1.36988,1.3701,6141,1.3696161899174841,BULLISH_ABOVE_EMA200,0.08612510035763511,-0.048901540033586634,-0.03868330778776304
2026-05-12,16:00:00,1.37005,1.3724,1.36982,1.37128,7741,1.3696327452416883,BULLISH_ABOVE_EMA200,-0.1232425179394412,-0.13491044863194454,-0.05688116212589718
2026-05-12,20:00:00,1.37132,1.37152,1.36919,1.36959,4492,1.3696323199159004,BEARISH_BELOW_EMA200,-0.011682328288039487,0.024824947612059587,0.07082411524616238
2026-05-13,00:00:00,1.36932,1.36992,1.36921,1.36943,2399,1.3696303067824087,BEARISH_BELOW_EMA200,0.0,0.01022323156349934,0.08032539085605697
2026-05-13,04:00:00,1.36938,1.36975,1.36838,1.36943,3999,1.3696283136800962,BEARISH_BELOW_EMA200,0.03651154129821656,0.07813469837816657,0.0730230825964169
2026-05-13,08:00:00,1.36944,1.37103,1.36933,1.36993,5497,1.3696313155340256,BULLISH_ABOVE_EMA200,-0.026278714970848,0.04598775119895968,0.04160796537049042
2026-05-13,12:00:00,1.36992,1.37083,1.36893,1.36957,6084,1.3696307054292094,BEARISH_BELOW_EMA200,0.06790452477785709,0.0700949933190762,0.20882466759640506
2026-05-13,16:00:00,1.36953,1.37114,1.3692,1.3705,7132,1.3696393551264314,BULLISH_ABOVE_EMA200,0.004377964246621596,-0.005107624954397263,0.12331265961327757
2026-05-13,20:00:00,1.37052,1.37182,1.3702,1.37056,4266,1.3696485157719396,BULLISH_ABOVE_EMA200,-0.0021888862946514193,-0.0043777725893028386,0.10287765584869771
2026-05-14,00:00:00,1.37062,1.37075,1.37014,1.37053,2592,1.3696572867592836,BULLISH_ABOVE_EMA200,-0.00729644735977972,0.13863249983583084,0.2174341313214583
2026-05-14,04:00:00,1.37049,1.37089,1.37018,1.37043,4287,1.369664975448246,BULLISH_ABOVE_EMA200,0.005107885846049378,0.12842684412921374,0.30355435885086735
2026-05-14,08:00:00,1.37045,1.37154,1.3701,1.3705,5641,1.3696732841502537,BULLISH_ABOVE_EMA200,0.14082451659978018,0.10726012404231013,0.3122947829259277
2026-05-14,12:00:00,1.37051,1.37271,1.37038,1.37243,5290,1.369700714158709,BULLISH_ABOVE_EMA200,-0.017487230678432997,0.0786925380529404,0.21130403736437578
2026-05-14,16:00:00,1.37244,1.37374,1.37131,1.37219,6986,1.3697254831720553,BULLISH_ABOVE_EMA200,-0.016032765141861475,0.17490289245658092,0.09109525648780221
2026-05-14,20:00:00,1.37214,1.37298,1.3717,1.37197,4721,1.369747816672831,BULLISH_ABOVE_EMA200,0.11224735234736159,0.2048149740883532,0.231783493808187
2026-05-15,00:00:00,1.37178,1.37369,1.37148,1.37351,2707,1.3697852513328028,BULLISH_ABOVE_EMA200,0.07863066158964768,0.13250722601218287,0.18274348202779828
2026-05-15,04:00:00,1.37352,1.37462,1.37349,1.37459,4802,1.3698330597772528,BULLISH_ABOVE_EMA200,0.013822303377728084,-0.08366130991786529,0.05310674455656737
2026-05-15,08:00:00,1.37458,1.37568,1.37388,1.37478,7287,1.3698822830630513,BULLISH_ABOVE_EMA200,0.04000640102416754,0.026913397052634132,-0.08146758026737282
2026-05-15,12:00:00,1.37475,1.37592,1.37343,1.37533,7021,1.3699364892017274,BULLISH_ABOVE_EMA200,-0.13742156427911462,0.05016977743523951,-0.10542924243635719
2026-05-15,16:00:00,1.37532,1.37666,1.37328,1.37344,7846,1.3699713500056903,BULLISH_ABOVE_EMA200,0.12450489282386565,0.13688257222740738,0.047326421248837916
2026-05-15,20:00:00,1.37347,1.37583,1.37305,1.37515,4986,1.370022878861355,BULLISH_ABOVE_EMA200,0.06326582554629868,-0.10835181616550857,-0.0938079482238311
2026-05-18,00:00:00,1.37422,1.37631,1.37415,1.37602,3779,1.3700825517085058,BULLISH_ABOVE_EMA200,-0.05087135361404071,-0.15552099533437239,-0.09229517012834874
2026-05-18,04:00:00,1.37603,1.37626,1.37496,1.37532,5613,1.370134665621854,BULLISH_ABOVE_EMA200,-0.12069918273565387,-0.08943373178606175,-0.008725242125477707
2026-05-18,08:00:00,1.37531,1.37558,1.37329,1.37366,6243,1.3701697435758655,BULLISH_ABOVE_EMA200,0.01601560793790945,0.01455964357992356,0.16816388334812196
2026-05-18,12:00:00,1.37367,1.37533,1.37318,1.37388,6013,1.370206661550235,BULLISH_ABOVE_EMA200,0.01528517774478437,0.06332430779980248,0.18778932657874245
2026-05-18,16:00:00,1.37389,1.37512,1.3734,1.37409,7164,1.3702453017338148,BULLISH_ABOVE_EMA200,-0.01673835047194525,0.0807807348863571,0.05749259509930706
2026-05-18,20:00:00,1.37413,1.37502,1.37354,1.37386,4762,1.370281268880742,BULLISH_ABOVE_EMA200,0.06478098205056085,0.15358187879404261,0.03129867672105822
2026-05-19,00:00:00,1.37363,1.37479,1.37354,1.37475,2749,1.3703257338670032,BULLISH_ABOVE_EMA200,0.0327332242225904,0.12438625204583383,0.07201309328969241
2026-05-19,04:00:00,1.37477,1.37529,1.37432,1.3752,5462,1.3703742340275307,BULLISH_ABOVE_EMA200,0.05599185573007107,-0.02326934264106137,0.05162885398487409
2026-05-19,08:00:00,1.37517,1.37602,1.37427,1.37597,6408,1.3704299132909383,BULLISH_ABOVE_EMA200,0.03561124152416851,-0.12209568522568834,0.09011824385707028
2026-05-19,12:00:00,1.37599,1.37736,1.37404,1.37646,6257,1.370489914153715,BULLISH_ABOVE_EMA200,-0.11478720776483986,-0.052308094677655285,-0.02324804207896328
2026-05-19,16:00:00,1.37653,1.37716,1.37464,1.37488,7546,1.3705335965999468,BULLISH_ABOVE_EMA200,-0.04291283602933277,0.07491562900033924,-0.010182706854418494
2026-05-19,20:00:00,1.37487,1.3753,1.37422,1.37429,4823,1.370570973748206,BULLISH_ABOVE_EMA200,0.10550902647912387,0.21247334987521074,0.009459429960194972
2026-05-20,00:00:00,1.37432,1.37579,1.37418,1.37574,2948,1.3706224068452388,BULLISH_ABOVE_EMA200,0.012356986058412454,0.02907526131390786,-0.06105804875920973
2026-05-20,04:00:00,1.37581,1.37604,1.37513,1.37591,6108,1.3706750197124504,BULLISH_ABOVE_EMA200,0.0944829240284669,-0.0850346316256073,0.024710918592059577
2026-05-20,08:00:00,1.37589,1.37722,1.37556,1.37721,6424,1.3707400443919284,BULLISH_ABOVE_EMA200,-0.07769330748398039,-0.2025834840002665,-0.03412696683875156
2026-05-20,12:00:00,1.37721,1.37782,1.37525,1.37614,5256,1.3707937752935013,BULLISH_ABOVE_EMA200,-0.10173383522024257,-0.09010711119507521,0.09664714345924495
2026-05-20,16:00:00,1.37617,1.37756,1.37307,1.37474,8307,1.3708330412109788,BULLISH_ABOVE_EMA200,-0.02327712876617382,0.10983895136534183,0.27568849382428384
2026-05-20,20:00:00,1.37472,1.37553,1.37401,1.37442,5097,1.3708687323432078,BULLISH_ABOVE_EMA200,0.03492382241236565,0.16879847499309528,0.23937369945140605
2026-05-21,00:00:00,1.37429,1.3751,1.37357,1.3749,2456,1.370908844459196,BULLISH_ABOVE_EMA200,0.09818895919702977,0.18692268528619982,0.248018037675461
2026-05-21,04:00:00,1.37489,1.37658,1.37454,1.37625,4928,1.3709619902854726,BULLISH_ABOVE_EMA200,0.03560399636694652,0.16566757493188447,0.18964577656675757
2026-05-21,08:00:00,1.37624,1.37763,1.37591,1.37674,6367,1.3710194829194482,BULLISH_ABOVE_EMA200,0.05302380986968472,0.07045629530629714,0.12275375161613443
2026-05-21,12:00:00,1.37673,1.37748,1.37602,1.37747,6365,1.3710836671690059,BULLISH_ABOVE_EMA200,0.07695267410542958,0.06098136438542777,0.20690105773628603
2026-05-21,16:00:00,1.37752,1.37997,1.37731,1.37853,7484,1.3711577600329958,BULLISH_ABOVE_EMA200,-0.059483652876618054,0.023938543230828595,0.1639427506111531
2026-05-21,20:00:00,1.37852,1.37878,1.3767,1.37771,6185,1.371222956450578,BULLISH_ABOVE_EMA200,0.04355052950184973,0.05226063540222935,0.31574133888845085
2026-05-22,00:00:00,1.37761,1.37875,1.37704,1.37831,2392,1.371293474296841,BULLISH_ABOVE_EMA200,0.039903940332729974,0.14583076376142287,0.14510523757355034
2026-05-22,04:00:00,1.37837,1.37921,1.37828,1.37886,4238,1.3713687631098077,BULLISH_ABOVE_EMA200,-0.031185181961905516,0.13997070043369067,0.12401549105783766
2026-05-22,08:00:00,1.37887,1.3795,1.37832,1.37843,5489,1.3714390241733918,BULLISH_ABOVE_EMA200,0.13711251206081898,0.2633430787199946,0.20312964749750903
2026-05-22,12:00:00,1.37844,1.38066,1.37836,1.38032,5295,1.3715273920920648,BULLISH_ABOVE_EMA200,0.03405007534484543,-0.0007244696881929924,0.023183030022030978
2026-05-22,16:00:00,1.38031,1.3822,1.37906,1.38079,6768,1.37161955734488,BULLISH_ABOVE_EMA200,0.0919763323894368,-0.01593290797296381,-0.03838382375306306
2026-05-22,20:00:00,1.38077,1.38236,1.38039,1.38206,4259,1.3717234423464235,BULLISH_ABOVE_EMA200,-0.1266225778909845,-0.0600552797997271,-0.13313459618251478
2026-05-25,00:00:00,1.38015,1.38113,1.37979,1.38031,2901,1.3718088807310362,BULLISH_ABOVE_EMA200,0.0188363483565394,0.023907672914067386,0.000724474936794308
2026-05-25,04:00:00,1.38032,1.38103,1.37953,1.38057,3640,1.3718960560471454,BULLISH_ABOVE_EMA200,0.047806340859201844,-0.022454493433873866,0.036216924893337166
2026-05-25,08:00:00,1.38058,1.382,1.38034,1.38123,4768,1.371988931111353,BULLISH_ABOVE_EMA200,-0.04271555063239782,-0.07312323074360935,-0.06950326882560108
2026-05-25,12:00:00,1.38121,1.38176,1.38044,1.38064,3747,1.3720750113988023,BULLISH_ABOVE_EMA200,-0.02752346737745154,-0.02317765673891079,0.08184610035924306
2026-05-25,16:00:00,1.38065,1.38102,1.37945,1.38026,4130,1.372156454071451,BULLISH_ABOVE_EMA200,-0.0028980047237505977,0.05868459565588928,0.06592960746525772
2026-05-25,20:00:00,1.38025,1.38048,1.37986,1.38022,1679,1.3722366883592974,BULLISH_ABOVE_EMA200,0.0072452217762377724,0.0036226108881269306,0.06448247380852744
2026-05-26,00:00:00,1.38005,1.38084,1.3796,1.38032,2347,1.3723171193208965,BULLISH_ABOVE_EMA200,0.05433522661412052,0.10504810478729218,0.02752984815115676
2026-05-26,04:00:00,1.38036,1.38107,1.38021,1.38107,4182,1.3724042126609872,BULLISH_ABOVE_EMA200,-0.05792610077692745,0.007240762597115931,-0.013757448934515444
2026-05-26,08:00:00,1.38107,1.38147,1.37985,1.38027,4963,1.3724824792016739,BULLISH_ABOVE_EMA200,0.10867438979328932,0.06085765828424525,0.18329747078469583
2026-05-26,12:00:00,1.38026,1.38208,1.37989,1.38177,4844,1.3725748923439458,BULLISH_ABOVE_EMA200,-0.04342256670791333,-0.0774369106291137,0.07237094451320494
2026-05-26,16:00:00,1.38176,1.38183,1.37994,1.38117,6765,1.37266041580321,BULLISH_ABOVE_EMA200,-0.004344143009184168,-0.020996691211067533,0.10353540838564713
2026-05-26,20:00:00,1.38118,1.38193,1.38081,1.38111,4098,1.3727444912678548,BULLISH_ABOVE_EMA200,-0.02968626684333771,0.12236534381765168,0.2099760337699316
2026-05-27,00:00:00,1.38076,1.38126,1.38032,1.3807,2454,1.372823650558722,BULLISH_ABOVE_EMA200,0.013036865358156659,0.14992395161874528,0.2918809299630606
2026-05-27,04:00:00,1.3807,1.38143,1.38061,1.38088,4451,1.3729038132397298,BULLISH_ABOVE_EMA200,0.1390417704652049,0.12455825270841375,0.3787439893401197
2026-05-27,08:00:00,1.38089,1.3829,1.38078,1.3828,5444,1.3730022827597326,BULLISH_ABOVE_EMA200,-0.0021695111368219906,0.08750361585188988,0.2299681805033237
2026-05-27,12:00:00,1.38276,1.38393,1.382,1.38277,5534,1.3730994739760536,BULLISH_ABOVE_EMA200,-0.012294163165241036,0.14174446943453803,0.1120938406242499
2026-05-27,16:00:00,1.38276,1.38515,1.38226,1.3826,7261,1.373194006573307,BULLISH_ABOVE_EMA200,0.10198177347026698,0.25386952119195005,-0.2524229712136549
2026-05-27,20:00:00,1.38259,1.38404,1.38259,1.38401,4492,1.3733016283984485,BULLISH_ABOVE_EMA200,0.052022745500397684,0.14234001199413496,-0.4118467352114536
2026-05-28,00:00:00,1.3836,1.38492,1.38336,1.38473,2734,1.3734153435387626,BULLISH_ABOVE_EMA200,0.09965841716435238,-0.029608660172020643,-0.4585731514446916
2026-05-28,04:00:00,1.38471,1.38693,1.38468,1.38611,4918,1.3735416585284266,BULLISH_ABOVE_EMA200,-0.009378765033075548,-0.5050104248580485,-0.5201607376037933
2026-05-28,08:00:00,1.38612,1.38644,1.38451,1.38598,6257,1.3736654231201835,BULLISH_ABOVE_EMA200,-0.11977084806418525,-0.5533990389471757,-0.3917805451738154
2026-05-28,12:00:00,1.38599,1.38695,1.38397,1.38432,6322,1.37377143881053,BULLISH_ABOVE_EMA200,-0.3763580674988396,-0.4290915395284368,-0.18420596393897742
2026-05-28,16:00:00,1.38431,1.38515,1.37889,1.37911,8213,1.3738245588223656,BULLISH_ABOVE_EMA200,-0.05800842572384609,-0.015227211752510204,0.05583310975918798
2026-05-28,20:00:00,1.37909,1.37918,1.37733,1.37831,4726,1.3738691900778646,BULLISH_ABOVE_EMA200,0.00507868331507531,0.1625178660823777,0.03337420464192577
2026-05-29,00:00:00,1.3783,1.37852,1.37741,1.37838,2570,1.373914073758682,BULLISH_ABOVE_EMA200,0.03772544581320651,0.24594088712836837,
2026-05-29,04:00:00,1.37834,1.37912,1.37778,1.3789,4449,1.3739636849650634,BULLISH_ABOVE_EMA200,0.11966059902820576,0.07107114366523902,
2026-05-29,08:00:00,1.37887,1.38072,1.37842,1.38055,5845,1.374029220438048,BULLISH_ABOVE_EMA200,0.08837057694397153,-0.1289341204592295,
2026-05-29,12:00:00,1.38053,1.38291,1.37992,1.38177,5891,1.3741062431202564,BULLISH_ABOVE_EMA200,-0.13678108512993822,,
2026-05-29,16:00:00,1.38177,1.38205,1.37699,1.37988,8310,1.374163693437468,BULLISH_ABOVE_EMA200,-0.08044177754586952,,
2026-05-29,20:00:00,1.37988,1.38006,1.37862,1.37877,3295,1.3742095273336126,BULLISH_ABOVE_EMA200,,,
