trade_date,trade_time,open,high,low,close,volume,ema20,ema50,distance_to_ema20_pct,signal,forward_1,forward_3,forward_6
2022-10-21,20:00:00,1.36659,1.36813,1.36296,1.36451,15441,1.3663828571428571,1.3664988235294118,-0.1370667915706602,BEARISH_EMA20_PULLBACK,0.17368872342454106,0.6229342401301694,0.4360539680911186
2022-10-24,00:00:00,1.36323,1.36749,1.36062,1.36688,12329,1.3664302040816327,1.3665137716262976,0.032917591913862995,BULLISH_EMA20_PULLBACK,0.07901205665456879,0.3394592063677848,0.13314994732529065
2022-10-24,04:00:00,1.36696,1.36959,1.36623,1.36796,11110,1.366575898931001,1.3665704864644819,0.10128241468927615,BULLISH_EMA20_PULLBACK,0.36916284101874314,0.26535863621743483,0.18348489721921782
2022-10-25,04:00:00,1.36871,1.37162,1.36801,1.37047,10382,1.368473317202674,1.3674911721195528,0.1459058625569393,BULLISH_EMA20_PULLBACK,0.10434376527759237,-0.5049362627419818,-0.7435405371879824
2022-10-28,20:00:00,1.36221,1.36269,1.36014,1.3606,8777,1.3597152916424569,1.3624215069558099,0.06506570625343909,BEARISH_EMA20_PULLBACK,0.07055710715861178,0.2991327355578435,0.11539026899897628
2022-10-31,04:00:00,1.36157,1.36295,1.3607,1.36153,7298,1.3600470754714897,1.3623540861979622,0.10903479410785018,BEARISH_EMA20_PULLBACK,0.2306229021762387,0.20858886693647408,-0.23209183785886686
2022-10-31,20:00:00,1.36435,1.36531,1.36169,1.36217,15476,1.3615343376603373,1.3626921887270016,0.04668720590294901,BEARISH_EMA20_PULLBACK,-0.042579120080461684,-0.4859892671252538,0.06093218908064973
2022-11-01,00:00:00,1.36205,1.36255,1.36107,1.36159,4484,1.3615396388355434,1.362648965639668,0.0036988393888951077,BEARISH_EMA20_PULLBACK,-0.23648822332713962,-0.5258558009386125,0.005141048333199751
2022-11-02,00:00:00,1.36224,1.36351,1.36114,1.36166,5080,1.3609041234414692,1.3620592727427212,0.055542234424234345,BEARISH_EMA20_PULLBACK,-0.09033091961283024,-0.11309724894614638,0.6631611415478071
2022-11-02,04:00:00,1.36164,1.36203,1.35902,1.36043,9941,1.360858968827996,1.361995379693987,-0.03152191651169862,BEARISH_EMA20_PULLBACK,-0.09188271355380088,0.22933925303029273,0.6218622053321312
2022-11-02,08:00:00,1.36038,1.36132,1.35874,1.35918,9470,1.3606990670348535,1.361884972647164,-0.11163872098213057,BEARISH_EMA20_PULLBACK,0.06915934607630636,0.8755278918171266,1.2029311790932669
2022-11-17,16:00:00,1.3393,1.3397,1.33224,1.33303,21948,1.332339463630655,1.3375217767075038,0.05182886105191925,BEARISH_EMA20_PULLBACK,-0.03450785053598981,-0.10127303961650994,0.5536259499036155
2022-11-17,20:00:00,1.33306,1.33392,1.33214,1.33257,10869,1.3323614194753544,1.3373275893856411,0.015654950796144113,BEARISH_EMA20_PULLBACK,-0.08704983603113156,0.10130799882932695,0.4795245277921532
2022-11-18,00:00:00,1.3324,1.33304,1.33057,1.33141,6413,1.3322708080967491,1.3370955270567926,-0.06461209624332197,BEARISH_EMA20_PULLBACK,0.02027925282219545,0.3732884686159725,0.7030140978361312
2022-11-22,12:00:00,1.34036,1.34101,1.3385,1.3406,11073,1.33937261921096,1.3388197895211102,0.09163848591760887,BULLISH_EMA20_PULLBACK,-0.13874384603908496,-0.24615843652096678,0.04251827539907201
2022-11-22,16:00:00,1.3406,1.34185,1.3383,1.33874,14908,1.3393123697622973,1.3388166605202825,-0.042736091685528686,BEARISH_EMA20_PULLBACK,-0.11727445209675301,0.05676979846720587,0.13146690171355033
2022-11-22,20:00:00,1.33878,1.33922,1.3365,1.33717,7019,1.3391083345468404,1.3387520855979185,-0.14474815045463726,BEARISH_EMA20_PULLBACK,0.009722024873423983,0.11292505814519636,-0.13386480402641088
2022-11-23,04:00:00,1.33734,1.33954,1.33709,1.3395,4710,1.3389898158081848,1.3387267041601703,0.03810217118844986,BULLISH_EMA20_PULLBACK,-0.06121687196713855,0.07465472191116924,-0.37103396789846355
2022-11-23,08:00:00,1.33952,1.33955,1.33629,1.33868,9625,1.3389603095407385,1.3387248726244774,-0.020934865562563118,BEARISH_EMA20_PULLBACK,0.18600412346489684,-0.24651148892939914,-0.29431977769146134
2022-11-23,12:00:00,1.33864,1.34399,1.33864,1.34117,13325,1.3391707562511446,1.338820759972537,0.14928968091060024,BULLISH_EMA20_PULLBACK,-0.04995638136850275,-0.522677960288402,-0.48539707867011755
2022-11-25,20:00:00,1.33807,1.33873,1.33679,1.33746,5744,1.336631600849236,1.337460304056799,0.061976624691330036,BEARISH_EMA20_PULLBACK,0.672169634979725,0.5181463370867077,0.897970780434544
2022-12-02,00:00:00,1.34276,1.34525,1.3416,1.3445,4704,1.345545958225996,1.3436976252335997,-0.07773485696282631,BULLISH_EMA20_PULLBACK,-0.04908888062477538,0.250650799553728,-0.2625511342506533
2022-12-02,08:00:00,1.34383,1.3453,1.34204,1.3434,9031,1.3451945825840919,1.343691318026095,-0.13340691431008989,BEARISH_EMA20_PULLBACK,0.3327378293881178,0.22182521959207852,-0.1183564091112089
2022-12-08,20:00:00,1.35734,1.35948,1.35622,1.3592,9242,1.3603558806641534,1.3542669465611359,-0.08496899087825992,BULLISH_EMA20_PULLBACK,-0.14346674514419483,0.3296056503825809,0.404649793996473
2022-12-09,04:00:00,1.35731,1.35939,1.35705,1.35918,6747,1.3599762651241707,1.354572010262702,-0.05854992800906967,BULLISH_EMA20_PULLBACK,0.3310819758972283,0.23102164540384057,0.4488000117718031
2022-12-13,08:00:00,1.36189,1.36258,1.36028,1.36226,9194,1.3629614390107272,1.3584950728763943,-0.05146433278672139,BULLISH_EMA20_PULLBACK,-0.601940892340668,-0.5762482932773578,-0.6217608973323725
2022-12-15,04:00:00,1.35652,1.35736,1.35545,1.35597,4946,1.3580062533367343,1.357412381491979,-0.14994432696691656,BEARISH_EMA20_PULLBACK,0.10545956031475935,0.7655036615854375,0.5154981304896165
2022-12-19,12:00:00,1.36454,1.36634,1.36352,1.36549,10236,1.3639839045736248,1.360952407085194,0.1104188562141466,BULLISH_EMA20_PULLBACK,-0.16697302799728006,-0.1523262711554154,-0.1618466631026258
2022-12-19,20:00:00,1.36321,1.36695,1.36284,1.36499,8922,1.3640130375307902,1.3611958052331992,0.07162412985276903,BULLISH_EMA20_PULLBACK,-0.11575176374917875,-0.2578773470867895,-0.2805881361768218
2022-12-20,12:00:00,1.36146,1.36396,1.3605,1.36328,12319,1.3640321495881351,1.361629656239948,-0.05514163198881969,BULLISH_EMA20_PULLBACK,-0.04621207675606848,-0.2075875828883362,-0.21859045830643614
2022-12-21,08:00:00,1.36043,1.36254,1.36009,1.36187,8395,1.3629423271371182,1.3615674316573536,-0.07867736702921871,BULLISH_EMA20_PULLBACK,-0.1152826628092145,-0.049931344401449036,-0.2276281877124748
2022-12-22,12:00:00,1.35878,1.36391,1.35878,1.36354,11566,1.3617242376978527,1.3613019190244169,0.13334287896770164,BULLISH_EMA20_PULLBACK,0.29042052305029287,0.0036669257960973284,-0.2823532862988918
2022-12-23,08:00:00,1.36348,1.36353,1.36029,1.36053,6662,1.362480575646737,1.36175915337756,-0.14316355635464167,BEARISH_EMA20_PULLBACK,-0.061740645189738694,-0.09775602155042912,-0.5696309526434495
2022-12-29,04:00:00,1.35971,1.35972,1.35778,1.35852,4210,1.3569423418523177,1.3586371407528002,0.1162656731257043,BEARISH_EMA20_PULLBACK,0.009569237110971018,-0.2826605423549041,-0.2716191149191746
2022-12-29,08:00:00,1.35852,1.36082,1.35824,1.35865,6740,1.3571049759616207,1.3586376450370041,0.11384705426228489,BULLISH_EMA20_PULLBACK,-0.10525153645161156,-0.289993743789779,-0.281897471755051
2022-12-29,12:00:00,1.35868,1.3604,1.35701,1.35722,8554,1.3571159306319425,1.3585820511139843,0.007668421371279928,BEARISH_EMA20_PULLBACK,-0.1871472568927651,-0.16283284950118956,-0.24682807503574852
2022-12-30,04:00:00,1.35503,1.35594,1.35422,1.35483,4144,1.3563573680507885,1.358024439709027,-0.11260808447434018,BEARISH_EMA20_PULLBACK,-0.0007380999830285358,-0.14097709675753256,0.09890539772518463
2022-12-30,08:00:00,1.35488,1.35631,1.35267,1.35482,7114,1.3562109520459515,1.3578987754067124,-0.10256162906318304,BEARISH_EMA20_PULLBACK,-0.07012001594307779,0.01623831948156279,0.48124474099881026
2023-01-03,04:00:00,1.36101,1.36188,1.3541,1.35617,7991,1.356143449280522,1.357535038831712,0.0019578105466783987,BEARISH_EMA20_PULLBACK,0.3812206434296509,0.7742392177971753,0.6216034862885875
2023-01-05,20:00:00,1.3579,1.35829,1.35508,1.35686,9446,1.3553798122309537,1.3568682008898558,0.10920833818602108,BEARISH_EMA20_PULLBACK,-0.11718231799890778,0.3412290140471481,-0.9227186297775648
2023-01-06,00:00:00,1.35676,1.35677,1.35465,1.35527,4409,1.3553693539232439,1.3568055263451557,-0.007330394696936684,BEARISH_EMA20_PULLBACK,0.14019346698443946,-0.0929704044212621,-1.007179381230304
2023-01-06,04:00:00,1.35528,1.35777,1.35377,1.35717,6218,1.3555408440257921,1.3568198194296595,0.12018494178083772,BULLISH_EMA20_PULLBACK,0.318309423285226,-0.9475599961685045,-1.2725008657721506
2023-01-06,12:00:00,1.36145,1.36642,1.3539,1.35401,13927,1.3559076750415213,1.3568855926376826,-0.13995606606941535,BEARISH_EMA20_PULLBACK,-0.7163905731863164,-0.9150597115235413,-1.2134326925207308
2023-01-10,20:00:00,1.34354,1.34382,1.34165,1.34268,7306,1.3440887126505374,1.3497320467277336,-0.10480801135211897,BEARISH_EMA20_PULLBACK,0.05809276968451178,-0.037238954925981387,-0.020853814758546932
2023-01-11,04:00:00,1.34348,1.34395,1.3412,1.34227,5063,1.343861327135701,1.3492031004203338,-0.1184145345630726,BEARISH_EMA20_PULLBACK,-0.006705059339785997,0.0797157054839864,0.04842542856502919
2023-01-11,08:00:00,1.34226,1.34348,1.34113,1.34218,8290,1.3437012007418248,1.3489276847175757,-0.11320974789521705,BEARISH_EMA20_PULLBACK,-0.06780014603108125,0.016391244095434965,0.014156074446060478
2023-01-11,20:00:00,1.34333,1.34351,1.34147,1.3424,7774,1.34335661331262,1.3481839551856984,-0.0712106750463707,BEARISH_EMA20_PULLBACK,0.013408820023843042,-0.0022348033373044167,-0.4171632896305162
2023-01-12,08:00:00,1.34292,1.34482,1.34199,1.34237,7298,1.3431644823141413,1.347554758001389,-0.05915003892691075,BEARISH_EMA20_PULLBACK,-0.5274253745241606,-0.41493775933610516,-0.569887586879933
2023-01-13,16:00:00,1.34262,1.34394,1.33929,1.33997,16228,1.3403614726036035,1.3448937927675937,-0.02920649478554259,BEARISH_EMA20_PULLBACK,-0.04626969260506317,-0.24254274349427202,-0.06418054135540967
2023-01-13,20:00:00,1.33994,1.34095,1.3386,1.33935,7204,1.340265141879451,1.344676389129649,-0.06828065961392925,BEARISH_EMA20_PULLBACK,-0.23593534177026554,0.004479784970317615,0.09407548437675282
2023-01-16,16:00:00,1.33966,1.34005,1.33861,1.33911,6492,1.3395227379250825,1.3435166257108482,-0.03081231198223492,BEARISH_EMA20_PULLBACK,0.11201469632816251,0.10977440240160123,0.023149703907821798
2023-01-17,00:00:00,1.34057,1.34113,1.33949,1.34053,4427,1.3397123546280154,1.3432899878245852,0.061031412389386766,BEARISH_EMA20_PULLBACK,0.0037298680372767124,0.026109076260887296,-0.1335292757342214
2023-01-17,04:00:00,1.3406,1.34217,1.33934,1.34058,4948,1.3397949875205852,1.3431837137922484,0.058591985096735494,BEARISH_EMA20_PULLBACK,0.15814050634799112,-0.08652971102060673,-0.20886481970491394
2023-01-17,12:00:00,1.34267,1.34365,1.33954,1.34088,10619,1.3401486405780756,1.3430751467955357,0.05457300778285378,BEARISH_EMA20_PULLBACK,-0.10888371815524259,-0.159596682775493,-0.1424437682715887
2023-01-17,16:00:00,1.34082,1.34082,1.3369,1.33942,15075,1.3400792462373063,1.3429318077055148,-0.04919457107908573,BEARISH_EMA20_PULLBACK,-0.03658299861134681,-0.12244105657673364,0.6144450583088171
2023-01-17,20:00:00,1.33947,1.34023,1.33707,1.33893,7555,1.3399697942147057,1.3427748740700045,-0.07759833237995986,BEARISH_EMA20_PULLBACK,-0.014190435646367806,-0.2352624857162052,0.7744990402784306
2023-01-18,00:00:00,1.33878,1.33965,1.33851,1.33874,4145,1.3398526709561625,1.342616643714318,-0.08304427645528902,BEARISH_EMA20_PULLBACK,-0.07170921911648803,0.017180333746653755,0.9165334568325443
2023-01-18,04:00:00,1.33874,1.34091,1.33752,1.33778,8114,1.3396552737222422,1.3424269714117958,-0.13998181166650542,BEARISH_EMA20_PULLBACK,-0.14950141278835097,0.7377894721105149,0.9164436603925861
2023-01-20,04:00:00,1.34526,1.34701,1.34452,1.34597,4928,1.3446194918835308,1.344003007710812,0.10043793984999631,BULLISH_EMA20_PULLBACK,0.06463739905049343,-0.39673989762031264,-0.6025394325282184
2023-01-20,08:00:00,1.34597,1.34764,1.34416,1.34684,8057,1.3448309688470041,1.344114262310388,0.14938912023407214,BULLISH_EMA20_PULLBACK,0.04306376406997304,-0.6533812479581941,-0.8694425469989091
2023-01-25,12:00:00,1.33759,1.33843,1.33634,1.33673,13082,1.3382197387416732,1.3405202432963887,-0.11132243072980236,BEARISH_EMA20_PULLBACK,0.3186881419583559,0.23714587089390657,-0.09276368451369445
2023-01-25,20:00:00,1.34098,1.34104,1.3376,1.33914,12083,1.3385460899903492,1.340483815515044,0.044369784058395256,BEARISH_EMA20_PULLBACK,0.05675284137581537,0.08214227041236173,-0.525710530639062
2023-01-26,04:00:00,1.33989,1.34053,1.3393,1.33932,5601,1.3387364591530977,1.34041617879724,0.043588926178310755,BEARISH_EMA20_PULLBACK,0.0686915748290201,-0.2613266433712674,-0.43753546575874147
2023-02-02,20:00:00,1.33176,1.333,1.33029,1.33154,9884,1.3320859221451924,1.334751424912293,-0.040982502413454844,BEARISH_EMA20_PULLBACK,0.07284798053382831,0.2358171740991741,0.6683989966505047
2023-02-07,20:00:00,1.3388,1.34584,1.33796,1.33976,14453,1.3396621542099894,1.3378238783114245,0.0073037660803674295,BULLISH_EMA20_PULLBACK,0.014181644473630536,-0.2134710694452801,0.36499074461096304
2023-02-08,00:00:00,1.33878,1.34033,1.33878,1.33995,4245,1.3396895680947523,1.3379072556325453,0.019439720324021807,BULLISH_EMA20_PULLBACK,-0.05298705175566166,0.07089816784208414,0.3716556587932374
2023-02-08,12:00:00,1.33686,1.34161,1.33646,1.3409,8638,1.3395294274443261,1.3380349126498357,0.10231746519288906,BULLISH_EMA20_PULLBACK,0.15661123126258414,0.30054441047057784,-0.231188008054283
2023-02-16,04:00:00,1.33819,1.33861,1.33706,1.33825,4542,1.3377282109662354,1.3379615878300886,0.03900560887384257,BULLISH_EMA20_PULLBACK,-0.014197646179705769,0.3556883990285894,0.7763870726695402
2023-02-20,20:00:00,1.34507,1.34548,1.34494,1.34518,2185,1.3446989698475964,1.3419318313759567,0.035772329955615044,BULLISH_EMA20_PULLBACK,0.14570540745476157,0.014867898719872282,0.6251951411707005
2023-02-24,04:00:00,1.35381,1.35461,1.35271,1.35442,5619,1.3524321523038456,1.3480799088674917,0.14698317344556458,BULLISH_EMA20_PULLBACK,0.17867426647569357,0.5293778886903708,0.5662940594498063
2023-02-27,16:00:00,1.35678,1.35882,1.35338,1.35703,14042,1.3565509664124646,1.3515410905450045,0.03531261260328229,BULLISH_EMA20_PULLBACK,0.030949942153090722,0.14001164307347758,0.3382386535301426
2023-02-27,20:00:00,1.35702,1.35825,1.35652,1.35745,8621,1.3566365886588967,1.351772812484416,0.05995793920813029,BULLISH_EMA20_PULLBACK,0.029467015359678512,0.10460790452686852,0.5200928210983715
2023-02-28,00:00:00,1.35693,1.35804,1.35632,1.35785,4235,1.3567521516437637,1.3520111335634586,0.08091738457213313,BULLISH_EMA20_PULLBACK,0.07953750414257613,0.05965312810693209,0.4028427293147318
2023-02-28,04:00:00,1.35787,1.35921,1.35711,1.35893,4975,1.356959565772929,1.3522824616590092,0.14520950194625937,BULLISH_EMA20_PULLBACK,-0.0044152384596667215,0.19794985760856568,0.22149779606013242
2023-03-02,00:00:00,1.35911,1.36262,1.35822,1.36093,4966,1.3597089252761236,1.3554265929339508,0.08980412654336045,BULLISH_EMA20_PULLBACK,0.04702666558897033,0.15577582976347953,-0.18884145400571384
2023-03-02,04:00:00,1.36091,1.36215,1.35989,1.36157,6480,1.3598861704879213,1.3556675108581095,0.12382135715627816,BULLISH_EMA20_PULLBACK,-0.03892565200466516,0.0638968249888106,-0.2225372180644305
2023-03-03,04:00:00,1.35836,1.35908,1.35796,1.35854,6030,1.3600497008339743,1.3566772539240253,-0.11100335767497546,BULLISH_EMA20_PULLBACK,-0.17224373224196626,0.08833011909843418,0.07655276988531289
2023-03-03,12:00:00,1.35628,1.36186,1.3561,1.36147,9781,1.3598532471679472,1.3568472228648922,0.11889171389779267,BULLISH_EMA20_PULLBACK,-0.1270685362145335,-0.07932602260791423,0.015424504395986947
2023-03-06,00:00:00,1.35984,1.36139,1.35914,1.36039,4300,1.3598694074424955,1.3571927093111378,0.03828254056274059,BULLISH_EMA20_PULLBACK,-0.059541749057253984,0.0948257484985933,0.011761333147107667
2023-03-06,08:00:00,1.35958,1.36027,1.35817,1.35996,8404,1.3598530977023604,1.357391178414472,0.007861312212347024,BULLISH_EMA20_PULLBACK,0.1264743080678802,0.0941204153063287,0.233830406776667
2023-03-06,12:00:00,1.35997,1.36284,1.3597,1.36168,8973,1.3600270883973737,1.3575593674962576,0.12153519710949408,BULLISH_EMA20_PULLBACK,-0.06168850243816108,-0.0829857235180127,0.23500381881206242
2023-03-06,20:00:00,1.36087,1.36239,1.36075,1.36124,7310,1.3602126505928616,1.3578273130943925,0.0755285878785692,BULLISH_EMA20_PULLBACK,-0.05068907760571828,0.1395786194939917,1.0314125356292831
2023-03-07,04:00:00,1.36054,1.36185,1.35995,1.36114,5709,1.360330038240415,1.358059807281675,0.059541562474986216,BULLISH_EMA20_PULLBACK,0.1469356568758542,0.9087970377771568,1.10936420941269
2023-03-13,12:00:00,1.37387,1.38015,1.37364,1.37681,25674,1.376887247166134,1.3709485224964195,-0.005610275372429706,BULLISH_EMA20_PULLBACK,-0.31957931740764384,-0.19102127381411613,-0.7611798287345418
2023-03-14,00:00:00,1.37189,1.37476,1.37189,1.37418,6106,1.3759445446833507,1.3712050713766295,-0.12824242736881686,BULLISH_EMA20_PULLBACK,-0.0829585643802063,-0.5712497634953145,-0.3580316989040763
2023-03-16,04:00:00,1.37438,1.37609,1.37402,1.37522,9612,1.3738259486404722,1.3717174091298503,0.10147219601634412,BULLISH_EMA20_PULLBACK,-0.07780573290092686,-0.1316153051875401,-0.4908305580198101
2023-03-16,12:00:00,1.37416,1.37686,1.37261,1.37421,14273,1.3738904477533118,1.37190681250318,0.023258932123057612,BULLISH_EMA20_PULLBACK,-0.0582152654979888,-0.08659520742826965,-0.12880127491430185
2023-03-17,00:00:00,1.37133,1.37362,1.37133,1.37302,4289,1.3736080575682936,1.372008770564765,-0.04281116181967965,BULLISH_EMA20_PULLBACK,-0.33138628716259283,-0.0422426475943397,-0.2840453889965197
2023-03-17,12:00:00,1.36981,1.37289,1.36902,1.37244,11427,1.372768112175891,1.371814355475451,-0.023901500404961612,BULLISH_EMA20_PULLBACK,0.091078662819502,-0.24190492844861788,-0.2943662382326399
2023-03-17,16:00:00,1.37242,1.37729,1.37205,1.37369,18857,1.3728559110162823,1.3718879101626882,0.06075575572241074,BULLISH_EMA20_PULLBACK,-0.012375426770232255,-0.11720257117691119,-0.45716282421798676
2023-03-20,04:00:00,1.36914,1.37256,1.3689,1.37208,8330,1.3725118727632744,1.3718502363550225,-0.031465867206299625,BULLISH_EMA20_PULLBACK,-0.03498338289312839,-0.3403591627310326,-0.23540901405166362
2023-03-20,08:00:00,1.37208,1.37466,1.37058,1.3716,13172,1.3724250277382004,1.3718404231646295,-0.06011459435129586,BEARISH_EMA20_PULLBACK,-0.23330417031203485,-0.3842228054826397,-0.28506853310001884
2023-03-22,00:00:00,1.37074,1.37182,1.37064,1.37104,3078,1.3704271191394546,1.370908041958496,0.04472188648239117,BULLISH_EMA20_PULLBACK,-0.08679542537052343,-0.050326759248459516,-0.033551172832311744
2023-03-22,04:00:00,1.37105,1.37117,1.36974,1.36985,5614,1.3703721554118875,1.3708665501169863,-0.03810318312623263,BEARISH_EMA20_PULLBACK,0.07446070737672161,0.24309230937694312,-0.23287221228601862
2023-03-22,08:00:00,1.36983,1.37189,1.36977,1.37087,7466,1.370419569182184,1.3708666854065163,0.03286809586969984,BULLISH_EMA20_PULLBACK,-0.03793211610145936,0.15537578326172174,-0.29178550847272194
2023-03-22,12:00:00,1.37084,1.37146,1.36935,1.37035,8795,1.3704129435457855,1.3708464232337119,-0.0045930349740167156,BEARISH_EMA20_PULLBACK,0.2065165833546255,0.016784033276166854,-0.20067865873682125
2023-03-23,00:00:00,1.37324,1.37346,1.3704,1.37058,5054,1.3708674980866584,1.3710015934069324,-0.02097198212517085,BEARISH_EMA20_PULLBACK,-0.28601030220781887,-0.21742619912737549,0.07150257555195472
2023-03-23,20:00:00,1.3664,1.3733,1.36638,1.37141,14327,1.369726400499125,1.370431181345275,0.12291502158836569,BULLISH_EMA20_PULLBACK,0.010937648113975577,0.27198284976775805,0.19177343026519497
2023-03-24,00:00:00,1.37144,1.37268,1.37064,1.37156,5064,1.3699010290230178,1.3704754487434996,0.12110152060877188,BULLISH_EMA20_PULLBACK,0.02187290384672847,0.5912975006561917,0.12686284231095066
2023-03-24,04:00:00,1.37153,1.37364,1.37132,1.37186,7089,1.3700875976874922,1.3705297448712055,0.12936416003614773,BULLISH_EMA20_PULLBACK,0.23909145248057012,0.1989998979487629,0.08965929468020369
2023-03-27,00:00:00,1.373,1.37385,1.3726,1.3733,4587,1.3720834703124143,1.371389586708946,0.08866295046238558,BULLISH_EMA20_PULLBACK,-0.015291633292073364,-0.14490642976770818,-0.6488021553921193
2023-03-27,12:00:00,1.37245,1.37342,1.36996,1.37131,9290,1.3721172749025863,1.3714868447785604,-0.05883424961933848,BEARISH_EMA20_PULLBACK,-0.3383625875987178,-0.5046269625394723,-0.40399326191744395
2023-04-05,20:00:00,1.3475,1.34795,1.34524,1.34567,5908,1.3472444926834242,1.3535338172720692,-0.11686762810870284,BEARISH_EMA20_PULLBACK,0.06390868489303343,0.1679460789049433,0.26306598200153813
2023-04-06,08:00:00,1.34865,1.34887,1.34581,1.34793,8247,1.3473751857591627,1.3528765081924874,0.041177412698509885,BEARISH_EMA20_PULLBACK,-0.0037093914372486343,0.09496042079336077,0.22404724280934638
2023-04-06,12:00:00,1.34793,1.34891,1.34593,1.34788,8622,1.3474232633059091,1.3526805666947428,0.03389704679509896,BEARISH_EMA20_PULLBACK,-0.026708609074985602,0.10386681306941775,0.20921743775410606
2023-04-06,16:00:00,1.3479,1.35056,1.3463,1.34752,11638,1.347432476324394,1.352478191530243,0.0064955889919554735,BEARISH_EMA20_PULLBACK,0.12541557824744487,0.09424720968890127,0.24860484445499614
2023-04-07,04:00:00,1.34928,1.34939,1.34855,1.34879,2340,1.347859539478352,1.3520947463294024,0.06903245437637595,BEARISH_EMA20_PULLBACK,0.1601435360582568,0.15421229398201958,0.1972137990346983
2023-04-10,00:00:00,1.35147,1.35171,1.35012,1.35104,3474,1.3490885970799469,1.3518912091589779,0.1446460168944335,BEARISH_EMA20_PULLBACK,0.03034699194694616,0.24869729985788946,-0.0636546660350606
2023-04-10,08:00:00,1.35145,1.35194,1.34889,1.34974,4977,1.3493541123488906,1.35179022421788,0.02859795272255314,BEARISH_EMA20_PULLBACK,0.3452516781009757,0.08520159438113892,0.019262969164442707
2023-04-10,20:00:00,1.35262,1.35286,1.35021,1.35089,5679,1.350176047575968,1.3518810367732577,0.05287846909398359,BEARISH_EMA20_PULLBACK,-0.052557943281835565,-0.06588249228285319,-0.33385397774800424
2023-04-11,00:00:00,1.35047,1.35084,1.34973,1.35018,2662,1.3501764239973046,1.3518143294488163,0.0002648544761807148,BEARISH_EMA20_PULLBACK,-0.050363655216342555,0.030366321527501627,-0.3029225732865194
2023-04-11,04:00:00,1.35024,1.35127,1.34889,1.3495,7022,1.350112002664228,1.3517235714312157,-0.045329769902076114,BEARISH_EMA20_PULLBACK,0.037050759540582956,-0.07928862541681396,-0.2934420155613163
2023-04-11,16:00:00,1.35056,1.35158,1.3469,1.34843,11778,1.3499842680351948,1.3514893075462011,-0.11513230724213452,BEARISH_EMA20_PULLBACK,-0.15202865554757067,-0.21432332416217817,-0.37302640848988006
2023-04-17,20:00:00,1.34041,1.34081,1.33902,1.33934,5911,1.3389284608689005,1.3433835674843662,0.0307364540471723,BEARISH_EMA20_PULLBACK,-0.005973091224041693,-0.20084519240820714,-0.04106500216524934
2023-04-18,04:00:00,1.33924,1.33966,1.33791,1.33875,5824,1.338940032593363,1.343046491937702,-0.014192763584395944,BEARISH_EMA20_PULLBACK,-0.1568627450980551,-0.017180205415512566,0.07021475256768933
2023-04-28,00:00:00,1.35923,1.3607,1.35898,1.36019,3841,1.3597664740692905,1.3545824389366077,0.03114696080438204,BULLISH_EMA20_PULLBACK,0.04778744146038711,0.2639337151427361,-0.34333438710767994
2023-04-28,04:00:00,1.36015,1.36091,1.35938,1.36084,6770,1.35986871463412,1.3548278334881134,0.07142493649774287,BULLISH_EMA20_PULLBACK,0.3791775667969822,-0.41444989859205267,-0.4004879339231618
2023-05-01,08:00:00,1.35538,1.35697,1.35495,1.35697,6247,1.3587245046799148,1.3555849016174357,-0.12912880233422325,BULLISH_EMA20_PULLBACK,-0.11496201095086891,-0.1952880314229527,-0.01105403951451355
2023-05-02,08:00:00,1.3536,1.35758,1.35279,1.35682,9776,1.3569833149209956,1.3554204238807561,-0.012035145841505569,BULLISH_EMA20_PULLBACK,0.2410047021712612,0.42083695700241036,0.3780899456081189
2023-05-03,20:00:00,1.36011,1.36268,1.35816,1.36138,15646,1.3598277944657433,1.3573484455057618,0.11414721338789537,BULLISH_EMA20_PULLBACK,0.07786216926942227,0.025709206834247045,-0.558991611453093
2023-05-04,08:00:00,1.35864,1.36183,1.3582,1.36173,9422,1.3601093966354099,1.3577528729169577,0.11915242763554432,BULLISH_EMA20_PULLBACK,-0.0881231962283338,-0.584550534981251,-0.8665447629118864
2023-05-16,00:00:00,1.34662,1.34699,1.34614,1.34628,3245,1.3478665471774902,1.347449732053226,-0.11770803131902151,BEARISH_EMA20_PULLBACK,0.04159610185103515,-0.3394539026056959,0.0779926909706744
2023-05-16,08:00:00,1.34687,1.34935,1.34495,1.34554,8371,1.3475565159434786,1.3473518672279106,-0.14964240234976572,BEARISH_EMA20_PULLBACK,-0.2846440834163236,0.1672191090565933,0.3842323528100331
2023-05-16,20:00:00,1.3461,1.34823,1.34598,1.34779,6086,1.3469983071867315,1.3471180210288385,0.05877459600688035,BULLISH_EMA20_PULLBACK,-0.03412994605985554,0.21665096194511263,-0.17213364099749215
2023-05-17,00:00:00,1.34604,1.34807,1.34604,1.34733,3577,1.3470298969784713,1.3471263339296684,0.022278868657761096,BULLISH_EMA20_PULLBACK,0.0289461379172224,-0.021524051271767233,-0.08535399642255309
2023-05-17,04:00:00,1.34734,1.34848,1.34619,1.34772,5745,1.3470956210757596,1.3471496149520343,0.04635000771079433,BULLISH_EMA20_PULLBACK,0.22185617190514706,-0.21963019024723784,-0.06232748642150831
2023-05-17,12:00:00,1.3507,1.35111,1.3466,1.34704,9118,1.3474017669123566,1.3472794638599903,-0.026849223538245245,BEARISH_EMA20_PULLBACK,-0.16926000712674158,-0.0638436868986877,0.0868571089202914
2023-05-18,08:00:00,1.34686,1.34799,1.34615,1.34755,8083,1.346970820146201,1.3470880948731416,0.042998693448771795,BULLISH_EMA20_PULLBACK,0.04897777447960246,0.1929427479499785,0.000742087492120182
2023-05-18,12:00:00,1.34756,1.34851,1.34632,1.34821,8112,1.3470888372751342,1.347132091152626,0.0832285662119804,BULLISH_EMA20_PULLBACK,0.27443795847828134,0.10458311390659715,-0.08529828439189625
2023-05-19,08:00:00,1.34957,1.34975,1.34727,1.34756,8832,1.3480675812983378,1.3475950398221397,-0.037652511296864345,BEARISH_EMA20_PULLBACK,-0.03710409926089873,0.1640001187331045,0.1306064293983187
2023-05-19,12:00:00,1.34756,1.34944,1.34696,1.34706,8955,1.3479716211746866,1.3475740578683304,-0.06762910734665564,BEARISH_EMA20_PULLBACK,0.2019212210295054,0.13139726515523062,0.2553709560079069
2023-05-19,16:00:00,1.34709,1.35234,1.34684,1.34978,13727,1.3481438477294783,1.3476605654029057,0.12136333027646114,BULLISH_EMA20_PULLBACK,-0.000740861473726497,-0.007408614737215619,0.07704959326704573
2023-05-22,04:00:00,1.3488,1.35023,1.34849,1.34968,6522,1.348476049193013,1.3478601827282604,0.08928232783277709,BULLISH_EMA20_PULLBACK,-0.026672989152978187,0.08446446565111129,0.008150080018971497
2023-05-22,12:00:00,1.34934,1.35134,1.349,1.3505,8231,1.348741527797455,1.348018707701097,0.13037873946215936,BULLISH_EMA20_PULLBACK,0.02369492780450766,-0.06442058496852472,0.001480932987775563
2023-05-22,16:00:00,1.35047,1.35187,1.34971,1.35082,9990,1.3489394775310308,1.348128562301054,0.13940747530133887,BULLISH_EMA20_PULLBACK,-0.024429605720965152,-0.0762499814927129,-0.025169896803423623
2023-05-23,04:00:00,1.34964,1.35002,1.34853,1.34979,5973,1.3492008612876947,1.3483357722607192,0.04366575275849504,BULLISH_EMA20_PULLBACK,0.2355922032316109,0.05111906296533959,0.02444824750516313
2023-05-24,04:00:00,1.34993,1.35105,1.34955,1.35012,6314,1.3498188263649977,1.3488285633668584,0.022312152499258598,BULLISH_EMA20_PULLBACK,0.2799751133232688,0.6814209107338679,0.7962255206944595
2023-05-29,00:00:00,1.36067,1.36187,1.36024,1.36077,2997,1.3594566859870834,1.3549338820194794,0.09660580042409353,BULLISH_EMA20_PULLBACK,-0.06907853641687726,-0.0014697560939858332,-0.15285463377353128
2023-05-29,12:00:00,1.35905,1.36101,1.35859,1.36075,5179,1.3595713345411298,1.3554931617983261,0.08669390335946914,BULLISH_EMA20_PULLBACK,-0.17049421275031254,-0.15138710270071293,-0.12640088186661355
2023-05-29,20:00:00,1.35844,1.35946,1.35838,1.35895,1681,1.3594138135359362,1.3557393777307885,-0.03411864226461253,BULLISH_EMA20_PULLBACK,-0.019132418411284373,-0.03605725008279197,0.07505794915190396
2023-05-30,00:00:00,1.3585,1.36046,1.3585,1.35869,3264,1.3593448789134661,1.3558550884080125,-0.04817606801811846,BULLISH_EMA20_PULLBACK,0.06476826943600025,0.025024104100273573,0.13321655418087197
2023-05-30,04:00:00,1.35865,1.3607,1.35672,1.35957,6147,1.3593663190169454,1.3560007712155413,0.014983524323440814,BULLISH_EMA20_PULLBACK,-0.08164346080010182,-0.02059474686848312,0.32068962980943544
2023-05-30,12:00:00,1.35847,1.3594,1.35672,1.35903,10061,1.35925619311818,1.356212222871401,-0.016640948139515686,BULLISH_EMA20_PULLBACK,0.019131292171633372,0.10816538266264043,0.3495139915969502
2023-05-30,16:00:00,1.35905,1.36134,1.35845,1.35929,13127,1.3592594128212103,1.356332920013699,0.0022502826540153884,BULLISH_EMA20_PULLBACK,0.050026116575549874,0.3413546778097372,0.08018892215787751
2023-05-30,20:00:00,1.35929,1.36128,1.35929,1.35997,6659,1.359327087790619,1.3564755506013972,0.047296358261050275,BULLISH_EMA20_PULLBACK,0.038971447899596424,0.320595307249435,-0.1816216534188234
2023-05-31,00:00:00,1.35998,1.36083,1.35966,1.3605,2843,1.3594387937153218,1.3566333721464405,0.07806208632445664,BULLISH_EMA20_PULLBACK,0.2521131936787978,0.24108783535464529,-0.2050716648291121
2023-06-01,08:00:00,1.35663,1.35849,1.35643,1.35761,8126,1.3595278750091,1.3575482306736675,-0.1410691935306714,BULLISH_EMA20_PULLBACK,-0.2806402427795973,-0.9443065386966841,-1.216107718711561
2023-06-09,04:00:00,1.33684,1.33709,1.33611,1.33677,5833,1.338598789617061,1.3440082274863787,-0.13661969749607952,BEARISH_EMA20_PULLBACK,-0.24087913403203248,-0.1660719495500431,-0.10697427380925982
2023-06-12,20:00:00,1.33799,1.33831,1.3363,1.3367,5984,1.3362877469280305,1.3409769891790264,0.03085062127653128,BEARISH_EMA20_PULLBACK,-0.006732999177072153,-0.12044587416771822,-0.3942545073689016
2023-06-13,00:00:00,1.33688,1.33695,1.336,1.33661,3147,1.3363184376967896,1.3408057347014175,0.021818325257339233,BEARISH_EMA20_PULLBACK,-0.022444841801270897,-0.30375352571057934,-0.3875476017686673
2023-06-13,04:00:00,1.33661,1.33782,1.33544,1.33631,6012,1.3363176341066192,1.3406294313797933,-0.0005712793443891608,BEARISH_EMA20_PULLBACK,-0.0912961812753028,-0.5455320995876718,-0.4070911689652933
2023-06-13,08:00:00,1.33629,1.33688,1.33411,1.33509,8525,1.3362007165726555,1.3404121987766642,-0.08312497956926401,BEARISH_EMA20_PULLBACK,-0.19024934648602032,-0.2741388221018971,-0.4636391554127542
2023-06-15,08:00:00,1.33395,1.33507,1.33196,1.33275,8256,1.3329226404546342,1.3369527298383914,-0.012952023575439457,BEARISH_EMA20_PULLBACK,-0.011254924029269893,-0.8058525604952311,-0.8006002626149074
2023-06-15,12:00:00,1.33272,1.33402,1.33193,1.3326,9357,1.332891912792288,1.3367820345506114,-0.02190070998904085,BEARISH_EMA20_PULLBACK,-0.6948821852018645,-0.7451598379108505,-0.8292060633348345
2023-06-20,08:00:00,1.32308,1.32387,1.32092,1.32176,8444,1.32339253250597,1.3291514826718684,-0.12335965829266902,BEARISH_EMA20_PULLBACK,0.13164265827380559,0.11953758624863173,0.11726788524391268
2023-06-20,20:00:00,1.3237,1.32404,1.32238,1.32334,7192,1.3234215398400224,1.3285132195374527,-0.006161290077862608,BEARISH_EMA20_PULLBACK,-0.04307283086734773,-0.0022669910982796933,-0.525941934801325
2023-06-21,00:00:00,1.32333,1.32348,1.322,1.32277,3395,1.323359488426687,1.3282879952418665,-0.04454484452957493,BEARISH_EMA20_PULLBACK,-0.1149103774654676,-0.11339839881461303,-0.5458242929609838
2023-06-21,04:00:00,1.32281,1.32302,1.32089,1.32125,7903,1.3231585847670024,1.32801199542846,-0.14424459690434488,BEARISH_EMA20_PULLBACK,0.15591296121097073,-0.3322611163670854,-0.3617786187322616
2023-06-21,12:00:00,1.3233,1.32372,1.32067,1.32127,9991,1.32299176666868,1.3275704425312314,-0.13014190352940758,BEARISH_EMA20_PULLBACK,-0.33376978210358405,-0.4329168148826468,-0.3678279231345497
2023-06-23,16:00:00,1.32173,1.32193,1.31844,1.31979,13180,1.3191416495018233,1.3234181227613155,0.04914942215807812,BEARISH_EMA20_PULLBACK,-0.12956606732890083,-0.27049757916032646,-0.3955174686882006
2023-06-23,20:00:00,1.31976,1.32018,1.31783,1.31808,6978,1.3190405400254592,1.3232087846138132,-0.0728211147657957,BEARISH_EMA20_PULLBACK,-0.10924981791696148,-0.0933175528040667,-0.1964979363923184
2023-06-30,20:00:00,1.32288,1.32506,1.32199,1.32473,6530,1.3237885099243036,1.3228089198960709,0.07112088287804849,BULLISH_EMA20_PULLBACK,0.06642863073984827,0.1336121322835634,0.018871770096554278
2023-07-03,00:00:00,1.32348,1.32576,1.32333,1.32561,2550,1.323961985169608,1.3229187661746564,0.12447599318199276,BULLISH_EMA20_PULLBACK,-0.11994478013895342,-0.037718484320421915,-0.05657772648064125
2023-07-04,00:00:00,1.32432,1.32505,1.32418,1.32486,2286,1.324467912324648,1.323381672952135,0.02960341067560198,BULLISH_EMA20_PULLBACK,0.023398698730434347,-0.3192790181604061,-0.20153072777500644
2023-07-04,04:00:00,1.32489,1.32567,1.32432,1.32517,5241,1.3245347778175385,1.3234518034246006,0.047958135422321566,BULLISH_EMA20_PULLBACK,-0.11017454364345834,-0.24600617279292775,-0.11772074526287238
2023-07-05,04:00:00,1.32217,1.32364,1.32207,1.32361,4301,1.323584571429147,1.3232273291066217,0.0019211897299099964,BULLISH_EMA20_PULLBACK,0.2734944583374224,0.28558261119212736,0.44499512696337673
2023-07-10,00:00:00,1.32706,1.32863,1.32705,1.32837,3093,1.3300422581811424,1.327252020016456,-0.12572970301178288,BULLISH_EMA20_PULLBACK,0.06474099836640852,0.11969556674721503,-0.13851562441187798
2023-07-10,04:00:00,1.32834,1.32947,1.32723,1.32923,5723,1.329964900259129,1.327329587858948,-0.055257116859689086,BULLISH_EMA20_PULLBACK,-0.10081024352443872,-0.04589123026112858,-0.21741910730271188
2023-07-10,12:00:00,1.32791,1.33021,1.32778,1.32996,7800,1.3297856439762936,1.3274538563819045,0.013111588660639852,BULLISH_EMA20_PULLBACK,-0.10075490992211185,-0.25790249330807274,-0.13233480706186532
2023-07-11,08:00:00,1.32632,1.32804,1.32448,1.32764,8234,1.3288245932027773,1.3274409260513766,-0.08914594212335215,BULLISH_EMA20_PULLBACK,0.04218010906571932,-0.34873911602542196,-0.4903437678888868
2023-07-11,12:00:00,1.3276,1.32856,1.32622,1.3282,7984,1.3287651081358463,1.327470693657205,-0.042528821112634924,BULLISH_EMA20_PULLBACK,-0.25372684836621706,-0.4795964463183245,-0.4532449932239223
2023-07-17,12:00:00,1.32201,1.32238,1.32043,1.321,6909,1.3192230626667547,1.3216676421521145,0.13469574505870432,BEARISH_EMA20_PULLBACK,-0.25813777441331665,-0.09613928841785635,0.07645722937168474
2023-07-17,16:00:00,1.32099,1.32154,1.31604,1.31759,9040,1.3190675328889685,1.3215077346167374,-0.11201343768445465,BEARISH_EMA20_PULLBACK,0.17380216911178006,0.10777252407804983,0.08728056527447721
2023-07-18,04:00:00,1.31972,1.32017,1.31842,1.31901,4831,1.3191824779273766,1.321283878673546,-0.013074607210339203,BEARISH_EMA20_PULLBACK,0.1683080492187238,-0.02046989787795335,-0.10159134502392847
2023-07-18,16:00:00,1.32198,1.32429,1.31669,1.31874,11057,1.3195436061012717,1.3212095269697477,-0.06090030655720904,BEARISH_EMA20_PULLBACK,-0.15014331862232835,-0.08113805602318322,-0.11677813670625725
2023-07-19,08:00:00,1.31767,1.3184,1.31625,1.31724,7774,1.3187587665156177,1.320609010237054,-0.11516636356705419,BEARISH_EMA20_PULLBACK,0.06756551577541356,-0.06984300507121191,-0.3712307552154551
2023-07-19,16:00:00,1.31816,1.31867,1.31553,1.3172,11324,1.3185561331340998,1.3203819198689608,-0.10284985978385784,BEARISH_EMA20_PULLBACK,-0.06680838141512238,-0.206498633464913,0.058457333738244716
2023-07-20,20:00:00,1.31798,1.31821,1.31647,1.31721,5398,1.3171067843357251,1.3192127610891964,0.007836544880216631,BEARISH_EMA20_PULLBACK,-0.01973869011015153,0.042514101775731734,0.38718199831462746
2023-07-21,00:00:00,1.31705,1.31778,1.31676,1.31695,2735,1.3170918524942277,1.3191240253602081,-0.010770129202376404,BEARISH_EMA20_PULLBACK,-0.0144272751433338,0.30752875963399423,0.3622005391244877
2023-07-21,04:00:00,1.31702,1.3179,1.31614,1.31676,5441,1.3170602474947775,1.3190313184833373,-0.022796792732043835,BEARISH_EMA20_PULLBACK,0.07670342355479948,0.3326346486831352,0.3774415990765319
2023-07-24,12:00:00,1.31998,1.32045,1.31816,1.31942,7471,1.3190392836225717,1.3194741226123556,0.028863156856308744,BEARISH_EMA20_PULLBACK,-0.3069530551302928,-0.17735065407527617,-0.05987479346986315
2023-07-25,04:00:00,1.31713,1.31713,1.31525,1.31629,4937,1.3181728852740227,1.3190184158208798,-0.14284054049793923,BEARISH_EMA20_PULLBACK,-0.0075971100593325925,0.18460977444179721,0.2081608156257333
2023-07-25,08:00:00,1.31637,1.31691,1.31466,1.31619,7244,1.317984039057449,1.3189074975533943,-0.13611993804812128,BEARISH_EMA20_PULLBACK,0.1853835692415227,0.07445733518716757,0.2659190542398938
2023-07-25,20:00:00,1.31872,1.31886,1.3166,1.31717,5142,1.318020287646587,1.3188222504139382,-0.06451248547207543,BEARISH_EMA20_PULLBACK,0.129823788880714,0.19131926782420475,0.26496200186763996
2023-07-26,00:00:00,1.31669,1.31898,1.31661,1.31888,3137,1.3181021650135787,1.3188245151035878,0.05901173725887577,BULLISH_EMA20_PULLBACK,0.011373286424835653,0.32224311537060724,-0.017439039184759222
2023-07-26,04:00:00,1.31889,1.32021,1.3182,1.31903,5224,1.3181905302503807,1.3188325733348196,0.06368349114598676,BULLISH_EMA20_PULLBACK,0.05003676944422075,0.24336065138777416,-0.14404524536970448
2023-07-26,08:00:00,1.31904,1.31994,1.31717,1.31969,7529,1.3183333368932015,1.3188661979099248,0.10290744145146336,BULLISH_EMA20_PULLBACK,0.2606672779213215,0.07350211034408954,-0.2561207556319998
2023-07-27,00:00:00,1.32061,1.32101,1.31861,1.31865,2958,1.3192068870339977,1.3191957363539284,-0.042213775524599484,BEARISH_EMA20_PULLBACK,-0.1152694043150334,-0.09176051264552045,0.3488416183217637
2023-07-27,04:00:00,1.31863,1.31876,1.31628,1.31713,5939,1.319009088268855,1.3191147270851469,-0.14246211686996818,BEARISH_EMA20_PULLBACK,-0.06225657300341052,0.14577148800802836,0.522347832028729
2023-07-27,16:00:00,1.3175,1.32003,1.31739,1.31905,10764,1.31866735519232,1.3189475568736042,0.029017538515178833,BULLISH_EMA20_PULLBACK,0.2554869034532332,0.3760282021151475,0.3002160645919384
2023-08-01,04:00:00,1.31933,1.32302,1.31924,1.32198,5088,1.321001304749484,1.320338405852251,0.07408737955043666,BULLISH_EMA20_PULLBACK,0.2534077671371703,0.577164556196011,0.5673308219488996
2023-08-10,00:00:00,1.34147,1.34233,1.34117,1.34178,2333,1.3404386949115124,1.335080396934044,0.1000646350765162,BULLISH_EMA20_PULLBACK,0.004471671958141348,-0.2056969100746675,0.13340488008466053
2023-08-10,04:00:00,1.34178,1.34237,1.34075,1.34184,4852,1.3405721525389873,1.3353454794072186,0.09457510053534647,BULLISH_EMA20_PULLBACK,-0.08421272282834416,-0.002980981339043251,0.18929231503010693
2023-08-10,16:00:00,1.33906,1.34198,1.33762,1.3418,12325,1.3405660915953908,1.3359312427858054,0.09204383225454352,BULLISH_EMA20_PULLBACK,0.21687285735578835,0.19227902817109885,0.1878074228647977
2023-08-11,20:00:00,1.34432,1.34514,1.34368,1.34453,6351,1.3426054204737539,1.3380472284064602,0.1433466226858394,BULLISH_EMA20_PULLBACK,0.026775155630585853,0.03123768156903059,0.1100756398146509
2023-08-15,00:00:00,1.3459,1.34668,1.34555,1.34602,2572,1.344154162720999,1.3399041915116414,0.13881125623447635,BULLISH_EMA20_PULLBACK,-0.10846792766823797,0.04383292967415718,0.267455164113464
2023-08-22,00:00:00,1.35443,1.35537,1.35394,1.3547,2759,1.3531010317563867,1.3489591204749973,0.11817064698692462,BULLISH_EMA20_PULLBACK,-0.019192441130872293,-0.0878423267144035,0.0014763416254454107
2023-08-22,12:00:00,1.353,1.35372,1.35126,1.35351,8247,1.3532356631915619,1.3494882470902065,0.020272655820429794,BULLISH_EMA20_PULLBACK,0.12929346661642088,0.08939719691763884,0.4277766695480611
2023-08-22,16:00:00,1.35356,1.35646,1.35247,1.35526,10549,1.353428457173318,1.349714590341571,0.13532616496827657,BULLISH_EMA20_PULLBACK,-0.02287383970602028,-0.10699054056047927,-0.18963150982099092
2023-08-23,00:00:00,1.35437,1.35526,1.35379,1.35472,2336,1.3536825692507208,1.350108139719382,0.0766376677106302,BULLISH_EMA20_PULLBACK,-0.0671725522617195,0.33807724105350395,-0.18970709814573944
2023-08-23,08:00:00,1.35381,1.35609,1.35352,1.355,8054,1.353819019273266,1.3504394553887875,0.08723327933211918,BULLISH_EMA20_PULLBACK,0.31734317343173213,-0.1874538745387444,-0.1372693726937249
2023-08-24,08:00:00,1.35122,1.35407,1.35096,1.35314,7714,1.3535540129434882,1.3510689114170462,-0.030587101772752152,BULLISH_EMA20_PULLBACK,0.18623350133763528,0.3746840681673668,0.3621206970453837
2023-08-24,12:00:00,1.35316,1.35598,1.35284,1.35566,8111,1.3537545831393465,1.3512489541065738,0.1407505381244915,BULLISH_EMA20_PULLBACK,0.05753655046250556,0.1851496687960117,0.2522756443355988
2023-08-28,20:00:00,1.35917,1.36094,1.35896,1.35978,5518,1.3580711748186238,1.354727957318576,0.12582736553585877,BULLISH_EMA20_PULLBACK,0.0411831325655706,0.10369324449542656,-0.3507920398888012
2023-08-30,04:00:00,1.35631,1.35762,1.35603,1.35738,4875,1.3583288852437603,1.3558335249089373,-0.06985681112052339,BULLISH_EMA20_PULLBACK,-0.07219791068086909,-0.3086829038294463,-0.2696370949918222
2023-09-08,08:00:00,1.36681,1.36725,1.36521,1.36682,6460,1.3648022570533995,1.3612647829547004,0.14784141337490853,BULLISH_EMA20_PULLBACK,-0.3299629797632471,-0.2033918145769015,-0.49238378133184346
2023-09-08,16:00:00,1.36229,1.36433,1.36091,1.36281,10281,1.364397765977953,1.3613647611973225,-0.11637119449655453,BULLISH_EMA20_PULLBACK,0.09025469434476135,-0.19518494874561432,-0.40798056955848644
2023-09-08,20:00:00,1.36285,1.36464,1.36249,1.36404,4939,1.3643636930276717,1.3614696725229178,-0.02372483446502871,BULLISH_EMA20_PULLBACK,-0.07990968006801952,-0.2895809507052505,-0.4787249640772943
2023-09-15,16:00:00,1.35396,1.35493,1.35023,1.35182,10804,1.3536689390112568,1.356470346922812,-0.13658723768954317,BEARISH_EMA20_PULLBACK,0.04586409433209044,-0.05400127235875483,-0.2862807178470536
2023-09-18,08:00:00,1.35109,1.35185,1.34956,1.35108,5923,1.3529716599610555,1.3557488052773268,-0.13981519473289616,BEARISH_EMA20_PULLBACK,-0.07845575391539071,-0.1887378985700367,-0.4344672410220003
2023-09-21,16:00:00,1.35042,1.35233,1.34686,1.34764,12025,1.3475462774050686,1.3506126640121434,0.006955055755994046,BEARISH_EMA20_PULLBACK,0.04823246564364663,-0.09720696922026079,-0.04229616217980762
2023-09-22,00:00:00,1.34767,1.3482,1.34657,1.3476,2321,1.3476154787828338,1.350407007417592,-0.0011486053015584568,BEARISH_EMA20_PULLBACK,-0.09424161472246086,-0.22632828732561572,-0.013357079251992207
2023-09-22,04:00:00,1.34761,1.34809,1.34597,1.34633,4585,1.3474930522320876,1.350247124773765,-0.08631229898818424,BEARISH_EMA20_PULLBACK,-0.0037137997370708157,0.05496423610852933,0.13072575074461562
2023-09-22,08:00:00,1.34632,1.34835,1.34587,1.34628,7770,1.3473775234480792,1.3500915512532252,-0.08145626811931321,BEARISH_EMA20_PULLBACK,-0.12850224321835052,0.1381584811480504,0.1544998068752475
2023-09-25,12:00:00,1.34834,1.34839,1.34537,1.34654,6819,1.3473241481881084,1.3493884925938011,-0.05820041072988079,BEARISH_EMA20_PULLBACK,0.01856610275222878,-0.04678657893565215,0.2569548620909901
2023-09-25,20:00:00,1.34682,1.34757,1.34528,1.34537,5505,1.3470920124623744,1.349132999122536,-0.12783183675974505,BEARISH_EMA20_PULLBACK,0.040137657298734544,0.2698142518415025,0.4690159584352288
2023-09-26,08:00:00,1.34749,1.34994,1.34729,1.349,7786,1.3472158679925954,1.3489492054622074,0.1324310416609773,BULLISH_EMA20_PULLBACK,0.07412898443292157,0.19866567828020873,0.21645663454410927
2023-09-28,00:00:00,1.34952,1.35045,1.34904,1.34905,3005,1.349556844253044,1.3496257333281763,-0.03755634712255073,BEARISH_EMA20_PULLBACK,-0.0051888365887116485,0.03780438086060638,0.09117527148733125
2023-09-28,04:00:00,1.34908,1.35003,1.34823,1.34898,5621,1.349501906705135,1.3496004104525616,-0.03867402502670217,BEARISH_EMA20_PULLBACK,0.054856261768148,-0.04003024507405484,-0.07042357929695076
2023-09-28,08:00:00,1.34894,1.35136,1.34863,1.34972,7551,1.3495226774951221,1.3496051002387357,0.014621651652728915,BULLISH_EMA20_PULLBACK,-0.011854310523659572,-0.0829801736656499,-0.34970216044809715
2023-09-28,12:00:00,1.34971,1.35063,1.34757,1.34956,8941,1.3495262320193964,1.3496033316019227,0.0025022100202674587,BEARISH_EMA20_PULLBACK,-0.08299001155932376,0.05335072171669521,-0.4971990871098724
2023-09-28,16:00:00,1.34953,1.35043,1.34703,1.34844,13313,1.3494227813508826,1.3495577107547885,-0.0728297583577649,BEARISH_EMA20_PULLBACK,0.011865563169287321,-0.03040550562131214,0.4442170211503619
2023-09-29,00:00:00,1.34863,1.35061,1.34805,1.35028,2329,1.3494335239629673,1.349549951373413,0.06272825018802587,BULLISH_EMA20_PULLBACK,-0.16663210593357403,-0.550256243149556,0.5339633261249638
2023-09-29,04:00:00,1.35035,1.3505,1.34751,1.34803,4945,1.3492998550141133,1.349490345437201,-0.09411214337527445,BEARISH_EMA20_PULLBACK,-0.22477244571708996,0.4747668820426816,0.7982018204342545
2023-10-06,00:00:00,1.36974,1.37133,1.36974,1.37085,2898,1.3698550236855827,1.3628350400562765,0.07263369460370164,BULLISH_EMA20_PULLBACK,0.03793266951162242,0.0408505671663651,-0.5018783966152385
2023-10-06,04:00:00,1.37086,1.37141,1.37025,1.37137,4580,1.3699993071440986,1.363169744367795,0.10005062402248649,BULLISH_EMA20_PULLBACK,-0.02479272552265304,-0.3157426515090708,-0.3820996521726384
2023-10-06,12:00:00,1.37102,1.37455,1.36974,1.37141,11006,1.370222471380997,1.3637890489146773,0.08666684745041421,BULLISH_EMA20_PULLBACK,-0.31865014838742495,-0.5425073464536582,-0.4900066355065268
2023-10-11,20:00:00,1.36059,1.36234,1.359,1.35935,6571,1.3613173648042778,1.361986895166297,-0.14451918818802278,BEARISH_EMA20_PULLBACK,-0.04634567992055986,-0.008827748556304115,0.7150476330599147
2023-10-13,20:00:00,1.36539,1.36703,1.36502,1.36599,7142,1.3640957974244785,1.3630725387338507,0.13886140394962995,BULLISH_EMA20_PULLBACK,-0.062225931375780016,-0.10761425779105868,-0.37042730913111105
2023-10-16,00:00:00,1.36482,1.36579,1.36405,1.36514,3655,1.364195245288814,1.3631536156462487,0.06925362879314481,BULLISH_EMA20_PULLBACK,-0.06885740656635515,-0.273964575061904,-0.27249952385835485
2023-10-16,08:00:00,1.36422,1.36551,1.36326,1.36452,7061,1.3642265840119316,1.363246624823777,0.02150786324698586,BULLISH_EMA20_PULLBACK,-0.2286518336118204,-0.2630961803418039,-0.02125289479083498
2023-10-17,04:00:00,1.36148,1.36319,1.36148,1.36314,4442,1.3632007578131295,1.3629422589422187,-0.004456996724899074,BULLISH_EMA20_PULLBACK,0.07996243966137266,0.06675763311178355,0.035212817465560105
2023-10-17,08:00:00,1.36313,1.36439,1.36174,1.36423,6550,1.363298780878546,1.3629927585915436,0.06830631219768313,BULLISH_EMA20_PULLBACK,0.31153104681760885,0.03665071139030405,-0.07476745123623002
2023-10-17,20:00:00,1.36405,1.36578,1.36334,1.36473,7564,1.3639037531633673,1.3632993597902505,0.06057955590461046,BULLISH_EMA20_PULLBACK,0.07400731280179636,-0.11137734203834941,0.49533607380215133
2023-10-18,00:00:00,1.36457,1.36578,1.36425,1.36574,2454,1.3640786338144752,1.363395071171025,0.12179401863944614,BULLISH_EMA20_PULLBACK,-0.15522720283508573,0.03587798556094875,0.43346464187913863
2023-10-18,08:00:00,1.36362,1.36397,1.36246,1.36321,7291,1.3639563873175182,1.3633962883051254,-0.05472222751829384,BEARISH_EMA20_PULLBACK,0.22153593356856408,0.6073899105787124,0.7651058897748652
2023-10-20,16:00:00,1.36853,1.37041,1.36693,1.36928,11612,1.3689910355123476,1.366546944632036,0.021107843671476716,BULLISH_EMA20_PULLBACK,0.12415283944847182,0.16870179948586367,-0.15336527225987312
2023-10-20,20:00:00,1.36926,1.37136,1.36879,1.37098,7490,1.369180460701648,1.3667207899405835,0.13143185650121628,BULLISH_EMA20_PULLBACK,0.0021882157288927984,0.00802345767260153,-0.1458810485929774
2023-10-23,00:00:00,1.37047,1.37158,1.36821,1.37101,3102,1.3693547025395862,1.3668889942566391,0.12088156978932679,BULLISH_EMA20_PULLBACK,0.04230457837652715,-0.00656450354119558,-0.1779709848943478
2023-10-23,04:00:00,1.37102,1.37206,1.37058,1.37159,4156,1.3695675880120066,1.3670733474230454,0.1476679212983636,BULLISH_EMA20_PULLBACK,-0.036454042388772666,-0.3215246538688693,-0.31277568369557424
2023-10-23,20:00:00,1.36719,1.36974,1.36671,1.36898,7615,1.369518715439106,1.367431088087068,-0.03933611370423357,BULLISH_EMA20_PULLBACK,-0.029949305322212263,-0.006574237753666637,0.36888778506625364
2023-10-24,00:00:00,1.36851,1.36923,1.36822,1.36857,2743,1.3694283615877625,1.3674757512993398,-0.06268028411265048,BULLISH_EMA20_PULLBACK,-0.09279759164676299,0.13883104262113102,0.3777665738690675
2023-10-24,04:00:00,1.36858,1.36909,1.36672,1.3673,4928,1.3692256604841662,1.3674688590915227,-0.14063864998595468,BEARISH_EMA20_PULLBACK,0.11628757405104807,0.5668105024500948,0.49952461054634056
2023-10-24,08:00:00,1.36728,1.3699,1.36606,1.36889,7406,1.3691936928190076,1.3675245901075415,-0.022180413231556305,BULLISH_EMA20_PULLBACK,0.11542198423541242,0.37548670820885127,0.5223210046095734
2023-10-24,12:00:00,1.36898,1.37095,1.36811,1.37047,7916,1.369315245883864,1.3676400963778341,0.08433077186624849,BULLISH_EMA20_PULLBACK,0.33419191956044486,0.2386042744459845,0.4837756390143464
2023-10-31,00:00:00,1.38222,1.38361,1.38205,1.38346,2685,1.3822334247306896,1.3771904784494797,0.08873864915756481,BULLISH_EMA20_PULLBACK,0.09758142627905285,0.10191837855811757,0.34334205542625246
2023-11-02,04:00:00,1.38292,1.38356,1.38239,1.38347,4148,1.3850093420782685,1.3808239571554455,-0.1111430826855439,BULLISH_EMA20_PULLBACK,-0.020961784498391832,-0.3874316031428243,-0.6910160682920492
2023-11-13,00:00:00,1.37876,1.38142,1.37832,1.3808,3642,1.3789699999359457,1.3777461598355503,0.1327077502874842,BULLISH_EMA20_PULLBACK,0.03331402085746704,0.10573580533024456,-0.035486674391664356
2023-11-13,20:00:00,1.37908,1.38078,1.37887,1.38061,4740,1.3796654284581589,1.3782947466094326,0.0684638117588135,BULLISH_EMA20_PULLBACK,-0.02172952535473211,0.0970585465844894,-0.8242733284562582
2023-11-14,00:00:00,1.37925,1.38053,1.37924,1.38031,2407,1.3797268162240486,1.3783737761541608,0.04226806126355993,BULLISH_EMA20_PULLBACK,0.11229361520239385,-0.29268787446297,-0.7266483615999293
2023-11-14,04:00:00,1.38033,1.38214,1.38015,1.38186,2945,1.379929976583663,1.378510490814782,0.13986386621698732,BULLISH_EMA20_PULLBACK,0.0065129607919704935,-0.7612927503509823,-0.9451029771467494
2023-11-14,08:00:00,1.38185,1.38275,1.38076,1.38195,5429,1.3801223597661714,1.3786453735279278,0.1324259563578328,BULLISH_EMA20_PULLBACK,-0.4110134230616091,-0.9204385107999612,-0.8871522124534128
2023-11-17,00:00:00,1.37512,1.37577,1.37471,1.37508,2635,1.3733151271691415,1.3751181260765937,0.12851186125769737,BEARISH_EMA20_PULLBACK,0.0014544608313631917,-0.21307851179568454,-0.2414404980073879
2023-11-17,08:00:00,1.37506,1.37705,1.3733,1.37425,6307,1.3735579612427666,1.3750833989657445,0.05038293080891871,BEARISH_EMA20_PULLBACK,-0.1528106239767139,-0.19647080225577038,-0.3092595961433411
2023-11-17,12:00:00,1.37426,1.37438,1.37112,1.37215,7839,1.3734238696958365,1.374968363712186,-0.09275138753185162,BEARISH_EMA20_PULLBACK,0.025507415370045004,-0.02842254855517913,-0.05976023029552475
2023-11-17,20:00:00,1.37247,1.37275,1.37093,1.37155,4852,1.3731657980956848,1.3747413076789536,-0.11766955584865237,BEARISH_EMA20_PULLBACK,0.015311144325765993,-0.11301082716634028,0.07072290474280306
2023-11-20,20:00:00,1.37264,1.37313,1.37121,1.37252,4433,1.3724410058577747,1.37404934368127,0.005755740457190668,BEARISH_EMA20_PULLBACK,-0.07358727013085095,0.024771952321278157,-0.1712179057499965
2023-11-21,00:00:00,1.3718,1.37294,1.3711,1.37151,3114,1.3723523386332248,1.373949761576122,-0.06137918153465745,BEARISH_EMA20_PULLBACK,0.0619754868721349,-0.05614249987239884,-0.08968217512085688
2023-11-21,12:00:00,1.37287,1.37301,1.36952,1.37074,8400,1.372243123926713,1.37372527896261,-0.10953772698905509,BEARISH_EMA20_PULLBACK,-0.10578227818551827,-0.03355851583816967,0.17362884281481727
2023-11-22,16:00:00,1.37308,1.37647,1.37081,1.37081,10432,1.3716105806895718,1.373034363219645,-0.05836792897654552,BEARISH_EMA20_PULLBACK,-0.15903006251778662,-0.3129536551382122,-0.08097402265814857
2023-11-23,16:00:00,1.37042,1.37095,1.3691,1.3697,5264,1.3703549193761777,1.3721224959065763,-0.04779195279394655,BEARISH_EMA20_PULLBACK,-0.0073008688033868,-0.0014601737606708754,-0.6359056727750599
2023-11-23,20:00:00,1.3697,1.37013,1.369,1.3696,1328,1.3702830222927322,1.3720235744984755,-0.04984534447412883,BEARISH_EMA20_PULLBACK,0.0014602803738413424,-0.027745327102790956,-0.44976635514018276
2023-11-24,08:00:00,1.3697,1.37062,1.36807,1.36922,5286,1.37007813086123,1.371738319621949,-0.06263371715089397,BEARISH_EMA20_PULLBACK,-0.24320416003272335,-0.4221381516483924,-0.3023619286893291
2023-11-30,16:00:00,1.36195,1.36264,1.35521,1.35842,13756,1.3601621907277572,1.364048102823656,-0.12808698401071666,BEARISH_EMA20_PULLBACK,-0.18256503879507352,-0.3445178957906993,-0.65370062278235
2023-12-04,16:00:00,1.35393,1.35617,1.35172,1.3531,11867,1.3548166535269703,1.359657399097195,-0.12670744211044607,BEARISH_EMA20_PULLBACK,0.03843027122903525,0.17884856995049062,0.2948784273150497
2023-12-05,08:00:00,1.35551,1.35676,1.35495,1.35535,7169,1.3548462462877517,1.3589485796642127,0.0371816147868133,BEARISH_EMA20_PULLBACK,0.2405282768288664,0.27889475043345957,0.22355849042681714
2023-12-05,16:00:00,1.35859,1.35885,1.35557,1.35709,12355,1.355384251496323,1.358862937244819,0.12584980988186673,BEARISH_EMA20_PULLBACK,0.15032164410614196,0.020632382524376276,0.08400327170638211
2023-12-06,00:00:00,1.35829,1.35943,1.35695,1.35727,3528,1.3558866095015252,1.3588105314589818,0.10202848002041909,BEARISH_EMA20_PULLBACK,0.007367730812586221,-0.07809794661342702,0.14367075084545583
2023-12-06,12:00:00,1.35837,1.35883,1.35519,1.35621,7635,1.3562479056873944,1.3586401807420807,-0.002794893708998391,BEARISH_EMA20_PULLBACK,0.1489444849986457,0.2219420296266935,0.21088179559213432
2023-12-07,08:00:00,1.36061,1.36074,1.35834,1.35867,7133,1.3574340523127737,1.3587486696351516,0.09105029339145863,BEARISH_EMA20_PULLBACK,0.029440555837690972,0.09715383426439,-0.05446502829973157
2023-12-07,12:00:00,1.35868,1.36124,1.35851,1.35907,7530,1.3575898568544145,1.35876127082593,0.10902726903212719,BULLISH_EMA20_PULLBACK,0.0014715945462639142,-0.0743155245866626,-0.026488701832864822
2023-12-07,16:00:00,1.35904,1.36191,1.35865,1.35909,11318,1.3577327276301845,1.3587741621660896,0.0999660936349699,BULLISH_EMA20_PULLBACK,0.0662207800807984,-0.08755858699569583,0.05297662406463545
2023-12-08,00:00:00,1.35891,1.36007,1.35722,1.35806,4254,1.3579584006224412,1.3587919659211003,0.00748177392711409,BEARISH_EMA20_PULLBACK,-0.011781511862505189,0.047862391941448784,0.11781511862510093
2023-12-08,04:00:00,1.35808,1.35831,1.35708,1.3579,3778,1.3579528386583992,1.3587569868653708,-0.003891052538416201,BEARISH_EMA20_PULLBACK,0.0022092937624253986,0.14065836954119273,0.12519331320419858
2023-12-08,16:00:00,1.35868,1.36092,1.35504,1.35981,12103,1.3581931735620298,1.3587665740003771,0.1190424506206133,BULLISH_EMA20_PULLBACK,-0.07059809826373331,-0.015443333995193704,-0.16252270537796054
2023-12-11,00:00:00,1.35797,1.35977,1.35789,1.35966,3540,1.3583894686074665,1.3588047536235701,0.09353218807240186,BULLISH_EMA20_PULLBACK,-0.0044128679228756474,-0.15959872321021468,-0.21990791815601313
2023-12-11,12:00:00,1.35927,1.35988,1.35682,1.35749,7104,1.3584749147153237,1.3587998890250312,-0.07250150184259944,BEARISH_EMA20_PULLBACK,0.008103190447062774,-0.060405601514563124,0.0979749390418958
2023-12-11,20:00:00,1.3576,1.35791,1.35625,1.35734,5598,1.3582914381229747,1.358697429276855,-0.07004668484765733,BEARISH_EMA20_PULLBACK,-0.049361250681476156,-0.050834720851082225,0.12892863983968042
2023-12-12,12:00:00,1.35664,1.35894,1.35447,1.35882,8460,1.357858208501726,1.3584341242385325,0.07083151188041002,BULLISH_EMA20_PULLBACK,0.15307399066838007,0.0044155958846772226,-0.22004386158577488
2023-12-13,00:00:00,1.35868,1.35949,1.35846,1.35888,3049,1.3582988048929208,1.3585655868597986,0.04278845751654341,BULLISH_EMA20_PULLBACK,0.014718003061343014,-0.2244495466855055,-0.7741669610267341
2023-12-13,04:00:00,1.35888,1.35994,1.35886,1.35908,3012,1.3583732044269283,1.3585857599241202,0.05203250261182254,BULLISH_EMA20_PULLBACK,0.014715837183975776,-0.0566559731583247,-0.8954586926450255
2023-12-13,08:00:00,1.35908,1.36079,1.35883,1.35928,5984,1.358459565910078,1.3586129850251352,0.06039444312591036,BULLISH_EMA20_PULLBACK,-0.25381084103348484,-0.5554411158848762,-1.0328997704667215
2023-12-21,00:00:00,1.33684,1.33696,1.335,1.3352,2774,1.3369153889346554,1.3432449411423046,-0.12830946138053223,BEARISH_EMA20_PULLBACK,-0.012732174955063172,-0.15802875973635666,-0.5145296584781255
2023-12-21,04:00:00,1.33522,1.33597,1.33485,1.33503,3308,1.3367358280837358,1.3429227865877045,-0.12761145829249185,BEARISH_EMA20_PULLBACK,-0.017977124109571918,-0.29362636045631363,-0.4374433533328724
2023-12-21,08:00:00,1.33503,1.33594,1.33388,1.33479,5501,1.33655051112338,1.3426038537803435,-0.13172050803379864,BEARISH_EMA20_PULLBACK,-0.12736085826233437,-0.5056975254534279,-0.5221795188756224
2023-12-28,12:00:00,1.32123,1.32321,1.32038,1.32116,7388,1.3229923445611067,1.3301467534482225,-0.13850001238780266,BEARISH_EMA20_PULLBACK,0.027248781373954555,0.10142601955857874,0.3345544824245429
2023-12-29,00:00:00,1.3226,1.32324,1.32205,1.3225,2722,1.32281409473541,1.329257780464753,-0.02374443519009465,BEARISH_EMA20_PULLBACK,-0.0037807183364919105,0.23289224952740806,0.12400756143667946
2023-12-29,04:00:00,1.32253,1.32323,1.32222,1.32245,2888,1.3227794190463231,1.3289908086818216,-0.02490355093071526,BEARISH_EMA20_PULLBACK,0.19660478657039268,-0.1353548338311436,0.08544746493251733
2024-01-02,04:00:00,1.32414,1.32571,1.32358,1.32358,3220,1.3233258510411405,1.3279301807126347,0.01920531958621465,BEARISH_EMA20_PULLBACK,0.1291950618776425,0.5190468275434754,0.6882848033364021
2024-01-08,00:00:00,1.33502,1.33651,1.33409,1.33542,2799,1.3337496866069873,1.331812566463309,0.1252343981622167,BULLISH_EMA20_PULLBACK,0.14452382022135263,0.3070195144598697,-0.044929685042919526
2024-01-09,00:00:00,1.33439,1.33533,1.33439,1.33482,2739,1.3350403063612915,1.3328638631661875,-0.016501850936022293,BULLISH_EMA20_PULLBACK,0.1056322200746268,0.1693112179919503,0.24872267421826252
2024-01-09,04:00:00,1.33482,1.33635,1.33401,1.33623,3248,1.335153610517359,1.3329958685322194,0.08061914929953373,BULLISH_EMA20_PULLBACK,-0.0688504224572141,0.2125382606287805,0.1436878381715664
2024-01-09,12:00:00,1.33529,1.33779,1.33512,1.33708,6614,1.3353505519201057,1.3332432219707262,0.12951266447657592,BULLISH_EMA20_PULLBACK,0.14883178269063455,0.0792772309809481,0.09947048792892373
2024-01-10,12:00:00,1.33704,1.33893,1.33649,1.33841,5954,1.336647209662165,1.3343146548287068,0.13188149611149363,BULLISH_EMA20_PULLBACK,-0.03362198429480215,-0.1427066444512577,0.13822371321193858
2024-01-11,08:00:00,1.33591,1.33759,1.33552,1.33705,4509,1.3367817002119384,1.3348072526509316,0.020070576072301564,BULLISH_EMA20_PULLBACK,0.24008077484012827,0.17351632324893443,-0.10695187165775719
2024-01-12,04:00:00,1.33713,1.3386,1.33701,1.33787,3264,1.3377468650097244,1.3356319362874625,0.009204655491725063,BULLISH_EMA20_PULLBACK,-0.16817777512014345,0.1749048861249605,0.15098626921899236
2024-01-12,08:00:00,1.33784,1.33833,1.33475,1.33562,5977,1.3375443064373698,1.3356314681977581,-0.1438686126589141,BEARISH_EMA20_PULLBACK,-0.01048202332999124,0.3668708165496103,0.43725011605097763
2024-01-12,12:00:00,1.33561,1.33859,1.33533,1.33548,7367,1.3373477058242869,1.3356255282684344,-0.13965745902526375,BEARISH_EMA20_PULLBACK,0.3541797705693759,0.29427621529337683,0.5578518585077993
2024-01-15,04:00:00,1.3394,1.33997,1.33816,1.33989,3267,1.3382167448271394,1.3362719850551963,0.12503618560510488,BULLISH_EMA20_PULLBACK,0.11717379784908248,0.29330765958399485,0.5806446797871391
2024-01-18,04:00:00,1.34903,1.34985,1.34832,1.34924,3674,1.3473547995602737,1.342543290979987,0.1399186346715465,BULLISH_EMA20_PULLBACK,0.007411579852360513,0.11191485577064868,0.03112863537992403
2024-01-18,08:00:00,1.34924,1.35034,1.34801,1.34934,5812,1.347543866268819,1.342809828588615,0.13328944430983142,BULLISH_EMA20_PULLBACK,0.1874990736211719,-0.05113611098759983,-0.20380334089258675
2024-01-19,00:00:00,1.34835,1.34915,1.34827,1.34855,3023,1.348290106262405,1.3438575330160147,0.019275802469194185,BULLISH_EMA20_PULLBACK,0.08231062993586938,-0.07118757183640577,-0.42490081939861435
2024-01-19,04:00:00,1.34861,1.34974,1.34812,1.34966,3317,1.3484205723326521,1.3440850807408768,0.09191699479961701,BULLISH_EMA20_PULLBACK,-0.2274646948120362,-0.26599291673458364,-0.4341834239734434
2024-01-19,12:00:00,1.34658,1.3479,1.34541,1.34759,5978,1.348183733814257,1.3443169084424629,-0.04403953254777814,BULLISH_EMA20_PULLBACK,-0.11279395068232666,-0.35396522681232145,-0.2894055313559773
2024-01-22,16:00:00,1.34369,1.34612,1.34256,1.34508,8556,1.346000281572733,1.344202808146842,-0.06837157356740202,BULLISH_EMA20_PULLBACK,0.20221845540786093,0.06542361792607071,0.23195646355607188
2024-01-22,20:00:00,1.3451,1.34821,1.3451,1.3478,4775,1.3461716833277106,1.3443438744940246,0.12095906431966368,BULLISH_EMA20_PULLBACK,0.014838996883809017,-0.016322896572199805,-0.12835732304496283
2024-01-23,00:00:00,1.34716,1.34859,1.34715,1.348,3016,1.3463458087250717,1.3444872519648472,0.12286525974295037,BULLISH_EMA20_PULLBACK,-0.15133531157270338,-0.03115727002968004,-0.11127596439169561
2024-01-23,08:00:00,1.34596,1.34823,1.34528,1.34758,5872,1.34643010646202,1.3446640261313334,0.08540313622379118,BULLISH_EMA20_PULLBACK,0.0,-0.11205271672181988,-0.2433992787070118
2024-01-23,16:00:00,1.3476,1.34913,1.34666,1.3482,9406,1.346697751548275,1.3449125593007814,0.11155052794867865,BULLISH_EMA20_PULLBACK,-0.15798842901646382,-0.100875241062159,-0.014834594273844976
2024-01-24,00:00:00,1.34545,1.34659,1.34545,1.3465,2661,1.3466248260973408,1.3450184217151775,-0.009269552656512945,BULLISH_EMA20_PULLBACK,0.025250649832900627,-0.2443371704418875,0.438915707389518
2024-01-24,04:00:00,1.34649,1.34772,1.34649,1.34684,3501,1.3466453188499752,1.3450898561577196,0.014456750214756769,BULLISH_EMA20_PULLBACK,-0.18858958747883836,0.08612752813994608,0.4031659291378371
2024-01-24,16:00:00,1.34318,1.34941,1.34297,1.348,10683,1.3462954780252652,1.3451045575766454,0.12660831166387757,BULLISH_EMA20_PULLBACK,0.3160237388723984,0.31676557863501453,0.1194362017804072
2024-01-25,16:00:00,1.34902,1.35195,1.34851,1.34961,10805,1.3483383170118506,1.3463511419856524,0.09431482975041901,BULLISH_EMA20_PULLBACK,-0.16152814516786856,-0.233400760219618,-0.24896081090092914
2024-01-26,16:00:00,1.34273,1.34671,1.34189,1.34625,9660,1.347181693427406,1.3462486241761915,-0.06915870605661258,BULLISH_EMA20_PULLBACK,-0.08467966573815554,-0.11067780872794737,-0.12107706592386411
2024-01-26,20:00:00,1.34624,1.34649,1.3443,1.34511,5723,1.3469843892914626,1.3462039722477135,-0.13915449253636222,BEARISH_EMA20_PULLBACK,-0.027507044033572084,-0.1189493796046454,-0.2743270067132035
2024-02-01,04:00:00,1.34332,1.34474,1.34193,1.34474,4067,1.342773076900217,1.3439696702620207,0.14648216691412955,BULLISH_EMA20_PULLBACK,-0.014872763508185817,-0.4893139194193695,-0.5361631244701532
2024-02-06,20:00:00,1.3487,1.34946,1.34762,1.34915,5896,1.3482913113303747,1.3460858840418937,0.06368717668128214,BULLISH_EMA20_PULLBACK,-0.10376903976578349,-0.15268872994108681,-0.22458585035022702
2024-02-07,04:00:00,1.34775,1.34879,1.34737,1.34842,3982,1.3482569237874495,1.346240118256281,0.012095336554423259,BULLISH_EMA20_PULLBACK,-0.09863395677904907,-0.08231856543213127,-0.22174100057845836
2024-02-07,16:00:00,1.34654,1.3481,1.34597,1.34731,9313,1.347927822077326,1.3463241392279985,-0.04583495252542073,BULLISH_EMA20_PULLBACK,-0.08832414217960412,-0.13953730025013572,-0.06011979425670243
2024-02-07,20:00:00,1.34729,1.34789,1.34595,1.34612,5251,1.3477556485461522,1.3463161337680771,-0.1213609119662434,BEARISH_EMA20_PULLBACK,-0.05200130746143902,0.011143137313173752,-0.02822928119335921
2024-02-08,08:00:00,1.34544,1.34694,1.34477,1.34627,5148,1.3472316718905148,1.3462484967446948,-0.07138133036653567,BULLISH_EMA20_PULLBACK,0.17455636685062076,-0.03936803167270618,-0.04085361777355585
2024-02-08,12:00:00,1.34626,1.34925,1.34605,1.34862,6620,1.3473638936152277,1.346341496872354,0.09322695900673736,BULLISH_EMA20_PULLBACK,-0.15719772804792306,-0.18240868443296904,-0.35666088297667103
2024-02-08,20:00:00,1.34651,1.34661,1.34518,1.34574,5121,1.347134797267794,1.3463238808114273,-0.10353806245841148,BEARISH_EMA20_PULLBACK,0.031209594721126444,-0.001486171177189426,0.009660112651772518
2024-02-09,04:00:00,1.34616,1.34654,1.34581,1.34644,3431,1.3469846299629789,1.3463222598340012,-0.040433272278224866,BULLISH_EMA20_PULLBACK,-0.053474347167349,0.03639226404443417,-0.025251775051246768
2024-02-09,08:00:00,1.34643,1.34645,1.34495,1.34572,5281,1.3468641890141237,1.3462986418012954,-0.08495207040594362,BEARISH_EMA20_PULLBACK,-0.14193145676664376,0.01114644948428146,0.057218440686022165
2024-02-09,16:00:00,1.34387,1.34812,1.34305,1.34693,8887,1.346607283977548,1.3462296343579045,0.023965117840348063,BULLISH_EMA20_PULLBACK,-0.07869748242299607,-0.06162161359535286,-0.2487137416198291
2024-02-09,20:00:00,1.34692,1.347,1.34524,1.34587,4408,1.346537066455877,1.3462155310497514,-0.04953940537505843,BEARISH_EMA20_PULLBACK,-0.0037150690631252256,0.046066856382864986,-0.06092713263538238
2024-02-12,08:00:00,1.34609,1.34681,1.345,1.34649,5519,1.3464390194170026,1.3462076232555518,0.003786326915824606,BULLISH_EMA20_PULLBACK,0.05495770484741535,-0.10694472294631864,-0.10620205125920298
2024-02-12,12:00:00,1.3465,1.34748,1.34617,1.34723,5936,1.3465143509010977,1.3462477164612163,0.05314827119542296,BULLISH_EMA20_PULLBACK,-0.2709262709411111,-0.1491950149566032,0.3815235705855826
2024-02-13,08:00:00,1.34576,1.34626,1.34468,1.34506,5418,1.3459176512754845,1.346014002503265,-0.06372241828255758,BEARISH_EMA20_PULLBACK,0.5434701797689434,0.8430850668371767,0.6862147413498336
2024-02-16,12:00:00,1.34801,1.35075,1.34718,1.34956,6328,1.3503120708837406,1.3491874132762338,-0.055696079443939936,BULLISH_EMA20_PULLBACK,-0.15560627167372998,-0.13115385755357664,-0.11855715937046486
2024-02-19,00:00:00,1.34802,1.34866,1.34676,1.34779,3265,1.349695965251223,1.3490453100582402,-0.14121441423055847,BEARISH_EMA20_PULLBACK,-0.005935642793022652,0.01261324093516078,0.19884403356606115
2024-02-19,04:00:00,1.34781,1.34832,1.34753,1.34771,3346,1.3495068257034875,1.3489929449579172,-0.1331468407024041,BEARISH_EMA20_PULLBACK,-0.025969978704622837,0.09720192029443607,0.22556781503438658
2024-02-19,08:00:00,1.34771,1.34788,1.34708,1.34736,4928,1.349302366112679,1.348928907900744,-0.1439533614896935,BEARISH_EMA20_PULLBACK,0.04453152832206359,0.11578197363733568,0.13878992993706496
2024-02-19,16:00:00,1.34797,1.34963,1.34766,1.34902,3997,1.349159805366615,1.348895973806108,-0.01036240229354093,BULLISH_EMA20_PULLBACK,-0.0074127885428096705,0.12824124179032093,0.21867726201240797
2024-02-20,00:00:00,1.34854,1.35049,1.34847,1.35047,2854,1.3492639223069114,1.3489586055780336,0.08938782643995785,BULLISH_EMA20_PULLBACK,0.02073352240329929,0.07478877724051296,0.09996519730167736
2024-02-20,04:00:00,1.35046,1.35112,1.35034,1.35075,3167,1.349405453515777,1.3490288563396795,0.09963991776673793,BULLISH_EMA20_PULLBACK,-0.11253007588376575,0.09032019248565604,0.007403294466053011
2024-02-20,12:00:00,1.34926,1.3525,1.34719,1.35148,7264,1.3495879109278808,1.3491325582743445,0.1401975415457282,BULLISH_EMA20_PULLBACK,0.03625654837658563,0.025157604996004893,0.06215408293130138
2024-02-22,00:00:00,1.34944,1.35052,1.34828,1.34872,10012,1.3504752082786948,1.3497639584269736,-0.1299696779278224,BEARISH_EMA20_PULLBACK,-0.06598849279315465,0.13197698558634224,-0.039296518180194515
2024-02-22,12:00:00,1.34514,1.35069,1.34507,1.3505,24231,1.3498107605640395,1.349548215580546,0.05106193076076413,BULLISH_EMA20_PULLBACK,-0.09996297667530264,-0.17104776008885852,-0.3065531284709391
2024-02-22,16:00:00,1.3505,1.35073,1.34826,1.34915,19845,1.3497478309865119,1.3495325992832699,-0.04429205017316725,BEARISH_EMA20_PULLBACK,-0.07412074268985004,-0.08301523181262349,0.04076640847940024
2024-02-22,20:00:00,1.34916,1.34988,1.34795,1.34815,18471,1.3495956566068439,1.349478379703534,-0.10711775780892765,BEARISH_EMA20_PULLBACK,0.002967028891446798,0.11274709787486303,0.1817305196009393
2024-02-23,04:00:00,1.34819,1.34857,1.34774,1.34803,7283,1.3493254241158064,1.3493730371657768,-0.09600531440776575,BEARISH_EMA20_PULLBACK,0.1216590135234278,0.12388448328300099,0.21809603643835393
2024-02-23,08:00:00,1.34803,1.35016,1.34718,1.34967,19977,1.3493582408666818,1.349384682767119,0.02310425236799358,BULLISH_EMA20_PULLBACK,-0.24524513399571185,0.06890573251239913,0.18745322930791553
2024-02-23,16:00:00,1.34636,1.35171,1.34633,1.3497,20551,1.3491324375348575,1.3492830847073636,0.042068699065563896,BULLISH_EMA20_PULLBACK,0.06668148477440342,0.09409498407054193,0.14818107727643193
2024-02-23,20:00:00,1.34969,1.35072,1.34903,1.3506,16534,1.3492722053886808,1.3493347284443298,0.09840820896008694,BULLISH_EMA20_PULLBACK,0.05330964015993291,0.11846586702206766,-0.011846586702201834
2024-02-26,00:00:00,1.3491,1.35191,1.34909,1.35132,3258,1.3494672334469016,1.3494125822308267,0.13729614970835965,BULLISH_EMA20_PULLBACK,-0.025900600893946104,-0.08510197436580412,-0.04588106444069983
2024-02-26,16:00:00,1.35016,1.35253,1.34998,1.3517,7324,1.3500594837029516,1.3496858959514808,0.12151437154077781,BULLISH_EMA20_PULLBACK,-0.09321595028481297,-0.1139306059036676,0.04142931123770925
2024-02-27,00:00:00,1.35025,1.35097,1.34997,1.3507,2906,1.3501532735074047,1.3497540777314518,0.040493661225223285,BULLISH_EMA20_PULLBACK,-0.03997927000814281,-0.06293033242022784,0.19619456578070937
2024-02-27,08:00:00,1.35016,1.35028,1.349,1.34921,5610,1.3500640175423426,1.349748035614462,-0.0632575589931842,BEARISH_EMA20_PULLBACK,0.04743516576366718,0.26608163295558007,0.7048569162695137
2024-02-27,12:00:00,1.34923,1.35051,1.34841,1.34985,6549,1.3500436349192624,1.3497520342178164,-0.01434286376039739,BULLISH_EMA20_PULLBACK,0.178538356113644,0.259288069044713,0.5963625588028383
2024-02-27,16:00:00,1.34984,1.35388,1.34944,1.35226,8136,1.350254717307904,1.3498503858171178,0.14851143761186475,BULLISH_EMA20_PULLBACK,0.039933148950644475,0.1848756895863182,0.3512638102140145
2024-03-01,04:00:00,1.35659,1.3572,1.3561,1.357,2369,1.3555691544129451,1.3530481297861296,0.10555312374856433,BULLISH_EMA20_PULLBACK,0.04789977892410018,-0.12306558585114667,-0.04495210022107586
2024-03-01,08:00:00,1.35698,1.35915,1.35649,1.35765,5036,1.3557673301831408,1.3532285952847127,0.13886378399492294,BULLISH_EMA20_PULLBACK,0.06334475011969823,-0.13552830258167153,-0.10606562810739938
2024-03-01,20:00:00,1.35533,1.3562,1.35518,1.35581,4519,1.355947532418331,1.353600191379267,-0.01014290118480789,BULLISH_EMA20_PULLBACK,0.023602127141715872,0.029502658927132556,0.11727306923536339
2024-03-04,00:00:00,1.35464,1.35633,1.35452,1.35613,2939,1.3559649102832518,1.3536993995604722,0.012175072931182074,BULLISH_EMA20_PULLBACK,0.01917220325484481,0.037607014076822314,0.08185056004954866
2024-03-04,04:00:00,1.35614,1.35658,1.35561,1.35639,2377,1.3560053950181803,1.3538049133031989,0.028363086403099102,BULLISH_EMA20_PULLBACK,-0.013270519540845111,0.05013307382095223,0.15482272797646626
2024-03-04,12:00:00,1.3562,1.35835,1.3558,1.35664,5755,1.3560834639491226,1.3540067115882277,0.04103995555382315,BULLISH_EMA20_PULLBACK,0.031695954711635395,0.04422691355112144,0.1614282344616047
2024-03-04,16:00:00,1.35657,1.3577,1.35562,1.35707,7562,1.356177419763492,1.3541268405455522,0.06581588983126757,BULLISH_EMA20_PULLBACK,0.024317094917722847,0.10463719631264244,0.03979160986537061
2024-03-04,20:00:00,1.35709,1.35813,1.35679,1.3574,4486,1.3562938559764928,1.3542551997398444,0.08155636911816427,BULLISH_EMA20_PULLBACK,-0.011787240312357299,0.10387505525269879,0.12155591572124293
2024-03-05,00:00:00,1.35674,1.35792,1.35671,1.35724,2882,1.3563839649311125,1.3543722507304388,0.063111559191207,BULLISH_EMA20_PULLBACK,0.09209867083198059,0.11714950929828036,0.10167693259850409
2024-03-05,04:00:00,1.35725,1.35857,1.3571,1.35849,3293,1.356584539699578,1.354533731093951,0.14046012206832456,BULLISH_EMA20_PULLBACK,0.023555565370381674,-0.06477780476852917,-0.017666674027782166
2024-03-05,08:00:00,1.35848,1.36048,1.35821,1.35881,5752,1.3567964882996182,1.354701427913796,0.14840189503329904,BULLISH_EMA20_PULLBACK,0.001471876126898461,0.017662513522863237,-0.053723478632047114
2024-03-05,12:00:00,1.3588,1.35977,1.35791,1.35883,5877,1.3569901560806068,1.3548633327014905,0.13558270199300484,BULLISH_EMA20_PULLBACK,-0.08978312224487235,-0.015454471861825504,-0.1677914087855037
2024-03-05,20:00:00,1.35761,1.35996,1.35744,1.35905,5524,1.357239742279136,1.3551310041585078,0.13337788929052496,BULLISH_EMA20_PULLBACK,-0.03163974835364059,-0.071373385820988,-0.573930318972814
2024-03-11,08:00:00,1.34861,1.34923,1.34716,1.34802,4591,1.3493520834671815,1.3516939623832465,-0.09872022902715576,BEARISH_EMA20_PULLBACK,0.20400290796872672,0.014094746368741744,-0.04970252666873996
2024-03-11,16:00:00,1.35079,1.35094,1.34785,1.34801,8288,1.3493464447429764,1.3515146803853038,-0.09904385550376696,BEARISH_EMA20_PULLBACK,0.01483668518779371,-0.04080088426642447,0.15430152595307764
2024-03-12,00:00:00,1.34834,1.34845,1.34759,1.34799,2156,1.3491193345855201,1.3512519444848574,-0.08370902088265389,BEARISH_EMA20_PULLBACK,-0.03931779909345911,0.10014911089844601,0.09273065823930247
2024-03-12,04:00:00,1.34799,1.34818,1.34716,1.34746,2784,1.3489613027202325,1.351103240779569,-0.11129323852396482,BEARISH_EMA20_PULLBACK,-0.00816350763659437,0.19518204622028928,0.14694313745861626
2024-03-12,08:00:00,1.34745,1.34791,1.34699,1.34735,4546,1.3488078453183057,1.3509560548666446,-0.10808398863972947,BEARISH_EMA20_PULLBACK,0.14769733179945346,0.12172041414627705,0.10316547296545087
2024-03-12,20:00:00,1.35007,1.35099,1.34896,1.34899,4142,1.3489771613258026,1.3507878220217404,0.000951733992642691,BEARISH_EMA20_PULLBACK,0.01853238348691121,-0.01853238348689475,-0.15418943061103935
2024-03-13,08:00:00,1.34944,1.34978,1.34851,1.34874,4638,1.3490149475794926,1.3506007007337735,-0.02038135900464759,BEARISH_EMA20_PULLBACK,0.027433011551520784,-0.13568219226833922,-0.12011210463098558
2024-03-13,16:00:00,1.34908,1.34927,1.34588,1.3468,7733,1.3488121906489725,1.3503954872978814,-0.14918241864379642,BEARISH_EMA20_PULLBACK,0.008167508167512215,0.053460053460057465,0.40763290763290727
2024-03-14,08:00:00,1.34754,1.34809,1.34671,1.34712,4530,1.348246298700463,1.3499062237013084,-0.08353805247220769,BEARISH_EMA20_PULLBACK,0.048251083793560884,0.4498485658293213,0.5730744105944495
2024-03-18,12:00:00,1.35279,1.35454,1.35234,1.35329,5759,1.351998716248142,1.3512768911784163,0.09550924393194207,BULLISH_EMA20_PULLBACK,0.08867279001543407,0.07241611184594439,0.5423818989277909
2024-03-19,00:00:00,1.35276,1.35433,1.3527,1.35427,1935,1.352524828284851,1.351588316788034,0.12903066018848353,BULLISH_EMA20_PULLBACK,0.05316517385749015,0.46962570240793344,0.23776647197383097
2024-03-21,16:00:00,1.35069,1.35413,1.34968,1.35289,8672,1.3529003243416842,1.3526308093942454,-0.0007631265584377946,BULLISH_EMA20_PULLBACK,0.005913267154024349,0.23209573579523413,0.5395856278041884
2024-03-21,20:00:00,1.35286,1.35391,1.3525,1.35297,4497,1.3529069601186667,1.352644110986628,0.004659587332431324,BULLISH_EMA20_PULLBACK,-0.05247714287825957,0.2889938431746513,0.5639445072691949
2024-03-22,00:00:00,1.35278,1.35309,1.3519,1.35226,1803,1.3528453448692699,1.352629047810682,-0.04326768551112026,BEARISH_EMA20_PULLBACK,0.2787925398961776,0.31280966678005384,0.6596364604440004
2024-03-25,20:00:00,1.35809,1.35883,1.35788,1.35856,3661,1.3568794214421134,1.3548308231882016,0.12385614604578997,BULLISH_EMA20_PULLBACK,-0.05299729124956233,-0.053733364739128,-0.015457543281124388
2024-03-26,04:00:00,1.35788,1.35865,1.35723,1.35823,3562,1.3570908189129318,1.355077503450547,0.08394287774938651,BULLISH_EMA20_PULLBACK,-0.029450093135916296,-0.04270263504708517,0.05595517695823769
2024-03-26,16:00:00,1.35552,1.358,1.35524,1.35765,7643,1.3570689328283985,1.3552958293827668,0.04281780811167041,BULLISH_EMA20_PULLBACK,0.05155968032997628,0.09869995948881499,0.05524251463926847
2024-03-26,20:00:00,1.35767,1.35881,1.35708,1.35835,3844,1.3571909392256938,1.355415600779521,0.08540145242698371,BULLISH_EMA20_PULLBACK,0.03312842787205517,0.15828026649980464,-0.12367946405564868
2024-03-27,00:00:00,1.35823,1.35907,1.35748,1.3588,2265,1.3573441831089612,1.355548322317579,0.10725480752452092,BULLISH_EMA20_PULLBACK,0.013982926111268213,0.11112746541064912,-0.03606123049750526
2024-03-27,04:00:00,1.3588,1.3599,1.35865,1.35899,4049,1.3575009275747745,1.355683290069831,0.10969218473284796,BULLISH_EMA20_PULLBACK,0.11111192871177289,-0.043414594662202696,-0.10743272577428951
2024-03-28,00:00:00,1.35644,1.35908,1.35642,1.35831,2559,1.3579660146815598,1.3562436993925262,0.025330922476791,BULLISH_EMA20_PULLBACK,-0.05742429931311725,-0.09349853862519472,-0.3371837062231602
2024-03-29,08:00:00,1.35515,1.35609,1.35487,1.35501,2508,1.3566078546581823,1.3560893728382735,-0.11778309057372364,BEARISH_EMA20_PULLBACK,-0.06273016435303189,-0.0974162552305878,-0.15867041571649626
2024-04-01,12:00:00,1.35286,1.35696,1.3525,1.35588,4458,1.3551587831331875,1.3555062295251479,0.05322010053648431,BULLISH_EMA20_PULLBACK,0.12832994070272258,0.11431690120069184,0.08850340738119081
2024-04-02,00:00:00,1.35682,1.35774,1.35649,1.35743,2235,1.355732516306072,1.3557174867690718,0.12520786169184372,BULLISH_EMA20_PULLBACK,0.03757099813618459,-0.025784018328742584,-0.02873076328060309
2024-04-02,04:00:00,1.35743,1.35825,1.35694,1.35794,3275,1.355942752848351,1.3558046441506768,0.14729583143930294,BULLISH_EMA20_PULLBACK,-0.11708912028513634,-0.06259481273104979,-0.08615991870037655
2024-04-02,12:00:00,1.3564,1.35734,1.3556,1.35708,5423,1.3560861536921878,1.35587520592302,0.07328784422039641,BULLISH_EMA20_PULLBACK,0.0007368762342561578,-0.0029475049370737173,-0.023580039496573377
2024-04-03,00:00:00,1.35613,1.35704,1.35594,1.35704,1942,1.3562986727323958,1.355991791857109,0.054658113475165054,BULLISH_EMA20_PULLBACK,-0.019896244768023968,-0.020633142722400074,-0.3898190178624077
2024-04-03,08:00:00,1.35675,1.35886,1.35665,1.358,4863,1.3565013171346825,1.356099866301007,0.11048148987302642,BULLISH_EMA20_PULLBACK,-0.0913107511045751,-0.3961708394698205,-0.5589101620029444
2024-04-08,16:00:00,1.35819,1.35996,1.3569,1.35828,8866,1.357193599425642,1.3562611482108855,0.08004757573404311,BULLISH_EMA20_PULLBACK,-0.07877609918425542,-0.038283711753088756,0.011779603616350092
2024-04-09,00:00:00,1.35706,1.35756,1.35679,1.35725,2117,1.3572003841103328,1.356335677375754,0.0036557526985785275,BULLISH_EMA20_PULLBACK,0.03757598084361838,-0.056732363234493224,-0.04347025234850546
2024-04-09,04:00:00,1.35723,1.35846,1.35696,1.35776,3547,1.3572536808617297,1.35639153316494,0.037304679693254315,BULLISH_EMA20_PULLBACK,-0.03314282347396163,0.05008248880509176,-0.05965708225312113
2024-04-09,16:00:00,1.35649,1.35983,1.35469,1.35844,9414,1.357304387974366,1.3565084471682989,0.08366671733293664,BULLISH_EMA20_PULLBACK,-0.10305939165513882,-0.10968463826153464,0.7685286063425697
2024-04-10,00:00:00,1.35654,1.3574,1.35654,1.35666,1893,1.3572202359608756,1.3565344181665073,-0.041278190969425775,BULLISH_EMA20_PULLBACK,0.021376026417829336,0.604425574572847,0.8904220659561047
2024-04-10,04:00:00,1.35665,1.35721,1.35615,1.35695,3946,1.357194499202697,1.356550715493311,-0.018015045215737532,BULLISH_EMA20_PULLBACK,-0.04642765024504443,0.8791775673385162,0.7900070009948664
2024-04-10,08:00:00,1.35694,1.35711,1.35583,1.35632,5261,1.3571112135643448,1.3565416678269067,-0.05830130621843451,BEARISH_EMA20_PULLBACK,0.6296449215524355,0.8677893122566989,0.9017046124808278
2024-04-18,08:00:00,1.3753,1.37595,1.37415,1.37538,6780,1.37742031403618,1.3719689440247718,-0.14812574022531796,BULLISH_EMA20_PULLBACK,0.0072707179106857,0.09888176358533844,0.055257456121208096
2024-04-18,12:00:00,1.37539,1.37668,1.37493,1.37548,7401,1.3772355222232107,1.3721066324943885,-0.12746710311223775,BULLISH_EMA20_PULLBACK,0.06833977956785564,0.17303050571437234,0.014540378631457962
2024-04-18,16:00:00,1.37547,1.37713,1.37457,1.37642,10709,1.377157853440048,1.3722757841612752,-0.05357798586449947,BULLISH_EMA20_PULLBACK,0.023248717687922145,0.09953357260139299,-0.16637363595413487
2024-04-18,20:00:00,1.37648,1.37812,1.3764,1.37674,6666,1.3771180578743292,1.3724508514490683,-0.02745282963703585,BULLISH_EMA20_PULLBACK,0.08135159870418596,-0.04358121359153914,-0.1372808228133249
2024-04-19,00:00:00,1.37649,1.37815,1.37612,1.37786,2690,1.377188719029155,1.372662974921654,0.04874284559332873,BULLISH_EMA20_PULLBACK,-0.005080341979592592,-0.15821636450728455,-0.2736127037580052
2024-04-19,20:00:00,1.37413,1.37571,1.3737,1.37485,6617,1.3765491990769503,1.3732054933456885,-0.12343903712920533,BULLISH_EMA20_PULLBACK,-0.05527875768264697,-0.14401571080480569,-0.3585845728624853
2024-04-24,16:00:00,1.37115,1.37286,1.36968,1.37169,10689,1.3706746426844647,1.3714542334730158,0.07407719409960004,BULLISH_EMA20_PULLBACK,-0.10352193279822532,-0.19027622859392435,-0.27119830282353646
2024-04-24,20:00:00,1.37167,1.37185,1.36944,1.37027,6020,1.3706361052859442,1.3714077929446622,-0.026710611557082414,BEARISH_EMA20_PULLBACK,-0.03940829179652236,-0.2225838703321241,-0.3313215643632268
2024-04-25,00:00:00,1.36977,1.37068,1.36949,1.36973,2291,1.3705498095444255,1.3713419971429108,-0.05981610728165562,BEARISH_EMA20_PULLBACK,-0.04745460784240817,0.07665744343777368,-0.2832675052747537
2024-04-25,04:00:00,1.36974,1.37045,1.36893,1.36908,4202,1.3704098276830519,1.3712532913726008,-0.09703868552228084,BEARISH_EMA20_PULLBACK,-0.1358576562363027,-0.08107634323780687,-0.2790194875390888
2024-04-25,16:00:00,1.37075,1.37308,1.36766,1.36797,13858,1.3699606768251866,1.3709606960874412,-0.14530904856335092,BEARISH_EMA20_PULLBACK,-0.16374628098567934,-0.19810375958537033,-0.052632733173960826
2024-04-26,20:00:00,1.36725,1.36737,1.36533,1.36678,4566,1.367904891308287,1.369705596954735,-0.08223461407547074,BEARISH_EMA20_PULLBACK,-0.11121028987841407,-0.07609125096944291,-0.05341020500739836
2024-04-29,16:00:00,1.36601,1.36765,1.36434,1.36505,8412,1.3668494196797674,1.368889486493794,-0.1316472505207519,BEARISH_EMA20_PULLBACK,0.07325738983919196,0.22196989121276628,0.7655397238196291
2024-05-02,00:00:00,1.37253,1.37399,1.37212,1.37322,3777,1.3726017404100388,1.371076799733657,0.04504289713173601,BULLISH_EMA20_PULLBACK,-0.07063689721968347,-0.09321157571257117,-0.5039250811960237
2024-05-02,12:00:00,1.37169,1.37287,1.37044,1.37194,9806,1.3724335943712833,1.371176601698178,-0.03596490010939264,BULLISH_EMA20_PULLBACK,-0.2128372960916683,-0.41109669519074216,-0.670583261658664
2024-05-06,04:00:00,1.36867,1.36878,1.36743,1.3686,4593,1.3692491871580048,1.3699020000350934,-0.04741190749597709,BEARISH_EMA20_PULLBACK,-0.05626187344731386,-0.168054946660819,-0.05772322080959144
2024-05-06,08:00:00,1.36861,1.36886,1.36724,1.36783,5545,1.36911402647629,1.3698207451317563,-0.0937852108340902,BEARISH_EMA20_PULLBACK,-0.12867096057260083,-0.09869647543921278,-0.0007310850032581177
2024-05-07,12:00:00,1.36782,1.36887,1.36715,1.36734,6030,1.368044509517644,1.3691128075073662,-0.05149755821119399,BEARISH_EMA20_PULLBACK,0.28595667500402827,0.4695247707227238,0.5667939210437728
2024-05-09,00:00:00,1.3719,1.37343,1.37177,1.37318,2624,1.3713029181988063,1.3704477932626469,0.13688308952621897,BULLISH_EMA20_PULLBACK,-0.04078125227574797,-0.18205916194527802,-0.373585400311691
2024-05-09,08:00:00,1.3726,1.37377,1.37239,1.37319,5400,1.3715961303169366,1.3706371747880106,0.11620546659715353,BULLISH_EMA20_PULLBACK,-0.18278606747791729,-0.4114507096614404,-0.3604745155440988
2024-05-10,08:00:00,1.36869,1.36869,1.36769,1.36824,5562,1.3702200488993912,1.3702020580251515,-0.14450590625803061,BEARISH_EMA20_PULLBACK,-0.2448400865345235,-0.08258785008476974,-0.07674092264514963
2024-05-13,08:00:00,1.36827,1.36848,1.36714,1.36719,4606,1.3688556849627715,1.3695450928321122,-0.12168448296410019,BEARISH_EMA20_PULLBACK,0.005119990637732465,-0.04169135233580991,0.03730278893204386
2024-05-13,20:00:00,1.36732,1.36793,1.36649,1.36662,4149,1.368386034246804,1.3692638257277006,-0.12905965148760568,BEARISH_EMA20_PULLBACK,0.03805007975882659,0.07902708872985686,-0.11854063309478531
2024-05-14,08:00:00,1.36789,1.36821,1.36741,1.3677,4620,1.3681808129682356,1.3690738534427802,-0.03514250190313247,BEARISH_EMA20_PULLBACK,-0.22007750237624896,-0.19741171309497146,-0.37581340937339497
2024-05-16,16:00:00,1.36305,1.36409,1.3607,1.3616,9492,1.3636201183784984,1.3662134550181904,-0.14814377928807795,BEARISH_EMA20_PULLBACK,0.009547591069343825,0.0646298472385423,-0.016157461809627422
2024-05-17,12:00:00,1.36361,1.36434,1.36266,1.36266,4924,1.363216479337039,1.365550490064258,-0.040821054137313434,BEARISH_EMA20_PULLBACK,-0.09393392335578558,-0.1364977323763795,0.040362232691944465
2024-05-17,16:00:00,1.36267,1.36296,1.3601,1.36138,8783,1.3630415765430353,1.3653869414342874,-0.12190211741371375,BEARISH_EMA20_PULLBACK,-0.025709206834247045,-0.0837385594029691,0.019098267934002773
2024-05-17,20:00:00,1.36144,1.36209,1.36061,1.36103,4687,1.3628499978246509,1.365216080985884,-0.13354351744916595,BEARISH_EMA20_PULLBACK,-0.01689896622410619,0.00514316363342575,0.10139379734465344
2024-05-20,00:00:00,1.36128,1.36149,1.36043,1.3608,2469,1.3626547599365888,1.3650429013393788,-0.13611370914486817,BEARISH_EMA20_PULLBACK,-0.04115226337449412,0.17710170487948435,0.14403292181069677
2024-05-20,16:00:00,1.36323,1.36323,1.35958,1.36164,8344,1.3623144201731592,1.3645306125071754,-0.04950547121665899,BEARISH_EMA20_PULLBACK,0.05654945506888292,0.13953761640374937,0.23427631385682163
2024-05-21,08:00:00,1.36354,1.36383,1.36246,1.36302,5573,1.3625287036337035,1.364296195807335,0.036057689279219034,BEARISH_EMA20_PULLBACK,0.20615985091929695,0.17461225807398637,0.21789849011754334
2024-05-22,00:00:00,1.36486,1.36528,1.36283,1.36377,3517,1.3633066095209707,1.3643898201437503,0.03399018795867469,BEARISH_EMA20_PULLBACK,0.04179590400142117,0.27497305264085165,0.3761631360126766
2024-05-27,04:00:00,1.36666,1.36686,1.36621,1.36651,2991,1.3679279845527712,1.3667072884357407,-0.1036592984999065,BEARISH_EMA20_PULLBACK,-0.03512597785598451,-0.23417318570664467,-0.32418350396264456
2024-05-27,08:00:00,1.36652,1.3667,1.36577,1.36603,3901,1.367747224119174,1.3666807281049274,-0.12555127796217924,BEARISH_EMA20_PULLBACK,-0.06368820596913306,-0.19838510135209259,-0.2423080020204641
2024-05-29,04:00:00,1.36557,1.36647,1.36485,1.36626,4816,1.365213142669593,1.3656571913430355,0.07668087111730587,BULLISH_EMA20_PULLBACK,-0.021225828173270348,0.3154597221612311,0.449402017185604
2024-05-30,16:00:00,1.36971,1.37024,1.36598,1.36641,10366,1.3679694724031823,1.3669244068539905,-0.11399906464599921,BEARISH_EMA20_PULLBACK,0.11929069605755376,0.048301754231900015,-0.15881031315637367
2024-05-30,20:00:00,1.36641,1.3689,1.3662,1.36804,5850,1.3679761893171651,1.3669681556048145,0.004664604788672363,BULLISH_EMA20_PULLBACK,0.008771673342893483,-0.16081401128621825,-0.40203502821553744
2024-05-31,00:00:00,1.36792,1.36858,1.36772,1.36816,2835,1.3679936950964828,1.3670148946007041,0.012156847221834764,BULLISH_EMA20_PULLBACK,-0.07966904455619483,-0.3398725295287132,-0.5364869605894138
2024-05-31,08:00:00,1.36709,1.36769,1.36529,1.36584,5826,1.3677089885030165,1.366970896553745,-0.13665103605571655,BEARISH_EMA20_PULLBACK,-0.1705909916241978,-0.24160955895272204,-0.027089556609850456
2024-06-05,08:00:00,1.36727,1.36835,1.3669,1.36795,6533,1.366234878787222,1.366146483681355,0.12553633635092268,BULLISH_EMA20_PULLBACK,-0.07748821228846528,0.10307394276105936,0.09941883840783859
2024-06-06,08:00:00,1.36782,1.36948,1.36762,1.36931,5455,1.3672997223399328,1.3666645367106143,0.14702538347824226,BULLISH_EMA20_PULLBACK,0.0547721115014152,-0.17381016716448786,-0.07156889236184509
2024-06-07,04:00:00,1.36676,1.36715,1.3663,1.36648,4612,1.3673960139394654,1.3668422744616466,-0.06698965991764626,BEARISH_EMA20_PULLBACK,0.13538434517886316,0.5832503951759289,0.7420525730343684
2024-06-07,08:00:00,1.36647,1.36877,1.36647,1.36833,6407,1.3674849649928495,1.3669006166396214,0.06179482983602053,BULLISH_EMA20_PULLBACK,0.2755183325659783,0.5941549187695929,0.6884304224858027
2024-06-12,00:00:00,1.37559,1.376,1.37524,1.37592,2096,1.3744625458586475,1.3712755930605873,0.1060381125512643,BULLISH_EMA20_PULLBACK,-0.04869469155183066,-0.4993022850165657,-0.2253037967323756
2024-06-12,20:00:00,1.36842,1.37343,1.36832,1.3723,11118,1.3734015622331701,1.3713896362727147,-0.08020685744516583,BULLISH_EMA20_PULLBACK,0.03789258908400888,0.08744443634772774,0.1100342490708956
2024-06-13,00:00:00,1.37155,1.37307,1.3705,1.37282,3094,1.3733461753538205,1.3714457289679023,-0.03831338108798686,BULLISH_EMA20_PULLBACK,0.10343672149298357,0.038606663655842824,0.14932766131030342
2024-06-13,04:00:00,1.37287,1.37425,1.37262,1.37424,4796,1.3734313015105997,1.371555308224063,0.058881611953271615,BULLISH_EMA20_PULLBACK,-0.05384794504598637,0.0603970194434821,0.0014553498661173468
2024-06-13,16:00:00,1.37334,1.37632,1.37221,1.37507,12363,1.373585718287572,1.3718311576788171,0.10805890689359553,BULLISH_EMA20_PULLBACK,-0.09163169874988465,-0.05890609205349382,-0.14617437657719734
2024-06-14,00:00:00,1.37367,1.37492,1.37304,1.37487,3010,1.3737273566934545,1.3720248864232372,0.08317831780651835,BULLISH_EMA20_PULLBACK,-0.04436783114039869,0.1185566635390997,-0.09455439423364237
2024-06-14,08:00:00,1.37426,1.37578,1.37368,1.37575,8082,1.3739658860914672,1.3722551835071868,0.1298513978107652,BULLISH_EMA20_PULLBACK,0.05451571869889359,-0.16718153734326505,-0.11557332364164857
2024-06-14,20:00:00,1.37306,1.37458,1.37273,1.37345,5737,1.3740362587950947,1.3724860262224714,-0.04266690863083619,BULLISH_EMA20_PULLBACK,0.008737121846437655,0.0516946375914659,-0.08227456405403002
2024-06-17,00:00:00,1.3729,1.37376,1.37262,1.37357,3033,1.373991853195562,1.3725285349980607,-0.030702743584749642,BULLISH_EMA20_PULLBACK,0.04295376282243282,0.09100373479327398,-0.12303704944050681
2024-06-17,04:00:00,1.37357,1.37449,1.37356,1.37416,4074,1.3740078671769371,1.3725925140177446,0.011072194468252765,BULLISH_EMA20_PULLBACK,0.0,-0.009460324852998447,-0.012371194038540161
2024-06-17,12:00:00,1.37415,1.37544,1.37376,1.37482,6782,1.3740983221108258,1.3727389258579796,0.052520105552963006,BULLISH_EMA20_PULLBACK,-0.057462067761586716,-0.2138461762267019,-0.10765045605969698
2024-06-17,20:00:00,1.37402,1.37406,1.37204,1.37232,5809,1.3739230709342587,1.3727711422472162,-0.11667836199654415,BEARISH_EMA20_PULLBACK,-0.032062492713069546,0.2069488166025383,-0.0408068089075357
2024-06-18,00:00:00,1.37218,1.37223,1.37098,1.37188,2392,1.3737284927500437,1.3727361954924235,-0.13456026862653642,BEARISH_EMA20_PULLBACK,0.15380353966819665,0.10642330232965105,0.005831413826288014
2024-06-18,04:00:00,1.37187,1.37416,1.3718,1.37399,4940,1.3737533982024206,1.3727853642966423,0.01722301818427145,BULLISH_EMA20_PULLBACK,0.08515345817654374,-0.1492005036426835,-0.1288218982670943
2024-06-18,08:00:00,1.374,1.37563,1.37283,1.37516,6694,1.3738873602783805,1.3728784872654016,0.09263057208427405,BULLISH_EMA20_PULLBACK,-0.13234823584164263,-0.24724395706680297,-0.256697402484077
2024-06-18,16:00:00,1.37336,1.37366,1.37089,1.37194,10734,1.3736547325634816,1.3728590726352286,-0.12482995346884977,BEARISH_EMA20_PULLBACK,-0.01312010729331071,0.020409055789616017,-0.04737816522588739
2024-06-18,20:00:00,1.37193,1.37261,1.37135,1.37176,6566,1.37347428184315,1.3728159717475727,-0.1248135378879772,BEARISH_EMA20_PULLBACK,0.014579809879277568,-0.009476876421544987,-0.08820784976965032
2024-06-19,08:00:00,1.37223,1.37256,1.37134,1.37163,4974,1.3730725017991758,1.3727160217422423,-0.10505649172099663,BEARISH_EMA20_PULLBACK,-0.08019655446438755,-0.07873843529231425,0.021871787581212793
2024-06-19,20:00:00,1.37129,1.37145,1.37048,1.37055,1292,1.3724804524177245,1.372498215783922,-0.1406542741154507,BEARISH_EMA20_PULLBACK,0.05545219072635759,0.10068950421364847,-0.12257852686876829
2024-06-20,16:00:00,1.37002,1.37088,1.3687,1.36996,10155,1.371820784762932,1.3722003683943096,-0.13564342978325053,BEARISH_EMA20_PULLBACK,-0.07956436684283011,-0.15766883704634893,0.04233700254022197
2024-06-21,20:00:00,1.37056,1.37076,1.36922,1.36922,5725,1.3705292524548833,1.3714676796075056,-0.0955289682827346,BEARISH_EMA20_PULLBACK,0.03797782679188544,-0.11247279472985326,-0.25342895955362055
2024-06-24,04:00:00,1.36974,1.37079,1.36935,1.36944,4081,1.370357505977807,1.371323067565406,-0.0669537674515355,BEARISH_EMA20_PULLBACK,-0.12851968687930715,-0.28843906998480384,-0.36219184484169265
2024-06-25,20:00:00,1.36644,1.36683,1.36494,1.36571,4995,1.3674972252849,1.369540071914079,-0.1306931562166575,BEARISH_EMA20_PULLBACK,0.04759429161388871,0.11349408000233872,0.32730228232933595
2024-06-26,04:00:00,1.36636,1.36639,1.36502,1.3657,4151,1.3672280687706322,1.3692696626934655,-0.11176399940401051,BEARISH_EMA20_PULLBACK,0.1142271362671162,0.314856849967064,0.2592077322984622
2024-06-27,04:00:00,1.37088,1.37093,1.36918,1.36924,4104,1.3682545229620795,1.369303302210553,0.07202439468550724,BEARISH_EMA20_PULLBACK,-0.06134790102538283,-0.02190996465192128,0.27533522245917813
2024-06-27,08:00:00,1.36924,1.36963,1.36821,1.3684,5593,1.368268377918072,1.3692678785944528,0.009619610016007729,BEARISH_EMA20_PULLBACK,0.0021923414206353764,0.11765565624085716,0.17319497223034078
2024-06-27,20:00:00,1.36895,1.37008,1.36806,1.37001,6218,1.3685047191599238,1.3692542962266308,0.10999456698989035,BULLISH_EMA20_PULLBACK,0.13795519740731435,0.055474047634695656,-0.1722615163392908
2024-06-28,16:00:00,1.37002,1.37169,1.3673,1.3675,14310,1.3692472265909115,1.369486748525827,-0.12760490267792593,BEARISH_EMA20_PULLBACK,0.01096892138940362,-0.018281535648984385,0.45338208409506275
2024-07-01,04:00:00,1.3674,1.36783,1.36652,1.36725,3438,1.3687750445078355,1.3692546715615792,-0.11141673819628772,BEARISH_EMA20_PULLBACK,-0.0021941854086651663,0.47174986286340054,0.5778021576156531
2024-07-01,08:00:00,1.36729,1.36814,1.3663,1.36722,6424,1.3686269450308988,1.3691748805199488,-0.10279974656402088,BEARISH_EMA20_PULLBACK,0.22966311200830303,0.4629832799403129,0.4278755430727981
2024-07-01,12:00:00,1.36723,1.37086,1.36723,1.37036,6005,1.3687919978850989,1.3692213557936765,0.11455371724293062,BULLISH_EMA20_PULLBACK,0.2437315741848783,0.26854257275459775,0.1247847281006362
2024-07-02,16:00:00,1.37208,1.37255,1.3688,1.3695,12239,1.3707899276680353,1.3701232907023946,-0.09410104655713195,BEARISH_EMA20_PULLBACK,-0.12267250821466986,-0.11098941219422898,-0.4709748083241946
2024-07-08,00:00:00,1.3644,1.36461,1.36389,1.36439,2860,1.3640064649916797,1.3663479042068267,0.028118269096523263,BEARISH_EMA20_PULLBACK,-0.04837326570847653,-0.13632465790572879,-0.04837326570847653
2024-07-08,04:00:00,1.36439,1.36471,1.3628,1.36373,4429,1.363980134992472,1.3662452412967552,-0.01833860963622696,BEARISH_EMA20_PULLBACK,-0.007332829812368359,-0.0586626384988329,-0.03739743204300047
2024-07-08,08:00:00,1.36373,1.36457,1.36287,1.36363,6265,1.3639467888027128,1.3661426828145296,-0.023225891604685623,BEARISH_EMA20_PULLBACK,-0.08066704311285898,-0.0205334291559907,0.02713345995616139
2024-07-08,12:00:00,1.36363,1.36425,1.36246,1.36253,6126,1.3638118565357877,1.3660010089786658,-0.09399071650863598,BEARISH_EMA20_PULLBACK,0.029357151769132124,0.08807145530741267,0.09981431601506226
2024-07-09,04:00:00,1.36371,1.36467,1.36304,1.36322,4102,1.3636502258606262,1.3656036042951603,-0.03154957572456737,BEARISH_EMA20_PULLBACK,0.05721747040096264,0.019806047446486442,-0.004401343877009655
2024-07-09,12:00:00,1.36401,1.36454,1.36353,1.36389,5544,1.363703200761193,1.3654759838187926,0.013697939456539241,BEARISH_EMA20_PULLBACK,-0.02932787834795738,-0.03226066618275637,-0.12464348297883515
2024-07-09,16:00:00,1.36387,1.36481,1.36337,1.36349,9420,1.3636828959267937,1.3653981021004087,-0.014145218611289801,BEARISH_EMA20_PULLBACK,-0.0014668241057969639,-0.02420259774550334,-0.14814923468453253
2024-07-10,04:00:00,1.36344,1.36378,1.36293,1.36316,3794,1.3635964305325428,1.36516713537034,-0.032005842987751595,BEARISH_EMA20_PULLBACK,0.03961383843422526,-0.12397664250711359,-0.0762933184659123
2024-07-10,12:00:00,1.36369,1.36392,1.36202,1.36219,5793,1.3634714091207436,1.3649951065068,-0.09398137079896161,BEARISH_EMA20_PULLBACK,-0.05285606266380269,-0.007341119814415683,-0.11819202901211369
2024-07-10,16:00:00,1.36221,1.36319,1.36078,1.36147,9295,1.363280798728292,1.364856867035945,-0.13282654094308421,BEARISH_EMA20_PULLBACK,0.032318009210632326,0.047742513606619276,0.11972353412120873
2024-07-12,04:00:00,1.36319,1.36342,1.36183,1.36201,4824,1.3627687798612893,1.36410867099429,-0.05567928121794759,BEARISH_EMA20_PULLBACK,-0.051394629995368826,0.014684179998676807,0.2650494489761539
2024-07-12,08:00:00,1.36199,1.36298,1.36125,1.36131,5864,1.3626298484459283,1.3639989191905924,-0.09686037976003027,BEARISH_EMA20_PULLBACK,0.14250978836562228,0.15426317297309142,0.14985565374529253
2024-07-12,16:00:00,1.36325,1.3639,1.3612,1.36221,12023,1.3626432999750118,1.3639005478572137,-0.03179848864481211,BEARISH_EMA20_PULLBACK,0.08809214438303124,0.2503285102884383,0.32594093421719117
2024-07-15,08:00:00,1.36561,1.36639,1.36328,1.36335,6321,1.363244672518362,1.3639849439577354,0.007726234604935342,BEARISH_EMA20_PULLBACK,0.09021894597864395,0.35794183445190125,0.37407855649685573
2024-07-15,12:00:00,1.36334,1.3653,1.36309,1.36458,7054,1.3633718465642324,1.3640082794888047,0.0886151081095104,BULLISH_EMA20_PULLBACK,0.15169502704128862,0.2513593926336341,0.39279485262864994
2024-07-17,00:00:00,1.36674,1.36808,1.36674,1.36783,2888,1.3661974453940249,1.3652516806328596,0.11949624203142745,BULLISH_EMA20_PULLBACK,-0.02851231512688802,-0.05117595022774358,0.027050145120371787
2024-07-17,12:00:00,1.36637,1.36784,1.36564,1.36713,8087,1.366397138317419,1.365446316988001,0.05363460314937914,BULLISH_EMA20_PULLBACK,0.16018959425951712,0.07826614879346708,0.07168301478279175
2024-07-18,00:00:00,1.36811,1.36848,1.36764,1.3682,3443,1.3669563666687372,1.365800169522441,0.09097827564851961,BULLISH_EMA20_PULLBACK,-0.01461774594357389,-0.006577985674619611,0.18564537348340787
2024-07-18,12:00:00,1.36742,1.36836,1.36727,1.36811,6640,1.3671884115085704,1.3660317939868203,0.06740757043227467,BULLISH_EMA20_PULLBACK,0.08771224536039426,0.19223600441485936,0.30918566489536337
2024-07-18,16:00:00,1.36808,1.37003,1.36775,1.36931,10879,1.3673904675553734,1.3661603510853764,0.14037924719910935,BULLISH_EMA20_PULLBACK,0.08763537840225134,0.09785950588251724,0.2789726212471927
2024-07-29,04:00:00,1.38187,1.38265,1.38172,1.38255,4480,1.3807208596596672,1.3766050393004998,0.13247720040846142,BULLISH_EMA20_PULLBACK,0.12006799030776427,0.24013598061552854,0.13091750750425588
2024-07-30,20:00:00,1.38448,1.38566,1.38393,1.38502,7284,1.3833937226970943,1.379349154974759,0.11755708271792854,BULLISH_EMA20_PULLBACK,0.009386146048445908,-0.041154640366201166,-0.3061327634258005
2024-07-31,00:00:00,1.38453,1.38529,1.38427,1.38515,3135,1.383560987202133,1.379576639093396,0.11484949435300187,BULLISH_EMA20_PULLBACK,-0.054867703858794636,-0.2974407103923852,-0.3024943146951693
2024-07-31,08:00:00,1.38439,1.385,1.38338,1.38445,7381,1.3837170892969843,1.3799491082134732,0.052966802873554604,BULLISH_EMA20_PULLBACK,-0.2470295063021401,-0.2650872187511331,-0.08739932825309209
2024-08-01,00:00:00,1.37995,1.38123,1.37995,1.38096,2951,1.3827844688903919,1.3800884538209786,-0.13194166780423347,BULLISH_EMA20_PULLBACK,-0.01593094658787271,0.026068821689269637,0.5090661568763825
2024-08-01,08:00:00,1.38075,1.3836,1.38029,1.38324,7831,1.3826516854182118,1.3802365927044096,0.04254973164917232,BULLISH_EMA20_PULLBACK,-0.1388045458488709,0.2956826002718203,0.305803765073303
2024-08-02,16:00:00,1.38567,1.38619,1.38339,1.38613,16041,1.3845406854259796,1.3818101814295942,0.1147900232004716,BULLISH_EMA20_PULLBACK,0.08729339960897847,0.10893639124756697,-0.14067944565084936
2024-08-05,16:00:00,1.38343,1.38484,1.38091,1.38418,15391,1.3852650064317245,1.3827669351706697,-0.07832482786231167,BULLISH_EMA20_PULLBACK,-0.11631435217962181,-0.1560490687627288,-0.46020026297157784
2024-08-06,08:00:00,1.38202,1.38434,1.38136,1.38343,9964,1.3841640684858096,1.3826364233876887,-0.05303334355534371,BULLISH_EMA20_PULLBACK,0.042647622214357826,-0.35852916302233245,-0.587669777292669
2024-08-06,12:00:00,1.38341,1.38555,1.38299,1.38402,10459,1.3841503476776373,1.3826906812940538,-0.00941716178853048,BULLISH_EMA20_PULLBACK,-0.44869293796332776,-0.45447320125432644,-0.7145850493489946
2024-08-12,04:00:00,1.37363,1.37384,1.37279,1.37316,3182,1.374992908427216,1.3777436107227314,-0.13330311858209826,BEARISH_EMA20_PULLBACK,-0.06335751114217764,0.08811791779546124,0.04078184625244807
2024-08-12,20:00:00,1.37438,1.37461,1.37344,1.3742,5805,1.374566810943708,1.3771389415004838,-0.026685566739094734,BEARISH_EMA20_PULLBACK,0.024741667879494028,-0.06258186581284259,-0.26415368941930006
2024-08-13,04:00:00,1.37455,1.37458,1.37351,1.37372,3391,1.3744838520423548,1.3769069429229763,-0.05557373709554515,BEARISH_EMA20_PULLBACK,-0.02766211455027567,-0.13175901930525064,-0.14704597734619373
2024-08-13,08:00:00,1.3737,1.37453,1.37262,1.37334,4460,1.3743749137526067,1.37676706280835,-0.0753006870433142,BEARISH_EMA20_PULLBACK,-0.040048349279861534,-0.20169805000946153,-0.1820379512720773
2024-08-13,12:00:00,1.37332,1.37412,1.37242,1.37279,5841,1.3742239695856917,1.3766110995609635,-0.10434758943435349,BEARISH_EMA20_PULLBACK,-0.0641030310535473,-0.14058960219698477,-0.06993057933113221
2024-08-14,16:00:00,1.37187,1.37204,1.36886,1.37119,10409,1.3727403338326192,1.3753074843382906,-0.11293715165276853,BEARISH_EMA20_PULLBACK,0.015315164200442205,-0.014585870667083188,-0.01239799006702233
2024-08-15,04:00:00,1.37166,1.37263,1.37087,1.37099,4614,1.3723777745122487,1.3748600436100413,-0.10112190229414277,BEARISH_EMA20_PULLBACK,-0.006564599304146892,0.002188199768048964,0.1079511885571848
2024-08-15,08:00:00,1.37102,1.37131,1.37023,1.3709,3879,1.3722370340825107,1.3747047477821968,-0.09743463041024013,BEARISH_EMA20_PULLBACK,0.12473557516960393,0.14807790502589366,0.09263987161717721
2024-08-15,16:00:00,1.37258,1.37379,1.3695,1.37102,9444,1.372153263727407,1.3744813223471952,-0.08259017103735211,BEARISH_EMA20_PULLBACK,0.13931233680034416,0.10576067453430099,-0.10867821038350947
2024-08-16,04:00:00,1.37301,1.37344,1.37213,1.37247,3185,1.3723178075700557,1.3742908524837745,0.011090173799743835,BEARISH_EMA20_PULLBACK,-0.021858401276544405,-0.21421233251001218,-0.43279634527531063
2024-08-16,08:00:00,1.37248,1.37284,1.37167,1.37217,4520,1.3723037306586219,1.3742076817981363,-0.009744975229194073,BEARISH_EMA20_PULLBACK,0.02915090695760569,-0.29952556898925325,-0.3490821108171619
2024-08-23,00:00:00,1.36145,1.36153,1.3599,1.36016,2341,1.3614354208215307,1.36587059919547,-0.09368206541600199,BEARISH_EMA20_PULLBACK,-0.05734619456534547,-0.15365839313021448,-0.7094753558404846
2024-08-23,04:00:00,1.36018,1.36024,1.35924,1.35938,3770,1.3612396664575754,1.365616065893687,-0.13661565287874036,BEARISH_EMA20_PULLBACK,-0.04045962129794836,-0.6024805426003135,-0.6039518015565957
2024-08-29,00:00:00,1.34764,1.34795,1.34659,1.3468,2907,1.3487908762542677,1.355095218958777,-0.14760451670585276,BEARISH_EMA20_PULLBACK,-0.05049005049005152,0.03861003861004425,0.11805761805761661
2024-08-29,16:00:00,1.34731,1.34906,1.34588,1.347,9726,1.348143732006378,1.3538694572280672,-0.08483754211250988,BEARISH_EMA20_PULLBACK,0.10096510764662418,0.13882702301410826,0.23830734966591946
2024-08-30,08:00:00,1.34888,1.34901,1.34724,1.34733,3251,1.348163268796454,1.3530346591147582,-0.06180770651005435,BEARISH_EMA20_PULLBACK,0.06976761446714339,0.13879302026972148,0.11355792567522667
2024-08-30,20:00:00,1.35017,1.35043,1.34726,1.3492,6533,1.3484466883354795,1.3526053714649129,0.055865142540436966,BEARISH_EMA20_PULLBACK,-0.023717758671796322,-0.025200118588793875,0.014823599169876814
2024-09-02,08:00:00,1.34979,1.34992,1.34852,1.34886,5339,1.3486364448000274,1.3522179344857979,0.01657638727134303,BEARISH_EMA20_PULLBACK,0.013344602108452248,0.04003380632534028,0.16680752635559548
2024-09-03,08:00:00,1.35263,1.35307,1.35043,1.35111,6996,1.3494322420619345,1.3518079685250761,0.12433065446116473,BEARISH_EMA20_PULLBACK,0.24350348972326571,0.285691024416959,0.37820754786804534
2024-09-04,16:00:00,1.35521,1.35543,1.34997,1.35111,12039,1.3521281123959312,1.3525219119909389,-0.07529703632351278,BEARISH_EMA20_PULLBACK,-0.05328951750783088,-0.008881586251313365,0.029605287504345018
2024-09-04,20:00:00,1.35112,1.35259,1.35039,1.35039,6963,1.351962577882033,1.3524383075991373,-0.11631815168261549,BEARISH_EMA20_PULLBACK,0.0296210724309241,0.008886321729287095,-0.004443160864635327
2024-09-05,08:00:00,1.35099,1.35166,1.35036,1.35051,6002,1.3516490164877295,1.352248449470648,-0.08426865804919892,BEARISH_EMA20_PULLBACK,0.07256517908049409,-0.013328298198463467,-0.022213830330777926
2024-09-05,20:00:00,1.35152,1.3518,1.35016,1.35033,6555,1.3514990199858912,1.352117936930534,-0.0864980269022573,BEARISH_EMA20_PULLBACK,-0.03480630660653103,-0.008886716580400347,0.5020994867921181
2024-09-06,00:00:00,1.34999,1.35035,1.34963,1.34986,1913,1.3513429228443776,1.3520293903842386,-0.10973697492389507,BEARISH_EMA20_PULLBACK,-0.03926333101211544,0.017779621590388484,0.4933844991332352
2024-09-06,04:00:00,1.3499,1.35046,1.34921,1.34933,3716,1.351151215906818,1.351923531937798,-0.13478993952544038,BEARISH_EMA20_PULLBACK,0.06521755241490161,0.5595369553778666,0.5046949226653216
2024-09-06,12:00:00,1.35022,1.35045,1.34657,1.3501,8668,1.3509699976017262,1.3517874587399665,-0.06439799575642427,BEARISH_EMA20_PULLBACK,0.5021850233316056,0.4755203318272624,0.498481593955996
2024-09-09,20:00:00,1.35488,1.35642,1.35472,1.35586,6427,1.3539018012702586,1.3530382911339294,0.14463373399047358,BULLISH_EMA20_PULLBACK,0.07670408449249405,0.10546811617718956,0.3754074904488693
2024-09-12,00:00:00,1.35687,1.35807,1.35687,1.35793,2180,1.3574267151124237,1.3553449857293034,0.03707639476762882,BULLISH_EMA20_PULLBACK,-0.06185885870406972,0.04786697399717344,-0.09573394799437959
2024-09-12,08:00:00,1.3571,1.35802,1.35646,1.35772,5659,1.3574256330058616,1.355503871870841,0.02168568111437435,BULLISH_EMA20_PULLBACK,0.06334148425300215,0.023568924373204778,-0.008838346639964058
2024-09-12,12:00:00,1.3577,1.35896,1.35686,1.35858,7005,1.357535572719589,1.3556245043464943,0.07693553682122267,BULLISH_EMA20_PULLBACK,0.0397473832972815,-0.14353221746234276,-0.06845382678972717
2024-09-12,16:00:00,1.35855,1.36043,1.35791,1.35912,11008,1.3576864705558187,1.3557615826074163,0.10558619204583625,BULLISH_EMA20_PULLBACK,-0.07946318205899346,-0.11404438165873228,0.010300782859483116
2024-09-13,04:00:00,1.35662,1.35767,1.35648,1.35757,4445,1.3576119060082454,1.3559477002976226,-0.0030867443088880312,BULLISH_EMA20_PULLBACK,0.00220983080061982,0.1244871351016868,-0.035357292809949835
2024-09-13,08:00:00,1.35759,1.3584,1.35711,1.3576,5900,1.3576107721026982,1.3560124963643825,-0.0007934603142255912,BULLISH_EMA20_PULLBACK,0.003682969946973005,0.09428403064232248,-0.013995285798461436
2024-09-13,12:00:00,1.35759,1.35943,1.35657,1.35765,6694,1.3576145080929174,1.3560767121932302,0.002614284605170167,BULLISH_EMA20_PULLBACK,0.11858726475895034,-0.005892534894860973,0.07733952049497259
2024-09-13,16:00:00,1.35761,1.35938,1.35692,1.35926,9724,1.3577712216078774,1.3562015470091822,0.10964869253595262,BULLISH_EMA20_PULLBACK,-0.02795638803465304,-0.15964568956638212,0.025749304768776578
2024-09-16,08:00:00,1.3571,1.35805,1.35685,1.35741,5249,1.3577406419709905,1.3564251089391255,-0.02435236603881488,BULLISH_EMA20_PULLBACK,0.09503392490109941,0.0898770452553023,0.06998622376437527
2024-09-16,12:00:00,1.35821,1.35874,1.35812,1.3587,848,1.3578320094023248,1.3565143203532775,0.06392474118040822,BULLISH_EMA20_PULLBACK,0.06697578567748336,0.04489585633325969,0.13542356664459143
2024-09-16,16:00:00,1.35872,1.36075,1.35806,1.35961,8233,1.3580013418401988,1.3566357195551098,0.11845777395339675,BULLISH_EMA20_PULLBACK,-0.0720794933841308,-0.005148535241724796,0.010297070483449591
2024-09-17,00:00:00,1.358,1.35937,1.358,1.35931,2256,1.3581801460415233,1.3568157334301494,0.08318881422098286,BULLISH_EMA20_PULLBACK,0.01692034929485934,0.09048708535948859,-0.04708271108135553
2024-09-17,04:00:00,1.3593,1.35978,1.35869,1.35954,3026,1.3583096559423307,1.356922567413281,0.0905790555405979,BULLISH_EMA20_PULLBACK,-0.08679406269767413,0.015446400988572861,-0.018388572605429886
2024-09-17,12:00:00,1.35835,1.36165,1.35799,1.36054,7008,1.358526407698824,1.3571185868355586,0.14821885609032254,BULLISH_EMA20_PULLBACK,-0.05806518000206303,-0.13744542608082366,-0.11760036456113349
2024-09-18,04:00:00,1.35866,1.35941,1.35842,1.35929,3802,1.3587885268880684,1.3574468021908317,0.036905898306354004,BULLISH_EMA20_PULLBACK,-0.03310551832206972,0.01839195462335936,0.039726621986477126
2024-09-18,12:00:00,1.35885,1.35929,1.35814,1.35894,5852,1.358807388223566,1.3575578516186801,0.009759424152627481,BULLISH_EMA20_PULLBACK,0.04415205969357984,0.334819786009688,-0.15085287061975564
2024-09-18,16:00:00,1.35894,1.36073,1.35765,1.35954,10337,1.3588771607737027,1.3576355829277515,0.048778450726177834,BULLISH_EMA20_PULLBACK,0.0728187475175461,0.02133074422231957,-0.3162834488135671
2024-09-18,20:00:00,1.35954,1.36226,1.35406,1.36053,15496,1.35903457403335,1.3577490894796045,0.11003590307580209,BULLISH_EMA20_PULLBACK,0.21756227352576377,-0.442474623859813,-0.35500870984102606
2024-09-20,04:00:00,1.35639,1.35682,1.35539,1.35601,4988,1.357843324573909,1.3575691168944533,-0.1350173868170213,BEARISH_EMA20_PULLBACK,0.060471530445943826,-0.04351000361353297,-0.014749153767300977
2024-09-23,04:00:00,1.35631,1.35666,1.35562,1.35581,3878,1.356985383367035,1.3572201486368505,-0.08661724595135281,BEARISH_EMA20_PULLBACK,0.09662120798638042,-0.4174626238189716,-0.3252668146716741
2024-09-26,00:00:00,1.34754,1.34869,1.34722,1.34728,3105,1.3490328388353978,1.3526519977237592,-0.1299329997712278,BEARISH_EMA20_PULLBACK,-0.01187577934801511,-0.07199691229737971,0.08684163648238624
2024-09-26,04:00:00,1.34726,1.3476,1.34645,1.34712,4554,1.3488506637082172,1.352435056636553,-0.12830654680920542,BEARISH_EMA20_PULLBACK,-0.03414692083853903,0.0734901122394311,0.1373300077201665
2024-09-26,08:00:00,1.34714,1.34771,1.34628,1.34666,7550,1.3486420290693393,1.3522085838272764,-0.146964800637798,BEARISH_EMA20_PULLBACK,-0.02599022767439981,-0.011138669003302426,0.11584215763444418
2024-09-26,20:00:00,1.3481,1.3482,1.34645,1.34651,7312,1.3482113267883165,1.351617154025942,-0.12619140297309533,BEARISH_EMA20_PULLBACK,0.14407616727687358,0.12699497218734937,0.3980661116515889
2024-09-27,08:00:00,1.34895,1.34948,1.34821,1.34822,7909,1.3482961332945755,1.3512695415337845,-0.005646630046289008,BEARISH_EMA20_PULLBACK,-0.07046327750663886,0.2707273293676055,0.25663467386628436
2024-09-27,12:00:00,1.34824,1.34861,1.34634,1.34727,8066,1.34819840631414,1.3511126967677538,-0.06886273635926579,BEARISH_EMA20_PULLBACK,0.28205185300645197,0.3102570383071005,0.2545889094242464
2024-09-30,04:00:00,1.35148,1.3519,1.35026,1.3508,5618,1.3492151542272255,1.3511390725477996,0.11746427304859665,BEARISH_EMA20_PULLBACK,0.06514657980455965,-0.009623926562034608,0.11104530648505011
2024-09-30,12:00:00,1.35165,1.35271,1.35066,1.3507,6727,1.3495689584490438,1.3511422349816484,0.0838076145628041,BEARISH_EMA20_PULLBACK,-0.0022210705560061074,0.16658029170060598,0.11993781002442844
2024-09-30,16:00:00,1.35068,1.35193,1.34894,1.35067,12303,1.349673819549135,1.3511237159627603,0.0738089778757,BEARISH_EMA20_PULLBACK,0.13104607343022717,0.1206808472832017,-0.03553791821836836
2024-10-01,16:00:00,1.35234,1.35251,1.34879,1.35019,16227,1.350808011272937,1.3513645683205313,-0.045751229470030415,BEARISH_EMA20_PULLBACK,-0.09332019937934949,-0.13553648005095567,-0.08369192484021326
2024-10-01,20:00:00,1.35022,1.35206,1.34807,1.34893,8830,1.3506291530564667,1.3512690950530595,-0.1258045594989235,BEARISH_EMA20_PULLBACK,-0.010378596368976077,-0.01408523792931527,0.08747674082420577
2024-10-02,00:00:00,1.34893,1.34969,1.34826,1.34879,2875,1.3504539956225174,1.351171875639214,-0.12321749781268637,BEARISH_EMA20_PULLBACK,-0.03188042615973802,0.028173399862102103,0.1608849413177741
2024-10-02,04:00:00,1.34873,1.34873,1.34758,1.34836,5804,1.350254567467992,1.3510616060063034,-0.14031187256375663,BEARISH_EMA20_PULLBACK,0.028182384526391095,0.05191491886439251,0.3011065294135062
2024-10-02,16:00:00,1.34916,1.34954,1.34721,1.34906,11014,1.3499292666302731,1.350827797340658,-0.0643934946638417,BEARISH_EMA20_PULLBACK,0.07783197189153895,0.24906231005292792,0.3053978325649062
2024-10-03,00:00:00,1.34886,1.35148,1.34886,1.35096,2531,1.3500430051100423,1.3508059367223835,0.06792338366161328,BULLISH_EMA20_PULLBACK,0.10807129744774212,0.17987209095755272,0.268697814887193
2024-10-16,00:00:00,1.37747,1.379,1.37717,1.37865,2853,1.3773127895371946,1.3706947987802844,0.09708836460123611,BULLISH_EMA20_PULLBACK,-0.06963333696005874,-0.050774308200045186,-0.23501251224022848
2024-10-16,08:00:00,1.37769,1.37928,1.37738,1.37898,6355,1.3775040748819212,1.3712832725380482,0.10714488218159644,BULLISH_EMA20_PULLBACK,-0.07469288894690904,-0.2849932558847836,-0.06381528376046004
2024-10-17,00:00:00,1.3751,1.37582,1.37499,1.37541,2420,1.3770525888014093,1.372010642963988,-0.1192829391388053,BULLISH_EMA20_PULLBACK,0.07488676103853296,0.1919427661569987,0.31336110686995416
2024-10-17,04:00:00,1.37541,1.37654,1.37469,1.37644,4966,1.376994247010799,1.3721843432399101,-0.04025049574477437,BULLISH_EMA20_PULLBACK,0.12060097061985953,0.1765423847025611,0.217227049489976
2024-10-17,08:00:00,1.37644,1.37851,1.37599,1.3781,5654,1.3770995568192943,1.3724163297795215,0.07264857328227878,BULLISH_EMA20_PULLBACK,-0.0036281837312318052,0.10013787098178194,0.09578405050431665
2024-10-17,16:00:00,1.37805,1.37967,1.37709,1.37887,10454,1.3773500680538895,1.3728816792774439,0.11035189828379093,BULLISH_EMA20_PULLBACK,0.04423912334012629,0.04061296568928861,0.05149143864178555
2024-10-17,20:00:00,1.37888,1.38011,1.37878,1.37948,4973,1.3775529187154238,1.3731404369528382,0.13989163380911768,BULLISH_EMA20_PULLBACK,0.017397860063213526,-0.004349465015799358,0.0637921535651109
2024-10-18,00:00:00,1.3781,1.37998,1.3781,1.37972,2378,1.3777593074091932,1.3733984590331192,0.14231024100239054,BULLISH_EMA20_PULLBACK,-0.021018757429052525,-0.013770910039727951,0.07030411967644996
2024-10-18,12:00:00,1.37942,1.37967,1.37852,1.37953,5390,1.3782012924651392,1.3740841334538563,0.09640881503485492,BULLISH_EMA20_PULLBACK,0.00362442281067505,0.08408660920748733,0.1739722949120483
2024-10-18,16:00:00,1.37952,1.381,1.37881,1.37958,8276,1.3783325979446497,1.3742996576321365,0.09050080199876666,BULLISH_EMA20_PULLBACK,0.05653894663593289,0.10075530233839303,0.3435828295568192
2024-10-18,20:00:00,1.37957,1.38149,1.37957,1.38036,5296,1.378525683854683,1.3745373181171507,0.13306361766055363,BULLISH_EMA20_PULLBACK,0.023906806919929687,0.07751601031614248,0.19922339099945158
2024-10-21,00:00:00,1.37986,1.38094,1.37974,1.38069,2256,1.3787318092018561,1.3747785997596156,0.14202840502225347,BULLISH_EMA20_PULLBACK,0.02027971521486054,0.08981016738008749,0.19990004997501942
2024-10-21,04:00:00,1.38069,1.38115,1.38009,1.38097,5780,1.3789449702302508,1.3750213997690426,0.1468535593128959,BULLISH_EMA20_PULLBACK,0.03330991983894689,0.24258311187063905,0.13830858020087897
2024-10-22,16:00:00,1.3828,1.38324,1.38134,1.38291,7631,1.3813357323458646,1.3774158826941685,0.11396705502303725,BULLISH_EMA20_PULLBACK,-0.09617400987772547,-0.06797260848501803,0.0824348656094698
2024-10-23,00:00:00,1.38136,1.38254,1.38128,1.38254,2251,1.38147147250988,1.3777737233174545,0.07734705431005236,BULLISH_EMA20_PULLBACK,-0.041228463552604726,0.1432146628668878,-0.011572902049861849
2024-10-23,08:00:00,1.38193,1.38268,1.38169,1.38249,6162,1.381611432145276,1.3781167818858933,0.06359008287589828,BULLISH_EMA20_PULLBACK,0.14683650514650928,0.08462990690709468,-0.07016325615374544
2024-10-24,12:00:00,1.38151,1.38261,1.38124,1.38249,6335,1.382217830746833,1.3792891058631687,0.019690764155460942,BULLISH_EMA20_PULLBACK,0.2734196992383232,0.18661979471822776,0.11066987826313618
2024-10-25,00:00:00,1.3845,1.38553,1.3845,1.38507,2305,1.3830899191331958,1.3800032842247396,0.14316356727154678,BULLISH_EMA20_PULLBACK,0.023825510624007555,-0.07580844289458262,0.3277812673727673
2024-10-31,00:00:00,1.39044,1.39184,1.38985,1.39152,2835,1.3899262490735211,1.386197428878571,0.1146644239247439,BULLISH_EMA20_PULLBACK,0.031620098884672584,-0.07473841554560134,0.11210762331838606
2024-10-31,04:00:00,1.39154,1.39209,1.39086,1.39196,4675,1.3901199396379478,1.3864234120598034,0.1323670216924985,BULLISH_EMA20_PULLBACK,-0.0028736457944222534,0.07255955630908614,0.05890973878558441
2024-11-01,00:00:00,1.39285,1.39374,1.39264,1.39308,2492,1.3910469551555122,1.387509073963988,0.14615213648633218,BULLISH_EMA20_PULLBACK,-0.02153501593592536,-0.14284893904155957,-0.18232980159071888
2024-11-01,08:00:00,1.39276,1.39421,1.39268,1.3931,4919,1.3913918158982763,1.387926922947918,0.1227680141715431,BULLISH_EMA20_PULLBACK,-0.1442825353528151,0.15863900653219765,-0.13423300552724415
2024-11-04,08:00:00,1.39004,1.39221,1.38983,1.39123,6202,1.3916401954567144,1.3888030204283666,-0.02947568330187322,BULLISH_EMA20_PULLBACK,-0.0582218612307079,-0.07116005261531497,-0.20557348533311262
2024-11-04,20:00:00,1.38902,1.39033,1.38897,1.39024,6394,1.3911859389523382,1.388926082957361,-0.06799514902017037,BULLISH_EMA20_PULLBACK,-0.015824605823446813,-0.1345091494993538,-0.5718437104384784
2024-11-05,00:00:00,1.38984,1.39065,1.38977,1.39002,2883,1.3910748971473537,1.3889689816649156,-0.07583323870748315,BULLISH_EMA20_PULLBACK,-0.026618322038530488,-0.1352498525201151,-0.10719270226327617
2024-11-06,00:00:00,1.38188,1.38999,1.38188,1.38853,7982,1.389109623821528,1.38851533744441,-0.04172628362715487,BULLISH_EMA20_PULLBACK,0.2297393646518279,0.37665732825362563,0.3298452320079529
2024-11-07,04:00:00,1.39312,1.39312,1.38875,1.38904,5498,1.3906628267159382,1.3894236586881576,-0.11669447724941943,BEARISH_EMA20_PULLBACK,0.005039451707655251,-0.29084835569890305,-0.07271208892472178
2024-11-11,00:00:00,1.39068,1.39151,1.39047,1.39138,3855,1.3898445194681095,1.3893131304880546,0.11047858306324726,BULLISH_EMA20_PULLBACK,0.027311014963564733,0.22567522890942232,0.13008667653695377
2024-11-11,04:00:00,1.39137,1.39265,1.39115,1.39176,4085,1.3900269461854324,1.3894090861551898,0.1246777135740851,BULLISH_EMA20_PULLBACK,0.0632292924067362,0.045984939932170336,0.21627292061849437
2024-11-12,00:00:00,1.39139,1.39319,1.39137,1.39319,3619,1.3912022241425475,1.39006442429673,0.14288187748388712,BULLISH_EMA20_PULLBACK,0.11340879564166674,-0.044502185631524985,0.09331103438871073
2024-11-13,00:00:00,1.3931,1.39523,1.39302,1.39449,3639,1.39272041641041,1.3910283341065282,0.1270594994328462,BULLISH_EMA20_PULLBACK,0.07601345294695988,0.01577637702671851,0.408751586601556
2024-11-19,00:00:00,1.40088,1.40291,1.40077,1.40198,3356,1.403461980983556,1.3989418657377177,-0.10559466545131672,BULLISH_EMA20_PULLBACK,0.01283898486426832,-0.10342515585100723,-0.43010599295282237
2024-11-19,04:00:00,1.40196,1.40241,1.4009,1.40216,4592,1.403337982794646,1.3990680670813367,-0.08394148872818247,BULLISH_EMA20_PULLBACK,0.04564386375306484,-0.3088092657043538,-0.44288811547897877
2024-11-19,08:00:00,1.40217,1.40365,1.40031,1.4028,8704,1.403286746338013,1.3992144173918726,-0.03468616369983798,BULLISH_EMA20_PULLBACK,-0.16181921870544583,-0.5153977758768228,-0.3542914171656787
2024-11-20,16:00:00,1.39873,1.40142,1.39813,1.39892,9528,1.4002069969757753,1.3987915324778009,-0.09191476535648647,BULLISH_EMA20_PULLBACK,-0.10365138821376142,-0.13010036313727255,-0.23589626283131693
2024-11-22,04:00:00,1.39678,1.39855,1.39646,1.39841,4583,1.3983776065957114,1.3982811733601115,0.0023164990726196855,BULLISH_EMA20_PULLBACK,0.1423044743673285,-0.055062535307952416,-0.27674287226207195
2024-11-22,08:00:00,1.39841,1.40209,1.39576,1.4004,9917,1.398570215491358,1.3983642646008914,0.13083250939955657,BULLISH_EMA20_PULLBACK,-0.2249357326478139,-0.1685232790631348,-0.3449014567266575
2024-11-22,12:00:00,1.40039,1.4012,1.39668,1.39725,9865,1.3984444806826573,1.398320567949876,-0.08541495205258771,BEARISH_EMA20_PULLBACK,0.027911969940947606,-0.24977634639470336,-0.1202361782072017
2024-11-25,12:00:00,1.39561,1.39837,1.39509,1.39557,7886,1.3972159429999533,1.3977823640402298,-0.11780161886926083,BEARISH_EMA20_PULLBACK,0.27443983461954613,1.2976776514255874,1.1543670328253022
2024-11-25,16:00:00,1.39559,1.40071,1.39538,1.3994,11541,1.3974239484285293,1.3978458007445345,0.14140673441962925,BULLISH_EMA20_PULLBACK,-0.06074031727883503,0.8117764756324166,0.6188366442761263
2024-11-27,20:00:00,1.40279,1.40354,1.4021,1.40291,5777,1.403620766505642,1.401299822155894,-0.05063807280447347,BULLISH_EMA20_PULLBACK,-0.12331510930850939,-0.1561040979107809,-0.10478220270723583
2024-11-28,04:00:00,1.40119,1.4026,1.40076,1.40214,3964,1.4032694256429405,1.4013282556694742,-0.08048530255856848,BULLISH_EMA20_PULLBACK,-0.10127376724150064,-0.09913418060963973,-0.1918496013236809
2024-11-28,16:00:00,1.40094,1.40199,1.40031,1.40075,4425,1.4026300022119564,1.4012689313405704,-0.13403407947867393,BEARISH_EMA20_PULLBACK,0.0492593253614192,-0.0928074245939573,-0.06496519721577486
2024-11-28,20:00:00,1.40073,1.40158,1.40041,1.40144,1668,1.4025166686679607,1.40127563991545,-0.07676690709018093,BULLISH_EMA20_PULLBACK,-0.10560566274688361,-0.11131407694942386,-0.08419910948738146
2024-11-29,12:00:00,1.39989,1.40422,1.39959,1.40274,7234,1.401891322429838,1.4011686337124687,0.06053804289844546,BULLISH_EMA20_PULLBACK,-0.2067382408714462,0.0392089767169845,0.04990233400344489
2024-11-29,16:00:00,1.40275,1.40453,1.39984,1.39984,10870,1.401695958388901,1.401116530429627,-0.13240805738173733,BEARISH_EMA20_PULLBACK,0.030003428963316307,0.2350268602125968,0.40933249514230285
2024-12-02,00:00:00,1.39896,1.40351,1.39893,1.40329,5095,1.401724038499758,1.4011694923343079,0.11171681851999417,BULLISH_EMA20_PULLBACK,-0.01140177725202474,0.010689166173784072,0.14751049319812842
2024-12-02,12:00:00,1.40295,1.40475,1.40182,1.40344,8873,1.4021027124576007,1.401396588368267,0.09537728802017471,BULLISH_EMA20_PULLBACK,0.15176993672689715,0.1368067035284673,0.03348914096790532
2024-12-03,12:00:00,1.40199,1.40484,1.40179,1.40391,7652,1.4030352082354,1.402005656900922,0.06234995098235289,BULLISH_EMA20_PULLBACK,0.09046163927887858,0.2286471355001343,0.19232002051413016
2024-12-03,16:00:00,1.4039,1.40756,1.4026,1.40518,12287,1.403239474117743,1.402130140944023,0.1382890032706065,BULLISH_EMA20_PULLBACK,0.12453920494170984,0.07757013336368389,0.09749640615436252
2024-12-05,00:00:00,1.40612,1.40791,1.40611,1.40714,2953,1.405237743403867,1.4034233124651294,0.13536902243497226,BULLISH_EMA20_PULLBACK,-0.023451824267675107,-0.2586807282857489,-0.21746237048197495
2024-12-05,12:00:00,1.406,1.40632,1.4035,1.4035,6750,1.4052605012425357,1.4036460027305488,-0.12527935147818095,BEARISH_EMA20_PULLBACK,0.12468827930175563,0.04132525828286605,0.39686498040613294
2024-12-05,16:00:00,1.4035,1.40598,1.40099,1.40525,11329,1.4052595011241988,1.4037089045842528,-0.0006761117210827528,BULLISH_EMA20_PULLBACK,-0.19996441914251561,-0.13876534424480472,0.7230030243728836
2024-12-06,00:00:00,1.40244,1.40426,1.40174,1.40408,3304,1.4049042174735507,1.403675647791923,-0.05866716487141417,BULLISH_EMA20_PULLBACK,-0.05555239017719809,0.35539285510797464,0.7955387157426858
2024-12-06,04:00:00,1.40408,1.40429,1.40263,1.4033,3950,1.404751434857022,1.4036609165059653,-0.10332325143129452,BEARISH_EMA20_PULLBACK,0.03990593600798945,0.8629658661725979,0.9670063421934071
2024-12-06,08:00:00,1.40331,1.40437,1.40264,1.40386,5553,1.4046665362992106,1.40366872370181,-0.057418346516276426,BULLISH_EMA20_PULLBACK,0.3711196273132603,0.8319917940535317,0.7393899676605811
2024-12-12,12:00:00,1.41368,1.41747,1.41332,1.4169,8179,1.4149626702799831,1.4113407272379004,0.13691737320770286,BULLISH_EMA20_PULLBACK,0.15809160844096404,0.4587479709224328,0.30136212859058475
2024-12-20,20:00:00,1.43498,1.43755,1.43497,1.43699,7263,1.4360728775994602,1.4287293345678949,0.06386322134798775,BULLISH_EMA20_PULLBACK,-0.10716845628710686,0.09185867681751354,0.014613880402789407
2024-12-23,04:00:00,1.43542,1.43612,1.43488,1.43601,3323,1.4360132172639573,1.4292680708564072,-0.0002240413889347496,BULLISH_EMA20_PULLBACK,0.16016601555699253,0.12047269865808799,0.16155876351836684
2024-12-23,08:00:00,1.436,1.43893,1.4359,1.43831,5572,1.4362319584769137,1.4296226563130185,0.14468704103270585,BULLISH_EMA20_PULLBACK,0.33998234038559566,-0.07717390548629602,0.08968859286245756
2024-12-24,00:00:00,1.43636,1.43839,1.43636,1.43787,2721,1.437080446319537,1.4309976578901271,0.05494150884072385,BULLISH_EMA20_PULLBACK,0.03199176559773324,0.06050616536960409,-0.15230862317176896
2024-12-24,04:00:00,1.43787,1.43863,1.43731,1.43833,3265,1.4371994514319621,1.4312852007179653,0.07866330361534235,BULLISH_EMA20_PULLBACK,0.08829684425687306,-0.05492480863223797,-0.11054486800666065
2024-12-26,00:00:00,1.43545,1.43657,1.43505,1.43568,2678,1.437134677298928,1.4323527832617164,-0.1012206665044045,BULLISH_EMA20_PULLBACK,0.07383260893791366,0.26537947174856996,0.38796946394738746
2024-12-26,04:00:00,1.43569,1.43676,1.43498,1.43674,3326,1.4370970889847445,1.4325248309769432,-0.024847937378879154,BULLISH_EMA20_PULLBACK,0.18653340200732324,0.3459220179016482,0.28884836504865863
2024-12-26,08:00:00,1.43673,1.44043,1.43657,1.43942,4028,1.4373183186052452,1.4327952297621611,0.14622240373268147,BULLISH_EMA20_PULLBACK,0.004863069847578503,0.08406163593670753,0.05974628669881501
2024-12-26,12:00:00,1.43941,1.44028,1.43806,1.43949,4301,1.4375251454047455,1.4330577697714881,0.13668314613732882,BULLISH_EMA20_PULLBACK,0.15422128670571597,0.12226552459551535,-0.013199119132464448
2024-12-30,12:00:00,1.4392,1.44078,1.43723,1.44077,6317,1.4396354750555171,1.4359453434250997,0.07880640371405205,BULLISH_EMA20_PULLBACK,-0.3414840675472168,-0.45045357690680027,-0.04025625186532374
2024-12-31,08:00:00,1.43479,1.43794,1.43468,1.43694,4999,1.4380042413959624,1.4358587562164713,-0.07400822371213296,BULLISH_EMA20_PULLBACK,0.22617506646067162,0.08559856361433618,0.3124695533564298
2024-12-31,12:00:00,1.43694,1.44078,1.43659,1.44019,6153,1.4382124088820611,1.4360286089138645,0.13750341088185586,BULLISH_EMA20_PULLBACK,-0.0860997507273436,-0.2013623202494202,0.13401009589012472
2025-01-03,04:00:00,1.43909,1.43949,1.43828,1.43921,3474,1.4390473028269624,1.4371573819980048,0.011305894720634051,BULLISH_EMA20_PULLBACK,-0.01667581520417576,0.44955218487920284,-0.018760292104695802
2025-01-03,12:00:00,1.43898,1.44192,1.43885,1.4414,6021,1.4392647082098264,1.437392054662518,0.14835990752732878,BULLISH_EMA20_PULLBACK,0.2969335368391884,-0.0964340224781464,-0.7569030109615634
2025-01-07,20:00:00,1.43444,1.43708,1.4338,1.43706,7219,1.4360465746764592,1.4366271317070645,0.07057050526157804,BULLISH_EMA20_PULLBACK,-0.15100274170876687,-0.04801469667237829,0.030618067443251913
2025-01-08,00:00:00,1.43585,1.43672,1.43478,1.43489,3718,1.4359364247072726,1.4365590088950226,-0.07287402765661344,BEARISH_EMA20_PULLBACK,-0.0452996396936378,0.3226728181254251,0.1958338269832516
2025-01-08,04:00:00,1.43487,1.43519,1.4342,1.43424,4014,1.4357748604494371,1.4364680673697277,-0.10690119263940358,BEARISH_EMA20_PULLBACK,0.14851070950468298,0.33536925479696433,0.21683958054439606
2025-01-09,00:00:00,1.43738,1.43856,1.43711,1.4377,3202,1.4366643427241368,1.4367515971143012,0.07208763000962515,BULLISH_EMA20_PULLBACK,-0.024344439034574145,0.12380886137581656,0.163455519232112
2025-01-09,08:00:00,1.43736,1.44044,1.43708,1.43842,6982,1.4368906297583068,1.4368395711924018,0.10643609263082494,BULLISH_EMA20_PULLBACK,0.0736919675755385,0.06048302999123527,0.18144908997372125
2025-01-13,16:00:00,1.4408,1.44273,1.43965,1.44082,11419,1.4403311962546836,1.4387449002488604,0.03393689913732276,BULLISH_EMA20_PULLBACK,-0.21237906192307596,-0.17351230549270186,-0.28386613178606124
2025-01-14,08:00:00,1.43827,1.4384,1.43578,1.43756,7847,1.4394973428103857,1.4386056371125604,-0.13458467430050014,BEARISH_EMA20_PULLBACK,0.14051587412004596,-0.19129636328223032,-0.2031219566487683
2025-01-14,12:00:00,1.43755,1.43977,1.43635,1.43958,8365,1.4395052149236822,1.4386438474218717,0.005195193149878754,BULLISH_EMA20_PULLBACK,-0.19797440920268544,-0.28272134928243087,-0.6092054627044114
2025-01-16,12:00:00,1.43714,1.43929,1.43685,1.43799,7959,1.4366381738871312,1.437354450876559,0.094096491200093,BULLISH_EMA20_PULLBACK,0.04172490768363715,0.13699678022794354,0.3894324717139776
2025-01-16,16:00:00,1.43794,1.44003,1.43672,1.43859,13311,1.4368240620883568,1.4374029037833607,0.12290564713097493,BULLISH_EMA20_PULLBACK,0.05282950666971631,0.11191513912927863,0.36216017072271717
2025-01-23,00:00:00,1.43773,1.44032,1.43669,1.4394,4488,1.4375688995192983,1.4381190167882736,0.12737479791848363,BULLISH_EMA20_PULLBACK,-0.011115742670552866,0.06738918994024701,-0.131304710295953
2025-01-23,20:00:00,1.43388,1.43856,1.43386,1.43845,7282,1.4377542583473906,1.438118678297673,0.0483908601605639,BULLISH_EMA20_PULLBACK,-0.0653481177656464,-0.4143348743439094,-0.28641940978135505
2025-01-24,00:00:00,1.43767,1.43833,1.43722,1.43751,3390,1.4377309956476392,1.4380948085605094,-0.015371140241680683,BEARISH_EMA20_PULLBACK,-0.3060848272359816,-0.35756272999841004,0.05634743410480466
2025-01-27,00:00:00,1.43573,1.43873,1.43571,1.43832,4816,1.4361987751575047,1.4372555225767125,0.14769716275956987,BULLISH_EMA20_PULLBACK,0.0062573001835421515,-0.1786806830190751,0.09177373602536207
2025-01-27,04:00:00,1.4384,1.44011,1.4366,1.43841,6900,1.4364093679996472,1.4373007962011553,0.13928007188778035,BULLISH_EMA20_PULLBACK,-0.11192914398536503,0.09732969042206797,0.09732969042206797
2025-01-27,08:00:00,1.43839,1.43999,1.43649,1.4368,9159,1.4364465710472998,1.4372811571344433,0.0246043925213741,BEARISH_EMA20_PULLBACK,-0.07307906458797295,0.033407572383060545,0.20253340757238084
2025-01-27,12:00:00,1.4368,1.437,1.43331,1.43575,10889,1.4363802309475568,1.437221111756622,-0.04387633120939095,BEARISH_EMA20_PULLBACK,0.2827790353473761,0.27093853386731315,0.3085495385686877
2025-01-27,20:00:00,1.4398,1.44011,1.43662,1.43728,7540,1.4367614588935784,1.4373209647549596,0.036090967168675624,BEARISH_EMA20_PULLBACK,0.16419904263610013,0.16906935322276484,0.1996827340532221
2025-01-28,20:00:00,1.43965,1.4413,1.43841,1.44015,7103,1.4381717796971798,1.4378653881638677,0.13755104437084534,BULLISH_EMA20_PULLBACK,0.005554976912117346,0.19234107558240038,0.12220949206679747
2025-01-29,00:00:00,1.43966,1.44087,1.43899,1.44023,3864,1.4383678006784009,1.4379581180397945,0.12946614354970506,BULLISH_EMA20_PULLBACK,-0.03471667719738827,0.4304867972476761,0.07498802274638024
2025-01-30,00:00:00,1.44116,1.44207,1.43923,1.44131,4084,1.4401843885224535,1.4389068414408936,0.07815745584504305,BULLISH_EMA20_PULLBACK,0.07493183284650559,-0.03191541028648431,0.4856692869680981
2025-01-30,04:00:00,1.44135,1.44247,1.44074,1.44239,4831,1.4403944467584102,1.4390434358941921,0.138542136571049,BULLISH_EMA20_PULLBACK,-0.10122089032785979,-0.0651696143206874,0.3702188728429828
2025-01-30,16:00:00,1.44088,1.44222,1.43995,1.44145,10467,1.4405759821094843,1.439274172448876,0.06067141902752682,BULLISH_EMA20_PULLBACK,0.5237781400673049,0.43567241319505107,-0.10128689860902527
2025-02-10,00:00:00,1.43501,1.43799,1.43227,1.43485,6312,1.4337809950616391,1.4377425273560662,0.07455845363014181,BEARISH_EMA20_PULLBACK,-0.029968289368221795,-0.07805693974980032,-0.09757117468725428
2025-02-10,04:00:00,1.43483,1.4358,1.43355,1.43442,6874,1.4338418526748165,1.4376122321656324,0.04032155457765778,BEARISH_EMA20_PULLBACK,-0.1254862592546133,-0.17358932530221993,-0.08086892263075318
2025-02-10,08:00:00,1.4344,1.43588,1.43149,1.43262,7679,1.4337254857534054,1.4374164583552154,-0.07710581728443582,BEARISH_EMA20_PULLBACK,0.07748042048833217,-0.07748042048833217,0.050955591852682315
2025-02-10,16:00:00,1.43371,1.4343,1.43134,1.43193,9692,1.4335548760929238,1.4370624054251717,-0.11334592906218871,BEARISH_EMA20_PULLBACK,-0.029331042718559214,0.09288163527547111,-0.08799312815569314
2025-02-10,20:00:00,1.43196,1.43226,1.43051,1.43151,6133,1.4333601259888358,1.4368446640359493,-0.12907614459829936,BEARISH_EMA20_PULLBACK,0.13552123282406905,0.12853560226612748,-0.2193487995193986
2025-02-11,04:00:00,1.43345,1.43404,1.43288,1.43326,5349,1.433358334426235,1.4365761854480255,-0.006860421701489124,BEARISH_EMA20_PULLBACK,0.006279391038605939,-0.18070691988891552,-0.2567573224676546
2025-02-11,12:00:00,1.43334,1.43454,1.4308,1.431,7023,1.4331330129883693,1.4362359558864704,-0.14883566068452017,BEARISH_EMA20_PULLBACK,-0.023060796645698215,-0.15513626834382327,0.1306778476589824
2025-02-13,12:00:00,1.42911,1.43037,1.42671,1.42853,8207,1.4302466723289424,1.4335262188063638,-0.1200263116953808,BEARISH_EMA20_PULLBACK,-0.2905084247443244,-0.675519590068123,-0.8491246246141119
2025-02-18,08:00:00,1.42043,1.42078,1.4181,1.41908,7754,1.4207530999735998,1.4261440408153487,-0.1177614867517071,BEARISH_EMA20_PULLBACK,0.09795078501564411,0.02959664007667552,0.05989796205992738
2025-02-18,16:00:00,1.42046,1.42111,1.41826,1.4193,9096,1.4205903153978898,1.425661861590793,-0.0908295223403953,BEARISH_EMA20_PULLBACK,0.014091453533430422,-0.09300359332065017,0.3086028323821638
2025-02-19,00:00:00,1.41887,1.41985,1.41843,1.41846,4534,1.4202934781375016,1.4251472701574373,-0.1290914987447448,BEARISH_EMA20_PULLBACK,-0.033839516094922376,0.09587862893560818,0.4025492435458089
2025-02-19,04:00:00,1.41844,1.41923,1.41791,1.41798,5755,1.420073146886311,1.4248662007394985,-0.14739711759922386,BEARISH_EMA20_PULLBACK,0.13751957009265972,0.4019802818093371,0.32722605396408816
2025-02-19,12:00:00,1.41993,1.42213,1.41954,1.41982,7583,1.4200367030067083,1.4244823252501102,-0.015260380682368223,BEARISH_EMA20_PULLBACK,0.27186544773280935,0.3063768646729764,0.056345170514566056
2025-02-20,04:00:00,1.42418,1.42447,1.422,1.42262,7776,1.4212071964486876,1.424353245481422,0.09940869669409642,BEARISH_EMA20_PULLBACK,-0.10754804515612261,-0.2846860018838402,-0.33389098986377475
2025-02-20,08:00:00,1.42263,1.423,1.42099,1.42109,7609,1.421196034882146,1.4242252750703859,-0.007460961017583548,BEARISH_EMA20_PULLBACK,-0.033073204371290375,-0.2561414125776598,-0.10133066871203696
2025-02-20,12:00:00,1.42111,1.4223,1.41964,1.42062,8100,1.4211411744171796,1.4240838917342924,-0.03667295174902798,BEARISH_EMA20_PULLBACK,-0.14430319156423851,-0.14571102757950868,-0.20906364826624413
2025-02-24,00:00:00,1.42161,1.42254,1.41938,1.4196,5426,1.4202635945902142,1.4226921563111665,-0.04672334014206156,BEARISH_EMA20_PULLBACK,-0.01620174697097439,0.13947590870668447,0.4691462383770154
2025-02-24,04:00:00,1.41964,1.41969,1.41815,1.41937,7270,1.420178490343527,1.422561875671513,-0.056928783883458865,BEARISH_EMA20_PULLBACK,0.1254077513262851,0.21558860621261988,0.36001888161648815
2025-03-03,16:00:00,1.4411,1.44189,1.43689,1.44125,12831,1.4397671925636564,1.4337167066310461,0.10298938911805966,BULLISH_EMA20_PULLBACK,0.4676496097138033,0.5502168256721591,0.7986123156981878
2025-03-05,00:00:00,1.43858,1.44414,1.43828,1.44279,7406,1.442982840524127,1.43704952261816,-0.013364020604492535,BULLISH_EMA20_PULLBACK,-0.04574470297133366,-0.329916342641694,-0.7880564739151299
2025-03-07,12:00:00,1.42996,1.43713,1.42979,1.4371,8635,1.4354459499070724,1.4355608325588725,0.11522900552505705,BULLISH_EMA20_PULLBACK,0.1370816227124088,-0.0563635098462165,0.3242641430658887
2025-03-10,04:00:00,1.43631,1.43695,1.4354,1.4366,4681,1.4360498108187412,1.4358238411122184,0.03831268087736102,BULLISH_EMA20_PULLBACK,0.0953640540164187,0.4684672142558751,0.4232214951969833
2025-03-10,08:00:00,1.43662,1.43819,1.43568,1.43797,6512,1.436232685978861,1.435908004205857,0.12096326995614272,BULLISH_EMA20_PULLBACK,0.26356599929066393,0.4075189329401849,0.24896207848565258
2025-03-13,04:00:00,1.43624,1.43931,1.43603,1.43875,4898,1.4400280789846815,1.4386452553227798,-0.08875375441169922,BULLISH_EMA20_PULLBACK,0.0027801911381435274,0.2300608166811416,0.28705473501302986
2025-03-13,08:00:00,1.43874,1.44041,1.43791,1.43879,7056,1.4399101667004262,1.4386509315846316,-0.07779420732843473,BULLISH_EMA20_PULLBACK,0.06880781768013722,0.37392531224153214,0.17792728612235945
2025-03-13,12:00:00,1.4388,1.4402,1.43655,1.43978,8030,1.439897769871814,1.4386952087773912,-0.00817904397646814,BULLISH_EMA20_PULLBACK,0.1583575268443677,0.23475808804122425,0.07431690952783788
2025-03-13,16:00:00,1.43979,1.44251,1.43781,1.44206,11155,1.440103696550689,1.4388271613743564,0.13584462382789256,BULLISH_EMA20_PULLBACK,0.14631846109038849,0.05686309862280647,-0.3252291860255372
2025-03-19,20:00:00,1.43314,1.43487,1.43077,1.4326,8112,1.4329025059850897,1.4352959049907634,-0.021111414337409026,BEARISH_EMA20_PULLBACK,-0.02582716738798014,0.19405277118525788,-0.03141141979617907
2025-03-20,00:00:00,1.43239,1.43329,1.43146,1.43223,2859,1.4328384577960336,1.4351756734224983,-0.04246520553123685,BEARISH_EMA20_PULLBACK,0.050271255315141705,0.43568421273119706,-0.010473178190644831
2025-03-20,16:00:00,1.43848,1.44011,1.43175,1.43326,9089,1.433569872113147,1.4351546583407784,-0.021615417509448603,BEARISH_EMA20_PULLBACK,-0.07744582280953521,-0.003488550576998135,0.052328258655095966
2025-03-20,20:00:00,1.43326,1.43358,1.43123,1.43215,5153,1.433434646197609,1.4350368286019244,-0.0896201442470188,BEARISH_EMA20_PULLBACK,-0.004887756170793177,0.05376531787870945,0.20528575917326694
2025-03-21,08:00:00,1.43321,1.43436,1.43132,1.43292,5214,1.4332606649680812,1.434777946854436,-0.02376852839178831,BEARISH_EMA20_PULLBACK,0.19470731094548685,0.1514390196242641,0.029310777991799052
2025-03-21,16:00:00,1.43572,1.43727,1.43364,1.43401,9197,1.4335430840214904,1.4347829490186468,0.03257076705359514,BEARISH_EMA20_PULLBACK,0.07531328233415178,0.026499117858316677,-0.165968159217861
2025-03-21,20:00:00,1.43399,1.43522,1.43317,1.43509,5257,1.4336904093527771,1.434794990233602,0.09762153935692895,BULLISH_EMA20_PULLBACK,-0.13448633883589095,-0.1219435714833159,-0.22228571030388522
2025-03-24,00:00:00,1.43497,1.43498,1.43265,1.43316,2644,1.4336398941763222,1.434730872969539,-0.033473829674496594,BEARISH_EMA20_PULLBACK,0.0858243322448341,0.02511931675457841,-0.07884674425745035
2025-03-24,08:00:00,1.43439,1.43481,1.43256,1.43334,5037,1.43367596779513,1.4346634855824159,-0.023434011776503408,BEARISH_EMA20_PULLBACK,0.01255808112519339,-0.10046464900164008,-0.06279040562602892
2025-03-24,16:00:00,1.43354,1.43436,1.42889,1.43163,9236,1.4334676743175556,1.434501441323868,-0.12819782060523538,BEARISH_EMA20_PULLBACK,0.018859621550260365,0.052387837639615575,-0.11525324280714495
2025-03-27,20:00:00,1.43148,1.43211,1.42992,1.43044,5684,1.4294998307722786,1.431494692143148,0.06576910381398308,BEARISH_EMA20_PULLBACK,0.040546964570343735,0.11534912334667316,0.09437655546544856
2025-03-28,08:00:00,1.4312,1.43321,1.43101,1.43209,4870,1.4300184212576459,1.4314927644416495,0.14486378018349744,BULLISH_EMA20_PULLBACK,-0.06982801360250486,-0.02094840408076231,0.1871390764546932
2025-03-28,12:00:00,1.43208,1.43326,1.43081,1.43109,5633,1.4301204763759654,1.4314769697576633,0.06779314330855683,BEARISH_EMA20_PULLBACK,-0.1250794848681745,-0.018167969869115636,0.47027091238148017
2025-03-28,16:00:00,1.4311,1.4326,1.4276,1.4293,10844,1.4300423357687306,1.4313915983946177,-0.051910055399273826,BEARISH_EMA20_PULLBACK,0.1742111523123124,0.15392150003498076,0.5786049114951375
2025-03-28,20:00:00,1.4293,1.43239,1.42921,1.43179,6329,1.4302087799812324,1.4314072219869856,0.11055868492068906,BULLISH_EMA20_PULLBACK,-0.06704893874100601,0.20813108067525302,0.4888985116532535
2025-03-31,04:00:00,1.43079,1.432,1.42988,1.4315,5514,1.4303852824789682,1.4313891118764908,0.0779312773059206,BULLISH_EMA20_PULLBACK,0.22843171498428966,0.4240307369891736,0.4086622424030675
2025-04-02,16:00:00,1.4321,1.4334,1.42956,1.432,9781,1.4328693141525313,1.4326786542827765,-0.06066946538285563,BEARISH_EMA20_PULLBACK,-0.522346368715079,-0.4532122905027853,-1.8121508379888214
2025-04-07,04:00:00,1.42296,1.42533,1.42122,1.42155,10451,1.4207888395782617,1.4255369563088638,0.053573085636306625,BEARISH_EMA20_PULLBACK,0.24409975027258005,0.08933910168477242,-0.3622806091941886
2025-04-07,16:00:00,1.4246,1.42671,1.41785,1.42282,14973,1.421649166468772,1.425380160366537,0.08235741692418819,BEARISH_EMA20_PULLBACK,0.13634894083580865,-0.4512165980236341,-0.1862498418633447
2025-04-08,00:00:00,1.42472,1.42472,1.42003,1.42148,5927,1.4219011090594709,1.4252038466128627,-0.029615917505637124,BEARISH_EMA20_PULLBACK,-0.35737400455862717,-0.35948448096351476,0.19064636857359865
2025-04-09,04:00:00,1.42423,1.4247,1.42055,1.42201,9991,1.4214444003849547,1.4240966583976138,0.03979048458681499,BEARISH_EMA20_PULLBACK,-0.12165877877089537,-0.30449856189477886,-1.0428899937412466
2025-04-09,08:00:00,1.42203,1.42481,1.41927,1.42028,11540,1.421333505110197,1.423946985519276,-0.0741208946675252,BEARISH_EMA20_PULLBACK,-0.20840960937280492,-0.8885571859070096,-0.8948939645703664
2025-04-16,00:00:00,1.39537,1.39639,1.39469,1.39507,3606,1.3937035755829685,1.4034965706476914,0.09804268575977065,BEARISH_EMA20_PULLBACK,-0.10608786655866198,-0.24228174930289795,-0.5963858444379211
2025-04-16,04:00:00,1.39496,1.39504,1.39341,1.39359,4580,1.393692758860781,1.4031080776811153,-0.007373135874288625,BEARISH_EMA20_PULLBACK,-0.16647651030791694,-0.4248021297512286,-0.32936516479022476
2025-04-24,04:00:00,1.38694,1.38736,1.38624,1.38671,4425,1.384640932386828,1.3887399807104275,0.14942990379501592,BEARISH_EMA20_PULLBACK,-0.12691911070088235,0.08365123205283208,0.059132767485618534
2025-04-24,08:00:00,1.38672,1.38745,1.38394,1.38495,5652,1.3846703673976062,1.388591354015901,0.020194886016032147,BEARISH_EMA20_PULLBACK,0.07581501137225138,0.03177010000360995,0.2700458500306926
2025-04-24,20:00:00,1.38785,1.3884,1.38415,1.38539,4689,1.385118269083272,1.3883448240014529,0.01961788554762071,BEARISH_EMA20_PULLBACK,0.06929456687287132,0.23820007362548315,0.005052728834480868
2025-04-25,12:00:00,1.38867,1.38918,1.3862,1.38722,5851,1.3859011058417074,1.3882148406482528,0.09516509891890432,BEARISH_EMA20_PULLBACK,-0.09010827410215924,0.009371260506638134,-0.025230316748594345
2025-04-25,16:00:00,1.38723,1.38753,1.38492,1.38597,7060,1.3859076671901163,1.3881268076816549,0.004497616353478743,BEARISH_EMA20_PULLBACK,-0.036797333275612784,0.04112643130805006,-0.09163257501965283
2025-04-25,20:00:00,1.38596,1.38755,1.38494,1.38546,5013,1.385865032219629,1.3880222269882567,-0.02922594987337749,BEARISH_EMA20_PULLBACK,0.1364167857606982,0.21509101670203276,-0.1905504309038136
2025-04-28,04:00:00,1.38736,1.38843,1.38651,1.38654,3234,1.3860572712727575,1.3879387723947731,0.03482747338422557,BEARISH_EMA20_PULLBACK,0.1370317480923587,-0.1327044297315666,-0.021636591804072656
2025-04-28,12:00:00,1.38843,1.38845,1.38547,1.38687,5523,1.3863399885021892,1.3879157449134372,0.038230989671117606,BEARISH_EMA20_PULLBACK,-0.15646744107234312,-0.2336195894352125,-0.25957732159467345
2025-04-28,16:00:00,1.38688,1.3872,1.38246,1.3847,8476,1.3861837991210284,1.3877896372697731,-0.10704201866803167,BEARISH_EMA20_PULLBACK,-0.13576948075396142,0.11121542572397448,0.047663753881698766
2025-04-29,20:00:00,1.38536,1.38596,1.38266,1.38326,4587,1.3850566694091917,1.3868484988517604,-0.1297181154297571,BEARISH_EMA20_PULLBACK,-0.017350317366223125,0.07157005913566838,-0.2501337420296993
2025-05-01,20:00:00,1.38531,1.38609,1.38349,1.38532,5127,1.3832494609422383,1.3851488248814026,0.14968659784268945,BULLISH_EMA20_PULLBACK,-0.09456298905669046,-0.16747033176450926,-0.24976178789016387
2025-05-02,00:00:00,1.38527,1.3855,1.38401,1.38401,2553,1.3833218932334537,1.3851041650821319,0.04974306919540422,BEARISH_EMA20_PULLBACK,-0.12861178748707688,-0.11632863924392811,-0.15101046957752656
2025-05-02,04:00:00,1.38402,1.38424,1.38145,1.38223,4042,1.383217903401696,1.38499145272597,-0.07142066331461244,BEARISH_EMA20_PULLBACK,0.055707082034099784,-0.22716913972350064,-0.1779732750700049
2025-05-02,12:00:00,1.38298,1.38383,1.38048,1.3824,5993,1.3831212315827943,1.3848147935390445,-0.052145218099854826,BEARISH_EMA20_PULLBACK,-0.239438657407418,-0.03472222222222482,-0.08825231481481473
2025-05-06,00:00:00,1.38155,1.38395,1.38089,1.3838,2134,1.3822098023254417,1.3837956630801607,0.11504748930899605,BULLISH_EMA20_PULLBACK,-0.1676542853013353,-0.26737967914437166,-0.4791154791154729
2025-05-06,04:00:00,1.3838,1.38446,1.38135,1.38148,4340,1.3821402973420662,1.3837048527632916,-0.04777353958465534,BEARISH_EMA20_PULLBACK,0.03329762283926694,-0.31343197150881263,-0.14332455048209838
2025-05-06,12:00:00,1.3819,1.3832,1.37947,1.3801,4949,1.3819287241280862,1.383496990190182,-0.13233129148827238,BEARISH_EMA20_PULLBACK,-0.2137526266212599,-0.21230345627129185,0.003622925874928155
2025-05-07,08:00:00,1.37953,1.3797,1.37805,1.37925,4858,1.380476680132257,1.382530478297782,-0.0888591708872174,BEARISH_EMA20_PULLBACK,0.06525285481239085,0.3306144643828093,0.5299981874206944
2025-05-07,16:00:00,1.38013,1.38058,1.37725,1.37853,6564,1.3802631327159747,1.3822839055720781,-0.12556538495412212,BEARISH_EMA20_PULLBACK,0.383016691693322,0.31918057641110165,0.9793040412613484
2025-05-08,04:00:00,1.3825,1.3831,1.3813,1.38293,4299,1.3809863845479828,1.3823726295817556,0.14074110170559934,BULLISH_EMA20_PULLBACK,0.2624861706666297,0.6580231826629047,0.629822189120201
2025-05-14,12:00:00,1.39125,1.39462,1.39009,1.39444,5833,1.3936180420441961,1.3901554092643635,0.058980145994528305,BULLISH_EMA20_PULLBACK,0.20294885402025978,0.1850205100255319,0.2596024210435859
2025-05-16,00:00:00,1.39523,1.39618,1.39497,1.39528,2383,1.395708025195297,1.3922920126170708,-0.030667244693741776,BULLISH_EMA20_PULLBACK,-0.07023679834871717,0.040852015366088484,0.036551803222293046
2025-05-16,08:00:00,1.39429,1.39601,1.39349,1.39532,4079,1.3955497439807307,1.3924864137999182,-0.01646261494595685,BULLISH_EMA20_PULLBACK,0.0379841183384558,0.0831350514577337,-0.005733451824660864
2025-05-16,12:00:00,1.39536,1.39729,1.39521,1.39585,4212,1.3955783397920896,1.392618319141098,0.019465779896737645,BULLISH_EMA20_PULLBACK,0.19128129813375006,-0.004298456137833505,-0.11964036250313861
2025-05-19,04:00:00,1.39576,1.39725,1.39576,1.39704,3662,1.3960135727399845,1.393256278449513,0.07352559316461166,BULLISH_EMA20_PULLBACK,-0.12884384126438927,-0.14888621657218704,-0.048674340033214074
2025-05-19,16:00:00,1.39417,1.39525,1.39169,1.39496,6637,1.3956949287791334,1.3934297060957457,-0.05265683524237365,BULLISH_EMA20_PULLBACK,0.0,0.1003613006824617,-0.14695761885644643
2025-05-19,20:00:00,1.39491,1.39648,1.39463,1.39496,3377,1.395624935562073,1.3934897176214027,-0.04764428788348681,BULLISH_EMA20_PULLBACK,0.08602397201354088,-0.05806618110913412,-0.25233698457303205
2025-05-20,00:00:00,1.3936,1.39645,1.39317,1.39616,2183,1.3956758940799707,1.3935944345774263,0.034686127494411266,BULLISH_EMA20_PULLBACK,0.014325005730000714,-0.25355260142104763,-0.4240201696080784
2025-05-20,04:00:00,1.39617,1.39679,1.39563,1.39636,4181,1.3957410470247353,1.3937028881234097,0.04434583167014498,BULLISH_EMA20_PULLBACK,-0.15826864132459,-0.24707095591394432,-0.5299492967429655
2025-05-29,12:00:00,1.38324,1.38348,1.37957,1.37957,5820,1.3810077054731131,1.383028270676133,-0.10410553593693629,BEARISH_EMA20_PULLBACK,0.06306312836607975,0.10583007748791412,-0.016671861522065026
2025-05-30,08:00:00,1.38202,1.38292,1.38107,1.38174,4486,1.3811021301564945,1.3826968224781901,0.04618556655423936,BEARISH_EMA20_PULLBACK,-0.17369403795214425,-0.5739140504002195,-0.8887344941884919
2025-05-30,12:00:00,1.38172,1.38201,1.37865,1.37934,5660,1.3809343082368284,1.3825651823810061,-0.11545141773354778,BEARISH_EMA20_PULLBACK,-0.2704191859875021,-0.5582379978830484,-0.7083097713399202
2025-06-03,08:00:00,1.37322,1.37389,1.37227,1.37297,5434,1.3749544524681427,1.378804659819091,-0.1443285968186423,BEARISH_EMA20_PULLBACK,-0.0014566960676585085,-0.0713781073147979,-0.15586647923844155
2025-06-03,16:00:00,1.37296,1.37342,1.37009,1.37249,7366,1.3745470234489783,1.3783364353039746,-0.14965100603228979,BEARISH_EMA20_PULLBACK,-0.03643013792449817,-0.021129479996204088,-0.5092933281845443
2025-06-09,04:00:00,1.36919,1.36919,1.36766,1.36835,3599,1.3689901348408862,1.3726085863067838,-0.046759638699705425,BEARISH_EMA20_PULLBACK,-0.0453100449446461,-0.06796506741695293,0.16516242189499403
2025-06-09,08:00:00,1.36838,1.36888,1.36696,1.36773,4193,1.368870121998897,1.3724172691967138,-0.08328927489718738,BEARISH_EMA20_PULLBACK,0.07530726093600978,0.16523729098580503,0.2149547059726821
2025-06-09,16:00:00,1.36879,1.3707,1.36703,1.36742,6374,1.3687225261714326,1.372083499938989,-0.09516363956367145,BEARISH_EMA20_PULLBACK,0.18794518143657116,0.23328604232788946,0.06289216188148929
2025-06-10,12:00:00,1.37065,1.37082,1.36837,1.36908,4557,1.3692312419968453,1.3717111287672028,-0.011045760000675628,BEARISH_EMA20_PULLBACK,-0.05843340053175373,-0.13658807374295426,-0.20378648435446212
2025-06-10,16:00:00,1.36907,1.36932,1.36677,1.36828,6761,1.3691406475209553,1.3715765746979007,-0.06286041704434968,BEARISH_EMA20_PULLBACK,-0.09354810418919723,-0.016078580407510666,-0.194404654018175
2025-06-10,20:00:00,1.36821,1.36924,1.36695,1.367,3659,1.3689367763284834,1.371397101180336,-0.1414803343714609,BEARISH_EMA20_PULLBACK,0.015362106803221908,0.08558888076079849,-0.002194586686172238
2025-06-12,00:00:00,1.36686,1.36722,1.36607,1.36636,2361,1.3678868517770861,1.3703018625464383,-0.11162120427596102,BEARISH_EMA20_PULLBACK,-0.055622237184936175,-0.33446529465148006,-0.2715243420474913
2025-06-24,16:00:00,1.37061,1.37211,1.36781,1.37074,7643,1.3718678446206036,1.3694892557959837,-0.08221233736369614,BULLISH_EMA20_PULLBACK,0.1203729372455702,0.18092417234486757,0.22104848476004685
2025-06-24,20:00:00,1.37075,1.37295,1.37048,1.37239,3955,1.3719175737043556,1.369603010470651,0.03443547226884453,BULLISH_EMA20_PULLBACK,-0.01020118187978847,-0.008015214334121824,0.007286558485560883
2025-06-25,00:00:00,1.3705,1.3728,1.3705,1.37225,2593,1.3719492333515597,1.3697068139816058,0.021922578556752094,BULLISH_EMA20_PULLBACK,0.07068682820186828,0.1231554017125137,-0.06339952632537267
2025-06-25,04:00:00,1.37228,1.37344,1.37175,1.37322,4974,1.3720702587466491,1.3698445859823272,0.08379609178332077,BULLISH_EMA20_PULLBACK,-0.06845225091392224,0.04005184893897761,-0.10413480724137736
2025-06-25,12:00:00,1.37226,1.37463,1.37226,1.37394,4540,1.372266402284672,1.370096951535397,0.12195865996147537,BULLISH_EMA20_PULLBACK,-0.012373174956694141,-0.1863254581713827,-0.49711049973069366
2025-06-26,04:00:00,1.37138,1.37224,1.37003,1.37179,4986,1.3722681417317926,1.3704260679864808,-0.03484317075153341,BULLISH_EMA20_PULLBACK,-0.23837467833998688,-0.6626378673120552,-0.501534491430904
2025-06-30,00:00:00,1.36726,1.36994,1.36726,1.36936,3321,1.3682050982743084,1.3688456031037342,0.08440998554589545,BULLISH_EMA20_PULLBACK,-0.15992872582811785,-0.20447508325056332,-0.6616229479464748
2025-06-30,04:00:00,1.36937,1.36949,1.3657,1.36717,5573,1.368106517486279,1.3687798931780977,-0.068453550531995,BEARISH_EMA20_PULLBACK,0.022674575948860232,-0.3342671357621922,-0.4790918466613557
2025-06-30,12:00:00,1.3675,1.3682,1.36579,1.36656,5377,1.367905244472895,1.3686438614073868,-0.09834339610367833,BEARISH_EMA20_PULLBACK,-0.28977871443624603,-0.45808453342699423,-0.28538812785388235
2025-07-01,20:00:00,1.36598,1.36632,1.36414,1.36453,3929,1.3649042402627516,1.366896384606629,-0.02741879259452847,BEARISH_EMA20_PULLBACK,-0.03957406579554755,0.03517694737382365,-0.39354209874462975
2025-07-02,00:00:00,1.36425,1.36482,1.36396,1.36399,1952,1.3648171697615372,1.3667824087397025,-0.06060663507638223,BEARISH_EMA20_PULLBACK,0.057185169979252264,0.07258117728136178,-0.42888877484440013
2025-07-02,12:00:00,1.36499,1.36566,1.36302,1.36498,5819,1.3648456157428337,1.3665720958441117,0.00984611414040748,BEARISH_EMA20_PULLBACK,-0.31868598807309084,-0.5011062433149335,-0.24542484138963105
2025-07-04,20:00:00,1.36076,1.36162,1.36006,1.36011,7955,1.360586454494109,1.3633800024627512,-0.03501831820649075,BEARISH_EMA20_PULLBACK,0.04926072155929818,0.597745770562673,0.5903934240612878
2025-07-08,12:00:00,1.36456,1.36621,1.36439,1.36566,4798,1.363693188539704,1.364052345176011,0.14422683025954994,BULLISH_EMA20_PULLBACK,0.17500695634344507,0.1244819354744089,0.23505118404287562
2025-07-10,04:00:00,1.36771,1.36862,1.36761,1.36817,3913,1.3665511193765172,1.3654041879137153,0.11846469557769111,BULLISH_EMA20_PULLBACK,-0.03727606949428875,0.00877083988100148,0.10232646527842633
2025-07-10,20:00:00,1.36833,1.36834,1.36545,1.36552,3312,1.3668828021671375,1.365731156592269,-0.09970146416187248,BEARISH_EMA20_PULLBACK,0.26070654402718435,0.3332063975628209,0.24898939598100703
2025-07-11,00:00:00,1.36533,1.37298,1.36524,1.36908,3721,1.3670920591036007,1.365862483784729,0.14541382807116218,BULLISH_EMA20_PULLBACK,0.03579045782568436,-0.09203260583749955,-0.056242148011815186
2025-07-11,16:00:00,1.36781,1.37114,1.36756,1.368,7665,1.367648204166167,1.3663013258208723,0.025722684588141618,BULLISH_EMA20_PULLBACK,0.06725146198829018,0.12865497076023275,0.09649122807017455
2025-07-11,20:00:00,1.36802,1.36952,1.36691,1.36892,4193,1.367769327578913,1.3664040189259363,0.08412766669682686,BULLISH_EMA20_PULLBACK,-0.0445606755690617,-0.04821318995995989,0.1146889518744756
2025-07-14,04:00:00,1.3683,1.37013,1.36796,1.36976,4743,1.3680055039818313,1.3666074392315162,0.1282521169002618,BULLISH_EMA20_PULLBACK,-0.10950823501927759,-0.03212241560565325,0.008760658801534427
2025-07-14,12:00:00,1.36825,1.36921,1.36694,1.36892,5290,1.3681145282028144,1.3667603927700387,0.0588745883901673,BULLISH_EMA20_PULLBACK,0.02922011512726661,0.07597229933087046,-0.11249744323991721
2025-07-14,16:00:00,1.36895,1.37004,1.3671,1.36932,6869,1.3682293350406416,1.3668607695241548,0.0797136073190613,BULLISH_EMA20_PULLBACK,0.0854438699500404,0.040896211258134973,0.22565945140652402
2025-07-14,20:00:00,1.3693,1.37077,1.36904,1.37049,3317,1.3684446364653424,1.3670030922879135,0.14946629773351186,BULLISH_EMA20_PULLBACK,-0.038672299688426726,-0.1459332063714439,0.11309823493786458
2025-07-15,00:00:00,1.36914,1.37084,1.36908,1.36996,3101,1.3685889568019765,1.3671190494530934,0.10017932639376048,BULLISH_EMA20_PULLBACK,-0.005839586557277585,-0.1883266664720157,0.08978364331804156
2025-07-16,04:00:00,1.3712,1.37215,1.37088,1.3715,3966,1.3696134742705015,1.3679443019101414,0.13774146976052903,BULLISH_EMA20_PULLBACK,0.033539919795853225,-0.18884433102441636,-0.008749544294560551
2025-07-16,20:00:00,1.36892,1.37033,1.36802,1.36822,4821,1.3698075801770149,1.3682946369540074,-0.11589804290685289,BEARISH_EMA20_PULLBACK,0.13155779041382407,0.4429112277265319,0.5050357398663937
2025-07-17,00:00:00,1.36819,1.37049,1.36819,1.37002,2599,1.3698278106363468,1.3683622982499288,0.01403018409765617,BULLISH_EMA20_PULLBACK,0.09926862381571275,0.42335148391994476,0.25109122494561303
2025-07-17,04:00:00,1.37004,1.37199,1.36986,1.37138,5290,1.36997563819479,1.3684806394950295,0.10250998383157348,BULLISH_EMA20_PULLBACK,0.2114658227478819,0.2807391095101218,0.19177762545756172
2025-07-18,04:00:00,1.37346,1.37422,1.373,1.37401,3928,1.3720540844582576,1.369791996945517,0.14255382232360195,BULLISH_EMA20_PULLBACK,-0.10189154372965596,-0.10771391765707133,-0.1222698524755936
2025-07-18,16:00:00,1.37033,1.37272,1.36953,1.37253,6835,1.3719941891047607,1.3700216528231461,0.03905343765260218,BULLISH_EMA20_PULLBACK,0.014571630492592365,-0.014571630492592365,-0.2877897022287396
2025-07-18,20:00:00,1.37253,1.37353,1.37227,1.37273,3689,1.3720642663328788,1.3701278625163562,0.048520589265144416,BULLISH_EMA20_PULLBACK,0.016026458225571447,-0.046622423928957185,-0.32927086899827934
2025-07-21,00:00:00,1.37059,1.37299,1.37059,1.37295,3572,1.3721486219202237,1.3702385345745383,0.05840315451067783,BULLISH_EMA20_PULLBACK,-0.04515823591535329,-0.22287774500162721,-0.31246585818856515
2025-07-21,12:00:00,1.37208,1.37283,1.36955,1.36989,4721,1.3719426042274931,1.3703703373073695,-0.14961298097808282,BEARISH_EMA20_PULLBACK,-0.09562811612612286,-0.08978823117185061,-0.1438071669988121
2025-08-01,16:00:00,1.37951,1.37995,1.37627,1.37952,10996,1.3806837785225445,1.3757596635102682,-0.0842900119960708,BULLISH_EMA20_PULLBACK,-0.13337972628160982,-0.15585131060079563,-0.14787752261656528
2025-08-04,00:00:00,1.37659,1.37934,1.37659,1.37907,3906,1.380271256341584,1.375961834712862,-0.08703045405494449,BULLISH_EMA20_PULLBACK,-0.12327148005540217,-0.12979761723480016,-0.11964584828905923
2025-08-04,08:00:00,1.37738,1.37873,1.37665,1.37832,6134,1.3798354275267843,1.3761073683758482,-0.10982668632451356,BULLISH_EMA20_PULLBACK,-0.07545417609843359,-0.03264844158105965,0.16614429160136276
2025-08-04,16:00:00,1.37727,1.37829,1.37579,1.37748,7526,1.3793909055264606,1.3762053792658253,-0.13853255946553025,BULLISH_EMA20_PULLBACK,0.028312570781418998,0.08130789557743197,0.020326973894362024
2025-08-04,20:00:00,1.3775,1.3785,1.37717,1.37787,3326,1.3792460573810834,1.3762706585103028,-0.09976881019303735,BULLISH_EMA20_PULLBACK,-0.03265910426962191,0.19885765710843292,-0.05588335619470178
2025-08-05,00:00:00,1.37725,1.37797,1.37723,1.37742,592,1.3790721471543135,1.376315730725585,-0.11980135758107792,BULLISH_EMA20_PULLBACK,0.08566740718153931,0.16770483948249712,-0.001451989952239043
2025-08-05,04:00:00,1.37724,1.3791,1.37716,1.3786,3249,1.3790271807586647,1.3764053099128173,-0.03097696438656465,BULLISH_EMA20_PULLBACK,0.14580008704481684,-0.06093137966052168,-0.11243290294501235
2025-08-05,08:00:00,1.37861,1.38091,1.37735,1.38061,5677,1.3791779254483156,1.3765701997201578,0.10383537361350598,BULLISH_EMA20_PULLBACK,-0.06373994104055396,-0.2542354466503866,-0.2737920194696471
2025-08-06,00:00:00,1.37733,1.37776,1.37655,1.3774,2461,1.3787579469580573,1.3767756735649046,-0.09849059880694665,BULLISH_EMA20_PULLBACK,-0.025410193117456834,-0.1981995063162407,-0.2199796718454963
2025-08-07,20:00:00,1.37522,1.3767,1.37386,1.37458,4673,1.3758914792703725,1.3759880659338983,-0.09531851095320629,BEARISH_EMA20_PULLBACK,-0.05674460562499112,-0.0705670095592774,0.0676570297836501
2025-08-08,00:00:00,1.37406,1.37455,1.37317,1.3738,2975,1.3756922907684321,1.3759022594266865,-0.13755189159163148,BEARISH_EMA20_PULLBACK,0.016741883825897114,0.14485369049353317,0.1455815984859515
2025-08-08,08:00:00,1.37404,1.37491,1.37271,1.37361,4021,1.3753507414226849,1.3757418242535466,-0.12656709087052415,BEARISH_EMA20_PULLBACK,0.1587058917742351,0.13832164879405456,0.20384242980175693
2025-08-08,12:00:00,1.37359,1.37623,1.37254,1.37579,4836,1.3753925755729055,1.3757437134985055,0.02889534480212084,BULLISH_EMA20_PULLBACK,-0.04506501719012821,0.0007268551159583561,0.22314452060270143
2025-08-08,16:00:00,1.37578,1.3758,1.37424,1.37517,6072,1.3753713778992953,1.3757212149299367,-0.014641710779446825,BEARISH_EMA20_PULLBACK,0.024724215915123728,-0.007999011031367359,0.23051695426746477
2025-08-11,00:00:00,1.37484,1.37596,1.37484,1.3758,2101,1.3754241438132553,1.3757163464232134,0.02732656602221594,BULLISH_EMA20_PULLBACK,-0.05378688762901315,0.22241604884431335,0.15191161506033923
2025-08-11,04:00:00,1.3758,1.37602,1.37446,1.37506,2889,1.3753894634500883,1.3756906073477932,-0.023954193255333583,BEARISH_EMA20_PULLBACK,0.09817753407123779,0.23853504574345483,0.16944715139702582
2025-08-11,08:00:00,1.37506,1.37737,1.3749,1.37641,3972,1.3754866574072226,1.3757188188243503,0.06712842962197511,BULLISH_EMA20_PULLBACK,0.17799928800285258,0.08863638014835688,0.17872581570899143
2025-08-12,00:00:00,1.37757,1.37798,1.37734,1.37789,2251,1.3763606283388437,1.3760801120258561,0.11111707423673092,BULLISH_EMA20_PULLBACK,-0.03628736691609395,0.005080231368252509,-0.006531726044905291
2025-08-12,16:00:00,1.37791,1.37932,1.37536,1.37618,9770,1.3767494821897586,1.3763014126685622,-0.04136425668763139,BEARISH_EMA20_PULLBACK,0.06685171997849351,0.10173087822814368,0.0595852286764844
2025-08-12,20:00:00,1.37618,1.37841,1.37617,1.3771,4479,1.3767828648383529,1.3763327298188146,0.023034508181821622,BULLISH_EMA20_PULLBACK,0.05083145741049473,-0.057366930506141056,-0.0784256771476269
2025-08-13,00:00:00,1.377,1.37801,1.37649,1.3778,2397,1.3768797348537478,1.3763902698259198,0.06683700275026909,BULLISH_EMA20_PULLBACK,-0.015967484395404772,-0.05878937436492797,-0.19306140223543947
2025-08-13,08:00:00,1.37756,1.37811,1.37537,1.37631,5018,1.376885814698873,1.3764319484244651,-0.04182007634372749,BEARISH_EMA20_PULLBACK,0.04940747360696456,-0.021070834332374354,0.13369081093649424
2025-08-13,12:00:00,1.3763,1.3771,1.37511,1.37699,5127,1.376895737108504,1.3764538327999765,0.006846044254149362,BULLISH_EMA20_PULLBACK,0.0007262216864367579,-0.1343510119899133,0.18881763847233152
2025-08-13,20:00:00,1.377,1.37732,1.37557,1.37602,3635,1.3768213176783899,1.3764573981363875,-0.05820055718929875,BEARISH_EMA20_PULLBACK,-0.0639525588290862,0.1547942617113098,0.40479062804320254
2025-08-14,00:00:00,1.37567,1.37618,1.37498,1.37514,2300,1.3766611921852099,1.3764057354643724,-0.11049866109723223,BEARISH_EMA20_PULLBACK,0.047995113224826774,0.32360341492503053,0.4348648137644076
2025-08-14,08:00:00,1.37581,1.37831,1.37563,1.37815,5226,1.3767287763692988,1.376451315205674,0.10323192593164413,BULLISH_EMA20_PULLBACK,0.10448790044625823,0.24960998439938392,0.11246961506366798
2025-08-18,16:00:00,1.37908,1.3831,1.37905,1.3812,5928,1.3794658780690436,1.3781473130499369,0.12570966477139278,BULLISH_EMA20_PULLBACK,-0.06588473790906214,-0.023168259484497244,0.36200405444541817
2025-08-19,00:00:00,1.37978,1.38102,1.37959,1.38089,2227,1.3796725215032306,1.378335601166051,0.08824402006954743,BULLISH_EMA20_PULLBACK,-0.0007241706435591153,0.17235261316977088,0.434502386142271
2025-08-19,08:00:00,1.38088,1.38213,1.3801,1.38187,3946,1.3799858509357512,1.3785700724335594,0.13653394076258832,BULLISH_EMA20_PULLBACK,0.10131199027405384,0.35459196595918047,0.43636521525179506
2025-08-25,20:00:00,1.38336,1.38635,1.38325,1.38582,3718,1.3854490854915866,1.383786705704008,0.02677215007737467,BULLISH_EMA20_PULLBACK,-0.0981368431686675,-0.005051161045447064,-0.13998932040236486
2025-08-26,04:00:00,1.38449,1.38594,1.38444,1.38539,3925,1.3853582309806414,1.383874948248875,0.002293198874347579,BULLISH_EMA20_PULLBACK,0.02598546257733476,-0.17828914601664314,-0.08012184294674744
2025-08-26,08:00:00,1.38539,1.38675,1.38499,1.38575,5093,1.3853955423158184,1.3839484796900956,0.02558530566578273,BULLISH_EMA20_PULLBACK,-0.08731733718202657,-0.13494497564496036,-0.0678333032653755
2025-08-27,00:00:00,1.3836,1.38379,1.38294,1.38329,2161,1.3848110800033928,1.3839034190182886,-0.10984025368927423,BEARISH_EMA20_PULLBACK,0.07156850696528179,0.12578707284807053,-0.36940916221471626
2025-08-27,04:00:00,1.38328,1.38433,1.38278,1.38428,3249,1.3847605009554507,1.3839181868999244,-0.03469921008861673,BULLISH_EMA20_PULLBACK,0.038287051752545834,-0.32507874129511,-0.44571907417574547
2025-08-27,08:00:00,1.38426,1.38565,1.38336,1.38481,4059,1.3847652151501697,1.3839531599626727,0.0032341114103978993,BULLISH_EMA20_PULLBACK,0.0158866559311304,-0.4152194163820411,-0.5213711628310023
2025-08-27,12:00:00,1.3848,1.38559,1.38427,1.38503,4400,1.3847904327549156,1.3839953889837442,0.017299891696084323,BULLISH_EMA20_PULLBACK,-0.37905316130336364,-0.494574124748202,-0.65124943142026
2025-09-01,20:00:00,1.37542,1.37561,1.37488,1.37494,1089,1.376326785579181,1.3792254170109428,-0.10075990627453674,BEARISH_EMA20_PULLBACK,-0.012364175891311873,0.14400628391056125,0.23782855979169157
2025-09-02,16:00:00,1.38082,1.38093,1.37728,1.3773,8742,1.376711207275683,1.3788558151710322,0.0427680635710104,BEARISH_EMA20_PULLBACK,0.06607129891817079,0.13504683075582466,0.09801786103245207
2025-09-03,00:00:00,1.37737,1.37919,1.37736,1.379,2431,1.3770583352075318,1.3788371365727214,0.14100091062413375,BULLISH_EMA20_PULLBACK,0.011602610587377663,0.06308919506888516,0.055112400290072076
2025-09-03,04:00:00,1.37899,1.37965,1.37834,1.37916,3980,1.3772584937591954,1.3788497978835952,0.13806458623569076,BULLISH_EMA20_PULLBACK,0.06453203399170926,-0.03697903071434862,0.11311232924388802
2025-09-03,16:00:00,1.37986,1.38045,1.37826,1.37865,6913,1.3778336754879947,1.3789238492827576,0.059246956038875545,BEARISH_EMA20_PULLBACK,0.039894099300043555,0.15014688282015135,0.32930765604032847
2025-09-03,20:00:00,1.37864,1.38015,1.37852,1.3792,4144,1.3779638016319953,1.3789346787226493,0.08971196242895561,BULLISH_EMA20_PULLBACK,0.0406032482598692,0.12761020881670418,0.17111368909512165
2025-09-04,00:00:00,1.37896,1.37982,1.37896,1.37976,2137,1.378134868143234,1.3789670442629376,0.11792255564621959,BULLISH_EMA20_PULLBACK,0.06957731779438814,0.12973270713747015,0.0869716472429892
2025-09-05,04:00:00,1.38095,1.38109,1.38036,1.38097,2637,1.3797880409211423,1.3795657983601906,0.08566236579849551,BULLISH_EMA20_PULLBACK,-0.12961903589505624,0.17306675742412161,0.16799785657906238
2025-09-05,08:00:00,1.38097,1.38104,1.37895,1.37918,3660,1.379730132261986,1.379550669012732,-0.03987245397648518,BEARISH_EMA20_PULLBACK,0.08990849635289866,0.24144781681867725,0.17691671862991037
2025-09-05,12:00:00,1.37918,1.38167,1.37581,1.38042,5113,1.3797958339513208,1.3795847604239975,0.04523611633844297,BULLISH_EMA20_PULLBACK,0.21297865866909657,0.24412859854247948,-0.08330797873110969
2025-09-08,12:00:00,1.38161,1.38242,1.37884,1.37927,4839,1.3808360951589451,1.3801484523313936,-0.11341644127320226,BEARISH_EMA20_PULLBACK,0.2385319770603301,0.08120237516947443,0.21533129844047336
2025-09-08,16:00:00,1.37924,1.38335,1.37879,1.38256,6367,1.381000276572379,1.3802430228282019,0.11294157242981992,BULLISH_EMA20_PULLBACK,-0.16780465223933136,-0.15695521351695443,0.04556764263394778
2025-09-08,20:00:00,1.38258,1.38313,1.38024,1.38024,3628,1.3809278692797715,1.3802429042859194,-0.049812107864139456,BEARISH_EMA20_PULLBACK,0.01086767518693086,-0.03550107227727638,0.29560076508433925
2025-09-09,00:00:00,1.37976,1.38044,1.37946,1.38039,2433,1.380876643634079,1.3802486727452952,-0.035241644235375014,BULLISH_EMA20_PULLBACK,0.0,0.1340200957700293,0.37380740225588804
2025-09-09,08:00:00,1.38039,1.38127,1.3793,1.37975,4693,1.3807274112288037,1.3802344418536925,-0.07078958676816713,BEARISH_EMA20_PULLBACK,0.18046747599201893,0.3312194238086583,0.39572386301866425
2025-09-09,12:00:00,1.37974,1.38268,1.37938,1.38224,4405,1.380871467302251,1.3803130911927635,0.09910645053898316,BULLISH_EMA20_PULLBACK,0.06872901956244983,0.23946637342286045,0.222103252691293
2025-09-12,00:00:00,1.38295,1.38408,1.38273,1.3838,2641,1.3841834537453659,1.3825117762941885,-0.02770252341395993,BULLISH_EMA20_PULLBACK,0.02746061569591321,0.03396444572914948,0.028183263477389257
2025-09-12,04:00:00,1.3838,1.38482,1.38359,1.38418,3094,1.3841831248172358,1.3825771968316714,-0.00022575172170720927,BULLISH_EMA20_PULLBACK,0.04117961536794054,0.05418370443150662,-0.051293906861823495
2025-09-12,08:00:00,1.38419,1.38487,1.38322,1.38475,4071,1.38423711292988,1.3826624047990568,0.03705196641016897,BULLISH_EMA20_PULLBACK,-0.034663296623941936,-0.02383101642895407,-0.09387976168982537
2025-09-12,16:00:00,1.38427,1.38632,1.38342,1.38493,5978,1.3843059359811491,1.3828119007775992,0.04508136551538584,BULLISH_EMA20_PULLBACK,-0.03682496588275295,-0.10542049056631143,-0.3566967283544976
2025-09-15,00:00:00,1.38304,1.38439,1.3829,1.38419,2650,1.3843047231047503,1.3829265335513325,-0.008287416985253338,BULLISH_EMA20_PULLBACK,-0.05201598046511345,-0.12064817691213346,-0.4927069260722912
2025-09-15,12:00:00,1.38343,1.38343,1.38144,1.38252,6447,1.3839960237312907,1.3829499877556952,-0.10664941993918041,BEARISH_EMA20_PULLBACK,-0.1829991609524579,-0.37250817348031046,-0.4875155513120945
2025-09-18,00:00:00,1.37711,1.3779,1.37665,1.37674,4068,1.3778232646043682,1.3798786865622463,-0.07862144820723366,BEARISH_EMA20_PULLBACK,0.12929093365485805,0.13364905501400712,0.2048317038801678
2025-09-18,08:00:00,1.37854,1.38,1.37739,1.37808,7912,1.377907751750968,1.3797569574917161,0.012500709776338458,BEARISH_EMA20_PULLBACK,0.03628236386856677,0.10957273888309259,0.19955300127714137
2025-09-18,16:00:00,1.37858,1.38099,1.37858,1.3802,13461,1.3781839872609964,1.3797299865196504,0.14628037748503175,BULLISH_EMA20_PULLBACK,-0.04419649326184606,-0.03405303579192816,-0.184755832488049
2025-09-18,20:00:00,1.3802,1.38031,1.37866,1.37959,5802,1.3783178932361395,1.3797244968522133,0.09229414854898339,BEARISH_EMA20_PULLBACK,-0.0021745591081550704,0.08988177646981406,-0.09930486593843775
2025-09-19,04:00:00,1.37953,1.38046,1.37881,1.37973,5514,1.3785594092023725,1.3797185147797635,0.08491406244905164,BULLISH_EMA20_PULLBACK,0.07972574344256492,-0.15075413305500784,0.00507345640089108
2025-09-19,08:00:00,1.37973,1.38199,1.37943,1.38083,7400,1.3787756559450037,1.3797621024354592,0.14899770286328687,BULLISH_EMA20_PULLBACK,0.07242021103248697,-0.1890167507948119,-0.023898669640719093
2025-09-19,16:00:00,1.38182,1.38196,1.37689,1.37765,12911,1.3789316367259554,1.3797571887533786,-0.09294418169985684,BEARISH_EMA20_PULLBACK,0.04137480492142122,0.1560628606685206,0.3694697492106151
2025-09-22,04:00:00,1.37875,1.37998,1.37824,1.3798,4498,1.3789449299539283,1.3796660258848126,0.06200900612472091,BULLISH_EMA20_PULLBACK,0.05073199014350956,0.21307435860270799,0.2319176692274309
2025-09-22,08:00:00,1.3798,1.38097,1.37914,1.3805,5994,1.379093031863078,1.379698730752075,0.10202126357068504,BULLISH_EMA20_PULLBACK,-0.05577689243029044,0.08837377761680543,0.1912350597609544
2025-09-23,16:00:00,1.3817,1.38396,1.38111,1.38284,12780,1.3808696188970648,1.3803973563498213,0.1426913211769428,BULLISH_EMA20_PULLBACK,0.04483526655287979,0.11353446530327797,0.5611639813716691
2025-09-29,12:00:00,1.39169,1.39392,1.39155,1.39283,5467,1.3909351251192408,1.386952087738918,0.13623028468684276,BULLISH_EMA20_PULLBACK,-0.11128421989761424,-0.05312924046724747,-0.06964238277463261
2025-09-29,20:00:00,1.39127,1.39228,1.3909,1.39147,6207,1.3910157826939817,1.3872923270515733,0.0326536414373791,BULLISH_EMA20_PULLBACK,0.04455719490898582,-0.02946524179465037,0.039526543870874
2025-09-30,00:00:00,1.39098,1.39245,1.39074,1.39209,6556,1.3911180891040786,1.3874804710887667,0.06986544877346483,BULLISH_EMA20_PULLBACK,-0.05100244955426649,-0.01652192027813952,0.041663972875318755
2025-09-30,12:00:00,1.39102,1.39252,1.39078,1.39186,16800,1.3912041607995764,1.3879282500932701,0.04714183718705485,BULLISH_EMA20_PULLBACK,0.017961576595337276,0.0581955081689234,0.07472015863663944
2025-09-30,16:00:00,1.39187,1.39355,1.3896,1.39211,28761,1.3912904311996168,1.3880922402856908,0.058907096750207784,BULLISH_EMA20_PULLBACK,-0.006465006357250754,-0.05243838489773778,0.19251352263829838
2025-10-01,00:00:00,1.39193,1.39282,1.39138,1.39267,4597,1.3914846840432238,1.3884197496831772,0.08518354318727592,BULLISH_EMA20_PULLBACK,-0.09262782999562087,0.01651503945657998,0.12206768293996674
2025-10-01,08:00:00,1.3914,1.3928,1.39065,1.39179,18521,1.3915047413596457,1.3886634521296843,0.020500012100254004,BULLISH_EMA20_PULLBACK,0.07975341107494265,0.14298134057580067,0.13507784938818942
2025-10-01,12:00:00,1.3918,1.39367,1.39147,1.3929,20752,1.3916376231349175,1.3888295912618536,0.09071160797153764,BULLISH_EMA20_PULLBACK,0.13568813267283703,0.10553521430110434,0.12276545337065678
2025-10-02,00:00:00,1.39335,1.39473,1.39333,1.39437,2953,1.3923282169401143,1.3894491510984905,0.1466452403279565,BULLISH_EMA20_PULLBACK,0.009323206896301804,0.01721207427008584,0.14558546153459814
2025-10-02,04:00:00,1.39438,1.3947,1.39346,1.3945,3739,1.3925350534220082,1.3896472236044322,0.14110571745847222,BULLISH_EMA20_PULLBACK,-0.05951954105414904,0.1548942273216163,0.1627823592685546
2025-10-02,12:00:00,1.39368,1.39525,1.39334,1.39461,4362,1.3928304632320747,1.389993411716356,0.12776406137727372,BULLISH_EMA20_PULLBACK,0.14699450025455915,0.12835129534423104,0.033701178107154874
2025-10-03,20:00:00,1.39472,1.39608,1.39459,1.39497,9753,1.3944466783352754,1.3916018013242,0.03752898356425069,BULLISH_EMA20_PULLBACK,0.04874656802655354,0.00286744517803537,-0.06308379391671448
2025-10-06,00:00:00,1.39552,1.39674,1.39549,1.39565,3930,1.3945612803985825,1.3917605542134472,0.07806896812066756,BULLISH_EMA20_PULLBACK,-0.030093504818549565,0.0358256009744524,-0.0551714255006742
2025-10-06,12:00:00,1.395,1.39639,1.39478,1.39615,5157,1.3948033864867593,1.3921807161850106,0.09654504185228457,BULLISH_EMA20_PULLBACK,-0.09024818250188295,-0.09096443791856923,-0.05801668875120706
2025-10-07,00:00:00,1.39425,1.39509,1.3941,1.39488,2341,1.39475596457323,1.3924565848614059,0.008892984143496933,BULLISH_EMA20_PULLBACK,-0.005018352833203749,0.03297774718973152,0.05018352833219668
2025-10-07,08:00:00,1.39482,1.3962,1.39471,1.39562,4401,1.3948429097753652,1.392669311900129,0.05571166610869821,BULLISH_EMA20_PULLBACK,-0.020062767802127943,-0.05732219372036327,-0.01719665811610739
2025-10-08,00:00:00,1.39502,1.39591,1.39477,1.39558,2297,1.3949740369744879,1.3930489895497824,0.043439018178893375,BULLISH_EMA20_PULLBACK,0.05732383668438297,-0.12754553662277437,-0.050874905057394657
2025-10-08,04:00:00,1.39562,1.39681,1.39515,1.39638,3982,1.3951079382150129,1.3931796174105753,0.09118016965874487,BULLISH_EMA20_PULLBACK,-0.07161374410976167,-0.03867142181927448,-0.2033830332717422
2025-10-08,16:00:00,1.39378,1.39606,1.39314,1.39584,6905,1.3950861665281042,1.393386975211169,0.054034904078488696,BULLISH_EMA20_PULLBACK,-0.04585052728106186,-0.16477533241632056,0.4570724438331078
2025-10-09,08:00:00,1.39353,1.39634,1.39332,1.39533,5822,1.3949673357711503,1.3935856819338144,0.02599804450970818,BULLISH_EMA20_PULLBACK,-0.06091748905277013,0.494506675840133,0.45437280069947694
2025-10-13,00:00:00,1.3991,1.4004,1.39882,1.39928,6379,1.3983320115543487,1.3957945586905418,0.06779423182893461,BULLISH_EMA20_PULLBACK,0.0,0.14221599679834887,0.31730604310788396
2025-10-13,04:00:00,1.39926,1.39962,1.39827,1.39928,5048,1.3984222961682204,1.3959312426634618,0.06133367825511678,BULLISH_EMA20_PULLBACK,0.05788691326967993,0.269424275341592,0.3551826653707563
2025-10-13,08:00:00,1.39927,1.40105,1.39879,1.40009,7234,1.3985811251045805,1.3960943311864633,0.10788611889114991,BULLISH_EMA20_PULLBACK,0.08428029626666562,0.25069816940338846,0.41211636394803564
2025-10-15,08:00:00,1.40363,1.40447,1.40272,1.40429,12921,1.402586823565213,1.3991968160449137,0.12143108762833917,BULLISH_EMA20_PULLBACK,0.05411987552427716,-0.01922679788362749,-0.036317284891298124
2025-10-15,20:00:00,1.40335,1.40595,1.40335,1.40402,6311,1.4029845570493247,1.3997558372787848,0.07380287583870862,BULLISH_EMA20_PULLBACK,-0.009971367929233841,-0.01709377359297004,0.07407301890285964
2025-10-16,08:00:00,1.4034,1.40399,1.40266,1.40378,7020,1.4031667829393495,1.4002006241944032,0.04370236440218277,BULLISH_EMA20_PULLBACK,0.0968812776930878,0.09118237900525351,0.09047001666927028
2025-10-16,12:00:00,1.40379,1.40577,1.40355,1.40514,6526,1.4033547083736972,1.4003943252063875,0.12721599290971325,BULLISH_EMA20_PULLBACK,-0.05124044579188223,-0.08255405155358539,-0.08824743441935536
2025-10-16,20:00:00,1.40443,1.40602,1.40377,1.40506,7470,1.403608910936292,1.400728971480406,0.10338271953118988,BULLISH_EMA20_PULLBACK,-0.07686504490911206,-0.000711713378792757,-0.19643289254550506
2025-10-17,08:00:00,1.40398,1.40668,1.40357,1.40505,8426,1.4038070640440587,1.4011386032950999,0.08854036909890847,BULLISH_EMA20_PULLBACK,-0.0818476210810992,-0.19572257215044364,-0.1316679121739374
2025-10-20,04:00:00,1.40127,1.40153,1.40051,1.40113,3481,1.4032263699287626,1.4013725359645508,-0.14939641769054238,BEARISH_EMA20_PULLBACK,0.14773789726863434,0.1263266078094145,0.2676411182402718
2025-10-20,08:00:00,1.40114,1.40326,1.40098,1.4032,5116,1.4032238585069758,1.4014442012208428,-0.001700263776958814,BULLISH_EMA20_PULLBACK,0.0912200684150476,0.04917331812999426,0.20453249714936775
2025-10-20,12:00:00,1.40321,1.40491,1.40266,1.40448,5907,1.403343491030121,1.4015632521533588,0.08098580120571078,BULLISH_EMA20_PULLBACK,-0.11249715197083011,-0.09683299156983566,-0.12460127591705959
2025-10-20,20:00:00,1.4029,1.4039,1.40265,1.40389,4007,1.4033573248568565,1.4017048629066569,0.03795719976007706,BULLISH_EMA20_PULLBACK,-0.05484760202011265,0.15528282130365262,-0.10969520404020947
2025-10-21,04:00:00,1.40313,1.40528,1.40313,1.40488,3815,1.4034818917762475,1.4018826973621237,0.09961711882031964,BULLISH_EMA20_PULLBACK,0.08470474346563582,-0.22920107055406871,-0.33881897386252746
2025-10-21,16:00:00,1.40274,1.40434,1.4003,1.40166,10259,1.4034453618068545,1.4020574700677455,-0.12721277617506063,BEARISH_EMA20_PULLBACK,0.04922734471983787,-0.10986972589642816,-0.27110711584833724
2025-10-21,20:00:00,1.40167,1.4024,1.40115,1.40235,5140,1.4033410416347731,1.4020689418297947,-0.07062015613957028,BULLISH_EMA20_PULLBACK,-0.0691696081577292,-0.11338111027917284,-0.18611616215638044
2025-10-22,00:00:00,1.40218,1.40232,1.4011,1.40138,3166,1.4031542757647948,1.4020419245031361,-0.12644908656445802,BEARISH_EMA20_PULLBACK,-0.08991137307511445,0.06422240933935841,-0.1712597582383208
2025-10-22,12:00:00,1.40079,1.4032,1.40074,1.40228,6359,1.4026281457154441,1.4019333865245607,-0.02482095603939205,BULLISH_EMA20_PULLBACK,-0.31520095843910406,-0.23533103231880084,-0.20965855606583156
2025-10-23,08:00:00,1.3998,1.39992,1.39864,1.39944,7738,1.4012875252786026,1.4014355287156608,-0.13184483878390507,BEARISH_EMA20_PULLBACK,-0.007145715429027966,-0.021437146287083902,0.18007202881153017
2025-10-23,12:00:00,1.39943,1.39993,1.39885,1.39934,5996,1.4011020466806403,1.4013533511189684,-0.12576148074401572,BEARISH_EMA20_PULLBACK,0.03287263995883094,-0.03930424342904873,0.18651650063601422
2025-10-23,20:00:00,1.39981,1.40029,1.39854,1.39914,3231,1.4008029905934494,1.401208026157879,-0.11871695053597763,BEARISH_EMA20_PULLBACK,-0.025015366582334327,0.20155238217762658,0.07719027402547064
2025-10-24,00:00:00,1.39904,1.39912,1.39712,1.39879,2389,1.400611277203597,1.401113201602668,-0.13003445233093694,BEARISH_EMA20_PULLBACK,0.166572537693288,0.22590953609906073,-0.01715768628600562
2025-10-24,04:00:00,1.3988,1.40285,1.39872,1.40112,4549,1.4006597269937306,1.401113468206485,0.03286115802423825,BULLISH_EMA20_PULLBACK,0.05995203836931698,0.030689733927154884,-0.15202124015073407
2025-10-24,08:00:00,1.40113,1.40214,1.40036,1.40196,5382,1.4007835625181373,1.4011466655317208,0.08398424377196172,BULLISH_EMA20_PULLBACK,-0.0007132871123331273,-0.1241119575451564,-0.2995805871779654
2025-10-24,20:00:00,1.40051,1.40107,1.39917,1.40022,4755,1.400886869162283,1.4011546033813649,-0.04760335591423393,BEARISH_EMA20_PULLBACK,-0.11926697233292341,-0.17568667780778227,-0.08855751239091927
2025-10-27,20:00:00,1.39959,1.40011,1.39859,1.39898,4981,1.3999093012068404,1.400630160566114,-0.06638295824160907,BEARISH_EMA20_PULLBACK,-0.03431071209022387,0.10078771676508125,-0.3145148608271712
2025-10-28,00:00:00,1.39908,1.39941,1.39822,1.3985,3071,1.3997750820442842,1.4005466248576388,-0.0910919233125648,BEARISH_EMA20_PULLBACK,-0.019306399713978725,0.10868787987128822,-0.331069002502691
2025-10-28,04:00:00,1.39855,1.39927,1.39813,1.39823,4179,1.3996279313734,1.4004557768240058,-0.0998787850731226,BEARISH_EMA20_PULLBACK,0.15448102243550343,-0.2910822969039441,-0.28321520779844417
2025-10-28,12:00:00,1.40035,1.40052,1.39917,1.40002,6451,1.3997309370199489,1.4004362092097034,0.020651324651477516,BEARISH_EMA20_PULLBACK,-0.41856544906501164,-0.43927943886516624,-0.4971357552035026
2025-10-31,00:00:00,1.39845,1.39863,1.39795,1.39809,2745,1.3966151547986396,1.3981013025873699,0.1056014032421888,BEARISH_EMA20_PULLBACK,0.03790886137515606,0.33545766009340316,0.2818130449398862
2025-10-31,04:00:00,1.39808,1.39907,1.39785,1.39862,4101,1.3968060924368646,1.3981216436623751,0.12986108615626357,BULLISH_EMA20_PULLBACK,0.11153851653773048,0.22951194749109374,0.1694527462784733
2025-11-11,08:00:00,1.40347,1.40409,1.40256,1.40335,6350,1.4050088972322587,1.4048715781307992,-0.11807022969936544,BEARISH_EMA20_PULLBACK,-0.19738482915881006,-0.1061745109915553,-0.1075996722129278
2025-11-12,12:00:00,1.40181,1.40214,1.40063,1.40157,6866,1.403161001847633,1.403998614921443,-0.11338697737024335,BEARISH_EMA20_PULLBACK,-0.13413529113778705,-0.048517020198778085,-0.0577923328838358
2025-11-13,20:00:00,1.40229,1.40375,1.40201,1.40357,7175,1.402088801325151,1.4032000077525193,0.10564228695423306,BULLISH_EMA20_PULLBACK,-0.09689577292190826,-0.005699751348353129,-0.09618330400336017
2025-11-14,00:00:00,1.40301,1.40443,1.40189,1.40221,4410,1.4021003440560889,1.4031611839190872,0.00782083424884429,BEARISH_EMA20_PULLBACK,0.01854215844988618,0.022821118092161516,0.06632387445533104
2025-11-14,08:00:00,1.40247,1.40451,1.40237,1.40349,8586,1.4022645446808346,1.4031480363666777,0.08739116479937914,BULLISH_EMA20_PULLBACK,-0.06840091486222559,-0.0904887102864917,-0.05058817661686142
2025-11-14,12:00:00,1.40355,1.40451,1.40137,1.40253,9294,1.4022898261398027,1.4031237996464159,0.017127262547323337,BEARISH_EMA20_PULLBACK,0.002851988905766009,0.0434928308128881,0.08555966717288527
2025-11-14,20:00:00,1.40257,1.40328,1.40137,1.40222,6438,1.4023073179965277,1.4030674905617242,-0.006226737563665848,BEARISH_EMA20_PULLBACK,0.06561024660895094,0.03993667184891771,0.23462794711243706
2025-11-17,00:00:00,1.40215,1.40322,1.40161,1.40314,3270,1.4023866210444775,1.4030703340691077,0.05372120242857247,BULLISH_EMA20_PULLBACK,-0.011402996137246461,0.0420485482560449,0.13327251735393747
2025-11-17,04:00:00,1.40313,1.40386,1.40281,1.40298,3057,1.402443133325956,1.4030667915565938,0.03828081590522344,BEARISH_EMA20_PULLBACK,-0.01425537071091377,-0.026372435815192056,0.14041540150251802
2025-11-17,08:00:00,1.40297,1.40322,1.40158,1.40278,4174,1.4024752158663412,1.4030555448288842,0.021731873063473777,BEARISH_EMA20_PULLBACK,0.06772266499379849,0.19461355308744932,0.05845535294201821
2025-11-17,12:00:00,1.40277,1.40396,1.40215,1.40373,4855,1.4025947191171657,1.403081994051281,0.08094147706108505,BULLISH_EMA20_PULLBACK,-0.07978742350737036,0.09118562686557742,-0.18949513082999472
2025-11-17,16:00:00,1.40376,1.40415,1.40233,1.40261,6700,1.4025961744393403,1.4030634844806427,0.0009857121323733234,BEARISH_EMA20_PULLBACK,0.2067574022714885,0.16683183493629797,-0.34150619202770904
2025-11-18,00:00:00,1.40458,1.40567,1.40439,1.40501,4206,1.4030771405274418,1.4032319977847072,0.1377586033389214,BULLISH_EMA20_PULLBACK,-0.004270432238928622,-0.28042505035551735,-0.3807802079700634
2025-11-18,12:00:00,1.40365,1.40389,1.40065,1.40107,6856,1.4030770485776618,1.4032232711956416,-0.14304621258656922,BEARISH_EMA20_PULLBACK,-0.23196556917213096,-0.10063737001007325,0.041396932344567004
2025-11-25,20:00:00,1.40941,1.41036,1.40893,1.40997,4660,1.4093749328912617,1.4069991666261437,0.04222205850628371,BULLISH_EMA20_PULLBACK,-0.10283906749788657,-0.12482535089398952,-0.408519330198514
2025-11-26,08:00:00,1.40736,1.40835,1.40673,1.40821,5006,1.4090228511717056,1.4071149234788973,-0.05768899851621656,BULLISH_EMA20_PULLBACK,0.09728662628443864,-0.2840485438961521,-0.2421513836714633
2025-11-26,12:00:00,1.4082,1.40992,1.40781,1.40958,6452,1.4090759129648764,1.4072115931463915,0.03577429934650923,BULLISH_EMA20_PULLBACK,-0.36606648789001356,-0.4398473304104757,-0.3646476255338572
2025-12-02,04:00:00,1.40011,1.40028,1.39957,1.39976,2240,1.4009094843114598,1.4033146751832897,-0.0820527182043355,BEARISH_EMA20_PULLBACK,0.07358404297880254,-0.08787220666398828,-0.18360290335485807
2025-12-02,12:00:00,1.40075,1.40142,1.39969,1.39973,4033,1.400786856771966,1.4030789754383233,-0.07544736494754474,BEARISH_EMA20_PULLBACK,-0.08573081951518277,-0.22647224821929196,-0.37007137090724374
2025-12-02,16:00:00,1.39971,1.39981,1.39752,1.39853,7194,1.4005719180317786,1.4029005842446636,-0.14579173018462768,BEARISH_EMA20_PULLBACK,-0.11083065790508179,-0.09581489135021193,-0.29745518508719454
2025-12-04,04:00:00,1.39618,1.39683,1.39579,1.39609,2987,1.3976854964039513,1.400742537032043,-0.11415274810079087,BEARISH_EMA20_PULLBACK,-0.00859543439177417,-0.1095917884950133,-0.0845217715190252
2025-12-04,08:00:00,1.39607,1.39708,1.39572,1.39597,4096,1.3975221157940512,1.4005553787170608,-0.11106198438722704,BEARISH_EMA20_PULLBACK,0.055158778483789736,-0.02077408540297438,-0.1146156436026436
2025-12-05,00:00:00,1.39544,1.39604,1.39505,1.39508,2040,1.396844704070817,1.399807228820473,-0.12633502247415127,BEARISH_EMA20_PULLBACK,-0.012185681107893703,-0.45517102961837874,-0.9096252544657001
2025-12-05,04:00:00,1.39509,1.39574,1.39488,1.39491,1986,1.396660446540263,1.399615180631435,-0.12533085937953098,BEARISH_EMA20_PULLBACK,-0.038712174979029824,-0.8194077037228245,-0.9269415231090254
2025-12-05,08:00:00,1.39488,1.39506,1.39399,1.39437,3060,1.3964423087745237,1.3994094872733396,-0.14839916847994786,BEARISH_EMA20_PULLBACK,-0.40448374534736753,-0.8663410715950637,-0.857017864698762
2025-12-10,04:00:00,1.38542,1.38572,1.38518,1.38531,2618,1.386619503183487,1.3919323454910877,-0.09443853778779568,BEARISH_EMA20_PULLBACK,0.015159061870631372,-0.1645841003096823,-0.29235333607640956
2025-12-10,12:00:00,1.38553,1.38565,1.38376,1.38442,4532,1.3863152849189089,1.3913961405321424,-0.13671384421183477,BEARISH_EMA20_PULLBACK,-0.10040305687580375,-0.35682813019170084,-0.4182256829574812
2025-12-15,20:00:00,1.37746,1.37883,1.37666,1.37671,4847,1.378426425395307,1.383765246420254,-0.12452063916393434,BEARISH_EMA20_PULLBACK,0.07699515511617107,0.05810955103107494,-0.10822903879538837
2025-12-16,04:00:00,1.37776,1.37794,1.37648,1.37697,3424,1.3782311554823259,1.383272878375636,-0.0915053673913289,BEARISH_EMA20_PULLBACK,0.039216540665372876,-0.17429573629054793,0.036311611727194125
2025-12-18,04:00:00,1.37861,1.37881,1.37764,1.3777,3126,1.3776484830255047,1.3809568197482824,0.0037394861700930865,BEARISH_EMA20_PULLBACK,0.03556652391668008,-0.03556652391666396,0.08274660666328962
2025-12-18,12:00:00,1.3782,1.37958,1.37627,1.37762,5173,1.3776924316830095,1.380721716345877,-0.005257463955211476,BEARISH_EMA20_PULLBACK,-0.02976147268477675,0.015243681131229474,0.04210159550529355
2025-12-18,16:00:00,1.37763,1.37808,1.37556,1.37721,9087,1.3776464858084372,1.3805840019793718,-0.03168344077624503,BEARISH_EMA20_PULLBACK,0.045744657677471726,0.11835522541950903,0.050827397419414826
2025-12-19,12:00:00,1.37941,1.38004,1.37801,1.3782,4734,1.3779695018178506,1.3801956631510999,0.016727379078086038,BEARISH_EMA20_PULLBACK,-0.021041938760711327,0.1175446234218513,-0.19590770570310162
2025-12-19,16:00:00,1.37819,1.37875,1.37548,1.37791,7140,1.3779638349780554,1.380106029302037,-0.003906849852579921,BEARISH_EMA20_PULLBACK,0.17417683302973036,0.0950715213620572,-0.2990035633677019
2025-12-22,04:00:00,1.3798,1.37984,1.37918,1.37922,2251,1.3784263215759078,1.3800678898866603,0.05757858883488772,BEARISH_EMA20_PULLBACK,-0.1522599730282327,-0.39370078740156206,-0.3828250750424118
2025-12-22,08:00:00,1.37921,1.37958,1.37695,1.37712,3691,1.37830190999725,1.3799522863616933,-0.08575116878800922,BEARISH_EMA20_PULLBACK,-0.11763680724990958,-0.1793598233995565,-0.4828918322295678
2025-12-29,12:00:00,1.36873,1.37009,1.36801,1.36867,4319,1.368904754461394,1.3728081570132513,-0.017149071959081417,BEARISH_EMA20_PULLBACK,0.027764179824212337,-0.016804635156754545,0.12274690027544286
2025-12-29,20:00:00,1.36903,1.36982,1.36823,1.36874,3581,1.3689015790488963,1.3725070222948161,-0.011803554862469166,BEARISH_EMA20_PULLBACK,-0.02191796835045129,-0.023379166240491106,0.06648450399637376
2025-12-30,00:00:00,1.3688,1.36953,1.3684,1.36844,2055,1.3688576191394777,1.3723475312244313,-0.030508588595219245,BEARISH_EMA20_PULLBACK,0.013884423138750141,0.139574990500121,0.08403729794510423
2025-12-30,08:00:00,1.36862,1.36914,1.36786,1.36842,3025,1.368796327685604,1.3720534419338175,-0.027493329576683125,BEARISH_EMA20_PULLBACK,0.14103857002966833,0.0898846845266851,0.13519241168647997
2025-12-30,16:00:00,1.37037,1.37084,1.36794,1.36859,5590,1.368910553955789,1.3718534387093795,-0.023416720315494657,BEARISH_EMA20_PULLBACK,0.07745197612141408,0.11325524810205688,0.24989222484454648
2025-12-31,12:00:00,1.37028,1.37122,1.36881,1.36977,3931,1.3693005118970798,1.3714976923307516,0.03428671053877636,BEARISH_EMA20_PULLBACK,0.1635311037619469,0.0766552048884116,0.30443067084255077
2026-01-02,00:00:00,1.37221,1.37226,1.37066,1.37082,1869,1.3699235364541702,1.3715236588116229,0.06543894764740538,BEARISH_EMA20_PULLBACK,0.05471177835164562,0.22760099794283797,0.27939481478239303
2026-01-02,04:00:00,1.37079,1.37174,1.37044,1.37157,2121,1.370080342506154,1.371525476113128,0.10872774739041956,BULLISH_EMA20_PULLBACK,0.03937093987182462,0.177169229423227,0.38277302653163725
2026-01-02,08:00:00,1.37159,1.37219,1.37001,1.37211,3814,1.3702736432198537,1.3715483986184955,0.13401387301234327,BULLISH_EMA20_PULLBACK,0.13337123116951255,0.06996523602335615,0.41177456617910774
2026-01-12,16:00:00,1.38707,1.38944,1.38686,1.38721,5702,1.386355448705443,1.3817612133658468,0.06164012954650217,BULLISH_EMA20_PULLBACK,0.05622796836816364,-0.005766971114689197,0.1607543198217973
2026-01-12,20:00:00,1.38721,1.38801,1.38679,1.38799,3170,1.3865111202573057,1.3820054795083625,0.10666194602318745,BULLISH_EMA20_PULLBACK,0.0028818651431235095,-0.03170051657432661,0.06628289829177673
2026-01-13,00:00:00,1.38766,1.38836,1.38725,1.38803,2530,1.3866557754708957,1.382241735213917,0.09910350884578635,BULLISH_EMA20_PULLBACK,-0.06484009711606542,-0.06916277025713219,0.10662593747973212
2026-01-13,08:00:00,1.38714,1.38874,1.38693,1.38755,3119,1.3867818025963567,1.382634081602697,0.05539425179974809,BULLISH_EMA20_PULLBACK,-0.0345933479874625,0.09801448596447175,0.11459046520845954
2026-01-14,00:00:00,1.38876,1.38971,1.38827,1.38951,2113,1.3874525780727156,1.3835408484089846,0.14828772959882677,BULLISH_EMA20_PULLBACK,-0.0597332872739389,-0.12090593086772501,-0.043180689595608085
2026-01-14,08:00:00,1.38867,1.38965,1.38799,1.38914,3374,1.3877190491706357,1.3839540549903777,0.10239470519724844,BULLISH_EMA20_PULLBACK,-0.09430295002664557,-0.0604690671926481,0.092863210331573
2026-01-14,20:00:00,1.38783,1.38859,1.38709,1.3883,4350,1.387789141373652,1.384409324434516,0.03681096869243243,BULLISH_EMA20_PULLBACK,0.0439386299791111,0.15342505222213967,0.07707267881581102
2026-01-15,00:00:00,1.38789,1.38925,1.38781,1.38891,2371,1.3878958898142568,1.3845858215155153,0.07306817414662031,BULLISH_EMA20_PULLBACK,0.07775881806596323,0.15767760330042366,0.04535931053847322
2026-01-15,04:00:00,1.38892,1.39025,1.38882,1.38999,2142,1.3880953288795657,1.3847977500835342,0.13649430849707767,BULLISH_EMA20_PULLBACK,0.031654903992114757,-0.02374117799409805,-0.06187094871186719
2026-01-16,00:00:00,1.38889,1.38978,1.38873,1.38954,2578,1.388825670585366,1.385739415164736,0.05143405898688629,BULLISH_EMA20_PULLBACK,-0.029506167508673478,0.028786504886506033,0.010075276710280308
2026-01-16,08:00:00,1.38911,1.38971,1.38881,1.38948,3193,1.3889142110687462,1.3860138545984355,0.04073606035166439,BULLISH_EMA20_PULLBACK,0.0331059101246441,0.16840832541670328,-0.061893658059136
2026-01-16,12:00:00,1.38949,1.39001,1.38844,1.38994,3877,1.3890119052526753,1.3861678210847714,0.06681690371515303,BULLISH_EMA20_PULLBACK,0.17842496798423224,-0.018705843417696228,-0.11583233808652815
2026-01-22,00:00:00,1.38331,1.38444,1.38261,1.38267,3611,1.3845012027088086,1.3853693171381058,-0.13226443611791405,BEARISH_EMA20_PULLBACK,-0.041947825583835974,-0.13379909884499766,-0.28350944187695876
2026-02-03,16:00:00,1.36653,1.36804,1.36358,1.36489,18206,1.3634331943523532,1.3658580938780402,0.10684833358034233,BEARISH_EMA20_PULLBACK,-0.052751503784175424,-0.10477034779359819,0.1699770677490567
2026-02-03,20:00:00,1.36487,1.36588,1.3632,1.36417,12228,1.3635033663187957,1.365791894118117,0.048891238384268905,BEARISH_EMA20_PULLBACK,-0.03298709105170627,0.0359192769229553,0.1502745259021885
2026-02-04,00:00:00,1.36378,1.36456,1.36331,1.36372,6329,1.3635239980979579,1.365710643368387,0.014374657308237804,BEARISH_EMA20_PULLBACK,-0.019065497316175534,0.08726131463937056,0.2236529492857769
2026-02-04,04:00:00,1.36373,1.36507,1.36322,1.36346,6995,1.3635179030410096,1.3656223828441365,-0.004246591913504192,BEARISH_EMA20_PULLBACK,0.08801138280551611,0.27503557126722766,0.36524723864287967
2026-02-05,16:00:00,1.36679,1.36936,1.36519,1.36735,19912,1.365680317177066,1.366044909051214,0.12226015136437192,BULLISH_EMA20_PULLBACK,0.2625516510037651,0.12432807986251032,-0.21501444399752548
2026-02-06,12:00:00,1.36831,1.36905,1.36458,1.36562,6302,1.3668284516915268,1.366535599318567,-0.08841282825443071,BEARISH_EMA20_PULLBACK,-0.08860444340300781,0.022700311946224606,-0.3873698393403741
2026-02-09,00:00:00,1.36672,1.3674,1.36505,1.36593,5974,1.3664751981591818,1.3664113318725837,-0.039898137918361054,BEARISH_EMA20_PULLBACK,-0.03514089301794645,-0.40997708520934817,-0.7401550591904462
2026-02-09,04:00:00,1.36594,1.36671,1.36519,1.36545,4233,1.3663775602392598,1.3663736325834628,-0.06788462180960818,BEARISH_EMA20_PULLBACK,-0.08055952250174675,-0.6181112453769821,-0.7199091874473621
2026-02-09,08:00:00,1.36547,1.36574,1.36332,1.36435,7616,1.3661844592640924,1.366294274442935,-0.134276103907709,BEARISH_EMA20_PULLBACK,-0.29464580203026447,-0.6449957855388955,-0.5841609557664846
2026-02-12,08:00:00,1.35796,1.35959,1.35627,1.35635,5551,1.3575818392680519,1.360908943387161,-0.09073775388127464,BEARISH_EMA20_PULLBACK,0.021380912006497107,0.33251004534227996,0.2971209496074006
2026-02-13,08:00:00,1.3625,1.3637,1.3597,1.36038,5476,1.3590634721962755,1.3608819585230907,0.09687022207997685,BEARISH_EMA20_PULLBACK,-0.01690704067980656,0.09776680045281859,0.10438259897969517
2026-02-13,12:00:00,1.36039,1.36349,1.35996,1.36015,6729,1.3591669510347253,1.360853254267283,0.07232731523719664,BEARISH_EMA20_PULLBACK,0.01764511267139786,0.09263684152483467,0.18159761790978732
2026-02-16,00:00:00,1.35973,1.36247,1.35973,1.36141,3647,1.3596950542217021,1.360890597819026,0.12612723514534951,BULLISH_EMA20_PULLBACK,0.016159716764228775,0.08887844220329903,0.20566912245392008
2026-02-16,04:00:00,1.36144,1.36188,1.36099,1.36163,3105,1.3598793347720164,1.360919593982986,0.1287368065106309,BULLISH_EMA20_PULLBACK,0.012485036316767659,0.15936781651403137,0.17552492233573838
2026-02-16,08:00:00,1.36164,1.36195,1.36031,1.3618,4065,1.3600622552699195,1.3609541197091435,0.12776949903190246,BULLISH_EMA20_PULLBACK,0.06021442208841555,0.14686444411807917,0.1872521662505546
2026-02-18,00:00:00,1.36343,1.36472,1.36316,1.3645,3365,1.36280771442638,1.3620681057389334,0.12417640109502993,BULLISH_EMA20_PULLBACK,0.05203371198241028,0.16782704287284012,0.32392817882007097
2026-02-20,08:00:00,1.36856,1.37024,1.36807,1.36891,5362,1.367105236667177,1.3647552745218599,0.1320134898482918,BULLISH_EMA20_PULLBACK,-0.0029220328582624136,-0.07085929681280269,-0.13806605255277332
2026-02-23,04:00:00,1.36638,1.36741,1.366,1.36688,4202,1.367303178561539,1.3652856569390215,-0.03094987038530491,BULLISH_EMA20_PULLBACK,0.010242303640393228,0.15290296148893284,0.21655156268288742
2026-02-23,08:00:00,1.36688,1.36732,1.36617,1.36702,5171,1.367276209174726,1.3653536703923932,-0.01873865521880644,BULLISH_EMA20_PULLBACK,0.05486386446431132,0.1945838393000912,0.20116750303580275
2026-02-23,12:00:00,1.36703,1.36996,1.36703,1.36777,6021,1.3673232368723711,1.365448428416221,0.03267428765788721,BULLISH_EMA20_PULLBACK,0.08773404885324944,0.2083683660264532,0.2646643807072957
2026-02-23,16:00:00,1.36777,1.36963,1.36672,1.36897,10302,1.367480071455955,1.3655865292626437,0.10895431495822347,BULLISH_EMA20_PULLBACK,0.05186381001774972,0.0635514291766749,0.11030190581239183
2026-02-23,20:00:00,1.36898,1.37039,1.36872,1.36968,5346,1.3676895884601497,1.3657470575268538,0.14553094186315443,BULLISH_EMA20_PULLBACK,0.06862916885695497,0.00657087786927775,0.016062145902684344
2026-02-25,00:00:00,1.36926,1.37053,1.36926,1.36987,3236,1.3689762960251317,1.3668489730453828,0.06528264787806107,BULLISH_EMA20_PULLBACK,-0.15913918839012817,0.01605991809442568,-0.26863862994298043
2026-02-25,08:00:00,1.36768,1.36968,1.36738,1.36916,4806,1.3688829543425685,1.3669712896124429,0.020238812716060903,BULLISH_EMA20_PULLBACK,0.06792485903766524,-0.13658009290368095,-0.104443600455757
2026-02-25,12:00:00,1.36918,1.37062,1.36843,1.37009,5023,1.3689979110718478,1.3670935919805822,0.07977287031046122,BULLISH_EMA20_PULLBACK,-0.12626907721390634,-0.2846528330255687,-0.10218306826559334
2026-02-26,08:00:00,1.36652,1.36785,1.36591,1.36773,4941,1.3682844140061894,1.367113754343561,-0.040518915549599216,BULLISH_EMA20_PULLBACK,0.07018929174618324,0.02047187675930615,-0.061415630277902214
2026-02-26,12:00:00,1.36774,1.36911,1.36719,1.36869,4897,1.3683230412436953,1.3671755678987154,0.026818137621297557,BULLISH_EMA20_PULLBACK,0.08767507616772899,-0.054066296970092784,-0.09352008124556677
2026-02-26,16:00:00,1.36876,1.37118,1.36791,1.36989,9919,1.3684722754109626,1.367282016216413,0.10359907281363705,BULLISH_EMA20_PULLBACK,-0.137237296425268,-0.2591448948455673,-0.5051500485440463
2026-02-27,00:00:00,1.36672,1.36816,1.36672,1.36795,4035,1.3683827016402663,1.3673356404981192,-0.031621390693381664,BULLISH_EMA20_PULLBACK,-0.11769436017397487,-0.03947512701487517,-0.24489199166635944
2026-02-27,04:00:00,1.36792,1.36792,1.36627,1.36634,3276,1.3681881586269076,1.3672965957727028,-0.13508073544228322,BEARISH_EMA20_PULLBACK,0.04025352401304422,-0.24664431986182758,-0.03439846597480806
2026-02-27,12:00:00,1.36688,1.36844,1.36619,1.36741,6001,1.3680021888079676,1.3672857233565012,-0.043288586291199194,BULLISH_EMA20_PULLBACK,-0.32470144287375396,-0.20549798524217164,0.06947440782208748
2026-03-02,08:00:00,1.36586,1.36862,1.36419,1.36523,9178,1.3667443029213087,1.3668249127060932,-0.1107963587682067,BEARISH_EMA20_PULLBACK,0.22926539850428698,0.19850135142063904,0.34865920028127845
2026-03-02,12:00:00,1.36523,1.36847,1.36404,1.36836,8370,1.366898178833565,1.3668851122078152,0.10694440808183998,BULLISH_EMA20_PULLBACK,0.13300593411090159,-0.10815867169457788,0.17466163875002866
2026-03-03,00:00:00,1.3671,1.36763,1.36608,1.36688,4783,1.3672420741409592,1.3670439333750763,-0.026482080079828958,BEARISH_EMA20_PULLBACK,0.05121151820203111,0.28312653634553275,0.14851340278590483
2026-03-03,04:00:00,1.36694,1.36794,1.36598,1.36758,6924,1.3672742575561059,1.3670649555956615,0.022361456906285337,BULLISH_EMA20_PULLBACK,0.1762236944091039,0.0007312186490052145,0.09432720572105568
2026-03-03,20:00:00,1.36762,1.36854,1.3653,1.36792,9416,1.3678254960585832,1.3673534037292945,0.006909064181737505,BULLISH_EMA20_PULLBACK,0.0723726533715456,-0.029972513012458436,-0.276331949236806
2026-03-04,00:00:00,1.36654,1.36995,1.36654,1.36891,6007,1.367928782148242,1.3674144467203027,0.07173018541339186,BULLISH_EMA20_PULLBACK,-0.0029220328582624136,-0.13295249505081813,-0.3228846308376804
2026-03-04,12:00:00,1.36749,1.36788,1.36438,1.36709,9858,1.3678861912055709,1.3674580149580247,-0.0582059538790458,BEARISH_EMA20_PULLBACK,-0.05632401670701545,-0.19018499147824472,-0.16970353085750595
2026-03-04,16:00:00,1.36711,1.36901,1.3651,1.36632,11235,1.3677370301383736,1.3674133869204552,-0.10360399017859563,BEARISH_EMA20_PULLBACK,-0.1595526670179805,0.0029275718718923824,0.276655541893562
2026-03-06,00:00:00,1.367,1.36766,1.36566,1.36572,4571,1.366872552600009,1.3670371845153666,-0.08432041435147457,BEARISH_EMA20_PULLBACK,0.04759394312157978,-0.0644348768415189,-0.4261488445654992
2026-03-06,12:00:00,1.36691,1.36715,1.36284,1.36484,9237,1.3666395765342252,1.3669205690198216,-0.1316789419188949,BEARISH_EMA20_PULLBACK,-0.36634330764046447,-0.36194718794876646,-0.5890800386858567
2026-03-11,16:00:00,1.35919,1.36046,1.35733,1.35835,10914,1.3589654234462503,1.361977819864631,-0.04528617399916205,BEARISH_EMA20_PULLBACK,0.06331210659992513,0.06183973202782434,0.326130967718199
2026-03-12,00:00:00,1.35911,1.36043,1.35784,1.35871,4155,1.3589621720274292,1.3617453846578162,-0.018556221256173396,BEARISH_EMA20_PULLBACK,0.03532762694024581,0.0978869663136233,0.2848289922058289
2026-03-12,08:00:00,1.35917,1.35938,1.35765,1.35873,5993,1.3589596918410476,1.361530852965558,-0.01690203487466374,BEARISH_EMA20_PULLBACK,0.09641356266513011,0.3569509762793212,0.5571379155535005
2026-03-16,20:00:00,1.36785,1.36865,1.36687,1.36843,7686,1.36642431658794,1.3644691552394843,0.1467833518264974,BULLISH_EMA20_PULLBACK,0.015346053506576402,0.03434592927661411,0.040922809350854183
2026-03-17,00:00:00,1.36851,1.36904,1.36784,1.36864,2340,1.366635334055755,1.3646327177791124,0.14668623694191646,BULLISH_EMA20_PULLBACK,-0.016074351180742123,0.11690437222350827,0.04237783493102824
2026-03-17,08:00:00,1.36843,1.37008,1.36829,1.3689,5830,1.3670047972655957,1.3649427587034406,0.13863906975274032,BULLISH_EMA20_PULLBACK,0.09788881583752626,0.006574621959231753,0.051866462122871534
2026-03-18,00:00:00,1.36898,1.36961,1.36866,1.36922,3102,1.3678508781035148,1.36563138572769,0.10009292082946578,BULLISH_EMA20_PULLBACK,0.05623639736491852,0.11612450884445015,0.2001139334803731
2026-03-18,04:00:00,1.36922,1.37012,1.36867,1.36999,4099,1.368054603998418,1.3658023117775846,0.14147066907456776,BULLISH_EMA20_PULLBACK,-0.027737428740359196,-0.0160585113760034,0.20073139219994526
2026-03-20,16:00:00,1.37136,1.37476,1.37036,1.37139,11947,1.3713680958472962,1.368721599449057,0.0015972482348244482,BULLISH_EMA20_PULLBACK,0.05906416117953152,0.015312930676162245,0.07291871750558848
2026-03-20,20:00:00,1.37137,1.37284,1.37042,1.3722,8854,1.3714473248142205,1.3688580073138,0.05488181515695861,BULLISH_EMA20_PULLBACK,-0.016032648302004734,0.08672205217898442,0.03935286401399103
2026-03-23,00:00:00,1.37074,1.3732,1.37044,1.37198,5417,1.3714980557842946,1.3689804383995332,0.03513998533740199,BULLISH_EMA20_PULLBACK,-0.027697196752142668,-0.16545430691409455,0.1618099389204005
2026-03-23,08:00:00,1.37161,1.3739,1.3715,1.37339,7995,1.3716870252565316,1.3692520617444366,0.12415184456162574,BULLISH_EMA20_PULLBACK,-0.26795010885474096,-0.04732814422706146,0.09829691493311893
2026-03-23,16:00:00,1.36967,1.37287,1.36695,1.37239,13993,1.3715836193143038,1.369392372260051,0.05879194489791997,BULLISH_EMA20_PULLBACK,0.025502954699471177,0.236084494932192,0.35121211900407656
2026-03-23,20:00:00,1.37234,1.3735,1.37133,1.37274,8305,1.3716937508081797,1.3695236517792648,0.0762742551829779,BULLISH_EMA20_PULLBACK,0.10635662980608249,0.14569401343298816,0.27317627518684673
2026-04-01,04:00:00,1.38982,1.39115,1.38975,1.39089,9025,1.3896739666104825,1.3836171925261604,0.08750494135566736,BULLISH_EMA20_PULLBACK,-0.1380411103681759,-0.24660469195982745,0.015098246446522981
2026-04-01,12:00:00,1.38899,1.38987,1.38834,1.38948,6803,1.3895948343455424,1.384048788641027,-0.008263872511908419,BULLISH_EMA20_PULLBACK,-0.14537812706912895,-0.16265077582981768,0.16912801911505398
2026-04-02,00:00:00,1.38713,1.38791,1.38703,1.38722,4000,1.3890148244008287,1.384423656473213,-0.12921564041643763,BULLISH_EMA20_PULLBACK,0.27969608281311586,0.3323193148887706,0.3474575049379368
2026-04-02,04:00:00,1.38719,1.39146,1.3869,1.3911,7010,1.3892134125531308,1.3846854738664205,0.13580256494946924,BULLISH_EMA20_PULLBACK,0.06613471353605291,0.020127956293584787,0.09632664797641412
2026-04-02,20:00:00,1.3914,1.39223,1.39095,1.39201,4735,1.3900684036864093,1.385738678468033,0.1396763143771672,BULLISH_EMA20_PULLBACK,0.0021551569313420513,-0.004310313862684103,0.11494170300501043
2026-04-03,00:00:00,1.39114,1.39218,1.39106,1.39204,1644,1.3902561747638942,1.3859857891163454,0.12830910363758738,BULLISH_EMA20_PULLBACK,0.028734806471075253,0.1364903307376234,0.16881698801759104
2026-04-03,04:00:00,1.39204,1.39252,1.392,1.39244,1772,1.3904641581197137,1.3862388954255083,0.14209944706220168,BULLISH_EMA20_PULLBACK,-0.035190026141153616,0.12065151819827971,0.09336129384390558
2026-04-06,16:00:00,1.39111,1.39235,1.39022,1.39165,7275,1.3918478060059016,1.3882532461484915,-0.014211755412340023,BULLISH_EMA20_PULLBACK,-0.05101857507275453,0.004311428879384111,-0.1077857219846985
2026-04-07,00:00:00,1.39001,1.39186,1.39001,1.39186,2780,1.391770743691906,1.3884959184938594,0.00641314731600985,BULLISH_EMA20_PULLBACK,-0.01077694595721513,-0.030893911744008195,-0.5029241446697309
2026-04-07,12:00:00,1.39102,1.39283,1.39062,1.39143,5490,1.3916688663192724,1.3888224329623153,-0.017164019764576783,BULLISH_EMA20_PULLBACK,-0.09199169200031249,-0.47217610659537057,-0.5275148588143064
2026-04-13,00:00:00,1.38616,1.38773,1.38555,1.38622,4224,1.3848498555568118,1.3861616980522802,0.09893812225855135,BULLISH_EMA20_PULLBACK,-0.0216415864725633,-0.14716278801344967,-0.5518604550504203
2026-04-13,04:00:00,1.38619,1.38668,1.38575,1.38592,4434,1.3849517740752106,1.3861522196972889,0.06991044330304752,BEARISH_EMA20_PULLBACK,-0.12338374509351913,-0.448077811129073,-0.5541445393673611
2026-04-13,08:00:00,1.38587,1.38633,1.38417,1.38421,4911,1.3848811289251906,1.3860760542189638,-0.048461121404078655,BEARISH_EMA20_PULLBACK,-0.002167301204295193,-0.35977199991330683,-0.5728899516691827
2026-04-13,12:00:00,1.38419,1.38518,1.38342,1.38418,5090,1.384814354741839,1.3860016991515536,-0.04580792650414838,BEARISH_EMA20_PULLBACK,-0.3229348784117654,-0.40529410914764646,-0.7592943114334856
2026-04-20,04:00:00,1.36944,1.37018,1.36922,1.36941,3663,1.3714621325692034,1.3766117698950115,-0.14963100478458058,BEARISH_EMA20_PULLBACK,-0.010223380872056506,-0.36146953797620945,-0.339562293250381
2026-04-20,08:00:00,1.36942,1.37026,1.36869,1.36927,5345,1.3712533580388029,1.376323857350109,-0.14463833595562084,BEARISH_EMA20_PULLBACK,-0.00803347769249706,-0.36223681231605714,-0.25853191846749557
2026-04-20,12:00:00,1.36928,1.37003,1.36828,1.36916,4762,1.371053990606536,1.376042921767752,-0.13814121249143366,BEARISH_EMA20_PULLBACK,-0.34327616933009486,-0.35788366589733156,-0.298723304800018
2026-04-22,00:00:00,1.36621,1.36633,1.36537,1.3656,2984,1.367617652749254,1.3727587380456003,-0.14753046987936666,BEARISH_EMA20_PULLBACK,0.0007322788517915578,0.08421206795547631,0.06663737551259273
2026-04-22,16:00:00,1.36673,1.36691,1.36461,1.36573,7424,1.3669885784417788,1.371713805080443,-0.09206941898617212,BEARISH_EMA20_PULLBACK,0.10177707160271651,0.09884823500984545,0.2635952933595824
2026-04-23,08:00:00,1.36709,1.36739,1.366,1.36634,4562,1.3669066460533987,1.3709803214333978,-0.041454627134535606,BEARISH_EMA20_PULLBACK,0.11856492527481848,0.25908631819312,0.18662997496961445
2026-04-24,08:00:00,1.37094,1.37135,1.36867,1.36889,4811,1.3680946380685368,1.3706640735848723,0.058136470192296626,BEARISH_EMA20_PULLBACK,-0.058441511005260606,-0.1775160896784937,-0.529626193485231
2026-04-24,12:00:00,1.3689,1.36916,1.36779,1.36809,5769,1.3680941963477238,1.3705631295227203,-0.00030672944413865326,BEARISH_EMA20_PULLBACK,-0.0548209547617502,-0.08186595911087793,-0.5745236059031188
2026-04-24,16:00:00,1.3681,1.3699,1.36723,1.36734,7892,1.368022368124131,1.3704367322865352,-0.0498798952437239,BEARISH_EMA20_PULLBACK,-0.06435853555077684,-0.07094065850482802,-0.4124797051208982
2026-04-24,20:00:00,1.36736,1.3674,1.36629,1.36646,4578,1.3678735711599281,1.3702807820007887,-0.10334077576551537,BEARISH_EMA20_PULLBACK,0.03732271709380519,-0.3527362674355668,-0.2854090130702702
2026-04-27,04:00:00,1.36692,1.36692,1.36606,1.36637,4060,1.3676525151671974,1.3700026749649727,-0.09377492842475137,BEARISH_EMA20_PULLBACK,-0.3461727057824837,-0.34178150866896767,-0.22687851753186195
2026-04-29,12:00:00,1.36843,1.36928,1.36727,1.36767,5117,1.3666147353530715,1.3681431873054195,0.07721742050847763,BEARISH_EMA20_PULLBACK,-0.009505216901735322,-0.009505216901735322,-0.04533257291596971
2026-04-29,16:00:00,1.36766,1.37102,1.36671,1.36754,9129,1.3667028557956362,1.3681195329012854,0.061252832012003836,BEARISH_EMA20_PULLBACK,0.05776796291151033,0.07385524372230103,-0.46360618336575254
2026-04-29,20:00:00,1.36754,1.36917,1.36738,1.36833,7862,1.3668578219103376,1.3681277865129997,0.10770528331944254,BULLISH_EMA20_PULLBACK,-0.05773461080295458,-0.09208305014141609,-0.7468958511470272
2026-04-30,00:00:00,1.36852,1.36864,1.36671,1.36754,3388,1.3669227912522102,1.3681047360615095,0.045153153619188535,BEARISH_EMA20_PULLBACK,0.07385524372230103,-0.035830761805861575,-0.7049153955277265
2026-04-30,04:00:00,1.36757,1.36885,1.36738,1.36855,5132,1.3670777635139044,1.3681221973924307,0.10769222683509319,BULLISH_EMA20_PULLBACK,-0.10814365569397726,-0.5370647765883576,-0.7255854736765185
2026-04-30,08:00:00,1.36851,1.36885,1.36639,1.36707,6208,1.367077024131628,1.3680809347495904,-0.000513806574458315,BEARISH_EMA20_PULLBACK,-0.0014629828757787807,-0.6554163283518823,-0.7205190663243224
2026-04-30,12:00:00,1.36706,1.36755,1.36468,1.36705,8163,1.3670744504048062,1.3680405059358811,-0.0017885203544622023,BEARISH_EMA20_PULLBACK,-0.42792875169160843,-0.6693244577740384,-0.7827072894188327
2026-05-04,16:00:00,1.36167,1.3619,1.36008,1.36154,7321,1.3614980418878617,1.3644558245321434,0.0030817607405496045,BEARISH_EMA20_PULLBACK,0.06610162022416696,0.08960441852608068,0.03084742277128009
2026-05-05,08:00:00,1.3628,1.36294,1.36116,1.36167,5492,1.3617739522980037,1.3641446645589284,-0.007633594241418026,BEARISH_EMA20_PULLBACK,0.040391577988796876,0.017625415849656524,-0.23720872164326484
2026-05-05,16:00:00,1.36221,1.36222,1.36062,1.36196,6238,1.3618301060761437,1.3639864742814254,0.009538188594653824,BEARISH_EMA20_PULLBACK,-0.003671179770338741,-0.24156362888778046,0.10499574143146952
2026-05-05,20:00:00,1.36194,1.3626,1.36157,1.36191,3610,1.361837715021273,1.363905043917448,0.00530789960724371,BEARISH_EMA20_PULLBACK,-0.16300636605942306,-0.2547892298316234,0.09471991541291373
2026-05-06,00:00:00,1.36114,1.36214,1.35959,1.35969,3886,1.3616331707335327,1.3637397480775482,-0.1427088275534487,BEARISH_EMA20_PULLBACK,-0.07501709948591377,0.10296464635320152,0.30153932146297996
2026-05-06,20:00:00,1.36341,1.36409,1.36284,1.3632,4146,1.361477087731212,1.3632557393709797,0.12654728341107507,BEARISH_EMA20_PULLBACK,0.043280516431931516,-0.047681924882632,0.2362089201877935
2026-05-07,08:00:00,1.36353,1.36432,1.36229,1.36255,4891,1.3619330358220907,1.363256230117047,0.04530062504408143,BEARISH_EMA20_PULLBACK,0.0623830318153475,0.2840262742651675,0.18568125940333519
2026-05-07,12:00:00,1.36256,1.36351,1.36198,1.3634,5126,1.3620727466961773,1.3632618681516728,0.09744364293625485,BULLISH_EMA20_PULLBACK,-0.01980343259498258,0.1870324189526223,0.41147132169576905
2026-05-07,16:00:00,1.36343,1.36447,1.36281,1.36313,6788,1.3621734374870176,1.363256696851607,0.07022325400406214,BEARISH_EMA20_PULLBACK,0.24135629030246677,0.1775325904352548,0.42329051521131905
2026-05-11,20:00:00,1.36636,1.36815,1.36621,1.36765,3695,1.3659020050405164,1.3648727644622112,0.12797367256458372,BULLISH_EMA20_PULLBACK,0.08116111578254263,0.2032683800680002,0.14184915731364406
2026-05-13,00:00:00,1.36932,1.36992,1.36921,1.36943,2399,1.3679016161895134,1.366088473882509,0.11173199829560918,BULLISH_EMA20_PULLBACK,0.0,0.01022323156349934,0.08032539085605697
2026-05-13,04:00:00,1.36938,1.36975,1.36838,1.36943,3999,1.368047176552417,1.3662195141224107,0.10108009952316294,BULLISH_EMA20_PULLBACK,0.03651154129821656,0.07813469837816657,0.0730230825964169
2026-05-13,08:00:00,1.36944,1.37103,1.36933,1.36993,5497,1.3682264930712345,1.3663650233725124,0.12450474664774314,BULLISH_EMA20_PULLBACK,-0.026278714970848,0.04598775119895968,0.04160796537049042
2026-05-13,16:00:00,1.36953,1.37114,1.3692,1.3705,7132,1.3685587845775864,1.366647935839063,0.1418437734856105,BULLISH_EMA20_PULLBACK,0.004377964246621596,-0.005107624954397263,0.12331265961327757
2026-05-13,20:00:00,1.37052,1.37182,1.3702,1.37056,4266,1.3687493765225782,1.3668013501198841,0.13228305404031085,BULLISH_EMA20_PULLBACK,-0.0021888862946514193,-0.0043777725893028386,0.10287765584869771
2026-05-14,08:00:00,1.37045,1.37154,1.3701,1.3705,5641,1.3691997379946403,1.3672180928922832,0.09496510766676752,BULLISH_EMA20_PULLBACK,0.14082451659978018,0.10726012404231013,0.3122947829259277
2026-05-18,12:00:00,1.37367,1.37533,1.37318,1.37388,6013,1.3728781567806922,1.3700196433468494,0.07297393540421654,BULLISH_EMA20_PULLBACK,0.01528517774478437,0.06332430779980248,0.18778932657874245
2026-05-18,16:00:00,1.37389,1.37512,1.3734,1.37409,7164,1.3729935704206264,1.3701792651763847,0.07985686189613513,BULLISH_EMA20_PULLBACK,-0.01673835047194525,0.0807807348863571,0.05749259509930706
2026-05-19,00:00:00,1.37363,1.37479,1.37354,1.37475,2749,1.3732355077592886,1.370497191729527,0.11028641716252434,BULLISH_EMA20_PULLBACK,0.0327332242225904,0.12438625204583383,0.07201309328969241
2026-05-19,04:00:00,1.37477,1.37529,1.37432,1.3752,5462,1.373422602258404,1.370681615583271,0.12941375354339846,BULLISH_EMA20_PULLBACK,0.05599185573007107,-0.02326934264106137,0.05162885398487409
2026-05-20,00:00:00,1.37432,1.37579,1.37418,1.37574,2948,1.3742084881126673,1.3715456184257278,0.11144683653031902,BULLISH_EMA20_PULLBACK,0.012356986058412454,0.02907526131390786,-0.06105804875920973
2026-05-20,04:00:00,1.37581,1.37604,1.37513,1.37591,6108,1.3743705368638417,1.3717167706443265,0.11201223359103367,BULLISH_EMA20_PULLBACK,0.0944829240284669,-0.0850346316256073,0.024710918592059577
2026-05-21,00:00:00,1.37429,1.3751,1.37357,1.3749,2456,1.3747600503851447,1.3723903048991974,0.010179930295188488,BULLISH_EMA20_PULLBACK,0.09818895919702977,0.18692268528619982,0.248018037675461
2026-05-21,04:00:00,1.37489,1.37658,1.37454,1.37625,4928,1.3749019503484643,1.3725416654913858,0.09804696627232348,BULLISH_EMA20_PULLBACK,0.03560399636694652,0.16566757493188447,0.18964577656675757
2026-05-21,08:00:00,1.37624,1.37763,1.37591,1.37674,6367,1.3750770026962296,1.3727063060603513,0.12093848566369222,BULLISH_EMA20_PULLBACK,0.05302380986968472,0.07045629530629714,0.12275375161613443
2026-05-26,00:00:00,1.38005,1.38084,1.3796,1.38032,2347,1.3791063241774377,1.3761163725980896,0.08800451432097939,BULLISH_EMA20_PULLBACK,0.05433522661412052,0.10504810478729218,0.02752984815115676
2026-05-26,04:00:00,1.38036,1.38107,1.38021,1.38107,4182,1.3792933409224437,1.3763106324962038,0.12880937106301946,BULLISH_EMA20_PULLBACK,-0.05792610077692745,0.007240762597115931,-0.013757448934515444
2026-05-27,04:00:00,1.3807,1.38143,1.38061,1.38088,4451,1.3800541122428718,1.377307509749747,0.05984459230994153,BULLISH_EMA20_PULLBACK,0.1390417704652049,0.12455825270841375,0.3787439893401197
2026-05-29,08:00:00,1.37887,1.38072,1.37842,1.38055,5845,1.3811370876076596,1.3791872132963654,-0.04250755503761121,BULLISH_EMA20_PULLBACK,0.08837057694397153,-0.1289341204592295,
2026-05-29,12:00:00,1.38053,1.38291,1.37992,1.38177,5891,1.3811973649783589,1.3792884990494492,0.04145931900543686,BULLISH_EMA20_PULLBACK,-0.13678108512993822,,
