trade_date,trade_time,open,high,low,close,volume,prev_20_high,prev_20_low,signal,forward_1,forward_3,forward_6
1971-02-01,00:00:00,357.67,357.67,357.67,357.67,1,358.44,357.72,BEARISH_20_BAR_BREAKOUT,-0.03355047949227068,-0.0447339726563662,-0.04752984594738611
1971-02-02,00:00:00,357.55,357.55,357.55,357.55,1,358.44,357.67,BEARISH_20_BAR_BREAKOUT,-0.002796811634733857,-0.0055936232694836115,-0.013984058173685181
1971-02-03,00:00:00,357.54,357.54,357.54,357.54,1,358.44,357.55,BEARISH_20_BAR_BREAKOUT,-0.008390669575440386,-0.013984449292390046,-0.011187559433915214
1971-02-04,00:00:00,357.51,357.51,357.51,357.51,1,358.44,357.54,BEARISH_20_BAR_BREAKOUT,0.005594249111907866,-0.002797124555953933,0.005594249111907866
1971-02-08,00:00:00,357.49,357.49,357.49,357.49,1,358.44,357.51,BEARISH_20_BAR_BREAKOUT,0.0027972810428238282,0.0027972810428238282,0.011189124171295313
1971-03-04,00:00:00,357.45,357.45,357.45,357.45,1,357.63,357.49,BEARISH_20_BAR_BREAKOUT,0.03916631696740421,0.0027975940690980294,0.036368722898306186
1971-03-22,00:00:00,357.44,357.44,357.44,357.44,1,357.63,357.45,BEARISH_20_BAR_BREAKOUT,0.025179051029536423,0.008393017009856075,0.013988361683082859
1971-03-31,00:00:00,357.42,357.42,357.42,357.42,1,357.59,357.44,BEARISH_20_BAR_BREAKOUT,0.019584802193495936,0.022382631078278797,0.03637177550220901
1971-04-13,00:00:00,357.62,357.62,357.62,357.62,1,357.56,357.42,BULLISH_20_BAR_BREAKOUT,-0.0111850567641688,-0.022370113528321706,-0.03635143448352873
1971-04-29,00:00:00,357.41,357.41,357.41,357.41,1,357.62,357.46,BEARISH_20_BAR_BREAKOUT,-0.00279790716545361,-0.00279790716545361,0.0
1971-04-30,00:00:00,357.4,357.4,357.4,357.4,1,357.62,357.41,BEARISH_20_BAR_BREAKOUT,0.002797985450489018,0.0,-0.07274762171236455
1971-05-10,00:00:00,357.14,357.14,357.14,357.14,1,357.62,357.4,BEARISH_20_BAR_BREAKOUT,0.08400067200537924,0.09800078400627843,0.08400067200537924
1971-06-28,00:00:00,357.37,357.37,357.37,357.37,1,357.46,357.4,BEARISH_20_BAR_BREAKOUT,0.005596440663732773,0.008394660995599159,0.025183982986813385
1971-07-23,00:00:00,357.36,357.36,357.36,357.36,1,357.46,357.37,BEARISH_20_BAR_BREAKOUT,0.011193194537710886,0.011193194537710886,0.013991493172154512
1971-08-09,00:00:00,357.35,357.35,357.35,357.35,1,357.44,357.36,BEARISH_20_BAR_BREAKOUT,0.011193507765485831,0.01399188470685729,-4.572547922205129
1971-08-31,00:00:00,339.85,339.85,339.85,339.85,1,357.41,357.35,BEARISH_20_BAR_BREAKOUT,0.34132705605413216,0.08533176401352467,-0.2295130204502073
1971-09-02,00:00:00,338.98,338.98,338.98,338.98,1,357.41,339.85,BEARISH_20_BAR_BREAKOUT,0.34220307982770903,0.12095108855978765,0.0
1971-09-10,00:00:00,338.81,338.81,338.81,338.81,1,357.41,338.98,BEARISH_20_BAR_BREAKOUT,0.05017561465128418,-0.11806026976770971,-0.45453203860571423
1971-09-14,00:00:00,338.24,338.24,338.24,338.24,1,357.41,338.81,BEARISH_20_BAR_BREAKOUT,0.05026017029328758,-0.08573793755913567,-0.23651844843898157
1971-09-16,00:00:00,337.84,337.84,337.84,337.84,1,357.4,338.24,BEARISH_20_BAR_BREAKOUT,0.03255979161733769,-0.14799905280606204,-0.2545583708264139
1971-09-20,00:00:00,337.27,337.27,337.27,337.27,1,357.4,337.84,BEARISH_20_BAR_BREAKOUT,0.02075488481038728,0.0,-0.2698135025350515
1971-09-24,00:00:00,336.98,336.98,336.98,336.98,1,357.4,337.27,BEARISH_20_BAR_BREAKOUT,-0.2166300670663001,-0.41842245830613833,-1.1306308979761417
1971-09-27,00:00:00,336.25,336.25,336.25,336.25,1,357.4,336.98,BEARISH_20_BAR_BREAKOUT,0.03271375464684421,-0.267657992565049,-0.9249070631970301
1971-09-29,00:00:00,335.57,335.57,335.57,335.57,1,341.01,336.25,BEARISH_20_BAR_BREAKOUT,-0.06556009178411969,-0.7152010012813951,-0.8820812349137228
1971-09-30,00:00:00,335.35,335.35,335.35,335.35,1,341.01,335.57,BEARISH_20_BAR_BREAKOUT,-0.5844639928433089,-0.659012971522301,-0.8886238258535911
1971-10-01,00:00:00,333.39,333.39,333.39,333.39,1,340.14,335.35,BEARISH_20_BAR_BREAKOUT,-0.06598878190706693,-0.22196226641471223,-0.860853654878672
1971-10-04,00:00:00,333.17,333.17,333.17,333.17,1,340.14,333.39,BEARISH_20_BAR_BREAKOUT,-0.00900441216196823,-0.1680823603565754,-0.5312603175556139
1971-10-05,00:00:00,333.14,333.14,333.14,333.14,1,339.79,333.17,BEARISH_20_BAR_BREAKOUT,-0.14708530947950085,-0.23113405775349155,-0.6873986912409089
1971-10-06,00:00:00,332.65,332.65,332.65,332.65,1,339.39,333.14,BEARISH_20_BAR_BREAKOUT,-0.012024650533582933,-0.6403126409138722,-0.6222756651134806
1971-10-07,00:00:00,332.61,332.61,332.61,332.61,1,339.07,332.65,BEARISH_20_BAR_BREAKOUT,-0.07215657977812125,-0.36378942304802514,-0.9049637713839003
1971-10-08,00:00:00,332.37,332.37,332.37,332.37,1,338.98,332.61,BEARISH_20_BAR_BREAKOUT,-0.5566085988506853,-0.45732165959622767,-0.45732165959622767
1971-10-12,00:00:00,330.52,330.52,330.52,330.52,1,338.98,332.37,BEARISH_20_BAR_BREAKOUT,0.2662471257412548,0.018153213118722703,0.16640445358828856
1971-10-18,00:00:00,329.6,329.6,329.6,329.6,1,337.95,330.52,BEARISH_20_BAR_BREAKOUT,0.37924757281553395,0.3610436893203876,-0.01820388349514632
1971-10-26,00:00:00,329.0,329.0,329.0,329.0,1,336.98,329.6,BEARISH_20_BAR_BREAKOUT,0.16413373860182992,0.1519756838905775,0.5683890577507612
1971-11-15,00:00:00,328.73,328.73,328.73,328.73,1,331.07,329.0,BEARISH_20_BAR_BREAKOUT,-0.03346211176345744,-0.015210050801573135,-0.16426854865695872
1971-11-16,00:00:00,328.62,328.62,328.62,328.62,1,331.07,328.73,BEARISH_20_BAR_BREAKOUT,0.05477451159394037,-0.06694662528148844,-0.17649564846935187
1971-11-19,00:00:00,328.4,328.4,328.4,328.4,1,331.07,328.62,BEARISH_20_BAR_BREAKOUT,0.0030450669914883523,-0.10962241169304411,-0.29232643118147983
1971-11-23,00:00:00,328.19,328.19,328.19,328.19,1,330.87,328.4,BEARISH_20_BAR_BREAKOUT,-0.04570523172551792,-0.34431274566561915,-0.667296383192662
1971-11-24,00:00:00,328.04,328.04,328.04,328.04,1,330.87,328.19,BEARISH_20_BAR_BREAKOUT,-0.1341299841482739,-0.18290452383856318,-0.8962321668089249
1971-11-26,00:00:00,327.6,327.6,327.6,327.6,1,330.87,328.04,BEARISH_20_BAR_BREAKOUT,-0.16483516483517108,0.0,-0.32661782661784183
1971-11-29,00:00:00,327.06,327.06,327.06,327.06,1,330.87,327.6,BEARISH_20_BAR_BREAKOUT,0.11618663242218413,-0.3240995535987288,-1.051794777716626
1971-12-02,00:00:00,326.0,326.0,326.0,326.0,1,330.87,327.06,BEARISH_20_BAR_BREAKOUT,-0.27607361963189486,-0.7300613496932501,-0.8895705521472322
1971-12-03,00:00:00,325.1,325.1,325.1,325.1,1,330.87,326.0,BEARISH_20_BAR_BREAKOUT,0.4398646570285911,-0.4921562596124339,-0.7105505998154421
1971-12-07,00:00:00,323.62,323.62,323.62,323.62,1,329.49,325.1,BEARISH_20_BAR_BREAKOUT,-0.03708052654347833,-0.16068228168839435,-2.706878437673812
1971-12-08,00:00:00,323.5,323.5,323.5,323.5,1,329.49,323.62,BEARISH_20_BAR_BREAKOUT,0.006182380216377684,-0.2194744976816011,-2.6398763523956785
1971-12-10,00:00:00,323.1,323.1,323.1,323.1,1,329.49,323.5,BEARISH_20_BAR_BREAKOUT,-0.09594552770040304,-2.550294026617149,-3.4323738780563393
1971-12-13,00:00:00,322.79,322.79,322.79,322.79,1,329.49,323.1,BEARISH_20_BAR_BREAKOUT,-0.0650577775024122,-2.4257257040181046,-3.1878310976176523
1971-12-14,00:00:00,322.58,322.58,322.58,322.58,1,328.8,322.79,BEARISH_20_BAR_BREAKOUT,-2.3932047864095636,-2.3932047864095636,-2.972905945811884
1972-01-03,00:00:00,314.86,314.86,314.86,314.86,1,328.8,322.58,BEARISH_20_BAR_BREAKOUT,0.03176014736707295,-0.9051641999618949,-0.1238645747316224
1972-01-06,00:00:00,312.01,312.01,312.01,312.01,1,328.41,314.86,BEARISH_20_BAR_BREAKOUT,0.15704624851767865,0.7884362680683429,0.3140924970353573
1972-01-25,00:00:00,311.82,311.82,311.82,311.82,1,323.52,312.01,BEARISH_20_BAR_BREAKOUT,-0.09300237316401144,-0.43614906035533757,-1.0486819318837735
1972-01-26,00:00:00,311.53,311.53,311.53,311.53,1,323.1,311.82,BEARISH_20_BAR_BREAKOUT,-0.465444740474429,-0.31136648155874896,-0.773601258305771
1972-01-27,00:00:00,310.08,310.08,310.08,310.08,1,322.79,311.53,BEARISH_20_BAR_BREAKOUT,0.12254901960784169,0.09352425180599215,-0.4643962848297207
1972-02-02,00:00:00,308.55,308.55,308.55,308.55,1,314.86,310.08,BEARISH_20_BAR_BREAKOUT,0.18473505104520924,-0.12315670069680618,-1.2510128018149453
1972-02-07,00:00:00,308.17,308.17,308.17,308.17,1,314.47,308.55,BEARISH_20_BAR_BREAKOUT,-0.15575818541714578,-1.12924684427427,-1.3077197650647465
1972-02-08,00:00:00,307.69,307.69,307.69,307.69,1,314.47,308.17,BEARISH_20_BAR_BREAKOUT,-0.9425070688030087,-0.9750073125548441,-1.2155091163183753
1972-02-09,00:00:00,304.79,304.79,304.79,304.79,1,313.97,307.69,BEARISH_20_BAR_BREAKOUT,-0.032809475376496186,-0.18373306210833762,-0.27559959316251575
1972-02-10,00:00:00,304.69,304.69,304.69,304.69,1,313.97,304.79,BEARISH_20_BAR_BREAKOUT,0.0,-0.18051133939414205,-0.39384292231447987
1972-02-14,00:00:00,304.23,304.23,304.23,304.23,1,313.38,304.69,BEARISH_20_BAR_BREAKOUT,-0.02958288137265616,-0.09203563093712964,-0.5752226933569996
1972-02-15,00:00:00,304.14,304.14,304.14,304.14,1,312.89,304.23,BEARISH_20_BAR_BREAKOUT,-0.062471230354441284,-0.21371736700203106,-0.6674557769448192
1972-02-16,00:00:00,303.95,303.95,303.95,303.95,1,312.79,304.14,BEARISH_20_BAR_BREAKOUT,0.0,-0.3619016285573173,-0.48363217634478384
1972-02-18,00:00:00,303.49,303.49,303.49,303.49,1,312.3,303.95,BEARISH_20_BAR_BREAKOUT,-0.2108800948960382,-0.45471020461959055,-0.029655013344766494
1972-02-22,00:00:00,302.85,302.85,302.85,302.85,1,312.21,303.49,BEARISH_20_BAR_BREAKOUT,-0.12217269275218905,-0.12217269275218905,0.11887072808319524
1972-02-23,00:00:00,302.48,302.48,302.48,302.48,1,311.82,302.85,BEARISH_20_BAR_BREAKOUT,-0.12232213700079494,0.4859825443004398,0.18183020364981303
1972-02-24,00:00:00,302.11,302.11,302.11,302.11,1,311.53,302.48,BEARISH_20_BAR_BREAKOUT,0.12247194730396363,0.426996789248937,0.18205289464102856
1972-03-08,00:00:00,302.02,302.02,302.02,302.02,1,307.69,302.11,BEARISH_20_BAR_BREAKOUT,-0.11919740414540654,0.09270909211311489,0.0
1972-03-09,00:00:00,301.66,301.66,301.66,301.66,1,304.79,302.02,BEARISH_20_BAR_BREAKOUT,0.08950474043624669,0.18232447125901824,0.1491745673937508
1972-03-29,00:00:00,303.77,303.77,303.77,303.77,1,303.21,301.66,BULLISH_20_BAR_BREAKOUT,0.0,0.12180267965895401,0.365408038976862
1972-03-31,00:00:00,304.32,304.32,304.32,304.32,1,303.77,301.66,BULLISH_20_BAR_BREAKOUT,-0.05914826498422938,0.27602523659307043,-0.7262092534174486
1972-04-04,00:00:00,304.97,304.97,304.97,304.97,1,304.32,301.66,BULLISH_20_BAR_BREAKOUT,0.0623012099550768,-0.5771059448470497,-0.8328688067678854
1972-04-05,00:00:00,305.16,305.16,305.16,305.16,1,304.97,301.66,BULLISH_20_BAR_BREAKOUT,-0.09175514484205975,-0.9994756848866205,-0.8487350897889736
1972-05-30,00:00:00,305.34,305.34,305.34,305.34,1,305.06,303.58,BULLISH_20_BAR_BREAKOUT,-0.2128774480906456,-0.3635291805855626,-0.30457850265276415
1972-06-14,00:00:00,303.95,303.95,303.95,303.95,1,305.34,304.04,BEARISH_20_BAR_BREAKOUT,0.029610133245610078,-0.029610133245591377,-0.6185227833525236
1972-06-19,00:00:00,303.86,303.86,303.86,303.86,1,305.34,303.95,BEARISH_20_BAR_BREAKOUT,-0.15138550648326085,-0.5890870795761273,-1.7606792601856194
1972-06-20,00:00:00,303.4,303.4,303.4,303.4,1,305.34,303.86,BEARISH_20_BAR_BREAKOUT,-0.1516150296638034,-3.0586684245220743,-2.195121951219502
1972-06-21,00:00:00,302.94,302.94,302.94,302.94,1,305.34,303.4,BEARISH_20_BAR_BREAKOUT,-0.28718558130322985,-1.4623357760612685,-0.722915428797781
1972-06-22,00:00:00,302.07,302.07,302.07,302.07,1,305.34,302.94,BEARISH_20_BAR_BREAKOUT,-2.6318403019167707,-1.1785347767073864,-0.3773959678220235
1972-06-23,00:00:00,294.12,294.12,294.12,294.12,1,305.34,302.07,BEARISH_20_BAR_BREAKOUT,1.492588059295521,0.8907928736570123,2.284781721746216
1972-09-27,00:00:00,301.02,301.02,301.02,301.02,1,301.2,301.11,BEARISH_20_BAR_BREAKOUT,0.029898345624886,0.029898345624886,0.029898345624886
1972-10-06,00:00:00,300.93,300.93,300.93,300.93,1,301.2,301.02,BEARISH_20_BAR_BREAKOUT,0.0,0.029907287409023688,0.05981457481806626
1972-10-20,00:00:00,300.75,300.75,300.75,300.75,1,301.11,300.93,BEARISH_20_BAR_BREAKOUT,0.08977556109725081,0.029925187032410636,0.11970074812968036
1972-10-25,00:00:00,301.2,301.2,301.2,301.2,1,301.11,300.75,BULLISH_20_BAR_BREAKOUT,-0.11952191235060214,-0.05976095617530107,-0.17928286852588435
1972-10-27,00:00:00,300.48,300.48,300.48,300.48,1,301.2,300.75,BEARISH_20_BAR_BREAKOUT,0.17971246006388564,0.17971246006388564,0.17971246006388564
1972-11-03,00:00:00,299.94,299.94,299.94,299.94,1,301.2,300.48,BEARISH_20_BAR_BREAKOUT,0.3600720144028753,0.3600720144028753,0.3600720144028753
1972-11-28,00:00:00,301.2,301.2,301.2,301.2,1,301.11,299.94,BULLISH_20_BAR_BREAKOUT,-0.0298804780876411,-0.0298804780876411,-0.0298804780876411
1973-01-02,00:00:00,301.39,301.39,301.39,301.39,1,301.2,301.02,BULLISH_20_BAR_BREAKOUT,0.013271840472484312,-0.029861641063066123,0.14930820531536834
1973-01-03,00:00:00,301.43,301.43,301.43,301.43,1,301.39,301.02,BULLISH_20_BAR_BREAKOUT,-0.0763029559101676,0.2587665461301041,0.01658759911090846
1973-01-08,00:00:00,302.21,302.21,302.21,302.21,1,301.43,301.02,BULLISH_20_BAR_BREAKOUT,-0.04632540286555255,-0.24155388637039193,-0.0926508057311051
1973-01-19,00:00:00,302.57,302.57,302.57,302.57,1,302.21,301.07,BULLISH_20_BAR_BREAKOUT,-0.029745182932866772,-0.15203093499024345,-0.30075684965461486
1973-02-01,00:00:00,300.93,300.93,300.93,300.93,1,302.57,301.2,BEARISH_20_BAR_BREAKOUT,-0.4486093111354876,-0.3588874489083787,-2.5487654936363993
1973-02-02,00:00:00,299.58,299.58,299.58,299.58,1,302.57,300.93,BEARISH_20_BAR_BREAKOUT,0.39054676547166567,0.09012617664731913,-10.98537953134387
1973-02-08,00:00:00,299.4,299.4,299.4,299.4,1,302.57,299.58,BEARISH_20_BAR_BREAKOUT,-2.050768203072808,-11.169004676018703,-11.169004676018703
1973-02-09,00:00:00,293.26,293.26,293.26,293.26,1,302.57,299.4,BEARISH_20_BAR_BREAKOUT,-9.067039487144505,-10.311668826297486,-9.670599468048835
1973-02-13,00:00:00,266.67,266.67,266.67,266.67,1,302.57,293.26,BEARISH_20_BAR_BREAKOUT,-0.26624667191661466,-1.0574867814152298,-0.4537443281959112
1973-02-14,00:00:00,265.96,265.96,265.96,265.96,1,302.57,266.67,BEARISH_20_BAR_BREAKOUT,-1.1054293878778756,0.0,-0.3985561738607318
1973-02-15,00:00:00,263.02,263.02,263.02,263.02,1,302.57,265.96,BEARISH_20_BAR_BREAKOUT,0.3155653562466888,0.7147745418599329,0.9809139989354577
1973-03-02,00:00:00,262.12,262.12,262.12,262.12,1,301.39,263.02,BEARISH_20_BAR_BREAKOUT,-1.163589195788193,-0.07630093087135228,-1.9265985045017593
1973-03-05,00:00:00,259.07,259.07,259.07,259.07,1,300.93,262.12,BEARISH_20_BAR_BREAKOUT,1.0460493302968232,0.9148106689311786,-1.58258385764465
1973-03-12,00:00:00,257.07,257.07,257.07,257.07,1,299.4,259.07,BEARISH_20_BAR_BREAKOUT,-0.8168981211343191,-0.5134788189987136,2.3690045512895446
1973-03-13,00:00:00,254.97,254.97,254.97,254.97,1,293.26,257.07,BEARISH_20_BAR_BREAKOUT,-0.20394556222301063,2.0041573518453095,3.212142605012365
1973-03-14,00:00:00,254.45,254.45,254.45,254.45,1,266.67,254.97,BEARISH_20_BAR_BREAKOUT,0.5109058754175718,3.423069365297715,3.556690901945377
1973-03-23,00:00:00,266.03,266.03,266.03,266.03,1,265.96,254.45,BULLISH_20_BAR_BREAKOUT,-0.18794872758711426,-0.16163590572489944,0.0
1973-05-09,00:00:00,265.04,265.04,265.04,265.04,1,266.03,265.46,BEARISH_20_BAR_BREAKOUT,0.0,-0.10564443102928975,-0.21128886205855807
1973-05-14,00:00:00,264.76,264.76,264.76,264.76,1,265.67,265.04,BEARISH_20_BAR_BREAKOUT,-0.8649342801027209,-0.10575615651910134,-0.44946366520622366
1973-05-15,00:00:00,262.47,262.47,262.47,262.47,1,265.67,264.76,BEARISH_20_BAR_BREAKOUT,0.18287804320492296,0.6857926620184991,0.6591229473844482
1973-06-20,00:00:00,264.97,264.97,264.97,264.97,1,264.9,262.88,BULLISH_20_BAR_BREAKOUT,0.026418085066231337,0.07925425519869402,0.07925425519869402
1973-06-21,00:00:00,265.04,265.04,265.04,265.04,1,264.97,262.88,BULLISH_20_BAR_BREAKOUT,0.0,0.05282221551463415,-0.709326894053726
1973-06-25,00:00:00,265.18,265.18,265.18,265.18,1,265.04,262.88,BULLISH_20_BAR_BREAKOUT,0.0,0.0,-0.05279432838071738
1973-07-02,00:00:00,265.25,265.25,265.25,265.25,1,265.18,262.88,BULLISH_20_BAR_BREAKOUT,-0.07917059377944563,-1.1800188501413744,-0.1583411875589127
1973-07-06,00:00:00,262.12,262.12,262.12,262.12,1,265.25,263.16,BEARISH_20_BAR_BREAKOUT,-1.0376926598504606,1.0338776133068746,1.1406989165267851
1973-07-09,00:00:00,259.4,259.4,259.4,259.4,1,265.25,262.12,BEARISH_20_BAR_BREAKOUT,1.4494988434849838,2.066306861989211,2.2552043176561383
1973-07-20,00:00:00,265.6,265.6,265.6,265.6,1,265.25,259.4,BULLISH_20_BAR_BREAKOUT,0.21460843373493718,-0.02635542168676582,-0.7643072289156737
1973-07-23,00:00:00,266.17,266.17,266.17,266.17,1,265.6,259.4,BULLISH_20_BAR_BREAKOUT,-0.21414885223728936,-0.21414885223728936,-1.0256602922944051
1973-10-02,00:00:00,265.75,265.75,265.75,265.75,1,265.6,265.25,BULLISH_20_BAR_BREAKOUT,0.052681091251170785,0.15804327375353375,0.18438381937911913
1973-10-03,00:00:00,265.89,265.89,265.89,265.89,1,265.75,265.25,BULLISH_20_BAR_BREAKOUT,0.026326676445143922,0.15796005867088492,0.131633382225741
1973-10-04,00:00:00,265.96,265.96,265.96,265.96,1,265.89,265.25,BULLISH_20_BAR_BREAKOUT,0.07895924199129056,0.1315987366521367,0.18423823131298284
1973-10-05,00:00:00,266.17,266.17,266.17,266.17,1,265.96,265.25,BULLISH_20_BAR_BREAKOUT,0.052597963707399914,0.026298981853699957,0.10519592741479983
1973-10-09,00:00:00,266.31,266.31,266.31,266.31,1,266.17,265.25,BULLISH_20_BAR_BREAKOUT,0.0,-0.026285156396678,0.026285156396678
1973-10-15,00:00:00,266.45,266.45,266.45,266.45,1,266.31,265.25,BULLISH_20_BAR_BREAKOUT,0.0,-0.0525426909363807,-0.02627134546819035
1973-10-26,00:00:00,266.67,266.67,266.67,266.67,1,266.45,265.53,BULLISH_20_BAR_BREAKOUT,0.026249671879098956,0.10499868751639582,3.1912101098736234
1973-10-29,00:00:00,266.74,266.74,266.74,266.74,1,266.67,265.6,BULLISH_20_BAR_BREAKOUT,0.07872834970382377,1.3233860688310612,3.16412986428732
1973-10-30,00:00:00,266.95,266.95,266.95,266.95,1,266.74,265.6,BULLISH_20_BAR_BREAKOUT,0.0,3.393893987638136,3.109196478741342
1973-11-01,00:00:00,270.27,270.27,270.27,270.27,1,266.95,265.75,BULLISH_20_BAR_BREAKOUT,2.123802123802127,1.816701816701826,1.8426018426018493
1973-11-02,00:00:00,276.01,276.01,276.01,276.01,1,270.27,265.89,BULLISH_20_BAR_BREAKOUT,-0.3007137422557096,-0.27535234230643485,1.5144378826854126
1973-11-13,00:00:00,280.19,280.19,280.19,280.19,1,276.01,266.24,BULLISH_20_BAR_BREAKOUT,0.16774331703487894,-0.028552053963376314,-0.028552053963376314
1973-11-14,00:00:00,280.66,280.66,280.66,280.66,1,280.19,266.31,BULLISH_20_BAR_BREAKOUT,-0.138958170027807,-0.19596665003919736,0.0
1974-01-02,00:00:00,280.82,280.82,280.82,280.82,1,280.66,279.8,BULLISH_20_BAR_BREAKOUT,1.022006979559862,6.936827861263449,6.808631863827365
1974-01-03,00:00:00,283.69,283.69,283.69,283.69,1,280.82,279.8,BULLISH_20_BAR_BREAKOUT,-0.5639959110296531,5.728083471394832,5.759808241390242
1974-01-07,00:00:00,300.3,300.3,300.3,300.3,1,283.69,279.8,BULLISH_20_BAR_BREAKOUT,-0.11988011988012441,-0.11988011988012441,-0.059940059940062206
1974-01-21,00:00:00,305.34,305.34,305.34,305.34,1,300.3,280.03,BULLISH_20_BAR_BREAKOUT,-0.150651732494917,-1.7095696600510812,-1.7390449990174897
1974-02-04,00:00:00,297.0,297.0,297.0,297.0,1,305.34,298.77,BEARISH_20_BAR_BREAKOUT,-1.114478114478115,-0.060606060606062905,-1.720538720538725
1974-02-05,00:00:00,293.69,293.69,293.69,293.69,1,305.34,297.0,BEARISH_20_BAR_BREAKOUT,1.3381456637951605,0.8886921583983157,-0.7286594708706412
1974-02-13,00:00:00,291.89,291.89,291.89,291.89,1,305.34,293.69,BEARISH_20_BAR_BREAKOUT,-0.11648223645893145,-0.6098187673438531,-3.8747473363253295
1974-02-14,00:00:00,291.55,291.55,291.55,291.55,1,305.34,291.89,BEARISH_20_BAR_BREAKOUT,0.5556508317612775,-0.8677756817012621,-2.8056937060538525
1974-02-19,00:00:00,290.11,290.11,290.11,290.11,1,305.34,291.55,BEARISH_20_BAR_BREAKOUT,-0.3757195546516948,-3.2849608769087686,-1.0616662645203685
1974-02-20,00:00:00,289.02,289.02,289.02,289.02,1,305.34,290.11,BEARISH_20_BAR_BREAKOUT,-2.397757940626949,-1.9548820150854536,-0.2041381219292696
1974-02-21,00:00:00,282.09,282.09,282.09,282.09,1,304.88,289.02,BEARISH_20_BAR_BREAKOUT,-0.5352901556240884,1.5739657556099111,3.5343330142862306
1974-02-22,00:00:00,280.58,280.58,280.58,280.58,1,303.58,282.09,BEARISH_20_BAR_BREAKOUT,0.9943688074702476,2.2988096086677556,4.333879820372095
1974-03-20,00:00:00,280.19,280.19,280.19,280.19,1,292.74,280.58,BEARISH_20_BAR_BREAKOUT,-0.3890217352510707,-1.788072379456794,-2.0593168921089195
1974-03-21,00:00:00,279.1,279.1,279.1,279.1,1,292.74,280.19,BEARISH_20_BAR_BREAKOUT,-0.8312432819778035,-1.5120028663561544,-1.0784664994625752
1974-03-22,00:00:00,276.78,276.78,276.78,276.78,1,292.74,279.1,BEARISH_20_BAR_BREAKOUT,-0.578076450610581,-0.46968711612109065,1.2031216128333122
1974-03-25,00:00:00,275.18,275.18,275.18,275.18,1,292.74,276.78,BEARISH_20_BAR_BREAKOUT,-0.10901955083945467,-0.27618286212660476,0.10901955083945467
1974-03-26,00:00:00,274.88,274.88,274.88,274.88,1,292.74,275.18,BEARISH_20_BAR_BREAKOUT,0.21827706635623645,0.44019208381838604,0.356519208381846
1974-03-28,00:00:00,274.42,274.42,274.42,274.42,1,292.74,274.88,BEARISH_20_BAR_BREAKOUT,0.6085562276801834,0.38626922235988714,1.789228190365122
1974-05-02,00:00:00,279.96,279.96,279.96,279.96,1,279.8,275.56,BULLISH_20_BAR_BREAKOUT,-0.05715102157449927,-0.1428775539362685,-0.8358336905272092
1974-05-30,00:00:00,280.9,280.9,280.9,280.9,1,279.96,277.39,BULLISH_20_BAR_BREAKOUT,0.3666785332858774,0.7084371662513382,0.622997508009968
1974-05-31,00:00:00,281.93,281.93,281.93,281.93,1,280.9,277.39,BULLISH_20_BAR_BREAKOUT,0.6242684354272304,-0.028375837973959525,0.08512751392189874
1974-06-03,00:00:00,283.69,283.69,283.69,283.69,1,281.93,277.39,BULLISH_20_BAR_BREAKOUT,-0.28199795551482654,-0.6203955021326063,-0.5075963199266798
1974-06-25,00:00:00,283.85,283.85,283.85,283.85,1,283.69,279.33,BULLISH_20_BAR_BREAKOUT,0.08455169984144872,0.14091949973576792,0.7151664611590532
1974-06-26,00:00:00,284.09,284.09,284.09,284.09,1,283.85,279.72,BULLISH_20_BAR_BREAKOUT,-0.056320180224565516,0.4294413742124071,1.1510436833398003
1974-06-28,00:00:00,284.25,284.25,284.25,284.25,1,284.09,281.85,BULLISH_20_BAR_BREAKOUT,0.3729111697449436,0.5734388742304294,1.4705364995602486
1974-07-01,00:00:00,285.31,285.31,285.31,285.31,1,284.25,281.85,BULLISH_20_BAR_BREAKOUT,0.45564473730328814,0.7185167011321059,1.8891731800497655
1974-07-02,00:00:00,286.61,286.61,286.61,286.61,1,285.31,281.85,BULLISH_20_BAR_BREAKOUT,-0.25470151076376196,0.46404521824080947,1.8701371201284023
1974-07-05,00:00:00,287.36,287.36,287.36,287.36,1,286.61,281.93,BULLISH_20_BAR_BREAKOUT,0.20183741648106351,1.1623051224944234,0.5185133630289563
1974-07-08,00:00:00,287.94,287.94,287.94,287.94,1,287.36,282.17,BULLISH_20_BAR_BREAKOUT,0.17017434187678304,1.3995971382927102,0.0555671320414062
1974-07-09,00:00:00,288.43,288.43,288.43,288.43,1,287.94,282.17,BULLISH_20_BAR_BREAKOUT,0.7870193807856262,0.26002842977498875,0.5235239052803075
1974-07-10,00:00:00,290.7,290.7,290.7,290.7,1,288.43,282.25,BULLISH_20_BAR_BREAKOUT,0.4368765049879734,-0.6363949088407176,-0.11695906432747677
1974-07-11,00:00:00,291.97,291.97,291.97,291.97,1,290.7,282.49,BULLISH_20_BAR_BREAKOUT,-0.9555776278384834,-1.3254786450662752,-0.43497619618455274
1974-07-23,00:00:00,292.74,292.74,292.74,292.74,1,291.97,283.61,BULLISH_20_BAR_BREAKOUT,0.03074400491903224,0.9154881464781057,1.878800300608048
1974-07-24,00:00:00,292.83,292.83,292.83,292.83,1,292.74,283.85,BULLISH_20_BAR_BREAKOUT,0.3790595225899032,1.8474883037940186,2.305091691425059
1974-07-25,00:00:00,293.94,293.94,293.94,293.94,1,292.83,283.93,BULLISH_20_BAR_BREAKOUT,0.503504116486364,1.2213376879635216,2.1024698918146583
1974-07-26,00:00:00,295.42,295.42,295.42,295.42,1,293.94,283.93,BULLISH_20_BAR_BREAKOUT,0.954573150091393,0.954573150091393,1.6214203506871447
1974-07-29,00:00:00,298.24,298.24,298.24,298.24,1,295.42,284.25,BULLISH_20_BAR_BREAKOUT,-0.23806330472104223,0.4493025751072877,0.8416040772532157
1974-08-01,00:00:00,299.58,299.58,299.58,299.58,1,298.24,285.88,BULLISH_20_BAR_BREAKOUT,0.1802523532946193,0.39054676547166567,0.9980639562053574
1974-08-02,00:00:00,300.12,300.12,300.12,300.12,1,299.58,287.36,BULLISH_20_BAR_BREAKOUT,0.029988004798072437,0.6630681060909001,0.6630681060909001
1974-08-05,00:00:00,300.21,300.21,300.21,300.21,1,300.12,287.94,BULLISH_20_BAR_BREAKOUT,0.17987408813831002,0.84607441457647,0.5429532660470988
1974-08-06,00:00:00,300.75,300.75,300.75,300.75,1,300.21,288.1,BULLISH_20_BAR_BREAKOUT,0.45220282626766867,0.6051537822111365,0.5752285951787259
1974-08-07,00:00:00,302.11,302.11,302.11,302.11,1,300.75,288.1,BULLISH_20_BAR_BREAKOUT,0.21184336830955158,0.0,0.21184336830955158
1974-08-08,00:00:00,302.75,302.75,302.75,302.75,1,302.11,288.1,BULLISH_20_BAR_BREAKOUT,-0.059454995871183094,-0.3005780346820892,0.0627580511973568
1974-08-16,00:00:00,302.94,302.94,302.94,302.94,1,302.75,290.7,BULLISH_20_BAR_BREAKOUT,0.05941770647653225,0.18155410312273434,-0.029708853238256748
1974-08-19,00:00:00,303.12,303.12,303.12,303.12,1,302.94,291.29,BULLISH_20_BAR_BREAKOUT,0.0,0.2441277381894989,-0.33320137239376846
1974-08-21,00:00:00,303.49,303.49,303.49,303.49,1,303.12,292.83,BULLISH_20_BAR_BREAKOUT,0.12191505486177619,-0.2108800948960382,-0.18122508155129044
1974-08-22,00:00:00,303.86,303.86,303.86,303.86,1,303.49,293.94,BULLISH_20_BAR_BREAKOUT,-0.24353320608175116,-0.5759231224906206,-0.30277101296650294
1974-09-12,00:00:00,301.2,301.2,301.2,301.2,1,303.86,302.11,BEARISH_20_BAR_BREAKOUT,-0.5378486055776908,-1.6865869853917608,-1.772908366533856
1974-09-13,00:00:00,299.58,299.58,299.58,299.58,1,303.86,301.2,BEARISH_20_BAR_BREAKOUT,-0.060084117764873095,-1.1849923225849561,-1.2417384338073205
1974-09-16,00:00:00,299.4,299.4,299.4,299.4,1,303.86,299.58,BEARISH_20_BAR_BREAKOUT,-1.0955243820975193,-0.8617234468937824,-1.5330661322645207
1974-09-17,00:00:00,296.12,296.12,296.12,296.12,1,303.86,299.4,BEARISH_20_BAR_BREAKOUT,-0.030393083884922272,-0.08780224233418576,0.030393083884903076
1974-09-18,00:00:00,296.03,296.03,296.03,296.03,1,303.86,296.12,BEARISH_20_BAR_BREAKOUT,0.26686484477925226,-0.057426612167671885,0.23984055670034674
1974-09-20,00:00:00,295.86,295.86,295.86,295.86,1,303.86,296.03,BEARISH_20_BAR_BREAKOUT,0.0,0.11829919556545862,0.8348543229905936
1974-09-24,00:00:00,294.81,294.81,294.81,294.81,1,302.94,295.86,BEARISH_20_BAR_BREAKOUT,0.4748821274719234,0.6546589328720215,1.0718768020080816
1974-10-28,00:00:00,300.12,300.12,300.12,300.12,1,300.03,296.74,BULLISH_20_BAR_BREAKOUT,-0.05997600959616381,-0.05997600959616381,0.11995201919232762
1974-11-01,00:00:00,300.48,300.48,300.48,300.48,1,300.12,298.69,BULLISH_20_BAR_BREAKOUT,0.0,-0.2396166134185394,-0.1198083067092697
1975-01-02,00:00:00,300.66,300.66,300.66,300.66,1,300.39,299.67,BULLISH_20_BAR_BREAKOUT,0.05986828976250581,0.08980243464377763,0.05986828976250581
1975-01-03,00:00:00,300.84,300.84,300.84,300.84,1,300.66,299.67,BULLISH_20_BAR_BREAKOUT,0.05983246908655991,-0.02991623454327051,0.029916234543289406
1975-01-06,00:00:00,301.02,301.02,301.02,301.02,1,300.84,299.67,BULLISH_20_BAR_BREAKOUT,-0.029898345624867116,-0.05979669124975312,-0.029898345624867116
1975-01-23,00:00:00,299.67,299.67,299.67,299.67,1,301.02,299.76,BEARISH_20_BAR_BREAKOUT,-1.4482597523943108,-0.7441519004238056,-0.5672906864217268
1975-01-24,00:00:00,295.33,295.33,295.33,295.33,1,301.02,299.67,BEARISH_20_BAR_BREAKOUT,-0.11512545288320693,0.6839806318355869,0.7144550164223119
1975-01-27,00:00:00,294.99,294.99,294.99,294.99,1,301.02,295.33,BEARISH_20_BAR_BREAKOUT,0.8305366283602795,0.9525746635479176,0.7118885385945171
1975-02-10,00:00:00,292.4,292.4,292.4,292.4,1,301.02,294.99,BEARISH_20_BAR_BREAKOUT,-0.2633378932968474,0.2941176470588282,-0.43775649794800714
1975-02-11,00:00:00,291.63,291.63,291.63,291.63,1,301.02,292.4,BEARISH_20_BAR_BREAKOUT,0.41148030038061534,0.5863594280423754,-0.7235195281692602
1975-02-19,00:00:00,291.55,291.55,291.55,291.55,1,301.02,291.63,BEARISH_20_BAR_BREAKOUT,-0.14748756645515582,-1.9447779111644712,-1.9447779111644712
1975-02-20,00:00:00,291.12,291.12,291.12,291.12,1,300.84,291.55,BEARISH_20_BAR_BREAKOUT,-0.5496015388843167,-1.7724649629019047,-1.604149491618582
1975-02-21,00:00:00,289.52,289.52,289.52,289.52,1,300.3,291.12,BEARISH_20_BAR_BREAKOUT,-1.2572533849129548,-1.3436032053053282,-1.4264990328820102
1975-02-24,00:00:00,285.88,285.88,285.88,285.88,1,299.67,289.52,BEARISH_20_BAR_BREAKOUT,0.027983769413734462,0.0,-0.4267524835595251
1975-02-26,00:00:00,285.63,285.63,285.63,285.63,1,297.97,285.88,BEARISH_20_BAR_BREAKOUT,0.0875258201169345,-0.0840247873122603,0.028008262437413466
1975-03-03,00:00:00,285.39,285.39,285.39,285.39,1,297.97,285.63,BEARISH_20_BAR_BREAKOUT,-0.2557903220154741,0.11212726444514286,0.25579032201549395
1975-03-04,00:00:00,284.66,284.66,284.66,284.66,1,297.97,285.39,BEARISH_20_BAR_BREAKOUT,0.20023888147263164,0.4566851682709037,0.9168832993746774
1975-03-25,00:00:00,290.02,290.02,290.02,290.02,1,288.85,284.66,BULLISH_20_BAR_BREAKOUT,0.17584994138334975,0.8482173643197147,0.5275498241500688
1975-03-26,00:00:00,290.53,290.53,290.53,290.53,1,290.02,284.66,BULLISH_20_BAR_BREAKOUT,0.5266237565828071,1.2046948679998626,0.6126733900113688
1975-03-27,00:00:00,292.06,292.06,292.06,292.06,1,290.53,284.66,BULLISH_20_BAR_BREAKOUT,0.14380606724646167,-0.40745052386495845,0.05820721769499963
1975-03-28,00:00:00,292.48,292.48,292.48,292.48,1,292.06,284.66,BULLISH_20_BAR_BREAKOUT,0.5299507658643171,-0.31797045951860187,-0.17437089715535795
1975-03-31,00:00:00,294.03,294.03,294.03,294.03,1,292.48,284.66,BULLISH_20_BAR_BREAKOUT,-1.074720266639448,-0.5849743223480497,-0.7278168894330465
1975-04-28,00:00:00,294.55,294.55,294.55,294.55,1,294.03,290.87,BULLISH_20_BAR_BREAKOUT,-0.2342556442030208,-0.8181972500424461,-1.0762179595993941
1975-05-02,00:00:00,290.36,290.36,290.36,290.36,1,294.55,290.95,BEARISH_20_BAR_BREAKOUT,0.027552004408315223,0.2927400468383957,0.32029205124673055
1975-06-12,00:00:00,292.48,292.48,292.48,292.48,1,292.23,290.7,BULLISH_20_BAR_BREAKOUT,0.05812363238510635,0.3248085339168451,0.49917943107220303
1975-06-13,00:00:00,292.65,292.65,292.65,292.65,1,292.48,290.7,BULLISH_20_BAR_BREAKOUT,0.5023065094823261,0.5023065094823261,0.7073295745771571
1975-06-16,00:00:00,294.12,294.12,294.12,294.12,1,292.65,290.7,BULLISH_20_BAR_BREAKOUT,-0.2345981232150135,0.0,0.41139670882632245
1975-06-23,00:00:00,294.72,294.72,294.72,294.72,1,294.12,290.7,BULLISH_20_BAR_BREAKOUT,0.20697611292072363,0.3562703583061735,0.32573289902279434
1975-06-24,00:00:00,295.33,295.33,295.33,295.33,1,294.72,290.7,BULLISH_20_BAR_BREAKOUT,0.5654691362205045,0.2370229912301455,0.06094876917346928
1975-06-25,00:00:00,297.0,297.0,297.0,297.0,1,295.33,290.7,BULLISH_20_BAR_BREAKOUT,-0.41414141414142025,-0.4444444444444422,-0.5319865319865267
1975-07-24,00:00:00,297.62,297.62,297.62,297.62,1,297.0,295.42,BULLISH_20_BAR_BREAKOUT,-0.3259189570593466,-0.09071970969692285,0.09071970969692285
1975-07-28,00:00:00,297.8,297.8,297.8,297.8,1,297.62,295.42,BULLISH_20_BAR_BREAKOUT,-0.15110812625923056,-0.030221625251857568,0.05708529214238278
1975-08-01,00:00:00,297.89,297.89,297.89,297.89,1,297.8,295.42,BULLISH_20_BAR_BREAKOUT,0.02685555070665042,0.05706804525160828,-0.030212494544957866
1975-08-04,00:00:00,297.97,297.97,297.97,297.97,1,297.89,295.51,BULLISH_20_BAR_BREAKOUT,0.0,0.0,0.030204382991567937
1975-08-06,00:00:00,298.06,298.06,298.06,298.06,1,297.97,295.86,BULLISH_20_BAR_BREAKOUT,-0.030195262698777085,-0.08723075890759945,-0.030195262698777085
1975-08-18,00:00:00,298.15,298.15,298.15,298.15,1,298.06,296.12,BULLISH_20_BAR_BREAKOUT,-0.03018614791211638,-0.08720442730169073,0.0
1975-09-17,00:00:00,298.33,298.33,298.33,298.33,1,298.15,297.8,BULLISH_20_BAR_BREAKOUT,0.7206784433345739,1.5452686622196943,1.4514128649482256
1975-09-18,00:00:00,300.48,300.48,300.48,300.48,1,298.33,297.8,BULLISH_20_BAR_BREAKOUT,0.362752928647489,0.941826411075607,0.4226570820021238
1975-09-19,00:00:00,301.57,301.57,301.57,301.57,1,300.48,297.8,BULLISH_20_BAR_BREAKOUT,0.4542892197499766,0.5139768544616545,0.5438206718174841
1975-09-22,00:00:00,302.94,302.94,302.94,302.94,1,301.57,297.8,BULLISH_20_BAR_BREAKOUT,0.12213639664620207,-0.09242754340792655,-0.029708853238256748
1975-09-23,00:00:00,303.31,303.31,303.31,303.31,1,302.94,297.8,BULLISH_20_BAR_BREAKOUT,-0.06264218126669009,-0.5143252777686202,-0.24397481124922
1975-10-21,00:00:00,301.11,301.11,301.11,301.11,1,303.31,301.75,BEARISH_20_BAR_BREAKOUT,0.1527680913951644,0.18265750058118674,0.1527680913951644
1975-11-18,00:00:00,302.94,302.94,302.94,302.94,1,302.76,301.11,BULLISH_20_BAR_BREAKOUT,0.05941770647653225,0.05941770647653225,0.08912655971478901
1975-11-19,00:00:00,303.12,303.12,303.12,303.12,1,302.94,301.11,BULLISH_20_BAR_BREAKOUT,-0.0593824228028526,-0.0593824228028526,0.0
1975-11-26,00:00:00,303.21,303.21,303.21,303.21,1,303.12,301.48,BULLISH_20_BAR_BREAKOUT,-0.02968239833777745,0.39576531117049096,1.1675076679529108
1975-12-01,00:00:00,304.41,304.41,304.41,304.41,1,303.21,301.57,BULLISH_20_BAR_BREAKOUT,0.0,0.183962419105812,0.5847376893006053
1975-12-03,00:00:00,305.06,305.06,305.06,305.06,1,304.41,301.75,BULLISH_20_BAR_BREAKOUT,-0.029502392971866187,0.5834917721103955,0.27535566773748604
1975-12-05,00:00:00,306.75,306.75,306.75,306.75,1,305.06,301.75,BULLISH_20_BAR_BREAKOUT,0.02933985330072534,-0.2151589242053871,-0.5509372453137727
1975-12-08,00:00:00,306.84,306.84,306.84,306.84,1,306.75,301.75,BULLISH_20_BAR_BREAKOUT,-0.2118367879024825,-0.3063485855820616,-0.5475166210402653
1976-01-19,00:00:00,304.14,304.14,304.14,304.14,1,306.84,304.41,BEARISH_20_BAR_BREAKOUT,-0.09206286578548455,0.0,-0.15453409613992586
1976-01-20,00:00:00,303.86,303.86,303.86,303.86,1,306.84,304.14,BEARISH_20_BAR_BREAKOUT,0.18100440992562739,0.059237806884751804,-0.09214769959850903
1976-01-26,00:00:00,303.77,303.77,303.77,303.77,1,306.19,303.86,BEARISH_20_BAR_BREAKOUT,-0.03291964315105702,-0.03291964315105702,-0.33248839582578626
1976-01-27,00:00:00,303.67,303.67,303.67,303.67,1,306.09,303.77,BEARISH_20_BAR_BREAKOUT,-0.029637435373936122,0.0,-1.0208449962130017
1976-01-28,00:00:00,303.58,303.58,303.58,303.58,1,306.0,303.67,BEARISH_20_BAR_BREAKOUT,0.029646221753749202,-0.12187891165426068,-0.991501416430592
1976-02-02,00:00:00,303.21,303.21,303.21,303.21,1,306.0,303.58,BEARISH_20_BAR_BREAKOUT,-0.14841199168892474,-0.8706836845750425,-0.8410012862372463
1976-02-03,00:00:00,302.76,302.76,302.76,302.76,1,306.0,303.21,BEARISH_20_BAR_BREAKOUT,-0.7233452239397535,-0.4525036332408524,-0.8719778042013432
1976-02-04,00:00:00,300.57,300.57,300.57,300.57,1,306.0,302.76,BEARISH_20_BAR_BREAKOUT,0.0,0.05988621618924271,0.05988621618924271
1976-02-11,00:00:00,300.12,300.12,300.12,300.12,1,305.34,300.57,BEARISH_20_BAR_BREAKOUT,0.20991603358656383,0.5131280821005,0.8163401306144171
1976-03-15,00:00:00,300.66,300.66,300.66,300.66,1,302.57,300.75,BEARISH_20_BAR_BREAKOUT,-0.029934144881271812,-0.23947315905009886,-0.2993414488126236
1976-03-16,00:00:00,300.57,300.57,300.57,300.57,1,302.57,300.66,BEARISH_20_BAR_BREAKOUT,-0.20960175666234004,-0.2994310809461947,-0.2694879728515827
1976-03-17,00:00:00,299.94,299.94,299.94,299.94,1,302.57,300.57,BEARISH_20_BAR_BREAKOUT,0.0,-0.03000600120023171,-0.09001800360071409
1976-03-19,00:00:00,299.67,299.67,299.67,299.67,1,302.57,299.94,BEARISH_20_BAR_BREAKOUT,0.06006607267995021,0.030033036339965624,0.0
1976-03-26,00:00:00,299.58,299.58,299.58,299.58,1,302.11,299.67,BEARISH_20_BAR_BREAKOUT,0.030042058882446036,0.0,-0.09012617664730016
1976-04-01,00:00:00,299.49,299.49,299.49,299.49,1,301.66,299.58,BEARISH_20_BAR_BREAKOUT,-0.060102173695284256,-0.15025543423820115,-0.5342415439580697
1976-04-02,00:00:00,299.31,299.31,299.31,299.31,1,301.57,299.49,BEARISH_20_BAR_BREAKOUT,0.0,-0.1503457953292535,-0.29735057298452655
1976-04-06,00:00:00,299.04,299.04,299.04,299.04,1,301.3,299.31,BEARISH_20_BAR_BREAKOUT,-0.060192616372393926,-0.3845639379347358,-0.3277153558052495
1976-04-07,00:00:00,298.86,298.86,298.86,298.86,1,301.3,299.04,BEARISH_20_BAR_BREAKOUT,-0.4751388610051582,-0.14722612594525789,0.18068660911462342
1976-04-08,00:00:00,297.44,297.44,297.44,297.44,1,301.3,298.86,BEARISH_20_BAR_BREAKOUT,0.15129101667562822,0.38999462076385993,0.6286982248520726
1976-04-19,00:00:00,300.03,300.03,300.03,300.03,1,299.85,297.44,BULLISH_20_BAR_BREAKOUT,-0.17998200179980792,-0.11998800119986562,-0.23997600239975017
1976-05-26,00:00:00,299.76,299.76,299.76,299.76,1,299.58,297.89,BULLISH_20_BAR_BREAKOUT,-0.03002401921536395,0.21016813450760458,0.21016813450760458
1976-05-28,00:00:00,300.03,300.03,300.03,300.03,1,299.76,297.89,BULLISH_20_BAR_BREAKOUT,0.11998800119988456,0.14998500149986518,0.029997000299980616
1976-06-01,00:00:00,300.39,300.39,300.39,300.39,1,300.03,297.89,BULLISH_20_BAR_BREAKOUT,-0.02996105063416725,0.0,-0.14980525317087406
1976-06-03,00:00:00,300.48,300.48,300.48,300.48,1,300.39,297.97,BULLISH_20_BAR_BREAKOUT,-0.029952076677326887,-0.1198083067092697,-0.14976038338659658
1976-06-18,00:00:00,299.31,299.31,299.31,299.31,1,300.48,299.4,BEARISH_20_BAR_BREAKOUT,0.0,-0.8319134008218934,-1.0958537970665962
1976-06-22,00:00:00,299.22,299.22,299.22,299.22,1,300.48,299.31,BEARISH_20_BAR_BREAKOUT,-0.8020854220974647,-0.47456720807433184,-0.41775282400909025
1976-06-23,00:00:00,296.82,296.82,296.82,296.82,1,300.48,299.22,BEARISH_20_BAR_BREAKOUT,0.15160703456640004,-0.26615457179436036,0.0303214069132915
1976-06-28,00:00:00,296.03,296.03,296.03,296.03,1,300.48,296.82,BEARISH_20_BAR_BREAKOUT,0.32766949295680414,0.29726716886803783,0.2094382326115612
1976-07-13,00:00:00,294.9,294.9,294.9,294.9,1,300.03,296.03,BEARISH_20_BAR_BREAKOUT,-0.7629704984740591,-0.29501525940997103,-0.44082739911832985
1976-07-14,00:00:00,292.65,292.65,292.65,292.65,1,300.03,294.9,BEARISH_20_BAR_BREAKOUT,0.17768665641552664,0.35537331283103385,0.35537331283103385
1976-08-11,00:00:00,292.57,292.57,292.57,292.57,1,294.03,292.65,BEARISH_20_BAR_BREAKOUT,0.027343883515050786,-0.7553747821034212,-1.2988344669651746
1976-08-13,00:00:00,291.12,291.12,291.12,291.12,1,294.03,292.57,BEARISH_20_BAR_BREAKOUT,-0.26106073097004356,-0.978977741137683,-0.4637262984336434
1976-08-16,00:00:00,290.36,290.36,290.36,290.36,1,293.94,291.12,BEARISH_20_BAR_BREAKOUT,-0.8644441383110589,-0.5475960876153849,-0.6646921063507393
1976-08-17,00:00:00,287.85,287.85,287.85,287.85,1,293.94,290.36,BEARISH_20_BAR_BREAKOUT,0.14590932777486854,0.5211047420531526,0.3474031613687684
1976-09-03,00:00:00,287.77,287.77,287.77,287.77,1,293.0,287.85,BEARISH_20_BAR_BREAKOUT,0.0,-0.6011745491190748,-0.43089967682524555
1976-09-08,00:00:00,287.6,287.6,287.6,287.6,1,292.83,287.77,BEARISH_20_BAR_BREAKOUT,-0.5424200278164124,-0.3407510431154444,-0.312934631432557
1976-09-09,00:00:00,286.04,286.04,286.04,286.04,1,292.65,287.6,BEARISH_20_BAR_BREAKOUT,0.3146413089078371,0.17130471262758784,0.43000978884070806
1976-10-07,00:00:00,288.1,288.1,288.1,288.1,1,288.02,286.04,BULLISH_20_BAR_BREAKOUT,0.23255813953486948,0.7844498438042314,1.520305449496701
1976-10-08,00:00:00,288.77,288.77,288.77,288.77,1,288.1,286.12,BULLISH_20_BAR_BREAKOUT,0.37746303286353566,1.225889115905399,1.1981854070713842
1976-10-12,00:00:00,289.86,289.86,289.86,289.86,1,288.77,286.12,BULLISH_20_BAR_BREAKOUT,0.17249706754985164,1.0832815842130636,0.786586628027314
1976-10-13,00:00:00,290.36,290.36,290.36,290.36,1,289.86,286.12,BULLISH_20_BAR_BREAKOUT,0.6715801074528133,0.7301281168205003,0.8196721311475395
1976-10-14,00:00:00,292.31,292.31,292.31,292.31,1,290.36,286.12,BULLISH_20_BAR_BREAKOUT,0.2360507680202517,-0.027368204987849913,0.4721015360405034
1976-10-15,00:00:00,293.0,293.0,293.0,293.0,1,292.31,286.7,BULLISH_20_BAR_BREAKOUT,-0.17747440273036924,-0.2935153583617794,0.11604095563139077
1976-10-22,00:00:00,293.69,293.69,293.69,293.69,1,293.0,286.86,BULLISH_20_BAR_BREAKOUT,-0.11917327794614142,-0.17705744151996383,0.7388743232660342
1976-10-26,00:00:00,293.77,293.77,293.77,293.77,1,293.69,286.86,BULLISH_20_BAR_BREAKOUT,-0.2042414133505688,0.20764543690642806,0.5310276747115098
1976-10-29,00:00:00,294.38,294.38,294.38,294.38,1,293.77,286.86,BULLISH_20_BAR_BREAKOUT,0.502751545621312,0.3227121407704289,-0.030572729125611448
1976-11-01,00:00:00,295.86,295.86,295.86,295.86,1,294.38,287.11,BULLISH_20_BAR_BREAKOUT,-0.23659839113093648,-0.29405800040559876,-0.5002365983911371
1976-11-30,00:00:00,297.09,297.09,297.09,297.09,1,295.86,293.6,BULLISH_20_BAR_BREAKOUT,-0.06058770069674173,0.2692786697633752,-0.265912686391317
1976-12-03,00:00:00,297.89,297.89,297.89,297.89,1,297.09,293.77,BULLISH_20_BAR_BREAKOUT,-0.44647353049782945,-0.5337540702943956,-1.0641511967504647
1977-01-03,00:00:00,292.48,292.48,292.48,292.48,1,297.89,294.72,BEARISH_20_BAR_BREAKOUT,-0.25984682713347607,0.14701859956236557,0.0
1977-01-04,00:00:00,291.72,291.72,291.72,291.72,1,297.89,292.48,BEARISH_20_BAR_BREAKOUT,0.20224873166048776,0.3805018510900715,0.23310023310021594
1977-01-18,00:00:00,291.21,291.21,291.21,291.21,1,297.89,291.72,BEARISH_20_BAR_BREAKOUT,-0.5528656296143529,-0.26441399677208266,-1.0404862470382106
1977-01-19,00:00:00,289.6,289.6,289.6,289.6,1,296.56,291.21,BEARISH_20_BAR_BREAKOUT,0.23480662983423684,0.17610497237568745,-0.17265193370165746
1977-01-25,00:00:00,289.27,289.27,289.27,289.27,1,295.33,289.6,BEARISH_20_BAR_BREAKOUT,-0.3768105921803073,0.0864244477477789,-0.3456977909911156
1977-01-26,00:00:00,288.18,288.18,288.18,288.18,1,295.33,289.27,BEARISH_20_BAR_BREAKOUT,0.31924491637171765,0.08675133597057394,0.0589909084599958
1977-02-01,00:00:00,288.02,288.02,288.02,288.02,1,292.91,288.18,BEARISH_20_BAR_BREAKOUT,0.08679952781056871,0.0277758488993962,-0.7152281091590871
1977-02-07,00:00:00,287.94,287.94,287.94,287.94,1,292.57,288.02,BEARISH_20_BAR_BREAKOUT,-0.2882544974647441,-0.8022504688476774,-1.392651246787522
1977-02-08,00:00:00,287.11,287.11,287.11,287.11,1,292.57,287.94,BEARISH_20_BAR_BREAKOUT,-0.4005433457559939,-0.7140120511302328,-1.1633171954999937
1977-02-09,00:00:00,285.96,285.96,285.96,285.96,1,292.57,287.11,BEARISH_20_BAR_BREAKOUT,-0.1154007553503931,-1.4932158343824247,-1.0456007833263228
1977-02-10,00:00:00,285.63,285.63,285.63,285.63,1,292.57,285.96,BEARISH_20_BAR_BREAKOUT,-0.19955886986660828,-0.5951755767951505,-0.7632251514196712
1977-02-11,00:00:00,285.06,285.06,285.06,285.06,1,292.06,285.63,BEARISH_20_BAR_BREAKOUT,-1.1822072546130655,-0.4525363081456607,-0.5928576440047701
1977-02-14,00:00:00,281.69,281.69,281.69,281.69,1,291.72,285.06,BEARISH_20_BAR_BREAKOUT,0.795200397600202,0.45440022720012413,0.624800312400153
1977-03-02,00:00:00,281.53,281.53,281.53,281.53,1,288.35,281.69,BEARISH_20_BAR_BREAKOUT,-0.08524846375162586,0.1420807729194168,0.1704969275032921
1977-03-03,00:00:00,281.29,281.29,281.29,281.29,1,288.35,281.53,BEARISH_20_BAR_BREAKOUT,0.28440399587612586,0.28440399587612586,0.25596359628851734
1977-03-14,00:00:00,281.21,281.21,281.21,281.21,1,285.06,281.29,BEARISH_20_BAR_BREAKOUT,0.11379396180789915,0.17069094271185883,-0.8072259165747954
1977-03-18,00:00:00,280.82,280.82,280.82,280.82,1,283.53,281.21,BEARISH_20_BAR_BREAKOUT,-0.6124919877501497,-1.274837974503235,-1.4137169717256501
1977-03-21,00:00:00,279.1,279.1,279.1,279.1,1,283.53,280.82,BEARISH_20_BAR_BREAKOUT,-0.057327122895028663,-0.22572554639913844,-0.8849874596918765
1977-03-22,00:00:00,278.94,278.94,278.94,278.94,1,283.53,279.1,BEARISH_20_BAR_BREAKOUT,-0.609450060945002,-0.22227002222700384,-0.609450060945002
1977-03-23,00:00:00,277.24,277.24,277.24,277.24,1,283.53,278.94,BEARISH_20_BAR_BREAKOUT,0.4436589236762437,-0.14067234165343614,0.11181647669888986
1977-03-28,00:00:00,276.85,276.85,276.85,276.85,1,282.81,277.24,BEARISH_20_BAR_BREAKOUT,-0.07946541448438767,0.2528445006321071,-1.39064475347662
1977-03-29,00:00:00,276.63,276.63,276.63,276.63,1,282.49,276.85,BEARISH_20_BAR_BREAKOUT,0.22051115208040115,-0.16628709829012744,-1.2326934894985968
1977-04-01,00:00:00,276.17,276.17,276.17,276.17,1,282.33,276.63,BEARISH_20_BAR_BREAKOUT,-0.5503856320382513,-1.068182641126838,-1.7634065973856698
1977-04-04,00:00:00,274.65,274.65,274.65,274.65,1,282.33,276.17,BEARISH_20_BAR_BREAKOUT,-0.6007646095029956,-0.38230475150189497,-1.4345530675405054
1977-04-05,00:00:00,273.0,273.0,273.0,273.0,1,282.33,274.65,BEARISH_20_BAR_BREAKOUT,0.08058608058609058,0.08058608058609058,-0.16483516483516067
1977-04-11,00:00:00,271.3,271.3,271.3,271.3,1,281.85,273.0,BEARISH_20_BAR_BREAKOUT,-0.21747143383709244,0.7629929966826366,1.6549944710652447
1977-04-12,00:00:00,270.71,270.71,270.71,270.71,1,281.85,271.3,BEARISH_20_BAR_BREAKOUT,0.6796941376380747,1.14883085220347,2.981049831923458
1977-04-20,00:00:00,278.78,278.78,278.78,278.78,1,278.47,270.71,BULLISH_20_BAR_BREAKOUT,-0.6923021737570666,-0.2762034579238044,-0.6062127842743374
1977-06-06,00:00:00,275.18,275.18,275.18,275.18,1,278.01,276.28,BEARISH_20_BAR_BREAKOUT,0.13809143106330238,-0.5196598590013835,-1.0356857329747884
1977-06-08,00:00:00,274.42,274.42,274.42,274.42,1,278.01,275.18,BEARISH_20_BAR_BREAKOUT,-0.2441513009255943,-0.9510968588295363,-0.7215217549741338
1977-06-09,00:00:00,273.75,273.75,273.75,273.75,1,278.01,274.42,BEARISH_20_BAR_BREAKOUT,-0.029223744292231627,-0.5187214611872204,-0.3835616438356206
1977-06-10,00:00:00,273.67,273.67,273.67,273.67,1,278.01,273.75,BEARISH_20_BAR_BREAKOUT,-0.6796506741696253,-0.32520919355429645,-0.32520919355429645
1977-06-13,00:00:00,271.81,271.81,271.81,271.81,1,277.78,273.67,BEARISH_20_BAR_BREAKOUT,0.19131010632426393,0.23177955189286467,0.23177955189286467
1977-06-22,00:00:00,271.74,271.74,271.74,271.74,1,277.78,271.81,BEARISH_20_BAR_BREAKOUT,0.02575991756826127,-0.09567969382497642,-1.527195112975651
1977-06-27,00:00:00,271.48,271.48,271.48,271.48,1,277.32,271.74,BEARISH_20_BAR_BREAKOUT,-0.22837778105201287,-1.4328864004715054,-2.2432591719463795
1977-06-28,00:00:00,270.86,270.86,270.86,270.86,1,277.32,271.48,BEARISH_20_BAR_BREAKOUT,-1.258952964631184,-1.3770951783209104,-2.277929557705093
1977-06-29,00:00:00,267.45,267.45,267.45,267.45,1,277.32,270.86,BEARISH_20_BAR_BREAKOUT,0.052346232940731485,-0.953449242849135,-1.0057954757898664
1977-07-01,00:00:00,267.13,267.13,267.13,267.13,1,276.28,267.45,BEARISH_20_BAR_BREAKOUT,-0.834799535806543,-0.9134129450080477,-0.9920263542095523
1977-07-05,00:00:00,264.9,264.9,264.9,264.9,1,275.56,267.13,BEARISH_20_BAR_BREAKOUT,0.18497546243865956,-0.05285013212532517,-0.2378255945639847
1977-07-07,00:00:00,264.69,264.69,264.69,264.69,1,274.42,264.9,BEARISH_20_BAR_BREAKOUT,0.026446031206314245,-0.07933809361894274,-0.26446031206316395
1977-07-11,00:00:00,263.09,263.09,263.09,263.09,1,273.67,264.69,BEARISH_20_BAR_BREAKOUT,0.5283363107681947,0.8476186856208971,0.6613706336234784
1977-08-15,00:00:00,267.92,267.92,267.92,267.92,1,267.13,263.99,BULLISH_20_BAR_BREAKOUT,-0.09331143624962675,-0.4404299790982408,-0.4292326067482958
1977-09-01,00:00:00,268.17,268.17,268.17,268.17,1,267.92,265.53,BULLISH_20_BAR_BREAKOUT,-0.07457955774321834,-0.5071409926539187,-0.5593466830741693
1977-09-27,00:00:00,266.63,266.63,266.63,266.63,1,268.17,266.67,BEARISH_20_BAR_BREAKOUT,0.015002062783640423,-1.0951505832051966,-2.0740351798372174
1977-09-29,00:00:00,265.11,265.11,265.11,265.11,1,268.17,266.63,BEARISH_20_BAR_BREAKOUT,-0.5280826826600408,-1.6181962204368077,-2.8327863905548605
1977-09-30,00:00:00,263.71,263.71,263.71,263.71,1,268.17,265.11,BEARISH_20_BAR_BREAKOUT,-1.1338212430321006,-0.9897235599711642,-2.2410981760266844
1977-10-03,00:00:00,260.72,260.72,260.72,260.72,1,267.97,263.71,BEARISH_20_BAR_BREAKOUT,0.0383553237189191,-0.8323105247008346,-1.4996931574102579
1977-10-06,00:00:00,258.55,258.55,258.55,258.55,1,267.13,260.72,BEARISH_20_BAR_BREAKOUT,-0.3674337652291582,-0.6729839489460487,-2.3283697543995396
1977-10-07,00:00:00,257.6,257.6,257.6,257.6,1,267.13,258.55,BEARISH_20_BAR_BREAKOUT,0.07763975155279061,-1.0209627329192639,-2.0923913043478315
1977-10-12,00:00:00,256.81,256.81,256.81,256.81,1,267.13,257.6,BEARISH_20_BAR_BREAKOUT,-0.7164830029983269,-1.6666017678439318,-1.0202094933997916
1977-10-13,00:00:00,254.97,254.97,254.97,254.97,1,267.13,256.81,BEARISH_20_BAR_BREAKOUT,-0.7726399184217747,-1.0824802917990315,-0.2549319527787605
1977-10-14,00:00:00,253.0,253.0,253.0,253.0,1,267.09,254.97,BEARISH_20_BAR_BREAKOUT,-0.18577075098814183,0.5731225296442642,-0.41501976284585423
1977-10-17,00:00:00,252.53,252.53,252.53,252.53,1,267.09,253.0,BEARISH_20_BAR_BREAKOUT,-0.12671761770878437,0.6573476418643316,-0.07919851106798742
1977-10-18,00:00:00,252.21,252.21,252.21,252.21,1,266.92,252.53,BEARISH_20_BAR_BREAKOUT,0.8881487649181161,0.8366044169541197,-0.24186194044645876
1977-10-24,00:00:00,251.95,251.95,251.95,251.95,1,266.81,252.21,BEARISH_20_BAR_BREAKOUT,0.15082357610637978,-0.650922802143277,-2.0718396507243497
1977-10-26,00:00:00,251.6,251.6,251.6,251.6,1,266.67,251.95,BEARISH_20_BAR_BREAKOUT,-0.5127186009538919,-0.9817170111287753,-1.5341812400635872
1977-10-27,00:00:00,250.31,250.31,250.31,250.31,1,266.67,251.6,BEARISH_20_BAR_BREAKOUT,0.07590587671287512,-1.4302265191163006,-0.5233510447045673
1977-10-31,00:00:00,249.13,249.13,249.13,249.13,1,263.71,250.31,BEARISH_20_BAR_BREAKOUT,-0.9633524665837137,-0.5579416368963941,-0.8148356279853896
1977-11-01,00:00:00,246.73,246.73,246.73,246.73,1,261.1,249.13,BEARISH_20_BAR_BREAKOUT,0.6444291330604318,0.9200340453126942,-0.2229157378510854
1977-11-10,00:00:00,246.18,246.18,246.18,246.18,1,256.81,246.73,BEARISH_20_BAR_BREAKOUT,-0.4387033877650551,-0.3777723616865736,-1.3811032577788631
1977-11-14,00:00:00,245.1,245.1,245.1,245.1,1,254.97,246.18,BEARISH_20_BAR_BREAKOUT,0.07343941248470291,0.12239902080783818,-1.819665442676462
1977-11-18,00:00:00,243.49,243.49,243.49,243.49,1,254.45,245.1,BEARISH_20_BAR_BREAKOUT,-0.2915930839048864,-1.5359973715553037,0.06981806234341759
1977-11-21,00:00:00,242.78,242.78,242.78,242.78,1,254.32,243.49,BEARISH_20_BAR_BREAKOUT,-0.8814564626410804,-1.1533075212126251,0.5107504736798785
1977-11-22,00:00:00,240.64,240.64,240.64,240.64,1,254.32,242.78,BEARISH_20_BAR_BREAKOUT,-0.36984707446807946,-0.1662234042553097,1.0098071808510667
1977-11-23,00:00:00,239.75,239.75,239.75,239.75,1,252.33,240.64,BEARISH_20_BAR_BREAKOUT,0.09593326381647123,1.630865484880082,1.151199165797702
1978-01-03,00:00:00,237.59,237.59,237.59,237.59,1,245.4,239.75,BEARISH_20_BAR_BREAKOUT,-0.07155183298961064,1.1742918472999673,1.2247990235279247
1978-01-04,00:00:00,237.42,237.42,237.42,237.42,1,245.4,237.59,BEARISH_20_BAR_BREAKOUT,1.541571897902462,1.701625810799436,1.760593041866737
1978-02-16,00:00:00,240.15,240.15,240.15,240.15,1,242.42,240.56,BEARISH_20_BAR_BREAKOUT,-0.1415781803039781,-0.5496564647095536,-0.38309389964606116
1978-02-17,00:00:00,239.81,239.81,239.81,239.81,1,242.13,240.15,BEARISH_20_BAR_BREAKOUT,-0.5837955047746156,-0.69221466994704,-0.7130645094032809
1978-02-21,00:00:00,238.41,238.41,238.41,238.41,1,241.85,239.81,BEARISH_20_BAR_BREAKOUT,0.17616710708444105,0.7550018875047235,-0.05872236902813908
1978-02-23,00:00:00,238.15,238.15,238.15,238.15,1,241.84,238.41,BEARISH_20_BAR_BREAKOUT,0.8650010497585564,-0.020995171110649323,-0.47449086710056493
1978-02-28,00:00:00,238.1,238.1,238.1,238.1,1,241.84,238.15,BEARISH_20_BAR_BREAKOUT,0.07139857202856612,-0.4535909281814297,-1.5497690046199066
1978-03-03,00:00:00,237.02,237.02,237.02,237.02,1,241.84,238.1,BEARISH_20_BAR_BREAKOUT,-0.25736224791157436,-1.1011728968019634,-1.2614969200911355
1978-03-06,00:00:00,236.41,236.41,236.41,236.41,1,241.84,237.02,BEARISH_20_BAR_BREAKOUT,-0.3553149189966598,-0.5879615921492265,-1.4212596759866272
1978-03-07,00:00:00,235.57,235.57,235.57,235.57,1,241.84,236.41,BEARISH_20_BAR_BREAKOUT,-0.49242263446109297,0.14008574945876492,-1.069745723139611
1978-03-08,00:00:00,234.41,234.41,234.41,234.41,1,241.58,235.57,BEARISH_20_BAR_BREAKOUT,0.26022780598097933,-0.16210912503732583,0.5204556119619466
1978-03-13,00:00:00,234.03,234.03,234.03,234.03,1,241.58,234.41,BEARISH_20_BAR_BREAKOUT,-0.41874973294021695,0.6836730333717875,-1.452805195915056
1978-03-14,00:00:00,233.05,233.05,233.05,233.05,1,241.58,234.03,BEARISH_20_BAR_BREAKOUT,0.0,-0.879639562325686,-1.1542587427590634
1978-03-17,00:00:00,231.0,231.0,231.0,231.0,1,240.21,233.05,BEARISH_20_BAR_BREAKOUT,0.06926406926406779,-0.27705627705627117,-2.4978354978355024
1978-03-21,00:00:00,230.63,230.63,230.63,230.63,1,240.21,231.0,BEARISH_20_BAR_BREAKOUT,-0.11707063261500318,-1.140354680657328,-3.624853661709225
1978-03-22,00:00:00,230.36,230.36,230.36,230.36,1,240.21,230.63,BEARISH_20_BAR_BREAKOUT,-0.14759506858829805,-2.2269491231116616,-3.468484111824973
1978-03-23,00:00:00,230.02,230.02,230.02,230.02,1,240.21,230.36,BEARISH_20_BAR_BREAKOUT,-0.8781845056951614,-2.173724023997913,-0.056516824623956116
1978-03-24,00:00:00,228.0,228.0,228.0,228.0,1,240.21,230.02,BEARISH_20_BAR_BREAKOUT,-1.2149122807017587,-2.5131578947368376,-4.236842105263157
1978-03-27,00:00:00,225.23,225.23,225.23,225.23,1,239.23,228.0,BEARISH_20_BAR_BREAKOUT,-0.09323802335389582,-1.2698130799626983,-2.632864183279305
1978-03-28,00:00:00,225.02,225.02,225.02,225.02,1,238.41,225.23,BEARISH_20_BAR_BREAKOUT,-1.2221135899031197,2.1642520664829688,-2.6930939472046935
1978-03-29,00:00:00,222.27,222.27,222.27,222.27,1,238.41,225.02,BEARISH_20_BAR_BREAKOUT,0.04499032707967531,-1.7681198542313432,-1.637647905700281
1978-04-03,00:00:00,218.34,218.34,218.34,218.34,1,236.41,222.27,BEARISH_20_BAR_BREAKOUT,0.4396812311074507,0.1328203718970377,0.45342126957955897
1978-05-16,00:00:00,228.41,228.41,228.41,228.41,1,228.1,221.53,BULLISH_20_BAR_BREAKOUT,-0.20139223326474673,-0.17950177312726964,0.0
1978-05-22,00:00:00,228.83,228.83,228.83,228.83,1,228.41,222.22,BULLISH_20_BAR_BREAKOUT,0.09177118384826269,-1.306646855744443,-3.273172223921692
1978-05-23,00:00:00,229.04,229.04,229.04,229.04,1,228.83,222.22,BULLISH_20_BAR_BREAKOUT,-0.27506112469437455,-1.4669926650366685,-3.287635347537549
1978-05-31,00:00:00,221.34,221.34,221.34,221.34,1,229.04,224.59,BEARISH_20_BAR_BREAKOUT,0.07680491551458729,-0.15812776723592406,-0.19878919309659243
1978-06-02,00:00:00,221.24,221.24,221.24,221.24,1,229.04,221.34,BEARISH_20_BAR_BREAKOUT,-0.1129994576026035,-0.1129994576026035,-1.4599529922256456
1978-06-05,00:00:00,220.99,220.99,220.99,220.99,1,229.04,221.24,BEARISH_20_BAR_BREAKOUT,0.0,-0.040725824697951676,-1.8417122946739768
1978-06-08,00:00:00,220.9,220.9,220.9,220.9,1,229.04,220.99,BEARISH_20_BAR_BREAKOUT,-0.13580805794477654,-1.801720235400642,-2.267994567677691
1978-06-09,00:00:00,220.6,220.6,220.6,220.6,1,229.04,220.9,BEARISH_20_BAR_BREAKOUT,-1.1740707162284694,-2.366273798730734,-3.2230281051677174
1978-06-12,00:00:00,218.01,218.01,218.01,218.01,1,229.04,220.6,BEARISH_20_BAR_BREAKOUT,-0.4999770652722368,-0.8439979817439583,-3.146644649328006
1978-06-13,00:00:00,216.92,216.92,216.92,216.92,1,229.04,218.01,BEARISH_20_BAR_BREAKOUT,-0.7099391480730186,-0.4748294302046843,-2.8858565369721516
1978-06-14,00:00:00,215.38,215.38,215.38,215.38,1,229.04,216.92,BEARISH_20_BAR_BREAKOUT,0.3667935741480138,-0.8775188039743645,-1.987185439687994
1978-06-19,00:00:00,213.49,213.49,213.49,213.49,1,229.04,215.38,BEARISH_20_BAR_BREAKOUT,-1.096070073539746,-1.1194903742564124,-3.541149468359175
1978-06-20,00:00:00,211.15,211.15,211.15,211.15,1,229.04,213.49,BEARISH_20_BAR_BREAKOUT,-0.23206251479990958,-1.7428368458441899,-2.453232299313288
1978-06-21,00:00:00,210.66,210.66,210.66,210.66,1,229.04,211.15,BEARISH_20_BAR_BREAKOUT,0.20886736922054389,-2.1836134054875127,-2.58710718693629
1978-06-23,00:00:00,207.47,207.47,207.47,207.47,1,225.84,210.66,BEARISH_20_BAR_BREAKOUT,-0.679616330071816,-0.7229960958210826,-2.4292668819588337
1978-06-26,00:00:00,206.06,206.06,206.06,206.06,1,225.68,207.47,BEARISH_20_BAR_BREAKOUT,-0.06308842084829441,-0.41250121323885974,-2.1595651751916862
1978-06-27,00:00:00,205.93,205.93,205.93,205.93,1,225.05,206.06,BEARISH_20_BAR_BREAKOUT,0.019424076142374614,-1.078036225902005,-1.3791094061088736
1978-06-29,00:00:00,205.21,205.21,205.21,205.21,1,221.51,205.93,BEARISH_20_BAR_BREAKOUT,-0.7309585302860484,-1.7543004726865135,-1.715316017737932
1978-06-30,00:00:00,203.71,203.71,203.71,203.71,1,221.24,205.21,BEARISH_20_BAR_BREAKOUT,-0.628344214815179,-0.3043542290511043,-0.4172598301507016
1978-07-03,00:00:00,202.43,202.43,202.43,202.43,1,220.99,203.71,BEARISH_20_BAR_BREAKOUT,-0.4050782986711422,-0.03951983401670331,0.4248382156794868
1978-07-05,00:00:00,201.61,201.61,201.61,201.61,1,220.99,202.43,BEARISH_20_BAR_BREAKOUT,0.7340905709042159,0.039680571400220264,0.5158474282029621
1978-07-19,00:00:00,201.53,201.53,201.53,201.53,1,211.15,201.61,BEARISH_20_BAR_BREAKOUT,0.019848161564031182,-1.741676177244078,-3.9100878281149187
1978-07-21,00:00:00,200.94,200.94,200.94,200.94,1,211.1,201.53,BEARISH_20_BAR_BREAKOUT,-1.4531701005275144,-3.4040011943863857,-5.87239972130985
1978-07-24,00:00:00,198.02,198.02,198.02,198.02,1,207.47,200.94,BEARISH_20_BAR_BREAKOUT,-1.2877487122512934,-2.206847793152209,-5.782244217755791
1978-07-25,00:00:00,195.47,195.47,195.47,195.47,1,206.06,198.02,BEARISH_20_BAR_BREAKOUT,-0.7008748145495496,-2.4965467846728377,-4.696372844937845
1978-07-26,00:00:00,194.1,194.1,194.1,194.1,1,205.97,195.47,BEARISH_20_BAR_BREAKOUT,-0.23183925811436817,-2.555383822771771,-2.977846470891294
1978-07-27,00:00:00,193.65,193.65,193.65,193.65,1,205.97,194.1,BEARISH_20_BAR_BREAKOUT,-1.5801704105344705,-3.65608055770721,-1.7867286341337507
1978-07-28,00:00:00,190.59,190.59,190.59,190.59,1,205.21,193.65,BEARISH_20_BAR_BREAKOUT,-0.7607954247337305,-2.2561519492103526,-0.9444356996694535
1978-07-31,00:00:00,189.14,189.14,189.14,189.14,1,203.79,190.59,BEARISH_20_BAR_BREAKOUT,-1.3587818547107926,-0.43354129216453063,-0.951676007190432
1978-08-01,00:00:00,186.57,186.57,186.57,186.57,1,203.79,189.14,BEARISH_20_BAR_BREAKOUT,-0.15007771881867457,1.9402905075842871,0.5627914455700335
1978-08-02,00:00:00,186.29,186.29,186.29,186.29,1,203.79,186.57,BEARISH_20_BAR_BREAKOUT,1.0896988566213974,1.3419936657898974,0.20398303720006197
1978-08-11,00:00:00,185.53,185.53,185.53,185.53,1,203.79,186.29,BEARISH_20_BAR_BREAKOUT,-0.9540236080418316,-0.479706785964542,4.031692987656977
1978-08-14,00:00:00,183.76,183.76,183.76,183.76,1,203.79,185.53,BEARISH_20_BAR_BREAKOUT,0.8326077492381373,2.4814976055724873,4.108619939050943
1978-08-28,00:00:00,193.35,193.35,193.35,193.35,1,193.01,183.76,BULLISH_20_BAR_BREAKOUT,-2.048099301784333,-1.4688388931988638,-1.7326092578225987
1978-09-20,00:00:00,188.8,188.8,188.8,188.8,1,193.35,189.07,BEARISH_20_BAR_BREAKOUT,-0.5561440677966162,-0.6091101694915284,0.21186440677964896
1978-09-21,00:00:00,187.75,187.75,187.75,187.75,1,193.35,188.8,BEARISH_20_BAR_BREAKOUT,0.2663115845539281,0.7456724367510017,0.7669773635153118
1978-09-25,00:00:00,187.65,187.65,187.65,187.65,1,193.35,187.75,BEARISH_20_BAR_BREAKOUT,0.7993605115907274,0.8260058619770759,-0.07993605115907576
1978-10-03,00:00:00,187.5,187.5,187.5,187.5,1,192.9,187.65,BEARISH_20_BAR_BREAKOUT,-0.26666666666666666,0.480000000000003,-0.480000000000003
1978-10-04,00:00:00,187.0,187.0,187.0,187.0,1,192.9,187.5,BEARISH_20_BAR_BREAKOUT,0.1604278074866371,0.48128342245989614,-0.588235294117644
1978-10-11,00:00:00,185.85,185.85,185.85,185.85,1,191.5,187.0,BEARISH_20_BAR_BREAKOUT,0.4035512510088782,-1.0761366693570082,-1.3989776701641077
1978-10-16,00:00:00,183.85,183.85,183.85,183.85,1,190.8,185.85,BEARISH_20_BAR_BREAKOUT,-0.8702746804460127,-0.32635300516725285,-0.7070981778623786
1978-10-17,00:00:00,182.25,182.25,182.25,182.25,1,190.8,183.85,BEARISH_20_BAR_BREAKOUT,0.0274348422496633,-0.24691358024690732,-1.4814814814814752
1978-10-20,00:00:00,181.8,181.8,181.8,181.8,1,189.2,182.25,BEARISH_20_BAR_BREAKOUT,-0.1375137513751375,-1.2376237623762376,-2.6127612761276127
1978-10-23,00:00:00,181.55,181.55,181.55,181.55,1,189.2,181.8,BEARISH_20_BAR_BREAKOUT,0.5508124483613329,-1.7901404571743318,-1.1291655191407388
1978-10-25,00:00:00,179.55,179.55,179.55,179.55,1,189.2,181.55,BEARISH_20_BAR_BREAKOUT,-0.6961849067112225,-1.392369813422445,4.622667780562508
1978-10-26,00:00:00,178.3,178.3,178.3,178.3,1,189.2,179.55,BEARISH_20_BAR_BREAKOUT,0.39259674705551795,0.6730229949523211,6.001121704991581
1978-10-30,00:00:00,177.05,177.05,177.05,177.05,1,189.19,178.3,BEARISH_20_BAR_BREAKOUT,1.3837898898616146,6.099971759389993,5.761084439423884
1978-11-03,00:00:00,189.0,189.0,189.0,189.0,1,188.4,177.05,BULLISH_20_BAR_BREAKOUT,0.6613756613756614,-0.582010582010579,-0.02645502645503247
1978-11-06,00:00:00,190.25,190.25,190.25,190.25,1,189.0,177.05,BULLISH_20_BAR_BREAKOUT,-1.5768725361366622,-0.8672798948751672,0.39421813403416556
1978-11-15,00:00:00,191.0,191.0,191.0,191.0,1,190.25,177.05,BULLISH_20_BAR_BREAKOUT,1.6230366492146566,1.9895287958115244,2.120418848167545
1978-11-16,00:00:00,194.1,194.1,194.1,194.1,1,191.0,177.05,BULLISH_20_BAR_BREAKOUT,0.7727975270479135,0.463678516228751,0.9788768675940267
1978-11-17,00:00:00,195.6,195.6,195.6,195.6,1,194.1,177.05,BULLISH_20_BAR_BREAKOUT,-0.40899795501021624,-0.7157464212678966,0.5879345603272014
1978-11-27,00:00:00,196.0,196.0,196.0,196.0,1,195.6,177.05,BULLISH_20_BAR_BREAKOUT,0.3826530612244898,1.5816326530612217,0.7653061224489796
1978-11-28,00:00:00,196.75,196.75,196.75,196.75,1,196.0,177.05,BULLISH_20_BAR_BREAKOUT,0.12706480304955528,2.515883100381189,0.4066073697585827
1978-11-29,00:00:00,197.0,197.0,197.0,197.0,1,196.75,177.05,BULLISH_20_BAR_BREAKOUT,1.0659898477157332,0.32994923857868313,0.8375634517766526
1978-11-30,00:00:00,199.1,199.1,199.1,199.1,1,197.0,179.5,BULLISH_20_BAR_BREAKOUT,1.3058764439979882,-0.80361627322953,-0.5022601707684581
1978-12-01,00:00:00,201.7,201.7,201.7,201.7,1,199.1,186.0,BULLISH_20_BAR_BREAKOUT,-2.0079325731284,-2.0575111551809506,-2.8259791769955322
1979-01-25,00:00:00,199.0,199.0,199.0,199.0,1,198.25,194.58,BULLISH_20_BAR_BREAKOUT,0.2763819095477444,0.8793969849246231,1.3065326633165801
1979-01-26,00:00:00,199.55,199.55,199.55,199.55,1,199.0,194.58,BULLISH_20_BAR_BREAKOUT,0.27562014532697715,1.3279879729391015,0.1503382610874382
1979-01-29,00:00:00,200.1,200.1,200.1,200.1,1,199.55,194.58,BULLISH_20_BAR_BREAKOUT,0.32483758120939815,1.3243378310844607,-0.5247376311843993
1979-01-30,00:00:00,200.75,200.75,200.75,200.75,1,200.1,194.58,BULLISH_20_BAR_BREAKOUT,0.7222914072229084,0.4234122042341192,-2.3661270236612704
1979-01-31,00:00:00,202.2,202.2,202.2,202.2,1,200.75,195.65,BULLISH_20_BAR_BREAKOUT,0.2720079129574735,-1.1622156280909963,-2.225519287833828
1979-02-01,00:00:00,202.75,202.75,202.75,202.75,1,202.2,195.65,BULLISH_20_BAR_BREAKOUT,-0.567200986436501,-1.8249075215782926,-1.9482120838470969
1979-02-07,00:00:00,196.0,196.0,196.0,196.0,1,202.75,196.65,BEARISH_20_BAR_BREAKOUT,0.8673469387755045,1.8877551020408105,2.3979591836734633
1979-03-01,00:00:00,203.75,203.75,203.75,203.75,1,202.75,196.0,BULLISH_20_BAR_BREAKOUT,0.5644171779141133,0.36809815950920244,0.46625766871165086
1979-03-02,00:00:00,204.9,204.9,204.9,204.9,1,203.75,196.0,BULLISH_20_BAR_BREAKOUT,-0.08296730112250654,-0.4392386530014669,0.40507564665689805
1979-03-12,00:00:00,205.73,205.73,205.73,205.73,1,204.9,197.7,BULLISH_20_BAR_BREAKOUT,1.4193360229426997,0.5930102561609872,0.6999465318621483
1979-03-13,00:00:00,208.65,208.65,208.65,208.65,1,205.73,198.8,BULLISH_20_BAR_BREAKOUT,-0.6566019650131821,-0.5751258087706768,-0.8147615624251221
1979-03-30,00:00:00,209.58,209.58,209.58,209.58,1,208.65,204.0,BULLISH_20_BAR_BREAKOUT,0.9876896650443711,2.7197251646149385,1.8704074816299203
1979-04-02,00:00:00,211.65,211.65,211.65,211.65,1,209.58,204.0,BULLISH_20_BAR_BREAKOUT,1.2993149066855658,1.6914717694306562,0.5197259626742237
1979-04-03,00:00:00,214.4,214.4,214.4,214.4,1,211.65,204.0,BULLISH_20_BAR_BREAKOUT,0.41044776119402776,0.23320895522388058,-0.41977611940298765
1979-04-04,00:00:00,215.28,215.28,215.28,215.28,1,214.4,204.0,BULLISH_20_BAR_BREAKOUT,-0.023225566703832856,-0.8268301746562621,0.21832032701597867
1979-04-12,00:00:00,215.75,215.75,215.75,215.75,1,215.28,205.5,BULLISH_20_BAR_BREAKOUT,0.06952491309386127,1.0428736964078795,1.181923522595602
1979-04-13,00:00:00,215.9,215.9,215.9,215.9,1,215.75,205.5,BULLISH_20_BAR_BREAKOUT,0.25474756831865814,-0.2315886984715146,1.1347846225104163
1979-04-16,00:00:00,216.45,216.45,216.45,216.45,1,215.9,205.5,BULLISH_20_BAR_BREAKOUT,0.7161007161007215,-0.12474012474011634,0.924000924000924
1979-04-17,00:00:00,218.0,218.0,218.0,218.0,1,216.45,205.5,BULLISH_20_BAR_BREAKOUT,-1.192660550458713,0.1376146788990878,0.09174311926604983
1979-04-20,00:00:00,218.3,218.3,218.3,218.3,1,218.0,205.9,BULLISH_20_BAR_BREAKOUT,0.022904260192387973,-0.04580852038480199,1.603298213467705
1979-04-23,00:00:00,218.35,218.35,218.35,218.35,1,218.3,206.8,BULLISH_20_BAR_BREAKOUT,0.04579803068467796,-0.11449507671170141,2.770780856423179
1979-04-24,00:00:00,218.45,218.45,218.45,218.45,1,218.35,207.15,BULLISH_20_BAR_BREAKOUT,-0.11444266422522317,0.6637674525063022,2.9755092698558023
1979-04-27,00:00:00,219.9,219.9,219.9,219.9,1,218.45,209.58,BULLISH_20_BAR_BREAKOUT,0.8640291041382472,2.296498408367432,-2.3192360163710752
1979-04-30,00:00:00,221.8,221.8,221.8,221.8,1,219.9,211.65,BULLISH_20_BAR_BREAKOUT,1.172227231740304,1.3525698827772767,-2.9981965734896328
1979-05-01,00:00:00,224.4,224.4,224.4,224.4,1,221.8,212.75,BULLISH_20_BAR_BREAKOUT,0.2450980392156787,-1.2923351158645302,-5.0133689839572195
1979-05-02,00:00:00,224.95,224.95,224.95,224.95,1,224.4,212.75,BULLISH_20_BAR_BREAKOUT,-0.06668148477438421,-4.512113803067338,-4.609913314069783
1979-05-09,00:00:00,213.15,213.15,213.15,213.15,1,224.95,213.5,BEARISH_20_BAR_BREAKOUT,0.6708890452732849,0.3987802017358641,1.6654937837203767
1979-06-22,00:00:00,215.8,215.8,215.8,215.8,1,222.05,218.6,BEARISH_20_BAR_BREAKOUT,-1.1862835959221512,0.2780352177942513,1.1584800741427248
1979-06-25,00:00:00,213.24,213.24,213.24,213.24,1,222.05,215.8,BEARISH_20_BAR_BREAKOUT,1.2474207465766256,1.552241605702496,2.419808666291501
1979-08-17,00:00:00,217.3,217.3,217.3,217.3,1,217.1,214.4,BULLISH_20_BAR_BREAKOUT,0.03681546249424025,1.0124252185918032,1.6797054763000356
1979-08-20,00:00:00,217.38,217.38,217.38,217.38,1,217.3,214.4,BULLISH_20_BAR_BREAKOUT,0.21621124298463468,0.8004416229643982,1.4582758303431853
1979-08-21,00:00:00,217.85,217.85,217.85,217.85,1,217.38,214.4,BULLISH_20_BAR_BREAKOUT,0.7574018820289216,0.642644021115449,1.8728482901078782
1979-08-22,00:00:00,219.5,219.5,219.5,219.5,1,217.85,215.03,BULLISH_20_BAR_BREAKOUT,-0.1731207289293829,0.6605922551252795,0.20501138952163492
1979-08-27,00:00:00,220.95,220.95,220.95,220.95,1,219.5,215.8,BULLISH_20_BAR_BREAKOUT,-0.18103643358224814,-0.4525910839556461,0.2489250961756105
1979-08-29,00:00:00,221.93,221.93,221.93,221.93,1,220.95,215.9,BULLISH_20_BAR_BREAKOUT,-0.8921732077682234,-0.39652142567476023,-0.5091695579687268
1979-09-12,00:00:00,222.2,222.2,222.2,222.2,1,221.93,216.8,BULLISH_20_BAR_BREAKOUT,0.6300630063006326,0.5760576057605766,-0.8550855085508449
1979-09-13,00:00:00,223.6,223.6,223.6,223.6,1,222.2,216.85,BULLISH_20_BAR_BREAKOUT,-0.0894454382826425,0.08944543828265522,-0.5143112701252261
1979-09-18,00:00:00,223.8,223.8,223.8,223.8,1,223.6,217.38,BULLISH_20_BAR_BREAKOUT,-0.16532618409294214,-0.6032171581769539,-0.5361930294906242
1979-09-28,00:00:00,224.5,224.5,224.5,224.5,1,223.8,219.95,BULLISH_20_BAR_BREAKOUT,0.33407572383073497,-0.022271714922054063,0.6681514476614699
1979-10-01,00:00:00,225.25,225.25,225.25,225.25,1,224.5,220.3,BULLISH_20_BAR_BREAKOUT,0.04439511653717838,-0.8213096559378442,0.15538290788013068
1979-10-02,00:00:00,225.35,225.35,225.35,225.35,1,225.25,220.3,BULLISH_20_BAR_BREAKOUT,-0.39937874417572916,-0.5325049922342973,0.46594186820501954
1979-10-09,00:00:00,226.0,226.0,226.0,226.0,1,225.35,220.3,BULLISH_20_BAR_BREAKOUT,-0.1769911504424804,0.6637168141592921,3.5840707964601743
1979-10-11,00:00:00,226.4,226.4,226.4,226.4,1,226.0,220.3,BULLISH_20_BAR_BREAKOUT,0.4858657243816229,2.4734982332155453,1.8772084805653708
1979-10-12,00:00:00,227.5,227.5,227.5,227.5,1,226.4,220.3,BULLISH_20_BAR_BREAKOUT,1.0109890109890158,2.9010989010988983,2.769230769230774
1979-10-15,00:00:00,229.8,229.8,229.8,229.8,1,227.5,220.3,BULLISH_20_BAR_BREAKOUT,0.9573542210617878,1.0356832027850285,2.4369016536118338
1979-10-16,00:00:00,232.0,232.0,232.0,232.0,1,229.8,220.3,BULLISH_20_BAR_BREAKOUT,0.9051724137931009,-0.5818965517241355,1.0775862068965518
1979-10-17,00:00:00,234.1,234.1,234.1,234.1,1,232.0,220.3,BULLISH_20_BAR_BREAKOUT,-0.8201623237932455,-0.12815036309268815,-0.08543357539512543
1979-10-23,00:00:00,235.4,235.4,235.4,235.4,1,234.1,222.6,BULLISH_20_BAR_BREAKOUT,-0.38232795242141276,-0.4672897196261658,1.040781648258279
1979-10-29,00:00:00,235.98,235.98,235.98,235.98,1,235.4,223.4,BULLISH_20_BAR_BREAKOUT,0.8983812187473534,0.9195694550385695,1.7882871429782181
1979-10-30,00:00:00,238.1,238.1,238.1,238.1,1,235.98,223.4,BULLISH_20_BAR_BREAKOUT,-0.10499790004199916,-1.4909701805963809,1.3439731205375964
1979-11-01,00:00:00,238.15,238.15,238.15,238.15,1,238.1,223.4,BULLISH_20_BAR_BREAKOUT,-1.5116523199664051,0.8608020155364194,3.5481839176989243
1979-11-07,00:00:00,240.2,240.2,240.2,240.2,1,238.15,225.6,BULLISH_20_BAR_BREAKOUT,0.4579517069109171,2.6644462947543737,2.622814321398839
1979-11-08,00:00:00,241.3,241.3,241.3,241.3,1,240.2,225.6,BULLISH_20_BAR_BREAKOUT,0.9324492333195192,0.8495648570244438,1.6369664318275956
1979-11-09,00:00:00,243.55,243.55,243.55,243.55,1,241.3,226.4,BULLISH_20_BAR_BREAKOUT,1.2523095873537191,1.4986655717511712,1.0880722644220806
1979-11-13,00:00:00,246.6,246.6,246.6,246.6,1,243.55,227.5,BULLISH_20_BAR_BREAKOUT,-1.3179237631792378,-0.040551500405512704,0.6082725060827251
1979-11-15,00:00:00,247.2,247.2,247.2,247.2,1,246.6,230.65,BULLISH_20_BAR_BREAKOUT,-0.2831715210355941,-0.40453074433656966,1.4765372168284814
1979-11-21,00:00:00,248.1,248.1,248.1,248.1,1,247.2,233.8,BULLISH_20_BAR_BREAKOUT,0.3627569528415984,0.5441354292623919,0.5844417573559118
1979-11-23,00:00:00,249.0,249.0,249.0,249.0,1,248.1,233.9,BULLISH_20_BAR_BREAKOUT,0.7429718875501985,-0.020080321285145128,-0.04417670682731471
1979-11-26,00:00:00,250.85,250.85,250.85,250.85,1,249.0,233.9,BULLISH_20_BAR_BREAKOUT,-0.5581024516643435,-0.7972892166633447,-1.3354594379111
1979-12-10,00:00:00,232.65,232.65,232.65,232.65,1,250.85,240.2,BEARISH_20_BAR_BREAKOUT,0.27938964109177117,2.493015258972698,-0.47281323877068315
1980-01-07,00:00:00,231.55,231.55,231.55,231.55,1,250.85,232.65,BEARISH_20_BAR_BREAKOUT,1.3819909306845124,1.8354567048153747,3.498164543295182
1980-02-08,00:00:00,241.65,241.65,241.65,241.65,1,241.0,236.05,BULLISH_20_BAR_BREAKOUT,-0.10345541071798055,0.7200496585971365,1.82081522863646
1980-02-13,00:00:00,242.1,242.1,242.1,242.1,1,241.65,237.25,BULLISH_20_BAR_BREAKOUT,0.5328376703841355,1.3465510119785293,2.209830648492356
1980-02-14,00:00:00,243.39,243.39,243.39,243.39,1,242.1,237.25,BULLISH_20_BAR_BREAKOUT,-0.07806401249024107,1.0928961748633983,2.0378815892189523
1980-02-19,00:00:00,245.36,245.36,245.36,245.36,1,243.39,237.25,BULLISH_20_BAR_BREAKOUT,0.281219432670361,0.8518095859145643,1.259373981089002
1980-02-20,00:00:00,246.05,246.05,246.05,246.05,1,245.36,237.25,BULLISH_20_BAR_BREAKOUT,0.016256858362118286,0.9347693558219804,0.9550904287746369
1980-02-21,00:00:00,246.09,246.09,246.09,246.09,1,246.05,237.25,BULLISH_20_BAR_BREAKOUT,0.5526433418667906,0.8086472428786253,2.2593360152789637
1980-02-22,00:00:00,247.45,247.45,247.45,247.45,1,246.09,237.25,BULLISH_20_BAR_BREAKOUT,0.3637098403717946,0.404122044857547,0.1616488179430211
1980-02-25,00:00:00,248.35,248.35,248.35,248.35,1,247.45,239.33,BULLISH_20_BAR_BREAKOUT,-0.10871753573584934,0.020132876988126183,-0.785182202536738
1980-02-27,00:00:00,248.45,248.45,248.45,248.45,1,248.35,239.33,BULLISH_20_BAR_BREAKOUT,-0.02012477359629018,-0.2414972831555622,-0.140873415174077
1980-02-29,00:00:00,251.65,251.65,251.65,251.65,1,248.45,239.33,BULLISH_20_BAR_BREAKOUT,-1.5100337770713337,-1.8954897675342777,-1.4782435922908796
1980-03-31,00:00:00,249.95,249.95,249.95,249.95,1,249.9,246.4,BULLISH_20_BAR_BREAKOUT,1.88037607521505,2.900580116023205,3.3006601320264055
1980-04-01,00:00:00,254.65,254.65,254.65,254.65,1,249.95,246.4,BULLISH_20_BAR_BREAKOUT,0.981739642646759,1.6100530139407006,-1.1191831926173157
1980-04-02,00:00:00,257.15,257.15,257.15,257.15,1,254.65,246.88,BULLISH_20_BAR_BREAKOUT,0.019443904335995087,1.652731868559207,-2.9749173634065635
1980-04-03,00:00:00,257.2,257.2,257.2,257.2,1,257.15,247.3,BULLISH_20_BAR_BREAKOUT,0.6026438569206888,0.38880248833592534,-1.827371695178845
1980-04-04,00:00:00,258.75,258.75,258.75,258.75,1,257.2,247.3,BULLISH_20_BAR_BREAKOUT,1.024154589371972,-2.6859903381642467,-2.859903381642514
1980-04-07,00:00:00,261.4,261.4,261.4,261.4,1,258.75,247.3,BULLISH_20_BAR_BREAKOUT,-1.224177505738328,-4.5524100994644146,-3.328232593726086
1980-04-23,00:00:00,243.25,243.25,243.25,243.25,1,261.4,248.7,BEARISH_20_BAR_BREAKOUT,0.575539568345326,-0.8016443987666962,-1.1305241521068858
1980-04-28,00:00:00,241.3,241.3,241.3,241.3,1,261.4,243.25,BEARISH_20_BAR_BREAKOUT,-0.8288437629506838,-0.33153750518027825,-3.937007874015748
1980-04-29,00:00:00,239.3,239.3,239.3,239.3,1,261.4,241.3,BEARISH_20_BAR_BREAKOUT,0.02089427496865146,0.4387797743418232,-3.1132469703301364
1980-05-05,00:00:00,237.2,237.2,237.2,237.2,1,261.4,239.3,BEARISH_20_BAR_BREAKOUT,-2.2765598650927394,-1.5177065767284967,-3.9839797639123056
1980-05-06,00:00:00,231.8,231.8,231.8,231.8,1,258.2,237.2,BEARISH_20_BAR_BREAKOUT,0.021570319240717405,0.0,-1.9844693701466878
1980-05-12,00:00:00,226.8,226.8,226.8,226.8,1,252.7,231.8,BEARISH_20_BAR_BREAKOUT,0.4188712522045805,0.4409171075837742,-0.022045855379193725
1980-05-20,00:00:00,226.75,226.75,226.75,226.75,1,250.0,226.8,BEARISH_20_BAR_BREAKOUT,-1.0363836824696777,-2.4255788313120177,-1.3009922822491682
1980-05-21,00:00:00,224.4,224.4,224.4,224.4,1,246.0,226.75,BEARISH_20_BAR_BREAKOUT,-0.15597147950088874,-2.3172905525846774,-0.6238859180035676
1980-05-22,00:00:00,224.05,224.05,224.05,224.05,1,246.0,224.4,BEARISH_20_BAR_BREAKOUT,-1.2497210444097349,-0.2454809194376306,-0.22316447221602317
1980-05-23,00:00:00,221.25,221.25,221.25,221.25,1,246.0,224.05,BEARISH_20_BAR_BREAKOUT,-0.9265536723163893,1.152542372881361,0.6553672316384129
1980-05-27,00:00:00,219.2,219.2,219.2,219.2,1,241.3,221.25,BEARISH_20_BAR_BREAKOUT,1.9616788321167935,1.7335766423357717,1.003649635036504
1980-06-09,00:00:00,216.35,216.35,216.35,216.35,1,231.8,219.2,BEARISH_20_BAR_BREAKOUT,-0.2542177027963869,0.06933210076265574,-0.16177490177952128
1980-06-10,00:00:00,215.8,215.8,215.8,215.8,1,229.6,216.35,BEARISH_20_BAR_BREAKOUT,0.9036144578313201,0.09267840593141272,-0.02316960148285976
1980-06-18,00:00:00,215.75,215.75,215.75,215.75,1,226.75,215.8,BEARISH_20_BAR_BREAKOUT,0.2780996523754319,0.14831981460022858,0.6720741599072948
1980-07-18,00:00:00,220.27,220.27,220.27,220.27,1,219.9,216.07,BULLISH_20_BAR_BREAKOUT,0.049938711581234495,1.7614745539565058,3.236936487038632
1980-07-21,00:00:00,220.38,220.38,220.38,220.38,1,220.27,216.07,BULLISH_20_BAR_BREAKOUT,0.28133224430529297,1.2796079499047068,2.913150013612858
1980-07-22,00:00:00,221.0,221.0,221.0,221.0,1,220.38,216.07,BULLISH_20_BAR_BREAKOUT,1.4253393665158396,1.9909502262443466,2.7375565610859782
1980-07-23,00:00:00,224.15,224.15,224.15,224.15,1,221.0,216.6,BULLISH_20_BAR_BREAKOUT,-0.4238233325897912,1.4499219272808388,1.4499219272808388
1980-07-25,00:00:00,225.4,225.4,225.4,225.4,1,224.15,216.85,BULLISH_20_BAR_BREAKOUT,0.8873114463176575,0.7320319432120699,0.2883762200532412
1980-07-28,00:00:00,227.4,227.4,227.4,227.4,1,225.4,216.85,BULLISH_20_BAR_BREAKOUT,-0.2638522427440608,0.0,-0.5057167985927905
1980-08-26,00:00:00,219.4,219.4,219.4,219.4,1,227.4,222.9,BEARISH_20_BAR_BREAKOUT,0.12762078395624482,-0.13673655423883835,-1.0027347310847845
1980-08-28,00:00:00,218.0,218.0,218.0,218.0,1,227.4,219.4,BEARISH_20_BAR_BREAKOUT,0.5045871559633002,-0.596330275229363,-0.596330275229363
1980-09-02,00:00:00,215.93,215.93,215.93,215.93,1,226.3,218.0,BEARISH_20_BAR_BREAKOUT,0.3565970453387588,0.9586440050016177,0.28713008845459387
1980-09-11,00:00:00,214.47,214.47,214.47,214.47,1,226.3,215.93,BEARISH_20_BAR_BREAKOUT,-0.5921574112929595,-1.398797034550287,-1.7111950389331783
1980-09-12,00:00:00,213.2,213.2,213.2,213.2,1,226.3,214.47,BEARISH_20_BAR_BREAKOUT,-0.2579737335834817,-0.5863039399624767,0.7504690431519806
1980-09-15,00:00:00,212.65,212.65,212.65,212.65,1,226.3,213.2,BEARISH_20_BAR_BREAKOUT,-0.554902421819895,0.1551845755936911,2.5864095932283093
1980-09-16,00:00:00,211.47,211.47,211.47,211.47,1,226.3,212.65,BEARISH_20_BAR_BREAKOUT,0.22698255071640885,-0.3168298103749882,1.40918333569773
1980-09-19,00:00:00,210.8,210.8,210.8,210.8,1,224.75,211.47,BEARISH_20_BAR_BREAKOUT,1.8975332068311195,1.7314990512333859,0.7590132827324451
1980-10-01,00:00:00,208.5,208.5,208.5,208.5,1,218.15,210.8,BEARISH_20_BAR_BREAKOUT,-0.16786570743405005,-0.28776978417265914,0.21582733812949093
1980-10-02,00:00:00,208.15,208.15,208.15,208.15,1,218.15,208.5,BEARISH_20_BAR_BREAKOUT,-0.2642325246216725,0.33629594042757077,0.4083593562334827
1980-10-03,00:00:00,207.6,207.6,207.6,207.6,1,218.15,208.15,BEARISH_20_BAR_BREAKOUT,0.1445086705202367,0.36127167630057805,-0.5298651252408451
1980-10-14,00:00:00,206.5,206.5,206.5,206.5,1,218.15,207.6,BEARISH_20_BAR_BREAKOUT,0.3874092009685285,0.8232445520581059,1.3801452784503605
1980-10-27,00:00:00,213.75,213.75,213.75,213.75,1,212.75,206.5,BULLISH_20_BAR_BREAKOUT,-0.23391812865497078,-1.5204678362573099,-1.1228070175438623
1980-11-21,00:00:00,213.8,213.8,213.8,213.8,1,213.75,209.35,BULLISH_20_BAR_BREAKOUT,-0.21047708138447943,1.2394761459307657,1.286248830682881
1980-11-26,00:00:00,216.45,216.45,216.45,216.45,1,213.8,209.5,BULLISH_20_BAR_BREAKOUT,0.06930006930007193,0.04620004620005671,-2.2407022407022383
1980-11-28,00:00:00,216.6,216.6,216.6,216.6,1,216.45,209.5,BULLISH_20_BAR_BREAKOUT,0.577100646352724,-1.4081255771006385,-3.7396121883656486
1980-12-01,00:00:00,217.85,217.85,217.85,217.85,1,216.6,209.5,BULLISH_20_BAR_BREAKOUT,-0.5967408767500496,-3.144365389029146,-4.01652513197154
1980-12-08,00:00:00,208.5,208.5,208.5,208.5,1,217.85,209.5,BEARISH_20_BAR_BREAKOUT,0.28776978417265914,0.9352517985611456,-4.532374100719419
1981-01-02,00:00:00,202.5,202.5,202.5,202.5,1,217.85,208.5,BEARISH_20_BAR_BREAKOUT,-1.7037037037036982,-0.7160493827160438,0.7901234567901207
1981-01-05,00:00:00,199.05,199.05,199.05,199.05,1,217.85,202.5,BEARISH_20_BAR_BREAKOUT,0.3265511178095841,1.3313237879929551,2.135141924139663
1981-01-30,00:00:00,206.7,206.7,206.7,206.7,1,204.6,199.05,BULLISH_20_BAR_BREAKOUT,-1.7174649250120866,-1.838413159167868,-1.3546202225447426
1981-02-13,00:00:00,207.45,207.45,207.45,207.45,1,206.7,199.2,BULLISH_20_BAR_BREAKOUT,-0.31332851289466246,-0.31332851289466246,-0.2169197396963069
1981-02-23,00:00:00,208.05,208.05,208.05,208.05,1,207.45,200.85,BULLISH_20_BAR_BREAKOUT,-0.5046863734679218,-0.07209805335256221,0.26435952895937653
1981-02-27,00:00:00,209.7,209.7,209.7,209.7,1,208.05,202.9,BULLISH_20_BAR_BREAKOUT,0.6676204101096832,-0.5245588936576034,-1.764425369575579
1981-03-02,00:00:00,211.1,211.1,211.1,211.1,1,209.7,202.9,BULLISH_20_BAR_BREAKOUT,-1.1842728564661298,-1.0421601136901888,-1.9422074846044504
1981-03-26,00:00:00,211.45,211.45,211.45,211.45,1,211.1,206.0,BULLISH_20_BAR_BREAKOUT,0.16552376448334014,-0.09458500827618285,0.8276188224166471
1981-03-27,00:00:00,211.8,211.8,211.8,211.8,1,211.45,206.0,BULLISH_20_BAR_BREAKOUT,-0.18885741265344932,0.28328611898016726,1.0387157695939513
1981-04-01,00:00:00,212.4,212.4,212.4,212.4,1,211.8,206.0,BULLISH_20_BAR_BREAKOUT,0.6591337099811703,0.7532956685499032,0.8003766478342696
1981-04-02,00:00:00,213.8,213.8,213.8,213.8,1,212.4,206.0,BULLISH_20_BAR_BREAKOUT,-0.2806361085126392,-0.32740879326474137,0.6407857811038241
1981-04-06,00:00:00,214.0,214.0,214.0,214.0,1,213.8,206.0,BULLISH_20_BAR_BREAKOUT,-0.420560747663554,0.04672897196261417,0.5700934579439247
1981-04-09,00:00:00,214.1,214.1,214.1,214.1,1,214.0,207.27,BULLISH_20_BAR_BREAKOUT,0.49976646426903,0.5231200373657191,1.5880429705745005
1981-04-10,00:00:00,215.17,215.17,215.17,215.17,1,214.1,207.27,BULLISH_20_BAR_BREAKOUT,0.5019287075335839,0.7110656690059028,1.4081888739136503
1981-04-13,00:00:00,216.25,216.25,216.25,216.25,1,215.17,207.27,BULLISH_20_BAR_BREAKOUT,-0.4763005780346826,0.2543352601156122,0.9710982658959512
1981-04-15,00:00:00,216.7,216.7,216.7,216.7,1,216.25,207.6,BULLISH_20_BAR_BREAKOUT,0.046146746654371365,0.6922011998154131,-0.6922011998154131
1981-04-16,00:00:00,216.8,216.8,216.8,216.8,1,216.7,208.25,BULLISH_20_BAR_BREAKOUT,0.32287822878228256,0.7149446494464866,-1.1531365313653137
1981-04-17,00:00:00,217.5,217.5,217.5,217.5,1,216.8,208.25,BULLISH_20_BAR_BREAKOUT,0.3218390804597649,-0.2988505747126463,-2.482758620689658
1981-04-20,00:00:00,218.2,218.2,218.2,218.2,1,217.5,208.55,BULLISH_20_BAR_BREAKOUT,0.06874427131072672,-1.3748854262144823,-2.7039413382218047
1981-04-21,00:00:00,218.35,218.35,218.35,218.35,1,218.2,208.55,BULLISH_20_BAR_BREAKOUT,-0.6869704602702085,-1.854820242729555,-1.671628119990843
1981-05-12,00:00:00,219.75,219.75,219.75,219.75,1,218.35,212.1,BULLISH_20_BAR_BREAKOUT,0.31854379977246355,1.5017064846416432,0.47781569965870824
1981-05-13,00:00:00,220.45,220.45,220.45,220.45,1,219.75,212.1,BULLISH_20_BAR_BREAKOUT,0.8618734406895013,0.6894987525516036,0.929916080743938
1981-05-14,00:00:00,222.35,222.35,222.35,222.35,1,220.45,212.1,BULLISH_20_BAR_BREAKOUT,0.3148189790870326,-0.6071508882392599,0.06746120980436504
1981-05-15,00:00:00,223.05,223.05,223.05,223.05,1,222.35,212.1,BULLISH_20_BAR_BREAKOUT,-0.4841963685272416,-1.0087424344317417,0.5828289621161098
1981-05-26,00:00:00,224.35,224.35,224.35,224.35,1,223.05,212.1,BULLISH_20_BAR_BREAKOUT,0.2674392689993289,-0.2005794517494935,-0.4234455092489363
1981-05-27,00:00:00,224.95,224.95,224.95,224.95,1,224.35,212.3,BULLISH_20_BAR_BREAKOUT,-0.42231607023782564,-1.0891309179817688,0.644587686152486
1981-06-04,00:00:00,226.4,226.4,226.4,226.4,1,224.95,216.9,BULLISH_20_BAR_BREAKOUT,0.6183745583038894,0.7508833922261433,-0.9938162544169611
1981-06-05,00:00:00,227.8,227.8,227.8,227.8,1,226.4,217.6,BULLISH_20_BAR_BREAKOUT,0.04389815627743385,-1.0316066725197641,-3.555750658472354
1981-06-08,00:00:00,227.9,227.9,227.9,227.9,1,227.8,217.6,BULLISH_20_BAR_BREAKOUT,0.08775778850372472,-0.7898200965335724,-3.400614304519526
1981-06-09,00:00:00,228.1,228.1,228.1,228.1,1,227.9,217.95,BULLISH_20_BAR_BREAKOUT,-1.1617711530030712,-1.7316966242875882,-3.1565103024988996
1981-06-15,00:00:00,219.7,219.7,219.7,219.7,1,228.1,220.8,BEARISH_20_BAR_BREAKOUT,0.20482476103778655,1.0923987255348229,0.955848884842978
1981-07-01,00:00:00,228.25,228.25,228.25,228.25,1,228.1,219.7,BULLISH_20_BAR_BREAKOUT,-0.6571741511500547,0.6922234392113965,0.2628696604600194
1981-07-03,00:00:00,228.5,228.5,228.5,228.5,1,228.25,219.7,BULLISH_20_BAR_BREAKOUT,0.5820568927789989,0.4157549234135618,-0.08752735229758803
1981-07-06,00:00:00,229.83,229.83,229.83,229.83,1,228.5,219.7,BULLISH_20_BAR_BREAKOUT,-0.4699125440543064,-0.4264021233085403,0.5090719227254873
1981-07-14,00:00:00,231.0,231.0,231.0,231.0,1,229.83,220.15,BULLISH_20_BAR_BREAKOUT,-0.17316017316017562,0.41991341991341946,1.5151515151515151
1981-07-16,00:00:00,231.28,231.28,231.28,231.28,1,231.0,221.8,BULLISH_20_BAR_BREAKOUT,0.29833967485299107,1.3273953649256285,1.4008993427879666
1981-07-17,00:00:00,231.97,231.97,231.97,231.97,1,231.28,221.8,BULLISH_20_BAR_BREAKOUT,0.44402293400008674,1.0906582747769114,1.7804026382721883
1981-07-20,00:00:00,233.0,233.0,233.0,233.0,1,231.97,221.8,BULLISH_20_BAR_BREAKOUT,0.5793991416308988,0.8154506437768265,1.8240343347639485
1981-07-21,00:00:00,234.35,234.35,234.35,234.35,1,233.0,221.8,BULLISH_20_BAR_BREAKOUT,0.06400682739492455,0.0725410710475852,1.4934926392148495
1981-07-22,00:00:00,234.5,234.5,234.5,234.5,1,234.35,222.8,BULLISH_20_BAR_BREAKOUT,0.17057569296375508,0.6823027718550082,1.833688699360346
1981-07-23,00:00:00,234.9,234.9,234.9,234.9,1,234.5,224.85,BULLISH_20_BAR_BREAKOUT,-0.16177096636866556,1.0004257130693888,2.3414218816517667
1981-07-27,00:00:00,236.1,236.1,236.1,236.1,1,234.9,225.85,BULLISH_20_BAR_BREAKOUT,0.48708174502329765,1.1435832274460047,4.235493434985176
1981-07-28,00:00:00,237.25,237.25,237.25,237.25,1,236.1,226.75,BULLISH_20_BAR_BREAKOUT,0.25289778714436006,1.3277133825079053,1.5384615384615408
1981-07-29,00:00:00,237.85,237.85,237.85,237.85,1,237.25,226.75,BULLISH_20_BAR_BREAKOUT,0.3994113937355548,3.174269497582515,0.8618877443767128
1981-07-30,00:00:00,238.8,238.8,238.8,238.8,1,237.85,226.75,BULLISH_20_BAR_BREAKOUT,0.6700167504187581,3.0569514237855873,-1.633165829145731
1981-07-31,00:00:00,240.4,240.4,240.4,240.4,1,238.8,228.3,BULLISH_20_BAR_BREAKOUT,2.0798668885191347,0.20798668885191346,-1.7886855241264605
1981-08-03,00:00:00,245.4,245.4,245.4,245.4,1,240.4,228.3,BULLISH_20_BAR_BREAKOUT,0.2852485737571266,-2.2412387938060307,-3.932355338223311
1981-08-04,00:00:00,246.1,246.1,246.1,246.1,1,245.4,228.3,BULLISH_20_BAR_BREAKOUT,-2.1129622104835386,-4.5509955302722425,-6.460788297440068
1981-08-12,00:00:00,230.2,230.2,230.2,230.2,1,246.1,230.6,BEARISH_20_BAR_BREAKOUT,0.6516072980017377,-0.17376194613378682,-0.5647263249348319
1981-08-17,00:00:00,229.8,229.8,229.8,229.8,1,246.1,230.2,BEARISH_20_BAR_BREAKOUT,-0.26109660574413524,-0.39164490861619045,0.34812880765882637
1981-08-18,00:00:00,229.2,229.2,229.2,229.2,1,246.1,229.8,BEARISH_20_BAR_BREAKOUT,0.5017452006980828,-0.8507853403141311,0.3926701570680653
1981-08-20,00:00:00,228.9,228.9,228.9,228.9,1,246.1,229.2,BEARISH_20_BAR_BREAKOUT,-0.7208387942332921,0.7426823940585359,0.08737439930099984
1981-08-21,00:00:00,227.25,227.25,227.25,227.25,1,246.1,228.9,BEARISH_20_BAR_BREAKOUT,0.5060506050605086,1.2541254125412515,1.4301430143014302
1981-09-15,00:00:00,225.7,225.7,225.7,225.7,1,233.8,227.25,BEARISH_20_BAR_BREAKOUT,0.5538325210456359,0.26583961010191526,0.9747452370403266
1981-09-21,00:00:00,224.2,224.2,224.2,224.2,1,233.8,225.7,BEARISH_20_BAR_BREAKOUT,1.1596788581623652,2.1855486173059795,3.434433541480828
1981-10-21,00:00:00,233.7,233.7,233.7,233.7,1,233.1,226.55,BULLISH_20_BAR_BREAKOUT,-0.021394950791605884,1.048352588789053,0.27813436029097377
1981-10-26,00:00:00,236.15,236.15,236.15,236.15,1,233.7,226.55,BULLISH_20_BAR_BREAKOUT,-0.5928435316536124,-0.7622273978403605,-3.7476180393817464
1981-11-16,00:00:00,225.7,225.7,225.7,225.7,1,236.15,226.78,BEARISH_20_BAR_BREAKOUT,-0.6424457244129325,-2.3925564909171366,-4.3420469649977775
1981-11-17,00:00:00,224.25,224.25,224.25,224.25,1,236.15,225.7,BEARISH_20_BAR_BREAKOUT,-0.9141583054626583,-2.4972129319955383,-3.4113712374581966
1981-11-18,00:00:00,222.2,222.2,222.2,222.2,1,236.15,224.25,BEARISH_20_BAR_BREAKOUT,-0.8550855085508449,-2.070207020702068,-2.9477947794779404
1981-11-19,00:00:00,220.3,220.3,220.3,220.3,1,236.15,222.2,BEARISH_20_BAR_BREAKOUT,-0.7489786654561986,-1.9972764412165254,-2.7689514298683715
1981-11-20,00:00:00,218.65,218.65,218.65,218.65,1,236.15,220.3,BEARISH_20_BAR_BREAKOUT,-0.48021952892751496,-0.9375714612394288,-1.0290418477018064
1981-11-23,00:00:00,217.6,217.6,217.6,217.6,1,236.15,218.65,BEARISH_20_BAR_BREAKOUT,-0.7812499999999948,-0.8961397058823477,-1.3327205882352968
1981-11-24,00:00:00,215.9,215.9,215.9,215.9,1,236.15,217.6,BEARISH_20_BAR_BREAKOUT,0.32422417786011515,-0.7874015748031574,0.3473830477072719
1981-11-27,00:00:00,215.65,215.65,215.65,215.65,1,234.75,215.9,BEARISH_20_BAR_BREAKOUT,-0.6723858103408379,-0.4405286343612414,0.8810572687224696
1981-11-30,00:00:00,214.2,214.2,214.2,214.2,1,234.35,215.65,BEARISH_20_BAR_BREAKOUT,1.0270774976657409,1.1437908496732108,1.7740429505135442
1982-01-07,00:00:00,222.0,222.0,222.0,222.0,1,220.75,214.2,BULLISH_20_BAR_BREAKOUT,-0.27027027027026773,0.47297297297297813,1.1261261261261262
1982-01-11,00:00:00,223.3,223.3,223.3,223.3,1,222.0,214.2,BULLISH_20_BAR_BREAKOUT,-0.11195700850873264,0.5373936408419115,0.5373936408419115
1982-01-13,00:00:00,224.35,224.35,224.35,224.35,1,223.3,214.2,BULLISH_20_BAR_BREAKOUT,0.06685981724983539,0.44573211499888565,0.5794517494985565
1982-01-14,00:00:00,224.5,224.5,224.5,224.5,1,224.35,214.2,BULLISH_20_BAR_BREAKOUT,0.0,0.0,1.2917594654788442
1982-01-18,00:00:00,225.35,225.35,225.35,225.35,1,224.5,214.7,BULLISH_20_BAR_BREAKOUT,-0.3771910361659615,0.1331262480585806,1.286887064566233
1982-01-20,00:00:00,225.5,225.5,225.5,225.5,1,225.35,216.5,BULLISH_20_BAR_BREAKOUT,0.0665188470066544,1.7294900221729514,2.4390243902439024
1982-01-21,00:00:00,225.65,225.65,225.65,225.65,1,225.5,216.5,BULLISH_20_BAR_BREAKOUT,0.775537336583204,1.1522269000664722,1.17438510968314
1982-01-22,00:00:00,227.4,227.4,227.4,227.4,1,225.65,217.55,BULLISH_20_BAR_BREAKOUT,0.8795074758135444,0.9674582233948937,2.2867194371152104
1982-01-25,00:00:00,229.4,229.4,229.4,229.4,1,227.4,218.0,BULLISH_20_BAR_BREAKOUT,-0.501307759372278,0.6974716652135982,1.6782911944202241
1982-01-27,00:00:00,229.6,229.6,229.6,229.6,1,229.4,218.6,BULLISH_20_BAR_BREAKOUT,0.609756097560978,1.3066202090592334,1.5461672473867645
1982-01-28,00:00:00,231.0,231.0,231.0,231.0,1,229.6,218.75,BULLISH_20_BAR_BREAKOUT,-1.168831168831164,0.974025974025974,1.0822510822510822
1982-02-01,00:00:00,232.6,232.6,232.6,232.6,1,231.0,218.75,BULLISH_20_BAR_BREAKOUT,0.27944969905417266,0.23645743766122587,1.6766981943250239
1982-02-02,00:00:00,233.25,233.25,233.25,233.25,1,232.6,219.6,BULLISH_20_BAR_BREAKOUT,0.6645230439442706,0.10718113612004287,1.329046087888529
1982-02-03,00:00:00,234.8,234.8,234.8,234.8,1,233.25,219.6,BULLISH_20_BAR_BREAKOUT,-0.7027257240204453,-0.021294718909715234,0.40459965928449254
1982-02-09,00:00:00,236.5,236.5,236.5,236.5,1,234.8,223.05,BULLISH_20_BAR_BREAKOUT,-0.06342494714587978,1.7547568710359431,-1.2262156448202983
1982-02-16,00:00:00,240.65,240.65,240.65,240.65,1,236.5,224.5,BULLISH_20_BAR_BREAKOUT,-0.12466237274049922,-2.9295657594016253,-2.57635570330356
1982-03-16,00:00:00,241.6,241.6,241.6,241.6,1,240.65,232.1,BULLISH_20_BAR_BREAKOUT,-0.08278145695363767,0.9933774834437109,0.8278145695364238
1982-03-18,00:00:00,242.1,242.1,242.1,242.1,1,241.6,232.1,BULLISH_20_BAR_BREAKOUT,0.7847996695580362,1.1565468814539495,2.0652622883106155
1982-03-19,00:00:00,244.0,244.0,244.0,244.0,1,242.1,232.1,BULLISH_20_BAR_BREAKOUT,0.5327868852459063,-0.16393442622951052,1.3114754098360608
1982-03-22,00:00:00,245.3,245.3,245.3,245.3,1,244.0,232.1,BULLISH_20_BAR_BREAKOUT,-0.16306563391765416,0.02038320423969953,0.0
1982-03-25,00:00:00,245.35,245.35,245.35,245.35,1,245.3,233.9,BULLISH_20_BAR_BREAKOUT,0.7132667617689016,-0.02037905033624738,0.10189525168127166
1982-03-26,00:00:00,247.1,247.1,247.1,247.1,1,245.35,233.9,BULLISH_20_BAR_BREAKOUT,0.040469445568593415,0.465398624038853,0.5261027923917488
1982-03-29,00:00:00,247.2,247.2,247.2,247.2,1,247.1,233.9,BULLISH_20_BAR_BREAKOUT,-0.7686084142394731,-0.40453074433656966,0.4854368932038904
1982-03-31,00:00:00,248.25,248.25,248.25,248.25,1,247.2,233.9,BULLISH_20_BAR_BREAKOUT,-0.8257804632427035,0.060422960725077815,0.2014098690835851
1982-04-05,00:00:00,248.4,248.4,248.4,248.4,1,248.25,234.3,BULLISH_20_BAR_BREAKOUT,0.0,0.14090177133655166,-0.684380032206126
1982-04-08,00:00:00,248.75,248.75,248.75,248.75,1,248.4,239.4,BULLISH_20_BAR_BREAKOUT,-0.2814070351758748,-0.8241206030150799,-0.3819095477386889
1982-04-20,00:00:00,243.15,243.15,243.15,243.15,1,248.75,243.6,BEARISH_20_BAR_BREAKOUT,0.020563438206861174,-0.8225375282747275,-2.4264857084104485
1982-04-22,00:00:00,242.8,242.8,242.8,242.8,1,248.75,243.15,BEARISH_20_BAR_BREAKOUT,-0.6795716639209249,-1.976935749588143,-2.8624382207578325
1982-04-23,00:00:00,241.15,241.15,241.15,241.15,1,248.75,242.8,BEARISH_20_BAR_BREAKOUT,-1.1403690648973668,-1.6172506738544496,-1.8867924528301934
1982-04-26,00:00:00,238.4,238.4,238.4,238.4,1,248.75,241.15,BEARISH_20_BAR_BREAKOUT,-0.16778523489933125,-1.0486577181208054,-0.35654362416107144
1982-04-27,00:00:00,238.0,238.0,238.0,238.0,1,248.75,238.4,BEARISH_20_BAR_BREAKOUT,-0.31512605042016806,-0.9033613445378175,-1.6386554621848766
1982-04-28,00:00:00,237.25,237.25,237.25,237.25,1,248.75,238.0,BEARISH_20_BAR_BREAKOUT,-0.5690200210748132,-0.2739726027397284,-1.5595363540568972
1982-04-29,00:00:00,235.9,235.9,235.9,235.9,1,248.75,237.25,BEARISH_20_BAR_BREAKOUT,-0.021195421788898418,0.6994489190334912,-1.2632471386180661
1982-04-30,00:00:00,235.85,235.85,235.85,235.85,1,248.75,235.9,BEARISH_20_BAR_BREAKOUT,0.317998728005088,-0.741997032011872,-1.081195675217292
1982-05-05,00:00:00,234.1,234.1,234.1,234.1,1,248.75,235.85,BEARISH_20_BAR_BREAKOUT,-0.234942332336601,-0.3417343015805139,0.46988466467321416
1982-05-06,00:00:00,233.55,233.55,233.55,233.55,1,248.75,234.1,BEARISH_20_BAR_BREAKOUT,-0.2697495183044418,-0.2997216870049313,0.727895525583382
1982-05-07,00:00:00,232.92,232.92,232.92,232.92,1,248.4,233.55,BEARISH_20_BAR_BREAKOUT,0.1631461445990142,0.3778121243345457,1.6872746007212807
1982-05-11,00:00:00,232.85,232.85,232.85,232.85,1,248.4,232.92,BEARISH_20_BAR_BREAKOUT,0.40798797509126783,1.03070646338845,2.619712261112302
1982-05-25,00:00:00,240.2,240.2,240.2,240.2,1,238.95,232.85,BULLISH_20_BAR_BREAKOUT,0.08326394671108121,1.2905911740216582,1.2489592006661117
1982-05-26,00:00:00,240.4,240.4,240.4,240.4,1,240.2,232.85,BULLISH_20_BAR_BREAKOUT,1.0399334442595674,1.6222961730449275,1.3519134775374375
1982-05-27,00:00:00,242.9,242.9,242.9,242.9,1,240.4,232.85,BULLISH_20_BAR_BREAKOUT,0.16467682173734283,0.7410456978180251,1.1321531494442156
1982-05-28,00:00:00,243.3,243.3,243.3,243.3,1,242.9,232.85,BULLISH_20_BAR_BREAKOUT,0.4110152075626798,-0.04110152075627733,1.5207562679819107
1982-06-01,00:00:00,244.3,244.3,244.3,244.3,1,243.3,232.85,BULLISH_20_BAR_BREAKOUT,0.163733115022504,-0.2660663119115865,1.9033974621367078
1982-06-02,00:00:00,244.7,244.7,244.7,244.7,1,244.3,232.85,BULLISH_20_BAR_BREAKOUT,-0.6129955046996322,0.388230486309774,1.8798528810788817
1982-06-07,00:00:00,245.65,245.65,245.65,245.65,1,244.7,232.85,BULLISH_20_BAR_BREAKOUT,0.5495623855078341,1.485853857113782,2.4424994911459392
1982-06-08,00:00:00,247.0,247.0,247.0,247.0,1,245.65,232.85,BULLISH_20_BAR_BREAKOUT,0.7894736842105217,0.2226720647773325,2.3684210526315765
1982-06-09,00:00:00,248.95,248.95,248.95,248.95,1,247.0,232.85,BULLISH_20_BAR_BREAKOUT,0.1405904800160766,0.6828680457923347,2.229363325969075
1982-06-10,00:00:00,249.3,249.3,249.3,249.3,1,248.95,233.8,BULLISH_20_BAR_BREAKOUT,-0.7019655034095468,0.9426393902928175,2.346570397111911
1982-06-14,00:00:00,250.65,250.65,250.65,250.65,1,249.3,235.25,BULLISH_20_BAR_BREAKOUT,0.3989626969878316,1.5360063834031494,1.5360063834031494
1982-06-15,00:00:00,251.65,251.65,251.65,251.65,1,250.65,236.85,BULLISH_20_BAR_BREAKOUT,0.476852771706731,1.3908205841446453,1.7285912974369142
1982-06-16,00:00:00,252.85,252.85,252.85,252.85,1,251.65,237.25,BULLISH_20_BAR_BREAKOUT,0.6525608068024543,1.7006130116669893,-0.17797112912793697
1982-06-17,00:00:00,254.5,254.5,254.5,254.5,1,252.85,237.6,BULLISH_20_BAR_BREAKOUT,0.2554027504911614,0.0,1.2573673870333943
1982-06-18,00:00:00,255.15,255.15,255.15,255.15,1,254.5,237.6,BULLISH_20_BAR_BREAKOUT,0.7838526357044764,0.333137370174405,1.4893200078385196
1982-06-21,00:00:00,257.15,257.15,257.15,257.15,1,255.15,237.6,BULLISH_20_BAR_BREAKOUT,-1.0305269298074966,-1.8471709119191024,-0.6222049387516881
1982-06-25,00:00:00,257.7,257.7,257.7,257.7,1,257.15,242.9,BULLISH_20_BAR_BREAKOUT,0.48506014745828485,-1.047729918509891,0.0
1982-06-28,00:00:00,258.95,258.95,258.95,258.95,1,257.7,243.2,BULLISH_20_BAR_BREAKOUT,-1.3129947866383385,-1.1585248117397182,0.019308746862333026
1982-07-07,00:00:00,259.0,259.0,259.0,259.0,1,258.95,247.0,BULLISH_20_BAR_BREAKOUT,-0.44401544401543525,-1.833976833976834,-1.177606177606182
1982-07-21,00:00:00,252.05,252.05,252.05,252.05,1,259.0,252.4,BEARISH_20_BAR_BREAKOUT,-0.07934933544932238,-0.43642134497124485,1.8051973814719346
1982-07-22,00:00:00,251.85,251.85,251.85,251.85,1,259.0,252.05,BEARISH_20_BAR_BREAKOUT,-1.0522136192177907,0.17867778439548027,2.4816358943815877
1982-07-23,00:00:00,249.2,249.2,249.2,249.2,1,259.0,251.85,BEARISH_20_BAR_BREAKOUT,0.702247191011236,2.2471910112359645,2.969502407704669
1982-08-04,00:00:00,260.35,260.35,260.35,260.35,1,259.0,249.2,BULLISH_20_BAR_BREAKOUT,-0.19204916458613405,0.7489917418859184,1.0946802381409508
1982-08-09,00:00:00,262.3,262.3,262.3,262.3,1,260.35,249.2,BULLISH_20_BAR_BREAKOUT,0.6099885627144361,0.34311856652686895,0.6671749904689286
1982-08-10,00:00:00,263.9,263.9,263.9,263.9,1,262.3,249.2,BULLISH_20_BAR_BREAKOUT,-0.189465706707086,-0.6820765441454925,-1.7809776430466044
1982-08-16,00:00:00,264.05,264.05,264.05,264.05,1,263.9,249.2,BULLISH_20_BAR_BREAKOUT,0.0,-2.158682067790187,-4.752887710660864
1982-08-24,00:00:00,251.5,251.5,251.5,251.5,1,264.05,252.3,BEARISH_20_BAR_BREAKOUT,-0.19880715705765406,2.0278330019880806,3.0218687872763508
1982-08-25,00:00:00,251.0,251.0,251.0,251.0,1,264.05,251.5,BEARISH_20_BAR_BREAKOUT,0.876494023904378,3.964143426294816,2.071713147410354
1982-09-20,00:00:00,264.5,264.5,264.5,264.5,1,264.0,251.0,BULLISH_20_BAR_BREAKOUT,0.22684310018904452,0.17013232514177262,2.0793950850661624
1982-09-21,00:00:00,265.1,265.1,265.1,265.1,1,264.5,251.0,BULLISH_20_BAR_BREAKOUT,-0.9241795548849661,0.43379856657864097,1.4145605431912485
1982-09-24,00:00:00,266.25,266.25,266.25,266.25,1,265.1,253.2,BULLISH_20_BAR_BREAKOUT,1.3333333333333375,0.9765258215962527,2.7230046948356805
1982-09-27,00:00:00,269.8,269.8,269.8,269.8,1,266.25,256.2,BULLISH_20_BAR_BREAKOUT,0.07412898443290905,-0.5559673832468495,1.4825796886582654
1982-09-28,00:00:00,270.0,270.0,270.0,270.0,1,269.8,256.2,BULLISH_20_BAR_BREAKOUT,-0.42592592592591755,-0.4074074074074159,1.4629629629629588
1982-10-04,00:00:00,273.5,273.5,273.5,273.5,1,270.0,257.45,BULLISH_20_BAR_BREAKOUT,0.10968921389397125,-1.2431444241316187,-2.504570383912257
1982-10-05,00:00:00,273.8,273.8,273.8,273.8,1,273.5,257.45,BULLISH_20_BAR_BREAKOUT,0.054784514243965396,-2.227903579254939,-1.9357195032870749
1982-10-06,00:00:00,273.95,273.95,273.95,273.95,1,273.8,258.65,BULLISH_20_BAR_BREAKOUT,-1.4053659426902596,-4.143091805073906,-1.5513779886840666
1982-10-12,00:00:00,262.6,262.6,262.6,262.6,1,273.95,262.65,BEARISH_20_BAR_BREAKOUT,1.5422696115765249,2.7037319116526906,2.970297029702953
1982-10-25,00:00:00,276.55,276.55,276.55,276.55,1,273.95,262.6,BULLISH_20_BAR_BREAKOUT,-0.1807991321641656,0.3254384378954899,-0.010847947929860624
1982-10-28,00:00:00,277.45,277.45,277.45,277.45,1,276.55,262.6,BULLISH_20_BAR_BREAKOUT,-0.1261488556496543,-0.33519553072625946,-0.5226166876914718
1982-11-04,00:00:00,277.65,277.65,277.65,277.65,1,277.45,262.6,BULLISH_20_BAR_BREAKOUT,-0.6663065009904434,-2.3410768953718715,-3.709706464973872
1982-11-15,00:00:00,267.35,267.35,267.35,267.35,1,277.65,268.1,BEARISH_20_BAR_BREAKOUT,-1.3652515429212768,-1.7392930615298425,-3.8526276416682292
1982-11-16,00:00:00,263.7,263.7,263.7,263.7,1,277.65,267.35,BEARISH_20_BAR_BREAKOUT,-0.15168752370116695,-2.21843003412968,-4.929844520288206
1982-11-17,00:00:00,263.3,263.3,263.3,263.3,1,277.65,263.7,BEARISH_20_BAR_BREAKOUT,-0.2278769464489262,-3.2852259779718973,-4.9753133308013755
1982-11-18,00:00:00,262.7,262.7,262.7,262.7,1,277.65,263.3,BEARISH_20_BAR_BREAKOUT,-1.8462124095926784,-2.1507422915873535,-4.7011800532927275
1982-11-19,00:00:00,257.85,257.85,257.85,257.85,1,277.65,262.7,BEARISH_20_BAR_BREAKOUT,-1.2410316075237606,-2.772929998060901,-3.3546635640876605
1982-11-22,00:00:00,254.65,254.65,254.65,254.65,1,277.65,257.85,BEARISH_20_BAR_BREAKOUT,0.9424700569409015,-1.7474965639112574,-2.375809935205188
1982-11-24,00:00:00,250.7,250.7,250.7,250.7,1,277.65,254.65,BEARISH_20_BAR_BREAKOUT,-0.1994415636218588,-0.5983246908655764,-1.6354208216992399
1982-11-26,00:00:00,250.2,250.2,250.2,250.2,1,277.65,250.7,BEARISH_20_BAR_BREAKOUT,0.05995203836930683,-0.6394884092725797,-2.0383693045563525
1982-11-30,00:00:00,249.2,249.2,249.2,249.2,1,277.65,250.2,BEARISH_20_BAR_BREAKOUT,-0.24077046548956435,-1.0433386837881198,-2.829052969502401
1982-12-01,00:00:00,248.6,248.6,248.6,248.6,1,277.65,249.2,BEARISH_20_BAR_BREAKOUT,-0.2011263073209976,-1.4078841512469833,-1.1665325824617883
1982-12-02,00:00:00,248.1,248.1,248.1,248.1,1,277.65,248.6,BEARISH_20_BAR_BREAKOUT,-0.6045949214026602,-2.1563885530028193,-1.5517936316001588
1982-12-03,00:00:00,246.6,246.6,246.6,246.6,1,277.65,248.1,BEARISH_20_BAR_BREAKOUT,-0.6082725060827251,-1.8045417680454132,0.28386050283861197
1982-12-06,00:00:00,245.1,245.1,245.1,245.1,1,277.65,246.6,BEARISH_20_BAR_BREAKOUT,-0.9587923296613603,0.24479804161566476,-0.3263973888208825
1982-12-07,00:00:00,242.75,242.75,242.75,242.75,1,276.0,245.1,BEARISH_20_BAR_BREAKOUT,-0.24716786817713463,0.6179196704428425,0.9062821833161643
1982-12-08,00:00:00,242.15,242.15,242.15,242.15,1,276.0,242.75,BEARISH_20_BAR_BREAKOUT,1.4660334503406909,2.126780920916789,-4.191616766467068
1983-01-03,00:00:00,232.0,232.0,232.0,232.0,1,263.3,242.15,BEARISH_20_BAR_BREAKOUT,-0.9482758620689606,-0.9482758620689606,-1.3793103448275814
1983-01-04,00:00:00,229.8,229.8,229.8,229.8,1,262.7,232.0,BEARISH_20_BAR_BREAKOUT,-0.30461270670148693,-0.30461270670148693,0.3263707571801566
1983-01-05,00:00:00,229.1,229.1,229.1,229.1,1,257.85,229.8,BEARISH_20_BAR_BREAKOUT,0.3055434308162449,-1.025752946311652,0.0
1983-01-10,00:00:00,226.75,226.75,226.75,226.75,1,250.7,229.1,BEARISH_20_BAR_BREAKOUT,0.9040793825799389,1.0363836824696777,2.381477398015438
1983-02-02,00:00:00,242.2,242.2,242.2,242.2,1,240.2,226.75,BULLISH_20_BAR_BREAKOUT,-1.3831544178364965,-1.9611890999174237,-2.9314616019818307
1983-02-16,00:00:00,232.6,232.6,232.6,232.6,1,242.2,234.1,BEARISH_20_BAR_BREAKOUT,0.2579535683576932,0.5159071367153986,1.0533104041272645
1983-03-17,00:00:00,239.1,239.1,239.1,239.1,1,239.0,232.6,BULLISH_20_BAR_BREAKOUT,0.5018820577164438,0.12547051442911392,-0.8364700961940611
1983-03-18,00:00:00,240.3,240.3,240.3,240.3,1,239.1,233.2,BULLISH_20_BAR_BREAKOUT,0.22888056595921055,-0.6242197253433208,-0.08322929671244987
1983-03-21,00:00:00,240.85,240.85,240.85,240.85,1,240.3,233.6,BULLISH_20_BAR_BREAKOUT,-0.6020344612829515,-1.4947062487025096,-0.3321569441561067
1983-04-21,00:00:00,236.4,236.4,236.4,236.4,1,240.1,237.05,BEARISH_20_BAR_BREAKOUT,0.19035532994923376,0.4018612521150544,0.8037225042301208
1983-04-25,00:00:00,236.25,236.25,236.25,236.25,1,240.1,236.4,BEARISH_20_BAR_BREAKOUT,0.46560846560846325,0.8253968253968206,0.592592592592595
1983-05-05,00:00:00,235.2,235.2,235.2,235.2,1,239.3,236.25,BEARISH_20_BAR_BREAKOUT,-0.21258503401360546,-1.1479591836734646,-1.658163265306113
1983-05-06,00:00:00,234.7,234.7,234.7,234.7,1,239.3,235.2,BEARISH_20_BAR_BREAKOUT,-0.873455475074556,-1.619088197699183,-0.5965061780996921
1983-05-09,00:00:00,232.65,232.65,232.65,232.65,1,238.5,234.7,BEARISH_20_BAR_BREAKOUT,-0.06447453255964138,-0.494304749623901,0.3223726627981947
1983-05-10,00:00:00,232.5,232.5,232.5,232.5,1,238.5,232.65,BEARISH_20_BAR_BREAKOUT,-0.6881720430107503,-0.5161290322580596,0.10752688172043011
1983-05-11,00:00:00,230.9,230.9,230.9,230.9,1,238.5,232.5,BEARISH_20_BAR_BREAKOUT,0.2598527501082695,1.0394110004330903,1.5158077089649198
1983-05-31,00:00:00,238.85,238.85,238.85,238.85,1,237.97,230.9,BULLISH_20_BAR_BREAKOUT,0.4186728072011723,0.06280092108017823,1.0592422022189665
1983-06-01,00:00:00,239.85,239.85,239.85,239.85,1,238.85,230.9,BULLISH_20_BAR_BREAKOUT,-0.6253908692933083,0.27100271002710263,1.1882426516572835
1983-06-06,00:00:00,240.5,240.5,240.5,240.5,1,239.85,230.9,BULLISH_20_BAR_BREAKOUT,-0.06237006237006474,0.9147609147609099,1.0602910602910651
1983-06-08,00:00:00,241.38,241.38,241.38,241.38,1,240.5,230.9,BULLISH_20_BAR_BREAKOUT,0.5468555804126246,0.48471290082028995,-0.3438561604109637
1983-06-09,00:00:00,242.7,242.7,242.7,242.7,1,241.38,231.3,BULLISH_20_BAR_BREAKOUT,-0.2142562834775368,0.1442109600329719,-1.153687680263693
1983-06-14,00:00:00,243.05,243.05,243.05,243.05,1,242.7,232.75,BULLISH_20_BAR_BREAKOUT,-0.246862785435105,-1.2960296235342545,-2.324624562847153
1983-06-24,00:00:00,237.3,237.3,237.3,237.3,1,243.05,237.4,BEARISH_20_BAR_BREAKOUT,0.884955752212387,0.8638853771597063,0.7163927517909771
1983-07-29,00:00:00,241.75,241.75,241.75,241.75,1,241.65,239.0,BULLISH_20_BAR_BREAKOUT,0.8066184074457037,0.6204756980351602,1.0341261633919339
1983-08-01,00:00:00,243.7,243.7,243.7,243.7,1,241.75,239.0,BULLISH_20_BAR_BREAKOUT,-0.22568732047598808,-0.04103405826836041,0.11489536315141613
1983-08-05,00:00:00,243.9,243.9,243.9,243.9,1,243.7,239.3,BULLISH_20_BAR_BREAKOUT,0.1435014350143478,0.7790077900779031,1.2300123001230012
1983-08-08,00:00:00,244.25,244.25,244.25,244.25,1,243.9,239.3,BULLISH_20_BAR_BREAKOUT,-0.11054247697032148,0.8597748208802433,-0.4503582395086978
1983-08-10,00:00:00,245.8,245.8,245.8,245.8,1,244.25,239.3,BULLISH_20_BAR_BREAKOUT,0.22375915378355693,0.44751830756712535,-1.1472742066720998
1983-08-11,00:00:00,246.35,246.35,246.35,246.35,1,245.8,239.3,BULLISH_20_BAR_BREAKOUT,0.2841485691089982,-1.298964887355384,-0.9539273391516112
1983-08-12,00:00:00,247.05,247.05,247.05,247.05,1,246.35,239.3,BULLISH_20_BAR_BREAKOUT,-0.06071645415907941,-1.3964784456587802,-1.5988666261890372
1983-09-19,00:00:00,241.7,241.7,241.7,241.7,1,246.8,242.9,BEARISH_20_BAR_BREAKOUT,0.33098882912702166,0.4551096400496578,-1.5721969383533234
1983-09-23,00:00:00,239.6,239.6,239.6,239.6,1,246.8,241.7,BEARISH_20_BAR_BREAKOUT,-0.6469115191986573,-1.1268781302170237,-2.27462437395659
1983-09-26,00:00:00,238.05,238.05,238.05,238.05,1,246.8,239.6,BEARISH_20_BAR_BREAKOUT,-0.06301197227473458,-0.5250997689561017,-1.6593152699012883
1983-09-27,00:00:00,237.9,237.9,237.9,237.9,1,246.8,238.05,BEARISH_20_BAR_BREAKOUT,-0.4203446826397646,-0.9457755359394703,-2.101723413198823
1983-09-28,00:00:00,236.9,236.9,236.9,236.9,1,246.8,237.9,BEARISH_20_BAR_BREAKOUT,-0.04221190375685703,-1.1608273533136344,-1.8995356690586744
1983-09-29,00:00:00,236.8,236.8,236.8,236.8,1,246.8,236.9,BEARISH_20_BAR_BREAKOUT,-0.48564189189189433,-1.1402027027027097,-2.512668918918926
1983-09-30,00:00:00,235.65,235.65,235.65,235.65,1,246.8,236.8,BEARISH_20_BAR_BREAKOUT,-0.6365372374283895,-1.1669849352853807,-0.5728835136855481
1983-10-03,00:00:00,234.15,234.15,234.15,234.15,1,246.5,235.65,BEARISH_20_BAR_BREAKOUT,-0.021353833013030694,-0.7473841554559043,-0.8968609865470828
1983-10-04,00:00:00,234.1,234.1,234.1,234.1,1,245.85,234.15,BEARISH_20_BAR_BREAKOUT,-0.5126014523707769,-1.388295600170867,0.07689021785562017
1983-10-05,00:00:00,232.9,232.9,232.9,232.9,1,245.7,234.1,BEARISH_20_BAR_BREAKOUT,-0.21468441391155002,0.6011163589523425,0.10734220695577501
1983-10-06,00:00:00,232.4,232.4,232.4,232.4,1,245.3,232.9,BEARISH_20_BAR_BREAKOUT,-0.6669535283993164,-0.1506024096385518,0.17211703958692154
1983-10-07,00:00:00,230.85,230.85,230.85,230.85,1,245.3,232.4,BEARISH_20_BAR_BREAKOUT,1.4944769330734318,1.4858132986787989,0.9096816114359949
1983-11-01,00:00:00,234.77,234.77,234.77,234.77,1,234.3,230.85,BULLISH_20_BAR_BREAKOUT,-0.13630361630532928,0.8007837457937536,0.268347744601097
1983-11-04,00:00:00,236.65,236.65,236.65,236.65,1,234.77,230.85,BULLISH_20_BAR_BREAKOUT,0.14789773927741148,-0.5282062117050497,-0.8451299387280795
1983-11-07,00:00:00,237.0,237.0,237.0,237.0,1,236.65,232.05,BULLISH_20_BAR_BREAKOUT,0.06329113924050872,-1.0759493670886124,-1.0759493670886124
1983-11-08,00:00:00,237.15,237.15,237.15,237.15,1,237.0,232.05,BULLISH_20_BAR_BREAKOUT,-0.7379295804343242,-1.1596036263967953,-0.7379295804343242
1983-11-30,00:00:00,232.5,232.5,232.5,232.5,1,237.15,234.35,BEARISH_20_BAR_BREAKOUT,0.012903225806452102,1.1612903225806401,0.7741935483871016
1983-12-09,00:00:00,236.9,236.9,236.9,236.9,1,236.25,232.5,BULLISH_20_BAR_BREAKOUT,-0.10552975939214858,-0.7682566483748388,-1.4689742507387158
1984-01-02,00:00:00,231.45,231.45,231.45,231.45,1,236.9,232.5,BEARISH_20_BAR_BREAKOUT,0.43205875999135884,0.5400734499891985,0.8641175199827177
1984-03-02,00:00:00,228.2,228.2,228.2,228.2,1,234.6,232.7,BEARISH_20_BAR_BREAKOUT,-2.125328659070988,-2.169149868536367,-1.4767747589833375
1984-03-05,00:00:00,223.35,223.35,223.35,223.35,1,234.6,228.2,BEARISH_20_BAR_BREAKOUT,0.0,0.5372733378106188,-0.08954555630176343
1984-03-07,00:00:00,223.25,223.25,223.25,223.25,1,234.6,223.35,BEARISH_20_BAR_BREAKOUT,0.5823068309070599,0.7077267637178108,0.38073908174691795
1984-03-13,00:00:00,223.15,223.15,223.15,223.15,1,234.1,223.25,BEARISH_20_BAR_BREAKOUT,0.2464709836432816,1.2099484651579604,1.635671073269104
1984-04-11,00:00:00,222.7,222.7,222.7,222.7,1,226.8,223.7,BEARISH_20_BAR_BREAKOUT,0.628648405927259,1.221374045801526,1.077682981589585
1984-04-24,00:00:00,225.85,225.85,225.85,225.85,1,225.6,222.7,BULLISH_20_BAR_BREAKOUT,-0.11069293779056896,0.3099402258136007,0.5313261013947386
1984-04-27,00:00:00,226.55,226.55,226.55,226.55,1,225.85,222.7,BULLISH_20_BAR_BREAKOUT,0.1986316486426787,0.22070183182520414,1.0814389759434953
1984-04-30,00:00:00,227.0,227.0,227.0,227.0,1,226.55,222.7,BULLISH_20_BAR_BREAKOUT,-0.02202643171806668,-0.2643171806167376,0.9471365638766546
1984-05-02,00:00:00,227.05,227.05,227.05,227.05,1,227.0,222.7,BULLISH_20_BAR_BREAKOUT,-0.28628055494384747,0.8588416648315299,0.946927989429631
1984-05-07,00:00:00,229.0,229.0,229.0,229.0,1,227.05,222.7,BULLISH_20_BAR_BREAKOUT,0.06550218340611602,0.08733624454147976,1.2008733624454149
1984-05-08,00:00:00,229.15,229.15,229.15,229.15,1,229.0,222.7,BULLISH_20_BAR_BREAKOUT,-0.12219070477852985,0.5018546803403909,0.8509709797076102
1984-05-10,00:00:00,229.2,229.2,229.2,229.2,1,229.15,224.1,BULLISH_20_BAR_BREAKOUT,0.4799301919720867,1.112565445026183,1.8106457242582923
1984-05-11,00:00:00,230.3,230.3,230.3,230.3,1,229.2,224.7,BULLISH_20_BAR_BREAKOUT,0.39079461571861795,0.34737299174988406,1.1723838471558787
1984-05-14,00:00:00,231.2,231.2,231.2,231.2,1,230.3,224.75,BULLISH_20_BAR_BREAKOUT,0.23788927335640633,0.48875432525952595,0.8866782006920464
1984-05-15,00:00:00,231.75,231.75,231.75,231.75,1,231.2,224.75,BULLISH_20_BAR_BREAKOUT,-0.2804746494066907,0.6903991370010764,0.26752966558791996
1984-05-17,00:00:00,232.33,232.33,232.33,232.33,1,231.75,224.75,BULLISH_20_BAR_BREAKOUT,0.4390306891060051,0.39598846468384946,-0.27116601385960654
1984-05-18,00:00:00,233.35,233.35,233.35,233.35,1,232.33,224.75,BULLISH_20_BAR_BREAKOUT,-0.14998928647953474,-0.4199700021426997,-0.8142275551746329
1984-06-18,00:00:00,233.45,233.45,233.45,233.45,1,233.25,229.7,BULLISH_20_BAR_BREAKOUT,-0.21417862497322768,0.59970014992504,1.554936817305643
1984-06-20,00:00:00,234.55,234.55,234.55,234.55,1,233.45,229.7,BULLISH_20_BAR_BREAKOUT,0.12790449797483816,1.449584310381572,1.1724578981027498
1984-06-21,00:00:00,234.85,234.85,234.85,234.85,1,234.55,229.7,BULLISH_20_BAR_BREAKOUT,0.46838407494144957,0.9495422610176786,1.0432190760059685
1984-06-22,00:00:00,235.95,235.95,235.95,235.95,1,234.85,229.7,BULLISH_20_BAR_BREAKOUT,0.8476372112735749,0.8688281415554191,1.080737444373813
1984-06-25,00:00:00,237.95,237.95,237.95,237.95,1,235.95,229.7,BULLISH_20_BAR_BREAKOUT,-0.3656230300483195,-0.2731666316452941,0.7060306787140185
1984-06-27,00:00:00,238.0,238.0,238.0,238.0,1,237.95,229.7,BULLISH_20_BAR_BREAKOUT,-0.29411764705881877,0.21008403361344538,0.9873949579831908
1984-07-02,00:00:00,238.5,238.5,238.5,238.5,1,238.0,229.7,BULLISH_20_BAR_BREAKOUT,0.4737945492662455,0.7756813417190752,1.2368972746331188
1984-07-03,00:00:00,239.63,239.63,239.63,239.63,1,238.5,230.45,BULLISH_20_BAR_BREAKOUT,-0.012519300588407603,0.6760422317739868,1.0307557484455196
1984-07-05,00:00:00,240.35,240.35,240.35,240.35,1,239.63,231.35,BULLISH_20_BAR_BREAKOUT,0.37445392136467887,0.4576659038901578,0.4576659038901578
1984-07-06,00:00:00,241.25,241.25,241.25,241.25,1,240.35,231.65,BULLISH_20_BAR_BREAKOUT,0.5720207253885992,0.3523316062176142,-0.2279792746114037
1984-07-09,00:00:00,242.63,242.63,242.63,242.63,1,241.25,231.65,BULLISH_20_BAR_BREAKOUT,-0.4863372212834385,0.020607509376421453,-0.11540205250793437
1984-07-12,00:00:00,242.68,242.68,242.68,242.68,1,242.63,231.65,BULLISH_20_BAR_BREAKOUT,-0.506840283500914,-0.13598153947585812,1.0384044832701425
1984-07-18,00:00:00,243.85,243.85,243.85,243.85,1,242.68,234.55,BULLISH_20_BAR_BREAKOUT,-0.2870617182694233,1.2712733237646072,-0.08201763379126047
1984-07-20,00:00:00,245.2,245.2,245.2,245.2,1,243.85,235.95,BULLISH_20_BAR_BREAKOUT,0.7137030995106036,0.16313213703099744,0.3466557911908739
1984-07-23,00:00:00,246.95,246.95,246.95,246.95,1,245.2,237.08,BULLISH_20_BAR_BREAKOUT,-0.3118040089086786,-1.336302895322933,-0.6681514476614607
1984-08-14,00:00:00,241.7,241.7,241.7,241.7,1,246.95,241.8,BEARISH_20_BAR_BREAKOUT,0.0827472072817613,-0.24824162184526039,-0.1654944145634991
1984-08-16,00:00:00,240.8,240.8,240.8,240.8,1,246.95,241.7,BEARISH_20_BAR_BREAKOUT,0.12458471760796634,0.560631229235878,0.16611295681062177
1984-08-23,00:00:00,240.6,240.6,240.6,240.6,1,246.05,240.8,BEARISH_20_BAR_BREAKOUT,0.24937655860348892,0.24937655860348892,0.5403158769742358
1984-09-05,00:00:00,244.7,244.7,244.7,244.7,1,244.08,240.6,BULLISH_20_BAR_BREAKOUT,-0.24519820187985059,0.3677973028197817,0.4495300367797396
1984-09-07,00:00:00,245.8,245.8,245.8,245.8,1,244.7,240.6,BULLISH_20_BAR_BREAKOUT,-0.08136696501221198,-0.3458096013018807,0.569568755085426
1984-09-17,00:00:00,247.2,247.2,247.2,247.2,1,245.8,240.6,BULLISH_20_BAR_BREAKOUT,-0.4126213592232936,-0.12135922330096399,-0.48543689320387895
1984-10-09,00:00:00,247.6,247.6,247.6,247.6,1,247.2,244.2,BULLISH_20_BAR_BREAKOUT,-0.22213247172858763,0.20193861066235863,0.6058158319870759
1984-10-11,00:00:00,248.0,248.0,248.0,248.0,1,247.6,244.2,BULLISH_20_BAR_BREAKOUT,0.040322580645159,0.3951612903225765,-0.3024193548387097
1984-10-12,00:00:00,248.1,248.1,248.1,248.1,1,248.0,244.2,BULLISH_20_BAR_BREAKOUT,0.28214429665458163,0.4030632809351068,-0.32245062474807856
1984-10-15,00:00:00,248.8,248.8,248.8,248.8,1,248.1,244.2,BULLISH_20_BAR_BREAKOUT,0.07234726688102025,0.04019292604501379,-1.688102893890682
1984-10-16,00:00:00,248.98,248.98,248.98,248.98,1,248.8,244.2,BULLISH_20_BAR_BREAKOUT,0.048196642300588226,-0.6948349265001164,-1.9519640131737432
1984-10-17,00:00:00,249.1,249.1,249.1,249.1,1,248.98,244.2,BULLISH_20_BAR_BREAKOUT,-0.08028904054596092,-0.7226013649136825,-2.0272982737856218
1984-10-23,00:00:00,244.6,244.6,244.6,244.6,1,249.1,245.1,BEARISH_20_BAR_BREAKOUT,-0.19623875715453382,0.3679476696647611,0.4497138184791473
1984-10-24,00:00:00,244.12,244.12,244.12,244.12,1,249.1,244.6,BEARISH_20_BAR_BREAKOUT,-0.028674422415202846,1.0363755530067185,0.07373422906767443
1984-10-25,00:00:00,244.05,244.05,244.05,244.05,1,249.1,244.12,BEARISH_20_BAR_BREAKOUT,0.5941405449702883,0.6351157549682372,-0.8399918049580051
1984-11-02,00:00:00,242.0,242.0,242.0,242.0,1,249.1,244.05,BEARISH_20_BAR_BREAKOUT,0.020661157024798087,-0.49586776859503656,-0.49586776859503656
1984-11-07,00:00:00,240.8,240.8,240.8,240.8,1,249.1,242.0,BEARISH_20_BAR_BREAKOUT,0.062292358803977266,0.0,0.705980066445178
1984-11-13,00:00:00,240.45,240.45,240.45,240.45,1,249.1,240.8,BEARISH_20_BAR_BREAKOUT,0.8317737575379498,0.9773341651071004,2.1127053441463977
1984-11-30,00:00:00,247.5,247.5,247.5,247.5,1,246.15,240.45,BULLISH_20_BAR_BREAKOUT,0.2828282828282782,-0.2828282828282782,-0.2747474747474775
1984-12-03,00:00:00,248.2,248.2,248.2,248.2,1,247.5,240.45,BULLISH_20_BAR_BREAKOUT,-0.7050765511684126,-0.6647864625302085,-0.4834810636583355
1985-01-01,00:00:00,250.1,252.51,250.1,251.8,3121,248.2,242.8,BULLISH_20_BAR_BREAKOUT,0.0,0.5559968228752888,1.3105639396346238
1985-01-04,00:00:00,253.2,253.2,253.2,253.2,1,252.51,245.4,BULLISH_20_BAR_BREAKOUT,1.0860979462875198,0.7503949447077432,0.8688783570300226
1985-01-07,00:00:00,255.95,255.95,255.95,255.95,1,253.2,245.4,BULLISH_20_BAR_BREAKOUT,-0.8595428794686418,-0.8790779449111155,-0.4883766360617308
1985-02-01,00:00:00,256.75,256.75,256.75,256.75,1,255.95,253.2,BULLISH_20_BAR_BREAKOUT,1.0399221032132486,1.0827653359298823,1.9084712755598743
1985-02-04,00:00:00,259.42,259.42,259.42,259.42,1,256.75,253.3,BULLISH_20_BAR_BREAKOUT,0.10793308148946601,0.4741346079716141,1.3607277773494613
1985-02-05,00:00:00,259.7,259.7,259.7,259.7,1,259.42,253.3,BULLISH_20_BAR_BREAKOUT,-0.06546014632268615,0.38505968425105896,1.1936850211782914
1985-02-07,00:00:00,260.65,260.65,260.65,260.65,1,259.7,253.3,BULLISH_20_BAR_BREAKOUT,0.01918281220027292,0.8824093612123581,-1.0742374832150219
1985-02-08,00:00:00,260.7,260.7,260.7,260.7,1,260.65,253.3,BULLISH_20_BAR_BREAKOUT,0.36440352896048667,0.8055235903337257,-2.0138089758342925
1985-02-11,00:00:00,261.65,261.65,261.65,261.65,1,260.7,253.3,BULLISH_20_BAR_BREAKOUT,0.4968469329256684,-0.43951844066500184,-0.36308045098413483
1985-02-12,00:00:00,261.4,263.5,261.4,262.95,2651,261.65,253.3,BULLISH_20_BAR_BREAKOUT,-0.0570450656018168,-1.9395322304620524,-0.6274957216200712
1985-03-19,00:00:00,256.3,256.3,256.3,256.3,1,262.8,259.25,BEARISH_20_BAR_BREAKOUT,0.0390167772141888,-0.2536090518923159,-1.022239563012097
1985-03-21,00:00:00,254.1,254.1,254.1,254.1,1,262.8,256.3,BEARISH_20_BAR_BREAKOUT,0.6099960645415236,0.48406139315230945,-1.3774104683195594
1985-03-27,00:00:00,255.33,255.33,251.6,253.68,5811,261.63,254.1,BEARISH_20_BAR_BREAKOUT,-0.34689372437716626,-0.48486281929991254,0.32324187953326755
1985-03-29,00:00:00,252.8,253.0,249.0,250.6,5801,261.63,251.6,BEARISH_20_BAR_BREAKOUT,0.7382282521947303,1.0175578611332847,1.955307262569835
1985-04-18,00:00:00,247.6,247.6,247.6,247.6,1,257.0,249.0,BEARISH_20_BAR_BREAKOUT,-0.08077544426493886,0.9693053311793239,2.160743134087235
1985-04-19,00:00:00,247.4,247.4,247.4,247.4,1,257.0,247.6,BEARISH_20_BAR_BREAKOUT,0.5658852061438988,1.5763945028294282,2.1422797089733154
1985-06-03,00:00:00,248.6,248.6,248.6,248.6,1,254.55,249.6,BEARISH_20_BAR_BREAKOUT,0.2011263073209976,-0.36202735317779794,0.5229283990345983
1985-06-06,00:00:00,247.7,247.7,247.7,247.7,1,252.4,248.6,BEARISH_20_BAR_BREAKOUT,0.746871215179662,0.8881711748082426,0.4238998788857535
1985-06-18,00:00:00,247.55,247.55,247.55,247.55,1,251.75,247.7,BEARISH_20_BAR_BREAKOUT,0.06059381943040891,0.24237527772167006,0.3635629165824994
1985-07-05,00:00:00,247.0,247.0,247.0,247.0,1,250.0,247.43,BEARISH_20_BAR_BREAKOUT,-0.38461538461538,-1.4372469635627576,-3.7854251012145728
1985-07-08,00:00:00,246.05,246.05,246.05,246.05,1,250.0,247.0,BEARISH_20_BAR_BREAKOUT,-0.731558626295473,-1.2395854501117705,-3.312334891282262
1985-07-09,00:00:00,244.25,244.25,244.25,244.25,1,249.9,246.05,BEARISH_20_BAR_BREAKOUT,-0.3275332650972411,-1.351074718526105,-3.172978505629478
1985-07-10,00:00:00,243.45,243.45,243.45,243.45,1,249.85,244.25,BEARISH_20_BAR_BREAKOUT,-0.1848428835489787,-2.3824193879646676,-2.1565003080714726
1985-07-11,00:00:00,243.0,243.0,243.0,243.0,1,249.8,243.45,BEARISH_20_BAR_BREAKOUT,-0.8436213991769594,-2.098765432098763,-1.7489711934156378
1985-07-12,00:00:00,240.95,240.95,240.95,240.95,1,249.0,243.0,BEARISH_20_BAR_BREAKOUT,-1.3695787507781627,-1.8468561942311637,-0.37352147748494596
1985-07-15,00:00:00,237.65,237.65,237.65,237.65,1,249.0,240.95,BEARISH_20_BAR_BREAKOUT,0.10519671786240269,0.23143277929727873,0.1472754050073614
1985-07-17,00:00:00,236.5,236.5,236.5,236.5,1,249.0,237.65,BEARISH_20_BAR_BREAKOUT,0.7188160676532721,1.501057082452436,1.0147991543340404
1985-07-31,00:00:00,236.45,236.45,236.45,236.45,1,248.14,236.5,BEARISH_20_BAR_BREAKOUT,0.5075068724889056,0.4440685134277908,0.8669909071685393
1985-08-22,00:00:00,235.85,235.85,235.85,235.85,1,239.25,236.45,BEARISH_20_BAR_BREAKOUT,0.27559889760441203,0.64871740513038,1.335594657621372
1985-08-30,00:00:00,239.0,239.0,239.0,239.0,1,238.55,235.85,BULLISH_20_BAR_BREAKOUT,-0.18828451882844713,0.2510460251046001,1.8619246861924639
1985-09-03,00:00:00,239.5,239.5,239.5,239.5,1,239.21,235.85,BULLISH_20_BAR_BREAKOUT,0.041753653444674035,1.7118997912317306,1.6910229645093995
1985-09-04,00:00:00,239.6,239.6,239.6,239.6,1,239.5,235.85,BULLISH_20_BAR_BREAKOUT,0.14607679465776058,1.6068447412353901,1.502504173622702
1985-09-05,00:00:00,239.95,239.95,239.95,239.95,1,239.6,235.85,BULLISH_20_BAR_BREAKOUT,1.5211502396332595,1.1669097728693525,0.8543446551364915
1985-09-06,00:00:00,243.6,243.6,243.6,243.6,1,239.95,235.85,BULLISH_20_BAR_BREAKOUT,-0.06157635467980529,-0.02052545155992732,-0.9236453201970444
1985-09-23,00:00:00,231.9,231.9,231.9,231.9,1,243.6,236.89,BEARISH_20_BAR_BREAKOUT,-0.9055627425614464,-5.0021561017680005,-7.287623975851662
1985-09-24,00:00:00,229.8,229.8,229.8,229.8,1,243.6,231.9,BEARISH_20_BAR_BREAKOUT,-1.2619669277632748,-4.221061792863367,-6.83202785030462
1985-09-25,00:00:00,226.9,226.9,226.9,226.9,1,243.6,229.8,BEARISH_20_BAR_BREAKOUT,-2.9087703834288208,-4.583516967827239,-6.218598501542536
1985-09-26,00:00:00,220.3,220.3,220.3,220.3,1,243.6,226.9,BEARISH_20_BAR_BREAKOUT,-0.09078529278257695,-2.4058102587380894,-3.1093962778030058
1985-09-27,00:00:00,220.1,220.1,220.1,220.1,1,243.6,220.3,BEARISH_20_BAR_BREAKOUT,-1.6356201726487933,-2.7260336210813265,-2.1126760563380307
1985-09-30,00:00:00,216.5,216.5,216.5,216.5,1,243.6,220.1,BEARISH_20_BAR_BREAKOUT,-0.6928406466512702,-1.713625866050812,-0.23094688221709006
1985-10-01,00:00:00,215.0,215.0,215.0,215.0,1,243.6,216.5,BEARISH_20_BAR_BREAKOUT,-0.41860465116279333,-0.7209302325581448,-0.0930232558139482
1985-10-02,00:00:00,214.1,214.1,214.1,214.1,1,243.6,215.0,BEARISH_20_BAR_BREAKOUT,-0.6118636151331165,0.6305464736104598,0.6071929005137839
1985-10-03,00:00:00,212.79,212.79,212.79,212.79,1,243.6,214.1,BEARISH_20_BAR_BREAKOUT,0.3101649513604947,1.5085295361624174,0.8741012265614049
1985-10-29,00:00:00,212.43,212.43,212.43,212.43,1,217.3,212.79,BEARISH_20_BAR_BREAKOUT,-0.437791272419153,-1.6146495316104161,-3.3799369203973106
1985-10-30,00:00:00,211.5,211.5,211.5,211.5,1,217.3,212.43,BEARISH_20_BAR_BREAKOUT,0.023640661938539656,-1.7021276595744654,-2.7895981087470476
1985-11-01,00:00:00,209.0,209.0,209.0,209.0,1,217.3,211.5,BEARISH_20_BAR_BREAKOUT,-0.5263157894736815,-1.7942583732057416,-1.5071770334928256
1985-11-04,00:00:00,207.9,207.9,207.9,207.9,1,217.3,209.0,BEARISH_20_BAR_BREAKOUT,0.04810004810004537,-1.106301106301112,-0.9860509860509915
1985-11-06,00:00:00,205.25,205.25,205.25,205.25,1,217.3,207.9,BEARISH_20_BAR_BREAKOUT,0.17052375152253074,0.2923264311814832,-0.9257003654080418
1985-11-13,00:00:00,204.0,204.0,204.0,204.0,1,217.3,205.1,BEARISH_20_BAR_BREAKOUT,-0.3186274509803949,-0.2696078431372605,-0.9313725490196106
1985-11-14,00:00:00,203.35,203.35,203.35,203.35,1,216.7,204.0,BEARISH_20_BAR_BREAKOUT,0.4671748217359317,-0.17211703958691632,-0.9835259404966805
1985-11-19,00:00:00,203.0,203.0,203.0,203.0,1,216.7,203.35,BEARISH_20_BAR_BREAKOUT,0.22167487684728507,-0.8128078817734018,-0.9605911330049205
1985-11-21,00:00:00,202.1,202.1,202.1,202.1,1,216.7,203.0,BEARISH_20_BAR_BREAKOUT,-0.3711034141514102,-0.5442850074220654,0.0
1985-11-22,00:00:00,201.35,201.35,201.35,201.35,1,214.9,202.1,BEARISH_20_BAR_BREAKOUT,-0.27315619567915717,-0.14899428855226368,1.3310156444003014
1985-11-25,00:00:00,200.8,200.8,200.8,200.8,1,213.5,201.35,BEARISH_20_BAR_BREAKOUT,0.09960159362549234,0.34860557768923733,1.9671314741035797
1986-01-01,00:00:00,200.05,200.9,199.9,200.05,2001,204.75,200.8,BEARISH_20_BAR_BREAKOUT,-0.44988752811797333,0.9247688077980477,1.0247438140464797
1986-01-02,00:00:00,199.15,199.15,199.15,199.15,1,204.75,199.9,BEARISH_20_BAR_BREAKOUT,1.6972131559126264,1.2804418779814124,1.6068290233492284
1986-01-24,00:00:00,196.05,196.05,196.05,196.05,1,203.9,199.15,BEARISH_20_BAR_BREAKOUT,-0.1530221882172973,-0.9946442234124034,-2.2953328232593724
1986-01-27,00:00:00,195.75,195.75,195.75,195.75,1,202.8,196.05,BEARISH_20_BAR_BREAKOUT,-0.05108556832694474,-1.3793103448275805,-1.8901660280970567
1986-01-28,00:00:00,195.65,195.65,195.65,195.65,1,202.8,195.75,BEARISH_20_BAR_BREAKOUT,-0.7922310247891701,-1.712241247124965,-2.555583950932788
1986-01-29,00:00:00,194.1,194.1,194.1,194.1,1,202.7,195.65,BEARISH_20_BAR_BREAKOUT,-0.5409582689335306,-1.313755795981444,-1.8650180319423
1986-01-30,00:00:00,193.05,193.05,193.05,193.05,1,202.7,194.1,BEARISH_20_BAR_BREAKOUT,-0.3885003885003885,-0.5180005180005179,-0.8806008806008894
1986-01-31,00:00:00,192.3,192.3,192.3,192.3,1,202.7,193.05,BEARISH_20_BAR_BREAKOUT,-0.3900156006240249,-0.8580343213728578,-2.158086323452941
1986-02-03,00:00:00,191.55,191.55,191.55,191.55,1,202.7,192.3,BEARISH_20_BAR_BREAKOUT,0.261028452101279,-0.5586008874967484,-2.1404333072305
1986-02-05,00:00:00,190.65,190.65,190.65,190.65,1,202.7,191.55,BEARISH_20_BAR_BREAKOUT,-0.08916863362182843,-1.3113034356150013,-4.379753474954101
1986-02-06,00:00:00,190.48,190.48,190.48,190.48,1,202.7,190.65,BEARISH_20_BAR_BREAKOUT,0.45674086518269874,-1.590718185636288,-4.451910961780759
1986-02-10,00:00:00,188.15,188.15,188.15,188.15,1,202.7,190.48,BEARISH_20_BAR_BREAKOUT,-0.37204358224821527,-3.1092213659314347,-3.7735849056603743
1986-02-11,00:00:00,187.45,187.45,187.45,187.45,1,202.6,188.15,BEARISH_20_BAR_BREAKOUT,-0.38943718324886095,-2.9074419845292017,-4.294478527607353
1986-02-12,00:00:00,186.72,186.72,186.72,186.72,1,202.55,187.45,BEARISH_20_BAR_BREAKOUT,-2.367180805484141,-2.581405312767777,-3.0098543273350495
1986-02-13,00:00:00,182.3,182.3,182.3,182.3,1,202.55,186.72,BEARISH_20_BAR_BREAKOUT,-0.16456390565003365,-0.6856829402084476,0.3730115194733836
1986-02-14,00:00:00,182.0,182.0,182.0,182.0,1,202.52,182.3,BEARISH_20_BAR_BREAKOUT,-0.05494505494505182,-1.4285714285714255,0.08241758241758554
1986-02-17,00:00:00,181.9,181.9,181.43,181.9,941,202.4,182.0,BEARISH_20_BAR_BREAKOUT,-0.46728971962616506,-0.4398020890599293,-0.522264980758668
1986-02-18,00:00:00,181.05,181.05,181.05,181.05,1,202.35,181.43,BEARISH_20_BAR_BREAKOUT,-0.9113504556752309,1.0660038663352545,0.05523336095001066
1986-02-19,00:00:00,179.4,179.4,179.4,179.4,1,202.05,181.05,BEARISH_20_BAR_BREAKOUT,0.9476031215161586,1.5328874024526198,0.4180602006688963
1986-03-04,00:00:00,179.0,179.0,179.0,179.0,1,192.05,179.4,BEARISH_20_BAR_BREAKOUT,1.3687150837988764,0.2513966480446864,0.6703910614525076
1986-03-14,00:00:00,177.15,177.15,177.15,177.15,1,182.98,179.0,BEARISH_20_BAR_BREAKOUT,-0.8015805814281771,-0.028224668360153186,0.9878633926051369
1986-03-17,00:00:00,175.73,175.73,175.73,175.73,1,182.98,177.15,BEARISH_20_BAR_BREAKOUT,-0.4154100039833778,0.3641950719854406,2.5436749558982523
1986-03-18,00:00:00,175.0,175.0,175.0,175.0,1,182.98,175.73,BEARISH_20_BAR_BREAKOUT,1.1999999999999966,0.4571428571428637,2.742857142857149
1986-04-07,00:00:00,182.85,182.85,182.85,182.85,1,180.7,175.0,BULLISH_20_BAR_BREAKOUT,-1.531309816789709,-2.2149302707136904,-2.515723270440249
1986-04-17,00:00:00,175.15,175.15,175.15,175.15,1,182.85,175.8,BEARISH_20_BAR_BREAKOUT,-0.7707679132172391,-2.854695974878675,-4.025121324578939
1986-04-18,00:00:00,173.8,173.8,173.8,173.8,1,182.85,175.15,BEARISH_20_BAR_BREAKOUT,-1.0356731875719283,-2.5604142692750385,-3.8262370540851585
1986-04-21,00:00:00,172.0,172.0,172.0,172.0,1,182.85,173.8,BEARISH_20_BAR_BREAKOUT,-1.075581395348834,-1.744186046511628,-2.4127906976744216
1986-04-22,00:00:00,170.15,170.15,170.15,170.15,1,182.85,172.0,BEARISH_20_BAR_BREAKOUT,-0.4701733764325661,-1.2048192771084403,-1.49867763737879
1986-04-23,00:00:00,169.35,169.35,169.35,169.35,1,182.85,170.15,BEARISH_20_BAR_BREAKOUT,-0.20667257159728036,-1.2990847357543482,0.1771479185119642
1986-04-24,00:00:00,169.0,169.0,169.0,169.0,1,182.85,169.35,BEARISH_20_BAR_BREAKOUT,-0.5325443786982282,-0.6804733727810685,0.5325443786982282
1986-04-25,00:00:00,168.1,168.1,168.1,168.1,1,182.85,169.0,BEARISH_20_BAR_BREAKOUT,-0.565139797739434,-0.29744199881023203,-1.4753123140987447
1986-04-28,00:00:00,167.15,167.15,167.15,167.15,1,182.85,168.1,BEARISH_20_BAR_BREAKOUT,0.41878552198623303,1.4956625785222852,-0.5384385282680262
1986-05-05,00:00:00,165.62,165.62,165.62,165.62,1,182.85,167.15,BEARISH_20_BAR_BREAKOUT,0.3803888419273007,-1.2075836251660426,-1.5819345489675187
1986-05-07,00:00:00,165.1,165.1,165.1,165.1,1,180.05,165.62,BEARISH_20_BAR_BREAKOUT,-0.8964264082374256,-2.392489400363409,-0.9085402786190189
1986-05-08,00:00:00,163.62,163.62,163.62,163.62,1,179.12,165.1,BEARISH_20_BAR_BREAKOUT,-0.7761887299841157,-0.37892678156704834,1.0878865664344217
1986-05-09,00:00:00,162.35,162.35,162.35,162.35,1,179.12,163.62,BEARISH_20_BAR_BREAKOUT,-0.7391438250692878,0.5851555281798688,3.572528487834932
1986-05-12,00:00:00,161.15,161.15,161.15,161.15,1,179.12,162.35,BEARISH_20_BAR_BREAKOUT,1.1479987589202572,1.5203226807322299,4.623022029165367
1986-05-29,00:00:00,171.6,171.6,171.6,171.6,1,170.01,161.15,BULLISH_20_BAR_BREAKOUT,1.6899766899766935,0.0,-2.272727272727276
1986-05-30,00:00:00,174.5,174.5,174.5,174.5,1,171.6,161.15,BULLISH_20_BAR_BREAKOUT,0.22922636103152186,-1.702005730659025,-3.7994269340974185
1986-06-02,00:00:00,174.9,174.9,174.9,174.9,1,174.5,161.15,BULLISH_20_BAR_BREAKOUT,-1.8867924528301951,-3.430531732418525,-4.574042309891366
1986-06-13,00:00:00,165.25,165.25,165.25,165.25,1,174.9,165.4,BEARISH_20_BAR_BREAKOUT,0.15128593040847202,1.4523449319213348,1.6036308623298068
1986-06-30,00:00:00,163.8,163.8,163.8,163.8,1,174.9,165.25,BEARISH_20_BAR_BREAKOUT,-0.6715506715506854,-1.4652014652014684,-1.7094017094017162
1986-07-01,00:00:00,162.7,162.7,162.7,162.7,1,171.6,163.8,BEARISH_20_BAR_BREAKOUT,0.3995082974800281,-1.247695144437616,-0.9956976029502005
1986-07-03,00:00:00,161.4,161.4,161.4,161.4,1,168.9,162.7,BEARISH_20_BAR_BREAKOUT,-0.45229244114003603,-0.24783147459727736,-0.030978934324666273
1986-07-04,00:00:00,161.27,161.4,160.48,160.67,1241,167.9,161.4,BEARISH_20_BAR_BREAKOUT,0.018671811788137885,0.25518142777122366,-0.2614053650339127
1986-07-14,00:00:00,160.25,160.25,160.25,160.25,1,167.9,160.48,BEARISH_20_BAR_BREAKOUT,-0.46801872074883,-1.8096723868954792,-2.152886115444611
1986-07-15,00:00:00,159.5,159.5,159.5,159.5,1,167.9,160.25,BEARISH_20_BAR_BREAKOUT,-0.6896551724137895,-1.9122257053291607,-1.285266457680258
1986-07-16,00:00:00,158.4,158.4,158.4,158.4,1,167.9,159.5,BEARISH_20_BAR_BREAKOUT,-0.6628787878787951,-2.114898989898986,-1.073232323232334
1986-07-17,00:00:00,157.35,157.35,157.35,157.35,1,167.9,158.4,BEARISH_20_BAR_BREAKOUT,-0.571973307912301,-0.34953924372417094,0.22243406418811207
1986-07-18,00:00:00,156.45,156.45,156.45,156.45,1,167.9,157.35,BEARISH_20_BAR_BREAKOUT,-0.8948545861297394,0.6391818472355385,-0.31959092361776925
1986-07-21,00:00:00,155.05,155.05,155.05,155.05,1,167.9,156.45,BEARISH_20_BAR_BREAKOUT,1.128668171557562,1.064172847468544,0.4192196065785084
1986-07-31,00:00:00,153.85,153.85,153.85,153.85,1,161.4,155.05,BEARISH_20_BAR_BREAKOUT,0.0,0.7149821254468601,0.19499512512187936
1986-08-07,00:00:00,153.8,153.8,153.8,153.8,1,161.35,153.85,BEARISH_20_BAR_BREAKOUT,0.22756827048114064,0.5851755526657849,0.2600780234070073
1986-08-11,00:00:00,153.77,153.77,153.77,153.77,1,160.25,153.8,BEARISH_20_BAR_BREAKOUT,0.604799375690953,-0.02601287637381834,-0.17558691552319064
1986-08-14,00:00:00,153.73,153.73,153.73,153.73,1,157.7,153.77,BEARISH_20_BAR_BREAKOUT,0.3057308267742138,-0.14961295778311962,-0.18213751382293708
1986-08-19,00:00:00,153.5,153.5,153.5,153.5,1,157.7,153.73,BEARISH_20_BAR_BREAKOUT,-0.06514657980455656,-0.032573289902287535,0.7687296416938155
1986-08-20,00:00:00,153.4,153.4,153.4,153.4,1,157.7,153.5,BEARISH_20_BAR_BREAKOUT,-0.09778357235984723,0.2868318122555396,1.7275097783572397
1986-08-21,00:00:00,153.25,153.25,153.25,153.25,1,157.7,153.4,BEARISH_20_BAR_BREAKOUT,0.13050570962478866,1.1092985318107593,0.8482871125611819
1986-08-28,00:00:00,156.05,156.05,156.05,156.05,1,154.95,153.25,BULLISH_20_BAR_BREAKOUT,-0.9612303748798462,-1.1534764498558228,-0.416533162447937
1986-09-08,00:00:00,156.15,156.15,156.15,156.15,1,156.05,153.25,BULLISH_20_BAR_BREAKOUT,-0.2881844380403567,0.1601024655779699,0.12808197246236863
1986-09-11,00:00:00,156.4,156.4,156.4,156.4,1,156.15,153.25,BULLISH_20_BAR_BREAKOUT,-0.6713554987212348,-0.03196930946292287,-2.8132992327365764
1986-09-19,00:00:00,152.0,152.0,152.0,152.0,1,156.4,153.25,BEARISH_20_BAR_BREAKOUT,1.0526315789473648,1.690789473684206,1.0855263157894774
1986-10-21,00:00:00,155.16,155.16,155.16,155.16,1,154.95,153.65,BULLISH_20_BAR_BREAKOUT,0.4124774426398652,3.9894302655323526,3.441608662026298
1986-10-22,00:00:00,155.8,155.8,155.8,155.8,1,155.16,153.65,BULLISH_20_BAR_BREAKOUT,1.495507060333751,3.145057766367122,3.8382541720153975
1986-10-23,00:00:00,158.13,158.13,158.13,158.13,1,155.8,153.65,BULLISH_20_BAR_BREAKOUT,2.0362992474546253,1.245810409157022,3.332700942262702
1986-10-24,00:00:00,161.35,161.35,161.35,161.35,1,158.13,153.65,BULLISH_20_BAR_BREAKOUT,-0.40285094515029796,-0.5268050821196122,1.6423923148435116
1986-10-30,00:00:00,161.78,161.78,161.78,161.78,1,161.35,153.81,BULLISH_20_BAR_BREAKOUT,1.0013598714303402,1.322784027691919,0.8777351959451029
1986-10-31,00:00:00,163.4,163.4,163.4,163.4,1,161.78,153.81,BULLISH_20_BAR_BREAKOUT,0.3671970624234971,0.6731946144430809,-0.3365973072215492
1986-11-03,00:00:00,164.0,164.0,164.0,164.0,1,163.4,153.81,BULLISH_20_BAR_BREAKOUT,-0.048780487804885676,-0.42682926829267603,-1.3414634146341393
1986-11-05,00:00:00,164.5,164.5,164.5,164.5,1,164.0,153.81,BULLISH_20_BAR_BREAKOUT,-0.7294832826747651,-1.003039513677815,-2.1884498480243124
1987-01-01,00:00:00,158.05,158.17,158.05,158.05,241,164.18,162.0,BEARISH_20_BAR_BREAKOUT,0.3796267004112586,0.41126225877885303,0.18981335020562032
1987-01-13,00:00:00,157.4,157.4,155.35,155.65,2351,163.25,156.7,BEARISH_20_BAR_BREAKOUT,-2.120141342756191,-1.5740443302280867,-1.0600706713780954
1987-01-14,00:00:00,155.7,156.05,151.75,152.35,5251,163.25,155.35,BEARISH_20_BAR_BREAKOUT,0.5579258286839477,-0.09845749917952458,0.0
1987-03-13,00:00:00,153.45,153.55,152.3,152.4,1451,155.0,152.9,BEARISH_20_BAR_BREAKOUT,-0.4921259842519685,-0.360892388451451,-1.5419947506561642
1987-03-16,00:00:00,152.55,152.8,151.45,151.65,1801,155.0,152.3,BEARISH_20_BAR_BREAKOUT,0.09891196834817388,-0.09891196834817388,-1.4836795252225519
1987-03-23,00:00:00,151.45,151.45,150.0,150.05,1501,155.0,151.1,BEARISH_20_BAR_BREAKOUT,-0.4331889370209968,-0.39986671109631633,-2.3992002665778225
1987-03-24,00:00:00,150.1,150.1,148.45,149.4,2601,154.3,150.0,BEARISH_20_BAR_BREAKOUT,0.03346720214188952,-1.5060240963855422,-1.2717536813922392
1987-03-27,00:00:00,149.45,149.45,147.1,147.15,2401,154.3,148.45,BEARISH_20_BAR_BREAKOUT,-0.6116207951070375,0.23785253143050922,-0.8154943934760563
1987-03-30,00:00:00,146.65,146.8,144.8,146.25,3601,154.3,147.1,BEARISH_20_BAR_BREAKOUT,0.136752136752129,0.17094017094017094,-0.37606837606838384
1987-04-09,00:00:00,146.0,146.15,143.9,144.0,2501,153.75,144.8,BEARISH_20_BAR_BREAKOUT,-0.763888888888885,-2.2916666666666745,-0.5902777777777739
1987-04-10,00:00:00,144.1,144.25,141.6,142.9,4101,153.55,143.9,BEARISH_20_BAR_BREAKOUT,-0.5598320503848925,-0.7697690692792123,-0.48985304408678587
1987-04-14,00:00:00,142.05,142.15,140.45,140.7,2051,152.25,141.6,BEARISH_20_BAR_BREAKOUT,0.781805259417216,1.7412935323383207,1.0660980810234544
1987-04-24,00:00:00,140.65,140.65,139.1,139.4,1851,149.45,140.45,BEARISH_20_BAR_BREAKOUT,0.03586800573886868,-0.5738880918221028,-0.6097560975609715
1987-05-26,00:00:00,141.2,144.5,141.2,144.5,3301,141.4,138.05,BULLISH_20_BAR_BREAKOUT,-0.6920415224913495,-0.4152249134948057,-0.6920415224913495
1987-06-01,00:00:00,143.95,145.9,143.9,145.05,2901,144.6,138.05,BULLISH_20_BAR_BREAKOUT,-2.7576697690451564,-0.4136504653567892,-1.9993105825577424
1987-06-22,00:00:00,144.9,146.3,144.75,146.25,1751,145.9,140.7,BULLISH_20_BAR_BREAKOUT,-0.0683760683760645,0.0,0.44444444444444836
1987-07-02,00:00:00,147.0,147.55,146.8,147.45,1051,147.35,141.7,BULLISH_20_BAR_BREAKOUT,0.9833841980332433,1.9328585961342983,2.3058663953882714
1987-07-03,00:00:00,147.5,148.9,147.4,148.9,1601,147.55,141.7,BULLISH_20_BAR_BREAKOUT,0.03357958361315174,1.0409670920080476,1.4103425117528503
1987-07-06,00:00:00,148.9,149.7,148.7,148.95,1951,148.9,141.7,BULLISH_20_BAR_BREAKOUT,0.9063444108761483,0.8392077878482713,1.544142329640827
1987-07-07,00:00:00,149.0,150.45,148.7,150.3,2201,149.7,141.7,BULLISH_20_BAR_BREAKOUT,0.09980039920158167,0.36593479707251025,-0.9314703925482406
1987-07-17,00:00:00,150.9,153.05,150.65,153.0,2701,151.6,144.4,BULLISH_20_BAR_BREAKOUT,-0.19607843137255643,-0.3921568627450943,-1.5032679738562167
1987-08-18,00:00:00,149.35,149.35,145.6,146.3,4451,152.8,148.85,BEARISH_20_BAR_BREAKOUT,-1.6746411483253705,-2.7682843472317233,-2.2556390977443685
1987-08-19,00:00:00,146.25,146.35,143.8,143.85,2701,152.6,145.6,BEARISH_20_BAR_BREAKOUT,0.6604101494612562,-1.2513034410844512,-1.4250955856795156
1987-08-21,00:00:00,144.8,144.9,142.2,142.25,2851,152.55,143.5,BEARISH_20_BAR_BREAKOUT,-0.14059753954305002,0.5272407732864675,0.210896309314595
1987-08-24,00:00:00,141.8,143.45,141.0,142.05,4651,152.55,142.2,BEARISH_20_BAR_BREAKOUT,1.1263639563533927,-0.1759943681802182,-0.4223864836325398
1987-09-02,00:00:00,141.45,141.45,140.65,140.8,951,152.55,141.0,BEARISH_20_BAR_BREAKOUT,0.2130681818181697,0.7102272727272727,1.2073863636363555
1987-09-29,00:00:00,144.4,146.7,144.3,146.7,2501,145.0,140.45,BULLISH_20_BAR_BREAKOUT,-0.10224948875254074,0.17041581458759375,-1.0224948875255624
1987-10-14,00:00:00,144.1,144.35,142.3,142.4,2401,147.65,142.45,BEARISH_20_BAR_BREAKOUT,-0.14044943820225916,0.0702247191011196,1.8258426966292092
1987-10-15,00:00:00,142.35,142.85,141.7,142.2,2151,147.65,142.3,BEARISH_20_BAR_BREAKOUT,0.2109704641350291,1.4064697609001409,-0.3516174402250352
1987-10-28,00:00:00,141.2,141.3,138.1,138.7,3901,147.65,140.45,BEARISH_20_BAR_BREAKOUT,0.10814708002884334,-1.1535688536409476,-2.667627974044693
1987-11-02,00:00:00,138.4,138.4,136.8,137.1,1901,147.5,137.25,BEARISH_20_BAR_BREAKOUT,0.2917578409919808,-1.5317286652078734,-1.6411378555798688
1987-11-05,00:00:00,136.7,136.75,134.55,135.0,2701,145.65,136.1,BEARISH_20_BAR_BREAKOUT,-0.03703703703704546,-0.11111111111111532,0.5555555555555556
1987-11-09,00:00:00,135.1,135.15,134.15,134.4,1301,145.1,134.45,BEARISH_20_BAR_BREAKOUT,0.3348214285714201,1.1160714285714286,0.9300595238095238
1987-11-30,00:00:00,132.7,133.2,132.0,132.4,2101,138.4,133.25,BEARISH_20_BAR_BREAKOUT,0.7930513595166034,0.41540785498488136,0.22658610271902033
1987-12-10,00:00:00,132.2,132.35,129.05,129.25,3651,137.35,131.95,BEARISH_20_BAR_BREAKOUT,-0.696324951644105,-1.199226305609282,0.15473887814312468
1987-12-11,00:00:00,129.2,129.25,128.2,128.35,1251,137.35,129.05,BEARISH_20_BAR_BREAKOUT,-0.1947798987144527,-3.9735099337748303,1.5971951694585207
1987-12-14,00:00:00,128.65,128.65,127.5,128.1,1751,137.35,128.2,BEARISH_20_BAR_BREAKOUT,-0.31225604996096135,0.195160031225605,0.1561280249804973
1988-01-04,00:00:00,120.9,123.35,120.3,123.25,3751,136.25,126.85,BEARISH_20_BAR_BREAKOUT,4.137931034482754,5.8012170385395585,3.407707910750509
1988-03-07,00:00:00,128.85,128.9,127.75,127.8,1251,132.1,127.95,BEARISH_20_BAR_BREAKOUT,0.07824726134585956,0.11737089201878378,-0.27386541471048065
1988-03-11,00:00:00,127.95,128.0,127.15,127.3,1051,132.1,127.65,BEARISH_20_BAR_BREAKOUT,-0.27494108405341267,0.23566378633149815,-0.23566378633149815
1988-03-14,00:00:00,127.3,127.4,126.55,126.95,1351,131.6,127.15,BEARISH_20_BAR_BREAKOUT,0.3938558487593541,1.4572666404096168,0.07877116975186634
1988-03-24,00:00:00,126.8,126.85,125.6,125.6,1301,129.7,126.55,BEARISH_20_BAR_BREAKOUT,-0.3980891719745223,-0.2388535031847111,-1.2738853503184668
1988-03-25,00:00:00,125.55,126.05,125.05,125.1,1551,129.7,125.6,BEARISH_20_BAR_BREAKOUT,-1.0391686650679435,0.11990407673861365,-0.7194244604316479
1988-03-28,00:00:00,124.8,124.8,123.8,123.8,1001,129.7,125.05,BEARISH_20_BAR_BREAKOUT,1.2116316639741518,0.6058158319870759,1.2116316639741518
1988-05-17,00:00:00,124.95,126.1,124.7,125.7,2051,125.4,123.9,BULLISH_20_BAR_BREAKOUT,-0.5568814638027071,-0.6762132060461483,-1.0342084327764496
1988-06-02,00:00:00,125.45,126.75,125.4,126.3,1851,126.1,124.0,BULLISH_20_BAR_BREAKOUT,-0.15835312747426986,-0.6730007917656329,-1.1084718923198666
1988-06-22,00:00:00,126.45,129.0,126.45,128.95,2601,126.75,124.2,BULLISH_20_BAR_BREAKOUT,-0.2326483132997154,1.7448623497479645,3.2958511050794885
1988-06-24,00:00:00,128.65,130.95,128.55,130.55,2901,129.85,124.55,BULLISH_20_BAR_BREAKOUT,0.4978935273841265,1.646878590578305,3.753351206434299
1988-06-27,00:00:00,130.75,131.8,130.7,131.2,1751,130.95,124.55,BULLISH_20_BAR_BREAKOUT,1.5243902439024393,1.5243902439024393,2.210365853658541
1988-06-28,00:00:00,131.2,133.2,129.75,133.2,4901,131.8,124.55,BULLISH_20_BAR_BREAKOUT,-0.3753753753753754,0.9759759759759845,-0.11261261261259554
1988-07-01,00:00:00,133.25,134.8,133.25,134.5,1851,134.1,124.55,BULLISH_20_BAR_BREAKOUT,0.706319702602222,-1.078066914498133,-1.1524163568773318
1988-07-04,00:00:00,135.0,135.5,134.65,135.45,1251,134.8,124.55,BULLISH_20_BAR_BREAKOUT,-0.9966777408637834,-1.9195275009228456,-2.2886674049464704
1988-08-31,00:00:00,135.0,136.9,134.85,136.6,2501,135.25,131.7,BULLISH_20_BAR_BREAKOUT,-0.21961932650071958,-0.43923865300146,-2.1961932650073206
1988-10-10,00:00:00,133.3,133.3,132.05,132.25,1451,135.05,132.9,BEARISH_20_BAR_BREAKOUT,-0.8695652173913087,-3.6294896030245725,-3.7429111531190946
1988-10-11,00:00:00,132.2,132.35,130.75,131.1,2101,135.05,132.05,BEARISH_20_BAR_BREAKOUT,-1.5636918382913676,-3.4706331045003793,-2.7459954233409567
1988-10-12,00:00:00,131.1,131.4,128.6,129.05,3551,135.05,130.75,BEARISH_20_BAR_BREAKOUT,-1.2398295234405334,-1.4335528864781157,-1.7047655947307376
1988-10-13,00:00:00,128.95,128.95,126.8,127.45,2801,135.05,128.6,BEARISH_20_BAR_BREAKOUT,-0.7061592781482979,-0.11769321302472002,-0.9807767752059632
1988-10-14,00:00:00,127.4,128.35,126.55,126.55,2751,135.05,126.8,BEARISH_20_BAR_BREAKOUT,0.5136309758988586,0.7506914263137122,0.3555906756222859
1988-10-26,00:00:00,126.8,126.95,125.6,125.7,1601,134.8,126.0,BEARISH_20_BAR_BREAKOUT,0.3182179793158246,0.0,-0.7955449482895784
1988-11-02,00:00:00,124.95,125.15,124.05,124.35,1601,133.85,124.6,BEARISH_20_BAR_BREAKOUT,0.28146361077604226,0.20104543626859672,-0.2814636107760308
1988-11-09,00:00:00,125.65,126.0,123.75,123.9,2751,131.4,124.05,BEARISH_20_BAR_BREAKOUT,0.08071025020177104,-0.0807102502017825,-1.4527845036319704
1988-11-11,00:00:00,123.95,124.0,122.6,122.9,1751,128.35,123.75,BEARISH_20_BAR_BREAKOUT,0.7323026851098384,-0.5695687550854376,-0.8136696501220505
1988-11-16,00:00:00,123.4,123.65,122.15,122.2,1801,127.75,122.35,BEARISH_20_BAR_BREAKOUT,-0.08183306055647178,-0.2454991816693921,-1.104746317512282
1988-11-17,00:00:00,122.15,123.05,121.35,122.1,3351,127.55,122.15,BEARISH_20_BAR_BREAKOUT,0.45045045045045984,-0.6552006552006528,-0.7371007371007302
1988-11-22,00:00:00,121.9,121.95,121.25,121.3,801,127.25,121.35,BEARISH_20_BAR_BREAKOUT,-0.12366034624896247,-0.08244023083264165,0.16488046166529502
1988-11-23,00:00:00,121.35,121.75,121.05,121.15,1201,126.95,121.25,BEARISH_20_BAR_BREAKOUT,-0.2476269087907646,1.031778786628147,0.33016921172099994
1988-11-24,00:00:00,121.15,121.35,120.75,120.85,901,126.35,121.05,BEARISH_20_BAR_BREAKOUT,0.28961522548614693,0.8274720728175424,0.3723624327678965
1989-01-02,00:00:00,124.95,125.1,124.65,124.8,751,124.25,120.7,BULLISH_20_BAR_BREAKOUT,-0.6810897435897391,1.0416666666666643,1.282051282051289
1989-01-05,00:00:00,125.05,126.1,124.95,126.1,1251,125.25,120.7,BULLISH_20_BAR_BREAKOUT,0.6740681998414025,0.23790642347344282,1.0309278350515554
1989-01-06,00:00:00,126.1,126.95,125.75,126.95,1551,126.1,120.7,BULLISH_20_BAR_BREAKOUT,-0.7089405277668418,-0.6695549428909087,0.8664828672705858
1989-01-13,00:00:00,126.5,127.45,126.25,127.4,1501,127.35,121.05,BULLISH_20_BAR_BREAKOUT,0.5102040816326575,1.0204081632652926,0.07849293563578831
1989-01-16,00:00:00,127.45,128.4,127.15,128.05,1901,127.45,121.05,BULLISH_20_BAR_BREAKOUT,-0.15618898867631162,0.429519718859807,-0.19523623584538397
1989-01-18,00:00:00,127.85,128.85,127.0,128.7,2851,128.4,121.05,BULLISH_20_BAR_BREAKOUT,-0.07770007770007328,-0.9324009324009237,-0.27195027195026755
1989-01-31,00:00:00,129.4,130.55,129.05,130.35,2051,130.1,123.2,BULLISH_20_BAR_BREAKOUT,0.0,-0.7671653241273495,-0.6137322593018665
1989-02-15,00:00:00,126.3,126.9,125.5,126.25,2751,130.65,126.3,BEARISH_20_BAR_BREAKOUT,-0.11881188118812332,0.15841584158416067,0.03960396039603735
1989-03-10,00:00:00,128.8,129.65,128.8,129.5,1001,129.45,125.3,BULLISH_20_BAR_BREAKOUT,0.5405405405405317,0.9652509652509652,1.3899613899613987
1989-03-13,00:00:00,129.5,130.25,129.4,130.2,1001,129.65,125.3,BULLISH_20_BAR_BREAKOUT,-0.3072196620583543,0.5760368663594471,0.8832565284178232
1989-03-15,00:00:00,129.8,130.8,129.75,130.75,1151,130.4,125.3,BULLISH_20_BAR_BREAKOUT,0.1529636711280984,0.42065009560230315,0.42065009560230315
1989-03-16,00:00:00,130.7,131.3,130.25,130.95,1851,130.8,125.3,BULLISH_20_BAR_BREAKOUT,0.6109201985490732,0.3054600992745366,0.42000763650249057
1989-03-17,00:00:00,130.95,131.85,130.95,131.75,1001,131.3,125.3,BULLISH_20_BAR_BREAKOUT,-0.3415559772295929,-0.5313092979127049,0.7969639468690788
1989-03-27,00:00:00,131.55,132.85,131.55,132.8,1351,132.3,125.7,BULLISH_20_BAR_BREAKOUT,0.33885542168673843,-0.6777108433734982,-1.3930722891566434
1989-03-28,00:00:00,132.8,133.35,132.5,133.25,1251,132.85,126.7,BULLISH_20_BAR_BREAKOUT,0.07504690431519273,-1.0506566604127623,-1.125703564727955
1989-05-01,00:00:00,133.0,134.15,133.0,134.0,1301,133.35,130.65,BULLISH_20_BAR_BREAKOUT,0.2985074626865714,0.11194029850746692,0.44776119402984654
1989-05-02,00:00:00,134.0,134.4,133.65,134.4,1101,134.15,130.65,BULLISH_20_BAR_BREAKOUT,-0.07440476190475767,-0.07440476190475767,0.03720238095236827
1989-05-08,00:00:00,134.4,135.0,134.35,134.9,801,134.5,130.95,BULLISH_20_BAR_BREAKOUT,-0.22238695329874822,0.3335804299481013,1.4084507042253562
1989-05-11,00:00:00,134.45,135.4,134.2,135.35,1501,135.1,130.95,BULLISH_20_BAR_BREAKOUT,0.6649427410417479,1.071296638345044,2.7705947543405984
1989-05-12,00:00:00,135.3,136.3,134.8,136.25,2051,135.4,130.95,BULLISH_20_BAR_BREAKOUT,0.6972477064220101,2.275229357798161,4.440366972477072
1989-05-15,00:00:00,136.2,137.7,136.2,137.2,2001,136.3,130.95,BULLISH_20_BAR_BREAKOUT,-0.29154518950435665,1.1661807580175094,3.790087463556864
1989-05-17,00:00:00,136.8,139.5,136.8,139.35,2851,137.7,130.95,BULLISH_20_BAR_BREAKOUT,-0.39468963042697025,2.1169716541083723,1.3993541442411317
1989-05-22,00:00:00,139.15,142.95,139.1,142.3,4551,139.7,130.95,BULLISH_20_BAR_BREAKOUT,0.07027406886858349,-0.7027406886858749,0.2459592410400522
1989-06-09,00:00:00,143.1,146.75,143.05,146.7,3801,144.05,134.8,BULLISH_20_BAR_BREAKOUT,1.3974096796182764,1.9427402862985843,-1.6019086571233774
1989-06-12,00:00:00,147.0,149.5,146.8,148.75,3651,146.75,136.2,BULLISH_20_BAR_BREAKOUT,-0.47058823529411,-1.8487394957983194,-2.588235294117643
1989-06-22,00:00:00,142.3,142.3,138.8,138.9,3601,151.9,139.85,BEARISH_20_BAR_BREAKOUT,-0.035997120230389756,2.0518358531317453,3.7796976241900646
1989-07-31,00:00:00,139.4,139.45,136.5,137.25,3751,144.95,137.9,BEARISH_20_BAR_BREAKOUT,-1.0200364298724995,0.14571948998177678,1.1293260473588425
1989-08-01,00:00:00,137.2,137.25,135.8,135.85,1551,143.6,136.5,BEARISH_20_BAR_BREAKOUT,0.7361059992638941,3.0180345969819613,2.465955097534041
1989-08-28,00:00:00,144.1,144.65,144.0,144.65,751,144.1,135.55,BULLISH_20_BAR_BREAKOUT,-0.8987210508123135,0.24196335983407832,1.4863463532665093
1989-08-31,00:00:00,144.45,145.45,144.15,145.0,2051,144.75,136.15,BULLISH_20_BAR_BREAKOUT,0.6896551724137931,1.2413793103448354,1.5517241379310345
1989-09-01,00:00:00,145.0,146.05,144.8,146.0,1501,145.45,136.95,BULLISH_20_BAR_BREAKOUT,0.03424657534247354,0.13698630136985523,0.5136986301369862
1989-09-05,00:00:00,146.15,147.3,145.85,146.8,2251,146.35,138.45,BULLISH_20_BAR_BREAKOUT,-0.4087193460490618,0.306539509536777,-0.3065395095367963
1989-09-25,00:00:00,145.6,145.6,142.15,142.15,3451,149.0,142.25,BEARISH_20_BAR_BREAKOUT,0.14069644741469478,-1.0903974674639545,-0.6331340133661665
1989-09-27,00:00:00,142.4,142.4,139.85,140.3,3001,149.0,141.7,BEARISH_20_BAR_BREAKOUT,0.21382751247325937,-0.42765502494655927,1.4967925873128967
1989-09-29,00:00:00,140.7,140.95,138.9,139.15,2551,149.0,139.85,BEARISH_20_BAR_BREAKOUT,0.39525691699603516,1.9044196909809599,2.659001077973402
1990-01-02,00:00:00,143.85,146.8,143.5,146.65,3801,144.9,142.35,BULLISH_20_BAR_BREAKOUT,-0.8523695874531197,-1.431980906921237,-0.61370610296625
1990-01-26,00:00:00,143.95,144.25,142.8,142.85,1801,146.9,142.9,BEARISH_20_BAR_BREAKOUT,0.07000350017500477,1.1550577528876484,1.3300665033251704
1990-02-22,00:00:00,145.55,146.75,145.2,146.4,2251,146.2,142.6,BULLISH_20_BAR_BREAKOUT,0.5122950819672131,1.605191256830597,2.698087431693981
1990-02-23,00:00:00,146.4,147.4,145.95,147.15,2151,146.75,142.6,BULLISH_20_BAR_BREAKOUT,1.019367991845056,1.3251783893985651,1.3251783893985651
1990-02-26,00:00:00,147.2,149.1,147.15,148.65,2451,147.4,142.6,BULLISH_20_BAR_BREAKOUT,0.0672721157080352,0.8409014463504876,0.9754456777665581
1990-03-01,00:00:00,149.05,149.95,149.05,149.9,951,149.65,143.45,BULLISH_20_BAR_BREAKOUT,0.3002001334222739,0.13342228152100644,0.9339559706471018
1990-03-02,00:00:00,149.9,150.5,149.45,150.35,1651,149.95,143.45,BULLISH_20_BAR_BREAKOUT,-0.8313934153641505,0.0,1.629531094113746
1990-03-12,00:00:00,151.4,152.85,151.35,152.8,1601,151.55,143.45,BULLISH_20_BAR_BREAKOUT,-0.4253926701570717,-0.4908376963350785,1.014397905759151
1990-03-20,00:00:00,153.0,154.5,152.3,154.35,3051,153.85,144.45,BULLISH_20_BAR_BREAKOUT,0.16196954972465177,-0.03239390994491931,2.785876255264018
1990-03-21,00:00:00,154.35,154.7,153.65,154.6,1851,154.5,144.65,BULLISH_20_BAR_BREAKOUT,0.2587322121604177,1.390685640362229,1.131953428201811
1990-03-22,00:00:00,154.65,155.5,154.55,155.0,1551,154.7,145.2,BULLISH_20_BAR_BREAKOUT,-0.4516129032257991,1.838709677419351,2.3225806451612865
1990-03-26,00:00:00,154.75,156.8,154.75,156.75,2101,155.5,147.15,BULLISH_20_BAR_BREAKOUT,0.7017543859649087,-0.25518341307815356,1.8181818181818146
1990-03-27,00:00:00,156.75,157.95,156.65,157.85,1501,156.8,148.1,BULLISH_20_BAR_BREAKOUT,0.506810262907831,0.4751346214760849,0.7602153943617467
1990-03-28,00:00:00,157.95,159.35,157.9,158.65,2201,157.95,148.3,BULLISH_20_BAR_BREAKOUT,-1.4497321147179396,0.3781909864481527,-0.8509297195083482
1990-05-11,00:00:00,156.65,156.65,152.65,152.8,4151,160.25,156.2,BEARISH_20_BAR_BREAKOUT,-0.2290575916230515,-0.45811518324608447,0.6544502617801046
1990-05-14,00:00:00,152.75,153.9,152.3,152.45,2901,160.25,152.65,BEARISH_20_BAR_BREAKOUT,-1.1479173499508035,-0.1967858314201266,-0.7543456871105132
1990-05-15,00:00:00,152.45,152.5,150.55,150.7,2151,160.25,152.3,BEARISH_20_BAR_BREAKOUT,0.9289980092899839,1.592568015925684,0.2986065029860764
1990-05-25,00:00:00,151.1,151.25,149.25,149.35,2251,159.55,150.1,BEARISH_20_BAR_BREAKOUT,0.0,1.473049882825589,1.9752259792433995
1990-06-11,00:00:00,153.6,154.85,153.35,154.8,1801,153.9,148.9,BULLISH_20_BAR_BREAKOUT,-0.09689922480620522,-0.45219638242895155,-0.7751937984496233
1990-06-25,00:00:00,154.9,155.8,154.85,155.4,1401,155.15,148.9,BULLISH_20_BAR_BREAKOUT,-0.4504504504504614,-1.544401544401548,-2.8635778635778744
1990-07-02,00:00:00,152.2,152.25,150.85,150.9,1501,155.8,151.7,BEARISH_20_BAR_BREAKOUT,0.033134526176264376,-0.16567263088137837,-1.8223989396951623
1990-07-04,00:00:00,150.95,150.95,149.5,149.9,1851,155.8,150.8,BEARISH_20_BAR_BREAKOUT,0.5003335557038026,0.8672448298865796,-1.8012008005337004
1990-07-10,00:00:00,151.2,151.2,148.15,148.15,3051,155.8,149.15,BEARISH_20_BAR_BREAKOUT,0.2699966250421908,0.03374957813026186,-0.23624704691190976
1990-07-12,00:00:00,148.55,149.4,146.75,147.2,3951,155.8,147.55,BEARISH_20_BAR_BREAKOUT,0.6793478260869565,0.4415760869565256,1.086956521739146
1990-07-31,00:00:00,147.95,148.2,145.8,145.8,2651,152.2,146.75,BEARISH_20_BAR_BREAKOUT,1.0973936899862786,2.4348422496570525,2.7777777777777657
1990-08-27,00:00:00,146.65,146.65,144.05,144.2,2751,151.65,145.35,BEARISH_20_BAR_BREAKOUT,-0.2773925104022034,0.10402219140083613,-0.45076282940359036
1990-08-28,00:00:00,144.25,144.45,142.8,143.8,2851,151.65,144.05,BEARISH_20_BAR_BREAKOUT,-0.034770514603624035,0.03477051460360427,-1.3908205841446453
1990-09-05,00:00:00,143.45,143.45,141.5,141.8,2251,151.25,142.8,BEARISH_20_BAR_BREAKOUT,-0.6699576868829457,-1.5514809590973322,-3.9492242595204665
1990-09-06,00:00:00,141.8,142.45,140.6,140.85,2751,150.75,141.5,BEARISH_20_BAR_BREAKOUT,-0.49698260560879565,-0.4614838480653217,-2.9108981185658465
1990-09-07,00:00:00,140.8,141.05,139.95,140.15,1551,150.75,140.6,BEARISH_20_BAR_BREAKOUT,-0.3924366749910891,-1.3913663931502083,-2.497324295397788
1990-09-10,00:00:00,140.2,140.2,138.8,139.6,2201,150.75,139.95,BEARISH_20_BAR_BREAKOUT,0.42979942693409334,-2.4355300859598894,-1.1819484240687719
1990-09-12,00:00:00,140.15,140.2,137.5,138.2,3451,148.8,138.8,BEARISH_20_BAR_BREAKOUT,-1.4471780028943562,-1.1215629522431136,-0.3256150506512219
1990-09-13,00:00:00,138.2,138.65,136.0,136.2,3301,148.5,137.5,BEARISH_20_BAR_BREAKOUT,0.40381791483113905,1.2848751835535976,0.3671071953010279
1990-10-04,00:00:00,135.9,136.05,133.65,133.75,2651,142.45,135.25,BEARISH_20_BAR_BREAKOUT,-1.1962616822429863,-2.4299065420560746,-3.4392523364485936
1990-10-05,00:00:00,133.65,134.05,132.05,132.15,2501,141.05,133.65,BEARISH_20_BAR_BREAKOUT,-1.1729095724555514,-2.005297010972384,-3.2917139614074977
1990-10-08,00:00:00,131.9,132.2,129.85,130.6,3401,140.65,132.05,BEARISH_20_BAR_BREAKOUT,-0.07656967840734634,-0.7656967840735069,-2.9862174578866707
1990-10-15,00:00:00,129.15,129.2,127.65,127.8,1751,138.9,128.55,BEARISH_20_BAR_BREAKOUT,-0.8607198748043774,-2.6212832550860674,0.3521126760563402
1990-10-16,00:00:00,127.8,128.8,126.6,126.7,3301,138.9,127.65,BEARISH_20_BAR_BREAKOUT,-1.1444356748224174,-0.5524861878453061,-0.03946329913180517
1990-10-17,00:00:00,126.75,127.0,124.7,125.25,3101,138.9,126.6,BEARISH_20_BAR_BREAKOUT,-0.6387225548902172,0.6786427145708538,2.475049900199596
1990-10-18,00:00:00,125.25,125.9,123.75,124.45,3501,138.65,124.7,BEARISH_20_BAR_BREAKOUT,1.2454801124949755,3.0534351145038148,3.0534351145038148
1990-11-29,00:00:00,130.45,133.75,129.95,133.4,4651,131.4,126.35,BULLISH_20_BAR_BREAKOUT,-0.637181409295348,-0.3748125937031484,-1.9490254872563677
1990-12-03,00:00:00,132.4,134.85,131.85,134.8,3601,134.65,126.35,BULLISH_20_BAR_BREAKOUT,-1.4094955489614285,-1.8916913946587621,-2.0029673590504578
1991-01-01,00:00:00,135.13,135.13,135.13,135.13,1,134.85,126.7,BULLISH_20_BAR_BREAKOUT,-0.4736179974838943,-0.2146081551098883,1.2284466809738745
1991-02-04,00:00:00,131.11,131.64,130.29,130.63,2221,137.89,130.8,BEARISH_20_BAR_BREAKOUT,-0.8267626119574248,-1.5540075021051833,-1.408558524075636
1991-02-05,00:00:00,130.73,130.73,129.44,129.55,1401,137.89,130.29,BEARISH_20_BAR_BREAKOUT,-1.0420686993439001,-1.2813585488228565,0.08490930142800865
1991-02-06,00:00:00,129.44,129.44,128.05,128.2,1541,137.89,129.44,BEARISH_20_BAR_BREAKOUT,0.3120124804992244,-0.35881435257409816,1.1310452418096857
1991-02-25,00:00:00,132.5,133.54,132.1,133.54,1841,132.71,127.29,BULLISH_20_BAR_BREAKOUT,-0.41186161449751607,-0.4493035794518454,2.0593080724876445
1991-03-01,00:00:00,133.01,134.64,133.01,134.64,1631,133.6,127.29,BULLISH_20_BAR_BREAKOUT,0.7204396910279467,0.8169934640523047,2.681224004753427
1991-03-04,00:00:00,134.77,135.79,134.57,135.61,1601,134.64,127.29,BULLISH_20_BAR_BREAKOUT,0.5014379470540361,-0.014748174913362016,0.1327335742201743
1991-03-05,00:00:00,135.59,136.29,134.55,136.29,2781,135.79,127.29,BULLISH_20_BAR_BREAKOUT,-0.4035512510088656,0.4108885464817685,-0.3228410008071008
1991-03-08,00:00:00,135.55,136.85,135.35,136.85,1701,136.78,127.29,BULLISH_20_BAR_BREAKOUT,1.0230179028133035,-0.730727073438071,1.0230179028133035
1991-03-11,00:00:00,137.19,138.6,135.74,138.25,4661,136.85,127.29,BULLISH_20_BAR_BREAKOUT,-1.7793851717902407,-1.6347197106690712,0.0
1991-03-28,00:00:00,139.6,141.55,139.52,141.2,2461,139.61,131.89,BULLISH_20_BAR_BREAKOUT,-0.38951841359772166,-2.2379603399433403,-3.186968838526912
1991-04-09,00:00:00,137.4,137.4,134.84,134.84,2561,141.55,135.15,BEARISH_20_BAR_BREAKOUT,2.1877781073865235,1.11984574310293,1.0086027884900512
1991-04-15,00:00:00,136.14,136.14,134.03,134.3,2381,141.55,134.62,BEARISH_20_BAR_BREAKOUT,0.29039463886819533,2.561429635145195,2.561429635145195
1991-06-07,00:00:00,139.19,140.44,139.19,140.39,1301,139.64,136.87,BULLISH_20_BAR_BREAKOUT,0.7194244604316685,0.8191466628677297,0.22081344825130156
1991-06-10,00:00:00,140.35,141.9,140.35,141.4,2051,140.44,136.87,BULLISH_20_BAR_BREAKOUT,-0.0707213578500667,-0.042432814710044044,-0.21216407355022018
1991-06-28,00:00:00,137.91,138.31,137.45,137.49,1301,142.1,137.74,BEARISH_20_BAR_BREAKOUT,0.7345988799185329,1.5637500909156863,0.8073314422867011
1991-07-12,00:00:00,138.69,139.0,136.09,136.55,3681,141.54,137.45,BEARISH_20_BAR_BREAKOUT,0.358842914683252,0.3441962651043565,0.9080922738923328
1991-08-06,00:00:00,136.7,136.79,135.39,135.7,1801,139.0,136.09,BEARISH_20_BAR_BREAKOUT,0.17686072218128895,0.6927044952100204,0.7369196757553428
1991-09-09,00:00:00,135.74,135.74,134.64,134.66,1121,139.39,135.11,BEARISH_20_BAR_BREAKOUT,0.0668349918312813,-0.3787316203772397,-0.5643843754641251
1991-09-12,00:00:00,134.75,134.75,133.7,134.15,1501,139.39,134.44,BEARISH_20_BAR_BREAKOUT,0.0,-0.18635855385762207,0.06708907938874648
1991-09-23,00:00:00,134.19,134.19,132.55,132.8,1891,137.95,133.54,BEARISH_20_BAR_BREAKOUT,0.6400602409638511,0.828313253012044,0.557228915662636
1991-10-03,00:00:00,132.57,132.69,130.27,130.59,2861,136.44,132.34,BEARISH_20_BAR_BREAKOUT,-0.6432345508844501,-0.15315108354392915,-0.7580978635423915
1991-10-04,00:00:00,130.59,130.59,129.39,129.75,1561,136.44,130.27,BEARISH_20_BAR_BREAKOUT,-0.03853564547207042,0.1001926782273568,0.07707129094411894
1991-11-25,00:00:00,129.34,129.34,127.66,127.97,1991,132.55,128.71,BEARISH_20_BAR_BREAKOUT,1.7035242634992631,1.4378369930452477,0.9924200984605848
1992-01-01,00:00:00,124.78,124.95,124.78,124.85,271,131.3,127.66,BEARISH_20_BAR_BREAKOUT,-0.24829795754904932,-1.145374449339201,0.9771726071285535
1992-01-02,00:00:00,124.9,124.95,123.82,124.54,1901,131.3,124.78,BEARISH_20_BAR_BREAKOUT,0.12847277982977082,-0.5460093142765432,2.0475349285370137
1992-01-06,00:00:00,124.26,124.79,123.35,123.42,2041,131.3,123.82,BEARISH_20_BAR_BREAKOUT,0.3565062388591782,2.1471398476746,2.7791281801976933
1992-02-20,00:00:00,128.15,128.9,127.5,128.58,2371,128.43,123.15,BULLISH_20_BAR_BREAKOUT,0.20998600093325692,0.8710530409083652,0.6766215585627439
1992-02-24,00:00:00,128.85,129.47,128.77,129.05,1201,128.9,124.48,BULLISH_20_BAR_BREAKOUT,0.5036807438976965,0.0,1.5110422316931331
1992-02-25,00:00:00,129.1,129.85,129.08,129.7,941,129.47,124.7,BULLISH_20_BAR_BREAKOUT,-0.4471858134155622,-0.1927525057825752,1.5420200462606015
1992-03-03,00:00:00,129.65,131.06,129.65,131.0,1471,130.0,124.7,BULLISH_20_BAR_BREAKOUT,0.5343511450381593,0.6870229007633631,1.8396946564885468
1992-03-04,00:00:00,131.0,132.15,130.85,131.7,1901,131.06,124.7,BULLISH_20_BAR_BREAKOUT,0.10630220197419499,0.1442672741078191,1.8602885345482287
1992-03-10,00:00:00,131.8,132.9,131.7,132.8,1401,132.42,126.53,BULLISH_20_BAR_BREAKOUT,0.4593373493975792,0.6024096385542039,-0.3388554216867598
1992-03-11,00:00:00,132.8,134.3,132.8,133.41,2391,132.9,126.53,BULLISH_20_BAR_BREAKOUT,0.5546810583914318,0.3298103590435483,0.06746120980436504
1992-05-12,00:00:00,132.87,132.97,130.36,130.62,2971,134.95,132.04,BEARISH_20_BAR_BREAKOUT,-0.7885469300260305,-0.6890215893431371,-0.8574490889603464
1992-05-13,00:00:00,130.55,130.95,129.52,129.59,1901,134.95,130.36,BEARISH_20_BAR_BREAKOUT,0.5864650050158121,-0.5710317154101467,0.4707153329732118
1992-05-18,00:00:00,129.52,129.8,128.65,128.85,1631,134.95,129.52,BEARISH_20_BAR_BREAKOUT,0.2716336825766351,1.047729918509891,0.5587892898719433
1992-05-29,00:00:00,129.4,129.51,127.55,127.6,2121,133.63,128.4,BEARISH_20_BAR_BREAKOUT,-0.4623824451410574,-0.23510971786833637,-0.2821316614420058
1992-06-01,00:00:00,127.33,127.6,126.7,127.01,1481,133.63,127.55,BEARISH_20_BAR_BREAKOUT,0.38579639398472154,0.15746791591212395,0.36217620659790073
1992-06-11,00:00:00,127.4,127.7,126.27,126.4,1861,130.66,126.46,BEARISH_20_BAR_BREAKOUT,0.19778481012658225,0.0,0.4825949367088603
1992-06-25,00:00:00,126.3,126.73,125.05,125.05,2111,130.25,126.24,BEARISH_20_BAR_BREAKOUT,0.47980807676929915,0.439824070371849,-0.21591363454617837
1992-07-02,00:00:00,125.3,125.35,123.55,124.43,2731,128.24,124.63,BEARISH_20_BAR_BREAKOUT,0.28128264887888316,-0.30539259021137155,0.5384553564252893
1992-07-24,00:00:00,126.61,128.15,126.54,128.1,1731,127.2,123.55,BULLISH_20_BAR_BREAKOUT,-0.5230288836846116,-0.2263856362216956,-0.78064012490242
1992-08-24,00:00:00,125.55,125.56,124.38,124.6,1411,128.37,125.6,BEARISH_20_BAR_BREAKOUT,-0.04012841091492549,0.12841091492777754,-1.605136436597111
1992-08-28,00:00:00,124.73,124.88,123.01,123.01,2021,128.17,124.38,BEARISH_20_BAR_BREAKOUT,0.10568246484025318,0.07316478335093829,0.4064710186163726
1992-09-01,00:00:00,123.1,123.3,122.6,122.6,901,128.17,122.7,BEARISH_20_BAR_BREAKOUT,0.4078303425774878,0.36704730831974136,0.4893964110929923
1992-09-22,00:00:00,123.6,123.71,120.8,121.0,3221,125.62,122.25,BEARISH_20_BAR_BREAKOUT,-0.7355371900826451,-0.12396694214876502,-0.991735537190085
1992-09-23,00:00:00,121.0,122.0,119.65,120.11,3811,125.62,120.8,BEARISH_20_BAR_BREAKOUT,0.28307384897177873,-0.44958787777870807,-0.40795937057696685
1992-09-28,00:00:00,120.6,120.6,119.14,119.57,1891,125.62,119.65,BEARISH_20_BAR_BREAKOUT,-0.2843522622731364,0.04181650915782502,0.025089905494690257
1992-10-21,00:00:00,122.49,122.93,121.63,122.61,2481,122.6,118.65,BULLISH_20_BAR_BREAKOUT,-1.557784846260498,-0.49751243781094484,0.4485767881901943
1992-10-28,00:00:00,122.1,123.5,121.7,123.0,2701,122.93,118.65,BULLISH_20_BAR_BREAKOUT,0.13008130081300534,0.4390243902439075,-0.1626016260162625
1992-11-09,00:00:00,123.41,124.3,123.4,124.22,991,123.96,119.37,BULLISH_20_BAR_BREAKOUT,-0.16100466913540723,-0.25760747061664235,0.11270326839478391
1992-11-16,00:00:00,124.15,124.95,124.1,124.69,1161,124.57,119.48,BULLISH_20_BAR_BREAKOUT,-0.2646563477423998,-1.1147646162482963,-0.7538695965995651
1993-01-04,00:00:00,124.75,125.43,124.75,125.26,851,125.06,123.25,BULLISH_20_BAR_BREAKOUT,-0.30336899249561683,-0.03991697269679975,-0.047900367236150626
1993-01-13,00:00:00,125.23,126.21,125.23,125.61,1581,125.48,123.25,BULLISH_20_BAR_BREAKOUT,0.1751452909800166,-0.16718414139001173,-0.5652416208900515
1993-02-09,00:00:00,123.72,123.99,121.13,121.17,3171,126.21,122.98,BEARISH_20_BAR_BREAKOUT,0.1733102253032877,-0.4291491293224363,-1.3369645951968345
1993-02-17,00:00:00,119.88,120.2,119.28,119.55,1511,125.53,119.6,BEARISH_20_BAR_BREAKOUT,-0.35968214136344007,-2.7436219155165213,-1.8151401087411139
1993-02-18,00:00:00,119.55,120.05,119.12,119.12,1431,125.45,119.28,BEARISH_20_BAR_BREAKOUT,-0.6883814640698517,-1.771323035594358,-0.85627938213567
1993-02-19,00:00:00,119.0,119.45,118.22,118.3,1761,125.45,119.12,BEARISH_20_BAR_BREAKOUT,-1.7159763313609477,-0.5663567202028755,0.3803888419273059
1993-02-22,00:00:00,118.15,118.4,115.94,116.27,3041,125.45,118.22,BEARISH_20_BAR_BREAKOUT,0.6364496430721674,0.954674464608239,1.1180872108024402
1993-03-18,00:00:00,117.15,117.3,115.65,115.85,2001,120.05,115.94,BEARISH_20_BAR_BREAKOUT,0.17263703064307542,0.04315925766077805,0.561070349589992
1993-03-22,00:00:00,116.13,116.45,115.4,115.61,1581,119.1,115.62,BEARISH_20_BAR_BREAKOUT,0.25084335265116015,1.4358619496583311,0.7698295995156134
1993-03-31,00:00:00,116.52,116.6,114.64,114.76,2161,118.66,115.13,BEARISH_20_BAR_BREAKOUT,-0.705820843499479,-0.9672359707215052,-1.2722202858138794
1993-04-01,00:00:00,114.76,115.2,113.78,113.95,2031,118.66,114.64,BEARISH_20_BAR_BREAKOUT,-0.30715225976306143,-0.04387889425186236,-0.7459412022817099
1993-04-02,00:00:00,114.05,114.55,113.58,113.6,1491,118.66,113.78,BEARISH_20_BAR_BREAKOUT,0.04401408450705226,-0.0880281690140795,-0.7658450704225267
1993-04-08,00:00:00,113.48,113.78,112.95,113.3,1481,118.66,113.35,BEARISH_20_BAR_BREAKOUT,-0.1765225066195965,0.08826125330980453,-1.0150044130626579
1993-04-12,00:00:00,113.15,113.15,112.73,112.73,421,118.66,112.95,BEARISH_20_BAR_BREAKOUT,0.5943404595050135,0.32821786569678907,-2.0668854785771296
1993-04-16,00:00:00,113.19,113.28,112.12,112.15,1281,117.85,112.59,BEARISH_20_BAR_BREAKOUT,-1.0699955416852454,-1.3820775746767822,-1.4266607222469982
1993-04-19,00:00:00,111.75,111.8,110.75,110.95,1301,117.85,112.12,BEARISH_20_BAR_BREAKOUT,-0.49571879224875814,-1.0365029292474137,0.8111762054979644
1993-04-20,00:00:00,111.0,111.38,110.28,110.4,1601,117.85,110.75,BEARISH_20_BAR_BREAKOUT,0.18115942028984477,0.045289855072461194,1.4492753623188355
1993-04-22,00:00:00,110.61,111.65,109.58,109.8,3331,117.6,109.9,BEARISH_20_BAR_BREAKOUT,0.5919854280510071,1.8670309653916184,1.0928961748633905
1993-05-25,00:00:00,110.55,110.75,109.0,109.1,2051,112.45,109.28,BEARISH_20_BAR_BREAKOUT,-0.5041246562786409,-1.9248395967002698,-1.7415215398716697
1993-05-26,00:00:00,109.21,109.3,108.35,108.55,1241,112.45,109.0,BEARISH_20_BAR_BREAKOUT,-1.1515430677107323,-1.381851681252879,-1.2713035467526443
1993-05-27,00:00:00,108.4,108.82,107.1,107.3,2341,112.4,108.35,BEARISH_20_BAR_BREAKOUT,-0.27958993476234595,-0.35414725069897063,0.4193849021435255
1993-05-28,00:00:00,107.4,107.85,106.78,107.0,1741,112.4,107.1,BEARISH_20_BAR_BREAKOUT,0.04672897196261417,0.18691588785046995,0.09345794392522834
1993-06-08,00:00:00,107.1,107.95,105.9,106.15,3151,112.4,106.45,BEARISH_20_BAR_BREAKOUT,0.25435704192180497,-0.02826189354686871,0.3768252472915605
1993-06-14,00:00:00,105.9,106.0,104.98,105.1,1241,112.0,105.75,BEARISH_20_BAR_BREAKOUT,0.8468125594671747,1.9980970504281719,5.42340627973359
1993-08-11,00:00:00,104.58,104.75,103.45,103.75,1771,109.1,103.85,BEARISH_20_BAR_BREAKOUT,-0.5783132530120427,-2.024096385542163,1.9759036144578288
1993-08-12,00:00:00,103.65,103.8,102.85,103.15,1401,108.95,103.45,BEARISH_20_BAR_BREAKOUT,-1.2409112942317024,-1.9389238972370333,1.308773630634992
1993-08-13,00:00:00,102.96,103.05,101.7,101.87,1611,108.95,102.85,BEARISH_20_BAR_BREAKOUT,-0.21596151958378212,-0.16687935604201598,1.2565033866692854
1993-08-16,00:00:00,101.6,101.85,100.7,101.65,2251,108.95,101.7,BEARISH_20_BAR_BREAKOUT,-0.4918839153959665,4.082636497786514,2.0167240531234603
1993-10-21,00:00:00,107.28,108.45,107.2,108.07,1711,107.76,104.67,BULLISH_20_BAR_BREAKOUT,-0.06477283242342295,0.15730545017118694,0.508929397612669
1993-11-12,00:00:00,106.45,106.75,105.5,105.75,1801,109.05,106.2,BEARISH_20_BAR_BREAKOUT,0.8794326241134817,0.9456264775413712,2.505910165484639
1993-12-15,00:00:00,109.35,109.99,109.18,109.76,1211,109.65,106.49,BULLISH_20_BAR_BREAKOUT,2.596574344023318,3.006559766763846,2.2776967930029155
1994-01-03,00:00:00,111.73,112.84,111.55,112.61,1701,109.99,106.49,BULLISH_20_BAR_BREAKOUT,0.026640618062340058,0.08880206020779177,-0.2486457685818321
1994-01-27,00:00:00,110.0,110.1,108.3,108.61,2211,113.65,108.7,BEARISH_20_BAR_BREAKOUT,1.2890157444065975,-0.883896510450229,0.5984715956173516
1994-02-01,00:00:00,108.0,108.5,107.48,107.65,1691,113.65,108.15,BEARISH_20_BAR_BREAKOUT,0.5666511843938684,1.49558755225267,0.5387830933581034
1994-02-11,00:00:00,108.12,108.54,106.75,107.1,2561,112.47,107.48,BEARISH_20_BAR_BREAKOUT,-4.528478057889817,-3.0718954248365944,-0.7282913165266118
1994-02-14,00:00:00,106.05,106.55,101.1,102.25,7101,112.47,106.75,BEARISH_20_BAR_BREAKOUT,1.3691931540342352,1.867970660146696,3.2371638141809314
1994-04-28,00:00:00,102.35,102.7,101.2,101.36,2011,105.95,102.05,BEARISH_20_BAR_BREAKOUT,0.33543804262036647,-0.29597474348855285,1.035911602209942
1994-05-13,00:00:00,104.19,105.15,104.0,105.01,1481,104.9,100.58,BULLISH_20_BAR_BREAKOUT,-0.19045805161413468,-1.3808208742024595,-0.6094657651652229
1994-06-03,00:00:00,104.89,105.55,104.85,105.4,891,105.2,102.2,BULLISH_20_BAR_BREAKOUT,-0.09487666034156406,-1.3662239089184174,-2.38140417457306
1994-06-13,00:00:00,103.5,103.8,102.6,102.89,1791,105.64,103.3,BEARISH_20_BAR_BREAKOUT,-0.009719117504135597,0.5928661677519675,-2.517251433569835
1994-06-20,00:00:00,102.63,102.8,101.75,102.01,1481,105.64,102.3,BEARISH_20_BAR_BREAKOUT,-1.6763062444858423,-0.548965787667878,-1.9017743358494381
1994-06-21,00:00:00,102.0,102.3,99.75,100.3,3401,105.64,101.75,BEARISH_20_BAR_BREAKOUT,0.8973080757726876,0.29910269192422445,-1.4955134596211366
1994-06-29,00:00:00,99.92,100.0,98.45,98.8,1981,105.64,99.4,BEARISH_20_BAR_BREAKOUT,-0.36437246963562697,0.2024291497975737,-0.2024291497975737
1994-06-30,00:00:00,98.7,99.23,98.3,98.44,1601,105.64,98.45,BEARISH_20_BAR_BREAKOUT,0.34538805363673647,0.5688744412840332,-0.34538805363673647
1994-07-11,00:00:00,98.3,98.63,96.89,97.6,2781,103.8,97.63,BEARISH_20_BAR_BREAKOUT,-0.12295081967212125,1.0245901639344264,1.7418032786885276
1994-07-28,00:00:00,98.4,100.35,98.25,100.15,2451,99.9,96.5,BULLISH_20_BAR_BREAKOUT,0.0,0.2496255616575137,0.09985022466299982
1994-08-08,00:00:00,100.14,101.85,100.1,101.49,2151,100.95,96.5,BULLISH_20_BAR_BREAKOUT,-0.16750418760469182,-1.221795250763617,-0.7981081879988059
1994-10-07,00:00:00,99.83,100.85,99.68,100.67,1501,100.2,97.5,BULLISH_20_BAR_BREAKOUT,-0.26820303963444525,-0.8642097943776741,-2.6621635045197247
1994-11-15,00:00:00,98.36,98.89,98.0,98.79,1351,98.58,96.05,BULLISH_20_BAR_BREAKOUT,-0.5466140297601034,-0.18220467658670594,-0.3745318352059971
1994-12-01,00:00:00,98.85,99.54,98.75,99.31,1121,99.26,96.75,BULLISH_20_BAR_BREAKOUT,1.3795186788843063,0.835766790856911,0.7954888732252462
1994-12-02,00:00:00,99.25,100.81,99.2,100.68,1791,99.54,96.75,BULLISH_20_BAR_BREAKOUT,-0.3178386968613502,-0.7151370679380344,-0.5760826380611963
1995-01-04,00:00:00,100.61,101.54,100.6,101.4,1091,100.84,97.82,BULLISH_20_BAR_BREAKOUT,-0.4930966469428008,-1.3116370808678623,-2.731755424063126
1995-01-13,00:00:00,98.55,99.16,98.25,98.5,1771,101.54,98.55,BEARISH_20_BAR_BREAKOUT,0.0,1.0964467005076126,1.3401015228426327
1995-02-16,00:00:00,98.28,98.45,97.18,97.55,1811,100.3,98.1,BEARISH_20_BAR_BREAKOUT,-0.28703229113275364,-0.4510507432086087,-0.6048180420297319
1995-03-02,00:00:00,96.7,97.03,94.83,95.28,2981,100.01,96.25,BEARISH_20_BAR_BREAKOUT,-1.133501259445842,-4.733417296389594,-4.712426532325771
1995-03-03,00:00:00,95.27,95.69,93.64,94.2,3031,100.01,94.83,BEARISH_20_BAR_BREAKOUT,-1.2845010615711336,-2.781316348195334,-3.715498938428875
1995-03-06,00:00:00,93.74,94.1,92.34,92.99,2771,99.8,93.64,BEARISH_20_BAR_BREAKOUT,-2.3873534788686945,-2.0862458328852544,-2.398107323368093
1995-03-07,00:00:00,92.94,93.06,89.0,90.77,5951,99.56,92.34,BEARISH_20_BAR_BREAKOUT,0.8923653189379775,0.02203371157872671,-1.3881238294590625
1995-03-23,00:00:00,89.02,89.12,87.95,88.15,1471,97.6,88.3,BEARISH_20_BAR_BREAKOUT,0.8621667612024854,0.7600680657969228,-1.758366420873524
1995-03-31,00:00:00,89.68,89.95,86.1,86.6,4621,95.69,87.9,BEARISH_20_BAR_BREAKOUT,-1.1893764434180154,-0.49653579676673515,-3.198614318706693
1995-04-03,00:00:00,86.5,87.33,85.52,85.57,2691,94.1,86.1,BEARISH_20_BAR_BREAKOUT,0.7946710295664449,-0.701180320205673,-2.360640411359117
1995-04-06,00:00:00,86.15,86.45,84.8,84.97,2121,92.55,85.52,BEARISH_20_BAR_BREAKOUT,-1.3181122749205656,-1.6711780628457122,-1.8594798164057884
1995-04-07,00:00:00,84.9,85.56,83.52,83.85,3031,91.92,84.8,BEARISH_20_BAR_BREAKOUT,-0.023852116875367948,0.0,-2.206320810971967
1995-05-11,00:00:00,83.85,86.3,83.55,85.76,3591,84.6,79.75,BULLISH_20_BAR_BREAKOUT,1.2593283582089532,0.9678171641791025,1.2360074626865531
1995-05-12,00:00:00,85.73,87.2,85.3,86.84,2691,86.3,79.75,BULLISH_20_BAR_BREAKOUT,-0.529709811146946,0.011515430677096851,0.5988023952095762
1995-07-07,00:00:00,84.92,87.15,84.92,86.71,2671,86.15,83.5,BULLISH_20_BAR_BREAKOUT,0.2306539038173254,0.49590589320725037,2.7447814554261445
1995-07-17,00:00:00,88.0,89.3,88.0,89.09,1511,88.59,83.5,BULLISH_20_BAR_BREAKOUT,-0.718374677292626,-1.088786620271634,-1.2683802895948024
1995-08-02,00:00:00,88.06,91.32,88.0,91.19,3511,89.3,84.68,BULLISH_20_BAR_BREAKOUT,-0.8224586029169865,0.30705121175567623,1.7107138940673345
1995-08-04,00:00:00,90.34,91.55,90.34,91.45,1311,91.32,84.92,BULLISH_20_BAR_BREAKOUT,0.02186987424821872,0.2296336796063354,2.4275560415527595
1995-08-10,00:00:00,91.6,93.0,91.45,92.75,1951,91.97,86.8,BULLISH_20_BAR_BREAKOUT,1.2614555256064708,4.991913746630723,5.1859838274932635
1995-08-11,00:00:00,92.65,94.11,92.55,93.92,1851,93.0,86.8,BULLISH_20_BAR_BREAKOUT,-0.2661839863713799,4.397359454855191,3.3858603066439446
1995-08-15,00:00:00,93.6,97.52,93.2,97.38,4861,94.5,86.8,BULLISH_20_BAR_BREAKOUT,0.6880262887656621,0.1848428835489904,-0.862600123228578
1995-08-16,00:00:00,97.32,99.1,97.23,98.05,3011,97.52,86.8,BULLISH_20_BAR_BREAKOUT,-0.775114737378879,-0.9688934217236134,-1.3258541560428323
1995-09-08,00:00:00,99.15,100.25,98.55,99.76,2791,99.45,92.55,BULLISH_20_BAR_BREAKOUT,0.2806736166800332,2.947072975140334,3.1976744186046484
1995-09-12,00:00:00,100.02,101.25,99.92,101.11,1571,100.25,93.2,BULLISH_20_BAR_BREAKOUT,1.57254475323905,3.0560775393136224,1.4736425675007367
1995-09-13,00:00:00,101.07,102.88,100.7,102.7,2731,101.25,95.93,BULLISH_20_BAR_BREAKOUT,-0.243427458617332,0.243427458617332,-3.4371957156767294
1995-09-15,00:00:00,102.38,104.26,102.33,104.2,2041,103.83,95.93,BULLISH_20_BAR_BREAKOUT,-1.199616122840691,-1.5355086372360927,-3.4932821497120923
1995-09-19,00:00:00,103.27,104.8,102.97,104.6,2331,104.55,95.93,BULLISH_20_BAR_BREAKOUT,-1.9120458891013385,-4.2829827915869885,-3.9196940726577387
1995-11-01,00:00:00,101.86,103.39,101.84,103.36,1601,102.52,99.2,BULLISH_20_BAR_BREAKOUT,0.7352941176470638,-0.09674922600618645,-2.5735294117647025
1995-11-02,00:00:00,103.32,104.16,103.12,104.12,1281,103.39,99.2,BULLISH_20_BAR_BREAKOUT,-0.1632731463695752,-1.1044948136765325,-3.0445639646561675
1996-01-02,00:00:00,103.41,104.08,103.07,103.95,1481,102.85,100.4,BULLISH_20_BAR_BREAKOUT,0.8850408850408867,1.4237614237614276,0.9139009139009165
1996-01-03,00:00:00,103.83,105.05,103.78,104.87,1501,104.08,100.4,BULLISH_20_BAR_BREAKOUT,0.3146753122914068,0.3528177743873275,-0.019071231047973904
1996-01-04,00:00:00,104.75,106.63,104.55,105.2,3711,105.05,100.4,BULLISH_20_BAR_BREAKOUT,0.21863117870722812,-0.874524714828899,0.09505703422052691
1996-01-24,00:00:00,105.95,107.22,105.87,107.16,1491,106.63,100.68,BULLISH_20_BAR_BREAKOUT,-0.0933184023889458,-0.41993281075028266,-0.33594624860022343
1996-02-19,00:00:00,105.09,105.45,103.54,104.18,2911,107.58,104.69,BEARISH_20_BAR_BREAKOUT,1.6125935880207263,0.6719139950086279,0.30716068343251407
1996-03-21,00:00:00,106.35,106.98,106.23,106.83,1021,106.75,103.3,BULLISH_20_BAR_BREAKOUT,0.01872133295890295,-0.2620986614246945,0.477393990452125
1996-03-29,00:00:00,106.16,107.34,106.0,107.34,1501,107.27,104.84,BULLISH_20_BAR_BREAKOUT,0.2515371716042445,-0.32606670393144077,0.4285448108813059
1996-04-01,00:00:00,107.33,107.78,107.23,107.61,821,107.34,104.84,BULLISH_20_BAR_BREAKOUT,0.018585633305451186,-0.47393364928910425,0.7248396989127415
1996-04-09,00:00:00,107.75,108.44,107.6,108.39,1041,108.05,105.04,BULLISH_20_BAR_BREAKOUT,-0.036903773410837025,0.2398745271704079,-0.17529292370144636
1996-04-26,00:00:00,106.7,106.89,105.11,105.55,2411,109.07,106.0,BEARISH_20_BAR_BREAKOUT,-0.5779251539554708,-0.1421127427759275,-0.6158218853623794
1996-04-29,00:00:00,105.25,105.75,103.75,104.94,3691,109.07,105.11,BEARISH_20_BAR_BREAKOUT,0.2191728606822984,-0.5145797598627712,0.37164093767867407
1996-05-24,00:00:00,106.85,108.03,106.73,107.95,1501,107.5,103.75,BULLISH_20_BAR_BREAKOUT,-0.0555812876331656,0.1852709587772143,0.43538675312644637
1996-05-28,00:00:00,107.89,108.96,107.85,108.88,1231,108.03,104.0,BULLISH_20_BAR_BREAKOUT,-0.6704628949301891,-0.6980161645848557,0.20205731080088066
1996-07-02,00:00:00,109.65,110.45,109.65,110.36,891,110.05,107.6,BULLISH_20_BAR_BREAKOUT,-0.018122508155125065,0.4349401957230917,0.0815512866980821
1996-07-05,00:00:00,110.39,111.09,110.35,110.84,1031,110.75,107.6,BULLISH_20_BAR_BREAKOUT,0.0180440274269181,-0.3518585348249734,-0.5052327679538093
1996-07-22,00:00:00,107.91,108.25,107.1,107.5,1891,111.25,107.75,BEARISH_20_BAR_BREAKOUT,0.3255813953488319,0.7906976744185994,0.46511627906976744
1996-07-31,00:00:00,107.8,108.1,106.28,106.85,2691,111.25,106.88,BEARISH_20_BAR_BREAKOUT,0.2339728591483388,-0.25269068788020216,1.3570425830603676
1996-08-30,00:00:00,108.32,109.0,108.23,108.92,941,108.78,106.4,BULLISH_20_BAR_BREAKOUT,0.21116415717958498,-0.1101726037458727,0.26625045905250827
1996-09-02,00:00:00,108.92,109.42,108.75,109.15,1111,109.0,106.4,BULLISH_20_BAR_BREAKOUT,0.1374255611543669,0.07329363261566495,0.5222171323866176
1996-09-10,00:00:00,109.19,110.05,109.1,109.72,1371,109.54,107.4,BULLISH_20_BAR_BREAKOUT,0.5377324097703277,0.6835581480131243,-0.4921618665694422
1996-09-11,00:00:00,109.75,110.5,109.7,110.31,1041,110.05,107.41,BULLISH_20_BAR_BREAKOUT,-0.14504578007433286,-0.12691505756504448,-0.7433596228809786
1996-09-27,00:00:00,110.58,111.01,110.33,110.85,1091,110.79,108.23,BULLISH_20_BAR_BREAKOUT,0.4691023906179615,0.9472259810554906,0.33378439332431625
1996-09-30,00:00:00,110.8,111.75,110.8,111.37,1331,111.01,108.57,BULLISH_20_BAR_BREAKOUT,0.15264433869085184,0.044895393732600486,0.251414204902578
1996-10-02,00:00:00,111.53,112.15,111.4,111.9,1131,111.75,108.57,BULLISH_20_BAR_BREAKOUT,-0.4289544235924968,-0.607685433422705,-0.607685433422705
1996-10-15,00:00:00,111.67,112.43,111.62,112.26,1031,112.15,108.79,BULLISH_20_BAR_BREAKOUT,0.08017103153392945,0.169249955460536,0.552289328344905
1996-10-18,00:00:00,112.18,112.72,112.0,112.45,1171,112.43,108.95,BULLISH_20_BAR_BREAKOUT,0.21342819030679847,0.3823921742996822,1.6807469986660741
1996-10-25,00:00:00,112.8,113.55,112.75,113.45,951,113.22,110.33,BULLISH_20_BAR_BREAKOUT,0.7844865579550467,0.6170118995152074,0.28206258263551626
1996-10-28,00:00:00,113.41,114.56,113.3,114.34,1591,113.55,110.76,BULLISH_20_BAR_BREAKOUT,0.0,-0.25362952597516725,-0.05247507433969063
1996-11-11,00:00:00,111.52,112.03,110.86,111.07,1891,114.95,111.26,BEARISH_20_BAR_BREAKOUT,0.4681732240929236,0.4501665616278023,0.47717655532547143
1997-01-02,00:00:00,116.02,116.3,115.28,115.73,1751,114.85,110.6,BULLISH_20_BAR_BREAKOUT,0.6307785362481549,-0.29378726345805184,0.3888360839885966
1997-01-03,00:00:00,115.67,116.8,115.3,116.46,2211,116.3,110.85,BULLISH_20_BAR_BREAKOUT,-0.6182380216383297,-0.5495449081229612,0.13738622703074946
1997-01-20,00:00:00,117.31,118.32,117.25,118.0,1451,117.55,111.73,BULLISH_20_BAR_BREAKOUT,0.10169491525424115,0.6949152542372824,2.5423728813559325
1997-01-22,00:00:00,118.07,119.25,117.8,119.06,1911,118.32,111.73,BULLISH_20_BAR_BREAKOUT,-0.2015790357802865,0.41155719805139834,2.5533344532168587
1997-01-28,00:00:00,119.64,121.85,119.45,121.0,3441,120.2,112.43,BULLISH_20_BAR_BREAKOUT,1.1157024793388381,0.3057851239669459,2.173553719008261
1997-01-29,00:00:00,120.97,122.9,120.9,122.35,2621,121.85,112.69,BULLISH_20_BAR_BREAKOUT,-0.2043318348998774,-0.4086636697997548,1.2832039231712362
1997-02-05,00:00:00,122.6,123.9,122.48,123.63,1811,122.9,114.9,BULLISH_20_BAR_BREAKOUT,0.23457089703146994,-0.541939658658903,0.6551807813637486
1997-02-06,00:00:00,123.6,124.15,122.7,123.92,2581,123.9,115.2,BULLISH_20_BAR_BREAKOUT,-0.5810200129115549,-0.35506778566817115,0.306649451258873
1997-04-07,00:00:00,124.3,125.9,124.22,125.77,1891,124.59,121.1,BULLISH_20_BAR_BREAKOUT,0.4850123240836443,0.06360817365031271,0.24648167289496883
1997-04-08,00:00:00,125.75,126.62,125.35,126.38,1911,125.9,121.1,BULLISH_20_BAR_BREAKOUT,0.4193701535053024,-0.14242759930368146,-0.37980693147649136
1997-04-09,00:00:00,126.31,127.02,126.0,126.91,1441,126.62,121.35,BULLISH_20_BAR_BREAKOUT,-0.8352375699314493,-0.22850839177369162,-0.6618863761720932
1997-05-08,00:00:00,125.15,125.38,123.39,123.8,2631,127.55,124.55,BEARISH_20_BAR_BREAKOUT,-2.98869143780291,-4.32148626817447,-6.421647819063008
1997-05-09,00:00:00,123.69,123.76,118.99,120.1,5951,127.55,123.39,BEARISH_20_BAR_BREAKOUT,-0.6910907577019136,-2.872606161532047,-3.6802664446294653
1997-05-14,00:00:00,118.4,119.35,116.5,116.65,3951,127.55,117.4,BEARISH_20_BAR_BREAKOUT,-0.6600942991856067,-0.8315473639091289,-0.40291470210029906
1997-05-15,00:00:00,116.58,117.51,114.66,115.88,5001,127.55,116.5,BEARISH_20_BAR_BREAKOUT,-0.025888850535037224,-2.7873662409388937,-0.2502588885053435
1997-05-20,00:00:00,115.63,115.71,111.88,112.65,4681,127.55,114.66,BEARISH_20_BAR_BREAKOUT,1.3315579227696404,2.609853528628493,2.6631158455392807
1997-06-11,00:00:00,112.0,112.6,110.51,111.23,3411,119.35,111.6,BEARISH_20_BAR_BREAKOUT,2.6701429470466587,1.8160568192034487,2.5982199047019696
1997-07-25,00:00:00,116.13,117.16,115.92,116.92,1691,116.6,111.9,BULLISH_20_BAR_BREAKOUT,0.8210742387957524,1.1717413616147832,1.0092370851864458
1997-07-28,00:00:00,116.88,117.97,116.85,117.88,1241,117.16,111.9,BULLISH_20_BAR_BREAKOUT,0.3562945368171036,0.6277570410587116,1.2894468951476163
1997-07-29,00:00:00,117.85,118.5,117.1,118.3,2351,117.97,111.9,BULLISH_20_BAR_BREAKOUT,-0.008453085376154612,0.1267962806424393,0.3127641589180089
1997-08-05,00:00:00,118.04,119.53,117.92,119.4,1861,119.27,112.25,BULLISH_20_BAR_BREAKOUT,-0.6113902847571222,-3.97822445561139,-3.1574539363484173
1997-08-29,00:00:00,118.92,121.29,118.73,120.89,3151,119.68,114.25,BULLISH_20_BAR_BREAKOUT,0.03308793117710832,-0.0744478451484849,0.2564314666225513
1997-09-02,00:00:00,120.88,121.87,120.3,121.48,2541,121.29,114.25,BULLISH_20_BAR_BREAKOUT,-0.5597629239381025,-0.23049061573921725,-1.9591702337833468
1997-09-18,00:00:00,120.63,122.4,120.49,121.98,2471,121.87,116.0,BULLISH_20_BAR_BREAKOUT,0.16396130513199117,0.08198065256598976,-0.5984587637317625
1997-11-05,00:00:00,121.84,123.55,121.83,123.15,2131,122.48,118.65,BULLISH_20_BAR_BREAKOUT,0.44660982541615685,0.9581810799837536,2.1924482338611355
1997-11-06,00:00:00,123.11,123.85,122.62,123.7,1871,123.55,118.65,BULLISH_20_BAR_BREAKOUT,0.5578011317704105,0.9377526273241686,1.3742926434923224
1997-11-07,00:00:00,123.69,124.39,123.08,124.39,1921,123.85,118.65,BULLISH_20_BAR_BREAKOUT,-0.04823538869684241,1.4952970496020577,1.0129431626336565
1997-11-11,00:00:00,124.29,125.43,124.2,124.86,1891,124.55,118.65,BULLISH_20_BAR_BREAKOUT,1.1132468364568322,0.4324843825084144,1.826045170591063
1997-11-12,00:00:00,124.76,126.6,124.55,126.25,2611,125.43,118.65,BULLISH_20_BAR_BREAKOUT,-0.31683168316832133,-0.47524752475247073,-0.11881188118812332
1997-12-01,00:00:00,127.79,129.4,127.6,128.81,2581,128.1,119.85,BULLISH_20_BAR_BREAKOUT,-0.1785575654064046,0.3804052480397555,0.6210697927179656
1997-12-05,00:00:00,129.27,130.6,128.9,130.3,2371,129.85,123.08,BULLISH_20_BAR_BREAKOUT,0.03837298541825245,-0.7751343054489787,0.4221028396009078
1998-01-02,00:00:00,130.49,132.65,130.45,132.37,253,131.66,124.85,BULLISH_20_BAR_BREAKOUT,0.8536677494900623,-0.3021832741557798,0.3172924378635548
1998-01-05,00:00:00,132.19,134.15,131.85,133.5,330,132.65,124.85,BULLISH_20_BAR_BREAKOUT,0.5617977528089888,-0.7490636704119851,-1.5955056179775244
1998-01-06,00:00:00,133.34,134.35,132.95,134.25,190,134.15,124.85,BULLISH_20_BAR_BREAKOUT,-1.6983240223463696,-1.5270018621974013,-2.569832402234628
1998-01-21,00:00:00,128.3,128.95,126.6,126.8,321,134.45,127.36,BEARISH_20_BAR_BREAKOUT,0.3864353312302911,-0.11041009463722443,-0.6703470031545697
1998-01-23,00:00:00,127.4,127.65,125.4,125.8,291,134.45,126.4,BEARISH_20_BAR_BREAKOUT,0.6836248012718597,-0.6359300476947514,0.476947535771072
1998-02-04,00:00:00,125.85,125.9,123.25,123.78,324,134.45,124.3,BEARISH_20_BAR_BREAKOUT,-0.16157699143642176,0.4604944255937899,0.6220714170302116
1998-02-20,00:00:00,126.06,128.2,125.85,128.0,277,127.85,122.35,BULLISH_20_BAR_BREAKOUT,0.03906250000000888,0.25781250000000977,-1.8359374999999956
1998-03-11,00:00:00,127.31,129.65,127.15,129.25,307,129.05,122.35,BULLISH_20_BAR_BREAKOUT,-0.2862669245648004,0.15473887814312468,1.1837524177949719
1998-03-18,00:00:00,128.8,130.68,128.73,130.1,261,129.85,124.72,BULLISH_20_BAR_BREAKOUT,0.5226748654880913,0.19215987701767873,-1.3451191391237511
1998-03-19,00:00:00,130.08,130.96,129.48,130.78,227,130.68,124.72,BULLISH_20_BAR_BREAKOUT,-0.2752714482336853,-0.38232145588010397,-0.3440893102920849
1998-03-30,00:00:00,130.11,132.32,129.95,132.18,268,131.35,124.72,BULLISH_20_BAR_BREAKOUT,0.7111514601301239,0.9608110152821772,1.0440308669995426
1998-03-31,00:00:00,132.14,133.8,131.41,133.12,381,132.32,125.22,BULLISH_20_BAR_BREAKOUT,0.39813701923077005,1.4873798076923,-1.3521634615384701
1998-04-03,00:00:00,133.45,135.52,133.12,135.1,1023,134.1,126.92,BULLISH_20_BAR_BREAKOUT,-0.28867505551442363,-2.7979274611398974,-4.174685418208724
1998-05-12,00:00:00,132.82,134.17,132.6,133.95,5522,133.65,128.87,BULLISH_20_BAR_BREAKOUT,0.1717058603956836,0.5076521089958991,1.537887271369916
1998-05-13,00:00:00,134.0,134.53,133.7,134.18,6603,134.17,128.87,BULLISH_20_BAR_BREAKOUT,-0.3651811000149121,1.527798479654183,0.499329259204045
1998-05-18,00:00:00,134.68,136.5,134.65,136.23,8777,134.72,129.64,BULLISH_20_BAR_BREAKOUT,0.12478895984732873,-1.0129927328782173,1.2038464361741283
1998-05-25,00:00:00,136.52,137.33,136.15,137.07,2931,136.8,130.72,BULLISH_20_BAR_BREAKOUT,0.5836433938863438,1.2621288392792136,1.232946669584882
1998-05-26,00:00:00,137.01,138.12,136.9,137.87,10555,137.33,131.25,BULLISH_20_BAR_BREAKOUT,-0.34090084862551595,0.7108145354319212,0.6382824399796877
1998-05-28,00:00:00,137.4,139.0,136.75,138.8,6737,138.12,131.25,BULLISH_20_BAR_BREAKOUT,0.03602305475503094,-0.028818443804049323,0.6484149855907616
1998-06-01,00:00:00,138.7,139.8,138.4,139.7,5633,139.3,131.25,BULLISH_20_BAR_BREAKOUT,-0.6728704366499626,-0.9162491052254841,0.3579098067287044
1998-06-08,00:00:00,139.85,140.81,139.7,140.67,12084,140.01,132.2,BULLISH_20_BAR_BREAKOUT,-0.3341153053245176,2.1966304116016233,1.9051681239781098
1998-06-10,00:00:00,140.2,141.73,140.1,141.48,14538,141.3,133.42,BULLISH_20_BAR_BREAKOUT,1.6115351993214597,3.286683630195085,-2.572801809443021
1998-06-11,00:00:00,141.44,144.02,140.9,143.76,13409,141.73,133.42,BULLISH_20_BAR_BREAKOUT,0.39649415692822876,-0.2851975514746777,-5.36310517529214
1998-06-12,00:00:00,143.72,144.8,143.51,144.33,14383,144.02,133.42,BULLISH_20_BAR_BREAKOUT,1.247141966327155,-5.231067692094514,-4.316496916787929
1998-06-15,00:00:00,144.25,146.7,144.18,146.13,11121,144.8,134.65,BULLISH_20_BAR_BREAKOUT,-1.9024156572914537,-5.673030862930262,-4.6602340381851795
1998-07-31,00:00:00,143.77,144.93,143.45,144.54,7087,144.4,138.08,BULLISH_20_BAR_BREAKOUT,0.7333610073336116,-0.449702504497029,1.2038190120381966
1998-08-03,00:00:00,144.85,146.0,144.55,145.6,7688,144.93,138.08,BULLISH_20_BAR_BREAKOUT,-0.3914835164835118,-0.748626373626376,1.1401098901098878
1998-08-07,00:00:00,144.58,146.97,144.32,146.24,10598,146.05,138.53,BULLISH_20_BAR_BREAKOUT,0.027352297592992368,-0.11624726477025159,-0.047866520787760936
1998-08-11,00:00:00,146.3,147.71,146.0,147.26,9651,146.97,138.53,BULLISH_20_BAR_BREAKOUT,-0.8080945266874899,-0.5296754040472642,-2.2613065326633057
1998-08-31,00:00:00,141.55,142.57,139.0,139.13,6141,147.71,140.0,BEARISH_20_BAR_BREAKOUT,-1.7178178681808283,-3.658448932652917,-5.095953424854455
1998-09-01,00:00:00,139.16,139.95,134.93,136.74,8133,147.71,139.0,BEARISH_20_BAR_BREAKOUT,1.0677197601286963,-2.318268246306871,-0.5411730291063398
1998-09-03,00:00:00,138.22,138.49,133.79,134.04,10032,147.71,134.93,BEARISH_20_BAR_BREAKOUT,-0.35064159952252977,-1.4920919128618324,-2.506714413607867
1998-09-04,00:00:00,133.95,136.04,132.8,133.57,9307,147.71,133.79,BEARISH_20_BAR_BREAKOUT,-1.3775548401587208,1.8192707943400517,-0.9133787527139319
1998-09-07,00:00:00,134.5,134.7,130.55,131.73,9706,147.71,132.8,BEARISH_20_BAR_BREAKOUT,0.23532984134214097,1.7915433082821026,1.8294997343050154
1998-10-07,00:00:00,130.3,130.8,118.85,121.98,16163,138.6,129.1,BEARISH_20_BAR_BREAKOUT,-3.033284144941796,-3.7301196917527437,-5.066404328578461
1998-10-08,00:00:00,122.0,123.55,111.65,118.28,17494,137.25,118.85,BEARISH_20_BAR_BREAKOUT,-1.3780858978694583,0.6932702062901532,-2.544808927967539
1998-11-09,00:00:00,119.25,122.28,119.05,121.68,10041,120.47,113.5,BULLISH_20_BAR_BREAKOUT,0.23011176857329627,0.17258382642997513,-0.40269559500329477
1998-12-11,00:00:00,117.35,118.12,116.2,116.25,14517,124.1,116.6,BEARISH_20_BAR_BREAKOUT,-0.507526881720433,-2.2107526881720374,-3.724731182795697
1998-12-14,00:00:00,116.39,116.84,114.92,115.66,14885,124.1,116.2,BEARISH_20_BAR_BREAKOUT,0.9597094933425553,-1.8588967663842222,-3.250907833304505
1999-01-04,08:00:00,113.47,113.89,113.29,113.68,1661,124.1,114.92,BEARISH_20_BAR_BREAKOUT,-0.14954257565095153,-1.548205489092193,-2.2959183673469505
1999-01-04,16:00:00,113.36,113.52,111.95,112.09,1715,124.1,113.15,BEARISH_20_BAR_BREAKOUT,-0.1516638415558941,-0.1516638415558941,-0.8832188420019708
1999-01-04,20:00:00,112.11,112.17,111.57,111.92,369,124.1,111.95,BEARISH_20_BAR_BREAKOUT,-0.017869907076479646,-0.7594710507505437,-0.5271622587562576
1999-01-11,12:00:00,109.9,110.04,108.62,109.08,3138,113.43,109.77,BEARISH_20_BAR_BREAKOUT,-0.22002200220021534,0.5683901723505725,3.1169783645031224
1999-01-13,16:00:00,112.11,114.13,111.86,113.39,2144,112.85,108.22,BULLISH_20_BAR_BREAKOUT,-0.2381162359996437,0.05291471911103473,-0.14110591762941757
1999-01-14,12:00:00,113.8,114.35,113.52,114.15,1891,114.13,108.22,BULLISH_20_BAR_BREAKOUT,-0.8059570740254066,-0.7095926412615,-0.9811651335961494
1999-01-18,08:00:00,113.79,114.8,113.52,114.65,1631,114.45,111.11,BULLISH_20_BAR_BREAKOUT,-0.24422154382904587,-0.3488879197557834,-0.6192760575665136
1999-01-21,12:00:00,112.94,112.96,112.32,112.51,1958,115.01,112.66,BEARISH_20_BAR_BREAKOUT,0.9421384765798488,1.0399075637721107,1.2887743311705524
1999-01-27,16:00:00,114.43,115.84,114.36,115.72,2044,114.82,113.3,BULLISH_20_BAR_BREAKOUT,0.06049083995852695,-0.11234013135153426,0.5444175596266811
1999-01-28,16:00:00,115.95,116.53,115.57,116.35,2185,116.14,113.3,BULLISH_20_BAR_BREAKOUT,0.0,-0.12892135797162996,-0.3180060163300304
1999-02-02,08:00:00,115.19,115.2,112.8,113.24,2435,116.83,114.79,BEARISH_20_BAR_BREAKOUT,-0.0883080183680628,-0.953726598375131,-0.7682797598021815
1999-02-02,16:00:00,113.13,113.2,111.97,112.08,2301,116.83,112.8,BEARISH_20_BAR_BREAKOUT,0.07137758743754309,0.04461099214846285,0.2765881513204874
1999-02-08,16:00:00,113.63,114.36,113.52,114.33,1790,114.1,111.34,BULLISH_20_BAR_BREAKOUT,0.2099186565205938,0.22741187789731926,0.05247966413015156
1999-02-08,20:00:00,114.36,115.0,114.34,114.57,693,114.36,111.34,BULLISH_20_BAR_BREAKOUT,0.07855459544383644,-0.008728288382640226,-0.4364144191324082
1999-02-10,08:00:00,114.46,115.52,114.45,115.03,1855,115.0,111.34,BULLISH_20_BAR_BREAKOUT,0.09562722767973522,-0.5998435190819766,-0.9910458141354433
1999-02-16,00:00:00,115.47,116.57,115.47,116.32,611,115.94,113.59,BULLISH_20_BAR_BREAKOUT,0.6275790921595633,1.3067400275103251,1.7365887207702977
1999-02-16,04:00:00,116.4,117.52,116.3,117.05,1100,116.57,113.59,BULLISH_20_BAR_BREAKOUT,0.2819307988039285,0.8714224690303255,1.0081161896625432
1999-02-16,12:00:00,117.37,117.96,117.14,117.84,2149,117.52,113.59,BULLISH_20_BAR_BREAKOUT,0.19517990495586368,0.4243041412084182,0.670400543109294
1999-02-16,16:00:00,117.9,118.33,117.72,118.07,1813,117.96,113.59,BULLISH_20_BAR_BREAKOUT,0.46582535783858,0.1355128313712296,0.7537901245024143
1999-02-16,20:00:00,118.05,118.86,118.04,118.62,432,118.33,113.59,BULLISH_20_BAR_BREAKOUT,-0.23604788399932652,-0.30349013657056095,0.2529084471421321
1999-02-17,16:00:00,118.63,119.25,118.51,118.96,1563,118.86,113.8,BULLISH_20_BAR_BREAKOUT,-0.0336247478143847,-0.21856086079353643,0.697713517148632
1999-02-18,12:00:00,118.91,119.9,118.85,119.74,1806,119.25,113.84,BULLISH_20_BAR_BREAKOUT,0.04175714047103004,-0.041757140471018174,0.31735426757976426
1999-02-19,16:00:00,120.09,121.08,119.85,120.95,2078,120.75,116.62,BULLISH_20_BAR_BREAKOUT,0.33071517155848823,0.7027697395617977,-0.48780487804878325
1999-02-19,20:00:00,120.94,121.45,120.62,121.35,533,121.08,117.14,BULLISH_20_BAR_BREAKOUT,0.32962505150391896,0.7169344870210174,-0.37906880922949626
1999-02-22,00:00:00,121.4,121.75,121.3,121.75,443,121.45,117.72,BULLISH_20_BAR_BREAKOUT,0.04106776180697918,-0.3367556468172456,-0.8213552361396305
1999-02-22,04:00:00,121.75,122.52,121.72,121.8,1044,121.75,117.98,BULLISH_20_BAR_BREAKOUT,0.34482758620689796,-1.1822660098522149,-0.9688013136288938
1999-02-25,16:00:00,120.51,120.63,119.11,119.19,2371,122.37,119.8,BEARISH_20_BAR_BREAKOUT,0.36915848645020366,1.2836647369745795,-0.4782280392650333
1999-03-03,08:00:00,121.08,121.47,120.83,121.28,1710,121.25,118.45,BULLISH_20_BAR_BREAKOUT,0.15666226912928574,0.4617414248021127,1.1213720316622686
1999-03-03,16:00:00,121.44,121.74,121.04,121.62,1822,121.53,118.45,BULLISH_20_BAR_BREAKOUT,0.18089130077289825,0.8962341720111735,1.5786877158362123
1999-03-03,20:00:00,121.63,121.9,121.54,121.84,330,121.74,118.45,BULLISH_20_BAR_BREAKOUT,0.2626395272488453,0.6565988181221251,1.2147078135259273
1999-03-04,00:00:00,121.85,122.37,121.72,122.16,540,121.9,118.45,BULLISH_20_BAR_BREAKOUT,0.45022920759659235,0.8513425016372024,0.9741322855271757
1999-03-04,04:00:00,122.15,122.78,122.05,122.71,784,122.37,118.56,BULLISH_20_BAR_BREAKOUT,-0.057045065601819885,0.6763914921359405,0.13853801646157746
1999-03-04,12:00:00,122.61,123.29,122.56,123.2,1701,122.85,118.86,BULLISH_20_BAR_BREAKOUT,0.27597402597402876,0.12175324675323983,-0.3246753246753293
1999-03-04,16:00:00,123.18,123.75,123.12,123.54,1614,123.29,118.86,BULLISH_20_BAR_BREAKOUT,-0.1780799740974689,-0.5342399222923837,-0.7932653391614084
1999-03-09,04:00:00,121.47,121.52,120.91,120.94,1273,123.75,121.09,BEARISH_20_BAR_BREAKOUT,0.38035389449314366,0.40515958326443613,-0.016537125847524408
1999-03-10,12:00:00,120.55,120.68,119.98,120.16,2063,123.47,120.32,BEARISH_20_BAR_BREAKOUT,-0.28295605858855144,-0.5243009320905422,0.0749001331557951
1999-03-10,16:00:00,120.13,120.34,119.58,119.82,2134,123.23,119.98,BEARISH_20_BAR_BREAKOUT,-0.06676681689200326,-0.267067267568013,-0.11684192956099679
1999-03-11,00:00:00,119.74,119.82,119.33,119.53,627,123.18,119.58,BEARISH_20_BAR_BREAKOUT,-0.025098301681587165,0.6023592403580681,0.17568811177109825
1999-03-11,20:00:00,119.73,119.73,118.64,119.25,1080,122.17,119.33,BEARISH_20_BAR_BREAKOUT,0.4109014675052368,0.6876310272536631,-0.3941299790356384
1999-03-15,08:00:00,118.76,118.8,117.95,118.23,1718,121.38,118.64,BEARISH_20_BAR_BREAKOUT,-0.5582339507739243,-0.43982068848854794,-0.4313625983253025
1999-03-15,12:00:00,118.23,118.45,117.52,117.57,1938,121.38,117.95,BEARISH_20_BAR_BREAKOUT,0.08505571149103387,-0.025516713447296866,0.6974568342264246
1999-03-26,08:00:00,118.7,118.96,118.59,118.86,1347,118.78,117.12,BULLISH_20_BAR_BREAKOUT,0.3028773346794543,1.2283358573111172,0.9843513377082296
1999-03-26,12:00:00,118.88,119.44,118.83,119.22,1842,118.96,117.12,BULLISH_20_BAR_BREAKOUT,0.9142761281664179,1.0149303808085959,0.9562154001006548
1999-03-26,16:00:00,119.2,120.4,119.08,120.31,1877,119.44,117.12,BULLISH_20_BAR_BREAKOUT,0.008311861025676092,-0.15792535948798747,-0.3657218851300787
1999-03-31,16:00:00,118.93,118.95,118.15,118.48,1505,121.0,118.59,BEARISH_20_BAR_BREAKOUT,0.2954085077650188,0.11816340310600994,1.4854827819041112
1999-04-05,00:00:00,120.66,121.67,120.43,121.43,452,121.0,118.15,BULLISH_20_BAR_BREAKOUT,0.11529276126162097,0.07411677509675467,0.11529276126162097
1999-04-05,16:00:00,121.6,122.0,121.57,121.9,401,121.85,118.15,BULLISH_20_BAR_BREAKOUT,-0.07383100902379279,-0.5332239540607101,-0.9515996718621909
1999-04-12,08:00:00,120.65,120.8,119.9,120.06,1738,121.62,120.35,BEARISH_20_BAR_BREAKOUT,-0.03331667499584062,0.24154589371980012,0.3998000999500283
1999-04-13,20:00:00,119.87,119.95,119.63,119.69,276,121.49,119.75,BEARISH_20_BAR_BREAKOUT,-0.2005180048458475,-0.46787534464032277,-0.8104269362519835
1999-04-14,00:00:00,119.73,119.96,119.24,119.45,353,121.49,119.63,BEARISH_20_BAR_BREAKOUT,-0.29300962745919507,-0.5609041439933041,-0.3432398493093316
1999-04-14,04:00:00,119.44,119.6,119.1,119.1,673,121.49,119.24,BEARISH_20_BAR_BREAKOUT,0.025188916876575262,-0.15113350125943964,-0.08396305625524292
1999-04-14,12:00:00,119.13,119.28,118.52,118.78,1654,121.49,118.9,BEARISH_20_BAR_BREAKOUT,0.11786496043104948,0.21889206937195246,-0.15154066341135447
1999-04-16,04:00:00,118.92,118.99,117.42,118.27,742,120.8,118.28,BEARISH_20_BAR_BREAKOUT,0.16064936163016635,-0.2959330345818841,-0.06764183647585888
1999-04-21,12:00:00,118.94,119.6,118.88,119.53,1850,119.14,117.42,BULLISH_20_BAR_BREAKOUT,0.22588471513427258,0.42667112858696987,0.18405421233163127
1999-04-21,16:00:00,119.56,119.93,119.48,119.8,1287,119.6,117.46,BULLISH_20_BAR_BREAKOUT,0.05843071786311134,0.317195325542579,-0.06677796327211878
1999-04-22,00:00:00,119.82,120.04,119.62,120.04,287,119.93,117.46,BULLISH_20_BAR_BREAKOUT,0.11662779073642165,-0.24158613795402054,-0.6247917360879707
1999-04-22,04:00:00,120.05,120.41,119.96,120.18,655,120.04,117.46,BULLISH_20_BAR_BREAKOUT,0.00832085205524289,-0.3827591945415276,-0.6823098685305437
1999-04-27,16:00:00,119.88,120.49,119.82,120.43,1307,120.35,118.68,BULLISH_20_BAR_BREAKOUT,-0.03321431536992962,-1.0213401976251797,-0.9383044092003733
1999-05-03,16:00:00,119.9,120.21,119.85,120.18,898,119.97,118.68,BULLISH_20_BAR_BREAKOUT,0.14145448493924737,0.10817107671825216,0.44932601098351804
1999-05-03,20:00:00,120.17,120.4,120.16,120.35,211,120.21,118.68,BULLISH_20_BAR_BREAKOUT,0.0,0.36560033236394845,0.34898213543830636
1999-05-04,08:00:00,120.3,120.8,120.2,120.79,1320,120.6,118.79,BULLISH_20_BAR_BREAKOUT,0.3891050583657578,-0.016557662058125863,0.0
1999-05-04,12:00:00,120.78,121.28,120.74,121.26,1691,120.8,118.79,BULLISH_20_BAR_BREAKOUT,-0.4453240969816974,-0.3546099290780198,-0.041233712683499395
1999-05-14,08:00:00,121.87,122.42,121.8,122.38,1481,121.99,120.27,BULLISH_20_BAR_BREAKOUT,-0.3186795227978433,0.3840496813204763,0.6945579343029977
1999-05-14,20:00:00,122.55,122.85,122.45,122.85,182,122.71,120.31,BULLISH_20_BAR_BREAKOUT,0.28490028490029184,0.3093203093203172,0.5860805860805852
1999-05-17,00:00:00,122.84,123.38,122.77,123.2,615,122.85,120.31,BULLISH_20_BAR_BREAKOUT,-0.016233766233763002,0.04870129870130054,0.17045454545454036
1999-05-17,20:00:00,123.28,123.59,123.25,123.57,202,123.53,120.31,BULLISH_20_BAR_BREAKOUT,-0.12948126567936927,-0.6393137492918929,-0.2832402686736217
1999-05-19,04:00:00,123.53,123.93,123.47,123.84,818,123.66,121.52,BULLISH_20_BAR_BREAKOUT,-0.08074935400517484,0.33107235142118585,0.3956718346253188
1999-05-19,12:00:00,123.73,124.66,123.47,124.27,2332,124.05,121.52,BULLISH_20_BAR_BREAKOUT,-0.01609398889514446,0.0,-0.24945682787479062
1999-05-24,16:00:00,123.63,123.91,122.92,123.14,1051,124.82,123.32,BEARISH_20_BAR_BREAKOUT,-0.016241676140974517,-0.30047100860809206,-0.24362514211466393
1999-05-25,04:00:00,123.05,123.35,122.68,122.77,529,124.82,122.86,BEARISH_20_BAR_BREAKOUT,-0.1710515598273143,0.05701718660911248,-0.7738046754093042
1999-05-25,08:00:00,122.77,123.03,122.41,122.56,1760,124.82,122.68,BEARISH_20_BAR_BREAKOUT,0.13054830287205987,-0.26109660574413135,-0.5058746736292465
1999-05-25,20:00:00,122.83,122.95,122.23,122.24,207,124.63,122.33,BEARISH_20_BAR_BREAKOUT,0.08180628272252007,-0.24541884816753698,0.08998691099476394
1999-05-26,04:00:00,122.35,122.35,121.59,121.82,979,124.59,122.21,BEARISH_20_BAR_BREAKOUT,0.09850599244787764,0.08208832703990193,0.5746182892792668
1999-05-27,16:00:00,122.37,122.44,121.15,121.3,1759,124.18,121.59,BEARISH_20_BAR_BREAKOUT,-0.8079142621599373,-0.5028854080791422,0.08244023083265335
1999-05-27,20:00:00,121.3,121.31,119.75,120.32,520,123.98,121.15,BEARISH_20_BAR_BREAKOUT,0.18284574468086193,0.11635638297872387,1.0388962765957446
1999-06-04,16:00:00,121.65,122.46,121.53,122.43,1134,122.02,120.32,BULLISH_20_BAR_BREAKOUT,-0.06534346156988688,-1.3803806256636542,-1.339540962182472
1999-06-08,16:00:00,120.93,121.04,118.94,119.26,1743,122.47,120.55,BEARISH_20_BAR_BREAKOUT,0.01677008217339931,0.06708032869360916,0.03354016434679862
1999-06-10,04:00:00,118.95,119.0,118.15,118.55,1376,122.47,118.57,BEARISH_20_BAR_BREAKOUT,0.6495149725854037,0.1687051876845237,0.14339940953184455
1999-06-14,04:00:00,119.4,120.65,119.05,120.25,1373,119.95,117.64,BULLISH_20_BAR_BREAKOUT,0.18295218295218202,0.2079002079002079,0.05821205821205254
1999-06-17,16:00:00,119.93,120.04,119.12,119.22,1972,120.88,119.77,BEARISH_20_BAR_BREAKOUT,0.18453279651065163,0.3774534474081554,1.023318235195436
1999-06-18,08:00:00,119.65,119.69,118.97,119.03,1478,120.77,119.12,BEARISH_20_BAR_BREAKOUT,1.0669579097706428,1.243384020835087,2.738805343190797
1999-06-21,00:00:00,120.72,122.02,120.6,121.8,519,120.94,118.97,BULLISH_20_BAR_BREAKOUT,0.2955665024630537,0.5172413793103527,0.2873563218390875
1999-06-21,04:00:00,121.78,122.6,121.64,122.16,854,122.02,118.97,BULLISH_20_BAR_BREAKOUT,0.10641781270465756,0.11460379829731546,-0.16371971185330947
1999-06-25,16:00:00,121.58,121.67,121.12,121.12,1446,122.33,121.22,BEARISH_20_BAR_BREAKOUT,0.29722589167767455,0.04953764861294771,0.08256274768823837
1999-06-29,12:00:00,121.18,121.22,120.84,120.92,1268,122.31,120.97,BEARISH_20_BAR_BREAKOUT,0.008269930532587757,0.11577902745616983,-0.13231888852133358
1999-07-05,00:00:00,121.05,122.45,120.87,122.27,385,121.52,120.55,BULLISH_20_BAR_BREAKOUT,0.2698944957880088,0.0,-0.008178621084477717
1999-07-05,04:00:00,122.3,122.69,121.87,122.6,688,122.45,120.55,BULLISH_20_BAR_BREAKOUT,-0.1305057096247933,-0.16313213703098584,-0.41598694942903014
1999-07-13,12:00:00,122.05,122.15,121.13,121.28,2061,122.77,121.92,BEARISH_20_BAR_BREAKOUT,-0.01649076517150068,-0.008245382585756198,-0.4534960422163565
1999-07-14,12:00:00,121.17,121.2,120.71,120.73,2043,122.72,120.92,BEARISH_20_BAR_BREAKOUT,-0.09939534498468032,-0.0662635633231163,-0.25677130787708297
1999-07-14,16:00:00,120.78,120.98,120.38,120.61,1380,122.7,120.71,BEARISH_20_BAR_BREAKOUT,0.09949423762540797,-0.033164745875139914,0.008291186468787924
1999-07-19,12:00:00,120.47,120.49,119.56,119.68,2223,121.5,120.2,BEARISH_20_BAR_BREAKOUT,-0.7436497326203213,-0.952540106951872,-1.2533422459893049
1999-07-19,16:00:00,119.68,119.79,118.47,118.79,1506,121.45,119.56,BEARISH_20_BAR_BREAKOUT,-0.4040744170384746,-0.15152790638943245,0.11785503830288792
1999-07-19,20:00:00,118.78,118.8,117.67,118.31,666,121.22,118.47,BEARISH_20_BAR_BREAKOUT,0.19440453047080042,-0.033809483560143905,0.5409517369622183
1999-07-22,16:00:00,118.13,118.2,116.22,116.82,1576,120.53,117.67,BEARISH_20_BAR_BREAKOUT,-0.12840267077554485,0.43656908063688166,-0.20544427324087905
1999-07-26,12:00:00,116.37,116.45,115.43,115.58,1958,119.45,116.12,BEARISH_20_BAR_BREAKOUT,0.8392455442118004,1.0382419103651175,0.9690257830074447
1999-07-29,12:00:00,115.59,115.73,115.0,115.0,1934,117.4,115.34,BEARISH_20_BAR_BREAKOUT,0.27826086956521145,0.6434782608695608,0.1217391304347831
1999-07-30,16:00:00,115.15,115.26,114.61,114.66,1388,116.98,114.91,BEARISH_20_BAR_BREAKOUT,-0.07849293563579575,-0.4273504273504229,-0.3226931798360286
1999-07-30,20:00:00,114.63,114.71,114.14,114.57,344,116.98,114.61,BEARISH_20_BAR_BREAKOUT,-0.06982630706118381,-0.25312036309678976,-0.19202234441825858
1999-08-12,00:00:00,115.37,115.79,115.31,115.65,419,115.52,114.26,BULLISH_20_BAR_BREAKOUT,-0.14699524427151034,0.1556420233462971,-0.7003891050583677
1999-08-12,08:00:00,115.49,116.01,115.42,115.86,1456,115.79,114.38,BULLISH_20_BAR_BREAKOUT,-0.0258933195235639,-0.466079751424138,-0.828586224754008
1999-08-17,16:00:00,114.61,114.7,113.95,114.02,1408,116.35,114.1,BEARISH_20_BAR_BREAKOUT,-0.08770391159445212,-0.17540782318891673,-1.64883353797579
1999-08-17,20:00:00,114.0,114.27,113.87,113.92,419,116.35,113.95,BEARISH_20_BAR_BREAKOUT,0.17556179775281147,-0.8602528089887675,-1.7819522471910123
1999-08-18,04:00:00,114.1,114.24,113.77,113.82,825,116.35,113.87,BEARISH_20_BAR_BREAKOUT,-0.7731505886487398,-1.476014760147595,-1.7835178351783405
1999-08-18,08:00:00,113.8,114.05,112.73,112.94,2036,116.35,113.77,BEARISH_20_BAR_BREAKOUT,-0.504692757216215,-0.9296971843456677,-1.124490880113331
1999-08-18,12:00:00,112.94,113.58,112.09,112.37,2138,116.35,112.73,BEARISH_20_BAR_BREAKOUT,-0.20468096467028918,-0.4805553083563284,-1.1301948918750648
1999-08-19,12:00:00,111.62,111.7,110.71,111.1,2287,115.55,111.23,BEARISH_20_BAR_BREAKOUT,0.11701170117012571,0.4050405040504076,0.24302430243025225
1999-08-30,20:00:00,111.02,111.09,110.57,110.71,499,111.97,110.76,BEARISH_20_BAR_BREAKOUT,0.08129346942462597,-0.8580977328154537,-0.8671303405293053
1999-08-31,08:00:00,110.68,111.09,109.37,109.76,2160,111.97,110.55,BEARISH_20_BAR_BREAKOUT,-0.19132653061225213,-0.009110787172016322,-0.33709912536443565
1999-09-07,08:00:00,109.62,111.09,109.59,110.87,1731,110.47,108.71,BULLISH_20_BAR_BREAKOUT,0.16235230450076,-0.09921529719491246,0.08117615225037358
1999-09-09,00:00:00,111.17,111.2,108.97,109.25,870,111.42,109.33,BEARISH_20_BAR_BREAKOUT,-0.07322654462242406,-0.4302059496567495,0.5034324942791736
1999-09-09,16:00:00,108.78,108.95,107.56,107.7,1863,111.42,108.57,BEARISH_20_BAR_BREAKOUT,0.33426183844011087,1.5506035283194073,1.1142061281337075
1999-09-13,12:00:00,107.66,107.69,106.11,106.28,1940,111.3,107.56,BEARISH_20_BAR_BREAKOUT,0.12231840421527611,0.17877305231463841,0.06586375611591379
1999-09-14,16:00:00,106.35,106.4,105.16,105.53,1884,109.99,106.0,BEARISH_20_BAR_BREAKOUT,0.2368994598692315,-0.1895195678953879,-1.070785558608922
1999-09-15,08:00:00,105.32,105.58,103.85,103.87,2119,109.99,105.16,BEARISH_20_BAR_BREAKOUT,0.32733224222584884,0.7894483488976539,0.25994031000288437
1999-09-20,00:00:00,107.67,108.22,107.54,107.97,479,107.32,103.19,BULLISH_20_BAR_BREAKOUT,-0.20376030378808824,-0.41678243956654887,-1.1762526627766936
1999-09-27,00:00:00,105.52,105.99,105.09,105.76,824,105.56,103.47,BULLISH_20_BAR_BREAKOUT,-1.3804841149773146,-0.35930408472013015,0.0094553706505209
1999-09-29,08:00:00,106.22,107.27,106.12,106.89,1902,106.72,103.68,BULLISH_20_BAR_BREAKOUT,0.01871082421180281,0.06548788474131648,-1.4594442885209116
1999-10-01,12:00:00,105.77,106.01,105.01,105.19,1820,107.3,105.2,BEARISH_20_BAR_BREAKOUT,-0.19013214183858052,0.21865196311436824,0.7034889248027466
1999-10-01,16:00:00,105.17,105.26,104.83,104.99,1409,107.3,105.01,BEARISH_20_BAR_BREAKOUT,0.14287074959520496,0.7810267644537645,1.123916563482243
1999-10-06,04:00:00,106.46,107.47,106.3,107.4,977,107.18,104.6,BULLISH_20_BAR_BREAKOUT,0.018621973929232795,0.18621973929235439,0.4562383612662894
1999-10-07,04:00:00,107.65,107.97,107.37,107.89,865,107.79,104.6,BULLISH_20_BAR_BREAKOUT,-0.23171749003614794,-0.3336731856520525,-0.04634349800722695
1999-10-12,08:00:00,106.66,106.74,106.03,106.09,1529,108.0,106.39,BEARISH_20_BAR_BREAKOUT,0.25450089546610993,0.04712979545668504,0.5184277500235622
1999-10-15,08:00:00,106.63,106.72,105.65,105.9,1687,108.02,105.91,BEARISH_20_BAR_BREAKOUT,-0.2360717658168083,-0.6137865911237069,-0.7743153918791381
1999-10-15,20:00:00,105.69,105.78,105.2,105.25,660,108.02,105.37,BEARISH_20_BAR_BREAKOUT,0.41805225653206435,-0.1615201900237546,0.1615201900237546
1999-10-18,08:00:00,105.64,105.66,104.79,105.08,1594,108.02,105.15,BEARISH_20_BAR_BREAKOUT,0.019033117624663136,0.3235629996193409,0.3330795584316792
1999-10-26,04:00:00,105.3,105.51,105.05,105.15,1235,106.66,105.2,BEARISH_20_BAR_BREAKOUT,-0.35187826913932907,-0.26628625772705766,-0.82738944365193
1999-10-26,08:00:00,105.18,105.4,104.58,104.78,1668,106.61,105.05,BEARISH_20_BAR_BREAKOUT,-0.13361328497804978,0.05726283641916614,-0.5153655277724817
1999-10-27,00:00:00,104.83,104.86,104.27,104.32,423,106.27,104.53,BEARISH_20_BAR_BREAKOUT,-0.038343558282200964,-0.16296012269937452,0.0862730061349726
1999-11-04,00:00:00,105.03,105.57,104.8,105.35,898,105.23,103.41,BULLISH_20_BAR_BREAKOUT,-0.5980066445182681,-0.6644518272425142,-0.5125771238727974
1999-11-05,16:00:00,105.45,106.59,105.4,106.44,1475,105.72,103.41,BULLISH_20_BAR_BREAKOUT,-0.4791431792559103,-0.19729425028184305,-0.6388575723412181
1999-11-16,12:00:00,105.12,105.86,105.09,105.83,1432,105.47,104.5,BULLISH_20_BAR_BREAKOUT,0.009449116507611374,0.028347349522820694,-0.5385996409335663
1999-11-22,16:00:00,105.15,105.16,104.58,104.85,1407,106.59,104.99,BEARISH_20_BAR_BREAKOUT,-0.17167381974248225,-0.31473533619456207,-0.591320934668565
1999-11-26,08:00:00,104.3,104.33,103.8,103.95,1456,104.98,104.0,BEARISH_20_BAR_BREAKOUT,-0.12506012506013436,-2.049062049062058,-1.471861471861473
1999-11-26,16:00:00,103.87,103.9,101.5,102.12,1887,104.98,103.77,BEARISH_20_BAR_BREAKOUT,-0.2937720329024788,1.1555033294163657,0.2252252252252152
1999-12-14,12:00:00,103.09,103.78,102.98,103.71,1501,103.42,102.12,BULLISH_20_BAR_BREAKOUT,-0.2314145212612042,-0.22177224954198224,-0.2506990646996345
1999-12-20,20:00:00,102.71,102.81,102.26,102.47,697,103.79,102.54,BEARISH_20_BAR_BREAKOUT,-0.029276861520446115,-0.00975895384015333,-0.34156338440518624
1999-12-21,12:00:00,102.44,102.48,101.92,102.19,1586,103.65,102.26,BEARISH_20_BAR_BREAKOUT,-0.15657109306194011,0.15657109306194011,-0.4501418925530813
1999-12-22,12:00:00,101.95,101.95,101.51,101.73,1435,103.47,101.82,BEARISH_20_BAR_BREAKOUT,-0.22608866607687406,-0.13761918804679107,-0.01965988400669442
1999-12-22,16:00:00,101.72,101.81,101.41,101.5,1295,103.47,101.51,BEARISH_20_BAR_BREAKOUT,0.1576354679802922,-0.17733990147783923,0.6502463054187159
1999-12-23,08:00:00,101.46,101.6,101.3,101.32,895,103.47,101.4,BEARISH_20_BAR_BREAKOUT,0.37504934859850936,0.8290564547966872,1.5692854322937262
2000-01-03,08:00:00,101.92,102.1,101.59,101.75,896,102.6,101.8,BEARISH_20_BAR_BREAKOUT,0.058968058968061204,-0.1867321867321845,0.9631449631449671
2000-01-04,20:00:00,103.03,103.33,102.98,103.28,512,103.19,101.39,BULLISH_20_BAR_BREAKOUT,-0.21301316808675333,0.03872966692485674,0.9972889233152605
2000-01-05,12:00:00,103.32,103.6,103.05,103.54,1386,103.39,101.39,BULLISH_20_BAR_BREAKOUT,0.2221363724164475,0.985126521151242,1.0817075526366526
2000-01-05,16:00:00,103.56,103.9,103.49,103.77,1040,103.6,101.39,BULLISH_20_BAR_BREAKOUT,0.5203816131830069,0.4818348270212971,1.3780476052809163
2000-01-05,20:00:00,103.75,104.47,103.67,104.31,670,103.9,101.39,BULLISH_20_BAR_BREAKOUT,0.2396702137858307,0.028760425654300772,0.9203336209375839
2000-01-06,00:00:00,104.31,104.71,103.98,104.56,867,104.47,101.39,BULLISH_20_BAR_BREAKOUT,-0.2773527161438469,0.09563886763580175,0.7746748278500405
2000-01-06,16:00:00,104.66,105.32,104.56,105.2,1355,104.96,101.39,BULLISH_20_BAR_BREAKOUT,0.06653992395436614,0.22813688212927272,0.01901140684410268
2000-01-11,12:00:00,105.62,106.17,105.55,106.14,1531,105.92,104.2,BULLISH_20_BAR_BREAKOUT,-0.056529112492936004,-0.06595063124176313,-0.2449594874693849
2000-01-17,04:00:00,105.51,105.51,105.12,105.2,393,106.6,105.42,BEARISH_20_BAR_BREAKOUT,-0.19961977186312543,-0.27566539923954964,-0.28517110266159423
2000-01-17,08:00:00,105.19,105.32,104.96,104.99,935,106.6,105.12,BEARISH_20_BAR_BREAKOUT,-0.24764263263167058,-0.15239546623487626,0.14287074959520496
2000-01-17,12:00:00,105.0,105.28,104.64,104.73,1433,106.6,104.96,BEARISH_20_BAR_BREAKOUT,0.17187052420509175,0.22916069894012686,0.5919984722619979
2000-01-21,12:00:00,104.98,105.06,104.55,104.6,1558,106.11,104.66,BEARISH_20_BAR_BREAKOUT,0.3346080305927424,0.19120458891013656,0.535372848948377
2000-01-25,08:00:00,105.62,106.04,105.58,105.93,1295,105.86,104.42,BULLISH_20_BAR_BREAKOUT,-0.33984706881904425,0.037760785424329306,-0.0660813744925964
2000-01-28,16:00:00,105.3,107.27,105.06,107.16,1656,106.21,104.55,BULLISH_20_BAR_BREAKOUT,0.027995520716686394,-0.28928704740575056,0.10265024262784568
2000-02-01,12:00:00,107.29,107.88,107.25,107.8,1388,107.54,104.55,BULLISH_20_BAR_BREAKOUT,-0.12987012987013039,0.027829313543600312,0.6679035250463812
2000-02-02,04:00:00,107.84,108.73,107.84,108.64,847,107.98,104.55,BULLISH_20_BAR_BREAKOUT,-0.21170839469808908,-0.22091310751104093,-0.2577319587628876
2000-02-08,00:00:00,108.71,109.38,108.58,109.15,870,108.85,107.12,BULLISH_20_BAR_BREAKOUT,0.04580852038478896,-0.20155748969308188,0.4122766834631137
2000-02-14,08:00:00,108.41,108.45,108.05,108.21,942,109.78,108.3,BEARISH_20_BAR_BREAKOUT,0.13861935126144137,0.6284077257185167,0.8871638480731985
2000-02-17,04:00:00,109.4,110.12,109.3,110.12,943,109.67,108.05,BULLISH_20_BAR_BREAKOUT,-0.018162005085370712,0.11805303305484512,0.7173992008717689
2000-02-17,20:00:00,110.24,110.68,110.24,110.66,637,110.51,108.07,BULLISH_20_BAR_BREAKOUT,0.11747695644316795,0.19880715705765306,0.2891740466293217
2000-02-18,00:00:00,110.65,110.79,110.32,110.79,635,110.68,108.2,BULLISH_20_BAR_BREAKOUT,0.10831302464120439,0.08123476848090008,-0.19857387850890248
2000-02-18,04:00:00,110.81,110.97,110.66,110.91,798,110.79,108.46,BULLISH_20_BAR_BREAKOUT,-0.027048958615094345,-0.036065278153450585,-0.3426201424578446
2000-02-22,00:00:00,111.31,111.67,111.21,111.65,558,111.45,109.04,BULLISH_20_BAR_BREAKOUT,-0.1164352888490906,-0.6359158083296086,-1.0658307210031455
2000-02-28,00:00:00,109.62,109.65,109.34,109.54,119,111.53,110.09,BEARISH_20_BAR_BREAKOUT,-0.5568742012050387,-0.5751323717363608,0.18258170531311724
2000-02-28,04:00:00,109.55,109.88,108.32,108.93,1262,111.53,109.34,BEARISH_20_BAR_BREAKOUT,0.16524373450839308,0.1560635270356995,1.2852290461764357
2000-03-01,16:00:00,108.55,108.63,106.8,107.14,1812,111.27,108.32,BEARISH_20_BAR_BREAKOUT,0.056001493373158746,0.2706738846369295,0.17733806234832716
2000-03-07,16:00:00,107.56,107.6,106.07,106.22,1657,108.15,106.56,BEARISH_20_BAR_BREAKOUT,-0.07531538316701025,0.8755413293165194,0.6119374882319767
2000-03-13,08:00:00,105.94,105.95,105.55,105.66,1276,107.57,105.75,BEARISH_20_BAR_BREAKOUT,-0.3217868635245158,-0.018928639030849917,-0.586787809956455
2000-03-13,12:00:00,105.66,105.67,105.17,105.32,1753,107.57,105.55,BEARISH_20_BAR_BREAKOUT,-0.07595898214963757,0.3133308013672736,-0.27535131029243454
2000-03-17,20:00:00,106.06,106.8,105.95,106.74,1329,106.25,104.61,BULLISH_20_BAR_BREAKOUT,0.009368559115612813,0.009368559115612813,-0.3372681281618882
2000-03-23,00:00:00,107.03,107.56,106.98,107.56,756,107.25,105.57,BULLISH_20_BAR_BREAKOUT,-0.11156563778356689,-0.055782818891783444,-0.24172554853105718
2000-03-28,04:00:00,106.63,106.7,106.35,106.57,884,107.82,106.6,BEARISH_20_BAR_BREAKOUT,-0.13136905320445375,-0.41287416721403564,-0.48794219761658636
2000-03-28,16:00:00,106.35,106.44,105.84,106.13,1649,107.82,106.15,BEARISH_20_BAR_BREAKOUT,-0.29209460096108764,-0.07537925186092367,-0.3768962593046184
2000-03-28,20:00:00,106.11,106.22,105.65,105.82,820,107.82,105.84,BEARISH_20_BAR_BREAKOUT,0.20790020790022026,0.19845019845020598,-0.26460026460025227
2000-03-29,12:00:00,106.04,106.06,104.97,105.27,1881,107.68,105.65,BEARISH_20_BAR_BREAKOUT,0.4369715968462125,0.3989740666856671,-0.18998765080270053
2000-03-31,12:00:00,105.1,105.17,102.6,103.21,2534,106.7,104.82,BEARISH_20_BAR_BREAKOUT,-0.5619610502858234,1.3661466912121023,1.792461970739278
2000-04-10,00:00:00,105.39,106.01,105.29,105.95,560,105.76,104.14,BULLISH_20_BAR_BREAKOUT,0.10382255781028733,0.5002359603586608,0.46248230297309567
2000-04-10,04:00:00,105.96,106.17,105.85,106.06,714,106.01,104.14,BULLISH_20_BAR_BREAKOUT,0.17914388082217397,0.3677163869507831,0.518574391853665
2000-04-10,08:00:00,106.05,106.29,105.75,106.25,1452,106.17,104.55,BULLISH_20_BAR_BREAKOUT,0.21647058823529788,0.1600000000000016,0.7529411764705856
2000-04-10,12:00:00,106.24,106.61,106.17,106.48,1402,106.29,104.55,BULLISH_20_BAR_BREAKOUT,-0.028174305033810233,-0.03756574004508476,0.3944402704733299
2000-04-11,08:00:00,106.6,107.15,106.58,107.05,1506,106.85,104.55,BULLISH_20_BAR_BREAKOUT,-0.1401214385800948,-0.08407286314806484,-1.4012143858010275
2000-04-14,16:00:00,105.33,105.45,104.74,105.08,1290,107.15,105.25,BEARISH_20_BAR_BREAKOUT,-0.26646364674533796,-0.9897221164826723,-0.8089074990483388
2000-04-17,04:00:00,104.75,104.87,103.92,104.04,966,107.15,104.28,BEARISH_20_BAR_BREAKOUT,-0.44213763936948086,0.18262206843521503,0.5478662053056451
2000-04-17,08:00:00,104.03,104.05,103.25,103.58,1767,106.99,103.92,BEARISH_20_BAR_BREAKOUT,0.16412434832979503,0.9075111025294437,0.6275342730256862
2000-04-20,12:00:00,104.7,105.16,104.64,105.06,1915,105.05,103.23,BULLISH_20_BAR_BREAKOUT,0.31410622501427593,0.6282124500285519,0.6853226727584227
2000-04-20,16:00:00,105.09,105.56,105.05,105.39,1329,105.16,103.23,BULLISH_20_BAR_BREAKOUT,0.33209981971723534,0.35107695227251595,0.44596261504886503
2000-04-20,20:00:00,105.39,105.89,105.37,105.74,404,105.56,103.23,BULLISH_20_BAR_BREAKOUT,-0.018914318138827334,-0.11348590883297745,0.028371477208247717
2000-04-25,20:00:00,105.68,106.33,105.57,106.29,826,106.01,104.64,BULLISH_20_BAR_BREAKOUT,-0.4986358076959273,-0.5080440304826477,-0.009408222786720403
2000-04-26,12:00:00,105.74,106.52,105.7,106.41,1721,106.35,105.06,BULLISH_20_BAR_BREAKOUT,-0.17855464711962948,-0.08457851705667081,-0.27253077718258817
2000-04-28,12:00:00,106.52,107.42,106.48,107.18,2137,106.8,105.21,BULLISH_20_BAR_BREAKOUT,0.9516700877029259,0.8956894943086338,0.7743982086210097
2000-04-28,16:00:00,107.18,108.31,107.13,108.2,1641,107.42,105.21,BULLISH_20_BAR_BREAKOUT,-0.10166358595194032,0.018484288354894657,0.6377079482439905
2000-05-01,16:00:00,108.04,109.02,107.97,108.89,1173,108.47,105.52,BULLISH_20_BAR_BREAKOUT,-0.1010193773532918,-0.4683625677289054,-0.41326108917256205
2000-05-03,12:00:00,108.7,109.52,108.63,109.24,1934,109.05,106.35,BULLISH_20_BAR_BREAKOUT,-0.00915415598680969,0.009154155986822699,-0.7048700109849836
2000-05-05,08:00:00,107.88,108.02,107.23,107.63,1724,109.66,107.66,BEARISH_20_BAR_BREAKOUT,0.5946297500696837,0.8454891758803408,1.0498931524667934
2000-05-11,08:00:00,109.48,110.08,109.47,109.84,1906,109.67,108.3,BULLISH_20_BAR_BREAKOUT,-1.2108521485797508,-1.2017479970866782,-1.2199563000728364
2000-05-12,00:00:00,108.51,108.55,107.67,107.96,791,110.08,108.06,BEARISH_20_BAR_BREAKOUT,0.12041496850686334,0.6947017413856984,0.7595405705817038
2000-05-19,08:00:00,108.62,108.69,107.39,107.85,2096,110.04,108.34,BEARISH_20_BAR_BREAKOUT,-0.6768660176170513,-0.8808530366249315,-0.7974038015762628
2000-05-19,12:00:00,107.88,108.22,106.81,107.12,2257,110.04,107.39,BEARISH_20_BAR_BREAKOUT,-0.2987303958177813,-0.08401792382375226,0.16803584764749124
2000-05-19,16:00:00,107.07,107.35,106.69,106.8,1481,110.04,106.81,BEARISH_20_BAR_BREAKOUT,0.09363295880150611,0.14981273408239382,0.30898876404494224
2000-05-31,16:00:00,107.34,107.94,107.3,107.84,1404,107.74,106.05,BULLISH_20_BAR_BREAKOUT,-0.17618694362017592,0.17618694362017592,0.8531157270029689
2000-06-01,04:00:00,107.92,108.22,107.7,108.03,926,107.94,106.05,BULLISH_20_BAR_BREAKOUT,0.6387114690363767,0.6757382208645784,0.38878089419605827
2000-06-01,08:00:00,108.05,108.91,107.98,108.72,1825,108.22,106.05,BULLISH_20_BAR_BREAKOUT,0.11037527593819403,-0.16556291390727798,-0.036791758646055966
2000-06-06,08:00:00,107.47,107.52,106.9,107.1,1776,109.06,107.25,BEARISH_20_BAR_BREAKOUT,-0.5135387488328639,-1.2138188608776819,-1.4939309056956063
2000-06-06,12:00:00,107.1,107.21,106.47,106.55,1885,109.06,106.9,BEARISH_20_BAR_BREAKOUT,-0.6475832942280598,-0.6851243547630258,-0.8259033317691183
2000-06-06,16:00:00,106.55,106.62,105.2,105.86,1692,109.06,106.47,BEARISH_20_BAR_BREAKOUT,-0.056678632155679455,0.15114301908180294,-0.07557150954090147
2000-06-20,00:00:00,105.96,105.96,105.51,105.54,704,106.99,105.57,BEARISH_20_BAR_BREAKOUT,0.04737540269092018,0.028425241614541335,0.009475080538175955
2000-06-20,16:00:00,105.53,105.72,105.21,105.21,1363,106.75,105.34,BEARISH_20_BAR_BREAKOUT,0.28514399771885884,0.1996007984032012,0.29464879764281177
2000-06-22,12:00:00,105.24,105.62,104.52,104.59,1851,106.38,105.15,BEARISH_20_BAR_BREAKOUT,-0.25815087484464116,0.2199063007935651,-0.39200688402332595
2000-06-22,16:00:00,104.58,104.61,104.12,104.32,1502,106.28,104.52,BEARISH_20_BAR_BREAKOUT,0.23006134969326025,0.40260736196319186,0.29716257668711876
2000-06-30,16:00:00,105.31,106.31,105.18,106.26,1516,105.93,104.38,BULLISH_20_BAR_BREAKOUT,-0.15998494259363982,-0.18821757952193002,-0.5646527385657901
2000-07-05,12:00:00,106.37,106.88,106.25,106.76,1889,106.52,104.73,BULLISH_20_BAR_BREAKOUT,0.337204945672536,0.2810041213937778,0.5901086549269347
2000-07-05,16:00:00,106.77,107.17,106.73,107.12,1502,106.88,104.73,BULLISH_20_BAR_BREAKOUT,-0.06534727408514505,0.01867064973860719,0.14002987303957382
2000-07-06,12:00:00,106.96,107.47,106.85,107.39,1992,107.29,105.27,BULLISH_20_BAR_BREAKOUT,-0.11174224788155745,0.018623707980255165,0.10243039389142325
2000-07-07,04:00:00,107.43,107.74,107.35,107.71,800,107.54,105.27,BULLISH_20_BAR_BREAKOUT,-0.08355770123478712,0.12069445733916041,-0.37136756104353497
2000-07-07,16:00:00,107.52,107.93,107.38,107.84,1240,107.74,105.8,BULLISH_20_BAR_BREAKOUT,0.07418397626112602,-0.4914688427299713,-0.6676557863501473
2000-07-12,16:00:00,107.76,108.48,107.69,108.26,1621,107.97,106.56,BULLISH_20_BAR_BREAKOUT,-0.12931830777757303,-0.046185109920572114,0.06465915388877995
2000-07-17,12:00:00,108.21,108.83,108.15,108.64,1976,108.48,106.96,BULLISH_20_BAR_BREAKOUT,-0.0736377025036803,-0.44182621502209496,-0.543078055964657
2000-07-21,08:00:00,108.25,108.74,108.12,108.52,2010,108.42,107.3,BULLISH_20_BAR_BREAKOUT,0.34095097677847824,0.4515296719498794,0.16586804275710174
2000-07-21,12:00:00,108.55,108.98,108.27,108.89,2031,108.74,107.3,BULLISH_20_BAR_BREAKOUT,0.0,0.0,0.06428505831572522
2000-07-28,12:00:00,109.09,109.63,109.04,109.6,2014,109.42,108.52,BULLISH_20_BAR_BREAKOUT,0.12773722627737277,-0.054744525547434364,-0.17335766423357457
2000-07-28,16:00:00,109.61,109.82,109.41,109.74,1431,109.63,108.52,BULLISH_20_BAR_BREAKOUT,-0.03644979041369787,-0.25514853289593686,-0.09112447603425763
2000-08-09,12:00:00,108.17,108.26,107.75,107.96,1839,109.27,108.05,BEARISH_20_BAR_BREAKOUT,0.05557613931085799,-0.29640607632455834,0.35198221563542953
2000-08-10,00:00:00,107.83,108.1,107.62,107.64,553,109.27,107.75,BEARISH_20_BAR_BREAKOUT,-0.009290226681535783,0.6503158677071746,1.0497956150130021
2000-08-14,12:00:00,108.75,109.52,108.7,109.44,1989,109.07,107.47,BULLISH_20_BAR_BREAKOUT,0.05482456140351085,-0.03654970760233191,-0.08223684210526627
2000-08-21,08:00:00,108.15,108.25,107.8,107.91,1655,109.21,108.02,BEARISH_20_BAR_BREAKOUT,0.3243443610416167,0.6857566490594098,0.4540821054582607
2000-08-23,04:00:00,107.93,107.97,107.31,107.45,971,109.15,107.8,BEARISH_20_BAR_BREAKOUT,-0.01861330851558494,-0.31642624476501013,-0.37226617031177817
2000-08-28,04:00:00,106.75,106.75,106.15,106.2,588,108.38,106.56,BEARISH_20_BAR_BREAKOUT,0.056497175141245075,0.10357815442561151,0.3954802259887022
2000-09-01,16:00:00,106.11,106.18,105.56,105.79,1294,106.82,105.92,BEARISH_20_BAR_BREAKOUT,0.09452689290102496,-0.028358067870310175,-0.0945268929010384
2000-09-07,12:00:00,105.77,105.86,104.87,104.96,2280,106.57,105.55,BEARISH_20_BAR_BREAKOUT,0.09527439024391057,0.276295731707323,1.0861280487804885
2000-09-12,12:00:00,106.26,106.99,106.17,106.94,2162,106.55,104.77,BULLISH_20_BAR_BREAKOUT,-0.09351037965213607,0.056106227791286954,0.2431269870955724
2000-09-14,20:00:00,107.31,107.72,107.22,107.6,745,107.37,105.91,BULLISH_20_BAR_BREAKOUT,-0.05576208178437553,-0.04646840148698621,-0.455390334572486
2000-09-22,16:00:00,107.3,108.15,107.12,107.85,1970,107.74,106.27,BULLISH_20_BAR_BREAKOUT,0.0927213722763176,-0.09272137227630442,-0.2596198423736682
2000-09-29,12:00:00,107.74,108.45,107.7,108.37,1972,108.04,107.15,BULLISH_20_BAR_BREAKOUT,-0.3137399649349482,-0.18455292054997033,0.3506505490449344
2000-10-02,12:00:00,108.27,108.81,108.15,108.75,2055,108.52,107.17,BULLISH_20_BAR_BREAKOUT,0.07356321839080303,-0.1839080459770141,-0.23908045977011966
2000-10-02,16:00:00,108.78,108.99,108.63,108.83,1357,108.81,107.17,BULLISH_20_BAR_BREAKOUT,0.036754571349817376,-0.04594321418726193,-0.16539557107414557
2000-10-04,12:00:00,108.74,109.33,108.67,109.27,1802,109.01,107.49,BULLISH_20_BAR_BREAKOUT,0.10981971263842277,-0.07321314175894418,-0.12812299807815555
2000-10-04,16:00:00,109.26,109.42,109.15,109.39,1211,109.33,107.49,BULLISH_20_BAR_BREAKOUT,0.027424810311729712,-0.18283206874486044,-0.15540725843313075
2000-10-10,00:00:00,108.78,108.88,108.61,108.64,520,109.61,108.67,BEARISH_20_BAR_BREAKOUT,-0.1472754050073606,-0.5246686303387402,-0.653534609720171
2000-10-10,04:00:00,108.58,108.67,108.41,108.48,737,109.61,108.61,BEARISH_20_BAR_BREAKOUT,-0.2212389380531057,-0.5623156342182886,-0.4056047197640097
2000-10-10,08:00:00,108.45,108.61,108.16,108.24,1953,109.61,108.41,BEARISH_20_BAR_BREAKOUT,-0.15705838876570744,-0.4526977087952651,-0.36954915003694705
2000-10-10,12:00:00,108.26,108.41,107.87,108.07,2037,109.61,108.16,BEARISH_20_BAR_BREAKOUT,-0.18506523549550166,-0.1295456648468459,-0.17581197372073448
2000-10-10,20:00:00,107.86,107.9,107.62,107.75,797,109.61,107.79,BEARISH_20_BAR_BREAKOUT,0.16705336426914788,0.08352668213457394,-0.037122969837592806
2000-10-20,12:00:00,108.55,109.01,108.44,108.91,2147,108.7,107.42,BULLISH_20_BAR_BREAKOUT,0.08263703975760114,0.08263703975760114,-0.39482141217518374
2000-10-27,12:00:00,108.41,108.82,108.34,108.7,1826,108.63,107.62,BULLISH_20_BAR_BREAKOUT,0.01839926402943516,0.045998160073594446,-0.11959521619136124
2000-10-30,16:00:00,108.56,108.99,108.43,108.88,2554,108.87,107.76,BULLISH_20_BAR_BREAKOUT,0.06429096252756006,0.0734753857457736,0.303085966201321
2000-11-01,20:00:00,108.43,108.51,108.14,108.15,834,109.31,108.27,BEARISH_20_BAR_BREAKOUT,0.13869625520110168,0.12020342117429075,-0.046232085067047034
2000-11-03,12:00:00,108.12,108.37,107.43,107.43,2518,109.31,107.96,BEARISH_20_BAR_BREAKOUT,0.10239225542213481,-0.2885599925532926,-0.2699432188401808
2000-11-14,16:00:00,107.89,108.21,107.83,108.15,1694,108.09,107.11,BULLISH_20_BAR_BREAKOUT,-0.027739251040222967,0.018492834026810928,0.49930651872398707
2000-11-15,08:00:00,108.18,108.35,107.97,108.29,1574,108.28,107.3,BULLISH_20_BAR_BREAKOUT,0.1846892603195019,0.5817711700064598,0.3878474466709645
2000-11-15,12:00:00,108.29,108.55,108.26,108.49,1936,108.35,107.38,BULLISH_20_BAR_BREAKOUT,0.18434878790672213,0.2580883030694084,0.3318278182320946
2000-11-15,16:00:00,108.47,108.75,108.39,108.69,1721,108.55,107.38,BULLISH_20_BAR_BREAKOUT,0.21161100377219982,0.14720765479804637,0.3864200938448815
2000-11-15,20:00:00,108.71,108.93,108.69,108.92,866,108.75,107.38,BULLISH_20_BAR_BREAKOUT,-0.13771575468234087,-0.19280205655527724,0.07344840249724412
2000-11-16,16:00:00,108.87,109.14,108.81,109.11,1563,108.96,107.38,BULLISH_20_BAR_BREAKOUT,-0.10081569058748,-0.27495188342039883,-0.2657868206397271
2000-11-20,08:00:00,109.01,109.26,108.96,109.2,1356,109.14,107.97,BULLISH_20_BAR_BREAKOUT,-0.054945054945057026,0.5494505494505442,0.8150183150183156
2000-11-20,16:00:00,109.16,109.79,109.1,109.73,1646,109.26,107.97,BULLISH_20_BAR_BREAKOUT,0.06379294632278609,0.17315228287614848,0.5103435705823405
2000-11-20,20:00:00,109.72,110.33,109.72,109.8,1115,109.79,108.26,BULLISH_20_BAR_BREAKOUT,-0.06375227686702475,0.26411657559199114,0.3369763205828821
2000-11-24,00:00:00,110.27,110.58,110.13,110.56,789,110.47,109.1,BULLISH_20_BAR_BREAKOUT,0.17185238784370271,0.5879160636758244,0.560781476121567
2000-11-24,04:00:00,110.55,110.82,110.47,110.75,1171,110.58,109.42,BULLISH_20_BAR_BREAKOUT,0.11738148984198236,0.5417607223476246,0.46049661399548997
2000-11-24,08:00:00,110.76,110.95,110.7,110.88,1642,110.82,109.42,BULLISH_20_BAR_BREAKOUT,0.29761904761904606,0.3336940836940878,0.10822510822511232
2000-11-24,12:00:00,110.88,111.33,110.82,111.21,2172,110.95,109.42,BULLISH_20_BAR_BREAKOUT,0.1258879597158534,-0.02697599136767101,-0.02697599136767101
2000-11-24,16:00:00,111.22,111.45,111.02,111.35,1803,111.33,109.42,BULLISH_20_BAR_BREAKOUT,-0.0898069151324601,-0.08082622361920899,-0.5657835653345267
2000-11-29,12:00:00,110.12,110.16,109.87,109.91,2032,111.54,109.92,BEARISH_20_BAR_BREAKOUT,1.2009826221453985,1.1463925029569695,0.9371303794013294
2000-12-01,12:00:00,111.3,111.98,111.12,111.94,2157,111.39,109.79,BULLISH_20_BAR_BREAKOUT,-0.7236019296051477,-0.8665356440950499,-1.2238699303198182
2000-12-08,16:00:00,111.12,111.47,110.9,111.27,1805,111.21,110.13,BULLISH_20_BAR_BREAKOUT,-0.28758874809022483,-0.3774602318684297,-0.4313831221353373
2000-12-13,04:00:00,111.77,112.5,111.63,112.47,1690,111.86,110.4,BULLISH_20_BAR_BREAKOUT,0.0533475593491618,-0.15115141815595423,0.1066951186983236
2000-12-13,08:00:00,112.47,112.72,112.17,112.53,2001,112.5,110.4,BULLISH_20_BAR_BREAKOUT,-0.11552474895582995,-0.1688438638585246,0.08886519150448265
2000-12-26,00:00:00,112.86,113.45,112.82,113.4,691,113.18,111.86,BULLISH_20_BAR_BREAKOUT,0.01763668430334746,0.026455026455027453,0.520282186948844
2000-12-27,00:00:00,113.59,114.05,113.51,113.99,927,113.71,111.89,BULLISH_20_BAR_BREAKOUT,0.14036318975349663,0.01754539871919487,0.36845337310290527
2000-12-27,04:00:00,114.02,114.33,113.89,114.15,1286,114.05,111.99,BULLISH_20_BAR_BREAKOUT,-0.09636443276390665,0.035041611914141076,0.2014892685063423
2001-01-03,20:00:00,114.25,114.35,113.57,113.6,986,115.11,114.04,BEARISH_20_BAR_BREAKOUT,0.360915492957756,0.889084507042258,1.8397887323943694
2001-01-04,16:00:00,114.49,115.56,114.38,115.43,1745,115.1,113.54,BULLISH_20_BAR_BREAKOUT,0.22524473707007786,1.0222645759334599,0.6150913973836902
2001-01-04,20:00:00,115.44,115.79,115.33,115.69,1097,115.56,113.54,BULLISH_20_BAR_BREAKOUT,0.49269599792549695,0.6309966289221228,0.7779410493560427
2001-01-05,00:00:00,115.71,116.62,115.49,116.26,1523,115.79,113.54,BULLISH_20_BAR_BREAKOUT,0.30104937209701904,0.17202821262686102,0.2408394976776201
2001-01-10,00:00:00,116.77,117.18,116.76,116.92,1306,116.9,114.38,BULLISH_20_BAR_BREAKOUT,-0.6243585357509442,-0.5131713992473559,-0.3421142661649039
2001-01-11,12:00:00,116.76,117.49,116.69,117.41,1898,117.18,115.63,BULLISH_20_BAR_BREAKOUT,0.0851716208159514,0.23848053828464452,0.2981006728558117
2001-01-11,16:00:00,117.39,117.68,117.24,117.51,1378,117.49,115.63,BULLISH_20_BAR_BREAKOUT,0.10211896859840892,0.5616543272912914,0.18721810909709716
2001-01-12,04:00:00,117.76,118.23,117.38,118.17,1643,118.05,115.63,BULLISH_20_BAR_BREAKOUT,-0.24540915630025067,-0.3723449268003704,0.8462384700008463
2001-01-12,20:00:00,117.73,118.62,117.68,118.54,1593,118.34,115.63,BULLISH_20_BAR_BREAKOUT,0.2530791294077924,0.5314661717563652,0.29525898430908915
2001-01-15,00:00:00,118.41,119.02,118.41,118.84,697,118.62,115.63,BULLISH_20_BAR_BREAKOUT,0.27768428138673706,-0.10097610232245417,-0.05890272635476892
2001-01-15,04:00:00,118.81,119.4,118.54,119.17,1439,119.02,115.76,BULLISH_20_BAR_BREAKOUT,0.0,-0.268523957371828,-0.7552236301082536
2001-01-18,00:00:00,118.85,119.89,118.72,119.83,1648,119.4,116.91,BULLISH_20_BAR_BREAKOUT,-0.5674705833263728,-1.0681799215555379,-1.5688892597846913
2001-01-22,00:00:00,117.07,117.07,116.26,116.65,786,119.89,116.91,BEARISH_20_BAR_BREAKOUT,0.17145306472352217,-0.1371624517788348,0.0085726532361688
2001-01-30,16:00:00,116.77,116.92,115.52,115.75,1901,118.06,116.15,BEARISH_20_BAR_BREAKOUT,0.15550755939525426,0.6825053995680399,0.5269978401727856
2001-02-01,12:00:00,116.25,116.4,115.3,115.49,2346,117.67,115.52,BEARISH_20_BAR_BREAKOUT,-0.16451640834704107,0.034635033336225,-0.15585765001298174
2001-02-02,08:00:00,115.32,115.34,114.93,115.11,1893,116.96,115.22,BEARISH_20_BAR_BREAKOUT,0.17374685083833102,0.5038658674311514,0.6341760055599027
2001-02-06,08:00:00,115.12,115.2,114.33,114.45,1769,116.77,114.6,BEARISH_20_BAR_BREAKOUT,0.3582350371341167,0.27086063783311687,0.8475316732197455
2001-02-07,16:00:00,115.88,116.3,115.85,116.17,1728,116.07,114.33,BULLISH_20_BAR_BREAKOUT,0.1463372643539655,0.08608074373762101,0.06886459499009925
2001-02-07,20:00:00,116.13,116.39,116.11,116.34,1037,116.3,114.33,BULLISH_20_BAR_BREAKOUT,-0.025786487880351674,-0.06016847172082464,0.2750558707237349
2001-02-08,20:00:00,116.26,116.7,116.22,116.66,1054,116.56,114.33,BULLISH_20_BAR_BREAKOUT,0.008571918395341263,0.20572604148809281,0.7457569003943122
2001-02-09,08:00:00,116.47,116.98,116.42,116.9,2012,116.84,114.33,BULLISH_20_BAR_BREAKOUT,0.37639007698887744,0.5389221556886189,0.6843455945252328
2001-02-09,12:00:00,116.89,117.51,116.7,117.34,2256,116.98,114.33,BULLISH_20_BAR_BREAKOUT,0.17896710414180478,0.3238452360661287,0.298278506903012
2001-02-09,16:00:00,117.33,117.74,117.3,117.55,1730,117.51,114.33,BULLISH_20_BAR_BREAKOUT,-0.017014036580175262,0.23819651212250204,0.06805614632071313
2001-02-12,04:00:00,117.69,117.95,117.57,117.83,1111,117.78,114.65,BULLISH_20_BAR_BREAKOUT,-0.11032843927692053,-0.16973606042603992,-0.5176949842994139
2001-02-15,16:00:00,116.12,116.2,115.59,115.73,1215,117.98,115.87,BEARISH_20_BAR_BREAKOUT,-0.2765056597252289,0.07776721679770948,-0.2160200466603301
2001-02-15,20:00:00,115.72,115.75,115.41,115.41,1039,117.98,115.59,BEARISH_20_BAR_BREAKOUT,0.2339485313231178,-0.4159085001299625,0.2686075730006085
2001-02-16,08:00:00,115.83,115.94,114.86,114.93,1962,117.63,115.34,BEARISH_20_BAR_BREAKOUT,0.08700948403375472,0.6873749238666945,0.7308796658835719
2001-02-21,08:00:00,115.68,116.52,115.6,116.32,2067,116.22,114.53,BULLISH_20_BAR_BREAKOUT,0.42984869325997255,0.17193947730399145,0.051581843191198656
2001-02-21,12:00:00,116.33,116.89,116.24,116.82,2230,116.52,114.53,BULLISH_20_BAR_BREAKOUT,-0.3595274781715353,-0.376647834274951,-0.46224961479198085
2001-02-22,20:00:00,116.52,117.12,116.29,116.91,1133,116.89,115.22,BULLISH_20_BAR_BREAKOUT,-0.11975023522367682,-0.12830382345393163,-0.8810195877170484
2001-02-28,12:00:00,116.52,117.51,116.48,117.33,2347,116.98,115.63,BULLISH_20_BAR_BREAKOUT,-0.0340918776101526,0.09375266342793781,-0.0426148470126968
2001-03-02,08:00:00,117.44,118.52,117.41,118.36,2158,117.61,115.86,BULLISH_20_BAR_BREAKOUT,0.5153768164920577,0.5069280162216917,0.5069280162216917
2001-03-02,12:00:00,118.42,119.19,118.19,118.97,2370,118.52,115.86,BULLISH_20_BAR_BREAKOUT,0.0,0.23535345044969416,0.4791123812725959
2001-03-05,12:00:00,118.95,119.79,118.63,119.54,2218,119.51,115.86,BULLISH_20_BAR_BREAKOUT,-0.36807763091853096,-0.5102894428643128,-0.9201940772963095
2001-03-12,08:00:00,120.45,120.73,120.32,120.64,2318,120.62,118.56,BULLISH_20_BAR_BREAKOUT,-0.2155172413793146,-0.15749336870026337,-0.5222148541114021
2001-03-14,16:00:00,120.67,121.11,120.46,120.93,1833,120.73,119.07,BULLISH_20_BAR_BREAKOUT,0.074423220044645,-0.23153890680559097,1.157694534027943
2001-03-15,12:00:00,120.76,122.13,120.7,121.87,2617,121.21,119.29,BULLISH_20_BAR_BREAKOUT,0.37745138262082034,0.508738820054148,0.6154098629687372
2001-03-15,16:00:00,121.85,122.38,121.63,122.33,1998,122.13,119.29,BULLISH_20_BAR_BREAKOUT,0.08174609662389319,0.10626992561104835,0.3678574348074903
2001-03-15,20:00:00,122.32,122.56,122.02,122.43,1524,122.38,119.29,BULLISH_20_BAR_BREAKOUT,0.04900759617739775,0.16335865392468235,0.47374009638160436
2001-03-21,08:00:00,122.93,123.78,122.77,123.75,2232,123.66,121.85,BULLISH_20_BAR_BREAKOUT,-0.024242424242425162,-0.2747474747474775,0.29090909090909045
2001-03-22,08:00:00,123.64,124.23,123.58,124.11,2120,123.95,121.98,BULLISH_20_BAR_BREAKOUT,-0.1208605269519021,-0.45927000241720506,-0.9185400048344216
2001-03-27,20:00:00,122.99,123.0,121.72,122.22,1298,124.31,122.33,BEARISH_20_BAR_BREAKOUT,-0.2618229422353078,-0.5236458844706272,0.02454590083456156
2001-03-28,08:00:00,122.16,122.28,121.56,121.58,2175,123.85,121.7,BEARISH_20_BAR_BREAKOUT,0.29610133245599557,0.5510774798486607,1.6203322914953109
2001-03-29,20:00:00,123.42,123.74,123.37,123.69,1209,123.63,121.39,BULLISH_20_BAR_BREAKOUT,-0.1455251030802754,1.3016411997736272,2.0939445387662734
2001-03-30,04:00:00,123.5,124.65,123.46,124.5,2106,123.84,121.39,BULLISH_20_BAR_BREAKOUT,0.6425702811244957,0.8112449799196828,1.301204819277112
2001-03-30,08:00:00,124.47,125.49,124.47,125.3,2427,124.65,121.39,BULLISH_20_BAR_BREAKOUT,-0.04788507581803853,0.7821229050279361,0.7422186751795745
2001-03-30,20:00:00,125.44,126.37,125.43,126.28,1665,125.57,121.39,BULLISH_20_BAR_BREAKOUT,-0.08710801393728178,-0.039594551789671494,0.32467532467532195
2001-04-02,16:00:00,126.22,126.86,126.14,126.63,1809,126.62,121.39,BULLISH_20_BAR_BREAKOUT,0.04738213693437754,-0.4501303008765642,-0.9792308299770945
2001-04-05,08:00:00,124.76,124.84,123.89,124.25,2192,126.86,124.58,BEARISH_20_BAR_BREAKOUT,0.03219315895372737,-0.19315895372232988,0.2897384305835006
2001-04-12,08:00:00,124.3,124.3,122.94,123.19,2263,125.51,123.83,BEARISH_20_BAR_BREAKOUT,0.21105609221528138,0.3409367643477569,0.9172822469356242
2001-04-18,00:00:00,123.3,123.62,122.66,122.8,1447,124.97,123.1,BEARISH_20_BAR_BREAKOUT,0.22801302931596185,0.07328990228013307,-0.757328990228007
2001-04-18,16:00:00,122.89,122.96,122.23,122.43,1653,124.97,122.66,BEARISH_20_BAR_BREAKOUT,-0.23687004819080798,-0.24503798088704676,-0.5962590868251277
2001-04-18,20:00:00,122.42,122.63,122.08,122.14,1087,124.97,122.23,BEARISH_20_BAR_BREAKOUT,-0.22105780252169313,-0.22924512854101942,-0.9251678401833923
2001-04-19,00:00:00,122.15,122.33,121.86,121.87,1416,124.97,122.08,BEARISH_20_BAR_BREAKOUT,0.21334208582915476,-0.18052022647082863,-0.3364240584229185
2001-04-19,12:00:00,121.85,121.98,121.47,121.65,2153,124.97,121.81,BEARISH_20_BAR_BREAKOUT,0.04110152075626564,-0.15618577887382815,0.6740649404027892
2001-04-19,20:00:00,121.69,121.83,120.93,121.01,1212,124.97,121.31,BEARISH_20_BAR_BREAKOUT,0.3718700933807029,0.6941575076439874,1.1321378398479385
2001-04-26,08:00:00,122.29,122.85,122.2,122.74,2277,122.7,121.08,BULLISH_20_BAR_BREAKOUT,-0.2770083102492987,0.32589212970507225,0.9124979631741932
2001-04-26,16:00:00,122.43,123.57,122.27,123.35,1584,122.85,121.08,BULLISH_20_BAR_BREAKOUT,-0.17024726388325395,0.16214025131739185,0.5026347790839113
2001-04-27,08:00:00,123.5,124.24,123.47,123.86,2478,123.69,121.08,BULLISH_20_BAR_BREAKOUT,0.26642984014209453,0.15339899886968975,-0.43597610205070747
2001-05-01,16:00:00,122.3,122.43,121.85,121.92,1752,124.37,122.16,BEARISH_20_BAR_BREAKOUT,0.032808398950124704,0.13123359580052213,-0.20505249343832022
2001-05-02,00:00:00,121.96,122.18,121.57,121.77,1398,124.37,121.85,BEARISH_20_BAR_BREAKOUT,0.25457830335879306,0.5502176233883566,-0.19709288001970507
2001-05-03,12:00:00,121.67,121.73,121.15,121.25,2379,124.0,121.26,BEARISH_20_BAR_BREAKOUT,-0.2061855670103093,-0.09072164948453562,-0.4123711340206186
2001-05-03,16:00:00,121.22,121.28,120.75,121.0,1929,123.99,121.15,BEARISH_20_BAR_BREAKOUT,0.3388429752066087,-0.024793388429753004,0.1983471074380123
2001-05-08,12:00:00,121.61,122.17,121.49,122.04,2282,121.86,120.53,BULLISH_20_BAR_BREAKOUT,-0.42608980662078844,-0.3851196329072542,-0.2048508685676827
2001-05-09,16:00:00,121.79,122.45,121.68,122.23,1674,122.17,120.53,BULLISH_20_BAR_BREAKOUT,-0.06545038043033485,-0.0818129755379273,0.3436144972592667
2001-05-10,16:00:00,122.22,122.79,122.2,122.65,1540,122.45,120.78,BULLISH_20_BAR_BREAKOUT,0.0244598450876487,-0.08153281695883288,-0.1956787607011896
2001-05-14,12:00:00,122.73,123.2,122.65,123.15,2070,122.87,121.4,BULLISH_20_BAR_BREAKOUT,0.08120178643929704,0.08932196508323136,0.31668696711327693
2001-05-14,16:00:00,123.14,123.36,123.03,123.25,1595,123.2,121.4,BULLISH_20_BAR_BREAKOUT,0.040567951318456114,0.024340770791075973,-0.040567951318456114
2001-05-15,12:00:00,123.37,123.69,123.18,123.54,2346,123.42,121.82,BULLISH_20_BAR_BREAKOUT,-0.2752145054233474,-0.11332361988020119,-0.12951270843452387
2001-05-16,04:00:00,123.39,124.08,123.35,123.87,1705,123.69,121.82,BULLISH_20_BAR_BREAKOUT,-0.1210946960523175,-0.177605554210058,-0.49245176394607204
2001-05-17,20:00:00,122.54,122.64,122.43,122.46,856,124.08,122.51,BEARISH_20_BAR_BREAKOUT,0.14698677119059841,0.6859382655561028,0.8819206271435673
2001-05-23,00:00:00,122.76,122.95,122.21,122.36,1361,123.83,122.43,BEARISH_20_BAR_BREAKOUT,-0.6456358287021954,-1.283099051977765,-1.9287348806799602
2001-05-23,04:00:00,122.39,122.42,121.44,121.57,1827,123.83,122.21,BEARISH_20_BAR_BREAKOUT,-0.6580570864522475,-1.1269227605494698,-1.4394998766142963
2001-05-23,08:00:00,121.59,121.63,120.75,120.77,2501,123.83,121.44,BEARISH_20_BAR_BREAKOUT,0.016560404073867874,-0.5382131324004235,-1.0350252546162126
2001-05-23,16:00:00,120.82,120.86,120.09,120.2,1875,123.83,120.56,BEARISH_20_BAR_BREAKOUT,-0.0665557404326109,-0.31613976705491653,-0.10815307820300304
2001-05-29,00:00:00,121.08,121.4,121.05,121.36,1189,121.23,118.99,BULLISH_20_BAR_BREAKOUT,-0.3048780487804915,-0.9805537244561615,-0.8734344100197777
2001-05-31,04:00:00,120.2,120.2,119.27,119.29,1901,121.4,119.89,BEARISH_20_BAR_BREAKOUT,-0.6119540615307267,-0.360466091038651,-0.4778271439349546
2001-05-31,08:00:00,119.22,119.52,118.56,118.56,2571,121.4,119.27,BEARISH_20_BAR_BREAKOUT,0.2530364372469612,0.5988529014844751,0.08434547908231639
2001-06-05,16:00:00,120.12,120.42,120.03,120.36,1453,120.21,118.31,BULLISH_20_BAR_BREAKOUT,-0.05815885676303854,0.033233632436030454,0.04985044865403978
2001-06-11,00:00:00,120.9,121.19,120.85,121.16,745,120.99,119.61,BULLISH_20_BAR_BREAKOUT,0.12380323539122291,0.4291845493562317,0.5942555298778466
2001-06-11,04:00:00,121.12,121.32,121.02,121.31,1092,121.19,119.61,BULLISH_20_BAR_BREAKOUT,0.14013683950210346,0.4946006100074143,0.4533838925067984
2001-06-11,08:00:00,121.28,121.71,121.17,121.48,2116,121.32,119.61,BULLISH_20_BAR_BREAKOUT,0.16463615409944257,0.35396773131379045,0.32927230819887343
2001-06-11,16:00:00,121.64,122.1,121.6,121.91,1467,121.84,119.61,BULLISH_20_BAR_BREAKOUT,0.0,-0.0410138626855854,-0.05741940775981722
2001-06-13,04:00:00,121.9,122.41,121.89,122.32,1407,122.1,119.86,BULLISH_20_BAR_BREAKOUT,-0.13080444735120716,-0.31066056245911994,-0.18803139306735592
2001-06-15,12:00:00,121.43,121.49,120.82,121.11,2419,122.45,121.21,BEARISH_20_BAR_BREAKOUT,1.651391297167864,1.4532243415077246,1.92387086120056
2001-06-15,16:00:00,121.1,123.3,121.05,123.11,2082,122.45,120.82,BULLISH_20_BAR_BREAKOUT,-0.154333522865728,-0.2193160588091918,0.11371943790106456
2001-06-18,08:00:00,122.88,123.55,122.84,123.39,2377,123.3,120.82,BULLISH_20_BAR_BREAKOUT,0.04052192235999445,0.008104384472003498,-0.27554907204798074
2001-06-20,16:00:00,123.59,123.98,123.21,123.93,1720,123.77,120.82,BULLISH_20_BAR_BREAKOUT,-0.1533123537480932,-0.01613814249980653,0.29855563624626025
2001-06-21,08:00:00,123.91,124.24,123.76,124.09,2259,124.06,122.54,BULLISH_20_BAR_BREAKOUT,0.03223466838584257,0.37875735353372464,0.2417600128938651
2001-06-26,04:00:00,123.77,123.95,123.55,123.59,1123,124.74,123.65,BEARISH_20_BAR_BREAKOUT,-0.06473015616150037,0.07282142568169221,0.49356744073145026
2001-06-26,08:00:00,123.62,123.7,123.25,123.51,2211,124.74,123.55,BEARISH_20_BAR_BREAKOUT,0.2671848433325223,0.2590883329285023,0.6639138531292956
2001-06-28,04:00:00,124.35,124.81,124.27,124.76,1444,124.63,123.25,BULLISH_20_BAR_BREAKOUT,-0.12824623276692113,-0.00801538954793613,-0.5690926579031804
2001-07-05,04:00:00,124.56,125.46,124.46,125.44,1557,125.06,123.63,BULLISH_20_BAR_BREAKOUT,0.0,0.2551020408163324,0.382653061224493
2001-07-05,16:00:00,125.44,125.79,125.37,125.76,1277,125.62,123.63,BULLISH_20_BAR_BREAKOUT,-0.06361323155216149,0.12722646310432298,0.06361323155216149
2001-07-06,04:00:00,125.58,125.98,125.5,125.92,1321,125.8,123.63,BULLISH_20_BAR_BREAKOUT,-0.12706480304955256,-0.06353240152477628,-0.2700127064803077
2001-07-11,00:00:00,125.34,125.43,125.06,125.09,1136,126.16,125.21,BEARISH_20_BAR_BREAKOUT,0.4316891837876665,-0.48764889279718554,-0.7914301702774076
2001-07-11,08:00:00,125.62,125.73,124.48,124.79,1978,126.16,124.97,BEARISH_20_BAR_BREAKOUT,-0.24841734113310543,-0.3285519673050811,-0.36060581777386236
2001-07-12,16:00:00,124.38,124.44,123.53,123.53,1792,125.91,123.86,BEARISH_20_BAR_BREAKOUT,0.2104751882133936,0.5342831700801397,1.0280903424269376
2001-07-17,00:00:00,125.49,125.67,125.42,125.6,994,125.54,123.49,BULLISH_20_BAR_BREAKOUT,-0.02388535031847224,-0.4697452229299277,-0.5254777070063668
2001-07-18,16:00:00,124.72,125.02,123.82,123.87,2083,125.67,123.97,BEARISH_20_BAR_BREAKOUT,0.0,-0.01614595947364998,-0.322919189472839
2001-07-19,08:00:00,123.86,124.01,123.47,123.73,2446,125.67,123.77,BEARISH_20_BAR_BREAKOUT,-0.2909561141194532,-0.3394487998060306,-0.3394487998060306
2001-07-19,12:00:00,123.71,123.85,123.19,123.37,3392,125.67,123.47,BEARISH_20_BAR_BREAKOUT,0.08105698305908593,-0.09726837967091233,0.024317094917728082
2001-07-20,04:00:00,123.27,123.28,122.84,122.97,1461,125.67,123.19,BEARISH_20_BAR_BREAKOUT,0.2764902008620016,-0.040660323656173995,0.46352768968041586
2001-07-30,04:00:00,123.48,124.94,123.45,124.73,2005,124.5,123.15,BULLISH_20_BAR_BREAKOUT,0.032069269622377966,0.368796600657415,0.04008658702797816
2001-07-30,12:00:00,124.78,125.23,124.74,125.08,2503,124.94,123.15,BULLISH_20_BAR_BREAKOUT,0.08794371602174564,0.00799488327470828,-0.19987208186760475
2001-08-02,16:00:00,124.08,124.29,123.59,123.67,1858,125.4,123.91,BEARISH_20_BAR_BREAKOUT,0.0,0.03234414166733407,-0.05660224791785186
2001-08-08,12:00:00,123.4,123.56,122.79,122.87,2419,124.32,123.31,BEARISH_20_BAR_BREAKOUT,0.18718971270447607,0.4720436233417419,0.17905102954341895
2001-08-09,16:00:00,123.12,123.26,121.36,121.87,1642,124.32,122.79,BEARISH_20_BAR_BREAKOUT,-0.07384918355625127,0.1312874374333278,0.1641092967916539
2001-08-15,08:00:00,121.58,121.7,120.84,120.95,2396,123.18,121.18,BEARISH_20_BAR_BREAKOUT,-0.7110376188507642,-1.165770979743693,-1.2980570483671
2001-08-15,12:00:00,120.95,121.04,119.92,120.09,2670,123.18,120.84,BEARISH_20_BAR_BREAKOUT,-0.541260721125827,-0.3747189607794178,-0.24981264051960791
2001-08-15,16:00:00,120.1,120.17,119.08,119.44,2258,123.18,119.92,BEARISH_20_BAR_BREAKOUT,0.08372404554588792,0.3851306095110582,0.29303415941058986
2001-08-29,12:00:00,119.94,120.06,119.17,119.29,2454,120.83,119.51,BEARISH_20_BAR_BREAKOUT,0.5448906027328287,0.7209321820772902,0.2766367675412845
2001-08-31,04:00:00,119.22,119.43,118.74,118.84,2174,120.83,119.08,BEARISH_20_BAR_BREAKOUT,-0.11780545270952589,-0.025244025580613543,0.19353752945135455
2001-08-31,08:00:00,118.81,119.05,118.53,118.7,2581,120.83,118.74,BEARISH_20_BAR_BREAKOUT,0.20219039595618776,0.0758213984835749,0.08424599831507525
2001-09-05,12:00:00,119.84,120.49,119.81,120.38,2565,119.92,118.52,BULLISH_20_BAR_BREAKOUT,0.3239740820734346,0.5399568034557283,0.6645622196378231
2001-09-05,16:00:00,120.4,120.92,120.24,120.77,2007,120.49,118.52,BULLISH_20_BAR_BREAKOUT,-0.02484060611079004,0.3726090916618389,0.2566862631448226
2001-09-06,00:00:00,120.72,121.24,120.62,121.03,1494,120.92,118.52,BULLISH_20_BAR_BREAKOUT,0.15698587127158367,0.12393621416178277,0.008262414277456099
2001-09-11,04:00:00,121.12,121.81,121.04,121.73,3096,121.56,119.76,BULLISH_20_BAR_BREAKOUT,0.024644705495770258,-2.415181138585392,-1.979791341493478
2001-09-11,16:00:00,121.86,121.9,118.52,118.79,4147,122.1,119.76,BEARISH_20_BAR_BREAKOUT,0.5892751915144276,0.44616550214663425,0.6061116255577059
2001-09-14,12:00:00,118.94,119.02,116.89,117.42,2886,122.1,118.52,BEARISH_20_BAR_BREAKOUT,-0.11071367739737308,-0.05109862033725283,-0.23846022824050517
2001-09-20,12:00:00,117.41,117.46,116.33,116.42,2438,118.4,116.67,BEARISH_20_BAR_BREAKOUT,-0.41230029204604357,0.07730630475863547,-0.00858958941763023
2001-09-20,16:00:00,116.41,116.47,115.79,115.94,1970,118.4,116.33,BEARISH_20_BAR_BREAKOUT,0.3018802829049582,0.9573917543557008,0.5951354148697583
2001-09-25,16:00:00,117.22,117.83,117.09,117.73,1778,117.67,115.79,BULLISH_20_BAR_BREAKOUT,-0.1613862227129854,-0.4331945978085493,0.1613862227129854
2001-09-26,08:00:00,117.2,117.99,117.14,117.92,2220,117.83,116.03,BULLISH_20_BAR_BREAKOUT,-0.04240162822252133,-0.1696065128900974,0.6360244233378561
2001-09-27,04:00:00,117.97,118.61,117.66,118.42,1748,118.11,116.29,BULLISH_20_BAR_BREAKOUT,0.2111129876710015,1.1400101334234034,0.7093396385745679
2001-09-27,08:00:00,118.41,118.81,118.34,118.67,2225,118.61,116.29,BULLISH_20_BAR_BREAKOUT,0.5814443414510809,0.8595264177972495,0.4213364793123789
2001-09-27,12:00:00,118.64,119.49,118.51,119.36,2705,118.81,116.29,BULLISH_20_BAR_BREAKOUT,0.3434986595174234,-0.008378016085795172,0.03351206434316878
2001-09-27,16:00:00,119.34,120.05,119.3,119.77,2255,119.49,116.29,BULLISH_20_BAR_BREAKOUT,-0.06679468982215772,-0.4258161476162569,-0.5260081823494994
2001-10-01,16:00:00,119.57,120.45,119.55,120.42,1790,120.05,117.14,BULLISH_20_BAR_BREAKOUT,-0.1660853678790922,-0.09134695233349895,0.4650390300614535
2001-10-02,08:00:00,120.33,120.92,120.26,120.63,2452,120.45,117.65,BULLISH_20_BAR_BREAKOUT,-0.008289811821264119,0.1657962364254355,0.15750642460415962
2001-10-02,16:00:00,120.67,121.08,120.56,120.98,1724,120.92,118.34,BULLISH_20_BAR_BREAKOUT,-0.12398743593982946,-0.09092411968920436,-0.2645065300049656
2001-10-05,12:00:00,120.58,120.63,119.96,120.06,2349,121.52,120.08,BEARISH_20_BAR_BREAKOUT,0.2165583874729226,-0.14159586873230193,-0.20822921872397132
2001-10-08,00:00:00,120.29,120.31,119.82,119.89,719,121.52,119.96,BEARISH_20_BAR_BREAKOUT,0.01668195846192011,-0.06672783384769229,0.03336391692385208
2001-10-11,12:00:00,120.53,121.4,120.51,121.33,2350,120.62,119.62,BULLISH_20_BAR_BREAKOUT,0.10714580070880694,0.13187175471853343,-0.11538778537871967
2001-10-11,16:00:00,121.29,121.71,121.22,121.46,1788,121.4,119.62,BULLISH_20_BAR_BREAKOUT,0.01646632636259693,0.008233163181298466,-0.2634612218014105
2001-10-22,16:00:00,121.59,122.49,121.57,122.44,2051,121.85,120.75,BULLISH_20_BAR_BREAKOUT,0.09800718719373126,0.07350539039529845,0.29402156158118214
2001-10-22,20:00:00,122.45,122.6,122.24,122.56,1503,122.49,120.75,BULLISH_20_BAR_BREAKOUT,-0.14686684073107606,0.04079634464751726,0.048955613577025346
2001-10-23,08:00:00,122.52,122.88,122.4,122.61,2297,122.6,120.75,BULLISH_20_BAR_BREAKOUT,0.024467824810375283,0.00815594160346229,-0.08971535763803884
2001-10-29,08:00:00,122.57,122.61,122.15,122.26,1933,123.39,122.32,BEARISH_20_BAR_BREAKOUT,0.024537870112875133,-0.22084083101587618,-0.20448225094061834
2001-10-29,16:00:00,122.31,122.38,121.85,122.07,1767,123.39,122.1,BEARISH_20_BAR_BREAKOUT,-0.06553616777258811,-0.16384041943146443,0.0
2001-11-06,12:00:00,121.49,121.51,121.01,121.06,2076,122.44,121.37,BEARISH_20_BAR_BREAKOUT,0.09086403436312525,0.08260366760283687,-0.1073847678836903
2001-11-07,04:00:00,121.16,121.19,120.81,120.93,1503,122.17,120.95,BEARISH_20_BAR_BREAKOUT,0.13230794674604862,0.06615397337302431,0.04134623335813872
2001-11-08,08:00:00,120.99,121.09,120.58,120.66,1734,122.17,120.7,BEARISH_20_BAR_BREAKOUT,0.033151002817840426,-0.41438753522294053,-0.2652080225426763
2001-11-08,16:00:00,120.7,120.94,119.98,119.98,1890,122.17,120.58,BEARISH_20_BAR_BREAKOUT,0.15002500416735506,0.24170695115851978,0.20836806134355723
2001-11-13,16:00:00,121.17,121.67,121.14,121.45,1579,121.35,119.69,BULLISH_20_BAR_BREAKOUT,0.16467682173734283,0.1152737752161388,0.1811445039110736
2001-11-14,08:00:00,121.55,121.96,121.42,121.88,1808,121.82,119.69,BULLISH_20_BAR_BREAKOUT,-0.11486708237610811,-0.2543485395470974,0.2707581227436809
2001-11-15,08:00:00,121.86,122.35,121.79,122.21,2132,122.01,119.69,BULLISH_20_BAR_BREAKOUT,0.0,0.14728745601833468,-0.0163652728909222
2001-11-16,12:00:00,122.19,122.81,122.15,122.63,2115,122.61,120.65,BULLISH_20_BAR_BREAKOUT,0.008154611432769401,0.12231917149148307,0.595286634591865
2001-11-16,20:00:00,122.66,122.96,122.65,122.95,1040,122.9,121.09,BULLISH_20_BAR_BREAKOUT,-0.13826758845059103,0.1545343635624219,0.27653517690118207
2001-11-19,08:00:00,123.01,123.24,122.92,123.14,1913,123.06,121.33,BULLISH_20_BAR_BREAKOUT,0.1786584375507543,0.12181257105733773,-0.00812083807049303
2001-11-19,12:00:00,123.13,123.55,123.03,123.36,2401,123.24,121.42,BULLISH_20_BAR_BREAKOUT,-0.056744487678334295,-0.17833981841763852,-0.37289234760051376
2001-11-22,12:00:00,123.31,123.9,123.27,123.84,2304,123.55,122.51,BULLISH_20_BAR_BREAKOUT,0.09689922480619374,0.11304909560723558,0.19379844961239895
2001-11-22,16:00:00,123.85,124.02,123.69,123.96,1683,123.9,122.51,BULLISH_20_BAR_BREAKOUT,0.00806711842530261,-0.08873830267828287,0.3791545659890393
2001-11-23,08:00:00,123.84,124.21,123.66,124.14,1819,124.1,122.51,BULLISH_20_BAR_BREAKOUT,-0.04833252779120531,0.06444337038826993,-0.12083131947801327
2001-11-23,16:00:00,124.09,124.5,123.95,124.43,1707,124.23,122.51,BULLISH_20_BAR_BREAKOUT,-0.16876958932733901,-0.13662300088403254,-0.1526962951056915
2001-11-28,04:00:00,123.93,123.99,123.44,123.54,2018,124.6,123.66,BEARISH_20_BAR_BREAKOUT,-0.2914035939776586,-0.25902541686903624,-0.30759268253198124
2001-11-28,08:00:00,123.53,123.7,123.04,123.18,2142,124.6,123.44,BEARISH_20_BAR_BREAKOUT,0.15424581912647972,-0.07306380905991508,0.01623640201331062
2001-12-04,00:00:00,124.09,124.32,124.03,124.21,1663,124.2,122.82,BULLISH_20_BAR_BREAKOUT,-0.16101763143063252,-0.11271234200144961,-0.016101763143060964
2001-12-06,04:00:00,123.83,124.78,123.79,124.68,1654,124.53,123.13,BULLISH_20_BAR_BREAKOUT,-0.008020532563366309,0.048123195380163665,0.16041065126723503
2001-12-07,08:00:00,124.9,125.13,124.8,124.98,1856,124.96,123.62,BULLISH_20_BAR_BREAKOUT,0.09601536245798555,0.44007041126580027,0.8001280204832774
2001-12-07,16:00:00,125.06,125.76,124.79,125.61,2289,125.21,123.62,BULLISH_20_BAR_BREAKOUT,-0.063689196720005,0.09553379508001318,0.493591274580053
2001-12-10,08:00:00,125.72,126.1,125.59,125.98,1951,125.88,123.75,BULLISH_20_BAR_BREAKOUT,0.2698841085886563,0.07937767899666162,-0.19844419749166534
2001-12-10,12:00:00,125.99,126.42,125.77,126.32,2344,126.1,123.75,BULLISH_20_BAR_BREAKOUT,-0.07124762507915548,-0.2849905003166557,-0.21374287523748897
2001-12-12,16:00:00,125.87,126.56,125.66,126.51,1897,126.42,124.79,BULLISH_20_BAR_BREAKOUT,-0.4900798355861232,-0.3319895660422114,-0.13437672911232448
2001-12-14,04:00:00,126.29,127.16,126.26,127.12,2017,126.67,125.49,BULLISH_20_BAR_BREAKOUT,0.44052863436123524,0.1887979861548103,0.5113278791692821
2001-12-14,08:00:00,127.13,127.74,126.99,127.68,3018,127.16,125.49,BULLISH_20_BAR_BREAKOUT,-0.0469924812030093,-0.23496240601504648,0.039160401002504036
2001-12-18,04:00:00,127.79,128.3,127.64,128.24,1853,128.04,125.71,BULLISH_20_BAR_BREAKOUT,0.10137242669993407,-0.21054273237680146,-0.023393636930755718
2001-12-18,08:00:00,128.26,128.44,128.16,128.37,1726,128.3,125.78,BULLISH_20_BAR_BREAKOUT,-0.1713796058269057,-0.4440289787333547,-0.3894991041520604
2001-12-20,04:00:00,128.33,128.81,128.2,128.69,1932,128.45,127.13,BULLISH_20_BAR_BREAKOUT,-0.4817779159219866,-0.14764161939544465,0.45846608128059946
2001-12-21,00:00:00,128.55,129.39,128.46,129.32,1831,128.9,127.43,BULLISH_20_BAR_BREAKOUT,-0.03093102381688219,0.170120630992885,0.21651716671821927
2001-12-21,08:00:00,129.28,129.7,129.2,129.61,2224,129.56,127.44,BULLISH_20_BAR_BREAKOUT,-0.0540081783813144,-0.0540081783813144,-0.13116271892602108
2001-12-25,04:00:00,129.97,130.95,129.93,130.91,1601,130.05,127.9,BULLISH_20_BAR_BREAKOUT,-0.09930486593842751,-0.06111068673132999,-0.2902757619738717
2001-12-27,00:00:00,130.76,131.39,130.68,131.31,2210,131.01,129.25,BULLISH_20_BAR_BREAKOUT,0.18277358921636516,0.15231132434695654,0.37316274465007165
2001-12-27,04:00:00,131.3,131.69,131.08,131.55,2580,131.39,129.25,BULLISH_20_BAR_BREAKOUT,-0.038008361839613355,-0.11402508551881846,-0.1520334473584318
2002-01-02,12:00:00,131.42,132.19,131.26,132.15,1883,132.02,130.62,BULLISH_20_BAR_BREAKOUT,-0.09837306091562273,-0.09837306091562273,-0.37835792659856227
2002-01-08,04:00:00,131.89,132.74,131.71,132.54,2082,132.24,130.37,BULLISH_20_BAR_BREAKOUT,0.07544892108042427,-0.03017956843216542,0.0829938131884817
2002-01-09,00:00:00,132.69,133.12,132.66,133.09,1268,132.86,130.37,BULLISH_20_BAR_BREAKOUT,-0.3306033511157846,-0.5409873018258312,-0.1878428131339695
2002-01-15,04:00:00,131.74,131.81,131.25,131.3,1692,133.24,131.45,BEARISH_20_BAR_BREAKOUT,-0.09139375476009486,-0.13709063214014228,0.12185833968011925
2002-01-15,08:00:00,131.33,131.39,131.0,131.18,1709,133.24,131.25,BEARISH_20_BAR_BREAKOUT,-0.06860801951517259,0.16008537886871438,0.18295471870710525
2002-01-17,20:00:00,132.04,132.69,132.03,132.51,1811,132.35,130.88,BULLISH_20_BAR_BREAKOUT,0.022639800769754085,0.21885140744096332,0.12829220436194697
2002-01-18,04:00:00,132.54,133.06,132.48,132.89,1866,132.69,130.88,BULLISH_20_BAR_BREAKOUT,-0.06772518624424335,-0.1730754759575512,-0.4138761381593671
2002-01-22,00:00:00,132.54,133.18,132.53,133.15,1364,133.06,131.28,BULLISH_20_BAR_BREAKOUT,0.4506196019526807,0.8561772437100912,0.518212542245586
2002-01-22,04:00:00,133.13,133.84,133.01,133.75,2147,133.18,131.68,BULLISH_20_BAR_BREAKOUT,0.0897196261682277,0.1271028037383084,0.3065420560747638
2002-01-22,08:00:00,133.74,133.97,133.47,133.87,2119,133.84,131.79,BULLISH_20_BAR_BREAKOUT,0.31373720773884173,0.02240980055277593,0.31373720773884173
2002-01-22,12:00:00,133.88,134.4,133.79,134.29,2237,133.97,131.8,BULLISH_20_BAR_BREAKOUT,-0.27552312160250547,-0.335095688435467,-0.14893141708242508
2002-01-25,00:00:00,134.77,134.96,134.61,134.86,1336,134.85,132.41,BULLISH_20_BAR_BREAKOUT,-0.04449058282663671,-0.4152454397152619,-0.20762271985763095
2002-01-28,08:00:00,133.87,133.92,133.49,133.53,2337,134.96,133.58,BEARISH_20_BAR_BREAKOUT,0.29206919793303854,-0.007488953793148285,-0.239646521380958
2002-01-28,16:00:00,133.96,134.11,133.19,133.45,2889,134.96,133.49,BEARISH_20_BAR_BREAKOUT,0.05245410266018854,-0.13488197826899845,0.0
2002-01-30,04:00:00,133.43,133.49,132.64,132.84,1592,134.96,132.98,BEARISH_20_BAR_BREAKOUT,-0.16561276723878265,0.015055706112624382,-0.04516711833785176
2002-01-30,08:00:00,132.84,132.96,132.47,132.62,1541,134.96,132.64,BEARISH_20_BAR_BREAKOUT,0.06032272658722974,0.1734278389383123,0.2412909063489618
2002-01-31,20:00:00,133.96,135.19,133.85,134.75,2181,134.11,132.35,BULLISH_20_BAR_BREAKOUT,-0.08163265306123461,-0.5640074211502716,-1.2912801484230123
2002-02-04,20:00:00,132.7,132.82,131.99,132.3,1588,135.19,132.35,BEARISH_20_BAR_BREAKOUT,-0.10582010582011697,0.28722600151171235,1.1942554799697536
2002-02-08,16:00:00,134.22,135.02,134.2,134.82,2087,134.52,132.25,BULLISH_20_BAR_BREAKOUT,-0.08900756564308304,-0.06675567423231228,-0.8752410621569552
2002-02-12,16:00:00,133.59,133.71,132.61,132.84,1823,135.06,133.16,BEARISH_20_BAR_BREAKOUT,-0.13550135501355529,0.18066847335140704,0.27100271002708914
2002-02-13,12:00:00,133.18,133.18,132.16,132.36,1831,135.06,132.46,BEARISH_20_BAR_BREAKOUT,0.6346328195829366,0.2190994258083953,-0.08310667875492114
2002-02-19,04:00:00,132.73,133.72,132.71,133.51,1643,133.45,131.85,BULLISH_20_BAR_BREAKOUT,0.08239083214741491,-0.06741068084787913,-0.19474196689385884
2002-02-19,12:00:00,133.61,134.03,133.57,133.84,1467,133.76,131.85,BULLISH_20_BAR_BREAKOUT,-0.313807531380765,-0.43335325762104937,-0.11207411835027323
2002-02-21,12:00:00,133.67,134.34,133.47,134.3,1805,134.03,132.47,BULLISH_20_BAR_BREAKOUT,-0.014892032762479695,-0.02233804914370896,-0.08935219657483584
2002-02-26,20:00:00,134.38,134.72,134.3,134.57,1748,134.55,133.47,BULLISH_20_BAR_BREAKOUT,-0.10403507468231134,0.007431076763037324,-0.17834584231253672
2002-02-27,12:00:00,134.57,134.93,134.52,134.84,1839,134.72,133.52,BULLISH_20_BAR_BREAKOUT,-0.1631563334322151,-0.40047463660634236,-0.5636309700385576
2002-03-01,00:00:00,133.66,133.71,133.18,133.46,1558,135.0,133.47,BEARISH_20_BAR_BREAKOUT,0.12737898995952907,-0.09740746291023186,-0.20980068934512297
2002-03-04,04:00:00,133.19,133.32,132.91,132.99,1269,135.0,133.08,BEARISH_20_BAR_BREAKOUT,-0.18798405895180087,-0.6165877133619231,-0.5113166403489036
2002-03-04,08:00:00,132.99,133.22,132.62,132.74,1526,135.0,132.91,BEARISH_20_BAR_BREAKOUT,-0.36160916076541977,-0.39927678167847,-0.31640801566974225
2002-03-04,12:00:00,132.75,132.85,132.11,132.26,1583,135.0,132.62,BEARISH_20_BAR_BREAKOUT,-0.06804778466656844,0.05292605474067867,-0.33267805836987585
2002-03-05,12:00:00,132.35,132.43,131.58,131.82,1640,134.33,131.86,BEARISH_20_BAR_BREAKOUT,0.3868912152935969,0.23516917008041444,0.08344712486725356
2002-03-06,16:00:00,131.91,131.95,130.8,130.89,2150,133.88,131.58,BEARISH_20_BAR_BREAKOUT,-0.1528000611200158,-1.0619604247841596,-2.9261211704484564
2002-03-06,20:00:00,130.87,131.03,130.64,130.69,1582,133.88,130.8,BEARISH_20_BAR_BREAKOUT,0.08416864335451346,-1.0712372790573155,-2.754610146147367
2002-03-07,04:00:00,130.8,130.82,129.41,129.5,1799,133.6,130.53,BEARISH_20_BAR_BREAKOUT,-0.1621621621621683,-1.8841698841698826,-1.4054054054054002
2002-03-07,08:00:00,129.43,130.17,129.12,129.29,2580,133.6,129.41,BEARISH_20_BAR_BREAKOUT,-0.11601825353856113,-1.7016010518988232,-1.198855286565084
2002-03-07,16:00:00,129.13,129.3,126.38,127.06,3190,133.22,128.57,BEARISH_20_BAR_BREAKOUT,0.02361089249173708,0.48795844482921813,0.8972139146859643
2002-03-18,04:00:00,129.56,130.01,129.39,129.97,1231,129.66,128.21,BULLISH_20_BAR_BREAKOUT,0.500115411248754,0.9694544894975694,0.9155959067477093
2002-03-18,08:00:00,129.98,130.74,129.72,130.62,2084,130.01,128.21,BULLISH_20_BAR_BREAKOUT,0.4823151125401894,0.5588730669116443,0.8574490889603464
2002-03-18,12:00:00,130.63,131.47,130.57,131.25,2201,130.74,128.21,BULLISH_20_BAR_BREAKOUT,-0.015238095238103036,-0.0914285714285749,-0.015238095238103036
2002-03-19,08:00:00,131.16,131.83,131.04,131.74,1740,131.59,128.21,BULLISH_20_BAR_BREAKOUT,-0.3871261575831329,0.25808410505541474,0.3112190678609356
2002-03-19,16:00:00,131.23,132.32,131.15,132.29,2003,131.85,128.21,BULLISH_20_BAR_BREAKOUT,-0.15874215738149486,-0.05291405246049828,-0.5064630735505236
2002-03-22,12:00:00,132.42,132.89,132.28,132.73,2136,132.56,130.86,BULLISH_20_BAR_BREAKOUT,0.11301137647856979,0.13561365177428375,0.2862954870790506
2002-03-22,20:00:00,132.87,132.96,132.71,132.96,1424,132.95,131.15,BULLISH_20_BAR_BREAKOUT,-0.03760529482551998,0.09025270758123086,0.3158844765342866
2002-03-25,08:00:00,132.75,133.18,132.68,133.08,1641,132.98,131.25,BULLISH_20_BAR_BREAKOUT,0.02254283137962213,0.22542831379619996,-0.2930568079350877
2002-03-25,16:00:00,133.14,133.5,133.09,133.45,2329,133.23,131.25,BULLISH_20_BAR_BREAKOUT,-0.05245410266016725,-0.2472836268265149,-0.5170475833645544
2002-04-01,12:00:00,133.25,133.85,133.22,133.5,1237,133.41,132.18,BULLISH_20_BAR_BREAKOUT,-0.09737827715355464,-0.17977528089888323,-0.04494382022472081
2002-04-04,08:00:00,132.48,132.58,132.07,132.22,2139,133.85,132.28,BEARISH_20_BAR_BREAKOUT,-0.39328392073817137,0.08319467554077571,-0.0453789139313283
2002-04-04,12:00:00,132.23,132.49,131.6,131.7,2366,133.85,132.07,BEARISH_20_BAR_BREAKOUT,0.38724373576311266,0.47076689445710296,-0.0531511009870867
2002-04-09,16:00:00,131.69,131.76,130.87,131.0,1895,132.58,131.12,BEARISH_20_BAR_BREAKOUT,0.015267175572526893,-0.5801526717557183,-0.26717557251907964
2002-04-10,00:00:00,131.02,131.04,130.54,130.62,1636,132.48,130.76,BEARISH_20_BAR_BREAKOUT,-0.29092022661154143,-0.14546011330577072,0.375133976420157
2002-04-10,04:00:00,130.65,130.77,130.21,130.24,1618,132.48,130.54,BEARISH_20_BAR_BREAKOUT,0.29176904176903823,0.31480343980343717,0.9290540540540383
2002-04-12,04:00:00,131.55,132.28,131.54,132.22,1754,131.95,130.21,BULLISH_20_BAR_BREAKOUT,-0.052942066253209186,-0.10588413250641837,-0.4159733777038355
2002-04-16,16:00:00,131.57,131.62,130.88,131.21,1738,132.41,131.26,BEARISH_20_BAR_BREAKOUT,-0.015242740644775727,-0.13718466580291655,-0.3505830348296684
2002-04-17,08:00:00,131.01,131.21,130.71,130.81,1861,132.41,130.88,BEARISH_20_BAR_BREAKOUT,-0.06115740386821535,-0.12231480773640899,-0.2293402645057804
2002-04-18,12:00:00,130.51,130.7,130.09,130.25,2015,132.41,130.32,BEARISH_20_BAR_BREAKOUT,-0.13051823416505756,-0.13819577735125285,0.13819577735125285
2002-04-18,16:00:00,130.11,130.24,129.57,130.08,2540,132.2,130.09,BEARISH_20_BAR_BREAKOUT,-0.06918819188192143,-0.09993849938501219,0.2613776137761185
2002-04-24,12:00:00,130.0,130.02,129.46,129.52,1705,130.71,129.64,BEARISH_20_BAR_BREAKOUT,0.17757875231623668,-0.06948733786288094,-0.8878937615812272
2002-04-25,00:00:00,129.58,129.7,129.3,129.43,1356,130.71,129.45,BEARISH_20_BAR_BREAKOUT,0.0,-0.8189755079966021,-0.556285250714671
2002-04-25,08:00:00,129.43,129.51,128.76,128.92,1913,130.71,129.3,BEARISH_20_BAR_BREAKOUT,-0.4266211604095431,-0.19391870927707108,-0.15513496742164803
2002-04-25,12:00:00,128.93,128.97,128.27,128.37,1966,130.49,128.76,BEARISH_20_BAR_BREAKOUT,0.054529874581283146,0.2648593908234037,-0.007789982083034123
2002-04-26,16:00:00,128.37,128.49,127.84,128.07,2094,130.45,128.16,BEARISH_20_BAR_BREAKOUT,-0.12493167798859732,-0.10150698836573394,0.06246583899430976
2002-05-01,16:00:00,128.29,128.39,127.16,127.41,2295,128.82,127.65,BEARISH_20_BAR_BREAKOUT,0.10988148496978303,-0.26685503492661755,0.47876932736834915
2002-05-02,04:00:00,127.4,127.4,126.91,127.07,1943,128.71,127.11,BEARISH_20_BAR_BREAKOUT,0.17313291886362878,0.7476194223656387,0.6689226410639872
2002-05-08,12:00:00,128.34,128.82,128.33,128.62,1809,128.52,126.73,BULLISH_20_BAR_BREAKOUT,0.04664904369460603,0.25656974032031105,-0.015549681231542708
2002-05-08,20:00:00,128.67,128.97,128.6,128.92,1119,128.82,126.73,BULLISH_20_BAR_BREAKOUT,0.02327024511324941,-0.04654049022647678,-0.4033509152962937
2002-05-13,00:00:00,127.7,127.87,127.23,127.25,1215,129.1,127.51,BEARISH_20_BAR_BREAKOUT,0.047151277013754246,0.33005893909626854,0.4793713163064829
2002-05-17,12:00:00,127.31,127.38,125.92,126.2,2354,128.83,126.96,BEARISH_20_BAR_BREAKOUT,-0.1901743264659343,-0.1901743264659343,-0.4358161648177474
2002-05-20,16:00:00,125.64,125.81,125.19,125.22,1749,128.63,125.35,BEARISH_20_BAR_BREAKOUT,0.15173295000798412,0.567002076345638,-1.0621306500559002
2002-05-21,12:00:00,125.67,125.73,124.22,124.44,2391,128.43,125.19,BEARISH_20_BAR_BREAKOUT,-0.44198007071680906,-0.4901960784313721,-0.04821600771456306
2002-05-21,16:00:00,124.43,124.56,123.71,123.89,2165,128.43,124.22,BEARISH_20_BAR_BREAKOUT,0.23407861812899042,-0.14529017676972056,0.2179352651545694
2002-05-29,12:00:00,124.48,124.52,124.26,124.3,1853,125.31,124.32,BEARISH_20_BAR_BREAKOUT,-0.03218020917135321,-0.040225261464197234,-0.7964601769911462
2002-05-30,08:00:00,124.26,124.33,123.93,124.07,1915,125.09,124.13,BEARISH_20_BAR_BREAKOUT,-0.6125574272587982,-0.531957765777381,-0.21761908599983562
2002-05-30,12:00:00,124.07,124.14,123.24,123.31,2395,125.09,123.93,BEARISH_20_BAR_BREAKOUT,-0.20274105911929283,0.15408320493066072,0.6731003162760508
2002-05-30,16:00:00,123.28,123.37,122.8,123.06,1956,125.09,123.24,BEARISH_20_BAR_BREAKOUT,0.28441410693969954,0.07313505607021242,1.0807736063708746
2002-06-06,08:00:00,124.67,125.04,124.63,124.85,1902,124.77,123.26,BULLISH_20_BAR_BREAKOUT,0.016019223067689416,-0.6247496996395684,-0.4084901882258638
2002-06-11,12:00:00,124.63,125.75,124.56,125.66,2013,125.08,124.02,BULLISH_20_BAR_BREAKOUT,-0.19099156453922878,-0.16711761897182378,-0.05570587299060416
2002-06-14,12:00:00,124.71,124.77,124.15,124.2,1945,125.98,124.42,BEARISH_20_BAR_BREAKOUT,0.04025764895329884,0.07246376811594478,0.09661835748791492
2002-06-19,12:00:00,124.23,124.29,123.62,123.79,1975,125.01,123.93,BEARISH_20_BAR_BREAKOUT,0.16964213587526758,0.31504968091122104,-0.19387672671460465
2002-06-20,12:00:00,123.7,123.93,123.47,123.55,1796,124.87,123.62,BEARISH_20_BAR_BREAKOUT,-0.12140833670578023,0.25091056252529526,-1.1817078106029897
2002-06-20,16:00:00,123.58,123.7,123.24,123.4,1807,124.87,123.47,BEARISH_20_BAR_BREAKOUT,0.04862236628848303,-0.0648298217180004,-1.7341977309562402
2002-06-21,08:00:00,123.32,123.45,122.92,122.98,1625,124.87,123.24,BEARISH_20_BAR_BREAKOUT,-0.7236949097414218,-1.4717840299235667,-1.3742071881606746
2002-06-21,12:00:00,122.97,123.06,121.85,122.09,2264,124.87,122.92,BEARISH_20_BAR_BREAKOUT,-0.6798263576050441,-0.3603898763207451,-0.5651568515029878
2002-06-21,16:00:00,122.09,122.16,120.8,121.26,2312,124.87,121.85,BEARISH_20_BAR_BREAKOUT,-0.07422068283028484,0.5525317499587676,0.0
2002-06-26,12:00:00,120.43,120.47,119.05,119.42,2184,123.96,120.02,BEARISH_20_BAR_BREAKOUT,0.31820465583653945,0.5610450510802225,0.5526712443476776
2002-06-28,12:00:00,119.13,119.43,118.36,118.73,2294,122.05,118.93,BEARISH_20_BAR_BREAKOUT,0.7664448749263005,0.8843594710688092,0.9433167691400575
2002-07-02,08:00:00,119.97,120.52,119.81,120.44,1756,120.39,118.36,BULLISH_20_BAR_BREAKOUT,-0.05812022583858617,-0.44005313849219624,-0.13284623048820707
2002-07-08,00:00:00,120.06,120.19,119.29,119.34,834,120.67,119.62,BEARISH_20_BAR_BREAKOUT,-0.18434724317077164,-0.42735042735043166,-0.41897100720630126
2002-07-08,04:00:00,119.35,119.42,119.01,119.12,1515,120.67,119.29,BEARISH_20_BAR_BREAKOUT,-0.34419073203493183,-0.3022162525184683,-0.22666218938886015
2002-07-08,08:00:00,119.13,119.2,118.64,118.71,2153,120.67,119.01,BEARISH_20_BAR_BREAKOUT,0.10108668182967277,-0.22744503411675177,-0.07581501137224261
2002-07-08,20:00:00,118.76,118.77,118.38,118.44,1237,120.67,118.53,BEARISH_20_BAR_BREAKOUT,0.3377237419790659,0.15197568389058327,-0.33772374197905397
2002-07-09,12:00:00,118.6,118.72,117.96,118.09,2005,120.67,118.31,BEARISH_20_BAR_BREAKOUT,-0.033872470149890976,0.07621305783724566,0.04234058768735469
2002-07-11,12:00:00,117.34,117.5,117.04,117.15,1920,119.42,117.29,BEARISH_20_BAR_BREAKOUT,-0.34997865983782395,-0.008536064874097408,-0.28169014084508104
2002-07-11,16:00:00,117.13,117.21,116.5,116.74,2028,119.2,117.04,BEARISH_20_BAR_BREAKOUT,0.17132088401576395,0.1027925304094608,0.04283022100395013
2002-07-15,04:00:00,116.57,116.63,116.2,116.3,1352,118.37,116.43,BEARISH_20_BAR_BREAKOUT,-0.06018916595012311,-0.2579535683576932,-0.02579535683577054
2002-07-15,12:00:00,116.22,116.29,115.8,115.89,1988,118.37,116.05,BEARISH_20_BAR_BREAKOUT,0.09491759427042837,0.34515488825610985,0.060402105444812476
2002-07-23,08:00:00,117.15,117.93,117.02,117.84,1795,117.35,115.54,BULLISH_20_BAR_BREAKOUT,-0.3564154786150727,-0.2291242362525545,-0.33944331296673935
2002-07-26,12:00:00,117.38,118.17,117.26,118.09,2037,117.93,115.9,BULLISH_20_BAR_BREAKOUT,0.6774494029977112,0.5165551697857562,1.3972393936827772
2002-07-26,16:00:00,117.98,118.93,117.98,118.89,2702,118.17,115.9,BULLISH_20_BAR_BREAKOUT,-0.050466818067122776,0.21868954495752804,0.8074690890739287
2002-07-29,04:00:00,118.71,119.33,118.63,119.15,1603,119.08,115.9,BULLISH_20_BAR_BREAKOUT,0.14267729752411876,0.5874947545111109,0.8476710029374661
2002-07-29,12:00:00,119.29,119.77,119.24,119.74,1752,119.41,115.9,BULLISH_20_BAR_BREAKOUT,0.09186570903624472,-0.10021713713044124,-0.1670285618840727
2002-07-29,16:00:00,119.75,119.99,119.66,119.85,1914,119.77,115.9,BULLISH_20_BAR_BREAKOUT,-0.1001251564455489,0.258656654151024,0.15853149770547514
2002-07-30,04:00:00,119.63,120.32,119.6,120.16,1525,120.02,116.1,BULLISH_20_BAR_BREAKOUT,-0.34121171770971753,-0.099866844207715,-0.28295605858855144
2002-08-02,00:00:00,119.33,119.37,118.79,118.96,1176,120.43,119.04,BEARISH_20_BAR_BREAKOUT,0.0420309347679988,0.11768661735037035,-0.01681237390719235
2002-08-06,08:00:00,119.84,120.74,119.73,120.65,2345,120.38,118.64,BULLISH_20_BAR_BREAKOUT,0.05801906340654221,0.10774968918358512,0.14090343970160588
2002-08-06,16:00:00,120.72,121.24,120.52,121.08,2311,121.01,118.64,BULLISH_20_BAR_BREAKOUT,-0.24777006937561707,-0.14866204162536556,-0.6029071688140105
2002-08-12,00:00:00,120.17,120.17,119.66,119.77,804,121.36,119.99,BEARISH_20_BAR_BREAKOUT,0.11689070718877896,-0.7430909242715209,-0.7347415880437467
2002-08-12,12:00:00,119.83,119.87,118.81,118.88,2726,121.36,119.54,BEARISH_20_BAR_BREAKOUT,0.008411843876181962,0.008411843876181962,0.09253028263795376
2002-08-13,20:00:00,118.96,119.18,118.39,118.42,1430,121.36,118.73,BEARISH_20_BAR_BREAKOUT,-0.12666779260260572,-1.064009457861852,-0.9204526262455696
2002-08-14,00:00:00,118.43,118.47,118.05,118.27,1315,121.36,118.39,BEARISH_20_BAR_BREAKOUT,-0.8962543333051511,-1.5642174685042654,-0.78633634903187
2002-08-14,04:00:00,118.28,118.31,116.98,117.21,1548,121.36,118.05,BEARISH_20_BAR_BREAKOUT,-0.04265847623922631,-0.4948383243750519,0.5119017148707521
2002-08-14,12:00:00,117.14,117.25,116.29,116.42,2691,121.36,116.86,BEARISH_20_BAR_BREAKOUT,0.1803813777701372,0.7902422264215786,0.9792131936093459
2002-08-19,12:00:00,118.41,118.77,118.28,118.68,1748,118.51,116.29,BULLISH_20_BAR_BREAKOUT,-0.3201887428378915,-0.03370407819346667,0.3370407819346069
2002-08-20,04:00:00,118.67,119.28,118.62,119.2,1442,118.77,116.54,BULLISH_20_BAR_BREAKOUT,-0.36073825503356277,-0.30201342281879145,-0.9479865771812162
2002-08-22,12:00:00,119.11,119.56,118.85,119.46,1797,119.28,117.43,BULLISH_20_BAR_BREAKOUT,0.41017913946091505,0.3934371337686365,0.3432111166917887
2002-08-22,16:00:00,119.46,119.95,119.35,119.95,1690,119.56,117.73,BULLISH_20_BAR_BREAKOUT,0.016673614005832445,0.10004168403500652,-0.32513547311379787
2002-08-22,20:00:00,119.9,119.98,119.81,119.97,1199,119.95,117.73,BULLISH_20_BAR_BREAKOUT,-0.03334166875051433,0.10836042343918935,-0.28340418437943105
2002-08-23,04:00:00,119.92,120.31,119.83,120.07,1381,119.98,117.73,BULLISH_20_BAR_BREAKOUT,0.024985425168652566,-0.42475222786706995,-0.37478137752976487
2002-08-29,08:00:00,118.0,118.16,117.54,117.7,1782,119.94,117.88,BEARISH_20_BAR_BREAKOUT,-0.008496176720480132,0.3908241291418808,0.2718776550552194
2002-09-03,08:00:00,118.0,118.15,117.32,117.38,1792,119.1,117.41,BEARISH_20_BAR_BREAKOUT,-0.12779008348951396,-0.23854148918044057,0.24706082807974633
2002-09-03,12:00:00,117.39,117.52,117.04,117.23,1821,118.94,117.32,BEARISH_20_BAR_BREAKOUT,0.051181438198415315,-0.008530239699739926,0.43504222468650594
2002-09-09,08:00:00,118.43,119.04,118.2,118.92,2042,118.91,116.91,BULLISH_20_BAR_BREAKOUT,0.19340733266061552,-0.033636057854024765,0.18499831819710633
2002-09-09,12:00:00,118.91,119.33,118.79,119.15,1490,119.04,117.09,BULLISH_20_BAR_BREAKOUT,-0.19303399076794292,-0.30214015946286144,0.29374737725555544
2002-09-10,12:00:00,119.18,119.57,118.97,119.5,1982,119.33,117.3,BULLISH_20_BAR_BREAKOUT,0.46861924686192663,0.2761506276150613,0.4267782426778286
2002-09-10,16:00:00,119.48,120.17,119.32,120.06,2179,119.57,117.3,BULLISH_20_BAR_BREAKOUT,-0.13326669998333882,-0.18324171247709384,0.3664834249541877
2002-09-11,16:00:00,120.02,120.74,119.96,120.5,2050,120.17,118.11,BULLISH_20_BAR_BREAKOUT,-0.1493775933610015,-0.17427385892115665,-0.21576763485477604
2002-09-13,16:00:00,120.28,122.29,120.16,121.97,2417,120.74,118.33,BULLISH_20_BAR_BREAKOUT,-0.24596212183323535,-0.032794949577758505,0.3361482331720887
2002-09-16,08:00:00,121.93,122.51,121.87,122.4,2141,122.29,119.43,BULLISH_20_BAR_BREAKOUT,-0.3676470588235317,-0.08169934640523573,0.792483660130718
2002-09-17,04:00:00,122.34,122.91,122.29,122.77,1771,122.51,119.43,BULLISH_20_BAR_BREAKOUT,0.4887187423637766,-0.18734218457277005,-0.7086421764274582
2002-09-17,08:00:00,122.76,123.56,122.6,123.37,2459,122.91,119.43,BULLISH_20_BAR_BREAKOUT,-0.2918051390127255,-1.126692064521359,-1.264488935721814
2002-09-19,12:00:00,121.77,121.93,121.03,121.28,3126,123.56,121.34,BEARISH_20_BAR_BREAKOUT,0.19788918205804326,0.4782321899736134,1.6160949868073826
2002-09-23,16:00:00,123.19,124.23,123.12,123.95,2477,123.73,120.91,BULLISH_20_BAR_BREAKOUT,-0.016135538523595016,-0.40338846308995563,-0.5002016942315487
2002-09-30,04:00:00,122.65,122.68,121.34,121.57,1786,123.54,121.81,BEARISH_20_BAR_BREAKOUT,0.13983713087110447,0.11515999012914417,0.468865674097234
2002-10-07,04:00:00,123.16,123.83,123.04,123.74,1478,123.39,122.31,BULLISH_20_BAR_BREAKOUT,0.1777921448197825,0.47680620656214917,0.19395506707613472
2002-10-07,08:00:00,123.72,124.07,123.65,123.96,1858,123.83,122.31,BULLISH_20_BAR_BREAKOUT,0.22587931590835847,0.25008067118425487,0.25008067118425487
2002-10-07,12:00:00,123.97,124.44,123.74,124.24,1885,124.07,122.31,BULLISH_20_BAR_BREAKOUT,0.07244043786220494,0.040244687701232594,0.016097875080497613
2002-10-15,00:00:00,124.31,124.6,124.21,124.53,1213,124.52,123.01,BULLISH_20_BAR_BREAKOUT,-0.12848309644262154,0.3131775475788971,0.2649963864129112
2002-10-15,12:00:00,124.51,124.99,124.47,124.92,1956,124.65,123.14,BULLISH_20_BAR_BREAKOUT,-0.23214857508806136,-0.04803073967339279,-0.6083893691962897
2002-10-23,08:00:00,124.7,124.72,124.05,124.18,2143,125.69,124.47,BEARISH_20_BAR_BREAKOUT,0.0,0.3462715413109942,0.21742631663713644
2002-10-25,04:00:00,124.24,124.26,123.61,123.65,1658,125.51,123.83,BEARISH_20_BAR_BREAKOUT,0.1374848362312879,0.46097856854022895,0.9219571370804696
2002-10-29,16:00:00,123.44,123.63,122.33,122.51,2080,125.04,123.18,BEARISH_20_BAR_BREAKOUT,0.38364215166108795,0.4489429434331868,0.33466655783201094
2002-11-01,12:00:00,122.68,122.74,121.97,122.0,1834,123.79,122.33,BEARISH_20_BAR_BREAKOUT,0.1147540983606562,0.18032786885245808,0.4672131147540928
2002-11-07,16:00:00,121.72,121.89,121.22,121.26,1988,122.67,121.37,BEARISH_20_BAR_BREAKOUT,-0.07422068283028484,-0.18967507834405736,-1.2782450931882
2002-11-07,20:00:00,121.28,121.46,121.08,121.17,1365,122.67,121.22,BEARISH_20_BAR_BREAKOUT,0.1320458859453632,-0.041264339357924534,-1.1223900305356107
2002-11-08,04:00:00,121.33,121.35,120.82,121.03,1318,122.67,121.08,BEARISH_20_BAR_BREAKOUT,0.07436172849706965,-1.090638684623653,-1.2145748987854241
2002-11-08,12:00:00,121.14,121.27,120.56,120.67,1814,122.67,120.76,BEARISH_20_BAR_BREAKOUT,-0.7955581337532179,-0.5469462169553299,-1.1519018811635042
2002-11-08,16:00:00,120.68,120.74,119.54,119.71,2172,122.67,120.56,BEARISH_20_BAR_BREAKOUT,0.0835352100910605,-0.12530281513657296,-0.15036337816388992
2002-11-11,12:00:00,119.68,119.74,119.08,119.28,1865,122.67,119.51,BEARISH_20_BAR_BREAKOUT,0.20959087860496312,0.3856472166331269,0.25989268947015615
2002-11-14,04:00:00,120.26,120.52,120.1,120.43,1589,120.36,119.08,BULLISH_20_BAR_BREAKOUT,0.0,-0.008303578842485356,0.20758947106202771
2002-11-19,16:00:00,121.25,121.74,121.22,121.67,2170,121.34,119.62,BULLISH_20_BAR_BREAKOUT,0.36985288074299566,0.6082025149995849,0.6575162324319859
2002-11-19,20:00:00,121.64,122.52,121.59,122.12,1991,121.74,119.62,BULLISH_20_BAR_BREAKOUT,0.16377333770061303,0.21290533901080158,0.4258106780216148
2002-11-21,16:00:00,122.23,122.98,122.21,122.87,2257,122.81,120.79,BULLISH_20_BAR_BREAKOUT,-0.1627736632212931,-0.08138683161065234,-0.008138683161068704
2002-11-25,00:00:00,123.07,123.21,122.99,123.17,609,123.02,121.22,BULLISH_20_BAR_BREAKOUT,-0.49525046683445595,-0.20297150280100673,-0.9905009336689119
2002-11-27,12:00:00,121.88,121.95,121.47,121.47,1648,123.21,121.5,BEARISH_20_BAR_BREAKOUT,0.5598090063390193,0.7079937433111052,0.5845064625010357
2002-11-29,16:00:00,122.44,122.72,122.34,122.68,1687,122.64,121.32,BULLISH_20_BAR_BREAKOUT,-0.1467231822628031,0.8151287903488751,1.4998369742419213
2002-12-02,04:00:00,123.37,123.45,123.23,123.39,1169,122.79,121.32,BULLISH_20_BAR_BREAKOUT,0.23502714968798624,0.964421752167921,1.1427182105519058
2002-12-02,08:00:00,123.4,123.81,123.29,123.68,1574,123.45,121.32,BULLISH_20_BAR_BREAKOUT,0.8004527813712765,0.679172056921078,0.6144890038809757
2002-12-02,12:00:00,123.66,124.84,123.59,124.67,2157,123.81,121.32,BULLISH_20_BAR_BREAKOUT,-0.07219058313949099,-0.16844469399214562,-0.22459292532285324
2002-12-05,04:00:00,124.71,125.43,124.66,125.23,1557,125.06,122.34,BULLISH_20_BAR_BREAKOUT,-0.03992653517527522,-0.24754451808672223,-0.0479118422103348
2002-12-06,16:00:00,124.89,125.01,123.0,123.69,2627,125.79,124.16,BEARISH_20_BAR_BREAKOUT,-0.11318619128466373,-0.7033713315546969,-0.2910502061605622
2002-12-09,04:00:00,123.27,123.35,122.71,122.82,1600,125.79,122.88,BEARISH_20_BAR_BREAKOUT,-0.08141996417521113,0.41524181729360454,0.5862237420615641
2002-12-13,08:00:00,122.65,122.88,121.68,121.84,1910,124.07,122.24,BEARISH_20_BAR_BREAKOUT,0.016414970453049918,-1.0669730794484547,-0.7550886408404478
2002-12-13,16:00:00,121.87,121.89,120.31,120.72,2469,124.07,121.54,BEARISH_20_BAR_BREAKOUT,-0.14910536779323444,-0.03313452617626909,0.45559973492378825
2002-12-23,08:00:00,120.35,120.39,119.89,119.97,1643,121.72,120.25,BEARISH_20_BAR_BREAKOUT,0.0,0.3917646078186203,0.2917396015670537
2002-12-30,08:00:00,119.91,120.02,119.27,119.41,1496,120.51,119.8,BEARISH_20_BAR_BREAKOUT,-0.13399212796247936,-0.7202076877983414,-0.6280880998241354
2002-12-30,12:00:00,119.41,119.52,119.16,119.25,1702,120.51,119.27,BEARISH_20_BAR_BREAKOUT,-0.7295597484276768,-0.6708595387840647,-0.5199161425576558
2002-12-30,16:00:00,119.24,119.32,118.3,118.38,1906,120.46,119.16,BEARISH_20_BAR_BREAKOUT,0.14360533873965342,0.18584220307484275,0.24497381314411748
2003-01-02,20:00:00,119.84,120.22,119.77,120.03,1356,120.02,118.3,BULLISH_20_BAR_BREAKOUT,0.041656252603513425,0.09997500624844168,-0.2832625177039102
2003-01-07,20:00:00,120.14,120.63,120.04,120.45,1723,120.3,118.54,BULLISH_20_BAR_BREAKOUT,-0.22415940224159073,-0.19095060190950933,-1.1207970112079773
2003-01-14,08:00:00,118.76,119.02,118.53,118.6,1733,120.05,118.69,BEARISH_20_BAR_BREAKOUT,-0.3541315345699726,-0.44688026981450346,-0.3541315345699726
2003-01-14,12:00:00,118.59,118.69,117.97,118.18,2165,120.05,118.53,BEARISH_20_BAR_BREAKOUT,-0.20308004738535207,-0.07615501776950703,0.06769334912844668
2003-01-14,16:00:00,118.15,118.25,117.55,117.94,2084,120.05,117.97,BEARISH_20_BAR_BREAKOUT,0.11022553840935685,0.18653552653891714,-0.0423944378497517
2003-01-21,04:00:00,118.41,118.88,118.39,118.81,1524,118.51,117.42,BULLISH_20_BAR_BREAKOUT,0.19358639845131215,-0.19358639845131215,-0.530258395757929
2003-01-21,08:00:00,118.81,119.17,118.73,119.04,1845,118.88,117.42,BULLISH_20_BAR_BREAKOUT,-0.20161290322581407,-0.7560483870967789,-0.6132392473118312
2003-01-23,16:00:00,117.99,118.13,117.61,117.82,1930,119.17,117.9,BEARISH_20_BAR_BREAKOUT,0.27160074690206026,0.07638771006620558,-0.025462570022056465
2003-01-31,16:00:00,119.37,120.01,119.32,119.92,1954,119.51,117.85,BULLISH_20_BAR_BREAKOUT,0.01667778519012343,0.25850567044696654,0.4753168779186068
2003-02-03,04:00:00,119.88,120.92,119.86,120.23,1922,120.09,117.85,BULLISH_20_BAR_BREAKOUT,0.3659652333028343,0.21625218331530477,0.19130000831738314
2003-02-10,16:00:00,120.56,121.34,120.46,121.27,2010,120.62,119.05,BULLISH_20_BAR_BREAKOUT,0.0,0.0412303125257666,-0.09895275006183751
2003-02-18,00:00:00,120.16,120.45,119.77,119.87,1173,121.5,119.99,BEARISH_20_BAR_BREAKOUT,-0.5672812213231058,-0.6590473012430185,-0.7424710102611166
2003-02-18,04:00:00,119.85,119.91,119.13,119.19,1674,121.5,119.77,BEARISH_20_BAR_BREAKOUT,-0.016779931202278733,-0.20135917442738058,-0.11745951841597498
2003-02-18,12:00:00,119.17,119.34,119.0,119.08,2056,121.33,119.1,BEARISH_20_BAR_BREAKOUT,-0.10917030567685207,-0.0839771582129613,-0.016795431642589873
2003-02-18,16:00:00,119.16,119.22,118.67,118.95,2060,121.31,119.0,BEARISH_20_BAR_BREAKOUT,0.05884825556956131,0.08406893652794814,-0.2522068095838564
2003-02-19,16:00:00,119.04,119.11,118.56,118.65,1818,120.87,118.67,BEARISH_20_BAR_BREAKOUT,0.08428150021069895,0.2949852507374583,-0.3876949009692439
2003-02-20,16:00:00,118.72,118.88,118.13,118.19,2076,120.69,118.54,BEARISH_20_BAR_BREAKOUT,0.0930704797360178,0.16075810136221147,0.4738133513833677
2003-02-24,12:00:00,118.39,118.45,117.68,117.73,1942,119.24,118.1,BEARISH_20_BAR_BREAKOUT,0.03397604688693794,0.3482544805911803,-0.5096407033041778
2003-02-25,08:00:00,117.84,117.88,117.21,117.32,1956,119.1,117.53,BEARISH_20_BAR_BREAKOUT,-0.1619502216160908,-0.051142175247177006,0.05114217524718912
2003-02-25,12:00:00,117.32,117.48,116.96,117.13,1842,119.1,117.21,BEARISH_20_BAR_BREAKOUT,0.0,0.3158883292068681,0.19636301545291898
2003-02-28,16:00:00,118.09,118.33,118.01,118.22,1634,118.14,116.8,BULLISH_20_BAR_BREAKOUT,-0.06767044493317399,0.008458805616651258,-0.2537641684994055
2003-03-07,12:00:00,117.27,117.32,116.86,116.96,1589,118.12,117.0,BEARISH_20_BAR_BREAKOUT,-0.4531463748289902,-0.042749658002733545,-0.29924760601914696
2003-03-07,16:00:00,116.95,116.99,116.35,116.43,2363,118.12,116.86,BEARISH_20_BAR_BREAKOUT,0.5496865069140138,0.28343210512754297,0.07729966503477556
2003-03-13,00:00:00,117.29,117.93,117.27,117.93,1251,117.56,116.35,BULLISH_20_BAR_BREAKOUT,0.025438819638757677,0.31374544221147316,0.3307046553039823
2003-03-13,04:00:00,117.91,118.4,117.89,117.96,1756,117.93,116.39,BULLISH_20_BAR_BREAKOUT,0.025432349949136263,0.3730077992539945,0.18650389962700328
2003-03-18,12:00:00,118.75,119.23,118.58,119.05,1952,118.99,117.55,BULLISH_20_BAR_BREAKOUT,-0.1595968080638368,-0.2939941201175929,0.22679546409071485
2003-03-19,12:00:00,118.67,119.37,118.65,119.32,2090,119.23,117.55,BULLISH_20_BAR_BREAKOUT,0.6704659738518366,0.8716057660073804,0.7291317465638657
2003-03-19,16:00:00,119.32,120.2,119.2,120.12,2151,119.37,117.55,BULLISH_20_BAR_BREAKOUT,0.2913752913752866,-0.10822510822511627,-0.04995004995005184
2003-03-19,20:00:00,120.17,120.66,119.94,120.47,1716,120.2,117.55,BULLISH_20_BAR_BREAKOUT,-0.09130903959491943,-0.4731468415373066,-0.19921972275254826
2003-03-21,12:00:00,120.36,121.0,120.31,120.9,2350,120.66,118.46,BULLISH_20_BAR_BREAKOUT,0.4797353184449944,0.27295285359801347,-0.2150537634408644
2003-03-21,16:00:00,120.91,121.6,120.86,121.48,2092,121.0,118.51,BULLISH_20_BAR_BREAKOUT,0.17286796180440708,-0.3704313467237429,-0.6585446163977586
2003-03-21,20:00:00,121.43,121.92,121.39,121.69,2322,121.6,118.55,BULLISH_20_BAR_BREAKOUT,-0.37800969677047724,-0.7067137809187275,-0.7642369956446649
2003-03-25,08:00:00,119.91,119.95,119.43,119.63,1892,121.92,119.72,BEARISH_20_BAR_BREAKOUT,0.23405500292568848,0.44303268410933805,0.6436512580456493
2003-03-31,04:00:00,120.07,120.13,119.3,119.34,1593,120.51,119.46,BEARISH_20_BAR_BREAKOUT,-0.3519356460532945,-1.0809451985922627,-0.8965979554214911
2003-03-31,08:00:00,119.33,119.4,118.8,118.92,2066,120.51,119.3,BEARISH_20_BAR_BREAKOUT,-0.12613521695257793,-0.7736293306424501,-0.8072653884964748
2003-03-31,12:00:00,118.89,118.96,118.47,118.77,1910,120.51,118.8,BEARISH_20_BAR_BREAKOUT,-0.6062136903258389,-0.3620442872779259,-0.5725351519743982
2003-03-31,16:00:00,118.77,118.93,117.76,118.05,2299,120.51,118.47,BEARISH_20_BAR_BREAKOUT,-0.04235493434984935,0.18636171113934677,0.18636171113934677
2003-04-04,04:00:00,119.42,120.01,119.35,119.92,1660,119.72,117.62,BULLISH_20_BAR_BREAKOUT,0.10006671114076429,0.10840560373582009,0.6087391594396298
2003-04-04,08:00:00,119.91,120.19,119.81,120.04,1837,120.01,117.62,BULLISH_20_BAR_BREAKOUT,-0.07497500833055933,-0.033322225924696976,0.5914695101632736
2003-04-07,00:00:00,120.38,120.6,120.24,120.6,892,120.2,117.62,BULLISH_20_BAR_BREAKOUT,0.0414593698175882,0.008291873963519996,-0.6467661691542299
2003-04-07,04:00:00,120.59,120.84,120.53,120.65,1501,120.6,117.62,BULLISH_20_BAR_BREAKOUT,0.08288437629506366,-0.23207625362619239,-0.6879403232490778
2003-04-16,20:00:00,120.06,120.08,119.25,119.56,1450,120.87,119.87,BEARISH_20_BAR_BREAKOUT,-0.08364001338240927,-0.23419203747072695,0.07527601204416477
2003-04-17,04:00:00,119.47,119.67,118.93,118.97,1751,120.85,119.25,BEARISH_20_BAR_BREAKOUT,0.2605698915693051,0.596789106497443,0.6808439102294715
2003-04-25,12:00:00,120.56,121.11,120.43,121.03,2089,120.78,119.35,BULLISH_20_BAR_BREAKOUT,-0.6114186565314342,-0.8592910848549998,-0.7518796992481175
2003-04-30,20:00:00,119.29,119.32,118.6,118.97,1376,121.17,119.04,BEARISH_20_BAR_BREAKOUT,-0.04202740186601425,-0.18492056821047229,-0.3614356560477369
2003-05-06,20:00:00,118.01,118.06,117.29,117.51,2221,119.25,117.85,BEARISH_20_BAR_BREAKOUT,0.1446685388477591,-0.05956939834908296,-0.9190707173857529
2003-05-07,12:00:00,117.44,117.49,116.77,116.88,2593,119.25,117.29,BEARISH_20_BAR_BREAKOUT,-0.44490075290896314,-0.188227241615331,-0.7015742642025952
2003-05-07,16:00:00,116.88,117.0,116.06,116.36,2861,119.25,116.77,BEARISH_20_BAR_BREAKOUT,0.06015812994156702,0.2578205568924004,0.4382949467170893
2003-05-14,16:00:00,116.57,116.66,115.56,115.97,2265,117.67,116.32,BEARISH_20_BAR_BREAKOUT,0.29317927050099457,0.16383547469172866,0.13796671552987547
2003-05-19,04:00:00,115.59,115.64,115.22,115.27,1355,116.89,115.28,BEARISH_20_BAR_BREAKOUT,-0.07807755703998369,1.1885139238310094,1.5615511407998588
2003-05-19,08:00:00,115.25,115.35,115.07,115.18,1866,116.89,115.22,BEARISH_20_BAR_BREAKOUT,1.2154888001389055,1.7364125716270182,1.8058690744920978
2003-05-19,20:00:00,116.64,117.5,116.63,117.18,1596,116.86,115.07,BULLISH_20_BAR_BREAKOUT,-0.11094043352108693,0.06827103601297003,-0.4010923365762187
2003-05-27,00:00:00,116.83,117.03,116.6,116.64,1054,117.81,116.69,BEARISH_20_BAR_BREAKOUT,0.21433470507544583,0.0,0.505829903978055
2003-05-28,08:00:00,116.98,117.78,116.97,117.57,1970,117.46,116.18,BULLISH_20_BAR_BREAKOUT,0.6124011227354028,0.9015905418048842,1.1822743897252705
2003-05-28,12:00:00,117.6,118.55,117.52,118.29,2368,117.78,116.18,BULLISH_20_BAR_BREAKOUT,0.270521599458951,0.18598359962803182,0.3804209992391484
2003-05-28,16:00:00,118.29,118.94,118.22,118.61,2093,118.55,116.18,BULLISH_20_BAR_BREAKOUT,0.01686198465559061,0.14332686957255011,-0.3119467161284922
2003-05-30,16:00:00,118.96,119.67,118.86,119.5,2327,119.18,116.18,BULLISH_20_BAR_BREAKOUT,-0.125523012552306,-0.3598326359832693,-0.7615062761506247
2003-06-05,16:00:00,118.21,118.25,117.33,117.66,2370,119.42,118.08,BEARISH_20_BAR_BREAKOUT,0.059493455719877096,0.033996260411360064,0.9688934217236109
2003-06-13,16:00:00,117.81,117.91,117.14,117.42,2368,118.35,117.46,BEARISH_20_BAR_BREAKOUT,0.01703287344574691,0.22142735479475822,0.23846022824050517
2003-06-17,12:00:00,117.68,118.41,117.61,118.29,2134,117.99,117.14,BULLISH_20_BAR_BREAKOUT,-0.07608419984783447,-0.05917659988165304,0.19443739961111656
2003-06-19,12:00:00,118.64,119.13,118.47,118.94,2238,118.81,117.17,BULLISH_20_BAR_BREAKOUT,-0.45401042542457715,-0.49604842777871483,-0.6053472338994442
2003-06-23,16:00:00,118.04,118.27,117.48,117.61,2327,119.13,117.73,BEARISH_20_BAR_BREAKOUT,0.13604285349884923,0.26358302865402794,0.21256695859195648
2003-06-26,12:00:00,118.66,119.02,118.6,119.0,2367,118.79,117.31,BULLISH_20_BAR_BREAKOUT,0.21008403361344538,0.25210084033613206,0.7563025210084081
2003-06-26,16:00:00,119.0,119.45,118.84,119.25,2373,119.02,117.31,BULLISH_20_BAR_BREAKOUT,0.1174004192872122,0.15932914046121402,0.43605870020964027
2003-06-27,08:00:00,119.46,120.11,119.38,119.85,2090,119.53,117.31,BULLISH_20_BAR_BREAKOUT,0.04171881518565821,-0.21693783896536578,0.07509386733417056
2003-06-30,12:00:00,119.91,120.26,119.84,120.2,1910,120.11,117.31,BULLISH_20_BAR_BREAKOUT,-0.07487520798669169,-0.5823627287853601,-0.4242928452579077
2003-07-02,08:00:00,119.32,119.38,118.86,118.95,2169,120.26,119.01,BEARISH_20_BAR_BREAKOUT,0.21857923497266996,-0.7061790668348074,-0.5716687683900856
2003-07-02,16:00:00,119.21,119.39,118.5,118.62,2131,120.26,118.81,BEARISH_20_BAR_BREAKOUT,-0.429944360141633,-0.1770359129995009,-0.3203506997133786
2003-07-02,20:00:00,118.63,118.69,117.87,118.11,1681,120.26,118.5,BEARISH_20_BAR_BREAKOUT,0.12700025400051282,0.135466937600539,0.05926678520024332
2003-07-15,12:00:00,117.59,117.69,117.11,117.26,2295,118.07,117.31,BEARISH_20_BAR_BREAKOUT,0.08528057308544629,1.006310762408317,1.006310762408317
2003-07-16,00:00:00,118.05,118.72,117.83,118.44,1768,118.08,116.65,BULLISH_20_BAR_BREAKOUT,-0.10976021614319102,0.0,-0.2279635258358629
2003-07-17,12:00:00,118.41,118.93,118.32,118.9,2626,118.72,116.65,BULLISH_20_BAR_BREAKOUT,-0.10933557611438995,0.042052144659375235,0.26072329688813123
2003-07-18,04:00:00,118.94,119.17,118.77,119.15,1702,119.0,116.65,BULLISH_20_BAR_BREAKOUT,-0.13428451531683658,-0.5539236256819225,-0.637851447754935
2003-07-28,12:00:00,119.17,119.67,119.16,119.46,2221,119.36,118.53,BULLISH_20_BAR_BREAKOUT,-0.033484011384557213,0.03348401138456911,0.25113008538423853
2003-07-29,12:00:00,119.44,119.84,119.39,119.76,2253,119.67,118.53,BULLISH_20_BAR_BREAKOUT,-0.016700066800275744,0.1419505678022726,0.3507014028056126
2003-07-29,20:00:00,119.75,119.98,119.66,119.93,1547,119.87,118.53,BULLISH_20_BAR_BREAKOUT,0.0,-0.15008755107146404,0.29183690486116426
2003-07-30,12:00:00,119.76,120.23,119.62,120.18,2226,120.07,118.53,BULLISH_20_BAR_BREAKOUT,0.13313363288400448,-0.04160426027626175,-0.06656681644201407
2003-07-30,16:00:00,120.17,120.67,120.07,120.34,2215,120.23,118.53,BULLISH_20_BAR_BREAKOUT,-0.049858733588168745,-0.12464683397042187,0.14126641183314087
2003-08-07,16:00:00,119.87,119.92,118.8,118.88,2658,120.67,119.67,BEARISH_20_BAR_BREAKOUT,0.08411843876178376,0.21029609690444145,0.12617765814266965
2003-08-11,08:00:00,118.86,118.94,118.44,118.7,2026,120.48,118.75,BEARISH_20_BAR_BREAKOUT,-0.3032855939342876,-0.08424599831508722,0.025273799494524966
2003-08-11,12:00:00,118.68,118.76,118.29,118.34,2177,120.48,118.44,BEARISH_20_BAR_BREAKOUT,0.00845022815615253,0.2957579854656027,0.26195707284096864
2003-08-13,12:00:00,119.0,119.52,118.76,119.42,2217,119.26,118.14,BULLISH_20_BAR_BREAKOUT,-0.16747613465081462,-0.05861664712779048,0.19259755484843744
2003-08-14,12:00:00,119.33,119.71,119.26,119.65,2111,119.52,118.14,BULLISH_20_BAR_BREAKOUT,-0.3259506895110744,-0.5432511491851281,-0.4931048892603455
2003-08-19,20:00:00,118.79,118.84,118.22,118.38,2047,119.91,118.71,BEARISH_20_BAR_BREAKOUT,0.28721067747930684,0.16050008447372677,-0.21118432167595877
2003-08-20,12:00:00,118.56,118.64,117.99,118.16,2288,119.91,118.22,BEARISH_20_BAR_BREAKOUT,-0.22850372376438394,-0.10155721056194172,-0.3723764387271477
2003-08-20,16:00:00,118.17,118.44,117.85,117.89,2368,119.91,117.99,BEARISH_20_BAR_BREAKOUT,0.20357960810925008,0.15268470608193452,-0.1611671897531578
2003-08-21,12:00:00,118.01,118.11,117.69,117.72,2238,119.91,117.82,BEARISH_20_BAR_BREAKOUT,-0.016989466530747555,0.1104315324498772,-0.0679578661230023
2003-08-25,12:00:00,117.46,117.55,117.15,117.26,1884,118.78,117.3,BEARISH_20_BAR_BREAKOUT,0.2217294900221652,0.1279208596281694,0.20467337540507835
2003-08-29,00:00:00,117.31,117.44,117.05,117.14,1586,118.03,117.16,BEARISH_20_BAR_BREAKOUT,-0.07683114222298396,-0.7683114222298153,-0.45245005975755603
2003-08-29,12:00:00,117.05,117.14,116.16,116.24,2732,118.03,116.96,BEARISH_20_BAR_BREAKOUT,0.34411562284928227,0.3183069511355855,0.15485203028218067
2003-09-08,00:00:00,117.6,117.75,117.23,117.32,1276,117.18,115.75,BULLISH_20_BAR_BREAKOUT,-0.034094783498118,-0.3665189226048352,-0.5625639277190562
2003-09-15,08:00:00,117.32,117.64,117.21,117.57,1943,117.55,116.46,BULLISH_20_BAR_BREAKOUT,-0.017011142298201942,-0.05103342689460582,-0.7995236880156483
2003-09-16,12:00:00,116.61,116.71,116.13,116.21,2207,117.71,116.4,BEARISH_20_BAR_BREAKOUT,0.06023578005335805,0.04302555718097528,0.15489200585148166
2003-09-17,16:00:00,116.47,116.53,115.84,116.0,2277,117.71,116.01,BEARISH_20_BAR_BREAKOUT,0.0,0.008620689655176825,-0.6637931034482725
2003-09-18,12:00:00,115.81,115.89,114.77,115.01,2283,117.71,115.67,BEARISH_20_BAR_BREAKOUT,0.19128771411181536,0.3651856360316509,-0.3651856360316509
2003-09-19,12:00:00,115.16,115.47,114.3,114.59,2217,117.36,114.7,BEARISH_20_BAR_BREAKOUT,-0.654507374116415,-1.8675277074788381,-2.059516537219652
2003-09-19,16:00:00,114.61,114.72,113.57,113.84,2504,117.23,114.3,BEARISH_20_BAR_BREAKOUT,0.11419536191145066,-1.3264230498945933,-1.7041461700632445
2003-09-22,00:00:00,112.46,112.52,111.37,112.45,1881,116.55,113.57,BEARISH_20_BAR_BREAKOUT,-0.10671409515340556,-0.1956425077812351,-0.24010671409514986
2003-09-23,08:00:00,112.05,112.15,110.91,111.15,2401,116.24,111.37,BEARISH_20_BAR_BREAKOUT,0.3508771929824566,1.052631578947357,0.4768331084120568
2003-09-29,04:00:00,111.57,111.61,111.16,111.2,1641,112.42,111.25,BEARISH_20_BAR_BREAKOUT,0.296762589928056,-0.10791366906475229,-0.16187050359712843
2003-09-30,08:00:00,111.01,111.07,110.29,110.39,2299,112.38,110.64,BEARISH_20_BAR_BREAKOUT,0.190234622701326,1.0145846544071062,0.8062324485913585
2003-10-07,12:00:00,110.51,110.62,109.94,110.14,2105,111.38,110.24,BEARISH_20_BAR_BREAKOUT,-0.2451425458507318,-0.44488832395133004,-0.4630470310513938
2003-10-07,16:00:00,110.14,110.23,109.35,109.87,2388,111.38,109.94,BEARISH_20_BAR_BREAKOUT,0.10011832165286196,-0.21843997451534458,-0.30945663056339623
2003-10-09,04:00:00,109.54,109.58,109.07,109.18,1836,111.38,109.35,BEARISH_20_BAR_BREAKOUT,-0.11906942663492366,-0.027477559992673692,-0.054955119985347384
2003-10-09,08:00:00,109.2,109.32,108.84,109.05,2100,111.38,109.07,BEARISH_20_BAR_BREAKOUT,0.08253094910591785,0.03668042182485672,-0.4218248509857806
2003-10-10,08:00:00,109.12,109.23,108.38,108.59,2194,111.2,108.84,BEARISH_20_BAR_BREAKOUT,-0.15655216870798572,0.138134266507037,-0.07367160880375569
2003-10-14,08:00:00,109.26,110.01,109.23,109.94,2632,109.64,108.25,BULLISH_20_BAR_BREAKOUT,-0.29106785519373585,-0.9641622703292725,-0.609423321811899
2003-10-20,12:00:00,109.5,110.61,109.44,110.4,2171,110.32,108.8,BULLISH_20_BAR_BREAKOUT,-0.03623188405797667,-0.525362318840591,-0.4981884057971117
2003-10-27,04:00:00,108.9,109.05,108.6,108.61,1662,110.03,108.82,BEARISH_20_BAR_BREAKOUT,0.09207255317189422,-0.21176687229537244,-0.294632170150072
2003-10-29,08:00:00,108.17,108.28,107.86,107.89,1861,110.03,108.09,BEARISH_20_BAR_BREAKOUT,0.08341829641301642,0.3429418852535031,0.15756789322458217
2003-10-31,04:00:00,108.81,109.14,108.71,109.08,1770,108.92,107.81,BULLISH_20_BAR_BREAKOUT,-0.027502750275028548,0.9167583425009168,1.0634396773010601
2003-10-31,16:00:00,109.02,110.11,108.93,110.08,2198,109.19,107.81,BULLISH_20_BAR_BREAKOUT,-0.018168604651159177,0.14534883720929923,1.0537790697674387
2003-11-03,08:00:00,110.24,110.54,110.03,110.37,1706,110.28,107.81,BULLISH_20_BAR_BREAKOUT,-0.2174503941288476,0.7429555132735283,-0.08154389779831785
2003-11-03,16:00:00,110.13,111.52,109.96,111.24,2350,110.54,107.81,BULLISH_20_BAR_BREAKOUT,-0.04494786048183851,-0.9079467817331814,-1.438331535418909
2003-11-07,16:00:00,110.17,110.48,109.23,109.34,2508,110.48,109.37,BEARISH_20_BAR_BREAKOUT,-0.009145783793675796,0.16462410828607335,-1.2346808121456085
2003-11-10,12:00:00,109.46,109.48,108.52,108.69,2118,110.48,109.03,BEARISH_20_BAR_BREAKOUT,-0.6440334897414692,0.1012052626736585,0.11040574109854132
2003-11-10,16:00:00,108.69,108.87,107.85,107.99,2043,110.48,108.52,BEARISH_20_BAR_BREAKOUT,0.4815260672284566,0.9723122511343749,0.5463468839707412
2003-11-17,04:00:00,108.77,109.44,108.61,109.39,1835,109.2,107.92,BULLISH_20_BAR_BREAKOUT,-0.054849620623459425,-0.3656641374897209,-0.5119297924856041
2003-11-25,08:00:00,109.38,109.67,109.29,109.64,1799,109.56,108.61,BULLISH_20_BAR_BREAKOUT,0.2188982123312613,-0.2097774534841335,-0.1459321415541742
2003-11-25,12:00:00,109.64,110.01,109.57,109.88,2077,109.67,108.61,BULLISH_20_BAR_BREAKOUT,-0.1183108846013792,-0.3913360029122613,-0.24572260647979252
2003-12-02,16:00:00,109.38,109.4,108.69,108.81,2247,110.05,109.0,BEARISH_20_BAR_BREAKOUT,-0.1470453083356278,-0.0735226541678139,-0.5789909015715425
2003-12-02,20:00:00,108.81,108.99,108.55,108.65,1708,110.05,108.69,BEARISH_20_BAR_BREAKOUT,0.12885411872986705,-0.009203865623566605,-0.43258168430740807
2003-12-03,12:00:00,108.66,108.69,108.24,108.39,2777,110.05,108.49,BEARISH_20_BAR_BREAKOUT,-0.19374481040685831,-0.2398745271704079,-0.12916320693790992
2003-12-03,16:00:00,108.39,108.5,108.11,108.18,2098,110.05,108.24,BEARISH_20_BAR_BREAKOUT,0.0,0.06470696986503344,0.0
2003-12-05,16:00:00,108.27,108.3,107.61,107.79,2415,109.86,107.95,BEARISH_20_BAR_BREAKOUT,-0.0834956860562236,-0.13915947676037263,-0.519528713238707
2003-12-08,16:00:00,107.62,107.69,107.14,107.23,2062,108.78,107.47,BEARISH_20_BAR_BREAKOUT,0.121234729087005,0.055954490347852534,0.04662874195653936
2003-12-09,20:00:00,107.26,107.36,106.72,107.04,2151,108.51,107.05,BEARISH_20_BAR_BREAKOUT,0.15881913303436798,1.3266068759342184,1.1304185351270493
2003-12-10,08:00:00,107.34,108.78,107.29,108.46,2358,108.45,106.72,BULLISH_20_BAR_BREAKOUT,-0.29503964595241855,-0.19361976765627306,-0.10141987829614552
2003-12-26,04:00:00,107.29,107.32,107.01,107.08,1040,107.64,107.1,BEARISH_20_BAR_BREAKOUT,-0.05603287261860503,0.09338812103101282,-0.06537168472169703
2004-01-05,12:00:00,106.97,107.06,106.21,106.29,2448,107.76,106.77,BEARISH_20_BAR_BREAKOUT,-0.16934801016088702,-0.08467400508044351,-0.0940822278671639
2004-01-05,16:00:00,106.27,106.37,106.06,106.11,1872,107.76,106.21,BEARISH_20_BAR_BREAKOUT,0.16021110168693026,0.018848364904340796,0.06596927716521288
2004-01-09,08:00:00,106.36,108.3,106.36,106.68,2427,106.46,105.87,BULLISH_20_BAR_BREAKOUT,0.1593550806149114,-0.009373828271470862,-0.21559805024372325
2004-01-14,16:00:00,106.17,106.27,105.96,106.07,2037,108.3,106.09,BEARISH_20_BAR_BREAKOUT,0.12256057320638226,0.10370510040540552,0.009427736400495065
2004-01-16,16:00:00,106.06,106.93,105.88,106.84,2309,106.66,105.71,BULLISH_20_BAR_BREAKOUT,-0.10295769374765952,-0.32759266192438086,0.4492699363534161
2004-01-19,08:00:00,106.48,107.17,106.39,107.13,1931,107.04,105.71,BULLISH_20_BAR_BREAKOUT,0.04667226733875793,0.11201344161299782,-0.03733781387099042
2004-01-19,12:00:00,107.14,107.55,107.01,107.18,2094,107.17,105.71,BULLISH_20_BAR_BREAKOUT,0.13062138458666386,0.12129128568762404,0.23325247247620823
2004-01-22,16:00:00,106.43,106.52,106.05,106.1,2371,107.94,106.21,BEARISH_20_BAR_BREAKOUT,-0.09425070688029626,0.04712535344016152,0.08482563619227466
2004-01-22,20:00:00,106.09,106.28,105.93,106.0,1980,107.94,106.05,BEARISH_20_BAR_BREAKOUT,0.2358490566037736,-0.03773584905660967,0.7641509433962286
2004-01-23,12:00:00,105.96,106.08,105.7,105.91,1952,107.94,105.93,BEARISH_20_BAR_BREAKOUT,0.264375413086584,0.5570767632895888,0.2454914550089747
2004-01-27,16:00:00,106.05,106.08,105.46,105.57,2256,106.95,105.7,BEARISH_20_BAR_BREAKOUT,0.08525149190111152,0.34100596760444607,-0.04736193994505746
2004-02-05,20:00:00,105.55,106.08,105.48,105.94,1746,105.87,105.23,BULLISH_20_BAR_BREAKOUT,-0.17934680007551232,0.3870115159524227,-0.3964508212195598
2004-02-06,08:00:00,106.0,106.49,105.93,106.35,1897,106.24,105.23,BULLISH_20_BAR_BREAKOUT,0.21626704278326658,-0.7804419370004686,-0.6111894687353
2004-02-06,12:00:00,106.36,106.76,106.3,106.58,2101,106.49,105.23,BULLISH_20_BAR_BREAKOUT,-0.9570275849127379,-0.7881403640457905,-0.816288234190284
2004-02-17,04:00:00,105.47,105.99,105.46,105.75,1555,105.63,105.15,BULLISH_20_BAR_BREAKOUT,-0.16075650118203472,0.05673758865248442,-0.03782505910166076
2004-02-18,16:00:00,105.79,106.54,105.65,106.36,2088,106.03,105.26,BULLISH_20_BAR_BREAKOUT,0.5171116961263605,0.28206092515983183,0.6393380970289647
2004-02-18,20:00:00,106.38,107.16,106.29,106.91,2056,106.54,105.26,BULLISH_20_BAR_BREAKOUT,-0.43026845009820763,-0.12159760546253434,0.2619025348423919
2004-02-20,08:00:00,107.41,108.02,107.36,107.75,1975,107.47,105.37,BULLISH_20_BAR_BREAKOUT,0.09280742459396224,1.1693735498839954,0.4454756380510478
2004-02-20,16:00:00,107.86,109.08,107.75,108.81,2426,108.04,105.37,BULLISH_20_BAR_BREAKOUT,0.18380663541954126,-0.018380663541950205,-0.5881812333425241
2004-02-26,08:00:00,108.85,109.5,108.76,109.48,1834,109.4,108.0,BULLISH_20_BAR_BREAKOUT,0.17354767994153975,0.1644135915235592,-0.3379612714651119
2004-02-26,12:00:00,109.47,109.79,109.34,109.67,1984,109.5,108.0,BULLISH_20_BAR_BREAKOUT,-0.10030090270812385,-0.06382784717790407,-0.3829670830673855
2004-03-02,16:00:00,109.62,110.44,109.52,110.22,2244,109.86,108.76,BULLISH_20_BAR_BREAKOUT,-0.0998003992015963,0.0,-0.027218290691345615
2004-03-04,12:00:00,110.31,110.73,110.24,110.67,2070,110.54,108.83,BULLISH_20_BAR_BREAKOUT,0.09035872413481008,0.6234751965302229,0.4698653655010355
2004-03-04,16:00:00,110.67,110.83,110.55,110.77,2187,110.73,108.83,BULLISH_20_BAR_BREAKOUT,0.2798591676446712,0.49652432969215243,0.6048569107158994
2004-03-04,20:00:00,110.77,111.15,110.64,111.08,1582,110.83,108.83,BULLISH_20_BAR_BREAKOUT,0.2520705797623345,0.16204537270436337,0.8462369463449746
2004-03-05,00:00:00,111.06,111.39,111.01,111.36,1448,111.15,108.83,BULLISH_20_BAR_BREAKOUT,-0.035919540229890676,-0.15265804597701302,0.7363505747126503
2004-03-05,20:00:00,111.41,112.34,111.39,112.02,2436,111.66,109.29,BULLISH_20_BAR_BREAKOUT,0.14283163720765113,0.16961256918407225,-0.7677200499910725
2004-03-16,16:00:00,109.43,109.53,108.83,108.98,2499,111.42,109.18,BEARISH_20_BAR_BREAKOUT,-0.11011194714626953,-0.36703982382088973,-0.7157276564507259
2004-03-17,04:00:00,108.84,109.0,108.53,108.58,1548,111.42,108.61,BEARISH_20_BAR_BREAKOUT,-0.31313317369681654,-0.3499723706023167,-1.4919874746730564
2004-03-17,08:00:00,108.59,108.63,108.05,108.24,1861,111.42,108.53,BEARISH_20_BAR_BREAKOUT,0.13858093126386334,0.05543237250554534,-1.1825572801182567
2004-03-18,04:00:00,108.11,108.2,106.92,106.96,1907,111.09,107.94,BEARISH_20_BAR_BREAKOUT,0.0,-0.26178010471202967,0.21503365744203815
2004-03-24,08:00:00,106.73,106.8,106.02,106.28,1744,107.67,106.44,BEARISH_20_BAR_BREAKOUT,0.028227324049681157,-0.028227324049681157,-0.12231840421527611
2004-03-25,00:00:00,106.24,106.48,105.91,106.0,1326,107.67,106.02,BEARISH_20_BAR_BREAKOUT,0.07547169811320593,0.1698113207547234,-0.14150943396226953
2004-03-31,04:00:00,105.54,105.58,103.98,104.33,2308,106.26,105.26,BEARISH_20_BAR_BREAKOUT,-0.6230230997795375,-0.18211444455094195,-0.16294450301926744
2004-03-31,08:00:00,104.33,104.63,103.4,103.68,2517,106.26,103.98,BEARISH_20_BAR_BREAKOUT,0.2700617283950491,0.5979938271604844,0.3375771604938217
2004-04-05,16:00:00,104.97,105.46,104.8,105.19,1816,105.01,103.4,BULLISH_20_BAR_BREAKOUT,-0.24717178439014253,1.1883258864911115,0.8841144595493934
2004-04-06,00:00:00,104.93,105.67,104.88,105.51,1518,105.46,103.48,BULLISH_20_BAR_BREAKOUT,0.8814330395223131,0.1800777177518697,0.4928442801630139
2004-04-06,04:00:00,105.51,107.24,105.4,106.44,1973,105.67,103.48,BULLISH_20_BAR_BREAKOUT,-0.30063885757233483,-0.30063885757233483,-0.6952273581360343
2004-04-13,16:00:00,106.35,107.03,106.24,106.85,2349,106.79,105.04,BULLISH_20_BAR_BREAKOUT,-0.25269068788020216,0.12166588675714522,1.7033224145999133
2004-04-14,08:00:00,106.97,107.48,106.96,107.35,2449,107.11,105.04,BULLISH_20_BAR_BREAKOUT,0.5868653935724357,1.2389380530973568,1.1644154634373545
2004-04-14,12:00:00,107.32,108.01,107.22,107.98,2425,107.48,105.04,BULLISH_20_BAR_BREAKOUT,0.6390072235599163,0.5000926097425376,0.4260048157066066
2004-04-14,16:00:00,108.01,108.75,107.95,108.67,2598,108.01,105.04,BULLISH_20_BAR_BREAKOUT,0.009202171712528863,-0.24845863623814854,-0.22085212110057503
2004-04-21,12:00:00,109.15,109.8,109.1,109.6,1974,109.35,107.5,BULLISH_20_BAR_BREAKOUT,-0.17335766423357457,-0.12773722627737277,-0.1551094890510835
2004-04-26,12:00:00,109.0,109.0,108.46,108.46,1782,109.93,108.54,BEARISH_20_BAR_BREAKOUT,0.05531993361608176,0.19361976765628616,1.060298727641532
2004-04-28,20:00:00,109.78,110.27,109.77,110.17,2134,110.11,108.3,BULLISH_20_BAR_BREAKOUT,0.018153762367247,0.46292094036489523,-0.26322955432513956
2004-04-29,08:00:00,110.22,110.74,110.16,110.68,2362,110.45,108.3,BULLISH_20_BAR_BREAKOUT,-0.19877123238165256,-0.7228044813877949,-0.3523671846765455
2004-05-04,20:00:00,109.95,110.23,109.22,109.34,2487,111.07,109.52,BEARISH_20_BAR_BREAKOUT,0.06402048655569159,-0.027437351381014392,-0.6036217303822906
2004-05-05,12:00:00,109.29,109.33,108.44,108.56,2493,110.74,109.22,BEARISH_20_BAR_BREAKOUT,0.0368459837877598,0.23949889462047796,0.9027266028002985
2004-05-07,12:00:00,110.65,111.43,110.01,111.25,2657,110.71,108.31,BULLISH_20_BAR_BREAKOUT,1.0157303370786475,1.2853932584269725,2.1303370786516895
2004-05-07,16:00:00,111.28,112.53,111.12,112.38,2787,111.43,108.31,BULLISH_20_BAR_BREAKOUT,-0.062288663463243625,0.3648336002847578,1.4326392596547424
2004-05-10,00:00:00,112.31,112.98,112.2,112.68,1593,112.53,108.31,BULLISH_20_BAR_BREAKOUT,0.09762158324458593,0.8342208022719184,0.7543485977990719
2004-05-10,08:00:00,112.77,113.46,112.62,113.31,2458,112.98,108.31,BULLISH_20_BAR_BREAKOUT,0.27358573824022797,0.3530138557938324,0.12355484952784447
2004-05-10,12:00:00,113.29,113.88,113.26,113.62,2354,113.46,108.31,BULLISH_20_BAR_BREAKOUT,0.3256468931526054,-0.07921140644253072,0.05280760429502049
2004-05-10,16:00:00,113.62,114.18,113.41,113.99,2446,113.88,108.31,BULLISH_20_BAR_BREAKOUT,-0.2456355820686035,-0.4824984647776096,-0.4824984647776096
2004-05-13,12:00:00,113.87,114.54,113.83,114.5,2510,114.21,112.41,BULLISH_20_BAR_BREAKOUT,-0.026200873362446406,0.034934497816599346,-0.13100436681223204
2004-05-19,08:00:00,113.32,113.42,112.64,112.83,2353,114.94,113.05,BEARISH_20_BAR_BREAKOUT,0.03545156430028029,0.2658867322520581,0.5317734645041288
2004-05-21,08:00:00,112.68,112.72,111.83,111.95,2473,114.75,112.42,BEARISH_20_BAR_BREAKOUT,0.0,0.40196516301920754,0.6074140241179032
2004-05-25,20:00:00,112.09,112.19,111.61,111.71,2084,113.52,111.75,BEARISH_20_BAR_BREAKOUT,0.01790350013428541,-0.2775042520812712,0.20589025154418047
2004-05-26,08:00:00,111.69,111.85,111.28,111.4,2019,113.37,111.57,BEARISH_20_BAR_BREAKOUT,-0.03590664272891046,0.4847396768402083,0.15260323159783437
2004-05-27,12:00:00,111.57,111.71,110.92,110.96,2305,113.37,111.18,BEARISH_20_BAR_BREAKOUT,0.0,-0.1622206200432522,-0.35147801009372803
2004-05-28,04:00:00,110.8,110.81,110.39,110.64,2067,113.37,110.65,BEARISH_20_BAR_BREAKOUT,-0.009038322487350972,-0.24403470715834782,-1.030368763557484
2004-05-28,16:00:00,110.51,110.81,110.01,110.37,2667,113.16,110.39,BEARISH_20_BAR_BREAKOUT,0.0090604330886934,-0.7882576787170468,-0.8335598441605524
2004-05-31,04:00:00,110.05,110.16,109.46,109.5,2042,112.19,110.01,BEARISH_20_BAR_BREAKOUT,-0.1369863013698682,-0.04566210045661841,0.19178082191780252
2004-05-31,08:00:00,109.51,109.69,109.28,109.35,1988,112.16,109.46,BEARISH_20_BAR_BREAKOUT,-0.07315957933241729,0.11888431641518946,-0.009144947416544038
2004-05-31,12:00:00,109.31,109.48,109.05,109.27,2215,112.16,109.28,BEARISH_20_BAR_BREAKOUT,0.16472956895763413,0.5124919923126222,0.2470943534364512
2004-06-03,12:00:00,110.78,111.6,110.7,111.29,2577,111.03,109.05,BULLISH_20_BAR_BREAKOUT,-0.2785515320334282,-0.14376853266242323,-0.49420433102705663
2004-06-07,12:00:00,110.05,110.13,109.51,109.63,2433,112.04,109.8,BEARISH_20_BAR_BREAKOUT,-0.0912159080543595,0.07297272644349019,0.14594545288699334
2004-06-09,04:00:00,109.7,109.87,108.92,109.12,2275,112.04,109.3,BEARISH_20_BAR_BREAKOUT,-0.2749266862170192,0.6873167155425219,0.6140029325513212
2004-06-09,08:00:00,109.16,109.24,108.66,108.82,2373,112.04,108.92,BEARISH_20_BAR_BREAKOUT,0.25730564234515824,1.4886969307112707,1.0843594927403115
2004-06-14,04:00:00,110.32,110.99,110.29,110.81,2315,110.61,108.66,BULLISH_20_BAR_BREAKOUT,0.08122010648858714,0.43317390127245187,-0.0902445627651011
2004-06-14,12:00:00,110.95,111.4,110.49,111.11,2596,111.09,108.66,BULLISH_20_BAR_BREAKOUT,0.1620016200162063,-0.17100171001709813,-0.6480064800647997
2004-06-18,16:00:00,108.92,109.06,108.54,108.66,3106,111.43,108.69,BEARISH_20_BAR_BREAKOUT,0.1656543346217622,-0.22087244616233653,0.04601509295048514
2004-06-21,04:00:00,108.68,108.7,108.29,108.42,1916,110.21,108.54,BEARISH_20_BAR_BREAKOUT,-0.06456373362848865,0.26747832503227453,0.08301051466519407
2004-06-24,08:00:00,108.28,108.35,107.61,107.73,2538,109.39,108.07,BEARISH_20_BAR_BREAKOUT,-0.3341687552213863,-0.5662303907917937,0.009282465422807858
2004-06-24,12:00:00,107.74,107.84,107.08,107.37,2291,109.39,107.61,BEARISH_20_BAR_BREAKOUT,-0.27940765576977866,-0.08382229673093361,0.1397038278848761
2004-06-24,16:00:00,107.37,107.39,107.0,107.07,1961,109.39,107.08,BEARISH_20_BAR_BREAKOUT,0.04669842159336077,0.2521714766041004,0.6350985336695684
2004-06-29,08:00:00,108.31,108.74,108.23,108.65,2869,108.59,107.0,BULLISH_20_BAR_BREAKOUT,-0.2669121030833007,-0.4049700874367344,0.14726184997698719
2004-06-30,08:00:00,108.6,108.92,108.5,108.81,2453,108.74,107.04,BULLISH_20_BAR_BREAKOUT,0.009190331770968573,-0.06433232239684532,-0.6065618968844744
2004-06-30,16:00:00,108.82,109.57,108.74,109.34,3316,109.17,107.28,BULLISH_20_BAR_BREAKOUT,-0.5487470276202748,-1.2346808121456085,-1.033473568684845
2004-07-06,04:00:00,109.29,109.71,109.27,109.49,2164,109.41,107.81,BULLISH_20_BAR_BREAKOUT,-0.12786555849849354,-0.17353182939080988,-0.7215270800986319
2004-07-09,04:00:00,108.57,108.6,108.08,108.11,2205,109.71,108.17,BEARISH_20_BAR_BREAKOUT,0.3699935251133158,0.05549902876699868,-0.1664970863009829
2004-07-12,00:00:00,107.86,107.91,107.56,107.66,1525,109.52,107.91,BEARISH_20_BAR_BREAKOUT,0.25078952257106657,0.4737135426342236,1.0588890953000192
2004-07-13,16:00:00,108.67,109.39,108.61,109.21,3252,109.15,107.56,BULLISH_20_BAR_BREAKOUT,-0.5219302261697585,-0.10072337698012951,-0.27470011903671565
2004-07-15,04:00:00,109.28,109.58,109.22,109.49,1884,109.45,107.56,BULLISH_20_BAR_BREAKOUT,-0.04566627089231634,0.33793040460316426,-0.027399762535392398
2004-07-15,16:00:00,109.31,109.95,109.29,109.86,2885,109.58,107.61,BULLISH_20_BAR_BREAKOUT,-0.08192244675041273,-0.364099763335159,-1.0194793373384348
2004-07-19,04:00:00,108.75,108.8,108.1,108.14,1439,110.04,108.38,BEARISH_20_BAR_BREAKOUT,0.20343998520436368,0.055483632328465204,0.47161087479194114
2004-07-21,16:00:00,109.2,110.29,109.09,109.96,4042,109.78,108.08,BULLISH_20_BAR_BREAKOUT,-0.17279010549290447,-0.14550745725718134,-0.23644961804291645
2004-07-27,16:00:00,109.96,111.11,109.96,110.94,3213,110.24,109.25,BULLISH_20_BAR_BREAKOUT,-0.036055525509277125,0.09915269515053131,0.8202632053362148
2004-07-28,08:00:00,111.05,111.36,110.86,111.3,2625,111.17,109.4,BULLISH_20_BAR_BREAKOUT,0.05390835579515029,0.2964959568733138,0.7277628032345034
2004-07-28,16:00:00,111.35,111.88,111.25,111.85,3483,111.61,109.4,BULLISH_20_BAR_BREAKOUT,-0.19669199821188993,-0.10728654447920459,0.15198927134555362
2004-07-29,08:00:00,111.72,112.13,111.52,112.11,2508,111.88,109.4,BULLISH_20_BAR_BREAKOUT,-0.008919810900013482,-0.12487735260012539,-0.6154669521006134
2004-08-02,08:00:00,111.13,111.32,110.69,110.72,2049,112.46,110.78,BEARISH_20_BAR_BREAKOUT,0.09031791907513938,-0.01806358381502531,0.25289017341040565
2004-08-03,00:00:00,110.71,110.93,110.49,110.52,1427,112.46,110.55,BEARISH_20_BAR_BREAKOUT,0.16286644951140683,0.1990589938472664,0.06333695258777361
2004-08-05,20:00:00,111.52,111.82,111.5,111.8,1224,111.72,110.39,BULLISH_20_BAR_BREAKOUT,-0.05366726296959058,-0.24150268336314493,-1.1985688729874808
2004-08-06,12:00:00,111.52,111.67,110.05,110.05,1357,111.88,110.39,BEARISH_20_BAR_BREAKOUT,0.20899591094957198,0.27260336210813013,0.6269877328487031
2004-08-13,00:00:00,110.88,111.71,110.74,111.67,2022,111.46,110.41,BULLISH_20_BAR_BREAKOUT,0.2596937404853515,-0.8238560042983807,-0.9044506134145295
2004-08-13,04:00:00,111.67,111.96,111.57,111.96,1776,111.71,110.41,BULLISH_20_BAR_BREAKOUT,-0.14290818149338747,-1.1789924973204655,-1.2504465880671591
2004-08-17,12:00:00,110.42,110.59,110.07,110.18,2615,112.07,110.27,BEARISH_20_BAR_BREAKOUT,-0.18152114721365298,-0.20874931929570156,-0.3448901797059445
2004-08-17,16:00:00,110.17,110.41,109.87,109.98,3255,112.07,110.07,BEARISH_20_BAR_BREAKOUT,0.05455537370431194,0.009092562284043376,-0.5455537370431065
2004-08-18,16:00:00,109.81,109.81,109.38,109.38,1658,112.07,109.7,BEARISH_20_BAR_BREAKOUT,-0.0548546352166779,0.18284878405558863,-0.04571219601389391
2004-08-18,20:00:00,109.39,109.49,109.27,109.32,1187,111.86,109.38,BEARISH_20_BAR_BREAKOUT,0.09147457006952849,0.18294914013904395,0.018294914013913494
2004-08-25,12:00:00,109.84,110.45,109.79,110.28,2011,110.03,108.93,BULLISH_20_BAR_BREAKOUT,-0.11788175553137056,-0.5350018135654727,-1.0065288356909678
2004-08-31,16:00:00,109.93,109.97,108.72,108.87,2187,110.42,109.0,BEARISH_20_BAR_BREAKOUT,0.23881693763202985,0.33985487278404547,0.6705244787360979
2004-09-03,16:00:00,109.49,110.62,109.41,110.57,2182,109.97,108.72,BULLISH_20_BAR_BREAKOUT,-0.10852853396037836,-0.29845346839106296,-0.40698200235144133
2004-09-22,12:00:00,110.13,110.73,109.95,110.63,1955,110.23,109.34,BULLISH_20_BAR_BREAKOUT,-0.12654795263490967,0.06327397631746126,-0.16270451053059082
2004-09-23,04:00:00,110.7,110.86,110.68,110.78,675,110.73,109.57,BULLISH_20_BAR_BREAKOUT,0.0,-0.3339953060119196,-0.25275320454955874
2004-09-27,12:00:00,110.83,111.25,110.73,111.12,1724,110.97,109.58,BULLISH_20_BAR_BREAKOUT,0.13498920086392321,0.05399568034557439,0.242980561555072
2004-09-27,16:00:00,111.13,111.38,111.03,111.27,1916,111.25,109.7,BULLISH_20_BAR_BREAKOUT,-0.008987148377811545,0.05392289026692035,0.0988586321560164
2004-09-28,08:00:00,111.32,111.7,111.2,111.54,1789,111.42,110.24,BULLISH_20_BAR_BREAKOUT,-0.13448090371167803,-0.17034247803479644,-0.3944773175542513
2004-09-30,16:00:00,110.48,110.6,109.78,109.9,2380,111.7,110.33,BEARISH_20_BAR_BREAKOUT,0.11828935395813962,0.18198362147405697,0.4094631483166411
2004-10-08,04:00:00,111.16,111.24,110.59,110.62,1426,111.44,110.66,BEARISH_20_BAR_BREAKOUT,-0.2350388718134199,-1.0757548363767833,-1.139034532634248
2004-10-08,08:00:00,110.61,110.64,110.24,110.36,1936,111.44,110.59,BEARISH_20_BAR_BREAKOUT,-0.32620514679231555,-0.7883291047481013,-1.0057992026096407
2004-10-08,12:00:00,110.35,110.68,109.88,110.0,1775,111.44,110.24,BEARISH_20_BAR_BREAKOUT,-0.518181818181812,-0.4818181818181828,-0.7909090909090951
2004-10-08,16:00:00,109.97,110.06,109.28,109.43,2137,111.44,109.88,BEARISH_20_BAR_BREAKOUT,0.05482957141550585,-0.06396783331810965,-0.16448871424655653
2004-10-11,08:00:00,109.37,109.44,109.16,109.25,1173,111.44,109.28,BEARISH_20_BAR_BREAKOUT,-0.10983981693364261,0.07322654462242406,0.5400457665903922
2004-10-11,12:00:00,109.24,109.25,109.11,109.13,1068,111.44,109.16,BEARISH_20_BAR_BREAKOUT,0.10996059745258366,0.46733253917346756,0.5956199028681441
2004-10-15,12:00:00,109.51,109.51,109.02,109.03,1617,110.19,109.13,BEARISH_20_BAR_BREAKOUT,0.24763826469778594,0.1834357516279949,0.22929468953499038
2004-10-19,12:00:00,109.19,109.19,108.28,108.53,2216,109.83,108.78,BEARISH_20_BAR_BREAKOUT,-0.19349488620658614,-0.05528425320188176,-0.2856353082097137
2004-10-21,04:00:00,108.14,108.17,107.74,107.81,1344,109.56,108.08,BEARISH_20_BAR_BREAKOUT,-0.1298580836657087,-0.4081254058065093,-0.1484092384750919
2004-10-21,08:00:00,107.84,107.86,107.42,107.67,1948,109.56,107.74,BEARISH_20_BAR_BREAKOUT,-0.1393145723042683,-0.213615677533207,-0.018575276307231374
2004-10-21,16:00:00,107.51,107.67,107.33,107.37,1489,109.56,107.41,BEARISH_20_BAR_BREAKOUT,0.0651951196796062,0.2607804787184512,0.027940765576977868
2004-10-22,20:00:00,107.41,107.43,107.15,107.23,920,109.19,107.27,BEARISH_20_BAR_BREAKOUT,-0.3730299356523414,-0.9139233423482271,-0.4756131679567333
2004-10-25,00:00:00,107.26,107.36,106.53,106.83,1482,108.65,107.15,BEARISH_20_BAR_BREAKOUT,-0.08424599831508323,-0.1778526631096113,-0.009360666479458126
2004-10-25,08:00:00,106.75,106.84,106.25,106.25,1887,108.65,106.53,BEARISH_20_BAR_BREAKOUT,0.36705882352941227,0.4423529411764695,0.45176470588235673
2004-10-28,08:00:00,106.29,106.3,105.98,106.03,1605,107.36,106.19,BEARISH_20_BAR_BREAKOUT,0.36782042818070415,0.19805715363575754,-0.19805715363577095
2004-10-29,08:00:00,106.13,106.24,105.77,105.82,1482,107.13,105.87,BEARISH_20_BAR_BREAKOUT,0.23625023625023625,-0.05670005670004542,0.5197505197505305
2004-10-29,20:00:00,106.0,106.03,105.74,105.76,1332,107.13,105.77,BEARISH_20_BAR_BREAKOUT,0.18910741301057926,0.5767776096822991,0.642965204235999
2004-11-05,16:00:00,106.16,106.62,105.49,105.53,2751,106.87,105.65,BEARISH_20_BAR_BREAKOUT,0.0,-0.17056761110585314,0.009475978394774109
2004-11-10,16:00:00,105.87,107.26,105.84,106.95,2884,106.62,105.25,BULLISH_20_BAR_BREAKOUT,0.16830294530153586,0.0,-0.28050490883590196
2004-11-12,16:00:00,105.9,106.2,105.47,105.51,2141,107.27,105.52,BEARISH_20_BAR_BREAKOUT,0.028433323855559793,-0.2369443654629893,-0.00947777461852442
2004-11-17,08:00:00,105.4,105.45,104.57,104.64,1646,106.78,105.13,BEARISH_20_BAR_BREAKOUT,-0.258027522935776,-0.6498470948012297,-0.8409785932721668
2004-11-17,12:00:00,104.65,104.71,104.32,104.37,2047,106.6,104.57,BEARISH_20_BAR_BREAKOUT,-0.22995113538373965,-0.34492670307559586,-0.22036983807607932
2004-11-17,16:00:00,104.38,104.4,104.05,104.13,1882,106.2,104.32,BEARISH_20_BAR_BREAKOUT,-0.1632574666282548,-0.19206760779793397,0.1152405646787713
2004-11-17,20:00:00,104.12,104.12,103.77,103.96,1507,106.2,104.05,BEARISH_20_BAR_BREAKOUT,0.048095421315901665,-0.19238168526355198,0.22123893805310121
2004-11-18,08:00:00,103.93,103.97,103.62,103.76,1619,105.65,103.77,BEARISH_20_BAR_BREAKOUT,0.3662297609868884,0.41441788743252944,0.2602158828064726
2004-11-19,16:00:00,103.65,103.68,102.74,102.81,2518,105.65,103.55,BEARISH_20_BAR_BREAKOUT,0.24316700710047662,0.4960606944849634,0.35016049022468576
2004-11-25,08:00:00,102.85,102.87,102.37,102.46,1519,103.68,102.53,BEARISH_20_BAR_BREAKOUT,0.1561585008784021,0.06831934413430353,0.24399765762248685
2004-11-26,04:00:00,102.57,102.72,102.13,102.33,2039,103.68,102.35,BEARISH_20_BAR_BREAKOUT,0.37134760089904767,0.1661291898758934,0.488615264340858
2004-12-02,04:00:00,102.44,102.45,102.13,102.21,1255,103.34,102.25,BEARISH_20_BAR_BREAKOUT,0.039135113981025586,0.8511887290871779,1.1544858624400811
2004-12-03,04:00:00,103.17,103.54,103.16,103.39,1644,103.38,101.81,BULLISH_20_BAR_BREAKOUT,-0.038688461166463156,-0.8801624915368959,-1.2186865267434037
2004-12-08,08:00:00,103.39,103.96,103.23,103.81,3461,103.58,101.9,BULLISH_20_BAR_BREAKOUT,0.2600905500433446,0.2600905500433446,0.25045756670840086
2004-12-08,12:00:00,103.8,104.27,103.64,104.08,2722,103.96,101.9,BULLISH_20_BAR_BREAKOUT,0.5572636433512667,-0.07686395080706984,0.4900076863950856
2004-12-08,16:00:00,104.09,104.97,104.06,104.66,3836,104.27,101.9,BULLISH_20_BAR_BREAKOUT,-0.554175425186316,-0.4872921842155465,0.267532963883051
2004-12-10,04:00:00,104.8,105.45,104.67,105.35,2489,104.98,102.38,BULLISH_20_BAR_BREAKOUT,0.0664451827242595,0.13289036544850552,-0.48410061699097384
2004-12-10,12:00:00,105.43,106.17,105.37,105.7,2219,105.46,102.38,BULLISH_20_BAR_BREAKOUT,-0.19867549668874923,-0.6527909176915778,-0.8987701040681201
2004-12-15,12:00:00,104.95,104.96,104.19,104.2,2695,106.17,104.53,BEARISH_20_BAR_BREAKOUT,-0.14395393474088836,0.15355086372360519,-0.5758157389635399
2004-12-15,16:00:00,104.2,104.46,103.98,104.05,2933,106.17,104.19,BEARISH_20_BAR_BREAKOUT,0.19221528111485137,0.22104757328207975,0.26910139356078916
2004-12-16,12:00:00,104.35,104.36,103.43,103.6,2518,105.78,103.96,BEARISH_20_BAR_BREAKOUT,0.7046332046332086,0.8783783783783888,0.6756756756756785
2004-12-27,16:00:00,103.72,103.73,102.9,102.92,1034,104.44,103.43,BEARISH_20_BAR_BREAKOUT,0.06801399144966302,0.23319082782743383,0.22347454333463268
2004-12-29,16:00:00,103.37,104.25,103.35,104.19,2346,104.07,102.68,BULLISH_20_BAR_BREAKOUT,-0.3071312026106087,-0.5470774546501518,-1.0845570592187306
2004-12-31,04:00:00,102.65,102.82,102.52,102.64,512,104.25,102.68,BEARISH_20_BAR_BREAKOUT,-0.16562743569758545,0.029228371005457072,0.5163678877630564
2004-12-31,08:00:00,102.63,102.73,102.46,102.47,495,104.25,102.52,BEARISH_20_BAR_BREAKOUT,-0.11710744608178446,0.11710744608178446,0.20493803064312285
2004-12-31,12:00:00,102.48,102.6,102.32,102.35,788,104.25,102.46,BEARISH_20_BAR_BREAKOUT,0.3126526624328358,0.17586712261847273,0.3419638495359146
2005-01-04,16:00:00,103.63,104.44,103.46,104.32,1948,104.03,102.28,BULLISH_20_BAR_BREAKOUT,0.33550613496933335,0.1054447852760867,-0.4313650306748357
2005-01-04,20:00:00,104.31,104.82,104.15,104.67,1664,104.44,102.28,BULLISH_20_BAR_BREAKOUT,-0.19107671730199946,-0.23884589662749595,-0.5350148084455931
2005-01-11,16:00:00,104.0,104.09,103.28,103.37,1653,105.2,103.8,BEARISH_20_BAR_BREAKOUT,0.009673986649889624,0.08706587984907535,-1.0157685982393454
2005-01-12,12:00:00,103.36,103.56,103.0,103.07,1699,105.17,103.11,BEARISH_20_BAR_BREAKOUT,-0.7276608130396818,-0.5336179295624305,-0.4074900553022097
2005-01-12,16:00:00,103.07,103.23,102.14,102.32,2107,105.17,103.0,BEARISH_20_BAR_BREAKOUT,0.06841282251759909,0.12705238467553723,0.19546520719312244
2005-01-14,20:00:00,102.51,102.56,101.77,102.06,1990,104.23,102.14,BEARISH_20_BAR_BREAKOUT,0.07838526357044709,-0.23515579071135517,0.07838526357044709
2005-01-20,08:00:00,102.63,103.19,102.5,103.09,1607,103.02,101.67,BULLISH_20_BAR_BREAKOUT,-0.18430497623435613,0.22310602386263434,0.6402172858667151
2005-01-20,16:00:00,102.92,103.41,102.73,103.32,1867,103.2,101.67,BULLISH_20_BAR_BREAKOUT,0.0,0.09678668215254407,-0.4355400696864002
2005-01-21,08:00:00,103.44,103.82,103.35,103.75,1481,103.62,102.02,BULLISH_20_BAR_BREAKOUT,0.07710843373493811,-1.0506024096385576,-0.7999999999999983
2005-01-21,12:00:00,103.77,103.94,103.51,103.83,1756,103.82,102.03,BULLISH_20_BAR_BREAKOUT,-0.9245882692863274,-1.0594240585572516,-0.9053260136761992
2005-01-25,16:00:00,103.65,104.26,103.48,104.22,1785,103.94,102.5,BULLISH_20_BAR_BREAKOUT,-0.06716561120705544,-0.7772020725388623,-1.2857417002494755
2005-02-01,08:00:00,103.71,104.02,103.64,103.85,1392,103.82,102.36,BULLISH_20_BAR_BREAKOUT,-0.07703418391911247,-0.17332691381799964,-0.27924891670678104
2005-02-03,04:00:00,104.04,104.29,103.89,104.25,1398,104.11,103.27,BULLISH_20_BAR_BREAKOUT,-0.17266187050360365,0.3453237410071937,0.19184652278177733
2005-02-03,12:00:00,104.07,104.45,103.8,104.33,1712,104.3,103.34,BULLISH_20_BAR_BREAKOUT,0.2683791814434977,0.18211444455094195,-0.35464391833605347
2005-02-03,16:00:00,104.33,104.75,104.21,104.61,1746,104.45,103.34,BULLISH_20_BAR_BREAKOUT,-0.1529490488480992,-0.1529490488480992,-0.8985756619825999
2005-02-07,20:00:00,104.68,105.08,104.62,104.84,1584,104.75,103.35,BULLISH_20_BAR_BREAKOUT,0.1239984738649327,0.5723006486073964,0.8870660053414657
2005-02-08,04:00:00,104.96,105.18,104.84,105.14,1366,105.08,103.47,BULLISH_20_BAR_BREAKOUT,0.28533384059349165,0.5136009130682959,0.5136009130682959
2005-02-08,08:00:00,105.16,105.47,104.99,105.44,1525,105.18,103.47,BULLISH_20_BAR_BREAKOUT,0.21813353566009483,0.3129742033383899,0.18019726858876872
2005-02-08,12:00:00,105.44,105.96,105.4,105.67,1665,105.47,103.47,BULLISH_20_BAR_BREAKOUT,0.009463423866759833,-0.018926847733506218,-0.16087820573483647
2005-02-10,12:00:00,105.67,106.38,105.64,106.36,1606,106.0,104.09,BULLISH_20_BAR_BREAKOUT,-0.5923279428356483,-0.5359157578036792,-0.46069951109439156
2005-02-14,00:00:00,105.5,105.61,105.07,105.22,748,106.88,105.32,BEARISH_20_BAR_BREAKOUT,-0.3421402775137801,-0.19007793195210307,-0.019007793195206252
2005-02-14,04:00:00,105.22,105.24,104.84,104.86,1287,106.88,105.07,BEARISH_20_BAR_BREAKOUT,-0.03814609956132582,0.07629219912263809,0.4386801449551724
2005-02-14,08:00:00,104.87,105.01,104.73,104.82,1421,106.88,104.84,BEARISH_20_BAR_BREAKOUT,0.19080328181644998,0.33390574317879085,0.1812631177256363
2005-02-15,16:00:00,104.93,105.07,104.39,104.58,1897,106.88,104.65,BEARISH_20_BAR_BREAKOUT,-0.1625549818320919,0.29642379039969624,0.9848919487473715
2005-02-22,04:00:00,105.56,105.57,104.77,104.83,1474,105.9,105.16,BEARISH_20_BAR_BREAKOUT,-0.5151197176380731,-0.6105122579414295,-0.13354955642468813
2005-02-22,08:00:00,104.83,104.88,104.2,104.29,1556,105.9,104.77,BEARISH_20_BAR_BREAKOUT,-0.115063764502833,-0.22053888196375873,0.44107776392750375
2005-02-22,12:00:00,104.29,104.34,103.82,104.17,1684,105.9,104.2,BEARISH_20_BAR_BREAKOUT,0.019199385619656353,0.27839109148506486,0.6239800326389474
2005-02-28,12:00:00,104.35,104.48,104.16,104.27,1443,105.61,104.3,BEARISH_20_BAR_BREAKOUT,0.04795243118825852,0.20140021099070488,0.05754291742591567
2005-03-03,20:00:00,105.17,105.4,105.04,105.25,1367,105.19,104.09,BULLISH_20_BAR_BREAKOUT,0.08551068883610775,0.20902612826603217,-0.41805225653206435
2005-03-09,12:00:00,104.44,104.48,103.81,104.16,1843,105.59,104.33,BEARISH_20_BAR_BREAKOUT,-0.22081413210444487,-0.10560675883256475,-0.03840245775728883
2005-03-14,16:00:00,104.79,105.12,104.63,105.07,1551,104.92,103.65,BULLISH_20_BAR_BREAKOUT,-0.12372703911677496,-0.29504140097077003,-0.5139430855619987
2005-03-21,08:00:00,104.93,105.23,104.73,105.17,1480,105.12,103.9,BULLISH_20_BAR_BREAKOUT,0.14262622420841634,-0.06655890463060511,-0.09508414947229107
2005-03-21,12:00:00,105.17,105.45,105.12,105.32,1632,105.23,103.9,BULLISH_20_BAR_BREAKOUT,-0.2088872009115067,-0.12343334599315939,-0.2943410558298406
2005-03-22,20:00:00,105.01,105.7,104.95,105.59,1561,105.52,104.12,BULLISH_20_BAR_BREAKOUT,-0.13258831328724366,-0.06629415664362855,0.4830002841178056
2005-03-23,20:00:00,105.77,106.21,105.73,106.1,1441,105.93,104.62,BULLISH_20_BAR_BREAKOUT,0.1319509896324228,0.1885014137606059,0.1979264844486409
2005-03-24,00:00:00,106.1,106.29,105.9,106.24,1189,106.21,104.62,BULLISH_20_BAR_BREAKOUT,-0.0564759036144466,0.14118975903614994,0.1976656626506099
2005-03-28,04:00:00,106.51,107.01,106.49,106.8,1397,106.64,104.95,BULLISH_20_BAR_BREAKOUT,0.12172284644195663,0.32771535580525146,0.3558052434457019
2005-03-28,16:00:00,106.78,107.26,106.67,107.15,1682,107.11,105.26,BULLISH_20_BAR_BREAKOUT,0.03733084461035188,0.027998133457770545,0.27064862342509755
2005-03-29,16:00:00,107.28,107.61,107.0,107.44,1748,107.4,106.07,BULLISH_20_BAR_BREAKOUT,0.0558451228592724,-0.18615040953090362,-0.03723008190617279
2005-04-04,08:00:00,107.69,108.07,107.64,107.96,1493,107.8,106.64,BULLISH_20_BAR_BREAKOUT,0.16672841793257392,0.3149314560948531,0.7410151908114222
2005-04-04,12:00:00,107.96,108.22,107.92,108.14,1631,108.07,106.64,BULLISH_20_BAR_BREAKOUT,0.15720362493064705,0.23118180136859628,0.14795635287589845
2005-04-04,16:00:00,108.14,108.43,108.07,108.31,1572,108.22,106.64,BULLISH_20_BAR_BREAKOUT,-0.00923275782476698,0.25851721909334424,0.036931031299041676
2005-04-05,04:00:00,108.41,108.72,108.35,108.59,1377,108.45,106.64,BULLISH_20_BAR_BREAKOUT,0.15655216870798572,-0.22101482641128015,-0.5341191638272385
2005-04-05,08:00:00,108.6,108.91,108.57,108.76,1522,108.72,106.64,BULLISH_20_BAR_BREAKOUT,-0.42294961382862073,-0.5516734093416775,-0.5884516366311149
2005-04-12,00:00:00,107.87,107.88,107.55,107.62,1184,108.9,107.63,BEARISH_20_BAR_BREAKOUT,0.018583906337108363,0.4274298457535716,0.018583906337108363
2005-04-13,04:00:00,107.65,107.72,107.33,107.39,1232,108.9,107.51,BEARISH_20_BAR_BREAKOUT,-0.05587112394077873,0.04655926995064452,0.3538504516249143
2005-04-15,04:00:00,108.31,108.55,108.11,108.5,1306,108.49,107.14,BULLISH_20_BAR_BREAKOUT,-0.2580645161290333,-0.7281105990783467,-0.5622119815668197
2005-04-19,16:00:00,107.37,107.42,106.9,107.01,2036,108.57,107.02,BEARISH_20_BAR_BREAKOUT,-0.24296794692085327,-0.07475936828333642,-0.22427810485002253
2005-04-19,20:00:00,107.01,107.15,106.72,106.75,1765,108.57,106.9,BEARISH_20_BAR_BREAKOUT,0.03747072599532202,0.15925058548009527,0.1030444964871189
2005-04-22,08:00:00,106.76,106.87,106.21,106.39,1955,107.55,106.6,BEARISH_20_BAR_BREAKOUT,-0.2161857317417088,-0.3853745652786884,-0.4699689820471849
2005-04-22,12:00:00,106.4,106.47,106.09,106.16,1964,107.52,106.21,BEARISH_20_BAR_BREAKOUT,-0.21665410700827972,-0.22607385079125367,-0.37678975131875614
2005-04-22,16:00:00,106.18,106.27,105.75,105.93,2118,107.52,106.09,BEARISH_20_BAR_BREAKOUT,0.04720098178041835,0.07552157084867205,-0.2737656943264479
2005-04-29,08:00:00,105.64,105.74,105.01,105.25,2254,106.43,105.42,BEARISH_20_BAR_BREAKOUT,-0.19002375296912385,-0.5415676959619887,0.10451306413301609
2005-04-29,16:00:00,105.03,105.15,104.61,104.76,2336,106.43,104.99,BEARISH_20_BAR_BREAKOUT,-0.07636502481863143,0.5059182894234451,0.27682321496753726
2005-05-04,12:00:00,104.6,104.68,104.2,104.27,1967,105.94,104.52,BEARISH_20_BAR_BREAKOUT,0.47952431188261246,0.19180972475304772,0.009590486237657155
2005-05-09,12:00:00,105.36,105.72,105.26,105.63,1861,105.43,104.2,BULLISH_20_BAR_BREAKOUT,0.009467007478940753,0.07573605983148565,0.03786802991574956
2005-05-12,04:00:00,105.87,106.19,105.82,106.12,1652,105.99,104.75,BULLISH_20_BAR_BREAKOUT,0.009423294383707977,0.5842442517904168,0.6973237843950196
2005-05-12,12:00:00,106.14,106.94,106.04,106.85,2106,106.33,104.89,BULLISH_20_BAR_BREAKOUT,-0.10294805802526855,0.00935891436593834,0.22461394478241375
2005-05-13,12:00:00,106.95,107.26,106.9,107.09,2046,107.0,104.89,BULLISH_20_BAR_BREAKOUT,0.270800261462314,0.3735176020169871,0.4668970025212438
2005-05-13,16:00:00,107.1,107.45,106.93,107.38,2011,107.26,104.89,BULLISH_20_BAR_BREAKOUT,-0.09312721177127428,0.26075619295958385,-0.34457068355372544
2005-05-16,00:00:00,107.29,107.52,107.24,107.49,1290,107.46,104.89,BULLISH_20_BAR_BREAKOUT,0.15815424690669058,0.0930319099451191,-0.6605265606102836
2005-05-16,04:00:00,107.49,107.68,107.43,107.66,1622,107.52,104.89,BULLISH_20_BAR_BREAKOUT,0.04644250417982274,-0.603752554337722,-0.5387330484859728
2005-05-16,08:00:00,107.63,107.82,107.55,107.71,1889,107.68,104.89,BULLISH_20_BAR_BREAKOUT,-0.1114102683130539,-0.8912821465044971,-0.631324853774016
2005-05-20,12:00:00,107.48,108.07,107.41,108.03,1868,107.81,106.76,BULLISH_20_BAR_BREAKOUT,0.24993057484031844,0.10182356752753811,-0.14810700731278031
2005-05-20,16:00:00,108.03,108.32,107.99,108.3,1963,108.07,106.76,BULLISH_20_BAR_BREAKOUT,-0.12003693444136239,-0.24007386888272478,-0.45244690674053084
2005-05-31,04:00:00,108.07,108.32,108.0,108.31,1914,108.3,107.58,BULLISH_20_BAR_BREAKOUT,-0.3600775551657285,-0.24928446126857726,-0.05539654694857564
2005-05-31,20:00:00,108.02,108.61,108.02,108.59,1787,108.42,107.69,BULLISH_20_BAR_BREAKOUT,-0.23022377751174142,-0.046044755502345665,0.18417902200939573
2005-06-03,12:00:00,107.91,108.0,107.46,107.63,2154,108.88,107.69,BEARISH_20_BAR_BREAKOUT,0.2973148750348485,0.018582179689687107,-0.4924277617764574
2005-06-06,04:00:00,107.65,107.73,107.35,107.43,1887,108.88,107.46,BEARISH_20_BAR_BREAKOUT,-0.33510192683609197,-0.47472772968445043,-0.5026528902541247
2005-06-06,08:00:00,107.45,107.59,107.05,107.07,2010,108.88,107.35,BEARISH_20_BAR_BREAKOUT,0.02801905295601115,-0.13075558046136768,-0.38292705706546804
2005-06-06,16:00:00,107.09,107.14,106.71,106.92,1936,108.88,106.97,BEARISH_20_BAR_BREAKOUT,0.009352787130569694,-0.02805836139169579,-0.2899364010475143
2005-06-07,08:00:00,106.89,107.03,106.57,106.66,1777,108.82,106.71,BEARISH_20_BAR_BREAKOUT,0.037502343896499396,-0.009375585974114857,0.17813613350834215
2005-06-10,16:00:00,107.75,108.69,107.66,108.56,2439,107.87,106.5,BULLISH_20_BAR_BREAKOUT,0.11053795136330559,-0.027634487840826397,1.0040530582166574
2005-06-13,12:00:00,108.8,109.49,108.73,109.29,2312,108.88,106.61,BULLISH_20_BAR_BREAKOUT,0.3293988471040346,0.15554945557689404,-0.15554945557690703
2005-06-13,16:00:00,109.31,109.7,109.23,109.65,2260,109.49,106.71,BULLISH_20_BAR_BREAKOUT,-0.06383948928409246,-0.25535795713634396,-0.20975832193342814
2005-06-17,20:00:00,108.86,108.92,108.5,108.55,1730,109.74,108.59,BEARISH_20_BAR_BREAKOUT,0.28558268079226373,0.21188392445877843,0.7093505297098075
2005-06-21,16:00:00,109.13,109.16,108.27,108.42,2529,109.63,108.5,BEARISH_20_BAR_BREAKOUT,-0.20291459140379897,0.11990407673860493,0.5534034311012676
2005-06-21,20:00:00,108.4,108.43,108.15,108.2,1892,109.63,108.27,BEARISH_20_BAR_BREAKOUT,0.2680221811460185,0.3234750462107156,0.5914972273567473
2005-06-28,04:00:00,109.41,109.73,109.36,109.61,1818,109.49,108.4,BULLISH_20_BAR_BREAKOUT,0.2463278897910738,0.2554511449685258,0.3375604415655547
2005-06-28,08:00:00,109.61,109.92,109.53,109.88,2193,109.73,108.4,BULLISH_20_BAR_BREAKOUT,0.08190753549326849,0.13651255915544747,0.436840189297419
2005-06-28,12:00:00,109.86,110.0,109.74,109.97,2044,109.92,108.4,BULLISH_20_BAR_BREAKOUT,-0.07274711284895725,-0.10002728016731784,0.38192234245703527
2005-06-29,08:00:00,109.99,110.42,109.96,110.36,2187,110.19,108.86,BULLISH_20_BAR_BREAKOUT,0.027183762232694034,0.07249003262051314,0.11779630300833223
2005-06-30,12:00:00,110.49,110.82,110.43,110.74,2351,110.68,109.17,BULLISH_20_BAR_BREAKOUT,0.17157305400037198,0.06321112515803448,0.3792667509481684
2005-06-30,16:00:00,110.73,110.99,110.7,110.93,2250,110.82,109.17,BULLISH_20_BAR_BREAKOUT,0.0,0.06310285765797635,0.6310285765798148
2005-07-01,16:00:00,111.15,111.83,111.12,111.63,2321,111.26,109.53,BULLISH_20_BAR_BREAKOUT,0.13437248051599543,-0.06270715757412271,-0.05374899220639817
2005-07-06,16:00:00,111.78,112.32,111.7,112.19,2282,112.16,110.64,BULLISH_20_BAR_BREAKOUT,-0.008913450396640437,0.0,-0.14261520634637365
2005-07-12,04:00:00,111.62,111.69,111.25,111.36,2168,112.6,111.46,BEARISH_20_BAR_BREAKOUT,-0.28735632183907434,-0.30531609195402604,-0.24245689655172054
2005-07-12,08:00:00,111.37,111.52,110.96,111.04,2178,112.6,111.25,BEARISH_20_BAR_BREAKOUT,0.22514409221902018,-0.22514409221902018,0.3152017291066231
2005-07-19,08:00:00,112.28,112.76,112.19,112.64,2149,112.43,111.48,BULLISH_20_BAR_BREAKOUT,0.2574573863636419,0.044389204545452025,0.3196022727272722
2005-07-19,12:00:00,112.65,112.97,112.55,112.93,2074,112.76,111.48,BULLISH_20_BAR_BREAKOUT,-0.026565128840875883,-0.035420171787838704,-0.008855042946962821
2005-07-20,04:00:00,112.89,113.2,112.86,113.03,1839,113.02,111.48,BULLISH_20_BAR_BREAKOUT,-0.026541626116961103,0.3273467221091786,-0.4512076439883262
2005-07-20,16:00:00,112.92,113.73,112.71,113.4,2440,113.21,111.48,BULLISH_20_BAR_BREAKOUT,-0.4320987654321068,-0.7760141093474512,-2.6631393298060053
2005-07-21,12:00:00,112.5,112.65,110.37,110.44,3043,113.73,111.48,BEARISH_20_BAR_BREAKOUT,-0.05432814197754642,0.597609561752985,0.597609561752985
2005-07-27,04:00:00,112.43,112.81,112.43,112.71,1825,112.64,109.86,BULLISH_20_BAR_BREAKOUT,-0.1330849081714058,-0.39038239730281055,-0.23955283470854052
2005-08-01,08:00:00,112.13,112.33,111.7,111.85,1998,112.9,111.92,BEARISH_20_BAR_BREAKOUT,-0.0625838176128683,0.3576218149307159,-0.4470272686633885
2005-08-02,08:00:00,111.84,111.92,111.29,111.35,2222,112.9,111.65,BEARISH_20_BAR_BREAKOUT,-0.07184553210597062,0.11674898967221344,0.20655590480467353
2005-08-02,12:00:00,111.35,111.56,111.11,111.27,2141,112.9,111.29,BEARISH_20_BAR_BREAKOUT,0.0988586321560164,0.33252448997933365,-0.10784578053382793
2005-08-05,16:00:00,112.02,112.22,111.86,112.14,2292,112.08,110.75,BULLISH_20_BAR_BREAKOUT,-0.25860531478509563,0.21401819154627685,-0.20510076689852327
2005-08-08,00:00:00,112.22,112.46,112.18,112.43,1220,112.22,110.75,BULLISH_20_BAR_BREAKOUT,-0.044472115983288596,-0.6759761629458375,-0.4180378902428294
2005-08-10,08:00:00,111.25,111.35,110.87,110.95,2338,112.64,111.11,BEARISH_20_BAR_BREAKOUT,0.009013068949969269,-0.2523659305993701,-0.6579540333483587
2005-08-10,16:00:00,110.96,111.02,110.38,110.58,2179,112.64,110.79,BEARISH_20_BAR_BREAKOUT,0.08138903960933569,-0.2803400253210366,-0.5878097305118389
2005-08-11,04:00:00,110.51,110.56,110.25,110.27,1991,112.64,110.38,BEARISH_20_BAR_BREAKOUT,-0.045343248390312105,-0.30833408905413,-0.3808832864786449
2005-08-11,08:00:00,110.27,110.45,110.1,110.22,2229,112.64,110.25,BEARISH_20_BAR_BREAKOUT,0.1270186898929419,-0.480856468880422,-0.7167483215387336
2005-08-11,16:00:00,110.36,110.39,109.74,109.93,2376,112.59,110.1,BEARISH_20_BAR_BREAKOUT,-0.21832074956791514,-0.07277358318931366,-0.3820613117438385
2005-08-11,20:00:00,109.92,109.99,109.57,109.69,2103,112.26,109.74,BEARISH_20_BAR_BREAKOUT,0.17321542528945003,-0.23703163460661036,-0.2734980399307112
2005-08-12,08:00:00,109.81,109.95,109.39,109.43,2255,112.26,109.57,BEARISH_20_BAR_BREAKOUT,0.29242438088274986,-0.03655304761035023,0.08224435712326528
2005-08-18,00:00:00,109.93,110.19,109.73,110.15,1707,110.11,109.02,BULLISH_20_BAR_BREAKOUT,0.027235587834771795,0.35406264185202047,0.2905129369042153
2005-08-18,12:00:00,110.19,110.59,110.15,110.54,2039,110.33,109.02,BULLISH_20_BAR_BREAKOUT,-0.009046499004889737,-0.06332549303420244,-0.027139497014656355
2005-08-30,04:00:00,110.62,111.04,110.53,110.97,1947,110.81,109.36,BULLISH_20_BAR_BREAKOUT,0.19825177976029457,0.4325493376588303,0.3244120032441195
2005-08-30,08:00:00,110.98,111.25,110.75,111.19,2070,111.04,109.36,BULLISH_20_BAR_BREAKOUT,0.3147765086788457,0.04496807266840287,0.2518212069430714
2005-08-30,12:00:00,111.17,111.64,111.12,111.54,2022,111.25,109.36,BULLISH_20_BAR_BREAKOUT,-0.08068854222700682,-0.10758472296934242,-0.09861932938855965
2005-09-01,16:00:00,110.34,110.56,109.84,110.07,2155,111.81,110.17,BEARISH_20_BAR_BREAKOUT,-0.23621331879712087,-0.17261742527482304,-0.3088943399654667
2005-09-01,20:00:00,110.08,110.12,109.6,109.81,1835,111.81,109.84,BEARISH_20_BAR_BREAKOUT,0.10927966487569853,-0.39158546580457776,0.036426554958557546
2005-09-02,08:00:00,109.88,109.98,109.21,109.38,2079,111.81,109.6,BEARISH_20_BAR_BREAKOUT,0.3931248857195162,0.42969464253062617,-0.4479795209361811
2005-09-05,04:00:00,109.72,109.73,109.08,109.13,1975,111.81,109.21,BEARISH_20_BAR_BREAKOUT,-0.2199211949051543,0.10996059745258366,0.3023916429945921
2005-09-05,08:00:00,109.1,109.43,108.76,108.89,1970,111.81,109.08,BEARISH_20_BAR_BREAKOUT,0.09183579759389689,0.2387730737441502,0.6428505831573174
2005-09-08,08:00:00,110.21,110.52,110.14,110.46,1958,110.41,108.76,BULLISH_20_BAR_BREAKOUT,-0.1267427122940436,0.054318305268877674,0.19011406844107187
2005-09-09,00:00:00,110.51,110.77,110.42,110.67,1494,110.66,108.88,BULLISH_20_BAR_BREAKOUT,-0.02710761724044559,-0.6957621758380735,-1.075268817204299
2005-09-13,08:00:00,110.33,110.86,110.28,110.83,2140,110.79,109.14,BULLISH_20_BAR_BREAKOUT,-0.19850221059279877,-0.16241089957592042,-0.45114138771090867
2005-09-16,16:00:00,110.88,111.48,110.69,111.46,2120,111.07,109.88,BULLISH_20_BAR_BREAKOUT,-0.11663376996231425,-0.1076619415036698,-0.026915485375907888
2005-09-20,16:00:00,111.49,111.74,111.38,111.71,1935,111.7,110.15,BULLISH_20_BAR_BREAKOUT,0.22379375167845317,0.035807000268558105,-0.30435950228268666
2005-09-20,20:00:00,111.7,112.04,111.54,111.96,1811,111.74,110.15,BULLISH_20_BAR_BREAKOUT,-0.10718113612003424,-0.669882100750268,-0.5716327259735625
2005-09-23,16:00:00,111.75,112.37,111.66,112.27,2157,112.05,110.97,BULLISH_20_BAR_BREAKOUT,0.23158457290460951,0.053442593747218554,0.03562839583148326
2005-09-23,20:00:00,112.29,112.54,112.25,112.53,1524,112.37,110.97,BULLISH_20_BAR_BREAKOUT,-0.1332977872567366,-0.04443259575224132,-0.3110281702657019
2005-09-27,04:00:00,112.45,112.85,112.43,112.71,1836,112.63,111.04,BULLISH_20_BAR_BREAKOUT,0.10646792653713473,0.6210629047999316,0.34602076124567527
2005-09-27,12:00:00,112.82,113.39,112.78,113.27,2232,113.05,111.04,BULLISH_20_BAR_BREAKOUT,0.1235984815043706,-0.044142314822986806,-0.08828462964597361
2005-09-27,16:00:00,113.26,113.55,113.03,113.41,2275,113.39,111.04,BULLISH_20_BAR_BREAKOUT,-0.09699321047526624,-0.27334450224848095,-0.24689180848249814
2005-09-30,16:00:00,113.26,113.59,113.01,113.56,2368,113.55,112.65,BULLISH_20_BAR_BREAKOUT,0.39626629094751925,0.4050722085241227,0.6164142303628063
2005-09-30,20:00:00,113.56,114.01,113.44,114.01,1823,113.59,112.66,BULLISH_20_BAR_BREAKOUT,-0.03508464169810214,0.017542320849044838,0.1052539250942815
2005-10-03,04:00:00,113.96,114.26,113.95,114.02,1822,114.01,112.66,BULLISH_20_BAR_BREAKOUT,0.008770391159450198,0.21048938782670507,0.10524469391335253
2005-10-06,16:00:00,113.73,113.81,113.37,113.47,2239,114.44,113.56,BEARISH_20_BAR_BREAKOUT,-0.14100643341852173,-0.03525160835462417,0.39658059398960327
2005-10-06,20:00:00,113.44,113.48,113.01,113.31,2052,114.44,113.37,BEARISH_20_BAR_BREAKOUT,0.17650692789692246,0.05295207836907799,0.48539405171652733
2005-10-10,16:00:00,114.2,114.32,114.14,114.27,1712,114.22,113.01,BULLISH_20_BAR_BREAKOUT,-0.14877045593769295,-0.1312680493567791,0.14877045593769295
2005-10-11,16:00:00,114.17,114.5,114.11,114.44,1844,114.32,113.01,BULLISH_20_BAR_BREAKOUT,0.1048584411045129,0.19224047535826536,-0.09612023767913268
2005-10-11,20:00:00,114.45,114.64,114.39,114.56,1433,114.5,113.01,BULLISH_20_BAR_BREAKOUT,0.1309357541899367,0.017458100558655744,-0.1571229050279389
2005-10-12,00:00:00,114.56,114.75,114.45,114.71,1256,114.64,113.01,BULLISH_20_BAR_BREAKOUT,-0.04358817888588367,-0.148199808212002,-0.10461162932611832
2005-10-13,12:00:00,114.78,114.97,114.71,114.91,1761,114.88,113.54,BULLISH_20_BAR_BREAKOUT,-0.13053694195456572,-0.13923940475154173,-0.30458619789399904
2005-10-18,00:00:00,114.94,115.41,114.9,115.27,1431,115.11,113.75,BULLISH_20_BAR_BREAKOUT,0.08675284115555525,0.49449119458662916,0.45979005812440454
2005-10-18,08:00:00,115.37,115.76,115.29,115.71,1706,115.41,113.75,BULLISH_20_BAR_BREAKOUT,0.11234984011754356,-0.01728459078730967,-0.06913836314925097
2005-10-18,12:00:00,115.69,115.95,115.65,115.84,1890,115.76,113.75,BULLISH_20_BAR_BREAKOUT,-0.14675414364641032,-0.03453038674033689,-0.1553867403314976
2005-10-25,16:00:00,115.27,115.29,114.61,114.89,1996,116.0,114.97,BEARISH_20_BAR_BREAKOUT,0.1479676212028912,0.22630342066324755,0.8007659500391694
2005-10-27,00:00:00,115.86,116.25,115.81,116.15,1174,116.0,114.61,BULLISH_20_BAR_BREAKOUT,-0.5940594059406044,-0.7490314248816226,-0.7318123116659565
2005-10-31,16:00:00,116.13,116.47,116.07,116.36,1853,116.25,114.85,BULLISH_20_BAR_BREAKOUT,0.06015812994156702,0.13750429700927863,0.24063251976624367
2005-11-01,00:00:00,116.42,116.69,116.36,116.58,1305,116.49,114.85,BULLISH_20_BAR_BREAKOUT,-0.05146680391147905,-0.008577800651917239,0.19728941499399893
2005-11-02,00:00:00,116.64,116.89,116.58,116.81,1376,116.79,114.85,BULLISH_20_BAR_BREAKOUT,0.0,0.11985275233284869,0.04280455440458621
2005-11-03,16:00:00,116.89,117.23,116.82,117.23,1947,117.01,115.53,BULLISH_20_BAR_BREAKOUT,-0.05971167789815524,0.4009212658875705,0.8615542096732841
2005-11-04,00:00:00,117.16,117.48,117.11,117.43,1311,117.42,116.07,BULLISH_20_BAR_BREAKOUT,0.22992421016775613,0.2554713446308415,0.5364898237247683
2005-11-04,04:00:00,117.43,117.75,117.34,117.7,1340,117.48,116.26,BULLISH_20_BAR_BREAKOUT,-0.1019541206457133,0.45879354290568564,0.15293118096855784
2005-11-04,16:00:00,117.73,118.35,117.36,118.24,1961,117.81,116.45,BULLISH_20_BAR_BREAKOUT,0.025372124492558476,-0.3044654939106896,-0.5666441136671192
2005-11-10,20:00:00,118.04,118.28,117.94,118.23,1585,118.21,116.86,BULLISH_20_BAR_BREAKOUT,-0.42290450816205694,-0.2791169753869562,-0.18607798359130412
2005-11-14,12:00:00,118.01,118.83,117.97,118.79,1701,118.28,116.86,BULLISH_20_BAR_BREAKOUT,0.0926003872379825,0.00841821702162716,0.43774728512500716
2005-11-14,16:00:00,118.76,118.92,118.59,118.9,1677,118.83,116.86,BULLISH_20_BAR_BREAKOUT,-0.14297729184188537,-0.05046257359125506,0.008410428931867876
2005-11-15,12:00:00,118.9,119.43,118.82,119.31,1663,118.93,117.34,BULLISH_20_BAR_BREAKOUT,-0.33526108456961334,-0.29335344899841465,0.0
2005-11-23,08:00:00,118.63,118.71,118.3,118.41,1764,119.53,118.54,BEARISH_20_BAR_BREAKOUT,0.278692677983277,0.27024744531712475,0.3884807026433646
2005-11-25,16:00:00,119.43,119.71,119.3,119.66,1582,119.53,118.2,BULLISH_20_BAR_BREAKOUT,-0.016714023065348506,0.12535517299014348,-0.3342804613070295
2005-11-28,00:00:00,119.68,119.88,119.65,119.75,608,119.71,118.2,BULLISH_20_BAR_BREAKOUT,0.050104384133613594,0.0,-0.6764091858037597
2005-12-01,12:00:00,119.91,120.23,119.75,120.16,1691,119.96,118.33,BULLISH_20_BAR_BREAKOUT,0.3578561917443465,0.36617842876164924,0.507656458055925
2005-12-01,16:00:00,120.14,120.75,120.09,120.59,2055,120.23,118.33,BULLISH_20_BAR_BREAKOUT,-0.10780330043951378,-0.03317024628908388,0.13268098515631194
2005-12-02,12:00:00,120.71,120.96,120.67,120.77,1562,120.75,118.93,BULLISH_20_BAR_BREAKOUT,-0.01656040407385611,0.2566862631448226,0.13248323259088415
2005-12-05,04:00:00,121.07,121.42,120.96,121.36,1454,121.3,119.22,BULLISH_20_BAR_BREAKOUT,-0.18127883981542425,-0.45319709953856063,-0.3213579433091633
2005-12-08,08:00:00,120.7,120.82,120.3,120.44,1619,121.42,120.57,BEARISH_20_BAR_BREAKOUT,0.049817336433080596,-0.14945200929923,0.09133178346064383
2005-12-12,16:00:00,120.33,120.42,119.82,119.87,1960,121.2,119.96,BEARISH_20_BAR_BREAKOUT,-0.12513556352715915,-0.04171185450906095,0.20855927254525736
2005-12-12,20:00:00,119.87,119.97,119.52,119.72,1612,121.2,119.82,BEARISH_20_BAR_BREAKOUT,0.15035081857668461,0.3675242231874355,0.2923488138990931
2005-12-14,04:00:00,119.83,119.87,118.49,118.91,1762,121.08,119.52,BEARISH_20_BAR_BREAKOUT,-0.4036666386342526,-1.7071734925573974,-1.404423513581702
2005-12-14,08:00:00,118.91,118.94,118.3,118.43,1716,121.08,118.49,BEARISH_20_BAR_BREAKOUT,0.0337752258718163,-0.9034872920712719,-1.7394241323988873
2005-12-14,16:00:00,118.47,118.5,116.71,116.88,2182,121.08,118.3,BEARISH_20_BAR_BREAKOUT,0.4106776180698186,0.3080082135523609,-0.2737850787132043
2005-12-15,08:00:00,117.24,117.44,116.31,116.37,1912,121.08,116.7,BEARISH_20_BAR_BREAKOUT,-0.300764801924902,-0.04296640027499473,0.017186560109990565
2005-12-15,12:00:00,116.39,116.43,115.84,116.02,2084,121.08,116.31,BEARISH_20_BAR_BREAKOUT,0.4654369936217947,-0.22409929322529817,0.18962247888295022
2005-12-16,00:00:00,116.32,116.53,115.61,115.76,1531,120.47,115.8,BEARISH_20_BAR_BREAKOUT,-0.008638562543197233,0.4146510020732462,-0.1295784381478971
2005-12-20,20:00:00,117.05,117.31,116.92,117.13,1392,117.07,115.51,BULLISH_20_BAR_BREAKOUT,-0.12806283616493766,-0.05976265687696849,0.16221292580892832
2005-12-21,16:00:00,117.09,117.56,117.07,117.39,1759,117.34,115.51,BULLISH_20_BAR_BREAKOUT,-0.05963029218843802,-0.02555583950932885,-0.7240821194309518
2005-12-23,20:00:00,116.42,116.43,116.12,116.24,1640,117.67,116.28,BEARISH_20_BAR_BREAKOUT,-0.06022023399861767,0.20646937370957424,-0.00860289057122411
2005-12-28,16:00:00,117.21,117.7,117.14,117.64,1596,117.52,115.99,BULLISH_20_BAR_BREAKOUT,0.2295137708262462,0.21251275076504592,0.20401224073443971
2005-12-28,20:00:00,117.64,117.97,117.61,117.91,1502,117.7,115.99,BULLISH_20_BAR_BREAKOUT,0.05088626918836593,-0.11873462810618317,-0.06784835891781724
2006-01-03,08:00:00,117.19,117.39,116.95,116.99,1691,118.19,117.0,BEARISH_20_BAR_BREAKOUT,0.23933669544405606,-0.6667236515941544,-0.897512607915204
2006-01-03,16:00:00,117.25,117.58,116.27,116.35,1912,118.19,116.95,BEARISH_20_BAR_BREAKOUT,-0.12032660077352865,-0.49849591749032945,-0.034379028792429774
2006-01-03,20:00:00,116.37,116.55,116.0,116.21,1583,118.19,116.27,BEARISH_20_BAR_BREAKOUT,-0.15489200585146942,-0.23233800877721025,-0.20652267446862999
2006-01-04,04:00:00,116.03,116.09,115.58,115.77,1535,118.19,115.84,BEARISH_20_BAR_BREAKOUT,0.14684287812041263,0.4664420834413115,0.33687483804094376
2006-01-06,16:00:00,115.88,116.06,114.33,114.42,2432,117.58,115.58,BEARISH_20_BAR_BREAKOUT,0.0,-0.5506030414263201,0.20975353959097615
2006-01-09,00:00:00,114.56,114.58,113.93,113.96,689,117.58,114.22,BEARISH_20_BAR_BREAKOUT,-0.14917514917513822,0.19305019305020452,0.5791505791505887
2006-01-09,04:00:00,113.95,114.13,113.77,113.79,1638,116.55,113.93,BEARISH_20_BAR_BREAKOUT,0.23727919852359258,0.7645663063538011,0.7821425432814839
2006-01-12,12:00:00,113.99,114.02,113.5,113.76,1877,114.91,113.77,BEARISH_20_BAR_BREAKOUT,0.47468354430379045,0.8175105485232003,0.8263009845288306
2006-01-16,16:00:00,114.76,115.13,114.75,114.98,1533,114.91,113.41,BULLISH_20_BAR_BREAKOUT,-0.09566881196729816,-0.008697164724304329,0.7653504957383853
2006-01-17,00:00:00,114.86,115.29,114.85,115.24,1224,115.13,113.41,BULLISH_20_BAR_BREAKOUT,-0.23429364803887195,-0.06074279763970252,0.39048941339812815
2006-01-17,16:00:00,115.18,115.94,115.13,115.86,1751,115.46,113.41,BULLISH_20_BAR_BREAKOUT,-0.3797686863455876,-0.11220438460210207,-0.44018643190057405
2006-01-23,04:00:00,115.17,115.2,114.46,114.65,1748,115.91,114.8,BEARISH_20_BAR_BREAKOUT,0.034888791975570904,0.034888791975570904,0.13083296990840948
2006-01-23,12:00:00,114.68,114.81,114.14,114.2,1811,115.91,114.46,BEARISH_20_BAR_BREAKOUT,0.4290718038528852,0.2626970227670728,0.3152364273204899
2006-01-25,16:00:00,114.78,116.0,114.73,115.75,1800,115.68,114.14,BULLISH_20_BAR_BREAKOUT,-0.03455723542117171,-0.12958963282937855,0.4492440604751585
2006-01-26,16:00:00,115.85,116.3,115.74,116.27,1878,116.0,114.14,BULLISH_20_BAR_BREAKOUT,0.12040939193257123,-0.017201341704649542,0.7482583641524078
2006-01-26,20:00:00,116.28,116.56,116.16,116.41,1397,116.3,114.14,BULLISH_20_BAR_BREAKOUT,-0.10308392749762936,-0.060132291040282775,0.8848037110213909
2006-01-27,12:00:00,116.34,116.91,116.3,116.78,1746,116.6,114.38,BULLISH_20_BAR_BREAKOUT,0.3082719643774614,0.26545641376948304,0.7021750299708797
2006-01-27,16:00:00,116.79,117.2,116.29,117.14,2073,116.91,114.38,BULLISH_20_BAR_BREAKOUT,0.25610380740993444,0.17927266518695045,0.36708212395423645
2006-01-27,20:00:00,117.16,117.46,117.13,117.44,1781,117.2,114.38,BULLISH_20_BAR_BREAKOUT,-0.2980245231607581,0.25544959128065153,0.1702997275204384
2006-01-30,08:00:00,117.35,117.8,117.25,117.74,1413,117.46,114.58,BULLISH_20_BAR_BREAKOUT,-0.11890606420927516,-0.08493290300661994,-0.41617122473245705
2006-02-01,16:00:00,117.46,117.96,117.43,117.89,1706,117.84,116.17,BULLISH_20_BAR_BREAKOUT,0.11027228772584229,0.3392993468487622,0.3308168631775389
2006-02-01,20:00:00,117.91,118.15,117.84,118.02,1462,117.96,116.29,BULLISH_20_BAR_BREAKOUT,0.0,0.5253346890357605,0.4067107269954279
2006-02-02,04:00:00,118.04,118.36,118.0,118.29,1437,118.18,116.69,BULLISH_20_BAR_BREAKOUT,0.29588299940822915,-0.008453799983096724,0.11835319976329407
2006-02-02,08:00:00,118.29,118.67,118.22,118.64,1589,118.36,116.69,BULLISH_20_BAR_BREAKOUT,-0.03371544167229117,-0.11800404585300116,-0.07585974376264616
2006-02-03,16:00:00,118.56,119.42,118.37,118.96,2132,118.71,116.69,BULLISH_20_BAR_BREAKOUT,-0.08406186953597371,-0.3278412911903166,-0.025218560860782554
2006-02-07,12:00:00,118.25,118.26,117.61,117.95,1857,119.42,118.0,BEARISH_20_BAR_BREAKOUT,0.07630351844001984,0.10173802458668109,0.3984739296311987
2006-02-17,12:00:00,118.2,118.81,118.13,118.79,1870,118.29,116.74,BULLISH_20_BAR_BREAKOUT,-0.29463759575722576,-0.555602323427907,-0.48825658725482995
2006-02-23,04:00:00,118.41,118.44,117.62,117.75,1520,119.01,117.92,BEARISH_20_BAR_BREAKOUT,-0.3227176220806755,-0.6284501061571082,-0.883227176220812
2006-02-23,08:00:00,117.76,117.81,117.24,117.37,1907,119.01,117.62,BEARISH_20_BAR_BREAKOUT,-0.1959614893073221,-0.16188123029734833,-0.35784271960467046
2006-02-23,12:00:00,117.36,117.4,116.92,117.14,1995,119.01,117.24,BEARISH_20_BAR_BREAKOUT,-0.11097831654430208,-0.38415571111490765,-0.22195663308861627
2006-02-24,00:00:00,117.18,117.18,116.42,116.69,1323,119.01,116.77,BEARISH_20_BAR_BREAKOUT,0.01713942925700233,0.1628245779415526,-0.3256491558831052
2006-02-27,00:00:00,117.06,117.18,116.21,116.31,912,119.01,116.42,BEARISH_20_BAR_BREAKOUT,-0.21494282520849456,-0.06018399105838482,-0.025793139025020322
2006-02-27,04:00:00,116.31,116.42,115.66,116.06,1768,118.92,116.21,BEARISH_20_BAR_BREAKOUT,0.017232465965876288,-0.0689298638635174,0.29295192141995813
2006-03-03,00:00:00,115.82,116.66,115.56,116.58,1607,116.51,115.45,BULLISH_20_BAR_BREAKOUT,-0.11151140847486314,-0.1200892091267804,-0.03431120260764457
2006-03-06,04:00:00,116.53,117.19,116.39,117.1,1401,116.82,115.45,BULLISH_20_BAR_BREAKOUT,-0.12809564474807128,0.31596925704526435,0.4696840307429645
2006-03-06,12:00:00,116.94,117.37,116.93,117.32,1578,117.19,115.56,BULLISH_20_BAR_BREAKOUT,0.12785543811797281,0.33242413910671714,0.4006137061029774
2006-03-06,16:00:00,117.32,117.6,117.26,117.47,1720,117.37,115.56,BULLISH_20_BAR_BREAKOUT,0.08512811781731022,0.15323061207117292,0.246871541670219
2006-03-07,08:00:00,117.66,118.08,117.51,117.77,1885,117.76,115.56,BULLISH_20_BAR_BREAKOUT,0.016982253545054116,0.15284028190541465,-0.06792901418018027
2006-03-10,04:00:00,118.35,118.71,118.22,118.64,1803,118.46,117.08,BULLISH_20_BAR_BREAKOUT,-0.37929871881321886,0.370869858395143,0.16857720836143195
2006-03-10,16:00:00,118.33,119.16,118.3,119.08,2119,118.73,117.08,BULLISH_20_BAR_BREAKOUT,-0.11756802149815299,-0.2015451797111143,-0.025193147463890776
2006-03-16,20:00:00,117.17,117.17,116.76,116.82,1794,119.21,116.93,BEARISH_20_BAR_BREAKOUT,-0.1883239171374755,-0.1626433829823641,-0.7704160246533055
2006-03-17,00:00:00,116.81,117.0,116.56,116.6,1500,119.21,116.76,BEARISH_20_BAR_BREAKOUT,0.09433962264150894,-0.43739279588335417,-0.3173241852487053
2006-03-17,12:00:00,116.68,116.68,116.07,116.09,1945,118.7,116.5,BEARISH_20_BAR_BREAKOUT,-0.18089413386166592,0.12059608924110653,-0.06029804462055939
2006-03-17,16:00:00,116.09,116.34,115.7,115.88,2114,118.66,116.07,BEARISH_20_BAR_BREAKOUT,0.03451846738005372,0.3192958232654509,0.3279254401104674
2006-03-23,16:00:00,117.06,117.78,116.84,117.59,1993,117.42,115.5,BULLISH_20_BAR_BREAKOUT,0.2636278595118652,0.30614848201377615,-0.07653712050344706
2006-03-23,20:00:00,117.59,117.98,117.56,117.9,1427,117.78,115.5,BULLISH_20_BAR_BREAKOUT,0.07633587786258626,0.15267175572518457,-0.3816793893129795
2006-03-24,00:00:00,117.9,118.09,117.78,117.99,1503,117.98,115.5,BULLISH_20_BAR_BREAKOUT,-0.03390117806593105,0.2203576574286,-0.37291295872531377
2006-03-24,12:00:00,118.11,118.36,118.07,118.25,1783,118.19,116.24,BULLISH_20_BAR_BREAKOUT,-0.6342494714587738,-0.5919661733615247,-1.4376321353065564
2006-04-03,04:00:00,118.14,118.66,117.92,118.62,1810,118.24,117.11,BULLISH_20_BAR_BREAKOUT,-0.059011970999837626,-0.649131680998154,-0.8514584387118572
2006-04-05,04:00:00,117.41,117.43,116.68,116.78,1808,118.83,117.14,BEARISH_20_BAR_BREAKOUT,0.31683507449906195,0.6079808186333223,0.5394759376605545
2006-04-07,16:00:00,117.69,118.36,117.53,118.29,2145,118.0,116.68,BULLISH_20_BAR_BREAKOUT,0.06763039986473775,-0.16907599966185038,0.27897539944204774
2006-04-07,20:00:00,118.27,118.42,118.19,118.37,1550,118.36,116.68,BULLISH_20_BAR_BREAKOUT,-0.19430598969333782,-0.05913660555884716,-0.025344259525218498
2006-04-10,12:00:00,118.29,118.53,118.25,118.5,1610,118.42,116.68,BULLISH_20_BAR_BREAKOUT,0.10126582278481397,0.03375527426160865,0.22784810126581942
2006-04-10,16:00:00,118.52,118.72,118.33,118.62,1649,118.53,116.68,BULLISH_20_BAR_BREAKOUT,-0.23604788399932652,-0.15174506828528647,-0.16017534985668327
2006-04-11,12:00:00,118.47,118.92,118.41,118.77,1773,118.72,117.26,BULLISH_20_BAR_BREAKOUT,-0.2862675759871931,-0.7325082091437151,-0.3620442872779259
2006-04-17,12:00:00,118.3,118.37,117.59,117.76,1549,118.86,117.81,BEARISH_20_BAR_BREAKOUT,0.0,0.09341032608695604,-0.1613451086956623
2006-04-18,20:00:00,117.64,117.73,117.06,117.14,1721,118.86,117.48,BEARISH_20_BAR_BREAKOUT,-0.2731773945706056,-0.09390472938364301,0.1365886972852967
2006-04-19,00:00:00,117.16,117.17,116.81,116.82,1800,118.86,117.06,BEARISH_20_BAR_BREAKOUT,0.128402670775557,0.5478513953090229,0.5735319294641343
2006-04-21,20:00:00,116.94,117.19,116.46,116.48,1705,118.21,116.75,BEARISH_20_BAR_BREAKOUT,-0.6267170329670364,-1.167582417582417,-1.6054258241758281
2006-04-24,00:00:00,115.69,115.99,115.42,115.75,1412,117.97,116.46,BEARISH_20_BAR_BREAKOUT,-0.03455723542117171,-0.578833693304537,-1.1922246220302337
2006-04-24,08:00:00,115.7,115.79,114.86,115.12,1916,117.97,115.42,BEARISH_20_BAR_BREAKOUT,-0.034746351633083955,-0.4430159833217556,-0.4690757470465655
2006-04-24,16:00:00,115.08,115.17,114.35,114.52,1932,117.97,114.85,BEARISH_20_BAR_BREAKOUT,0.07858889276982485,0.06112469437653457,0.3754802654558216
2006-04-27,16:00:00,114.85,115.02,113.82,113.94,2319,115.79,114.2,BEARISH_20_BAR_BREAKOUT,0.16675443215727376,0.3159557661927325,-0.13164823591363128
2006-04-28,16:00:00,114.3,114.4,113.65,113.79,2371,115.4,113.82,BEARISH_20_BAR_BREAKOUT,0.03515247385534057,-0.5448633447578912,-0.5975920555409147
2006-05-01,04:00:00,113.64,113.69,113.04,113.17,1585,115.4,113.55,BEARISH_20_BAR_BREAKOUT,0.07952637624812531,-0.05301758416541687,0.4859945215163004
2006-05-01,12:00:00,113.26,113.31,112.59,112.62,1461,115.4,113.01,BEARISH_20_BAR_BREAKOUT,0.4350914580003506,0.9944947611436603,0.7369916533475389
2006-05-05,16:00:00,113.35,113.45,112.24,112.44,2087,114.21,112.88,BEARISH_20_BAR_BREAKOUT,0.1422981145499792,-0.7292778370686528,-0.7025969405905301
2006-05-08,00:00:00,111.93,112.21,111.79,111.84,1115,114.21,112.24,BEARISH_20_BAR_BREAKOUT,-0.19670958512160125,-0.5096566523605216,-0.41130185979972095
2006-05-08,04:00:00,111.86,111.93,111.58,111.62,1653,114.21,111.79,BEARISH_20_BAR_BREAKOUT,-0.38523562085648344,0.026876903780685486,0.0
2006-05-08,08:00:00,111.63,111.86,111.02,111.19,2046,114.21,111.58,BEARISH_20_BAR_BREAKOUT,0.07194891626944716,0.3867254249482929,0.3957190394819658
2006-05-10,08:00:00,111.07,111.12,110.6,110.63,1843,114.04,110.87,BEARISH_20_BAR_BREAKOUT,-0.09039139473921569,-0.09039139473921569,0.6508180421223889
2006-05-10,12:00:00,110.61,110.72,110.3,110.53,1829,114.04,110.6,BEARISH_20_BAR_BREAKOUT,-0.01809463494073647,0.542839048222197,0.40712928616665417
2006-05-12,08:00:00,110.14,110.25,109.61,109.65,1969,111.96,109.91,BEARISH_20_BAR_BREAKOUT,-0.08207934336525619,0.383036935704503,0.6748746010031873
2006-05-12,12:00:00,109.64,110.11,109.31,109.56,2139,111.96,109.61,BEARISH_20_BAR_BREAKOUT,0.702811244979916,0.3103322380430845,0.4289886820007292
2006-05-17,08:00:00,109.53,109.67,109.01,109.13,1949,110.89,109.31,BEARISH_20_BAR_BREAKOUT,0.14661412993678258,1.7135526436360344,1.3561807019151506
2006-05-17,20:00:00,110.39,111.36,110.39,111.0,1708,110.89,108.97,BULLISH_20_BAR_BREAKOUT,-0.09909909909909859,-0.35135135135135187,-0.1621621621621683
2006-05-19,08:00:00,110.96,111.88,110.83,111.72,1938,111.36,108.97,BULLISH_20_BAR_BREAKOUT,-0.09846043680630095,-0.01790189760114216,0.7876834944504076
2006-05-22,08:00:00,112.05,112.96,112.01,112.6,2002,112.35,108.97,BULLISH_20_BAR_BREAKOUT,-0.07992895204261918,-0.9591474245115438,-1.0746003552397814
2006-06-01,12:00:00,112.76,113.4,112.72,113.22,1938,113.08,111.44,BULLISH_20_BAR_BREAKOUT,-0.6359300476947526,-0.5741035152799909,-1.1305423070128962
2006-06-08,08:00:00,113.61,114.05,113.59,113.79,1923,113.75,111.43,BULLISH_20_BAR_BREAKOUT,0.6063801740047435,0.38667721240882125,0.14939801388521617
2006-06-08,12:00:00,113.79,114.74,113.68,114.48,2069,114.05,111.43,BULLISH_20_BAR_BREAKOUT,-0.2445842068483588,-0.45422781271838764,-0.296995108315866
2006-06-13,16:00:00,114.63,115.31,114.48,115.15,2013,114.82,113.54,BULLISH_20_BAR_BREAKOUT,0.21710811984368214,-0.01736864958750346,-0.17368649587494817
2006-06-13,20:00:00,115.15,115.46,115.14,115.4,1492,115.31,113.54,BULLISH_20_BAR_BREAKOUT,-0.19064124783362119,-0.3986135181975805,-0.2859618717504441
2006-06-19,00:00:00,115.23,115.5,115.21,115.47,1004,115.46,114.46,BULLISH_20_BAR_BREAKOUT,0.1558846453624377,0.17320516151381557,0.08660258075690164
2006-06-19,04:00:00,115.47,115.79,115.45,115.65,1493,115.5,114.46,BULLISH_20_BAR_BREAKOUT,-0.008646779074799061,-0.3112840466926065,-0.16428880242110847
2006-06-22,16:00:00,115.69,116.29,115.64,116.25,1971,115.77,114.36,BULLISH_20_BAR_BREAKOUT,-0.1118279569892434,-0.22365591397849904,0.03440860215054301
2006-06-23,12:00:00,116.22,116.61,116.19,116.35,1804,116.31,114.36,BULLISH_20_BAR_BREAKOUT,-0.051568543188644664,0.034379028792441986,-0.0773528147829731
2006-06-29,20:00:00,116.19,116.27,114.84,115.19,1867,116.72,115.86,BEARISH_20_BAR_BREAKOUT,-0.07813178227276969,-0.38197760222241317,-0.6597794947478001
2006-06-30,12:00:00,114.74,114.77,114.17,114.38,1639,116.72,114.46,BEARISH_20_BAR_BREAKOUT,0.09617065920615443,0.03497114880224362,0.38468263682461773
2006-07-05,16:00:00,115.13,115.79,115.09,115.65,1941,115.25,114.09,BULLISH_20_BAR_BREAKOUT,0.06917423259835563,-0.051880674448769794,-0.4323389537397319
2006-07-07,12:00:00,114.83,114.92,113.82,114.21,2104,115.81,114.37,BEARISH_20_BAR_BREAKOUT,-0.2539182208212871,-0.21889501794939148,-0.17511601435950325
2006-07-10,04:00:00,113.95,113.99,113.58,113.65,1455,115.81,113.82,BEARISH_20_BAR_BREAKOUT,-0.07039155301364937,0.4311482622085304,0.42234931808182113
2006-07-10,08:00:00,113.65,113.76,113.44,113.57,1551,115.81,113.58,BEARISH_20_BAR_BREAKOUT,0.38742625693406,0.6163599542132631,0.6163599542132631
2006-07-12,12:00:00,114.66,115.52,114.61,115.36,1949,115.29,113.44,BULLISH_20_BAR_BREAKOUT,0.12135922330097136,0.026005547850209032,-0.0780166435506271
2006-07-14,16:00:00,116.03,116.42,115.99,116.34,1840,116.19,114.05,BULLISH_20_BAR_BREAKOUT,-0.1976964070826921,0.04297747980058205,0.7220216606498224
2006-07-17,08:00:00,116.38,116.91,116.32,116.89,1680,116.42,114.17,BULLISH_20_BAR_BREAKOUT,0.2224313457096459,0.2994268115322049,0.05133031054838077
2006-07-17,12:00:00,116.88,117.2,116.78,117.15,1961,116.91,114.17,BULLISH_20_BAR_BREAKOUT,0.025608194622280096,-0.06828851899275502,-0.09389671361502298
2006-07-18,16:00:00,117.05,117.61,116.82,117.54,2019,117.31,114.97,BULLISH_20_BAR_BREAKOUT,-0.16164709885997272,-0.12761613067892263,-0.6806193636209047
2006-07-19,12:00:00,117.49,117.89,117.47,117.87,1758,117.61,115.45,BULLISH_20_BAR_BREAKOUT,-0.9586832951556882,-0.8568762195639308,-0.797488758802068
2006-07-21,08:00:00,116.83,116.98,115.91,115.94,1813,117.89,116.54,BEARISH_20_BAR_BREAKOUT,-0.04312575470070481,0.10350181128170136,0.7072623770916056
2006-07-21,12:00:00,115.94,116.37,115.82,115.89,2013,117.89,115.91,BEARISH_20_BAR_BREAKOUT,0.3796703770817135,0.5608766934161754,0.6471654154801968
2006-07-25,16:00:00,116.64,117.42,116.6,117.28,1894,117.15,115.82,BULLISH_20_BAR_BREAKOUT,-0.034106412005462355,-0.17905866302865617,-0.4689631650750317
2006-07-27,08:00:00,116.27,116.31,115.69,115.76,1879,117.42,116.15,BEARISH_20_BAR_BREAKOUT,-0.10366275051831768,0.02591568762957942,-0.23324118866621477
2006-07-27,12:00:00,115.75,115.91,115.47,115.64,1867,117.42,115.69,BEARISH_20_BAR_BREAKOUT,-0.017295053614662763,0.26807333102732817,-0.5361466620546563
2006-07-28,12:00:00,115.48,115.84,114.82,115.02,1833,117.42,115.29,BEARISH_20_BAR_BREAKOUT,-0.24343592418709892,-0.23474178403755522,-0.6433663710658972
2006-07-28,16:00:00,115.03,115.09,114.61,114.74,1914,117.42,114.82,BEARISH_20_BAR_BREAKOUT,0.008715356458083596,-0.3137528324908484,-0.10458427749694121
2006-07-31,04:00:00,114.76,114.77,114.34,114.38,1315,117.38,114.61,BEARISH_20_BAR_BREAKOUT,-0.07868508480502641,0.2098268928134369,0.2972547648190273
2006-07-31,08:00:00,114.38,114.56,114.24,114.29,1571,117.27,114.34,BEARISH_20_BAR_BREAKOUT,-0.008749671887308703,0.3324875317175566,0.4112345787032976
2006-08-04,16:00:00,114.38,114.5,113.97,114.18,2111,115.57,114.2,BEARISH_20_BAR_BREAKOUT,0.2364687335785567,0.3065335435277582,0.6568575932737782
2006-08-09,00:00:00,115.31,115.76,115.24,115.6,1492,115.57,113.97,BULLISH_20_BAR_BREAKOUT,-0.017301038062280297,-0.5103806228373609,-0.19896193771625414
2006-08-11,08:00:00,115.46,116.01,115.43,115.88,1964,115.76,114.56,BULLISH_20_BAR_BREAKOUT,0.26751812219537646,0.4487400759406371,0.5609250949257902
2006-08-11,12:00:00,115.86,116.46,115.82,116.19,2013,116.01,114.56,BULLISH_20_BAR_BREAKOUT,0.0602461485497955,0.05163955589982122,0.3184439280488894
2006-08-14,08:00:00,116.29,116.68,116.25,116.53,1644,116.46,114.66,BULLISH_20_BAR_BREAKOUT,0.025744443490947514,0.1802111044366204,0.0
2006-08-14,20:00:00,116.57,116.77,116.54,116.74,1265,116.71,114.66,BULLISH_20_BAR_BREAKOUT,-0.1370567072126063,-0.17988692821654426,-0.5824910056535829
2006-08-17,08:00:00,115.68,115.72,115.18,115.31,1780,116.77,115.56,BEARISH_20_BAR_BREAKOUT,0.11273957158962401,0.5897146821611244,0.5463533084728084
2006-08-22,12:00:00,116.24,116.5,116.0,116.38,1907,116.36,115.18,BULLISH_20_BAR_BREAKOUT,0.2491837085409918,-0.017185083347650818,-0.12029558343358016
2006-08-22,16:00:00,116.4,116.71,116.35,116.67,1747,116.5,115.18,BULLISH_20_BAR_BREAKOUT,-0.1199965715265283,-0.22285077569212747,-0.20570840833118614
2006-08-25,08:00:00,116.71,117.29,116.53,117.21,1938,116.86,115.82,BULLISH_20_BAR_BREAKOUT,0.10238034297415284,0.017063390495700225,-0.2132923811961437
2006-08-25,12:00:00,117.21,117.43,117.11,117.33,1760,117.29,115.97,BULLISH_20_BAR_BREAKOUT,-0.025568908207620502,-0.0596607858177731,-0.22159720446604034
2006-08-31,04:00:00,117.22,117.46,117.14,117.41,1547,117.4,116.51,BULLISH_20_BAR_BREAKOUT,-0.17034324163189069,-0.02555148624478421,-0.14479175538710645
2006-09-04,04:00:00,116.87,116.88,116.35,116.46,1385,117.51,116.51,BEARISH_20_BAR_BREAKOUT,-0.15455950540957636,-0.33487892838742966,-0.5151983513652708
2006-09-04,08:00:00,116.46,116.6,116.12,116.28,1555,117.51,116.35,BEARISH_20_BAR_BREAKOUT,-0.19779841761266254,-0.16339869281045558,-0.5073959408324762
2006-09-04,12:00:00,116.28,116.33,115.96,116.05,1746,117.51,116.12,BEARISH_20_BAR_BREAKOUT,0.017233950883236555,-0.19819043515726323,-0.2154243860404998
2006-09-05,00:00:00,116.08,116.21,115.76,115.82,1288,117.51,115.88,BEARISH_20_BAR_BREAKOUT,0.03453634950786242,-0.017268174753925076,0.3539975824555438
2006-09-05,08:00:00,115.88,116.06,115.57,115.69,1810,117.51,115.75,BEARISH_20_BAR_BREAKOUT,0.0950816838101819,0.32846399861698977,0.648284207796698
2006-09-11,08:00:00,116.77,117.35,116.74,117.22,1831,117.09,115.95,BULLISH_20_BAR_BREAKOUT,0.08530967411704002,0.3924245009384132,0.2729909571745499
2006-09-11,16:00:00,117.32,117.8,117.28,117.56,1844,117.42,115.96,BULLISH_20_BAR_BREAKOUT,0.10207553589656733,-0.025518883974141832,0.3232391970057804
2006-09-12,16:00:00,117.56,118.0,117.53,117.94,1922,117.8,115.96,BULLISH_20_BAR_BREAKOUT,0.01695777513989827,0.02543666270985343,-0.3730710530778343
2006-09-19,12:00:00,117.75,117.83,117.07,117.18,1908,118.31,117.3,BEARISH_20_BAR_BREAKOUT,0.43522785458268554,0.22188086704214957,0.06827103601297003
2006-09-21,12:00:00,117.13,117.18,116.68,116.71,1838,118.31,116.95,BEARISH_20_BAR_BREAKOUT,-0.1542284294404872,-0.3084568588809866,-0.48839002656155706
2006-09-21,16:00:00,116.72,116.95,116.44,116.53,1972,118.31,116.68,BEARISH_20_BAR_BREAKOUT,-0.09439629280013681,-0.1115592551274311,-0.1115592551274311
2006-09-21,20:00:00,116.53,116.71,116.22,116.42,1684,118.31,116.44,BEARISH_20_BAR_BREAKOUT,-0.06012712592338721,-0.06012712592338721,0.13743343068201047
2006-09-22,12:00:00,116.35,116.49,116.07,116.14,1844,118.14,116.19,BEARISH_20_BAR_BREAKOUT,0.22386774582400992,0.39607370415015825,0.31858102290339635
2006-09-27,12:00:00,117.09,117.4,117.05,117.3,2655,117.26,116.07,BULLISH_20_BAR_BREAKOUT,0.18755328218243722,0.09377664109121861,0.3580562659846562
2006-09-27,16:00:00,117.29,117.64,117.28,117.52,2573,117.4,116.07,BULLISH_20_BAR_BREAKOUT,-0.034036759700469744,-0.017018379850234872,0.2808032675289298
2006-09-28,16:00:00,117.73,117.93,117.67,117.85,2364,117.83,116.12,BULLISH_20_BAR_BREAKOUT,-0.03394145099702337,-0.050912176495535054,0.13576580398812968
2006-09-29,08:00:00,117.78,118.11,117.76,118.06,2002,117.93,116.26,BULLISH_20_BAR_BREAKOUT,-0.008470269354569808,0.09317296290021974,0.10164323225478955
2006-10-02,00:00:00,118.09,118.23,117.87,118.21,1448,118.19,116.48,BULLISH_20_BAR_BREAKOUT,0.033838084764407625,-0.12689281786650153,-0.4568141443194248
2006-10-02,04:00:00,118.23,118.39,118.17,118.25,1752,118.23,116.89,BULLISH_20_BAR_BREAKOUT,-0.05919661733614645,-0.5750528541226273,-0.4820295983086623
2006-10-06,12:00:00,118.04,118.64,117.64,118.62,1598,118.28,117.38,BULLISH_20_BAR_BREAKOUT,0.19389647614229452,0.1770359129994889,0.4383746417130298
2006-10-06,16:00:00,118.63,119.08,118.54,118.85,1560,118.64,117.38,BULLISH_20_BAR_BREAKOUT,0.12620950778292445,0.3029028186790067,0.18510727808161453
2006-10-09,04:00:00,118.84,119.21,118.81,119.21,1299,119.08,117.45,BULLISH_20_BAR_BREAKOUT,-0.041942790034390706,-0.11743981209630112,-0.05871990604814461
2006-10-10,08:00:00,119.13,119.5,118.89,119.36,1564,119.33,117.45,BULLISH_20_BAR_BREAKOUT,0.2178284182305673,0.3016085790884714,0.11729222520107285
2006-10-10,12:00:00,119.37,119.68,119.33,119.62,1380,119.5,117.45,BULLISH_20_BAR_BREAKOUT,0.06687844841999523,0.050158836314999386,0.016719612104995837
2006-10-10,16:00:00,119.61,119.77,119.57,119.7,1053,119.68,117.45,BULLISH_20_BAR_BREAKOUT,0.016708437761066015,-0.05847953216374886,-0.19214703425230073
2006-10-16,12:00:00,119.31,119.41,119.04,119.05,1190,119.87,119.06,BEARISH_20_BAR_BREAKOUT,0.04199916001679727,-0.07559848803024227,-0.2855942881142406
2006-10-17,00:00:00,119.04,119.12,118.92,118.96,967,119.87,119.0,BEARISH_20_BAR_BREAKOUT,0.09246805648957586,-0.21015467383994618,-0.2437794216543309
2006-10-17,08:00:00,119.06,119.12,118.68,118.73,1233,119.87,118.92,BEARISH_20_BAR_BREAKOUT,-0.01684494230608122,0.008422471153028641,-0.06737976922428897
2006-10-19,16:00:00,118.67,118.7,118.16,118.23,2331,119.71,118.32,BEARISH_20_BAR_BREAKOUT,-0.07612281146917314,0.07612281146916113,0.34678169669288383
2006-10-19,20:00:00,118.24,118.3,118.04,118.14,911,119.41,118.16,BEARISH_20_BAR_BREAKOUT,0.19468427289656676,0.050787201625192374,0.499407482647709
2006-10-23,12:00:00,119.05,119.35,119.03,119.35,1214,119.16,118.04,BULLISH_20_BAR_BREAKOUT,-0.06702974444909787,-0.033514872224542976,0.13405948889820765
2006-10-24,08:00:00,119.4,119.56,119.36,119.51,1696,119.45,118.04,BULLISH_20_BAR_BREAKOUT,0.0,-0.18408501380637507,-0.368170027612762
2006-10-26,20:00:00,118.6,118.66,118.26,118.37,958,119.64,118.53,BEARISH_20_BAR_BREAKOUT,0.19430598969332583,0.10982512460927214,-0.6673988341640671
2006-10-27,16:00:00,118.47,118.48,117.14,117.61,2743,119.64,118.26,BEARISH_20_BAR_BREAKOUT,-0.025508035031035742,-0.19556160190460334,-0.19556160190460334
2006-10-31,16:00:00,117.83,117.87,116.7,116.81,2327,118.91,117.14,BEARISH_20_BAR_BREAKOUT,0.1112918414519266,0.10273093057101665,0.16265730673743492
2006-11-03,16:00:00,117.14,118.18,117.11,118.05,2663,118.03,116.57,BULLISH_20_BAR_BREAKOUT,-0.05082592121982404,0.008470986869974686,0.2880135535789949
2006-11-06,08:00:00,118.08,118.28,118.01,118.2,967,118.18,116.57,BULLISH_20_BAR_BREAKOUT,0.14382402707275949,0.059221658206424,-0.35532994923858013
2006-11-06,12:00:00,118.21,118.39,118.18,118.37,1122,118.28,116.57,BULLISH_20_BAR_BREAKOUT,0.01689617301680833,-0.1267212976260925,-0.4055081524034839
2006-11-17,04:00:00,118.2,118.42,118.17,118.37,865,118.33,117.24,BULLISH_20_BAR_BREAKOUT,-0.1436174706429008,-0.5491256230463848,-0.4055081524034839
2006-11-22,12:00:00,117.49,117.58,116.94,117.02,1718,118.45,117.37,BEARISH_20_BAR_BREAKOUT,-0.341821910784474,-0.25636643308835855,-0.6750982737993437
2006-11-22,16:00:00,117.01,117.05,116.35,116.62,2407,118.45,116.94,BEARISH_20_BAR_BREAKOUT,0.07717372663350128,-0.017149717029677786,-0.351569199108224
2006-11-23,12:00:00,116.49,116.5,116.21,116.23,1543,118.24,116.35,BEARISH_20_BAR_BREAKOUT,-0.017207261464346753,0.1290544609825273,-0.44738879807279547
2006-11-24,08:00:00,116.33,116.39,115.64,115.9,1451,118.24,116.02,BEARISH_20_BAR_BREAKOUT,-0.1639344262295185,-0.017256255392588637,0.3537532355478832
2006-11-30,16:00:00,116.19,116.21,115.5,115.55,2030,116.54,115.58,BEARISH_20_BAR_BREAKOUT,0.15577672003462295,0.1644309822587605,-0.19039376893119764
2006-12-01,16:00:00,116.07,116.16,114.96,115.33,2847,116.54,115.48,BEARISH_20_BAR_BREAKOUT,0.07803693748374527,0.3208185207665001,0.03468308332611311
2006-12-05,08:00:00,115.39,115.42,114.65,114.75,1821,116.54,114.96,BEARISH_20_BAR_BREAKOUT,-0.15686274509804515,0.06100217864923153,0.07843137254902258
2006-12-05,12:00:00,114.74,114.89,114.55,114.57,1497,116.54,114.65,BEARISH_20_BAR_BREAKOUT,0.3491315353059315,0.2531203630968022,0.34040324692327883
2006-12-08,12:00:00,115.39,115.67,115.3,115.57,1331,115.42,114.41,BULLISH_20_BAR_BREAKOUT,0.5537769317296882,0.726832222895218,1.3671368002076774
2006-12-08,16:00:00,115.56,116.49,114.88,116.21,3469,115.67,114.41,BULLISH_20_BAR_BREAKOUT,0.08605111436193832,0.40444023750108693,0.6884089148954577
2006-12-11,04:00:00,116.42,116.83,116.39,116.68,1346,116.49,114.51,BULLISH_20_BAR_BREAKOUT,0.0685635927322577,0.2828248200205676,0.0771340418237823
2006-12-11,12:00:00,116.75,117.16,116.73,117.15,1473,116.95,114.51,BULLISH_20_BAR_BREAKOUT,-0.11950490823730309,-0.29022620571916635,-0.22193768672642347
2006-12-13,16:00:00,117.09,117.46,117.08,117.41,2052,117.24,114.88,BULLISH_20_BAR_BREAKOUT,0.06813729665275385,0.1362745933055077,0.1618260795502919
2006-12-13,20:00:00,117.42,117.64,117.35,117.49,977,117.46,114.88,BULLISH_20_BAR_BREAKOUT,0.008511362669167688,-0.06809090135330521,0.26385224274406527
2006-12-15,00:00:00,117.81,118.11,117.64,118.02,1265,117.87,116.64,BULLISH_20_BAR_BREAKOUT,-0.12709710218606293,0.19488222335197763,-0.05083884087443
2006-12-15,12:00:00,117.97,118.26,117.97,118.25,1331,118.11,116.64,BULLISH_20_BAR_BREAKOUT,-0.3551797040169148,-0.2452431289640645,-0.38054968287526664
2006-12-20,16:00:00,118.07,118.43,118.03,118.38,1507,118.31,117.43,BULLISH_20_BAR_BREAKOUT,0.03378949146815868,0.016894745734085347,-0.10136847440445206
2006-12-22,16:00:00,118.44,118.91,118.29,118.89,1688,118.5,117.81,BULLISH_20_BAR_BREAKOUT,-0.03364454537808584,0.01682227268903694,0.03364454537808584
2006-12-26,20:00:00,118.94,119.23,118.92,119.13,1090,119.0,117.94,BULLISH_20_BAR_BREAKOUT,-0.09233610341643536,-0.38613279610509005,-0.3189792663476836
2007-01-03,12:00:00,118.95,119.45,118.94,119.34,1566,119.17,118.5,BULLISH_20_BAR_BREAKOUT,0.19272666331489002,-0.03351768057650934,-0.2262443438914113
2007-01-03,16:00:00,119.33,119.67,119.07,119.57,1996,119.45,118.5,BULLISH_20_BAR_BREAKOUT,-0.18399264029438728,-0.15890273479969702,-0.25089905494689063
2007-01-05,00:00:00,119.05,119.09,118.37,118.41,1247,119.67,118.5,BEARISH_20_BAR_BREAKOUT,-0.08445232666159473,-0.24491174731863194,-0.042226163330797366
2007-01-05,04:00:00,118.4,118.56,118.28,118.31,1162,119.67,118.37,BEARISH_20_BAR_BREAKOUT,-0.19440453047080042,0.38880906094158885,0.05071422534020985
2007-01-05,08:00:00,118.3,118.46,118.02,118.08,1740,119.67,118.28,BEARISH_20_BAR_BREAKOUT,0.03387533875339283,0.4488482384823858,0.2286585365853625
2007-01-11,08:00:00,119.73,120.32,119.73,120.25,1405,119.76,118.1,BULLISH_20_BAR_BREAKOUT,-0.016632016632013323,0.18295218295218202,0.11642411642411689
2007-01-11,16:00:00,120.24,120.62,120.15,120.46,2477,120.42,118.1,BULLISH_20_BAR_BREAKOUT,0.008301510874983493,0.04980906524987736,-0.06641208699983256
2007-01-17,00:00:00,120.61,120.85,120.58,120.82,1016,120.74,120.04,BULLISH_20_BAR_BREAKOUT,-0.09104452905148107,-0.20691938420791262,-0.19036583347127112
2007-01-18,08:00:00,120.81,121.43,120.73,121.4,1880,120.89,120.04,BULLISH_20_BAR_BREAKOUT,-0.11532125205930854,-0.17298187808896867,-0.2635914332784245
2007-01-22,12:00:00,121.4,121.72,121.37,121.68,1206,121.57,120.32,BULLISH_20_BAR_BREAKOUT,-0.11505588428665396,-0.0657462195923837,-0.41091387245233396
2007-01-24,08:00:00,121.56,121.68,120.63,120.79,2241,121.79,121.08,BEARISH_20_BAR_BREAKOUT,0.48845103071445417,0.23180726881363267,-0.14074012749399925
2007-01-25,04:00:00,120.94,120.96,120.34,120.36,1543,121.79,120.63,BEARISH_20_BAR_BREAKOUT,0.21601861083416843,0.4901960784313754,0.9139248919906898
2007-01-29,08:00:00,121.78,122.17,121.7,121.87,1375,121.8,120.17,BULLISH_20_BAR_BREAKOUT,0.12308197259374043,-0.07384918355625127,0.03282185935832612
2007-01-31,16:00:00,121.42,121.71,120.6,121.0,2570,122.17,121.15,BEARISH_20_BAR_BREAKOUT,-0.28099173553719287,-0.23140495867768687,-0.28925619834710276
2007-02-01,12:00:00,120.64,120.64,120.33,120.39,1959,122.17,120.43,BEARISH_20_BAR_BREAKOUT,0.2159647811280049,0.3488661848990794,0.4485422377273912
2007-02-08,08:00:00,120.81,121.24,120.73,121.2,1522,121.18,119.94,BULLISH_20_BAR_BREAKOUT,0.1320132013201292,-0.12376237623762845,0.1567656765676549
2007-02-08,12:00:00,121.19,121.41,121.01,121.36,1316,121.24,119.94,BULLISH_20_BAR_BREAKOUT,-0.14831905075806906,-0.1565589980224108,0.09063941990771213
2007-02-12,00:00:00,122.04,122.05,121.83,121.93,515,121.72,119.94,BULLISH_20_BAR_BREAKOUT,0.016402854096609548,-0.03280570819323075,-0.19683424915936118
2007-02-14,16:00:00,121.19,121.22,120.6,120.78,2030,122.05,120.84,BEARISH_20_BAR_BREAKOUT,-0.04967709885742861,-0.5381685709554609,-1.0846166583871522
2007-02-15,00:00:00,120.73,120.79,120.14,120.18,1340,122.05,120.6,BEARISH_20_BAR_BREAKOUT,-0.04160426027626175,-0.07488766849725695,-0.5741387918122915
2007-02-15,04:00:00,120.19,120.2,119.78,120.13,1418,122.05,120.14,BEARISH_20_BAR_BREAKOUT,-0.024972945975194488,-0.549404811454255,-0.5743777574294496
2007-02-15,16:00:00,120.1,120.17,119.36,119.47,2635,122.02,119.78,BEARISH_20_BAR_BREAKOUT,-0.2343684607014323,-0.025110906503725737,-0.2176278563656191
2007-02-15,20:00:00,119.48,119.56,119.18,119.19,1223,122.02,119.36,BEARISH_20_BAR_BREAKOUT,0.25169896803422864,0.2181391056296712,0.1761892776239684
2007-02-21,08:00:00,119.81,120.61,119.67,120.55,2342,120.52,118.96,BULLISH_20_BAR_BREAKOUT,0.19079220240564412,0.2488593944421378,0.5226047283285024
2007-02-21,12:00:00,120.54,120.95,120.53,120.78,1504,120.61,118.96,BULLISH_20_BAR_BREAKOUT,0.1655903295247581,0.19870839542970264,0.3974167908594171
2007-02-21,16:00:00,120.79,121.16,120.78,120.98,1727,120.95,118.96,BULLISH_20_BAR_BREAKOUT,-0.10745577781452278,0.02479748718796589,0.24797487187964715
2007-02-22,08:00:00,121.0,121.25,120.94,121.18,1481,121.16,119.25,BULLISH_20_BAR_BREAKOUT,0.06601749463607715,0.3135830995213694,0.1402871761016566
2007-02-22,12:00:00,121.17,121.36,121.14,121.26,1231,121.25,119.32,BULLISH_20_BAR_BREAKOUT,0.016493485073392728,0.13194788058716525,0.0577271977568804
2007-02-22,20:00:00,121.29,121.61,121.26,121.56,783,121.46,119.43,BULLISH_20_BAR_BREAKOUT,-0.11516946363935553,-0.17275419545903914,-0.4689042448173802
2007-02-27,08:00:00,120.42,120.45,119.39,119.55,2293,121.61,120.32,BEARISH_20_BAR_BREAKOUT,-0.22584692597239314,-1.321622751986615,-0.9535759096612301
2007-02-27,12:00:00,119.54,119.68,119.22,119.28,1684,121.61,119.39,BEARISH_20_BAR_BREAKOUT,-0.5197853789403123,-0.7461435278336691,-0.7042253521126789
2007-02-27,16:00:00,119.27,119.28,118.65,118.66,2527,121.61,119.22,BEARISH_20_BAR_BREAKOUT,-0.5814933423226005,-0.1769762346199172,-0.28653295128940115
2007-02-27,20:00:00,118.65,118.75,117.47,117.97,1855,121.61,118.65,BEARISH_20_BAR_BREAKOUT,0.3560227176400794,0.3729761803848417,0.36449944901246656
2007-03-05,00:00:00,116.65,116.65,115.44,115.78,2009,119.28,116.4,BEARISH_20_BAR_BREAKOUT,-0.09500777336327468,-0.19001554672654936,0.08637070305751798
2007-03-08,12:00:00,116.68,117.26,116.65,117.02,1921,116.89,115.13,BULLISH_20_BAR_BREAKOUT,0.2734575286275914,0.34182191078448615,0.34182191078448615
2007-03-08,16:00:00,117.03,117.48,116.95,117.34,2183,117.26,115.13,BULLISH_20_BAR_BREAKOUT,-0.26418953468553114,-0.059655701380609674,0.6903016874041267
2007-03-09,16:00:00,117.43,118.33,117.22,118.15,3139,117.67,115.54,BULLISH_20_BAR_BREAKOUT,0.12695725772322594,0.09310198899703717,-0.38933559035125515
2007-03-13,20:00:00,116.75,116.75,116.2,116.25,2096,118.49,116.48,BEARISH_20_BAR_BREAKOUT,-0.07741935483871261,-0.21505376344086022,0.7139784946236545
2007-03-14,00:00:00,116.26,116.34,115.87,116.16,1849,118.49,116.2,BEARISH_20_BAR_BREAKOUT,-0.04304407713498378,0.36157024793388576,0.8608815426997245
2007-03-20,00:00:00,117.51,117.83,117.31,117.81,1319,117.77,116.02,BULLISH_20_BAR_BREAKOUT,0.02546473134708525,-0.26313555725320625,-0.4583651642475225
2007-03-20,04:00:00,117.82,118.02,117.74,117.84,1457,117.83,116.13,BULLISH_20_BAR_BREAKOUT,0.05091649694501211,-0.44976238968092425,-0.46673455532925756
2007-03-22,16:00:00,117.8,118.29,117.61,118.1,2149,118.02,116.92,BULLISH_20_BAR_BREAKOUT,0.016934801016096724,0.11007620660458059,-0.07620660457238713
2007-03-28,16:00:00,117.28,117.3,116.38,116.83,3380,118.42,117.12,BEARISH_20_BAR_BREAKOUT,0.034237781391771166,0.36805614996148833,0.7960284173585611
2007-04-03,08:00:00,118.04,118.57,117.99,118.46,1895,118.39,116.66,BULLISH_20_BAR_BREAKOUT,0.17727502954584498,0.41364173560696366,0.31234171872362365
2007-04-03,12:00:00,118.45,118.82,118.45,118.67,1334,118.57,116.66,BULLISH_20_BAR_BREAKOUT,0.14325440296621025,0.14325440296621025,0.13482767337995835
2007-04-03,16:00:00,118.68,118.87,118.63,118.84,1225,118.82,117.05,BULLISH_20_BAR_BREAKOUT,0.09256142712891234,0.050488051161227086,-0.0673174015482988
2007-04-03,20:00:00,118.83,118.98,118.78,118.95,712,118.87,117.21,BULLISH_20_BAR_BREAKOUT,-0.09247583018074773,-0.10088272383354732,-0.19335855401429505
2007-04-06,12:00:00,118.78,119.32,118.75,119.24,782,119.08,117.71,BULLISH_20_BAR_BREAKOUT,0.05870513250587671,0.10063737001006756,-0.02515934250251689
2007-04-11,16:00:00,119.28,119.51,119.24,119.4,1188,119.38,118.72,BULLISH_20_BAR_BREAKOUT,-0.01675041876047758,0.041876046901170146,-0.3266331658291462
2007-04-13,08:00:00,118.82,118.86,118.21,118.36,1730,119.53,118.75,BEARISH_20_BAR_BREAKOUT,0.10983440351469706,0.7519432240621836,0.9631632308212238
2007-04-16,16:00:00,119.5,119.87,119.45,119.79,1362,119.66,118.21,BULLISH_20_BAR_BREAKOUT,-0.05008765339344041,-0.11687119125135702,-0.6511394941147016
2007-04-19,04:00:00,118.21,118.37,117.78,117.87,1745,119.87,118.1,BEARISH_20_BAR_BREAKOUT,-0.042419614829906985,0.398744379401034,0.6532620683804157
2007-04-26,12:00:00,119.0,119.49,119.0,119.32,2520,119.06,118.22,BULLISH_20_BAR_BREAKOUT,0.13409319477037446,0.3100905129064738,-0.1508548441166549
2007-04-27,00:00:00,119.55,119.73,119.43,119.69,1126,119.66,118.24,BULLISH_20_BAR_BREAKOUT,-0.2172278385829985,-0.4595204277717413,-0.08354916868576683
2007-04-27,16:00:00,119.13,119.75,119.03,119.75,1770,119.74,118.27,BULLISH_20_BAR_BREAKOUT,-0.12526096033403397,-0.18371607515657526,-0.31732776617953695
2007-05-01,16:00:00,119.43,119.85,119.06,119.8,1731,119.75,118.61,BULLISH_20_BAR_BREAKOUT,0.033388981636065324,0.1836393989983296,0.20033388981636818
2007-05-02,00:00:00,119.86,119.89,119.71,119.87,604,119.85,118.87,BULLISH_20_BAR_BREAKOUT,0.1251355635271473,0.13347793442896186,0.2669558688579237
2007-05-02,04:00:00,119.86,120.14,119.82,120.02,918,119.89,118.87,BULLISH_20_BAR_BREAKOUT,0.0666555574070974,0.01666388935178323,0.14997500416597803
2007-05-03,16:00:00,120.21,120.42,120.15,120.31,1171,120.27,119.06,BULLISH_20_BAR_BREAKOUT,0.0997423323082076,-0.008311861025687903,-0.13298977641093557
2007-05-03,20:00:00,120.33,120.45,120.32,120.43,596,120.42,119.06,BULLISH_20_BAR_BREAKOUT,-0.04982147305488854,-0.09133936726730353,-0.21589304990451305
2007-05-08,12:00:00,119.84,119.93,119.52,119.58,2530,120.45,119.69,BEARISH_20_BAR_BREAKOUT,0.250878073256395,0.15052684395384414,0.15888944639571645
2007-05-10,08:00:00,120.05,120.32,119.97,120.26,2003,120.23,119.52,BULLISH_20_BAR_BREAKOUT,0.1912522867121152,-0.3159820389156907,-0.3741892566106792
2007-05-10,12:00:00,120.27,120.52,120.25,120.49,1999,120.32,119.52,BULLISH_20_BAR_BREAKOUT,-0.3402772014275015,-0.5145655241098767,-0.680554402855003
2007-05-16,12:00:00,120.36,120.69,120.34,120.6,1456,120.59,119.47,BULLISH_20_BAR_BREAKOUT,0.10779436152571283,0.17412935323383744,0.5140961857379805
2007-05-16,16:00:00,120.61,120.8,120.56,120.73,1852,120.69,119.47,BULLISH_20_BAR_BREAKOUT,0.0662635633231163,0.05798061790772234,0.42243021618486776
2007-05-16,20:00:00,120.74,120.84,120.69,120.81,554,120.8,119.47,BULLISH_20_BAR_BREAKOUT,0.0,0.14899428855226604,0.40559556328118107
2007-05-17,08:00:00,120.79,121.0,120.77,120.99,1184,120.87,120.02,BULLISH_20_BAR_BREAKOUT,0.1900983552359732,0.25621952227457007,0.3223406893131669
2007-05-17,12:00:00,121.0,121.27,120.88,121.22,1720,121.0,120.1,BULLISH_20_BAR_BREAKOUT,0.016498927569704686,0.08249463784853515,-0.28873123246988475
2007-05-18,08:00:00,121.27,121.38,121.18,121.38,1361,121.36,120.1,BULLISH_20_BAR_BREAKOUT,-0.42016806722688327,-0.21420332839017214,-0.07414730598120711
2007-05-21,12:00:00,121.3,121.61,121.29,121.52,1504,121.39,120.18,BULLISH_20_BAR_BREAKOUT,0.016458196181706908,-0.0740618828176343,-0.08229098090848776
2007-05-23,00:00:00,121.55,121.71,121.5,121.66,626,121.62,120.68,BULLISH_20_BAR_BREAKOUT,0.008219628472797235,-0.19727108334702853,-0.0575373993095456
2007-05-23,08:00:00,121.66,121.87,121.62,121.79,1128,121.76,120.68,BULLISH_20_BAR_BREAKOUT,-0.3038016257492442,-0.10674111174974107,-0.28737991624928855
2007-05-25,00:00:00,121.42,121.49,121.06,121.15,1214,121.87,121.2,BEARISH_20_BAR_BREAKOUT,0.0,0.33842344201402935,0.45398266611638227
2007-06-01,12:00:00,121.93,122.09,121.85,122.06,1165,121.98,121.18,BULLISH_20_BAR_BREAKOUT,-0.008192692118634373,-0.03277076847452585,-0.3604784532197261
2007-06-05,12:00:00,121.73,121.78,121.18,121.24,1368,122.13,121.44,BEARISH_20_BAR_BREAKOUT,0.041240514681632603,0.18145826459914127,-0.08248102936324177
2007-06-13,04:00:00,121.66,122.29,121.61,122.22,1233,121.86,120.76,BULLISH_20_BAR_BREAKOUT,0.06545573555882694,0.1227295041728078,0.425462281132381
2007-06-13,08:00:00,122.21,122.31,122.11,122.3,1205,122.29,120.76,BULLISH_20_BAR_BREAKOUT,0.10629599345871601,0.33524121013899966,0.5151267375306703
2007-06-13,12:00:00,122.31,122.46,122.26,122.43,1528,122.31,120.76,BULLISH_20_BAR_BREAKOUT,-0.04900759617740935,0.19603038470962583,0.5227476925590021
2007-06-13,20:00:00,122.36,122.76,122.2,122.71,1672,122.46,121.11,BULLISH_20_BAR_BREAKOUT,-0.03259718034389377,0.17928449189146203,0.16298590171950358
2007-06-14,08:00:00,122.73,122.96,122.73,122.93,869,122.83,121.48,BULLISH_20_BAR_BREAKOUT,0.11388595135441826,-0.01626942162206966,0.4230049621735915
2007-06-14,12:00:00,122.94,123.12,122.88,123.07,1375,122.96,121.48,BULLISH_20_BAR_BREAKOUT,-0.032501828227831354,-0.032501828227831354,0.3250182822783828
2007-06-15,08:00:00,122.97,123.46,122.96,123.45,1221,123.12,121.48,BULLISH_20_BAR_BREAKOUT,0.016200891049004473,-0.016200891049004473,-0.048602673147024926
2007-06-15,12:00:00,123.44,123.52,123.34,123.47,1673,123.46,121.48,BULLISH_20_BAR_BREAKOUT,0.032396533570912975,0.0,0.04859480035636371
2007-06-22,00:00:00,123.73,123.89,123.68,123.89,575,123.75,123.09,BULLISH_20_BAR_BREAKOUT,0.008071676487210522,0.03228670594883062,-0.024215029461620095
2007-06-22,04:00:00,123.88,123.96,123.84,123.9,875,123.89,123.09,BULLISH_20_BAR_BREAKOUT,0.056497175141237435,0.03228410008070383,0.008071025020170222
2007-06-22,08:00:00,123.91,124.13,123.84,123.97,1894,123.96,123.09,BULLISH_20_BAR_BREAKOUT,-0.03226587077518113,-0.07259820924417473,-0.4194563200774349
2007-06-26,08:00:00,123.46,123.48,122.98,123.0,2167,124.13,123.3,BEARISH_20_BAR_BREAKOUT,-0.024390243902439948,0.20325203252032523,-0.3577235772357705
2007-06-26,12:00:00,123.01,123.26,122.8,122.97,2461,124.13,122.98,BEARISH_20_BAR_BREAKOUT,0.36594291290558906,0.008132064731239421,-0.601772790111405
2007-06-27,08:00:00,122.82,122.94,122.4,122.56,2889,124.13,122.8,BEARISH_20_BAR_BREAKOUT,-0.2692558746736279,0.2121409921670944,0.4650783289817177
2007-06-27,12:00:00,122.55,122.62,122.23,122.23,2084,124.13,122.4,BEARISH_20_BAR_BREAKOUT,0.22907633150617782,0.6381412091957793,0.6545038043033602
2007-07-02,16:00:00,122.55,122.62,122.08,122.17,1561,123.55,122.23,BEARISH_20_BAR_BREAKOUT,0.18826225751003026,0.19644757305393706,0.10640910207088111
2007-07-06,04:00:00,122.94,123.15,122.87,123.13,1007,123.01,122.12,BULLISH_20_BAR_BREAKOUT,0.04060748802080027,0.14618695687485325,0.38983188499959714
2007-07-06,08:00:00,123.14,123.29,123.08,123.18,1515,123.15,122.12,BULLISH_20_BAR_BREAKOUT,0.12989121610650803,0.12177301509984693,0.12989121610650803
2007-07-06,12:00:00,123.16,123.55,123.12,123.34,1632,123.29,122.12,BULLISH_20_BAR_BREAKOUT,-0.024323009567051353,0.1053997081238815,0.056753688989778804
2007-07-09,04:00:00,123.46,123.66,123.46,123.61,411,123.55,122.21,BULLISH_20_BAR_BREAKOUT,-0.21842892969824124,-0.2507887711350233,-0.234608850416638
2007-07-10,16:00:00,122.69,122.75,121.88,122.27,2626,123.66,122.34,BEARISH_20_BAR_BREAKOUT,-0.44982415964668127,-0.4825386439846153,-0.21264414819660662
2007-07-10,20:00:00,122.29,122.32,121.71,121.72,1366,123.66,121.88,BEARISH_20_BAR_BREAKOUT,0.016431153466970112,-0.16431153466973614,0.6243838317449927
2007-07-20,16:00:00,122.06,122.12,120.83,121.06,2804,122.41,121.57,BEARISH_20_BAR_BREAKOUT,0.1486866016851087,-0.05782256732199521,0.20650916900710392
2007-07-24,00:00:00,121.06,121.12,120.45,120.53,1587,122.4,120.77,BEARISH_20_BAR_BREAKOUT,-0.04148344810420406,0.13274703393345771,-0.5392848253546881
2007-07-24,20:00:00,120.78,120.78,120.01,120.22,1672,122.4,120.38,BEARISH_20_BAR_BREAKOUT,-0.282814839460991,0.008318083513562733,0.20795208783896188
2007-07-25,00:00:00,120.21,120.31,119.86,119.88,1752,122.4,120.01,BEARISH_20_BAR_BREAKOUT,0.29195862529196576,0.4254254254254297,0.6423089756423176
2007-07-26,12:00:00,120.5,120.51,119.56,119.71,3326,121.49,119.77,BEARISH_20_BAR_BREAKOUT,-0.5596859076100472,-0.6682816807284246,-0.6348675966919981
2007-07-26,16:00:00,119.7,119.7,118.83,119.04,5118,121.49,119.56,BEARISH_20_BAR_BREAKOUT,-0.319220430107535,-0.14280913978494766,-0.3024193548387092
2007-07-26,20:00:00,119.05,119.1,118.5,118.66,2649,121.49,118.83,BEARISH_20_BAR_BREAKOUT,0.21068599359514578,0.4635091859093184,-0.025282319231418455
2007-08-01,08:00:00,118.28,118.31,117.57,117.68,3885,119.47,117.97,BEARISH_20_BAR_BREAKOUT,0.7987763426240633,1.0537049626104646,0.9432358939496935
2007-08-06,00:00:00,117.19,117.68,117.15,117.45,930,119.41,117.57,BEARISH_20_BAR_BREAKOUT,0.12771392081736183,0.3831417624521097,1.0046828437632973
2007-08-08,16:00:00,119.25,119.8,119.18,119.7,2800,119.45,117.15,BULLISH_20_BAR_BREAKOUT,0.0,-0.08354218880535381,-0.9022556390977429
2007-08-10,12:00:00,118.04,118.21,117.2,117.6,3270,119.8,117.7,BEARISH_20_BAR_BREAKOUT,0.569727891156464,0.552721088435379,0.6462585034013649
2007-08-15,04:00:00,117.43,117.46,116.94,117.16,2160,118.74,117.2,BEARISH_20_BAR_BREAKOUT,-0.2816660976442457,0.13656538067599575,-1.0071696824854837
2007-08-15,08:00:00,117.15,117.24,116.6,116.83,3820,118.74,116.94,BEARISH_20_BAR_BREAKOUT,-0.10271334417530133,-0.21398613369853636,-0.7789095266626693
2007-08-15,20:00:00,117.31,117.58,116.56,116.58,3271,118.74,116.6,BEARISH_20_BAR_BREAKOUT,-0.06862240521530134,-0.5661348430262452,-2.324583976668377
2007-08-16,00:00:00,116.59,116.65,116.23,116.5,2113,118.74,116.56,BEARISH_20_BAR_BREAKOUT,-0.4463519313304687,-1.751072961373396,-2.4120171673819764
2007-08-16,04:00:00,116.51,116.72,115.68,115.98,3638,118.61,116.23,BEARISH_20_BAR_BREAKOUT,-0.0517330574236957,-3.3454043800655366,-3.2160717365062976
2007-08-16,12:00:00,115.91,115.92,113.58,114.46,7352,118.55,115.68,BEARISH_20_BAR_BREAKOUT,-2.0618556701030926,-0.6727240957539717,-0.26210029704700083
2007-08-16,16:00:00,114.47,114.73,111.99,112.1,6808,118.55,113.58,BEARISH_20_BAR_BREAKOUT,1.5789473684210618,0.13380909901873836,1.9625334522747573
2007-08-23,00:00:00,115.32,116.06,115.29,115.98,2215,115.49,113.24,BULLISH_20_BAR_BREAKOUT,-0.1465769960338004,0.34488704949128424,0.1896878772202094
2007-08-23,12:00:00,115.88,117.1,115.82,116.38,4250,116.06,113.97,BULLISH_20_BAR_BREAKOUT,-0.5842928338202378,-0.15466575012888178,-0.3007389585839443
2007-08-28,12:00:00,115.64,115.67,115.2,115.26,2936,117.1,115.32,BEARISH_20_BAR_BREAKOUT,-0.3904216553878213,-1.0237723407947308,-0.38174561860143325
2007-08-28,16:00:00,115.25,115.26,114.55,114.81,3728,117.1,115.2,BEARISH_20_BAR_BREAKOUT,-0.4877623900357131,-0.4006619632436268,0.46163226199808477
2007-08-28,20:00:00,114.8,114.9,114.2,114.25,2324,117.1,114.55,BEARISH_20_BAR_BREAKOUT,-0.1487964989059096,0.15754923413567337,1.6717724288840232
2007-08-29,00:00:00,114.24,114.35,113.86,114.08,2734,116.72,114.2,BEARISH_20_BAR_BREAKOUT,0.23667601683029105,0.6486676016830251,1.3499298737727965
2007-09-05,16:00:00,115.55,115.75,114.99,115.27,3620,116.59,115.32,BEARISH_20_BAR_BREAKOUT,-0.008675284115546893,0.10410340938666136,0.09542812527110213
2007-09-07,12:00:00,115.09,115.36,114.14,114.29,2053,116.46,114.8,BEARISH_20_BAR_BREAKOUT,-0.7787207979700765,-1.391197830081375,-0.42873392247791503
2007-09-07,16:00:00,114.28,114.3,113.11,113.4,4416,116.46,114.14,BEARISH_20_BAR_BREAKOUT,-0.026455026455027453,-0.13227513227513726,-0.008818342151679997
2007-09-10,00:00:00,112.86,113.02,112.58,112.7,1787,116.46,113.11,BEARISH_20_BAR_BREAKOUT,0.48802129547470907,0.9760425909494181,0.6743566992014116
2007-09-13,08:00:00,114.26,114.55,114.15,114.47,2576,114.42,112.58,BULLISH_20_BAR_BREAKOUT,0.5853061937625594,0.2533414868524559,0.4018520136280318
2007-09-13,12:00:00,114.48,115.2,114.44,115.14,2847,114.55,112.7,BULLISH_20_BAR_BREAKOUT,0.17370158068438668,-0.10422094841063449,-0.2431822129581389
2007-09-13,16:00:00,115.13,115.47,115.12,115.34,2064,115.2,113.03,BULLISH_20_BAR_BREAKOUT,-0.5028611062944324,-0.26877059129530284,-0.10404022888850749
2007-09-18,12:00:00,115.06,115.86,115.0,115.67,2587,115.47,114.1,BULLISH_20_BAR_BREAKOUT,0.07780755597821684,0.16426039595400513,0.3025849399152713
2007-09-18,20:00:00,115.75,116.36,115.26,116.06,3625,115.86,114.37,BULLISH_20_BAR_BREAKOUT,-0.17232465965879962,-0.21540582457349644,0.017232465965876288
2007-09-20,16:00:00,115.11,115.17,113.97,114.48,3867,116.36,114.65,BEARISH_20_BAR_BREAKOUT,0.20964360587001651,0.27952480782668865,0.9171907756813391
2007-10-01,12:00:00,115.44,115.93,115.35,115.9,2958,115.87,114.66,BULLISH_20_BAR_BREAKOUT,-0.11216566005177708,-0.1639344262295185,-0.008628127696294318
2007-10-03,08:00:00,115.75,116.2,115.73,116.1,2620,116.05,114.66,BULLISH_20_BAR_BREAKOUT,0.2153316106804479,0.542635658914737,0.3359173126614992
2007-10-03,12:00:00,116.11,116.45,116.04,116.35,2625,116.2,114.66,BULLISH_20_BAR_BREAKOUT,0.17189514396218553,0.3180060163300426,0.14611087236785708
2007-10-03,16:00:00,116.36,116.76,116.32,116.55,2710,116.45,114.66,BULLISH_20_BAR_BREAKOUT,0.1544401544401603,-0.06006006006005421,-0.04290004290004046
2007-10-05,12:00:00,116.6,117.26,116.36,117.06,2803,116.76,115.26,BULLISH_20_BAR_BREAKOUT,-0.10251153254741546,0.00854262771227653,0.34170510849136465
2007-10-08,08:00:00,117.11,117.37,117.04,117.34,1382,117.26,115.55,BULLISH_20_BAR_BREAKOUT,0.10226691665245469,0.05113345832623341,-0.059655701380609674
2007-10-08,12:00:00,117.33,117.49,117.28,117.46,1089,117.37,115.55,BULLISH_20_BAR_BREAKOUT,-0.07662182870763597,-0.13621658436914405,-0.22986548612293206
2007-10-11,12:00:00,117.29,117.76,117.26,117.68,1918,117.58,116.8,BULLISH_20_BAR_BREAKOUT,0.033990482664847076,-0.23793337865397785,-0.1104690686607832
2007-10-15,12:00:00,117.62,117.87,117.58,117.84,1414,117.8,116.94,BULLISH_20_BAR_BREAKOUT,-0.48370672097760303,-0.5261371350984424,-0.8655804480651819
2007-10-16,08:00:00,117.38,117.43,116.44,116.92,3059,117.93,117.0,BEARISH_20_BAR_BREAKOUT,-0.08552856654123206,-0.017105713308241552,-0.12829284981184202
2007-10-17,04:00:00,116.76,116.82,116.3,116.38,1634,117.93,116.44,BEARISH_20_BAR_BREAKOUT,0.3351091252792581,0.025777625021482335,0.06874033339061549
2007-10-18,08:00:00,116.47,116.62,115.95,116.12,2157,117.93,116.17,BEARISH_20_BAR_BREAKOUT,-0.6028246641405467,-0.4478126076472702,-0.8353427488804674
2007-10-18,12:00:00,116.13,116.23,115.26,115.42,2733,117.93,115.95,BEARISH_20_BAR_BREAKOUT,0.1906082134811981,-0.1819442037775151,-0.02599202911107359
2007-10-19,00:00:00,115.57,115.67,115.14,115.21,1074,117.93,115.26,BEARISH_20_BAR_BREAKOUT,-0.12151722940717002,0.1562364378092239,-1.5276451696901232
2007-10-19,04:00:00,115.2,115.25,114.97,115.07,1696,117.45,115.14,BEARISH_20_BAR_BREAKOUT,0.06952289910490354,0.052142174328671485,-0.8603458764230425
2007-10-19,20:00:00,115.12,115.14,114.5,114.5,1756,117.18,114.83,BEARISH_20_BAR_BREAKOUT,-0.917030567685587,-0.41048034934497724,-0.18340611353711245
2007-10-22,00:00:00,114.0,114.0,113.23,113.45,1590,117.18,114.5,BEARISH_20_BAR_BREAKOUT,0.5553107095636803,0.19391802556192056,0.8021154693697633
2007-10-31,08:00:00,114.71,115.16,114.52,115.06,1964,115.0,113.91,BULLISH_20_BAR_BREAKOUT,0.2520424126542604,0.31288023639840035,0.49539370763079543
2007-10-31,12:00:00,115.05,115.37,114.98,115.35,1824,115.16,113.97,BULLISH_20_BAR_BREAKOUT,-0.10403120936280047,0.1040312093628128,-0.03467706978759605
2007-11-01,08:00:00,115.3,115.71,115.26,115.63,1932,115.48,114.05,BULLISH_20_BAR_BREAKOUT,-0.2767447894145059,-0.838882642912738,-0.7264550722130841
2007-11-05,12:00:00,114.5,114.58,114.06,114.22,2215,115.91,114.25,BEARISH_20_BAR_BREAKOUT,0.2714060584836301,0.16634564874802812,0.44650674137629587
2007-11-07,08:00:00,114.11,114.15,113.67,113.87,2611,115.42,114.02,BEARISH_20_BAR_BREAKOUT,-0.834284710634937,-0.9747958197945019,-0.8430666549574145
2007-11-07,12:00:00,113.88,113.88,112.87,112.92,3567,115.42,113.67,BEARISH_20_BAR_BREAKOUT,0.30995394969889684,-0.2036840240878533,0.2391073326248636
2007-11-08,00:00:00,112.77,112.88,112.04,112.69,2670,115.35,112.74,BEARISH_20_BAR_BREAKOUT,0.05324341112787495,0.4436950927322744,0.09761292040109985
2007-11-09,12:00:00,112.53,112.54,110.93,111.21,5281,114.77,112.04,BEARISH_20_BAR_BREAKOUT,-0.2697599136768251,-0.611455804334136,-1.6365434763060813
2007-11-09,16:00:00,111.2,111.3,110.49,110.91,4874,114.77,110.93,BEARISH_20_BAR_BREAKOUT,-0.21639166892074196,-0.748354521684247,-1.1360562618339112
2007-11-12,04:00:00,110.52,110.66,109.84,110.08,2797,114.77,110.39,BEARISH_20_BAR_BREAKOUT,0.3179505813953566,-0.3906249999999933,0.13626453488372609
2007-11-12,12:00:00,110.44,110.72,109.14,109.39,4352,114.77,109.84,BEARISH_20_BAR_BREAKOUT,0.2376816893683199,0.557637809671816,0.749611481853911
2007-11-21,04:00:00,109.76,109.79,109.21,109.3,1272,111.32,109.5,BEARISH_20_BAR_BREAKOUT,-0.2012808783165589,-0.7044830741079562,-0.33851784080511466
2007-11-21,08:00:00,109.29,109.32,108.81,109.08,3618,111.32,109.21,BEARISH_20_BAR_BREAKOUT,-0.5042170883755016,-0.5683901723505725,-0.38503850385038657
2007-11-21,12:00:00,109.07,109.11,108.23,108.53,3850,111.32,108.81,BEARISH_20_BAR_BREAKOUT,0.0,-0.11056850640376352,0.1474246752050093
2007-11-23,04:00:00,108.57,108.57,107.55,107.71,2268,110.56,108.23,BEARISH_20_BAR_BREAKOUT,0.33423080493918805,0.4177885061739883,0.6870299879305627
2007-11-26,20:00:00,108.16,108.34,107.21,107.24,1974,109.15,107.55,BEARISH_20_BAR_BREAKOUT,0.08392390898918632,0.8765386049981462,1.4733308466989914
2007-11-27,20:00:00,108.62,108.86,108.41,108.82,2337,108.79,107.21,BULLISH_20_BAR_BREAKOUT,-0.2848741040249844,0.14703179562581403,1.1303069288733725
2007-11-28,12:00:00,108.99,110.08,108.79,109.87,3392,109.26,107.21,BULLISH_20_BAR_BREAKOUT,0.455083280240284,0.10011832165286196,0.2093383089105213
2007-11-28,16:00:00,109.86,110.39,109.53,110.37,3312,110.08,107.21,BULLISH_20_BAR_BREAKOUT,-0.2899338588384591,-0.43490078825768236,-0.3986590559028701
2007-11-30,12:00:00,110.1,110.85,110.04,110.7,2610,110.52,107.31,BULLISH_20_BAR_BREAKOUT,0.28003613369467234,0.12646793134598064,-0.28906955736224693
2007-11-30,16:00:00,110.71,111.21,110.59,111.01,3291,110.85,107.52,BULLISH_20_BAR_BREAKOUT,0.17115575173407593,-0.4323934780650428,-0.5314836501216137
2007-12-07,12:00:00,111.24,111.63,111.14,111.5,1491,111.44,109.55,BULLISH_20_BAR_BREAKOUT,0.18834080717488227,0.053811659192827155,0.21524663677129585
2007-12-07,16:00:00,111.51,111.78,111.49,111.71,2282,111.63,109.55,BULLISH_20_BAR_BREAKOUT,-0.03580700026854538,-0.16113150120847966,-0.09846925073851887
2007-12-11,00:00:00,111.65,111.93,111.64,111.89,598,111.86,110.25,BULLISH_20_BAR_BREAKOUT,-0.13406023773349332,0.06256144427562176,-0.8937349182232549
2007-12-11,08:00:00,111.73,112.13,111.71,111.99,1615,111.93,110.62,BULLISH_20_BAR_BREAKOUT,-0.026788106080901097,-1.2233235110277618,-0.6161264398606998
2007-12-11,20:00:00,111.75,111.83,110.5,110.62,2752,112.13,110.65,BEARISH_20_BAR_BREAKOUT,0.24407882842162,0.6147170493581564,1.383113361055868
2007-12-12,16:00:00,111.35,112.44,111.27,112.35,3800,112.13,110.5,BULLISH_20_BAR_BREAKOUT,-0.1780151312861492,-0.4272363150867733,-0.08010680907876208
2007-12-14,12:00:00,112.49,113.14,112.45,113.07,2385,112.63,110.5,BULLISH_20_BAR_BREAKOUT,0.24763420889714438,0.15919342000531247,0.2918546033430729
2007-12-14,16:00:00,113.06,113.42,112.7,113.35,3030,113.14,110.5,BULLISH_20_BAR_BREAKOUT,-0.06175562417290974,-0.28231142479046595,-0.13233348037052622
2007-12-21,16:00:00,113.46,114.01,113.44,113.94,2268,113.52,112.75,BULLISH_20_BAR_BREAKOUT,0.09654203967000126,0.10531858873091501,0.44760400210637624
2007-12-21,20:00:00,113.95,114.19,113.9,114.05,1253,114.01,112.75,BULLISH_20_BAR_BREAKOUT,0.0789127575624756,0.03507233669443775,0.35072336694432765
2007-12-24,16:00:00,114.18,114.47,114.06,114.45,871,114.21,112.75,BULLISH_20_BAR_BREAKOUT,0.0,-0.27086063783311687,-0.0786369593709073
2007-12-27,12:00:00,114.21,114.7,114.16,114.52,877,114.48,112.82,BULLISH_20_BAR_BREAKOUT,-0.454069158225634,-0.47153335661892426,-1.309814879497031
2007-12-28,08:00:00,113.34,113.34,112.84,113.21,1203,114.7,113.27,BEARISH_20_BAR_BREAKOUT,-0.16782969702322917,-0.8214822012189671,-0.9893118982421962
2007-12-28,20:00:00,112.95,112.98,112.28,112.28,1072,114.7,112.66,BEARISH_20_BAR_BREAKOUT,-0.04453152832204948,-0.16921980762379563,-0.6323477021731457
2007-12-31,00:00:00,112.58,112.59,112.23,112.23,234,114.7,112.28,BEARISH_20_BAR_BREAKOUT,-0.1871157444533618,-0.1871157444533618,-0.6950013365410328
2007-12-31,04:00:00,112.2,112.2,111.75,112.02,602,114.7,112.23,BEARISH_20_BAR_BREAKOUT,0.06248884127834975,-0.09819675058025304,-2.0710587395107956
2008-01-02,12:00:00,111.56,111.75,111.34,111.45,1696,114.7,111.51,BEARISH_20_BAR_BREAKOUT,-1.570210856886496,-1.8034993270524946,-2.3956931359353986
2008-01-02,16:00:00,111.44,111.67,109.5,109.7,3599,114.7,111.34,BEARISH_20_BAR_BREAKOUT,-0.22789425706472194,0.0,-0.10938924339107067
2008-01-02,20:00:00,109.69,109.72,109.21,109.45,1939,114.7,109.5,BEARISH_20_BAR_BREAKOUT,-0.00913659205116959,0.027409776153495786,-0.20100502512562707
2008-01-03,12:00:00,109.49,109.49,108.24,108.78,3716,114.62,109.21,BEARISH_20_BAR_BREAKOUT,0.7354293068578757,0.43206471777900246,0.523993381136232
2008-01-09,20:00:00,109.4,109.92,109.24,109.83,2476,109.82,107.89,BULLISH_20_BAR_BREAKOUT,0.1456796867886703,-0.01820996084858055,-0.3368842756988114
2008-01-10,00:00:00,109.82,110.09,109.72,109.99,1292,109.92,107.89,BULLISH_20_BAR_BREAKOUT,-0.1909264478588906,-0.06364214928629255,-0.34548595326847487
2008-01-14,08:00:00,108.74,108.76,107.88,108.0,2170,110.09,108.62,BEARISH_20_BAR_BREAKOUT,-0.21296296296296666,0.157407407407409,-0.49074074074074175
2008-01-14,12:00:00,107.99,108.02,107.36,107.77,2727,110.09,107.88,BEARISH_20_BAR_BREAKOUT,0.36188178528347464,0.2412545235223208,-0.16702236243851962
2008-01-15,16:00:00,107.6,107.63,106.59,107.05,3692,109.97,107.32,BEARISH_20_BAR_BREAKOUT,-0.22419430172815966,-0.7286314806165355,0.20551144325081633
2008-01-16,04:00:00,106.65,106.83,106.11,106.27,1771,109.68,106.57,BEARISH_20_BAR_BREAKOUT,-0.10350992754305018,0.9409993413004611,0.6116495718453051
2008-01-23,16:00:00,105.66,105.8,104.97,105.4,5665,107.58,105.6,BEARISH_20_BAR_BREAKOUT,1.110056925996193,1.1195445920303535,1.2144212523719176
2008-01-25,08:00:00,107.18,107.89,107.15,107.69,3536,107.35,104.97,BULLISH_20_BAR_BREAKOUT,-0.12071687250440657,-0.9100195004178697,-1.0957377658092606
2008-02-05,08:00:00,106.8,107.32,106.76,107.26,2149,107.07,105.7,BULLISH_20_BAR_BREAKOUT,0.16781652060413257,-0.38224874137610554,-0.6805892224501249
2008-02-05,12:00:00,107.27,107.71,107.15,107.44,2645,107.32,105.7,BULLISH_20_BAR_BREAKOUT,-0.4653760238272524,-0.8283693224125098,-0.856291883842146
2008-02-07,12:00:00,106.58,106.61,106.04,106.1,2350,107.71,106.17,BEARISH_20_BAR_BREAKOUT,0.6597549481621139,1.1215834118756005,1.2441093308199882
2008-02-13,16:00:00,107.55,108.35,107.46,108.14,3556,107.71,106.33,BULLISH_20_BAR_BREAKOUT,0.12946180876641444,0.07397817643794923,-0.1664508969853956
2008-02-22,12:00:00,107.25,107.33,106.93,106.97,1929,108.36,107.14,BEARISH_20_BAR_BREAKOUT,0.0,0.3832850331868717,0.7665700663737566
2008-02-27,08:00:00,107.03,107.12,106.35,106.41,2193,108.21,106.71,BEARISH_20_BAR_BREAKOUT,-0.11277135607554772,-0.0751809040503696,0.10337374306925988
2008-02-27,12:00:00,106.4,106.56,106.21,106.29,2341,108.21,106.35,BEARISH_20_BAR_BREAKOUT,0.0658575595070027,-0.018816445573440806,0.0
2008-02-28,16:00:00,106.3,106.3,105.44,105.64,3529,108.21,105.94,BEARISH_20_BAR_BREAKOUT,-0.255585005679663,-0.747822794396068,-1.3820522529344885
2008-02-28,20:00:00,105.63,105.64,105.07,105.37,2040,108.21,105.44,BEARISH_20_BAR_BREAKOUT,-0.6453449748505331,-0.8826041567808739,-1.5754009680174725
2008-02-29,00:00:00,105.35,105.4,104.59,104.69,1988,108.21,105.07,BEARISH_20_BAR_BREAKOUT,0.15283217117202846,-0.5540166204986133,-1.604737797306326
2008-02-29,08:00:00,104.84,104.88,104.2,104.44,2582,108.13,104.56,BEARISH_20_BAR_BREAKOUT,-0.3159708923783974,-0.6989659134431291,-1.4266564534661
2008-02-29,12:00:00,104.43,104.55,104.02,104.11,3107,108.07,104.2,BEARISH_20_BAR_BREAKOUT,0.06723657669773066,-1.0565747766785076,-0.9893381999807906
2008-02-29,20:00:00,104.19,104.35,103.67,103.71,2092,108.07,103.81,BEARISH_20_BAR_BREAKOUT,-0.6749590203451824,-0.732812650660487,-0.4821135859608524
2008-03-03,00:00:00,103.28,103.32,102.93,103.01,1000,107.94,103.67,BEARISH_20_BAR_BREAKOUT,0.271818270070868,0.0679545675177101,0.29123386079021174
2008-03-06,20:00:00,103.1,103.11,102.54,102.57,1850,104.17,102.64,BEARISH_20_BAR_BREAKOUT,0.2534854245880912,-0.5264697279906327,0.08774495466511009
2008-03-07,08:00:00,102.82,102.82,102.03,102.03,2673,104.17,102.44,BEARISH_20_BAR_BREAKOUT,0.19602077820249225,0.6174654513378374,-0.029403116730374535
2008-03-13,04:00:00,101.67,101.68,100.16,100.21,3995,103.59,101.08,BEARISH_20_BAR_BREAKOUT,-0.1397066161061776,0.4091408043109578,-0.0898113960682459
2008-03-13,08:00:00,100.22,100.52,99.75,100.07,4718,103.59,100.16,BEARISH_20_BAR_BREAKOUT,0.589587288897775,0.5596082742080567,0.5596082742080567
2008-03-14,20:00:00,100.06,100.14,98.89,99.02,3598,103.59,99.55,BEARISH_20_BAR_BREAKOUT,-1.81781458291254,-1.9491011916784415,-1.706725913956774
2008-03-17,00:00:00,98.75,99.11,96.58,97.22,3979,103.59,98.89,BEARISH_20_BAR_BREAKOUT,-0.15428924089694065,-0.3394363299732548,-0.16457519029006026
2008-03-24,16:00:00,99.75,100.79,99.7,100.76,3218,100.2,97.67,BULLISH_20_BAR_BREAKOUT,-0.019849146486711225,-0.37713378324732993,-0.585549821357685
2008-03-26,12:00:00,100.02,100.09,98.87,99.13,5126,101.03,99.28,BEARISH_20_BAR_BREAKOUT,0.1513164531423441,-0.3127206698275016,0.8574599011399259
2008-03-27,00:00:00,99.2,99.21,98.75,98.82,1777,101.03,98.87,BEARISH_20_BAR_BREAKOUT,0.09107468123861913,1.173851447075502,0.6172839506172978
2008-04-01,12:00:00,100.17,100.78,100.08,100.72,3965,100.38,98.55,BULLISH_20_BAR_BREAKOUT,1.0027799841143816,1.1517077045273993,1.6977760127085066
2008-04-01,16:00:00,100.73,101.94,100.71,101.73,4805,100.78,98.81,BULLISH_20_BAR_BREAKOUT,0.1081293620367634,0.16710901405681874,0.806055244274052
2008-04-02,12:00:00,101.86,102.53,101.77,102.43,3966,102.33,98.81,BULLISH_20_BAR_BREAKOUT,0.11715317777993785,-0.07810211851997706,-0.10739041296496499
2008-04-02,16:00:00,102.44,102.83,102.05,102.55,4940,102.53,98.81,BULLISH_20_BAR_BREAKOUT,-0.2145294978059472,0.12676743052170616,-0.15602145294977726
2008-04-10,00:00:00,101.79,101.88,101.21,101.27,1798,102.85,101.45,BEARISH_20_BAR_BREAKOUT,-0.2962377801915643,-0.7504690431519611,0.6615977090945016
2008-04-10,04:00:00,101.28,101.37,100.86,100.97,2644,102.85,101.21,BEARISH_20_BAR_BREAKOUT,-0.35654154699415613,0.7923145488759008,1.089432504704362
2008-04-10,08:00:00,100.98,101.23,100.48,100.61,4261,102.85,100.86,BEARISH_20_BAR_BREAKOUT,-0.09939369843951329,1.3219361892456003,1.1132094225226166
2008-04-17,00:00:00,101.83,101.98,101.75,101.94,1211,101.93,100.3,BULLISH_20_BAR_BREAKOUT,-0.029429075927017007,0.3139101432215101,0.5885815185403263
2008-04-17,12:00:00,101.91,102.72,101.83,102.26,5548,102.17,100.3,BULLISH_20_BAR_BREAKOUT,0.10756894191277082,0.2738118521416009,1.9557989438685703
2008-04-18,12:00:00,102.35,104.43,102.32,104.26,6738,102.72,100.79,BULLISH_20_BAR_BREAKOUT,0.028774218300403928,-0.2877421830040393,-0.8824093612123554
2008-04-24,16:00:00,103.96,104.47,103.75,104.4,5873,104.06,102.67,BULLISH_20_BAR_BREAKOUT,-0.13409961685823807,-0.2586206896551822,-0.05747126436781827
2008-05-02,12:00:00,104.77,105.7,104.59,105.4,5006,105.03,103.2,BULLISH_20_BAR_BREAKOUT,-0.18026565464896768,0.02846299810246787,-0.23719165085388993
2008-05-08,08:00:00,104.32,104.54,103.67,103.94,4543,105.62,104.02,BEARISH_20_BAR_BREAKOUT,0.03848374061959424,-0.20203963825283217,-0.8274004233211462
2008-05-09,08:00:00,103.49,103.62,102.91,103.08,4353,105.59,103.4,BEARISH_20_BAR_BREAKOUT,-0.08731082654249457,-0.21342646488164424,0.7372914241365979
2008-05-14,08:00:00,104.76,105.44,104.72,105.42,3314,104.91,102.58,BULLISH_20_BAR_BREAKOUT,-0.35097704420414017,-0.36046291026370275,-0.5027509011572767
2008-05-21,04:00:00,103.54,103.56,103.14,103.18,1890,105.09,103.45,BEARISH_20_BAR_BREAKOUT,0.2713704206241393,0.2132196162046897,-0.06784260515604515
2008-05-22,00:00:00,103.04,103.09,102.78,102.84,1237,105.03,102.96,BEARISH_20_BAR_BREAKOUT,0.26254375729287827,0.690392843251647,1.2154803578374174
2008-05-28,12:00:00,104.26,105.31,104.25,105.09,4154,104.34,103.06,BULLISH_20_BAR_BREAKOUT,-0.504329622228567,-0.23789133123988962,0.1522504519935261
2008-05-29,16:00:00,105.24,105.67,105.09,105.63,4345,105.39,103.26,BULLISH_20_BAR_BREAKOUT,-0.13253810470510327,-0.17987314209978011,-0.10413708226829446
2008-06-03,08:00:00,104.27,104.31,103.87,103.97,4446,105.87,104.02,BEARISH_20_BAR_BREAKOUT,0.4809079542175627,1.0676156583629888,0.7502164085793991
2008-06-05,08:00:00,105.56,106.18,105.46,105.93,3908,105.58,103.87,BULLISH_20_BAR_BREAKOUT,0.2171245161899271,-0.009440196356089036,0.14160294534125503
2008-06-10,00:00:00,106.29,106.83,106.23,106.71,1652,106.42,104.44,BULLISH_20_BAR_BREAKOUT,-0.01874238590572207,0.01874238590573539,0.674725892606141
2008-06-10,16:00:00,106.74,107.33,106.66,107.23,4728,107.14,104.44,BULLISH_20_BAR_BREAKOUT,0.1958407162174706,0.41965867760888076,-0.2797724517392494
2008-06-10,20:00:00,107.24,107.44,107.23,107.44,1889,107.33,104.44,BULLISH_20_BAR_BREAKOUT,-0.009307520476536584,0.13030528667163122,-0.44676098287416605
2008-06-11,04:00:00,107.42,107.71,107.33,107.68,1178,107.46,104.44,BULLISH_20_BAR_BREAKOUT,-0.09286775631501534,-0.6965081723625557,-0.3436106983655317
2008-06-12,12:00:00,107.49,108.01,107.43,107.83,3334,107.76,104.99,BULLISH_20_BAR_BREAKOUT,0.129833997959752,0.06491699897988258,0.2967634239080102
2008-06-13,08:00:00,107.81,108.13,107.73,108.1,3136,108.08,106.23,BULLISH_20_BAR_BREAKOUT,0.04625346901018628,0.08325624421831954,0.16651248843663907
2008-06-13,12:00:00,108.11,108.38,108.01,108.15,4899,108.13,106.42,BULLISH_20_BAR_BREAKOUT,-0.15718908922792574,0.1479426722145137,-0.07397133610727
2008-06-20,16:00:00,107.51,107.69,107.22,107.36,4055,108.42,107.37,BEARISH_20_BAR_BREAKOUT,-0.02794336810730359,0.037257824143075866,0.47503725782414785
2008-06-24,04:00:00,107.99,108.2,107.93,108.07,1697,108.06,107.12,BULLISH_20_BAR_BREAKOUT,-0.08327935597297048,-0.18506523549550166,-0.2405848061441574
2008-06-25,16:00:00,107.97,108.33,107.83,108.29,2678,108.2,107.12,BULLISH_20_BAR_BREAKOUT,-0.4432542247668335,-0.33244066857512183,-1.2558869701726838
2008-06-26,16:00:00,107.5,107.63,106.92,106.93,4026,108.41,107.28,BEARISH_20_BAR_BREAKOUT,-0.11222294959319606,0.1496305994575859,-0.617226222762565
2008-06-26,20:00:00,106.94,106.96,106.61,106.81,2036,108.41,106.92,BEARISH_20_BAR_BREAKOUT,0.05617451549480598,-0.5336578972006435,-0.627282089691978
2008-06-27,08:00:00,107.1,107.2,106.18,106.24,3965,108.41,106.61,BEARISH_20_BAR_BREAKOUT,0.09412650602410443,-0.09412650602409103,-1.007153614457825
2008-06-30,08:00:00,106.02,106.05,104.98,105.17,3334,108.41,105.86,BEARISH_20_BAR_BREAKOUT,0.5229628220975536,0.9888751545117354,0.484929162308648
2008-07-07,04:00:00,106.83,107.26,106.79,107.23,1515,106.93,105.6,BULLISH_20_BAR_BREAKOUT,0.24246945817401,-0.2704467033479495,-0.1492119742609445
2008-07-07,08:00:00,107.24,107.7,107.18,107.49,2751,107.26,105.78,BULLISH_20_BAR_BREAKOUT,0.05581914596706882,-0.2977021118243494,-1.0233510093962177
2008-07-11,12:00:00,107.18,107.21,106.02,106.17,3984,107.66,106.25,BEARISH_20_BAR_BREAKOUT,-0.03767542620326481,0.4050108316850265,0.2919845530752588
2008-07-15,08:00:00,105.89,105.93,105.04,105.35,3554,107.42,105.64,BEARISH_20_BAR_BREAKOUT,-0.6169909824394794,-0.6074988134788805,-1.2055054579971487
2008-07-15,12:00:00,105.34,105.36,104.53,104.7,4886,107.42,105.04,BEARISH_20_BAR_BREAKOUT,0.15281757402100915,0.11461318051575009,-0.420248328557782
2008-07-16,08:00:00,104.59,104.64,103.91,104.08,3372,107.29,104.16,BEARISH_20_BAR_BREAKOUT,0.1729438893159174,1.0088393543428105,1.133743274404311
2008-07-22,16:00:00,106.82,107.44,106.62,107.27,3037,107.15,104.84,BULLISH_20_BAR_BREAKOUT,0.046611354525959874,0.009322270905197275,0.4288244616388627
2008-07-23,08:00:00,107.27,107.85,107.2,107.79,3020,107.44,105.97,BULLISH_20_BAR_BREAKOUT,-0.009277298450695904,0.09277298450690631,-0.11132758140829811
2008-07-29,16:00:00,107.79,108.28,107.79,108.14,2626,108.07,106.57,BULLISH_20_BAR_BREAKOUT,-0.036989088218981184,-0.15720362493064705,0.0
2008-08-06,00:00:00,108.35,108.43,108.24,108.42,855,108.41,107.28,BULLISH_20_BAR_BREAKOUT,-0.06456373362848865,0.26747832503227453,0.8946688802803899
2008-08-06,12:00:00,108.4,108.74,108.33,108.71,2447,108.54,107.28,BULLISH_20_BAR_BREAKOUT,0.6623125747401464,0.625517431699022,0.4599392880139822
2008-08-06,16:00:00,108.72,109.64,108.71,109.43,3195,108.74,107.28,BULLISH_20_BAR_BREAKOUT,0.3289774284931001,0.1187974047336155,0.1370739285387841
2008-08-06,20:00:00,109.42,109.88,109.4,109.79,1507,109.64,107.28,BULLISH_20_BAR_BREAKOUT,-0.3643319063667052,-0.2823572274341946,-0.32789871573002954
2008-08-08,12:00:00,109.72,110.07,109.46,110.0,3606,109.96,107.67,BULLISH_20_BAR_BREAKOUT,0.21818181818181354,-0.05454545454545661,-0.23636363636364102
2008-08-08,16:00:00,109.98,110.36,109.83,110.24,2844,110.07,107.67,BULLISH_20_BAR_BREAKOUT,-0.054426705370090776,-0.15420899854862274,-0.054426705370090776
2008-08-13,00:00:00,109.26,109.38,108.81,108.81,1921,110.4,109.21,BEARISH_20_BAR_BREAKOUT,0.018380663541950205,-0.1929969671905229,0.5330392427166605
2008-08-15,08:00:00,110.22,110.66,110.11,110.56,3268,110.35,108.37,BULLISH_20_BAR_BREAKOUT,-0.09949348769898647,-0.045224312590446056,-0.29848046309695936
2008-08-21,08:00:00,109.58,109.6,108.63,108.68,3572,110.48,109.55,BEARISH_20_BAR_BREAKOUT,-0.3588516746411488,-0.23003312476996685,0.4600662495399337
2008-08-21,12:00:00,108.67,108.88,108.16,108.29,1971,110.37,108.63,BEARISH_20_BAR_BREAKOUT,0.13851694523962643,0.3232062055591415,1.4313417674762186
2008-08-25,00:00:00,110.03,110.27,109.8,110.27,613,110.26,108.13,BULLISH_20_BAR_BREAKOUT,-0.13602974517093633,-0.5622562800398934,-0.7889725219914666
2008-08-29,08:00:00,109.02,109.21,108.44,108.66,2723,109.92,108.7,BEARISH_20_BAR_BREAKOUT,-0.009203018590089183,0.11963924167127707,-0.7822565801582868
2008-09-01,08:00:00,108.53,108.58,107.62,107.81,3571,109.89,108.21,BEARISH_20_BAR_BREAKOUT,0.12058250626101052,0.306094054354882,0.677117150542625
2008-09-04,16:00:00,108.22,108.26,107.35,107.44,4210,109.18,107.62,BEARISH_20_BAR_BREAKOUT,-0.3536857781087076,-0.6887565152643289,-0.3257632166790714
2008-09-04,20:00:00,107.43,107.45,106.96,107.06,2761,109.18,107.35,BEARISH_20_BAR_BREAKOUT,-0.31757892770409435,-0.7379039790771589,0.6351578554081755
2008-09-05,00:00:00,107.07,107.22,105.72,106.72,5865,109.18,106.96,BEARISH_20_BAR_BREAKOUT,-0.018740629685153692,-0.6278110944527752,1.5461019490254926
2008-09-11,12:00:00,107.06,107.08,106.24,106.29,5243,109.07,106.62,BEARISH_20_BAR_BREAKOUT,0.4139618026154838,0.7808824912973923,0.7150249317903762
2008-09-15,08:00:00,105.89,106.05,104.52,104.64,6899,107.97,105.27,BEARISH_20_BAR_BREAKOUT,1.0416666666666698,0.028669724770643286,-0.8123088685015236
2008-09-16,00:00:00,104.66,104.82,104.03,104.35,3907,107.97,104.52,BEARISH_20_BAR_BREAKOUT,0.0958313368471572,-0.6804024916147521,1.839961667465263
2008-09-16,08:00:00,104.44,104.46,103.61,103.79,6308,107.97,104.03,BEARISH_20_BAR_BREAKOUT,-0.1445225936988204,1.7728104827054523,1.7150014452259241
2008-09-19,04:00:00,106.25,107.04,106.16,107.0,3618,106.71,103.54,BULLISH_20_BAR_BREAKOUT,0.49532710280373937,-0.028037383177571155,-0.40186915887851105
2008-09-19,08:00:00,106.99,107.74,106.64,107.53,5742,107.04,103.54,BULLISH_20_BAR_BREAKOUT,0.4184878638519509,-0.08369757277039283,-0.9857714126290359
2008-09-19,12:00:00,107.52,108.02,107.21,107.98,5840,107.74,103.54,BULLISH_20_BAR_BREAKOUT,-0.9353583997036535,-1.102055936284495,-1.2317095758473775
2008-09-29,20:00:00,105.15,105.28,104.01,104.17,6938,107.01,104.53,BEARISH_20_BAR_BREAKOUT,-0.2879907842948998,0.8543726600748782,1.8623404051070342
2008-09-30,00:00:00,104.16,104.43,103.49,103.87,3938,107.01,104.01,BEARISH_20_BAR_BREAKOUT,0.4909983633387801,1.2226821989024703,2.4838740733609304
2008-10-06,04:00:00,104.62,104.64,102.85,103.19,4861,106.53,104.23,BEARISH_20_BAR_BREAKOUT,0.213198953386955,-2.219207287527854,-0.3004167070452585
2008-10-06,16:00:00,103.27,103.41,100.22,100.9,12248,106.36,102.85,BEARISH_20_BAR_BREAKOUT,0.911793855302267,1.9623389494548955,1.0703666997026742
2008-10-08,08:00:00,100.79,101.48,99.61,100.01,13218,106.14,100.22,BEARISH_20_BAR_BREAKOUT,-0.18998100189982195,-0.8699130086991346,1.2998700129986973
2008-10-13,20:00:00,101.26,102.17,100.96,102.01,2453,101.48,97.91,BULLISH_20_BAR_BREAKOUT,0.745024997549251,0.4019213802568342,0.05881776296440355
2008-10-14,00:00:00,102.0,103.05,101.91,102.77,2570,102.17,97.91,BULLISH_20_BAR_BREAKOUT,-0.4281405079303277,0.019460932178661315,-1.4984917777561468
2008-10-22,04:00:00,100.41,100.43,99.53,99.64,3825,102.41,99.97,BEARISH_20_BAR_BREAKOUT,-0.5218787635487716,-1.0337213970293067,-2.35849056603773
2008-10-22,08:00:00,99.65,99.84,98.87,99.12,6224,102.41,99.53,BEARISH_20_BAR_BREAKOUT,-0.1412429378531079,-1.4830508474576258,-1.3619854721549722
2008-10-22,20:00:00,98.62,98.62,97.22,97.65,4225,102.41,98.32,BEARISH_20_BAR_BREAKOUT,-0.07168458781362765,0.12288786482333879,-0.30721966205838336
2008-10-24,08:00:00,95.95,95.98,92.79,93.08,9103,102.15,95.35,BEARISH_20_BAR_BREAKOUT,-0.46196819939835904,1.2999570262140179,-0.6338633433605537
2008-10-24,12:00:00,93.07,93.58,90.92,92.65,14445,101.89,92.79,BEARISH_20_BAR_BREAKOUT,1.7485159201295093,1.8024824608742445,0.4641122504047411
2008-11-04,16:00:00,99.59,100.48,99.18,100.47,9886,99.72,96.37,BULLISH_20_BAR_BREAKOUT,-0.6768189509306187,-1.0052752065293173,-1.5128894197272778
2008-11-07,00:00:00,97.71,97.86,96.95,97.05,2980,100.54,97.47,BEARISH_20_BAR_BREAKOUT,0.5358062854198825,0.3606388459557017,2.2050489438433805
2008-11-12,16:00:00,97.32,97.44,94.47,95.56,11632,99.48,96.91,BEARISH_20_BAR_BREAKOUT,-0.6697362913352873,0.03139388865634275,0.41858518208454526
2008-11-19,20:00:00,96.75,96.79,95.68,95.72,6830,97.75,95.95,BEARISH_20_BAR_BREAKOUT,0.07312996239031277,-0.4074383618888431,-1.671541997492681
2008-11-20,04:00:00,95.78,95.94,95.03,95.17,3464,97.75,95.56,BEARISH_20_BAR_BREAKOUT,0.1681202059472487,-0.18913523169066598,-0.5568981822002743
2008-11-20,20:00:00,94.98,96.24,93.73,94.12,9016,97.41,94.29,BEARISH_20_BAR_BREAKOUT,-0.11687207819804445,1.1687207819804444,1.9549511262218329
2008-12-01,12:00:00,94.68,94.68,93.55,93.93,2453,95.93,94.59,BEARISH_20_BAR_BREAKOUT,-0.24486319599702328,-0.2874480996486854,-0.7239433620781505
2008-12-01,20:00:00,93.71,93.73,93.05,93.16,2978,95.93,93.55,BEARISH_20_BAR_BREAKOUT,0.536711034778875,-0.332760841562905,0.15027908973808565
2008-12-02,08:00:00,93.52,93.52,92.64,92.85,2382,95.74,92.88,BEARISH_20_BAR_BREAKOUT,0.43080236941303796,0.48465266558966386,0.06462035541195722
2008-12-04,20:00:00,92.78,92.82,92.06,92.27,2441,94.68,92.44,BEARISH_20_BAR_BREAKOUT,0.2167551750298069,-0.1517286225208633,0.5960767313319575
2008-12-11,12:00:00,92.23,92.35,91.26,91.51,2009,93.89,91.93,BEARISH_20_BAR_BREAKOUT,0.49174953556987067,-0.021855534914228206,-1.4424653043383318
2008-12-12,04:00:00,91.5,91.85,88.6,89.32,2882,93.05,91.16,BEARISH_20_BAR_BREAKOUT,1.1307657859382056,2.1719659650694267,1.7689207344379898
2008-12-17,04:00:00,89.0,89.21,88.24,88.45,2120,92.01,88.6,BEARISH_20_BAR_BREAKOUT,0.09044657998869224,-0.7122668174109775,-0.8140192198982463
2008-12-17,16:00:00,88.43,88.57,87.13,87.82,3911,91.56,88.17,BEARISH_20_BAR_BREAKOUT,-0.4782509678888494,-0.10248235026188705,2.25461170576179
2008-12-23,16:00:00,89.98,90.67,89.96,90.59,3197,90.49,87.63,BULLISH_20_BAR_BREAKOUT,0.3090848879567294,-0.1545424439783647,0.09934871398609493
2008-12-23,20:00:00,90.58,90.92,90.47,90.87,2955,90.67,87.71,BULLISH_20_BAR_BREAKOUT,-0.2200946406955022,-0.649279190051726,-0.27511830086937383
2009-01-02,12:00:00,91.17,91.44,91.1,91.38,1361,90.96,89.77,BULLISH_20_BAR_BREAKOUT,-0.28452615451957863,0.7660319544758184,2.3637557452396702
2009-01-02,20:00:00,91.11,92.41,91.09,91.82,1996,91.44,89.77,BULLISH_20_BAR_BREAKOUT,0.28316270964931944,1.187105205837512,1.6118492703114835
2009-01-05,08:00:00,92.03,92.95,91.8,92.91,1539,92.41,89.77,BULLISH_20_BAR_BREAKOUT,0.6780755569906465,0.419761059089442,0.7426541814659323
2009-01-05,12:00:00,92.93,93.55,92.82,93.54,2176,92.95,89.98,BULLISH_20_BAR_BREAKOUT,-0.37417147744281426,-0.4169339320076978,0.7483429548855982
2009-01-06,08:00:00,93.06,93.82,92.94,93.6,1871,93.58,90.02,BULLISH_20_BAR_BREAKOUT,0.6837606837606843,0.2884615384615494,-0.5021367521367509
2009-01-06,12:00:00,93.59,94.26,93.58,94.24,2028,93.82,90.12,BULLISH_20_BAR_BREAKOUT,-0.0530560271646829,-0.36078098471985276,-1.114176570458401
2009-01-08,12:00:00,91.81,92.02,91.2,91.25,2252,94.61,91.55,BEARISH_20_BAR_BREAKOUT,-0.0986301369863051,0.010958904109594648,-0.49315068493150993
2009-01-08,16:00:00,91.24,91.37,90.84,91.16,3073,94.61,91.2,BEARISH_20_BAR_BREAKOUT,0.0,0.10969723562967149,-0.9982448442299218
2009-01-09,12:00:00,91.24,91.25,90.54,90.8,3544,94.61,90.84,BEARISH_20_BAR_BREAKOUT,-0.605726872246693,-0.8039647577092555,-0.9801762114537451
2009-01-09,16:00:00,90.81,91.65,90.15,90.25,6678,94.61,90.54,BEARISH_20_BAR_BREAKOUT,0.14404432132963485,-0.16620498614959078,-1.473684210526314
2009-01-12,00:00:00,90.04,90.25,89.95,90.07,1030,94.61,90.15,BEARISH_20_BAR_BREAKOUT,0.03330742755634633,-0.17763961363383657,-0.6772510269790157
2009-01-12,12:00:00,90.13,90.17,89.6,89.91,2830,94.13,89.95,BEARISH_20_BAR_BREAKOUT,-1.1011011011010954,-0.5005005005005037,-0.7563118674229703
2009-01-12,16:00:00,89.92,90.07,88.88,88.92,4178,94.05,89.6,BEARISH_20_BAR_BREAKOUT,0.16869095816463278,0.404858299595141,0.7984705353126336
2009-01-15,08:00:00,88.94,89.24,88.53,88.53,2628,90.25,88.6,BEARISH_20_BAR_BREAKOUT,0.8697616627132001,1.4345419631763199,2.100982717722805
2009-01-16,00:00:00,89.81,90.13,89.73,90.1,1623,90.07,88.47,BULLISH_20_BAR_BREAKOUT,0.3329633740288695,0.5327413984461754,0.987791342952276
2009-01-16,04:00:00,90.09,90.43,89.94,90.4,1694,90.13,88.47,BULLISH_20_BAR_BREAKOUT,-0.011061946902660526,-0.1106194690265581,0.5641592920353882
2009-01-16,12:00:00,90.4,90.72,90.27,90.58,3545,90.56,88.47,BULLISH_20_BAR_BREAKOUT,-0.30911901081916665,0.45263855155663124,-0.06623978803268081
2009-01-19,00:00:00,91.0,91.29,90.96,90.99,850,90.9,88.47,BULLISH_20_BAR_BREAKOUT,-0.08792174964281603,-0.5165402791515539,-0.6484229036157702
2009-01-21,16:00:00,89.9,90.15,87.12,87.81,7022,91.29,89.63,BEARISH_20_BAR_BREAKOUT,1.844892381277764,1.446304521125152,0.9452226397904547
2009-01-28,20:00:00,89.86,90.74,89.65,90.29,3716,90.06,87.98,BULLISH_20_BAR_BREAKOUT,0.12182965998449376,-0.1993576254291802,-0.4651677926680714
2009-02-05,16:00:00,89.66,91.23,89.55,91.0,4897,90.05,88.58,BULLISH_20_BAR_BREAKOUT,0.2417582417582405,-0.17582417582417206,1.043956043956047
2009-02-11,08:00:00,90.355,90.385,89.825,89.985,3029,92.396,90.11,BEARISH_20_BAR_BREAKOUT,0.0,0.4556314941379081,0.011112963271662073
2009-02-13,12:00:00,91.385,91.775,91.295,91.685,3177,91.66,89.695,BULLISH_20_BAR_BREAKOUT,0.15269673338059722,-0.01090690952719105,0.032720728581557654
2009-02-13,16:00:00,91.695,92.035,91.245,91.825,6641,91.775,89.695,BULLISH_20_BAR_BREAKOUT,0.02178056084943754,-0.1851347672202578,-0.03811598148651956
2009-02-17,04:00:00,91.846,92.74,91.8,92.435,5984,92.145,89.795,BULLISH_20_BAR_BREAKOUT,-0.3786444528587748,-0.2920971493481863,-0.20879536971925983
2009-02-18,16:00:00,92.655,93.945,92.605,93.805,6470,92.825,90.825,BULLISH_20_BAR_BREAKOUT,-0.021320825115942892,-0.36458610948245074,0.29849155162303387
2009-02-19,16:00:00,93.645,94.425,93.595,94.085,6079,93.945,91.525,BULLISH_20_BAR_BREAKOUT,0.23383111016635288,0.021257373651496235,-0.22320242334058965
2009-02-23,12:00:00,93.832,94.937,93.82,94.755,9088,94.455,92.08,BULLISH_20_BAR_BREAKOUT,-0.1371959263363363,-0.4400823175558035,1.1661653738589035
2009-02-24,04:00:00,94.34,95.209,94.313,94.958,6383,94.937,92.5,BULLISH_20_BAR_BREAKOUT,0.3959645316876985,1.721813854546226,2.3305040123001834
2009-02-24,08:00:00,94.959,95.496,94.952,95.334,8575,95.209,92.5,BULLISH_20_BAR_BREAKOUT,0.5517443933958464,1.536702540541678,1.689848322738991
2009-02-24,12:00:00,95.329,95.897,95.311,95.86,11714,95.496,92.5,BULLISH_20_BAR_BREAKOUT,0.7646567911537702,0.807427498435219,0.7980388065929487
2009-02-24,16:00:00,95.858,96.914,95.802,96.593,14543,95.897,92.5,BULLISH_20_BAR_BREAKOUT,0.21326597165426384,0.5983870466804043,0.7567836178605019
2009-02-25,04:00:00,96.633,97.284,96.36,97.171,6551,96.923,92.5,BULLISH_20_BAR_BREAKOUT,-0.23257967912238559,0.15745438453858826,0.6802441057517028
2009-02-25,16:00:00,96.638,97.466,96.513,97.324,9766,97.319,92.5,BULLISH_20_BAR_BREAKOUT,0.20138917430438324,0.5219678599317698,1.2514898688915412
2009-02-25,20:00:00,97.323,97.77,97.03,97.52,6426,97.466,92.5,BULLISH_20_BAR_BREAKOUT,0.055373256767844596,0.19483182936833238,0.8305988515176398
2009-02-26,04:00:00,97.575,97.96,97.572,97.832,3927,97.77,92.5,BULLISH_20_BAR_BREAKOUT,-0.12470357347289218,0.7257339111947093,-0.2442963447542625
2009-02-26,12:00:00,97.707,98.176,97.69,98.119,7142,97.96,92.759,BULLISH_20_BAR_BREAKOUT,0.4311091633628572,-0.4066490689876588,-0.8245090145639453
2009-02-26,16:00:00,98.118,98.638,97.7,98.542,9804,98.176,92.902,BULLISH_20_BAR_BREAKOUT,-0.21513669298370572,-0.9630411398185524,-0.8148809644618511
2009-03-04,08:00:00,98.45,99.355,98.33,99.212,7135,98.599,96.841,BULLISH_20_BAR_BREAKOUT,0.1491755029633473,-0.16832641212756683,0.1552231584888888
2009-03-04,12:00:00,99.214,99.469,99.125,99.36,5094,99.355,96.841,BULLISH_20_BAR_BREAKOUT,-0.03019323671497699,-0.08957326892109363,-0.08957326892109363
2009-03-06,12:00:00,97.281,97.421,96.564,97.026,7120,99.667,97.101,BEARISH_20_BAR_BREAKOUT,0.8760538412384398,1.2264753777338009,2.0128625316925395
2009-03-12,04:00:00,97.151,97.151,95.942,96.192,7370,99.18,97.021,BEARISH_20_BAR_BREAKOUT,-0.427270459081823,1.9793745841650143,1.6207168995342771
2009-03-12,08:00:00,96.197,96.511,95.761,95.781,8530,99.18,95.942,BEARISH_20_BAR_BREAKOUT,1.0440484020839205,2.009793174011544,2.8074461532036548
2009-03-17,12:00:00,98.446,98.957,98.436,98.866,6434,98.845,95.646,BULLISH_20_BAR_BREAKOUT,-0.27815426941517374,-0.15070904051949194,-0.5563085388303332
2009-03-18,20:00:00,97.971,98.316,95.666,96.216,13284,98.957,97.72,BEARISH_20_BAR_BREAKOUT,0.1610958676311644,-0.5976137025026904,-1.7720545439427935
2009-03-19,08:00:00,95.986,96.011,95.26,95.641,10172,98.957,95.661,BEARISH_20_BAR_BREAKOUT,-0.8071852029987198,-1.1815016572390602,-1.0978555222132886
2009-03-19,12:00:00,95.643,95.808,94.475,94.869,12255,98.957,95.26,BEARISH_20_BAR_BREAKOUT,-1.0045431068104471,-0.2593049362805501,0.7758066386280073
2009-03-19,16:00:00,94.864,94.991,93.533,93.916,13834,98.957,94.475,BEARISH_20_BAR_BREAKOUT,0.6335448698837247,0.6931726223433667,2.081647429617955
2009-03-24,08:00:00,97.848,98.553,97.804,98.208,8752,98.01,93.533,BULLISH_20_BAR_BREAKOUT,-0.004072987943960664,-0.3635141739980443,-0.532543173672202
2009-03-30,08:00:00,97.764,97.778,95.981,96.161,6617,98.856,96.986,BEARISH_20_BAR_BREAKOUT,0.7019477750855306,1.1127172138392833,2.1900770582668594
2009-03-31,16:00:00,98.438,99.351,98.201,99.331,8627,98.856,95.981,BULLISH_20_BAR_BREAKOUT,-0.3724919712879207,-0.7782061994744803,-0.8255227471786324
2009-04-03,20:00:00,99.917,100.361,99.91,100.293,4526,100.247,98.166,BULLISH_20_BAR_BREAKOUT,0.5105042226277012,1.0848214730838581,0.6859900491559612
2009-04-06,00:00:00,100.307,100.807,100.199,100.805,3814,100.361,98.201,BULLISH_20_BAR_BREAKOUT,0.013888199990075683,0.011904171420054802,-0.2599077426714949
2009-04-06,04:00:00,100.803,100.915,100.665,100.819,4941,100.807,98.225,BULLISH_20_BAR_BREAKOUT,0.5574346105396777,-0.10811454190183284,-0.19639155317946766
2009-04-06,08:00:00,100.821,101.391,100.716,101.381,7348,100.915,98.225,BULLISH_20_BAR_BREAKOUT,-0.556317258657941,-0.3945512472751361,-1.089947820597552
2009-04-14,12:00:00,99.697,99.955,99.161,99.324,7685,100.711,99.422,BEARISH_20_BAR_BREAKOUT,-0.36547058112842773,-0.5970359631106313,0.0422858523619685
2009-04-14,16:00:00,99.327,99.476,98.861,98.961,9072,100.711,99.161,BEARISH_20_BAR_BREAKOUT,0.00808399268398214,-0.6487404128899222,0.3627691716938942
2009-04-15,04:00:00,98.736,98.851,98.134,98.319,5972,100.711,98.671,BEARISH_20_BAR_BREAKOUT,0.7892675881569139,1.0181145048261175,0.6306003925995893
2009-04-20,16:00:00,98.427,98.62,97.856,97.945,7970,99.741,98.21,BEARISH_20_BAR_BREAKOUT,-0.0684057379141284,0.3614273316657445,0.679973454489776
2009-04-24,04:00:00,97.761,97.827,96.976,97.111,5497,98.904,97.542,BEARISH_20_BAR_BREAKOUT,-0.10915344296733506,-0.13386743005427776,-0.457208761108425
2009-04-28,04:00:00,96.52,96.595,95.961,96.032,5794,98.426,96.261,BEARISH_20_BAR_BREAKOUT,-0.08747084305231921,0.44360213262246123,0.8018160613129063
2009-04-28,08:00:00,96.027,96.205,95.614,95.948,8635,98.426,95.961,BEARISH_20_BAR_BREAKOUT,0.21053070413141745,0.5033976737399468,0.805644724225633
2009-04-29,20:00:00,96.925,97.961,96.921,97.645,7821,97.43,95.614,BULLISH_20_BAR_BREAKOUT,0.08602591018485656,0.088074146141634,0.9923703210609947
2009-04-30,12:00:00,97.729,98.513,97.564,98.411,7911,97.961,95.614,BULLISH_20_BAR_BREAKOUT,0.4775888874211205,0.5487191472497912,1.056792431740346
2009-04-30,16:00:00,98.416,98.981,98.127,98.881,9437,98.513,95.614,BULLISH_20_BAR_BREAKOUT,-0.2700215410442814,-0.11124482964371257,0.5208280660592031
2009-05-01,08:00:00,98.776,99.572,98.728,99.466,6152,99.151,95.614,BULLISH_20_BAR_BREAKOUT,-0.015080530030362705,-0.36997567007821264,-0.04021474674762436
2009-05-06,04:00:00,98.669,98.673,97.936,98.111,6255,99.572,98.515,BEARISH_20_BAR_BREAKOUT,0.3414499903170834,0.45356789758538096,0.38731640692684355
2009-05-11,12:00:00,98.005,98.049,97.58,97.694,8507,99.717,97.699,BEARISH_20_BAR_BREAKOUT,-0.28968002129097103,-0.2538538702479218,-0.5998321288922539
2009-05-11,16:00:00,97.693,97.696,97.245,97.411,7683,99.717,97.58,BEARISH_20_BAR_BREAKOUT,0.06159468643171949,-0.14372093500734062,-1.2934884150660655
2009-05-12,12:00:00,97.633,97.696,96.714,97.108,8240,99.717,97.115,BEARISH_20_BAR_BREAKOUT,-0.9855006796556492,-1.2944350619928378,-1.0472875561230899
2009-05-12,16:00:00,97.111,97.19,96.124,96.151,8641,99.717,96.714,BEARISH_20_BAR_BREAKOUT,0.2943287121298804,0.35673055922455676,-0.40457197533046546
2009-05-13,00:00:00,96.431,96.559,95.801,95.851,5511,99.607,96.102,BEARISH_20_BAR_BREAKOUT,0.6708328551606145,0.25038862401017714,-0.3933187968826568
2009-05-13,16:00:00,96.092,96.254,95.661,95.762,9140,99.607,95.771,BEARISH_20_BAR_BREAKOUT,-0.4918443641527993,-0.1890102545895004,-0.2224264321964807
2009-05-13,20:00:00,95.761,95.924,95.125,95.291,5796,99.607,95.661,BEARISH_20_BAR_BREAKOUT,0.19204331993578294,0.11963354356655331,0.5184120221217112
2009-05-21,00:00:00,94.87,94.96,94.34,94.4,2508,96.68,94.556,BEARISH_20_BAR_BREAKOUT,0.09533898305083602,0.3601694915254123,-0.2966101694915266
2009-05-27,04:00:00,95.12,95.46,95.12,95.42,7230,95.34,93.85,BULLISH_20_BAR_BREAKOUT,0.020959966464049486,-0.45063927897716083,1.0584783064347152
2009-05-28,00:00:00,95.32,95.92,95.22,95.82,6224,95.49,93.99,BULLISH_20_BAR_BREAKOUT,0.6366103109998056,1.3462742642454668,0.6679190148194538
2009-05-28,04:00:00,95.82,96.56,95.73,96.43,9799,95.92,94.36,BULLISH_20_BAR_BREAKOUT,0.35258736907600247,0.5496214870890666,0.09333195063775712
2009-05-28,08:00:00,96.42,97.03,96.29,96.77,15875,96.56,94.42,BULLISH_20_BAR_BREAKOUT,0.3513485584375358,0.06200268678309629,-0.4030174640901112
2009-05-28,12:00:00,96.77,97.16,96.73,97.11,13892,97.03,94.42,BULLISH_20_BAR_BREAKOUT,-0.1544640098857025,-0.6693440428380246,-1.5034496962207742
2009-06-01,08:00:00,95.18,95.35,94.46,94.48,14557,97.22,94.65,BEARISH_20_BAR_BREAKOUT,0.8996613039796721,2.222692633361552,2.0533446232006747
2009-06-05,12:00:00,96.68,97.99,96.63,97.8,14047,96.96,95.33,BULLISH_20_BAR_BREAKOUT,0.4192229038854771,0.817995910020447,0.5112474437627812
2009-06-05,16:00:00,97.8,98.31,97.45,98.21,22553,97.99,95.33,BULLISH_20_BAR_BREAKOUT,0.43783728744527733,0.12218714998473125,0.1934629874758293
2009-06-05,20:00:00,98.21,98.87,98.05,98.64,6656,98.31,95.33,BULLISH_20_BAR_BREAKOUT,-0.04055150040552134,-0.3345498783454971,-0.1723438767234405
2009-06-16,04:00:00,97.34,97.35,96.54,96.75,3378,98.57,97.29,BEARISH_20_BAR_BREAKOUT,-0.310077519379842,-0.3307493540051609,-0.12403100775194267
2009-06-16,08:00:00,96.76,96.76,96.08,96.45,4297,98.57,96.54,BEARISH_20_BAR_BREAKOUT,0.694660445826855,-0.06220839813375041,-0.1347848626231308
2009-06-17,16:00:00,96.1,96.14,95.54,95.55,2502,98.57,95.97,BEARISH_20_BAR_BREAKOUT,0.20931449502878371,0.18838304552590981,0.8477237048665645
2009-06-23,00:00:00,95.85,95.96,95.34,95.37,1508,97.19,95.52,BEARISH_20_BAR_BREAKOUT,-0.09436929852155122,0.4718464926077264,0.010485477613495758
2009-06-23,04:00:00,95.38,95.48,95.13,95.28,1934,97.19,95.34,BEARISH_20_BAR_BREAKOUT,-0.07346767422334947,-0.2833753148614568,0.3043660789252645
2009-06-25,08:00:00,96.29,96.54,96.14,96.331,3274,96.31,94.88,BULLISH_20_BAR_BREAKOUT,-0.21488409753870286,-0.3944732225348119,-0.43807289449917164
2009-07-01,04:00:00,96.43,96.967,96.407,96.844,8966,96.503,95.043,BULLISH_20_BAR_BREAKOUT,-0.044401305191846846,-0.4006443352195191,-0.23543017636610883
2009-07-06,04:00:00,95.73,95.75,95.25,95.43,1706,96.967,95.67,BEARISH_20_BAR_BREAKOUT,-0.22005658597926014,-0.28292989625904874,-0.1152677355129557
2009-07-06,08:00:00,95.44,95.55,95.11,95.22,3263,96.967,95.25,BEARISH_20_BAR_BREAKOUT,0.0420079815164947,0.1575299306868365,-0.06301197227473458
2009-07-08,00:00:00,94.87,94.89,94.5,94.57,1214,96.33,94.67,BEARISH_20_BAR_BREAKOUT,-0.2643544464417892,-0.3383736914454829,-1.7130168129427839
2009-07-08,04:00:00,94.56,94.68,94.17,94.32,2156,96.12,94.5,BEARISH_20_BAR_BREAKOUT,-0.10602205258693206,-2.131043256997446,-1.166242578456313
2009-07-08,16:00:00,94.24,94.36,91.81,92.31,6530,96.12,94.09,BEARISH_20_BAR_BREAKOUT,0.6283176253926966,0.9858086881161268,0.8341458130213367
2009-07-14,20:00:00,93.12,93.76,93.12,93.5,2675,93.38,91.74,BULLISH_20_BAR_BREAKOUT,0.10695187165774794,0.1176470588235288,0.7807486631016085
2009-07-15,16:00:00,93.44,94.34,93.43,94.32,3135,93.76,91.74,BULLISH_20_BAR_BREAKOUT,-0.09541984732823283,-0.4452926208651268,-0.7527565733672539
2009-07-20,04:00:00,94.46,94.69,94.41,94.65,2548,94.56,93.12,BULLISH_20_BAR_BREAKOUT,-0.20073956682515787,-0.31695721077655714,-0.8240887480190185
2009-07-23,16:00:00,94.45,95.05,94.42,94.94,2914,94.79,93.1,BULLISH_20_BAR_BREAKOUT,0.010532968190441453,-0.11586265009479611,-0.10532968190435466
2009-07-28,16:00:00,94.67,94.81,94.04,94.1,3155,95.38,94.16,BEARISH_20_BAR_BREAKOUT,0.4782146652497374,0.2763018065887408,1.1052072263549482
2009-07-30,12:00:00,95.06,95.68,94.99,95.66,1829,95.38,94.02,BULLISH_20_BAR_BREAKOUT,0.14635166213673487,-0.13589797198410566,-0.2508885636629677
2009-07-30,16:00:00,95.67,95.89,95.43,95.8,2003,95.68,94.02,BULLISH_20_BAR_BREAKOUT,-0.2505219206680531,-0.4592901878914381,-1.2212943632567868
2009-08-06,12:00:00,95.3,95.81,95.28,95.73,2564,95.53,94.37,BULLISH_20_BAR_BREAKOUT,-0.17758278491591112,-0.2715972004596313,0.7521153243497324
2009-08-07,12:00:00,95.14,96.84,95.09,96.45,2819,95.81,94.37,BULLISH_20_BAR_BREAKOUT,1.1612234318299537,0.7568688439606054,0.8087091757387258
2009-08-07,16:00:00,96.46,97.79,96.45,97.57,3579,96.84,94.37,BULLISH_20_BAR_BREAKOUT,0.0,-0.39971302654503066,-0.6251921697243
2009-08-14,12:00:00,95.16,95.21,94.6,94.83,2030,97.0,94.87,BEARISH_20_BAR_BREAKOUT,-0.05272593061267232,-0.25308446694083614,-0.24253928081831067
2009-08-19,12:00:00,94.3,94.41,93.75,93.98,2584,95.38,94.15,BEARISH_20_BAR_BREAKOUT,-0.11704618003830541,0.28729516918492876,0.0
2009-08-21,04:00:00,94.0,94.01,93.49,93.57,1661,95.29,93.68,BEARISH_20_BAR_BREAKOUT,0.21374372127819052,1.0259698621353084,1.2824623276691278
2009-08-27,04:00:00,93.94,93.97,93.59,93.74,1357,95.06,93.8,BEARISH_20_BAR_BREAKOUT,-0.06400682739490939,-0.13868145935565976,-0.0746746319607352
2009-08-31,00:00:00,93.51,93.52,92.68,92.89,1209,94.64,93.23,BEARISH_20_BAR_BREAKOUT,-0.18301216492625869,0.32296264398750907,0.1614813219937622
2009-09-02,12:00:00,92.68,92.73,92.23,92.37,8441,94.07,92.38,BEARISH_20_BAR_BREAKOUT,-0.27065064414853307,-0.2814766699144799,0.10826025765940707
2009-09-02,16:00:00,92.37,92.6,92.11,92.12,11014,94.07,92.23,BEARISH_20_BAR_BREAKOUT,0.07598784194528135,0.14112027789838846,0.44507164567954466
2009-09-09,16:00:00,92.27,92.3,91.61,91.93,1935,93.28,92.03,BEARISH_20_BAR_BREAKOUT,0.10877841836179082,0.0,-0.13053410203416135
2009-09-11,04:00:00,91.64,91.65,91.21,91.3,1286,93.08,91.45,BEARISH_20_BAR_BREAKOUT,-0.4381161007666939,-0.9090909090909073,-0.9748083242059151
2009-09-11,08:00:00,91.31,91.32,90.67,90.9,2252,93.08,91.21,BEARISH_20_BAR_BREAKOUT,0.022002200220017625,-0.22002200220022314,-0.24202420242024075
2009-09-11,16:00:00,90.91,90.95,90.21,90.47,2016,92.83,90.67,BEARISH_20_BAR_BREAKOUT,0.2542279208577473,-0.06632032718028327,0.43108212667182555
2009-09-16,08:00:00,91.09,91.09,90.13,90.16,2040,91.78,90.2,BEARISH_20_BAR_BREAKOUT,0.26619343389530736,0.8429458740017803,0.6211180124223628
2009-09-21,08:00:00,91.55,92.18,91.55,92.04,1517,91.61,90.12,BULLISH_20_BAR_BREAKOUT,0.3694046066927305,-0.11951325510647481,-0.6736201651455938
2009-09-21,12:00:00,92.05,92.52,92.05,92.38,1265,92.18,90.12,BULLISH_20_BAR_BREAKOUT,-0.4005195929854843,-0.5412426932236415,-1.2123836328209465
2009-09-23,00:00:00,91.08,91.17,90.48,90.91,1282,92.52,90.93,BEARISH_20_BAR_BREAKOUT,-0.21999780002200292,0.41799582004181024,0.3299967000329966
2009-09-24,08:00:00,90.79,90.89,90.35,90.4,1651,92.52,90.48,BEARISH_20_BAR_BREAKOUT,0.24336283185840582,0.9402654867256574,0.1327433628318477
2009-09-25,16:00:00,90.36,90.4,89.51,89.79,2411,91.76,89.96,BEARISH_20_BAR_BREAKOUT,-0.1781935627575574,-0.423209711549181,-0.4009355162044765
2009-09-28,00:00:00,89.64,89.64,88.24,88.75,2334,91.62,89.51,BEARISH_20_BAR_BREAKOUT,0.743661971830982,0.8112676056338015,1.5887323943661935
2009-10-02,12:00:00,89.36,89.43,88.94,89.16,1586,90.4,89.21,BEARISH_20_BAR_BREAKOUT,0.5607895917451773,0.7402422611036301,0.7851054284432514
2009-10-07,08:00:00,88.74,88.82,88.07,88.2,1913,89.97,88.6,BEARISH_20_BAR_BREAKOUT,1.0317460317460279,0.45351473922901525,0.03401360544217816
2009-10-09,16:00:00,89.19,89.86,89.18,89.76,2150,89.42,88.0,BULLISH_20_BAR_BREAKOUT,0.011140819964339244,0.46791443850267567,0.04456327985738864
2009-10-12,00:00:00,89.7,90.07,89.67,90.05,731,89.87,88.0,BULLISH_20_BAR_BREAKOUT,0.1443642420877398,-0.07773459189338498,-0.27762354247640203
2009-10-12,04:00:00,90.06,90.2,89.95,90.18,717,90.07,88.0,BULLISH_20_BAR_BREAKOUT,0.09980039920158483,-0.42137946329564163,-0.2883122643601742
2009-10-12,08:00:00,90.19,90.45,90.08,90.27,1092,90.2,88.0,BULLISH_20_BAR_BREAKOUT,-0.3212584468815687,-0.4985044865403821,-0.3212584468815687
2009-10-15,12:00:00,89.64,90.73,89.61,90.72,2117,90.45,88.83,BULLISH_20_BAR_BREAKOUT,-0.09920634920635298,0.011022927689599997,0.44091710758378055
2009-10-16,08:00:00,90.89,91.26,90.71,91.22,1583,90.97,88.83,BULLISH_20_BAR_BREAKOUT,-0.10962508221880544,-0.3727252795439634,-0.7125630344222821
2009-10-23,08:00:00,91.55,91.91,91.52,91.81,1260,91.7,90.07,BULLISH_20_BAR_BREAKOUT,-0.1198126565733574,0.2505173728352075,-0.06535235813092503
2009-10-23,20:00:00,91.87,92.12,91.82,92.04,878,92.03,90.15,BULLISH_20_BAR_BREAKOUT,-0.08691873098654118,-0.3150803998261693,0.1412429378531024
2009-10-28,04:00:00,91.54,91.54,91.08,91.14,1120,92.32,91.23,BEARISH_20_BAR_BREAKOUT,0.09874917709019465,-0.6034671933289414,-0.9655475093263063
2009-10-28,16:00:00,91.21,91.24,90.55,90.59,1876,92.32,90.93,BEARISH_20_BAR_BREAKOUT,0.1545424439783647,-0.3642786179489991,0.8830996798763628
2009-10-29,00:00:00,90.74,90.8,90.4,90.53,1050,92.32,90.55,BEARISH_20_BAR_BREAKOUT,-0.29824367612945546,0.7842704075996838,0.935601458080188
2009-10-29,04:00:00,90.52,90.64,90.24,90.26,1073,92.32,90.4,BEARISH_20_BAR_BREAKOUT,0.46532240194992436,1.251938843341453,0.9594504764015064
2009-10-30,20:00:00,90.329,90.386,89.919,90.081,9080,92.17,90.24,BEARISH_20_BAR_BREAKOUT,-0.05883593654599446,0.20870105793674848,0.27530777855484556
2009-11-06,16:00:00,90.674,90.73,89.61,89.857,15399,91.263,89.864,BEARISH_20_BAR_BREAKOUT,0.0044515174110029134,0.27599407948184856,0.0734500372814611
2009-11-11,00:00:00,89.845,89.859,89.468,89.504,6143,90.86,89.61,BEARISH_20_BAR_BREAKOUT,-0.1351894887379439,0.4100375402216552,0.3843403646764324
2009-11-11,04:00:00,89.505,89.655,89.318,89.383,6330,90.86,89.468,BEARISH_20_BAR_BREAKOUT,0.5157580300504554,0.5851224505778619,0.4654128861192968
2009-11-12,16:00:00,89.978,90.578,89.944,90.416,13081,90.256,89.288,BULLISH_20_BAR_BREAKOUT,-0.0055299946912000675,-0.221199787648207,-0.9555830826402297
2009-11-16,20:00:00,89.289,89.571,88.749,89.106,10068,90.602,89.239,BEARISH_20_BAR_BREAKOUT,0.001122258882684415,-0.3007653805579879,0.19976208111688493
2009-11-25,04:00:00,88.463,88.466,88.209,88.265,5050,89.18,88.348,BEARISH_20_BAR_BREAKOUT,-0.11895995015012065,-0.6899677108706674,-2.1220189202968385
2009-11-25,08:00:00,88.264,88.39,88.152,88.16,6902,89.18,88.209,BEARISH_20_BAR_BREAKOUT,-0.6284029038112546,-0.9369328493647839,-1.426950998185113
2009-11-25,12:00:00,88.159,88.185,87.548,87.606,9592,89.18,88.152,BEARISH_20_BAR_BREAKOUT,0.057073716412130875,-0.23742666027440862,-1.0490149076547235
2009-11-25,20:00:00,87.654,87.687,87.21,87.334,5288,89.18,87.385,BEARISH_20_BAR_BREAKOUT,0.07328188334439388,-0.49465271257471566,-0.8427416584606271
2009-11-26,04:00:00,87.403,87.484,86.31,86.392,7440,89.18,87.21,BEARISH_20_BAR_BREAKOUT,0.5903324381887272,0.08449856468192368,-0.037040466709876464
2009-11-27,00:00:00,86.602,86.609,84.819,86.16,10260,89.18,86.304,BEARISH_20_BAR_BREAKOUT,0.23212627669452512,0.34935004642525763,0.7393221912720526
2009-12-03,00:00:00,87.384,87.774,87.305,87.705,6034,87.526,85.861,BULLISH_20_BAR_BREAKOUT,0.09121486802348588,0.21207456815461725,0.4230089504589193
2009-12-03,04:00:00,87.704,87.907,87.652,87.785,6058,87.774,85.861,BULLISH_20_BAR_BREAKOUT,0.08885344876687698,0.46705017941561383,0.4294583357065667
2009-12-03,16:00:00,87.89,88.47,87.887,88.195,11247,87.987,85.861,BULLISH_20_BAR_BREAKOUT,0.002267702250705312,-0.03741708713644429,1.8992006349566433
2009-12-04,16:00:00,88.34,90.022,88.29,89.87,14836,88.47,86.508,BULLISH_20_BAR_BREAKOUT,0.7444085901858205,0.007789028596851887,-0.48737064648937617
2009-12-04,20:00:00,89.872,90.756,89.828,90.539,11218,90.022,86.508,BULLISH_20_BAR_BREAKOUT,-0.48045593611593046,-0.6251449651531411,-1.1265863329614818
2009-12-09,08:00:00,88.407,88.417,87.367,87.517,12064,90.756,87.991,BEARISH_20_BAR_BREAKOUT,0.5347532479404042,0.3747843276163522,0.7701360878457976
2009-12-11,16:00:00,88.818,89.799,88.786,89.23,12670,89.169,87.367,BULLISH_20_BAR_BREAKOUT,-0.1490530090776754,-0.3832791661997072,-0.6511263028129587
2009-12-15,16:00:00,89.492,89.942,89.448,89.911,10173,89.799,87.733,BULLISH_20_BAR_BREAKOUT,-0.32810223443182895,-0.528300207983444,-0.4382111198852259
2009-12-17,04:00:00,89.941,90.254,89.837,90.173,6571,89.974,88.314,BULLISH_20_BAR_BREAKOUT,-0.3936876892196156,0.19518037550042908,-0.9171259689707543
2009-12-17,16:00:00,89.937,90.36,89.899,90.349,8828,90.254,88.314,BULLISH_20_BAR_BREAKOUT,-0.4549026552590525,-1.110139569890093,0.12949783616862412
2009-12-18,12:00:00,90.155,90.458,90.118,90.414,7393,90.36,88.619,BULLISH_20_BAR_BREAKOUT,0.05751321697966299,0.10617824673170487,0.1150264339593417
2009-12-18,16:00:00,90.411,90.895,90.277,90.466,8221,90.458,88.818,BULLISH_20_BAR_BREAKOUT,0.02100236552959726,-0.19454822806356833,0.5327968518559452
2009-12-21,16:00:00,90.516,90.977,90.495,90.948,6985,90.895,88.966,BULLISH_20_BAR_BREAKOUT,0.23200070369883094,0.4596032897919761,0.8125522276465722
2009-12-21,20:00:00,90.947,91.226,90.92,91.159,4385,90.977,88.966,BULLISH_20_BAR_BREAKOUT,-0.018648734628517336,0.17112956482628341,0.6943911188143743
2009-12-22,04:00:00,91.141,91.469,91.137,91.366,6422,91.226,88.966,BULLISH_20_BAR_BREAKOUT,-0.05581945143707936,0.35133419433924873,0.3447672000525335
2009-12-22,12:00:00,91.313,91.568,91.18,91.567,5516,91.469,88.966,BULLISH_20_BAR_BREAKOUT,0.13105157971758882,0.16490657114463778,0.18565640459991234
2009-12-22,16:00:00,91.566,91.858,91.295,91.687,8609,91.568,88.966,BULLISH_20_BAR_BREAKOUT,0.11452005191576121,-0.006544002966614927,-0.1766880800985875
2009-12-29,16:00:00,91.717,92.017,91.69,91.941,7430,91.863,91.123,BULLISH_20_BAR_BREAKOUT,0.09245059331527147,0.22623204011267922,0.7787602919263374
2009-12-29,20:00:00,91.94,92.061,91.81,92.026,5477,92.017,91.123,BULLISH_20_BAR_BREAKOUT,0.023906287353580045,0.09453849998913709,0.4292265229391805
2009-12-30,04:00:00,92.045,92.248,92.014,92.149,5367,92.061,91.123,BULLISH_20_BAR_BREAKOUT,-0.03906716296433099,0.5512810773855338,0.20618780453395885
2009-12-30,12:00:00,92.106,92.32,92.062,92.277,5150,92.248,91.123,BULLISH_20_BAR_BREAKOUT,0.41180359136078926,0.2286593625713867,0.08561179925657912
2009-12-30,16:00:00,92.278,92.751,92.222,92.657,8145,92.32,91.123,BULLISH_20_BAR_BREAKOUT,-0.2547028287123369,-0.34320126919714417,0.45436394444025435
2009-12-31,16:00:00,92.357,93.087,92.332,93.078,9336,92.751,91.437,BULLISH_20_BAR_BREAKOUT,0.008594941876700795,-0.3695825006983479,-0.5715636348009159
2010-01-05,04:00:00,92.368,92.37,91.628,91.68,7214,93.206,91.81,BEARISH_20_BAR_BREAKOUT,0.2508726003490289,-0.22796684118673993,0.40903141361256545
2010-01-05,16:00:00,91.928,91.928,91.247,91.471,9945,93.206,91.628,BEARISH_20_BAR_BREAKOUT,0.21646204808080516,0.6384537175716928,1.1599304697663662
2010-01-07,12:00:00,92.699,93.259,92.699,93.207,8127,93.206,91.247,BULLISH_20_BAR_BREAKOUT,0.10728807922152685,0.20277446972867616,0.08797622496165293
2010-01-07,16:00:00,93.208,93.391,92.961,93.307,9671,93.259,91.247,BULLISH_20_BAR_BREAKOUT,-0.10074270955020342,-0.16504656670988924,-0.8423805287920534
2010-01-08,00:00:00,93.208,93.748,93.2,93.396,6483,93.391,91.247,BULLISH_20_BAR_BREAKOUT,-0.26018244892714354,-0.11456593430125414,-1.1263865690179522
2010-01-11,16:00:00,92.397,92.655,91.807,91.923,9451,93.748,91.945,BEARISH_20_BAR_BREAKOUT,0.17949805815736217,0.28610902603266347,-1.0367372692362118
2010-01-12,12:00:00,91.914,91.92,91.43,91.468,8458,93.748,91.718,BEARISH_20_BAR_BREAKOUT,-0.5444527047710725,-0.33344994970919534,-0.19460357720732635
2010-01-12,16:00:00,91.467,91.471,90.83,90.97,11107,93.748,91.43,BEARISH_20_BAR_BREAKOUT,-0.016488952401891358,0.13630867318895815,0.45399582279872125
2010-01-15,08:00:00,91.083,91.204,90.646,90.737,7761,92.418,90.74,BEARISH_20_BAR_BREAKOUT,0.21711099110616697,0.022041724985408635,0.30307371854921994
2010-01-19,04:00:00,90.725,90.733,90.377,90.395,6365,92.037,90.509,BEARISH_20_BAR_BREAKOUT,0.01327507052381266,0.8108855578295305,0.8451794900160517
2010-01-21,04:00:00,91.304,91.649,91.266,91.564,8210,91.45,90.31,BULLISH_20_BAR_BREAKOUT,0.11030536018524018,-1.4470752697566607,-1.753964440172988
2010-01-21,08:00:00,91.567,91.711,91.44,91.665,7704,91.649,90.31,BULLISH_20_BAR_BREAKOUT,0.17018491245294462,-1.3843888070692252,-1.503300060001091
2010-01-21,12:00:00,91.666,91.855,91.567,91.821,8319,91.711,90.31,BULLISH_20_BAR_BREAKOUT,-1.722917415406055,-1.7294518683089857,-1.957068644427742
2010-01-21,16:00:00,91.816,91.868,90.106,90.239,14267,91.855,90.31,BEARISH_20_BAR_BREAKOUT,0.17398242445062165,-0.3113952947173682,-0.18506410753665442
2010-01-27,04:00:00,89.572,89.709,89.133,89.244,9438,90.562,89.338,BEARISH_20_BAR_BREAKOUT,0.2128994666308074,0.1815248083904869,1.2325758594415248
2010-02-03,16:00:00,90.604,91.265,90.577,91.103,10700,90.931,89.795,BULLISH_20_BAR_BREAKOUT,-0.139402654138717,-0.22502003227116374,-2.1920244119293546
2010-02-04,16:00:00,90.76,90.785,88.572,89.106,12711,91.265,90.068,BEARISH_20_BAR_BREAKOUT,-0.21435144659168662,0.6239759387695684,0.16272753798847467
2010-02-11,00:00:00,89.955,90.131,89.9,90.084,3670,90.048,88.816,BULLISH_20_BAR_BREAKOUT,-0.2120243328449031,-0.48288264286666027,-0.4451400914701792
2010-02-12,08:00:00,89.603,90.333,89.601,90.168,7673,90.131,89.154,BULLISH_20_BAR_BREAKOUT,-0.06543341318429122,-0.24953420282140948,-0.12199449915712827
2010-02-16,16:00:00,89.898,90.497,89.87,90.451,10840,90.404,89.566,BULLISH_20_BAR_BREAKOUT,-0.3338824335828156,-0.1580966490143685,0.3968999789941614
2010-02-17,12:00:00,90.37,90.916,90.35,90.885,8798,90.497,89.581,BULLISH_20_BAR_BREAKOUT,-0.08252186829510132,0.2013533586400316,-0.02530670627717483
2010-02-17,20:00:00,90.809,91.245,90.734,91.191,6908,91.149,89.596,BULLISH_20_BAR_BREAKOUT,-0.13488173174984885,-0.3092410435240281,0.07676196115844017
2010-02-18,16:00:00,90.863,91.478,90.573,91.434,11972,91.368,89.706,BULLISH_20_BAR_BREAKOUT,-0.18920751580375114,0.332480258984625,0.5687162324736925
2010-02-19,00:00:00,91.26,92.078,91.201,91.786,9938,91.478,89.706,BULLISH_20_BAR_BREAKOUT,-0.05229555705663371,0.01416338003617679,-0.05229555705663371
2010-02-23,16:00:00,90.768,90.829,90.028,90.038,10597,92.141,90.573,BEARISH_20_BAR_BREAKOUT,0.1499366933961273,0.16659632599569704,0.02332348563939758
2010-02-25,04:00:00,90.115,90.159,89.458,89.675,7820,91.98,89.761,BEARISH_20_BAR_BREAKOUT,-0.2509060496236346,-0.9188737106216873,-0.4839698912740424
2010-02-25,08:00:00,89.674,89.726,89.23,89.45,8314,91.891,89.458,BEARISH_20_BAR_BREAKOUT,0.02124091671323784,-0.40022358859698615,-0.16098378982672493
2010-02-25,16:00:00,89.47,89.505,88.831,88.851,10976,91.717,89.21,BEARISH_20_BAR_BREAKOUT,0.2712406163127029,0.4389370969375703,-0.012380277093106077
2010-03-02,20:00:00,88.949,89.044,88.55,88.712,5385,89.505,88.741,BEARISH_20_BAR_BREAKOUT,-0.045089728559841113,-0.06538010641176722,-0.34380918026874246
2010-03-03,16:00:00,88.751,88.866,88.318,88.43,9911,89.473,88.469,BEARISH_20_BAR_BREAKOUT,-0.026009272871209254,0.022616759018428155,0.6671943910437511
2010-03-05,16:00:00,89.369,90.584,89.32,90.324,11750,89.433,88.136,BULLISH_20_BAR_BREAKOUT,-0.05978477481068382,0.102962667729511,-0.025463885567508233
2010-03-16,04:00:00,90.211,90.287,89.974,90.097,4997,91.08,90.166,BEARISH_20_BAR_BREAKOUT,0.4040090125087454,0.4295370545079198,0.3962396084220333
2010-03-24,08:00:00,90.55,91.05,90.519,90.964,6337,90.766,89.83,BULLISH_20_BAR_BREAKOUT,0.9201442328833421,1.463216217404691,1.0938393210500907
2010-03-24,12:00:00,90.96,91.95,90.957,91.801,8745,91.05,89.83,BULLISH_20_BAR_BREAKOUT,0.24727399483666176,0.052287012124052915,0.39106327817779185
2010-03-24,16:00:00,91.815,92.179,91.696,92.028,8445,91.95,89.83,BULLISH_20_BAR_BREAKOUT,0.2901290911461684,-0.06845742600078496,0.7573781892467385
2010-03-24,20:00:00,92.029,92.388,91.94,92.295,5505,92.179,89.83,BULLISH_20_BAR_BREAKOUT,-0.4832331112194571,-0.3640500568828198,0.4561460534156696
2010-03-25,16:00:00,92.158,92.758,92.157,92.725,7567,92.388,89.83,BULLISH_20_BAR_BREAKOUT,-0.009706120248045664,-0.058236721488258654,-0.3062820167160872
2010-03-31,00:00:00,92.783,93.122,92.746,93.113,5697,93.008,92.116,BULLISH_20_BAR_BREAKOUT,0.3135974568535023,-0.02470116954667569,0.3028578179201577
2010-03-31,04:00:00,93.11,93.59,93.084,93.405,7036,93.122,92.116,BULLISH_20_BAR_BREAKOUT,-0.23660403618650355,0.03318880145603117,0.019270916974466763
2010-04-02,12:00:00,93.887,94.531,93.618,94.459,5498,94.048,92.116,BULLISH_20_BAR_BREAKOUT,0.09739675414730067,-0.09845541451847205,-0.02223186779449369
2010-04-02,16:00:00,94.464,94.683,94.337,94.551,5590,94.531,92.178,BULLISH_20_BAR_BREAKOUT,0.04759336231240464,-0.11633933009698408,-0.38286215904645005
2010-04-07,20:00:00,93.526,93.534,93.145,93.332,5416,94.683,93.454,BEARISH_20_BAR_BREAKOUT,-0.03321476021085126,-0.227146102087161,0.0417863112330192
2010-04-08,08:00:00,93.205,93.379,93.05,93.12,7051,94.643,93.145,BEARISH_20_BAR_BREAKOUT,-0.06335910652920694,0.26954467353950873,0.6335910652920846
2010-04-13,04:00:00,92.963,92.963,92.57,92.68,6070,93.776,92.827,BEARISH_20_BAR_BREAKOUT,0.3992231333620957,0.5179110919292077,0.5988347000431512
2010-04-16,16:00:00,92.656,92.728,91.898,92.001,12887,93.71,92.503,BEARISH_20_BAR_BREAKOUT,0.174998097846764,0.04130389887066086,0.338039803915167
2010-04-19,08:00:00,92.038,92.067,91.595,91.802,7369,93.71,91.868,BEARISH_20_BAR_BREAKOUT,0.35075488551446427,0.6350624169408057,1.133962223045246
2010-04-22,20:00:00,93.23,93.599,93.21,93.475,5484,93.435,91.8,BULLISH_20_BAR_BREAKOUT,-0.1069804760631124,-0.05028082374966252,0.5102968708210793
2010-04-23,12:00:00,93.427,94.222,93.335,94.089,9273,93.621,92.519,BULLISH_20_BAR_BREAKOUT,0.09565411472117188,0.14773246606935542,0.09671693821807882
2010-04-30,08:00:00,94.056,94.376,93.989,94.37,6539,94.307,92.811,BULLISH_20_BAR_BREAKOUT,-0.03814771643530927,-0.5637384762106715,-0.4069089753099505
2010-05-03,16:00:00,94.53,94.776,94.437,94.711,8014,94.578,93.085,BULLISH_20_BAR_BREAKOUT,-0.19427521618396754,0.1752700319920567,-0.3505400639841134
2010-05-04,00:00:00,94.531,94.929,94.525,94.922,3053,94.776,93.824,BULLISH_20_BAR_BREAKOUT,-0.04740734497798372,-0.4772339394450212,-0.1538104970396755
2010-05-05,20:00:00,94.156,94.178,93.533,93.803,7025,94.978,93.824,BEARISH_20_BAR_BREAKOUT,-0.12259735829343932,0.08528511881282932,-3.4284617762758054
2010-05-06,16:00:00,93.626,93.771,92.1,92.245,15849,94.978,93.288,BEARISH_20_BAR_BREAKOUT,-1.797387392270585,-0.0281858095289831,-0.6385169927909357
2010-05-06,20:00:00,92.258,92.335,88.254,90.587,18489,94.978,92.1,BEARISH_20_BAR_BREAKOUT,1.0873524898716145,1.7132701160210544,1.0972876902866853
2010-05-14,16:00:00,92.572,92.598,91.799,92.089,14165,93.623,92.211,BEARISH_20_BAR_BREAKOUT,0.3876684511722348,-0.12162147487755842,0.04126442897631281
2010-05-19,00:00:00,92.231,92.233,91.609,91.616,7913,93.08,91.758,BEARISH_20_BAR_BREAKOUT,0.36783967865875317,0.25541390150191523,0.18992315752707672
2010-05-20,12:00:00,91.23,91.48,90.55,90.757,9343,92.962,90.85,BEARISH_20_BAR_BREAKOUT,-1.5326641471181344,-0.8649470564254115,-1.3089899401699068
2010-05-20,16:00:00,90.766,90.767,88.995,89.366,12295,92.962,90.55,BEARISH_20_BAR_BREAKOUT,0.3435310968377259,0.7295839581048733,0.5203321173600737
2010-05-27,16:00:00,90.371,90.959,90.328,90.759,10172,90.663,89.279,BULLISH_20_BAR_BREAKOUT,0.30300025341840003,0.3735166760321275,0.0198327438601138
2010-05-27,20:00:00,90.76,91.075,90.724,91.034,7483,90.959,89.279,BULLISH_20_BAR_BREAKOUT,0.15708416635542838,0.1318188808576909,0.01647736010721331
2010-05-28,00:00:00,91.029,91.191,90.844,91.177,4838,91.075,89.279,BULLISH_20_BAR_BREAKOUT,-0.08664465819231575,-0.042773945183545714,0.19193436941333575
2010-05-31,04:00:00,91.354,91.515,91.304,91.461,6118,91.427,89.737,BULLISH_20_BAR_BREAKOUT,0.01749379516953165,-0.384863493729572,-0.37174314735242714
2010-06-02,12:00:00,91.528,92.077,91.523,91.889,11088,91.772,90.533,BULLISH_20_BAR_BREAKOUT,0.24050756891467276,0.30253893284289285,0.6616678819009937
2010-06-02,16:00:00,91.89,92.348,91.875,92.11,12583,92.077,90.533,BULLISH_20_BAR_BREAKOUT,0.007599609162962764,0.1270220388665774,0.24318749321463876
2010-06-03,08:00:00,92.223,92.7,92.208,92.672,10909,92.348,90.533,BULLISH_20_BAR_BREAKOUT,-0.1888380524861848,0.02805593922651529,0.1035911602209984
2010-06-14,00:00:00,91.719,91.794,91.597,91.777,4282,91.766,90.846,BULLISH_20_BAR_BREAKOUT,0.1231245301110295,0.08716780892816098,-0.14273728711986688
2010-06-14,04:00:00,91.778,91.929,91.775,91.89,4430,91.794,90.846,BULLISH_20_BAR_BREAKOUT,0.03373598868212636,-0.15562085101752168,-0.41571444117967676
2010-06-17,12:00:00,91.299,91.362,90.969,91.054,8472,92.104,91.077,BEARISH_20_BAR_BREAKOUT,-0.3009203329892162,-0.19548839150393973,-0.4469875019219326
2010-06-17,16:00:00,91.057,91.116,90.508,90.78,8089,92.104,90.969,BEARISH_20_BAR_BREAKOUT,0.24014100022031673,-0.02092972020269383,-0.11235955056180201
2010-06-23,12:00:00,90.418,90.427,90.088,90.157,4664,91.465,90.285,BEARISH_20_BAR_BREAKOUT,-0.033275286444758745,-0.2717481726321753,-0.8230087514003241
2010-06-23,20:00:00,90.128,90.182,89.729,89.803,4592,91.465,89.998,BEARISH_20_BAR_BREAKOUT,0.12137679142123188,-0.2772735877420523,-0.22382325757490668
2010-06-24,08:00:00,89.857,89.898,89.518,89.554,6966,91.465,89.729,BEARISH_20_BAR_BREAKOUT,-0.1552136141322507,0.05359894588739958,0.0759318400071441
2010-06-24,12:00:00,89.555,89.601,89.246,89.415,7662,91.465,89.518,BEARISH_20_BAR_BREAKOUT,-0.17558575183136013,0.265056198624386,0.04026170105685528
2010-06-29,04:00:00,89.379,89.385,88.752,88.757,5759,90.182,89.058,BEARISH_20_BAR_BREAKOUT,-0.0754870038419587,-0.18252081525964842,-0.1768874567639856
2010-06-29,08:00:00,88.759,88.856,88.533,88.69,9652,89.968,88.752,BEARISH_20_BAR_BREAKOUT,-0.015785319652718226,-0.12064494306009621,-0.06765136994024386
2010-07-01,04:00:00,88.48,88.499,88.078,88.246,6257,89.497,88.279,BEARISH_20_BAR_BREAKOUT,0.10538721301815779,-0.753575232871736,-0.34902431838269465
2010-07-01,12:00:00,88.34,88.407,87.458,87.707,10966,89.453,88.078,BEARISH_20_BAR_BREAKOUT,-0.14366014115177872,0.16988381771124417,-0.20180829352274332
2010-07-07,08:00:00,87.439,87.496,87.015,87.064,7702,88.197,87.326,BEARISH_20_BAR_BREAKOUT,0.2687678029955078,0.7178627216760085,1.1646604796471676
2010-07-08,04:00:00,87.955,88.449,87.893,88.29,6535,88.044,87.015,BULLISH_20_BAR_BREAKOUT,-0.24011779363461694,0.12345679012345073,0.39415562351342054
2010-07-12,00:00:00,88.678,89.046,88.579,89.034,2991,88.695,87.015,BULLISH_20_BAR_BREAKOUT,0.0157243300312193,-0.43241907585866646,-0.29202327200845196
2010-07-12,04:00:00,89.029,89.145,89.007,89.048,3912,89.046,87.015,BULLISH_20_BAR_BREAKOUT,-0.35935675141497553,-0.6075375078609254,-0.5558799748450325
2010-07-15,12:00:00,88.064,88.264,87.638,87.672,8221,89.145,87.848,BEARISH_20_BAR_BREAKOUT,-0.2589196094534217,-0.2954192900812122,-1.150880554795146
2010-07-15,16:00:00,87.676,87.763,87.224,87.445,10285,89.097,87.638,BEARISH_20_BAR_BREAKOUT,-0.072045285608083,-0.4757276002058401,-0.9468808965635414
2010-07-16,04:00:00,87.414,87.416,86.969,87.029,4789,89.097,87.224,BEARISH_20_BAR_BREAKOUT,0.03791839501775414,-0.4734054165852669,-0.3929724574567084
2010-07-16,12:00:00,87.061,87.295,86.513,86.663,8851,89.097,86.969,BEARISH_20_BAR_BREAKOUT,-0.053079168734052905,-0.08538822796348854,0.4465573543496077
2010-07-22,04:00:00,86.636,86.736,86.43,86.469,4835,87.563,86.474,BEARISH_20_BAR_BREAKOUT,0.23014028148817758,0.6719171032393148,0.5030704645595558
2010-07-26,00:00:00,87.53,87.709,87.411,87.648,3203,87.563,86.337,BULLISH_20_BAR_BREAKOUT,-0.030805038335159983,-0.8226086162833031,-0.813481197517335
2010-07-27,16:00:00,87.511,87.924,87.428,87.837,9567,87.709,86.337,BULLISH_20_BAR_BREAKOUT,0.06830834386420559,-0.12409349135331224,-0.18329405603561297
2010-07-29,16:00:00,87.07,87.18,86.563,86.694,8632,88.11,86.731,BEARISH_20_BAR_BREAKOUT,0.10035296560315973,-0.3437377442498925,-0.28491014372390233
2010-07-30,04:00:00,86.649,86.695,86.244,86.396,5150,88.11,86.486,BEARISH_20_BAR_BREAKOUT,-0.13195055326635993,0.0590305106717926,0.10417148942081048
2010-08-04,00:00:00,85.775,85.898,85.546,85.588,2331,87.18,85.666,BEARISH_20_BAR_BREAKOUT,-0.21030985652193368,0.19395242323691528,0.8026826190587604
2010-08-04,04:00:00,85.592,85.638,85.318,85.408,4456,86.969,85.546,BEARISH_20_BAR_BREAKOUT,0.06205507680778999,0.9706350693143424,0.8757961783439546
2010-08-06,12:00:00,86.069,86.077,85.107,85.139,6365,86.558,85.318,BEARISH_20_BAR_BREAKOUT,0.12450228449947588,0.2912883637346042,0.6260350720586351
2010-08-11,12:00:00,85.178,85.271,84.719,84.898,8167,86.222,84.98,BEARISH_20_BAR_BREAKOUT,0.48175457607953787,0.20966336073876568,0.6713939079837068
2010-08-24,08:00:00,84.943,84.993,84.151,84.437,9052,85.908,84.849,BEARISH_20_BAR_BREAKOUT,-0.5684711678529601,-0.6217653398391599,0.17290998022194157
2010-08-24,12:00:00,84.438,84.477,83.716,83.957,7374,85.908,84.151,BEARISH_20_BAR_BREAKOUT,0.17151637147588109,0.4883452243410446,0.3859118358207324
2010-08-27,16:00:00,84.959,85.376,84.46,85.267,11684,85.087,83.619,BULLISH_20_BAR_BREAKOUT,-0.06098490623569786,0.15598062556441505,-0.6626244619841178
2010-08-30,00:00:00,85.35,85.754,85.34,85.735,4747,85.447,83.619,BULLISH_20_BAR_BREAKOUT,-0.3907389047646746,-1.08590423980871,-1.3763340526039454
2010-08-31,04:00:00,84.559,84.567,84.197,84.261,5107,85.894,84.269,BEARISH_20_BAR_BREAKOUT,0.11037134617439093,-0.18395224362397924,0.13173354220814398
2010-09-03,12:00:00,84.356,85.216,84.336,85.046,6008,84.656,83.666,BULLISH_20_BAR_BREAKOUT,-0.7219622322037536,-0.7819297791783343,-0.9900524422077615
2010-09-07,08:00:00,84.079,84.131,83.724,83.937,7395,85.216,83.994,BEARISH_20_BAR_BREAKOUT,-0.3681332427892318,-0.12985929923632566,-0.0786304013724609
2010-09-07,12:00:00,83.935,83.985,83.571,83.628,4665,85.216,83.724,BEARISH_20_BAR_BREAKOUT,0.1040321423446732,0.1984981106806295,0.24035012196871072
2010-09-08,04:00:00,83.797,83.801,83.338,83.466,5361,85.216,83.508,BEARISH_20_BAR_BREAKOUT,0.48522751779167705,0.540339779071727,0.3294754750437372
2010-09-14,00:00:00,83.695,83.744,83.243,83.299,4037,84.371,83.486,BEARISH_20_BAR_BREAKOUT,0.032413354301956576,-0.04801978415107774,-0.3409404674726059
2010-09-14,16:00:00,83.26,83.324,82.92,82.988,8964,84.371,83.089,BEARISH_20_BAR_BREAKOUT,0.046994746228372145,2.3931170771677883,3.0377885959415827
2010-09-15,04:00:00,83.014,85.121,82.869,84.974,13079,84.371,82.92,BULLISH_20_BAR_BREAKOUT,0.5307505825311194,0.6296043495657455,0.4754395462141318
2010-09-15,08:00:00,84.977,85.514,84.727,85.425,12449,85.121,82.869,BULLISH_20_BAR_BREAKOUT,0.24465905765291568,0.36523266022826767,0.15452151009658183
2010-09-15,12:00:00,85.424,85.704,85.016,85.634,10862,85.514,82.869,BULLISH_20_BAR_BREAKOUT,-0.14597005862157553,-0.02452296984842562,-0.02335520937944744
2010-09-21,20:00:00,85.372,85.427,84.974,85.078,6970,85.922,85.268,BEARISH_20_BAR_BREAKOUT,-0.29737417428712487,-0.33851289405016183,-0.6993582359716952
2010-09-22,00:00:00,85.079,85.173,84.77,84.825,3801,85.922,84.974,BEARISH_20_BAR_BREAKOUT,0.029472443265536663,-0.2699675803124069,-0.32183908045976556
2010-09-22,12:00:00,84.78,84.78,84.51,84.596,4926,85.922,84.73,BEARISH_20_BAR_BREAKOUT,-0.2163222847416035,-0.052011915456991964,-0.3037968698283666
2010-09-22,16:00:00,84.597,84.608,84.267,84.413,7857,85.922,84.51,BEARISH_20_BAR_BREAKOUT,0.0829256157227055,0.21916055583855837,-0.09358748060132151
2010-09-28,16:00:00,84.129,84.165,83.691,83.728,8054,85.376,84.048,BEARISH_20_BAR_BREAKOUT,0.15884769730557255,-0.021498184597745894,-0.14212688706287
2010-09-29,08:00:00,83.711,83.73,83.494,83.612,5145,85.376,83.691,BEARISH_20_BAR_BREAKOUT,0.04186002009282257,0.09568004592642,-0.43056020666889855
2010-09-30,08:00:00,83.54,83.558,83.192,83.252,7911,84.384,83.471,BEARISH_20_BAR_BREAKOUT,-0.016816412818906206,0.3123048094940724,0.013212895786299299
2010-10-07,08:00:00,82.879,82.889,82.24,82.468,8594,83.972,82.759,BEARISH_20_BAR_BREAKOUT,-0.42319445118106874,-0.08124363389436784,-0.13581025367416327
2010-10-07,12:00:00,82.467,82.557,82.119,82.119,8098,83.972,82.24,BEARISH_20_BAR_BREAKOUT,0.2630329156467979,0.4055090782888228,-0.0036532349395391006
2010-10-08,16:00:00,82.113,82.145,81.719,81.93,7357,83.875,81.943,BEARISH_20_BAR_BREAKOUT,0.1708775784205863,0.1220554131575666,0.12083485902598502
2010-10-14,00:00:00,81.794,81.836,81.449,81.47,4024,82.338,81.53,BEARISH_20_BAR_BREAKOUT,-0.29458696452681343,-0.27863017061495504,-0.049097827421126845
2010-10-14,04:00:00,81.473,81.614,81.165,81.23,6411,82.338,81.449,BEARISH_20_BAR_BREAKOUT,-0.1428043826172592,0.2536008863720338,0.0738643358365164
2010-10-14,08:00:00,81.24,81.31,81.029,81.114,4684,82.338,81.165,BEARISH_20_BAR_BREAKOUT,0.15903543161475292,0.43765564514139327,0.13931010676332017
2010-10-25,08:00:00,81.016,81.016,80.405,80.531,8818,81.812,80.839,BEARISH_20_BAR_BREAKOUT,0.04097800846877232,0.3389998882417903,0.5724503607306485
2010-10-27,04:00:00,81.422,81.756,81.418,81.649,7776,81.645,80.405,BULLISH_20_BAR_BREAKOUT,0.2780193266298471,-0.028169359085838324,-0.13839728594348927
2010-10-27,08:00:00,81.651,81.975,81.595,81.876,9340,81.756,80.405,BULLISH_20_BAR_BREAKOUT,-0.2894621134398468,-0.15511260931165366,-0.6583125702281516
2010-10-29,04:00:00,80.926,81.063,80.532,80.552,7707,81.975,80.611,BEARISH_20_BAR_BREAKOUT,0.12910914688648226,-0.07821034859469955,0.05710596881516569
2010-10-29,16:00:00,80.761,80.803,80.448,80.489,10048,81.975,80.532,BEARISH_20_BAR_BREAKOUT,-0.12424057945807318,0.13542223160928157,0.20623936190037992
2010-10-29,20:00:00,80.488,80.555,80.376,80.389,7146,81.975,80.448,BEARISH_20_BAR_BREAKOUT,0.2786450882583485,0.06344151563025033,0.13559069026858012
2010-11-09,20:00:00,81.136,81.955,81.055,81.824,11342,81.458,80.53,BULLISH_20_BAR_BREAKOUT,-0.11610285490809404,-0.16865467344543292,0.5890692217442307
2010-11-10,12:00:00,81.685,82.411,81.679,82.326,10826,81.955,80.53,BULLISH_20_BAR_BREAKOUT,0.23807788547969316,-0.19070524500157482,0.01943492942691901
2010-11-10,16:00:00,82.328,82.786,82.216,82.522,13994,82.411,80.53,BULLISH_20_BAR_BREAKOUT,-0.26174838224959185,-0.35990402559318874,-0.13935677758659398
2010-11-15,08:00:00,82.701,82.967,82.63,82.939,9948,82.786,81.546,BULLISH_20_BAR_BREAKOUT,0.24475819578244612,0.29901493868988616,0.278517946924859
2010-11-15,12:00:00,82.938,83.159,82.807,83.142,8827,82.967,81.559,BULLISH_20_BAR_BREAKOUT,-0.30309590820523363,0.030069038512431367,-0.045704938538881315
2010-11-16,16:00:00,83.103,83.5,83.009,83.414,15619,83.33,81.646,BULLISH_20_BAR_BREAKOUT,-0.14505958232430421,-0.004795358093371482,-0.31769247368547315
2010-11-18,16:00:00,83.285,83.775,83.164,83.64,15029,83.585,82.63,BULLISH_20_BAR_BREAKOUT,-0.16977522716403146,-0.20564323290291373,-0.17694882831180792
2010-11-23,16:00:00,83.369,83.431,82.782,82.862,16197,83.836,83.099,BEARISH_20_BAR_BREAKOUT,0.3548067871883507,0.4525596775361445,0.6166879872559314
2010-11-26,16:00:00,83.817,84.178,83.807,84.083,11564,83.958,82.782,BULLISH_20_BAR_BREAKOUT,0.014271612573291218,-0.013082311525511318,0.2949466598480129
2010-11-29,12:00:00,83.938,84.251,83.903,84.189,11552,84.187,82.94,BULLISH_20_BAR_BREAKOUT,0.1686681157871101,0.06532919977670103,-0.38247276960171583
2010-11-29,16:00:00,84.188,84.398,84.14,84.331,11867,84.251,82.94,BULLISH_20_BAR_BREAKOUT,-0.10909392749996885,-0.30000830062491857,-0.9178119552714907
2010-12-03,16:00:00,83.776,83.815,82.527,82.729,18694,84.38,83.377,BEARISH_20_BAR_BREAKOUT,-0.2465882580473516,0.285268769113617,-0.03626297912461306
2010-12-03,20:00:00,82.729,82.935,82.518,82.525,13067,84.38,82.527,BEARISH_20_BAR_BREAKOUT,0.3986670705846634,0.37685549833382953,0.1587397758255077
2010-12-07,04:00:00,82.572,82.572,82.336,82.446,10544,84.355,82.518,BEARISH_20_BAR_BREAKOUT,0.36630036630037444,0.7447298838027367,1.7187007253232438
2010-12-08,08:00:00,83.864,84.012,83.71,83.967,12445,83.935,82.336,BULLISH_20_BAR_BREAKOUT,0.1452951754856073,0.048828706515651174,-0.18221444138769494
2010-12-08,12:00:00,83.968,84.133,83.808,84.089,13173,84.012,82.336,BULLISH_20_BAR_BREAKOUT,0.06778532269381507,-0.15935496913984035,-0.04994707987965322
2010-12-08,16:00:00,84.089,84.294,83.844,84.146,15110,84.133,82.336,BULLISH_20_BAR_BREAKOUT,-0.1640006655099532,-0.4920019965298427,-0.3505811327930047
2010-12-13,20:00:00,83.574,83.586,83.102,83.422,9478,84.342,83.448,BEARISH_20_BAR_BREAKOUT,0.10908393469349593,-0.06353240152477437,0.3524250197789515
2010-12-14,12:00:00,83.374,83.382,82.838,82.955,11632,84.342,83.102,BEARISH_20_BAR_BREAKOUT,0.6738593213187842,1.0656379965041292,0.9113374721234407
2010-12-21,04:00:00,83.707,83.712,83.557,83.607,8275,84.494,83.629,BEARISH_20_BAR_BREAKOUT,0.1052543447318931,0.17701867068546429,0.17821474278469615
2010-12-23,04:00:00,83.547,83.549,83.058,83.156,6120,84.159,83.411,BEARISH_20_BAR_BREAKOUT,-0.19361200634951337,-0.22608110058204142,-0.20443503776035607
2010-12-23,08:00:00,83.157,83.188,82.856,82.995,9706,84.109,83.058,BEARISH_20_BAR_BREAKOUT,0.21326585938911077,-0.05060545816013204,-0.14940659075849078
2010-12-27,08:00:00,82.891,82.892,82.645,82.774,8951,83.846,82.856,BEARISH_20_BAR_BREAKOUT,0.11718655616497232,0.08094329137167838,-0.4820354217507924
2010-12-28,04:00:00,82.693,82.724,82.477,82.501,6225,83.697,82.633,BEARISH_20_BAR_BREAKOUT,-0.1527254215100481,-0.34666246469739925,-0.26908764742246566
2010-12-28,08:00:00,82.501,82.517,82.363,82.375,8436,83.585,82.477,BEARISH_20_BAR_BREAKOUT,-0.4503793626707072,0.08619119878603697,-0.21244309559938956
2010-12-28,12:00:00,82.376,82.389,81.827,82.004,10986,83.549,82.363,BEARISH_20_BAR_BREAKOUT,0.2573045217306455,0.36949417101604465,0.1865762645724496
2010-12-29,20:00:00,81.9,81.938,81.605,81.636,8109,82.967,81.814,BEARISH_20_BAR_BREAKOUT,-0.2535646038512343,-0.12371992748297209,-0.06614728796119611
2010-12-30,00:00:00,81.634,81.676,81.286,81.429,6461,82.967,81.605,BEARISH_20_BAR_BREAKOUT,0.006140318559721294,0.11666605263480928,0.05771899446142903
2010-12-31,16:00:00,81.286,81.344,80.934,81.112,8638,82.526,81.261,BEARISH_20_BAR_BREAKOUT,0.027122990432988426,0.1652036690008881,0.559719893480629
2011-01-04,04:00:00,81.742,82.147,81.738,82.122,7086,81.938,80.934,BULLISH_20_BAR_BREAKOUT,0.09376293806775064,-0.19483207910181996,-0.2252745914614869
2011-01-04,08:00:00,82.123,82.275,82.065,82.199,11147,82.147,80.934,BULLISH_20_BAR_BREAKOUT,-0.07177702891762369,-0.19829924938259189,-0.23236292412316756
2011-01-05,16:00:00,82.25,83.346,82.211,83.228,17502,82.326,80.934,BULLISH_20_BAR_BREAKOUT,0.036045561589850936,0.01201518719662267,-0.08650934781562518
2011-01-06,00:00:00,83.257,83.386,83.168,83.386,5434,83.369,80.934,BULLISH_20_BAR_BREAKOUT,-0.17748782769289345,-0.22785599501115023,-0.07555225097738516
2011-01-07,04:00:00,83.324,83.476,83.237,83.462,7169,83.386,81.514,BULLISH_20_BAR_BREAKOUT,0.08506865399822429,-0.49124152308834745,-0.4349284704416375
2011-01-07,08:00:00,83.463,83.589,83.43,83.533,8703,83.476,81.608,BULLISH_20_BAR_BREAKOUT,0.027534028467786544,-0.4788526690050706,-0.38906779356661775
2011-01-14,08:00:00,82.554,82.629,82.408,82.511,11877,83.488,82.547,BEARISH_20_BAR_BREAKOUT,0.49205560470725834,0.40721843148186126,0.471452291209669
2011-01-19,04:00:00,82.606,82.614,82.121,82.204,10442,83.059,82.328,BEARISH_20_BAR_BREAKOUT,-0.11799912413020561,-0.21410150357645338,-0.10826723760400789
2011-01-19,08:00:00,82.205,82.297,82.011,82.107,12651,83.059,82.121,BEARISH_20_BAR_BREAKOUT,-0.03531976567161918,-0.07672914611421973,-0.0036537688625818917
2011-01-20,16:00:00,82.327,83.057,82.258,83.018,16827,82.98,81.846,BULLISH_20_BAR_BREAKOUT,-0.02890939314365669,-0.09275096966922616,-0.4733913127273611
2011-02-01,04:00:00,82.056,82.088,81.886,81.898,9511,83.196,81.901,BEARISH_20_BAR_BREAKOUT,-0.0940193899728909,-0.5079489120613407,-0.5262643776404764
2011-02-01,08:00:00,81.898,81.918,81.754,81.821,13231,83.196,81.886,BEARISH_20_BAR_BREAKOUT,-0.34343261509880313,-0.5756468388311115,-0.5328705344593598
2011-02-01,12:00:00,81.819,81.838,81.462,81.54,14358,83.196,81.754,BEARISH_20_BAR_BREAKOUT,-0.0711307333823975,-0.11037527593819403,-0.09320578857003631
2011-02-01,20:00:00,81.483,81.483,81.311,81.35,10900,83.09,81.429,BEARISH_20_BAR_BREAKOUT,0.12292562999386421,0.04302397049786208,0.229870928088521
2011-02-04,20:00:00,81.988,82.448,81.987,82.162,9002,82.051,81.129,BULLISH_20_BAR_BREAKOUT,0.10467125921958875,0.1898687957936658,0.17526350380953631
2011-02-09,04:00:00,82.252,82.485,82.247,82.484,9542,82.459,81.129,BULLISH_20_BAR_BREAKOUT,0.11153678289122589,-0.002424712671542771,0.055768391445621554
2011-02-09,08:00:00,82.484,82.587,82.341,82.576,8651,82.485,81.129,BULLISH_20_BAR_BREAKOUT,-0.08840341019181518,-0.2567331912419942,0.19012788219338633
2011-02-10,08:00:00,82.529,82.737,82.499,82.733,11314,82.657,81.775,BULLISH_20_BAR_BREAKOUT,0.09911401738120657,0.6635804334425107,0.9524615328828843
2011-02-10,12:00:00,82.736,82.819,82.619,82.815,10897,82.737,81.775,BULLISH_20_BAR_BREAKOUT,0.3453480649640782,0.5325122260460091,0.8851053553100334
2011-02-10,16:00:00,82.816,83.277,82.813,83.101,11142,82.819,81.775,BULLISH_20_BAR_BREAKOUT,0.21780724660352752,0.42358094367095933,0.5090191453773142
2011-02-10,20:00:00,83.102,83.358,83.101,83.282,10677,83.277,81.775,BULLISH_20_BAR_BREAKOUT,-0.03121923104632003,0.28697677769506535,0.16330059316540177
2011-02-11,04:00:00,83.257,83.466,83.235,83.453,7850,83.385,81.775,BULLISH_20_BAR_BREAKOUT,0.08148299042574604,0.08507782823864685,-0.2756042323223898
2011-02-11,08:00:00,83.452,83.556,83.39,83.521,8298,83.466,81.775,BULLISH_20_BAR_BREAKOUT,0.03232719914752101,-0.12332227822942066,-0.37236144203255117
2011-02-15,12:00:00,83.544,83.787,83.452,83.768,11220,83.666,82.446,BULLISH_20_BAR_BREAKOUT,0.023875465571573898,-0.03820074491452163,-0.015519052621532362
2011-02-15,16:00:00,83.773,83.909,83.592,83.788,11256,83.787,82.499,BULLISH_20_BAR_BREAKOUT,0.032224184847473414,-0.07757674129946739,-0.05967441638420437
2011-02-22,00:00:00,83.105,83.527,82.838,82.928,8992,83.964,83.016,BEARISH_20_BAR_BREAKOUT,0.5016399768473819,0.29061354427937447,-0.0844105730271961
2011-02-22,20:00:00,82.936,82.956,82.577,82.747,10679,83.728,82.787,BEARISH_20_BAR_BREAKOUT,0.13414383603031432,-0.11601629062081241,-0.3045427628796154
2011-02-23,04:00:00,82.858,82.861,82.527,82.567,8396,83.527,82.577,BEARISH_20_BAR_BREAKOUT,0.10173556021171072,-0.20952680853123842,-0.519578039652631
2011-02-23,16:00:00,82.803,82.809,82.364,82.394,12820,83.527,82.527,BEARISH_20_BAR_BREAKOUT,0.12258174138893498,-0.31070223559967985,-0.8762773988397315
2011-02-24,00:00:00,82.495,82.522,82.265,82.291,6026,83.527,82.314,BEARISH_20_BAR_BREAKOUT,-0.18592555686526058,-0.5638526691861792,-0.425319901325776
2011-02-24,04:00:00,82.292,82.292,82.113,82.138,6966,83.527,82.265,BEARISH_20_BAR_BREAKOUT,-0.33967225888140756,-0.5673378947624829,-0.23375295234849555
2011-02-24,08:00:00,82.137,82.162,81.832,81.859,11137,83.527,82.113,BEARISH_20_BAR_BREAKOUT,-0.0390916087418567,0.012216127731837815,0.09895063462783943
2011-02-24,12:00:00,81.859,81.927,81.762,81.827,11304,83.527,81.832,BEARISH_20_BAR_BREAKOUT,-0.18942402874357014,0.13931831791463004,-0.10754396470601864
2011-02-24,16:00:00,81.828,81.851,81.621,81.672,14030,83.527,81.762,BEARISH_20_BAR_BREAKOUT,0.24120873738858206,0.3354882946419837,0.11142129493585096
2011-03-02,16:00:00,81.939,82.077,81.576,81.615,12728,82.228,81.616,BEARISH_20_BAR_BREAKOUT,0.3283710102309633,0.27078355694419365,0.970409851130309
2011-03-03,16:00:00,81.866,82.507,81.816,82.407,15925,82.228,81.576,BULLISH_20_BAR_BREAKOUT,-0.05582050068561199,-0.09101168590047307,-0.05460701154028384
2011-03-04,12:00:00,82.446,82.759,82.438,82.748,10523,82.507,81.576,BULLISH_20_BAR_BREAKOUT,-0.4664765311548435,-0.4568086237733844,-0.8314400348044694
2011-03-10,12:00:00,82.832,82.979,82.816,82.978,11175,82.949,81.947,BULLISH_20_BAR_BREAKOUT,-0.004820554845851525,-0.08676998722551582,-0.8809563980814127
2011-03-11,16:00:00,82.25,82.352,81.651,81.77,16280,83.287,82.008,BEARISH_20_BAR_BREAKOUT,0.1186254127430701,0.4549345725816313,-0.1112877583465745
2011-03-15,12:00:00,81.501,81.545,80.724,80.797,17009,83.287,81.201,BEARISH_20_BAR_BREAKOUT,-0.21659220020544967,0.40719333638626154,-0.2017401636199323
2011-03-15,16:00:00,80.796,81.067,80.605,80.622,14521,83.287,80.724,BEARISH_20_BAR_BREAKOUT,0.11039170449753,0.2890030016620824,-0.4936617796631145
2011-03-16,16:00:00,80.634,80.825,79.978,80.224,17829,83.287,80.457,BEARISH_20_BAR_BREAKOUT,-0.8052453131232559,-1.4933187076186771,-1.5992720382927816
2011-03-16,20:00:00,80.22,80.262,79.56,79.578,16123,82.84,79.978,BEARISH_20_BAR_BREAKOUT,-0.06031817839101487,-0.7765965467842986,-0.8783834728191183
2011-03-17,00:00:00,79.575,79.61,76.404,79.53,27386,82.426,79.56,BEARISH_20_BAR_BREAKOUT,-0.6337231233496855,-0.8927448761473759,2.1916258015843013
2011-03-25,16:00:00,81.08,81.474,81.078,81.467,11331,81.37,80.698,BULLISH_20_BAR_BREAKOUT,-0.1681662513655842,0.35719984779112623,0.24181570451839732
2011-03-28,00:00:00,81.393,81.597,81.377,81.573,2862,81.484,80.698,BULLISH_20_BAR_BREAKOUT,0.2267907273239948,0.1556887695683738,0.17407720691896844
2011-03-28,04:00:00,81.575,81.764,81.516,81.758,7981,81.597,80.698,BULLISH_20_BAR_BREAKOUT,-0.08684165463929885,-0.11497345825484245,-0.0525942415421025
2011-03-29,12:00:00,81.718,82.219,81.649,82.175,12343,81.84,80.76,BULLISH_20_BAR_BREAKOUT,0.2543352601156108,0.3954974140553731,1.167021600243387
2011-03-29,16:00:00,82.179,82.462,82.121,82.384,14619,82.219,80.76,BULLISH_20_BAR_BREAKOUT,0.0473392891823673,0.7197999611575105,0.7197999611575105
2011-03-30,00:00:00,82.424,82.522,82.363,82.5,5442,82.463,80.808,BULLISH_20_BAR_BREAKOUT,0.5781818181818229,0.7684848484848489,0.6678787878787902
2011-03-30,04:00:00,82.499,82.98,82.412,82.977,12350,82.522,80.871,BULLISH_20_BAR_BREAKOUT,0.02530821793991202,0.0,-0.18559359822602717
2011-03-30,08:00:00,82.978,83.134,82.809,82.998,12733,82.98,80.871,BULLISH_20_BAR_BREAKOUT,0.16385937010529852,-0.12409937588858604,-0.28193450444590096
2011-04-01,00:00:00,83.119,83.462,83.119,83.443,8142,83.213,81.536,BULLISH_20_BAR_BREAKOUT,0.1749697398223947,0.9383651115132501,0.8113322867106969
2011-04-01,04:00:00,83.443,83.735,83.438,83.589,10469,83.462,81.536,BULLISH_20_BAR_BREAKOUT,0.10886599911472586,0.7046381700941495,0.6783189175609318
2011-04-01,12:00:00,83.679,84.377,83.639,84.226,11953,83.735,81.536,BULLISH_20_BAR_BREAKOUT,-0.05698952817420015,-0.12585187471801407,-0.2837603590340326
2011-04-05,20:00:00,84.617,84.866,84.582,84.857,7110,84.713,82.697,BULLISH_20_BAR_BREAKOUT,0.37003429298703366,0.10016851880221285,0.7365332264869133
2011-04-06,00:00:00,84.858,85.217,84.854,85.171,8839,84.866,82.697,BULLISH_20_BAR_BREAKOUT,0.20899132333775258,0.16554930668888604,0.25008512287045337
2011-04-06,04:00:00,85.172,85.514,85.117,85.349,10716,85.217,82.814,BULLISH_20_BAR_BREAKOUT,-0.47686557546076774,-0.04452307584154085,-0.11247934949443301
2011-04-11,08:00:00,84.728,84.87,84.545,84.559,10440,85.514,84.588,BEARISH_20_BAR_BREAKOUT,0.11826062276044955,0.033112974372929906,-0.3595122931917384
2011-04-12,00:00:00,84.588,84.776,84.264,84.29,9068,85.493,84.51,BEARISH_20_BAR_BREAKOUT,-0.43065606833550785,-0.32032269545617537,-0.44251987187092734
2011-04-12,04:00:00,84.291,84.321,83.464,83.927,15437,85.493,84.264,BEARISH_20_BAR_BREAKOUT,0.3908158280410222,-0.27166466095536435,0.21328058908335557
2011-04-14,08:00:00,83.551,83.681,83.216,83.216,10865,85.147,83.284,BEARISH_20_BAR_BREAKOUT,-0.07330321092096813,0.3268602191886243,0.02403383964623418
2011-04-14,12:00:00,83.216,83.349,82.957,83.155,14647,84.951,83.216,BEARISH_20_BAR_BREAKOUT,0.3619746256989982,0.6349588118573817,0.012025735073062493
2011-04-18,04:00:00,83.073,83.112,82.856,82.863,8873,84.258,82.957,BEARISH_20_BAR_BREAKOUT,-0.2558439834425537,-0.5587536053485801,-0.4887585532746837
2011-04-18,08:00:00,82.864,82.969,82.648,82.651,11244,84.258,82.856,BEARISH_20_BAR_BREAKOUT,0.2746488245756299,-0.010889160445730047,-0.272229011143234
2011-04-18,16:00:00,82.877,82.895,82.181,82.4,14269,84.258,82.648,BEARISH_20_BAR_BREAKOUT,0.2936893203883376,0.07038834951455428,0.03276699029126338
2011-04-21,08:00:00,82.24,82.281,81.87,82.045,11629,83.251,82.161,BEARISH_20_BAR_BREAKOUT,-0.24742519349138029,-0.24986288012675764,-0.12554086172223614
2011-04-21,12:00:00,82.044,82.065,81.727,81.842,10821,83.112,81.87,BEARISH_20_BAR_BREAKOUT,-0.08919625620096441,-0.17472691283204306,0.08430879010777183
2011-04-26,20:00:00,81.746,81.747,81.483,81.545,6033,82.418,81.562,BEARISH_20_BAR_BREAKOUT,-0.08829480654853483,0.3127107731927101,0.7357900545710888
2011-04-27,00:00:00,81.546,81.606,81.264,81.473,7585,82.418,81.483,BEARISH_20_BAR_BREAKOUT,0.11660304640801107,1.0101506020399489,0.7352128926147359
2011-04-27,16:00:00,82.295,82.761,82.254,82.431,12256,82.418,81.264,BULLISH_20_BAR_BREAKOUT,-0.34695684875835714,-0.8540476277128672,-1.0578544479625382
2011-05-03,04:00:00,81.036,81.116,80.974,80.982,4850,82.49,80.996,BEARISH_20_BAR_BREAKOUT,0.035810427008466525,-0.011113580795732806,-0.08026475019139775
2011-05-03,12:00:00,81.01,81.066,80.704,80.712,8353,82.116,80.895,BEARISH_20_BAR_BREAKOUT,0.3233719892952667,0.28372484884527605,0.2738130637327828
2011-05-04,16:00:00,80.929,80.964,80.431,80.513,11501,81.682,80.694,BEARISH_20_BAR_BREAKOUT,0.11426726118763274,-0.11550929663533036,-0.4409225839305503
2011-05-05,04:00:00,80.604,80.645,80.417,80.42,5431,81.682,80.431,BEARISH_20_BAR_BREAKOUT,-0.21263367321562604,-0.32578960457597667,0.03979109674209957
2011-05-05,08:00:00,80.421,80.485,80.234,80.249,7693,81.682,80.417,BEARISH_20_BAR_BREAKOUT,-0.5719697441712532,-0.25171653229323504,0.07601340826677846
2011-05-05,12:00:00,80.255,80.265,79.582,79.79,14421,81.682,80.234,BEARISH_20_BAR_BREAKOUT,0.46121067802982196,0.7807995989472244,1.171826043363815
2011-05-11,12:00:00,80.655,81.229,80.627,81.119,12933,81.078,80.155,BULLISH_20_BAR_BREAKOUT,-0.2823013104204924,0.022189622653140055,-0.20710314476264052
2011-05-17,08:00:00,81.126,81.726,81.121,81.717,12341,81.324,80.367,BULLISH_20_BAR_BREAKOUT,-0.2398521727425113,-0.39404285521984744,-0.7685059412362178
2011-05-19,08:00:00,81.534,81.937,81.528,81.914,3515,81.802,80.626,BULLISH_20_BAR_BREAKOUT,0.23683375247210808,-0.3845496496325386,-0.47855067509826876
2011-05-19,12:00:00,81.915,82.169,81.81,82.108,3404,81.937,80.693,BULLISH_20_BAR_BREAKOUT,-0.445754372290154,-0.4822916159204959,-0.42992156671701737
2011-05-26,12:00:00,81.742,81.895,81.147,81.233,13853,82.21,81.318,BEARISH_20_BAR_BREAKOUT,0.16865067152511964,-0.11325446554971347,-0.11079241195081235
2011-05-27,00:00:00,81.285,81.409,81.083,81.141,5798,82.21,81.147,BEARISH_20_BAR_BREAKOUT,-0.13063679274350667,0.0024648451460979512,-0.31550017870127334
2011-05-27,04:00:00,81.142,81.153,80.888,81.035,11003,82.21,81.083,BEARISH_20_BAR_BREAKOUT,-0.022212624174740153,-0.28629604491886135,-0.30850866909360153
2011-05-27,16:00:00,81.143,81.284,80.703,80.803,11234,82.21,80.831,BEARISH_20_BAR_BREAKOUT,-0.050740690320899985,-0.022276400628690376,0.1460341818991983
2011-06-03,08:00:00,80.753,80.764,80.553,80.562,9119,81.763,80.563,BEARISH_20_BAR_BREAKOUT,-0.3810729624388697,-0.371142722375304,-0.5263027233683281
2011-06-03,12:00:00,80.56,80.692,80.055,80.255,7721,81.763,80.553,BEARISH_20_BAR_BREAKOUT,0.02741262226653239,-0.10591240421156782,-0.0859759516540881
2011-06-09,20:00:00,80.092,80.413,80.082,80.354,7138,80.326,79.694,BULLISH_20_BAR_BREAKOUT,-0.16676207780571017,-0.3795704009756734,-0.06098016277969035
2011-06-13,04:00:00,80.435,80.681,80.428,80.529,9239,80.451,79.694,BULLISH_20_BAR_BREAKOUT,-0.19371903289497164,-0.3973723751691852,-0.3228650548249586
2011-06-15,08:00:00,80.489,80.752,80.43,80.729,10674,80.681,79.964,BULLISH_20_BAR_BREAKOUT,0.14988418040604382,0.26260699376928154,-0.07060659738136502
2011-06-15,12:00:00,80.725,81.047,80.628,80.85,10204,80.752,79.964,BULLISH_20_BAR_BREAKOUT,-0.07297464440321275,0.07297464440323032,0.018552875695733544
2011-06-23,00:00:00,80.281,80.509,80.28,80.5,6727,80.373,80.009,BULLISH_20_BAR_BREAKOUT,-0.06708074534161744,0.27950310559005503,-0.014906832298137211
2011-06-23,12:00:00,80.512,80.787,80.494,80.725,10954,80.628,80.009,BULLISH_20_BAR_BREAKOUT,-0.28739547847630764,-0.2935893465469121,-0.6069990709197831
2011-06-27,16:00:00,80.852,80.971,80.803,80.91,8861,80.868,80.009,BULLISH_20_BAR_BREAKOUT,-0.04078605858361297,-0.13100976393522995,0.04943764676802158
2011-06-28,20:00:00,80.956,81.258,80.949,81.111,6637,80.997,80.134,BULLISH_20_BAR_BREAKOUT,-0.12575359692274027,-0.013561662413248375,-0.4204115348103317
2011-06-30,12:00:00,80.384,80.461,80.255,80.283,9121,81.258,80.303,BEARISH_20_BAR_BREAKOUT,0.33008233374437995,0.7050060411295075,0.5592715767970778
2011-07-07,12:00:00,80.928,81.405,80.915,81.262,7991,81.183,80.532,BULLISH_20_BAR_BREAKOUT,-0.06768231153553544,0.006152937412315046,-0.7961901011542979
2011-07-08,12:00:00,81.349,81.467,80.56,80.615,10674,81.405,80.764,BEARISH_20_BAR_BREAKOUT,0.0471376294734366,0.07442783601067081,-0.27414252930594735
2011-07-11,12:00:00,80.76,80.781,80.318,80.394,10914,81.467,80.495,BEARISH_20_BAR_BREAKOUT,-0.09950991367516544,-0.2164340622434592,-0.7450804786426894
2011-07-11,16:00:00,80.394,80.468,80.304,80.314,10929,81.467,80.318,BEARISH_20_BAR_BREAKOUT,-0.08342256642676629,-0.2689443932564609,-0.966207635032493
2011-07-11,20:00:00,80.315,80.367,80.1,80.247,6435,81.467,80.304,BEARISH_20_BAR_BREAKOUT,-0.03364611761187462,-0.7688760950565185,-1.2548755716724673
2011-07-12,04:00:00,80.221,80.235,80.05,80.098,8272,81.467,80.1,BEARISH_20_BAR_BREAKOUT,-0.5842842517915597,-0.6991435491522914,-0.7690579040675168
2011-07-12,08:00:00,80.099,80.176,79.29,79.63,15348,81.467,80.05,BEARISH_20_BAR_BREAKOUT,0.20720833856587498,-0.48976516388295943,-0.41064925279417075
2011-07-12,20:00:00,79.539,79.574,79.239,79.24,7299,81.467,79.29,BEARISH_20_BAR_BREAKOUT,0.31044926804645295,0.07950530035335991,-0.333165068147395
2011-07-20,08:00:00,79.148,79.15,78.709,78.806,7955,79.304,78.82,BEARISH_20_BAR_BREAKOUT,0.08628784610308586,-0.05202649544450526,0.05710225109763433
2011-07-21,16:00:00,78.725,78.741,78.337,78.499,10330,79.304,78.606,BEARISH_20_BAR_BREAKOUT,-0.27134103619153604,0.12866405941476847,-0.06242117733982902
2011-07-21,20:00:00,78.501,78.622,78.281,78.286,5191,79.304,78.337,BEARISH_20_BAR_BREAKOUT,0.4394144546917636,0.2950719157959208,0.3116776946069537
2011-07-25,08:00:00,78.474,78.503,78.133,78.162,7948,79.304,78.202,BEARISH_20_BAR_BREAKOUT,0.06013152171131373,0.1535272894756919,-0.07164606842201017
2011-07-26,04:00:00,78.221,78.637,77.886,78.046,8252,79.025,78.052,BEARISH_20_BAR_BREAKOUT,0.07687773876942836,0.008969069523089962,-0.2793224508623165
2011-07-26,20:00:00,78.054,78.075,77.825,77.871,3686,78.971,77.886,BEARISH_20_BAR_BREAKOUT,-0.025683502202355206,-0.30691785131819305,0.11043905947014745
2011-07-27,08:00:00,77.827,77.842,77.569,77.632,7224,78.72,77.771,BEARISH_20_BAR_BREAKOUT,0.19193116240725588,0.4186417971970175,0.0785758450123568
2011-07-29,04:00:00,77.826,77.828,77.451,77.502,6443,78.637,77.569,BEARISH_20_BAR_BREAKOUT,0.1199969033057257,-0.4245051740600159,0.0825785141028711
2011-07-29,12:00:00,77.594,77.659,77.114,77.216,7232,78.637,77.451,BEARISH_20_BAR_BREAKOUT,-0.05568794032323891,1.0075631993369325,-0.4325528387898739
2011-07-29,20:00:00,77.172,77.184,76.722,76.768,6640,78.203,77.001,BEARISH_20_BAR_BREAKOUT,1.5970195914964556,0.8610358482701144,0.5705502292621957
2011-08-04,04:00:00,77.119,79.366,77.11,79.248,17181,78.021,76.292,BULLISH_20_BAR_BREAKOUT,0.206945285685445,-0.6145265495659309,-0.8290430042398681
2011-08-04,08:00:00,79.248,79.995,79.161,79.412,17591,79.366,76.292,BULLISH_20_BAR_BREAKOUT,0.08814788696921519,-0.6875535183599537,-1.1635521079937623
2011-08-09,20:00:00,77.084,77.197,76.699,76.941,16397,80.228,76.979,BEARISH_20_BAR_BREAKOUT,0.20405245577779918,-0.42110188326119763,-0.12087183686201573
2011-08-10,08:00:00,76.916,77.023,76.573,76.617,12941,79.385,76.699,BEARISH_20_BAR_BREAKOUT,-0.26234386624379397,0.30149966717568494,-0.09527911560098608
2011-08-10,12:00:00,76.618,76.682,76.347,76.416,12888,79.385,76.573,BEARISH_20_BAR_BREAKOUT,0.1452575376884477,0.7825586264656603,0.49073492462311563
2011-08-17,12:00:00,76.583,76.592,76.442,76.489,10917,77.086,76.504,BEARISH_20_BAR_BREAKOUT,0.01830328543973093,0.19479925218005323,0.13727464079800988
2011-08-19,08:00:00,76.47,76.627,76.306,76.397,12858,76.919,76.402,BEARISH_20_BAR_BREAKOUT,0.0471222691990541,0.17801746141863645,0.4293362304802397
2011-08-25,16:00:00,77.174,77.659,77.039,77.645,11884,77.262,76.461,BULLISH_20_BAR_BREAKOUT,-0.24727928392039808,-0.5937278639963919,-1.2235172902311842
2011-09-01,00:00:00,76.662,77.216,76.657,77.092,10152,77.062,76.42,BULLISH_20_BAR_BREAKOUT,-0.43195143464950764,-0.3152078036631492,-0.23997301924973055
2011-09-09,08:00:00,77.472,77.778,77.422,77.769,12206,77.717,76.709,BULLISH_20_BAR_BREAKOUT,0.03471820391158562,-0.25588602142243344,-1.1881340894186714
2011-09-09,12:00:00,77.77,77.849,77.661,77.796,13776,77.778,76.709,BULLISH_20_BAR_BREAKOUT,-0.5064527739215454,-0.33163658799939555,-0.8985037791146231
2011-09-12,08:00:00,77.22,77.221,76.743,76.845,15110,77.849,77.067,BEARISH_20_BAR_BREAKOUT,0.32793285184461624,0.48148871104171326,0.18218491769145756
2011-09-14,12:00:00,76.862,76.89,76.66,76.739,10293,77.849,76.743,BEARISH_20_BAR_BREAKOUT,-0.05994344466308719,-0.04560914267844356,0.22674259502989663
2011-09-14,20:00:00,76.696,76.701,76.595,76.615,6192,77.849,76.642,BEARISH_20_BAR_BREAKOUT,0.11616524179338071,0.10441819487045395,0.09267114794754573
2011-09-19,16:00:00,76.711,76.833,76.322,76.485,11840,77.255,76.548,BEARISH_20_BAR_BREAKOUT,0.10982545597176332,0.040530823037204566,0.011767013139831785
2011-09-21,00:00:00,76.436,76.47,76.247,76.284,5398,77.255,76.322,BEARISH_20_BAR_BREAKOUT,0.07865345288656607,0.11273661580409851,0.571548424309151
2011-09-30,16:00:00,76.799,77.189,76.683,77.125,13071,77.011,76.303,BULLISH_20_BAR_BREAKOUT,-0.17633711507292793,-0.13484602917341876,-0.5653160453808844
2011-10-12,08:00:00,76.691,76.718,76.325,76.454,8941,76.897,76.561,BEARISH_20_BAR_BREAKOUT,0.9561304836895503,1.0333010699244072,0.5323462474167613
2011-10-12,12:00:00,76.456,77.288,76.437,77.185,13706,76.897,76.325,BULLISH_20_BAR_BREAKOUT,0.2500485845695379,-0.05571030640669348,-0.42495303491611447
2011-10-12,16:00:00,77.185,77.48,77.184,77.378,13965,77.288,76.325,BULLISH_20_BAR_BREAKOUT,-0.1731758380935154,-0.39416888521286,-0.6655638553594052
2011-10-21,12:00:00,76.659,76.764,76.101,76.179,10480,77.081,76.617,BEARISH_20_BAR_BREAKOUT,0.06826028170492196,0.23497289279197944,-0.03150474540227741
2011-10-31,04:00:00,75.761,79.483,75.57,79.188,16272,76.307,75.652,BULLISH_20_BAR_BREAKOUT,-0.49376168106279406,-1.540637470323785,-1.3284841137546177
2011-11-08,16:00:00,77.967,77.98,77.598,77.782,12209,78.254,77.883,BEARISH_20_BAR_BREAKOUT,-0.12470751587770204,-0.28541307757578127,-0.026998534365278336
2011-11-09,04:00:00,77.649,77.674,77.53,77.56,5022,78.254,77.598,BEARISH_20_BAR_BREAKOUT,0.1353790613718463,0.259154203197516,0.19468798349664293
2011-11-11,08:00:00,77.561,77.57,77.318,77.391,9379,78.085,77.487,BEARISH_20_BAR_BREAKOUT,-0.0723598351229621,-0.29977645979506573,-0.48713674716699557
2011-11-11,16:00:00,77.335,77.4,77.039,77.14,11024,78.05,77.314,BEARISH_20_BAR_BREAKOUT,0.024630541871928254,-0.011667098781436793,-0.16074669432200572
2011-11-14,08:00:00,77.128,77.148,76.994,77.014,9827,77.877,77.039,BEARISH_20_BAR_BREAKOUT,0.014283117355298896,0.10257875191524624,0.08440023891759645
2011-11-18,08:00:00,76.863,76.9,76.673,76.779,10275,77.408,76.843,BEARISH_20_BAR_BREAKOUT,-0.2122976334674803,0.06251709451803465,-0.0065121973456224395
2011-11-18,12:00:00,76.781,76.788,76.561,76.616,11088,77.408,76.673,BEARISH_20_BAR_BREAKOUT,0.3967839615746085,0.3197765479795402,0.33674428317844257
2011-11-23,16:00:00,77.188,77.572,77.156,77.4,10524,77.309,76.561,BULLISH_20_BAR_BREAKOUT,-0.0852713178294606,-0.4302325581395512,-0.39664082687338775
2011-11-25,16:00:00,77.521,77.728,77.502,77.655,10504,77.572,76.825,BULLISH_20_BAR_BREAKOUT,0.06438735432360718,-0.028330435902395944,0.5022213637241653
2011-11-28,16:00:00,77.734,78.234,77.699,78.045,10807,77.784,76.941,BULLISH_20_BAR_BREAKOUT,-0.12300595810110018,0.029470177461715846,-0.24729322826574138
2011-12-08,08:00:00,77.637,77.651,77.552,77.572,6117,78.091,77.581,BEARISH_20_BAR_BREAKOUT,-0.27587273758572506,0.14696024338679461,0.15340586809673562
2011-12-08,12:00:00,77.573,77.584,77.3,77.358,9741,78.059,77.552,BEARISH_20_BAR_BREAKOUT,0.3942707929367261,0.4240026887975425,0.3878073373148183
2011-12-12,12:00:00,77.691,77.914,77.689,77.796,9051,77.781,77.133,BULLISH_20_BAR_BREAKOUT,0.08997891922463003,0.15682040207722747,0.028279088899161083
2011-12-14,12:00:00,77.97,78.142,77.912,78.057,7935,78.032,77.482,BULLISH_20_BAR_BREAKOUT,0.010248920660537255,-0.039714567559611454,-0.31131096506400346
2011-12-16,16:00:00,77.777,77.851,77.604,77.635,7841,78.142,77.638,BEARISH_20_BAR_BREAKOUT,0.1455529078379591,0.4160494622270796,0.4173375410575102
2011-12-22,16:00:00,78.097,78.19,78.066,78.12,7281,78.116,77.681,BULLISH_20_BAR_BREAKOUT,0.04224270353302771,-0.03968253968254725,0.0012800819252311367
2011-12-28,08:00:00,77.77,77.807,77.733,77.74,4265,78.211,77.748,BEARISH_20_BAR_BREAKOUT,-0.1350656032930149,0.18523282737330263,-0.06303061487006996
2011-12-28,12:00:00,77.741,77.744,77.601,77.635,5875,78.211,77.733,BEARISH_20_BAR_BREAKOUT,0.4327944870226038,0.28852965801505703,0.15843369614219158
2011-12-30,04:00:00,77.692,77.728,77.504,77.504,5525,78.026,77.554,BEARISH_20_BAR_BREAKOUT,0.13031585466556445,-0.6915772089182511,-0.7341556564822495
2011-12-30,12:00:00,77.606,77.607,77.292,77.4,8301,78.026,77.501,BEARISH_20_BAR_BREAKOUT,-0.5581395348837237,-0.4211886304909659,-0.6175710594315357
2011-12-30,16:00:00,77.399,77.449,76.889,76.968,10730,78.026,77.292,BEARISH_20_BAR_BREAKOUT,-0.03378027232097815,-0.04287496102276433,-0.09874233447667552
2012-01-02,20:00:00,76.9,76.934,76.872,76.878,1405,78.026,76.889,BEARISH_20_BAR_BREAKOUT,0.009105335726742374,-0.10276021748743921,-0.3082806524623361
2012-01-03,04:00:00,76.884,76.908,76.812,76.816,3365,78.019,76.849,BEARISH_20_BAR_BREAKOUT,-0.022130806082060906,-0.19787544261612297,-0.20438450322848947
2012-01-03,08:00:00,76.817,76.871,76.737,76.799,7430,77.973,76.812,BEARISH_20_BAR_BREAKOUT,-0.11979322647431992,-0.20573184546673948,-0.1523457336684129
2012-01-03,12:00:00,76.799,76.833,76.64,76.707,10352,77.883,76.737,BEARISH_20_BAR_BREAKOUT,-0.05605746542035559,-0.09777464898899531,0.0
2012-01-05,16:00:00,76.833,77.223,76.809,77.176,11079,76.998,76.597,BULLISH_20_BAR_BREAKOUT,0.062195501192082794,0.007774437649010349,-0.1567844925883631
2012-01-05,20:00:00,77.18,77.231,77.117,77.224,5491,77.223,76.597,BULLISH_20_BAR_BREAKOUT,-0.07122138195380558,-0.11783901377811067,-0.34574743603026276
2012-01-12,16:00:00,76.851,76.898,76.658,76.748,7655,77.028,76.761,BEARISH_20_BAR_BREAKOUT,0.03518006983895479,-0.0013029655495970902,0.19023297024026786
2012-01-17,08:00:00,76.713,76.718,76.564,76.615,5681,76.992,76.65,BEARISH_20_BAR_BREAKOUT,0.2049207074332842,0.26757162435554177,0.09789205769105638
2012-01-19,16:00:00,76.806,77.313,76.771,77.225,10376,76.873,76.545,BULLISH_20_BAR_BREAKOUT,-0.11913240530915994,-0.16186468112657817,-0.34574295888636575
2012-01-24,12:00:00,77.232,77.665,77.172,77.648,10616,77.313,76.694,BULLISH_20_BAR_BREAKOUT,0.17772511848341907,0.12105913867711762,0.567947661240473
2012-01-24,16:00:00,77.651,77.843,77.549,77.786,9870,77.665,76.694,BULLISH_20_BAR_BREAKOUT,-0.08870490833826475,0.10156069215539237,0.44481012007302545
2012-01-25,04:00:00,77.743,77.973,77.741,77.865,6420,77.843,76.858,BULLISH_20_BAR_BREAKOUT,0.23502215372761442,0.34290117511078166,-0.23502215372759616
2012-01-25,08:00:00,77.866,78.063,77.851,78.048,8614,77.973,76.858,BULLISH_20_BAR_BREAKOUT,0.052531775317749094,-0.41769167691677894,-0.5893808938089482
2012-01-25,12:00:00,78.049,78.231,77.972,78.089,9658,78.063,76.858,BULLISH_20_BAR_BREAKOUT,0.055065374124404674,-0.43155886232376306,-0.6057191153683604
2012-01-27,16:00:00,76.953,76.972,76.664,76.675,10958,78.277,76.867,BEARISH_20_BAR_BREAKOUT,-0.01043364851645982,-0.018258884903809315,-0.5034235409194596
2012-01-30,16:00:00,76.658,76.688,76.279,76.289,10547,78.277,76.623,BEARISH_20_BAR_BREAKOUT,0.057675418474481155,-0.15205337597818774,0.04849978371717014
2012-01-31,04:00:00,76.357,76.384,76.169,76.173,7093,78.142,76.21,BEARISH_20_BAR_BREAKOUT,0.06564005618788436,0.20085857193492654,0.018379215732603142
2012-02-03,16:00:00,76.243,76.729,76.191,76.533,12686,76.411,76.018,BULLISH_20_BAR_BREAKOUT,0.023519266198895484,0.287457697986488,-0.0013066258999448275
2012-02-06,04:00:00,76.507,76.792,76.498,76.753,6417,76.729,76.018,BULLISH_20_BAR_BREAKOUT,-0.12507654423931786,-0.28793662788425683,-0.053418107435535836
2012-02-07,12:00:00,76.679,76.856,76.678,76.798,8726,76.795,76.034,BULLISH_20_BAR_BREAKOUT,0.09896091044036745,0.1484413656605697,0.0820333862861043
2012-02-07,16:00:00,76.797,76.952,76.683,76.874,11678,76.856,76.034,BULLISH_20_BAR_BREAKOUT,-0.13268465280847835,0.20423029893073172,0.02341493873091121
2012-02-08,04:00:00,76.912,77.092,76.885,77.031,7490,76.952,76.091,BULLISH_20_BAR_BREAKOUT,0.0298581090729656,-0.18044683309318327,0.17785047578247776
2012-02-09,12:00:00,77.161,77.251,77.097,77.243,9621,77.236,76.498,BULLISH_20_BAR_BREAKOUT,0.21749543647968925,0.5307924342659022,0.5126678145592491
2012-02-09,16:00:00,77.239,77.459,77.173,77.411,13132,77.251,76.499,BULLISH_20_BAR_BREAKOUT,0.3410368035550449,0.2816137241477355,0.20798077792561956
2012-02-09,20:00:00,77.409,77.719,77.399,77.675,7620,77.459,76.499,BULLISH_20_BAR_BREAKOUT,-0.028323141293841468,-0.12487930479561533,-0.10556807209526056
2012-02-14,04:00:00,77.525,77.947,77.508,77.869,7499,77.799,76.868,BULLISH_20_BAR_BREAKOUT,0.08989456651554942,0.6600829598428075,0.8090510986400177
2012-02-14,12:00:00,77.939,78.183,77.938,78.136,10649,78.061,77.092,BULLISH_20_BAR_BREAKOUT,0.3161154909388757,0.45689566908979135,0.5298453977679962
2012-02-14,16:00:00,78.135,78.459,78.009,78.383,11597,78.183,77.097,BULLISH_20_BAR_BREAKOUT,0.054858834185992335,0.1479912736180035,-0.21560797621932937
2012-02-16,08:00:00,78.429,78.78,78.406,78.744,8934,78.651,77.357,BULLISH_20_BAR_BREAKOUT,0.03428832672965689,0.21588946459412997,0.34288326729655083
2012-02-17,00:00:00,78.913,78.976,78.788,78.975,6424,78.955,77.357,BULLISH_20_BAR_BREAKOUT,0.10509654954100997,0.31149097815765664,0.8154479265590446
2012-02-17,04:00:00,78.975,79.165,78.973,79.058,7682,78.976,77.357,BULLISH_20_BAR_BREAKOUT,-0.055655341647918154,0.34531609704267263,0.5881757696880634
2012-02-17,12:00:00,79.015,79.23,78.981,79.221,9291,79.17,77.508,BULLISH_20_BAR_BREAKOUT,0.13885207205160177,0.502392042513975,0.30294997538530805
2012-02-17,16:00:00,79.225,79.392,79.213,79.331,11319,79.23,77.832,BULLISH_20_BAR_BREAKOUT,0.25841096166693767,0.24202392507341774,0.26219258549621005
2012-02-17,20:00:00,79.332,79.602,79.31,79.536,7807,79.392,77.938,BULLISH_20_BAR_BREAKOUT,0.1043552605109616,-0.1144135988734764,0.08675316837658748
2012-02-20,00:00:00,79.734,79.881,79.571,79.619,6134,79.602,78.009,BULLISH_20_BAR_BREAKOUT,-0.1205742347932072,-0.19844509476381425,0.09294263931975794
2012-02-22,04:00:00,79.824,80.055,79.806,80.039,7627,79.881,78.752,BULLISH_20_BAR_BREAKOUT,0.1811616836792014,0.32609103062256606,0.13868239233374255
2012-02-22,08:00:00,80.039,80.206,79.939,80.184,10297,80.055,78.788,BULLISH_20_BAR_BREAKOUT,0.06485084306096817,0.1321959493165828,-0.004988526389292973
2012-02-22,12:00:00,80.183,80.355,80.089,80.236,10497,80.206,78.972,BULLISH_20_BAR_BREAKOUT,0.07976469415224208,0.09970586769031144,-0.08225734084451182
2012-02-24,08:00:00,80.316,80.638,80.28,80.583,10569,80.395,79.544,BULLISH_20_BAR_BREAKOUT,-0.07197547869897215,0.7458148741049591,0.35367261084843776
2012-02-24,16:00:00,80.525,80.898,80.487,80.873,10108,80.638,79.612,BULLISH_20_BAR_BREAKOUT,0.38455355928430107,0.3004711090227826,-0.5799216054802075
2012-02-24,20:00:00,80.878,81.201,80.789,81.184,8345,80.898,79.612,BULLISH_20_BAR_BREAKOUT,0.17491131257390116,-0.3892392589672873,-0.7747832085139814
2012-02-27,00:00:00,81.567,81.575,81.086,81.326,5457,81.201,79.618,BULLISH_20_BAR_BREAKOUT,-0.25822000344292567,-1.0734574428841828,-1.2247005877579067
2012-03-02,04:00:00,81.264,81.51,81.148,81.455,7957,81.371,80.013,BULLISH_20_BAR_BREAKOUT,0.1092627831317889,0.12399484377877246,0.13504388926401012
2012-03-02,08:00:00,81.455,81.705,81.401,81.544,10793,81.51,80.013,BULLISH_20_BAR_BREAKOUT,-0.05273226724221544,0.29677229471206273,-0.27715098597076315
2012-03-02,20:00:00,81.557,81.863,81.517,81.786,9495,81.723,80.24,BULLISH_20_BAR_BREAKOUT,-0.23842711466511066,-0.5722250751962482,-0.3827060866162942
2012-03-06,16:00:00,81.092,81.115,80.585,80.724,13136,81.863,80.78,BEARISH_20_BAR_BREAKOUT,0.1375055745503072,0.02353699023833215,0.4013676230117413
2012-03-09,04:00:00,81.627,81.885,81.567,81.779,7237,81.724,80.578,BULLISH_20_BAR_BREAKOUT,-0.01711930935814304,0.9806918646596398,0.7141197617970423
2012-03-09,16:00:00,81.778,82.635,81.773,82.581,15590,81.885,80.578,BULLISH_20_BAR_BREAKOUT,-0.16347586006466996,-0.2639832406970169,-0.45288867899396884
2012-03-13,08:00:00,82.367,82.785,81.961,82.756,14498,82.635,81.071,BULLISH_20_BAR_BREAKOUT,0.07612741070134176,0.22113200251340412,0.7733578229977289
2012-03-13,12:00:00,82.757,82.849,82.511,82.819,10546,82.785,81.179,BULLISH_20_BAR_BREAKOUT,-0.15093154952366003,0.3972518383462654,0.9067967495381379
2012-03-13,20:00:00,82.696,83.074,82.651,82.939,10147,82.849,81.321,BULLISH_20_BAR_BREAKOUT,0.25199242817010475,0.551007366859991,0.9476844427832521
2012-03-14,00:00:00,82.942,83.201,82.855,83.148,6193,83.074,81.321,BULLISH_20_BAR_BREAKOUT,0.043296290951076837,0.507528743926489,0.9922066676288098
2012-03-14,08:00:00,83.185,83.489,83.068,83.396,11647,83.204,81.469,BULLISH_20_BAR_BREAKOUT,0.2086431003884987,0.3945033334932053,0.42088349561129923
2012-03-14,12:00:00,83.395,83.638,83.323,83.57,11066,83.489,81.469,BULLISH_20_BAR_BREAKOUT,0.11367715687449213,0.4822304654780493,-0.2536795500777661
2012-03-14,16:00:00,83.568,83.82,83.533,83.665,11501,83.638,81.469,BULLISH_20_BAR_BREAKOUT,0.0717145759875552,0.49722106018047785,-0.3992111396641405
2012-03-15,00:00:00,83.725,84.007,83.643,83.973,7106,83.82,81.773,BULLISH_20_BAR_BREAKOUT,0.12861276838984445,-0.732378264442136,-0.5918569063865765
2012-03-15,04:00:00,83.974,84.167,83.936,84.081,7777,84.007,81.961,BULLISH_20_BAR_BREAKOUT,-0.3972359986203817,-0.8919970028900702,-0.7171655903236268
2012-03-21,12:00:00,83.785,84.088,83.76,84.029,12921,83.936,83.013,BULLISH_20_BAR_BREAKOUT,-0.3879612990753114,-0.7723524021468791,-1.0793892584702858
2012-03-22,08:00:00,83.225,83.406,82.771,82.843,13539,84.088,83.013,BEARISH_20_BAR_BREAKOUT,0.3367816230701403,-0.38506572673611844,-0.2365921079632533
2012-03-22,16:00:00,83.121,83.174,82.387,82.399,15829,84.088,82.673,BEARISH_20_BAR_BREAKOUT,0.15170087015619121,0.4526753965460802,0.04854427844997153
2012-03-29,08:00:00,82.63,82.73,82.241,82.407,11633,83.375,82.43,BEARISH_20_BAR_BREAKOUT,-0.16260754547550613,0.02548327205213246,-0.300945308044208
2012-04-03,00:00:00,82.066,82.223,81.547,81.755,8258,83.292,81.831,BEARISH_20_BAR_BREAKOUT,0.2165005198458892,0.5308543819949819,1.2806556173934454
2012-04-06,12:00:00,82.426,82.541,81.319,81.463,9921,82.984,81.755,BEARISH_20_BAR_BREAKOUT,0.13625817855959663,0.05278469980237208,-0.16326430403986542
2012-04-10,16:00:00,81.09,81.125,80.699,80.745,13968,82.541,80.915,BEARISH_20_BAR_BREAKOUT,-0.09907734225029202,0.09907734225029202,0.2860858257477175
2012-04-10,20:00:00,80.747,80.811,80.643,80.665,8421,82.541,80.699,BEARISH_20_BAR_BREAKOUT,0.00991756028016558,-0.06942292196121191,0.23306266658400565
2012-04-11,08:00:00,80.825,80.939,80.58,80.609,13294,82.541,80.633,BEARISH_20_BAR_BREAKOUT,0.35107742311652707,0.30269572876477785,0.5632125445049657
2012-04-18,04:00:00,81.147,81.425,81.123,81.377,8470,81.185,80.311,BULLISH_20_BAR_BREAKOUT,0.1744964793492143,-0.17449647934919685,0.0380943018297626
2012-04-18,08:00:00,81.376,81.555,81.207,81.519,11749,81.425,80.311,BULLISH_20_BAR_BREAKOUT,-0.23675462162196792,-0.3348912523460915,-0.02453415768104397
2012-04-24,04:00:00,81.126,81.151,80.848,80.906,6998,81.771,80.967,BEARISH_20_BAR_BREAKOUT,0.29911255036708057,0.31888858675499415,0.6340691666872555
2012-04-26,12:00:00,81.124,81.125,80.661,80.735,12899,81.678,80.846,BEARISH_20_BAR_BREAKOUT,0.12014615718089329,0.474391527837983,-0.2204743915278346
2012-04-27,16:00:00,80.557,80.634,80.411,80.441,9569,81.678,80.485,BEARISH_20_BAR_BREAKOUT,-0.22500963439041954,-0.3567832324312305,-0.773237528126204
2012-04-27,20:00:00,80.446,80.455,80.215,80.26,6013,81.678,80.411,BEARISH_20_BAR_BREAKOUT,0.07226513830051423,-0.1333167206578611,-0.5569399451781744
2012-04-30,04:00:00,80.316,80.32,80.094,80.154,4966,81.678,80.215,BEARISH_20_BAR_BREAKOUT,-0.0012475983731199492,-0.4179454549991189,-0.4191930533722566
2012-04-30,16:00:00,80.115,80.129,79.731,79.819,10995,81.678,80.019,BEARISH_20_BAR_BREAKOUT,-0.00751700722885557,-0.0012528345381485296,0.46229594457459977
2012-05-09,12:00:00,79.671,79.701,79.426,79.565,11418,80.38,79.637,BEARISH_20_BAR_BREAKOUT,0.12191290140138053,0.16087475648840585,0.33180418525733146
2012-05-14,00:00:00,79.924,80.114,79.884,80.091,4547,80.008,79.426,BULLISH_20_BAR_BREAKOUT,-0.12111223483287038,-0.4020426764555175,-0.2671960644766561
2012-05-16,00:00:00,80.173,80.384,80.153,80.348,5726,80.329,79.678,BULLISH_20_BAR_BREAKOUT,0.042315925723112,0.13690446557474914,-0.10454522825708566
2012-05-16,12:00:00,80.345,80.547,80.329,80.458,10652,80.439,79.678,BULLISH_20_BAR_BREAKOUT,-0.2560342041810672,-0.24111959034527658,-0.3455218871957936
2012-05-17,16:00:00,80.179,80.216,79.131,79.371,14070,80.547,79.678,BEARISH_20_BAR_BREAKOUT,-0.13480994317823805,-0.012599060110104327,-0.30489725466478973
2012-05-18,16:00:00,79.272,79.363,79.03,79.129,11271,80.547,79.131,BEARISH_20_BAR_BREAKOUT,-0.1529148605441865,0.09478193835381292,0.22621289287113705
2012-05-18,20:00:00,79.127,79.137,78.994,79.008,7468,80.547,79.03,BEARISH_20_BAR_BREAKOUT,0.16074321587688534,0.5138720129607204,0.36578574321587876
2012-05-30,08:00:00,79.447,79.481,79.292,79.316,12476,79.816,79.322,BEARISH_20_BAR_BREAKOUT,-0.25215593322911245,-0.3240203741994112,-0.559786171768625
2012-05-30,12:00:00,79.318,79.323,79.01,79.116,15092,79.816,79.292,BEARISH_20_BAR_BREAKOUT,-0.17442742302442646,-0.34632691238182023,-0.6800141564285311
2012-05-30,16:00:00,79.117,79.129,78.862,78.978,14916,79.748,79.01,BEARISH_20_BAR_BREAKOUT,0.10256020663982765,-0.29628504140392853,-0.7483096558535213
2012-05-31,00:00:00,79.06,79.12,78.815,78.842,7352,79.677,78.862,BEARISH_20_BAR_BREAKOUT,-0.12429923137413938,-0.3348469090078839,-0.400801603206416
2012-05-31,04:00:00,78.84,78.844,78.704,78.744,8074,79.677,78.815,BEARISH_20_BAR_BREAKOUT,0.16255206745910813,-0.4533678756476675,-0.3924108503504997
2012-05-31,12:00:00,78.871,78.884,78.546,78.578,12868,79.631,78.704,BEARISH_20_BAR_BREAKOUT,-0.2430705795515316,-0.06617628343812099,-0.5777698592481454
2012-05-31,16:00:00,78.579,78.603,78.206,78.387,17136,79.631,78.546,BEARISH_20_BAR_BREAKOUT,-0.10588490438465359,0.061234643499562195,-0.21814841746719033
2012-06-01,12:00:00,78.224,78.685,77.657,78.124,15589,79.587,78.206,BEARISH_20_BAR_BREAKOUT,0.11776150734729245,0.005120065536845129,0.017920229378948858
2012-06-06,08:00:00,78.936,79.268,78.785,79.109,13983,78.95,77.657,BULLISH_20_BAR_BREAKOUT,-0.1731787786471836,0.09354182204301949,0.4019770190496809
2012-06-07,04:00:00,79.243,79.426,79.232,79.399,9865,79.383,77.96,BULLISH_20_BAR_BREAKOUT,0.03526492776987846,0.24433557097696773,-0.09320016624894277
2012-06-07,08:00:00,79.396,79.476,79.236,79.427,12630,79.426,77.974,BULLISH_20_BAR_BREAKOUT,0.3424528183111427,0.2480264897326961,-0.3009052337366441
2012-06-07,12:00:00,79.427,79.781,79.301,79.699,14034,79.476,77.974,BULLISH_20_BAR_BREAKOUT,-0.13300041405788599,-0.06399076525427161,-0.361359615553516
2012-06-15,04:00:00,79.423,79.423,78.818,78.859,10512,79.736,79.154,BEARISH_20_BAR_BREAKOUT,0.08369368112707809,-0.2016256863515792,0.40198328662550536
2012-06-15,12:00:00,78.926,78.94,78.605,78.655,13308,79.736,78.786,BEARISH_20_BAR_BREAKOUT,0.057211874642427954,0.7501112453118091,0.5263492467103191
2012-06-20,16:00:00,79.117,79.571,79.116,79.509,14962,79.296,78.605,BULLISH_20_BAR_BREAKOUT,0.020123508030544142,0.13457595995421814,0.7823013746871422
2012-06-21,08:00:00,79.615,79.727,79.567,79.72,11832,79.689,78.785,BULLISH_20_BAR_BREAKOUT,0.43652784746613016,0.6911690918213772,0.7940291018564922
2012-06-21,12:00:00,79.721,80.083,79.706,80.068,13479,79.727,78.785,BULLISH_20_BAR_BREAKOUT,0.07868311934855672,0.019983014437734606,0.3846730279262714
2012-06-21,16:00:00,80.067,80.324,80.042,80.131,15248,80.083,78.785,BULLISH_20_BAR_BREAKOUT,0.17471390597896017,0.2870299883940098,0.366899202555811
2012-06-22,04:00:00,80.085,80.428,80.079,80.361,8915,80.327,78.785,BULLISH_20_BAR_BREAKOUT,-0.009955077711837554,0.07964062169459432,-0.1692363211010439
2012-06-26,08:00:00,79.516,79.763,79.318,79.35,13621,80.615,79.384,BEARISH_20_BAR_BREAKOUT,0.07939508506616559,0.19281663516068784,0.2948960302457579
2012-07-10,08:00:00,79.508,79.521,79.206,79.278,10394,80.09,79.419,BEARISH_20_BAR_BREAKOUT,0.10721763919371546,0.17785514266251815,-0.012613839905150376
2012-07-11,12:00:00,79.269,79.295,79.126,79.172,8129,80.012,79.206,BEARISH_20_BAR_BREAKOUT,0.5645935431718319,0.5532258879401839,0.08588895063911212
2012-07-16,12:00:00,79.068,79.086,78.828,78.844,9259,79.923,78.959,BEARISH_20_BAR_BREAKOUT,-0.030439855918016477,0.0355131652376919,0.384303180964958
2012-07-16,16:00:00,78.846,78.872,78.683,78.82,9756,79.923,78.828,BEARISH_20_BAR_BREAKOUT,0.04694240040599612,0.11291550367928554,0.3831514843948322
2012-07-19,04:00:00,78.691,78.711,78.471,78.546,7665,79.274,78.665,BEARISH_20_BAR_BREAKOUT,0.07384207980036249,0.06747638326585347,0.07384207980036249
2012-07-23,00:00:00,78.451,78.526,78.377,78.397,5009,79.157,78.429,BEARISH_20_BAR_BREAKOUT,-0.2691429518986677,-0.2806229830223081,-0.15051596362106867
2012-07-23,04:00:00,78.398,78.4,78.139,78.186,7561,79.146,78.377,BEARISH_20_BAR_BREAKOUT,-0.1841761952267739,0.29672831453201254,0.09720410303634078
2012-07-23,08:00:00,78.185,78.193,77.944,78.042,9872,79.146,78.139,BEARISH_20_BAR_BREAKOUT,0.17298377796571732,0.43053740293687826,0.23192639860587552
2012-07-27,12:00:00,78.134,78.429,78.062,78.389,10106,78.376,78.015,BULLISH_20_BAR_BREAKOUT,0.21814285167562603,0.05868170278994053,-0.19773182461825145
2012-07-27,16:00:00,78.391,78.638,78.315,78.56,10997,78.429,78.015,BULLISH_20_BAR_BREAKOUT,-0.15020366598779175,-0.260947046843175,-0.4429735234215873
2012-08-01,04:00:00,78.066,78.071,77.917,78.019,6481,78.666,78.033,BEARISH_20_BAR_BREAKOUT,0.12048347197476778,0.2178956408054288,0.5755008395390842
2012-08-03,12:00:00,78.193,78.677,78.191,78.661,11934,78.528,77.917,BULLISH_20_BAR_BREAKOUT,-0.06992029086841868,-0.14238313776839193,-0.4538462516367696
2012-08-14,12:00:00,78.517,78.877,78.5,78.852,8961,78.783,78.154,BULLISH_20_BAR_BREAKOUT,-0.12935626236494174,0.017754781108907564,-0.2587125247298835
2012-08-16,00:00:00,78.985,79.138,78.909,79.099,5992,79.044,78.154,BULLISH_20_BAR_BREAKOUT,0.2515834587036474,0.15929404922943471,0.2692827975069139
2012-08-16,04:00:00,79.1,79.31,79.054,79.298,7169,79.138,78.158,BULLISH_20_BAR_BREAKOUT,-0.1916820096345444,-0.041615173144343175,0.01891598779288326
2012-08-17,08:00:00,79.311,79.45,79.301,79.431,8820,79.397,78.298,BULLISH_20_BAR_BREAKOUT,-0.02643804056350895,0.15862824338105372,0.08434993894072501
2012-08-17,16:00:00,79.411,79.566,79.396,79.524,9011,79.489,78.404,BULLISH_20_BAR_BREAKOUT,0.04149690659423728,-0.10059856144056926,-0.15844273426890595
2012-08-20,00:00:00,79.559,79.575,79.427,79.575,4436,79.566,78.59,BULLISH_20_BAR_BREAKOUT,-0.16462456801759373,-0.11435752434810956,-0.2563619227144301
2012-08-22,20:00:00,79.176,79.191,78.303,78.571,9633,79.65,79.144,BEARISH_20_BAR_BREAKOUT,-0.03945476066232032,-0.036909292232498454,-0.10818240826767352
2012-08-31,04:00:00,78.57,78.579,78.391,78.42,4509,78.779,78.449,BEARISH_20_BAR_BREAKOUT,0.12114256567202097,-0.14409589390461558,-0.16322366743177774
2012-08-31,12:00:00,78.517,78.604,78.345,78.356,8527,78.779,78.388,BEARISH_20_BAR_BREAKOUT,-0.06253509622746488,-0.18250038286793696,-0.002552452907237913
2012-08-31,16:00:00,78.354,78.528,78.186,78.307,10748,78.779,78.345,BEARISH_20_BAR_BREAKOUT,0.08939175297226708,-0.019155375636916966,-0.03831075127383393
2012-09-06,12:00:00,78.43,78.846,78.411,78.813,10731,78.528,78.188,BULLISH_20_BAR_BREAKOUT,0.1484526664382836,0.09262431324780593,-0.6991232410896704
2012-09-06,16:00:00,78.813,79.017,78.813,78.93,12448,78.846,78.241,BULLISH_20_BAR_BREAKOUT,-0.09375395920437384,-0.021538071709122156,-0.9768148992778422
2012-09-07,12:00:00,78.915,79.013,78.23,78.262,11893,79.017,78.282,BEARISH_20_BAR_BREAKOUT,-0.13160921008918047,-0.07155452199023457,-0.016610871176311912
2012-09-07,16:00:00,78.26,78.347,78.011,78.159,11852,79.017,78.23,BEARISH_20_BAR_BREAKOUT,0.09979656853335986,0.07932547755216623,0.12282654588721634
2012-09-11,12:00:00,78.104,78.105,77.833,77.854,10229,79.017,78.011,BEARISH_20_BAR_BREAKOUT,-0.13615228504636184,-0.020551288308892728,0.044955943175683445
2012-09-11,16:00:00,77.853,77.864,77.699,77.748,9753,79.017,77.833,BEARISH_20_BAR_BREAKOUT,0.01414827391057735,0.12347584503780086,0.13376549879096464
2012-09-13,12:00:00,77.686,77.716,77.43,77.52,9402,78.324,77.58,BEARISH_20_BAR_BREAKOUT,0.10190918472653217,0.14318885448916951,0.6798245614035101
2012-09-14,16:00:00,78.046,78.324,78.04,78.245,13021,78.23,77.135,BULLISH_20_BAR_BREAKOUT,0.17636909706689374,0.05623362515176296,0.6326282829573651
2012-09-14,20:00:00,78.246,78.387,78.223,78.383,7306,78.324,77.135,BULLISH_20_BAR_BREAKOUT,-0.09058086574894807,-0.011482081573811084,0.4005970682418474
2012-09-17,12:00:00,78.375,78.553,78.328,78.524,9877,78.459,77.135,BULLISH_20_BAR_BREAKOUT,0.27507513626406443,0.07640976007335626,0.1248026081198092
2012-09-17,16:00:00,78.524,78.918,78.519,78.74,12394,78.553,77.135,BULLISH_20_BAR_BREAKOUT,-0.05461010922020849,-0.13462026924053155,-0.17780035560071192
2012-09-19,04:00:00,78.659,79.188,78.586,79.157,10674,78.918,77.362,BULLISH_20_BAR_BREAKOUT,-0.2981416678246902,-0.9841201662518746,-1.205199792816799
2012-09-24,16:00:00,77.992,78.036,77.808,77.855,7932,79.209,77.943,BEARISH_20_BAR_BREAKOUT,-0.015413268255090172,-0.1143150728919127,0.03339541455268929
2012-09-25,04:00:00,77.848,77.857,77.752,77.766,4872,78.451,77.796,BEARISH_20_BAR_BREAKOUT,-0.0912995396445904,0.14787953604402293,-0.042434997299592686
2012-09-25,08:00:00,77.77,77.814,77.656,77.695,8811,78.451,77.752,BEARISH_20_BAR_BREAKOUT,0.04504794388314667,0.11969882231804302,-0.13128257931654502
2012-09-26,08:00:00,77.732,77.779,77.58,77.593,8192,78.362,77.656,BEARISH_20_BAR_BREAKOUT,0.2693541943216568,0.1842949750621843,0.12114494864226681
2012-09-28,04:00:00,77.598,77.604,77.501,77.523,4352,77.922,77.557,BEARISH_20_BAR_BREAKOUT,0.08900584342711533,0.5017865665673542,0.4501889761748175
2012-10-03,00:00:00,78.149,78.296,78.147,78.26,4107,78.209,77.428,BULLISH_20_BAR_BREAKOUT,-0.07794531050345904,0.25300281114233747,0.2926143623818032
2012-10-03,12:00:00,78.213,78.464,78.197,78.458,8144,78.296,77.428,BULLISH_20_BAR_BREAKOUT,0.11088735374340832,0.03951158581662279,0.13765326671595515
2012-10-03,16:00:00,78.457,78.576,78.424,78.545,9559,78.464,77.428,BULLISH_20_BAR_BREAKOUT,-0.08148195302057058,0.04710675409000182,-0.27372843592845303
2012-10-04,04:00:00,78.49,78.709,78.448,78.582,6198,78.576,77.78,BULLISH_20_BAR_BREAKOUT,-0.0699905830851755,-0.32068412613575037,-0.2506935430505568
2012-10-05,12:00:00,78.43,78.862,78.414,78.815,8642,78.709,77.974,BULLISH_20_BAR_BREAKOUT,-0.13829854723085028,-0.17763116158091807,-0.7384381145720912
2012-10-15,12:00:00,78.561,78.852,78.537,78.734,7000,78.655,77.942,BULLISH_20_BAR_BREAKOUT,0.0025401986435460537,0.035562781009482305,0.2070261894480287
2012-10-16,04:00:00,78.761,78.899,78.75,78.886,5102,78.852,77.942,BULLISH_20_BAR_BREAKOUT,0.005070608219462121,0.02028243287783047,-0.2738128438506123
2012-10-18,00:00:00,78.932,79.144,78.886,79.128,5371,79.041,78.28,BULLISH_20_BAR_BREAKOUT,0.04044080477201051,0.19083004751794086,0.3172075624304984
2012-10-18,04:00:00,79.127,79.199,79.09,79.16,6249,79.144,78.325,BULLISH_20_BAR_BREAKOUT,-0.012632642748851574,0.08716523496715843,0.1755937342092092
2012-10-18,12:00:00,79.15,79.362,79.131,79.279,8495,79.199,78.356,BULLISH_20_BAR_BREAKOUT,-0.06306840399096501,0.12613680798194798,0.023965993516574954
2012-10-22,08:00:00,79.343,79.688,79.334,79.685,8103,79.455,78.61,BULLISH_20_BAR_BREAKOUT,0.176946727740467,0.30244086088975297,0.131768839806744
2012-10-22,12:00:00,79.684,79.867,79.649,79.826,7856,79.688,78.61,BULLISH_20_BAR_BREAKOUT,0.015032696114048626,0.19542504948263212,0.04760353769449918
2012-10-22,20:00:00,79.832,79.938,79.796,79.926,4432,79.871,78.612,BULLISH_20_BAR_BREAKOUT,0.07006480994919974,-0.1701573955909162,-0.13137151865476063
2012-10-23,00:00:00,79.925,79.999,79.902,79.982,4059,79.938,78.631,BULLISH_20_BAR_BREAKOUT,-0.1812907904278413,-0.14753319496886172,-0.20504613538046246
2012-10-25,08:00:00,79.957,80.183,79.95,80.142,7837,79.999,79.21,BULLISH_20_BAR_BREAKOUT,-0.009982281450419963,0.20338898455243307,-0.23583139926629354
2012-10-26,16:00:00,79.882,79.974,79.486,79.633,7603,80.371,79.687,BEARISH_20_BAR_BREAKOUT,0.001255760802688301,0.05776499692339418,0.1883641204023529
2012-10-30,08:00:00,79.891,80.131,79.269,79.445,8088,80.371,79.486,BEARISH_20_BAR_BREAKOUT,-0.030209578953976586,0.21524325004721065,0.44181509220216925
2012-11-02,00:00:00,80.116,80.268,80.095,80.255,7276,80.199,79.269,BULLISH_20_BAR_BREAKOUT,-0.03239673540588904,0.449816210827991,0.2604199115319958
2012-11-02,08:00:00,80.229,80.342,80.213,80.303,11190,80.285,79.269,BULLISH_20_BAR_BREAKOUT,0.3897737319900905,0.14694345167678569,-0.01743396884300187
2012-11-02,12:00:00,80.28,80.668,80.208,80.616,14244,80.342,79.269,BULLISH_20_BAR_BREAKOUT,-0.1265257517118238,-0.18854817902153545,-0.42051205715986734
2012-11-08,16:00:00,79.865,79.931,79.66,79.739,17021,80.437,79.754,BEARISH_20_BAR_BREAKOUT,-0.47153839401046505,-0.2570887520535726,-0.3473833381406853
2012-11-08,20:00:00,79.74,79.756,79.316,79.363,13198,80.437,79.66,BEARISH_20_BAR_BREAKOUT,0.15498406058239314,-0.05922155160464832,0.13608356538941835
2012-11-09,12:00:00,79.314,79.4,79.07,79.131,16651,80.437,79.287,BEARISH_20_BAR_BREAKOUT,0.41829371548445365,0.4650516232576297,0.37406326218549807
2012-11-14,08:00:00,79.513,79.94,79.47,79.912,15926,79.632,79.07,BULLISH_20_BAR_BREAKOUT,0.2765542096305804,0.3979377315046524,1.1387526278906754
2012-11-14,12:00:00,79.912,80.167,79.869,80.133,15044,79.94,79.07,BULLISH_20_BAR_BREAKOUT,0.08735477269041143,0.13228008435976285,1.3527510513770897
2012-11-14,16:00:00,80.14,80.304,80.111,80.203,17348,80.167,79.07,BULLISH_20_BAR_BREAKOUT,0.033664576138050975,0.7194244604316524,1.1857411817512977
2012-11-15,04:00:00,80.238,80.792,80.118,80.78,11536,80.304,79.202,BULLISH_20_BAR_BREAKOUT,0.051993067590989844,0.4629858875959337,0.38747214657093637
2012-11-15,08:00:00,80.784,80.942,80.737,80.822,16561,80.792,79.202,BULLISH_20_BAR_BREAKOUT,0.48872831654746973,0.43428769394471695,0.2338472198163779
2012-11-15,12:00:00,80.821,81.271,80.817,81.217,17285,80.942,79.202,BULLISH_20_BAR_BREAKOUT,-0.07756996687885835,-0.0985015452429889,-0.10588916113621351
2012-11-20,16:00:00,81.532,81.754,81.461,81.711,17011,81.578,80.737,BULLISH_20_BAR_BREAKOUT,-0.04405771560744742,0.09423455838259008,0.7918150555004901
2012-11-21,00:00:00,81.676,81.847,81.646,81.821,10199,81.754,80.89,BULLISH_20_BAR_BREAKOUT,-0.04033194412192622,0.650199826450418,0.7846396401901663
2012-11-21,08:00:00,81.788,82.138,81.784,82.131,16049,81.966,80.89,BULLISH_20_BAR_BREAKOUT,0.2702998867662566,0.4760687194847321,0.7731550815161207
2012-11-21,12:00:00,82.13,82.387,82.126,82.353,16934,82.138,80.89,BULLISH_20_BAR_BREAKOUT,0.00607142423470871,0.13357133316333278,0.21249984821440793
2012-11-22,08:00:00,82.379,82.78,82.36,82.766,14271,82.581,81.082,BULLISH_20_BAR_BREAKOUT,-0.2875576927723939,-0.42167073435952407,-0.7539327743276338
2012-11-30,04:00:00,82.12,82.538,82.079,82.415,11543,82.307,81.686,BULLISH_20_BAR_BREAKOUT,0.274221925620335,0.14196444821936566,-0.024267427046059855
2012-11-30,08:00:00,82.414,82.679,82.339,82.641,16694,82.538,81.686,BULLISH_20_BAR_BREAKOUT,0.04840212485327143,-0.21054924311178055,-0.5856657107247115
2012-11-30,12:00:00,82.642,82.741,82.579,82.681,14539,82.679,81.686,BULLISH_20_BAR_BREAKOUT,-0.18021068927565087,-0.4341989090601162,-0.5285373906943526
2012-12-04,16:00:00,81.953,81.982,81.788,81.857,16618,82.741,81.862,BEARISH_20_BAR_BREAKOUT,-0.036649278620033886,0.42146670413037235,0.658465372539919
2012-12-12,08:00:00,82.613,82.929,82.604,82.905,13533,82.818,82.111,BULLISH_20_BAR_BREAKOUT,-0.0422169953561264,0.3292925637778133,0.5874193353838668
2012-12-12,16:00:00,82.87,83.195,82.832,83.086,15833,82.929,82.111,BULLISH_20_BAR_BREAKOUT,0.11072864261126875,0.564475362877029,0.5452182076402798
2012-12-13,00:00:00,83.177,83.388,83.122,83.384,9798,83.289,82.111,BULLISH_20_BAR_BREAKOUT,0.2050753142089687,0.10433656336947532,0.3717739614314524
2012-12-13,04:00:00,83.383,83.626,83.344,83.555,11249,83.388,82.111,BULLISH_20_BAR_BREAKOUT,-0.19508108431573323,-0.01914906349112003,0.35784812399017696
2012-12-14,00:00:00,83.624,83.716,83.587,83.694,8398,83.667,82.111,BULLISH_20_BAR_BREAKOUT,0.19117260496570435,0.027481061963815962,0.27481061963821063
2012-12-14,04:00:00,83.696,83.919,83.659,83.854,11313,83.716,82.296,BULLISH_20_BAR_BREAKOUT,-0.08944117156009594,-0.4018889975433531,0.3196031197080648
2012-12-19,00:00:00,84.181,84.425,84.159,84.37,11499,84.26,83.31,BULLISH_20_BAR_BREAKOUT,-0.13274860732488913,0.11615503140926747,-0.13748962901505235
2012-12-19,12:00:00,84.325,84.564,84.294,84.468,17171,84.425,83.31,BULLISH_20_BAR_BREAKOUT,-0.18942084576407228,-0.25335038120945047,-0.3918643746744365
2012-12-24,16:00:00,84.447,84.852,84.434,84.809,14106,84.61,83.851,BULLISH_20_BAR_BREAKOUT,-0.043627445200381955,0.690964402362955,0.9975356389062525
2012-12-26,08:00:00,85.275,85.468,85.263,85.342,6721,84.865,83.851,BULLISH_20_BAR_BREAKOUT,0.062103067657187865,0.3140306062665518,0.4687023974127695
2012-12-26,16:00:00,85.395,85.715,85.247,85.615,16572,85.468,83.851,BULLISH_20_BAR_BREAKOUT,-0.005840098113642999,0.2557962973778056,0.5232727909828973
2012-12-27,04:00:00,85.656,85.864,85.655,85.834,11669,85.715,83.851,BULLISH_20_BAR_BREAKOUT,-0.10718363352517504,0.26679404431810144,0.6931984994291293
2012-12-27,16:00:00,85.811,86.138,85.743,86.063,22119,85.864,83.851,BULLISH_20_BAR_BREAKOUT,0.01626715313200306,0.42526986045106446,0.05461115694316611
2012-12-28,00:00:00,86.073,86.625,86.011,86.52,13920,86.138,83.878,BULLISH_20_BAR_BREAKOUT,-0.10517799352750114,-0.49930651872399695,-0.7466481738326408
2012-12-31,16:00:00,86.143,86.64,86.098,86.64,18593,86.625,85.247,BULLISH_20_BAR_BREAKOUT,0.006925207756232949,0.564404432132969,0.5216989843028603
2012-12-31,20:00:00,86.639,86.66,86.511,86.646,2736,86.64,85.247,BULLISH_20_BAR_BREAKOUT,0.12118274357731917,0.5747524409666974,0.6970893059114087
2013-01-02,00:00:00,86.658,86.842,86.535,86.751,8320,86.66,85.247,BULLISH_20_BAR_BREAKOUT,0.4357298474945535,0.30316653410334293,0.48068610160113606
2013-01-02,04:00:00,86.752,87.293,86.751,87.129,16722,86.842,85.477,BULLISH_20_BAR_BREAKOUT,0.01721585235685084,-0.04246576914690418,0.12051096649793955
2013-01-04,00:00:00,87.251,87.762,87.176,87.699,15019,87.349,85.814,BULLISH_20_BAR_BREAKOUT,0.034207915711696985,0.7400312432296844,0.4606665982508311
2013-01-04,08:00:00,87.722,88.249,87.708,88.205,17839,87.822,85.814,BULLISH_20_BAR_BREAKOUT,0.16212232866617615,-0.07369196757553169,-0.49997165693555073
2013-01-04,12:00:00,88.207,88.397,88.083,88.348,19449,88.249,85.862,BULLISH_20_BAR_BREAKOUT,-0.22750939466653847,-0.2773124462353472,-0.6757368587857044
2013-01-11,00:00:00,88.284,89.339,88.267,89.171,21047,88.329,86.823,BULLISH_20_BAR_BREAKOUT,-0.16933756490339957,-0.2355025737067073,0.2971818192013104
2013-01-14,00:00:00,89.487,89.637,89.374,89.436,7285,89.435,86.823,BULLISH_20_BAR_BREAKOUT,0.14200098394382052,-0.15318216378192276,0.11292991636477377
2013-01-17,20:00:00,89.406,90.105,89.406,89.854,19302,89.623,87.79,BULLISH_20_BAR_BREAKOUT,-0.01335499810804244,0.11351748391836075,0.25485788056179937
2013-01-23,08:00:00,88.498,88.521,88.056,88.199,23254,90.228,88.364,BEARISH_20_BAR_BREAKOUT,0.3435413099921737,0.5464914568192375,1.3061372577920398
2013-01-24,20:00:00,90.041,90.239,89.84,90.2,15435,90.118,88.056,BULLISH_20_BAR_BREAKOUT,0.2616407982261687,0.5144124168514397,0.750554323725047
2013-01-25,00:00:00,90.203,90.678,90.202,90.436,17770,90.239,88.056,BULLISH_20_BAR_BREAKOUT,0.0,0.703259763810867,0.6413375204564534
2013-01-25,12:00:00,90.665,91.087,90.632,91.072,23577,90.702,88.056,BULLISH_20_BAR_BREAKOUT,-0.043921293042874045,-0.06148981026001118,-0.1603127196064661
2013-01-31,20:00:00,91.284,91.52,91.213,91.445,13793,91.401,90.324,BULLISH_20_BAR_BREAKOUT,0.30510142708733184,0.8332877686040794,1.4697359068292508
2013-02-01,00:00:00,91.443,91.837,91.427,91.724,17645,91.52,90.324,BULLISH_20_BAR_BREAKOUT,0.4448126989664659,0.4240983821028256,1.0139112991147274
2013-02-01,04:00:00,91.723,92.249,91.7,92.132,15880,91.837,90.324,BULLISH_20_BAR_BREAKOUT,0.0814049407371908,0.44609907523987474,0.5318456128163883
2013-02-01,16:00:00,92.114,92.641,91.783,92.543,27393,92.286,90.324,BULLISH_20_BAR_BREAKOUT,0.2658223744637575,0.08536572188063227,0.027014468949560173
2013-02-01,20:00:00,92.546,92.952,92.447,92.789,19066,92.641,90.324,BULLISH_20_BAR_BREAKOUT,-0.14549138367694997,0.1271702464731757,-0.5431678323939313
2013-02-05,12:00:00,92.591,93.51,92.581,93.439,25938,93.178,90.742,BULLISH_20_BAR_BREAKOUT,-0.10702169329722527,0.1958496987339408,0.175515577007461
2013-02-05,20:00:00,93.338,93.606,93.21,93.527,15579,93.51,90.848,BULLISH_20_BAR_BREAKOUT,0.10157494627219825,0.23736461128871256,-0.03314550878356615
2013-02-06,00:00:00,93.529,93.777,93.452,93.622,18276,93.606,90.908,BULLISH_20_BAR_BREAKOUT,0.2136250026703156,-0.02029437525368552,-0.1388562517356983
2013-02-06,04:00:00,93.618,93.887,93.617,93.822,16353,93.777,91.213,BULLISH_20_BAR_BREAKOUT,-0.07780691095905812,-0.2877789857389482,-0.4039564281298681
2013-02-12,00:00:00,93.884,94.431,93.879,94.285,19789,93.971,92.167,BULLISH_20_BAR_BREAKOUT,-0.11560693641617932,-0.060455003446998105,-1.0478867264145935
2013-02-14,20:00:00,93.098,93.173,92.676,92.762,15074,94.431,92.819,BEARISH_20_BAR_BREAKOUT,0.1390655656411083,-0.39024600590758585,0.800974536987123
2013-02-15,04:00:00,92.889,93.002,92.251,92.255,20638,94.431,92.676,BEARISH_20_BAR_BREAKOUT,0.15717305295107067,1.5012736437049539,1.9467779524145103
2013-02-18,04:00:00,93.822,94.208,93.816,94.051,15513,93.89,92.22,BULLISH_20_BAR_BREAKOUT,-0.03508734622704836,-0.11695782075682282,-0.4561355009516135
2013-02-21,12:00:00,93.348,93.413,92.793,93.111,23421,94.208,93.136,BEARISH_20_BAR_BREAKOUT,-0.14821020072816876,0.11599059187420377,0.19224366616189498
2013-02-25,00:00:00,94.203,94.292,93.998,94.077,9372,94.029,92.771,BULLISH_20_BAR_BREAKOUT,0.02551101757071432,-0.11586253813365079,-1.5997533934968116
2013-02-25,20:00:00,93.353,93.531,90.929,91.32,23706,94.303,92.771,BEARISH_20_BAR_BREAKOUT,1.371003066141053,0.7610600087604111,0.71506789312309
2013-03-01,16:00:00,92.784,93.496,92.615,93.381,25267,93.026,91.125,BULLISH_20_BAR_BREAKOUT,0.21203456805987653,-0.03640997633352183,-0.06746554438269282
2013-03-01,20:00:00,93.38,93.68,93.315,93.579,19370,93.496,91.125,BULLISH_20_BAR_BREAKOUT,0.05343079109630512,-0.019235084794651015,-0.14426313595998133
2013-03-06,20:00:00,93.643,94.108,93.612,94.095,6752,93.721,92.592,BULLISH_20_BAR_BREAKOUT,-0.07864392369413685,-0.17854296190019892,0.8268239545140612
2013-03-07,12:00:00,93.926,94.447,93.92,94.371,7672,94.111,92.914,BULLISH_20_BAR_BREAKOUT,0.6601604306407738,0.6114166428245946,1.5576819149950716
2013-03-07,16:00:00,94.372,95.088,94.333,94.994,12688,94.447,92.914,BULLISH_20_BAR_BREAKOUT,-0.12737646588205057,0.40634145314440456,1.0611196496620794
2013-03-08,04:00:00,94.95,95.434,94.917,95.38,7898,95.088,92.914,BULLISH_20_BAR_BREAKOUT,0.2086391276997254,0.6521283287901027,0.7685049276577942
2013-03-08,08:00:00,95.378,95.604,95.242,95.579,6856,95.434,92.914,BULLISH_20_BAR_BREAKOUT,0.2741187917848068,0.4268720116343562,0.5283587398905718
2013-03-08,12:00:00,95.58,95.862,95.45,95.841,6681,95.604,92.914,BULLISH_20_BAR_BREAKOUT,0.16798656107511542,0.2858901722644807,0.3307561482038035
2013-03-08,16:00:00,95.848,96.551,95.677,96.002,8918,95.862,92.914,BULLISH_20_BAR_BREAKOUT,-0.015624674485948802,0.11562259119602114,0.24061998708361154
2013-03-15,16:00:00,95.917,95.952,95.076,95.321,14171,96.586,95.444,BEARISH_20_BAR_BREAKOUT,-0.04301255756863316,-0.616863020740439,-0.1689029699646472
2013-03-18,00:00:00,94.887,94.984,94.773,94.932,4846,96.586,95.076,BEARISH_20_BAR_BREAKOUT,-0.20962373067037252,0.15906122276997878,0.5635612859731141
2013-03-18,04:00:00,94.931,94.933,94.588,94.733,6525,96.586,94.773,BEARISH_20_BAR_BREAKOUT,0.30929032121857447,0.45074050225369455,0.8898694224821226
2013-03-22,08:00:00,94.896,94.898,94.229,94.259,10354,96.129,94.554,BEARISH_20_BAR_BREAKOUT,0.6980765762420578,0.17186687743346113,0.45831167315588134
2013-03-25,16:00:00,94.747,94.802,93.843,93.851,13097,96.129,94.195,BEARISH_20_BAR_BREAKOUT,0.32391769933192194,0.3441625555401727,0.6286560612034006
2013-04-01,08:00:00,93.937,93.955,93.271,93.521,7754,94.906,93.83,BEARISH_20_BAR_BREAKOUT,0.18712374760748618,-0.30902150319179805,-0.45658194416228093
2013-04-02,00:00:00,93.234,93.319,92.961,93.072,5787,94.53,93.162,BEARISH_20_BAR_BREAKOUT,-0.24604607185834537,0.13645349836685075,0.5630049853876579
2013-04-02,04:00:00,93.071,93.13,92.568,92.843,7350,94.481,92.961,BEARISH_20_BAR_BREAKOUT,0.2703488685199644,0.7054920672533214,0.7453442908996833
2013-04-04,08:00:00,94.096,95.679,93.989,95.456,16781,94.371,92.568,BULLISH_20_BAR_BREAKOUT,-0.04818974187060685,0.9166526986255447,0.8380824673147806
2013-04-04,16:00:00,95.41,96.412,95.394,96.166,12406,95.679,92.568,BULLISH_20_BAR_BREAKOUT,0.17157831250130634,0.1216646215918354,1.0346692178108736
2013-04-05,00:00:00,96.331,97.053,96.234,96.825,7998,96.412,92.568,BULLISH_20_BAR_BREAKOUT,-0.5597727859540425,-0.49883810999225825,1.6958430157500604
2013-04-05,20:00:00,97.163,97.829,97.056,97.52,9262,97.255,92.713,BULLISH_20_BAR_BREAKOUT,0.9710828547990183,1.4171452009844185,1.8826907301066433
2013-04-08,00:00:00,98.235,98.845,98.073,98.467,10069,97.829,92.713,BULLISH_20_BAR_BREAKOUT,0.11577482811500739,0.12694608345943312,0.788081286116157
2013-04-08,08:00:00,98.579,99.0,98.444,98.902,10881,98.845,92.713,BULLISH_20_BAR_BREAKOUT,-0.3134415886433058,0.4590402620776056,0.05358840063901364
2013-04-08,20:00:00,98.818,99.383,98.807,99.356,7618,99.04,92.713,BULLISH_20_BAR_BREAKOUT,-0.11373243689359429,-0.4035991787108944,-0.3401908289383569
2013-04-10,16:00:00,99.317,99.763,99.302,99.728,11319,99.66,95.797,BULLISH_20_BAR_BREAKOUT,0.028076367720204755,-0.13637092892667624,-0.12433819990373338
2013-04-12,20:00:00,98.977,99.025,98.088,98.338,8404,99.944,98.587,BEARISH_20_BAR_BREAKOUT,0.21761679106755563,-0.2776139437450387,-1.6331428338994025
2013-04-15,04:00:00,98.553,98.567,97.553,97.926,11756,99.944,98.088,BEARISH_20_BAR_BREAKOUT,0.14194391683515695,0.1307109449992853,-0.3778363253885633
2013-04-15,20:00:00,98.059,98.125,96.35,96.732,14447,99.944,97.553,BEARISH_20_BAR_BREAKOUT,0.03514865814829222,0.9841624281520057,0.808419137410574
2013-04-19,08:00:00,98.467,99.337,98.461,99.189,12164,98.676,95.792,BULLISH_20_BAR_BREAKOUT,-0.020163526197457402,0.29337930617307467,0.6028894333041096
2013-04-19,20:00:00,99.153,99.68,99.122,99.48,7550,99.358,97.205,BULLISH_20_BAR_BREAKOUT,0.3337354242058641,0.3086047446722981,-0.2482911137917168
2013-04-22,00:00:00,99.776,99.878,99.703,99.812,6380,99.68,97.205,BULLISH_20_BAR_BREAKOUT,-0.04207910872440347,-0.20338235883461203,-0.5750811525668237
2013-04-26,16:00:00,98.326,98.336,97.553,97.909,11134,99.757,98.117,BEARISH_20_BAR_BREAKOUT,0.09090073435536941,-0.2921079778161368,0.13481906668436078
2013-05-03,12:00:00,98.15,99.265,97.952,99.108,8228,98.39,97.005,BULLISH_20_BAR_BREAKOUT,0.006054001695120704,-0.02926100819309296,0.07668402147151936
2013-05-06,08:00:00,99.096,99.452,99.076,99.368,6425,99.265,97.022,BULLISH_20_BAR_BREAKOUT,-0.18517027614523537,-0.05434345060784362,-0.28882537637870537
2013-05-09,20:00:00,99.351,100.788,99.345,100.587,12917,99.438,98.58,BULLISH_20_BAR_BREAKOUT,0.2515235567220417,0.8022905544454075,0.9961525843299783
2013-05-10,00:00:00,100.581,100.946,100.538,100.84,7328,100.788,98.58,BULLISH_20_BAR_BREAKOUT,0.16560888536295276,0.5543435144783792,1.0184450614835392
2013-05-10,04:00:00,100.84,101.194,100.766,101.007,8967,100.946,98.58,BULLISH_20_BAR_BREAKOUT,0.3831417624521077,0.5771877196629921,0.8187551357826667
2013-05-10,08:00:00,101.007,101.421,100.882,101.394,10428,101.194,98.58,BULLISH_20_BAR_BREAKOUT,0.0049312582598531,0.19231907213443908,0.36096810462157486
2013-05-14,16:00:00,101.695,102.317,101.675,102.242,9933,102.151,98.647,BULLISH_20_BAR_BREAKOUT,0.144754601827034,-0.08900451869095694,0.2533205531973165
2013-05-14,20:00:00,102.243,102.429,102.175,102.39,5103,102.317,98.647,BULLISH_20_BAR_BREAKOUT,-0.28616075788651857,0.04394960445356159,-0.15724191815607128
2013-05-15,08:00:00,102.15,102.62,102.147,102.435,8123,102.429,100.538,BULLISH_20_BAR_BREAKOUT,0.019524576560741955,-0.20110313857568513,0.05662127202615583
2013-05-17,16:00:00,102.481,103.122,102.424,103.004,10048,102.763,101.26,BULLISH_20_BAR_BREAKOUT,0.16892547862218205,-0.31066754689139,-0.546580715312029
2013-05-17,20:00:00,103.007,103.306,102.94,103.178,5839,103.122,101.338,BULLISH_20_BAR_BREAKOUT,-0.31208203299153187,-0.5979956967570511,-0.8868169571032508
2013-05-22,16:00:00,102.964,103.733,102.681,103.52,15079,103.306,102.069,BULLISH_20_BAR_BREAKOUT,-0.35838485316846513,-0.7814914992272002,-1.56588098918083
2013-05-23,08:00:00,102.709,102.73,100.832,101.123,26120,103.733,102.069,BEARISH_20_BAR_BREAKOUT,0.4766472513671462,0.8890163464295966,0.6546482995955341
2013-05-31,08:00:00,101.039,101.049,100.3,100.432,15695,102.525,100.467,BEARISH_20_BAR_BREAKOUT,0.037836546120755044,0.0009956985821299733,-0.28377409590568403
2013-06-03,08:00:00,100.508,100.508,100.026,100.147,14204,102.525,100.222,BEARISH_20_BAR_BREAKOUT,0.19671083507243203,-0.6140972770028149,0.15377395229012986
2013-06-03,16:00:00,100.343,100.376,98.862,99.243,18819,102.479,100.026,BEARISH_20_BAR_BREAKOUT,0.29120441744002246,0.5118748929395623,0.8998115736122454
2013-06-06,16:00:00,99.125,99.367,97.305,97.748,22140,100.508,98.844,BEARISH_20_BAR_BREAKOUT,-0.7304497278716686,-1.4322543683758293,-0.5667635143430065
2013-06-06,20:00:00,97.745,97.845,95.909,97.034,20331,100.507,97.305,BEARISH_20_BAR_BREAKOUT,0.3328730135828609,-0.46066327266731527,0.5142527361543328
2013-06-13,04:00:00,95.481,95.595,94.452,94.814,19384,99.278,95.138,BEARISH_20_BAR_BREAKOUT,-0.639146117661943,-0.5473875166114617,0.5073090471871335
2013-06-13,08:00:00,94.801,94.901,93.788,94.208,19381,99.278,94.452,BEARISH_20_BAR_BREAKOUT,-0.05307404891304046,1.0413128396739073,0.8215862771739141
2013-06-19,20:00:00,95.179,97.031,95.116,96.463,17696,95.763,93.992,BULLISH_20_BAR_BREAKOUT,0.02280667198822924,1.4347470014409673,0.8334801944787142
2013-06-20,08:00:00,96.897,98.286,96.83,97.847,19258,97.177,94.178,BULLISH_20_BAR_BREAKOUT,-0.04190215336187805,-0.5927621695095386,-0.09606835161016085
2013-06-24,00:00:00,97.975,98.503,97.957,98.29,9769,98.286,94.833,BULLISH_20_BAR_BREAKOUT,0.10377454471460948,-0.7732220978736444,-0.5046291586122792
2013-06-28,04:00:00,98.495,98.972,98.459,98.829,12862,98.604,96.965,BULLISH_20_BAR_BREAKOUT,-0.0020236974976933276,0.38753807080918534,0.5352679881411434
2013-06-28,16:00:00,98.983,99.401,98.867,99.212,18674,99.132,96.965,BULLISH_20_BAR_BREAKOUT,-0.09172277547071743,0.14715961778817158,0.4828044994557102
2013-07-01,08:00:00,99.357,99.718,99.323,99.583,9730,99.537,97.238,BULLISH_20_BAR_BREAKOUT,0.08836849663095918,0.07631824709037448,0.1827621180321964
2013-07-02,12:00:00,99.765,100.33,99.679,100.261,9053,99.904,97.563,BULLISH_20_BAR_BREAKOUT,0.3740237978875136,0.39696392415795806,-0.6233729964791893
2013-07-02,16:00:00,100.267,100.723,100.252,100.636,12004,100.33,97.681,BULLISH_20_BAR_BREAKOUT,-0.01192416232759694,0.006955761357769588,-0.5514925076513302
2013-07-05,12:00:00,100.02,101.133,99.938,101.063,10220,100.853,99.261,BULLISH_20_BAR_BREAKOUT,-0.07025320839476164,0.2780443881539156,0.025726527017797065
2013-07-05,20:00:00,100.991,101.223,100.991,101.18,5447,101.133,99.261,BULLISH_20_BAR_BREAKOUT,0.16208736904525328,0.13342557817749642,-0.21941095078079503
2013-07-08,00:00:00,101.28,101.531,101.279,101.344,6101,101.223,99.261,BULLISH_20_BAR_BREAKOUT,-0.09966056204609951,-0.251618250710447,-0.31970318913798357
2013-07-10,20:00:00,100.226,100.633,99.417,99.648,12277,101.531,99.784,BEARISH_20_BAR_BREAKOUT,-0.12744861913936592,-0.1896676300577964,-0.7014691714836204
2013-07-18,16:00:00,100.28,100.653,100.157,100.535,12327,100.483,98.893,BULLISH_20_BAR_BREAKOUT,-0.11936141642213194,-0.44561595464265513,-0.32426518128014464
2013-07-19,00:00:00,100.41,100.864,100.386,100.766,8834,100.653,98.893,BULLISH_20_BAR_BREAKOUT,-0.6738383978723002,-0.46344997320524656,-0.831629716372594
2013-07-26,04:00:00,99.281,99.361,98.682,98.871,10268,100.453,98.888,BEARISH_20_BAR_BREAKOUT,-0.1992495271616435,-0.8162150681190664,-1.0923324331704933
2013-07-26,08:00:00,98.871,98.912,98.491,98.674,11427,100.453,98.682,BEARISH_20_BAR_BREAKOUT,-0.09526318989805653,-0.4560471856821481,-0.724608306139412
2013-07-26,16:00:00,98.582,98.59,97.961,98.064,13020,100.453,98.467,BEARISH_20_BAR_BREAKOUT,0.16315875346713452,-0.27838962310327553,-0.1050334475444551
2013-08-01,08:00:00,98.323,98.788,98.252,98.603,9620,98.516,97.584,BULLISH_20_BAR_BREAKOUT,0.20587608896281348,0.9370911635548682,1.0232954372585017
2013-08-01,12:00:00,98.607,98.889,98.595,98.806,9465,98.788,97.584,BULLISH_20_BAR_BREAKOUT,0.5556342732222807,0.7074469161791774,0.3947128716879547
2013-08-01,16:00:00,98.808,99.393,98.807,99.355,12875,98.889,97.584,BULLISH_20_BAR_BREAKOUT,0.17311660208343518,0.16204519148508012,-0.40561622464899183
2013-08-01,20:00:00,99.354,99.57,99.328,99.527,5953,99.393,97.584,BULLISH_20_BAR_BREAKOUT,-0.022104554542993933,0.08540396073426683,-0.609884754890632
2013-08-06,16:00:00,98.162,98.231,97.512,97.766,11339,99.948,97.837,BEARISH_20_BAR_BREAKOUT,-0.03886831822925241,-0.5083566884192867,-1.198780762228189
2013-08-07,00:00:00,97.732,97.807,97.103,97.322,9653,99.948,97.512,BEARISH_20_BAR_BREAKOUT,-0.05445839584060878,-0.42539199769836367,-0.6247302768130578
2013-08-07,08:00:00,97.266,97.354,96.769,97.06,13912,99.948,97.091,BEARISH_20_BAR_BREAKOUT,-0.15660416237379046,-0.7541726766948272,-0.7706573253657579
2013-08-07,16:00:00,96.903,96.978,96.423,96.594,12622,99.948,96.769,BEARISH_20_BAR_BREAKOUT,-0.27537942315256764,0.04348096155040851,-0.25156842039877736
2013-08-07,20:00:00,96.596,96.603,96.323,96.328,6288,99.948,96.423,BEARISH_20_BAR_BREAKOUT,0.40071422639315224,-0.016609916119929142,0.38202807075823747
2013-08-08,08:00:00,96.633,96.696,96.097,96.312,14016,99.149,96.322,BEARISH_20_BAR_BREAKOUT,-0.23153916438242275,0.39870421131323236,0.39039787357754463
2013-08-08,12:00:00,96.307,96.452,96.039,96.089,8404,99.148,96.097,BEARISH_20_BAR_BREAKOUT,0.27266388452372325,0.6785376057613265,0.21542528281073572
2013-08-13,00:00:00,96.897,97.437,96.859,97.335,9098,96.978,95.809,BULLISH_20_BAR_BREAKOUT,-0.006164278008938437,0.7972466224893517,0.9513535727127981
2013-08-13,08:00:00,97.332,97.922,97.329,97.851,11956,97.437,95.809,BULLISH_20_BAR_BREAKOUT,0.265710110269701,0.35053295316348687,0.44761933960818223
2013-08-13,12:00:00,97.853,98.24,97.84,98.111,10399,97.922,95.809,BULLISH_20_BAR_BREAKOUT,0.01019253702438147,0.15288805536585243,0.09682910173171089
2013-08-15,12:00:00,97.923,98.649,97.816,98.523,10360,98.427,96.061,BULLISH_20_BAR_BREAKOUT,-0.6901941678592741,-1.2991890218527666,-1.2240796565269056
2013-08-22,04:00:00,97.874,98.334,97.838,98.279,8698,98.123,96.912,BULLISH_20_BAR_BREAKOUT,0.16280181931032733,0.23097508114653578,0.8038339828447647
2013-08-22,08:00:00,98.281,98.447,98.118,98.439,10048,98.334,96.912,BULLISH_20_BAR_BREAKOUT,-0.025396438403469637,0.266154674468453,0.39516858155813245
2013-08-23,00:00:00,98.701,98.988,98.66,98.869,5963,98.811,96.912,BULLISH_20_BAR_BREAKOUT,0.20228787587616223,0.09810961979993144,-0.1405900737339265
2013-08-23,04:00:00,98.867,99.106,98.838,99.069,7489,98.988,96.912,BULLISH_20_BAR_BREAKOUT,-0.2432647952437187,-0.3452139417981394,-0.40174020127385573
2013-08-27,12:00:00,97.929,97.968,97.353,97.474,9965,99.147,97.758,BEARISH_20_BAR_BREAKOUT,-0.24724541929129784,-0.20210517676508888,0.02154420666023842
2013-08-27,16:00:00,97.473,97.512,97.137,97.233,12447,99.147,97.353,BEARISH_20_BAR_BREAKOUT,-0.21391914267789575,-0.11930106033959627,0.43503748727284136
2013-08-27,20:00:00,97.234,97.235,96.985,97.025,7780,99.147,97.137,BEARISH_20_BAR_BREAKOUT,0.25972687451687226,0.47204328781241783,0.6287039422829162
2013-09-02,00:00:00,98.321,98.615,98.274,98.552,5363,98.52,96.817,BULLISH_20_BAR_BREAKOUT,0.049719944800706614,0.7163730822306892,1.098912249370889
2013-09-02,08:00:00,98.598,99.428,98.527,99.297,10109,98.673,96.817,BULLISH_20_BAR_BREAKOUT,-0.03927611106075861,0.03323363243602652,-0.08560178051702845
2013-09-03,00:00:00,99.319,99.699,99.318,99.635,6627,99.428,97.446,BULLISH_20_BAR_BREAKOUT,-0.26295980328197965,-0.07728207959050351,-0.08932604004616714
2013-09-05,04:00:00,99.734,99.892,99.644,99.88,6786,99.86,98.055,BULLISH_20_BAR_BREAKOUT,-0.0020024028834554853,0.15718862635163267,-0.04605526631957576
2013-09-10,12:00:00,100.071,100.376,99.986,100.263,8699,100.224,98.541,BULLISH_20_BAR_BREAKOUT,0.07380589050796213,-0.03391081455771922,-0.029921306962689263
2013-09-11,04:00:00,100.229,100.608,100.137,100.508,8751,100.466,98.541,BULLISH_20_BAR_BREAKOUT,-0.23182234250008943,-0.4507103912126286,-1.0039001870497875
2013-09-12,16:00:00,99.514,99.556,99.011,99.162,9481,100.608,99.197,BEARISH_20_BAR_BREAKOUT,0.3811944091486659,0.48809019584114344,0.16437748331013563
2013-09-16,00:00:00,98.832,99.103,98.714,98.816,5304,100.608,99.011,BEARISH_20_BAR_BREAKOUT,0.1133419689119118,-0.1376295336787521,0.2914507772020692
2013-09-16,12:00:00,98.881,98.943,98.648,98.68,6143,100.608,98.7,BEARISH_20_BAR_BREAKOUT,0.37292257802999085,0.4296716659910746,0.44791244426428156
2013-09-18,20:00:00,98.988,98.994,97.763,97.931,12794,99.776,98.644,BEARISH_20_BAR_BREAKOUT,0.23588036474661622,0.914929899623205,1.55517660393542
2013-09-19,16:00:00,99.276,99.615,99.232,99.434,10377,99.381,97.763,BULLISH_20_BAR_BREAKOUT,0.020113844359068347,-0.17297906148801923,-0.03821630428223415
2013-09-26,00:00:00,98.43,98.511,98.267,98.335,4321,99.665,98.384,BEARISH_20_BAR_BREAKOUT,0.4789749326282643,0.5979559668480278,0.6365993796715359
2013-09-30,00:00:00,97.79,97.929,97.681,97.755,5724,99.133,98.094,BEARISH_20_BAR_BREAKOUT,0.1861797350519177,-0.11559511022454047,0.6291238299831304
2013-09-30,12:00:00,97.871,97.913,97.499,97.642,7506,99.133,97.681,BEARISH_20_BAR_BREAKOUT,0.5817168841277297,0.7455807951496372,0.38815263923312193
2013-10-02,08:00:00,97.753,97.796,97.259,97.335,10506,99.038,97.499,BEARISH_20_BAR_BREAKOUT,0.019520213694976585,0.019520213694976585,0.4695125083474679
2013-10-07,08:00:00,97.125,97.175,96.854,96.92,7305,98.084,96.931,BEARISH_20_BAR_BREAKOUT,-0.03301692117209707,-0.23215022699134186,0.11555922410234705
2013-10-07,20:00:00,96.893,96.975,96.667,96.695,5550,97.87,96.808,BEARISH_20_BAR_BREAKOUT,0.04136718548012437,0.34851853766999674,0.17374217901650177
2013-10-10,04:00:00,97.59,97.807,97.571,97.804,6911,97.641,96.567,BULLISH_20_BAR_BREAKOUT,0.0143143429716533,0.3077583738906404,0.6247188254059182
2013-10-10,08:00:00,97.804,97.846,97.641,97.818,6682,97.807,96.567,BULLISH_20_BAR_BREAKOUT,0.27704512461919156,0.3394058353268395,0.503997219325696
2013-10-10,12:00:00,97.819,98.122,97.629,98.089,7392,97.846,96.567,BULLISH_20_BAR_BREAKOUT,0.01631171691015847,0.21918869598018476,0.2130718021388771
2013-10-11,00:00:00,98.151,98.365,97.921,98.304,7865,98.27,96.567,BULLISH_20_BAR_BREAKOUT,0.11291503906250427,-0.006103515625000232,0.006103515625000232
2013-10-11,04:00:00,98.304,98.55,98.259,98.415,7422,98.365,96.567,BULLISH_20_BAR_BREAKOUT,-0.10567494792460418,0.0843367372859812,-0.1463191586648432
2013-10-16,16:00:00,98.515,98.969,98.49,98.827,11178,98.702,97.994,BULLISH_20_BAR_BREAKOUT,-0.06880710736944139,-0.2823115140599192,-0.9299078187135064
2013-10-17,08:00:00,98.548,98.567,97.812,97.969,10133,99.003,97.994,BEARISH_20_BAR_BREAKOUT,-0.04899509028364851,-0.0683889801876033,-0.1041145668527694
2013-10-18,12:00:00,97.875,97.876,97.557,97.731,7033,99.003,97.739,BEARISH_20_BAR_BREAKOUT,0.10436811247199342,0.27626853301410015,0.4809118908023031
2013-10-23,04:00:00,98.031,98.106,97.264,97.43,7744,98.482,97.557,BEARISH_20_BAR_BREAKOUT,-0.19090629169660991,-0.17140511136200512,-0.08005747716309447
2013-10-23,08:00:00,97.426,97.549,97.158,97.244,8277,98.482,97.264,BEARISH_20_BAR_BREAKOUT,0.18921475875118002,0.1295709761013582,0.04216198428694502
2013-10-25,04:00:00,97.276,97.381,96.944,97.03,6582,98.482,97.158,BEARISH_20_BAR_BREAKOUT,0.0783262908378784,0.44831495413789785,0.5709574358445862
2013-10-29,12:00:00,97.598,97.985,97.546,97.959,5721,97.789,96.944,BULLISH_20_BAR_BREAKOUT,0.22356291918046745,0.2266254249226658,0.2929797160036259
2013-10-29,16:00:00,97.959,98.275,97.836,98.178,7487,97.985,96.944,BULLISH_20_BAR_BREAKOUT,0.004074232516454693,-0.02444539509869921,0.038705208906268926
2013-10-30,20:00:00,98.214,98.677,98.055,98.504,7227,98.308,97.097,BULLISH_20_BAR_BREAKOUT,-0.04568342402339164,-0.22943230731746841,-0.15430845447900696
2013-11-01,16:00:00,98.365,98.849,98.35,98.779,8632,98.677,97.471,BULLISH_20_BAR_BREAKOUT,-0.18424968869901717,-0.03745735429594542,-0.1629901092337454
2013-11-07,20:00:00,98.565,98.625,97.633,98.014,9371,99.408,98.168,BEARISH_20_BAR_BREAKOUT,0.17650539718815866,0.19078907094904565,1.050870283837004
2013-11-12,04:00:00,99.278,99.592,99.251,99.539,6561,99.408,97.633,BULLISH_20_BAR_BREAKOUT,0.12959744421784916,0.113523342609429,-0.06630566913471353
2013-11-12,08:00:00,99.539,99.797,99.499,99.668,6643,99.592,97.633,BULLISH_20_BAR_BREAKOUT,0.010033310591153534,0.020066621182321328,-0.167556286872418
2013-11-14,08:00:00,99.656,99.922,99.56,99.912,6478,99.797,98.925,BULLISH_20_BAR_BREAKOUT,-0.05004403875411499,0.09508367363279573,0.4203699255344578
2013-11-15,00:00:00,100.009,100.258,99.96,100.215,4934,100.149,99.103,BULLISH_20_BAR_BREAKOUT,-0.008980691513246859,0.09280047897021755,0.056877712917230115
2013-11-15,08:00:00,100.207,100.353,99.939,100.332,6677,100.304,99.103,BULLISH_20_BAR_BREAKOUT,-0.023920583662228104,-0.1624606307060526,-0.4724315273292565
2013-11-21,08:00:00,100.414,100.846,100.403,100.715,7240,100.521,99.571,BULLISH_20_BAR_BREAKOUT,0.09929007595690245,0.35843717420442833,0.3028347316685624
2013-11-21,16:00:00,100.816,101.108,100.803,100.953,8850,100.932,99.571,BULLISH_20_BAR_BREAKOUT,0.12183887551631993,0.162451834021774,0.33480926767901287
2013-11-22,00:00:00,101.077,101.353,101.048,101.211,5145,101.156,99.571,BULLISH_20_BAR_BREAKOUT,-0.0928752803548963,0.012844453666108655,0.197606979478518
2013-11-25,00:00:00,101.273,101.46,101.139,101.411,2571,101.353,99.788,BULLISH_20_BAR_BREAKOUT,0.4042953920186139,0.3964067014426453,0.0374712802358686
2013-11-25,04:00:00,101.411,101.845,101.367,101.821,5595,101.46,99.788,BULLISH_20_BAR_BREAKOUT,-0.11097907111499547,-0.11785388083008863,-0.3820429970241854
2013-11-27,16:00:00,101.837,102.188,101.75,102.186,7599,101.917,100.956,BULLISH_20_BAR_BREAKOUT,-0.028379621474576334,-0.16147026011391605,0.09590354843129094
2013-11-28,12:00:00,102.147,102.373,102.125,102.311,4447,102.277,101.146,BULLISH_20_BAR_BREAKOUT,-0.026390124229067273,0.06255436854296502,-0.005864472050903839
2013-11-29,00:00:00,102.256,102.402,102.248,102.375,4540,102.373,101.146,BULLISH_20_BAR_BREAKOUT,-0.09181929181928605,-0.06837606837606171,0.08009768009767389
2013-12-02,08:00:00,102.382,102.676,102.353,102.653,4854,102.612,101.146,BULLISH_20_BAR_BREAKOUT,0.11592452242019206,0.29224669517695256,0.44129250971719164
2013-12-02,12:00:00,102.653,102.891,102.653,102.772,5687,102.676,101.346,BULLISH_20_BAR_BREAKOUT,0.27147472074105433,0.15276534464639832,-0.16930681508582746
2013-12-02,16:00:00,102.776,103.096,102.752,103.051,8109,102.891,101.434,BULLISH_20_BAR_BREAKOUT,-0.0950985434396551,0.23386478539752126,-0.6773345236824557
2013-12-03,04:00:00,102.929,103.378,102.914,103.292,6160,103.127,101.936,BULLISH_20_BAR_BREAKOUT,-0.18007202881153145,-0.9090733067420587,-0.7338419238663164
2013-12-09,00:00:00,103.137,103.223,102.995,103.101,3730,102.962,101.624,BULLISH_20_BAR_BREAKOUT,-0.09505242432178056,-0.051405902949532276,0.17555600818614503
2013-12-09,16:00:00,103.048,103.246,102.967,103.227,7000,103.223,101.624,BULLISH_20_BAR_BREAKOUT,0.06199928313328194,0.022280992376021908,-0.40590155676324696
2013-12-09,20:00:00,103.226,103.324,103.166,103.291,5088,103.246,101.624,BULLISH_20_BAR_BREAKOUT,-0.008713247039916683,-0.1403800911986485,-0.5315080694348902
2013-12-13,00:00:00,103.306,103.656,103.292,103.551,6655,103.393,102.156,BULLISH_20_BAR_BREAKOUT,0.2568782532278695,-0.10815926451700995,-0.3573118559936693
2013-12-13,04:00:00,103.553,103.864,103.424,103.817,7511,103.656,102.156,BULLISH_20_BAR_BREAKOUT,-0.2456245123630961,-0.5153298592715997,-0.9362628471252246
2013-12-18,20:00:00,103.186,104.198,102.683,104.076,11027,103.713,102.502,BULLISH_20_BAR_BREAKOUT,0.03362927091741689,-0.11241784849532095,0.1383604289173349
2013-12-20,04:00:00,104.351,104.471,104.244,104.459,5079,104.43,102.502,BULLISH_20_BAR_BREAKOUT,0.03350596884901884,-0.36952297073493895,-0.4164313271235626
2013-12-20,08:00:00,104.457,104.591,104.339,104.494,5720,104.471,102.502,BULLISH_20_BAR_BREAKOUT,-0.03158076061783571,-0.4650984745535669,-0.4823243439814773
2013-12-26,08:00:00,104.777,104.802,104.726,104.762,2715,104.635,103.773,BULLISH_20_BAR_BREAKOUT,-0.02290907008266443,-0.02863633760333054,-0.00381817834711526
2013-12-27,00:00:00,104.731,105.026,104.722,104.941,4310,104.824,103.773,BULLISH_20_BAR_BREAKOUT,-0.17914828332110652,0.009529164006433048,0.37163739625122744
2013-12-27,16:00:00,104.951,105.063,104.847,105.052,5621,105.026,103.773,BULLISH_20_BAR_BREAKOUT,0.09043140539922977,0.23226592544644534,-0.04473974793436703
2013-12-27,20:00:00,105.051,105.182,105.001,105.147,4524,105.063,103.773,BULLISH_20_BAR_BREAKOUT,0.17499310489124512,0.16548261006019419,-0.04945457312144589
2013-12-30,00:00:00,105.304,105.368,105.261,105.331,2536,105.182,103.773,BULLISH_20_BAR_BREAKOUT,-0.033228584177494365,-0.10443269312927764,-0.3683625903105498
2014-01-03,04:00:00,104.818,104.87,104.158,104.209,6620,105.44,104.547,BEARISH_20_BAR_BREAKOUT,0.1746490226372023,0.23606406356456267,0.15737604237637967
2014-01-08,04:00:00,104.712,104.961,104.662,104.955,6452,104.949,103.912,BULLISH_20_BAR_BREAKOUT,0.07241198608928362,-0.08003430041446638,-0.08098708970510575
2014-01-08,08:00:00,104.954,105.123,104.835,105.031,6796,104.961,103.912,BULLISH_20_BAR_BREAKOUT,-0.23516866448953155,-0.26658795974521915,-0.13615027944130845
2014-01-10,16:00:00,104.999,105.334,103.828,104.072,13114,105.123,104.249,BEARISH_20_BAR_BREAKOUT,0.07879160581135525,-0.6466676915981261,-0.7283419171343011
2014-01-13,04:00:00,104.002,104.002,103.257,103.399,7409,105.334,103.828,BEARISH_20_BAR_BREAKOUT,-0.02224392885810901,-0.08220582404085916,-0.11315389897388217
2014-01-13,20:00:00,103.314,103.347,102.854,102.946,8055,105.334,102.984,BEARISH_20_BAR_BREAKOUT,0.2894721504478094,0.5371748295222711,1.2365706292619394
2014-01-23,16:00:00,104.052,104.137,103.491,103.659,11910,104.84,103.915,BEARISH_20_BAR_BREAKOUT,-0.46209205182376756,-0.40613936078874624,-1.1962299462661312
2014-01-23,20:00:00,103.659,103.691,102.975,103.18,9166,104.84,103.491,BEARISH_20_BAR_BREAKOUT,0.23163403760417725,-0.15506881178524015,-0.8945532079860455
2014-01-24,12:00:00,103.026,103.08,102.001,102.42,13302,104.84,102.96,BEARISH_20_BAR_BREAKOUT,-0.0009763718023870092,-0.03319664128100568,0.31927357937902573
2014-02-03,16:00:00,101.98,102.139,101.086,101.11,12286,103.364,101.67,BEARISH_20_BAR_BREAKOUT,-0.10582533873998547,0.15824349718128433,0.5083572346948826
2014-02-03,20:00:00,101.116,101.246,100.776,101.003,9579,103.182,101.086,BEARISH_20_BAR_BREAKOUT,0.19207350276724713,0.34355415185686977,0.6494856588418224
2014-02-07,12:00:00,102.024,102.322,102.021,102.305,5267,102.232,100.755,BULLISH_20_BAR_BREAKOUT,0.014662039978482339,0.14466546112115353,-0.17985435706955838
2014-02-17,00:00:00,101.724,101.817,101.391,101.444,3815,102.7,101.567,BEARISH_20_BAR_BREAKOUT,0.14687906628287617,0.4800678206695268,0.685107054138237
2014-02-27,12:00:00,102.279,102.293,101.722,101.872,8460,102.679,102.007,BEARISH_20_BAR_BREAKOUT,0.24638762368462855,0.04515470394220834,0.010797863986174492
2014-02-28,04:00:00,101.924,101.963,101.557,101.607,5671,102.625,101.722,BEARISH_20_BAR_BREAKOUT,0.13876996663616223,0.47044002873817203,-0.18108988553937966
2014-03-03,00:00:00,101.48,101.534,101.255,101.325,4557,102.608,101.555,BEARISH_20_BAR_BREAKOUT,0.09671848013816824,0.04046385393535338,0.1993584998766328
2014-03-05,08:00:00,102.237,102.422,102.117,102.412,4678,102.291,101.199,BULLISH_20_BAR_BREAKOUT,0.036128578682177795,-0.10838573604656115,0.33882748115454653
2014-03-05,12:00:00,102.411,102.469,102.34,102.449,4820,102.422,101.199,BULLISH_20_BAR_BREAKOUT,-0.11810754619371114,-0.007808763384704162,0.28013938642642305
2014-03-06,04:00:00,102.444,102.757,102.432,102.714,5850,102.549,101.199,BULLISH_20_BAR_BREAKOUT,0.0438109702669565,0.30959752321981215,0.25994509025059476
2014-03-06,08:00:00,102.714,102.811,102.626,102.759,4942,102.757,101.199,BULLISH_20_BAR_BREAKOUT,-0.022382467715719435,0.26761646181843507,0.1128854893488645
2014-03-06,16:00:00,102.737,103.167,102.705,103.032,8117,102.811,101.199,BULLISH_20_BAR_BREAKOUT,0.0019411444988057592,-0.049499184719312375,0.3455237207857838
2014-03-07,16:00:00,102.934,103.759,102.863,103.388,21781,103.167,101.63,BULLISH_20_BAR_BREAKOUT,-0.13541223352806958,-0.32982551166480456,-0.10349363562502352
2014-03-12,12:00:00,102.868,102.868,102.627,102.697,10728,103.759,102.778,BEARISH_20_BAR_BREAKOUT,0.038949531145011096,0.09055765991217224,-0.03115962491601164
2014-03-13,08:00:00,102.782,102.799,102.415,102.49,10459,103.426,102.549,BEARISH_20_BAR_BREAKOUT,0.1707483656942252,-0.6400624451165886,-0.8098351058639852
2014-03-13,16:00:00,102.666,102.8,101.642,101.718,27035,103.426,102.415,BEARISH_20_BAR_BREAKOUT,0.11404077940974032,-0.036375076191044006,-0.24676065199866767
2014-03-14,12:00:00,101.662,101.691,101.207,101.331,15240,103.426,101.5,BEARISH_20_BAR_BREAKOUT,0.13421361676090798,0.07006740286782717,0.35823193297214034
2014-03-19,20:00:00,101.578,102.681,101.556,102.326,24783,101.939,101.207,BULLISH_20_BAR_BREAKOUT,-0.023454449504511758,0.08404511072455949,0.059613392490673975
2014-03-26,20:00:00,102.354,102.354,101.872,102.036,11843,102.646,102.055,BEARISH_20_BAR_BREAKOUT,-0.13622642988748657,0.039201850327327654,0.13916656866203683
2014-03-28,16:00:00,102.409,102.978,102.363,102.878,17700,102.488,101.718,BULLISH_20_BAR_BREAKOUT,-0.05637745679349029,-0.039853029802287,0.18760084760590004
2014-03-31,08:00:00,102.837,103.173,102.793,103.147,8942,102.978,101.718,BULLISH_20_BAR_BREAKOUT,0.18226414728493137,0.07271176088493958,0.17935567684953324
2014-03-31,12:00:00,103.146,103.346,103.132,103.335,10129,103.173,101.718,BULLISH_20_BAR_BREAKOUT,-0.2554797503266036,-0.11419170658537282,0.039676779406794434
2014-04-01,16:00:00,103.374,103.611,103.356,103.554,13615,103.438,101.989,BULLISH_20_BAR_BREAKOUT,0.08691117677733685,0.2588021708480606,0.20279274581377227
2014-04-01,20:00:00,103.553,103.71,103.511,103.644,5391,103.611,101.989,BULLISH_20_BAR_BREAKOUT,0.13797228976110598,0.14955038400679357,0.22673767897803968
2014-04-02,00:00:00,103.644,103.793,103.606,103.787,4835,103.71,101.989,BULLISH_20_BAR_BREAKOUT,0.03372291327429889,-0.1425997475599163,0.06648231474075597
2014-04-02,04:00:00,103.787,103.934,103.753,103.822,7671,103.793,102.033,BULLISH_20_BAR_BREAKOUT,-0.022153300841821707,-0.05586484560113168,0.16181541484463038
2014-04-03,04:00:00,103.858,104.069,103.843,103.99,8506,103.934,102.749,BULLISH_20_BAR_BREAKOUT,-0.03846523704201562,-0.05288970093277489,-0.07693047408404491
2014-04-07,04:00:00,103.231,103.334,103.081,103.103,5639,104.127,103.171,BEARISH_20_BAR_BREAKOUT,0.018428173767984887,0.021337885415560722,-0.1416059668486861
2014-04-08,00:00:00,103.091,103.117,102.825,102.858,4366,104.127,102.993,BEARISH_20_BAR_BREAKOUT,0.09624919792334047,-0.610550467634992,-0.9313811273794924
2014-04-08,08:00:00,102.956,102.984,102.524,102.609,8747,104.127,102.743,BEARISH_20_BAR_BREAKOUT,-0.3693633112105085,-0.7845315713046542,-0.5243204787104413
2014-04-08,12:00:00,102.61,102.636,102.123,102.23,9548,104.127,102.524,BEARISH_20_BAR_BREAKOUT,-0.2944341191431105,-0.3228015259708484,-0.16629169519710624
2014-04-08,16:00:00,102.232,102.287,101.912,101.929,44028,104.127,102.123,BEARISH_20_BAR_BREAKOUT,-0.12263438275662471,0.1265586830048415,-0.046110527916487995
2014-04-08,20:00:00,101.931,101.96,101.55,101.804,26942,104.127,101.912,BEARISH_20_BAR_BREAKOUT,0.09429884876822486,0.26226867313661145,0.1866331381871024
2014-04-16,00:00:00,101.912,102.123,101.809,102.067,4211,102.011,101.324,BULLISH_20_BAR_BREAKOUT,0.12834706614282798,0.1626382670206933,0.060744412983639993
2014-04-16,04:00:00,102.07,102.26,102.023,102.198,5091,102.123,101.324,BULLISH_20_BAR_BREAKOUT,0.14383843128046106,0.044032172840957465,-0.1731932131744188
2014-04-16,08:00:00,102.196,102.349,102.159,102.345,6836,102.26,101.324,BULLISH_20_BAR_BREAKOUT,-0.10943377790805096,-0.11334212711905775,-0.3214617226049084
2014-04-17,16:00:00,102.177,102.43,102.117,102.396,7915,102.364,101.501,BULLISH_20_BAR_BREAKOUT,-0.010742607133086918,0.002929801945388603,0.016602211023864125
2014-04-18,00:00:00,102.386,102.57,102.325,102.534,2583,102.466,101.501,BULLISH_20_BAR_BREAKOUT,-0.13166364327930746,-0.15214465445608863,0.04583845358612464
2014-04-21,00:00:00,102.436,102.624,102.392,102.581,3125,102.57,101.501,BULLISH_20_BAR_BREAKOUT,-0.005849036371258057,0.009748393952087526,0.06628907887425337
2014-04-25,12:00:00,102.23,102.231,101.961,102.062,6027,102.691,102.087,BEARISH_20_BAR_BREAKOUT,0.09112108326311803,0.0009797965942317168,0.18028257333777262
2014-04-29,08:00:00,102.49,102.67,102.479,102.661,4011,102.644,101.961,BULLISH_20_BAR_BREAKOUT,0.049678066646537566,-0.025326073192347868,-0.16267131627395173
2014-04-29,12:00:00,102.663,102.78,102.605,102.712,5367,102.67,101.961,BULLISH_20_BAR_BREAKOUT,-0.11975231715866176,-0.1538281797647804,-0.40306877482670134
2014-05-02,12:00:00,102.46,103.018,102.433,102.884,11422,102.78,102.027,BULLISH_20_BAR_BREAKOUT,-0.5365265736168954,-0.766883091637185,-0.9369775669686236
2014-05-05,04:00:00,102.095,102.114,101.863,101.923,3322,103.018,102.027,BEARISH_20_BAR_BREAKOUT,0.0,0.13637746141694787,0.09516988314707593
2014-05-06,12:00:00,101.982,102.001,101.547,101.606,6587,103.018,101.863,BEARISH_20_BAR_BREAKOUT,-0.030510009251413995,0.021652264630047015,0.2056965139853977
2014-05-12,00:00:00,101.839,102.046,101.814,102.019,3412,102.006,101.429,BULLISH_20_BAR_BREAKOUT,-0.0578323645595543,-0.07155529852283153,0.17741793195384917
2014-05-12,16:00:00,101.948,102.166,101.929,102.117,6441,102.046,101.429,BULLISH_20_BAR_BREAKOUT,0.001958537755707021,0.15276594494549556,0.12534641636554159
2014-05-13,00:00:00,102.119,102.223,102.119,102.2,3257,102.182,101.46,BULLISH_20_BAR_BREAKOUT,0.07142857142856486,-0.07045009784736078,-0.003913894324858012
2014-05-13,04:00:00,102.201,102.326,102.176,102.273,3475,102.223,101.46,BULLISH_20_BAR_BREAKOUT,0.07431091294868404,-0.027377704770556833,-0.1437329500454581
2014-05-13,08:00:00,102.277,102.362,102.244,102.349,4251,102.326,101.46,BULLISH_20_BAR_BREAKOUT,-0.21592785469325895,-0.09379671516087469,-0.5041573439896876
2014-05-15,16:00:00,101.93,101.945,101.313,101.574,14421,102.362,101.666,BEARISH_20_BAR_BREAKOUT,-0.0009845039084852177,-0.08663634394627942,-0.11814046901766648
2014-05-19,12:00:00,101.357,101.367,101.098,101.134,10633,102.209,101.238,BEARISH_20_BAR_BREAKOUT,0.14139656297585448,0.280815551644359,0.2402752783435788
2014-05-21,08:00:00,101.173,101.252,100.821,100.933,12235,101.665,101.098,BEARISH_20_BAR_BREAKOUT,0.3953117414522373,0.41908989131402774,0.6806495397937221
2014-05-22,04:00:00,101.416,101.755,101.353,101.706,7757,101.606,100.821,BULLISH_20_BAR_BREAKOUT,-0.0845574499046256,0.07177550980275824,0.06784260515604056
2014-05-22,16:00:00,101.614,101.795,101.56,101.779,6056,101.755,100.821,BULLISH_20_BAR_BREAKOUT,-0.04716100570844852,-0.0039300838090280685,0.19257410664282215
2014-05-23,16:00:00,101.818,101.982,101.766,101.975,9190,101.964,100.821,BULLISH_20_BAR_BREAKOUT,-0.013728855111542823,-0.0725668055896034,-0.07158617308163108
2014-05-27,16:00:00,101.935,102.134,101.885,102.107,6799,102.046,101.473,BULLISH_20_BAR_BREAKOUT,-0.13025551627214155,-0.17530629633619835,-0.3300459322083729
2014-05-29,08:00:00,101.712,101.744,101.485,101.523,6037,102.134,101.632,BEARISH_20_BAR_BREAKOUT,0.1999546900702333,0.2501896122061059,0.1300197984693173
2014-06-02,12:00:00,102.033,102.222,101.984,102.201,6229,102.082,101.424,BULLISH_20_BAR_BREAKOUT,0.1761235212962758,0.17514505728906962,0.18688662537548803
2014-06-02,16:00:00,102.202,102.432,102.046,102.381,10009,102.222,101.424,BULLISH_20_BAR_BREAKOUT,-0.004883718658731066,-0.040046493001628054,0.11623250407790486
2014-06-03,16:00:00,102.394,102.516,102.369,102.5,8329,102.48,101.424,BULLISH_20_BAR_BREAKOUT,0.0039024390243950135,0.17951219512194877,0.18146341463415322
2014-06-04,00:00:00,102.504,102.628,102.502,102.61,4291,102.55,101.424,BULLISH_20_BAR_BREAKOUT,0.07211772731702375,-0.1198713575674931,0.026313224831888728
2014-06-04,04:00:00,102.611,102.794,102.595,102.684,5808,102.628,101.492,BULLISH_20_BAR_BREAKOUT,-0.08472595535818948,0.0019477231116917433,-0.1713996338280569
2014-06-11,12:00:00,102.237,102.243,101.86,101.993,9214,102.648,102.116,BEARISH_20_BAR_BREAKOUT,-0.03529653995862595,0.028433323855569084,-0.0019609188865856862
2014-06-12,20:00:00,101.877,101.878,101.6,101.686,6436,102.592,101.787,BEARISH_20_BAR_BREAKOUT,0.12587770194519,0.18094919654622807,0.3392797435241811
2014-06-17,12:00:00,102.022,102.19,101.938,102.138,7137,102.137,101.6,BULLISH_20_BAR_BREAKOUT,0.009790675360777483,0.022518553329804902,-0.0009790675360833137
2014-06-18,04:00:00,102.161,102.3,102.116,102.287,4047,102.24,101.6,BULLISH_20_BAR_BREAKOUT,-0.05181499115235707,-0.13198158123711234,-0.3656378620939214
2014-06-25,12:00:00,101.925,101.951,101.624,101.694,5269,102.193,101.813,BEARISH_20_BAR_BREAKOUT,0.08456742777351517,0.024583554585316216,0.005900053100478127
2014-06-27,04:00:00,101.545,101.615,101.312,101.43,5866,102.165,101.486,BEARISH_20_BAR_BREAKOUT,-0.01774622892635382,-0.0630977028492627,-0.12422360248447674
2014-07-02,12:00:00,101.469,101.733,101.405,101.696,7568,101.648,101.233,BULLISH_20_BAR_BREAKOUT,0.09046570169918065,0.14454845814978523,0.4877281308999322
2014-07-02,16:00:00,101.7,101.836,101.686,101.788,7932,101.733,101.233,BULLISH_20_BAR_BREAKOUT,-0.016701379337442437,0.07270012182182387,0.40574527449207837
2014-07-03,00:00:00,101.766,101.848,101.758,101.843,4002,101.841,101.233,BULLISH_20_BAR_BREAKOUT,0.01865616684503721,0.34268432783793634,0.30144438007521596
2014-07-03,04:00:00,101.845,101.935,101.811,101.862,4603,101.848,101.233,BULLISH_20_BAR_BREAKOUT,0.07657418860811976,0.3328032043352758,0.190453751153524
2014-07-03,08:00:00,101.867,101.952,101.852,101.94,6453,101.935,101.233,BULLISH_20_BAR_BREAKOUT,0.2472042377869289,0.246223268589371,0.11183048852266463
2014-07-03,12:00:00,101.939,102.219,101.859,102.192,8245,101.952,101.233,BULLISH_20_BAR_BREAKOUT,0.008806951620479432,-0.041099107562223444,-0.1291686237670178
2014-07-08,12:00:00,101.727,101.765,101.683,101.683,6295,102.266,101.686,BEARISH_20_BAR_BREAKOUT,-0.13866624706195269,-0.1396496956226804,0.02360276545733967
2014-07-08,16:00:00,101.687,101.688,101.486,101.542,10288,102.266,101.683,BEARISH_20_BAR_BREAKOUT,0.028559610801438182,0.06795217742412264,0.17825136396761673
2014-07-10,08:00:00,101.541,101.566,101.389,101.391,8008,102.197,101.445,BEARISH_20_BAR_BREAKOUT,-0.26728210590683665,-0.05128660334744376,-0.08383387085639549
2014-07-10,12:00:00,101.392,101.433,101.09,101.12,11304,102.181,101.389,BEARISH_20_BAR_BREAKOUT,0.17899525316455436,0.22250791139239945,0.18097310126581556
2014-07-15,12:00:00,101.545,101.649,101.521,101.647,11754,101.642,101.065,BULLISH_20_BAR_BREAKOUT,0.0019675937312417864,0.10526626462168023,0.08362273357796467
2014-07-16,00:00:00,101.66,101.765,101.656,101.754,3372,101.748,101.065,BULLISH_20_BAR_BREAKOUT,-0.015724197574547773,-0.021620771665001447,-0.10613833362816605
2014-07-17,16:00:00,101.454,101.575,101.245,101.339,8174,101.788,101.377,BEARISH_20_BAR_BREAKOUT,-0.17466128538863862,-0.012828230000301198,0.053286493847385555
2014-07-17,20:00:00,101.34,101.372,101.135,101.162,5621,101.788,101.245,BEARISH_20_BAR_BREAKOUT,0.050414187145358655,0.2392202605721419,0.17892093869239178
2014-07-24,12:00:00,101.538,101.771,101.53,101.718,7943,101.601,101.191,BULLISH_20_BAR_BREAKOUT,0.09929412689985952,0.06095283037416938,0.14058475392752579
2014-07-24,16:00:00,101.718,101.831,101.696,101.819,10878,101.771,101.191,BULLISH_20_BAR_BREAKOUT,-0.014732024474803885,-0.05794596293422396,0.003928539859938398
2014-07-25,08:00:00,101.759,101.934,101.71,101.908,9890,101.855,101.312,BULLISH_20_BAR_BREAKOUT,-0.0461200298308249,-0.19625544608863174,-0.06574557443969785
2014-07-29,04:00:00,101.839,101.987,101.828,101.975,7283,101.934,101.412,BULLISH_20_BAR_BREAKOUT,-0.04707036038243453,0.15199803873498519,0.10983084089238439
2014-07-29,12:00:00,101.927,102.118,101.905,102.046,9977,102.004,101.412,BULLISH_20_BAR_BREAKOUT,0.08231581835641669,0.03723810830409492,0.47037610489386134
2014-07-29,16:00:00,102.046,102.154,101.948,102.13,15244,102.118,101.412,BULLISH_20_BAR_BREAKOUT,-0.01664545187505719,-0.042103201801617696,0.793106824635271
2014-07-30,08:00:00,102.086,102.204,102.083,102.202,8408,102.154,101.708,BULLISH_20_BAR_BREAKOUT,0.3170192364141583,0.45498131152032584,0.5635897536251812
2014-07-30,12:00:00,102.201,102.536,102.2,102.526,11229,102.204,101.708,BULLISH_20_BAR_BREAKOUT,0.40380001170434965,0.280904355968239,0.37551450363810657
2014-07-30,16:00:00,102.526,102.953,102.522,102.94,9921,102.536,101.708,BULLISH_20_BAR_BREAKOUT,-0.2652030308917779,-0.15543034777539985,-0.09422964833883253
2014-08-06,12:00:00,102.435,102.437,102.236,102.331,10413,103.023,102.334,BEARISH_20_BAR_BREAKOUT,-0.20130752166987823,-0.19251253285905806,-0.059610479717785464
2014-08-06,16:00:00,102.33,102.434,101.777,102.125,15824,103.023,102.236,BEARISH_20_BAR_BREAKOUT,-0.026438188494493045,0.09498164014687314,-0.022521419828637583
2014-08-13,08:00:00,102.282,102.505,102.243,102.474,6245,102.359,101.505,BULLISH_20_BAR_BREAKOUT,-0.20785760290415917,-0.06538243847220493,-0.04001014891581944
2014-08-14,00:00:00,102.411,102.557,102.394,102.556,3028,102.539,101.705,BULLISH_20_BAR_BREAKOUT,0.015601232497372504,-0.2115917157455427,-0.04972892858536013
2014-08-14,04:00:00,102.557,102.65,102.534,102.572,3522,102.557,101.849,BULLISH_20_BAR_BREAKOUT,-0.13551456537846174,-0.06629489529306032,-0.05849549584682201
2014-08-19,16:00:00,102.709,102.891,102.687,102.876,7264,102.787,102.133,BULLISH_20_BAR_BREAKOUT,0.028189276410432326,0.25564757572221997,0.4597768186943495
2014-08-19,20:00:00,102.876,102.923,102.857,102.905,2683,102.891,102.133,BULLISH_20_BAR_BREAKOUT,0.07385452601913746,0.35663961906613323,0.8221174870025787
2014-08-20,00:00:00,102.902,102.996,102.885,102.981,3306,102.923,102.133,BULLISH_20_BAR_BREAKOUT,0.15342636020236863,0.3010264029286978,0.8108291820821394
2014-08-20,04:00:00,102.983,103.22,102.899,103.139,5856,102.996,102.133,BULLISH_20_BAR_BREAKOUT,0.12895219073290393,0.20360872220984105,0.6961479168888621
2014-08-20,08:00:00,103.139,103.331,103.128,103.272,8181,103.22,102.133,BULLISH_20_BAR_BREAKOUT,0.01839801688743439,0.46382368889921677,0.55581377333643
2014-08-20,20:00:00,103.351,103.842,103.33,103.751,10292,103.4,102.133,BULLISH_20_BAR_BREAKOUT,0.0626499985542286,0.09156538250233623,0.08481845958110655
2014-08-21,04:00:00,103.817,103.953,103.796,103.857,5374,103.842,102.241,BULLISH_20_BAR_BREAKOUT,-0.010591486370678607,-0.04429167027739322,-0.09628623973347421
2014-08-22,16:00:00,103.761,104.189,103.645,103.959,16028,103.953,102.515,BULLISH_20_BAR_BREAKOUT,-0.020200271260786266,0.25779393799478706,-0.004809588395434415
2014-09-01,12:00:00,104.147,104.302,104.144,104.283,3560,104.206,103.551,BULLISH_20_BAR_BREAKOUT,-0.02397322670042642,0.1121947009579744,0.6309753267550811
2014-09-01,20:00:00,104.26,104.345,104.26,104.343,1513,104.302,103.551,BULLISH_20_BAR_BREAKOUT,0.05462752652310376,0.496439626999416,0.7111162224586126
2014-09-02,00:00:00,104.343,104.405,104.294,104.4,2589,104.345,103.551,BULLISH_20_BAR_BREAKOUT,0.381226053639843,0.518199233716472,0.7452107279693406
2014-09-02,04:00:00,104.399,104.861,104.392,104.798,8737,104.405,103.551,BULLISH_20_BAR_BREAKOUT,0.06011565106204545,0.2977156052596401,0.3568770396381565
2014-09-02,12:00:00,104.861,105.008,104.859,104.941,7536,104.883,103.551,BULLISH_20_BAR_BREAKOUT,0.16104287170886206,0.22584118695266364,0.03430499042319147
2014-09-02,16:00:00,104.94,105.209,104.916,105.11,9876,105.008,103.551,BULLISH_20_BAR_BREAKOUT,-0.023784606602612203,0.05898582437446258,-0.24355437161069377
2014-09-05,00:00:00,105.266,105.706,105.221,105.467,7043,105.366,104.215,BULLISH_20_BAR_BREAKOUT,-0.14696540149999635,-0.5271791176386902,-0.34607981643546787
2014-09-08,16:00:00,105.313,105.905,105.282,105.882,12298,105.706,104.684,BULLISH_20_BAR_BREAKOUT,0.13694490092744377,0.3541678472261574,0.4967794337092199
2014-09-08,20:00:00,105.88,106.086,105.826,106.027,11111,105.905,104.684,BULLISH_20_BAR_BREAKOUT,-0.0028294679657069554,0.2697426127307208,0.1584502060795761
2014-09-09,04:00:00,106.025,106.338,105.954,106.257,10946,106.168,104.684,BULLISH_20_BAR_BREAKOUT,0.05270241019414945,0.14210828463065608,0.19763403822806377
2014-09-09,16:00:00,106.235,106.473,106.131,106.408,14116,106.39,104.684,BULLISH_20_BAR_BREAKOUT,-0.2001729193293813,0.05544695887527019,0.33644086910758975
2014-09-10,08:00:00,106.47,106.795,106.343,106.731,12991,106.523,104.684,BULLISH_20_BAR_BREAKOUT,0.0252972426005575,0.09275655620204416,0.22954905322727656
2014-09-11,04:00:00,106.76,106.943,106.636,106.913,5861,106.88,104.992,BULLISH_20_BAR_BREAKOUT,0.058926416806190436,-0.03180155827634788,0.33298102195243684
2014-09-11,08:00:00,106.914,107.034,106.792,106.976,7975,106.943,104.992,BULLISH_20_BAR_BREAKOUT,-0.2729584205803186,0.11591384983547265,0.24024080167514678
2014-09-12,04:00:00,107.144,107.393,107.121,107.269,8194,107.22,105.826,BULLISH_20_BAR_BREAKOUT,-0.03356048811865624,-0.08949463498308331,0.01771247984039307
2014-09-17,16:00:00,107.22,107.655,107.21,107.592,8168,107.382,106.81,BULLISH_20_BAR_BREAKOUT,0.7231020893746801,1.0660643914045707,0.9982154807048834
2014-09-17,20:00:00,107.59,108.39,107.437,108.37,18685,107.655,106.81,BULLISH_20_BAR_BREAKOUT,0.08028052043922587,0.16978868690596796,0.2879025560579474
2014-09-18,00:00:00,108.361,108.681,108.319,108.457,7028,108.39,106.81,BULLISH_20_BAR_BREAKOUT,0.2600108798878917,0.2793733922199687,0.3153323436938261
2014-09-18,04:00:00,108.458,108.775,108.406,108.739,7106,108.681,106.81,BULLISH_20_BAR_BREAKOUT,-0.17013215129806442,-0.06713322726897204,0.38716559835936715
2014-09-19,04:00:00,108.797,109.46,108.778,109.16,13436,108.96,106.81,BULLISH_20_BAR_BREAKOUT,-0.2720776841333795,-0.181385122755582,-0.3169659215830008
2014-09-29,08:00:00,109.452,109.746,109.444,109.625,12687,109.536,108.46,BULLISH_20_BAR_BREAKOUT,-0.3438996579247392,-0.1204104903078723,-0.0638540478905297
2014-09-30,12:00:00,109.557,109.849,109.511,109.754,12925,109.746,108.478,BULLISH_20_BAR_BREAKOUT,-0.09111285237896434,-0.019133698999581606,-0.1193578366164333
2014-10-01,04:00:00,109.733,110.088,109.725,109.943,10863,109.849,108.478,BULLISH_20_BAR_BREAKOUT,-0.12006221405636629,-0.5921250102325717,-1.1287667245754616
2014-10-01,20:00:00,109.292,109.366,108.868,108.889,9437,110.088,108.97,BEARISH_20_BAR_BREAKOUT,0.1579590224908037,-0.45183627363644646,-0.4380607774889931
2014-10-02,04:00:00,109.061,109.061,108.555,108.702,14414,110.088,108.868,BEARISH_20_BAR_BREAKOUT,-0.2805836139169405,-0.42777501793895545,0.09935419771485722
2014-10-02,08:00:00,108.707,108.956,108.32,108.397,14926,110.088,108.555,BEARISH_20_BAR_BREAKOUT,0.2370914324197079,0.01383802134745479,0.4815631428914004
2014-10-02,16:00:00,108.658,108.716,108.008,108.237,21361,110.088,108.32,BEARISH_20_BAR_BREAKOUT,0.16168223435609946,0.5293938302059439,1.4264992562617322
2014-10-13,00:00:00,107.531,107.531,107.18,107.248,6591,108.744,107.529,BEARISH_20_BAR_BREAKOUT,-0.05967477248993656,0.03356705952558683,-0.15478144114576592
2014-10-13,20:00:00,107.458,107.472,106.778,106.838,12880,108.744,107.063,BEARISH_20_BAR_BREAKOUT,0.22838315954997265,0.11606357288606062,0.19187929388421024
2014-10-15,12:00:00,107.164,107.345,106.205,106.286,18691,108.155,106.672,BEARISH_20_BAR_BREAKOUT,-0.4337353931844255,-0.21827898312101246,-0.5711006153209259
2014-10-15,16:00:00,106.293,106.404,105.197,105.825,35644,108.155,106.205,BEARISH_20_BAR_BREAKOUT,0.0746515473659282,0.2882116702102458,0.2419088117174583
2014-10-23,08:00:00,107.246,107.632,107.126,107.524,13740,107.386,106.245,BULLISH_20_BAR_BREAKOUT,0.3096982999144362,0.6826382947062931,0.5933559019381768
2014-10-23,12:00:00,107.524,107.875,107.423,107.857,12382,107.632,106.245,BULLISH_20_BAR_BREAKOUT,0.33377527652354455,0.13351011060942308,0.16225187053227622
2014-10-23,16:00:00,107.858,108.278,107.856,108.217,17274,107.875,106.245,BULLISH_20_BAR_BREAKOUT,0.03788683848193612,-0.23194137704797285,-0.13861038469002623
2014-10-29,20:00:00,108.135,108.956,108.04,108.879,18565,108.229,107.601,BULLISH_20_BAR_BREAKOUT,0.08357901891089556,0.24247099991733556,0.2994149468676176
2014-10-30,00:00:00,108.881,109.032,108.743,108.97,8677,108.956,107.601,BULLISH_20_BAR_BREAKOUT,0.07616775259245519,-0.04771955584105029,0.2991649077727885
2014-10-30,04:00:00,108.97,109.111,108.95,109.053,7846,109.032,107.601,BULLISH_20_BAR_BREAKOUT,0.08252867871585688,-0.09628345850183304,1.0435292930960225
2014-10-30,08:00:00,109.053,109.302,109.049,109.143,12814,109.111,107.601,BULLISH_20_BAR_BREAKOUT,-0.20615156262883952,0.05680620836883502,2.1540547721796166
2014-10-31,04:00:00,109.296,110.298,109.245,110.191,11125,109.46,107.648,BULLISH_20_BAR_BREAKOUT,1.1824922180577335,1.6525850568558214,2.302365891951241
2014-10-31,08:00:00,110.192,111.538,110.192,111.494,32890,110.298,107.687,BULLISH_20_BAR_BREAKOUT,0.38477406855974494,0.73636249484277,1.205446032970379
2014-10-31,12:00:00,111.493,111.936,111.452,111.923,25473,111.538,107.687,BULLISH_20_BAR_BREAKOUT,0.07951895499584413,0.7889352501273157,1.5653619005923671
2014-10-31,16:00:00,111.923,112.469,111.877,112.012,28331,111.936,107.687,BULLISH_20_BAR_BREAKOUT,0.27050673142163095,0.6392172267257026,1.7033889226154353
2014-11-03,00:00:00,112.939,112.967,112.643,112.806,8722,112.469,107.687,BULLISH_20_BAR_BREAKOUT,-0.06914525823094778,0.7703490949062991,0.7490736308352383
2014-11-03,12:00:00,112.843,113.723,112.729,113.675,21248,112.967,107.936,BULLISH_20_BAR_BREAKOUT,0.21552672091489292,-0.021112821640642983,-0.2559929623927837
2014-11-03,16:00:00,113.679,114.21,113.643,113.92,24470,113.723,107.936,BULLISH_20_BAR_BREAKOUT,-0.1290379213483195,-0.36955758426966856,-0.42398174157303725
2014-11-05,08:00:00,114.014,114.54,113.921,114.444,21208,114.21,109.168,BULLISH_20_BAR_BREAKOUT,0.2769913669567588,0.2691272587466295,0.14330152738457366
2014-11-05,12:00:00,114.444,114.773,114.365,114.761,20800,114.54,109.245,BULLISH_20_BAR_BREAKOUT,-0.12199266301269646,-0.13593468164271114,-0.14987670027273817
2014-11-11,08:00:00,115.262,115.999,115.125,115.79,20916,115.602,113.851,BULLISH_20_BAR_BREAKOUT,0.07686328698505798,-0.2798169099231473,-0.45945245703429544
2014-11-14,00:00:00,115.776,116.193,115.732,116.137,9724,116.1,114.146,BULLISH_20_BAR_BREAKOUT,-0.07232837080345039,0.2703703384795482,0.2324840490110783
2014-11-14,08:00:00,116.055,116.379,116.012,116.286,14997,116.193,114.63,BULLISH_20_BAR_BREAKOUT,0.14189154326401462,-0.029238257399864145,-0.1805892368814887
2014-11-14,12:00:00,116.286,116.486,116.277,116.451,12523,116.379,114.63,BULLISH_20_BAR_BREAKOUT,0.0686984225124838,-0.03778413238185755,-0.16831113515555723
2014-11-14,16:00:00,116.45,116.791,116.348,116.531,24003,116.486,114.88,BULLISH_20_BAR_BREAKOUT,-0.23942126987669424,-0.6341660159099333,-0.07036754168419376
2014-11-19,04:00:00,116.973,117.411,116.891,117.33,16107,117.214,115.45,BULLISH_20_BAR_BREAKOUT,0.06306997357879321,0.3127929770732161,0.9630955424869987
2014-11-19,12:00:00,117.407,117.647,117.389,117.615,9022,117.437,115.45,BULLISH_20_BAR_BREAKOUT,0.06971899842707806,0.45572418484037014,0.47357905029120617
2014-11-19,16:00:00,117.615,117.774,117.494,117.697,10566,117.647,115.45,BULLISH_20_BAR_BREAKOUT,0.2429968478380939,0.6482748073442747,0.3814880583192419
2014-11-19,20:00:00,117.701,118.073,117.395,117.983,9420,117.774,115.45,BULLISH_20_BAR_BREAKOUT,0.14239339565868994,0.5246518566234116,0.015256435249146641
2014-11-20,00:00:00,117.987,118.266,117.88,118.151,8039,118.073,115.45,BULLISH_20_BAR_BREAKOUT,0.2615297373699736,0.017773865646503878,-0.029623109410835787
2014-11-20,04:00:00,118.151,118.534,118.071,118.46,8067,118.266,115.45,BULLISH_20_BAR_BREAKOUT,0.11987168664528965,-0.26506837751139034,-0.5554617592436156
2014-11-20,08:00:00,118.46,118.974,118.285,118.602,13263,118.534,115.45,BULLISH_20_BAR_BREAKOUT,-0.3625571238259109,-0.5067368172543457,-0.5362472808215797
2014-11-27,04:00:00,117.617,117.681,117.313,117.369,6584,118.568,117.434,BEARISH_20_BAR_BREAKOUT,-0.028116453237227248,0.38511020797655104,0.7881127043767922
2014-11-28,16:00:00,118.232,118.693,118.191,118.683,14433,118.331,117.232,BULLISH_20_BAR_BREAKOUT,-0.08341548494729974,0.20896000269625004,-0.31933806863662434
2014-12-01,00:00:00,118.741,118.919,118.712,118.855,2619,118.766,117.232,BULLISH_20_BAR_BREAKOUT,0.06394346051911438,-0.32813091582180015,-0.4568591981826649
2014-12-01,04:00:00,118.85,119.022,118.786,118.931,8502,118.919,117.232,BULLISH_20_BAR_BREAKOUT,-0.16816473417359887,-0.527196441634221,-0.4422732508765555
2014-12-03,04:00:00,119.185,119.43,119.131,119.346,9610,119.279,117.683,BULLISH_20_BAR_BREAKOUT,-0.10222378630201255,0.2429909674392037,0.47173763678715863
2014-12-03,12:00:00,119.219,119.473,119.205,119.44,10207,119.43,117.852,BULLISH_20_BAR_BREAKOUT,0.16409912926992462,0.3491292699263242,0.40606162089752135
2014-12-03,16:00:00,119.441,119.766,119.236,119.636,12964,119.473,117.86,BULLISH_20_BAR_BREAKOUT,0.1521281219699774,0.22819218295497204,0.06603363536060027
2014-12-03,20:00:00,119.631,119.858,119.594,119.818,7445,119.766,117.86,BULLISH_20_BAR_BREAKOUT,0.03254936653925243,0.06259493565240852,-0.03338396568127664
2014-12-04,04:00:00,119.882,119.935,119.74,119.909,6272,119.876,117.86,BULLISH_20_BAR_BREAKOUT,-0.013343452117860498,-0.16178935692900667,0.005003794544196204
2014-12-05,12:00:00,120.161,120.681,120.107,120.65,13314,120.246,118.216,BULLISH_20_BAR_BREAKOUT,0.624119353501865,0.7915457936179016,0.35640281806878793
2014-12-05,16:00:00,120.649,121.681,120.106,121.403,18623,120.681,118.337,BULLISH_20_BAR_BREAKOUT,0.04859846956005823,0.1260265397065901,-0.39784848809337836
2014-12-09,16:00:00,120.073,120.073,117.944,118.972,18107,121.843,119.335,BEARISH_20_BAR_BREAKOUT,0.42110748747604887,0.24543590088424305,-0.15717984063476922
2014-12-11,00:00:00,118.11,118.434,117.593,117.594,9989,121.843,117.944,BEARISH_20_BAR_BREAKOUT,0.4192390768236553,0.6752045172372836,1.1922376992023411
2014-12-16,04:00:00,117.76,117.963,117.317,117.361,12847,119.554,117.435,BEARISH_20_BAR_BREAKOUT,-0.021301795315314016,-0.1440001363314995,-0.3416807968575681
2014-12-16,12:00:00,117.337,117.39,115.695,115.756,18347,119.554,117.121,BEARISH_20_BAR_BREAKOUT,1.240540447147442,0.7438059366253189,1.2137599778845165
2014-12-19,20:00:00,119.435,119.623,119.333,119.504,13354,119.501,115.564,BULLISH_20_BAR_BREAKOUT,0.016735841478106188,0.07447449457758622,0.38910831436603727
2014-12-22,12:00:00,119.593,119.89,119.592,119.724,38575,119.623,116.442,BULLISH_20_BAR_BREAKOUT,0.1628746116066897,0.3558183822792439,0.3190671878654161
2014-12-22,16:00:00,119.724,120.013,119.712,119.919,40496,119.89,116.816,BULLISH_20_BAR_BREAKOUT,0.04169481066386241,0.1684470350820122,0.6446017728633462
2014-12-23,00:00:00,119.969,120.181,119.953,120.15,27942,120.013,116.816,BULLISH_20_BAR_BREAKOUT,-0.024136496046617203,-0.036620890553484095,0.43279234290469915
2014-12-23,16:00:00,120.106,120.795,120.1,120.692,42673,120.181,118.257,BULLISH_20_BAR_BREAKOUT,0.028170881251454966,-0.20879594339309593,-0.16736817684684832
2014-12-30,08:00:00,120.47,120.484,119.583,119.795,9152,120.822,120.1,BEARISH_20_BAR_BREAKOUT,-0.31720856463124125,-0.20368128886848347,-0.14107433532284064
2014-12-30,12:00:00,119.794,119.832,119.183,119.415,11009,120.822,119.583,BEARISH_20_BAR_BREAKOUT,-0.02847213499142153,0.045220449692239525,-0.07704224762384371
2015-01-13,04:00:00,118.335,118.336,117.737,117.982,43081,119.956,118.101,BEARISH_20_BAR_BREAKOUT,0.21867742536996793,0.4356596768998625,-0.40853689545862876
2015-01-13,20:00:00,118.497,118.531,117.536,117.711,57267,119.896,117.737,BEARISH_20_BAR_BREAKOUT,0.09090059552633087,-0.5369081903985227,-0.3797436093483215
2015-01-14,04:00:00,117.815,117.923,117.324,117.5,47784,119.875,117.536,BEARISH_20_BAR_BREAKOUT,-0.35829787234043103,-0.5063829787234033,0.17787234042553463
2015-01-14,08:00:00,117.5,117.55,116.743,117.079,46530,119.875,117.324,BEARISH_20_BAR_BREAKOUT,-0.1793660690644725,0.1580129656044229,0.5039332416573454
2015-01-20,04:00:00,117.736,118.304,117.687,118.195,7828,117.94,115.85,BULLISH_20_BAR_BREAKOUT,0.047379330766962734,0.11844832691738279,-0.4086467278649604
2015-01-20,12:00:00,118.252,118.734,117.975,118.678,11837,118.521,115.85,BULLISH_20_BAR_BREAKOUT,-0.2890173410404654,-0.021908020020556675,-0.986703517079823
2015-01-20,20:00:00,118.337,118.858,118.244,118.82,10005,118.762,115.85,BULLISH_20_BAR_BREAKOUT,-0.1413903383268744,-0.9846827133479107,-0.7313583571789259
2015-02-02,00:00:00,116.93,117.243,116.93,117.187,5228,118.484,117.25,BEARISH_20_BAR_BREAKOUT,0.5384556307440247,0.3601082031283308,0.34474813759205064
2015-02-06,16:00:00,117.301,119.138,117.152,119.005,21954,117.996,116.872,BULLISH_20_BAR_BREAKOUT,0.07814797697576029,-0.17394227133313192,-0.36637116087558746
2015-02-10,16:00:00,118.98,119.612,118.944,119.265,19366,119.218,117.074,BULLISH_20_BAR_BREAKOUT,0.1366704397769645,0.25657150044019406,0.9248312581226633
2015-02-11,08:00:00,119.572,119.72,119.459,119.636,7020,119.615,117.152,BULLISH_20_BAR_BREAKOUT,0.12705205790899146,0.5341201644989887,0.5215821324684957
2015-02-11,12:00:00,119.641,119.946,119.612,119.788,14096,119.72,117.152,BULLISH_20_BAR_BREAKOUT,0.4841887334290566,0.34477577052792996,-0.027548669315792276
2015-02-11,16:00:00,119.787,120.428,119.648,120.368,17488,119.946,117.152,BULLISH_20_BAR_BREAKOUT,-0.07726305994947937,-0.09221720058486475,-1.1556227568788973
2015-02-16,04:00:00,118.627,118.759,118.362,118.409,8169,120.471,118.41,BEARISH_20_BAR_BREAKOUT,0.1613053061844862,0.058272597522138016,0.16046077578562246
2015-02-24,12:00:00,119.25,119.592,119.232,119.534,10911,119.351,118.301,BULLISH_20_BAR_BREAKOUT,-0.28611106463434083,-0.5580002342429782,-0.6048488296216967
2015-03-02,00:00:00,119.698,119.85,119.629,119.829,4435,119.817,118.624,BULLISH_20_BAR_BREAKOUT,0.02253210825426318,-0.03755351375709344,0.3179530831434797
2015-03-02,04:00:00,119.83,119.952,119.776,119.856,8253,119.85,118.624,BULLISH_20_BAR_BREAKOUT,-0.012515018021626426,0.22026431718062509,-0.08677079161660593
2015-03-02,16:00:00,119.784,120.147,119.662,120.12,13176,119.963,118.641,BULLISH_20_BAR_BREAKOUT,0.03579753579752926,-0.306360306360314,-0.45121545121545253
2015-03-02,20:00:00,120.12,120.163,120.041,120.163,8228,120.147,118.678,BULLISH_20_BAR_BREAKOUT,0.03911353744496812,-0.3511896340803717,-0.3936319832227882
2015-03-03,00:00:00,120.162,120.262,120.1,120.21,6443,120.163,118.678,BULLISH_20_BAR_BREAKOUT,-0.38099991681224393,-0.2728558356209872,-0.48082522252723464
2015-03-06,16:00:00,120.053,121.275,119.902,121.152,19068,120.393,119.381,BULLISH_20_BAR_BREAKOUT,-0.2616547807712686,-0.06520734284205604,0.01650818806127511
2015-03-10,00:00:00,121.127,121.61,121.118,121.425,8980,121.41,119.469,BULLISH_20_BAR_BREAKOUT,0.3104797199917723,0.021412394482187565,-0.30636195182211234
2015-03-10,04:00:00,121.422,122.021,121.403,121.802,11699,121.61,119.627,BULLISH_20_BAR_BREAKOUT,-0.007389041230850347,-0.4950657624669616,-0.3448219241063379
2015-03-18,16:00:00,121.15,121.202,120.791,120.916,12642,121.568,121.088,BEARISH_20_BAR_BREAKOUT,-0.7046213900559097,-0.420953389129644,-0.00909722451949757
2015-03-18,20:00:00,120.915,121.093,120.052,120.064,19965,121.562,120.791,BEARISH_20_BAR_BREAKOUT,0.005830223880601181,0.4597547974413702,0.741271321961621
2015-03-24,12:00:00,119.607,119.614,119.289,119.397,13292,121.197,119.516,BEARISH_20_BAR_BREAKOUT,0.4263088687320455,0.32245366298984973,0.06951598448872116
2015-03-26,08:00:00,119.31,119.34,118.537,118.62,15178,120.159,119.217,BEARISH_20_BAR_BREAKOUT,0.06322711178552405,0.49485752824143403,0.6845388635980421
2015-03-30,16:00:00,119.773,120.046,119.733,119.986,16435,119.802,118.324,BULLISH_20_BAR_BREAKOUT,0.15085093260880217,0.22835997533045596,-0.027503208707683607
2015-03-30,20:00:00,119.986,120.222,119.967,120.167,9594,120.046,118.324,BULLISH_20_BAR_BREAKOUT,-0.12399410819942322,0.027461782352893267,-0.19805770302994957
2015-03-31,04:00:00,120.022,120.36,120.022,120.26,9237,120.223,118.324,BULLISH_20_BAR_BREAKOUT,-0.04989190088142547,-0.2552802261766191,-0.5795775819058728
2015-04-03,16:00:00,119.564,119.942,118.716,118.958,13050,120.324,119.41,BEARISH_20_BAR_BREAKOUT,-0.015972023739475663,0.010928226769116185,0.07817885304057191
2015-04-07,12:00:00,119.822,120.058,119.799,120.039,9751,119.942,118.716,BULLISH_20_BAR_BREAKOUT,0.2740775914494402,0.19826889594215177,-0.17161089312640315
2015-04-07,16:00:00,120.039,120.444,120.018,120.368,16239,120.058,118.716,BULLISH_20_BAR_BREAKOUT,-0.04652399308786171,-0.23012760866675613,-0.3439452346138521
2015-04-09,20:00:00,120.32,120.736,120.291,120.651,8852,120.444,118.915,BULLISH_20_BAR_BREAKOUT,-0.083712526211966,-0.12598320776454486,-0.3870668291186967
2015-04-14,16:00:00,119.873,119.968,119.068,119.267,21436,120.841,119.546,BEARISH_20_BAR_BREAKOUT,0.13750660283230187,0.3739508833122305,-0.03353819581274958
2015-04-17,12:00:00,118.814,118.924,118.566,118.71,15395,120.113,118.719,BEARISH_20_BAR_BREAKOUT,0.2611405947266467,0.10529862690590516,0.2771459860163489
2015-04-21,08:00:00,119.412,119.645,119.369,119.638,11863,119.497,118.526,BULLISH_20_BAR_BREAKOUT,-0.2298600779016748,0.01504538691720079,-0.04847958006653984
2015-04-22,16:00:00,119.584,119.957,119.527,119.894,23210,119.827,118.526,BULLISH_20_BAR_BREAKOUT,0.011676981333507759,0.010008841143010037,-0.16931622933591584
2015-04-24,16:00:00,119.498,119.529,118.863,118.976,25668,120.089,119.148,BEARISH_20_BAR_BREAKOUT,0.013448090371171784,-0.03193921463151955,0.12775685852609014
2015-04-30,16:00:00,118.908,119.89,118.806,119.858,33811,119.429,118.492,BULLISH_20_BAR_BREAKOUT,-0.39797093226985586,-0.1460061072268828,0.2911778938410365
2015-05-01,16:00:00,119.737,120.268,119.723,120.207,21730,119.89,118.492,BULLISH_20_BAR_BREAKOUT,-0.07736654271380977,-0.12811233954761067,0.03909922051129407
2015-05-05,12:00:00,120.138,120.484,120.109,120.481,3510,120.287,118.492,BULLISH_20_BAR_BREAKOUT,-0.5029838729758174,-0.4490334575576206,-0.5345241158356847
2015-05-06,16:00:00,119.839,119.846,119.212,119.423,12066,120.501,119.601,BEARISH_20_BAR_BREAKOUT,0.03098230659085095,0.043542701154712656,0.26544300511626157
2015-05-07,12:00:00,119.39,119.439,119.057,119.21,3570,120.501,119.212,BEARISH_20_BAR_BREAKOUT,0.4445935743645677,0.41858904454325097,0.805301568660354
2015-05-13,16:00:00,119.727,119.737,119.033,119.091,22146,120.271,119.59,BEARISH_20_BAR_BREAKOUT,0.043664088806044714,0.042824394790539955,0.08564878958107991
2015-05-18,20:00:00,119.81,120.028,119.803,119.987,11192,119.92,118.886,BULLISH_20_BAR_BREAKOUT,-0.06500704242958716,-0.014168201555165067,0.61506663221849
2015-05-19,12:00:00,119.97,120.141,119.94,120.116,14774,120.051,118.886,BULLISH_20_BAR_BREAKOUT,0.379633021412637,0.4354124346465052,0.6452096306903374
2015-05-19,16:00:00,120.116,120.715,120.116,120.572,23552,120.141,118.886,BULLISH_20_BAR_BREAKOUT,0.1268951331984139,0.23720266728593817,0.5838834887038397
2015-05-19,20:00:00,120.573,120.73,120.506,120.725,11394,120.715,118.938,BULLISH_20_BAR_BREAKOUT,-0.07123628080347776,0.19548560778629465,0.40670946365707156
2015-05-20,04:00:00,120.644,120.969,120.644,120.858,10969,120.73,119.088,BULLISH_20_BAR_BREAKOUT,0.08522398186300818,0.3458604312498901,0.2606364493868819
2015-05-20,16:00:00,120.89,121.379,120.725,121.276,22238,121.092,119.185,BULLISH_20_BAR_BREAKOUT,-0.04947392724034621,-0.08493024176258653,-0.17728157261122499
2015-05-25,04:00:00,121.555,121.769,121.548,121.64,8821,121.591,120.506,BULLISH_20_BAR_BREAKOUT,-0.012331469911213883,-0.12331469911213884,0.10276224926011181
2015-05-26,08:00:00,121.766,122.742,121.733,122.522,18279,121.796,120.634,BULLISH_20_BAR_BREAKOUT,0.020404498783884912,0.462774032418662,0.37217805781817864
2015-05-26,16:00:00,122.547,123.315,122.541,123.069,27084,122.867,120.634,BULLISH_20_BAR_BREAKOUT,0.016251046161093387,-0.004875313848329171,0.5598485402497728
2015-05-27,12:00:00,122.977,123.748,122.945,123.704,20480,123.315,120.634,BULLISH_20_BAR_BREAKOUT,0.04365259005367818,0.017784388540391233,0.4583521955636094
2015-05-27,16:00:00,123.704,123.868,123.438,123.758,25843,123.748,120.634,BULLISH_20_BAR_BREAKOUT,0.0,0.2836180287334953,0.34664425734094123
2015-05-28,04:00:00,123.723,124.29,123.487,124.109,15465,124.062,121.404,BULLISH_20_BAR_BREAKOUT,-0.3835338291340669,0.06284798040432439,-0.3110169286675388
2015-06-01,16:00:00,124.105,124.673,123.852,124.646,27320,124.448,122.77,BULLISH_20_BAR_BREAKOUT,0.1379907899170427,0.06979766699292661,-0.3658360476870522
2015-06-01,20:00:00,124.645,124.909,124.636,124.818,16158,124.673,122.945,BULLISH_20_BAR_BREAKOUT,0.031245493438447566,-0.16023329968434266,-0.551202550914133
2015-06-05,16:00:00,124.739,125.853,124.661,125.59,42859,124.834,123.747,BULLISH_20_BAR_BREAKOUT,-0.015924834779847307,-0.117843777370818,-0.40289831992993086
2015-06-10,08:00:00,124.541,124.581,122.456,122.703,51346,125.853,123.858,BEARISH_20_BAR_BREAKOUT,0.20048409574337636,-0.07579276790298813,0.6748001271362583
2015-06-17,12:00:00,123.65,123.974,123.627,123.863,19390,123.813,123.127,BULLISH_20_BAR_BREAKOUT,0.3100199413868551,-0.23735901762430828,-0.9647755988471078
2015-06-17,16:00:00,123.86,124.301,123.858,124.247,20263,123.974,123.127,BULLISH_20_BAR_BREAKOUT,-0.6841211457821873,-0.8877477927032399,-1.1139101950147692
2015-06-18,08:00:00,123.143,123.146,122.789,122.855,22129,124.435,123.061,BEARISH_20_BAR_BREAKOUT,-0.15221195718529779,0.03744251353220648,0.21163159822554303
2015-06-18,12:00:00,122.854,122.859,122.546,122.668,24357,124.435,122.789,BEARISH_20_BAR_BREAKOUT,0.15896566341669643,0.267388397952187,0.3904848860338468
2015-06-23,12:00:00,123.685,123.84,123.55,123.816,16899,123.782,122.471,BULLISH_20_BAR_BREAKOUT,-0.09045680687472457,0.0436131033145975,0.06299670478775195
2015-06-24,16:00:00,123.893,124.372,123.814,124.238,27350,124.18,122.555,BULLISH_20_BAR_BREAKOUT,-0.30505964358731213,-0.4926029073230371,-0.48857837376647995
2015-06-29,00:00:00,122.741,122.773,122.099,122.587,18152,124.372,123.22,BEARISH_20_BAR_BREAKOUT,0.2406454191716917,0.28224852553696855,0.06118103877246595
2015-07-02,08:00:00,123.31,123.568,123.296,123.484,14546,123.459,121.935,BULLISH_20_BAR_BREAKOUT,0.03644196819021226,-0.354701823718043,-0.2721000291535734
2015-07-08,08:00:00,122.053,122.168,121.401,121.656,34571,123.179,121.841,BEARISH_20_BAR_BREAKOUT,-0.20631945814427957,-0.8334977313079586,-0.2909844150720057
2015-07-08,16:00:00,121.406,121.523,120.506,120.535,45951,123.179,121.312,BEARISH_20_BAR_BREAKOUT,0.08877089642012637,0.5342846476127311,0.5674700294520244
2015-07-13,08:00:00,122.666,123.34,122.496,123.328,26411,122.876,120.408,BULLISH_20_BAR_BREAKOUT,0.04702906071613317,0.08027374156720594,0.09973404255318374
2015-07-13,12:00:00,123.328,123.489,123.288,123.386,23838,123.34,120.408,BULLISH_20_BAR_BREAKOUT,-0.028366265216472366,0.17749177378309394,-0.03971277130305901
2015-07-14,00:00:00,123.43,123.642,123.392,123.605,12164,123.53,120.408,BULLISH_20_BAR_BREAKOUT,-0.1318716880385186,-0.21681970794061783,-0.22248290926742903
2015-07-15,16:00:00,123.518,123.966,123.395,123.881,34900,123.728,121.697,BULLISH_20_BAR_BREAKOUT,-0.08314430784381335,-0.06457810317966298,0.12592730120035026
2015-07-16,12:00:00,123.935,124.062,123.852,124.037,20592,123.966,122.41,BULLISH_20_BAR_BREAKOUT,0.0,0.10158259229100233,-0.02257390939800688
2015-07-21,04:00:00,124.297,124.395,124.276,124.386,12891,124.37,123.65,BULLISH_20_BAR_BREAKOUT,-0.005627642982321798,-0.36660074284886474,-0.529802389336414
2015-07-22,04:00:00,123.862,123.887,123.611,123.727,18491,124.471,123.757,BEARISH_20_BAR_BREAKOUT,0.007274079222805322,0.2885384758379329,0.19963306311476062
2015-07-27,04:00:00,123.763,123.785,123.423,123.462,18512,124.184,123.566,BEARISH_20_BAR_BREAKOUT,-0.14417391586074846,-0.17900244609677765,0.033208598597136624
2015-07-27,08:00:00,123.462,123.546,123.251,123.284,21347,124.184,123.423,BEARISH_20_BAR_BREAKOUT,-0.07137990331268296,-0.017844975828173626,0.29281983063494854
2015-07-27,12:00:00,123.284,123.562,123.182,123.196,29871,124.184,123.251,BEARISH_20_BAR_BREAKOUT,0.03652715997272778,0.06087859995454628,0.4513133543296839
2015-07-30,04:00:00,123.943,124.185,123.942,124.146,18150,124.022,123.006,BULLISH_20_BAR_BREAKOUT,-0.0008055031978515416,0.18848774829635645,-0.18365472910927008
2015-07-30,12:00:00,124.146,124.378,124.119,124.367,24376,124.247,123.006,BULLISH_20_BAR_BREAKOUT,0.010452933656026935,-0.23639711499031987,-0.02010179549237795
2015-07-30,16:00:00,124.374,124.577,124.228,124.38,39873,124.378,123.006,BULLISH_20_BAR_BREAKOUT,-0.22109663933107532,-0.3714423540762093,-0.356166586267887
2015-08-05,04:00:00,124.287,124.473,124.273,124.429,18062,124.42,123.516,BULLISH_20_BAR_BREAKOUT,-0.023306463927216615,0.3262904949810669,0.23708299512171738
2015-08-05,16:00:00,124.268,125.009,124.014,124.835,43026,124.473,123.516,BULLISH_20_BAR_BREAKOUT,0.021628549685585793,-0.0889173709296191,-0.1890495453999199
2015-08-11,20:00:00,124.903,125.203,124.893,125.077,14018,125.069,124.1,BULLISH_20_BAR_BREAKOUT,0.010393597543917131,-0.47730597951661313,-0.752336560678624
2015-08-12,04:00:00,125.092,125.252,125.038,125.231,17148,125.203,124.1,BULLISH_20_BAR_BREAKOUT,-0.5996917696097537,-1.089985706414542,-0.6899250185656828
2015-08-12,16:00:00,124.169,124.263,123.817,123.866,33969,125.276,124.1,BEARISH_20_BAR_BREAKOUT,0.21797749180565776,0.4044693459060636,0.36329581967610386
2015-08-19,20:00:00,124.101,124.236,123.685,123.785,32451,124.571,124.052,BEARISH_20_BAR_BREAKOUT,0.11471503009250726,0.20115522882417858,-0.2843640182574542
2015-08-20,16:00:00,123.967,123.97,123.47,123.533,38510,124.571,123.685,BEARISH_20_BAR_BREAKOUT,-0.08095002954675619,-0.3837031400516491,-1.1575854225186846
2015-08-20,20:00:00,123.532,123.595,123.352,123.433,23480,124.57,123.47,BEARISH_20_BAR_BREAKOUT,0.01053202952208163,-0.43910461545940027,-1.121256066043927
2015-08-21,04:00:00,123.447,123.493,122.804,123.059,28571,124.511,123.326,BEARISH_20_BAR_BREAKOUT,-0.1365198807076217,-0.7768631306934097,-1.6544909352424457
2015-08-21,12:00:00,122.89,123.107,122.46,122.738,29983,124.511,122.804,BEARISH_20_BAR_BREAKOUT,-0.5173621861200322,-0.8204468053903476,-2.434453877364793
2015-08-21,16:00:00,122.738,122.76,122.01,122.103,47496,124.511,122.46,BEARISH_20_BAR_BREAKOUT,-0.04422495761773899,-0.8844991523549777,-2.8140176736034275
2015-08-24,00:00:00,121.863,122.021,121.181,121.731,16308,124.466,121.811,BEARISH_20_BAR_BREAKOUT,-0.5816102718288673,-1.6273586843121264,-2.340406305706837
2015-08-24,04:00:00,121.731,121.926,120.725,121.023,45178,124.466,121.181,BEARISH_20_BAR_BREAKOUT,-0.5131256042239865,-1.9467373970237019,-0.8535567619378145
2015-08-24,08:00:00,121.023,121.272,120.241,120.402,39070,124.466,120.725,BEARISH_20_BAR_BREAKOUT,-0.5415192438663818,-1.5714024683975314,-0.55896081460441
2015-08-24,12:00:00,120.401,120.708,119.533,119.75,34309,124.466,120.241,BEARISH_20_BAR_BREAKOUT,-0.9043841336116897,-0.7248434237995782,0.2722338204592847
2015-08-24,16:00:00,119.755,120.096,116.131,118.667,72767,124.466,119.533,BEARISH_20_BAR_BREAKOUT,-0.1323029991488758,1.1148845087513741,1.0373566366386566
2015-08-27,20:00:00,120.902,121.394,120.509,121.01,46719,120.912,116.131,BULLISH_20_BAR_BREAKOUT,0.005784645897025693,-0.2123791422196554,0.5801173456739097
2015-08-28,20:00:00,121.319,121.741,121.114,121.712,34181,121.454,118.446,BULLISH_20_BAR_BREAKOUT,-0.3434336795057236,-0.4329893519127128,-0.4058761666885761
2015-09-09,04:00:00,120.098,120.451,120.066,120.34,33618,120.233,118.591,BULLISH_20_BAR_BREAKOUT,0.27588499252118465,0.5052351670267491,0.12132291839787335
2015-09-09,08:00:00,120.341,120.732,120.214,120.672,31240,120.451,118.591,BULLISH_20_BAR_BREAKOUT,0.2204322460885751,-0.16159506762131495,0.16159506762132675
2015-09-09,12:00:00,120.672,120.949,120.357,120.938,33744,120.732,118.591,BULLISH_20_BAR_BREAKOUT,0.008268699664283273,-0.5763283666010706,0.09839752600506026
2015-09-14,16:00:00,120.389,120.398,119.862,119.911,33461,121.326,119.973,BEARISH_20_BAR_BREAKOUT,0.20014844342887214,0.18597126201933015,0.3252412205719246
2015-09-15,08:00:00,120.134,120.163,119.546,119.588,30856,121.326,119.849,BEARISH_20_BAR_BREAKOUT,0.029267150550231463,0.6789978927651703,0.5518948389470606
2015-09-17,08:00:00,120.524,120.973,120.502,120.916,25872,120.839,119.396,BULLISH_20_BAR_BREAKOUT,-0.014886367395547885,-0.8592742068874273,-1.2322604121869685
2015-09-18,12:00:00,119.425,119.579,119.051,119.243,34132,120.989,119.324,BEARISH_20_BAR_BREAKOUT,0.5082059324237136,0.6407084692602585,1.0222822304034689
2015-09-24,12:00:00,119.935,120.169,119.539,119.58,40650,120.655,119.622,BEARISH_20_BAR_BREAKOUT,-0.03679545074426905,0.572838267268776,1.1899983274795132
2015-09-24,16:00:00,119.581,119.664,119.222,119.536,48256,120.655,119.539,BEARISH_20_BAR_BREAKOUT,0.3881675813144146,0.4960848614643317,1.009737652255382
2015-09-25,08:00:00,120.129,120.768,120.107,120.696,33661,120.605,119.222,BULLISH_20_BAR_BREAKOUT,0.254358056605026,-0.0985948167296346,-0.34715317823291325
2015-09-25,12:00:00,120.696,121.119,120.696,121.003,35648,120.768,119.222,BULLISH_20_BAR_BREAKOUT,-0.21487070568498726,-0.5057725841508018,-0.768575985719368
2015-10-05,20:00:00,120.365,120.547,120.339,120.435,25687,120.401,118.676,BULLISH_20_BAR_BREAKOUT,0.02823099597292466,-0.22418732096151117,-0.2067505293311705
2015-10-14,16:00:00,119.528,119.656,119.068,119.208,36902,120.344,119.426,BEARISH_20_BAR_BREAKOUT,-0.41943493725253345,-0.1392523991678384,-0.798604120528822
2015-10-14,20:00:00,119.208,119.249,118.628,118.708,25394,120.344,119.068,BEARISH_20_BAR_BREAKOUT,0.12214846514135191,-0.2838898810526698,0.1432085453381421
2015-10-15,08:00:00,119.041,119.053,118.097,118.371,25866,120.26,118.628,BEARISH_20_BAR_BREAKOUT,-0.18078752397124181,0.4283143675393509,0.6352907384410114
2015-10-20,16:00:00,119.622,119.959,119.622,119.789,28110,119.774,118.058,BULLISH_20_BAR_BREAKOUT,0.08097571563331708,0.09099332993847069,0.10184574543572439
2015-10-22,16:00:00,119.777,120.494,119.722,120.485,40664,120.089,119.221,BULLISH_20_BAR_BREAKOUT,0.1601859152591591,0.17512553429887415,0.529526497074329
2015-10-22,20:00:00,120.485,120.752,120.459,120.678,24282,120.494,119.253,BULLISH_20_BAR_BREAKOUT,0.0008286514526299532,0.022373589220902754,0.6306037554483797
2015-10-23,16:00:00,120.467,121.27,120.428,121.123,41392,120.982,119.408,BULLISH_20_BAR_BREAKOUT,0.2608918207111682,-0.017337747578908047,-0.20970418500202678
2015-10-23,20:00:00,121.125,121.481,121.109,121.439,35535,121.27,119.466,BULLISH_20_BAR_BREAKOUT,-0.10293233639934454,-0.3985540065382576,-0.3606749067432935
2015-11-04,16:00:00,121.199,121.715,121.127,121.607,33542,121.483,120.252,BULLISH_20_BAR_BREAKOUT,-0.03207052225612134,-0.09538924568486984,-0.03371516442309803
2015-11-05,08:00:00,121.491,121.837,121.421,121.796,16970,121.715,120.252,BULLISH_20_BAR_BREAKOUT,0.12315675391637777,-0.11905152878584702,0.07060987224539272
2015-11-05,12:00:00,121.796,121.973,121.616,121.946,29808,121.837,120.252,BULLISH_20_BAR_BREAKOUT,-0.31161333705082206,-0.21320912535055755,-0.017220737047546286
2015-11-06,16:00:00,121.924,123.201,121.858,123.17,38660,122.0,120.594,BULLISH_20_BAR_BREAKOUT,0.03897052853779477,0.13720873589347807,0.09742632134448692
2015-11-06,20:00:00,123.17,123.264,123.131,123.218,32066,123.201,120.603,BULLISH_20_BAR_BREAKOUT,-0.017854534240131774,0.12903958837182214,-0.1063156357025761
2015-11-09,04:00:00,123.193,123.474,123.171,123.339,20110,123.335,120.939,BULLISH_20_BAR_BREAKOUT,0.03080939524399963,-0.03972790439357574,-0.17999173010969297
2015-11-12,20:00:00,122.927,123.011,122.563,122.621,24692,123.601,122.661,BEARISH_20_BAR_BREAKOUT,-0.028543234845578316,0.03996052878381892,-0.012232814933820935
2015-11-16,00:00:00,122.238,122.449,122.221,122.298,8191,123.433,122.435,BEARISH_20_BAR_BREAKOUT,0.1120214557883207,0.6083500956679584,0.7882385648170851
2015-11-16,20:00:00,123.077,123.275,123.014,123.257,19396,123.202,122.221,BULLISH_20_BAR_BREAKOUT,0.004056564738712976,0.0024339388432300913,0.1289987586911833
2015-11-17,04:00:00,123.262,123.4,123.222,123.377,18745,123.331,122.221,BULLISH_20_BAR_BREAKOUT,-0.09483128946237161,0.05025247817664364,-0.016210476831172764
2015-11-17,16:00:00,123.256,123.474,123.186,123.439,28742,123.424,122.221,BULLISH_20_BAR_BREAKOUT,-0.01863268496990103,-0.0664295725013923,0.13123891152715605
2015-11-18,16:00:00,123.38,123.603,123.352,123.601,25850,123.484,122.221,BULLISH_20_BAR_BREAKOUT,-0.03478936254560413,-0.32200386728262403,-0.6262085258209893
2015-11-24,12:00:00,122.661,122.661,122.398,122.568,28071,123.561,122.618,BEARISH_20_BAR_BREAKOUT,-0.09056197376150725,-0.043241302787022116,0.08321911102408774
2015-11-30,12:00:00,122.828,123.14,122.763,123.058,20175,122.931,122.254,BULLISH_20_BAR_BREAKOUT,0.17877748703863125,0.12189374116269681,0.060134245640265614
2015-11-30,16:00:00,123.063,123.279,122.991,123.278,23111,123.14,122.254,BULLISH_20_BAR_BREAKOUT,-0.14114440532780104,-0.3398822174272872,-0.33744869319749754
2015-12-02,16:00:00,123.116,123.472,123.108,123.462,26148,123.338,122.302,BULLISH_20_BAR_BREAKOUT,-0.2559491989438066,-0.10043576161086766,-0.22922032690220573
2015-12-03,20:00:00,123.179,123.202,122.294,122.298,35497,123.667,122.637,BEARISH_20_BAR_BREAKOUT,0.2837331763397555,0.3900309081097024,0.6549575626747796
2015-12-09,16:00:00,122.62,122.621,121.829,122.083,36449,123.473,122.472,BEARISH_20_BAR_BREAKOUT,-0.7527665604547701,-0.3858031011688799,-0.4677145876166198
2015-12-09,20:00:00,122.082,122.099,121.071,121.164,41802,123.473,121.829,BEARISH_20_BAR_BREAKOUT,0.43329701891650285,0.48034069525601136,0.3755240830609738
2015-12-11,16:00:00,121.391,121.635,120.828,120.99,41498,123.186,121.071,BEARISH_20_BAR_BREAKOUT,-0.025621952227449955,0.14629308207290415,-0.22067939499131822
2015-12-17,00:00:00,121.804,122.489,121.779,122.479,23765,122.297,120.339,BULLISH_20_BAR_BREAKOUT,0.04653859028894926,0.018778729414835306,-0.023677528392619437
2015-12-17,04:00:00,122.479,122.638,122.279,122.536,22298,122.489,120.339,BULLISH_20_BAR_BREAKOUT,-0.09303388391983117,0.1142521381471572,0.371319448978258
2015-12-17,16:00:00,122.503,122.766,122.425,122.676,30806,122.638,120.339,BULLISH_20_BAR_BREAKOUT,0.1581401415109741,0.2567739411131743,-0.9398741400110908
2015-12-17,20:00:00,122.676,122.872,122.605,122.87,25655,122.766,120.339,BULLISH_20_BAR_BREAKOUT,-0.34182469276471206,-0.87409457149833,-1.4193863432896554
2015-12-18,04:00:00,122.45,123.559,122.345,122.991,21726,122.872,120.339,BULLISH_20_BAR_BREAKOUT,-0.9716158092868528,-1.1935832703205953,-1.4188030018456672
2015-12-21,20:00:00,121.097,121.173,120.835,121.032,23694,123.559,121.033,BEARISH_20_BAR_BREAKOUT,0.14458986053274933,0.06609822195782793,0.008262277744732894
2015-12-24,04:00:00,120.944,120.97,120.565,120.703,13100,121.532,120.72,BEARISH_20_BAR_BREAKOUT,-0.21291931435010314,-0.35044696486417226,-0.26677050280440645
2015-12-24,08:00:00,120.703,120.73,120.432,120.446,12029,121.5,120.565,BEARISH_20_BAR_BREAKOUT,-0.06641980638626296,-0.10461119505837037,0.10212045231888535
2015-12-24,12:00:00,120.452,120.53,120.247,120.366,12283,121.5,120.432,BEARISH_20_BAR_BREAKOUT,-0.07144874798531024,-0.10135752621172082,0.10717312197797127
2015-12-28,00:00:00,120.103,120.274,120.103,120.244,3959,121.427,120.247,BEARISH_20_BAR_BREAKOUT,0.11393499883570113,0.208742224144244,0.07900602109044848
2016-01-04,04:00:00,120.312,120.462,119.643,119.682,28113,120.65,119.999,BEARISH_20_BAR_BREAKOUT,-0.5949098444210519,-0.3275346334452933,-0.13535870055647978
2016-01-04,08:00:00,119.678,119.728,118.902,118.97,26452,120.65,119.643,BEARISH_20_BAR_BREAKOUT,-0.1512986467176537,0.2706564680171495,0.37740606875682786
2016-01-04,12:00:00,118.97,119.159,118.699,118.79,32555,120.65,118.902,BEARISH_20_BAR_BREAKOUT,0.42091085108174087,0.5690714706625033,0.1330078289418192
2016-01-06,04:00:00,119.104,119.156,118.35,118.65,35468,120.65,118.699,BEARISH_20_BAR_BREAKOUT,0.06911083017277171,-0.0008428150021110618,-0.37420986093552683
2016-01-07,04:00:00,118.62,118.753,117.661,118.206,39020,120.462,118.247,BEARISH_20_BAR_BREAKOUT,-0.1590443801499098,-0.10997749691217845,0.03637717205555738
2016-01-07,12:00:00,118.019,118.143,117.325,117.503,42566,120.462,117.661,BEARISH_20_BAR_BREAKOUT,0.4876471239032138,0.020425010425266513,0.6382815757895544
2016-01-08,20:00:00,117.68,117.945,117.223,117.229,45390,119.437,117.325,BEARISH_20_BAR_BREAKOUT,-0.14842743689700705,0.07165462470890581,0.22264115534551665
2016-01-11,00:00:00,117.097,117.171,116.691,117.055,11772,119.273,117.223,BEARISH_20_BAR_BREAKOUT,0.26568707018067816,0.5151424544017722,0.5339370381444619
2016-01-15,16:00:00,117.377,117.415,116.595,116.887,49111,118.376,117.223,BEARISH_20_BAR_BREAKOUT,0.0941079846347322,0.33536663615286205,0.4286190936545593
2016-01-22,12:00:00,118.072,118.311,117.979,118.189,34713,118.182,115.97,BULLISH_20_BAR_BREAKOUT,0.2699066749020659,0.3130578987892313,0.1920652514193401
2016-01-22,16:00:00,118.188,118.642,117.859,118.508,40137,118.311,115.97,BULLISH_20_BAR_BREAKOUT,0.22023829614879153,0.15695142943936868,0.07003746582509064
2016-01-22,20:00:00,118.509,118.876,118.342,118.769,33028,118.642,115.97,BULLISH_20_BAR_BREAKOUT,-0.17681381505275615,-0.17092002121766028,-0.23659372395154113
2016-01-29,04:00:00,118.926,121.43,118.395,120.307,36685,119.067,117.651,BULLISH_20_BAR_BREAKOUT,0.2609989443673211,0.634210810676013,0.7755159716392169
2016-02-03,16:00:00,119.436,119.622,117.51,117.987,53670,121.686,119.125,BEARISH_20_BAR_BREAKOUT,-0.2720638714434624,-0.02457897904006065,-0.7195708001728915
2016-02-04,20:00:00,117.136,117.176,116.524,116.722,45863,121.406,116.723,BEARISH_20_BAR_BREAKOUT,0.10966227446411142,0.07796302325183614,0.08310344236734156
2016-02-08,16:00:00,116.655,116.662,115.547,115.564,56744,120.04,116.29,BEARISH_20_BAR_BREAKOUT,-0.17306427607212338,-0.8592641306981371,-0.7692707071406285
2016-02-08,20:00:00,115.564,115.853,115.17,115.364,41389,120.04,115.547,BEARISH_20_BAR_BREAKOUT,0.2591796400956905,-0.05807704309837321,-0.31899032627163515
2016-02-09,04:00:00,115.663,115.663,114.204,114.571,43516,118.234,115.17,BEARISH_20_BAR_BREAKOUT,0.6336682057414172,0.09077340688306744,0.07157134004242596
2016-02-10,20:00:00,114.418,114.606,113.614,113.646,51357,117.52,114.204,BEARISH_20_BAR_BREAKOUT,-0.36076940675430424,-0.8130510532706884,-1.1210249370853358
2016-02-11,00:00:00,113.644,113.782,113.115,113.236,25467,117.52,113.614,BEARISH_20_BAR_BREAKOUT,-0.38768589494507677,-1.7079374050655245,-0.661450422127247
2016-02-11,04:00:00,113.235,113.484,112.53,112.797,34505,117.52,113.115,BEARISH_20_BAR_BREAKOUT,-0.06649113008324942,-0.8191707226255951,0.14184774417759036
2016-02-11,12:00:00,112.728,112.728,110.979,111.302,58742,117.52,112.274,BEARISH_20_BAR_BREAKOUT,0.5130186339868088,1.064670895401689,1.1437350631614849
2016-02-16,04:00:00,114.35,114.866,114.286,114.863,33316,114.727,110.979,BULLISH_20_BAR_BREAKOUT,-0.32125227444869087,-0.9158736930081858,-1.001192725246603
2016-02-19,00:00:00,113.559,113.59,113.139,113.251,16719,114.871,113.37,BEARISH_20_BAR_BREAKOUT,-0.3320058984026673,-0.35408075866880684,-0.6428199309498447
2016-02-19,04:00:00,113.254,113.292,112.707,112.875,32667,114.871,113.139,BEARISH_20_BAR_BREAKOUT,0.06378737541528481,-0.09036544850498682,0.011517165005541731
2016-02-19,20:00:00,112.773,112.78,112.301,112.531,33716,114.5,112.707,BEARISH_20_BAR_BREAKOUT,-0.007109152144751025,0.30569354222391526,0.26837049346401654
2016-02-23,04:00:00,112.952,112.995,111.997,112.095,35670,114.346,112.301,BEARISH_20_BAR_BREAKOUT,0.03657611847093699,-0.03122351576787242,-0.1694990855970362
2016-02-24,16:00:00,111.749,111.958,111.044,111.05,42734,113.383,111.63,BEARISH_20_BAR_BREAKOUT,0.5348941918055005,1.1481314723097755,1.461503827104912
2016-02-26,16:00:00,112.81,113.942,112.708,113.914,45741,113.219,111.039,BULLISH_20_BAR_BREAKOUT,0.06144986568814472,-0.5179345822287018,-0.9103358674087523
2016-02-26,20:00:00,113.915,113.988,113.682,113.984,37215,113.942,111.039,BULLISH_20_BAR_BREAKOUT,-0.2377526670409889,-0.8694202695115101,-1.0273371701291343
2016-03-01,20:00:00,113.591,114.18,113.577,114.05,27388,113.988,111.979,BULLISH_20_BAR_BREAKOUT,-0.12099956159578344,0.1692240245506338,-0.5436212187636916
2016-03-02,08:00:00,113.875,114.356,113.838,114.243,26189,114.18,112.153,BULLISH_20_BAR_BREAKOUT,0.10416393126931171,-0.7116409758147004,-0.1006626226552129
2016-03-02,12:00:00,114.243,114.45,114.177,114.362,29678,114.356,112.153,BULLISH_20_BAR_BREAKOUT,-0.3891152655602326,-0.7677375351952573,-0.3200363757192072
2016-03-08,04:00:00,113.485,113.508,112.744,112.967,29701,114.264,113.116,BEARISH_20_BAR_BREAKOUT,-0.029212070781733827,-0.4647374897093892,-0.2717607796967275
2016-03-08,16:00:00,112.967,113.141,112.419,112.442,37832,114.264,112.744,BEARISH_20_BAR_BREAKOUT,0.1449636256914773,0.19387773251988005,0.40020632859607874
2016-03-16,20:00:00,113.688,113.814,112.328,112.562,37651,114.143,112.627,BEARISH_20_BAR_BREAKOUT,0.20433183489988097,-0.72226861640696,-1.0269895701924199
2016-03-17,08:00:00,112.495,112.556,111.67,111.749,31762,114.143,112.328,BEARISH_20_BAR_BREAKOUT,-0.8841242427225295,-0.30693786969009956,-0.37405256422875566
2016-03-17,12:00:00,111.749,111.781,110.752,110.761,37864,114.143,111.67,BEARISH_20_BAR_BREAKOUT,0.48211915746517825,0.5408040736360306,0.6166430422260606
2016-03-22,20:00:00,111.804,112.485,111.797,112.317,21530,112.206,110.664,BULLISH_20_BAR_BREAKOUT,-0.06143326477736087,0.04540719570501521,0.11663416935993683
2016-03-23,12:00:00,112.37,112.759,112.359,112.676,20423,112.485,110.817,BULLISH_20_BAR_BREAKOUT,-0.041712520856257804,-0.22720011360005699,0.049700024850010106
2016-03-25,04:00:00,112.835,113.319,112.809,113.111,16938,113.002,111.377,BULLISH_20_BAR_BREAKOUT,-0.04243619099822459,-0.04774071487300267,0.4871321091671031
2016-03-28,00:00:00,113.156,113.392,113.113,113.369,4952,113.319,111.538,BULLISH_20_BAR_BREAKOUT,0.25844807663471175,0.15700941174394875,0.05645282220007865
2016-03-28,04:00:00,113.379,113.684,113.297,113.662,14456,113.392,111.797,BULLISH_20_BAR_BREAKOUT,-0.09501856381200761,-0.36687723249635024,-0.08446094561067342
2016-03-30,04:00:00,112.786,112.786,112.39,112.481,22766,113.799,112.607,BEARISH_20_BAR_BREAKOUT,-0.15291471448511043,-0.05156426418683398,-0.07112312301633014
2016-03-30,08:00:00,112.48,112.538,112.214,112.309,21703,113.799,112.39,BEARISH_20_BAR_BREAKOUT,0.00890400591226448,0.13801209164002987,0.1121904744944793
2016-04-01,20:00:00,112.056,112.079,111.583,111.61,26248,113.799,111.82,BEARISH_20_BAR_BREAKOUT,0.07078218797598201,-0.022399426574684782,-0.26610518770719205
2016-04-04,04:00:00,111.689,111.716,111.315,111.45,23102,113.457,111.558,BEARISH_20_BAR_BREAKOUT,0.12113055181695012,-0.24136384028712915,-0.5419470614625386
2016-04-04,16:00:00,111.597,111.601,111.117,111.181,31731,112.672,111.315,BEARISH_20_BAR_BREAKOUT,0.11872532177260953,-0.3013104757107723,-1.0001708925086072
2016-04-05,04:00:00,111.222,111.269,110.777,110.846,26450,112.657,111.093,BEARISH_20_BAR_BREAKOUT,-0.3446222687332019,-0.7009725204337559,-0.3563502517005668
2016-04-05,08:00:00,110.848,111.052,110.294,110.464,34364,112.657,110.777,BEARISH_20_BAR_BREAKOUT,0.17109646581692423,-0.14031720741599177,-0.053411066048665176
2016-04-05,16:00:00,110.653,110.705,109.948,110.069,39901,112.599,110.264,BEARISH_20_BAR_BREAKOUT,0.21804504447209921,0.3470550291180903,-0.39611516412432834
2016-04-06,16:00:00,110.401,110.442,109.579,109.633,44088,112.451,109.948,BEARISH_20_BAR_BREAKOUT,0.10671969206352507,-0.31924694207035686,-1.5013727618509034
2016-04-07,04:00:00,109.716,109.901,109.098,109.283,31626,112.079,109.335,BEARISH_20_BAR_BREAKOUT,-0.657924837348909,-1.1859118069599173,-0.5828902940073026
2016-04-07,08:00:00,109.283,109.301,108.516,108.564,34751,111.792,109.098,BEARISH_20_BAR_BREAKOUT,-0.019343428760902864,-0.1611952396742909,0.4495044397774712
2016-04-07,16:00:00,108.542,108.543,107.665,107.987,46734,111.737,108.014,BEARISH_20_BAR_BREAKOUT,0.3722670321427589,0.6102586422439794,0.3583764712419092
2016-04-13,12:00:00,108.919,109.388,108.919,109.349,26536,109.094,107.625,BULLISH_20_BAR_BREAKOUT,-0.1271159315585968,0.07133124216956986,0.034751117980042524
2016-04-14,00:00:00,109.265,109.457,109.247,109.427,10637,109.401,107.625,BULLISH_20_BAR_BREAKOUT,-0.03746790097508935,-0.036554049731790376,-0.08864357059958548
2016-04-15,04:00:00,109.33,109.729,109.299,109.634,21262,109.542,107.866,BULLISH_20_BAR_BREAKOUT,-0.3055621431307749,-0.7990222011419859,-1.4831165514347782
2016-04-18,00:00:00,108.199,108.459,107.989,108.066,10602,109.729,108.218,BEARISH_20_BAR_BREAKOUT,-0.05367090481743281,0.1767438417263547,0.9392408343049623
2016-04-20,20:00:00,109.518,109.875,109.427,109.77,20540,109.528,107.832,BULLISH_20_BAR_BREAKOUT,0.08016762321217825,-0.10020952901521313,-0.28787464698916143
2016-04-22,08:00:00,109.368,110.744,109.328,110.578,36824,109.894,108.746,BULLISH_20_BAR_BREAKOUT,0.17634610862919675,1.058076651775219,0.572446598780947
2016-04-22,12:00:00,110.579,110.833,110.275,110.773,27410,110.744,108.758,BULLISH_20_BAR_BREAKOUT,0.6499778826970461,0.6066460238505746,0.2825598295613574
2016-04-22,16:00:00,110.773,111.557,110.747,111.493,39235,110.833,108.758,BULLISH_20_BAR_BREAKOUT,0.2287139102903408,-0.1775896244607225,-0.37401451212183867
2016-04-22,20:00:00,111.496,111.802,111.452,111.748,22559,111.557,108.758,BULLISH_20_BAR_BREAKOUT,-0.271145792318441,-0.4805455131188085,-0.5073916311701393
2016-04-28,04:00:00,111.521,111.88,108.738,109.385,33998,111.86,110.666,BEARISH_20_BAR_BREAKOUT,-0.9014033002696934,-0.7706723956666851,-1.8795995794670308
2016-04-28,08:00:00,109.385,109.386,108.051,108.399,39655,111.88,108.738,BEARISH_20_BAR_BREAKOUT,-0.16144060369560342,-0.35701436360114064,-1.1835902545226442
2016-04-29,04:00:00,108.1,108.109,107.07,107.329,24810,111.88,107.86,BEARISH_20_BAR_BREAKOUT,-0.19845521713608988,-0.4015690074443975,-0.7407131343811901
2016-04-29,20:00:00,106.898,106.984,106.274,106.334,30446,111.88,106.632,BEARISH_20_BAR_BREAKOUT,0.09122199860815375,0.059247277446538626,0.1166136889423846
2016-05-03,08:00:00,106.166,106.239,105.55,105.574,27031,111.88,106.043,BEARISH_20_BAR_BREAKOUT,0.27847765548335474,0.8269081402618114,1.2597798700437592
2016-05-09,08:00:00,107.309,107.698,107.283,107.649,22832,107.625,106.243,BULLISH_20_BAR_BREAKOUT,0.6242510380960316,0.6772009029345365,1.1435312915122244
2016-05-09,12:00:00,107.651,108.371,107.504,108.321,27129,107.698,106.243,BULLISH_20_BAR_BREAKOUT,0.059083649523183096,0.034157734880592074,0.8031683607056845
2016-05-09,16:00:00,108.32,108.601,108.162,108.385,30643,108.371,106.243,BULLISH_20_BAR_BREAKOUT,-0.006458458273750982,0.3118512709323189,0.7676338976795624
2016-05-10,04:00:00,108.357,108.827,108.291,108.723,25513,108.601,106.43,BULLISH_20_BAR_BREAKOUT,0.14440366803711863,0.4543656815945106,0.061624495276995005
2016-05-10,08:00:00,108.723,108.947,108.669,108.88,24501,108.827,106.43,BULLISH_20_BAR_BREAKOUT,0.28563556208670743,0.3728875826598144,-0.24981631153562764
2016-05-10,12:00:00,108.88,109.274,108.848,109.191,27508,108.947,106.43,BULLISH_20_BAR_BREAKOUT,0.023811486294654547,0.01923235431491679,-0.4423441492430732
2016-05-10,20:00:00,109.217,109.346,109.157,109.286,13149,109.274,106.43,BULLISH_20_BAR_BREAKOUT,-0.06771224127518444,-0.6203905349267036,-0.7539849569020717
2016-05-12,12:00:00,108.923,109.391,108.845,109.374,26624,109.369,107.229,BULLISH_20_BAR_BREAKOUT,-0.5824053248486848,-0.2605738109605542,-0.5174904456269207
2016-05-18,16:00:00,109.317,109.834,109.311,109.653,36042,109.649,108.46,BULLISH_20_BAR_BREAKOUT,0.5298532643885611,0.33469216528502654,0.14409090494560226
2016-05-18,20:00:00,109.652,110.244,109.574,110.234,27671,109.834,108.46,BULLISH_20_BAR_BREAKOUT,-0.05533682892754761,-0.14696010305349705,-0.25037647186893
2016-05-20,16:00:00,110.336,110.584,110.269,110.525,24439,110.442,108.718,BULLISH_20_BAR_BREAKOUT,-0.3827188418909765,-0.620674055643526,-0.9599638090929717
2016-05-23,20:00:00,109.463,109.47,109.106,109.241,12177,110.584,109.298,BEARISH_20_BAR_BREAKOUT,0.11808753123827581,0.2654680934813909,0.69296326470831
2016-05-30,00:00:00,110.419,110.852,110.31,110.77,10383,110.443,109.414,BULLISH_20_BAR_BREAKOUT,0.20673467545364196,0.3493725738015712,0.06319400559719003
2016-05-30,04:00:00,110.776,111.021,110.712,110.999,25009,110.852,109.414,BULLISH_20_BAR_BREAKOUT,0.32612906422581195,0.08378453859945002,0.2639663420391232
2016-05-30,08:00:00,111.0,111.445,110.953,111.361,20561,111.021,109.414,BULLISH_20_BAR_BREAKOUT,-0.18318801016514555,-0.20563752121478723,-0.20024963856287115
2016-06-01,12:00:00,110.053,110.142,109.172,109.217,34663,111.445,109.469,BEARISH_20_BAR_BREAKOUT,0.30398198082716776,0.2234084437404431,-0.1858685003250437
2016-06-02,04:00:00,109.463,109.465,108.822,108.949,31955,111.445,109.047,BEARISH_20_BAR_BREAKOUT,0.00458930325197611,-0.18816143333119012,-0.10922541739713057
2016-06-02,16:00:00,109.014,109.054,108.52,108.744,42281,111.445,108.822,BEARISH_20_BAR_BREAKOUT,0.04965791216067282,0.0790848230706968,-1.7086000147134592
2016-06-03,16:00:00,108.872,108.902,106.604,106.886,61408,111.345,108.491,BEARISH_20_BAR_BREAKOUT,-0.33119398237374326,0.14501431431618841,0.418202570963459
2016-06-03,20:00:00,106.886,106.902,106.505,106.532,31469,111.246,106.604,BEARISH_20_BAR_BREAKOUT,0.12859985731986676,0.6073292531821477,0.9715390680734395
2016-06-09,08:00:00,106.628,106.8,106.298,106.359,29007,107.898,106.363,BEARISH_20_BAR_BREAKOUT,0.12786882163240526,0.6713113135700775,0.46070384264614106
2016-06-13,04:00:00,106.48,106.633,106.064,106.15,33028,107.448,106.249,BEARISH_20_BAR_BREAKOUT,-0.04992934526614365,-0.07348092322185865,-0.12623645784267576
2016-06-16,04:00:00,105.884,105.885,104.508,104.723,38328,107.174,105.436,BEARISH_20_BAR_BREAKOUT,-0.7610553555570382,-0.653151647680068,-0.31129742272470556
2016-06-16,08:00:00,104.723,104.812,103.547,103.926,48286,106.852,104.508,BEARISH_20_BAR_BREAKOUT,0.46282932086291645,0.41279371860747266,0.3002136135327037
2016-06-21,20:00:00,104.565,105.053,104.513,104.84,19563,104.839,103.575,BULLISH_20_BAR_BREAKOUT,-0.1297214803510205,-0.4330408241129413,-0.32716520412056804
2016-06-23,12:00:00,104.424,105.863,104.423,105.497,39665,105.053,103.575,BULLISH_20_BAR_BREAKOUT,0.3810534896726931,-0.5412476184156876,-3.0019810989885984
2016-06-23,16:00:00,105.498,106.034,105.486,105.899,42619,105.863,103.575,BULLISH_20_BAR_BREAKOUT,0.02171880754303264,-4.803633650931551,-3.4325158877798705
2016-06-24,04:00:00,104.918,105.706,98.935,100.812,54873,106.805,103.002,BEARISH_20_BAR_BREAKOUT,2.2507241201444326,1.4403047256278996,1.0802285442209247
2016-06-30,20:00:00,102.791,103.289,102.766,103.279,25200,103.014,101.395,BULLISH_20_BAR_BREAKOUT,-0.1849359501931685,-0.7106962693287063,-0.7261882860988197
2016-07-05,04:00:00,102.515,102.523,102.001,102.167,26398,103.391,102.351,BEARISH_20_BAR_BREAKOUT,-0.41990075073164723,-0.571613143187138,-1.248935566278736
2016-07-05,08:00:00,102.166,102.169,101.707,101.738,28190,103.391,102.001,BEARISH_20_BAR_BREAKOUT,0.044231260689223006,-0.06683834948593234,-0.7509485148125536
2016-07-05,16:00:00,101.783,101.904,101.446,101.583,34525,103.391,101.64,BEARISH_20_BAR_BREAKOUT,0.08564425149877765,-0.6812163452546126,-0.44987842453953286
2016-07-06,00:00:00,101.668,101.761,101.046,101.157,13971,103.391,101.446,BEARISH_20_BAR_BREAKOUT,-0.26295758079024795,-0.6583825143094367,-0.023725496011151884
2016-07-06,04:00:00,101.157,101.279,100.575,100.891,34220,103.391,101.046,BEARISH_20_BAR_BREAKOUT,0.08226700102090216,0.2329246414447269,0.04856726566293562
2016-07-06,12:00:00,100.973,100.99,100.194,100.491,39005,103.162,100.575,BEARISH_20_BAR_BREAKOUT,0.6318973838453246,0.6388631817774685,0.4696938034251766
2016-07-11,08:00:00,100.702,102.134,100.68,101.894,33200,101.761,99.988,BULLISH_20_BAR_BREAKOUT,0.5034643845564911,0.9598209904410411,1.091330205900244
2016-07-11,12:00:00,101.893,102.477,101.864,102.407,29934,102.134,99.988,BULLISH_20_BAR_BREAKOUT,0.24314744109290323,0.09472008749402719,1.4530256720731978
2016-07-11,16:00:00,102.407,102.702,102.367,102.656,29124,102.477,99.988,BULLISH_20_BAR_BREAKOUT,0.21041147132168989,0.4636845386533656,2.005727867830421
2016-07-11,20:00:00,102.656,102.876,102.61,102.872,16409,102.702,99.988,BULLISH_20_BAR_BREAKOUT,-0.35772610622909534,0.1302589625942923,1.9393032117583058
2016-07-12,04:00:00,102.504,103.281,102.445,103.132,40080,102.89,99.988,BULLISH_20_BAR_BREAKOUT,-0.12217352519102195,1.5349261141061923,1.3031842687041792
2016-07-12,12:00:00,103.008,103.949,102.881,103.895,38330,103.614,99.988,BULLISH_20_BAR_BREAKOUT,0.789258385870357,0.7931084267770326,0.7084075268299767
2016-07-12,16:00:00,103.893,104.798,103.835,104.715,41772,103.949,99.988,BULLISH_20_BAR_BREAKOUT,0.14515589934584447,-0.22823855226090273,-0.584443489471431
2016-07-12,20:00:00,104.715,104.98,104.683,104.867,23477,104.798,99.988,BULLISH_20_BAR_BREAKOUT,-0.14113114707201535,-0.6207863293505206,-0.42243985238444676
2016-07-14,08:00:00,104.635,105.744,104.528,105.429,41279,104.98,100.511,BULLISH_20_BAR_BREAKOUT,0.32059490273074187,-0.07398343909171382,0.41165144315131275
2016-07-14,12:00:00,105.432,105.932,105.24,105.767,44882,105.744,100.552,BULLISH_20_BAR_BREAKOUT,-0.35171650893000644,-0.5928125029546034,-0.04632824983217108
2016-07-15,04:00:00,105.136,106.311,105.127,106.078,42120,105.932,102.445,BULLISH_20_BAR_BREAKOUT,-0.20268104602274123,-0.4138464149022485,-0.5024604536284633
2016-07-20,20:00:00,106.642,107.016,106.595,106.98,16529,106.809,104.624,BULLISH_20_BAR_BREAKOUT,0.1888203402505124,-0.14021312394840688,-1.1628341746120767
2016-07-21,00:00:00,106.98,107.438,106.788,107.182,16144,107.016,104.624,BULLISH_20_BAR_BREAKOUT,-0.07184042096620531,-0.8117034576701354,-1.301524509712448
2016-07-26,04:00:00,105.588,105.633,104.619,104.814,32305,107.488,105.419,BEARISH_20_BAR_BREAKOUT,-0.6878852061747376,0.006678497147332421,1.1057683133932548
2016-07-26,08:00:00,104.814,104.86,103.988,104.093,31292,107.488,104.619,BEARISH_20_BAR_BREAKOUT,0.20174267241792795,0.5235702688941636,1.2517652483836543
2016-07-29,16:00:00,103.334,103.408,102.25,102.321,46872,106.535,102.701,BEARISH_20_BAR_BREAKOUT,-0.2746259321155889,0.17103038476949714,-0.05863898906383077
2016-07-29,20:00:00,102.322,102.36,101.968,102.04,25942,106.535,102.25,BEARISH_20_BAR_BREAKOUT,0.2842022736181811,0.3498627989023905,0.3214425715405613
2016-08-02,08:00:00,102.465,102.579,101.618,101.662,30477,105.645,101.968,BEARISH_20_BAR_BREAKOUT,0.01770573075485499,-0.795774232259853,-0.6019948456650558
2016-08-02,16:00:00,101.682,101.687,100.806,100.82,37153,105.645,101.45,BEARISH_20_BAR_BREAKOUT,0.032731600872843936,0.01785360047609669,0.5038682801031639
2016-08-08,08:00:00,102.013,102.306,101.952,102.286,19627,102.255,100.744,BULLISH_20_BAR_BREAKOUT,0.1163404571495608,0.1437146823612279,0.13296052245663695
2016-08-08,12:00:00,102.285,102.452,102.21,102.405,21725,102.306,100.744,BULLISH_20_BAR_BREAKOUT,0.12011132268932637,-0.12206435232654654,-0.13573555978711566
2016-08-08,16:00:00,102.405,102.651,102.383,102.528,23909,102.452,100.744,BULLISH_20_BAR_BREAKOUT,-0.09265761548064808,-0.18824126092385693,-0.556921036204756
2016-08-16,04:00:00,101.262,101.262,100.344,100.472,22249,102.267,100.829,BEARISH_20_BAR_BREAKOUT,-0.15626244127716826,-0.18910741301058775,0.13038458475993334
2016-08-16,08:00:00,100.472,100.592,100.139,100.315,26770,102.267,100.344,BEARISH_20_BAR_BREAKOUT,-0.47051786871354656,-0.04984299456711076,0.3957533768628875
2016-08-16,12:00:00,100.315,100.379,99.813,99.843,28678,102.267,100.139,BEARISH_20_BAR_BREAKOUT,0.4396903137926474,0.32450947988341505,0.8192862794587481
2016-08-26,16:00:00,100.403,101.32,100.059,101.193,45039,100.612,99.937,BULLISH_20_BAR_BREAKOUT,0.5395630132519112,0.9467057998082855,0.9259533762216731
2016-08-26,20:00:00,101.195,101.939,101.191,101.739,35563,101.32,99.98,BULLISH_20_BAR_BREAKOUT,0.17102586028955696,0.5484622416182513,0.15726515888695247
2016-08-29,04:00:00,101.912,102.215,101.838,102.151,22543,102.085,100.059,BULLISH_20_BAR_BREAKOUT,0.14292566886276276,-0.02055780168574052,-0.06265234799462849
2016-08-29,08:00:00,102.151,102.387,102.148,102.297,20215,102.215,100.059,BULLISH_20_BAR_BREAKOUT,-0.028348827433841036,-0.38906321788517373,0.07038329569782371
2016-08-30,16:00:00,102.327,102.953,102.281,102.92,30727,102.44,100.059,BULLISH_20_BAR_BREAKOUT,0.0952195880295365,0.09910610182666524,0.4488923435678228
2016-08-30,20:00:00,102.923,103.131,102.891,103.018,16464,102.953,100.059,BULLISH_20_BAR_BREAKOUT,-0.13201576423537215,0.24073462889980846,0.4193441922770799
2016-08-31,08:00:00,103.022,103.332,102.941,103.266,21839,103.223,100.059,BULLISH_20_BAR_BREAKOUT,0.004841864698928449,0.17818062092072656,0.29051188193596844
2016-08-31,16:00:00,103.271,103.528,103.242,103.382,33643,103.337,100.059,BULLISH_20_BAR_BREAKOUT,0.06577547348667837,-0.12381265597492803,-0.15186396084425788
2016-09-01,08:00:00,103.254,103.618,103.241,103.566,19123,103.528,101.744,BULLISH_20_BAR_BREAKOUT,0.05600293532625836,-0.34084545120986487,0.007724542803618529
2016-09-01,12:00:00,103.568,103.712,103.474,103.624,26310,103.618,101.744,BULLISH_20_BAR_BREAKOUT,-0.38504593530456355,-0.3618852775418822,-0.11676831622017594
2016-09-02,16:00:00,103.501,104.316,102.794,104.163,52245,103.994,102.031,BULLISH_20_BAR_BREAKOUT,-0.40033409176003143,-0.48097693038794065,-0.7353858855831641
2016-09-06,16:00:00,103.399,103.438,102.04,102.274,38405,104.316,102.794,BEARISH_20_BAR_BREAKOUT,-0.25226352738721036,-0.8154565187633251,-0.5416821479554942
2016-09-06,20:00:00,102.276,102.324,101.928,102.016,20868,104.316,102.04,BEARISH_20_BAR_BREAKOUT,-0.4234629861982455,-0.460712045169384,-0.254861982434133
2016-09-07,00:00:00,102.017,102.124,101.236,101.584,15814,104.316,101.928,BEARISH_20_BAR_BREAKOUT,-0.1417546070247337,0.04036068672231534,0.24708615530003794
2016-09-21,12:00:00,101.809,101.894,100.914,100.931,27518,102.78,101.0,BEARISH_20_BAR_BREAKOUT,-0.29921431472985754,-0.5360097492346225,-0.1793304336625986
2016-09-21,16:00:00,100.933,100.943,100.55,100.629,34095,102.78,100.914,BEARISH_20_BAR_BREAKOUT,-0.14906239751960734,-0.2404873346649618,0.1748998797563346
2016-09-21,20:00:00,100.628,100.993,100.345,100.479,38143,102.78,100.55,BEARISH_20_BAR_BREAKOUT,-0.08857572229022845,0.16620388339852266,0.30852217876372406
2016-09-29,04:00:00,100.944,101.409,100.904,101.358,24417,101.159,100.081,BULLISH_20_BAR_BREAKOUT,0.15588310740148903,0.1164190295783214,0.02170524280273028
2016-09-29,08:00:00,101.358,101.746,101.33,101.516,26034,101.409,100.081,BULLISH_20_BAR_BREAKOUT,-0.04925331967375721,-0.4669214705071158,-0.6127112967414002
2016-10-04,04:00:00,101.831,102.387,101.813,102.111,27342,101.852,100.534,BULLISH_20_BAR_BREAKOUT,0.27519072382014836,0.5239396343195116,0.664962638697106
2016-10-04,08:00:00,102.111,102.49,102.031,102.392,24978,102.387,100.644,BULLISH_20_BAR_BREAKOUT,0.13868270958669635,0.4463239315571606,0.37893585436362726
2016-10-04,12:00:00,102.392,102.544,102.28,102.534,22801,102.49,100.741,BULLISH_20_BAR_BREAKOUT,0.10923205960949027,0.3247703200889446,0.5090994206799611
2016-10-04,16:00:00,102.533,102.871,102.434,102.646,39331,102.544,100.741,BULLISH_20_BAR_BREAKOUT,0.19776708298423995,0.14028798004793705,0.8534185452915893
2016-10-05,12:00:00,102.779,103.163,102.779,103.056,24064,103.005,100.741,BULLISH_20_BAR_BREAKOUT,0.4521813383015139,0.377464679397605,0.574444961962427
2016-10-05,16:00:00,103.056,103.594,102.852,103.522,34590,103.163,100.741,BULLISH_20_BAR_BREAKOUT,0.039605108092962665,-0.06761847723189987,0.4810571665925991
2016-10-06,08:00:00,103.452,103.735,103.36,103.685,22941,103.665,101.125,BULLISH_20_BAR_BREAKOUT,-0.0356850074745683,0.3578145344070937,0.14274002989824577
2016-10-06,16:00:00,103.647,104.157,103.635,104.02,33116,103.761,101.24,BULLISH_20_BAR_BREAKOUT,0.03460872909056082,-0.21149778888675147,-0.5729667371659195
2016-10-12,16:00:00,103.752,104.477,103.725,104.473,31890,104.067,102.805,BULLISH_20_BAR_BREAKOUT,-0.2086663539862008,-0.6192987661883985,-0.8193504541843295
2016-10-19,08:00:00,103.765,103.847,103.407,103.526,18130,104.475,103.582,BEARISH_20_BAR_BREAKOUT,-0.08307091938256914,-0.10528756061278777,0.19608600737979154
2016-10-24,16:00:00,104.004,104.317,103.897,104.205,24707,104.202,103.161,BULLISH_20_BAR_BREAKOUT,0.021112230699108076,0.24375029988964533,0.04318410824816631
2016-10-25,00:00:00,104.227,104.372,104.122,104.32,10202,104.317,103.161,BULLISH_20_BAR_BREAKOUT,0.13324386503068444,0.22047546012270322,-0.157208588957043
2016-10-25,04:00:00,104.319,104.487,104.259,104.459,20522,104.372,103.242,BULLISH_20_BAR_BREAKOUT,-0.006701193769809209,-0.2000784996984493,-0.17040178443216694
2016-10-25,12:00:00,104.454,104.594,104.407,104.55,18999,104.487,103.389,BULLISH_20_BAR_BREAKOUT,-0.2869440459110446,-0.37685318029650045,-0.34911525585843606
2016-10-27,16:00:00,104.688,105.04,104.631,105.034,29824,104.87,103.717,BULLISH_20_BAR_BREAKOUT,0.23516194755983763,0.07997410362357806,0.33988994040025067
2016-10-27,20:00:00,105.034,105.345,104.867,105.281,24408,105.04,103.851,BULLISH_20_BAR_BREAKOUT,-0.029445009070968083,0.04464243310758545,-0.5281104852727573
2016-11-01,20:00:00,104.579,104.611,103.794,104.052,36109,105.528,104.45,BEARISH_20_BAR_BREAKOUT,0.023065390381719425,-0.38346211509629885,-0.6352592934302093
2016-11-02,04:00:00,104.088,104.162,103.659,103.78,26327,105.528,103.794,BEARISH_20_BAR_BREAKOUT,-0.12237425322797779,-0.5357486991713214,-1.1341298901522516
2016-11-02,08:00:00,103.778,103.928,103.619,103.653,21920,105.528,103.659,BEARISH_20_BAR_BREAKOUT,-0.38493820728777833,-0.2527664418781902,-0.9705459562193088
2016-11-02,12:00:00,103.651,103.713,103.225,103.254,31931,105.528,103.619,BEARISH_20_BAR_BREAKOUT,-0.02905456447207966,0.12106068530032735,-0.07747883859220785
2016-11-02,16:00:00,103.253,103.383,103.088,103.224,38627,105.528,103.225,BEARISH_20_BAR_BREAKOUT,0.16178408122142293,-0.6016042780748753,-0.07265752150662912
2016-11-03,04:00:00,103.381,103.437,102.544,102.603,26316,105.528,103.015,BEARISH_20_BAR_BREAKOUT,0.042883736343002785,0.5321481828016789,0.43955829751567466
2016-11-08,12:00:00,104.422,104.773,104.405,104.764,19719,104.627,102.544,BULLISH_20_BAR_BREAKOUT,0.004772631820100095,0.2033141155358788,-1.551105341529533
2016-11-08,20:00:00,104.771,105.187,104.751,105.043,32124,104.828,102.592,BULLISH_20_BAR_BREAKOUT,-0.06283141189798702,-1.6326647182582403,0.7501689784183588
2016-11-09,04:00:00,104.978,105.465,101.453,101.834,81069,105.231,102.825,BEARISH_20_BAR_BREAKOUT,1.4670935051161693,2.665121668597913,3.32992910030048
2016-11-09,20:00:00,104.547,105.863,104.491,105.831,56623,105.465,101.186,BULLISH_20_BAR_BREAKOUT,-0.024567470778879767,-0.20220918256465364,0.9382884032088848
2016-11-10,12:00:00,105.617,106.919,105.479,106.775,49300,105.952,101.186,BULLISH_20_BAR_BREAKOUT,-0.30156871926949447,0.025286818075393135,-0.5160383985015237
2016-11-14,04:00:00,106.881,107.59,106.84,107.4,31096,106.942,101.186,BULLISH_20_BAR_BREAKOUT,0.2281191806331381,0.9841713221601376,0.5959031657355685
2016-11-14,08:00:00,107.4,107.667,107.342,107.645,25180,107.59,101.186,BULLISH_20_BAR_BREAKOUT,0.17000325142831246,0.8026383018254488,0.42825955687676953
2016-11-14,12:00:00,107.644,108.153,107.542,107.828,38899,107.667,101.186,BULLISH_20_BAR_BREAKOUT,0.5833364246763277,0.3524131023481799,0.4525726156471413
2016-11-14,16:00:00,107.828,108.48,107.705,108.457,50666,108.153,101.186,BULLISH_20_BAR_BREAKOUT,0.047945268631814184,-0.38448417345121794,0.4776086375245496
2016-11-14,20:00:00,108.458,108.539,107.926,108.509,37884,108.48,103.005,BULLISH_20_BAR_BREAKOUT,-0.277396345003642,-0.37139776424075954,0.7363444506907322
2016-11-15,16:00:00,108.316,108.991,108.151,108.975,46629,108.539,105.173,BULLISH_20_BAR_BREAKOUT,0.3055746730901699,0.0018352833218715757,0.5606790548290931
2016-11-15,20:00:00,108.976,109.333,108.81,109.308,29601,108.991,105.479,BULLISH_20_BAR_BREAKOUT,-0.2982398360595817,0.1216745343433194,-0.14546053353826435
2016-11-16,08:00:00,108.976,109.494,108.948,109.441,28251,109.333,106.026,BULLISH_20_BAR_BREAKOUT,0.2211237104924155,-0.2668104275362996,-0.3929057665774315
2016-11-16,12:00:00,109.445,109.752,109.315,109.683,31221,109.494,106.026,BULLISH_20_BAR_BREAKOUT,-0.08843667660440396,-0.8333105403754469,-0.6619074970597205
2016-11-17,20:00:00,109.392,109.973,109.286,109.894,33019,109.752,107.542,BULLISH_20_BAR_BREAKOUT,0.3130289187762699,0.7334340364351077,0.8853986568875452
2016-11-18,00:00:00,109.894,110.339,109.894,110.238,21367,109.973,107.705,BULLISH_20_BAR_BREAKOUT,0.2793954897585288,-0.09071282135016448,0.6386182623051884
2016-11-18,04:00:00,110.239,110.775,109.968,110.546,36389,110.339,107.765,BULLISH_20_BAR_BREAKOUT,0.13930852314873116,0.10131528956271124,0.5011488430155662
2016-11-23,16:00:00,111.139,112.969,111.109,112.967,45306,112.004,109.796,BULLISH_20_BAR_BREAKOUT,-0.3443483495179971,-0.15668292510201431,0.2257296378588397
2016-11-24,08:00:00,112.79,113.383,112.602,113.319,29439,112.969,110.264,BULLISH_20_BAR_BREAKOUT,-0.1888474130551793,0.05912512464811114,-0.16678579938051621
2016-11-30,16:00:00,113.292,113.952,113.16,113.947,52188,113.617,111.353,BULLISH_20_BAR_BREAKOUT,0.28785312469832725,0.2597698930204325,0.4019412533897324
2016-11-30,20:00:00,113.946,114.534,113.912,114.275,40140,113.952,111.353,BULLISH_20_BAR_BREAKOUT,0.3552833078100999,-0.09975935243929496,-0.2248960840078801
2016-12-01,00:00:00,114.281,114.821,114.185,114.681,20304,114.534,111.353,BULLISH_20_BAR_BREAKOUT,-0.381929003060666,-0.26421115965155284,-0.6836354757980763
2016-12-09,12:00:00,114.434,114.971,114.321,114.967,23187,114.56,113.12,BULLISH_20_BAR_BREAKOUT,0.18440074108222645,0.3853279636765314,0.634964815990679
2016-12-09,16:00:00,114.965,115.271,114.615,115.179,39715,114.971,113.12,BULLISH_20_BAR_BREAKOUT,0.03472855294801313,0.07727103030934339,0.20923953151182045
2016-12-12,00:00:00,115.375,115.538,115.353,115.41,7343,115.363,113.12,BULLISH_20_BAR_BREAKOUT,-0.12303959795511299,0.24867862403605076,-0.3777835542847178
2016-12-12,08:00:00,115.27,115.835,115.255,115.831,23648,115.612,113.12,BULLISH_20_BAR_BREAKOUT,-0.11568578359851883,-0.62763854235913,-0.47655636228644027
2016-12-14,20:00:00,115.096,116.447,114.946,116.35,38072,116.118,114.321,BULLISH_20_BAR_BREAKOUT,0.7296948861194704,1.1018478727976027,1.3287494628276808
2016-12-15,00:00:00,116.35,117.387,116.272,117.199,29931,116.447,114.615,BULLISH_20_BAR_BREAKOUT,0.12372119216033928,0.9855032892772132,0.8933523323577821
2016-12-15,12:00:00,117.628,118.659,117.565,118.354,42101,117.854,114.731,BULLISH_20_BAR_BREAKOUT,0.18081349172820405,-0.09125166872264909,-0.18081349172820405
2016-12-28,12:00:00,117.503,117.783,117.491,117.76,17700,117.737,116.862,BULLISH_20_BAR_BREAKOUT,-0.10190217391304733,-0.5782948369565315,-1.013077445652184
2016-12-29,04:00:00,117.088,117.088,116.67,116.729,30282,117.809,116.837,BEARISH_20_BAR_BREAKOUT,-0.3161168175860324,-0.2818494118856441,-0.03084066513034581
2016-12-29,08:00:00,116.73,116.778,116.227,116.36,26319,117.809,116.67,BEARISH_20_BAR_BREAKOUT,0.17789618425575252,0.23891371605363165,0.6239257476796143
2017-01-03,08:00:00,117.371,117.96,117.284,117.832,23734,117.651,116.037,BULLISH_20_BAR_BREAKOUT,0.3097630524815068,-0.14087853893678867,0.13833254124517189
2017-01-03,12:00:00,117.834,118.344,117.797,118.197,31735,117.96,116.037,BULLISH_20_BAR_BREAKOUT,-0.14298163235953276,-0.48224574227772904,-0.5304703165055031
2017-01-05,04:00:00,117.129,117.13,116.278,116.461,45385,118.602,116.607,BEARISH_20_BAR_BREAKOUT,-0.4439254342655446,-0.8380487888649412,-0.5933316732640133
2017-01-05,08:00:00,116.461,116.556,115.572,115.944,44175,118.602,116.278,BEARISH_20_BAR_BREAKOUT,0.6158145311529692,-0.3148071482784871,0.26909542537776654
2017-01-05,16:00:00,116.66,116.765,115.246,115.485,46903,118.602,115.572,BEARISH_20_BAR_BREAKOUT,0.08139585227518213,0.2467852967917882,0.8685110620426897
2017-01-17,08:00:00,114.035,114.09,113.246,113.286,38967,115.622,113.617,BEARISH_20_BAR_BREAKOUT,-0.2197976802076119,-0.5552318909662314,0.03266069946859447
2017-01-17,12:00:00,113.288,113.304,112.723,113.037,43596,115.44,113.246,BEARISH_20_BAR_BREAKOUT,-0.032732645063126356,-0.13093058025249285,0.28486247865742054
2017-01-17,20:00:00,113.004,113.105,112.625,112.657,30579,115.44,112.723,BEARISH_20_BAR_BREAKOUT,0.20593482872790803,0.5911749824689072,0.8175257640448498
2017-01-19,16:00:00,114.562,115.524,114.509,115.314,53332,114.966,112.566,BULLISH_20_BAR_BREAKOUT,-0.45614582791334635,-0.6209133322926913,-0.2506200461348902
2017-01-26,12:00:00,113.763,114.383,113.608,114.242,35975,114.073,112.519,BULLISH_20_BAR_BREAKOUT,0.428038724812232,0.15405892753978567,0.7195252183960263
2017-01-26,16:00:00,114.247,114.77,114.074,114.731,47864,114.383,112.519,BULLISH_20_BAR_BREAKOUT,-0.3407971690301585,0.20744175506183993,0.285014512206825
2017-01-27,04:00:00,114.419,115.036,114.386,114.969,30853,114.853,112.519,BULLISH_20_BAR_BREAKOUT,0.21049152380207226,0.07741217197680492,-0.48447842461879986
2017-01-27,08:00:00,114.968,115.304,114.863,115.211,24316,115.036,112.519,BULLISH_20_BAR_BREAKOUT,-0.12759198340436725,-0.1588389997482816,-0.44787390092960333
2017-01-31,16:00:00,113.512,113.536,112.076,112.583,53933,115.372,113.229,BEARISH_20_BAR_BREAKOUT,0.10658802838794892,0.5000754998534436,0.7878631765008932
2017-02-06,20:00:00,112.354,112.408,111.618,111.787,29908,113.948,111.987,BEARISH_20_BAR_BREAKOUT,0.03399321924731561,0.28804780520095224,0.32383014125076687
2017-02-09,16:00:00,112.359,113.189,112.226,112.975,40698,112.772,111.588,BULLISH_20_BAR_BREAKOUT,0.2903297189643753,0.623146713874758,0.5284354945784541
2017-02-09,20:00:00,112.977,113.327,112.935,113.303,25938,113.189,111.588,BULLISH_20_BAR_BREAKOUT,0.1103236454462812,0.4704200241829442,-0.210056220929719
2017-02-10,00:00:00,113.304,113.465,113.15,113.428,14855,113.327,111.588,BULLISH_20_BAR_BREAKOUT,0.22128574955037977,0.04231759353951566,0.4355185668441653
2017-02-10,04:00:00,113.428,113.795,113.389,113.679,29209,113.465,111.588,BULLISH_20_BAR_BREAKOUT,0.13810818181018172,-0.09412468441840562,0.2005647481065055
2017-02-10,08:00:00,113.679,113.854,113.611,113.836,20112,113.795,111.588,BULLISH_20_BAR_BREAKOUT,-0.3162444217997816,-0.6772901366878674,-0.2644154748937084
2017-02-13,00:00:00,113.513,113.964,113.451,113.922,7185,113.854,111.627,BULLISH_20_BAR_BREAKOUT,-0.013166903670933244,-0.20979266515685305,-0.2106704587349194
2017-02-14,16:00:00,113.387,114.432,113.308,114.399,45838,114.164,112.077,BULLISH_20_BAR_BREAKOUT,-0.19842830793975808,-0.09353228612138158,0.216785111757974
2017-02-15,16:00:00,114.531,114.953,114.316,114.647,39091,114.606,112.853,BULLISH_20_BAR_BREAKOUT,-0.3297077114970301,-0.6393538426648792,-1.1426378361405027
2017-02-16,20:00:00,113.332,113.47,113.081,113.109,29718,114.953,113.201,BEARISH_20_BAR_BREAKOUT,0.18124110371411498,0.2714196040987032,-0.36425041331811964
2017-02-17,12:00:00,113.421,113.432,112.7,112.889,33041,114.953,113.081,BEARISH_20_BAR_BREAKOUT,-0.05403537988643078,0.02125982159466459,0.174507702256201
2017-02-23,16:00:00,113.103,113.276,112.566,112.578,37551,113.773,112.904,BEARISH_20_BAR_BREAKOUT,0.1421236831352454,0.12524649576292982,-0.20163797544813714
2017-02-24,12:00:00,112.717,112.728,112.297,112.33,25187,113.773,112.547,BEARISH_20_BAR_BREAKOUT,0.018694916763109408,-0.1353155879996448,-0.03293866286832719
2017-02-24,20:00:00,112.352,112.443,111.931,112.006,30631,113.773,112.051,BEARISH_20_BAR_BREAKOUT,0.1535632019713203,0.171419388247052,0.6999625020088264
2017-02-28,16:00:00,112.234,112.261,111.782,111.888,32331,113.331,111.913,BEARISH_20_BAR_BREAKOUT,0.2672315172315104,1.332582582582582,1.775883025883021
2017-03-01,04:00:00,113.092,113.451,112.761,113.379,46379,113.111,111.685,BULLISH_20_BAR_BREAKOUT,0.08996374990076615,0.4374707838312166,0.49303662935816817
2017-03-01,08:00:00,113.379,113.658,113.367,113.481,26034,113.451,111.685,BULLISH_20_BAR_BREAKOUT,0.22118240057807456,0.1788845709854539,0.621249372141603
2017-03-01,12:00:00,113.483,113.826,113.425,113.732,28253,113.658,111.685,BULLISH_20_BAR_BREAKOUT,0.12573418211233484,0.3358773256427435,0.47216262793233754
2017-03-01,16:00:00,113.734,114.044,113.727,113.875,36146,113.826,111.685,BULLISH_20_BAR_BREAKOUT,-0.1677277716794753,0.0553238199780482,0.47508232711305975
2017-03-02,00:00:00,113.685,114.138,113.584,114.114,16373,114.044,111.685,BULLISH_20_BAR_BREAKOUT,-0.1542317331791033,0.13582908319750525,0.20593441646073177
2017-03-02,08:00:00,113.938,114.206,113.927,114.186,22583,114.152,111.685,BULLISH_20_BAR_BREAKOUT,0.07268842064701313,0.2487170055873678,0.06568230781355738
2017-03-02,12:00:00,114.187,114.328,114.131,114.269,23433,114.206,111.685,BULLISH_20_BAR_BREAKOUT,0.128643814157813,0.07001023899745187,0.16627431761894979
2017-03-02,16:00:00,114.268,114.536,114.266,114.416,30642,114.328,111.685,BULLISH_20_BAR_BREAKOUT,0.047196196336178546,-0.2482170325828484,0.04807019997203785
2017-03-10,00:00:00,114.856,115.189,114.846,115.139,17545,114.963,113.604,BULLISH_20_BAR_BREAKOUT,0.03734616420153585,0.22668253154883217,-0.33350993147413155
2017-03-10,08:00:00,115.181,115.454,115.179,115.404,21800,115.249,113.604,BULLISH_20_BAR_BREAKOUT,-0.0034660843644853537,-0.5952999896017448,-0.6325603965200425
2017-03-15,20:00:00,114.652,114.717,113.169,113.23,45756,115.5,114.478,BEARISH_20_BAR_BREAKOUT,0.1386558332597337,-0.003532632694519905,0.0017663163472536774
2017-03-17,16:00:00,113.053,113.187,112.56,112.664,36082,115.191,112.9,BEARISH_20_BAR_BREAKOUT,0.03372860896115592,-0.1251508911453573,-0.05858126819569916
2017-03-20,04:00:00,112.673,112.683,112.471,112.523,13372,114.881,112.56,BEARISH_20_BAR_BREAKOUT,0.05954338224185925,0.06665303982297205,0.18929463309724062
2017-03-21,16:00:00,112.571,112.683,111.807,111.905,43617,113.534,112.261,BEARISH_20_BAR_BREAKOUT,-0.17693579375363702,-0.22340377999195746,-0.7640409275724981
2017-03-21,20:00:00,111.903,112.05,111.54,111.707,39471,113.534,111.807,BEARISH_20_BAR_BREAKOUT,-0.1575550323614346,-0.18620140188170697,-0.5210058456497746
2017-03-22,00:00:00,111.707,111.799,111.426,111.531,15163,113.488,111.54,BEARISH_20_BAR_BREAKOUT,0.11117985134177512,-0.20084102177870167,-0.14704431951654828
2017-03-22,12:00:00,111.499,111.506,111.137,111.307,36484,113.488,111.324,BEARISH_20_BAR_BREAKOUT,-0.23089293575426972,0.05390496554574489,-0.22101035873754132
2017-03-22,16:00:00,111.307,111.43,110.744,111.05,46414,113.463,111.137,BEARISH_20_BAR_BREAKOUT,0.06753714542998907,0.2863574966231408,0.052228725799195796
2017-03-27,00:00:00,110.919,111.043,110.523,110.562,7972,112.683,110.623,BEARISH_20_BAR_BREAKOUT,-0.16190011034532847,-0.18812973716104847,0.04974584396086071
2017-03-27,04:00:00,110.561,110.74,110.253,110.383,28393,112.05,110.523,BEARISH_20_BAR_BREAKOUT,-0.17303389108830391,0.05707400596106501,0.2310138336519298
2017-03-27,08:00:00,110.382,110.431,110.141,110.192,21707,111.799,110.253,BEARISH_20_BAR_BREAKOUT,0.14701611732249723,0.33759256570349927,0.48551618992305323
2017-03-30,20:00:00,111.314,111.651,111.221,111.593,27025,111.534,110.106,BULLISH_20_BAR_BREAKOUT,0.12635201132686738,0.17563825687990997,-0.294821359762716
2017-03-31,00:00:00,111.593,111.942,111.575,111.734,17982,111.651,110.106,BULLISH_20_BAR_BREAKOUT,0.3069790753038498,0.03669429180017813,-0.41706195070434604
2017-03-31,04:00:00,111.732,112.193,111.713,112.077,23796,111.942,110.174,BULLISH_20_BAR_BREAKOUT,-0.2569661928852456,-0.5978032959483227,-0.7307476110174279
2017-04-04,00:00:00,110.854,110.928,110.677,110.682,11742,112.193,110.712,BEARISH_20_BAR_BREAKOUT,-0.10841871306987996,-0.35416779602825743,0.14636526264432512
2017-04-04,04:00:00,110.673,110.754,110.461,110.562,24239,112.193,110.677,BEARISH_20_BAR_BREAKOUT,-0.0868291094589494,0.15556882111394243,0.041605614949084206
2017-04-04,12:00:00,110.467,110.564,110.265,110.29,24326,112.193,110.33,BEARISH_20_BAR_BREAKOUT,0.40257502946775625,0.5023120863178782,0.5993290416175421
2017-04-11,16:00:00,110.578,110.587,109.628,109.737,43611,111.576,110.126,BEARISH_20_BAR_BREAKOUT,-0.027338090161022385,-0.22963995735257509,-0.1804313950627348
2017-04-12,00:00:00,109.707,109.743,109.53,109.556,13424,111.576,109.617,BEARISH_20_BAR_BREAKOUT,-0.06480703932235382,0.06298148891891144,-0.6115593851546257
2017-04-12,04:00:00,109.555,109.748,109.343,109.485,24766,111.576,109.53,BEARISH_20_BAR_BREAKOUT,0.1680595515367379,0.04932182490752345,-0.6083025071927632
2017-04-12,20:00:00,109.539,109.863,109.106,109.16,33906,111.576,109.343,BEARISH_20_BAR_BREAKOUT,-0.25100769512642074,-0.1346647123488378,-0.0971051667277341
2017-04-13,00:00:00,109.157,109.209,108.839,108.886,15842,111.576,109.106,BEARISH_20_BAR_BREAKOUT,-0.06153224473301717,0.2553128960564313,0.2103117021471991
2017-04-13,04:00:00,108.887,108.959,108.72,108.819,26536,111.576,108.839,BEARISH_20_BAR_BREAKOUT,0.17827769047684927,0.3776913958040428,0.3243918800944637
2017-04-14,16:00:00,108.871,108.935,108.559,108.631,19021,110.726,108.72,BEARISH_20_BAR_BREAKOUT,-0.08192873120932205,-0.29457521333688647,-0.1647780099603263
2017-04-14,20:00:00,108.63,108.651,108.542,108.542,8915,110.726,108.559,BEARISH_20_BAR_BREAKOUT,-0.21742735530946933,-0.20821433177940252,0.3583866153194116
2017-04-17,00:00:00,108.738,108.811,108.232,108.306,15469,110.587,108.542,BEARISH_20_BAR_BREAKOUT,0.004616549406320669,0.17173563791480348,0.7534208631100794
2017-04-20,16:00:00,109.081,109.444,108.978,109.32,35948,109.217,108.242,BULLISH_20_BAR_BREAKOUT,-0.00182949140138615,-0.079582875960473,-0.2250274423710164
2017-04-24,00:00:00,110.489,110.501,109.932,110.013,18137,109.484,108.317,BULLISH_20_BAR_BREAKOUT,-0.0009089834837744401,0.17906974630269923,-0.35086762473526756
2017-04-25,16:00:00,110.479,111.007,110.479,110.891,33546,110.544,108.716,BULLISH_20_BAR_BREAKOUT,0.1857680064207094,0.27143771811958384,0.5744379616019338
2017-04-25,20:00:00,110.889,111.185,110.871,111.097,21191,111.007,108.878,BULLISH_20_BAR_BREAKOUT,-0.023402972177463163,0.1170148608873414,-0.049506287298480264
2017-04-26,04:00:00,111.072,111.388,111.035,111.192,19953,111.185,108.878,BULLISH_20_BAR_BREAKOUT,0.03147708468236096,0.3021800129505835,-0.02608101302251634
2017-04-26,16:00:00,111.343,111.735,111.18,111.528,39333,111.507,108.878,BULLISH_20_BAR_BREAKOUT,-0.43576500968367066,-0.3272720751739555,-0.35955096478015425
2017-05-01,08:00:00,111.662,111.914,111.594,111.837,9986,111.774,110.869,BULLISH_20_BAR_BREAKOUT,-0.11981723401021159,-0.044707923138136,0.2932839757861915
2017-05-02,08:00:00,111.877,112.186,111.845,112.165,19651,111.974,110.869,BULLISH_20_BAR_BREAKOUT,0.05795034101546625,-0.12392457540231802,0.007132349663438297
2017-05-02,12:00:00,112.165,112.301,112.095,112.23,17413,112.186,111.039,BULLISH_20_BAR_BREAKOUT,-0.1505836229172208,-0.2316671121803485,-0.06771807894503039
2017-05-03,16:00:00,112.153,112.492,112.073,112.344,32111,112.301,111.086,BULLISH_20_BAR_BREAKOUT,0.277718436231585,0.3515986612547268,0.3213344726910242
2017-05-03,20:00:00,112.343,112.705,112.25,112.656,24995,112.492,111.202,BULLISH_20_BAR_BREAKOUT,0.12427212043743835,0.09853003834681684,-0.26984803294986687
2017-05-04,00:00:00,112.658,112.826,112.608,112.796,13598,112.705,111.202,BULLISH_20_BAR_BREAKOUT,-0.050533706869039824,0.06560516330366153,-0.2234121777368076
2017-05-08,20:00:00,112.835,113.229,112.807,113.185,16962,113.044,112.073,BULLISH_20_BAR_BREAKOUT,0.029155806864868357,0.39669567522198,0.6529133719132432
2017-05-09,08:00:00,113.261,113.687,113.229,113.634,19355,113.377,112.085,BULLISH_20_BAR_BREAKOUT,0.2261647042258523,0.25520530827041754,0.22968477744336702
2017-05-09,12:00:00,113.632,113.9,113.58,113.891,18610,113.687,112.085,BULLISH_20_BAR_BREAKOUT,0.26165368641946035,-0.17472846844791273,-0.07551079540964477
2017-05-09,16:00:00,113.891,114.223,113.87,114.189,28915,113.9,112.085,BULLISH_20_BAR_BREAKOUT,-0.23207139041412606,-0.3704384835667075,-0.14011857534438218
2017-05-17,00:00:00,113.067,113.124,112.617,112.688,15375,114.111,112.928,BEARISH_20_BAR_BREAKOUT,-0.2635595626863526,-0.3026054238250818,-1.443809456197639
2017-05-17,04:00:00,112.686,112.729,112.36,112.391,25522,114.019,112.617,BEARISH_20_BAR_BREAKOUT,0.04537729889402863,-0.831027395432029,-1.268784867115696
2017-05-17,16:00:00,112.347,112.35,111.215,111.457,48700,113.914,112.236,BEARISH_20_BAR_BREAKOUT,-0.43693980638272584,-0.4414258413558505,-0.5751096835550851
2017-05-17,20:00:00,111.459,111.463,110.888,110.97,33662,113.914,111.215,BEARISH_20_BAR_BREAKOUT,0.08200414526449328,-0.04956294494006723,0.3451383256736015
2017-05-23,20:00:00,111.649,111.855,111.447,111.811,23378,111.745,110.231,BULLISH_20_BAR_BREAKOUT,0.12968312598938925,0.11358453103898125,-0.18871130747423126
2017-05-24,00:00:00,111.812,111.988,111.749,111.956,19373,111.855,110.47,BULLISH_20_BAR_BREAKOUT,-0.05716531494516342,-0.15005895173104286,-0.3751473793275945
2017-05-30,16:00:00,110.941,111.233,110.661,110.679,29145,111.948,110.769,BEARISH_20_BAR_BREAKOUT,0.07047407367251507,0.3623090197779129,0.027105412950967335
2017-06-02,04:00:00,111.44,111.673,111.433,111.593,17097,111.478,110.477,BULLISH_20_BAR_BREAKOUT,-0.02329895244326298,-0.9794521161721645,-0.9140358266199584
2017-06-06,04:00:00,110.389,110.442,109.725,109.858,20480,111.706,110.226,BEARISH_20_BAR_BREAKOUT,-0.21118170729487093,-0.4760691073931897,-0.32314442280034583
2017-06-06,08:00:00,109.857,109.918,109.558,109.626,17232,111.706,109.725,BEARISH_20_BAR_BREAKOUT,-0.17696531844635635,-0.18426285735135658,-0.2973747103789316
2017-06-06,12:00:00,109.625,109.736,109.279,109.432,16858,111.706,109.558,BEARISH_20_BAR_BREAKOUT,-0.08863952043278786,0.056656188317857306,0.026500475180930953
2017-06-09,16:00:00,110.433,110.808,110.39,110.609,21527,110.472,109.111,BULLISH_20_BAR_BREAKOUT,-0.27574609661057653,-0.30919726242891515,-0.8001157229520119
2017-06-14,16:00:00,110.286,110.319,108.926,109.151,36405,110.808,109.629,BEARISH_20_BAR_BREAKOUT,0.456248683017109,0.3921173420307622,1.3733268591217758
2017-06-15,16:00:00,110.119,110.777,110.081,110.65,31390,110.339,108.805,BULLISH_20_BAR_BREAKOUT,0.24130140081337179,0.49344780840487323,0.16990510619068067
2017-06-15,20:00:00,110.651,110.976,110.648,110.917,15150,110.777,108.805,BULLISH_20_BAR_BREAKOUT,0.06581497876790149,0.23080321321348415,-0.08384647980021415
2017-06-16,00:00:00,110.919,110.992,110.826,110.99,13893,110.976,108.805,BULLISH_20_BAR_BREAKOUT,0.18560230651410314,0.3513830074781517,-0.018920623479593474
2017-06-16,04:00:00,110.99,111.265,110.981,111.196,17345,110.992,108.805,BULLISH_20_BAR_BREAKOUT,-0.020684197273279737,-0.3219540271232815,-0.14299075506312442
2017-06-16,12:00:00,111.173,111.414,111.172,111.38,14743,111.375,108.805,BULLISH_20_BAR_BREAKOUT,-0.4866223738552717,-0.3690070030526139,-0.2935895133776245
2017-06-19,20:00:00,111.332,111.597,111.323,111.575,12975,111.414,108.805,BULLISH_20_BAR_BREAKOUT,0.10575845843602508,0.08155948913286487,-0.1066547165583686
2017-06-20,00:00:00,111.579,111.737,111.484,111.693,15998,111.597,108.805,BULLISH_20_BAR_BREAKOUT,-0.00805780129462038,-0.08863581424082419,-0.32141674052984043
2017-06-26,20:00:00,111.478,111.941,111.473,111.86,12762,111.736,110.946,BULLISH_20_BAR_BREAKOUT,0.004469873055601156,-0.2047201859467184,0.2762381548364004
2017-06-27,16:00:00,111.933,112.445,111.827,112.418,24373,112.072,110.95,BULLISH_20_BAR_BREAKOUT,-0.22149477841627627,-0.2757565514419419,-0.22416339020442416
2017-06-29,08:00:00,112.275,112.5,112.133,112.5,18017,112.462,111.118,BULLISH_20_BAR_BREAKOUT,0.15911111111111292,-0.39200000000000224,-0.39733333333333576
2017-06-29,12:00:00,112.502,112.744,112.387,112.679,21269,112.5,111.208,BULLISH_20_BAR_BREAKOUT,-0.32836642142724426,-0.6123590021210675,-0.6159089093797447
2017-07-03,12:00:00,112.784,113.074,112.783,112.975,17658,112.922,111.725,BULLISH_20_BAR_BREAKOUT,0.30803275060854085,0.3602566939588499,0.17791546802390584
2017-07-03,16:00:00,112.976,113.453,112.845,113.323,25146,113.074,111.725,BULLISH_20_BAR_BREAKOUT,0.10589200780071527,-0.1155987751824433,-0.13236500975088153
2017-07-05,08:00:00,113.041,113.578,113.035,113.483,17990,113.467,111.725,BULLISH_20_BAR_BREAKOUT,0.01938616356634153,-0.22999039503715082,-0.13482195571143324
2017-07-07,16:00:00,113.75,114.175,113.498,114.094,32068,113.84,112.735,BULLISH_20_BAR_BREAKOUT,-0.20597051553981754,0.05083527617579096,-0.009641173067817485
2017-07-11,08:00:00,114.164,114.477,114.156,114.308,18031,114.298,112.882,BULLISH_20_BAR_BREAKOUT,-0.02274556461490924,-0.4277915806417786,-0.7532281205165029
2017-07-12,16:00:00,113.53,113.726,112.923,113.186,37876,114.49,113.31,BEARISH_20_BAR_BREAKOUT,0.0017670029862309287,-0.241195907621093,0.1828848090753217
2017-07-13,04:00:00,113.323,113.521,112.857,112.913,20236,114.49,112.923,BEARISH_20_BAR_BREAKOUT,0.18244134864896255,0.42510605510437594,0.4295342431783758
2017-07-14,16:00:00,113.057,113.103,112.256,112.661,35311,114.49,112.857,BEARISH_20_BAR_BREAKOUT,-0.11805327486885042,-0.06390853977863034,0.08432376776346638
2017-07-18,04:00:00,112.598,112.618,111.983,112.148,23865,113.575,112.256,BEARISH_20_BAR_BREAKOUT,0.07757606020615909,-0.22737810750079845,-0.10432642579447714
2017-07-18,16:00:00,112.085,112.153,111.682,111.893,32749,113.575,111.959,BEARISH_20_BAR_BREAKOUT,0.10724531472031723,0.1233321119283648,-0.1233321119283648
2017-07-21,16:00:00,111.553,111.554,111.083,111.177,26982,112.413,111.429,BEARISH_20_BAR_BREAKOUT,-0.04947066389631562,-0.21407305467858795,-0.08185146208299214
2017-07-24,00:00:00,111.097,111.185,110.917,110.929,9160,112.413,111.008,BEARISH_20_BAR_BREAKOUT,0.009014775216571775,-0.08834479712248283,0.27585212162734485
2017-07-26,16:00:00,111.814,112.156,111.716,112.105,25634,112.083,110.618,BULLISH_20_BAR_BREAKOUT,-0.7858703893671114,-1.0829133401721587,-0.42638597743187956
2017-07-28,20:00:00,110.835,110.91,110.544,110.64,22931,112.196,110.667,BEARISH_20_BAR_BREAKOUT,-0.12563268257411045,-0.016268980477224044,-0.3696673897324711
2017-07-31,00:00:00,110.614,110.678,110.484,110.501,12588,112.196,110.544,BEARISH_20_BAR_BREAKOUT,0.04796336684735637,0.05701305870534038,-0.13665034705569223
2017-07-31,20:00:00,110.373,110.461,110.21,110.231,17909,112.196,110.304,BEARISH_20_BAR_BREAKOUT,0.10795511244568205,-0.03175150366049169,0.07076049387196247
2017-08-01,04:00:00,110.355,110.42,109.999,110.179,24752,112.196,110.208,BEARISH_20_BAR_BREAKOUT,0.01542943755161683,0.1352344820700868,0.44836130297062027
2017-08-09,04:00:00,110.1,110.149,109.739,109.813,23698,111.046,109.84,BEARISH_20_BAR_BREAKOUT,0.001821277990761876,0.2058044129565708,0.1520767122289725
2017-08-09,12:00:00,109.815,109.863,109.65,109.719,19218,111.046,109.739,BEARISH_20_BAR_BREAKOUT,0.29165413465307505,0.28800845796990726,0.10937030049490476
2017-08-10,16:00:00,109.838,109.839,109.25,109.369,38201,110.916,109.555,BEARISH_20_BAR_BREAKOUT,-0.19018186140496704,-0.3620770053671523,-0.2861871279795942
2017-08-10,20:00:00,109.37,109.375,109.148,109.161,25075,110.916,109.25,BEARISH_20_BAR_BREAKOUT,-0.0632093879682328,-0.04030743580582528,0.0018321561729879158
2017-08-11,00:00:00,109.158,109.27,109.078,109.092,15854,110.916,109.148,BEARISH_20_BAR_BREAKOUT,-0.109082242510908,0.03666630000367237,0.15033183001503453
2017-08-11,04:00:00,109.091,109.118,108.903,108.973,20226,110.831,109.078,BEARISH_20_BAR_BREAKOUT,0.13214282436934421,0.07616565571288154,0.4982885668927224
2017-08-15,04:00:00,109.932,110.23,109.923,110.197,24829,110.176,108.724,BULLISH_20_BAR_BREAKOUT,0.1197854751036696,0.20780964999047088,0.4083595742170865
2017-08-15,08:00:00,110.198,110.472,110.194,110.329,22511,110.23,108.724,BULLISH_20_BAR_BREAKOUT,0.08701248085272562,0.18943342185645043,0.48944520479656867
2017-08-16,08:00:00,110.647,110.931,110.613,110.869,17334,110.843,108.724,BULLISH_20_BAR_BREAKOUT,-0.06494150754494289,-0.5961991178778571,-0.8550631826750428
2017-08-18,00:00:00,109.482,109.589,109.29,109.328,21329,110.945,109.421,BEARISH_20_BAR_BREAKOUT,0.04756329577051853,-0.23690180008780945,-0.002744036294453492
2017-08-18,08:00:00,109.38,109.417,108.957,109.048,22310,110.945,109.29,BEARISH_20_BAR_BREAKOUT,0.019257574646028168,0.08803462695327162,-0.11004328369158953
2017-08-29,00:00:00,109.253,109.368,108.329,108.724,25084,109.84,108.844,BEARISH_20_BAR_BREAKOUT,0.08921673227621701,-0.15176042088223965,0.9611493322541496
2017-08-30,08:00:00,109.745,110.169,109.666,110.002,18914,109.913,108.264,BULLISH_20_BAR_BREAKOUT,0.06727150415446816,0.2881765786076683,0.44271922328685753
2017-08-30,16:00:00,110.073,110.434,110.05,110.193,29659,110.169,108.264,BULLISH_20_BAR_BREAKOUT,0.1143448313413781,0.31127204087374294,-0.11797482598712755
2017-08-31,00:00:00,110.319,110.505,110.227,110.465,16483,110.434,108.264,BULLISH_20_BAR_BREAKOUT,0.06427375186710536,0.0850948264156014,-0.30416874123025256
2017-08-31,04:00:00,110.466,110.607,110.348,110.536,19782,110.505,108.264,BULLISH_20_BAR_BREAKOUT,-0.04252008395454607,-0.427914887457479,-0.4840052109719879
2017-09-04,08:00:00,109.808,109.83,109.378,109.475,17910,110.667,109.537,BEARISH_20_BAR_BREAKOUT,0.19273806805207833,0.15163279287509573,-0.02466316510618956
2017-09-05,04:00:00,109.799,109.799,109.199,109.27,21595,110.667,109.378,BEARISH_20_BAR_BREAKOUT,0.16289924041365175,-0.29925871693968903,-0.5701473414477811
2017-09-05,16:00:00,109.363,109.37,108.815,108.943,31003,110.667,109.199,BEARISH_20_BAR_BREAKOUT,-0.16063446022231548,-0.27170171557602807,-0.17440312824137186
2017-09-05,20:00:00,108.944,108.948,108.627,108.768,27189,110.667,108.815,BEARISH_20_BAR_BREAKOUT,-0.15261841718152105,0.009193880553108557,0.5084215945866406
2017-09-06,00:00:00,108.773,108.877,108.508,108.602,11941,110.657,108.627,BEARISH_20_BAR_BREAKOUT,0.04143570099998316,0.24769341264432632,0.5091987256219934
2017-09-07,16:00:00,108.881,108.962,108.044,108.262,44524,109.83,108.446,BEARISH_20_BAR_BREAKOUT,0.18935545251334568,-0.12377380798433461,-0.512645249487361
2017-09-08,08:00:00,108.128,108.211,107.578,107.743,30464,109.83,108.044,BEARISH_20_BAR_BREAKOUT,-0.3174220134950751,0.08446024335688461,0.6237064124815639
2017-09-08,12:00:00,107.742,107.763,107.354,107.401,21851,109.799,107.578,BEARISH_20_BAR_BREAKOUT,0.28491354829098187,0.783977802813753,1.1042727721343442
2017-09-11,20:00:00,109.035,109.496,109.014,109.433,16366,109.392,107.314,BULLISH_20_BAR_BREAKOUT,-0.031069238712276938,0.09686292069119419,0.7036268767190847
2017-09-12,12:00:00,109.538,109.889,109.537,109.845,19582,109.594,107.314,BULLISH_20_BAR_BREAKOUT,0.15840502526287642,0.3504938777368156,0.21302744776730362
2017-09-12,16:00:00,109.845,110.1,109.665,110.019,29400,109.889,107.314,BULLISH_20_BAR_BREAKOUT,0.1672438397004131,0.02726801734246006,0.5008225851898197
2017-09-12,20:00:00,110.019,110.252,109.919,110.203,19210,110.1,107.314,BULLISH_20_BAR_BREAKOUT,0.024500240465324015,-0.2377430741449874,0.3865593495639882
2017-09-13,16:00:00,110.079,110.691,109.946,110.57,28810,110.291,107.314,BULLISH_20_BAR_BREAKOUT,0.05335986253053425,-0.06692592927557028,0.0859184227186516
2017-09-15,12:00:00,110.707,111.334,110.663,111.246,24966,111.038,109.249,BULLISH_20_BAR_BREAKOUT,-0.3676536684464986,-0.06202470201174731,0.10966686442658603
2017-09-18,08:00:00,111.162,111.427,111.132,111.41,15947,111.334,109.55,BULLISH_20_BAR_BREAKOUT,-0.03769859079077425,0.029620321335608338,0.2594022080603191
2017-09-18,16:00:00,111.367,111.597,111.34,111.477,24930,111.428,109.55,BULLISH_20_BAR_BREAKOUT,-0.0304995649326821,0.009867506301744468,0.010764552329180417
2017-09-19,08:00:00,111.488,111.881,111.487,111.699,22139,111.663,109.55,BULLISH_20_BAR_BREAKOUT,-0.1692047377326502,-0.1745763167082903,-0.2730552645950211
2017-09-20,20:00:00,111.497,112.53,111.103,112.307,40312,111.881,110.616,BULLISH_20_BAR_BREAKOUT,0.216371196808743,0.2119191145698839,0.2350699422119688
2017-09-21,00:00:00,112.306,112.578,112.093,112.55,15424,112.53,110.616,BULLISH_20_BAR_BREAKOUT,-0.09329187027987915,-0.07196801421590678,-0.08174144824522324
2017-09-27,08:00:00,112.362,112.829,112.288,112.68,23298,112.59,111.472,BULLISH_20_BAR_BREAKOUT,0.19169329073481894,0.09584664536740316,0.13223287184947347
2017-09-27,12:00:00,112.681,113.019,112.668,112.896,22499,112.829,111.472,BULLISH_20_BAR_BREAKOUT,-0.11692176870748741,-0.010629251700680674,-0.22055697278911143
2017-10-10,16:00:00,112.335,112.466,111.988,112.15,21554,113.439,112.268,BEARISH_20_BAR_BREAKOUT,0.22559072670530547,0.28087382969237423,0.18189924208648553
2017-10-18,08:00:00,112.222,112.536,112.213,112.514,13894,112.479,111.653,BULLISH_20_BAR_BREAKOUT,0.27641004674974406,0.34217963986704336,0.14398208222977243
2017-10-18,12:00:00,112.513,112.838,112.476,112.825,16284,112.536,111.653,BULLISH_20_BAR_BREAKOUT,0.11433636162197268,0.16928872147130733,-0.2942610237092912
2017-10-18,16:00:00,112.826,113.049,112.749,112.954,23163,112.838,111.653,BULLISH_20_BAR_BREAKOUT,-0.048692388051766754,-0.0035412645855752586,-0.3674062007542823
2017-10-20,08:00:00,113.142,113.353,113.127,113.324,17379,113.307,112.035,BULLISH_20_BAR_BREAKOUT,-0.13589354417422292,0.15089477957008796,0.4006212276305176
2017-10-20,16:00:00,113.17,113.568,113.104,113.503,21279,113.469,112.06,BULLISH_20_BAR_BREAKOUT,-0.0070482718518414195,0.2211395293516513,0.1436085389813456
2017-10-23,00:00:00,113.868,114.097,113.78,114.057,11026,113.568,112.129,BULLISH_20_BAR_BREAKOUT,-0.2656566453615274,-0.20340706839562617,-0.6102212051868785
2017-10-25,12:00:00,113.888,114.244,113.823,114.144,21743,114.097,112.603,BULLISH_20_BAR_BREAKOUT,-0.41701710120549396,-0.4546888141295254,-0.4555649004765999
2017-10-30,20:00:00,113.425,113.477,113.028,113.159,19178,114.451,113.339,BEARISH_20_BAR_BREAKOUT,-0.023860232062850522,-0.15906821375233682,0.47897206585422936
2017-11-08,12:00:00,113.828,113.89,113.519,113.606,16691,114.734,113.631,BEARISH_20_BAR_BREAKOUT,0.02200587997113329,0.27287291164199273,-0.23942397408586816
2017-11-09,12:00:00,113.522,113.637,113.249,113.334,21638,114.734,113.394,BEARISH_20_BAR_BREAKOUT,0.30352762630807534,0.0247057370250689,0.1270580761289562
2017-11-09,20:00:00,113.681,113.685,113.091,113.173,28697,114.34,113.235,BEARISH_20_BAR_BREAKOUT,0.16700096312724144,0.3410707500905655,0.3030758219716748
2017-11-15,08:00:00,113.136,113.276,112.905,112.992,17242,113.909,113.033,BEARISH_20_BAR_BREAKOUT,-0.24957519116398566,-0.09027187765505865,0.22125460209572356
2017-11-15,12:00:00,112.993,113.016,112.647,112.71,21406,113.909,112.905,BEARISH_20_BAR_BREAKOUT,0.33005057226510504,0.04879779966285762,0.3948185609085329
2017-11-17,16:00:00,112.609,112.684,112.215,112.233,20117,113.909,112.394,BEARISH_20_BAR_BREAKOUT,-0.1345415341298998,-0.19067475697878397,0.15057959780100053
2017-11-17,20:00:00,112.234,112.246,111.944,112.082,27454,113.909,112.215,BEARISH_20_BAR_BREAKOUT,-0.058885458860466706,-0.04371799218428685,0.5326457415106872
2017-11-22,16:00:00,112.085,112.176,111.566,111.62,21043,112.718,111.885,BEARISH_20_BAR_BREAKOUT,-0.417487905393306,-0.27772800573374146,-0.3449202651854552
2017-11-22,20:00:00,111.621,111.662,111.14,111.154,17263,112.718,111.566,BEARISH_20_BAR_BREAKOUT,0.11515554995771642,0.025190276553255665,0.06387534411716893
2017-11-27,16:00:00,111.228,111.251,110.879,111.041,22655,112.297,111.067,BEARISH_20_BAR_BREAKOUT,-0.027917616015698435,0.1233778514242491,0.2368494520042194
2017-11-29,16:00:00,111.605,112.15,111.582,111.916,25809,111.69,110.841,BULLISH_20_BAR_BREAKOUT,-0.09292683798563138,0.06075985560598828,-0.011615854748195986
2017-11-30,08:00:00,111.983,112.296,111.947,112.286,12947,112.15,110.841,BULLISH_20_BAR_BREAKOUT,0.04363856580516928,0.21463049712341667,0.293001798977605
2017-11-30,12:00:00,112.287,112.48,112.263,112.335,15914,112.296,110.841,BULLISH_20_BAR_BREAKOUT,-0.3845640272399412,0.22432901588998044,0.014243112120002977
2017-11-30,20:00:00,111.906,112.637,111.852,112.527,23982,112.48,110.841,BULLISH_20_BAR_BREAKOUT,0.05332053640459825,0.07820345339340234,-0.34036275738266863
2017-12-01,16:00:00,112.353,112.873,112.327,112.785,28133,112.694,111.057,BULLISH_20_BAR_BREAKOUT,-0.5683379882076438,-0.039012280001770566,-0.06295163363922326
2017-12-04,00:00:00,112.739,112.895,112.644,112.889,14924,112.873,111.057,BULLISH_20_BAR_BREAKOUT,-0.13110223316708994,0.01683069209578033,-0.34990123041217125
2017-12-04,08:00:00,112.742,113.07,112.723,112.99,23278,112.895,111.345,BULLISH_20_BAR_BREAKOUT,-0.07257279405256539,-0.32392247101513383,-0.32126736879369816
2017-12-07,20:00:00,112.738,113.142,112.622,113.137,26722,113.09,111.99,BULLISH_20_BAR_BREAKOUT,0.059220237411274,0.2943334187754655,0.2969850711968662
2017-12-08,00:00:00,113.138,113.21,113.037,113.204,18538,113.142,111.99,BULLISH_20_BAR_BREAKOUT,0.0839192961379572,0.2597081375216522,0.316243242288262
2017-12-08,04:00:00,113.205,113.388,113.11,113.299,17738,113.21,111.99,BULLISH_20_BAR_BREAKOUT,0.15092807526985433,0.19770695240027672,0.2453684498539189
2017-12-08,08:00:00,113.3,113.483,113.279,113.47,14423,113.388,111.99,BULLISH_20_BAR_BREAKOUT,0.024676125848246935,0.002643870626597439,-0.025557416057104397
2017-12-08,12:00:00,113.471,113.589,113.465,113.498,15356,113.483,111.99,BULLISH_20_BAR_BREAKOUT,0.022026819855848978,0.056388658830986406,-0.13392306472360835
2017-12-13,16:00:00,113.332,113.378,112.954,113.042,25733,113.75,113.126,BEARISH_20_BAR_BREAKOUT,-0.4750446736611225,-0.3830434705684674,-0.37950496275720713
2017-12-13,20:00:00,113.042,113.283,112.496,112.505,31977,113.75,112.954,BEARISH_20_BAR_BREAKOUT,0.2337673881160884,0.22487889427136581,-0.2817652548775548
2017-12-14,20:00:00,112.612,112.639,112.064,112.188,23598,113.75,112.458,BEARISH_20_BAR_BREAKOUT,0.18005490783327824,-0.032980354405111184,0.38150247798338255
2017-12-19,16:00:00,112.584,112.993,112.548,112.992,30526,112.883,112.031,BULLISH_20_BAR_BREAKOUT,-0.04513593882752932,-0.03982582837723175,0.26462050410647864
2017-12-20,08:00:00,112.946,113.167,112.925,113.131,17641,113.078,112.031,BULLISH_20_BAR_BREAKOUT,0.014142896288378377,0.2501524781006101,0.38981357894830104
2017-12-20,16:00:00,113.15,113.302,113.111,113.291,30951,113.181,112.031,BULLISH_20_BAR_BREAKOUT,0.10856996584018559,0.1032738699455424,0.16241360743571642
2017-12-20,20:00:00,113.292,113.423,113.199,113.414,18732,113.302,112.031,BULLISH_20_BAR_BREAKOUT,-0.14460295907031007,0.13931260690920103,-0.06436595129349772
2017-12-21,08:00:00,113.408,113.599,113.356,113.572,15869,113.465,112.296,BULLISH_20_BAR_BREAKOUT,-0.027295460148633387,-0.20339520304301129,-0.14704328531680483
2017-12-28,08:00:00,113.153,113.162,112.663,112.72,19210,113.574,113.113,BEARISH_20_BAR_BREAKOUT,0.10645848119233903,0.12508871540099836,-0.056777856635905746
2017-12-29,08:00:00,112.769,112.775,112.635,112.656,15771,113.433,112.663,BEARISH_20_BAR_BREAKOUT,-0.12693509444681214,0.017753160062487592,-0.023079108081247746
2017-12-29,12:00:00,112.656,112.677,112.499,112.513,21616,113.386,112.635,BEARISH_20_BAR_BREAKOUT,0.10132162505665132,0.22308533236158537,-0.25063770408753716
2018-01-02,12:00:00,112.631,112.637,112.116,112.231,23333,113.377,112.472,BEARISH_20_BAR_BREAKOUT,-0.07306359205566523,0.02049344655220959,0.0017820388306346285
2018-01-05,08:00:00,112.829,113.154,112.824,113.147,18251,112.863,112.055,BULLISH_20_BAR_BREAKOUT,0.07335589984710014,-0.07512351189161706,0.19797254898493954
2018-01-05,12:00:00,113.147,113.287,113.137,113.23,19711,113.154,112.055,BULLISH_20_BAR_BREAKOUT,-0.0008831581736331138,-0.06358738850128298,-0.11216108805087834
2018-01-08,08:00:00,113.178,113.386,113.172,113.371,10827,113.303,112.17,BULLISH_20_BAR_BREAKOUT,-0.2363920226512959,-0.26638205537570675,-0.5583438445457795
2018-01-09,16:00:00,112.666,112.778,112.365,112.431,25071,113.386,112.487,BEARISH_20_BAR_BREAKOUT,0.1752185785059305,-0.12985742366429257,-0.9650363333955883
2018-01-10,04:00:00,112.776,112.783,112.167,112.285,26826,113.386,112.365,BEARISH_20_BAR_BREAKOUT,-0.3028009084027282,-0.8362648617357554,-0.5299015897047682
2018-01-10,08:00:00,112.288,112.379,111.76,111.945,28290,113.386,112.167,BEARISH_20_BAR_BREAKOUT,-0.48684621912545223,-0.5341908973156453,-0.14739380945999558
2018-01-10,12:00:00,111.945,111.955,111.297,111.4,34788,113.386,111.76,BEARISH_20_BAR_BREAKOUT,-0.04847396768402338,0.0529622980251324,0.19389587073608075
2018-01-11,20:00:00,111.4,111.456,111.043,111.084,21130,113.375,111.269,BEARISH_20_BAR_BREAKOUT,0.180944150372685,0.25566238162110816,-0.027906809261465118
2018-01-15,04:00:00,111.139,111.184,110.624,110.745,35192,112.783,110.912,BEARISH_20_BAR_BREAKOUT,0.055984468824775487,-0.2149081222628557,0.1842069619395851
2018-01-15,16:00:00,110.68,110.721,110.499,110.507,16650,112.379,110.522,BEARISH_20_BAR_BREAKOUT,-0.04253124236474726,0.39997466223858497,0.15383640855330585
2018-01-15,20:00:00,110.51,110.58,110.327,110.46,19182,111.955,110.499,BEARISH_20_BAR_BREAKOUT,0.14122759369908194,0.23266340756835507,-0.14847003440158182
2018-01-16,20:00:00,110.676,110.845,110.247,110.296,28552,111.795,110.327,BEARISH_20_BAR_BREAKOUT,0.08703851454267555,0.42249945600927863,0.7380140712265113
2018-01-18,04:00:00,111.352,111.481,111.192,111.444,35984,111.402,110.19,BULLISH_20_BAR_BREAKOUT,-0.18394888912817048,-0.45583432037614907,-0.5482574207673846
2018-01-23,16:00:00,110.492,110.556,110.25,110.335,32236,111.466,110.379,BEARISH_20_BAR_BREAKOUT,-0.02809625232246495,-0.3425930121901483,-1.0259663751302768
2018-01-24,00:00:00,110.309,110.358,110.062,110.123,14374,111.303,110.25,BEARISH_20_BAR_BREAKOUT,-0.1507405355829491,-0.5312241766025335,-0.7310007900257047
2018-01-24,04:00:00,110.123,110.297,109.877,109.957,33077,111.223,110.062,BEARISH_20_BAR_BREAKOUT,-0.0054566785197852135,-0.6857226006529741,-0.8494229562465306
2018-01-24,12:00:00,109.952,109.974,109.387,109.538,35922,111.223,109.804,BEARISH_20_BAR_BREAKOUT,-0.3058299402946866,-0.20084354288009537,-0.4774598769376802
2018-01-24,16:00:00,109.539,109.603,109.149,109.203,41334,111.223,109.387,BEARISH_20_BAR_BREAKOUT,-0.141021766801275,-0.16483063652098096,-0.46518868529253754
2018-01-24,20:00:00,109.203,109.276,108.967,109.049,40323,111.223,109.149,BEARISH_20_BAR_BREAKOUT,0.24667809883629493,-0.02659354968868176,0.33196086163100513
2018-01-25,16:00:00,109.017,109.146,108.589,108.695,63121,111.223,108.733,BEARISH_20_BAR_BREAKOUT,0.6587239523437216,0.6265237591425655,-0.0920005520033068
2018-02-01,08:00:00,109.339,109.64,109.225,109.594,24092,109.444,108.412,BULLISH_20_BAR_BREAKOUT,0.07938390787817153,-0.16789240286876791,0.16424256802380316
2018-02-01,12:00:00,109.595,109.75,109.445,109.681,29592,109.64,108.412,BULLISH_20_BAR_BREAKOUT,-0.27990262670836535,-0.25893272307873905,0.17140616879860904
2018-02-02,08:00:00,109.526,109.827,109.526,109.774,26452,109.75,108.412,BULLISH_20_BAR_BREAKOUT,0.08654143968517032,0.3616521216317211,0.12571282817425367
2018-02-02,12:00:00,109.775,109.921,109.7,109.869,32857,109.827,108.412,BULLISH_20_BAR_BREAKOUT,0.4696502198072298,0.14562797513402015,-0.1037599322829955
2018-02-02,16:00:00,109.868,110.482,109.826,110.385,59160,109.921,108.412,BULLISH_20_BAR_BREAKOUT,-0.19386692032431818,-0.3886397608370721,-0.2636227748335471
2018-02-06,04:00:00,109.052,109.301,108.541,108.612,86581,110.482,108.989,BEARISH_20_BAR_BREAKOUT,0.37656980812433805,0.628843958310322,0.6748793871763747
2018-02-13,08:00:00,108.578,108.6,107.675,107.754,45489,109.783,108.044,BEARISH_20_BAR_BREAKOUT,-0.10394045696680307,-0.05104218868905732,-0.3294541269929691
2018-02-13,12:00:00,107.755,107.807,107.424,107.642,34145,109.783,107.675,BEARISH_20_BAR_BREAKOUT,-0.16814997863287323,0.11240965422419624,-0.23875438955053863
2018-02-14,04:00:00,107.763,107.901,106.849,106.866,45047,109.309,107.407,BEARISH_20_BAR_BREAKOUT,0.4987554507514095,-0.03275129601556771,-0.2741751352160709
2018-02-14,16:00:00,107.384,107.536,106.721,106.831,85413,109.309,106.837,BEARISH_20_BAR_BREAKOUT,0.23307841356909062,-0.24150293454148117,-0.5316808791455643
2018-02-15,00:00:00,107.08,107.168,106.418,106.548,31692,109.245,106.721,BEARISH_20_BAR_BREAKOUT,0.023463603258617217,0.13984307542140717,-0.41859068213387196
2018-02-16,00:00:00,106.262,106.289,106.021,106.102,22922,108.809,106.174,BEARISH_20_BAR_BREAKOUT,-0.01696480744943609,0.06691674049499345,0.15551073495315076
2018-02-20,12:00:00,106.969,107.203,106.969,107.055,25398,107.015,105.545,BULLISH_20_BAR_BREAKOUT,0.05230956050627937,0.3147914623324357,0.41847648405024823
2018-02-21,00:00:00,107.279,107.395,107.208,107.392,10497,107.375,105.545,BULLISH_20_BAR_BREAKOUT,0.3659490464839101,0.10335965435042109,0.17319725864124613
2018-02-21,04:00:00,107.392,107.904,107.29,107.785,31186,107.395,105.545,BULLISH_20_BAR_BREAKOUT,-0.012988820336777654,-0.15864916268496754,-0.4323421626385805
2018-03-01,20:00:00,107.067,107.081,106.197,106.248,69672,107.673,106.543,BEARISH_20_BAR_BREAKOUT,-0.07341314660040937,-0.48189142383856676,-0.48753858896167523
2018-03-02,00:00:00,106.249,106.381,106.073,106.17,30446,107.673,106.197,BEARISH_20_BAR_BREAKOUT,-0.13939907695205436,-0.6998210417255298,-0.5726664782895394
2018-03-02,04:00:00,106.172,106.298,105.934,106.022,31719,107.673,106.073,BEARISH_20_BAR_BREAKOUT,-0.26975533379864686,-0.5225330591763993,-0.4470770217502063
2018-03-02,08:00:00,106.022,106.153,105.706,105.736,31967,107.673,105.934,BEARISH_20_BAR_BREAKOUT,-0.2922372701823385,-0.005674510100628194,-0.32439282741923614
2018-03-02,12:00:00,105.735,105.943,105.27,105.427,35967,107.673,105.706,BEARISH_20_BAR_BREAKOUT,0.03888946854221102,0.12805068910240344,0.22574862226943715
2018-03-09,04:00:00,106.419,106.943,106.348,106.712,32174,106.463,105.453,BULLISH_20_BAR_BREAKOUT,-0.029050153684689547,0.22209311042806318,-0.08433915585876321
2018-03-09,16:00:00,106.802,107.046,106.749,106.949,39050,106.943,105.453,BULLISH_20_BAR_BREAKOUT,-0.13370859007564417,-0.3057532094736727,-0.4039308455432049
2018-03-13,12:00:00,106.97,107.277,106.886,107.188,19992,107.046,105.891,BULLISH_20_BAR_BREAKOUT,-0.5224465425234189,-0.6176064484830448,-0.6913087285890208
2018-03-14,16:00:00,106.446,106.588,106.063,106.165,40165,107.292,106.253,BEARISH_20_BAR_BREAKOUT,0.0857156313285866,-0.13092827202939764,-0.09419300145999955
2018-03-15,04:00:00,106.161,106.175,105.824,106.026,31778,107.292,106.063,BEARISH_20_BAR_BREAKOUT,0.051874068624683405,0.036783430479317786,-0.12449776469921603
2018-03-16,08:00:00,105.892,106.003,105.643,105.654,18933,107.292,105.783,BEARISH_20_BAR_BREAKOUT,-0.0283945709580339,0.3113937948397673,0.23378196755447014
2018-03-16,12:00:00,105.654,105.811,105.601,105.624,17018,107.292,105.643,BEARISH_20_BAR_BREAKOUT,0.4355070817238582,0.31432250246156923,0.5377565704764048
2018-03-20,08:00:00,106.258,106.605,106.192,106.443,21540,106.412,105.601,BULLISH_20_BAR_BREAKOUT,0.06482342662270194,0.06576289657376003,-0.1155548039795991
2018-03-22,16:00:00,105.636,105.664,105.259,105.333,59833,106.637,105.534,BEARISH_20_BAR_BREAKOUT,0.04746850464716391,-0.5411409529776928,-0.47183693619283595
2018-03-23,00:00:00,105.386,105.417,104.638,104.958,42244,106.637,105.259,BEARISH_20_BAR_BREAKOUT,-0.18578860115474113,0.09337068160597475,-0.22008803521408044
2018-03-28,16:00:00,105.903,106.343,105.871,106.196,49929,105.94,104.628,BULLISH_20_BAR_BREAKOUT,0.640325435986296,0.41903649854985814,0.14501487814983272
2018-03-28,20:00:00,106.198,106.964,106.164,106.876,46507,106.343,104.628,BULLISH_20_BAR_BREAKOUT,-0.05333283431266342,-0.19087540701374278,-0.35087390995171974
2018-04-04,20:00:00,106.558,106.823,106.508,106.796,16845,106.685,105.656,BULLISH_20_BAR_BREAKOUT,-0.010300011236385156,0.24345481104160352,0.625491591445365
2018-04-05,04:00:00,106.785,106.992,106.71,106.918,14807,106.846,105.656,BULLISH_20_BAR_BREAKOUT,0.12907087674665726,0.5247011728614385,0.289941824575832
2018-04-05,08:00:00,106.918,107.151,106.832,107.056,12530,106.992,105.656,BULLISH_20_BAR_BREAKOUT,-0.014945449110737497,0.38110895232401854,0.321327155881042
2018-04-05,16:00:00,107.04,107.491,106.996,107.479,18767,107.151,105.656,BULLISH_20_BAR_BREAKOUT,-0.01395621470240751,-0.2335339926869479,-0.4056606406832896
2018-04-13,08:00:00,107.357,107.672,107.332,107.641,11770,107.479,106.618,BULLISH_20_BAR_BREAKOUT,0.047379715907495956,-0.24990477606117134,-0.4022630781951179
2018-04-13,12:00:00,107.641,107.737,107.522,107.692,9010,107.672,106.618,BULLISH_20_BAR_BREAKOUT,-0.1476432789807895,-0.1587861679604727,-0.33242952122719416
2018-04-20,04:00:00,107.442,107.731,107.393,107.614,11509,107.515,106.88,BULLISH_20_BAR_BREAKOUT,-0.0548255803148266,-0.0009292471239845881,0.17934469492816718
2018-04-23,00:00:00,107.761,107.888,107.657,107.875,9499,107.856,106.894,BULLISH_20_BAR_BREAKOUT,-0.06303592120509649,0.272537659327923,0.8315179606025545
2018-04-23,08:00:00,107.807,107.939,107.765,107.905,8695,107.888,106.985,BULLISH_20_BAR_BREAKOUT,0.24465965432556025,0.7627079375376427,0.9091330336870344
2018-04-23,12:00:00,107.905,108.279,107.858,108.169,10300,107.939,107.005,BULLISH_20_BAR_BREAKOUT,0.4224870341780065,0.557461010086077,0.5787240336880296
2018-04-23,16:00:00,108.169,108.632,108.125,108.626,15413,108.279,107.097,BULLISH_20_BAR_BREAKOUT,0.09390017122971449,0.13164435770441762,0.37468009500487587
2018-04-23,20:00:00,108.626,108.752,108.55,108.728,9497,108.632,107.097,BULLISH_20_BAR_BREAKOUT,0.04046795673608559,0.1453167537340899,0.01747479949967392
2018-04-24,00:00:00,108.727,108.789,108.67,108.772,5940,108.752,107.097,BULLISH_20_BAR_BREAKOUT,-0.0027580627367338223,0.021145147648288287,0.027580627367338226
2018-04-24,08:00:00,108.769,108.916,108.752,108.886,7954,108.87,107.18,BULLISH_20_BAR_BREAKOUT,-0.0835736458314145,-0.12765644802820914,0.33245779990082197
2018-04-24,16:00:00,108.795,109.199,108.791,109.033,19876,108.916,107.238,BULLISH_20_BAR_BREAKOUT,-0.2623059073858386,-0.01650876340190647,0.2769803637430801
2018-04-25,08:00:00,109.017,109.265,108.97,109.248,11313,109.199,107.348,BULLISH_20_BAR_BREAKOUT,-0.02654510837727974,0.10801113063854259,0.06865114235499838
2018-04-25,16:00:00,109.219,109.383,109.053,109.335,26807,109.268,107.478,BULLISH_20_BAR_BREAKOUT,0.028353226322774882,-0.04115790917820231,-0.038414048566321295
2018-05-01,12:00:00,109.474,109.703,109.452,109.635,8906,109.536,108.966,BULLISH_20_BAR_BREAKOUT,0.04651799151730919,0.21434760797190625,0.16053267660874898
2018-05-01,20:00:00,109.686,109.886,109.514,109.88,12912,109.793,108.966,BULLISH_20_BAR_BREAKOUT,-0.00910083727702121,-0.08372770294867014,0.03640334910812364
2018-05-03,16:00:00,109.222,109.38,108.929,109.048,29221,110.034,109.085,BEARISH_20_BAR_BREAKOUT,0.14855843298363283,-0.05227055975350502,0.10820922896338768
2018-05-04,12:00:00,109.074,109.124,108.873,108.918,7764,110.034,108.929,BEARISH_20_BAR_BREAKOUT,0.22769422868579156,0.20106869387979404,0.42233606933655937
2018-05-09,04:00:00,109.034,109.637,109.001,109.522,16085,109.396,108.645,BULLISH_20_BAR_BREAKOUT,0.17165500995232752,0.147915487299348,0.19356841547815878
2018-05-09,08:00:00,109.522,109.791,109.439,109.71,12990,109.637,108.645,BULLISH_20_BAR_BREAKOUT,0.010937927262784117,0.03554826360404838,0.20690912405432857
2018-05-10,00:00:00,109.749,109.869,109.677,109.841,6967,109.832,108.645,BULLISH_20_BAR_BREAKOUT,-0.09741353410839243,-0.15658998006208708,-0.35141704827887194
2018-05-10,08:00:00,109.734,110.018,109.661,109.937,11337,109.921,108.757,BULLISH_20_BAR_BREAKOUT,-0.24377598078899795,-0.48846157344660296,-0.548495956775239
2018-05-15,12:00:00,109.882,110.141,109.816,110.101,10667,110.018,109.151,BULLISH_20_BAR_BREAKOUT,0.13623854460904594,0.17620185102769512,0.06176147355609653
2018-05-15,16:00:00,110.101,110.378,109.999,110.251,24126,110.141,109.151,BULLISH_20_BAR_BREAKOUT,0.11700574144451359,0.02358255253920259,-0.02176851003619097
2018-05-15,20:00:00,110.251,110.453,110.223,110.38,15274,110.378,109.151,BULLISH_20_BAR_BREAKOUT,-0.07700670411305831,-0.17938032252218997,-0.030802681645218172
2018-05-17,08:00:00,110.213,110.628,110.177,110.551,18809,110.453,109.207,BULLISH_20_BAR_BREAKOUT,0.08231494966123687,0.1999077348915918,0.31207316080361
2018-05-17,12:00:00,110.551,110.741,110.534,110.642,12984,110.628,109.207,BULLISH_20_BAR_BREAKOUT,0.11116935702536529,0.1870898935304928,0.27204858914336505
2018-05-17,16:00:00,110.642,110.856,110.637,110.765,17085,110.741,109.314,BULLISH_20_BAR_BREAKOUT,0.00631968582133797,0.16882589265562012,-0.049654674310483295
2018-05-18,04:00:00,110.85,111.004,110.819,110.952,9466,110.858,109.42,BULLISH_20_BAR_BREAKOUT,-0.05047227629965875,-0.21811233686639667,0.16854135121493766
2018-05-21,04:00:00,110.892,111.141,110.89,111.139,13322,111.079,110.039,BULLISH_20_BAR_BREAKOUT,0.19705054031438854,-0.045888481991021995,-0.20154941109780505
2018-05-21,08:00:00,111.139,111.395,111.134,111.358,11072,111.141,110.039,BULLISH_20_BAR_BREAKOUT,-0.1023725282422496,-0.2936475152211769,-0.25413531133820766
2018-05-23,04:00:00,110.736,110.876,110.376,110.523,20649,111.395,110.609,BEARISH_20_BAR_BREAKOUT,-0.4777286175728053,-0.43248916515113994,-0.9599811803877861
2018-05-23,08:00:00,110.523,110.53,109.933,109.995,19990,111.395,110.376,BEARISH_20_BAR_BREAKOUT,-0.24455657075322101,0.12273285149324142,-0.33728805854812427
2018-05-23,12:00:00,109.995,110.018,109.556,109.726,24873,111.395,109.933,BEARISH_20_BAR_BREAKOUT,0.2907241674717046,0.13670415398356422,-0.09478154676193355
2018-05-24,04:00:00,109.877,109.933,109.38,109.462,19799,111.395,109.556,BEARISH_20_BAR_BREAKOUT,0.14799656501798972,-0.14616944693135206,0.10414573093858151
2018-05-24,16:00:00,109.624,109.725,108.952,109.302,32131,111.395,109.328,BEARISH_20_BAR_BREAKOUT,-0.029276682951831334,0.2506815977749599,0.047574609796703166
2018-05-29,08:00:00,109.067,109.123,108.707,108.741,25468,110.136,108.914,BEARISH_20_BAR_BREAKOUT,0.20507444294240346,-0.08092623757367862,-0.019311943057357204
2018-06-01,12:00:00,109.195,109.439,109.073,109.438,11696,109.4,108.111,BULLISH_20_BAR_BREAKOUT,0.05208428516603205,0.15077029916481666,0.011878872055402162
2018-06-01,16:00:00,109.437,109.734,109.406,109.495,31410,109.439,108.111,BULLISH_20_BAR_BREAKOUT,0.031051646193882655,0.1041143431206814,0.1525183798346971
2018-06-04,20:00:00,109.662,109.836,109.652,109.829,6129,109.763,108.384,BULLISH_20_BAR_BREAKOUT,0.12291835489716296,-0.006373544327992417,-0.09378215225486386
2018-06-05,00:00:00,109.829,109.991,109.768,109.964,5321,109.836,108.384,BULLISH_20_BAR_BREAKOUT,-0.08093557891673514,-0.19188097922956468,-0.07093230511804131
2018-06-06,08:00:00,109.858,110.146,109.855,110.073,16099,110.002,108.72,BULLISH_20_BAR_BREAKOUT,0.12355436846457342,0.12264588046115316,-0.16625330462510582
2018-06-06,12:00:00,110.073,110.227,110.01,110.209,12300,110.146,108.73,BULLISH_20_BAR_BREAKOUT,-0.18601021695142708,-0.06805251839686673,-0.17512181400792842
2018-06-08,08:00:00,109.7,109.729,109.344,109.412,18182,110.264,109.471,BEARISH_20_BAR_BREAKOUT,0.001827953058161206,0.11973092530983824,0.5017731144664135
2018-06-12,00:00:00,110.026,110.425,109.955,110.391,15426,110.264,109.197,BULLISH_20_BAR_BREAKOUT,-0.08334012736545438,-0.08696361116395687,0.05435225697746017
2018-06-13,04:00:00,110.451,110.668,110.362,110.627,9754,110.54,109.197,BULLISH_20_BAR_BREAKOUT,0.0009039384598739682,-0.19253889195223034,-0.3516320608892909
2018-06-19,04:00:00,110.133,110.212,109.758,109.766,18093,110.903,109.917,BEARISH_20_BAR_BREAKOUT,-0.009110289160582617,0.2314013446786716,0.32979246761291725
2018-06-19,08:00:00,109.766,109.847,109.549,109.756,20062,110.903,109.758,BEARISH_20_BAR_BREAKOUT,0.12482233317540768,0.2450891067458776,0.4182003717336667
2018-06-25,04:00:00,109.943,109.943,109.448,109.518,16424,110.756,109.8,BEARISH_20_BAR_BREAKOUT,-0.04108913603243458,0.08674373162402423,-0.05387242279807657
2018-06-28,20:00:00,110.382,110.647,110.278,110.515,10457,110.489,109.366,BULLISH_20_BAR_BREAKOUT,-0.024431072705063585,0.11039225444509784,0.21806994525629975
2018-06-29,04:00:00,110.49,110.79,110.372,110.683,21689,110.647,109.366,BULLISH_20_BAR_BREAKOUT,-0.04156013118546342,0.03162183894545376,0.15810919472728166
2018-07-09,16:00:00,110.447,110.808,110.423,110.794,11388,110.785,110.286,BULLISH_20_BAR_BREAKOUT,0.03610303807065929,0.2617470260122446,0.4052566023430854
2018-07-09,20:00:00,110.794,110.9,110.745,110.834,7962,110.808,110.286,BULLISH_20_BAR_BREAKOUT,0.10917227565548036,0.22014905173502694,0.3942833426565834
2018-07-10,00:00:00,110.835,110.978,110.758,110.955,17207,110.9,110.286,BULLISH_20_BAR_BREAKOUT,0.11626335000676391,0.27488621513226696,-0.09373169302870461
2018-07-10,04:00:00,110.958,111.089,110.921,111.084,10139,110.978,110.286,BULLISH_20_BAR_BREAKOUT,-0.005401317921573068,0.1431349249216735,0.0018004393071867585
2018-07-10,12:00:00,111.078,111.352,111.054,111.26,8220,111.201,110.286,BULLISH_20_BAR_BREAKOUT,-0.015279525435924965,-0.36760740607586373,-0.032356642099587773
2018-07-11,16:00:00,111.224,111.639,110.968,111.526,23172,111.352,110.348,BULLISH_20_BAR_BREAKOUT,0.470742248444314,0.6527625845094495,0.7989168445026319
2018-07-11,20:00:00,111.525,112.171,111.506,112.051,22842,111.639,110.348,BULLISH_20_BAR_BREAKOUT,-0.06693380692720532,0.252563564805313,0.3962481370090428
2018-07-12,04:00:00,111.976,112.382,111.963,112.254,14743,112.171,110.348,BULLISH_20_BAR_BREAKOUT,0.07126694817111043,0.14520640689863765,0.3509897197427185
2018-07-12,12:00:00,112.334,112.624,112.253,112.503,11720,112.419,110.348,BULLISH_20_BAR_BREAKOUT,-0.07644240598028366,0.15110708158893693,0.1173302045278837
2018-07-13,00:00:00,112.495,112.702,112.455,112.673,15930,112.624,110.423,BULLISH_20_BAR_BREAKOUT,-0.02218810185226779,-0.03372591481543644,-0.2422940722267057
2018-07-13,08:00:00,112.648,112.798,112.542,112.785,10266,112.767,110.758,BULLISH_20_BAR_BREAKOUT,-0.13299640909694682,-0.3972159418362311,-0.24648667819301465
2018-07-17,16:00:00,112.607,112.913,112.574,112.806,16675,112.8,112.155,BULLISH_20_BAR_BREAKOUT,0.03368615144584216,0.12587982908710166,0.011524209705162164
2018-07-18,00:00:00,112.844,113.076,112.832,113.018,18968,112.924,112.155,BULLISH_20_BAR_BREAKOUT,-0.06193703657825071,-0.05485851811215701,-0.19377444300907296
2018-07-20,16:00:00,112.263,112.3,111.559,111.744,26472,113.167,112.044,BEARISH_20_BAR_BREAKOUT,-0.2684707903780043,-0.772300973654066,-0.35438144329896976
2018-07-20,20:00:00,111.744,111.785,111.381,111.444,10240,113.167,111.559,BEARISH_20_BAR_BREAKOUT,-0.34815692186210584,-0.4316069057104992,-0.02871397293707734
2018-07-23,00:00:00,111.364,111.504,111.052,111.056,8148,113.167,111.381,BEARISH_20_BAR_BREAKOUT,-0.15757815876674575,0.028814291888773658,0.36378043509580427
2018-07-23,04:00:00,111.055,111.167,110.747,110.881,21298,113.167,111.052,BEARISH_20_BAR_BREAKOUT,0.07395315698811666,0.4211722477250374,0.38599940476727057
2018-07-31,08:00:00,110.877,111.457,110.743,111.397,25782,111.245,110.584,BULLISH_20_BAR_BREAKOUT,0.09964361697351813,0.36895068987495294,0.6400531432623803
2018-07-31,12:00:00,111.397,111.59,111.349,111.508,9133,111.457,110.584,BULLISH_20_BAR_BREAKOUT,0.3425763173942722,0.28787172220827023,0.34526670732145237
2018-07-31,16:00:00,111.507,111.955,111.406,111.89,16908,111.59,110.584,BULLISH_20_BAR_BREAKOUT,-0.07328626329430121,0.04379301099293269,-0.14389132183394526
2018-08-01,08:00:00,111.94,112.147,111.896,112.11,10187,111.966,110.743,BULLISH_20_BAR_BREAKOUT,-0.19355989653019245,-0.4343947908304297,-0.445990545000446
2018-08-08,08:00:00,111.359,111.363,110.833,110.943,7854,111.876,110.988,BEARISH_20_BAR_BREAKOUT,0.16224547740732342,0.04236409687857463,0.08833364881064959
2018-08-09,04:00:00,110.906,110.906,110.703,110.801,8227,111.522,110.833,BEARISH_20_BAR_BREAKOUT,0.2166045432802907,0.09025189303345126,0.05505365475040192
2018-08-10,08:00:00,110.863,111.138,110.607,110.664,21120,111.474,110.703,BEARISH_20_BAR_BREAKOUT,0.23404178413937715,0.12831634497216432,-0.43103448275862416
2018-08-13,04:00:00,110.627,110.711,110.128,110.199,15212,111.474,110.422,BEARISH_20_BAR_BREAKOUT,-0.010889391010808134,0.399277670396281,0.6043612010998256
2018-08-14,20:00:00,110.928,111.311,110.924,111.212,7790,111.18,110.107,BULLISH_20_BAR_BREAKOUT,0.03416897457108649,0.10430529079595696,-0.48376074524331614
2018-08-20,20:00:00,110.381,110.393,110.115,110.117,6764,111.331,110.258,BEARISH_20_BAR_BREAKOUT,-0.15438124903511874,0.04086562474459139,0.2579074983880707
2018-08-21,00:00:00,110.117,110.187,109.907,109.947,11512,111.119,110.115,BEARISH_20_BAR_BREAKOUT,0.1609866572075568,0.33379719319307505,0.1509818367031359
2018-08-23,04:00:00,110.589,110.888,110.547,110.797,10477,110.681,109.77,BULLISH_20_BAR_BREAKOUT,0.0,0.312282823542157,0.6101248228742673
2018-08-23,16:00:00,110.828,111.285,110.774,111.143,12641,110.925,109.77,BULLISH_20_BAR_BREAKOUT,0.12686359014963186,0.2969147854565724,0.06838037483241716
2018-08-24,00:00:00,111.284,111.402,111.208,111.366,16621,111.313,109.77,BULLISH_20_BAR_BREAKOUT,0.09607959341271062,-0.0529784673957918,-0.0700393297774931
2018-08-24,04:00:00,111.364,111.481,111.315,111.473,10206,111.402,109.77,BULLISH_20_BAR_BREAKOUT,-0.07086917908371851,-0.2278578669274218,-0.375875772608611
2018-08-29,16:00:00,111.295,111.823,111.234,111.789,17059,111.484,110.932,BULLISH_20_BAR_BREAKOUT,-0.08319244290583468,-0.16101763143064776,-0.5590889980230612
2018-08-31,08:00:00,110.995,111.135,110.692,110.798,9665,111.823,110.879,BEARISH_20_BAR_BREAKOUT,-0.02256358418022499,0.26264011985775626,0.15252982905828347
2018-09-05,04:00:00,111.46,111.709,111.397,111.531,9469,111.53,110.681,BULLISH_20_BAR_BREAKOUT,-0.07083232464517285,-0.05110686714904569,-0.15870027167335243
2018-09-06,16:00:00,111.295,111.341,110.837,110.871,18727,111.754,110.882,BEARISH_20_BAR_BREAKOUT,0.014431185792502407,-0.250741853144638,0.28050617384167825
2018-09-07,00:00:00,110.886,110.901,110.456,110.486,8632,111.754,110.703,BEARISH_20_BAR_BREAKOUT,0.096844849121155,0.3213076769907407,0.3882844885324856
2018-09-13,16:00:00,111.565,111.954,111.368,111.926,19274,111.646,110.923,BULLISH_20_BAR_BREAKOUT,0.048246162643176785,-0.09113164054822281,0.14652538284223637
2018-09-13,20:00:00,111.926,111.995,111.798,111.98,7321,111.954,110.981,BULLISH_20_BAR_BREAKOUT,0.037506697624577236,-0.1419896410073281,0.06608322914806043
2018-09-14,00:00:00,111.98,112.056,111.893,112.022,6413,111.995,111.025,BULLISH_20_BAR_BREAKOUT,-0.17675099534020772,-0.1535412686793766,-0.05356090767885082
2018-09-14,16:00:00,111.85,112.165,111.775,112.09,14808,112.074,111.11,BULLISH_20_BAR_BREAKOUT,-0.03211704880007259,-0.11151753055580337,-0.11062539031136537
2018-09-18,16:00:00,112.113,112.382,112.028,112.302,15354,112.274,111.364,BULLISH_20_BAR_BREAKOUT,0.028494594931520786,0.053427365496596727,-0.08548378479457502
2018-09-20,16:00:00,112.165,112.58,112.038,112.572,17312,112.443,111.66,BULLISH_20_BAR_BREAKOUT,-0.14746118040009665,0.13946629712539219,0.05152258110364276
2018-09-21,04:00:00,112.492,112.761,112.459,112.729,9930,112.58,111.66,BULLISH_20_BAR_BREAKOUT,-0.022177079544753953,-0.08782123499720901,-0.11177248090553873
2018-09-26,00:00:00,112.943,112.995,112.893,112.979,8060,112.976,112.038,BULLISH_20_BAR_BREAKOUT,-0.02920896803830911,0.007080961948676804,-0.23898246576797105
2018-09-27,16:00:00,112.845,113.407,112.831,113.382,14762,113.132,112.428,BULLISH_20_BAR_BREAKOUT,-0.014111587377189802,0.11906651849499117,0.09260729216276813
2018-09-28,04:00:00,113.387,113.63,113.337,113.517,9732,113.465,112.557,BULLISH_20_BAR_BREAKOUT,-0.07840235383246442,-0.02642775971880964,0.31801404194966765
2018-09-28,20:00:00,113.487,113.703,113.447,113.671,7107,113.663,112.557,BULLISH_20_BAR_BREAKOUT,0.10820701850075257,0.31582373692498056,0.2691979484653054
2018-10-01,00:00:00,113.696,113.842,113.695,113.794,4114,113.703,112.557,BULLISH_20_BAR_BREAKOUT,0.07381760022497072,0.1485139814049923,0.13708982898923133
2018-10-01,04:00:00,113.794,113.958,113.723,113.878,7553,113.842,112.557,BULLISH_20_BAR_BREAKOUT,0.13347617625880417,0.07551941551484793,0.05005356609705313
2018-10-01,08:00:00,113.878,114.045,113.852,114.03,7264,113.958,112.557,BULLISH_20_BAR_BREAKOUT,-0.058756467596252984,-0.04647899675523746,-0.18679294922389553
2018-10-03,16:00:00,113.838,114.225,113.798,114.185,14315,114.057,113.308,BULLISH_20_BAR_BREAKOUT,0.11647764592546794,0.05692516530192033,-0.3459298506809091
2018-10-03,20:00:00,114.185,114.442,114.183,114.318,9697,114.225,113.308,BULLISH_20_BAR_BREAKOUT,0.1653282947567375,-0.01924456341082888,-0.4032610787452532
2018-10-04,00:00:00,114.314,114.546,114.291,114.507,6787,114.442,113.308,BULLISH_20_BAR_BREAKOUT,-0.22444042722279423,-0.2611194075471426,-0.536211759979743
2018-10-08,12:00:00,113.741,113.742,113.244,113.367,11361,114.546,113.517,BEARISH_20_BAR_BREAKOUT,-0.27609445429446167,-0.22052272707225204,-0.216112272530811
2018-10-08,16:00:00,113.367,113.412,112.981,113.054,13262,114.546,113.244,BEARISH_20_BAR_BREAKOUT,0.03803492136500447,0.04422665275001075,0.05749464857501523
2018-10-10,16:00:00,113.178,113.263,112.592,112.703,26918,114.073,112.818,BEARISH_20_BAR_BREAKOUT,-0.24844059164352428,-0.45695323105862357,-0.3895193561839589
2018-10-10,20:00:00,112.703,112.828,112.398,112.423,25413,114.073,112.592,BEARISH_20_BAR_BREAKOUT,-0.30331871592112664,-0.1814575309322894,-0.33978812164771
2018-10-11,00:00:00,112.419,112.495,112.052,112.082,11414,114.073,112.398,BEARISH_20_BAR_BREAKOUT,0.09457361574562263,0.1829018040363417,-0.0017844078442527248
2018-10-15,08:00:00,112.064,112.085,111.689,111.79,14372,113.282,111.828,BEARISH_20_BAR_BREAKOUT,0.06351194203416938,-0.002683603184542547,0.2755165936130179
2018-10-17,20:00:00,112.197,112.559,112.155,112.529,15170,112.416,111.622,BULLISH_20_BAR_BREAKOUT,0.08175670271663193,0.0737587644073958,-0.2772618613868404
2018-10-18,00:00:00,112.531,112.712,112.494,112.621,7871,112.559,111.622,BULLISH_20_BAR_BREAKOUT,-0.08168991573507495,-0.13762974933627045,-0.3791477610747485
2018-10-22,08:00:00,112.607,112.757,112.572,112.733,10718,112.725,111.943,BULLISH_20_BAR_BREAKOUT,0.11531672181171036,0.060319516024587155,-0.33087028642900007
2018-10-22,12:00:00,112.733,112.875,112.678,112.863,14895,112.757,111.943,BULLISH_20_BAR_BREAKOUT,0.003544119862138069,-0.038985318483468395,-0.47314000159485925
2018-10-26,16:00:00,111.933,112.19,111.374,111.393,32392,112.739,111.816,BEARISH_20_BAR_BREAKOUT,0.4344976793873894,0.4425771816900478,0.978517501099713
2018-10-30,08:00:00,112.655,112.846,112.632,112.803,10724,112.708,111.374,BULLISH_20_BAR_BREAKOUT,0.11169915693731974,0.14272670053101544,0.34307598202175515
2018-10-30,12:00:00,112.803,112.938,112.671,112.929,17889,112.846,111.374,BULLISH_20_BAR_BREAKOUT,-0.1576211601979981,0.1186586262164726,0.14168194175100868
2018-10-31,00:00:00,112.964,113.16,112.925,113.063,5949,113.01,111.374,BULLISH_20_BAR_BREAKOUT,0.15035864960243553,0.022996028762721887,-0.18750608068068536
2018-10-31,04:00:00,113.063,113.325,113.035,113.233,12863,113.16,111.374,BULLISH_20_BAR_BREAKOUT,-0.037974795333521466,-0.3311755406992661,-0.34000688845125104
2018-11-08,20:00:00,113.794,113.992,113.77,113.984,11048,113.815,112.942,BULLISH_20_BAR_BREAKOUT,-0.022810218978098897,-0.1280881527231899,-0.17019932622121386
2018-11-12,08:00:00,113.997,114.203,113.971,114.162,8906,114.083,112.942,BULLISH_20_BAR_BREAKOUT,-0.2549009302570128,-0.2741717909637203,-0.09022266603599152
2018-11-14,20:00:00,113.907,113.911,113.293,113.497,22478,114.203,113.577,BEARISH_20_BAR_BREAKOUT,0.05462699454610925,0.027313497273060885,0.08105941126197058
2018-11-15,16:00:00,113.474,113.498,113.095,113.248,21894,114.203,113.293,BEARISH_20_BAR_BREAKOUT,0.3011090703588531,0.15099604408024184,-0.37086747668833153
2018-11-16,16:00:00,113.323,113.358,112.669,112.828,22601,114.142,113.095,BEARISH_20_BAR_BREAKOUT,-0.016839791541111655,-0.09483461552096936,-0.22778033821392296
2018-11-19,16:00:00,112.788,112.87,112.445,112.571,14661,114.006,112.603,BEARISH_20_BAR_BREAKOUT,-0.036421458457326326,-0.01687823684607159,0.04708139751800843
2018-11-26,04:00:00,112.915,113.286,112.901,113.201,9133,113.197,112.551,BULLISH_20_BAR_BREAKOUT,0.026501532671973867,0.3401030026236563,0.29063347496930925
2018-11-26,16:00:00,113.19,113.596,113.187,113.586,12028,113.35,112.657,BULLISH_20_BAR_BREAKOUT,0.044899899635520164,-0.04930185058017484,0.17255647703061816
2018-11-26,20:00:00,113.586,113.647,113.477,113.637,8334,113.596,112.657,BULLISH_20_BAR_BREAKOUT,-0.11967932979574933,-0.050159719105574915,0.12407930515589582
2018-11-27,16:00:00,113.616,113.816,113.485,113.782,14250,113.662,112.657,BULLISH_20_BAR_BREAKOUT,-0.00351549454218653,0.029881703608660444,0.2003831889051068
2018-11-28,08:00:00,113.816,113.897,113.811,113.86,5172,113.849,112.657,BULLISH_20_BAR_BREAKOUT,-0.09046197084137926,-0.29246443000175515,-0.5515545406639735
2018-11-28,16:00:00,113.757,114.01,113.75,114.01,12421,113.897,112.657,BULLISH_20_BAR_BREAKOUT,-0.42364704850452073,-0.5517059907025742,-0.6315235505657388
2018-12-04,08:00:00,113.3,113.322,113.036,113.105,10041,113.817,113.185,BEARISH_20_BAR_BREAKOUT,-0.2953008266654906,-0.26435612926042756,-0.022987489500915486
2018-12-04,12:00:00,113.105,113.136,112.726,112.771,10910,113.817,113.036,BEARISH_20_BAR_BREAKOUT,0.20306639118212946,-0.07626074079328775,0.16404926798556568
2018-12-06,16:00:00,112.79,112.832,112.227,112.358,29454,113.706,112.572,BEARISH_20_BAR_BREAKOUT,0.2429733530322684,0.40050552697627484,0.2954840776802663
2018-12-11,20:00:00,113.354,113.461,113.241,113.4,24434,113.372,112.227,BULLISH_20_BAR_BREAKOUT,-0.022045855379193725,-0.0035273368606745046,-0.16843033509700395
2018-12-12,04:00:00,113.372,113.513,113.305,113.463,12413,113.461,112.237,BULLISH_20_BAR_BREAKOUT,-0.059050086812434954,-0.2203361448225413,-0.01850823616509417
2018-12-13,16:00:00,113.423,113.637,113.402,113.635,22379,113.515,112.349,BULLISH_20_BAR_BREAKOUT,-0.03432041184494344,-0.1320015840190132,-0.20768249218990997
2018-12-17,16:00:00,113.249,113.303,112.866,112.995,19851,113.704,113.136,BEARISH_20_BAR_BREAKOUT,-0.21859374308597712,-0.4070976591884667,-0.3345280764635604
2018-12-17,20:00:00,112.993,113.034,112.702,112.748,16112,113.704,112.866,BEARISH_20_BAR_BREAKOUT,0.0745024301983086,-0.20576861673821203,-0.198673147195519
2018-12-18,04:00:00,112.832,112.834,112.491,112.535,13252,113.704,112.676,BEARISH_20_BAR_BREAKOUT,-0.01688363620206269,0.07286621939841635,-0.18749722308614966
2018-12-18,12:00:00,112.516,112.544,112.245,112.296,14053,113.704,112.466,BEARISH_20_BAR_BREAKOUT,0.28585167770891035,0.1941297998147657,0.028496117404000564
2018-12-20,08:00:00,112.35,112.353,111.796,111.853,21959,113.517,112.085,BEARISH_20_BAR_BREAKOUT,-0.12963443090484478,-0.6678408267994599,-0.530160120872922
2018-12-20,12:00:00,111.853,111.964,111.658,111.708,28181,113.517,111.796,BEARISH_20_BAR_BREAKOUT,-0.027750922046757352,-0.48071758513266005,-0.4726608658287603
2018-12-20,20:00:00,111.677,111.684,110.808,111.106,33143,113.426,111.47,BEARISH_20_BAR_BREAKOUT,0.058502691123802436,0.1386063758933006,0.0855039331809253
2018-12-24,16:00:00,111.079,111.095,110.264,110.495,37873,112.661,110.808,BEARISH_20_BAR_BREAKOUT,-0.1502330422191149,-0.073306484456313,0.7774107425675321
2018-12-31,12:00:00,110.23,110.254,109.877,109.938,16774,111.405,110.14,BEARISH_20_BAR_BREAKOUT,-0.14826538594480226,-0.3301861048954861,-0.5994287689425003
2018-12-31,16:00:00,109.939,110.051,109.694,109.775,21354,111.405,109.877,BEARISH_20_BAR_BREAKOUT,-0.16032794352083984,-0.42814848553860063,-0.5319972671373292
2018-12-31,20:00:00,109.773,109.817,109.592,109.599,13988,111.405,109.694,BEARISH_20_BAR_BREAKOUT,-0.02189801001834041,-0.45255887371235987,-1.9863319920802258
2019-01-01,00:00:00,109.598,109.613,109.553,109.575,1310,111.405,109.592,BEARISH_20_BAR_BREAKOUT,-0.2464065708418855,-0.2701346109970399,-2.2112708190736954
2019-01-02,08:00:00,109.424,109.426,109.125,109.305,9085,111.405,109.553,BEARISH_20_BAR_BREAKOUT,-0.1848039888385823,-0.10429532043365292,-1.608343625634701
2019-01-02,12:00:00,109.306,109.319,108.703,109.103,28194,111.405,109.125,BEARISH_20_BAR_BREAKOUT,0.16131545420382754,-1.5407459006626743,-1.4270918306554248
2019-01-03,00:00:00,109.191,109.199,104.72,107.422,24627,111.1,108.703,BEARISH_20_BAR_BREAKOUT,-0.25134516207108043,0.11543259295117335,0.3937740872447002
2019-01-10,04:00:00,108.184,108.257,107.845,107.872,19865,109.083,107.971,BEARISH_20_BAR_BREAKOUT,0.044497181845151494,0.30499110056362494,0.39305843963216275
2019-01-15,08:00:00,108.549,108.748,108.509,108.645,8519,108.594,107.768,BULLISH_20_BAR_BREAKOUT,-0.2485158083666952,-0.07271388467025038,-0.027612867596300925
2019-01-16,12:00:00,108.615,108.879,108.526,108.842,11988,108.763,107.982,BULLISH_20_BAR_BREAKOUT,0.00826886679774383,0.17732125466272014,0.029400415280862603
2019-01-16,20:00:00,108.852,108.992,108.779,108.913,11512,108.909,107.982,BULLISH_20_BAR_BREAKOUT,0.11201601278084332,-0.12578847336865245,0.2928943285007324
2019-01-17,00:00:00,108.915,109.192,108.899,109.035,12024,108.992,107.982,BULLISH_20_BAR_BREAKOUT,-0.051359655156598696,-0.1476590085752294,0.09629935341863069
2019-01-17,20:00:00,109.005,109.394,108.926,109.232,14608,109.192,107.982,BULLISH_20_BAR_BREAKOUT,-0.08422440310531597,0.11809726087593828,0.4897832137102649
2019-01-18,12:00:00,109.361,109.591,109.343,109.502,11280,109.457,108.192,BULLISH_20_BAR_BREAKOUT,0.16255410860076663,0.15981443261311334,0.08584318094647432
2019-01-18,16:00:00,109.502,109.702,109.337,109.68,19936,109.591,108.325,BULLISH_20_BAR_BREAKOUT,0.0793216630196837,-0.04649890590809804,-0.05652808169220626
2019-01-18,20:00:00,109.681,109.887,109.641,109.767,15803,109.702,108.325,BULLISH_20_BAR_BREAKOUT,-0.08199185547567958,-0.17309391711534225,-0.11661063889875838
2019-01-30,20:00:00,109.583,109.634,108.806,108.92,16679,109.947,109.126,BEARISH_20_BAR_BREAKOUT,0.04865956665442276,-0.17260374586852953,-0.04406904149834908
2019-01-31,08:00:00,108.881,108.881,108.671,108.732,9041,109.74,108.767,BEARISH_20_BAR_BREAKOUT,-0.08829047566494098,0.12875694367803459,0.18393849096862272
2019-01-31,12:00:00,108.733,108.769,108.519,108.636,11283,109.74,108.671,BEARISH_20_BAR_BREAKOUT,0.17397547774219152,0.19146507603372587,0.22644427261682068
2019-02-04,08:00:00,109.613,109.848,109.595,109.83,7437,109.74,108.492,BULLISH_20_BAR_BREAKOUT,0.03368842756988632,0.07739233360648999,0.020030956933447665
2019-02-04,12:00:00,109.83,109.917,109.818,109.867,8861,109.848,108.492,BULLISH_20_BAR_BREAKOUT,0.1592834973194837,0.09830067263144518,0.058252250448262856
2019-02-04,16:00:00,109.867,110.158,109.854,110.042,12146,109.917,108.492,BULLISH_20_BAR_BREAKOUT,-0.1154104796350442,-0.08269569800622324,-0.13176787044946114
2019-02-11,12:00:00,109.976,110.277,109.951,110.117,8288,110.084,109.554,BULLISH_20_BAR_BREAKOUT,0.246101873461864,0.24973437343915242,0.3741474976615708
2019-02-11,16:00:00,110.117,110.455,110.102,110.388,10299,110.277,109.554,BULLISH_20_BAR_BREAKOUT,0.008153060115230225,0.2328151610682237,0.10780157263470647
2019-02-12,04:00:00,110.393,110.649,110.342,110.645,13960,110.476,109.601,BULLISH_20_BAR_BREAKOUT,-0.02801753355324841,-0.12472321388222786,-0.0009037914049352109
2019-02-13,16:00:00,110.619,110.883,110.616,110.871,12785,110.764,109.661,BULLISH_20_BAR_BREAKOUT,0.10552804610764262,0.17588007684607102,-0.1551352472693464
2019-02-13,20:00:00,110.871,110.991,110.786,110.988,8950,110.883,109.661,BULLISH_20_BAR_BREAKOUT,-0.0549608966735078,0.06667387465311392,-0.45860813781670123
2019-02-14,04:00:00,110.927,111.124,110.861,111.066,11265,111.051,109.661,BULLISH_20_BAR_BREAKOUT,-0.003601462193655024,-0.33043415626744854,-0.6842778167936228
2019-02-15,04:00:00,110.537,110.544,110.257,110.306,11700,111.124,110.311,BEARISH_20_BAR_BREAKOUT,0.004532844994841317,0.20307145576850197,0.1785940927964052
2019-02-25,20:00:00,110.861,111.231,110.854,111.131,10016,110.946,110.554,BULLISH_20_BAR_BREAKOUT,-0.0854846982390142,-0.27355103436485056,-0.5659986862351682
2019-02-26,20:00:00,110.728,110.802,110.418,110.502,9986,111.231,110.554,BEARISH_20_BAR_BREAKOUT,0.042533166820520225,-0.11764492950353429,0.4796293279759653
2019-02-27,08:00:00,110.596,110.623,110.35,110.372,8217,111.231,110.418,BEARISH_20_BAR_BREAKOUT,0.08879063530605497,0.5979777479795569,0.3461022723154468
2019-02-28,16:00:00,110.787,111.427,110.734,111.294,17540,111.231,110.35,BULLISH_20_BAR_BREAKOUT,0.09793879274714617,0.3342498247883982,0.5400111416608255
2019-03-01,04:00:00,111.356,111.765,111.354,111.666,10018,111.49,110.35,BULLISH_20_BAR_BREAKOUT,0.13253810470509927,0.20507585119911095,0.28656887503806655
2019-03-01,08:00:00,111.666,111.839,111.637,111.814,5501,111.765,110.35,BULLISH_20_BAR_BREAKOUT,0.001788684780089747,0.09658897812438881,0.07691344554350327
2019-03-07,16:00:00,111.694,111.855,111.523,111.53,16808,112.132,111.571,BEARISH_20_BAR_BREAKOUT,-0.011656056666372483,-0.12552676409934596,-0.354164798708864
2019-03-07,20:00:00,111.529,111.652,111.478,111.517,11191,112.132,111.523,BEARISH_20_BAR_BREAKOUT,0.10940036048315493,-0.481540930979126,-0.32730435718320516
2019-03-08,04:00:00,111.638,111.645,111.339,111.39,9376,112.132,111.478,BEARISH_20_BAR_BREAKOUT,-0.3680761289164167,-0.22892539725289113,-0.25496005027381813
2019-03-08,08:00:00,111.39,111.403,110.948,110.98,9523,112.132,111.339,BEARISH_20_BAR_BREAKOUT,0.17300414489096508,0.15498287979815917,0.26581366011894186
2019-03-14,04:00:00,111.207,111.624,111.141,111.523,12449,111.463,110.874,BULLISH_20_BAR_BREAKOUT,0.0564905893851514,0.17036844417743222,0.10849779866037437
2019-03-20,20:00:00,111.408,111.508,110.531,110.579,24948,111.758,111.154,BEARISH_20_BAR_BREAKOUT,0.07325079807196944,-0.1908138073232698,0.20437876992920292
2019-03-21,04:00:00,110.659,110.733,110.454,110.475,7543,111.691,110.531,BEARISH_20_BAR_BREAKOUT,-0.09685449196650765,0.3367277664630006,0.268839103869664
2019-03-21,08:00:00,110.475,110.55,110.35,110.368,6715,111.691,110.454,BEARISH_20_BAR_BREAKOUT,0.10419686865759015,0.395948100898822,0.35426935343578336
2019-03-22,16:00:00,110.327,110.328,109.737,109.762,24716,111.691,110.294,BEARISH_20_BAR_BREAKOUT,0.15123631129170095,0.07835134199449584,0.29609518776990473
2019-04-01,00:00:00,110.994,111.054,110.862,110.985,6296,110.945,110.015,BULLISH_20_BAR_BREAKOUT,0.08379510744695547,-0.0018020453214356344,0.4144704239311563
2019-04-01,04:00:00,110.985,111.18,110.957,111.078,10036,111.054,110.015,BULLISH_20_BAR_BREAKOUT,-0.03330992635806023,0.19355768018869932,0.2466735087055951
2019-04-01,16:00:00,110.981,111.314,110.804,111.293,17722,111.18,110.015,BULLISH_20_BAR_BREAKOUT,0.048520571823913304,0.053013217363174235,0.029651460559053166
2019-04-01,20:00:00,111.293,111.44,111.288,111.347,7172,111.314,110.015,BULLISH_20_BAR_BREAKOUT,0.0880131480866112,0.017063773608633783,0.01616568026080692
2019-04-02,00:00:00,111.347,111.451,111.309,111.445,6169,111.44,110.015,BULLISH_20_BAR_BREAKOUT,-0.08344923504866913,-0.07537350262460314,-0.12562250437434283
2019-04-03,04:00:00,111.306,111.527,111.204,111.475,10838,111.451,110.529,BULLISH_20_BAR_BREAKOUT,0.0313971742543268,0.0017941242431124018,-0.06279434850862811
2019-04-05,00:00:00,111.581,111.669,111.58,111.65,9278,111.625,110.804,BULLISH_20_BAR_BREAKOUT,0.042095835199280826,0.05284370801611957,0.05284370801611957
2019-04-05,04:00:00,111.651,111.797,111.642,111.697,8539,111.669,111.204,BULLISH_20_BAR_BREAKOUT,-0.025963096591668854,0.0071622335425262675,-0.2650026410736246
2019-04-09,08:00:00,111.373,111.383,111.234,111.259,5871,111.819,111.276,BEARISH_20_BAR_BREAKOUT,0.07909472492112446,-0.1150468726125528,-0.0746007064597007
2019-04-09,16:00:00,111.347,111.353,110.975,111.085,12687,111.819,111.234,BEARISH_20_BAR_BREAKOUT,0.04140973128685825,0.054912904532571506,-0.14673448260340882
2019-04-10,16:00:00,111.158,111.276,110.885,110.922,15741,111.819,110.975,BEARISH_20_BAR_BREAKOUT,0.03245523881646686,0.1226086799733235,0.5048592704783562
2019-04-11,20:00:00,111.479,111.693,111.477,111.636,5838,111.575,110.839,BULLISH_20_BAR_BREAKOUT,0.004478841950633903,0.19886058260776845,0.32874699917589706
2019-04-12,04:00:00,111.64,111.812,111.633,111.753,8811,111.693,110.839,BULLISH_20_BAR_BREAKOUT,0.09395720920244108,0.21565416588368963,0.15301602641540404
2019-04-12,08:00:00,111.753,111.876,111.72,111.858,5591,111.812,110.839,BULLISH_20_BAR_BREAKOUT,0.10727887142626395,0.12962863630674248,0.049169482737034996
2019-04-12,12:00:00,111.858,111.988,111.84,111.978,10457,111.876,110.839,BULLISH_20_BAR_BREAKOUT,0.014288520959478955,0.0509028559181287,-0.008930325599663244
2019-04-12,16:00:00,111.977,112.02,111.851,111.994,11355,111.988,110.839,BULLISH_20_BAR_BREAKOUT,0.008036144793471383,-0.06250334839365786,0.005357429862314256
2019-04-18,08:00:00,111.875,111.932,111.818,111.838,8640,112.161,111.842,BEARISH_20_BAR_BREAKOUT,0.05007242618788927,0.08226184302295549,0.06884958600834457
2019-04-24,20:00:00,111.811,112.396,111.8,112.197,8601,112.03,111.648,BULLISH_20_BAR_BREAKOUT,-0.07397702255853401,-0.3262119308002885,-0.48486144905834994
2019-04-25,16:00:00,111.889,111.897,111.364,111.588,13325,112.396,111.648,BEARISH_20_BAR_BREAKOUT,0.05824999103847362,0.037638455747931315,0.006273075957992797
2019-04-30,08:00:00,111.564,111.573,111.27,111.326,6527,112.235,111.364,BEARISH_20_BAR_BREAKOUT,-0.05389576558933948,0.05569229110900583,0.12036720981621575
2019-04-30,12:00:00,111.325,111.42,111.231,111.266,7834,112.235,111.27,BEARISH_20_BAR_BREAKOUT,0.1177358761885933,0.11593838189562909,0.026962414394335315
2019-05-01,16:00:00,111.296,111.421,111.121,111.178,9526,112.028,111.231,BEARISH_20_BAR_BREAKOUT,0.22936192412168743,0.32830236197809737,0.1906852075050849
2019-05-06,00:00:00,110.621,110.84,110.526,110.632,8709,111.691,111.046,BEARISH_20_BAR_BREAKOUT,-0.054233856388750334,0.18439511172173828,0.15004700267553403
2019-05-07,20:00:00,110.341,110.398,110.165,110.267,14395,111.691,110.278,BEARISH_20_BAR_BREAKOUT,-0.005441337843598019,-0.12243010148094254,-0.18591237632292373
2019-05-08,04:00:00,110.261,110.266,109.9,109.938,11145,111.691,110.165,BEARISH_20_BAR_BREAKOUT,0.17646309738216323,0.16554785424512192,0.012734450326543864
2019-05-09,08:00:00,109.952,109.964,109.595,109.618,10604,110.955,109.827,BEARISH_20_BAR_BREAKOUT,0.17971501030852846,0.0957871882355124,0.1304530277874078
2019-05-09,16:00:00,109.815,109.851,109.467,109.558,18196,110.955,109.595,BEARISH_20_BAR_BREAKOUT,0.15060515891125434,0.1889410175432133,-0.0036510341554289857
2019-05-13,16:00:00,109.62,109.628,109.016,109.186,26578,110.263,109.467,BEARISH_20_BAR_BREAKOUT,0.13005330353707975,0.36726320224204223,0.44236440569302826
2019-05-16,16:00:00,109.672,109.963,109.597,109.886,13679,109.782,109.016,BULLISH_20_BAR_BREAKOUT,-0.05824217825746041,-0.18655697723094689,-0.009100340352720917
2019-05-17,20:00:00,109.876,110.19,109.835,110.039,19117,110.03,109.15,BULLISH_20_BAR_BREAKOUT,0.11723116349658294,0.05997873481220522,-0.011813993220590182
2019-05-21,12:00:00,110.119,110.432,110.063,110.424,10944,110.315,109.331,BULLISH_20_BAR_BREAKOUT,0.16391364196188996,0.12406723176121173,-0.05071361298269542
2019-05-21,16:00:00,110.424,110.658,110.397,110.605,18202,110.432,109.346,BULLISH_20_BAR_BREAKOUT,-0.05876768681343314,-0.09041182586683108,-0.29474255232585106
2019-05-23,16:00:00,110.096,110.106,109.562,109.573,22401,110.668,109.804,BEARISH_20_BAR_BREAKOUT,0.02190320608179105,0.00638843510719338,-0.1834393509349871
2019-05-24,16:00:00,109.62,109.645,109.269,109.372,16226,110.668,109.451,BEARISH_20_BAR_BREAKOUT,-0.07863072815711382,0.06583037706177333,0.14994696997403492
2019-05-30,08:00:00,109.58,109.823,109.58,109.745,9460,109.695,109.145,BULLISH_20_BAR_BREAKOUT,-0.03827053624311047,-0.17586222606952281,-0.8866007562986914
2019-05-31,08:00:00,109.183,109.206,108.751,108.772,15324,109.922,109.121,BEARISH_20_BAR_BREAKOUT,0.005516125473467645,-0.45599970580665,-0.4854190416651397
2019-05-31,16:00:00,108.779,108.904,108.546,108.651,22569,109.922,108.706,BEARISH_20_BAR_BREAKOUT,-0.3451417842449679,-0.48319849794294717,-0.24113905992581794
2019-05-31,20:00:00,108.652,108.663,108.274,108.276,17275,109.922,108.546,BEARISH_20_BAR_BREAKOUT,-0.051719679337985686,-0.029554102478847093,-0.2687576194170424
2019-06-03,00:00:00,108.27,108.346,108.169,108.22,5368,109.922,108.274,BEARISH_20_BAR_BREAKOUT,-0.08686009979670495,0.13675845499907238,-0.17187211236369695
2019-06-03,04:00:00,108.218,108.315,108.097,108.126,12148,109.922,108.169,BEARISH_20_BAR_BREAKOUT,0.10913193866414646,0.24323474464975214,-0.11930525498030527
2019-06-03,20:00:00,108.389,108.409,107.879,107.985,20218,109.922,108.066,BEARISH_20_BAR_BREAKOUT,0.04537667268602731,0.05278510904292463,0.0926054544612625
2019-06-06,20:00:00,108.078,108.533,108.073,108.503,13579,108.481,107.811,BULLISH_20_BAR_BREAKOUT,-0.047924942167503856,-0.037786973632062536,-0.2866280195017714
2019-06-10,08:00:00,108.537,108.672,108.521,108.66,8270,108.613,107.811,BULLISH_20_BAR_BREAKOUT,0.00644211301307289,-0.20614761641817556,-0.059819620835632
2019-06-11,12:00:00,108.597,108.749,108.558,108.727,9654,108.711,107.876,BULLISH_20_BAR_BREAKOUT,-0.18762588869370786,-0.2345323608671348,-0.3596162866629313
2019-06-20,04:00:00,108.11,108.115,107.546,107.601,19049,108.719,107.896,BEARISH_20_BAR_BREAKOUT,0.0641257980873808,-0.08178362654621599,-0.4730439308184871
2019-06-20,20:00:00,107.513,107.525,107.208,107.324,16005,108.719,107.462,BEARISH_20_BAR_BREAKOUT,-0.027020983191081552,0.11367448101077102,0.0018635160821394458
2019-06-21,04:00:00,107.296,107.367,107.044,107.092,11881,108.673,107.208,BEARISH_20_BAR_BREAKOUT,0.33055690434392787,0.4267358906360959,0.28947073544242546
2019-06-25,04:00:00,107.33,107.405,106.925,106.944,15348,108.401,107.044,BEARISH_20_BAR_BREAKOUT,0.08509126271693032,-0.027116995810888278,0.47688509874325896
2019-06-26,12:00:00,107.468,107.746,107.412,107.741,11894,107.731,106.774,BULLISH_20_BAR_BREAKOUT,-0.09745593599465754,0.0009281517713820874,0.08910257005225833
2019-06-26,20:00:00,107.634,107.846,107.626,107.804,8766,107.752,106.774,BULLISH_20_BAR_BREAKOUT,-0.05751178063893511,0.22355385699973995,-0.033393937145190684
2019-06-27,04:00:00,107.742,108.106,107.644,108.089,11734,107.846,106.774,BULLISH_20_BAR_BREAKOUT,-0.04070719499671283,-0.33213370463228886,-0.4376023462146926
2019-07-01,00:00:00,107.914,108.507,107.914,108.374,7494,108.157,106.828,BULLISH_20_BAR_BREAKOUT,-0.10334582095336037,-0.0784320962592446,-0.0018454610884486489
2019-07-05,16:00:00,108.141,108.618,108.042,108.547,21262,108.426,107.529,BULLISH_20_BAR_BREAKOUT,-0.08291339235538836,-0.15569292564510945,0.1575354454752379
2019-07-08,16:00:00,108.57,108.726,108.515,108.718,7114,108.634,107.573,BULLISH_20_BAR_BREAKOUT,0.06990562740299988,0.04874997700472532,0.05886789676041957
2019-07-08,20:00:00,108.717,108.802,108.645,108.794,3602,108.726,107.575,BULLISH_20_BAR_BREAKOUT,-0.06618012022722092,0.021140871739246773,0.08272515028402615
2019-07-11,04:00:00,108.335,108.336,107.857,107.924,7774,108.989,108.276,BEARISH_20_BAR_BREAKOUT,0.11952855713278851,0.3400541121529875,0.40491456951187654
2019-07-18,04:00:00,107.932,107.974,107.641,107.726,9155,108.375,107.796,BEARISH_20_BAR_BREAKOUT,0.03434639734140889,0.013924215138407227,-0.1782299537715993
2019-07-18,20:00:00,107.742,107.861,107.209,107.276,12228,108.375,107.615,BEARISH_20_BAR_BREAKOUT,0.11838621872553932,0.33931168201648493,0.3896491293486021
2019-07-23,08:00:00,108.046,108.191,108.036,108.104,5399,108.081,107.209,BULLISH_20_BAR_BREAKOUT,0.015725597572703975,0.12950492118700563,-0.06105231998816186
2019-07-25,16:00:00,108.132,108.592,108.071,108.586,18486,108.286,107.771,BULLISH_20_BAR_BREAKOUT,0.12708820658280556,0.03223251616230139,0.10038126461974348
2019-07-25,20:00:00,108.586,108.754,108.577,108.724,9247,108.592,107.771,BULLISH_20_BAR_BREAKOUT,-0.04506824620139674,-0.08829697214966671,-0.06438320885913633
2019-07-29,16:00:00,108.637,108.899,108.624,108.85,7176,108.827,107.935,BULLISH_20_BAR_BREAKOUT,-0.05695911805236345,-0.19384474046853334,-0.17914561322920824
2019-08-01,04:00:00,108.819,109.317,108.81,109.235,15011,108.999,108.418,BULLISH_20_BAR_BREAKOUT,-0.0897148349887847,-0.8669382523916352,-2.0066828397491583
2019-08-01,16:00:00,108.924,108.928,108.155,108.288,16307,109.317,108.451,BEARISH_20_BAR_BREAKOUT,-0.9299276004728049,-1.1497118794326153,-1.5237145390070843
2019-08-01,20:00:00,108.288,108.299,107.251,107.281,30144,109.317,108.155,BEARISH_20_BAR_BREAKOUT,0.14820890931291825,-0.3420922623763802,-0.6375779494971259
2019-08-02,04:00:00,107.443,107.493,106.848,107.043,28095,109.317,107.225,BEARISH_20_BAR_BREAKOUT,-0.12051231747989581,-0.37835262464617125,-0.9949272722177179
2019-08-02,16:00:00,106.836,107.28,106.54,106.638,36493,109.317,106.786,BEARISH_20_BAR_BREAKOUT,-0.038447832855090146,-0.6189163337647093,-0.5626512125133709
2019-08-05,04:00:00,106.566,106.621,105.784,105.978,32694,109.317,106.507,BEARISH_20_BAR_BREAKOUT,-0.03585649851855735,0.05661552397667655,0.4925550585970726
2019-08-06,00:00:00,106.154,106.2,105.519,105.605,16097,109.317,105.784,BEARISH_20_BAR_BREAKOUT,0.8474977510534502,0.8910562946830193,0.6808389754272942
2019-08-09,16:00:00,105.772,105.85,105.294,105.294,18291,107.088,105.493,BEARISH_20_BAR_BREAKOUT,0.3371512146940984,0.1529051987767597,0.09497217315327419
2019-08-12,12:00:00,105.486,105.491,105.047,105.133,12082,106.374,105.267,BEARISH_20_BAR_BREAKOUT,0.24825696974309674,0.23589168006240158,0.07228938582558057
2019-08-13,16:00:00,105.209,106.973,105.151,106.599,28578,106.24,105.047,BULLISH_20_BAR_BREAKOUT,0.08349046426326573,-0.22139044456327378,-0.7523522734734911
2019-08-23,12:00:00,106.638,106.732,106.58,106.729,5947,106.689,106.16,BULLISH_20_BAR_BREAKOUT,-1.3482746020294323,-1.765218450468008,-0.793598740735877
2019-08-23,16:00:00,106.73,106.73,105.29,105.29,38520,106.732,106.16,BEARISH_20_BAR_BREAKOUT,0.11492069522271356,0.14816221863424037,0.6752778041599378
2019-08-26,00:00:00,104.996,105.003,104.449,104.845,12354,106.732,105.254,BEARISH_20_BAR_BREAKOUT,0.5732271448328476,0.9890791167914599,1.06728980876532
2019-08-29,16:00:00,106.254,106.554,106.19,106.495,23093,106.412,105.157,BULLISH_20_BAR_BREAKOUT,0.0056340673271047725,-0.008451100990657158,-0.1906192779003737
2019-09-05,04:00:00,106.336,106.751,106.328,106.65,18379,106.442,105.735,BULLISH_20_BAR_BREAKOUT,-0.12376933895921706,0.2944210032817562,0.38724800750116894
2019-09-05,16:00:00,106.646,107.228,106.614,106.964,20931,106.751,105.735,BULLISH_20_BAR_BREAKOUT,0.05235406304924777,0.0925545043192137,-0.14490856736846147
2019-09-10,00:00:00,107.194,107.367,107.164,107.336,6126,107.228,106.123,BULLISH_20_BAR_BREAKOUT,0.07825892524409629,0.025154654542745233,0.24502496832377324
2019-09-10,04:00:00,107.339,107.496,107.285,107.42,12215,107.367,106.237,BULLISH_20_BAR_BREAKOUT,-0.09681623533792516,-0.06702662446472048,0.2820703779556854
2019-09-10,20:00:00,107.348,107.526,107.292,107.526,11273,107.496,106.46,BULLISH_20_BAR_BREAKOUT,0.06789055670257194,0.2548220895411351,0.28086230307089144
2019-09-11,00:00:00,107.526,107.625,107.494,107.599,9689,107.526,106.614,BULLISH_20_BAR_BREAKOUT,0.11524270671660072,0.11152520004831859,0.38569131683379215
2019-09-11,04:00:00,107.599,107.737,107.543,107.723,10579,107.625,106.62,BULLISH_20_BAR_BREAKOUT,0.07147962830593112,0.00835476175004441,0.3434735386129281
2019-09-11,08:00:00,107.723,107.847,107.659,107.8,10410,107.737,106.62,BULLISH_20_BAR_BREAKOUT,-0.07513914656772085,0.025974025974031353,0.0974025974026011
2019-09-12,00:00:00,107.828,108.044,107.774,108.014,11908,107.847,106.62,BULLISH_20_BAR_BREAKOUT,0.0731386672098133,-0.24719017905086,0.15553539356009996
2019-09-12,04:00:00,108.014,108.165,107.947,108.093,10615,108.044,106.751,BULLISH_20_BAR_BREAKOUT,-0.17392430592175476,-0.11101551441814414,0.07123495508497144
2019-09-18,20:00:00,108.174,108.471,108.097,108.435,16004,108.368,107.494,BULLISH_20_BAR_BREAKOUT,-0.0018444229261726738,-0.3615068935306828,-0.37257343108774504
2019-09-20,20:00:00,107.949,107.968,107.518,107.554,15505,108.475,107.764,BEARISH_20_BAR_BREAKOUT,0.09204678580062457,-0.03997991706492215,-0.12365881324729491
2019-09-23,08:00:00,107.704,107.766,107.508,107.511,7200,108.475,107.518,BEARISH_20_BAR_BREAKOUT,-0.0520876933523057,-0.08371236431619947,0.07069044097813956
2019-09-23,12:00:00,107.51,107.547,107.309,107.455,8830,108.475,107.508,BEARISH_20_BAR_BREAKOUT,0.02047368665953708,0.12842585268252313,0.21311246568330855
2019-09-24,20:00:00,107.319,107.425,106.959,107.025,19420,108.084,107.234,BEARISH_20_BAR_BREAKOUT,0.13081055828077606,0.241999532819435,0.7082457369773375
2019-09-26,20:00:00,107.674,107.957,107.664,107.888,11452,107.881,106.959,BULLISH_20_BAR_BREAKOUT,-0.12976419991101937,-0.04170992139997192,0.038002372831081134
2019-09-27,12:00:00,107.843,108.173,107.828,108.09,7519,107.957,106.959,BULLISH_20_BAR_BREAKOUT,-0.02682949394023162,-0.1332223147377236,-0.1258210750300767
2019-10-01,04:00:00,108.057,108.262,108.042,108.256,6582,108.178,107.423,BULLISH_20_BAR_BREAKOUT,0.08128879692579982,-0.5062075081288814,-0.354714750221697
2019-10-01,08:00:00,108.256,108.43,108.165,108.344,8087,108.262,107.423,BULLISH_20_BAR_BREAKOUT,0.006460902311161672,-0.594403012626441,-0.6165546776932661
2019-10-02,12:00:00,107.676,107.732,107.494,107.53,9598,108.468,107.549,BEARISH_20_BAR_BREAKOUT,-0.29666139681949466,-0.34223007532781086,-0.5728633869617777
2019-10-02,16:00:00,107.53,107.601,107.143,107.211,17400,108.468,107.494,BEARISH_20_BAR_BREAKOUT,-0.005596440663738075,-0.05130070608425685,-0.4234640102228256
2019-10-03,12:00:00,107.226,107.268,106.87,106.914,9440,108.468,106.963,BEARISH_20_BAR_BREAKOUT,-0.14684699852217342,-0.07763248966458874,-0.18519557775408974
2019-10-03,16:00:00,106.915,107.122,106.48,106.757,22378,108.468,106.87,BEARISH_20_BAR_BREAKOUT,0.09929091300804119,0.010303773991396986,0.14425283587961105
2019-10-10,16:00:00,107.449,107.973,107.371,107.916,17625,107.771,106.772,BULLISH_20_BAR_BREAKOUT,0.006486526557697656,0.05745209236813597,0.5578412839616034
2019-10-11,12:00:00,107.914,108.485,107.877,108.455,13647,108.13,106.801,BULLISH_20_BAR_BREAKOUT,0.058088608178509415,0.018440827993173224,-0.20561523212392144
2019-10-11,16:00:00,108.455,108.628,108.336,108.518,18556,108.485,106.801,BULLISH_20_BAR_BREAKOUT,-0.0903075987393787,-0.19628080134170725,-0.10781621482150835
2019-10-15,16:00:00,108.327,108.886,108.299,108.836,15183,108.628,107.353,BULLISH_20_BAR_BREAKOUT,0.03399610423022358,-0.14057848506008266,-0.1139328898526179
2019-10-28,16:00:00,108.728,109.022,108.704,109.019,8528,108.791,108.276,BULLISH_20_BAR_BREAKOUT,-0.08530623102395318,-0.04861537897064867,-0.17611608985590335
2019-10-31,04:00:00,108.796,108.861,108.584,108.61,9344,109.285,108.655,BEARISH_20_BAR_BREAKOUT,-0.01289015744406205,-0.48798453181106816,-0.5340208083970153
2019-10-31,12:00:00,108.596,108.633,108.101,108.181,10241,109.285,108.584,BEARISH_20_BAR_BREAKOUT,-0.09336205063735692,-0.16916094323401773,-0.19596786866455598
2019-10-31,16:00:00,108.181,108.328,108.052,108.08,12292,109.285,108.101,BEARISH_20_BAR_BREAKOUT,-0.08697261287934317,-0.04626202812731047,0.06661732050333338
2019-10-31,20:00:00,108.084,108.123,107.925,107.986,7838,109.285,108.052,BEARISH_20_BAR_BREAKOUT,0.011112551627063188,-0.02778137906765797,0.16946641231270046
2019-11-05,16:00:00,108.816,109.156,108.808,109.154,10796,108.894,107.884,BULLISH_20_BAR_BREAKOUT,0.06412957839383568,-0.11634937794308532,-0.1273430199534564
2019-11-05,20:00:00,109.155,109.236,109.086,109.224,6788,109.156,107.884,BULLISH_20_BAR_BREAKOUT,-0.07324397568299851,-0.2261407749212626,-0.2618472130667265
2019-11-07,16:00:00,109.108,109.389,109.093,109.325,11007,109.24,108.214,BULLISH_20_BAR_BREAKOUT,-0.01737937342785772,-0.10884975989023532,-0.16464669563229528
2019-11-13,16:00:00,108.923,108.932,108.661,108.712,9872,109.474,108.855,BEARISH_20_BAR_BREAKOUT,0.055191699168447156,-0.004599308264045978,-0.12602104643461665
2019-11-14,20:00:00,108.575,108.587,108.232,108.376,8152,109.291,108.563,BEARISH_20_BAR_BREAKOUT,0.10980290839300193,0.1577840112201892,0.3644718387834908
2019-11-25,04:00:00,108.724,108.801,108.69,108.755,5439,108.751,108.275,BULLISH_20_BAR_BREAKOUT,0.08275481587053783,0.16459013378695422,0.20596754172222312
2019-11-25,08:00:00,108.755,108.89,108.732,108.845,4585,108.801,108.275,BULLISH_20_BAR_BREAKOUT,0.026643391979416932,0.09462997840966,0.09922366668198274
2019-11-25,16:00:00,108.874,108.953,108.814,108.934,7214,108.895,108.275,BULLISH_20_BAR_BREAKOUT,0.012851818532318463,0.041309416711037605,0.1340261075513621
2019-11-26,00:00:00,108.97,109.01,108.894,108.995,4752,108.975,108.275,BULLISH_20_BAR_BREAKOUT,-0.014679572457457078,-0.04862608376532087,0.09358227441624813
2019-11-27,16:00:00,109.112,109.389,109.111,109.387,7980,109.207,108.475,BULLISH_20_BAR_BREAKOUT,0.17643778511157435,0.0557653103202326,0.13347107060254032
2019-11-27,20:00:00,109.387,109.608,109.347,109.58,5844,109.389,108.475,BULLISH_20_BAR_BREAKOUT,-0.19072823507939696,-0.14966234714364068,-0.05840481839751137
2019-12-02,04:00:00,109.531,109.726,109.527,109.695,4723,109.669,109.008,BULLISH_20_BAR_BREAKOUT,-0.09663156935137841,-0.5378549614841052,-0.47221842381146495
2019-12-02,20:00:00,109.105,109.17,108.924,108.973,8278,109.726,109.096,BEARISH_20_BAR_BREAKOUT,0.045882925128240167,0.11011902030778682,-0.373487010543893
2019-12-03,12:00:00,109.094,109.15,108.811,108.839,10275,109.726,108.924,BEARISH_20_BAR_BREAKOUT,-0.27104254908626657,-0.16354431775374387,-0.15160006982790364
2019-12-03,16:00:00,108.839,108.863,108.53,108.544,16044,109.726,108.811,BEARISH_20_BAR_BREAKOUT,0.020268278301891925,0.02487470518868019,0.23953419811321228
2019-12-04,08:00:00,108.571,108.623,108.426,108.472,4871,109.726,108.482,BEARISH_20_BAR_BREAKOUT,0.18622317280036543,0.4130098089829703,0.3853529021314315
2019-12-12,16:00:00,108.636,109.3,108.558,109.297,15815,108.854,108.429,BULLISH_20_BAR_BREAKOUT,0.03202283685736717,0.2607573858385835,-0.018298763918493666
2019-12-12,20:00:00,109.294,109.449,109.119,109.332,12233,109.3,108.429,BULLISH_20_BAR_BREAKOUT,0.06859839754143603,0.26890571836242927,0.012805034207743392
2019-12-13,04:00:00,109.404,109.623,109.349,109.582,10818,109.564,108.453,BULLISH_20_BAR_BREAKOUT,0.04015257980326253,-0.2783303827270835,-0.16973590553192391
2019-12-13,08:00:00,109.581,109.661,109.548,109.626,6198,109.623,108.453,BULLISH_20_BAR_BREAKOUT,0.02645357853063722,-0.25541386167515107,-0.20524328170325334
2019-12-19,16:00:00,109.475,109.511,109.254,109.3,7164,109.685,109.365,BEARISH_20_BAR_BREAKOUT,-0.017383348581876713,0.030192131747485133,0.13266239707227448
2019-12-26,08:00:00,109.544,109.566,109.527,109.549,1823,109.536,109.18,BULLISH_20_BAR_BREAKOUT,0.0292106728495892,0.10041168792047342,-0.04290317574784914
2019-12-26,12:00:00,109.549,109.588,109.536,109.581,2069,109.566,109.18,BULLISH_20_BAR_BREAKOUT,0.049278615818437545,-0.049278615818437545,-0.08578129420246967
2019-12-26,16:00:00,109.581,109.636,109.568,109.635,3173,109.588,109.255,BULLISH_20_BAR_BREAKOUT,0.021890819537557265,-0.1641811465316795,-0.04743010899804506
2019-12-26,20:00:00,109.634,109.682,109.609,109.659,2632,109.636,109.255,BULLISH_20_BAR_BREAKOUT,-0.12037315678604127,-0.14317110314703826,-0.18329548874238102
2019-12-30,04:00:00,109.433,109.45,109.066,109.15,6711,109.682,109.325,BEARISH_20_BAR_BREAKOUT,-0.0054970224461751965,-0.1465872652313429,-0.4324324324324402
2019-12-30,16:00:00,109.153,109.226,108.765,108.99,8294,109.682,109.066,BEARISH_20_BAR_BREAKOUT,-0.1504725204147183,-0.286264794935313,-0.2981924947242762
2019-12-31,04:00:00,108.875,108.876,108.623,108.678,3580,109.682,108.765,BEARISH_20_BAR_BREAKOUT,-0.02116343694215585,-0.01196194261947314,0.09753583982039489
2019-12-31,12:00:00,108.655,108.675,108.498,108.564,4580,109.682,108.623,BEARISH_20_BAR_BREAKOUT,0.09303268118346165,0.0782948306989499,-0.2708080026528103
2020-01-02,16:00:00,108.771,108.805,108.21,108.27,7830,109.591,108.467,BEARISH_20_BAR_BREAKOUT,0.2539946430220797,-0.08312551953448712,-0.21520273390596648
2020-01-03,04:00:00,108.542,108.561,107.998,108.18,9414,109.591,108.21,BEARISH_20_BAR_BREAKOUT,-0.21630615640599818,-0.13218709558143896,-0.11647254575707597
2020-01-03,08:00:00,108.18,108.23,107.914,107.946,7944,109.588,107.998,BEARISH_20_BAR_BREAKOUT,0.07411112963889194,0.14359031367535724,0.14359031367535724
2020-01-08,12:00:00,108.42,108.771,108.391,108.72,11745,108.628,107.647,BULLISH_20_BAR_BREAKOUT,-0.09197939661515298,0.28973509933774627,0.6714495952906585
2020-01-08,20:00:00,108.622,109.243,108.621,109.231,11150,108.814,107.647,BULLISH_20_BAR_BREAKOUT,-0.17943624062765878,0.11352088692771231,0.25542199558734296
2020-01-09,08:00:00,109.19,109.36,109.181,109.355,5518,109.253,107.647,BULLISH_20_BAR_BREAKOUT,0.08687302821087181,0.1417402039230041,0.19752183256366326
2020-01-09,12:00:00,109.354,109.486,109.273,109.45,8123,109.36,107.647,BULLISH_20_BAR_BREAKOUT,0.07948835084513776,0.04020100502512282,0.15623572407491298
2020-01-09,16:00:00,109.45,109.58,109.316,109.537,8677,109.486,107.647,BULLISH_20_BAR_BREAKOUT,-0.02464920529136367,-0.008216401763787889,0.018258670586190986
2020-01-10,12:00:00,109.571,109.653,109.555,109.621,3801,109.603,107.647,BULLISH_20_BAR_BREAKOUT,-0.05838297406518181,-0.0638563778837934,0.20525264319793518
2020-01-13,12:00:00,109.626,109.922,109.616,109.846,5471,109.688,107.647,BULLISH_20_BAR_BREAKOUT,0.06736704113030793,0.14929992899149852,0.11652677384702229
2020-01-14,00:00:00,109.921,110.028,109.89,110.01,2604,109.943,108.615,BULLISH_20_BAR_BREAKOUT,0.0599945459503575,-0.032724297791111134,-0.14907735660394644
2020-01-14,04:00:00,110.01,110.212,109.995,110.076,6911,110.028,108.621,BULLISH_20_BAR_BREAKOUT,-0.08993786111412982,-0.02725389730730307,-0.16170645735673286
2020-01-21,20:00:00,109.905,109.974,109.76,109.788,6806,110.287,109.857,BEARISH_20_BAR_BREAKOUT,0.11021240937079584,0.19765365978066707,0.0847087113345753
2020-01-23,00:00:00,109.88,109.894,109.66,109.734,4971,110.22,109.76,BEARISH_20_BAR_BREAKOUT,-0.11664570689120977,-0.09204075309384428,-0.15400878487979744
2020-01-23,04:00:00,109.734,109.762,109.592,109.606,6778,110.22,109.66,BEARISH_20_BAR_BREAKOUT,0.0,-0.21622903855627865,-0.1204313632465292
2020-01-23,16:00:00,109.632,109.649,109.31,109.369,10118,110.22,109.489,BEARISH_20_BAR_BREAKOUT,0.13806471669302658,0.09600526657462716,0.056688824072632656
2020-01-27,00:00:00,108.968,109.044,108.729,108.798,7483,110.119,109.17,BEARISH_20_BAR_BREAKOUT,0.21691575212780032,0.09375172337727151,0.12040662512178553
2020-01-30,16:00:00,108.893,109.009,108.65,108.669,12194,109.264,108.754,BEARISH_20_BAR_BREAKOUT,0.08466075881806104,0.3717711582880089,-0.25030137389687157
2020-01-31,16:00:00,108.915,108.966,108.357,108.397,11542,109.264,108.579,BEARISH_20_BAR_BREAKOUT,-0.04704927258134628,0.13653514396154517,0.2878308440270465
2020-01-31,20:00:00,108.397,108.524,108.305,108.346,23544,109.264,108.357,BEARISH_20_BAR_BREAKOUT,0.03691876026802285,0.25750835286950724,0.30088789618444
2020-02-04,16:00:00,109.03,109.359,109.026,109.334,9815,109.134,108.305,BULLISH_20_BAR_BREAKOUT,0.1527429710794461,0.10152377119650793,0.3850586276912875
2020-02-04,20:00:00,109.334,109.537,109.291,109.501,6590,109.359,108.305,BULLISH_20_BAR_BREAKOUT,-0.05479402014593682,-0.15068355540132625,0.3031935781408331
2020-02-05,12:00:00,109.335,109.723,109.302,109.573,14877,109.543,108.305,BULLISH_20_BAR_BREAKOUT,0.16609931278691117,0.22268259516486705,0.31942175535944856
2020-02-05,16:00:00,109.572,109.841,109.553,109.755,11989,109.723,108.305,BULLISH_20_BAR_BREAKOUT,0.07106737734044276,0.12482347045692721,0.19589084779736998
2020-02-06,04:00:00,109.817,109.905,109.799,109.892,7206,109.842,108.305,BULLISH_20_BAR_BREAKOUT,0.014559749572312219,0.07097877916500106,0.013649765224038664
2020-02-06,08:00:00,109.892,109.98,109.85,109.908,6617,109.905,108.311,BULLISH_20_BAR_BREAKOUT,0.013647778141719046,0.06096007569966978,0.012737926265600134
2020-02-19,04:00:00,109.919,110.11,109.859,110.056,8264,109.96,109.655,BULLISH_20_BAR_BREAKOUT,0.0563349567492891,0.8068619611834024,1.1866686050737782
2020-02-19,08:00:00,110.056,110.145,110.006,110.118,4428,110.11,109.655,BULLISH_20_BAR_BREAKOUT,0.2951379429339462,1.3231261010915636,1.422110826567866
2020-02-19,12:00:00,110.118,110.446,110.063,110.443,6475,110.145,109.655,BULLISH_20_BAR_BREAKOUT,0.4536276631384558,0.6808942169263741,1.2766766567369563
2020-02-19,16:00:00,110.443,110.976,110.405,110.944,9304,110.446,109.655,BULLISH_20_BAR_BREAKOUT,0.5687554081338334,0.37676665705219947,1.0347562734352431
2020-02-19,20:00:00,110.944,111.588,110.919,111.575,8543,110.976,109.655,BULLISH_20_BAR_BREAKOUT,-0.34057808648891746,0.09769213533497169,0.4337889312121843
2020-02-20,08:00:00,111.362,111.849,111.342,111.684,10072,111.589,109.655,BULLISH_20_BAR_BREAKOUT,0.1513197951362746,0.3357687761899646,0.041187636545974786
2020-02-20,12:00:00,111.684,112.186,111.615,111.853,12374,111.849,109.655,BULLISH_20_BAR_BREAKOUT,0.21367330335351248,0.10549560583981583,0.023244794507085605
2020-02-25,16:00:00,110.517,110.712,110.006,110.135,22779,112.225,110.33,BEARISH_20_BAR_BREAKOUT,-0.04176692241340762,0.32596359013936954,0.39042992690787903
2020-02-28,00:00:00,109.939,110.054,109.324,109.619,16462,111.425,109.691,BEARISH_20_BAR_BREAKOUT,-0.435143542634036,-0.8456563187038805,-1.778888696302651
2020-02-28,04:00:00,109.62,109.665,108.908,109.142,26053,111.039,109.324,BEARISH_20_BAR_BREAKOUT,-0.2638764178776243,-1.1132286379212304,-0.839273606860784
2020-02-28,08:00:00,109.142,109.186,108.789,108.854,27096,111.039,108.908,BEARISH_20_BAR_BREAKOUT,-0.14882319437044678,-0.7275800613666026,-0.3647086923769504
2020-02-28,12:00:00,108.849,108.978,108.509,108.692,30744,111.039,108.789,BEARISH_20_BAR_BREAKOUT,-0.7038236484745762,-0.9411916240385642,-1.040554962646732
2020-02-28,16:00:00,108.691,108.867,107.748,107.927,33692,110.871,108.509,BEARISH_20_BAR_BREAKOUT,0.12508454788884238,0.27703910976863283,-0.01297173089218639
2020-03-05,16:00:00,106.893,106.952,106.639,106.66,24270,108.576,106.794,BEARISH_20_BAR_BREAKOUT,-0.24751546971685337,-0.8006750421901361,-1.2207012938308575
2020-03-05,20:00:00,106.66,106.766,106.223,106.396,26780,108.532,106.639,BEARISH_20_BAR_BREAKOUT,-0.12688446934095746,-0.5676905146810023,-0.9849994360690268
2020-03-06,04:00:00,106.261,106.34,105.779,105.806,19675,108.532,105.964,BEARISH_20_BAR_BREAKOUT,-0.01323176379410978,-0.42341644141163387,-3.169007428690239
2020-03-06,12:00:00,105.792,105.937,104.992,105.255,31253,108.522,105.753,BEARISH_20_BAR_BREAKOUT,0.09785758396276532,-1.254097192532415,-2.8359697876585432
2020-03-09,00:00:00,104.425,104.58,103.512,103.935,14261,108.072,104.992,BEARISH_20_BAR_BREAKOUT,-1.4258911819887423,-1.601962765189788,-0.8264780872660882
2020-03-09,04:00:00,103.935,104.26,101.537,102.453,32861,107.739,103.512,BEARISH_20_BAR_BREAKOUT,-0.1844748323621633,0.05953949615920748,1.209335012151904
2020-03-13,12:00:00,105.826,106.906,105.756,106.887,23612,106.1,102.696,BULLISH_20_BAR_BREAKOUT,0.23202073217510516,-0.3648713126947155,-1.1095830175793193
2020-03-13,16:00:00,106.886,107.491,106.685,107.135,55717,106.906,103.089,BULLISH_20_BAR_BREAKOUT,0.8055257385541602,-0.2361506510477436,-1.3646334064498093
2020-03-13,20:00:00,107.133,108.496,106.978,107.998,51972,107.491,103.089,BULLISH_20_BAR_BREAKOUT,-1.3898405526028303,-1.3065056760310387,-2.001888923868966
2020-03-19,04:00:00,108.356,109.495,108.193,109.285,55178,108.651,105.137,BULLISH_20_BAR_BREAKOUT,-0.12353021915175084,0.7201354257217424,0.8070640984581644
2020-03-19,12:00:00,109.15,109.963,108.81,109.902,45183,109.554,105.137,BULLISH_20_BAR_BREAKOUT,0.15468326327091564,1.2793215774053301,0.18198030973048976
2020-03-19,16:00:00,109.896,110.178,109.516,110.072,60768,109.963,105.137,BULLISH_20_BAR_BREAKOUT,0.5986990333599751,0.08630714441456397,1.1138164110763855
2020-03-19,20:00:00,110.073,110.954,110.005,110.731,71387,110.178,105.137,BULLISH_20_BAR_BREAKOUT,0.5210826236555367,-1.1062845996152788,0.11108000469606946
2020-03-20,00:00:00,110.73,111.36,110.44,111.308,20542,110.954,105.137,BULLISH_20_BAR_BREAKOUT,-1.0250835519459565,-1.0834800733100973,-0.8265353793078679
2020-03-26,16:00:00,109.726,110.079,109.344,109.451,52673,111.711,109.577,BEARISH_20_BAR_BREAKOUT,-0.05481905144766888,-0.961160702049312,-1.1804369078400265
2020-03-27,00:00:00,109.393,109.691,109.086,109.13,17896,111.711,109.204,BEARISH_20_BAR_BREAKOUT,-0.6698433061486251,-0.28406487675249914,-1.3470173187940977
2020-03-27,04:00:00,109.135,109.391,108.258,108.399,33555,111.711,109.086,BEARISH_20_BAR_BREAKOUT,0.44557606619987644,-0.22140425649682643,-1.0018542606481595
2020-03-27,16:00:00,108.821,108.897,107.867,108.159,38844,111.711,108.234,BEARISH_20_BAR_BREAKOUT,-0.1701199160495305,-0.7821817879233384,-0.0869090875470449
2020-03-30,00:00:00,107.676,107.974,107.604,107.66,7889,111.711,107.756,BEARISH_20_BAR_BREAKOUT,-0.3223109790079828,0.26379342374141374,0.3798996841909772
2020-03-30,04:00:00,107.656,107.78,107.12,107.313,27551,111.711,107.604,BEARISH_20_BAR_BREAKOUT,0.7743702999636605,0.7007538695218616,1.0064018338877845
2020-04-01,16:00:00,107.517,107.609,107.014,107.043,28334,109.066,107.12,BEARISH_20_BAR_BREAKOUT,0.08407836103247218,0.3615369524396742,0.7548368412693895
2020-04-06,00:00:00,108.346,108.737,108.339,108.711,9269,108.676,106.918,BULLISH_20_BAR_BREAKOUT,0.13522090680796384,0.19869194469741627,0.38266596756537685
2020-04-06,04:00:00,108.713,109.085,108.667,108.858,31225,108.737,106.918,BULLISH_20_BAR_BREAKOUT,0.2912050561281606,0.2269011005162688,-0.07257160704772064
2020-04-06,08:00:00,108.859,109.379,108.83,109.175,23758,109.085,106.918,BULLISH_20_BAR_BREAKOUT,-0.22715823219600684,-0.021983054728647502,-0.27570414472177873
2020-04-09,16:00:00,108.883,108.912,108.353,108.377,27429,109.379,108.502,BEARISH_20_BAR_BREAKOUT,0.016608690035709313,0.0009227050019882217,0.014763280031745981
2020-04-13,04:00:00,108.34,108.38,107.99,108.056,21492,109.095,108.206,BEARISH_20_BAR_BREAKOUT,-0.15732583105056794,-0.4294069741615446,-0.40534537647146146
2020-04-13,08:00:00,108.056,108.057,107.789,107.886,20347,109.095,107.99,BEARISH_20_BAR_BREAKOUT,-0.025026416773261614,-0.2113341860853071,-0.20113823851101975
2020-04-13,16:00:00,107.859,107.979,107.562,107.592,27163,109.095,107.789,BEARISH_20_BAR_BREAKOUT,0.06134285076957627,0.024165365454677158,-0.47401293776489434
2020-04-14,12:00:00,107.669,107.669,107.299,107.309,14846,109.062,107.499,BEARISH_20_BAR_BREAKOUT,-0.21153864074775078,-0.18544576876123908,0.05870896196964131
2020-04-14,16:00:00,107.309,107.446,107.055,107.082,27463,108.998,107.299,BEARISH_20_BAR_BREAKOUT,0.05509796230926926,0.016809547823164194,0.3184475448721617
2020-04-27,08:00:00,107.352,107.394,107.044,107.22,19667,108.042,107.289,BEARISH_20_BAR_BREAKOUT,-0.12124603618727425,0.04849841447491766,-0.1389666107069585
2020-04-28,12:00:00,107.071,107.081,106.558,106.649,19560,108.042,106.991,BEARISH_20_BAR_BREAKOUT,0.18190512803683354,0.09939146171084073,-0.15752609025870506
2020-04-29,04:00:00,106.756,106.771,106.507,106.527,8594,107.758,106.558,BEARISH_20_BAR_BREAKOUT,-0.11358622696592893,0.13423826823246754,0.01595839552413558
2020-04-29,08:00:00,106.527,106.602,106.385,106.406,10082,107.758,106.507,BEARISH_20_BAR_BREAKOUT,0.07048474710071671,0.18983891885795742,0.1748021728097972
2020-05-06,04:00:00,106.447,106.448,106.204,106.366,7953,107.496,106.371,BEARISH_20_BAR_BREAKOUT,-0.04512720230148903,-0.2764041140966069,-0.17956865915800396
2020-05-06,12:00:00,106.318,106.432,106.081,106.104,10316,107.403,106.204,BEARISH_20_BAR_BREAKOUT,-0.030159089195502975,0.1027293975721883,0.45709869561939176
2020-05-06,16:00:00,106.103,106.201,106.012,106.072,16486,107.162,106.081,BEARISH_20_BAR_BREAKOUT,0.042424013877367925,0.09710385398596653,0.2762274681348444
2020-05-11,00:00:00,106.502,106.954,106.482,106.919,4818,106.745,105.985,BULLISH_20_BAR_BREAKOUT,-0.008417587145409461,0.3582150974101982,0.6313190359056831
2020-05-11,08:00:00,106.91,107.247,106.884,107.178,8272,107.009,105.985,BULLISH_20_BAR_BREAKOUT,0.11569538524698114,0.4142641213681937,0.3554834014443265
2020-05-11,12:00:00,107.178,107.357,107.147,107.302,7151,107.247,105.985,BULLISH_20_BAR_BREAKOUT,0.36998378408602944,0.27212913086427776,0.024230676035857903
2020-05-11,16:00:00,107.301,107.725,107.236,107.699,12912,107.357,105.985,BULLISH_20_BAR_BREAKOUT,-0.07149555706180948,-0.2785541184226382,-0.3463356205721545
2020-05-19,12:00:00,107.419,107.756,107.344,107.742,9595,107.521,106.773,BULLISH_20_BAR_BREAKOUT,0.13086818510886297,0.07332330938723387,-0.13829333036327607
2020-05-19,16:00:00,107.742,108.085,107.733,107.883,11964,107.756,106.773,BULLISH_20_BAR_BREAKOUT,-0.15757811703419605,-0.08991221971950558,-0.3976530129862926
2020-05-29,08:00:00,107.392,107.392,107.077,107.2,9111,107.944,107.364,BEARISH_20_BAR_BREAKOUT,-0.0513059701492601,0.5457089552238747,0.3022388059701474
2020-06-02,12:00:00,107.781,107.933,107.679,107.903,8669,107.899,107.077,BULLISH_20_BAR_BREAKOUT,0.6394632215971731,0.8591049368414153,0.6292688803832959
2020-06-02,16:00:00,107.902,108.661,107.896,108.593,16725,107.933,107.077,BULLISH_20_BAR_BREAKOUT,0.105900011971301,-0.012892175370429039,0.26336872542429196
2020-06-02,20:00:00,108.592,108.77,108.586,108.708,6942,108.661,107.077,BULLISH_20_BAR_BREAKOUT,0.1122272509842881,0.029436655995875628,0.1821393089745074
2020-06-03,00:00:00,108.708,108.836,108.577,108.83,5746,108.77,107.077,BULLISH_20_BAR_BREAKOUT,-0.2306349352200724,-0.22787834236883642,0.1543691996692147
2020-06-03,16:00:00,108.589,108.98,108.494,108.879,14202,108.847,107.077,BULLISH_20_BAR_BREAKOUT,0.02479817044609247,0.03122732574692256,0.10929564011425505
2020-06-04,00:00:00,108.906,109.039,108.844,108.998,3929,108.98,107.082,BULLISH_20_BAR_BREAKOUT,-0.07798308225839737,-0.09816693884291393,0.13394741187911777
2020-06-04,08:00:00,108.913,109.146,108.911,109.067,8236,109.039,107.381,BULLISH_20_BAR_BREAKOUT,-0.1613686999733996,0.09627109941595897,0.2768940192725634
2020-06-04,20:00:00,108.998,109.176,108.86,109.172,9013,109.164,107.381,BULLISH_20_BAR_BREAKOUT,-0.025647601949210043,0.18044919942842738,0.38013410031876876
2020-06-05,04:00:00,109.144,109.236,109.043,109.208,8134,109.199,107.511,BULLISH_20_BAR_BREAKOUT,0.14742509706248752,0.434034136693286,0.2792835689693125
2020-06-05,08:00:00,109.207,109.424,109.085,109.369,9471,109.236,107.511,BULLISH_20_BAR_BREAKOUT,-0.12709268622735492,0.19932522012636442,0.10880596878457313
2020-06-05,16:00:00,109.23,109.848,109.166,109.682,20953,109.424,107.679,BULLISH_20_BAR_BREAKOUT,-0.0866140296493489,-0.1540818001130513,-1.1141299392790143
2020-06-08,16:00:00,109.414,109.416,108.41,108.46,14328,109.848,108.469,BEARISH_20_BAR_BREAKOUT,-0.06453992255208665,-0.3309976028028717,-0.7385211137746521
2020-06-08,20:00:00,108.46,108.467,108.232,108.39,7507,109.848,108.41,BEARISH_20_BAR_BREAKOUT,0.026755235722849303,-0.43546452624780346,-0.5766214595442384
2020-06-09,04:00:00,108.419,108.419,107.916,108.101,11003,109.848,108.232,BEARISH_20_BAR_BREAKOUT,-0.16928613056307779,-0.4088768836550939,-0.3848253022636209
2020-06-09,16:00:00,108.135,108.195,107.645,107.659,15429,109.848,107.788,BEARISH_20_BAR_BREAKOUT,0.09845902339794586,0.024150326493833536,-0.3845475064787909
2020-06-10,08:00:00,107.685,107.686,107.286,107.345,8541,109.848,107.614,BEARISH_20_BAR_BREAKOUT,0.012110484885188158,-0.20774139456891236,-0.3810144860030666
2020-06-10,16:00:00,107.359,107.449,107.161,107.245,11840,109.848,107.257,BEARISH_20_BAR_BREAKOUT,-0.11469066156930827,-0.2489626556016692,-0.5333581985174158
2020-06-10,20:00:00,107.245,107.454,106.984,107.122,16751,109.848,107.161,BEARISH_20_BAR_BREAKOUT,-0.11575586714213254,-0.1736338007131988,-0.21284143313231121
2020-06-11,16:00:00,107.081,107.098,106.569,106.673,16162,109.582,106.794,BEARISH_20_BAR_BREAKOUT,0.2071751989725644,0.3693530696614806,0.6515238157734321
2020-06-18,00:00:00,107.02,107.056,106.865,106.874,3714,107.637,106.949,BEARISH_20_BAR_BREAKOUT,-0.01403521904298573,0.02619907554691113,0.11976720250014047
2020-06-18,04:00:00,106.874,106.938,106.7,106.859,9628,107.637,106.865,BEARISH_20_BAR_BREAKOUT,0.10574682525571037,-0.06644269551464824,0.04398319280548317
2020-06-23,16:00:00,106.992,106.999,106.071,106.443,16585,107.219,106.666,BEARISH_20_BAR_BREAKOUT,0.08549176554588671,0.07515759608428764,0.35699858140036966
2020-06-25,04:00:00,107.029,107.256,107.017,107.243,8092,107.219,106.071,BULLISH_20_BAR_BREAKOUT,-0.12774726555579427,-0.028906315563712037,-0.07739432876737727
2020-06-25,12:00:00,107.106,107.405,107.091,107.403,8252,107.256,106.071,BULLISH_20_BAR_BREAKOUT,-0.17783488356936258,-0.22904388145583393,-0.38453302049292
2020-06-29,16:00:00,107.26,107.882,107.246,107.709,11740,107.451,106.459,BULLISH_20_BAR_BREAKOUT,-0.087272187096722,0.014854840356879305,0.06220464399446013
2020-06-30,20:00:00,107.775,107.978,107.764,107.972,9114,107.944,106.798,BULLISH_20_BAR_BREAKOUT,0.01574482273182873,-0.3704664172192712,-0.4630830215240989
2020-07-01,00:00:00,107.971,107.992,107.86,107.989,4308,107.978,106.798,BULLISH_20_BAR_BREAKOUT,-0.2861402550259725,-0.491716748928137,-0.573206530294752
2020-07-08,20:00:00,107.39,107.403,107.201,107.223,5226,107.79,107.244,BEARISH_20_BAR_BREAKOUT,0.055025507586989264,0.018652714436264626,-0.03823806459434712
2020-07-10,04:00:00,107.234,107.263,106.999,107.012,5856,107.79,107.096,BEARISH_20_BAR_BREAKOUT,-0.15979516315927791,-0.22614286248271637,-0.1728778080962904
2020-07-10,08:00:00,107.012,107.042,106.804,106.841,5841,107.79,106.999,BEARISH_20_BAR_BREAKOUT,0.012167613556598338,0.06832582997164713,0.1394595707640334
2020-07-21,16:00:00,107.238,107.248,106.799,106.82,10182,107.533,106.86,BEARISH_20_BAR_BREAKOUT,-0.029020782624968832,-0.0018723085564457396,0.33514323160457227
2020-07-21,20:00:00,106.82,106.839,106.681,106.789,4536,107.533,106.799,BEARISH_20_BAR_BREAKOUT,0.03277491127362986,0.11049827229395817,0.362396876082743
2020-07-24,04:00:00,106.842,106.845,106.36,106.385,7203,107.365,106.681,BEARISH_20_BAR_BREAKOUT,-0.1626169102787064,-0.5583493913615719,-0.7736053014992785
2020-07-24,08:00:00,106.382,106.486,106.169,106.212,6729,107.365,106.36,BEARISH_20_BAR_BREAKOUT,0.0009415132000061801,-0.08567770120137855,-0.6063345008097065
2020-07-24,16:00:00,106.213,106.296,105.761,105.791,12186,107.365,106.169,BEARISH_20_BAR_BREAKOUT,0.3119357979412221,-0.2164645385713333,-0.47168473688687623
2020-07-27,04:00:00,105.99,106.05,105.447,105.562,10931,107.287,105.679,BEARISH_20_BAR_BREAKOUT,0.0056838635114910925,-0.2557738580170857,0.01894621170496582
2020-07-27,12:00:00,105.568,105.578,105.241,105.302,8032,107.287,105.38,BEARISH_20_BAR_BREAKOUT,-0.009496495793057221,-0.026590188220552122,0.049381778123865155
2020-07-28,16:00:00,105.356,105.369,104.954,105.037,12507,107.228,105.083,BEARISH_20_BAR_BREAKOUT,0.056170682711803935,0.014280682045375028,0.021897045802903865
2020-07-29,08:00:00,105.052,105.092,104.806,104.822,7236,106.891,104.954,BEARISH_20_BAR_BREAKOUT,0.2966934422163218,0.18889164488370122,0.23659155520786712
2020-07-30,20:00:00,105.05,105.052,104.742,104.752,7552,105.683,104.769,BEARISH_20_BAR_BREAKOUT,-0.06109668550480464,-0.2930731632808941,1.1216969604399072
2020-07-31,00:00:00,104.752,104.812,104.652,104.688,5993,105.683,104.742,BEARISH_20_BAR_BREAKOUT,-0.35438636710989735,0.20346171480971448,1.1262035763411298
2020-07-31,04:00:00,104.687,104.698,104.185,104.317,13815,105.683,104.652,BEARISH_20_BAR_BREAKOUT,0.12270291515285152,1.38615949461738,1.4417592530460088
2020-07-31,16:00:00,104.9,105.83,104.843,105.763,22641,105.683,104.185,BULLISH_20_BAR_BREAKOUT,0.15506368011497543,0.05483959418699614,0.32052797292058527
2020-07-31,20:00:00,105.763,106.054,105.739,105.927,11681,105.83,104.185,BULLISH_20_BAR_BREAKOUT,-0.05664278229346839,-0.03587376211920559,0.017936881059589384
2020-08-10,12:00:00,105.988,106.201,105.907,106.13,5148,106.052,105.298,BULLISH_20_BAR_BREAKOUT,-0.26100065956845475,-0.1309714501083537,-0.09705078677093605
2020-08-11,16:00:00,106.027,106.572,105.928,106.559,15593,106.239,105.298,BULLISH_20_BAR_BREAKOUT,-0.043168573278645886,0.17548963485017466,0.27402659559493014
2020-08-12,04:00:00,106.488,106.765,106.455,106.746,10158,106.68,105.391,BULLISH_20_BAR_BREAKOUT,0.038408933355826944,0.09836434152099749,-0.032788113840328065
2020-08-12,08:00:00,106.746,106.816,106.673,106.787,8276,106.765,105.479,BULLISH_20_BAR_BREAKOUT,0.14608519763640865,0.08240703456412658,-0.136720761890493
2020-08-12,12:00:00,106.787,106.979,106.737,106.943,7579,106.816,105.479,BULLISH_20_BAR_BREAKOUT,-0.08602713595092597,-0.09631298916244581,0.014961241034948844
2020-08-17,12:00:00,106.483,106.531,106.265,106.279,6762,107.047,106.4,BEARISH_20_BAR_BREAKOUT,-0.2945078519745222,-0.2625165837089137,-0.7696722776842065
2020-08-17,16:00:00,106.279,106.337,105.942,105.966,10519,107.047,106.265,BEARISH_20_BAR_BREAKOUT,0.01604288167903867,-0.3085895475907349,-0.5209218051072915
2020-08-18,04:00:00,106.002,106.003,105.565,105.639,8286,107.047,105.929,BEARISH_20_BAR_BREAKOUT,-0.10886131069017588,-0.21298952091556556,-0.06247692613523652
2020-08-18,08:00:00,105.639,105.676,105.4,105.524,6776,107.047,105.565,BEARISH_20_BAR_BREAKOUT,-0.059702058299536016,-0.1374094992608279,-0.09381752018498517
2020-08-19,00:00:00,105.38,105.454,105.2,105.23,3580,107.047,105.281,BEARISH_20_BAR_BREAKOUT,0.32595267509264403,0.028508980328804653,0.8106053406823096
2020-08-25,12:00:00,106.185,106.497,106.178,106.418,9737,106.213,105.441,BULLISH_20_BAR_BREAKOUT,-0.012215978499882754,-0.023492266345924263,-0.10054689996053234
2020-08-27,20:00:00,106.412,106.697,106.381,106.61,9953,106.574,105.601,BULLISH_20_BAR_BREAKOUT,0.03845793077572161,-0.5112090798236579,-1.191257855735856
2020-08-28,04:00:00,106.653,106.944,106.602,106.873,12922,106.697,105.601,BULLISH_20_BAR_BREAKOUT,-0.7560375398837937,-1.4746474787832358,-1.2800239536646385
2020-08-28,12:00:00,106.065,106.124,105.311,105.354,15594,106.944,105.601,BEARISH_20_BAR_BREAKOUT,-0.054103308844469275,0.172750915959529,0.5505248970138754
2020-08-28,16:00:00,105.353,105.734,105.2,105.297,16186,106.944,105.311,BEARISH_20_BAR_BREAKOUT,0.04083687094599691,0.19753649201781476,0.5194829862199275
2020-09-03,12:00:00,106.21,106.495,106.205,106.457,8602,106.34,105.289,BULLISH_20_BAR_BREAKOUT,-0.2949547704706999,-0.34943686183153755,-0.25362352874869293
2020-09-08,16:00:00,106.267,106.281,105.894,105.987,14003,106.55,106.0,BEARISH_20_BAR_BREAKOUT,0.07170690745092098,-0.030192382084591955,0.23493447309576596
2020-09-14,16:00:00,106.009,106.01,105.546,105.686,8363,106.299,105.788,BEARISH_20_BAR_BREAKOUT,0.02270877883540554,0.006623393826988239,-0.167477243911215
2020-09-15,12:00:00,105.736,105.812,105.487,105.527,6163,106.299,105.546,BEARISH_20_BAR_BREAKOUT,-0.01705724601286939,-0.12224359642556398,-0.4197977768722676
2020-09-16,04:00:00,105.398,105.4,105.253,105.27,6248,106.261,105.299,BEARISH_20_BAR_BREAKOUT,-0.024698394604347154,-0.3153795003324723,-0.20518666286690793
2020-09-16,08:00:00,105.27,105.397,105.229,105.244,4492,106.261,105.253,BEARISH_20_BAR_BREAKOUT,-0.1520276690357613,-0.23279236821101873,-0.4532324883128766
2020-09-16,12:00:00,105.244,105.262,104.992,105.084,5741,106.261,105.229,BEARISH_20_BAR_BREAKOUT,-0.13893646987172242,-0.023790491416396106,-0.5205359521906257
2020-09-16,16:00:00,105.085,105.102,104.805,104.938,9855,106.261,104.992,BEARISH_20_BAR_BREAKOUT,0.058129562217683624,0.1105414625779028,-0.1620004192952045
2020-09-17,08:00:00,105.054,105.103,104.688,104.767,7827,106.164,104.799,BEARISH_20_BAR_BREAKOUT,-0.21953477717219141,-0.09831340021189347,-0.1823093149560477
2020-09-17,12:00:00,104.765,104.866,104.523,104.537,7689,106.164,104.688,BEARISH_20_BAR_BREAKOUT,0.22097439184211765,0.1492294594258413,-0.1559256531180452
2020-09-18,12:00:00,104.576,104.609,104.27,104.374,6758,105.812,104.523,BEARISH_20_BAR_BREAKOUT,0.06610841780520305,0.1513786958437937,-0.27018222929081614
2020-09-21,08:00:00,104.28,104.374,104.065,104.187,6148,105.458,104.265,BEARISH_20_BAR_BREAKOUT,-0.09118220123431797,0.5182988280687669,0.4664689452618889
2020-09-23,04:00:00,105.057,105.197,105.011,105.107,8027,105.078,103.999,BULLISH_20_BAR_BREAKOUT,-0.13605183289409903,0.2283387405215589,0.3149171796359929
2020-09-23,16:00:00,105.129,105.374,105.084,105.347,11166,105.197,103.999,BULLISH_20_BAR_BREAKOUT,0.02373109818030479,0.08638119737629756,0.06739631883206182
2020-09-25,16:00:00,105.481,105.698,105.46,105.593,8486,105.544,104.403,BULLISH_20_BAR_BREAKOUT,-0.042616461318460225,-0.2301288911196852,-0.07860369532071104
2020-10-02,08:00:00,105.645,105.665,104.941,105.173,16792,105.803,105.343,BEARISH_20_BAR_BREAKOUT,-0.0019016287450156779,0.14737622773905956,0.4126534376693614
2020-10-05,20:00:00,105.713,105.792,105.688,105.766,5922,105.757,104.941,BULLISH_20_BAR_BREAKOUT,-0.05483803868918834,-0.10778511052701653,-0.18531475143241888
2020-10-07,08:00:00,105.691,105.943,105.678,105.86,7216,105.792,104.941,BULLISH_20_BAR_BREAKOUT,0.15303230682033453,0.16153410164368645,0.11619119591914288
2020-10-07,12:00:00,105.861,106.106,105.847,106.022,8212,105.943,104.941,BULLISH_20_BAR_BREAKOUT,-0.040557620116585584,-0.050932825262683265,-0.017920808888726356
2020-10-12,16:00:00,105.457,105.457,105.241,105.318,7176,106.107,105.432,BEARISH_20_BAR_BREAKOUT,0.014242579616020594,0.07785943523425042,0.21838622077897793
2020-10-14,16:00:00,105.336,105.336,105.035,105.083,10572,105.982,105.241,BEARISH_20_BAR_BREAKOUT,0.018080945538293976,0.18080945538288565,0.2845369850499192
2020-10-20,04:00:00,105.458,105.616,105.451,105.543,9536,105.502,105.068,BULLISH_20_BAR_BREAKOUT,0.0018949622428728941,0.01705466018589644,-0.20749836559507337
2020-10-20,12:00:00,105.545,105.689,105.485,105.678,6151,105.616,105.118,BULLISH_20_BAR_BREAKOUT,-0.11071367739736769,-0.19020042014420543,-0.7787808247695768
2020-10-21,08:00:00,105.324,105.329,105.01,105.02,8672,105.746,105.189,BEARISH_20_BAR_BREAKOUT,-0.15711293087030284,-0.4465816035040889,-0.45229480099028213
2020-10-21,12:00:00,105.021,105.038,104.815,104.855,8511,105.746,105.01,BEARISH_20_BAR_BREAKOUT,-0.26035954413238316,-0.16689714367459554,-0.18597110295170222
2020-10-21,16:00:00,104.855,104.873,104.34,104.582,9675,105.746,104.815,BEARISH_20_BAR_BREAKOUT,-0.029641812166521682,0.13673481096173404,0.2849438717943832
2020-10-27,16:00:00,104.619,104.672,104.388,104.445,6002,105.055,104.476,BEARISH_20_BAR_BREAKOUT,0.0315955766192745,-0.13691416535017137,-0.10914835559384375
2020-10-28,04:00:00,104.545,104.551,104.282,104.302,5832,105.055,104.388,BEARISH_20_BAR_BREAKOUT,-0.08532914038082956,0.027803877202734716,0.14956568426299752
2020-10-28,08:00:00,104.3,104.303,104.16,104.213,5136,105.055,104.282,BEARISH_20_BAR_BREAKOUT,0.08060414727529501,0.1391381113680733,0.06621054954756375
2020-11-02,08:00:00,104.677,104.859,104.674,104.849,3938,104.763,104.023,BULLISH_20_BAR_BREAKOUT,-0.11063529456647146,-0.01621379316923396,-0.27181947371935905
2020-11-04,04:00:00,104.543,105.344,104.362,105.026,23024,104.947,104.124,BULLISH_20_BAR_BREAKOUT,-0.13806105154913642,-0.5160626892388567,-0.7122045969569348
2020-11-05,12:00:00,104.313,104.384,103.953,104.139,12408,105.344,104.15,BEARISH_20_BAR_BREAKOUT,-0.4676442063011886,-0.507974918138254,-0.8594282641469537
2020-11-05,16:00:00,104.14,104.207,103.608,103.652,19310,105.344,103.953,BEARISH_20_BAR_BREAKOUT,-0.1427854744722689,-0.2527688804846992,-0.32898545131786555
2020-11-05,20:00:00,103.652,103.813,103.478,103.504,10861,105.344,103.608,BEARISH_20_BAR_BREAKOUT,0.10241150100478681,-0.07825784510743843,-0.13236203431751473
2020-11-06,04:00:00,103.607,103.762,103.358,103.39,13117,105.344,103.415,BEARISH_20_BAR_BREAKOUT,0.03191798046232832,-0.0764097108037465,-0.025147499758193487
2020-11-06,12:00:00,103.423,103.571,103.175,103.244,11903,105.344,103.358,BEARISH_20_BAR_BREAKOUT,0.06489481228934105,0.01162295145480653,0.9308046956723863
2020-11-09,16:00:00,104.203,105.458,104.133,105.384,33854,105.125,103.175,BULLISH_20_BAR_BREAKOUT,0.04839444317923208,-0.40044029454186314,-0.1812419342594725
2020-11-13,16:00:00,104.958,104.995,104.613,104.648,11504,105.676,104.856,BEARISH_20_BAR_BREAKOUT,-0.034401039675867065,-0.11944805443008945,-0.05829065056187681
2020-11-13,20:00:00,104.648,104.68,104.564,104.612,6306,105.676,104.613,BEARISH_20_BAR_BREAKOUT,0.06022253661148089,-0.15103429816847136,-0.01720643903185168
2020-11-16,08:00:00,104.523,104.596,104.44,104.454,3831,105.676,104.498,BEARISH_20_BAR_BREAKOUT,0.5619698623317473,0.13403029084573168,0.016275106745562755
2020-11-17,12:00:00,104.474,104.485,104.165,104.202,8378,105.476,104.362,BEARISH_20_BAR_BREAKOUT,0.008637070305752616,-0.027830559874087217,-0.28694266904665205
2020-11-18,08:00:00,104.103,104.123,103.847,103.885,5646,105.159,104.037,BEARISH_20_BAR_BREAKOUT,0.017326851807287557,-0.055830966934597805,-0.04813014390914123
2020-11-18,16:00:00,103.903,104.1,103.66,103.667,10530,105.15,103.791,BEARISH_20_BAR_BREAKOUT,0.15434033974166958,0.07524091562406837,0.21897035700850206
2020-11-23,16:00:00,103.711,104.498,103.696,104.484,12060,104.215,103.651,BULLISH_20_BAR_BREAKOUT,0.008613759044447325,0.07465257838521014,0.17323226522722293
2020-11-24,16:00:00,104.428,104.76,104.39,104.665,11359,104.645,103.683,BULLISH_20_BAR_BREAKOUT,-0.09840921033775249,-0.16146753929203758,-0.24841159891081555
2020-11-27,04:00:00,104.256,104.271,103.931,103.943,7352,104.76,104.146,BEARISH_20_BAR_BREAKOUT,0.12025821844664863,0.07407906256313382,-0.016355117708740277
2020-12-01,16:00:00,104.377,104.579,104.307,104.475,11658,104.462,103.827,BULLISH_20_BAR_BREAKOUT,-0.06795884182818661,-0.08901651112705367,0.10433117970807262
2020-12-02,12:00:00,104.562,104.74,104.5,104.732,9176,104.583,103.827,BULLISH_20_BAR_BREAKOUT,-0.14131306572966823,-0.2702134973074144,-0.4287132872474487
2020-12-03,16:00:00,104.283,104.297,103.672,103.75,21105,104.751,103.835,BEARISH_20_BAR_BREAKOUT,0.20240963855421087,0.09927710843372958,0.4366265060240992
2020-12-10,04:00:00,104.284,104.5,104.241,104.43,9747,104.406,103.92,BULLISH_20_BAR_BREAKOUT,0.046921382744414805,-0.037345590347602674,-0.3629225318395144
2020-12-10,12:00:00,104.478,104.579,104.428,104.54,10697,104.507,103.92,BULLISH_20_BAR_BREAKOUT,-0.14252917543524096,-0.34340922135068763,-0.42471781136407366
2020-12-14,12:00:00,103.92,103.959,103.697,103.756,12024,104.579,103.823,BEARISH_20_BAR_BREAKOUT,0.31709009599444227,0.24480511970392543,0.17348394309727322
2020-12-16,08:00:00,103.542,103.602,103.408,103.449,7429,104.267,103.512,BEARISH_20_BAR_BREAKOUT,-0.1304990865063994,0.177865421608713,-0.25519821361250067
2020-12-16,12:00:00,103.447,103.46,103.261,103.314,12380,104.18,103.408,BEARISH_20_BAR_BREAKOUT,0.181969529782994,0.1548676849217055,-0.262307141336108
2020-12-17,08:00:00,103.346,103.375,103.149,103.185,9432,104.152,103.261,BEARISH_20_BAR_BREAKOUT,-0.137616901681442,-0.07365411639289395,0.2723264040315857
2020-12-17,12:00:00,103.187,103.24,103.03,103.043,11980,104.152,103.149,BEARISH_20_BAR_BREAKOUT,-0.020379841425425108,0.100928738487815,0.3309298060033131
2020-12-17,16:00:00,103.044,103.125,102.875,103.022,17585,104.152,103.03,BEARISH_20_BAR_BREAKOUT,0.08444798198441991,0.3785599192405511,0.3669119217254568
2020-12-28,16:00:00,103.689,103.865,103.555,103.826,12153,103.765,103.317,BULLISH_20_BAR_BREAKOUT,0.006742049197700964,-0.1637354805154658,-0.2118929747847349
2020-12-30,04:00:00,103.555,103.585,103.281,103.343,11452,103.898,103.403,BEARISH_20_BAR_BREAKOUT,-0.00967651413255384,-0.09676514132549716,-0.15966248318706272
2020-12-30,12:00:00,103.332,103.362,103.113,103.128,10856,103.898,103.264,BEARISH_20_BAR_BREAKOUT,0.11151190753238198,-0.0009696687611558207,-0.06593747575827887
2021-01-04,04:00:00,103.245,103.261,102.934,102.947,11272,103.869,102.961,BEARISH_20_BAR_BREAKOUT,-0.0339980766802302,0.17484725149833663,0.08450950489086938
2021-01-04,08:00:00,102.947,103.064,102.852,102.912,8345,103.806,102.934,BEARISH_20_BAR_BREAKOUT,-0.053443718905479255,0.1933690920397991,0.037896455223868225
2021-01-05,20:00:00,102.788,102.822,102.605,102.633,12078,103.355,102.712,BEARISH_20_BAR_BREAKOUT,0.051640310621351306,0.10522931220952725,0.488147087194182
2021-01-06,16:00:00,102.799,103.444,102.768,103.382,24736,103.316,102.591,BULLISH_20_BAR_BREAKOUT,-0.23988702095142736,-0.24665802557506106,0.5368439380162819
2021-01-07,12:00:00,103.363,103.707,103.33,103.679,18268,103.444,102.591,BULLISH_20_BAR_BREAKOUT,0.24884499271790386,0.11863540350505372,0.1446773213476128
2021-01-07,16:00:00,103.679,103.955,103.518,103.937,21321,103.707,102.591,BULLISH_20_BAR_BREAKOUT,-0.060613640955581166,-0.09428788593089947,-0.13277273733125933
2021-01-11,04:00:00,104.085,104.203,104.032,104.171,8982,104.097,102.591,BULLISH_20_BAR_BREAKOUT,0.01919920131322155,0.11327528774802487,0.1084754874197229
2021-01-11,16:00:00,104.127,104.4,104.124,104.289,18221,104.22,102.673,BULLISH_20_BAR_BREAKOUT,-0.12848910239814396,-0.004794369492463685,-0.07766878577798528
2021-01-13,04:00:00,103.748,103.75,103.526,103.587,9593,104.4,103.604,BEARISH_20_BAR_BREAKOUT,0.09557183816502432,0.3233996543967812,0.447932655642116
2021-01-20,16:00:00,103.821,103.844,103.447,103.552,13434,104.086,103.616,BEARISH_20_BAR_BREAKOUT,-0.013519777503099895,-0.06180469715699084,0.011588380716921202
2021-01-27,16:00:00,103.835,104.176,103.806,104.099,13190,103.937,103.537,BULLISH_20_BAR_BREAKOUT,0.049952449110935264,0.2526441176187965,0.2017310444864924
2021-01-28,04:00:00,104.143,104.371,104.135,104.362,6942,104.201,103.555,BULLISH_20_BAR_BREAKOUT,-0.04791015887008409,-0.050784768402289404,0.1149843812882127
2021-01-29,04:00:00,104.301,104.572,104.286,104.482,6874,104.463,103.555,BULLISH_20_BAR_BREAKOUT,0.06699718611819011,0.20003445569572098,0.19237763442507574
2021-01-29,12:00:00,104.552,104.94,104.538,104.743,8794,104.573,103.555,BULLISH_20_BAR_BREAKOUT,-0.04964532236043697,-0.02386794344251308,0.1355699187535302
2021-02-01,16:00:00,104.883,104.998,104.834,104.958,8295,104.95,103.632,BULLISH_20_BAR_BREAKOUT,-0.015244192915266432,-0.01143314468644644,0.13910326035176052
2021-02-02,16:00:00,105.029,105.175,104.964,105.104,9015,105.065,104.165,BULLISH_20_BAR_BREAKOUT,-0.020931648652768278,-0.09038666463692996,-0.030446034404015526
2021-02-04,08:00:00,105.114,105.26,105.098,105.195,4492,105.175,104.608,BULLISH_20_BAR_BREAKOUT,0.13498740434432255,0.3127525072484508,0.28613527258900323
2021-02-04,12:00:00,105.197,105.339,105.144,105.337,5750,105.26,104.608,BULLISH_20_BAR_BREAKOUT,0.07689605741572578,0.22499216799414715,0.26391486372309025
2021-02-04,16:00:00,105.338,105.494,105.215,105.418,9450,105.339,104.641,BULLISH_20_BAR_BREAKOUT,0.10055208787872522,0.1214213891365802,0.05027604393936261
2021-02-04,20:00:00,105.418,105.53,105.402,105.524,5146,105.494,104.675,BULLISH_20_BAR_BREAKOUT,0.04738258595200822,-0.026534248133131606,-0.13456654410370714
2021-02-05,00:00:00,105.522,105.633,105.501,105.574,5705,105.53,104.829,BULLISH_20_BAR_BREAKOUT,-0.02652168147459752,0.03883531930209788,-0.1695493208555156
2021-02-09,04:00:00,105.214,105.228,104.899,104.928,8817,105.768,104.973,BEARISH_20_BAR_BREAKOUT,-0.14486123818237367,-0.3354681305276036,-0.3545288197621225
2021-02-09,08:00:00,104.928,104.939,104.75,104.776,6802,105.768,104.899,BEARISH_20_BAR_BREAKOUT,-0.11930213025883792,-0.22524242192867644,-0.24528517981216194
2021-02-09,12:00:00,104.776,104.887,104.538,104.651,10524,105.768,104.75,BEARISH_20_BAR_BREAKOUT,-0.07166677814832428,-0.06402232181249398,0.12040018728918479
2021-02-15,12:00:00,105.18,105.417,105.128,105.266,7805,105.206,104.408,BULLISH_20_BAR_BREAKOUT,0.08549769156231755,0.10069728117340312,0.11684684513517227
2021-02-16,04:00:00,105.371,105.595,105.371,105.594,7614,105.417,104.55,BULLISH_20_BAR_BREAKOUT,-0.11269579710968405,0.09280830350209196,0.3503986968956613
2021-02-16,16:00:00,105.389,105.811,105.346,105.692,16844,105.633,104.55,BULLISH_20_BAR_BREAKOUT,0.1901752261287587,0.2573515497861764,0.22423646065928265
2021-02-16,20:00:00,105.692,105.967,105.687,105.893,7468,105.811,104.56,BULLISH_20_BAR_BREAKOUT,0.21058993512318944,0.12182108354660355,0.020775688666867093
2021-02-17,00:00:00,105.893,106.224,105.872,106.116,8090,105.967,104.637,BULLISH_20_BAR_BREAKOUT,-0.1432394737834078,-0.10271778054204328,-0.24689961928455695
2021-02-22,16:00:00,105.554,105.621,104.997,105.073,15826,106.213,105.238,BEARISH_20_BAR_BREAKOUT,-0.05329627972932855,-0.0485376833249148,0.04092392907788525
2021-02-24,16:00:00,105.823,106.104,105.766,105.941,19219,105.868,104.922,BULLISH_20_BAR_BREAKOUT,0.003775686466986981,0.027373726885715977,0.2916717795754217
2021-02-25,16:00:00,106.137,106.274,106.036,106.25,19464,106.17,104.922,BULLISH_20_BAR_BREAKOUT,-0.04611764705882974,-0.17035294117646813,0.2823529411764679
2021-02-26,16:00:00,106.324,106.616,106.206,106.55,24960,106.521,104.998,BULLISH_20_BAR_BREAKOUT,0.0018770530267569682,0.012200844673866946,0.09760675739089554
2021-03-01,12:00:00,106.606,106.741,106.542,106.712,9757,106.701,105.268,BULLISH_20_BAR_BREAKOUT,-0.05435190044231852,0.12838293725166847,0.19304295674338695
2021-03-01,20:00:00,106.654,106.889,106.574,106.808,9314,106.776,105.53,BULLISH_20_BAR_BREAKOUT,0.03838663770503784,0.033705340423926256,-0.04868549172347269
2021-03-03,12:00:00,106.814,107.03,106.8,106.999,8139,106.958,105.848,BULLISH_20_BAR_BREAKOUT,-0.024299292516748987,0.06635576033420681,0.32523668445499393
2021-03-04,08:00:00,107.054,107.172,107.008,107.159,5641,107.152,106.365,BULLISH_20_BAR_BREAKOUT,0.17544023367144912,0.7026941274181357,1.0283783909890813
2021-03-04,12:00:00,107.159,107.364,107.133,107.347,9002,107.172,106.365,BULLISH_20_BAR_BREAKOUT,0.23195804260949018,0.5617297176446558,0.9781363242568598
2021-03-04,16:00:00,107.345,107.65,107.331,107.596,11319,107.364,106.462,BULLISH_20_BAR_BREAKOUT,0.29369121528681597,0.3345849288077618,0.6161939105542926
2021-03-04,20:00:00,107.596,107.917,107.531,107.912,19041,107.65,106.522,BULLISH_20_BAR_BREAKOUT,0.035213877974642954,0.3234116687671339,0.4327600266884116
2021-03-05,00:00:00,107.914,108.011,107.875,107.95,6814,107.917,106.522,BULLISH_20_BAR_BREAKOUT,0.005558128763316561,0.4140805928670706,0.4205650764242645
2021-03-05,08:00:00,107.956,108.348,107.953,108.261,9364,108.011,106.655,BULLISH_20_BAR_BREAKOUT,0.1256223386076333,0.10899585261544714,0.22538125456073727
2021-03-05,12:00:00,108.261,108.557,108.226,108.397,11066,108.348,106.668,BULLISH_20_BAR_BREAKOUT,-0.12730979639658407,0.006457743295470162,0.16421118665645473
2021-03-08,16:00:00,108.575,108.866,108.562,108.844,18337,108.645,106.787,BULLISH_20_BAR_BREAKOUT,0.022049906287899112,0.23887398478556937,-0.059718496196389075
2021-03-08,20:00:00,108.843,108.942,108.811,108.868,10536,108.866,106.797,BULLISH_20_BAR_BREAKOUT,0.0541940698828046,-0.05603115699745825,-0.36558033581952104
2021-03-09,04:00:00,108.927,109.235,108.891,109.104,15423,108.954,106.845,BULLISH_20_BAR_BREAKOUT,-0.2722173339199269,-0.29788092095615454,-0.288715354157499
2021-03-23,12:00:00,108.768,108.807,108.407,108.525,14055,109.302,108.605,BEARISH_20_BAR_BREAKOUT,0.07463718037317563,-0.0009214466712782997,0.1207095139368811
2021-03-25,08:00:00,108.899,109.079,108.897,109.076,6367,108.99,108.407,BULLISH_20_BAR_BREAKOUT,0.014668671385094194,0.03483809453959708,0.22828119843046082
2021-03-25,12:00:00,109.075,109.163,109.028,109.092,10003,109.079,108.407,BULLISH_20_BAR_BREAKOUT,0.03666630000367237,0.07974920250797794,0.6086605800608674
2021-03-26,04:00:00,109.179,109.315,109.131,109.24,8788,109.237,108.407,BULLISH_20_BAR_BREAKOUT,0.07781032588796043,0.2911021603808239,0.22153057488100003
2021-03-26,08:00:00,109.241,109.364,109.216,109.325,5867,109.315,108.407,BULLISH_20_BAR_BREAKOUT,0.3942373656528675,0.3210610564829628,0.2250171506974572
2021-03-26,12:00:00,109.324,109.762,109.324,109.756,10750,109.364,108.407,BULLISH_20_BAR_BREAKOUT,-0.18040016035569198,0.008200007288895679,-0.17220015306680925
2021-03-30,04:00:00,109.813,109.974,109.787,109.963,8184,109.847,108.662,BULLISH_20_BAR_BREAKOUT,0.17733237543538044,0.3255640533634078,0.7975409910606382
2021-03-30,08:00:00,109.963,110.188,109.923,110.158,8427,109.974,108.67,BULLISH_20_BAR_BREAKOUT,0.20697543528385995,0.17520289039379605,0.5247008841845376
2021-03-30,12:00:00,110.156,110.393,110.115,110.386,10496,110.188,108.788,BULLISH_20_BAR_BREAKOUT,-0.05888427880346939,-0.07337887050893127,0.3261283133730722
2021-03-31,04:00:00,110.305,110.966,110.273,110.84,15280,110.428,109.08,BULLISH_20_BAR_BREAKOUT,-0.09382894261999207,-0.20479971129556462,-0.18585348249729616
2021-04-05,16:00:00,110.494,110.53,109.962,110.084,12354,110.943,110.374,BEARISH_20_BAR_BREAKOUT,0.0908397223938032,0.24980923658296525,-0.22528251153664897
2021-04-06,16:00:00,110.345,110.345,109.668,109.836,17820,110.847,109.962,BEARISH_20_BAR_BREAKOUT,-0.029134345751845,-0.05098510506573199,-0.14658217706398755
2021-04-08,08:00:00,109.741,109.75,109.486,109.518,7991,110.749,109.578,BEARISH_20_BAR_BREAKOUT,-0.2803192169323784,-0.19996712869116864,-0.016435654412973833
2021-04-08,12:00:00,109.518,109.576,109.181,109.211,10582,110.72,109.486,BEARISH_20_BAR_BREAKOUT,0.046698592632612036,0.10896338280942375,0.4614919742516824
2021-04-14,00:00:00,109.026,109.076,108.889,108.922,4533,109.96,108.999,BEARISH_20_BAR_BREAKOUT,-0.03764161510071135,0.027542645195645636,-0.02846073336882512
2021-04-14,04:00:00,108.922,108.943,108.751,108.881,11538,109.96,108.889,BEARISH_20_BAR_BREAKOUT,0.10745676472479536,0.04959542987298247,0.011021206638440549
2021-04-19,08:00:00,108.643,108.684,108.206,108.22,8585,109.095,108.547,BEARISH_20_BAR_BREAKOUT,-0.09240436148585689,-0.0369617445943375,0.1654038070596951
2021-04-19,12:00:00,108.221,108.234,108.01,108.12,10582,109.095,108.206,BEARISH_20_BAR_BREAKOUT,-0.022197558268591298,-0.011098779134295649,0.26822049574546064
2021-04-23,12:00:00,107.913,107.964,107.753,107.781,5165,108.546,107.801,BEARISH_20_BAR_BREAKOUT,0.1549438212671875,0.09370853861070048,0.2133956819847559
2021-04-27,04:00:00,108.198,108.387,108.099,108.269,6759,108.232,107.477,BULLISH_20_BAR_BREAKOUT,0.05449389945413507,0.2770876243430688,0.5477098707847946
2021-04-27,16:00:00,108.229,108.577,108.221,108.569,8741,108.424,107.477,BULLISH_20_BAR_BREAKOUT,0.15289815693245476,0.2698744577181259,0.22013650305336174
2021-04-27,20:00:00,108.569,108.749,108.565,108.735,4350,108.577,107.477,BULLISH_20_BAR_BREAKOUT,0.013795006207753315,0.2584264496252411,-0.13703039499701192
2021-04-28,00:00:00,108.736,108.777,108.618,108.75,7758,108.749,107.477,BULLISH_20_BAR_BREAKOUT,0.10298850574712162,0.13793103448276386,-0.2243678160919538
2021-04-28,04:00:00,108.75,108.946,108.725,108.862,6355,108.777,107.477,BULLISH_20_BAR_BREAKOUT,0.14146350425310078,-0.04960408590691687,-0.21311385056309762
2021-04-28,08:00:00,108.863,109.075,108.816,109.016,5804,108.946,107.477,BULLISH_20_BAR_BREAKOUT,-0.10640639906068802,-0.3944375137594544,-0.11649666104058996
2021-04-30,16:00:00,108.918,109.341,108.871,109.332,13427,109.223,108.166,BULLISH_20_BAR_BREAKOUT,-0.0027439359016574413,0.19390480371712152,-0.22408809863534038
2021-05-03,04:00:00,109.286,109.564,109.286,109.544,5429,109.348,108.436,BULLISH_20_BAR_BREAKOUT,0.0958518951289016,-0.4171839626086264,-0.2629080552106886
2021-05-03,08:00:00,109.544,109.667,109.512,109.649,5379,109.564,108.436,BULLISH_20_BAR_BREAKOUT,-0.1605121797736431,-0.491568550556778,-0.22344025025308442
2021-05-07,16:00:00,109.207,109.287,108.338,108.52,24698,109.487,108.937,BEARISH_20_BAR_BREAKOUT,0.07740508661998083,0.33726502027276045,0.17139697751567182
2021-05-12,16:00:00,108.754,109.543,108.713,109.526,23784,109.287,108.338,BULLISH_20_BAR_BREAKOUT,0.05478151306539294,0.17256176615598776,0.042912185234553486
2021-05-12,20:00:00,109.526,109.641,109.508,109.586,10183,109.543,108.338,BULLISH_20_BAR_BREAKOUT,0.07026444983848136,0.07208950048364547,-0.15512930483821083
2021-05-13,00:00:00,109.587,109.707,109.581,109.663,5084,109.641,108.338,BULLISH_20_BAR_BREAKOUT,0.04741799877808076,-0.0428585758186417,-0.13313515041536414
2021-05-13,04:00:00,109.65,109.785,109.482,109.715,9130,109.707,108.348,BULLISH_20_BAR_BREAKOUT,-0.04557261996991948,-0.12942624071458791,-0.14309802670555208
2021-05-18,08:00:00,109.184,109.232,108.942,108.964,6657,109.785,109.073,BEARISH_20_BAR_BREAKOUT,-0.018354685951319723,-0.05781726074667082,0.10921038141037387
2021-05-19,16:00:00,109.182,109.211,108.571,108.76,17794,109.562,108.829,BEARISH_20_BAR_BREAKOUT,0.4119161456417739,0.34387642515630307,0.02942258183155248
2021-05-26,16:00:00,108.905,109.144,108.861,109.104,13651,109.07,108.558,BULLISH_20_BAR_BREAKOUT,0.034829153834870126,-0.04124505059393029,0.6553380261035374
2021-05-27,12:00:00,109.096,109.256,109.053,109.229,10882,109.208,108.558,BULLISH_20_BAR_BREAKOUT,0.5401495939722998,0.5319100238947561,0.7470543536972806
2021-05-27,16:00:00,109.229,109.854,109.218,109.819,18729,109.256,108.558,BULLISH_20_BAR_BREAKOUT,-0.034602391207347274,0.08104244256458229,0.02640708802665874
2021-05-28,12:00:00,109.892,110.089,109.796,110.045,10006,109.957,108.558,BULLISH_20_BAR_BREAKOUT,-0.17901767458767115,-0.12540324412740717,-0.34713071925121997
2021-06-03,16:00:00,109.796,110.314,109.764,110.289,18243,109.885,109.329,BULLISH_20_BAR_BREAKOUT,-0.016320757283138556,-0.0498689805873721,-0.777956097162912
2021-06-07,12:00:00,109.422,109.497,109.248,109.302,8625,110.329,109.363,BEARISH_20_BAR_BREAKOUT,-0.03934054271651605,-0.02653199392509796,0.09697901227790391
2021-06-14,16:00:00,109.753,110.0,109.714,109.987,14610,109.844,109.225,BULLISH_20_BAR_BREAKOUT,0.05546109994818211,0.10364861301790605,0.12728777037286276
2021-06-14,20:00:00,109.988,110.098,109.98,110.048,4978,110.0,109.225,BULLISH_20_BAR_BREAKOUT,-0.006360860715328768,-0.002726083163710484,-0.009995638266934137
2021-06-15,04:00:00,110.041,110.153,110.024,110.101,9478,110.098,109.294,BULLISH_20_BAR_BREAKOUT,-0.05086238998737285,0.023614681065563664,0.0018165139281163104
2021-06-16,20:00:00,109.876,110.642,109.86,110.632,21516,110.168,109.407,BULLISH_20_BAR_BREAKOUT,0.12473786969411294,-0.04067539229156275,-0.32901872875841015
2021-06-17,00:00:00,110.632,110.8,110.595,110.77,8417,110.642,109.558,BULLISH_20_BAR_BREAKOUT,-0.044235803918021475,-0.0523607474948025,-0.4026360928049092
2021-06-23,08:00:00,110.761,110.919,110.754,110.873,9952,110.853,109.716,BULLISH_20_BAR_BREAKOUT,-0.008117395578725517,0.0829778214714121,0.005411597052483677
2021-06-30,16:00:00,110.523,111.068,110.509,111.041,20842,110.977,110.417,BULLISH_20_BAR_BREAKOUT,0.03602273034285197,0.046829549445706276,0.46739492619843614
2021-06-30,20:00:00,111.041,111.121,110.996,111.081,9028,111.068,110.417,BULLISH_20_BAR_BREAKOUT,0.04591244227185741,0.17374708546015774,0.4240149080400821
2021-07-01,00:00:00,111.082,111.139,111.062,111.132,4822,111.121,110.417,BULLISH_20_BAR_BREAKOUT,-0.03509340244034254,0.30144332865420737,0.39592556599359113
2021-07-01,08:00:00,111.094,111.276,111.086,111.274,10026,111.163,110.417,BULLISH_20_BAR_BREAKOUT,0.17344572856192625,0.24983374373169454,0.2687060768912705
2021-07-01,12:00:00,111.274,111.627,111.268,111.467,15945,111.276,110.417,BULLISH_20_BAR_BREAKOUT,0.08343276485417525,0.09419828289987528,-0.021531036091400065
2021-07-06,08:00:00,110.844,110.916,110.749,110.773,11528,111.659,110.786,BEARISH_20_BAR_BREAKOUT,-0.10742690005687286,-0.12638458830220414,-0.12548184124289835
2021-07-06,12:00:00,110.775,110.86,110.607,110.654,13596,111.659,110.749,BEARISH_20_BAR_BREAKOUT,0.0009037178954260804,-0.046993330561925006,0.024400383176388582
2021-07-08,08:00:00,110.564,110.567,109.762,109.788,19247,111.19,110.395,BEARISH_20_BAR_BREAKOUT,-0.03552300797901545,-0.010019309942794914,0.20494043064816603
2021-07-08,12:00:00,109.788,110.048,109.704,109.749,19705,111.19,109.762,BEARISH_20_BAR_BREAKOUT,0.06378190234080255,0.04646967170543871,0.2788180302326323
2021-07-13,20:00:00,110.365,110.646,110.364,110.603,7902,110.558,109.532,BULLISH_20_BAR_BREAKOUT,-0.0045206730377977565,-0.08589278771823447,-0.5705089373705959
2021-07-15,04:00:00,109.996,110.014,109.819,109.854,12092,110.698,109.931,BEARISH_20_BAR_BREAKOUT,-0.07737542556483491,0.18388042310703132,0.09011961330493541
2021-07-15,08:00:00,109.854,109.891,109.748,109.769,8172,110.698,109.819,BEARISH_20_BAR_BREAKOUT,0.2040648999261991,0.01822008035055072,0.35529156683581026
2021-07-19,12:00:00,109.843,109.9,109.609,109.665,15795,110.698,109.714,BEARISH_20_BAR_BREAKOUT,-0.18419732822688406,-0.1240140427666164,-0.06839009711394049
2021-07-19,16:00:00,109.665,109.672,109.065,109.463,23104,110.537,109.609,BEARISH_20_BAR_BREAKOUT,0.013703260462439882,-0.026492970227379446,0.4120113645706839
2021-07-23,12:00:00,110.337,110.574,110.311,110.528,10757,110.413,109.327,BULLISH_20_BAR_BREAKOUT,-0.014475969889987464,0.015380718008102841,-0.22256803705849132
2021-07-27,16:00:00,110.127,110.128,109.619,109.642,18738,110.593,109.976,BEARISH_20_BAR_BREAKOUT,0.0629320880684433,0.14045712409479083,0.3858010616369656
2021-07-29,16:00:00,109.846,109.91,109.469,109.542,17003,110.424,109.581,BEARISH_20_BAR_BREAKOUT,-0.08216026729473938,-0.021909404611930503,0.16066896715415266
2021-07-29,20:00:00,109.541,109.596,109.421,109.452,5965,110.424,109.469,BEARISH_20_BAR_BREAKOUT,-0.038372985418266996,0.06760954573694229,0.18638307203158255
2021-07-30,00:00:00,109.452,109.499,109.4,109.41,5784,110.424,109.421,BEARISH_20_BAR_BREAKOUT,0.09871126953660918,0.22575632940316231,0.2778539438808172
2021-08-02,16:00:00,109.508,109.544,109.188,109.234,13997,110.286,109.36,BEARISH_20_BAR_BREAKOUT,0.060420748118719905,0.01464745408939098,-0.12267242799860881
2021-08-05,16:00:00,109.428,109.781,109.422,109.759,16439,109.752,108.721,BULLISH_20_BAR_BREAKOUT,-0.004555435089601265,0.08837544073833964,0.433677420530434
2021-08-06,04:00:00,109.753,109.887,109.742,109.856,6021,109.788,108.721,BULLISH_20_BAR_BREAKOUT,-0.12288814448003835,0.34499708709583904,0.3277017186134571
2021-08-06,16:00:00,109.791,110.355,109.784,110.235,22906,109.887,108.721,BULLISH_20_BAR_BREAKOUT,-0.016328752211185814,-0.017235905111811545,0.019050210913050116
2021-08-10,08:00:00,110.338,110.467,110.315,110.439,6714,110.404,109.403,BULLISH_20_BAR_BREAKOUT,0.04346290712520199,0.12042847182608478,0.2806979418502542
2021-08-10,12:00:00,110.441,110.547,110.436,110.487,7324,110.467,109.403,BULLISH_20_BAR_BREAKOUT,0.05702028292921556,0.10136939187416528,0.18916252590802826
2021-08-10,16:00:00,110.482,110.595,110.397,110.55,12490,110.547,109.403,BULLISH_20_BAR_BREAKOUT,0.01990049751244285,0.08141112618724868,-0.07688828584350407
2021-08-11,00:00:00,110.571,110.6,110.499,110.599,8359,110.598,109.422,BULLISH_20_BAR_BREAKOUT,0.037070859591856,0.08770422879049015,-0.20072514218031665
2021-08-11,04:00:00,110.599,110.686,110.585,110.64,4981,110.6,109.693,BULLISH_20_BAR_BREAKOUT,0.09851771511207037,-0.15817064352855853,-0.26211135213304976
2021-08-11,08:00:00,110.64,110.789,110.637,110.749,5754,110.686,109.697,BULLISH_20_BAR_BREAKOUT,-0.04785596258205246,-0.3015828585359588,-0.3313799673134658
2021-08-13,12:00:00,110.293,110.332,110.201,110.236,5840,110.8,110.246,BEARISH_20_BAR_BREAKOUT,-0.4354294422874596,-0.5515439602307812,-0.7719801153888014
2021-08-13,16:00:00,110.237,110.244,109.734,109.756,12469,110.8,110.201,BEARISH_20_BAR_BREAKOUT,-0.14942235504209472,-0.3434891942126128,-0.4446226174423262
2021-08-13,20:00:00,109.755,109.775,109.545,109.592,4609,110.8,109.734,BEARISH_20_BAR_BREAKOUT,0.03284911307394825,-0.16242061464340213,-0.32757865537629993
2021-08-16,04:00:00,109.628,109.628,109.327,109.379,7792,110.8,109.535,BEARISH_20_BAR_BREAKOUT,0.03199882975708005,-0.10148200294389617,-0.07039742546558131
2021-08-19,04:00:00,109.845,110.228,109.835,110.171,9160,110.066,109.113,BULLISH_20_BAR_BREAKOUT,-0.3440106743153869,-0.38122554937324854,-0.38031786949379703
2021-08-26,08:00:00,109.935,110.224,109.932,110.162,8224,110.147,109.413,BULLISH_20_BAR_BREAKOUT,-0.04357219367840255,-0.12890107296527853,-0.05264973402807405
2021-09-01,08:00:00,110.178,110.418,110.166,110.399,8890,110.267,109.586,BULLISH_20_BAR_BREAKOUT,-0.02807996449243735,-0.35054665350229663,-0.35416987472713096
2021-09-07,16:00:00,110.025,110.254,110.021,110.174,15189,110.091,109.592,BULLISH_20_BAR_BREAKOUT,0.10165737832882056,0.10619565414706755,0.13342530905657538
2021-09-07,20:00:00,110.174,110.317,110.146,110.286,6083,110.254,109.592,BULLISH_20_BAR_BREAKOUT,0.009974067424691873,-0.038989536296543864,-0.026295268665103785
2021-09-15,08:00:00,109.615,109.641,109.421,109.436,8834,110.162,109.526,BEARISH_20_BAR_BREAKOUT,-0.18001388939654475,-0.06944698271136336,-0.07218831097628543
2021-09-15,12:00:00,109.436,109.464,109.22,109.239,10692,110.162,109.421,BEARISH_20_BAR_BREAKOUT,0.15012953249297548,0.1318210529206522,0.14646783657850823
2021-09-22,00:00:00,109.198,109.256,109.133,109.152,10278,110.082,109.183,BEARISH_20_BAR_BREAKOUT,0.2968337730870695,0.34630606860158325,0.6147390794488349
2021-09-23,16:00:00,110.026,110.202,109.934,110.174,18230,110.046,109.119,BULLISH_20_BAR_BREAKOUT,0.08168896472851053,0.2214678599306549,0.482872547061917
2021-09-23,20:00:00,110.174,110.289,110.136,110.264,6230,110.202,109.119,BULLISH_20_BAR_BREAKOUT,0.057135601828341424,0.18410360589131808,0.4271566422404444
2021-09-24,00:00:00,110.266,110.346,110.252,110.327,5163,110.289,109.119,BULLISH_20_BAR_BREAKOUT,0.08248207601041285,0.18943685589203296,0.39790803701723715
2021-09-24,04:00:00,110.327,110.447,110.31,110.418,8464,110.346,109.119,BULLISH_20_BAR_BREAKOUT,0.04437682261949354,0.2608270390697139,0.14128131282942247
2021-09-24,08:00:00,110.419,110.569,110.389,110.467,9496,110.447,109.119,BULLISH_20_BAR_BREAKOUT,0.06246209275168386,0.2426063892384157,0.2806267935220494
2021-09-24,16:00:00,110.536,110.744,110.474,110.706,14022,110.569,109.119,BULLISH_20_BAR_BREAKOUT,0.02619550882517331,-0.11923472982494625,0.2348562860188164
2021-09-27,12:00:00,110.777,111.066,110.718,111.03,12006,110.804,109.119,BULLISH_20_BAR_BREAKOUT,-0.057642078717470194,-0.05674142123750553,0.3674682518238325
2021-09-28,04:00:00,110.961,111.24,110.934,111.224,5178,111.066,109.512,BULLISH_20_BAR_BREAKOUT,0.020678990146008176,0.10159677767388293,0.1771200460332327
2021-09-28,08:00:00,111.225,111.424,111.119,111.247,9233,111.24,109.716,BULLISH_20_BAR_BREAKOUT,0.1716900231017488,0.19596034050356734,0.04854063480363699
2021-09-28,12:00:00,111.247,111.467,111.164,111.438,12752,111.424,109.748,BULLISH_20_BAR_BREAKOUT,-0.09063335666469166,0.08076239702794685,-0.03320231877816018
2021-09-29,16:00:00,111.401,111.927,111.391,111.829,18255,111.682,110.313,BULLISH_20_BAR_BREAKOUT,0.11446047089753117,0.0715377943109681,-0.28704539967271275
2021-09-29,20:00:00,111.829,112.048,111.819,111.957,6630,111.927,110.313,BULLISH_20_BAR_BREAKOUT,-0.01786400135766055,-0.07592200577006686,-0.5975508454138616
2021-10-01,16:00:00,111.161,111.208,110.905,110.984,26388,112.081,111.049,BEARISH_20_BAR_BREAKOUT,0.07388452389534333,0.07028040077849326,-0.03694226194766526
2021-10-06,04:00:00,111.485,111.664,111.485,111.63,8992,111.563,110.821,BULLISH_20_BAR_BREAKOUT,0.03852011108125626,-0.25978679566424084,-0.1863298396488385
2021-10-06,08:00:00,111.63,111.788,111.589,111.673,12806,111.664,110.821,BULLISH_20_BAR_BREAKOUT,-0.2704324232357031,-0.2552094060336846,-0.3402792080449128
2021-10-08,04:00:00,111.659,111.893,111.655,111.835,7763,111.788,110.834,BULLISH_20_BAR_BREAKOUT,0.10819510886574805,0.2852416506460434,0.7663075065945361
2021-10-08,08:00:00,111.836,111.993,111.834,111.956,9150,111.893,110.864,BULLISH_20_BAR_BREAKOUT,-0.1857872735717589,0.2402729643788553,0.7449355103790803
2021-10-08,16:00:00,111.748,112.18,111.509,112.154,26977,111.998,111.074,BULLISH_20_BAR_BREAKOUT,0.06330581165183405,0.47969755871390835,1.080656953831342
2021-10-08,20:00:00,112.155,112.249,112.133,112.225,5908,112.18,111.074,BULLISH_20_BAR_BREAKOUT,0.04277121853419632,0.5034528848295942,1.0131432390287374
2021-10-11,00:00:00,112.103,112.325,112.103,112.273,3448,112.249,111.131,BULLISH_20_BAR_BREAKOUT,0.3731974740142305,0.586071450838582,0.994005682577289
2021-10-11,04:00:00,112.273,112.724,112.175,112.692,7910,112.325,111.202,BULLISH_20_BAR_BREAKOUT,0.08696269477870053,0.5980903702126208,0.5341994107833776
2021-10-11,08:00:00,112.692,112.844,112.616,112.79,10450,112.724,111.202,BULLISH_20_BAR_BREAKOUT,0.12501108254277077,0.5071371575494179,0.4468481248337535
2021-10-11,12:00:00,112.79,113.037,112.79,112.931,9005,112.844,111.202,BULLISH_20_BAR_BREAKOUT,0.385190957310218,0.4055573757427088,0.4090993615570599
2021-10-11,16:00:00,112.929,113.378,112.885,113.366,12277,113.037,111.202,BULLISH_20_BAR_BREAKOUT,-0.0035283947568097032,-0.06351110562249945,0.2840357779228364
2021-10-12,16:00:00,113.393,113.787,113.355,113.688,22259,113.487,111.23,BULLISH_20_BAR_BREAKOUT,-0.08444162972345687,-0.19878966997396302,-0.17592006192386428
2021-10-15,00:00:00,113.643,113.886,113.642,113.831,8830,113.804,112.885,BULLISH_20_BAR_BREAKOUT,0.08609254069629448,0.4366121706740693,0.439247656613752
2021-10-15,04:00:00,113.83,113.952,113.81,113.929,10140,113.886,113.002,BULLISH_20_BAR_BREAKOUT,0.14833799998244251,0.33266332540442284,0.40551571592834423
2021-10-15,08:00:00,113.929,114.179,113.927,114.098,12758,113.952,113.002,BULLISH_20_BAR_BREAKOUT,0.20158109695174675,0.13234237234657598,0.171782152184962
2021-10-15,12:00:00,114.098,114.406,114.092,114.328,12992,114.179,113.002,BULLISH_20_BAR_BREAKOUT,-0.01749352739486042,0.0026240291092296847,0.03761108389895052
2021-10-20,00:00:00,114.333,114.581,114.299,114.543,6515,114.466,113.386,BULLISH_20_BAR_BREAKOUT,-0.023571933684294128,-0.12571697964956868,-0.13532036003946216
2021-10-21,16:00:00,114.168,114.209,113.651,113.746,22721,114.698,113.878,BEARISH_20_BAR_BREAKOUT,0.24176674344592838,0.28572433316336654,-0.16703884092627233
2021-10-22,16:00:00,113.884,113.916,113.505,113.556,22461,114.698,113.651,BEARISH_20_BAR_BREAKOUT,-0.06076297157349909,0.06604670823206421,0.12857092535841416
2021-10-22,20:00:00,113.556,113.64,113.411,113.487,10284,114.698,113.505,BEARISH_20_BAR_BREAKOUT,0.15684615859086193,0.12953025456660724,0.18944901178108808
2021-11-01,08:00:00,114.2,114.427,114.197,114.418,9535,114.253,113.255,BULLISH_20_BAR_BREAKOUT,-0.15731790452551767,-0.3504693317485102,-0.6651051407995332
2021-11-05,16:00:00,113.83,114.028,113.419,113.455,30242,114.278,113.463,BEARISH_20_BAR_BREAKOUT,-0.05993565730906336,0.17187431140100248,-0.23269137543519086
2021-11-05,20:00:00,113.455,113.515,113.299,113.387,10839,114.278,113.419,BEARISH_20_BAR_BREAKOUT,0.07584643742227815,0.1578664220766067,-0.14022771569933593
2021-11-08,16:00:00,113.479,113.488,113.079,113.191,17516,114.278,113.299,BEARISH_20_BAR_BREAKOUT,0.0326881112455866,-0.3074449382017996,-0.24118525324451248
2021-11-09,04:00:00,113.25,113.26,112.795,112.843,12735,114.278,113.079,BEARISH_20_BAR_BREAKOUT,0.007089496025447361,0.06646402523860837,0.0008861870031730494
2021-11-12,04:00:00,114.042,114.3,114.038,114.254,10630,114.154,112.725,BULLISH_20_BAR_BREAKOUT,-0.18117527613913548,-0.2739510214084429,-0.35097239483957715
2021-11-16,16:00:00,114.234,114.637,114.233,114.577,22478,114.311,113.749,BULLISH_20_BAR_BREAKOUT,0.1038602860958131,0.2688148581303464,-0.046257102210738
2021-11-16,20:00:00,114.578,114.696,114.499,114.696,9404,114.637,113.749,BULLISH_20_BAR_BREAKOUT,0.18047708725675513,0.16827090744228032,-0.4908628025388875
2021-11-17,00:00:00,114.695,114.968,114.626,114.903,6924,114.696,113.749,BULLISH_20_BAR_BREAKOUT,-0.015665387326702244,-0.1409884859403202,-0.6231342958843618
2021-11-19,12:00:00,114.361,114.538,113.809,113.84,28125,114.968,113.875,BEARISH_20_BAR_BREAKOUT,0.02283907238228764,0.26440618411806216,0.24420238931833413
2021-11-22,20:00:00,114.736,114.952,114.608,114.947,12263,114.946,113.585,BULLISH_20_BAR_BREAKOUT,-0.13832461917231942,-0.21488164110416097,0.1113556682645046
2021-11-23,04:00:00,114.788,115.141,114.736,115.081,7962,114.96,113.585,BULLISH_20_BAR_BREAKOUT,-0.3310711585752646,-0.09384694258826748,-0.010427438065363052
2021-11-24,16:00:00,115.002,115.47,114.981,115.44,28635,115.235,113.585,BULLISH_20_BAR_BREAKOUT,0.024255024255029276,-0.06237006237006474,-0.06410256410256243
2021-11-26,08:00:00,114.692,114.785,114.138,114.164,22522,115.52,114.482,BEARISH_20_BAR_BREAKOUT,-0.22599068007427525,-0.7121334220945328,-0.5168003924179281
2021-11-26,12:00:00,114.162,114.419,113.651,113.906,41781,115.52,114.138,BEARISH_20_BAR_BREAKOUT,-0.6373676540305155,-0.16592629009885973,-0.40384176426176666
2021-11-26,16:00:00,113.905,114.208,113.052,113.18,35299,115.52,113.651,BEARISH_20_BAR_BREAKOUT,0.15108676444600835,0.43647287506626586,0.3852270719208277
2021-12-07,08:00:00,113.555,113.742,113.555,113.638,11820,113.61,112.555,BULLISH_20_BAR_BREAKOUT,-0.06951899892642226,-0.008799873281829244,-0.19623717418469083
2021-12-08,16:00:00,113.693,113.955,113.646,113.879,27674,113.798,112.555,BULLISH_20_BAR_BREAKOUT,-0.18791875587245993,-0.19494375609199976,-0.38374063699190525
2021-12-15,16:00:00,113.797,113.902,113.747,113.843,19451,113.836,113.222,BULLISH_20_BAR_BREAKOUT,0.15635568282634618,0.2547367866271901,-0.0843266604007305
2021-12-15,20:00:00,113.844,114.271,113.771,114.021,19559,113.902,113.222,BULLISH_20_BAR_BREAKOUT,0.1017356451881668,0.08507204813147946,-0.370107260943157
2021-12-22,12:00:00,114.155,114.33,114.146,114.22,10789,114.219,113.138,BULLISH_20_BAR_BREAKOUT,0.07704430047277891,-0.08492383120293662,0.06216074242689368
2021-12-23,16:00:00,114.293,114.451,114.238,114.395,15865,114.369,113.327,BULLISH_20_BAR_BREAKOUT,0.042834039949304244,-0.05594650115826125,-0.011364133047765217
2021-12-27,12:00:00,114.461,114.694,114.46,114.662,7483,114.512,113.989,BULLISH_20_BAR_BREAKOUT,0.1883797596413755,0.10988819312413053,0.15959951858505234
2021-12-27,16:00:00,114.662,114.893,114.66,114.878,10641,114.694,114.044,BULLISH_20_BAR_BREAKOUT,0.02263270600114578,0.009575375615866988,-0.0992357109281188
2021-12-27,20:00:00,114.881,114.913,114.821,114.904,6200,114.893,114.044,BULLISH_20_BAR_BREAKOUT,-0.10095383972707622,-0.049606628141754996,-0.07136392118637615
2021-12-30,04:00:00,114.95,115.062,114.941,115.048,8245,115.038,114.304,BULLISH_20_BAR_BREAKOUT,0.059105764550446624,0.08518183714623373,0.03129128711494451
2021-12-30,08:00:00,115.049,115.206,115.026,115.116,6877,115.062,114.304,BULLISH_20_BAR_BREAKOUT,-0.005212133847597404,-0.04604051565377295,0.02866673616178572
2022-01-03,04:00:00,115.141,115.305,115.122,115.274,5343,115.206,114.664,BULLISH_20_BAR_BREAKOUT,0.014747471242427526,0.014747471242427526,0.375626767527797
2022-01-04,04:00:00,115.329,115.815,115.288,115.707,9788,115.366,114.886,BULLISH_20_BAR_BREAKOUT,0.02679181034855792,0.3707640851461036,0.2584113320715312
2022-01-04,12:00:00,115.738,116.174,115.71,116.143,12964,115.815,114.941,BULLISH_20_BAR_BREAKOUT,-0.006027052857257865,0.024969218980047322,-0.4046735489870236
2022-01-07,20:00:00,115.638,115.717,115.534,115.551,9010,116.349,115.588,BEARISH_20_BAR_BREAKOUT,0.06057931129976649,0.21029675208349127,-0.29251153170462224
2022-01-10,12:00:00,115.794,115.815,115.3,115.314,11999,116.252,115.52,BEARISH_20_BAR_BREAKOUT,-0.17430667568551383,-0.031219106092917736,0.07718056784086308
2022-01-10,16:00:00,115.315,115.46,115.082,115.113,18796,116.184,115.3,BEARISH_20_BAR_BREAKOUT,0.08687116138055156,0.22325888474803457,0.30578648805956227
2022-01-12,16:00:00,115.398,115.45,114.83,114.849,19539,115.948,115.041,BEARISH_20_BAR_BREAKOUT,-0.4031380334177991,-0.27079034210137404,-0.6338757847260391
2022-01-12,20:00:00,114.849,114.896,114.378,114.386,10555,115.933,114.83,BEARISH_20_BAR_BREAKOUT,0.25003059815012446,0.021855821516624137,-0.2780060496913939
2022-01-13,16:00:00,114.507,114.543,114.07,114.121,15618,115.826,114.362,BEARISH_20_BAR_BREAKOUT,-0.04644193443800639,-0.3470001139141795,-0.28829049868121864
2022-01-13,20:00:00,114.119,114.155,113.998,114.068,6369,115.815,114.07,BEARISH_20_BAR_BREAKOUT,0.04295683276642581,-0.23845425535644646,0.11396710733947774
2022-01-14,04:00:00,114.117,114.174,113.635,113.725,12430,115.681,113.998,BEARISH_20_BAR_BREAKOUT,0.0624313035832158,0.05891404704331262,0.6155198944823064
2022-01-18,04:00:00,114.571,115.058,114.449,114.976,11078,114.896,113.48,BULLISH_20_BAR_BREAKOUT,-0.08697467297522467,-0.37138185360422393,-0.3670331199554664
2022-01-20,16:00:00,114.279,114.336,113.962,113.985,17568,115.058,114.023,BEARISH_20_BAR_BREAKOUT,0.16668859937710903,-0.20792209501249706,-0.27898407685221555
2022-01-21,04:00:00,113.989,113.999,113.622,113.748,15530,115.058,113.855,BEARISH_20_BAR_BREAKOUT,0.09670499701093595,-0.07121004325351045,0.10110067869324726
2022-01-26,12:00:00,113.986,114.233,113.973,114.2,11953,114.157,113.469,BULLISH_20_BAR_BREAKOUT,0.10507880910682166,0.4562171628721548,0.8765323992994662
2022-01-26,16:00:00,114.199,114.385,114.155,114.32,16237,114.233,113.469,BULLISH_20_BAR_BREAKOUT,0.18282015395381665,0.29216235129461443,0.9788313505948214
2022-01-26,20:00:00,114.32,114.694,114.206,114.529,20670,114.385,113.469,BULLISH_20_BAR_BREAKOUT,0.16764312968768372,0.20518820560731293,0.6819233556566511
2022-01-27,00:00:00,114.528,114.743,114.402,114.721,16783,114.694,113.469,BULLISH_20_BAR_BREAKOUT,-0.05840255925245358,0.4184063946443892,0.5482867129819219
2022-01-27,12:00:00,114.765,115.25,114.726,115.201,22104,114.795,113.469,BULLISH_20_BAR_BREAKOUT,0.20659542885912413,0.12933915504205773,0.3845452730445153
2022-01-27,16:00:00,115.203,115.466,115.151,115.439,26908,115.25,113.469,BULLISH_20_BAR_BREAKOUT,-0.11174732975856572,-0.07189944472838332,-0.21829710929581456
2022-01-28,08:00:00,115.356,115.673,115.313,115.654,14302,115.489,113.667,BULLISH_20_BAR_BREAKOUT,-0.008646480017976816,-0.363152160755358,-0.18935791239385935
2022-02-02,12:00:00,114.63,114.634,114.322,114.343,16560,115.687,114.567,BEARISH_20_BAR_BREAKOUT,0.03060965690947114,0.031484218535460295,0.4329080048625542
2022-02-04,16:00:00,114.873,115.431,114.774,115.272,33470,115.152,114.153,BULLISH_20_BAR_BREAKOUT,-0.0780762023735195,0.023422860712055852,-0.18651537233673693
2022-02-08,08:00:00,115.349,115.548,115.345,115.482,11286,115.431,114.325,BULLISH_20_BAR_BREAKOUT,-0.147209088862335,0.04935834155972547,-0.0701408011638204
2022-02-08,16:00:00,115.312,115.608,115.299,115.593,18501,115.548,114.421,BULLISH_20_BAR_BREAKOUT,-0.046715631569387454,-0.16523491906949597,-0.11592397463514256
2022-02-10,12:00:00,115.595,115.876,115.539,115.814,16082,115.706,114.913,BULLISH_20_BAR_BREAKOUT,0.11656621824650312,0.20636537896973106,0.1606023451396265
2022-02-10,16:00:00,115.814,116.342,115.744,115.949,31792,115.876,114.913,BULLISH_20_BAR_BREAKOUT,-0.03449792581220368,0.15610311430025045,-0.06123381831667195
2022-02-21,20:00:00,114.842,114.852,114.753,114.768,6754,115.789,114.787,BEARISH_20_BAR_BREAKOUT,-0.14028300571588018,-0.021783075421725293,0.2587829360100351
2022-02-22,00:00:00,114.771,114.841,114.496,114.607,8659,115.779,114.753,BEARISH_20_BAR_BREAKOUT,0.006980376416794407,0.4109696615390017,0.4266755084767984
2022-02-24,16:00:00,114.784,115.621,114.607,115.605,41234,115.242,114.407,BULLISH_20_BAR_BREAKOUT,0.07093118809739513,-0.312270230526365,-0.02854547813675987
2022-02-24,20:00:00,115.604,115.697,115.265,115.687,25988,115.621,114.407,BULLISH_20_BAR_BREAKOUT,-0.11323657800790084,-0.34662494489441015,-0.13916861877306988
2022-03-03,12:00:00,115.725,115.807,115.652,115.762,18348,115.74,114.698,BULLISH_20_BAR_BREAKOUT,-0.10798016620307183,-0.2444670962837557,-0.3291235465869631
2022-03-09,04:00:00,115.724,115.924,115.724,115.835,11638,115.791,114.649,BULLISH_20_BAR_BREAKOUT,0.038848361894074944,-0.01899253248153957,0.28834117494712586
2022-03-10,04:00:00,115.906,116.198,115.881,116.169,10045,115.948,114.649,BULLISH_20_BAR_BREAKOUT,-0.21089963759694094,-0.1652764506882155,0.23930652755899234
2022-03-11,04:00:00,116.177,116.477,116.141,116.447,11413,116.216,115.229,BULLISH_20_BAR_BREAKOUT,0.23358265992253244,0.46888283940332703,1.179077176741342
2022-03-11,08:00:00,116.45,116.799,116.425,116.719,13953,116.477,115.229,BULLISH_20_BAR_BREAKOUT,0.14650571029567294,0.4917794018111981,0.8601855738997121
2022-03-11,12:00:00,116.719,117.061,116.699,116.89,21283,116.799,115.322,BULLISH_20_BAR_BREAKOUT,0.08811703310804554,0.5500898280434602,0.9111130122337221
2022-03-11,20:00:00,116.993,117.357,116.976,117.293,14207,117.061,115.379,BULLISH_20_BAR_BREAKOUT,0.2046157912236833,0.3666032926091008,0.7604886907147024
2022-03-14,00:00:00,117.332,117.599,117.308,117.533,3838,117.357,115.418,BULLISH_20_BAR_BREAKOUT,0.2441867390434958,0.35904809713016517,0.5845166889299155
2022-03-14,04:00:00,117.532,117.882,117.457,117.82,12388,117.599,115.551,BULLISH_20_BAR_BREAKOUT,-0.0823289764046802,0.15277542013241116,0.4371074520454936
2022-03-14,12:00:00,117.721,118.062,117.699,117.955,18339,117.882,115.551,BULLISH_20_BAR_BREAKOUT,0.038150142003307796,0.22466194735280454,-0.04747573227077902
2022-03-14,20:00:00,118.001,118.193,117.903,118.185,8663,118.062,115.551,BULLISH_20_BAR_BREAKOUT,0.029614587299569818,-0.17684139273173685,0.0922282861615219
2022-03-15,00:00:00,118.185,118.302,118.118,118.22,7813,118.193,115.551,BULLISH_20_BAR_BREAKOUT,0.09727626459143536,-0.2715276602943647,0.07528336998815652
2022-03-15,04:00:00,118.217,118.451,118.107,118.335,14961,118.302,115.687,BULLISH_20_BAR_BREAKOUT,-0.3033760087886041,-0.11408290024083399,-0.08957620315206367
2022-03-16,16:00:00,118.24,118.52,118.211,118.495,22255,118.451,116.425,BULLISH_20_BAR_BREAKOUT,0.09451875606565235,0.1746909152284853,-0.05147896535719401
2022-03-16,20:00:00,118.495,119.123,118.44,118.607,24255,118.52,116.699,BULLISH_20_BAR_BREAKOUT,0.2183682244724176,0.052273474584128767,0.02950921952329676
2022-03-18,16:00:00,119.04,119.397,119.025,119.188,19897,119.13,117.696,BULLISH_20_BAR_BREAKOUT,-0.02852636171427159,0.003356042554611771,-0.019297244689059412
2022-03-21,20:00:00,119.165,119.487,119.113,119.484,12968,119.397,118.188,BULLISH_20_BAR_BREAKOUT,0.08955173914498955,0.8227042951357538,1.0729470054568064
2022-03-22,00:00:00,119.484,119.624,119.432,119.591,3819,119.487,118.211,BULLISH_20_BAR_BREAKOUT,0.26757866394628976,0.9942219732254161,1.4599760851569177
2022-03-22,04:00:00,119.59,120.074,119.58,119.911,14013,119.624,118.366,BULLISH_20_BAR_BREAKOUT,0.46367722727689487,0.6279657412580998,0.9748897098681496
2022-03-22,08:00:00,119.912,120.492,119.911,120.467,15904,120.074,118.366,BULLISH_20_BAR_BREAKOUT,0.259822191969587,0.24820075207318734,0.4897606813484219
2022-03-22,12:00:00,120.468,121.027,120.322,120.78,22713,120.492,118.366,BULLISH_20_BAR_BREAKOUT,-0.09604239112435806,0.46116906772644656,0.00910746812385799
2022-03-23,00:00:00,120.766,121.412,120.732,121.337,10183,121.027,118.366,BULLISH_20_BAR_BREAKOUT,-0.21180678605866718,-0.4499864015098498,-0.1796649002365342
2022-03-24,08:00:00,121.228,121.75,121.187,121.634,13658,121.412,119.081,BULLISH_20_BAR_BREAKOUT,-0.04768403571370417,0.5590542118157692,0.08796882450630525
2022-03-24,16:00:00,121.576,122.126,121.563,122.051,24434,121.75,119.101,BULLISH_20_BAR_BREAKOUT,0.21548369124381694,-0.36787900140105206,-0.04915977747007585
2022-03-24,20:00:00,122.049,122.406,122.038,122.314,13585,122.126,119.101,BULLISH_20_BAR_BREAKOUT,0.02943244436450559,-0.46846640613502405,-0.18395277727814832
2022-03-28,04:00:00,122.27,123.108,122.14,122.9,23770,122.437,120.522,BULLISH_20_BAR_BREAKOUT,0.35313262815296786,0.523189585028479,0.37103336045564594
2022-03-28,08:00:00,122.9,123.347,122.851,123.334,17262,123.108,120.592,BULLISH_20_BAR_BREAKOUT,0.759725623104738,0.18486386560072196,0.13864789920053858
2022-03-28,12:00:00,123.335,125.1,123.274,124.271,45744,123.347,120.592,BULLISH_20_BAR_BREAKOUT,-0.5858164817213948,-0.10139131414409217,-0.6107619637727227
2022-04-05,16:00:00,122.927,123.494,122.752,123.492,27504,123.036,121.281,BULLISH_20_BAR_BREAKOUT,0.09393321024843686,0.2113497230589801,0.18543711333527613
2022-04-05,20:00:00,123.491,123.667,123.483,123.608,12241,123.494,121.281,BULLISH_20_BAR_BREAKOUT,0.03802342890427565,0.22490453692316967,0.14319461523525379
2022-04-06,04:00:00,123.655,124.05,123.575,123.753,20809,123.711,121.421,BULLISH_20_BAR_BREAKOUT,0.10747214208948112,-0.025857958998970917,-0.0395949997171839
2022-04-08,00:00:00,123.946,124.226,123.914,124.096,6820,124.05,122.368,BULLISH_20_BAR_BREAKOUT,-0.12167998968541328,0.06446621970087536,0.2457774626095866
2022-04-08,16:00:00,124.174,124.676,124.157,124.309,27039,124.226,122.429,BULLISH_20_BAR_BREAKOUT,-0.02252451552179777,0.4488814164702531,0.9991231527886191
2022-04-11,04:00:00,124.397,124.993,124.282,124.867,19005,124.676,123.455,BULLISH_20_BAR_BREAKOUT,0.30592550473703284,0.5477828409427611,0.44607462339929854
2022-04-11,08:00:00,124.868,125.439,124.838,125.249,22296,124.993,123.455,BULLISH_20_BAR_BREAKOUT,0.36008271523126545,0.12055984478918831,0.21636899296601236
2022-04-11,12:00:00,125.25,125.703,125.158,125.7,21109,125.439,123.455,BULLISH_20_BAR_BREAKOUT,-0.11853619729514789,-0.1726332537788375,-0.17740652346857516
2022-04-13,08:00:00,125.508,126.321,125.489,126.038,21621,125.772,123.657,BULLISH_20_BAR_BREAKOUT,-0.1634427712277274,-0.28642155540391784,-0.5561814690807483
2022-04-15,04:00:00,126.175,126.554,126.05,126.37,32036,126.321,124.763,BULLISH_20_BAR_BREAKOUT,0.07201076204794965,-0.035609717496242546,0.23818944369708153
2022-04-18,20:00:00,126.777,126.98,126.762,126.94,11830,126.812,125.08,BULLISH_20_BAR_BREAKOUT,0.1591302977784766,0.8838821490468048,1.5156766976524394
2022-04-19,00:00:00,126.939,127.223,126.933,127.142,6850,126.98,125.08,BULLISH_20_BAR_BREAKOUT,0.608768148998758,0.829780874927252,1.7169778672665152
2022-04-19,04:00:00,127.142,127.973,126.98,127.916,23030,127.223,125.08,BULLISH_20_BAR_BREAKOUT,0.11413740267051425,0.49407423621752167,0.33928515588354663
2022-04-19,08:00:00,127.916,128.327,127.778,128.062,28202,127.973,125.08,BULLISH_20_BAR_BREAKOUT,0.10541768830721907,0.6262591557214415,0.47398916149989795
2022-04-19,16:00:00,128.198,128.917,128.07,128.548,33532,128.461,125.08,BULLISH_20_BAR_BREAKOUT,0.24582257211314254,-0.15402806733672053,-0.6067772349628163
2022-04-20,00:00:00,128.865,129.396,128.836,129.325,15197,128.975,125.274,BULLISH_20_BAR_BREAKOUT,-0.7539145563502759,-1.1165667890972266,-1.042335202010427
2022-04-28,04:00:00,128.44,129.874,128.35,129.697,31114,128.939,126.927,BULLISH_20_BAR_BREAKOUT,0.6908409600838774,0.9553035151160044,0.7293923529457103
2022-04-28,08:00:00,129.697,130.705,129.552,130.593,41587,129.874,126.927,BULLISH_20_BAR_BREAKOUT,0.24809905584526915,0.2212982319113702,-0.44259646382271867
2022-04-28,12:00:00,130.592,131.009,130.172,130.917,35534,130.705,126.927,BULLISH_20_BAR_BREAKOUT,0.014513012061081033,-0.10159108442754552,-0.6928053652314142
2022-05-04,20:00:00,129.975,130.39,128.623,129.13,48774,130.494,129.315,BEARISH_20_BAR_BREAKOUT,0.07666692480447453,0.4297994269341027,0.6830326028033803
2022-05-06,04:00:00,130.321,130.808,130.213,130.608,25758,130.558,128.623,BULLISH_20_BAR_BREAKOUT,-0.06354894034055984,-0.1845216219527241,0.2710400588018995
2022-05-09,04:00:00,130.737,131.073,130.676,130.962,23997,130.808,128.623,BULLISH_20_BAR_BREAKOUT,0.18402284632184443,-0.43371359631036766,-0.5406148348375853
2022-05-09,08:00:00,130.965,131.348,130.877,131.203,24761,131.073,128.623,BULLISH_20_BAR_BREAKOUT,-0.1379541626334852,-0.7576046279429584,-0.6440401515209246
2022-05-12,08:00:00,129.834,129.846,128.585,128.862,38598,131.348,129.443,BEARISH_20_BAR_BREAKOUT,-0.2646241715944252,-0.3290341605748837,-0.0333690304356648
2022-05-12,12:00:00,128.859,128.88,128.404,128.521,44796,131.348,128.585,BEARISH_20_BAR_BREAKOUT,-0.3236825110293235,0.04357264571549521,0.4403949549100945
2022-05-12,16:00:00,128.52,128.743,127.52,128.105,51186,131.348,128.404,BEARISH_20_BAR_BREAKOUT,0.25994301549510046,0.7634362437063414,0.880527692127563
2022-05-18,16:00:00,129.1,129.131,128.123,128.218,33628,129.782,128.49,BEARISH_20_BAR_BREAKOUT,0.02261772918000966,0.42505732424465825,-0.4546943486873795
2022-05-19,00:00:00,128.247,128.476,127.899,127.909,14543,129.782,128.006,BEARISH_20_BAR_BREAKOUT,0.6676621660711906,0.010945281410999846,-0.06488988265095702
2022-05-24,16:00:00,127.396,127.486,126.359,126.562,41989,128.943,127.024,BEARISH_20_BAR_BREAKOUT,0.24888987215751784,0.42113746622208975,0.5933850602866617
2022-05-31,04:00:00,127.778,128.34,127.751,128.09,23242,127.875,126.552,BULLISH_20_BAR_BREAKOUT,-0.2630962604418794,0.3520961823717647,0.8103677102037493
2022-05-31,16:00:00,128.191,128.891,128.188,128.541,43876,128.34,126.552,BULLISH_20_BAR_BREAKOUT,0.14003314117675048,0.45666363261526605,1.2143985187605566
2022-06-01,04:00:00,128.74,129.186,128.739,129.128,21558,128.891,126.676,BULLISH_20_BAR_BREAKOUT,0.21451582925470486,0.7542903165851078,0.7403506598104341
2022-06-01,08:00:00,129.128,129.544,129.109,129.405,24569,129.186,126.676,BULLISH_20_BAR_BREAKOUT,0.1151423824427193,0.5911672655615983,0.38097446002858854
2022-06-01,12:00:00,129.405,129.616,129.227,129.554,23811,129.544,126.676,BULLISH_20_BAR_BREAKOUT,0.42298964138506095,0.4391990984454269,0.0926254689164399
2022-06-01,16:00:00,129.554,130.135,129.206,130.102,39803,129.616,126.727,BULLISH_20_BAR_BREAKOUT,0.05226668306404484,-0.013835298458133373,-0.200611827642923
2022-06-01,20:00:00,130.102,130.183,129.954,130.17,17711,130.135,126.812,BULLISH_20_BAR_BREAKOUT,-0.03610662979180844,-0.20895751709302557,-0.24429592071904715
2022-06-03,16:00:00,130.133,130.975,130.075,130.948,38028,130.242,127.634,BULLISH_20_BAR_BREAKOUT,-0.10462168188899446,-0.3474661697773257,0.4627791184286851
2022-06-06,16:00:00,130.65,131.683,130.65,131.554,28019,130.981,129.109,BULLISH_20_BAR_BREAKOUT,0.2219620840111297,0.7996716177387175,0.7472216732292474
2022-06-06,20:00:00,131.555,132.008,131.504,131.846,14675,131.683,129.206,BULLISH_20_BAR_BREAKOUT,0.24877508608528356,0.7023345418139251,0.5999423569922461
2022-06-07,00:00:00,131.847,132.296,131.841,132.174,9844,132.008,129.206,BULLISH_20_BAR_BREAKOUT,0.3268418902355894,0.5197693948885435,0.49404572760148857
2022-06-07,04:00:00,132.175,132.755,132.091,132.606,25597,132.296,129.513,BULLISH_20_BAR_BREAKOUT,0.12518287256986624,-0.05203384462240654,0.3393511605809821
2022-06-07,08:00:00,132.606,133.003,132.563,132.772,32494,132.755,129.513,BULLISH_20_BAR_BREAKOUT,0.067032205585514,-0.10167806465217885,0.6070557045160212
2022-06-08,04:00:00,132.825,133.213,132.713,133.056,22029,133.003,129.681,BULLISH_20_BAR_BREAKOUT,0.3923160173160108,0.7478054353054173,0.6718975468975296
2022-06-08,08:00:00,133.056,133.637,132.938,133.578,27743,133.213,129.681,BULLISH_20_BAR_BREAKOUT,0.3031936396712042,0.5083172378685128,-0.07336537453773315
2022-06-08,12:00:00,133.578,134.133,133.558,133.983,36102,133.637,129.681,BULLISH_20_BAR_BREAKOUT,0.05075270743302032,0.3530298619974062,-0.20151810304293097
2022-06-13,00:00:00,134.297,134.848,134.283,134.787,11205,134.558,132.316,BULLISH_20_BAR_BREAKOUT,0.08902935743061612,-0.2107028125857985,-0.40879313286890884
2022-06-13,04:00:00,134.786,134.997,134.667,134.907,23517,134.848,132.472,BULLISH_20_BAR_BREAKOUT,-0.23201168212177026,-0.5766935740917964,-0.25054296663629183
2022-06-16,12:00:00,134.232,134.332,132.312,132.845,61545,135.589,133.505,BEARISH_20_BAR_BREAKOUT,-0.8837366856110555,-0.3214272272196865,1.3873311001543072
2022-06-16,16:00:00,132.843,132.999,131.493,131.671,52177,135.589,132.312,BEARISH_20_BAR_BREAKOUT,0.2885980967714952,1.9328477796933388,2.651305146919226
2022-06-21,12:00:00,135.229,136.247,135.182,136.173,39697,135.44,131.493,BULLISH_20_BAR_BREAKOUT,0.056545717579841955,0.10281039559970505,-0.08885755619690344
2022-06-21,16:00:00,136.172,136.333,135.909,136.25,43049,136.247,131.493,BULLISH_20_BAR_BREAKOUT,0.30458715596329694,-0.03743119266054145,-0.1335779816513673
2022-06-21,20:00:00,136.251,136.667,136.207,136.665,21321,136.333,131.493,BULLISH_20_BAR_BREAKOUT,-0.25756411663557155,-0.31244283466871,-0.31171111842826454
2022-06-29,12:00:00,136.017,136.585,136.017,136.495,44506,136.384,134.354,BULLISH_20_BAR_BREAKOUT,-0.006593648118989379,0.09377632880324253,-0.15531704458040038
2022-07-11,04:00:00,136.295,137.279,136.225,137.015,36640,136.566,134.953,BULLISH_20_BAR_BREAKOUT,-0.14961865489178855,0.20070795168412636,0.16640513812356944
2022-07-11,12:00:00,136.809,137.396,136.774,137.343,35404,137.279,134.953,BULLISH_20_BAR_BREAKOUT,-0.03858951675731365,0.05242349446277039,-0.40992260253524987
2022-07-14,04:00:00,137.633,138.124,137.587,138.018,31904,137.869,135.996,BULLISH_20_BAR_BREAKOUT,0.7846802590966383,0.6615079192569164,0.7129504847193909
2022-07-14,08:00:00,138.018,139.179,137.997,139.101,38302,138.124,135.996,BULLISH_20_BAR_BREAKOUT,-0.16678528551196564,-0.14090481017390097,-0.13227798506121272
2022-07-19,12:00:00,137.74,137.807,137.381,137.479,33543,139.387,137.587,BEARISH_20_BAR_BREAKOUT,0.33168702129051625,0.5157151274012575,0.4858923908378573
2022-07-21,08:00:00,138.282,138.657,138.06,138.589,43356,138.575,137.381,BULLISH_20_BAR_BREAKOUT,0.11905706802126578,-0.773510163144263,-0.7273304519117749
2022-07-21,12:00:00,138.592,138.878,138.462,138.754,43764,138.657,137.381,BULLISH_20_BAR_BREAKOUT,-0.5679115557028861,-1.2086138057281177,-1.3376190956657068
2022-07-22,00:00:00,137.519,137.574,137.02,137.077,15466,138.878,137.381,BEARISH_20_BAR_BREAKOUT,0.4209313013853514,-0.13058354063774524,-0.5354654683134362
2022-07-22,12:00:00,137.582,137.758,136.788,136.898,44261,138.878,137.02,BEARISH_20_BAR_BREAKOUT,-0.5558883256146882,-0.40541132814212544,-0.20818419553243775
2022-07-22,16:00:00,136.898,136.998,135.564,136.137,57544,138.878,136.788,BEARISH_20_BAR_BREAKOUT,-0.0499496830398878,0.09916481191740005,0.43412150994954213
2022-07-28,04:00:00,136.117,136.421,135.098,135.357,37130,137.457,135.886,BEARISH_20_BAR_BREAKOUT,0.16622708836631597,-0.6730350111187462,-1.6172048730394386
2022-07-28,16:00:00,135.711,135.719,134.338,134.446,52937,137.457,135.098,BEARISH_20_BAR_BREAKOUT,-0.11975068057063903,-0.950567514094872,-0.9104026895556503
2022-07-28,20:00:00,134.45,134.637,134.198,134.285,13647,137.457,134.338,BEARISH_20_BAR_BREAKOUT,0.08712812302192369,-1.1267081207878804,-0.7901105856946099
2022-07-29,04:00:00,134.402,134.675,132.95,133.168,35647,137.457,134.198,BEARISH_20_BAR_BREAKOUT,-0.2973687372341816,0.04055028235011568,-0.4422984500780958
2022-07-29,08:00:00,133.167,133.464,132.502,132.772,44537,137.457,132.95,BEARISH_20_BAR_BREAKOUT,0.506883981562379,0.3404332238725019,-0.16494441599131904
2022-08-01,16:00:00,132.42,132.506,131.603,131.822,51973,137.457,131.869,BEARISH_20_BAR_BREAKOUT,-0.13351337409538327,-0.7411509459726023,0.36943757491161927
2022-08-02,00:00:00,131.646,131.729,131.371,131.404,13255,137.457,131.603,BEARISH_20_BAR_BREAKOUT,-0.42540561931143456,-0.3135368786338362,1.4763629722078457
2022-08-02,04:00:00,131.399,131.526,130.395,130.845,33742,137.457,131.371,BEARISH_20_BAR_BREAKOUT,-0.013756735068210998,1.1188811188811179,1.344338721387913
2022-08-05,16:00:00,133.146,135.501,133.064,135.307,58870,134.547,130.424,BULLISH_20_BAR_BREAKOUT,-0.23649922029162807,-0.14042141204815548,-0.42717671665174356
2022-08-10,16:00:00,134.815,135.097,132.025,132.571,63474,135.58,132.841,BEARISH_20_BAR_BREAKOUT,0.25646634633517396,0.4442902293865164,0.08372871895059252
2022-08-16,12:00:00,133.669,134.488,133.637,134.389,45320,133.893,131.731,BULLISH_20_BAR_BREAKOUT,0.0,-0.08036372024496356,0.5737076695265136
2022-08-17,08:00:00,134.137,134.858,134.086,134.795,43415,134.685,132.554,BULLISH_20_BAR_BREAKOUT,0.2707815571794274,0.1698876071070985,0.3739011090915977
2022-08-17,12:00:00,134.794,135.197,134.645,135.16,39931,134.858,132.554,BULLISH_20_BAR_BREAKOUT,0.1968037881029825,-0.1531518200651033,-0.2611719443622438
2022-08-17,16:00:00,135.159,135.501,134.938,135.426,45981,135.197,132.554,BULLISH_20_BAR_BREAKOUT,-0.2968410792609889,-0.25992054701458767,-0.09451656255075533
2022-08-18,20:00:00,135.299,135.9,135.273,135.88,20830,135.501,132.554,BULLISH_20_BAR_BREAKOUT,-0.055931704445093766,0.5769796879599587,0.7337356491021594
2022-08-19,04:00:00,135.803,136.376,135.803,136.305,45513,135.9,132.95,BULLISH_20_BAR_BREAKOUT,0.2633799200322662,0.5260261912622314,0.6844943325629967
2022-08-19,08:00:00,136.305,136.688,136.122,136.664,39403,136.376,132.95,BULLISH_20_BAR_BREAKOUT,0.26488321723352404,0.15585669964293616,0.1317098870221908
2022-08-19,12:00:00,136.664,137.14,136.393,137.026,35885,136.688,132.95,BULLISH_20_BAR_BREAKOUT,-0.002919154029176287,-0.0014595770145881435,-0.0335702713353821
2022-08-22,04:00:00,137.023,137.435,136.945,137.238,42123,137.23,133.905,BULLISH_20_BAR_BREAKOUT,-0.287092496247399,0.24264416561010682,-0.027689124003563822
2022-08-22,16:00:00,136.979,137.652,136.979,137.571,33556,137.435,134.086,BULLISH_20_BAR_BREAKOUT,-0.09522355729041748,-0.2696789294255398,-0.8737306554433697
2022-08-29,00:00:00,137.606,138.215,137.566,138.156,11078,137.645,135.808,BULLISH_20_BAR_BREAKOUT,0.3090709053533632,0.30472798865050543,0.353223891832421
2022-08-29,04:00:00,138.156,138.675,138.081,138.583,37064,138.215,136.172,BULLISH_20_BAR_BREAKOUT,0.08442593968956526,0.11834063341103576,-0.002886356912457284
2022-08-29,08:00:00,138.583,139.003,138.552,138.7,39524,138.675,136.172,BULLISH_20_BAR_BREAKOUT,-0.08868060562364129,0.0,-0.1723143475125998
2022-09-01,00:00:00,138.916,139.443,138.798,139.331,13725,139.073,136.187,BULLISH_20_BAR_BREAKOUT,0.1356482046350212,-0.07679554442299225,0.5418751031716014
2022-09-01,04:00:00,139.327,139.683,139.284,139.52,37194,139.443,137.036,BULLISH_20_BAR_BREAKOUT,-0.17201834862385973,0.2952981651375987,0.45298165137613
2022-09-01,16:00:00,139.224,140.223,139.19,139.932,45198,139.683,138.052,BULLISH_20_BAR_BREAKOUT,0.19295086184719026,0.15721922076437045,0.08575593859875122
2022-09-02,12:00:00,140.248,140.488,140.243,140.435,25062,140.418,138.052,BULLISH_20_BAR_BREAKOUT,-0.27272403603091094,0.07547975931925413,0.04913305087762196
2022-09-06,08:00:00,140.597,141.738,140.572,141.538,42320,140.801,138.798,BULLISH_20_BAR_BREAKOUT,0.2635334680439108,0.8944594384546842,1.6716358857691824
2022-09-06,12:00:00,141.538,142.107,141.514,141.911,37046,141.738,139.062,BULLISH_20_BAR_BREAKOUT,0.7328536899887902,0.8801290949961562,2.1520530473324846
2022-09-06,16:00:00,141.911,142.977,141.875,142.951,46349,142.107,139.062,BULLISH_20_BAR_BREAKOUT,-0.10283243908751345,0.7380151240634951,1.004540017208699
2022-09-07,00:00:00,142.803,143.599,142.654,143.16,21028,143.075,139.19,BULLISH_20_BAR_BREAKOUT,0.590947191953062,1.2608270466610834,0.6510198379435711
2022-09-07,04:00:00,143.161,144.09,142.927,144.006,50480,143.599,139.871,BULLISH_20_BAR_BREAKOUT,-0.07083038206741654,0.26457230948710486,-0.0013888310209363148
2022-09-07,12:00:00,143.903,144.992,143.877,144.965,42580,144.385,139.871,BULLISH_20_BAR_BREAKOUT,-0.39871693167316447,-0.6022143275963098,-1.0216259097023381
2022-09-21,12:00:00,143.743,144.203,143.659,144.077,30371,144.076,142.639,BULLISH_20_BAR_BREAKOUT,0.04511476502147999,0.11243987589969678,-1.9649215350125204
2022-09-22,04:00:00,144.236,145.394,143.518,144.85,18511,144.697,142.639,BULLISH_20_BAR_BREAKOUT,0.6358301691404848,-1.85571280635139,-1.820503969623749
2022-09-22,08:00:00,144.852,145.898,144.626,145.771,32881,145.394,142.639,BULLISH_20_BAR_BREAKOUT,-3.1041839597725045,-2.349575704358194,-2.3989682447125875
2022-09-22,12:00:00,145.773,145.844,140.685,141.246,45100,145.898,142.68,BEARISH_20_BAR_BREAKOUT,0.6485139402177739,0.7249762825141958,1.095960239582007
2022-10-03,08:00:00,144.843,145.316,144.639,145.025,25438,144.885,143.903,BULLISH_20_BAR_BREAKOUT,-0.11791070505084797,-0.2496121358386449,-0.25305981727289684
2022-10-04,20:00:00,144.332,144.332,143.89,144.049,22391,145.316,144.154,BEARISH_20_BAR_BREAKOUT,-0.13675901950031083,0.2728238307798046,0.35404619261500664
2022-10-05,00:00:00,144.053,144.271,143.771,143.852,9111,145.316,143.89,BEARISH_20_BAR_BREAKOUT,0.1529349609320683,0.4553290882295701,0.4066679642966437
2022-10-07,16:00:00,144.93,145.347,144.653,145.198,39735,145.14,143.524,BULLISH_20_BAR_BREAKOUT,0.1281009380294347,0.16529153294121177,0.36226394302950593
2022-10-07,20:00:00,145.198,145.441,145.148,145.384,20580,145.347,143.524,BULLISH_20_BAR_BREAKOUT,0.054338854344362336,0.035079513564089684,0.23042425576405107
2022-10-10,00:00:00,145.201,145.486,145.201,145.463,12736,145.441,143.524,BULLISH_20_BAR_BREAKOUT,-0.01718650103463127,0.054996803310816154,0.14092930848395296
2022-10-10,16:00:00,145.543,145.805,145.44,145.724,30428,145.669,144.0,BULLISH_20_BAR_BREAKOUT,-0.0034311438060960807,0.004803601328542315,-0.12146249073590658
2022-10-12,04:00:00,145.888,146.39,145.805,146.208,51211,145.942,144.653,BULLISH_20_BAR_BREAKOUT,-0.023938498577366896,0.45756730137886514,0.4076384329174899
2022-10-12,12:00:00,146.173,146.632,146.153,146.605,44058,146.39,144.653,BULLISH_20_BAR_BREAKOUT,0.185532553459991,0.11527574093653775,0.06275365778794241
2022-10-12,16:00:00,146.605,146.961,146.581,146.877,43279,146.632,144.653,BULLISH_20_BAR_BREAKOUT,-0.025871988126126566,-0.049701450873865544,0.19267822736029946
2022-10-13,16:00:00,146.699,147.667,146.443,147.16,54663,146.974,145.235,BULLISH_20_BAR_BREAKOUT,0.06591465072031015,0.13250883392225685,0.8820331611851059
2022-10-14,12:00:00,147.484,147.88,147.478,147.799,26983,147.667,145.423,BULLISH_20_BAR_BREAKOUT,0.44587581783367397,0.5649564611397774,0.7070413196300296
2022-10-14,16:00:00,147.797,148.498,147.637,148.458,41690,147.88,145.423,BULLISH_20_BAR_BREAKOUT,0.19197348745099396,0.12798232496732928,0.17243934311387746
2022-10-14,20:00:00,148.459,148.863,148.379,148.743,32442,148.498,145.423,BULLISH_20_BAR_BREAKOUT,-0.07328075943070186,-0.06185165016167789,0.22118687938256437
2022-10-17,20:00:00,148.714,149.089,148.701,149.072,18754,148.898,146.153,BULLISH_20_BAR_BREAKOUT,-0.06842331222496771,-0.07244821294408346,0.08116883116883741
2022-10-18,12:00:00,148.964,149.291,148.125,149.113,38831,149.089,146.443,BULLISH_20_BAR_BREAKOUT,0.07980524836868669,0.06706323392326244,0.33732806663403886
2022-10-19,12:00:00,149.348,149.715,149.328,149.616,36854,149.486,147.088,BULLISH_20_BAR_BREAKOUT,0.10359854561007692,0.14102769757244166,0.1289968987273979
2022-10-19,16:00:00,149.616,149.785,149.616,149.771,24376,149.715,147.344,BULLISH_20_BAR_BREAKOUT,0.060759426057119335,0.09214066808661572,0.03672273003452393
2022-10-19,20:00:00,149.771,149.899,149.752,149.862,16063,149.785,147.478,BULLISH_20_BAR_BREAKOUT,-0.023354819767517177,0.006672805647875597,0.20285329169502747
2022-10-20,04:00:00,149.825,149.957,149.801,149.909,24373,149.908,148.125,BULLISH_20_BAR_BREAKOUT,-0.024681640195036804,-0.055366922599709434,0.30018211048036947
2022-10-20,20:00:00,149.826,150.287,149.814,150.166,24094,150.081,148.125,BULLISH_20_BAR_BREAKOUT,0.0019977891133907306,0.2077700677916518,-1.6594968235153034
2022-10-21,04:00:00,150.166,150.383,150.132,150.359,26860,150.287,148.125,BULLISH_20_BAR_BREAKOUT,0.07914391556208791,-2.684242379904097,-0.9849759575416324
2022-10-21,08:00:00,150.357,150.485,150.294,150.478,35727,150.383,148.125,BULLISH_20_BAR_BREAKOUT,0.6931245763500165,-1.8633953136006602,-0.808756097236814
2022-10-21,12:00:00,150.478,151.59,150.392,151.521,33007,150.485,148.125,BULLISH_20_BAR_BREAKOUT,-3.4305475808633656,-2.5778604945848946,-1.6565360577081665
2022-10-21,16:00:00,151.521,151.945,146.271,146.323,74230,151.59,148.125,BEARISH_20_BAR_BREAKOUT,0.9232998229943338,1.7461369709478196,1.6709608195567291
2022-10-31,12:00:00,148.019,148.74,147.987,148.684,36469,148.41,145.105,BULLISH_20_BAR_BREAKOUT,-0.02555755831159433,0.034973500847429784,-0.9819482930241371
2022-11-08,16:00:00,146.335,146.553,145.343,145.503,33831,148.452,146.084,BEARISH_20_BAR_BREAKOUT,0.03161446843021841,0.027490842113235096,0.5498168422644285
2022-11-09,00:00:00,145.549,145.7,145.194,145.292,10103,148.452,145.311,BEARISH_20_BAR_BREAKOUT,0.17275555433196926,0.28425515513587185,0.6215070341106128
2022-11-10,16:00:00,146.513,146.541,141.545,141.565,64094,147.57,145.169,BEARISH_20_BAR_BREAKOUT,0.1765973227845866,0.24652986260727547,-1.7695051743015544
2022-11-11,12:00:00,141.183,141.483,138.755,139.495,57675,146.936,140.199,BEARISH_20_BAR_BREAKOUT,-0.3118391340191421,0.08172335926019163,0.7620344815226266
2022-11-21,08:00:00,140.349,140.894,140.295,140.857,34354,140.742,138.723,BULLISH_20_BAR_BREAKOUT,0.7191690863783875,0.9286013474658645,0.678702513897065
2022-11-21,12:00:00,140.855,141.942,140.849,141.87,45058,140.894,138.868,BULLISH_20_BAR_BREAKOUT,0.04934094593641586,0.15295693240289315,-0.48777049411433515
2022-11-21,20:00:00,141.94,142.254,141.838,142.165,18596,142.059,138.875,BULLISH_20_BAR_BREAKOUT,-0.054865824921747935,-0.24759962015967635,-0.680898955439095
2022-11-23,20:00:00,139.735,139.976,139.163,139.4,33404,142.254,139.663,BEARISH_20_BAR_BREAKOUT,-0.11477761836441648,-0.3020086083213718,-0.6649928263988468
2022-11-24,04:00:00,139.24,139.494,138.627,138.654,36131,142.254,139.163,BEARISH_20_BAR_BREAKOUT,0.23439641121065172,-0.21492347858698765,0.0014424394536108223
2022-11-24,12:00:00,138.979,139.223,138.048,138.324,45896,142.254,138.549,BEARISH_20_BAR_BREAKOUT,0.023134090974799935,0.20170035568664607,0.9101818917902793
2022-12-01,00:00:00,137.966,138.149,137.247,137.355,21848,139.895,137.5,BEARISH_20_BAR_BREAKOUT,-0.44337665174182267,-0.8175894579738564,-1.6067853372647476
2022-12-01,04:00:00,137.354,137.543,136.494,136.746,17441,139.895,137.247,BEARISH_20_BAR_BREAKOUT,-0.15430067424276595,-0.6025770406447079,-1.1620083951267302
2022-12-01,20:00:00,135.92,135.959,135.256,135.265,30118,139.895,135.527,BEARISH_20_BAR_BREAKOUT,-0.08649687650167466,-0.4613166746756332,-0.7030643551546916
2022-12-02,00:00:00,135.261,135.401,135.034,135.148,14480,139.895,135.256,BEARISH_20_BAR_BREAKOUT,0.0066593660283648685,-0.846479415159681,-0.4987125225678565
2022-12-02,08:00:00,135.162,135.246,134.548,134.641,14738,139.895,135.009,BEARISH_20_BAR_BREAKOUT,-0.4731099739306753,-0.24286807138984276,0.36244531754814624
2022-12-02,12:00:00,134.643,134.803,133.62,134.004,27047,139.895,134.548,BEARISH_20_BAR_BREAKOUT,1.0954896868750321,0.35073579893137435,0.9522103817796562
2022-12-09,04:00:00,136.627,136.878,135.763,135.869,18752,137.855,135.962,BEARISH_20_BAR_BREAKOUT,0.35622548189801123,0.5350742259087826,0.7050909331782809
2022-12-13,16:00:00,137.558,137.565,134.652,135.193,55361,137.968,135.605,BEARISH_20_BAR_BREAKOUT,0.21080973127306632,0.23743832890756023,-0.24927326118957155
2022-12-20,04:00:00,136.968,137.472,133.105,133.449,24193,138.173,134.601,BEARISH_20_BAR_BREAKOUT,-0.6436915975391414,-1.5541517733366395,-1.0385990153541982
2022-12-20,08:00:00,133.452,133.697,132.272,132.59,39234,138.173,133.105,BEARISH_20_BAR_BREAKOUT,-0.10634286145259153,-0.8100158382985235,-0.6116600045252335
2022-12-20,16:00:00,132.45,132.904,131.36,131.375,35535,138.173,131.993,BEARISH_20_BAR_BREAKOUT,0.10732635585156318,0.5236917221693534,0.4582302568981952
2022-12-27,12:00:00,132.875,133.376,132.859,133.268,9669,133.225,131.64,BULLISH_20_BAR_BREAKOUT,0.05402647297175821,0.16508088963592074,0.42470810697241834
2022-12-28,04:00:00,133.488,134.404,133.453,134.244,14077,133.596,131.84,BULLISH_20_BAR_BREAKOUT,-0.2510354280265703,-0.011173683740045258,-0.2912606894907714
2022-12-30,08:00:00,132.663,132.773,132.099,132.13,11053,134.5,132.381,BEARISH_20_BAR_BREAKOUT,-0.29289336259744225,-0.7659123590403394,-1.0149095587678865
2022-12-30,12:00:00,132.132,132.182,131.551,131.743,19622,134.5,132.099,BEARISH_20_BAR_BREAKOUT,0.14042491821197506,-0.6011704606696383,-0.7613307727924716
2022-12-30,20:00:00,131.929,131.994,130.769,131.118,30155,134.5,131.503,BEARISH_20_BAR_BREAKOUT,-0.1273661892341262,-0.25091901950915035,-1.0196921856648127
2023-01-03,04:00:00,130.78,130.904,129.679,129.781,22137,134.5,130.526,BEARISH_20_BAR_BREAKOUT,0.25119239333954385,0.7397076613680029,0.6665074240451072
2023-01-05,16:00:00,132.453,134.05,132.389,133.868,40145,132.897,129.506,BULLISH_20_BAR_BREAKOUT,-0.5079630680969364,-0.038097230107260675,-1.0749394926345304
2023-01-06,08:00:00,133.82,134.368,133.702,134.221,17154,134.05,129.506,BULLISH_20_BAR_BREAKOUT,0.2294722882410299,-1.551918105214533,-1.4826293948040985
2023-01-06,12:00:00,134.22,134.625,134.148,134.529,23335,134.368,129.506,BULLISH_20_BAR_BREAKOUT,-1.5610017171018846,-2.0300455663834525,-1.4993049825688112
2023-01-12,12:00:00,131.603,131.774,130.806,130.879,21188,132.873,131.304,BEARISH_20_BAR_BREAKOUT,-0.7992114854178228,-1.3088425186622712,-1.6259292934695297
2023-01-12,16:00:00,130.881,131.215,129.5,129.833,53202,132.873,130.806,BEARISH_20_BAR_BREAKOUT,-0.4136082505988509,-0.5483967866412923,-1.7899917586437948
2023-01-12,20:00:00,129.834,129.945,128.861,129.296,30371,132.873,129.5,BEARISH_20_BAR_BREAKOUT,-0.1005444870684286,-0.7107721816606722,-1.113723549065708
2023-01-13,08:00:00,129.121,129.302,128.251,128.377,18149,132.873,128.636,BEARISH_20_BAR_BREAKOUT,0.2913294437477081,-0.40583593634374926,-0.3154770714380421
2023-01-13,16:00:00,128.752,128.833,127.458,127.509,32484,132.873,128.106,BEARISH_20_BAR_BREAKOUT,0.2721376530284091,-0.08626842026837277,0.8030805668619365
2023-01-16,04:00:00,128.051,128.196,127.218,127.399,18652,132.873,127.458,BEARISH_20_BAR_BREAKOUT,0.4497680515545595,0.8901168768985519,1.0777164655923441
2023-01-18,04:00:00,128.278,131.244,128.219,131.137,30363,129.945,127.218,BULLISH_20_BAR_BREAKOUT,-0.6733416198327016,-2.1145824595651845,-2.171774556379979
2023-02-01,20:00:00,129.255,129.867,128.532,128.762,26919,130.568,129.187,BEARISH_20_BAR_BREAKOUT,-0.12503688976561514,-0.07999254438421943,-0.09940821049689685
2023-02-03,16:00:00,128.397,131.178,128.328,131.068,53388,130.491,128.08,BULLISH_20_BAR_BREAKOUT,0.08545182653278814,0.6340220343638331,1.3580736716818758
2023-02-03,20:00:00,131.072,131.199,130.836,131.18,29340,131.178,128.08,BULLISH_20_BAR_BREAKOUT,0.6677847232809915,0.4611983534075238,1.0192102454642393
2023-02-06,00:00:00,132.292,132.316,131.506,132.056,8600,131.199,128.08,BULLISH_20_BAR_BREAKOUT,-0.11888895620040792,0.018931362452275745,0.43163506391227446
2023-02-06,16:00:00,132.081,132.873,131.926,132.848,37972,132.385,128.08,BULLISH_20_BAR_BREAKOUT,-0.24915693122968902,-0.4335782247380629,-1.207394917499709
2023-02-13,04:00:00,131.554,132.144,131.447,132.026,24124,131.889,129.803,BULLISH_20_BAR_BREAKOUT,0.08104464272188759,0.5877630163755487,0.006816839107438026
2023-02-13,12:00:00,132.129,132.772,132.126,132.685,33987,132.305,129.803,BULLISH_20_BAR_BREAKOUT,0.0881787692655464,-0.26152164901835806,-0.34216377133813747
2023-02-13,16:00:00,132.685,132.875,132.356,132.802,35103,132.772,129.803,BULLISH_20_BAR_BREAKOUT,-0.2545142392433803,-0.5775515428984473,0.020331019111169437
2023-02-15,08:00:00,133.04,133.44,132.965,133.345,27437,133.315,129.803,BULLISH_20_BAR_BREAKOUT,0.07424350369341898,0.6209456672541175,0.323221718099675
2023-02-15,12:00:00,133.345,133.488,133.207,133.444,29410,133.44,129.803,BULLISH_20_BAR_BREAKOUT,0.6219837534846172,0.34621264350590325,0.2607835496537973
2023-02-15,16:00:00,133.444,134.327,133.423,134.274,45319,133.488,129.803,BULLISH_20_BAR_BREAKOUT,-0.07521932764347461,-0.38130985894514235,-0.055111190550674205
2023-02-17,04:00:00,134.076,134.715,134.063,134.659,20550,134.464,131.5,BULLISH_20_BAR_BREAKOUT,0.10322369837887554,-0.23392420855642607,-0.3222955762332986
2023-02-17,08:00:00,134.66,134.897,134.638,134.798,23922,134.715,131.5,BULLISH_20_BAR_BREAKOUT,0.1795278861704107,-0.4836867015831209,-0.555646226205133
2023-02-17,12:00:00,134.8,135.107,134.703,135.04,29723,134.897,131.5,BULLISH_20_BAR_BREAKOUT,-0.5154028436018943,-0.5398400473933539,-0.7679206161137487
2023-02-24,12:00:00,134.843,135.448,134.834,135.402,22174,135.364,134.052,BULLISH_20_BAR_BREAKOUT,0.7326331959646228,0.7540509002821341,0.6307144650743811
2023-02-24,16:00:00,135.4,136.465,135.399,136.394,40587,135.448,134.052,BULLISH_20_BAR_BREAKOUT,0.06525213719078451,-0.03152631347420441,-0.232414915612129
2023-02-24,20:00:00,136.393,136.519,136.215,136.483,21735,136.465,134.052,BULLISH_20_BAR_BREAKOUT,-0.0439615190170221,-0.21760951913424897,-0.17364800011722686
2023-02-28,08:00:00,136.223,136.782,136.211,136.746,14758,136.556,134.052,BULLISH_20_BAR_BREAKOUT,0.019744636040532674,-0.46509587117721585,-0.6033083234610277
2023-03-07,20:00:00,136.778,137.163,136.636,137.106,25585,137.098,135.364,BULLISH_20_BAR_BREAKOUT,0.2042215512085548,0.2873688970577549,0.08460607121498247
2023-03-08,00:00:00,137.107,137.436,136.899,137.386,9240,137.163,135.364,BULLISH_20_BAR_BREAKOUT,0.2693141950417106,-0.09171240155474705,-0.11937169726172048
2023-03-08,04:00:00,137.386,137.78,137.239,137.756,13267,137.436,135.364,BULLISH_20_BAR_BREAKOUT,-0.1858358256627662,-0.6322773599698085,-0.5930776154940672
2023-03-10,16:00:00,136.762,136.876,134.113,134.299,62774,137.911,135.54,BEARISH_20_BAR_BREAKOUT,0.5666460658679482,-0.1414753646713659,-0.8652335460427896
2023-03-13,12:00:00,134.505,134.651,132.839,133.151,73914,137.911,133.532,BEARISH_20_BAR_BREAKOUT,-0.010514378412486577,-0.05031881097401241,0.7562842186690123
2023-03-20,08:00:00,132.024,132.082,130.726,131.05,52800,135.113,131.552,BEARISH_20_BAR_BREAKOUT,0.0030522701258990288,0.2838611217092603,0.625715375810754
2023-03-24,12:00:00,130.256,130.292,129.64,130.008,60597,133.003,130.054,BEARISH_20_BAR_BREAKOUT,0.4838163805304217,0.5976555288905196,1.1214694480339658
2023-03-29,08:00:00,131.714,132.033,131.542,131.889,31919,131.797,129.64,BULLISH_20_BAR_BREAKOUT,0.007582133460706279,0.5785167830523976,0.35636027265351833
2023-03-29,16:00:00,131.895,132.664,131.855,132.484,37526,132.094,129.64,BULLISH_20_BAR_BREAKOUT,0.12680776546600186,0.13360103861597813,0.16303855559915142
2023-03-31,00:00:00,132.445,133.272,132.422,133.203,12384,132.967,130.402,BULLISH_20_BAR_BREAKOUT,-0.33107362446791927,-0.012762475319621859,0.1111086086649671
2023-04-04,16:00:00,133.038,133.079,131.554,131.603,44622,133.757,132.168,BEARISH_20_BAR_BREAKOUT,0.030394443895649825,0.053950137914787616,-0.37157207662439634
2023-04-05,00:00:00,131.643,131.77,131.37,131.432,11719,133.757,131.52,BEARISH_20_BAR_BREAKOUT,0.18412563150527927,0.03347738754642031,-0.37738145961408254
2023-04-05,16:00:00,131.476,131.523,130.629,131.114,45937,133.757,131.232,BEARISH_20_BAR_BREAKOUT,0.14872553655596898,0.06864255533352914,0.4309227084826927
2023-04-10,04:00:00,132.096,132.741,132.082,132.705,31288,132.38,130.629,BULLISH_20_BAR_BREAKOUT,-0.4815191590369691,0.7912286650841964,0.5320070833804218
2023-04-10,12:00:00,132.068,132.869,131.994,132.862,34526,132.798,130.629,BULLISH_20_BAR_BREAKOUT,0.6721259652872912,0.45611235718263654,0.3010642621667638
2023-04-10,16:00:00,132.859,133.87,132.85,133.755,30267,132.869,130.629,BULLISH_20_BAR_BREAKOUT,-0.14803184927666815,-0.25718664722813656,-0.09121154349369047
2023-04-17,16:00:00,133.778,134.573,133.744,134.518,30749,134.218,132.021,BULLISH_20_BAR_BREAKOUT,-0.06839233411142967,-0.05501122526354263,-0.29810136933347986
2023-04-19,08:00:00,134.293,134.813,134.282,134.733,34768,134.705,132.169,BULLISH_20_BAR_BREAKOUT,-0.0415636852144698,0.04379031120809118,-0.09054945707437236
2023-04-21,04:00:00,133.997,134.251,133.803,133.861,25489,135.139,133.863,BEARISH_20_BAR_BREAKOUT,0.05752235527898207,0.31525238867182903,0.3735217875258664
2023-04-25,20:00:00,133.967,134.016,133.366,133.493,17855,134.864,133.547,BEARISH_20_BAR_BREAKOUT,0.16030803113271758,-0.03071322091794837,0.10037979519526459
2023-04-28,08:00:00,133.809,135.855,133.379,135.725,52582,134.476,133.014,BULLISH_20_BAR_BREAKOUT,0.2998710628108386,0.4074415177749105,0.7294160987290544
2023-04-28,12:00:00,135.727,136.18,135.516,136.132,22914,135.855,133.014,BULLISH_20_BAR_BREAKOUT,-0.09916845414743845,0.1990714894367133,0.5024535010137201
2023-05-01,04:00:00,136.398,136.945,136.255,136.876,21486,136.562,133.014,BULLISH_20_BAR_BREAKOUT,-0.11762471141763446,0.34995178117419046,0.45223413892866515
2023-05-01,16:00:00,136.815,137.412,136.703,137.355,31095,136.983,133.014,BULLISH_20_BAR_BREAKOUT,0.10338174802520793,0.10192566706709968,-0.6464999453969472
2023-05-01,20:00:00,137.355,137.54,137.311,137.497,13934,137.412,133.014,BULLISH_20_BAR_BREAKOUT,0.01672763769391051,0.0763653025156838,-0.7251067296013833
2023-05-02,08:00:00,137.495,137.775,137.46,137.602,43795,137.573,133.212,BULLISH_20_BAR_BREAKOUT,-0.19040420924114507,-0.8008604526097033,-1.3110274559962805
2023-05-03,20:00:00,135.314,135.705,134.831,135.008,37837,137.775,135.068,BEARISH_20_BAR_BREAKOUT,-0.33775776250297557,-0.2518369281820362,-0.6347771983882431
2023-05-04,00:00:00,135.01,135.253,134.382,134.552,20460,137.775,134.831,BEARISH_20_BAR_BREAKOUT,-0.029728283488905438,-0.10033295677506905,-0.2913371781913282
2023-05-04,16:00:00,134.419,134.878,133.672,133.765,57754,137.775,134.148,BEARISH_20_BAR_BREAKOUT,0.28856576832506575,0.20334168130678415,0.8193473629125734
2023-05-11,00:00:00,134.349,134.388,134.016,134.099,11476,135.471,134.111,BEARISH_20_BAR_BREAKOUT,0.06786031215744202,0.042505909812911635,0.2915756269621843
2023-05-12,16:00:00,134.928,135.649,134.718,135.63,37890,135.471,133.743,BULLISH_20_BAR_BREAKOUT,0.0685689006857021,0.3701246037012531,0.33178500331786265
2023-05-12,20:00:00,135.632,135.752,135.593,135.723,18071,135.649,133.743,BULLISH_20_BAR_BREAKOUT,0.07294268473286733,0.17388357168644222,0.24461587203347523
2023-05-15,00:00:00,135.628,135.894,135.619,135.822,9977,135.752,133.743,BULLISH_20_BAR_BREAKOUT,0.2282399022249726,0.23412996421786134,0.15240535406634687
2023-05-15,04:00:00,135.823,136.148,135.724,136.132,29421,135.894,133.743,BULLISH_20_BAR_BREAKOUT,-0.1270825375370977,-0.03819821937530668,-0.12120588840242709
2023-05-16,16:00:00,135.858,136.682,135.67,136.618,32267,136.324,133.743,BULLISH_20_BAR_BREAKOUT,-0.21666251884816956,-0.11638290708398001,0.6573072362353396
2023-05-17,08:00:00,136.46,136.996,136.458,136.987,32048,136.682,134.4,BULLISH_20_BAR_BREAKOUT,0.012409936709319795,0.4577076656909119,0.6037069210947011
2023-05-17,12:00:00,136.986,137.176,136.834,137.004,30740,136.996,134.4,BULLISH_20_BAR_BREAKOUT,0.3737117164462355,0.43648360631807337,0.5948731423900017
2023-05-17,16:00:00,137.004,137.574,136.905,137.516,30266,137.176,134.521,BULLISH_20_BAR_BREAKOUT,0.07126443468397364,0.04944879141337157,0.7140987230576801
2023-05-17,20:00:00,137.517,137.655,137.389,137.614,16771,137.574,134.629,BULLISH_20_BAR_BREAKOUT,-0.008720043018879223,0.14533405031463995,0.7760838286802096
2023-05-18,08:00:00,137.583,137.872,137.384,137.814,34221,137.715,135.619,BULLISH_20_BAR_BREAKOUT,0.003628078424539925,0.6298344145007003,0.21115416430841338
2023-05-18,16:00:00,137.818,138.673,137.743,138.498,30335,137.938,135.67,BULLISH_20_BAR_BREAKOUT,0.1328539040274932,-0.05343037444582872,-0.5927883435139844
2023-05-18,20:00:00,138.498,138.745,138.37,138.682,14408,138.673,135.67,BULLISH_20_BAR_BREAKOUT,-0.04326444671981502,-0.416059762622401,-0.5177312124140043
2023-05-24,16:00:00,138.379,139.218,138.358,139.141,29444,138.91,137.424,BULLISH_20_BAR_BREAKOUT,0.13080256718006655,0.37012814339412164,0.487994192940975
2023-05-24,20:00:00,139.145,139.385,138.97,139.323,21907,139.218,137.424,BULLISH_20_BAR_BREAKOUT,-0.02296821056107799,0.04952520402229955,0.6043510403881516
2023-05-25,04:00:00,139.291,139.702,139.261,139.656,22439,139.471,137.491,BULLISH_20_BAR_BREAKOUT,-0.18903591682420376,0.11743140287562816,0.12817207996792263
2023-05-25,16:00:00,139.568,139.885,139.183,139.82,37906,139.702,137.642,BULLISH_20_BAR_BREAKOUT,0.24674581604920534,0.010728078958671707,0.5106565584322691
2023-05-25,20:00:00,139.819,140.227,139.813,140.165,15149,139.885,137.798,BULLISH_20_BAR_BREAKOUT,-0.10344950593941557,-0.45232404665928455,0.30464095886991827
2023-05-26,16:00:00,139.759,140.709,139.64,140.534,32200,140.227,138.229,BULLISH_20_BAR_BREAKOUT,0.04127115146514093,0.04127115146514093,-0.1771813226692439
2023-05-29,00:00:00,140.567,140.886,140.496,140.882,9007,140.723,138.229,BULLISH_20_BAR_BREAKOUT,-0.20584602717166994,-0.4237588904189381,-0.29315313524794573
2023-06-01,00:00:00,139.349,139.382,138.955,139.135,8301,140.93,139.233,BEARISH_20_BAR_BREAKOUT,0.26233514212815545,0.18183778344774093,-0.282459481798254
2023-06-01,16:00:00,139.388,139.885,138.433,138.745,35300,140.93,138.955,BEARISH_20_BAR_BREAKOUT,0.037478828065870835,-0.004324480161447423,0.7308371472845735
2023-06-08,16:00:00,139.693,139.752,138.807,138.838,33364,140.453,139.022,BEARISH_20_BAR_BREAKOUT,0.055460320661489065,0.3097134790187174,0.3694953831083747
2023-06-13,16:00:00,139.515,140.109,139.01,140.0,37658,139.963,138.758,BULLISH_20_BAR_BREAKOUT,0.15000000000000568,0.003571428571425323,-0.4742857142857052
2023-06-13,20:00:00,140.0,140.309,139.839,140.21,12690,140.109,138.758,BULLISH_20_BAR_BREAKOUT,-0.04421938520791086,-0.1611867912417082,-0.19185507453106443
2023-06-15,04:00:00,139.97,141.085,139.938,141.077,22579,140.309,139.01,BULLISH_20_BAR_BREAKOUT,0.13680472366155508,-0.41112300374971406,-0.3919845190924086
2023-06-15,08:00:00,141.074,141.505,141.072,141.27,24909,141.085,139.01,BULLISH_20_BAR_BREAKOUT,-0.014157287463729192,-0.7135272881715932,-0.09343809726056841
2023-06-16,16:00:00,140.97,141.873,140.906,141.825,32076,141.505,139.01,BULLISH_20_BAR_BREAKOUT,0.04019037546272969,-0.2101181032963172,0.056407544509086915
2023-06-16,20:00:00,141.826,141.91,141.664,141.882,14759,141.873,139.01,BULLISH_20_BAR_BREAKOUT,-0.014801031843373372,-0.02537319744576575,0.060613749453760385
2023-06-22,16:00:00,142.129,142.892,141.765,142.887,29057,142.371,141.213,BULLISH_20_BAR_BREAKOUT,0.18616109233169648,0.12387411031093976,0.62916850378271
2023-06-22,20:00:00,142.889,143.227,142.865,143.153,11558,142.892,141.213,BULLISH_20_BAR_BREAKOUT,-0.08662060871933891,-0.19140360313790206,0.37931443979518864
2023-06-23,16:00:00,143.259,143.866,142.678,143.786,30190,143.448,141.213,BULLISH_20_BAR_BREAKOUT,-0.06259302018277399,-0.24341730071077458,-0.16343733047724648
2023-06-27,16:00:00,143.551,144.175,143.298,144.01,41550,143.941,141.619,BULLISH_20_BAR_BREAKOUT,-0.007638358447327047,-0.013887924449678363,0.14929518783418055
2023-06-28,12:00:00,144.076,144.257,143.824,144.191,26354,144.175,142.678,BULLISH_20_BAR_BREAKOUT,0.023579835079853676,0.13593081398977602,0.0700459806784051
2023-06-29,16:00:00,144.291,144.898,144.16,144.721,49374,144.698,142.938,BULLISH_20_BAR_BREAKOUT,0.07946324306770206,0.03593120556103986,-0.17136421113728514
2023-07-06,08:00:00,144.228,144.23,143.553,143.911,28691,144.911,143.981,BEARISH_20_BAR_BREAKOUT,-0.15982100047945588,0.13272091778946885,-0.47181938837198134
2023-07-07,08:00:00,143.91,143.955,143.136,143.232,21340,144.75,143.553,BEARISH_20_BAR_BREAKOUT,0.0034908400357430273,-0.7987042001787348,-0.6562779267202844
2023-07-07,16:00:00,143.237,143.417,142.101,142.216,56621,144.733,142.87,BEARISH_20_BAR_BREAKOUT,-0.09000393767228324,0.3881419812116727,-0.4612701805704041
2023-07-07,20:00:00,142.216,142.235,142.068,142.088,13293,144.733,142.101,BEARISH_20_BAR_BREAKOUT,0.08445470412702308,0.14357299701593926,-0.5566972580372704
2023-07-10,16:00:00,142.131,142.513,141.516,141.56,31240,144.733,142.068,BEARISH_20_BAR_BREAKOUT,-0.18578694546482427,-0.5432325515682435,-0.7367900536874868
2023-07-10,20:00:00,141.559,141.611,141.275,141.297,11286,144.695,141.516,BEARISH_20_BAR_BREAKOUT,0.005661832876854977,-0.5442436852870234,-0.6468644061798816
2023-07-11,04:00:00,141.305,141.457,140.608,140.791,23455,144.695,141.211,BEARISH_20_BAR_BREAKOUT,-0.18680171317769265,-0.19461471258816324,-0.8097108479945355
2023-07-11,08:00:00,140.79,140.945,140.419,140.528,26263,144.695,140.608,BEARISH_20_BAR_BREAKOUT,-0.09820107024934907,-0.10318228395763251,-0.6831378799954312
2023-07-11,12:00:00,140.53,140.625,140.159,140.39,20057,144.652,140.419,BEARISH_20_BAR_BREAKOUT,0.09046228363844261,-0.19303369185838493,-0.6225514637794681
2023-07-12,00:00:00,140.381,140.387,140.069,140.119,5897,144.652,140.159,BEARISH_20_BAR_BREAKOUT,-0.3340018127448735,-0.43034848949821836,-1.2831949985369593
2023-07-12,04:00:00,140.119,140.16,139.364,139.651,26404,144.229,140.069,BEARISH_20_BAR_BREAKOUT,-0.05943387444414892,-1.0297097765143224,-0.8220492513480208
2023-07-12,16:00:00,139.516,139.643,138.153,138.213,60067,143.955,139.311,BEARISH_20_BAR_BREAKOUT,0.1743685470976058,0.2098210732709601,-0.05064646596195234
2023-07-13,20:00:00,138.143,138.185,137.921,138.016,12200,142.599,138.05,BEARISH_20_BAR_BREAKOUT,0.03405402272200111,0.1528808254115557,0.5752956178993821
2023-07-14,04:00:00,138.062,138.112,137.233,137.432,26278,141.611,137.889,BEARISH_20_BAR_BREAKOUT,0.5784678968508179,0.9546539379475028,0.8920775365271546
2023-07-19,08:00:00,139.281,139.679,139.197,139.498,25481,139.405,137.233,BULLISH_20_BAR_BREAKOUT,0.21362313438185626,0.14337123112877395,0.0903238756111233
2023-07-19,12:00:00,139.499,139.992,139.407,139.796,19639,139.679,137.233,BULLISH_20_BAR_BREAKOUT,-0.022175169532751948,-0.1344816732953648,-0.19027726115195795
2023-07-20,16:00:00,139.53,140.413,139.523,140.393,34576,139.992,137.682,BULLISH_20_BAR_BREAKOUT,-0.2143981537540958,-0.1545661108459916,0.9644355487809317
2023-07-21,08:00:00,140.178,141.392,140.021,141.367,22122,140.497,137.682,BULLISH_20_BAR_BREAKOUT,0.2871957387509149,0.29073263208528255,0.03395417600996118
2023-07-21,12:00:00,141.368,141.952,141.283,141.773,35105,141.392,137.682,BULLISH_20_BAR_BREAKOUT,-0.01833917600670229,-0.016223117236706663,-0.5480592214314339
2023-07-27,04:00:00,140.367,140.482,139.378,139.823,19775,141.849,139.921,BEARISH_20_BAR_BREAKOUT,0.1087088676397923,0.8682405612810471,-0.07366456162434552
2023-07-27,20:00:00,141.037,141.154,138.765,139.063,37387,141.743,139.378,BEARISH_20_BAR_BREAKOUT,-0.14022421492416617,0.5062453708031668,1.5065114372622475
2023-07-31,04:00:00,140.752,141.885,140.688,141.742,29403,141.32,138.06,BULLISH_20_BAR_BREAKOUT,0.30266258413173375,0.3125396847793964,0.6525941499343959
2023-07-31,08:00:00,141.742,142.22,141.575,142.171,23245,141.885,138.06,BULLISH_20_BAR_BREAKOUT,0.016177701500303253,0.06541418432733662,0.37912091776805096
2023-08-01,12:00:00,142.711,142.983,142.614,142.974,16572,142.845,138.06,BULLISH_20_BAR_BREAKOUT,0.25459174395344913,-0.008393134416047991,-0.11820330969265931
2023-08-01,16:00:00,142.972,143.468,142.877,143.338,38941,142.983,138.06,BULLISH_20_BAR_BREAKOUT,0.028603719878885447,-0.13604208235080242,-0.09278767668028112
2023-08-04,16:00:00,142.694,142.895,141.549,141.796,58614,143.888,142.064,BEARISH_20_BAR_BREAKOUT,-0.06629242009647246,0.27151682699090196,0.4591102710936913
2023-08-08,20:00:00,143.178,143.49,143.176,143.451,11157,143.433,141.51,BULLISH_20_BAR_BREAKOUT,-0.13454071425084776,-0.14430014430013988,0.17706394517990054
2023-08-09,16:00:00,143.442,143.728,143.241,143.582,31688,143.49,141.51,BULLISH_20_BAR_BREAKOUT,0.08566533409481612,0.20476104247051244,0.5724951595603925
2023-08-10,04:00:00,143.715,143.886,143.685,143.876,12929,143.756,141.51,BULLISH_20_BAR_BREAKOUT,-0.047957963802174666,0.3669826795295891,0.5560343629236169
2023-08-10,16:00:00,143.783,144.486,143.28,144.404,50613,144.105,141.796,BULLISH_20_BAR_BREAKOUT,0.2673056148029111,0.18836043322899043,0.3559458186753899
2023-08-10,20:00:00,144.406,144.795,144.384,144.79,17809,144.486,141.796,BULLISH_20_BAR_BREAKOUT,0.04212998135230821,-0.1160301125768202,0.10497962566476639
2023-08-11,00:00:00,144.79,144.87,144.662,144.851,4621,144.795,141.796,BULLISH_20_BAR_BREAKOUT,-0.12081380176872189,-0.2568156243311994,0.0
2023-08-11,16:00:00,144.479,144.968,144.416,144.918,36512,144.892,142.834,BULLISH_20_BAR_BREAKOUT,0.016561089719704183,-0.002760181619963772,0.2622172538953032
2023-08-14,16:00:00,145.069,145.577,145.065,145.298,28988,145.221,142.996,BULLISH_20_BAR_BREAKOUT,0.10461258929922422,0.13420694021940646,0.06813583118830922
2023-08-15,08:00:00,145.493,145.845,145.32,145.797,19349,145.589,143.28,BULLISH_20_BAR_BREAKOUT,-0.1838172253201374,-0.1735289477835524,-0.29493062271514975
2023-08-16,20:00:00,145.813,146.406,145.802,146.373,13883,145.935,144.416,BULLISH_20_BAR_BREAKOUT,-0.027327444269087908,-0.10384428822254571,-0.44680371379967376
2023-08-17,04:00:00,146.333,146.561,146.326,146.424,15959,146.406,144.651,BULLISH_20_BAR_BREAKOUT,-0.13863847456701286,-0.17756651914987934,-0.7205102988581154
2023-08-23,16:00:00,145.437,145.595,144.575,144.626,42989,146.404,144.927,BEARISH_20_BAR_BREAKOUT,0.16871102014852085,0.2662038637589305,0.7792513102761475
2023-08-25,16:00:00,145.997,146.635,145.716,146.381,48625,146.258,144.538,BULLISH_20_BAR_BREAKOUT,0.009564082770311724,0.05738449662183151,0.015712421694069677
2023-08-29,12:00:00,146.457,147.162,146.405,147.14,16811,146.745,144.616,BULLISH_20_BAR_BREAKOUT,-0.7672964523582919,-0.787685197770825,-0.5423406279733407
2023-08-31,20:00:00,145.689,145.689,145.348,145.455,9450,147.375,145.458,BEARISH_20_BAR_BREAKOUT,0.021312433398630152,-0.022687429101794682,0.5204358736378787
2023-09-01,12:00:00,145.421,145.516,145.208,145.23,11914,147.375,145.236,BEARISH_20_BAR_BREAKOUT,0.6727260207946044,0.5742615162156602,0.7994216071059709
2023-09-05,00:00:00,146.485,146.554,146.269,146.538,2074,146.498,144.439,BULLISH_20_BAR_BREAKOUT,0.13921303689144066,0.5500279790907362,0.6278234997065522
2023-09-05,04:00:00,146.538,146.775,146.488,146.742,8171,146.554,144.439,BULLISH_20_BAR_BREAKOUT,0.11653105450383713,0.6051437216338916,0.5608482915593406
2023-09-05,08:00:00,146.738,147.085,146.642,146.913,15175,146.775,144.439,BULLISH_20_BAR_BREAKOUT,0.29337090659096415,0.5520273903602667,0.31311048035230343
2023-09-05,12:00:00,146.913,147.348,146.839,147.344,16932,147.085,144.439,BULLISH_20_BAR_BREAKOUT,0.19410359430991514,0.07736996416549322,0.02036051688565611
2023-09-05,16:00:00,147.344,147.732,147.079,147.63,37508,147.348,144.439,BULLISH_20_BAR_BREAKOUT,0.06367269525163861,-0.04402899139741091,0.012192643771591603
2023-09-11,04:00:00,147.128,147.144,146.367,146.464,23755,147.873,146.583,BEARISH_20_BAR_BREAKOUT,-0.19663535066638282,0.004096569805549642,0.1467937513655256
2023-09-11,08:00:00,146.465,146.713,145.899,146.176,28786,147.873,146.367,BEARISH_20_BAR_BREAKOUT,0.40841177758319314,0.24491024518389073,0.43440783712785913
2023-09-15,08:00:00,147.468,147.802,147.368,147.754,18149,147.745,146.434,BULLISH_20_BAR_BREAKOUT,0.025718423866704736,0.05008324647726105,-0.023688021982482092
2023-09-20,08:00:00,147.818,148.167,147.802,148.142,14620,147.95,147.338,BULLISH_20_BAR_BREAKOUT,-0.17685733957959288,0.021600896437209357,0.07560313753020398
2023-09-20,20:00:00,147.733,148.204,147.473,148.174,31388,148.167,147.502,BULLISH_20_BAR_BREAKOUT,0.09785792379228596,0.053990578644015866,-0.4083037509954635
2023-09-21,00:00:00,148.174,148.352,148.165,148.319,6752,148.204,147.473,BULLISH_20_BAR_BREAKOUT,-0.022249340947543498,-0.24137163815827756,-0.45375171083947563
2023-09-21,16:00:00,147.961,148.059,147.32,147.421,33403,148.461,147.473,BEARISH_20_BAR_BREAKOUT,0.10039275272857745,0.4666906343058429,0.5521601400072048
2023-09-25,12:00:00,148.438,148.71,148.434,148.673,7590,148.483,147.32,BULLISH_20_BAR_BREAKOUT,0.045065344749892225,0.10089256287288592,0.14932099305187116
2023-09-25,16:00:00,148.678,148.961,148.645,148.74,12884,148.71,147.32,BULLISH_20_BAR_BREAKOUT,0.054457442517136516,0.08605620545918105,0.10824257092913901
2023-09-27,16:00:00,149.18,149.499,149.149,149.485,14570,149.248,147.902,BULLISH_20_BAR_BREAKOUT,0.07291701508511252,-0.042813660233482535,-0.2000200689032388
2023-09-27,20:00:00,149.485,149.708,149.459,149.594,10774,149.499,147.957,BULLISH_20_BAR_BREAKOUT,-0.06684760083960208,-0.1858363303340987,-0.242656791047769
2023-10-02,04:00:00,149.528,149.8,149.451,149.778,5905,149.708,148.523,BULLISH_20_BAR_BREAKOUT,-0.019361989077165114,0.020029643872932698,0.05741831243574673
2023-10-03,12:00:00,149.786,149.974,149.735,149.974,7296,149.931,148.523,BULLISH_20_BAR_BREAKOUT,-0.5354261405310236,-0.5300918825929745,-0.6467787749876638
2023-10-12,16:00:00,149.15,149.795,149.037,149.717,48932,149.323,148.161,BULLISH_20_BAR_BREAKOUT,0.06412097490597274,0.030724633809114704,-0.06545682854987288
2023-10-12,20:00:00,149.717,149.828,149.659,149.813,12920,149.795,148.161,BULLISH_20_BAR_BREAKOUT,-0.018689966825303272,-0.10479731398475585,-0.16687470379740077
2023-10-18,16:00:00,149.676,149.881,149.628,149.863,19920,149.848,148.959,BULLISH_20_BAR_BREAKOUT,0.008007313346189824,-0.03803473839439218,0.03670018617003985
2023-10-20,08:00:00,149.847,149.977,149.836,149.964,17056,149.959,148.959,BULLISH_20_BAR_BREAKOUT,-0.015337014216742774,-0.07935237790403016,-0.04401056253501007
2023-10-24,08:00:00,149.584,149.749,149.4,149.452,10910,149.989,149.493,BEARISH_20_BAR_BREAKOUT,0.22615956962770248,0.29909268527688,0.2910633514439434
2023-10-25,20:00:00,149.922,150.043,149.858,150.009,13765,149.989,149.317,BULLISH_20_BAR_BREAKOUT,0.1106600270650596,0.287316094367679,0.2373190941876974
2023-10-26,00:00:00,150.01,150.313,149.991,150.175,7304,150.043,149.317,BULLISH_20_BAR_BREAKOUT,0.16847011819542926,0.06192775095720946,0.12585317130014512
2023-10-26,04:00:00,150.18,150.434,150.036,150.428,10641,150.313,149.317,BULLISH_20_BAR_BREAKOUT,0.00797723828010773,-0.059164517244129175,-0.17284016273565486
2023-10-26,08:00:00,150.428,150.775,149.839,150.44,14921,150.434,149.317,BULLISH_20_BAR_BREAKOUT,-0.1143312948683841,-0.04985376229725381,-0.17016750864131894
2023-10-30,16:00:00,149.75,149.851,148.802,149.009,25044,150.775,149.298,BEARISH_20_BAR_BREAKOUT,0.0342261205699093,0.593923856948251,1.6408404861451467
2023-10-31,16:00:00,150.733,151.556,150.633,151.454,33092,150.775,148.802,BULLISH_20_BAR_BREAKOUT,0.0785717115427785,-0.14129702748029013,-0.3248511099079711
2023-10-31,20:00:00,151.453,151.706,151.051,151.573,14556,151.556,148.802,BULLISH_20_BAR_BREAKOUT,-0.1702150119084598,-0.12997037730994485,-0.4684211568023381
2023-11-03,16:00:00,150.178,150.222,149.187,149.364,43540,151.706,149.842,BEARISH_20_BAR_BREAKOUT,-0.008034064433197059,0.13858761147263976,0.24303044910420152
2023-11-08,16:00:00,150.739,150.982,150.726,150.848,9738,150.791,149.187,BULLISH_20_BAR_BREAKOUT,0.11932541366141969,0.05899978786593036,0.06496605854899286
2023-11-08,20:00:00,150.848,151.049,150.727,151.028,6489,150.982,149.187,BULLISH_20_BAR_BREAKOUT,-0.11918319781760893,-0.0768069497046809,0.19400376089202426
2023-11-09,12:00:00,150.912,151.181,150.876,151.136,6767,151.089,149.374,BULLISH_20_BAR_BREAKOUT,-0.12571458818547385,0.1363010798221584,0.2229779800974073
2023-11-09,20:00:00,150.946,151.384,150.932,151.321,12316,151.181,149.374,BULLISH_20_BAR_BREAKOUT,0.013877782991134744,0.03238149364596229,0.13216936182022893
2023-11-10,12:00:00,151.371,151.486,151.324,151.473,5560,151.45,149.958,BULLISH_20_BAR_BREAKOUT,0.0,-0.011223122272632302,0.16702646676304417
2023-11-13,04:00:00,151.459,151.696,151.441,151.666,6914,151.598,150.288,BULLISH_20_BAR_BREAKOUT,0.05011011037410718,0.011868184035974234,0.02043965028418097
2023-11-13,08:00:00,151.666,151.799,151.66,151.742,7822,151.696,150.288,BULLISH_20_BAR_BREAKOUT,-0.010544213203985141,-0.0962159454864089,-0.07512751907843862
2023-11-14,20:00:00,150.815,150.863,150.343,150.346,11906,151.906,150.679,BEARISH_20_BAR_BREAKOUT,0.08646721562262744,0.22747529033029448,0.6857515331302502
2023-11-17,12:00:00,150.44,150.451,149.225,149.503,19500,151.782,150.048,BEARISH_20_BAR_BREAKOUT,0.03545079362957646,0.302335070199278,-0.8688788853735231
2023-11-20,04:00:00,149.956,149.986,148.85,148.904,15384,151.427,149.192,BEARISH_20_BAR_BREAKOUT,0.0,-0.36063504002579255,-1.0254929350453896
2023-11-20,12:00:00,148.904,148.967,148.1,148.204,16840,151.427,148.684,BEARISH_20_BAR_BREAKOUT,0.10998353620683819,0.11808048365764955,-0.3299506086205529
2023-11-21,04:00:00,148.378,148.414,147.344,147.377,17261,151.427,148.1,BEARISH_20_BAR_BREAKOUT,0.09363740610812868,0.28023368639610147,0.5645385643621417
2023-11-28,00:00:00,148.602,148.69,148.357,148.411,2800,149.746,148.541,BEARISH_20_BAR_BREAKOUT,-0.1361085094770591,0.11858959241564825,-0.9096360781882705
2023-11-28,04:00:00,148.411,148.412,147.969,148.209,7205,149.744,148.357,BEARISH_20_BAR_BREAKOUT,0.20174213441829214,-0.2273816030065577,-0.6220944746945173
2023-11-28,16:00:00,148.586,148.691,147.701,147.872,13759,149.708,147.969,BEARISH_20_BAR_BREAKOUT,-0.30499350789873797,-0.3956124215537816,-0.32731010603766014
2023-11-28,20:00:00,147.872,147.91,147.32,147.421,9559,149.708,147.701,BEARISH_20_BAR_BREAKOUT,-0.24419858771815767,-0.054944682236580174,-0.12481261150039513
2023-11-29,00:00:00,147.422,147.542,147.013,147.061,4187,149.708,147.32,BEARISH_20_BAR_BREAKOUT,0.15367772556966094,0.38011437430725853,-0.003399949680741632
2023-12-04,00:00:00,146.682,146.763,146.227,146.359,4426,148.691,146.66,BEARISH_20_BAR_BREAKOUT,0.25553604493061255,0.124351765180131,0.6449893754398351
2023-12-07,08:00:00,146.861,146.898,145.521,145.714,13248,147.497,146.226,BEARISH_20_BAR_BREAKOUT,-0.4721577885446753,-1.5475520540236323,-1.1138257133837453
2023-12-07,12:00:00,145.715,145.716,144.547,145.026,19906,147.497,145.521,BEARISH_20_BAR_BREAKOUT,-0.6847048115510483,-0.5426613159019804,-0.39854922565609124
2023-12-07,16:00:00,145.026,145.3,143.937,144.033,21473,147.497,144.547,BEARISH_20_BAR_BREAKOUT,-0.3985197836606777,-0.17912561704608065,0.3283969645845141
2023-12-07,20:00:00,144.034,144.315,141.633,143.459,18393,147.497,143.937,BEARISH_20_BAR_BREAKOUT,0.543709352497927,0.4405439881778103,1.0044681755762987
2023-12-13,20:00:00,145.156,145.272,142.879,143.143,16969,146.586,143.723,BEARISH_20_BAR_BREAKOUT,-0.24800374450723384,-0.7908175740343607,-0.8543903648798846
2023-12-14,00:00:00,143.14,143.272,142.078,142.788,14038,146.586,142.879,BEARISH_20_BAR_BREAKOUT,-0.9699694652211805,-0.9587640417962291,-0.3564725327058398
2023-12-14,04:00:00,142.79,142.912,140.959,141.403,18789,146.586,142.078,BEARISH_20_BAR_BREAKOUT,0.4299767331669088,0.19589400507769658,0.3472344999752579
2023-12-19,08:00:00,143.514,144.265,142.48,144.169,115051,143.781,140.959,BULLISH_20_BAR_BREAKOUT,0.4321317342840627,-0.18311842351685176,-0.4349062558525131
2023-12-19,12:00:00,144.169,144.958,144.144,144.792,69915,144.265,140.959,BULLISH_20_BAR_BREAKOUT,-0.6816674954417336,-0.6029338637493717,-0.9827891043704083
2023-12-28,00:00:00,141.883,141.894,141.377,141.437,16417,142.846,141.542,BEARISH_20_BAR_BREAKOUT,-0.09191371423320903,-0.4390647426062553,0.001414057142035767
2023-12-28,04:00:00,141.436,141.668,141.167,141.307,45507,142.846,141.377,BEARISH_20_BAR_BREAKOUT,-0.3425166481490517,-0.3000559066429676,0.12384382939274868
2023-12-28,08:00:00,141.308,141.32,140.712,140.823,39291,142.846,141.167,BEARISH_20_BAR_BREAKOUT,-0.004970778921060482,0.4473701028951204,0.4182555406432178
2024-01-03,08:00:00,141.887,142.47,141.855,142.419,27477,142.216,140.249,BULLISH_20_BAR_BREAKOUT,0.3616090549715883,0.5729572599161646,0.6705565970832431
2024-01-03,12:00:00,142.42,142.981,142.398,142.934,45023,142.47,140.249,BULLISH_20_BAR_BREAKOUT,0.4645500720612421,0.04267703975261802,0.9242027789049476
2024-01-03,16:00:00,142.933,143.729,142.789,143.598,94695,142.981,140.249,BULLISH_20_BAR_BREAKOUT,-0.25278903605899766,-0.17897185197565774,0.7409573949497854
2024-01-04,12:00:00,143.374,144.295,143.362,144.255,57694,143.896,140.791,BULLISH_20_BAR_BREAKOUT,0.2821392672697728,0.35769990641571603,0.7015354753734709
2024-01-04,16:00:00,144.255,144.852,144.061,144.662,71876,144.295,140.791,BULLISH_20_BAR_BREAKOUT,-0.06083145539256602,0.17972930002349677,-0.3684450650481919
2024-01-05,04:00:00,144.771,144.952,144.654,144.922,38953,144.852,140.791,BULLISH_20_BAR_BREAKOUT,0.10695408564607248,-0.5471909026924873,-0.3008514925270194
2024-01-05,08:00:00,144.923,145.37,144.654,145.077,44738,144.952,140.807,BULLISH_20_BAR_BREAKOUT,0.13096493586164432,-0.35774106164313124,-0.4556201189713059
2024-01-11,16:00:00,145.393,146.417,144.953,145.957,146711,145.83,143.417,BULLISH_20_BAR_BREAKOUT,-0.3274937139020261,-0.7152791575600915,-0.854361215974558
2024-01-16,12:00:00,146.159,146.75,146.005,146.605,61957,146.417,144.349,BULLISH_20_BAR_BREAKOUT,0.06821049759559547,0.43518297465980377,0.7209849595852914
2024-01-16,20:00:00,146.706,147.311,146.695,147.247,66534,146.798,144.349,BULLISH_20_BAR_BREAKOUT,-0.0027165239359845015,0.42377773401155555,0.6920344726887317
2024-01-17,04:00:00,147.243,147.483,147.093,147.328,44458,147.311,144.349,BULLISH_20_BAR_BREAKOUT,0.36856537793223715,0.7581722415290985,0.4683427454387473
2024-01-17,08:00:00,147.328,147.97,147.278,147.871,55510,147.483,144.349,BULLISH_20_BAR_BREAKOUT,-0.14133941070257397,0.2671247235766187,-0.05680627033022241
2024-01-17,16:00:00,147.663,148.528,147.584,148.445,83514,147.97,144.349,BULLISH_20_BAR_BREAKOUT,-0.12058338105022201,-0.2876486240695157,-0.18188554683551608
2024-01-23,08:00:00,147.891,148.205,146.977,147.585,100932,148.804,147.616,BEARISH_20_BAR_BREAKOUT,0.29948843039602857,0.5352847511603429,0.14229088321982555
2024-01-24,16:00:00,147.516,147.519,146.646,146.944,106896,148.804,146.977,BEARISH_20_BAR_BREAKOUT,0.4192073170731802,0.4797746080139458,0.43077635017422267
2024-01-31,16:00:00,147.844,147.883,146.138,146.181,131236,148.332,147.086,BEARISH_20_BAR_BREAKOUT,0.13202810214732666,0.35709155088554007,0.09029901286759331
2024-02-02,16:00:00,146.532,148.344,146.51,148.277,124469,147.928,145.895,BULLISH_20_BAR_BREAKOUT,0.043162459450907006,0.08025519804150326,0.4026248170653631
2024-02-05,16:00:00,148.436,148.877,148.394,148.874,65764,148.821,145.895,BULLISH_20_BAR_BREAKOUT,-0.11956419522549087,-0.16524040463748493,-0.5239329903139576
2024-02-08,12:00:00,148.733,149.25,148.647,149.16,24113,148.895,147.617,BULLISH_20_BAR_BREAKOUT,0.1823545186376987,0.06570126039153472,0.15956020380799113
2024-02-08,16:00:00,149.16,149.479,149.085,149.432,33046,149.25,147.617,BULLISH_20_BAR_BREAKOUT,-0.0314524332137675,0.0006692007066791416,-0.07294287702766505
2024-02-13,08:00:00,149.527,149.652,149.444,149.587,13873,149.576,147.928,BULLISH_20_BAR_BREAKOUT,-0.14038653091510594,0.8550208240021024,0.5775902986222093
2024-02-13,16:00:00,149.375,150.606,149.193,150.591,39620,149.693,148.324,BULLISH_20_BAR_BREAKOUT,0.18261383482413004,-0.05113187375075415,0.01660125771128798
2024-02-13,20:00:00,150.591,150.881,150.512,150.866,18531,150.606,148.647,BULLISH_20_BAR_BREAKOUT,-0.0954489414447294,-0.27507854652474406,-0.20548036005461948
2024-02-22,16:00:00,150.217,150.643,150.206,150.503,31189,150.458,149.681,BULLISH_20_BAR_BREAKOUT,0.02923529763527049,-0.015282087400248591,0.016610964565494168
2024-02-29,04:00:00,150.655,150.655,149.707,149.809,19955,150.843,150.074,BEARISH_20_BAR_BREAKOUT,-0.09879246240212279,-0.11147527852131821,0.34243603521818133
2024-02-29,08:00:00,149.81,150.102,149.618,149.661,19900,150.843,149.707,BEARISH_20_BAR_BREAKOUT,0.20713479129499485,0.20245755407220134,0.5585957597503777
2024-03-06,08:00:00,149.975,150.018,149.322,149.533,16365,150.721,149.702,BEARISH_20_BAR_BREAKOUT,0.1190372693653078,-0.1277310025211653,-1.065316685948914
2024-03-07,04:00:00,149.258,149.258,148.556,148.665,26011,150.568,149.09,BEARISH_20_BAR_BREAKOUT,-0.4876736286281198,-0.35583358557831124,-0.5751185551407458
2024-03-07,08:00:00,148.666,148.678,147.934,147.94,24021,150.568,148.556,BEARISH_20_BAR_BREAKOUT,-0.06962282006219321,0.04190888197918874,-0.040556982560499034
2024-03-07,12:00:00,147.94,148.109,147.767,147.837,25848,150.568,147.934,BEARISH_20_BAR_BREAKOUT,0.20224977509013753,0.016234095659409288,-0.4998748621792758
2024-03-08,12:00:00,147.88,147.967,146.87,147.098,26669,150.541,147.518,BEARISH_20_BAR_BREAKOUT,-0.0469075038409882,-0.20734476335504687,-0.3086377788957074
2024-03-14,16:00:00,147.695,148.318,147.437,148.191,23370,148.175,146.483,BULLISH_20_BAR_BREAKOUT,0.026992192508311596,0.12348928072554521,0.639040157634406
2024-03-15,04:00:00,148.301,148.653,148.265,148.374,9965,148.356,146.615,BULLISH_20_BAR_BREAKOUT,0.13142464313154137,0.514915012064115,0.4818903581490041
2024-03-15,16:00:00,148.65,149.141,148.623,149.138,14756,148.831,147.066,BULLISH_20_BAR_BREAKOUT,-0.08917914951253858,-0.03285547613620043,-0.004023119526881296
2024-03-19,04:00:00,149.142,149.927,149.0,149.699,11677,149.329,147.437,BULLISH_20_BAR_BREAKOUT,0.37274798094843165,0.6893833626143009,1.0788315219206412
2024-03-19,08:00:00,149.703,150.485,149.67,150.257,17738,149.927,147.437,BULLISH_20_BAR_BREAKOUT,0.087849484549808,0.4232747891945105,0.8172664168724311
2024-03-19,16:00:00,150.387,150.852,150.344,150.731,13410,150.701,147.437,BULLISH_20_BAR_BREAKOUT,0.10747623249365171,0.3867817502703481,0.6163297530036967
2024-03-19,20:00:00,150.731,150.962,150.714,150.893,6908,150.852,147.437,BULLISH_20_BAR_BREAKOUT,0.08416560078997007,0.3923309895091309,0.21140808387399576
2024-03-20,00:00:00,150.893,151.063,150.768,151.02,3417,150.962,147.437,BULLISH_20_BAR_BREAKOUT,0.19467620182756104,0.454906634882786,-0.18871672626142005
2024-03-20,04:00:00,151.016,151.338,151.0,151.314,7660,151.063,148.031,BULLISH_20_BAR_BREAKOUT,0.11301003211865439,0.2286635737605269,-0.5458847165496871
2024-03-20,08:00:00,151.314,151.581,151.313,151.485,9606,151.338,148.031,BULLISH_20_BAR_BREAKOUT,0.1465491632834802,-0.18021586295674458,-0.1742746806614582
2024-03-20,12:00:00,151.485,151.762,151.423,151.707,11055,151.581,148.031,BULLISH_20_BAR_BREAKOUT,-0.030980772146306398,-0.640708734600236,-0.3941808881594025
2024-04-04,20:00:00,151.66,151.684,151.119,151.228,10453,151.954,151.326,BEARISH_20_BAR_BREAKOUT,0.04298145846007202,0.0727378527785762,0.25722749755335095
2024-04-10,16:00:00,151.839,152.944,151.771,152.9,19607,151.942,151.09,BULLISH_20_BAR_BREAKOUT,0.039241334205364464,0.027468933943755124,0.19097449313276754
2024-04-10,20:00:00,152.9,152.981,152.638,152.96,12143,152.944,151.27,BULLISH_20_BAR_BREAKOUT,-0.005230125523018944,0.11375523012550873,0.15559623430962313
2024-04-15,04:00:00,153.302,153.741,153.277,153.671,8121,153.383,151.65,BULLISH_20_BAR_BREAKOUT,0.1509718814870726,0.3813341489285635,0.44120230882859957
2024-04-15,08:00:00,153.668,153.97,153.663,153.903,10279,153.741,151.65,BULLISH_20_BAR_BREAKOUT,0.004548319395986435,0.20597389264667176,0.31578331806398735
2024-04-15,16:00:00,153.909,154.442,153.864,154.257,18946,153.97,151.744,BULLISH_20_BAR_BREAKOUT,-0.023985945532459557,0.059640729432041684,0.202908133828603
2024-04-16,12:00:00,154.389,154.703,154.376,154.618,10051,154.604,152.592,BULLISH_20_BAR_BREAKOUT,-0.03104425099277045,0.05238717355030933,0.006467552290154385
2024-04-22,20:00:00,154.773,154.851,154.756,154.831,3716,154.788,153.588,BULLISH_20_BAR_BREAKOUT,-0.012917309841040754,-0.005166923936408959,-0.005812789428464668
2024-04-24,08:00:00,154.846,154.961,154.769,154.901,4410,154.875,153.588,BULLISH_20_BAR_BREAKOUT,0.016784914235532394,0.2550015816553681,0.46868645134634324
2024-04-24,16:00:00,154.925,155.171,154.767,155.115,10076,154.961,154.206,BULLISH_20_BAR_BREAKOUT,0.11668761886341306,0.22177094413821621,0.25980723978982795
2024-04-24,20:00:00,155.115,155.371,155.064,155.296,6468,155.171,154.342,BULLISH_20_BAR_BREAKOUT,-0.019317947661241203,0.21314135586236435,0.21378528745105713
2024-04-25,04:00:00,155.266,155.511,155.244,155.459,4691,155.371,154.356,BULLISH_20_BAR_BREAKOUT,0.108067078779618,0.037952128857124706,0.30876308222746174
2024-04-25,08:00:00,155.459,155.738,155.448,155.627,6104,155.511,154.356,BULLISH_20_BAR_BREAKOUT,-0.04562190365424891,0.0006425620232841043,0.6901116130234366
2024-04-26,04:00:00,155.616,156.142,155.419,155.939,5455,155.745,154.556,BULLISH_20_BAR_BREAKOUT,0.4886526141632308,1.0773443461866543,2.219457608423815
2024-04-26,08:00:00,155.939,156.821,155.908,156.701,8237,156.142,154.556,BULLISH_20_BAR_BREAKOUT,0.07275001435855823,1.0414738897645868,-0.7249475115027956
2024-04-26,16:00:00,156.815,157.669,156.622,157.619,12592,156.861,154.556,BULLISH_20_BAR_BREAKOUT,0.4529910734111996,1.1299399184108554,-0.5735349164758032
2024-04-26,20:00:00,157.619,158.44,157.579,158.333,7948,157.669,154.556,BULLISH_20_BAR_BREAKOUT,-0.08463175711947991,-1.7482142067667517,-1.4501083160175026
2024-04-29,04:00:00,158.199,160.222,158.048,159.4,10038,158.44,154.556,BULLISH_20_BAR_BREAKOUT,-2.405897114178173,-1.6844416562107916,-1.6681304893350009
2024-05-08,04:00:00,154.773,155.263,154.687,155.16,7331,154.839,151.86,BULLISH_20_BAR_BREAKOUT,0.10698633668471051,0.1701469450889469,0.2507089456045437
2024-05-08,08:00:00,155.161,155.357,155.079,155.326,6662,155.263,151.86,BULLISH_20_BAR_BREAKOUT,0.1049405765937518,0.19507358716505754,0.32834168136694397
2024-05-08,12:00:00,155.326,155.515,155.216,155.489,7324,155.357,151.86,BULLISH_20_BAR_BREAKOUT,-0.041803600254678934,-0.07460334814682316,0.2495353369048648
2024-05-09,08:00:00,155.549,155.846,155.537,155.836,5067,155.7,152.747,BULLISH_20_BAR_BREAKOUT,0.026309710208165516,-0.2624554018327089,-0.09625503734695813
2024-05-09,12:00:00,155.836,155.952,155.799,155.877,5290,155.846,153.318,BULLISH_20_BAR_BREAKOUT,-0.1257401669264856,-0.3117842914605865,-0.08917287348358642
2024-05-13,16:00:00,155.877,156.221,155.683,156.174,7111,155.956,155.079,BULLISH_20_BAR_BREAKOUT,0.02305121210957097,0.15175381305466643,0.21130277767104902
2024-05-14,04:00:00,156.227,156.493,156.224,156.411,4901,156.245,155.159,BULLISH_20_BAR_BREAKOUT,0.03132771991740133,0.059458733720767286,-0.011508142010472846
2024-05-15,16:00:00,155.674,155.799,154.74,155.024,15348,156.79,155.5,BEARISH_20_BAR_BREAKOUT,-0.03805862318092521,-0.6831200330271425,0.1477190628547741
2024-05-16,00:00:00,154.969,154.969,154.153,154.297,4923,156.79,154.688,BEARISH_20_BAR_BREAKOUT,-0.21516944593867257,0.3758984296519132,0.7129108148570578
2024-05-16,04:00:00,154.288,154.533,153.597,153.965,11987,156.79,154.153,BEARISH_20_BAR_BREAKOUT,0.2916247199038638,0.8365537622186747,1.185334329230662
2024-05-20,20:00:00,156.095,156.3,156.046,156.288,3748,156.227,153.597,BULLISH_20_BAR_BREAKOUT,0.07294226044224503,-0.035831285831293254,-0.07742117117117714
2024-05-21,00:00:00,156.289,156.402,156.132,156.402,2397,156.3,153.597,BULLISH_20_BAR_BREAKOUT,0.04667459495403352,-0.11189115228704427,-0.08567665375122194
2024-05-21,04:00:00,156.401,156.496,156.341,156.475,5847,156.402,153.597,BULLISH_20_BAR_BREAKOUT,-0.15529637322255632,-0.2511583320019177,-0.10608723438248718
2024-05-22,12:00:00,156.4,156.611,156.387,156.584,6178,156.544,155.248,BULLISH_20_BAR_BREAKOUT,-0.051729423185010774,0.09515659326623468,0.0012772697082776973
2024-05-22,20:00:00,156.498,156.724,156.447,156.705,6483,156.611,155.248,BULLISH_20_BAR_BREAKOUT,0.017867968475793104,0.033183370026478094,0.10784595258605834
2024-05-23,00:00:00,156.705,156.832,156.656,156.733,2970,156.724,155.248,BULLISH_20_BAR_BREAKOUT,0.014036610031066437,-0.09379007611670252,0.16333509854338282
2024-05-23,16:00:00,156.586,157.194,156.526,157.056,11506,156.898,155.497,BULLISH_20_BAR_BREAKOUT,-0.11588223308884497,-0.001910146699275624,-0.09614405052975401
2024-05-29,00:00:00,157.137,157.286,157.092,157.272,2371,157.194,156.526,BULLISH_20_BAR_BREAKOUT,0.025433643623798553,-0.0012716821811772775,0.22572358716110827
2024-05-29,04:00:00,157.272,157.404,157.205,157.312,5316,157.286,156.58,BULLISH_20_BAR_BREAKOUT,-0.1017087062652722,0.20087469487386472,0.04004780309193715
2024-05-29,16:00:00,157.268,157.642,157.158,157.628,8136,157.404,156.58,BULLISH_20_BAR_BREAKOUT,0.03742989824144563,-0.16050447889967895,-0.6274265993351282
2024-05-29,20:00:00,157.628,157.708,157.615,157.687,4483,157.642,156.58,BULLISH_20_BAR_BREAKOUT,-0.038050061197183196,-0.45469823130633014,-0.5371400305668877
2024-06-03,16:00:00,156.853,156.938,155.949,156.038,12504,157.708,156.372,BEARISH_20_BAR_BREAKOUT,0.12561042822901983,0.22366346659146458,-0.7472538740563175
2024-06-04,08:00:00,156.389,156.418,155.358,155.386,8882,157.699,155.949,BEARISH_20_BAR_BREAKOUT,-0.33593760055602906,-0.39707566962273966,0.4878174352901869
2024-06-04,12:00:00,155.387,155.471,154.705,154.864,13338,157.627,155.358,BEARISH_20_BAR_BREAKOUT,0.005165822915596766,0.16207769397665356,0.8278231222233587
2024-06-07,16:00:00,155.591,157.074,155.517,156.599,14951,156.482,154.544,BULLISH_20_BAR_BREAKOUT,0.10408751013736418,0.3531312460488236,0.213922183411138
2024-06-10,04:00:00,156.825,157.194,156.72,157.152,7664,157.074,154.549,BULLISH_20_BAR_BREAKOUT,-0.09672164528608407,-0.13871920179188896,0.04263388311953223
2024-06-11,04:00:00,157.044,157.333,157.033,157.219,5458,157.194,155.123,BULLISH_20_BAR_BREAKOUT,0.0788708743854084,0.06805793192934653,-0.024170106666485915
2024-06-11,08:00:00,157.217,157.365,157.163,157.343,5874,157.333,155.123,BULLISH_20_BAR_BREAKOUT,-0.1544396636647293,-0.16270186789371008,-0.04703100868801527
2024-06-14,04:00:00,157.122,157.979,156.81,157.818,7949,157.402,155.718,BULLISH_20_BAR_BREAKOUT,-0.0925116273175525,-0.3377308038373414,-0.286405859914584
2024-06-20,08:00:00,158.078,158.279,158.05,158.274,5607,158.228,157.155,BULLISH_20_BAR_BREAKOUT,0.09919506678292751,0.4012029771156292,0.3159078559965629
2024-06-20,12:00:00,158.274,158.471,158.272,158.431,7377,158.279,157.155,BULLISH_20_BAR_BREAKOUT,0.21712922344742763,0.3187507495376507,0.29602792382803494
2024-06-20,16:00:00,158.431,158.781,158.249,158.775,9312,158.471,157.155,BULLISH_20_BAR_BREAKOUT,0.08439615808533216,0.06991025035426861,0.4238702566524968
2024-06-20,20:00:00,158.775,158.912,158.697,158.909,4972,158.781,157.516,BULLISH_20_BAR_BREAKOUT,0.01699085640210135,-0.08495428201045309,0.5500003146454859
2024-06-21,00:00:00,158.904,158.949,158.818,158.936,2533,158.912,157.516,BULLISH_20_BAR_BREAKOUT,-0.03145920370464298,-0.022650626667338653,0.6052750792771865
2024-06-21,16:00:00,158.901,159.626,158.851,159.448,10230,159.124,157.581,BULLISH_20_BAR_BREAKOUT,0.2100998444633859,0.15804525613364928,0.16557122071144295
2024-06-21,20:00:00,159.448,159.826,159.413,159.783,6375,159.626,157.603,BULLISH_20_BAR_BREAKOUT,0.0719726128561919,-0.06008148551471385,-0.08824468184975319
2024-06-24,00:00:00,159.76,159.906,159.615,159.898,2278,159.826,157.603,BULLISH_20_BAR_BREAKOUT,-0.12382894094986022,-0.27204843087468406,-0.1250797383331803
2024-06-26,12:00:00,159.899,160.393,159.872,160.305,9214,159.93,158.67,BULLISH_20_BAR_BREAKOUT,0.23580050528678823,0.20086709709616213,0.1503384173918377
2024-06-26,16:00:00,160.301,160.822,160.015,160.683,12253,160.393,158.67,BULLISH_20_BAR_BREAKOUT,0.06534605403186286,-0.15807521641990172,0.009957493947722879
2024-06-28,04:00:00,160.698,161.282,160.65,160.987,8319,160.865,159.189,BULLISH_20_BAR_BREAKOUT,-0.03727009013150271,-0.06584382589898224,0.037891258300364036
2024-07-01,16:00:00,161.099,161.727,160.963,161.556,11156,161.282,159.741,BULLISH_20_BAR_BREAKOUT,-0.0538512961450008,0.0637549827923322,-0.04209066825126399
2024-07-03,08:00:00,161.631,161.939,161.612,161.765,5698,161.743,160.261,BULLISH_20_BAR_BREAKOUT,0.09767254968628286,-0.04079992581830068,-0.29858127530675715
2024-07-05,04:00:00,161.357,161.393,160.526,160.614,8933,161.95,160.773,BEARISH_20_BAR_BREAKOUT,0.09774988481700367,0.07284545556426601,-0.07844895214614217
2024-07-10,16:00:00,161.482,161.754,161.426,161.739,7581,161.612,160.261,BULLISH_20_BAR_BREAKOUT,-0.0012365601370167676,-0.06306456698755641,-1.9531467364086532
2024-07-11,16:00:00,161.535,161.618,157.41,158.58,18935,161.804,160.473,BEARISH_20_BAR_BREAKOUT,0.15197376718374664,0.40988775381509474,-0.4294362466893754
2024-07-17,08:00:00,158.376,158.384,157.01,157.072,9554,159.446,157.15,BEARISH_20_BAR_BREAKOUT,-0.3584343485790062,-0.5653458286645648,-0.5252368340633523
2024-07-17,12:00:00,157.072,157.098,156.099,156.509,15137,159.383,157.01,BEARISH_20_BAR_BREAKOUT,0.03641963081996331,-0.5296819991182483,-0.009584113373663085
2024-07-18,00:00:00,156.182,156.347,155.37,155.68,6593,159.151,156.063,BEARISH_20_BAR_BREAKOUT,0.48561151079136705,0.5228674203494302,0.9596608427543677
2024-07-23,20:00:00,156.021,156.054,155.577,155.638,7738,157.862,155.823,BEARISH_20_BAR_BREAKOUT,0.0796720595227356,-0.6727148896798962,-1.0415194232770977
2024-07-24,04:00:00,155.772,155.991,155.051,155.056,12131,157.862,155.517,BEARISH_20_BAR_BREAKOUT,-0.2998916520482944,-1.0783200908059187,-1.76645856980704
2024-07-24,08:00:00,155.056,155.056,154.359,154.591,13983,157.862,155.051,BEARISH_20_BAR_BREAKOUT,-0.26068787963078055,-0.3713023397222427,-1.5511899140312153
2024-07-24,12:00:00,154.591,154.943,154.061,154.188,8883,157.862,154.359,BEARISH_20_BAR_BREAKOUT,-0.5214413573040717,-0.17381378576802392,-0.9507873505071601
2024-07-24,16:00:00,154.189,154.225,153.106,153.384,17377,157.862,154.061,BEARISH_20_BAR_BREAKOUT,0.412689719918642,-0.6956397016637843,0.3859594221040089
2024-07-25,04:00:00,153.903,153.969,152.224,152.317,14300,157.613,153.106,BEARISH_20_BAR_BREAKOUT,-0.08140916640952436,1.0891758634952053,0.9440837201362869
2024-07-25,08:00:00,152.316,152.969,152.057,152.193,13897,157.613,152.224,BEARISH_20_BAR_BREAKOUT,0.3475849743417873,1.1321151432720193,1.1334292641580062
2024-07-30,08:00:00,154.076,155.214,154.062,154.897,12082,154.737,151.942,BULLISH_20_BAR_BREAKOUT,-0.007101493250350673,-1.047147459279383,-2.5662214245595427
2024-07-31,08:00:00,153.528,153.92,150.61,150.922,16288,155.214,151.619,BEARISH_20_BAR_BREAKOUT,-0.48833172102145134,-0.7434303812565337,-0.70036177628178
2024-07-31,12:00:00,150.922,150.982,150.05,150.185,16283,155.214,150.61,BEARISH_20_BAR_BREAKOUT,0.13117155508206726,-0.2670040283650234,0.22638745547158728
2024-08-01,04:00:00,149.8,149.895,148.512,149.565,17284,155.214,149.609,BEARISH_20_BAR_BREAKOUT,0.20058168689199435,0.33229699461773415,-0.04880821047705513
2024-08-02,16:00:00,149.01,149.112,146.418,146.981,22861,155.214,148.512,BEARISH_20_BAR_BREAKOUT,-0.3374585830821541,-1.7818629618794264,-2.0580891407733013
2024-08-05,00:00:00,146.382,146.564,145.279,145.591,7532,155.022,146.418,BEARISH_20_BAR_BREAKOUT,-0.8441455859222159,-2.2521996551984644,0.1428659738582731
2024-08-05,04:00:00,145.592,145.941,144.17,144.362,19297,153.92,145.279,BEARISH_20_BAR_BREAKOUT,-0.6102714010612212,-0.28123744475693463,0.6871614413765524
2024-08-05,08:00:00,144.362,144.429,141.689,143.481,20965,153.92,144.17,BEARISH_20_BAR_BREAKOUT,-0.8147420215916971,0.18051170538260436,1.2635819376781712
2024-08-15,16:00:00,147.216,149.325,147.184,148.912,17429,148.22,146.072,BULLISH_20_BAR_BREAKOUT,0.08662834425700458,0.01208767594283918,-0.5251423659611117
2024-08-23,20:00:00,144.859,144.978,144.046,144.336,13755,146.885,144.454,BEARISH_20_BAR_BREAKOUT,-0.28752355614678277,-0.3110797029154281,0.1808280678416997
2024-08-26,00:00:00,144.27,144.338,143.557,143.921,6437,146.885,144.046,BEARISH_20_BAR_BREAKOUT,0.032656804774839704,0.1459133830365325,0.40716782123526984
2024-08-30,16:00:00,145.417,145.966,145.251,145.954,15926,145.55,143.684,BULLISH_20_BAR_BREAKOUT,0.13497403291448176,-0.004796031626406266,0.6817216383244067
2024-08-30,20:00:00,145.955,146.246,145.907,146.151,12060,145.966,143.684,BULLISH_20_BAR_BREAKOUT,0.1717401865194055,0.2189516322159911,0.5022203063954269
2024-09-02,00:00:00,146.06,146.597,145.944,146.402,3419,146.246,143.684,BULLISH_20_BAR_BREAKOUT,-0.31078810398763956,0.39821860357100786,0.2370186199642139
2024-09-02,12:00:00,146.472,146.989,146.431,146.985,8655,146.597,143.909,BULLISH_20_BAR_BREAKOUT,-0.02449229513215727,-0.16056060142192632,-0.5524373235364233
2024-09-04,16:00:00,144.891,145.215,144.0,144.306,17962,147.206,144.753,BEARISH_20_BAR_BREAKOUT,-0.3353983895333589,-0.37697670228542896,-0.6056574224218144
2024-09-04,20:00:00,144.307,144.369,143.794,143.822,12468,147.206,144.0,BEARISH_20_BAR_BREAKOUT,-0.3400036155803732,-0.14670912655922788,-0.2523953219952438
2024-09-05,00:00:00,143.821,143.871,143.185,143.333,6667,147.206,143.794,BEARISH_20_BAR_BREAKOUT,0.29930302163493544,0.08093042076843007,0.036279154137562525
2024-09-06,08:00:00,143.032,143.032,142.055,142.519,13931,147.206,142.849,BEARISH_20_BAR_BREAKOUT,0.3781951880100108,-0.18383513777110452,0.447659610297578
2024-09-11,04:00:00,142.233,142.423,141.255,141.396,14887,144.063,141.751,BEARISH_20_BAR_BREAKOUT,-0.007072335851078465,0.23409431667092231,0.8451441342046605
2024-09-16,04:00:00,140.851,140.851,140.047,140.125,10368,143.042,140.282,BEARISH_20_BAR_BREAKOUT,-0.17841213202497772,0.48099910793934453,0.3368421052631639
2024-09-16,08:00:00,140.127,140.301,139.578,139.875,12802,143.042,140.047,BEARISH_20_BAR_BREAKOUT,0.008579088471850191,0.5898123324396701,0.5190348525469162
2024-09-19,04:00:00,142.705,143.942,142.703,143.166,17081,142.746,139.578,BULLISH_20_BAR_BREAKOUT,-0.4603048209770419,-0.19906961149993474,-0.611877121662968
2024-09-20,12:00:00,143.634,144.426,143.483,144.214,14230,143.942,140.32,BULLISH_20_BAR_BREAKOUT,-0.21357149791281896,-0.09430429777968552,-0.4188220283744886
2024-09-25,20:00:00,144.402,144.765,144.373,144.757,10528,144.677,142.889,BULLISH_20_BAR_BREAKOUT,-0.030395766698682027,0.18513785171010774,-0.06631803643347378
2024-09-26,04:00:00,144.701,145.036,144.445,144.927,9921,144.842,142.889,BULLISH_20_BAR_BREAKOUT,0.06762025019493483,-0.1718106356993488,0.22425082972808177
2024-09-27,04:00:00,145.061,145.575,144.934,145.252,13473,145.21,142.889,BULLISH_20_BAR_BREAKOUT,-1.419601795500242,-1.826480874617919,-1.9283727590670117
2024-09-27,16:00:00,143.106,143.229,142.39,142.599,16780,146.492,142.786,BEARISH_20_BAR_BREAKOUT,-0.3015448916191407,-0.10378754409217186,0.4649401468453572
2024-09-27,20:00:00,142.598,142.703,142.067,142.169,14702,146.492,142.39,BEARISH_20_BAR_BREAKOUT,0.43750747349983865,0.13786409132792518,1.098692401297036
2024-10-02,20:00:00,146.049,146.478,145.911,146.442,10028,146.26,141.643,BULLISH_20_BAR_BREAKOUT,0.09082093934798852,0.004780049439371903,0.2827057811283561
2024-10-03,00:00:00,146.443,146.892,146.255,146.575,6625,146.478,141.643,BULLISH_20_BAR_BREAKOUT,0.1876172607879964,0.06003752345217281,0.18284154869520772
2024-10-04,16:00:00,146.589,148.807,146.477,148.695,18989,147.241,142.971,BULLISH_20_BAR_BREAKOUT,-0.022865597363725624,-0.19570261273075545,-0.3860250849053323
2024-10-09,16:00:00,148.722,149.265,148.672,149.196,12290,149.123,145.918,BULLISH_20_BAR_BREAKOUT,0.0824418885224741,0.016086222150728514,-0.4202525536877728
2024-10-09,20:00:00,149.198,149.362,149.153,149.319,8195,149.265,146.247,BULLISH_20_BAR_BREAKOUT,-0.10514402051981481,-0.20158184825774866,-0.5036197670758451
2024-10-14,12:00:00,149.358,149.725,149.328,149.639,7498,149.601,148.011,BULLISH_20_BAR_BREAKOUT,0.12363087163106026,0.0507888986159981,-0.19179491977359253
2024-10-14,16:00:00,149.64,149.958,149.628,149.824,9626,149.725,148.239,BULLISH_20_BAR_BREAKOUT,-0.0427167876975794,-0.07742417770184606,-0.40313968389578
2024-10-17,16:00:00,149.525,150.147,149.458,150.127,15619,149.981,148.851,BULLISH_20_BAR_BREAKOUT,0.0626136537731348,-0.1552019290334211,-0.36302597134427245
2024-10-17,20:00:00,150.124,150.321,150.119,150.221,8143,150.147,148.851,BULLISH_20_BAR_BREAKOUT,-0.07988230673474717,-0.08520779385040328,-0.4879477569713982
2024-10-21,16:00:00,149.922,150.483,149.746,150.472,11484,150.321,149.084,BULLISH_20_BAR_BREAKOUT,0.19870806528787957,0.299058961135619,0.42266999840501596
2024-10-21,20:00:00,150.472,150.838,150.44,150.771,6858,150.483,149.084,BULLISH_20_BAR_BREAKOUT,-0.10015188597275475,0.15254923028965664,0.22948710295746774
2024-10-22,04:00:00,150.615,150.982,150.494,150.922,9174,150.884,149.084,BULLISH_20_BAR_BREAKOUT,0.05234491989239987,0.1232424696200733,0.5446522044499826
2024-10-22,08:00:00,150.922,151.102,150.661,151.001,10630,150.982,149.084,BULLISH_20_BAR_BREAKOUT,-0.09205237051410918,0.07682068330672343,0.9052920179336497
2024-10-22,16:00:00,150.862,151.144,150.606,151.108,12577,151.102,149.084,BULLISH_20_BAR_BREAKOUT,0.005956004976563869,0.4208910183444925,1.1323027238795988
2024-10-23,04:00:00,151.153,151.828,151.136,151.744,10032,151.193,149.084,BULLISH_20_BAR_BREAKOUT,0.4112188949810175,0.7084299873471035,0.4303300295234023
2024-10-23,08:00:00,151.742,152.556,151.723,152.368,11482,151.828,149.084,BULLISH_20_BAR_BREAKOUT,0.4495694634043909,0.14766880184815337,-0.1575133886380402
2024-10-23,12:00:00,152.367,153.067,152.316,153.053,10542,152.556,149.084,BULLISH_20_BAR_BREAKOUT,-0.1528882151934355,-0.1822897950383177,-0.6553285463205464
2024-10-28,04:00:00,152.955,153.881,152.768,153.627,12443,153.222,150.899,BULLISH_20_BAR_BREAKOUT,-0.19267446477508554,-0.27013480703263126,-0.3814433660749821
2024-10-31,08:00:00,153.05,153.081,152.052,152.25,11196,153.881,152.409,BEARISH_20_BAR_BREAKOUT,0.3087027914614114,-0.20689655172413643,0.19573070607553483
2024-11-04,04:00:00,152.288,152.288,151.598,151.739,12024,153.616,151.787,BEARISH_20_BAR_BREAKOUT,0.2873354905462716,0.16607464132491287,0.42507199862921324
2024-11-04,12:00:00,152.176,152.22,151.533,151.551,12768,153.616,151.598,BEARISH_20_BAR_BREAKOUT,0.2903313076126361,0.4810261892036433,0.39788586020548117
2024-11-05,20:00:00,152.046,152.095,151.334,151.452,11615,153.093,151.533,BEARISH_20_BAR_BREAKOUT,-0.005282201621642353,1.6414441539233486,1.9748831312891304
2024-11-06,04:00:00,151.436,154.334,151.287,153.936,22325,153.093,151.334,BULLISH_20_BAR_BREAKOUT,0.0012992412431017616,0.2708917991892745,0.248804698056323
2024-11-12,16:00:00,154.074,154.549,153.999,154.518,13402,154.374,152.141,BULLISH_20_BAR_BREAKOUT,0.14949714596357352,0.18444453073428116,0.30287733467944794
2024-11-12,20:00:00,154.511,154.923,154.461,154.749,10885,154.549,152.141,BULLISH_20_BAR_BREAKOUT,-0.05880490342426005,0.2345734059670819,0.5130889375698784
2024-11-13,08:00:00,154.803,155.152,154.749,155.112,10685,154.937,152.141,BULLISH_20_BAR_BREAKOUT,-0.18954046108617176,0.2778637371705681,0.46869358914848874
2024-11-13,20:00:00,154.987,155.621,154.983,155.543,11283,155.236,152.141,BULLISH_20_BAR_BREAKOUT,-0.08100653838488699,0.19030107430099216,0.24301961515464268
2024-11-14,04:00:00,155.419,156.062,155.405,155.947,10588,155.621,152.405,BULLISH_20_BAR_BREAKOUT,-0.06925429793455731,0.0025649739975701215,0.3571726291624641
2024-11-15,00:00:00,155.92,156.534,155.902,156.482,8637,156.24,153.403,BULLISH_20_BAR_BREAKOUT,0.014059125011177872,-0.6320215743663836,-1.1752150407075566
2024-11-26,16:00:00,153.776,153.803,152.986,153.464,16307,155.262,153.545,BEARISH_20_BAR_BREAKOUT,-0.23132461033205817,-0.6600896627222054,-1.5410780378460154
2024-11-27,00:00:00,153.107,153.232,152.933,152.933,6625,155.016,152.986,BEARISH_20_BAR_BREAKOUT,-0.31517069566411393,-0.9481276114376811,-1.0396709670247777
2024-11-27,04:00:00,152.932,153.031,152.383,152.451,12347,155.016,152.933,BEARISH_20_BAR_BREAKOUT,-0.3292861312815142,-0.8868423296665839,-0.5418134351365314
2024-11-27,08:00:00,152.45,152.476,151.84,151.949,11826,155.016,152.383,BEARISH_20_BAR_BREAKOUT,-0.30668184719873653,-0.610073116637833,-0.12899064817802444
2024-11-27,12:00:00,151.954,151.954,151.224,151.483,15701,155.016,151.84,BEARISH_20_BAR_BREAKOUT,-0.25349379138254097,-0.09241961144155765,0.231049028603866
2024-11-27,16:00:00,151.484,151.803,150.93,151.099,16852,155.016,151.224,BEARISH_20_BAR_BREAKOUT,-0.05095996664438427,0.34811613577853623,0.2766398189266682
2024-11-29,04:00:00,151.185,151.206,149.852,150.1,15394,154.517,150.453,BEARISH_20_BAR_BREAKOUT,-0.07395069953363757,0.05063291139240068,0.284477015323113
2024-12-10,00:00:00,151.239,151.432,151.005,151.391,5600,151.345,149.365,BULLISH_20_BAR_BREAKOUT,-0.21137319919941952,0.20608886921944622,0.29724356137420127
2024-12-10,08:00:00,151.069,151.578,150.895,151.555,10405,151.546,149.365,BULLISH_20_BAR_BREAKOUT,0.09765431691464889,0.24809475108046897,0.06466299363266455
2024-12-10,12:00:00,151.555,151.783,151.413,151.703,12070,151.578,149.365,BULLISH_20_BAR_BREAKOUT,0.2794934839785677,0.09096721884208303,0.5576686024666642
2024-12-10,16:00:00,151.705,152.167,151.527,152.127,13131,151.783,149.365,BULLISH_20_BAR_BREAKOUT,-0.1288397194449361,-0.3838897763053259,0.21692401743279238
2024-12-11,12:00:00,151.656,152.791,151.002,152.549,14494,152.179,149.365,BULLISH_20_BAR_BREAKOUT,-0.060308491042230995,-0.18944732512177442,-0.23861185586270925
2024-12-13,04:00:00,152.587,153.04,152.552,152.901,10495,152.838,150.895,BULLISH_20_BAR_BREAKOUT,-0.06932590368933032,0.4977076670525344,0.5990804507491754
2024-12-13,12:00:00,152.796,153.622,152.796,153.622,10621,153.084,150.895,BULLISH_20_BAR_BREAKOUT,0.02603793727460392,-0.10805743968964421,0.1171707177357269
2024-12-13,16:00:00,153.621,153.687,153.261,153.662,11751,153.622,150.895,BULLISH_20_BAR_BREAKOUT,-0.036443623016758596,0.1008707422785081,0.371594798974371
2024-12-16,04:00:00,153.457,153.972,153.325,153.817,9335,153.799,151.002,BULLISH_20_BAR_BREAKOUT,-0.1891858507187091,0.27045125051196994,0.146927842826215
2024-12-16,16:00:00,153.801,154.476,153.781,154.233,11159,153.972,151.002,BULLISH_20_BAR_BREAKOUT,-0.06872718549207663,-0.12319023814617994,-0.4681229049554949
2024-12-18,20:00:00,154.022,154.659,153.719,154.651,12686,154.476,152.796,BULLISH_20_BAR_BREAKOUT,0.013578961662056232,1.1794298129336271,1.7898364705045557
2024-12-19,00:00:00,154.654,154.856,154.329,154.672,10358,154.659,153.16,BULLISH_20_BAR_BREAKOUT,0.37821971656150305,1.3046963897796633,1.9234250543084686
2024-12-19,04:00:00,154.665,155.439,154.464,155.257,12297,154.856,153.16,BULLISH_20_BAR_BREAKOUT,0.7845056905646698,1.5812491546274783,1.1664530423749053
2024-12-19,08:00:00,155.254,156.774,154.937,156.475,11890,155.439,153.16,BULLISH_20_BAR_BREAKOUT,0.13740214091708158,0.6032912605847688,0.22559514299409406
2024-12-19,16:00:00,156.687,157.731,156.4,157.712,16543,157.142,153.16,BULLISH_20_BAR_BREAKOUT,-0.1857816779953193,-0.4083392512934825,-0.7672212640762781
2024-12-26,12:00:00,157.373,157.587,157.308,157.586,5825,157.476,155.951,BULLISH_20_BAR_BREAKOUT,0.30523016003959397,0.11358877057604966,0.04124731892426848
2024-12-26,16:00:00,157.584,158.071,157.582,158.067,8207,157.587,155.951,BULLISH_20_BAR_BREAKOUT,-0.05250937893424839,-0.2657101102697058,-0.3150562736055083
2024-12-31,04:00:00,157.005,157.042,156.337,156.443,8772,158.082,156.673,BEARISH_20_BAR_BREAKOUT,-0.15404971778859639,0.45767468023496083,0.8022091113057123
2024-12-31,08:00:00,156.443,156.458,156.063,156.202,7207,158.082,156.337,BEARISH_20_BAR_BREAKOUT,0.3815572143762587,0.7086977119371066,0.6126682116746224
2025-01-07,04:00:00,157.739,158.414,157.736,158.229,6587,157.96,156.241,BULLISH_20_BAR_BREAKOUT,-0.4657806091171802,-0.18138267953409687,-0.020223852770358583
2025-01-15,08:00:00,157.889,157.935,156.84,156.88,10657,158.876,156.912,BEARISH_20_BAR_BREAKOUT,0.0841407445181062,-0.2664456909739969,-0.44237633860274633
2025-01-15,16:00:00,157.013,157.085,155.948,156.291,16077,158.876,156.712,BEARISH_20_BAR_BREAKOUT,0.10941129047737379,-0.33015336775629506,-0.553454773467448
2025-01-16,04:00:00,156.222,156.523,155.211,155.775,13056,158.197,155.948,BEARISH_20_BAR_BREAKOUT,0.26384207992296665,-0.2240410848981017,-0.21184400577757184
2025-01-27,12:00:00,155.867,155.906,153.712,153.963,18035,156.75,154.839,BEARISH_20_BAR_BREAKOUT,0.24746205257107243,0.6215779115761538,0.9567233686015556
2025-02-05,04:00:00,154.133,154.357,153.085,153.219,14145,155.886,153.913,BEARISH_20_BAR_BREAKOUT,0.05417082737780459,-0.7061787376239198,-0.6415653411130501
2025-02-05,12:00:00,153.326,153.391,152.553,152.872,12394,155.886,153.074,BEARISH_20_BAR_BREAKOUT,-0.4807943900779826,-0.14521953006437308,-0.293709770265328
2025-02-05,16:00:00,152.873,153.205,152.111,152.137,15730,155.886,152.553,BEARISH_20_BAR_BREAKOUT,0.25306138546178175,0.06507292769016712,-0.29578603495532885
2025-02-06,16:00:00,152.423,152.529,151.66,151.687,15658,155.745,151.809,BEARISH_20_BAR_BREAKOUT,-0.19777568282055244,-0.06856223671113108,-0.19777568282055244
2025-02-06,20:00:00,151.69,152.059,151.234,151.387,12046,155.715,151.66,BEARISH_20_BAR_BREAKOUT,-0.14466235542021053,0.28932471084042105,0.0013211174011041565
2025-02-07,00:00:00,151.387,151.536,151.154,151.168,4865,155.52,151.234,BEARISH_20_BAR_BREAKOUT,0.27452900084673476,0.6489468670618084,0.4676915749364903
2025-02-12,00:00:00,152.49,152.769,152.332,152.769,5699,152.595,150.931,BULLISH_20_BAR_BREAKOUT,0.5649051836432781,0.5118839555145234,0.9596187708239291
2025-02-12,04:00:00,152.745,153.68,152.73,153.632,11157,152.769,150.931,BULLISH_20_BAR_BREAKOUT,0.030592584878148463,0.5239793792959844,0.3977036034159485
2025-02-12,16:00:00,153.552,154.617,153.388,154.437,15960,153.883,150.931,BULLISH_20_BAR_BREAKOUT,-0.006475132254588814,-0.1256175657387911,-0.8430622195458476
2025-02-17,00:00:00,152.452,152.452,151.965,152.003,2078,154.798,152.024,BEARISH_20_BAR_BREAKOUT,-0.2526265928961837,-0.3276251126622438,-0.37104530831627863
2025-02-17,04:00:00,152.002,152.116,151.505,151.619,10598,154.798,151.965,BEARISH_20_BAR_BREAKOUT,0.16224879467613512,-0.16752517824282623,0.30405160303129075
2025-02-17,16:00:00,151.504,151.535,151.338,151.365,7910,154.798,151.477,BEARISH_20_BAR_BREAKOUT,0.025104878935013043,0.4723681168037548,0.19291117497440066
2025-02-20,00:00:00,151.522,151.568,151.121,151.224,4927,152.822,151.233,BEARISH_20_BAR_BREAKOUT,-0.5243876633338478,-0.6625932391683735,-1.1539173676135905
2025-02-20,04:00:00,151.218,151.234,150.388,150.431,13469,152.452,151.121,BEARISH_20_BAR_BREAKOUT,-0.172171959237135,-0.6129055846202082,-0.07910603532516554
2025-02-20,08:00:00,150.431,150.481,149.949,150.172,10270,152.452,150.388,BEARISH_20_BAR_BREAKOUT,0.03329515488906812,-0.26369762672135055,0.24705004927683544
2025-02-20,16:00:00,150.223,150.229,149.467,149.509,14942,152.312,149.949,BEARISH_20_BAR_BREAKOUT,0.17858456681539195,0.5370914125571208,0.026754242219545622
2025-02-21,20:00:00,149.547,149.618,148.922,149.247,17568,152.312,149.257,BEARISH_20_BAR_BREAKOUT,0.10519474428295526,0.1386962552011053,0.2881129938960102
2025-02-28,08:00:00,149.605,150.567,149.517,150.433,11747,150.3,148.561,BULLISH_20_BAR_BREAKOUT,-0.02991364926577779,0.11633085825584238,-0.17482866126448668
2025-03-03,12:00:00,150.172,151.234,149.946,151.208,13786,151.023,148.614,BULLISH_20_BAR_BREAKOUT,-0.6428231310512728,-1.2572086133008906,-1.8808528649277778
2025-03-04,12:00:00,149.35,149.454,148.292,148.364,17411,151.301,148.599,BEARISH_20_BAR_BREAKOUT,-0.00876223342590199,0.9914804130382057,0.6949125124693362
2025-03-06,12:00:00,148.371,148.414,147.7,147.829,18092,151.301,148.095,BEARISH_20_BAR_BREAKOUT,0.2766710185416879,0.21376049354321713,-0.0899688153204106
2025-03-12,08:00:00,148.075,148.601,147.957,148.591,10592,148.199,146.541,BULLISH_20_BAR_BREAKOUT,0.09758329912308404,-0.16286316129511116,-0.5397365923912087
2025-03-12,12:00:00,148.593,148.769,148.258,148.736,12085,148.601,146.541,BULLISH_20_BAR_BREAKOUT,-0.2796901893287414,-0.29851549053355503,-0.4988704819277043
2025-03-18,00:00:00,149.154,149.4,149.051,149.395,4211,149.282,147.413,BULLISH_20_BAR_BREAKOUT,0.19612436828540308,0.23427825563104138,0.03212958934368742
2025-03-18,04:00:00,149.394,149.724,149.256,149.688,9225,149.4,147.413,BULLISH_20_BAR_BREAKOUT,0.0948639837528889,-0.13160707605150335,-0.24384052161828648
2025-03-18,08:00:00,149.688,149.878,149.514,149.83,8021,149.724,147.413,BULLISH_20_BAR_BREAKOUT,-0.05673096175666285,-0.37175465527599033,-0.37442434759394444
2025-03-19,16:00:00,149.827,150.146,149.599,150.03,11075,150.019,148.259,BULLISH_20_BAR_BREAKOUT,-0.7925081650336553,-1.1091115110311185,-0.7885089648736872
2025-03-24,16:00:00,149.747,150.749,149.696,150.732,21903,150.146,148.18,BULLISH_20_BAR_BREAKOUT,-0.06236233845500232,-0.07894806676750774,-0.6468434041875609
2025-03-25,00:00:00,150.638,150.855,150.597,150.771,5657,150.749,148.18,BULLISH_20_BAR_BREAKOUT,-0.10479468863374725,-0.40060754389105663,-0.5538200317036961
2025-03-27,12:00:00,150.535,151.017,150.484,151.015,17610,150.935,149.455,BULLISH_20_BAR_BREAKOUT,-0.03575803728104733,-0.1125715988477883,-0.14568089262655953
2025-03-31,04:00:00,149.609,149.629,148.715,148.916,23424,151.201,149.295,BEARISH_20_BAR_BREAKOUT,0.14773429315855843,0.6614467216417401,0.4949098820811698
2025-04-03,00:00:00,150.016,150.481,147.677,147.872,24643,150.917,148.693,BEARISH_20_BAR_BREAKOUT,-0.4125189352953998,-1.2443194113828198,-1.0982471326552854
2025-04-03,04:00:00,147.89,148.33,147.111,147.262,27548,150.481,147.677,BEARISH_20_BAR_BREAKOUT,-0.004753432657443877,-0.8318507150520802,-1.0892151403620849
2025-04-03,12:00:00,147.256,147.356,146.014,146.032,24644,150.481,146.798,BEARISH_20_BAR_BREAKOUT,0.0034239070888541227,0.14791278623861875,-0.436890544538187
2025-04-11,00:00:00,144.651,144.829,143.708,143.747,18538,148.267,143.985,BEARISH_20_BAR_BREAKOUT,-0.3937473477707377,-0.8027993627693272,-0.0417400015304683
2025-04-11,04:00:00,143.748,143.774,142.877,143.181,34374,148.267,143.708,BEARISH_20_BAR_BREAKOUT,-0.2479379247246619,0.2709856754736849,-0.11593717043464231
2025-04-11,08:00:00,143.181,144.136,142.794,142.826,32247,148.267,142.877,BEARISH_20_BAR_BREAKOUT,-0.16313556355285738,0.4319941747301042,0.17153739515214636
2025-04-11,12:00:00,142.832,143.211,142.059,142.593,36686,148.267,142.794,BEARISH_20_BAR_BREAKOUT,0.684465576851598,0.7672185871676889,0.44953118315767226
2025-04-21,00:00:00,142.111,142.111,141.489,141.585,8703,143.274,141.604,BEARISH_20_BAR_BREAKOUT,-0.5897517392379192,-0.5671504749796923,-0.5085284458099366
2025-04-21,04:00:00,141.584,141.584,140.609,140.75,20117,143.274,141.489,BEARISH_20_BAR_BREAKOUT,-0.14422735346359003,0.039786856127894565,-0.39431616341030684
2025-04-21,08:00:00,140.75,140.969,140.539,140.547,15250,143.274,140.609,BEARISH_20_BAR_BREAKOUT,0.16720385351520392,0.2184322682092228,-0.19352956662183565
2025-04-22,04:00:00,140.866,141.163,140.091,140.195,19685,143.075,140.463,BEARISH_20_BAR_BREAKOUT,0.057063376011992226,0.4786190663005248,1.4144584328970393
2025-04-23,20:00:00,142.635,143.487,142.559,143.386,22206,143.212,139.877,BULLISH_20_BAR_BREAKOUT,-0.13669395896391415,-0.5670009624370498,-0.4888901287433874
2025-04-25,04:00:00,142.846,143.659,142.813,143.636,18525,143.564,139.877,BULLISH_20_BAR_BREAKOUT,-0.17265866495863882,0.07449385947812479,-0.04316466623964981
2025-05-01,08:00:00,143.68,144.735,143.68,144.359,17294,143.885,141.926,BULLISH_20_BAR_BREAKOUT,0.07896979059151442,0.8104794297549771,0.5250798356874052
2025-05-01,16:00:00,144.473,145.643,144.14,145.468,26102,144.735,141.926,BULLISH_20_BAR_BREAKOUT,0.04193362114004939,-0.1739214122693554,-0.6544394643495465
2025-05-06,12:00:00,143.319,143.347,142.737,142.768,17624,145.911,142.872,BEARISH_20_BAR_BREAKOUT,-0.0035021853636637425,0.21923680376554142,0.4300683626583018
2025-05-08,16:00:00,144.636,145.583,144.424,145.455,27055,144.995,142.344,BULLISH_20_BAR_BREAKOUT,0.3107490289092834,0.1333745832044195,-0.21518682754117532
2025-05-08,20:00:00,145.453,146.168,145.444,145.907,19309,145.583,142.344,BULLISH_20_BAR_BREAKOUT,0.023987882692397614,-0.5099138492327303,-0.3755817061552919
2025-05-12,08:00:00,145.723,147.986,145.708,147.907,19342,146.337,142.363,BULLISH_20_BAR_BREAKOUT,-0.02636792038241306,0.31641504458882225,-0.04394653397066922
2025-05-16,04:00:00,145.568,145.615,144.955,145.254,15074,148.638,145.403,BEARISH_20_BAR_BREAKOUT,-0.018588128381997613,0.523221391493535,-0.01514588238533284
2025-05-20,08:00:00,144.8,144.84,144.082,144.117,18252,146.885,144.653,BEARISH_20_BAR_BREAKOUT,0.3233483905438,0.2893482378900488,-0.15404150794145036
2025-05-21,04:00:00,144.311,144.342,143.716,143.78,17233,146.089,144.082,BEARISH_20_BAR_BREAKOUT,0.07998330783141543,-0.07233273056058799,-0.32827931562109364
2025-05-22,08:00:00,143.308,143.427,142.994,143.045,16621,145.505,143.139,BEARISH_20_BAR_BREAKOUT,0.21531685833130915,0.6599321891712516,0.17756650005244443
2025-05-23,12:00:00,143.3,143.421,142.501,142.617,18560,145.505,142.797,BEARISH_20_BAR_BREAKOUT,-0.009115322857707572,0.14093691495405306,0.21456067649719993
2025-05-27,16:00:00,144.086,144.447,143.868,144.371,21987,144.323,142.106,BULLISH_20_BAR_BREAKOUT,-0.08450450575255009,-0.013160537781137108,0.4626968019893039
2025-05-28,16:00:00,144.414,145.068,144.303,145.039,21644,144.757,142.106,BULLISH_20_BAR_BREAKOUT,-0.09997311068056303,0.4771130523514416,-0.6577541213052899
2025-05-29,00:00:00,144.893,146.018,144.729,145.712,11348,145.068,142.106,BULLISH_20_BAR_BREAKOUT,0.013039420226203373,-0.4371637202152194,-1.3499231360491823
2025-06-02,08:00:00,143.513,143.604,142.817,142.892,15746,146.276,143.318,BEARISH_20_BAR_BREAKOUT,-0.09937575231643192,-0.13506704364134006,-0.05108753464155272
2025-06-02,12:00:00,142.891,142.966,142.613,142.75,18353,146.276,142.817,BEARISH_20_BAR_BREAKOUT,0.009807355516644486,-0.23257443082311288,0.22767075306479065
2025-06-03,00:00:00,142.699,142.735,142.372,142.418,5391,146.276,142.532,BEARISH_20_BAR_BREAKOUT,0.5146821328764651,0.4613180918142245,0.9788088584308201
2025-06-06,16:00:00,144.146,145.079,144.072,144.868,28260,144.376,142.522,BULLISH_20_BAR_BREAKOUT,-0.04555871552033748,-0.2650688903001257,-0.3485932020874144
2025-06-12,04:00:00,144.17,144.336,143.716,143.885,16781,145.458,143.965,BEARISH_20_BAR_BREAKOUT,-0.009729992702492675,-0.1709698717725829,-0.2773047920214066
2025-06-12,12:00:00,143.871,143.933,143.393,143.611,19211,145.458,143.625,BEARISH_20_BAR_BREAKOUT,0.019497113730856278,-0.36835618441484036,0.35373334911671794
2025-06-13,00:00:00,143.565,143.585,143.065,143.082,6079,145.458,143.175,BEARISH_20_BAR_BREAKOUT,0.28235557232915137,0.7247592289735999,1.0336729987000555
2025-06-18,00:00:00,145.21,145.426,145.16,145.375,6771,145.369,142.787,BULLISH_20_BAR_BREAKOUT,-0.2153052450558818,-0.3700773860705148,-0.2950988822012052
2025-06-19,12:00:00,145.379,145.759,145.242,145.661,14155,145.432,143.643,BULLISH_20_BAR_BREAKOUT,-0.0219688180089459,-0.3006981964973385,-0.05423551945957239
2025-06-20,16:00:00,145.583,145.946,145.442,145.917,19099,145.759,144.325,BULLISH_20_BAR_BREAKOUT,0.09388899168705528,0.5297532158692929,0.37212936121220036
2025-06-20,20:00:00,145.92,146.207,145.772,146.054,13689,145.946,144.325,BULLISH_20_BAR_BREAKOUT,0.10201706218248108,0.8702260807646396,0.0554589398441596
2025-06-23,08:00:00,146.69,147.388,146.689,147.325,16837,146.756,144.325,BULLISH_20_BAR_BREAKOUT,0.17376548447310386,-0.8077379942304415,-1.3663668759545067
2025-06-23,12:00:00,147.321,148.016,147.317,147.581,17341,147.388,144.325,BULLISH_20_BAR_BREAKOUT,-0.7595828731340627,-1.1315819787099881,-1.7786842479723002
2025-06-26,08:00:00,144.776,144.956,143.925,144.056,15261,148.016,144.503,BEARISH_20_BAR_BREAKOUT,0.2249125340145387,0.21380574221135715,0.2894707613705792
2025-07-01,08:00:00,143.872,143.926,143.059,143.06,13332,145.327,143.43,BEARISH_20_BAR_BREAKOUT,-0.2334684747658347,0.49070320145393415,0.5808751572766594
2025-07-01,12:00:00,143.068,143.158,142.695,142.726,17101,144.956,143.059,BEARISH_20_BAR_BREAKOUT,0.5913428527388102,0.44841164188726285,1.0152319829603662
2025-07-03,16:00:00,143.853,145.223,143.752,144.96,25952,144.753,142.673,BULLISH_20_BAR_BREAKOUT,0.04759933774833637,-0.21523178807947835,-0.3021523178808061
2025-07-07,12:00:00,145.19,145.524,145.104,145.484,12956,145.223,143.264,BULLISH_20_BAR_BREAKOUT,0.2591350251573926,0.2680707156800654,0.7519727255230775
2025-07-07,16:00:00,145.484,145.883,145.47,145.861,15343,145.524,143.313,BULLISH_20_BAR_BREAKOUT,0.12820424925100735,0.13848801255990167,0.6465059200197532
2025-07-07,20:00:00,145.857,146.231,145.73,146.048,15527,145.883,143.452,BULLISH_20_BAR_BREAKOUT,-0.11913891323400978,-0.013694127957938644,0.3875438212094671
2025-07-08,12:00:00,146.029,146.642,146.027,146.578,12688,146.435,143.472,BULLISH_20_BAR_BREAKOUT,0.1541841204000594,0.19170680456822026,0.12211928120181886
2025-07-08,16:00:00,146.579,146.967,146.451,146.804,17730,146.642,143.472,BULLISH_20_BAR_BREAKOUT,-0.12942426636876223,0.19822348164899922,-0.1914116781559126
2025-07-09,04:00:00,146.86,147.17,146.725,147.095,13501,146.967,144.214,BULLISH_20_BAR_BREAKOUT,-0.17811618341887928,-0.3888643393725162,-0.5764981814473537
2025-07-11,16:00:00,147.015,147.514,146.78,147.284,17574,147.176,145.747,BULLISH_20_BAR_BREAKOUT,0.08011732435294737,0.006789603758737763,0.2709051899731138
2025-07-14,16:00:00,147.409,147.694,147.211,147.683,17013,147.564,145.747,BULLISH_20_BAR_BREAKOUT,0.022345158210501863,-0.013542520127558225,0.7218163227995115
2025-07-14,20:00:00,147.684,147.758,147.655,147.716,10679,147.694,145.747,BULLISH_20_BAR_BREAKOUT,0.041295458853461114,0.006769747353022627,0.7615965772157383
2025-07-15,00:00:00,147.718,147.88,147.666,147.777,4003,147.758,145.747,BULLISH_20_BAR_BREAKOUT,-0.07714326316001537,0.08729369252320666,0.6733118144230865
2025-07-15,12:00:00,147.726,147.945,147.602,147.906,9829,147.88,145.747,BULLISH_20_BAR_BREAKOUT,0.5699565940529724,0.5855070112098126,0.5746893297094061
2025-07-15,16:00:00,147.906,149.017,147.659,148.749,22159,147.945,146.056,BULLISH_20_BAR_BREAKOUT,0.06184915528844762,0.1902533798546649,-0.438994547862501
2025-07-16,04:00:00,148.772,149.081,148.699,149.032,11306,149.017,146.127,BULLISH_20_BAR_BREAKOUT,-0.10400450909871782,-0.6280530355896767,-0.328788448118531
2025-07-22,16:00:00,147.191,147.246,146.317,146.36,20059,149.078,147.076,BEARISH_20_BAR_BREAKOUT,0.13186663022682674,0.37988521453948015,0.1257174091281754
2025-07-24,04:00:00,146.344,146.484,145.847,145.998,13781,148.845,146.101,BEARISH_20_BAR_BREAKOUT,0.2945245825285325,0.6301456184331401,0.8301483581966997
2025-07-28,08:00:00,147.707,148.329,147.618,148.281,13315,148.014,145.847,BULLISH_20_BAR_BREAKOUT,-0.09306654257794676,0.17601715661480277,0.19490022322481454
2025-07-28,16:00:00,148.141,148.486,147.931,148.451,17848,148.437,145.847,BULLISH_20_BAR_BREAKOUT,0.06129968811258138,-0.06938316346806706,0.07881388471618153
2025-07-28,20:00:00,148.451,148.568,148.384,148.542,10077,148.486,145.847,BULLISH_20_BAR_BREAKOUT,-0.0619353448856303,0.018849887573879162,-0.03366051352480199
2025-07-30,16:00:00,148.304,149.104,148.258,149.068,18313,148.8,146.805,BULLISH_20_BAR_BREAKOUT,0.22808382751494283,-0.22137547964688092,1.0230230498832595
2025-07-30,20:00:00,149.065,149.428,148.515,149.408,18836,149.104,147.352,BULLISH_20_BAR_BREAKOUT,-0.13051509959305607,-0.012716855857770024,0.9223067037909713
2025-07-31,12:00:00,149.389,150.093,149.292,149.868,15724,149.714,147.511,BULLISH_20_BAR_BREAKOUT,0.4837590412896645,0.6238823498011599,0.4283769717351242
2025-07-31,16:00:00,149.868,150.625,149.804,150.593,22027,150.093,147.618,BULLISH_20_BAR_BREAKOUT,0.12816000743727268,-0.00796849787174733,-1.6906496317889892
2025-07-31,20:00:00,150.593,150.793,150.55,150.786,14422,150.625,147.798,BULLISH_20_BAR_BREAKOUT,0.011274256230681833,-0.16911384346026517,-2.284031674028085
2025-08-01,00:00:00,150.787,150.87,150.631,150.803,7011,150.793,147.798,BULLISH_20_BAR_BREAKOUT,-0.14721192549220402,-0.19429321697844631,-2.2943840639775126
2025-08-01,20:00:00,148.048,148.1,147.284,147.342,23083,150.911,147.48,BEARISH_20_BAR_BREAKOUT,0.0006786931085341267,0.36785166483417703,-0.21378832919332308
2025-08-05,00:00:00,147.026,147.107,146.696,146.793,3782,150.911,146.863,BEARISH_20_BAR_BREAKOUT,0.28611718542436454,0.5715531394548776,0.500023843098772
2025-08-11,16:00:00,147.859,148.105,147.779,147.988,15747,147.938,146.684,BULLISH_20_BAR_BREAKOUT,0.15812092872395658,0.2838067951455439,-0.12838878828012928
2025-08-11,20:00:00,147.989,148.231,147.904,148.222,10211,148.105,146.684,BULLISH_20_BAR_BREAKOUT,-0.052623767052126506,0.02293856512527952,-0.3184412570333745
2025-08-12,04:00:00,148.143,148.437,148.123,148.408,10518,148.243,146.684,BULLISH_20_BAR_BREAKOUT,-0.10242035469785107,-0.41102905503745435,-0.2803083391730883
2025-08-14,04:00:00,147.112,147.115,146.365,146.54,15414,148.511,147.081,BEARISH_20_BAR_BREAKOUT,0.002047222601347294,0.7799918111095951,0.4633547154360598
2025-08-21,16:00:00,147.915,148.394,147.573,148.349,20324,148.104,146.863,BULLISH_20_BAR_BREAKOUT,0.017526238801751585,0.2163816405907677,-1.036070347626191
2025-08-22,04:00:00,148.383,148.709,148.274,148.67,11054,148.445,146.863,BULLISH_20_BAR_BREAKOUT,-0.049774668729389834,-1.249747763503044,-0.8993071904217321
2025-08-22,16:00:00,148.702,148.714,146.57,146.812,22494,148.769,146.863,BEARISH_20_BAR_BREAKOUT,0.06879546631065518,0.35487562324604705,0.5394654387924703
2025-08-28,12:00:00,147.161,147.361,146.797,146.92,13253,148.174,146.981,BEARISH_20_BAR_BREAKOUT,0.04288047917234999,-0.06329975496868318,0.21984753607405902
2025-09-02,08:00:00,147.696,148.732,147.678,148.647,15277,147.742,146.653,BULLISH_20_BAR_BREAKOUT,-0.022200246220903913,-0.19442033811646872,0.051800574515461585
2025-09-05,16:00:00,148.184,148.197,146.819,146.836,16299,149.129,147.678,BEARISH_20_BAR_BREAKOUT,0.36026587485357564,0.9296085428641345,0.5121359884496861
2025-09-09,12:00:00,147.206,147.333,146.31,146.729,8437,148.778,146.817,BEARISH_20_BAR_BREAKOUT,0.34417190875695697,0.4538980024398699,0.5343183692385225
2026-05-01,20:00:00,156.939,157.118,156.912,157.067,6819,148.185,146.531,BULLISH_20_BAR_BREAKOUT,-0.10250402694391653,-0.0751271750272145,0.10950740766678999
2026-05-04,16:00:00,157.137,157.3,156.925,157.269,21291,157.247,146.985,BULLISH_20_BAR_BREAKOUT,-0.019075596589284052,0.010809504733924617,0.3287361145553135
2026-05-05,12:00:00,157.277,157.873,157.114,157.768,13362,157.3,146.985,BULLISH_20_BAR_BREAKOUT,0.011409157750621597,-0.11155620911717694,-0.943157040718016
2026-05-05,20:00:00,157.788,157.917,157.769,157.884,7092,157.873,146.985,BULLISH_20_BAR_BREAKOUT,-0.1849459096551729,-1.2065820475792182,-0.962732132451662
2026-05-11,20:00:00,157.155,157.271,157.091,157.216,7487,157.174,155.613,BULLISH_20_BAR_BREAKOUT,0.12912171789131063,0.25379096275188334,0.24679421941787427
2026-05-12,00:00:00,157.103,157.432,157.079,157.419,4736,157.271,156.019,BULLISH_20_BAR_BREAKOUT,0.10481581003563231,0.08321740069496072,0.18168073739510565
2026-05-12,04:00:00,157.426,157.652,157.373,157.584,8246,157.432,156.019,BULLISH_20_BAR_BREAKOUT,0.019672047923650824,0.1047060615290842,0.08503401360543338
2026-05-12,16:00:00,157.549,157.762,157.482,157.749,13377,157.748,156.019,BULLISH_20_BAR_BREAKOUT,-0.09191817380774636,-0.01965147164166233,0.06656143620562932
2026-05-13,08:00:00,157.717,157.843,157.675,157.807,8891,157.779,156.432,BULLISH_20_BAR_BREAKOUT,0.023446361694985738,0.04752640884119022,0.05829906151185497
2026-05-13,12:00:00,157.807,157.894,157.743,157.844,9742,157.843,156.432,BULLISH_20_BAR_BREAKOUT,0.00633536909861593,0.004434758369025749,0.08109272446213625
2026-05-14,16:00:00,157.971,158.202,157.299,158.166,17941,157.992,156.731,BULLISH_20_BAR_BREAKOUT,0.13972661633979722,0.22128649646573495,0.3369877217606916
2026-05-14,20:00:00,158.165,158.42,158.134,158.387,7395,158.202,156.731,BULLISH_20_BAR_BREAKOUT,0.05114056077833968,0.11112023082701719,0.25317734410021686
2026-05-15,00:00:00,158.334,158.515,158.254,158.468,5903,158.42,156.731,BULLISH_20_BAR_BREAKOUT,0.030290027008608566,0.0662594340813402,0.2928035944165375
2026-05-15,04:00:00,158.475,158.588,158.422,158.516,9059,158.515,156.731,BULLISH_20_BAR_BREAKOUT,0.029650003785105003,0.11544575941862094,0.29334578212925094
2026-05-15,16:00:00,158.572,158.742,158.53,158.699,14034,158.672,156.731,BULLISH_20_BAR_BREAKOUT,0.056081008702007336,0.17769488150522827,0.14681882053445558
2026-05-15,20:00:00,158.707,158.843,158.642,158.788,8165,158.742,157.299,BULLISH_20_BAR_BREAKOUT,0.09068695367406669,0.02267173841852115,0.03778623069753525
2026-05-18,00:00:00,158.622,158.951,158.511,158.932,5603,158.843,157.299,BULLISH_20_BAR_BREAKOUT,0.030830795560369592,-0.1541539778018122,0.048448393023430264
2026-05-18,04:00:00,158.932,159.071,158.813,158.981,9674,158.951,157.299,BULLISH_20_BAR_BREAKOUT,-0.09875393914995016,-0.030821293110501632,0.0069190658003130436
2026-05-19,08:00:00,158.993,159.145,158.95,159.136,10077,159.079,157.299,BULLISH_20_BAR_BREAKOUT,-0.046501105972240005,-0.03833199276091334,-0.06032575909913762
2026-05-27,08:00:00,159.242,159.442,159.23,159.391,9106,159.379,158.754,BULLISH_20_BAR_BREAKOUT,0.015057311893394805,0.0759139474625351,0.04015283171573136
2026-05-27,16:00:00,159.416,159.535,159.369,159.495,15326,159.447,158.754,BULLISH_20_BAR_BREAKOUT,0.010658641336716453,0.049531333270640285,-0.20815699551709685
