trade_date,trade_time,open,high,low,close,volume,london_high,london_low,signal,bullish_count,bearish_count,forward_1,forward_3,forward_6
2004-06-14,12:00:00,382.3,385.8,381.8,384.3,412,383.8,382.1,BULLISH_LONDON_BREAKOUT,1,0,-0.31225604996096507,-0.2602133749674733,-0.13010668748373666
2004-06-15,12:00:00,381.3,384.3,381.1,383.8,155,383.3,381.1,BULLISH_LONDON_BREAKOUT,1,0,0.9900990099009931,1.3809275664408576,0.4689942678478404
2004-06-16,12:00:00,386.8,387.3,384.8,385.6,283,389.0,386.8,BEARISH_LONDON_BREAKOUT,0,1,-0.466804979253115,-0.466804979253115,0.3112033195020717
2004-06-17,12:00:00,384.8,387.6,384.6,386.8,364,385.8,383.3,BULLISH_LONDON_BREAKOUT,1,0,0.12926577042399173,0.20682523267838968,1.6804550155118922
2004-06-18,12:00:00,387.8,394.6,387.5,393.3,521,388.3,385.8,BULLISH_LONDON_BREAKOUT,1,0,0.5593694380879707,0.0508517670989038,0.4322400203407039
2004-06-21,12:00:00,393.3,396.8,393.3,395.0,223,393.8,392.3,BULLISH_LONDON_BREAKOUT,1,0,-0.4810126582278423,-0.17721518987341486,-0.3544303797468297
2004-06-22,16:00:00,393.6,396.3,393.3,395.3,611,394.0,392.3,BULLISH_LONDON_BREAKOUT,1,0,-0.25297242600556535,-0.17708069820389288,-0.25297242600556535
2004-06-23,16:00:00,394.6,395.3,392.3,394.3,897,396.6,394.6,BEARISH_LONDON_BREAKOUT,0,1,0.25361399949277197,-0.1775297996449375,1.7752979964494038
2004-06-24,12:00:00,396.6,401.8,395.3,400.3,501,397.8,393.6,BULLISH_LONDON_BREAKOUT,1,0,0.2498126405196103,0.2498126405196103,0.2997751686235295
2004-06-28,12:00:00,401.8,404.6,400.8,403.6,408,402.3,400.6,BULLISH_LONDON_BREAKOUT,1,0,-0.9910802775024776,-1.0654112983151662,-1.610505450941526
2004-06-28,16:00:00,403.8,404.3,398.8,399.6,1077,402.3,400.6,BEARISH_LONDON_BREAKOUT,1,1,0.0500500500500472,-0.07507507507507792,-2.0270270270270325
2004-06-29,16:00:00,396.8,397.6,390.3,391.5,1281,399.6,396.8,BEARISH_LONDON_BREAKOUT,0,1,0.15325670498084873,0.1277139208173691,0.45977011494253167
2004-06-30,12:00:00,393.1,394.3,392.5,393.3,292,393.1,391.1,BULLISH_LONDON_BREAKOUT,1,0,0.0,0.25425883549453343,0.20340706839562964
2004-07-01,16:00:00,394.3,395.3,392.6,395.0,913,394.3,392.5,BULLISH_LONDON_BREAKOUT,1,0,0.0,-0.10126582278480437,0.5316455696202589
2004-07-02,12:00:00,394.0,399.8,391.3,397.8,446,394.8,393.8,BULLISH_LONDON_BREAKOUT,1,0,-0.1759678230266437,0.07541478129713709,-1.3071895424836573
2004-07-06,16:00:00,398.3,398.3,388.5,391.8,711,398.8,397.8,BEARISH_LONDON_BREAKOUT,0,1,0.20418580908627143,0.7146503318019426,2.6033690658499204
2004-07-07,12:00:00,396.3,398.3,396.1,397.8,162,396.3,394.3,BULLISH_LONDON_BREAKOUT,1,0,1.0558069381598765,0.703871292106589,1.6339869281045754
2004-07-08,12:00:00,401.3,404.8,401.3,404.3,210,401.6,399.3,BULLISH_LONDON_BREAKOUT,1,0,0.9151620084095939,0.7420232500618353,0.5688844917140765
2004-07-09,12:00:00,405.6,407.8,405.6,406.6,185,406.3,405.0,BULLISH_LONDON_BREAKOUT,1,0,0.1721593703885855,0.049188391539593854,0.0
2004-07-12,12:00:00,408.3,408.3,405.8,406.6,157,408.3,406.8,BEARISH_LONDON_BREAKOUT,0,1,-0.12297097884899162,-0.24594195769798324,-1.1805213969503225
2004-07-13,12:00:00,404.3,404.3,400.6,401.8,214,404.8,403.1,BEARISH_LONDON_BREAKOUT,0,1,-0.24888003982080636,0.049776007964158445,0.8213041314086638
2004-07-14,12:00:00,403.3,405.8,402.0,405.1,196,404.1,401.8,BULLISH_LONDON_BREAKOUT,1,0,-0.24685262898049865,-0.4443347321649004,-0.19748210318440168
2004-07-15,12:00:00,402.8,404.6,402.8,404.3,182,403.5,401.3,BULLISH_LONDON_BREAKOUT,1,0,-0.12367054167697253,-0.5688844917140765,0.12367054167697253
2004-07-16,16:00:00,404.5,407.1,404.3,406.6,406,404.8,403.3,BULLISH_LONDON_BREAKOUT,1,0,-0.12297097884899162,-0.02459419576980392,-0.3689129365469749
2004-07-19,12:00:00,406.6,407.3,404.3,404.3,164,407.5,406.3,BEARISH_LONDON_BREAKOUT,0,1,0.1978728666831589,0.32154340836013146,-0.6183527083848627
2004-07-20,12:00:00,405.8,405.8,401.6,401.8,149,406.1,405.1,BEARISH_LONDON_BREAKOUT,0,1,-0.5724240915878575,-0.12444001991040318,-1.045296167247384
2004-07-21,12:00:00,400.8,400.8,397.1,397.6,276,401.3,400.0,BEARISH_LONDON_BREAKOUT,0,1,-0.5281690140845128,-0.4527162977867231,-0.12575452716297786
2004-07-22,12:00:00,394.1,397.3,394.1,397.1,298,396.8,394.1,BULLISH_LONDON_BREAKOUT,1,0,-0.5288340468395927,-0.7051120624527855,-1.7124150088139036
2004-07-23,12:00:00,391.8,393.1,389.1,390.3,318,394.3,392.6,BEARISH_LONDON_BREAKOUT,0,1,-0.25621316935690497,0.0,0.17934921854983055
2004-07-26,16:00:00,390.8,390.8,388.6,389.1,1023,391.8,390.6,BEARISH_LONDON_BREAKOUT,0,1,0.23130300693908434,0.5140066820868672,-0.5397070161912163
2004-07-27,16:00:00,391.1,391.3,385.1,387.0,2112,392.6,390.3,BEARISH_LONDON_BREAKOUT,0,1,-0.23255813953487786,0.15503875968992836,0.3875968992248062
2004-07-29,12:00:00,389.0,389.3,385.3,387.3,249,390.8,388.6,BEARISH_LONDON_BREAKOUT,0,1,-0.05163955589981632,-0.05163955589981632,0.7229537825974726
2004-07-30,12:00:00,389.1,391.8,388.0,390.1,852,389.3,387.6,BULLISH_LONDON_BREAKOUT,1,0,-0.205075621635481,0.5126890540886951,0.3845167905665214
2004-08-02,16:00:00,391.1,392.0,390.3,391.1,944,393.6,391.6,BEARISH_LONDON_BREAKOUT,0,1,0.0,-0.12784454103809767,0.5113781641523907
2004-08-03,12:00:00,389.6,390.3,388.1,389.1,615,391.3,389.5,BEARISH_LONDON_BREAKOUT,0,1,1.0280133641737343,1.079414032382418,0.2570033410434336
2004-08-03,16:00:00,388.8,393.6,388.6,393.1,1786,391.3,389.5,BULLISH_LONDON_BREAKOUT,1,1,0.0,-0.20351055711015295,-0.3307046553039968
2004-08-04,12:00:00,392.0,393.0,389.8,390.1,662,392.8,391.6,BEARISH_LONDON_BREAKOUT,0,1,0.43578569597538797,0.4870546013842546,0.1794411689310404
2004-08-05,12:00:00,392.0,392.0,390.3,390.8,479,393.0,391.6,BEARISH_LONDON_BREAKOUT,0,1,0.12794268167860798,0.12794268167860798,0.12794268167860798
2004-08-06,16:00:00,399.6,400.0,397.6,399.3,1303,392.1,391.0,BULLISH_LONDON_BREAKOUT,1,0,-0.12521913348359628,-0.25043826696719257,0.0
2004-08-09,16:00:00,398.3,399.8,397.8,399.3,721,398.6,397.6,BULLISH_LONDON_BREAKOUT,1,0,0.07513148009016062,-0.17530678687703197,0.0
2004-08-11,16:00:00,396.0,396.5,392.3,393.8,816,396.6,395.3,BEARISH_LONDON_BREAKOUT,0,1,0.2031488065007647,0.5078720162519045,0.0
2004-08-12,16:00:00,395.6,396.0,393.0,393.8,927,396.1,394.8,BEARISH_LONDON_BREAKOUT,0,1,-0.12696800406297612,0.0,1.0919248349415978
2004-08-13,12:00:00,392.0,396.1,391.8,395.8,437,393.8,391.8,BULLISH_LONDON_BREAKOUT,1,0,0.5811015664477037,1.010611419909045,1.6422435573521978
2004-08-16,12:00:00,399.1,403.1,397.6,402.3,478,400.6,398.8,BULLISH_LONDON_BREAKOUT,1,0,0.0,-0.12428535918468804,-0.37285607755406414
2004-08-17,16:00:00,400.6,404.8,399.6,404.3,458,402.3,400.6,BULLISH_LONDON_BREAKOUT,1,0,0.07420232500618633,-0.37101162503091767,-0.29680930002473127
2004-08-18,20:00:00,403.3,404.8,403.1,404.1,128,403.1,402.1,BULLISH_LONDON_BREAKOUT,1,0,-0.07423904974016612,0.1732244493937116,0.4949269982677555
2004-08-19,12:00:00,405.1,407.1,404.8,406.5,578,405.3,403.1,BULLISH_LONDON_BREAKOUT,1,0,-0.04920049200491726,-0.09840098400983452,0.3198031980319831
2004-08-20,12:00:00,405.8,408.1,404.6,407.8,398,407.3,405.6,BULLISH_LONDON_BREAKOUT,1,0,1.152525747915642,0.8582638548307995,0.4904364884747425
2004-08-23,16:00:00,409.8,410.8,407.8,409.6,1126,411.2,409.8,BEARISH_LONDON_BREAKOUT,0,1,-0.07324218750000278,-0.7568359375000056,-1.7822265625000027
2004-08-24,16:00:00,405.8,406.8,402.3,402.3,659,406.8,405.1,BEARISH_LONDON_BREAKOUT,0,1,-0.17399950285856045,0.37285607755406414,1.193139448173008
2004-08-25,16:00:00,404.8,407.6,404.6,407.1,1427,405.3,403.6,BULLISH_LONDON_BREAKOUT,1,0,-0.07369196757553706,-0.3684598378776713,-0.24563989191844754
2004-08-26,12:00:00,405.3,408.8,405.1,407.8,232,406.6,404.8,BULLISH_LONDON_BREAKOUT,1,0,-0.4168710152035284,-0.29426189308484274,-0.17165277096615708
2004-08-27,16:00:00,406.8,407.6,400.8,402.6,1347,408.5,406.3,BEARISH_LONDON_BREAKOUT,0,1,-0.0745156482861429,0.12419274714356682,1.1177347242921012
2004-08-30,12:00:00,403.8,405.6,403.8,405.6,127,404.6,402.8,BULLISH_LONDON_BREAKOUT,1,0,0.3698224852071006,0.29585798816567765,0.17258382642997747
2004-08-31,12:00:00,406.6,408.8,406.3,406.3,272,408.0,406.6,BEARISH_LONDON_BREAKOUT,0,1,0.6891459512675391,0.6891459512675391,0.6645335958651214
2004-08-31,16:00:00,406.6,410.2,406.3,409.1,267,408.0,406.6,BULLISH_LONDON_BREAKOUT,1,1,0.04888780249327515,-0.024443901246644518,-0.24443901246638963
2004-09-02,16:00:00,407.0,407.6,404.8,405.1,358,407.8,406.6,BEARISH_LONDON_BREAKOUT,0,1,0.17279684028634623,-0.1481115773883048,-1.3083189335966454
2004-09-03,12:00:00,405.3,405.8,402.0,403.6,409,406.3,404.3,BEARISH_LONDON_BREAKOUT,0,1,-0.9415262636273566,-1.3131813676907858,-1.362735381565907
2004-09-07,12:00:00,401.3,401.6,397.6,398.3,458,401.3,399.8,BEARISH_LONDON_BREAKOUT,0,1,-0.050213406979660716,-0.050213406979660716,-0.6778809942254553
2004-09-08,12:00:00,397.6,398.1,394.3,395.6,434,398.6,397.3,BEARISH_LONDON_BREAKOUT,0,1,0.8847320525783618,1.0111223458038423,0.6825075834175907
2004-09-08,16:00:00,395.5,399.8,394.5,399.1,1298,398.6,397.3,BULLISH_LONDON_BREAKOUT,1,1,-0.12528188423953895,0.05011275369581274,-0.20045101478326516
2004-09-09,12:00:00,398.6,399.3,397.6,398.3,479,400.3,398.6,BEARISH_LONDON_BREAKOUT,0,1,0.0,0.20085362791865713,0.8034145116746142
2004-09-10,12:00:00,399.8,401.8,398.8,401.5,585,400.1,399.1,BULLISH_LONDON_BREAKOUT,1,0,-0.12453300124533001,-0.04981320049812917,-0.4234122042341192
2004-09-13,12:00:00,400.6,400.8,398.8,399.8,392,401.3,400.1,BEARISH_LONDON_BREAKOUT,0,1,1.0005002501250626,0.5752876438219138,1.3256628314157106
2004-09-13,16:00:00,399.8,404.1,398.1,403.8,1616,401.3,400.1,BULLISH_LONDON_BREAKOUT,1,1,-0.12382367508667656,-0.17335314512134437,0.6191183754333829
2004-09-14,12:00:00,403.8,405.8,402.8,405.1,296,404.8,402.8,BULLISH_LONDON_BREAKOUT,1,0,0.29622315477659555,-0.0740557886941524,-0.3702789434707479
2004-09-15,12:00:00,404.8,405.3,402.1,403.6,400,405.5,404.0,BEARISH_LONDON_BREAKOUT,0,1,0.17343904856293077,0.09910802775024213,0.17343904856293077
2004-09-17,12:00:00,403.6,405.3,403.6,404.8,554,404.6,403.0,BULLISH_LONDON_BREAKOUT,1,0,0.24703557312252966,-0.04940711462450312,-0.17292490118576792
2004-09-21,12:00:00,404.3,409.7,404.3,408.3,452,405.3,403.5,BULLISH_LONDON_BREAKOUT,1,0,0.0,-0.17144256674013927,-1.0286554004408495
2004-09-22,12:00:00,407.1,407.8,403.6,404.1,574,408.6,407.0,BEARISH_LONDON_BREAKOUT,0,1,0.6681514476614671,0.6681514476614671,1.2373174956693886
2004-09-23,12:00:00,407.1,409.5,406.8,409.1,458,407.8,405.6,BULLISH_LONDON_BREAKOUT,1,0,0.5377658274260544,-0.14666340747983933,0.04888780249327515
2004-09-24,20:00:00,408.3,408.3,407.0,407.1,205,409.6,407.5,BEARISH_LONDON_BREAKOUT,0,1,-0.12281994595922377,0.09825595676737342,0.24563989191844754
2004-09-27,12:00:00,407.8,408.6,406.8,408.3,132,407.8,406.8,BULLISH_LONDON_BREAKOUT,1,0,0.17144256674013927,0.17144256674013927,0.9306882194464883
2004-09-28,12:00:00,410.2,412.6,409.8,412.1,465,410.6,409.5,BULLISH_LONDON_BREAKOUT,1,0,-0.19412763892259435,-0.0727978645959746,0.2426595486532395
2004-09-29,12:00:00,410.8,413.7,410.2,413.1,884,411.5,410.3,BULLISH_LONDON_BREAKOUT,1,0,-0.14524328249818994,-0.3146937787460691,0.5325587024933403
2004-09-30,12:00:00,411.8,415.6,411.1,415.3,966,412.8,410.8,BULLISH_LONDON_BREAKOUT,1,0,0.6019744762822056,0.7223693715386468,0.48157958102576454
2004-10-04,12:00:00,416.3,416.7,413.6,414.1,182,417.2,416.3,BEARISH_LONDON_BREAKOUT,0,1,-0.3380825887466878,-0.3380825887466878,0.21733880705143135
2004-10-05,12:00:00,413.6,415.7,413.6,415.0,156,414.3,412.6,BULLISH_LONDON_BREAKOUT,1,0,0.9156626506024123,0.8674698795180777,0.6746987951807256
2004-10-06,16:00:00,417.8,419.5,415.6,417.0,586,419.8,417.8,BEARISH_LONDON_BREAKOUT,0,1,0.07194244604316818,0.38369304556355466,0.19184652278177733
2004-10-07,12:00:00,417.8,419.7,417.1,417.5,694,419.3,417.6,BEARISH_LONDON_BREAKOUT,0,1,0.07185628742515242,-0.04790419161676374,1.149700598802398
2004-10-08,12:00:00,418.5,423.3,416.8,422.3,156,419.3,417.5,BULLISH_LONDON_BREAKOUT,1,0,0.09471939379587431,-0.023679848448975308,-0.23679848448969926
2004-10-12,12:00:00,417.7,419.1,414.8,415.0,223,421.8,417.7,BEARISH_LONDON_BREAKOUT,0,1,-0.4096385542168647,0.07228915662650875,-1.1807228915662595
2004-10-13,12:00:00,412.2,412.6,409.1,410.1,341,414.8,411.8,BEARISH_LONDON_BREAKOUT,0,1,0.2926115581565444,1.0241404535479124,1.4386734942696848
2004-10-13,20:00:00,411.6,416.1,411.3,415.8,233,414.8,411.8,BULLISH_LONDON_BREAKOUT,1,2,-0.36075036075036077,-0.40885040885040613,0.36075036075036077
2004-10-14,12:00:00,414.2,418.5,414.1,416.0,256,415.8,413.8,BULLISH_LONDON_BREAKOUT,1,0,0.2644230769230824,0.5048076923076978,0.7932692307692335
2004-10-15,12:00:00,417.3,420.5,417.2,419.3,263,418.3,417.2,BULLISH_LONDON_BREAKOUT,1,0,-0.190794180777489,-0.4054376341521556,-0.07154781779156007
2004-10-18,16:00:00,419.1,419.8,416.3,416.8,591,419.3,418.3,BEARISH_LONDON_BREAKOUT,0,1,-0.23992322456813817,-0.4078694817658322,0.5998080614203455
2004-10-19,12:00:00,415.2,417.3,415.2,417.0,242,415.6,414.3,BULLISH_LONDON_BREAKOUT,1,0,0.5515587529976046,0.6474820143884865,1.7505995203836957
2004-10-20,12:00:00,421.3,425.0,421.1,424.3,183,422.1,419.3,BULLISH_LONDON_BREAKOUT,1,0,-0.14140938015555568,-0.02356823002593041,-0.5420692905962788
2004-10-21,12:00:00,425.1,425.8,421.6,422.0,227,425.6,423.8,BEARISH_LONDON_BREAKOUT,0,1,0.284360189573457,0.42654028436019226,0.23696682464454977
2004-10-22,16:00:00,422.8,424.7,421.8,423.6,507,423.5,422.1,BULLISH_LONDON_BREAKOUT,1,0,0.02360717658167278,0.9915014164305921,1.2039660056657142
2004-10-25,12:00:00,428.3,430.2,428.3,429.1,279,428.8,427.3,BULLISH_LONDON_BREAKOUT,1,0,-0.09321836401771944,-0.5593101841062769,-0.4660918200885574
2004-10-26,16:00:00,427.2,428.0,424.3,425.3,529,428.1,426.8,BEARISH_LONDON_BREAKOUT,0,1,0.23512814483893724,0.07053844345168384,-0.23512814483893724
2004-10-27,12:00:00,425.3,427.8,425.3,427.7,107,426.1,424.5,BULLISH_LONDON_BREAKOUT,1,0,-0.7949497311199385,-1.0755202244563868,-0.5611409866728962
2004-10-27,16:00:00,427.8,428.3,423.2,424.3,876,426.1,424.5,BEARISH_LONDON_BREAKOUT,1,1,-0.11784115012962526,-0.14140938015555568,-0.11784115012962526
2004-10-28,12:00:00,423.8,424.3,420.3,421.8,157,424.2,422.3,BEARISH_LONDON_BREAKOUT,0,1,0.8297771455666193,0.47415836889521096,0.8297771455666193
2004-10-28,16:00:00,421.8,425.8,420.5,425.3,720,424.2,422.3,BULLISH_LONDON_BREAKOUT,1,1,-0.3526922172584058,0.07053844345168384,0.23512814483893724
2004-10-29,20:00:00,426.3,428.3,426.1,428.1,438,426.8,424.8,BULLISH_LONDON_BREAKOUT,1,0,0.28030833917308773,-0.07007708479327525,-0.37374445223079245
2004-11-01,16:00:00,427.6,430.1,425.7,426.8,754,429.3,427.8,BEARISH_LONDON_BREAKOUT,0,1,-0.07029053420806264,-0.23430178069353325,-1.7572633552014993
2004-11-02,16:00:00,424.8,425.3,418.3,419.3,622,426.2,424.6,BEARISH_LONDON_BREAKOUT,0,1,0.4054376341521556,0.0,0.8824230860958713
2004-11-03,12:00:00,421.2,423.8,420.6,423.3,123,421.3,418.8,BULLISH_LONDON_BREAKOUT,1,0,-0.07087172218285172,1.1339475549255873,1.0394519253484473
2004-11-04,12:00:00,425.5,427.8,425.3,427.7,123,427.3,425.6,BULLISH_LONDON_BREAKOUT,1,0,0.6546644844517211,0.49099836333879415,0.21042787000234608
2004-11-05,16:00:00,428.7,433.6,424.5,433.1,806,430.1,428.0,BULLISH_LONDON_BREAKOUT,1,0,0.0,0.32325098129761654,-0.13853613484184316
2004-11-08,12:00:00,434.1,434.1,432.1,432.6,95,434.6,433.2,BEARISH_LONDON_BREAKOUT,0,1,-0.023116042533523517,-0.3467406380027739,0.2311604253351826
2004-11-09,12:00:00,432.8,433.6,431.5,433.6,109,433.3,432.1,BULLISH_LONDON_BREAKOUT,1,0,0.27675276752767264,0.0,0.784132841328408
2004-11-10,12:00:00,433.8,437.6,433.3,437.0,138,433.7,432.5,BULLISH_LONDON_BREAKOUT,1,0,-0.5034324942791736,-1.1899313501144138,-1.0068649885583472
2004-11-11,16:00:00,432.8,435.1,432.7,434.8,421,434.3,432.1,BULLISH_LONDON_BREAKOUT,1,0,-0.11499540018399264,-0.045998160073594446,0.6899724011039559
2004-11-12,12:00:00,435.5,436.8,435.2,436.7,104,435.6,434.5,BULLISH_LONDON_BREAKOUT,1,0,0.2518891687657483,0.20609113808107032,0.664071444927876
2004-11-15,12:00:00,438.5,439.8,438.5,439.6,97,438.3,437.7,BULLISH_LONDON_BREAKOUT,1,0,-0.9781619654231145,-0.9781619654231145,-0.591446769790724
2004-11-15,16:00:00,439.7,439.8,435.2,435.3,604,438.3,437.7,BEARISH_LONDON_BREAKOUT,1,1,0.2297266253158741,0.11486331265793705,0.9189065012634964
2004-11-16,16:00:00,436.8,440.3,436.3,439.3,1134,437.1,435.3,BULLISH_LONDON_BREAKOUT,1,0,0.0,-0.06829046209879612,1.1381743683132255
2004-11-17,16:00:00,442.2,444.6,441.6,444.3,786,442.3,439.0,BULLISH_LONDON_BREAKOUT,1,0,0.0,0.09002925950933542,-0.6977267611973943
2004-11-18,12:00:00,445.6,445.6,442.1,443.0,123,445.7,444.6,BEARISH_LONDON_BREAKOUT,0,1,-0.40632054176072496,-0.31602708803611224,0.04514672686229992
2004-11-19,16:00:00,443.1,447.8,443.0,447.3,804,443.2,442.1,BULLISH_LONDON_BREAKOUT,1,0,-0.15649452269170325,-0.335345405767941,0.06706908115359073
2004-11-22,12:00:00,446.1,447.5,446.1,447.1,59,446.6,445.7,BULLISH_LONDON_BREAKOUT,1,0,0.11183180496533213,0.15656452695146245,0.3802281368821267
2004-11-23,12:00:00,445.8,449.2,445.5,448.8,106,447.3,445.8,BULLISH_LONDON_BREAKOUT,1,0,-0.22281639928698754,-0.3342245989304813,-0.17825311942959254
2004-11-24,20:00:00,448.3,448.8,448.1,448.8,155,448.3,446.8,BULLISH_LONDON_BREAKOUT,1,0,0.8244206773618513,0.5570409982174688,0.4456327985739751
2004-11-26,12:00:00,452.3,452.3,449.1,450.0,148,454.8,451.8,BEARISH_LONDON_BREAKOUT,0,1,0.2888888888888914,0.022222222222227275,0.5999999999999975
2004-11-29,12:00:00,451.1,451.1,449.6,449.8,45,451.1,450.1,BEARISH_LONDON_BREAKOUT,0,1,0.6447309915517957,0.40017785682525825,0.5558025789239662
2004-11-29,16:00:00,449.3,453.2,449.0,452.7,487,451.1,450.1,BULLISH_LONDON_BREAKOUT,1,1,0.13253810470510774,-0.19880715705764906,-0.8835873647006849
2004-11-30,12:00:00,451.1,452.8,451.1,452.3,82,452.1,450.3,BULLISH_LONDON_BREAKOUT,1,0,-0.7959319036038078,-0.33163829316825116,-0.4421843908910016
2004-11-30,16:00:00,452.3,453.3,447.6,448.7,777,452.1,450.3,BEARISH_LONDON_BREAKOUT,1,1,0.3565856919991136,0.5794517494985565,1.0251838644974423
2004-12-01,16:00:00,450.3,453.8,449.8,453.3,666,451.8,450.3,BULLISH_LONDON_BREAKOUT,1,0,-0.044120891242000575,0.48532980366203143,-0.8162364879770546
2004-12-02,12:00:00,455.3,455.8,453.3,454.1,70,456.3,455.3,BEARISH_LONDON_BREAKOUT,0,1,-0.9909711517286941,-1.2772517066725415,0.044043162299050566
2004-12-06,16:00:00,454.3,454.5,450.5,453.1,466,455.1,453.8,BEARISH_LONDON_BREAKOUT,0,1,-0.33105274773780624,-0.19863164864269123,-0.28691238137276787
2004-12-07,12:00:00,453.1,453.8,452.8,453.6,47,453.3,452.3,BULLISH_LONDON_BREAKOUT,1,0,-0.3968253968253993,-0.8377425044091734,-2.1604938271604963
2004-12-07,16:00:00,453.7,454.6,451.0,451.8,844,453.3,452.3,BEARISH_LONDON_BREAKOUT,1,1,-0.2877379371403301,-0.9960159362549801,-3.7627268702965915
2004-12-08,16:00:00,443.8,443.8,433.0,434.8,1079,448.2,443.6,BEARISH_LONDON_BREAKOUT,0,1,0.9889604415823393,1.1039558417663318,0.0689972401103982
2004-12-09,12:00:00,439.8,439.8,435.8,436.5,153,440.8,438.0,BEARISH_LONDON_BREAKOUT,0,1,-0.3207331042382537,-0.18327605956472195,-0.5498281786941528
2004-12-13,16:00:00,436.5,439.3,434.6,438.6,482,437.3,434.7,BULLISH_LONDON_BREAKOUT,1,0,-0.06839945280438016,-0.18239854081167609,-0.7751937984496201
2004-12-14,16:00:00,438.1,438.1,434.8,435.2,624,439.1,437.8,BEARISH_LONDON_BREAKOUT,0,1,-0.022977941176462752,0.2297794117647059,1.171875000000005
2004-12-15,12:00:00,436.6,439.1,436.1,439.1,157,437.1,436.1,BULLISH_LONDON_BREAKOUT,1,0,0.2732862673650623,0.38715554543383934,0.5693463903438851
2004-12-16,16:00:00,441.5,441.7,437.3,438.3,823,442.3,441.1,BEARISH_LONDON_BREAKOUT,0,1,-0.38786219484371176,0.11407711613050421,0.11407711613050421
2004-12-17,20:00:00,438.8,441.5,438.7,441.0,350,439.3,437.6,BULLISH_LONDON_BREAKOUT,1,0,-0.04535147392289992,0.06802721088435632,0.3628117913832251
2004-12-20,12:00:00,441.1,442.1,441.1,442.0,94,441.8,440.3,BULLISH_LONDON_BREAKOUT,1,0,0.18099547511312475,0.11312217194570137,-0.06787330316742338
2004-12-22,12:00:00,441.6,442.6,441.1,442.0,111,441.8,440.8,BULLISH_LONDON_BREAKOUT,1,0,-0.42986425339365997,-0.6108597285067847,-0.09049773755655593
2004-12-22,16:00:00,441.8,442.1,439.7,440.1,375,441.8,440.8,BEARISH_LONDON_BREAKOUT,1,1,-0.11361054305839581,0.15905476028175156,0.15905476028175156
2004-12-23,12:00:00,441.3,442.1,441.1,441.6,89,441.5,440.6,BULLISH_LONDON_BREAKOUT,1,0,-0.18115942028985763,0.11322463768115942,0.4981884057970989
2004-12-27,16:00:00,442.7,445.1,441.8,444.6,395,442.6,442.1,BULLISH_LONDON_BREAKOUT,1,0,-0.17993702204228773,-0.02249212775529076,-0.292397660818716
2004-12-28,16:00:00,444.6,444.6,442.3,443.3,357,444.8,444.1,BEARISH_LONDON_BREAKOUT,0,1,0.0,0.0,-1.6918565305662079
2004-12-29,12:00:00,443.2,443.3,442.1,442.1,132,443.6,442.8,BEARISH_LONDON_BREAKOUT,0,1,-1.7643067179371208,-1.425016964487675,-1.673829450350607
2004-12-30,12:00:00,435.2,435.2,433.8,434.7,110,436.3,434.8,BEARISH_LONDON_BREAKOUT,0,1,0.5981136415919077,0.20703933747412795,0.11502185415228894
2004-12-30,16:00:00,434.6,438.3,433.3,437.3,589,436.3,434.8,BULLISH_LONDON_BREAKOUT,1,1,-0.0686027898467897,-0.8461010747770383,-2.080951292019214
2005-01-03,16:00:00,435.1,435.5,427.3,428.2,712,435.6,433.7,BEARISH_LONDON_BREAKOUT,0,1,0.3269500233535811,0.21018215787016212,-0.5838393274170948
2005-01-04,12:00:00,426.8,427.3,425.5,425.8,167,429.1,426.8,BEARISH_LONDON_BREAKOUT,0,1,-0.023485204321282933,-0.046970408642552516,0.1643964302489405
2005-01-05,16:00:00,426.6,428.0,425.0,427.6,577,427.3,425.5,BULLISH_LONDON_BREAKOUT,1,0,-0.4209541627689456,-0.2572497661365815,-1.3096351730589388
2005-01-06,16:00:00,425.6,425.8,421.1,422.0,532,426.7,425.1,BEARISH_LONDON_BREAKOUT,0,1,-0.16587677725118213,0.04739336492890726,-0.9952606635071063
2005-01-07,16:00:00,421.6,424.5,416.5,417.8,809,422.6,421.3,BEARISH_LONDON_BREAKOUT,0,1,0.19147917663954317,0.35902345619913834,0.47869794159885115
2005-01-10,20:00:00,420.0,420.0,418.3,419.0,238,420.8,419.1,BEARISH_LONDON_BREAKOUT,0,1,0.11933174224343676,0.5489260143198118,0.6443914081145558
2005-01-12,16:00:00,421.6,427.3,420.1,425.8,1548,422.8,421.0,BULLISH_LONDON_BREAKOUT,1,0,0.0,0.046970408642552516,-0.4227336777829994
2005-01-13,12:00:00,425.8,425.8,424.0,424.1,134,426.5,425.5,BEARISH_LONDON_BREAKOUT,0,1,-0.02357934449422842,-0.02357934449422842,-0.7073803348266918
2005-01-18,12:00:00,421.3,422.3,421.1,422.2,94,421.5,420.8,BULLISH_LONDON_BREAKOUT,1,0,0.14211274277594096,0.023685457129327982,0.3789673140691669
2005-01-20,12:00:00,422.0,422.3,420.6,421.1,141,422.6,421.3,BEARISH_LONDON_BREAKOUT,0,1,0.23747328425552122,-0.07124198527665906,0.28496794110662277
2005-01-21,16:00:00,422.5,425.7,422.2,425.5,997,422.6,421.3,BULLISH_LONDON_BREAKOUT,1,0,0.2820211515863663,0.3055229142185691,0.2585193889541769
2005-01-25,12:00:00,426.7,426.7,424.8,424.8,116,427.0,425.6,BEARISH_LONDON_BREAKOUT,0,1,-0.8239171374764594,-0.8239171374764594,-0.42372881355932474
2005-01-26,12:00:00,422.3,423.6,422.3,423.0,121,422.5,421.1,BULLISH_LONDON_BREAKOUT,1,0,0.8983451536643052,0.5910165484633569,0.5437352245862911
2005-01-27,12:00:00,426.2,426.6,425.1,425.3,111,427.6,426.0,BEARISH_LONDON_BREAKOUT,0,1,-0.07053844345168384,0.16458970138725337,0.18810251587115245
2005-01-31,16:00:00,424.2,424.6,419.2,420.7,1411,424.2,423.2,BEARISH_LONDON_BREAKOUT,0,1,0.26146898027098237,0.23769907297361542,-0.11884953648680771
2005-02-01,16:00:00,421.0,421.8,419.1,420.2,1095,422.0,420.3,BEARISH_LONDON_BREAKOUT,0,1,0.09519276534984153,0.23798191337458352,0.023798191337463765
2005-02-02,16:00:00,421.2,421.8,419.7,420.3,634,422.3,421.0,BEARISH_LONDON_BREAKOUT,0,1,0.23792529145848204,0.047585058291693696,-0.9041161075422345
2005-02-03,12:00:00,420.3,420.3,417.1,417.1,142,421.2,420.0,BEARISH_LONDON_BREAKOUT,0,1,-0.1438503955885933,-0.31167585710860973,-0.31167585710860973
2005-02-04,16:00:00,415.6,417.3,413.3,414.1,1084,416.5,415.2,BEARISH_LONDON_BREAKOUT,0,1,0.024148756339040303,-0.07244626901714836,-0.3863801014247821
2005-02-07,16:00:00,414.2,415.7,412.3,412.5,913,414.3,413.5,BEARISH_LONDON_BREAKOUT,0,1,0.14545454545455097,-0.12121212121212122,0.04848484848484573
2005-02-08,12:00:00,412.1,412.1,410.3,411.1,154,412.3,411.7,BEARISH_LONDON_BREAKOUT,0,1,0.3891997081002106,0.2918997810751614,0.2432498175626368
2005-02-08,16:00:00,411.2,413.5,410.2,412.7,1189,412.3,411.7,BULLISH_LONDON_BREAKOUT,1,1,-0.12115338017930699,-0.12115338017930699,-0.21807608432274708
2005-02-09,16:00:00,412.1,412.5,409.8,411.8,989,413.3,412.0,BEARISH_LONDON_BREAKOUT,0,1,0.21855269548323877,0.5828071879553125,1.0927634774162214
2005-02-10,12:00:00,413.8,413.8,412.7,412.8,116,414.3,413.5,BEARISH_LONDON_BREAKOUT,0,1,0.8478682170542635,0.9447674418604595,1.0416666666666694
2005-02-10,16:00:00,412.8,417.7,411.3,416.3,1498,414.3,413.5,BULLISH_LONDON_BREAKOUT,1,1,0.28825366322363405,0.36031707902954596,0.8167187124669654
2005-02-11,16:00:00,417.2,421.6,415.8,419.7,1454,417.8,416.8,BULLISH_LONDON_BREAKOUT,1,0,0.14295925661187103,0.548010483678821,1.096020967357642
2005-02-14,16:00:00,422.2,425.1,422.1,424.3,1351,422.7,421.7,BULLISH_LONDON_BREAKOUT,1,0,0.21211407023332013,-0.1885458402074031,0.11784115012962526
2005-02-15,12:00:00,423.7,424.6,423.6,424.0,95,423.8,423.2,BULLISH_LONDON_BREAKOUT,1,0,0.18867924528302155,0.16509433962263884,-0.16509433962263884
2005-02-16,12:00:00,424.5,424.8,422.7,423.3,112,425.1,424.3,BEARISH_LONDON_BREAKOUT,0,1,0.07087172218285172,0.3071107961256819,0.5905976848570754
2005-02-17,12:00:00,425.1,427.1,424.5,425.8,138,425.2,423.7,BULLISH_LONDON_BREAKOUT,1,0,0.23485204321277595,-0.046970408642552516,0.07045561296383546
2005-02-22,16:00:00,431.2,434.6,431.0,433.6,1405,431.1,429.8,BULLISH_LONDON_BREAKOUT,1,0,0.3459409594095941,-0.09225092250923295,-0.023062730627311515
2005-02-23,12:00:00,433.0,433.3,432.5,432.5,77,433.6,432.8,BEARISH_LONDON_BREAKOUT,0,1,0.23121387283236997,0.16184971098265635,0.7398843930635812
2005-02-23,20:00:00,433.3,435.3,433.2,434.1,482,433.6,432.8,BULLISH_LONDON_BREAKOUT,1,1,-0.20732550103663536,0.11518083390923749,-0.13821700069109022
2005-02-24,12:00:00,434.7,436.0,433.8,435.7,154,435.1,434.0,BULLISH_LONDON_BREAKOUT,1,0,-0.4360798714711906,-0.6885471654808355,-0.8492081707596945
2005-02-24,16:00:00,435.8,436.3,431.8,433.8,1236,435.1,434.0,BEARISH_LONDON_BREAKOUT,1,1,-0.06915629322268588,-0.25357307514984384,0.04610419548178622
2005-02-25,16:00:00,432.0,435.0,431.6,434.0,1170,432.7,432.0,BULLISH_LONDON_BREAKOUT,1,0,0.18433179723502566,0.5760368663594471,0.4838709677419407
2005-02-28,20:00:00,436.0,436.3,435.0,435.3,436,436.7,435.8,BEARISH_LONDON_BREAKOUT,0,1,-0.11486331265793705,-0.34458993797381116,-0.7580978635423872
2005-03-01,16:00:00,434.6,435.0,430.3,431.3,1325,434.8,433.3,BEARISH_LONDON_BREAKOUT,0,1,0.16230002318571496,0.0,0.09274287039183336
2005-03-02,12:00:00,429.3,429.7,428.3,429.1,130,431.6,429.3,BEARISH_LONDON_BREAKOUT,0,1,0.6059193661151167,0.7457469121416893,0.7923560941505423
2005-03-02,16:00:00,429.0,432.0,428.8,431.7,600,431.6,429.3,BULLISH_LONDON_BREAKOUT,1,1,0.18531387537642144,0.20847810979847908,-0.4401204540189894
2005-03-03,16:00:00,431.8,432.1,428.6,429.8,867,433.1,432.3,BEARISH_LONDON_BREAKOUT,0,1,-0.023266635644491097,-0.11633317822242904,0.9073987901349412
2005-03-04,16:00:00,429.3,434.1,429.0,433.7,1351,429.3,428.7,BULLISH_LONDON_BREAKOUT,1,0,0.023057412958271326,0.23057412958266085,0.23057412958266085
2005-03-07,12:00:00,434.1,434.2,432.8,433.0,118,434.8,433.1,BEARISH_LONDON_BREAKOUT,0,1,0.3926096997690505,0.23094688221709006,0.5311778290993098
2005-03-08,16:00:00,435.3,438.8,434.8,438.0,241,435.3,433.8,BULLISH_LONDON_BREAKOUT,1,0,0.4109589041095916,0.4109589041095916,0.6164383561643809
2005-03-09,16:00:00,439.3,441.1,438.5,440.7,533,440.3,439.3,BULLISH_LONDON_BREAKOUT,1,0,-0.09076469253459889,0.2269117313365101,0.29498525073746573
2005-03-10,12:00:00,441.3,441.8,439.5,439.8,121,442.1,440.8,BEARISH_LONDON_BREAKOUT,0,1,0.5002273760800338,0.2955889040472968,0.2955889040472968
2005-03-11,16:00:00,441.2,446.6,440.3,445.7,474,441.5,440.0,BULLISH_LONDON_BREAKOUT,1,0,-0.31411263181511717,-0.4487323311644604,-1.1667040610275945
2005-03-14,12:00:00,442.6,443.3,441.5,441.7,119,443.8,441.8,BEARISH_LONDON_BREAKOUT,0,1,-0.27167760923703616,-0.4301562146253062,0.022639800769758377
2005-03-15,12:00:00,440.5,442.0,440.5,441.8,110,440.8,439.8,BULLISH_LONDON_BREAKOUT,1,0,-0.2716161158895402,-0.3621548211860622,-0.022634676324133712
2005-03-16,16:00:00,441.6,443.5,441.2,442.6,516,441.7,439.8,BULLISH_LONDON_BREAKOUT,1,0,0.045187528242202575,0.11296882060551287,-1.016719385449616
2005-03-17,12:00:00,442.8,443.2,441.8,442.5,107,443.6,442.7,BEARISH_LONDON_BREAKOUT,0,1,-0.9943502824858705,-0.903954802259887,-1.3333333333333282
2005-03-21,12:00:00,435.3,435.8,434.6,434.8,102,437.6,435.3,BEARISH_LONDON_BREAKOUT,0,1,-1.1039558417663318,-0.8049678012879485,-0.9889604415823393
2005-03-22,16:00:00,430.1,432.1,430.1,431.2,367,430.8,429.5,BULLISH_LONDON_BREAKOUT,1,0,-1.0204081632653008,-1.1363636363636311,-1.321892393320962
2005-03-22,20:00:00,431.1,431.6,425.8,426.8,422,430.8,429.5,BEARISH_LONDON_BREAKOUT,1,1,-0.11715089034676662,0.0,-0.5857544517338332
2005-03-23,12:00:00,426.8,427.2,424.8,425.3,278,428.2,426.3,BEARISH_LONDON_BREAKOUT,0,1,0.04702562896778477,-0.23512814483893724,-0.02351281448389907
2005-03-24,16:00:00,425.1,426.0,423.6,423.8,547,426.0,424.7,BEARISH_LONDON_BREAKOUT,0,1,0.0,0.11798017932987258,0.3067484662576714
2005-03-28,16:00:00,424.3,425.6,423.1,425.1,203,424.7,424.1,BULLISH_LONDON_BREAKOUT,1,0,0.11761938367442955,0.28228652081862826,0.1646671371441987
2005-03-29,20:00:00,425.7,426.1,425.1,425.6,408,427.2,425.8,BEARISH_LONDON_BREAKOUT,0,1,-0.09398496240602304,0.09398496240600969,0.046992481203004845
2005-03-31,20:00:00,427.2,428.3,427.0,427.8,251,427.3,425.8,BULLISH_LONDON_BREAKOUT,1,0,-0.11687704534829359,-0.11687704534829359,-0.6311360448807827
2005-04-01,16:00:00,427.0,428.3,424.0,425.0,909,428.1,426.8,BEARISH_LONDON_BREAKOUT,0,1,0.023529411764711232,0.14117647058824065,-0.4705882352941176
2005-04-04,12:00:00,425.3,425.8,424.1,424.7,255,426.1,424.8,BEARISH_LONDON_BREAKOUT,0,1,-0.4002825523899196,-0.2825523899222954,-0.02354603249351681
2005-04-05,12:00:00,423.2,424.7,422.0,424.6,287,424.0,422.3,BULLISH_LONDON_BREAKOUT,1,0,-0.07065473386717178,-0.14130946773434355,0.04710315591144339
2005-04-06,16:00:00,424.5,426.8,424.2,426.6,616,426.0,424.1,BULLISH_LONDON_BREAKOUT,1,0,-0.21097046413502907,-0.18752930145335475,-0.1406469760900194
2005-04-07,20:00:00,426.1,426.5,424.8,424.8,258,427.1,425.3,BEARISH_LONDON_BREAKOUT,0,1,0.0,-0.11770244821092278,0.30602636534840194
2005-04-08,16:00:00,424.7,426.8,423.8,426.2,578,424.8,424.0,BULLISH_LONDON_BREAKOUT,1,0,-0.023463162834342067,-0.04692632566869748,0.44580009385265934
2005-04-11,12:00:00,427.2,428.8,427.1,428.3,298,427.8,425.8,BULLISH_LONDON_BREAKOUT,1,0,-0.04669624095260066,-0.07004436142890762,-0.1167406023815083
2005-04-12,12:00:00,428.7,429.6,427.3,427.8,324,429.3,428.1,BEARISH_LONDON_BREAKOUT,0,1,-0.1870032725572724,-0.1402524544179576,-0.1870032725572724
2005-04-13,12:00:00,428.5,428.6,426.7,427.0,293,429.0,427.3,BEARISH_LONDON_BREAKOUT,0,1,0.30444964871194646,0.18735362997658347,-0.5854800936768151
2005-04-14,12:00:00,426.8,427.1,424.3,424.5,394,427.8,426.5,BEARISH_LONDON_BREAKOUT,0,1,-0.4004711425206098,-0.35335689045936397,-0.04711425206124585
2005-04-15,12:00:00,423.1,424.7,422.5,424.3,278,423.5,421.7,BULLISH_LONDON_BREAKOUT,1,0,0.07070469007777784,-0.23568230025925052,0.07070469007777784
2005-04-18,16:00:00,424.8,427.6,424.5,426.7,620,425.6,423.1,BULLISH_LONDON_BREAKOUT,1,0,-0.04687133817670228,0.0,1.4061401453011484
2005-04-19,16:00:00,427.1,433.0,426.7,432.7,764,427.3,425.8,BULLISH_LONDON_BREAKOUT,1,0,0.18488560203374424,-0.2079963022879541,0.485324705338577
2005-04-20,16:00:00,431.6,435.2,431.2,434.8,761,432.2,431.6,BULLISH_LONDON_BREAKOUT,1,0,-0.2759889604415797,-0.39098436062557235,-0.5289788408463687
2005-04-21,20:00:00,432.1,432.7,431.2,431.7,177,433.8,432.1,BEARISH_LONDON_BREAKOUT,0,1,-0.09265693768820414,0.3242992819087408,0.46328468844104703
2005-04-22,12:00:00,433.2,434.5,432.3,434.3,283,433.3,431.7,BULLISH_LONDON_BREAKOUT,1,0,-0.13815335021874803,-0.2302555836979047,-0.2532811420677004
2005-04-26,12:00:00,434.2,437.1,433.7,435.8,312,434.8,433.6,BULLISH_LONDON_BREAKOUT,1,0,0.11473152822395594,-0.04589261128957976,-0.04589261128957976
2005-04-27,16:00:00,435.6,436.2,431.2,431.6,758,435.8,433.3,BEARISH_LONDON_BREAKOUT,0,1,-0.06950880444856612,-0.02316960148285976,-0.11584800741427247
2005-04-28,12:00:00,431.3,433.3,431.1,432.8,299,432.2,431.0,BULLISH_LONDON_BREAKOUT,1,0,-0.39279112754158696,-0.39279112754158696,-0.13863216266174277
2005-04-28,20:00:00,430.6,431.6,429.8,430.8,188,432.2,431.0,BEARISH_LONDON_BREAKOUT,1,1,0.06963788300835919,0.34818941504178275,0.7428040854224671
2005-04-29,16:00:00,432.1,436.3,431.2,435.5,779,433.3,430.7,BULLISH_LONDON_BREAKOUT,1,0,-0.3444316877152698,-0.619977037887483,-1.5843857634902359
2005-05-02,12:00:00,432.5,433.3,431.3,431.8,207,433.1,432.1,BEARISH_LONDON_BREAKOUT,0,1,-0.7410838351088441,-0.5789717461787864,-1.0421491431218157
2005-05-03,12:00:00,428.0,429.1,426.6,427.3,302,429.3,427.6,BEARISH_LONDON_BREAKOUT,0,1,-0.11701380762930025,-0.11701380762930025,0.4212497074654836
2005-05-04,12:00:00,428.7,429.3,427.2,429.1,295,428.8,427.3,BULLISH_LONDON_BREAKOUT,1,0,-0.11652295502213934,-0.06991377301328626,0.023304591004419922
2005-05-05,16:00:00,429.3,430.0,427.3,428.6,967,430.7,428.8,BEARISH_LONDON_BREAKOUT,0,1,0.27998133457769214,0.396640223985065,-0.8866075594960362
2005-05-06,12:00:00,429.2,429.8,426.3,427.0,294,430.7,428.8,BEARISH_LONDON_BREAKOUT,0,1,-0.5152224824355945,-0.32786885245901104,-0.702576112412178
2005-05-09,12:00:00,424.7,425.3,423.8,424.0,476,425.1,424.3,BEARISH_LONDON_BREAKOUT,0,1,0.3066037735849083,0.3773584905660431,0.589622641509434
2005-05-09,16:00:00,424.1,425.8,423.8,425.3,1080,425.1,424.3,BULLISH_LONDON_BREAKOUT,1,1,0.0,0.21161533035503813,0.3526922172584058
2005-05-10,12:00:00,426.1,426.8,426.0,426.5,225,426.3,425.3,BULLISH_LONDON_BREAKOUT,1,0,0.07033997655334381,-0.04689331770222477,-0.3516998827667058
2005-05-11,12:00:00,427.2,427.8,424.6,425.0,628,427.8,426.5,BEARISH_LONDON_BREAKOUT,0,1,0.30588235294117916,0.2352941176470588,0.0
2005-05-12,16:00:00,424.8,425.3,420.7,420.8,779,426.2,424.3,BEARISH_LONDON_BREAKOUT,0,1,0.1188212927756654,-0.04752851711026346,-0.4039923954372597
2005-05-13,16:00:00,420.8,421.3,418.2,419.1,728,421.8,420.5,BEARISH_LONDON_BREAKOUT,0,1,0.04772130756382453,-0.1908852302553117,-0.07158196134574359
2005-05-16,20:00:00,419.3,419.3,418.1,419.3,160,419.2,417.8,BULLISH_LONDON_BREAKOUT,1,0,0.04769854519436886,0.09539709038873773,-0.3577390889577868
2005-05-17,20:00:00,420.1,420.5,417.7,417.8,267,420.3,419.1,BEARISH_LONDON_BREAKOUT,0,1,0.11967448539971279,0.23934897079942558,0.7180469123982767
2005-05-18,12:00:00,418.8,420.7,418.5,420.1,564,419.3,418.3,BULLISH_LONDON_BREAKOUT,1,0,0.1666269935729561,0.3332539871459122,0.2856462746964981
2005-05-19,16:00:00,420.8,421.2,418.7,419.8,663,422.3,420.8,BEARISH_LONDON_BREAKOUT,0,1,0.07146260123868779,0.09528346831824137,-0.6669842782277302
2005-05-20,12:00:00,420.3,420.7,419.0,419.1,132,420.5,419.7,BEARISH_LONDON_BREAKOUT,0,1,-0.5010737294201915,-0.548795036984016,-0.548795036984016
2005-05-24,12:00:00,417.8,418.8,417.2,418.5,318,418.1,415.8,BULLISH_LONDON_BREAKOUT,1,0,-0.35842293906810035,-0.33452807646355487,-0.16726403823177743
2005-05-25,20:00:00,418.1,419.1,417.6,418.6,196,418.3,417.2,BULLISH_LONDON_BREAKOUT,1,0,0.16722408026755578,-0.0716674629718135,-0.3105590062111828
2005-05-26,16:00:00,417.8,418.3,416.1,417.3,567,418.8,417.6,BEARISH_LONDON_BREAKOUT,0,1,0.0,0.16774502755810894,0.5990893841361131
2005-05-27,16:00:00,417.8,419.8,417.3,419.8,470,418.3,417.3,BULLISH_LONDON_BREAKOUT,1,0,-0.04764173415912069,-1.3577894235350139,-0.738446879466418
2005-05-31,12:00:00,416.8,416.8,413.3,414.1,166,417.2,416.8,BEARISH_LONDON_BREAKOUT,0,1,0.6037189084762135,0.6278676648152537,0.169041294373337
2005-06-01,12:00:00,416.3,416.8,414.6,414.8,163,417.3,416.1,BEARISH_LONDON_BREAKOUT,0,1,0.3134040501446507,-0.07232401157184459,0.9643201542912248
2005-06-02,12:00:00,417.1,419.1,416.3,418.8,181,417.3,415.8,BULLISH_LONDON_BREAKOUT,1,0,0.9551098376313276,0.7163323782234956,1.1938872970391594
2005-06-03,12:00:00,422.6,424.3,422.0,423.8,185,422.8,421.5,BULLISH_LONDON_BREAKOUT,1,0,-0.11798017932987258,-0.2831524303916915,0.5191127890514367
2005-06-06,12:00:00,424.5,426.3,424.0,426.0,202,424.8,423.1,BULLISH_LONDON_BREAKOUT,1,0,0.07042253521127027,0.07042253521127027,-0.11737089201877934
2005-06-07,12:00:00,426.3,426.7,425.3,425.5,122,427.1,425.8,BEARISH_LONDON_BREAKOUT,0,1,-0.18801410105758198,-0.16451233842537924,-0.23501762632197415
2005-06-08,20:00:00,425.0,425.0,422.6,422.6,120,425.1,424.3,BEARISH_LONDON_BREAKOUT,0,1,0.165641268338852,0.14197823000472454,0.14197823000472454
2005-06-09,16:00:00,422.8,424.5,420.6,424.1,318,424.0,422.8,BULLISH_LONDON_BREAKOUT,1,0,-0.21221410044801559,-0.3772695119075743,0.6130629568497915
2005-06-10,16:00:00,422.3,427.8,421.7,426.7,515,423.2,422.3,BULLISH_LONDON_BREAKOUT,1,0,-0.02343566908834448,-0.562456058120454,0.5858917272088119
2005-06-13,12:00:00,425.6,426.8,425.1,425.8,143,425.6,424.0,BULLISH_LONDON_BREAKOUT,1,0,0.7984969469234329,0.2818224518553285,0.21136683889149302
2005-06-15,12:00:00,426.0,428.2,426.0,427.7,160,426.8,425.8,BULLISH_LONDON_BREAKOUT,1,0,0.32733224222586726,0.3039513677811577,1.2391863455693268
2005-06-16,12:00:00,430.5,433.3,430.3,433.0,158,430.3,428.6,BULLISH_LONDON_BREAKOUT,1,0,0.41570438799076476,0.8314087759815295,1.0392609699769053
2005-06-17,12:00:00,435.7,437.7,435.5,437.5,188,436.6,435.5,BULLISH_LONDON_BREAKOUT,1,0,0.18285714285714547,0.1142857142857143,0.48000000000000514
2005-06-20,16:00:00,439.5,439.8,437.1,437.3,234,440.8,438.0,BEARISH_LONDON_BREAKOUT,0,1,0.0,-0.45735193231191396,-0.0228675966156009
2005-06-21,16:00:00,435.1,437.5,434.8,437.2,339,435.5,433.7,BULLISH_LONDON_BREAKOUT,1,0,0.20585544373285317,0.2516010978957051,-0.09149130832570386
2005-06-22,12:00:00,437.8,437.8,435.8,436.6,114,438.5,437.3,BEARISH_LONDON_BREAKOUT,0,1,0.04580852038478896,0.22904260192395787,0.4351809436555147
2005-06-23,12:00:00,436.8,438.6,436.7,438.5,177,437.3,435.3,BULLISH_LONDON_BREAKOUT,1,0,0.5245153933865476,0.41049030786773344,0.3648802736602104
2005-06-24,12:00:00,442.8,443.2,439.3,440.1,225,443.1,441.3,BEARISH_LONDON_BREAKOUT,0,1,-0.22722108611679162,-0.1817768688934359,-0.13633265167008016
2005-06-28,16:00:00,436.8,437.1,435.3,436.3,303,438.7,436.8,BEARISH_LONDON_BREAKOUT,0,1,-0.2750401100160414,-0.343800137520055,0.11460004584001833
2005-06-29,16:00:00,434.8,437.6,434.8,436.8,299,434.8,433.5,BULLISH_LONDON_BREAKOUT,1,0,0.0,0.06868131868132128,-0.3434065934065934
2005-06-30,16:00:00,437.3,438.3,435.1,435.3,401,437.3,436.6,BEARISH_LONDON_BREAKOUT,0,1,-0.06891798759476485,-0.2297266253158741,-1.95267631518493
2005-07-01,12:00:00,434.0,436.2,433.7,435.0,121,434.7,433.3,BULLISH_LONDON_BREAKOUT,1,0,-1.885057471264365,-1.9999999999999973,-1.9540229885057472
2005-07-01,16:00:00,435.1,435.1,426.3,426.8,441,434.7,433.3,BEARISH_LONDON_BREAKOUT,1,1,0.0,-0.11715089034676662,-0.5857544517338332
2005-07-05,12:00:00,426.3,426.3,423.2,424.3,147,426.5,425.2,BEARISH_LONDON_BREAKOUT,0,1,-0.5420692905962788,-0.3063869903370283,-0.23568230025925052
2005-07-07,20:00:00,424.5,424.6,421.5,423.7,237,426.0,424.3,BEARISH_LONDON_BREAKOUT,0,1,0.02360160490913919,-0.1180080245456691,-0.259617654000464
2005-07-08,16:00:00,423.3,424.5,421.8,421.8,302,424.1,422.8,BEARISH_LONDON_BREAKOUT,0,1,0.1896633475580871,0.5452821242294953,0.9483167377904219
2005-07-11,12:00:00,424.8,424.8,423.3,423.7,86,425.2,424.0,BEARISH_LONDON_BREAKOUT,0,1,0.4956337030918156,0.5428369129100806,0.44843049327355067
2005-07-11,16:00:00,423.6,426.1,423.3,425.8,286,425.2,424.0,BULLISH_LONDON_BREAKOUT,1,1,-0.11742602160638797,0.30530765617661143,-0.23485204321277595
2005-07-12,12:00:00,426.8,427.1,425.6,425.6,150,427.3,425.8,BEARISH_LONDON_BREAKOUT,0,1,-0.18796992481203273,0.046992481203004845,-0.18796992481203273
2005-07-13,12:00:00,425.3,425.6,424.6,424.8,98,426.3,425.0,BEARISH_LONDON_BREAKOUT,0,1,-0.2589453860640355,-0.4001883239171348,-0.30602636534840194
2005-07-14,16:00:00,423.7,424.1,418.6,418.8,540,424.2,421.8,BEARISH_LONDON_BREAKOUT,0,1,0.07163323782235227,0.2387774594078319,0.3581661891117478
2005-07-15,16:00:00,419.3,420.6,417.8,420.3,391,420.1,419.2,BULLISH_LONDON_BREAKOUT,1,0,0.19034023316678833,0.30930287889602937,0.23792529145848204
2005-07-18,12:00:00,421.0,421.3,420.1,420.1,79,421.8,420.7,BEARISH_LONDON_BREAKOUT,0,1,0.2856462746964981,0.1666269935729561,-0.33325398714592575
2005-07-19,12:00:00,419.8,420.0,418.5,418.7,107,420.8,419.3,BEARISH_LONDON_BREAKOUT,0,1,0.2388344877000239,0.3582517315500358,0.6926200143300775
2005-07-20,12:00:00,420.6,421.8,420.1,421.6,92,420.8,420.0,BULLISH_LONDON_BREAKOUT,1,0,-0.07115749525616967,0.4032258064516102,0.8301707779886147
2005-07-21,12:00:00,423.3,425.3,422.6,425.1,147,423.6,422.5,BULLISH_LONDON_BREAKOUT,1,0,-0.11761938367442955,0.11761938367442955,-0.2117148906139812
2005-07-22,12:00:00,426.2,426.5,424.1,424.2,80,426.3,425.6,BEARISH_LONDON_BREAKOUT,0,1,0.023573785950028934,0.1414427157001468,0.1414427157001468
2005-07-25,16:00:00,424.8,426.5,424.6,425.6,327,425.1,423.8,BULLISH_LONDON_BREAKOUT,1,0,-0.07048872180451395,-0.18796992481203273,-0.6578947368421079
2005-07-26,12:00:00,424.3,424.3,422.8,423.5,150,425.0,424.1,BEARISH_LONDON_BREAKOUT,0,1,-0.16528925619834442,-0.16528925619834442,-0.2833530106257352
2005-07-27,16:00:00,422.3,425.3,422.3,424.6,354,422.8,422.0,BULLISH_LONDON_BREAKOUT,1,0,0.09420631182288677,-0.07065473386717178,0.8478568064060211
2005-07-28,12:00:00,424.8,425.7,424.6,425.1,104,424.7,424.1,BULLISH_LONDON_BREAKOUT,1,0,0.7292401787814551,0.5175252881674873,0.8703834391907759
2005-07-29,12:00:00,427.1,429.3,426.8,428.8,121,427.6,426.8,BULLISH_LONDON_BREAKOUT,1,0,0.30317164179104744,0.0,0.6529850746268684
2005-08-01,12:00:00,431.0,431.8,430.8,431.6,152,431.3,429.8,BULLISH_LONDON_BREAKOUT,1,0,-0.06950880444856612,0.02316960148284659,0.16218721037997882
2005-08-02,12:00:00,431.6,432.8,431.3,432.3,85,431.8,430.8,BULLISH_LONDON_BREAKOUT,1,0,-0.2313208420078649,-0.1619245894055028,0.5551700208188705
2005-08-03,12:00:00,432.2,435.5,431.8,434.7,191,431.8,431.1,BULLISH_LONDON_BREAKOUT,1,0,0.4370830457787058,0.3450655624568668,0.36806993328732984
2005-08-04,16:00:00,436.5,438.8,436.3,438.3,651,436.7,435.7,BULLISH_LONDON_BREAKOUT,1,0,-0.2737850787132075,-0.29660050193931353,-0.22815423226100842
2005-08-05,20:00:00,437.2,437.3,436.5,436.8,89,438.0,437.1,BEARISH_LONDON_BREAKOUT,0,1,0.09157509157508636,-0.11446886446886448,-0.5265567765567791
2005-08-08,16:00:00,436.1,436.3,434.3,434.6,463,436.8,435.6,BEARISH_LONDON_BREAKOUT,0,1,-0.02300966405890997,-0.13805798435343367,-0.18407731247124054
2005-08-09,12:00:00,434.3,434.6,433.3,433.3,91,435.3,434.0,BEARISH_LONDON_BREAKOUT,0,1,0.11539349180706207,0.23078698361412414,0.5538887606738927
2005-08-10,12:00:00,435.5,436.3,435.5,435.7,101,435.3,434.1,BULLISH_LONDON_BREAKOUT,1,0,0.1377094330961723,0.4131282992885039,0.7114987376635352
2005-08-11,12:00:00,437.8,438.8,437.1,438.8,109,438.3,437.7,BULLISH_LONDON_BREAKOUT,1,0,1.5268915223336346,1.4813126709206927,1.3445761166818544
2005-08-12,12:00:00,447.7,448.3,444.3,444.7,176,449.1,445.3,BEARISH_LONDON_BREAKOUT,0,1,0.24735776928266762,-0.02248706993477983,-0.11243534967393749
2005-08-15,12:00:00,442.1,444.5,441.8,444.2,96,444.0,442.2,BULLISH_LONDON_BREAKOUT,1,0,-0.6528590724898644,-0.675371454299865,-0.6978838361098528
2005-08-15,16:00:00,444.3,444.3,440.8,441.3,336,444.0,442.2,BEARISH_LONDON_BREAKOUT,1,1,0.11330160888284614,0.0,0.9743938363924793
2005-08-16,16:00:00,441.0,445.7,440.8,445.6,474,441.7,440.5,BULLISH_LONDON_BREAKOUT,1,0,0.0,-0.06732495511669914,-1.4138240574506309
2005-08-17,12:00:00,443.7,444.1,441.0,443.3,156,445.3,443.8,BEARISH_LONDON_BREAKOUT,0,1,-0.9023234829686443,-0.9474396571170739,-1.173020527859235
2005-08-18,16:00:00,438.3,442.0,437.8,440.3,396,439.6,437.8,BULLISH_LONDON_BREAKOUT,1,0,-0.24982966159437262,-0.47694753577107035,-0.72677719736543
2005-08-19,20:00:00,436.8,437.5,435.8,435.8,105,439.2,436.8,BEARISH_LONDON_BREAKOUT,0,1,0.11473152822395594,0.29830197338228803,0.43597980725102736
2005-08-22,12:00:00,437.0,440.2,436.8,439.0,163,437.3,436.3,BULLISH_LONDON_BREAKOUT,1,0,-0.2733485193621842,-0.15945330296127305,-0.04555808656036187
2005-08-24,16:00:00,438.1,440.3,435.3,436.6,489,437.8,437.3,BEARISH_LONDON_BREAKOUT,0,1,0.1374255611543669,0.34356390288593674,0.20613834173155685
2005-08-25,16:00:00,438.3,438.8,437.0,437.5,311,439.0,437.6,BEARISH_LONDON_BREAKOUT,0,1,0.1142857142857143,0.06857142857143117,0.13714285714286234
2005-08-26,20:00:00,438.0,438.2,436.7,437.2,105,438.8,437.8,BEARISH_LONDON_BREAKOUT,0,1,0.4574565416285453,0.4574565416285453,-0.2058554437328402
2005-08-29,12:00:00,439.3,439.5,437.7,438.3,84,440.1,439.2,BEARISH_LONDON_BREAKOUT,0,1,-0.13689253935661025,-0.45630846452201684,-1.7111567419575633
2005-08-30,12:00:00,435.8,435.8,430.6,430.8,193,436.3,435.6,BEARISH_LONDON_BREAKOUT,0,1,-0.18570102135562008,0.18570102135562008,0.27855153203342353
2005-08-31,16:00:00,432.2,434.1,431.3,433.8,315,433.1,432.0,BULLISH_LONDON_BREAKOUT,1,0,0.20746887966804456,0.2996772706316301,1.9594283079760257
2005-09-01,12:00:00,435.3,438.6,434.8,438.1,171,435.8,434.3,BULLISH_LONDON_BREAKOUT,1,0,0.9586852316822616,0.9130335539831088,1.1869436201780388
2005-09-06,12:00:00,442.8,445.3,442.7,445.3,131,444.2,442.5,BULLISH_LONDON_BREAKOUT,1,0,-0.2694812485964493,-0.4042218728946803,-0.04491354143273942
2005-09-07,12:00:00,444.2,445.6,442.8,445.1,159,445.0,442.7,BULLISH_LONDON_BREAKOUT,1,0,-0.06740058413839842,-0.31453605931252165,0.8312738710402131
2005-09-08,12:00:00,444.5,449.3,444.2,448.8,127,444.8,443.3,BULLISH_LONDON_BREAKOUT,1,0,-0.4456327985739751,-0.6684491978609626,-0.22281639928698754
2005-09-09,12:00:00,446.3,448.3,446.1,447.8,122,446.6,446.1,BULLISH_LONDON_BREAKOUT,1,0,0.11165698972755694,0.714604734256362,-0.15631978561857718
2005-09-12,12:00:00,448.6,448.6,446.6,447.1,553,450.1,448.2,BEARISH_LONDON_BREAKOUT,0,1,0.4920599418474589,0.13419816595839093,0.3802281368821267
2005-09-13,12:00:00,447.8,449.1,447.2,448.8,85,448.6,447.2,BULLISH_LONDON_BREAKOUT,1,0,-0.6016042780748637,-0.6016042780748637,0.15597147950088874
2005-09-13,16:00:00,448.8,448.8,444.5,446.1,372,448.6,447.2,BEARISH_LONDON_BREAKOUT,1,1,-0.022416498542932692,0.11208249271463797,0.6052454606590425
2005-09-14,12:00:00,447.1,449.8,447.1,449.5,148,447.7,446.2,BULLISH_LONDON_BREAKOUT,1,0,-0.15572858731924108,0.06674082313682123,0.9343715239154591
2005-09-15,12:00:00,448.8,454.2,448.7,453.7,199,450.1,448.1,BULLISH_LONDON_BREAKOUT,1,0,0.19836896627728326,0.08816398501213006,1.212254793916685
2005-09-16,12:00:00,457.5,459.8,457.3,459.2,175,458.5,454.8,BULLISH_LONDON_BREAKOUT,1,0,-0.2395470383275187,0.08710801393728966,0.9799651567944252
2005-09-19,12:00:00,461.3,464.3,461.1,463.7,227,461.3,458.2,BULLISH_LONDON_BREAKOUT,1,0,0.8410610308389119,0.34505067931852984,0.4528790166055689
2005-09-20,12:00:00,469.6,469.7,465.2,465.8,175,470.6,466.1,BEARISH_LONDON_BREAKOUT,0,1,-0.32202662086732503,-0.2576212966938576,0.42936882782310004
2005-09-21,16:00:00,467.6,469.1,465.8,468.6,544,468.3,466.1,BULLISH_LONDON_BREAKOUT,1,0,0.682885189927441,1.1950490823730187,-0.4908237302603524
2005-09-22,12:00:00,472.2,473.3,468.3,470.0,253,474.8,472.3,BEARISH_LONDON_BREAKOUT,0,1,-0.7872340425531891,-1.1063829787234019,-1.4468085106383004
2005-09-23,12:00:00,464.3,464.8,462.3,463.2,218,466.1,463.7,BEARISH_LONDON_BREAKOUT,0,1,0.021588946459417693,-0.7340241796200296,-0.8635578583765112
2005-09-26,16:00:00,459.1,466.6,458.6,465.8,562,461.3,458.8,BULLISH_LONDON_BREAKOUT,1,0,0.06440532417346745,-0.3649635036496326,-1.2881064834693001
2005-09-27,12:00:00,465.3,465.3,462.3,462.8,151,465.7,463.7,BEARISH_LONDON_BREAKOUT,0,1,-0.648228176318064,-0.17286084701815285,0.28089887640449684
2005-09-28,12:00:00,461.3,465.3,460.8,464.1,149,462.8,460.8,BULLISH_LONDON_BREAKOUT,1,0,0.7541478129713423,0.9696186166774402,0.9480715363068255
2005-09-29,16:00:00,468.6,473.3,468.5,471.6,550,469.7,468.3,BULLISH_LONDON_BREAKOUT,1,0,0.0,0.1484308736217109,-0.6573367260390208
2005-09-30,16:00:00,473.0,473.1,468.2,468.5,645,473.8,472.1,BEARISH_LONDON_BREAKOUT,0,1,0.06403415154749442,-0.4695837780149389,-0.5122732123799311
2005-10-04,16:00:00,467.3,468.3,464.1,465.2,714,467.3,466.3,BEARISH_LONDON_BREAKOUT,0,1,0.1289767841788527,0.08598452278590588,0.021496130696479522
2005-10-06,16:00:00,466.7,472.3,466.6,470.8,714,466.8,465.3,BULLISH_LONDON_BREAKOUT,1,0,0.4248088360237893,0.318606627017842,0.9558198810535259
2005-10-07,16:00:00,472.6,475.3,469.6,475.3,635,472.8,471.3,BULLISH_LONDON_BREAKOUT,1,0,-0.21039343572480537,-0.21039343572480537,-0.10519671786240269
2005-10-12,16:00:00,478.8,478.8,471.8,472.1,926,480.0,476.2,BEARISH_LONDON_BREAKOUT,0,1,-0.3812751535691615,0.2541834357127703,-0.5295488244016098
2005-10-13,16:00:00,470.8,471.1,467.3,469.6,677,473.7,470.3,BEARISH_LONDON_BREAKOUT,0,1,0.29812606473594067,0.25553662691652224,-0.38330494037478946
2005-10-14,12:00:00,470.3,471.1,468.2,468.6,224,471.6,470.0,BEARISH_LONDON_BREAKOUT,0,1,-0.17072129748186327,0.14938113529662583,1.3017498932991818
2005-10-17,12:00:00,471.8,475.0,470.8,474.7,157,472.6,470.7,BULLISH_LONDON_BREAKOUT,1,0,-0.10532968190436066,-0.3370549820939469,-0.7162418369496476
2005-10-18,12:00:00,472.6,472.8,470.8,471.3,169,474.0,472.6,BEARISH_LONDON_BREAKOUT,0,1,0.2121790791427965,-0.2546148949713534,-0.9760237640568689
2005-10-19,12:00:00,467.8,469.3,466.5,466.7,312,470.8,467.0,BEARISH_LONDON_BREAKOUT,0,1,-0.8356545961002737,-0.8785086779515675,-0.621384186843792
2005-10-20,16:00:00,464.1,464.6,459.5,460.3,567,463.8,462.3,BEARISH_LONDON_BREAKOUT,0,1,0.08689984792526119,0.15207473386921325,1.3686726048229438
2005-10-21,16:00:00,461.5,466.8,460.3,466.6,485,462.8,460.6,BULLISH_LONDON_BREAKOUT,1,0,-0.06429489927132691,-0.4500642948992762,-0.08572653236177327
2005-10-24,12:00:00,463.3,465.1,463.3,464.8,175,464.7,462.8,BULLISH_LONDON_BREAKOUT,1,0,0.3012048192771036,-0.02151462994836978,1.1833046471600688
2005-10-25,12:00:00,466.6,470.6,466.3,470.3,225,466.8,464.8,BULLISH_LONDON_BREAKOUT,1,0,0.425260472039124,0.5103125664469439,0.38273442483521397
2005-10-26,16:00:00,472.2,473.1,471.1,471.6,518,474.0,471.8,BEARISH_LONDON_BREAKOUT,0,1,-0.27565733672604137,0.3180661577608142,0.46649703138252513
2005-10-27,16:00:00,473.1,475.5,472.2,473.8,512,473.6,472.3,BULLISH_LONDON_BREAKOUT,1,0,-0.10552975939214858,-0.1266357112705831,-0.8020261713803316
2005-10-28,16:00:00,472.8,472.8,469.3,470.0,581,474.0,472.6,BEARISH_LONDON_BREAKOUT,0,1,0.44680851063830274,0.3404255319148985,-0.9999999999999976
2005-10-31,16:00:00,472.3,472.3,464.6,465.3,562,472.2,471.2,BEARISH_LONDON_BREAKOUT,0,1,0.0,0.08596604341284703,-1.1390500752202903
2005-11-01,16:00:00,465.8,465.8,457.7,460.0,632,466.3,465.3,BEARISH_LONDON_BREAKOUT,0,1,-0.2826086956521764,0.23913043478261364,0.45652173913043975
2005-11-02,12:00:00,460.5,461.3,459.5,459.6,99,461.3,460.6,BEARISH_LONDON_BREAKOUT,0,1,0.5439512619669278,0.6527415143603132,0.97911227154047
2005-11-02,16:00:00,459.5,463.2,459.3,462.1,512,461.3,460.6,BULLISH_LONDON_BREAKOUT,1,1,0.0,0.3462454014282549,-0.6492101276779918
2005-11-03,16:00:00,463.8,464.1,459.0,459.1,617,464.3,463.3,BEARISH_LONDON_BREAKOUT,0,1,0.2613809627532103,0.43563493792202135,-0.653452406883032
2005-11-04,16:00:00,461.0,464.0,454.8,456.1,595,461.3,460.6,BEARISH_LONDON_BREAKOUT,0,1,0.04385003288752217,0.1315500986625665,0.26310019732514545
2005-11-07,20:00:00,457.1,459.3,457.1,459.1,221,457.6,456.5,BULLISH_LONDON_BREAKOUT,1,0,-0.196035722064917,-0.45741668481812736,0.4138531910259153
2005-11-08,12:00:00,456.8,459.1,456.5,458.8,95,457.2,456.2,BULLISH_LONDON_BREAKOUT,1,0,0.5448997384481256,0.3705318221447229,0.7192676547515282
2005-11-09,16:00:00,461.8,465.7,461.3,465.1,500,462.6,461.7,BULLISH_LONDON_BREAKOUT,1,0,0.34401204042140743,0.1505052676843665,0.301010535368733
2005-11-10,12:00:00,466.3,467.3,466.2,467.2,74,466.2,465.6,BULLISH_LONDON_BREAKOUT,1,0,-0.14982876712328524,-0.34246575342465024,-0.2996575342465705
2005-11-11,12:00:00,465.5,466.0,464.6,465.8,68,465.7,464.8,BULLISH_LONDON_BREAKOUT,1,0,0.42936882782310004,0.5796479175611826,0.6011163589523425
2005-11-14,12:00:00,470.1,470.3,468.6,468.6,85,470.3,469.3,BEARISH_LONDON_BREAKOUT,0,1,-0.1280409731114005,-0.4268032437046521,-0.2774221084080263
2005-11-16,16:00:00,472.6,478.1,471.1,476.3,413,472.7,470.6,BULLISH_LONDON_BREAKOUT,1,0,0.41990342221289106,1.007768213310941,1.8895653999580098
2005-11-17,12:00:00,479.2,482.3,479.0,482.1,132,480.8,477.5,BULLISH_LONDON_BREAKOUT,1,0,0.6637627048330198,0.808960796515241,1.2238124870358797
2005-11-18,16:00:00,487.8,488.6,482.8,483.2,567,488.0,484.3,BEARISH_LONDON_BREAKOUT,0,1,0.3311258278145743,0.5380794701986802,1.1589403973509982
2005-11-21,20:00:00,488.6,491.2,486.3,491.1,221,489.6,486.0,BULLISH_LONDON_BREAKOUT,1,0,0.14253716147423917,0.3257992262268308,0.6108735491753207
2005-11-22,20:00:00,491.3,494.3,490.3,494.1,231,492.8,489.3,BULLISH_LONDON_BREAKOUT,1,0,-0.5059704513256426,-0.9714632665452361,-0.5059704513256426
2005-11-23,12:00:00,489.5,489.5,487.8,488.5,112,491.3,489.2,BEARISH_LONDON_BREAKOUT,0,1,0.16376663254862056,1.780962128966221,2.0061412487205756
2005-11-23,20:00:00,489.6,491.7,489.1,491.6,121,491.3,489.2,BULLISH_LONDON_BREAKOUT,1,1,1.1391375101708636,1.0577705451586632,1.9121236777868138
2005-11-28,20:00:00,497.1,498.8,495.8,498.3,216,498.1,496.7,BULLISH_LONDON_BREAKOUT,1,0,0.5819787276740873,-0.2006823198876179,0.2006823198876179
2005-11-29,12:00:00,497.2,497.7,494.3,495.8,141,500.8,497.3,BEARISH_LONDON_BREAKOUT,0,1,0.30254134731746674,0.5445744251714378,-0.5445744251714378
2005-12-01,12:00:00,493.2,497.7,493.2,496.3,128,494.3,492.6,BULLISH_LONDON_BREAKOUT,1,0,0.8059641345960106,1.2693935119887187,1.2693935119887187
2005-12-02,12:00:00,506.0,506.1,502.6,502.6,144,506.3,502.8,BEARISH_LONDON_BREAKOUT,0,1,0.13927576601671082,0.6963788300835655,0.6366892160764004
2005-12-05,20:00:00,506.5,509.6,506.2,508.8,300,508.0,504.1,BULLISH_LONDON_BREAKOUT,1,0,-0.058962264150945624,-0.19654088050314467,0.3734276729559704
2005-12-06,16:00:00,506.7,508.2,503.8,508.2,452,508.0,506.0,BULLISH_LONDON_BREAKOUT,1,0,0.49193231011412836,0.5903187721369539,1.1806375442739192
2005-12-07,16:00:00,512.2,516.2,510.2,514.2,494,513.2,511.2,BULLISH_LONDON_BREAKOUT,1,0,0.07779074290159027,0.7390120575651409,0.6806690003889537
2005-12-08,20:00:00,518.0,520.5,517.7,520.2,267,518.1,514.7,BULLISH_LONDON_BREAKOUT,1,0,0.34602076124566594,0.3844675124951941,1.0572856593617839
2005-12-09,16:00:00,522.2,530.2,521.1,528.5,513,522.2,519.2,BULLISH_LONDON_BREAKOUT,1,0,-0.5298013245033026,0.9649952696310354,1.4191106906338695
2005-12-12,20:00:00,536.1,536.2,526.2,527.5,538,540.5,533.5,BEARISH_LONDON_BREAKOUT,0,1,-0.6255924170616027,-1.0047393364928823,-1.7630331753554416
2005-12-13,12:00:00,522.2,527.0,521.7,526.7,120,523.2,520.7,BULLISH_LONDON_BREAKOUT,1,0,-1.3290298082399847,-2.6960318967154064,-2.9238655781279728
2005-12-13,16:00:00,526.6,529.2,519.2,519.7,791,523.2,520.7,BEARISH_LONDON_BREAKOUT,1,1,-0.28862805464691166,-1.2892053107562143,-1.4431402732345582
2005-12-14,12:00:00,515.2,515.2,510.3,511.3,162,515.7,512.7,BEARISH_LONDON_BREAKOUT,0,1,0.176021904948178,-1.5646391550948564,-1.5059651867787969
2005-12-15,16:00:00,503.7,508.8,500.6,507.1,512,505.7,501.5,BULLISH_LONDON_BREAKOUT,1,0,-0.7887990534411358,-2.326957207651353,-0.35495957404851336
2005-12-16,12:00:00,499.1,504.8,499.1,504.8,184,499.8,492.8,BULLISH_LONDON_BREAKOUT,1,0,0.09904912836767037,-0.39619651347068147,0.4556259904912859
2005-12-19,20:00:00,507.8,508.1,502.8,503.1,234,508.8,504.6,BEARISH_LONDON_BREAKOUT,0,1,0.49691910157026437,0.4372888093818304,-2.2460743390975972
2005-12-20,16:00:00,505.3,506.3,500.1,500.1,550,507.3,504.0,BEARISH_LONDON_BREAKOUT,0,1,-1.659668066386725,-1.97960407918417,-1.4597080583883246
2005-12-21,20:00:00,492.6,494.8,491.8,494.8,258,493.8,489.3,BULLISH_LONDON_BREAKOUT,1,0,0.16168148746968702,-0.30315278900565884,1.7178658043654
2005-12-22,12:00:00,493.3,496.3,493.3,496.0,114,494.8,493.2,BULLISH_LONDON_BREAKOUT,1,0,1.350806451612901,1.5120967741935485,1.3306451612903272
2005-12-27,12:00:00,506.1,507.5,506.1,506.8,29,506.3,505.7,BULLISH_LONDON_BREAKOUT,1,0,-0.13812154696132373,0.5722178374112031,0.6906077348066298
2005-12-28,12:00:00,508.2,511.0,508.2,510.3,104,510.0,508.2,BULLISH_LONDON_BREAKOUT,1,0,1.0582010582010648,1.2149715853419534,1.23456790123457
2005-12-29,16:00:00,516.5,516.7,510.3,513.7,610,517.2,515.6,BEARISH_LONDON_BREAKOUT,0,1,0.5839984426708195,-0.0973330737784699,0.17519953280124143
2006-01-03,12:00:00,519.2,523.5,518.7,522.0,114,519.7,518.5,BULLISH_LONDON_BREAKOUT,1,0,1.283524904214568,2.1455938697318095,2.049808429118783
2006-01-05,12:00:00,531.7,532.3,528.2,528.7,130,532.7,529.7,BEARISH_LONDON_BREAKOUT,0,1,-0.26480045394365254,-1.1159447701910516,0.0
2006-01-06,16:00:00,528.7,537.7,528.7,537.7,624,528.7,525.1,BULLISH_LONDON_BREAKOUT,1,0,0.27896596615212943,0.8926910916868057,1.4878184861446901
2006-01-09,12:00:00,541.1,541.2,539.2,540.2,115,543.6,540.7,BEARISH_LONDON_BREAKOUT,0,1,1.018141429100333,1.203258052573121,0.42576823398740365
2006-01-09,16:00:00,540.1,546.5,535.0,545.7,786,543.6,540.7,BULLISH_LONDON_BREAKOUT,1,1,0.2748763056624519,-0.09162543522081729,-1.0078797874289902
2006-01-10,12:00:00,545.7,546.0,542.5,542.5,133,547.5,544.7,BEARISH_LONDON_BREAKOUT,0,1,-0.4239631336405446,0.09216589861751152,0.18433179723502305
2006-01-11,16:00:00,543.2,548.6,542.2,547.7,1051,544.1,539.2,BULLISH_LONDON_BREAKOUT,1,0,0.0,-0.12780719371919763,-0.2738725579696914
2006-01-12,12:00:00,545.6,547.7,545.6,547.7,101,547.1,545.2,BULLISH_LONDON_BREAKOUT,1,0,-0.2738725579696914,-0.456454263282819,-0.1095490231878807
2006-01-13,12:00:00,545.7,547.7,545.7,547.1,114,546.7,545.2,BULLISH_LONDON_BREAKOUT,1,0,1.4805337232681453,1.7547066349844678,1.2611953938950788
2006-01-17,12:00:00,557.0,558.2,552.7,553.7,198,558.6,556.2,BEARISH_LONDON_BREAKOUT,0,1,0.8127144663175003,0.0,-1.3003431461080088
2006-01-18,20:00:00,545.6,546.2,542.2,542.5,633,547.2,542.6,BEARISH_LONDON_BREAKOUT,0,1,0.3686635944700461,1.2350230414746628,2.709677419354847
2006-01-19,16:00:00,548.2,554.7,547.7,553.5,1558,550.7,547.1,BULLISH_LONDON_BREAKOUT,1,0,0.6684733514001889,0.5781391147244888,1.011743450767845
2006-01-20,12:00:00,556.2,561.2,556.1,559.7,154,558.5,556.0,BULLISH_LONDON_BREAKOUT,1,0,-0.10720028586743302,-0.9112024298731503,-0.5717348579596293
2006-01-20,20:00:00,558.7,560.2,552.1,554.0,569,558.5,556.0,BEARISH_LONDON_BREAKOUT,2,1,0.10830324909747702,0.37906137184115934,0.920577617328524
2006-01-23,12:00:00,556.0,558.6,555.2,556.5,159,556.2,554.2,BULLISH_LONDON_BREAKOUT,1,0,0.10781671159030058,0.21563342318060116,-0.14375561545372048
2006-01-24,16:00:00,555.7,557.6,552.7,555.2,812,557.5,555.6,BEARISH_LONDON_BREAKOUT,0,1,0.6123919308357307,0.9005763688760807,1.350864553314121
2006-01-24,20:00:00,555.5,558.7,555.5,558.6,378,557.5,555.6,BULLISH_LONDON_BREAKOUT,1,1,-0.01790189760114979,0.7339778016469787,0.4654493376297928
2006-01-25,12:00:00,560.6,563.2,560.1,562.7,139,560.5,556.7,BULLISH_LONDON_BREAKOUT,1,0,-0.5509152301403984,-0.2665718855518038,-0.9241158699129278
2006-01-26,12:00:00,561.2,562.5,556.7,557.5,134,561.7,560.6,BEARISH_LONDON_BREAKOUT,0,1,0.017937219730945784,0.10762331838565431,0.7533632286995597
2006-01-27,12:00:00,559.2,561.7,558.0,561.7,108,559.6,556.7,BULLISH_LONDON_BREAKOUT,1,0,-0.7121239095602634,-0.21363717286808712,-0.03560619547802126
2006-01-30,16:00:00,561.2,564.5,560.7,564.2,305,562.2,560.5,BULLISH_LONDON_BREAKOUT,1,0,0.7089684509039347,0.7975895072669265,0.7975895072669265
2006-02-03,12:00:00,572.5,572.5,570.7,571.2,100,573.1,571.7,BEARISH_LONDON_BREAKOUT,0,1,-0.63025210084034,-0.2801120448179311,-0.35014005602240894
2006-02-07,12:00:00,569.1,569.1,566.1,566.2,121,571.2,568.2,BEARISH_LONDON_BREAKOUT,0,1,-1.7661603673613562,-3.2144118685976766,-3.5676439420699477
2006-02-08,12:00:00,548.2,549.0,545.5,546.0,157,550.7,546.7,BEARISH_LONDON_BREAKOUT,0,1,1.0256410256410298,2.1062271062271063,1.959706959706968
2006-02-08,16:00:00,545.7,552.1,544.7,551.6,632,550.7,546.7,BULLISH_LONDON_BREAKOUT,1,1,-0.16316171138505753,1.1965192168237893,1.1965192168237893
2006-02-09,20:00:00,558.6,566.5,558.2,563.7,606,558.6,555.5,BULLISH_LONDON_BREAKOUT,1,0,0.44349831470640405,-0.9224764945893286,-2.3416711016498217
2006-02-10,16:00:00,558.7,560.1,547.0,548.2,602,561.0,555.6,BEARISH_LONDON_BREAKOUT,0,1,0.4195549069682514,-0.5472455308281649,-0.5472455308281649
2006-02-13,12:00:00,544.2,548.5,544.2,548.2,92,546.5,543.6,BULLISH_LONDON_BREAKOUT,1,0,-0.5472455308281649,-2.024808464064214,-1.1309740970448825
2006-02-13,20:00:00,545.1,545.2,538.1,539.1,479,546.5,543.6,BEARISH_LONDON_BREAKOUT,1,1,-0.3709886848451122,-0.16694490818029628,1.465405305138189
2006-02-14,12:00:00,538.2,542.7,537.7,542.0,124,539.2,534.7,BULLISH_LONDON_BREAKOUT,1,0,0.4059040590405988,0.4059040590405988,0.4981549815498239
2006-02-15,16:00:00,544.5,546.2,539.7,541.0,506,546.7,544.6,BEARISH_LONDON_BREAKOUT,0,1,-0.24029574861366998,-0.517560073937145,0.38817005545286926
2006-02-16,16:00:00,538.7,543.1,536.0,543.1,500,540.7,536.5,BULLISH_LONDON_BREAKOUT,1,0,0.7549254280979604,0.2761922297919352,1.583502117473766
2006-02-17,12:00:00,544.0,548.2,544.0,547.6,134,546.0,544.0,BULLISH_LONDON_BREAKOUT,1,0,0.7487216946676447,0.9130752373995616,1.004382761139518
2006-02-21,12:00:00,552.5,553.7,552.2,552.7,98,552.6,551.0,BULLISH_LONDON_BREAKOUT,1,0,0.36185996019540434,0.1447439840781535,-0.47041794825402977
2006-02-22,12:00:00,553.6,553.6,550.0,550.1,171,554.6,552.7,BEARISH_LONDON_BREAKOUT,0,1,0.45446282494091983,0.6180694419196467,0.5635339029267447
2006-02-22,20:00:00,552.7,555.5,552.6,555.2,216,554.6,552.7,BULLISH_LONDON_BREAKOUT,1,2,-0.3061959654178756,-0.7204610951008645,-1.1167146974063482
2006-02-23,20:00:00,552.7,553.0,547.6,549.0,465,553.7,550.7,BEARISH_LONDON_BREAKOUT,0,1,-0.3278688524590081,0.40072859744991723,1.7304189435336976
2006-02-24,16:00:00,551.2,558.2,550.5,557.5,325,552.2,550.0,BULLISH_LONDON_BREAKOUT,1,0,0.17937219730941703,-0.08968609865470852,-0.8968609865470852
2006-02-27,16:00:00,556.1,556.1,552.1,552.5,325,557.2,555.5,BEARISH_LONDON_BREAKOUT,0,1,0.21719457013575483,0.398190045248877,1.3936651583710489
2006-02-28,12:00:00,554.6,556.7,554.5,556.1,66,555.7,554.1,BULLISH_LONDON_BREAKOUT,1,0,0.7372774680812844,0.7372774680812844,1.1688545225678835
2006-03-01,12:00:00,562.5,563.2,561.6,562.6,76,562.2,560.2,BULLISH_LONDON_BREAKOUT,1,0,-0.1599715606114428,-0.1599715606114428,0.08887308922858157
2006-03-02,20:00:00,563.6,570.7,563.1,569.1,433,564.0,562.5,BULLISH_LONDON_BREAKOUT,1,0,0.10542962572483268,-0.15814443858723903,-0.7731505886487396
2006-03-03,12:00:00,567.7,568.7,566.2,566.6,91,569.0,567.7,BEARISH_LONDON_BREAKOUT,0,1,-0.17649135192375573,-0.19414048711613532,-0.15884221673137616
2006-03-06,12:00:00,567.1,568.0,565.5,565.7,69,567.7,566.2,BEARISH_LONDON_BREAKOUT,0,1,-0.44193035177656,-1.7853986211773063,-2.032879618172176
2006-03-07,16:00:00,554.1,555.7,548.1,552.2,390,556.7,554.2,BEARISH_LONDON_BREAKOUT,0,1,0.054328141977536125,-0.2173125679101857,-2.281781963056867
2006-03-08,12:00:00,550.6,551.1,546.2,546.2,134,552.2,549.7,BEARISH_LONDON_BREAKOUT,0,1,-1.2083485902599822,-1.0984987184181618,0.0
2006-03-09,16:00:00,546.5,550.0,544.5,546.6,302,546.5,542.7,BULLISH_LONDON_BREAKOUT,1,0,-0.20124405415294966,-0.20124405415294966,-1.4635931211123308
2006-03-10,12:00:00,545.6,545.7,541.1,541.1,65,546.1,544.6,BEARISH_LONDON_BREAKOUT,0,1,-0.4620218074293106,0.3511365736462719,0.38809831824062513
2006-03-13,20:00:00,544.6,546.2,544.2,545.7,173,545.0,542.7,BULLISH_LONDON_BREAKOUT,1,0,0.07330034817664967,-0.2748763056624519,0.9162543522081729
2006-03-14,16:00:00,543.1,549.0,538.2,548.7,265,544.7,542.2,BULLISH_LONDON_BREAKOUT,1,0,0.3644979041370512,0.3644979041370512,1.0023692363768908
2006-03-15,12:00:00,551.1,552.7,550.2,552.2,82,552.0,549.7,BULLISH_LONDON_BREAKOUT,1,0,0.3621876131836291,-0.18109380659181454,0.09054690329590727
2006-03-16,12:00:00,551.0,553.7,551.0,552.7,66,551.2,550.1,BULLISH_LONDON_BREAKOUT,1,0,-0.21711597611725084,0.18092998009770217,0.45232495024425545
2006-03-20,12:00:00,555.1,555.1,553.0,553.2,66,556.0,554.7,BEARISH_LONDON_BREAKOUT,0,1,0.3615328994938539,0.05422993492406986,-0.09038322487346348
2006-03-22,12:00:00,551.6,553.0,547.7,548.6,100,553.1,551.2,BEARISH_LONDON_BREAKOUT,0,1,0.1640539555231457,0.25519504192489556,0.0
2006-03-24,12:00:00,549.5,550.7,549.0,550.2,64,549.7,548.2,BULLISH_LONDON_BREAKOUT,1,0,1.7811704834605515,1.6902944383860332,2.362777171937477
2006-03-27,12:00:00,562.1,564.2,560.7,563.2,110,562.2,558.5,BULLISH_LONDON_BREAKOUT,1,0,0.6036931818181778,0.5859374999999919,0.0
2006-03-28,12:00:00,565.6,565.7,563.0,563.2,85,566.7,565.6,BEARISH_LONDON_BREAKOUT,0,1,0.76349431818181,0.05326704545453737,0.0
2006-03-28,16:00:00,563.6,569.0,563.2,567.5,234,566.7,565.6,BULLISH_LONDON_BREAKOUT,1,1,-0.8634361233480137,-1.145374449339207,-0.1409691629955867
2006-03-29,12:00:00,561.1,563.7,560.1,563.2,87,562.7,560.0,BULLISH_LONDON_BREAKOUT,1,0,0.6214488636363636,1.6867897727272725,2.8231534090909047
2006-03-30,12:00:00,575.7,580.0,575.7,579.1,153,575.7,572.0,BULLISH_LONDON_BREAKOUT,1,0,0.6043861163874978,1.1396995337592855,1.0188223104817782
2006-04-03,12:00:00,583.7,587.6,583.7,586.7,140,585.0,583.2,BULLISH_LONDON_BREAKOUT,1,0,0.40906766660984784,0.2215783194136619,0.1363558888699428
2006-04-05,12:00:00,583.5,589.2,582.5,589.2,114,584.7,581.7,BULLISH_LONDON_BREAKOUT,1,0,-0.2715546503733915,-0.18669382213170785,0.5940257976917854
2006-04-07,12:00:00,595.5,597.2,590.6,591.0,147,596.7,595.0,BEARISH_LONDON_BREAKOUT,0,1,-0.6598984771573566,0.033840947546539,0.8798646362098216
2006-04-10,20:00:00,595.6,599.2,595.6,599.2,185,598.0,593.1,BULLISH_LONDON_BREAKOUT,1,0,-0.283711615487324,0.2503337783711615,-1.0847797062750333
2006-04-11,12:00:00,601.0,601.0,594.2,596.7,151,603.7,600.7,BEARISH_LONDON_BREAKOUT,0,1,-0.3686944863415528,-0.03351768057651172,-0.03351768057651172
2006-04-13,16:00:00,593.7,596.7,591.6,595.7,403,595.2,593.2,BULLISH_LONDON_BREAKOUT,1,0,0.050360919926129684,1.762632197414806,3.172737955346647
2006-04-17,12:00:00,605.2,606.7,603.2,606.2,121,606.1,605.2,BULLISH_LONDON_BREAKOUT,1,0,0.9072913229957109,1.3856812933025364,1.3196964698119433
2006-04-18,16:00:00,614.7,619.0,613.5,618.2,438,618.0,613.5,BULLISH_LONDON_BREAKOUT,1,0,0.38822387576835604,0.6955677774183039,1.455839534131349
2006-04-19,16:00:00,623.2,628.7,621.7,627.2,583,623.7,621.1,BULLISH_LONDON_BREAKOUT,1,0,1.992984693877551,1.3552295918367347,-1.2276785714285785
2006-04-20,16:00:00,638.5,639.2,607.5,619.5,673,645.2,635.7,BEARISH_LONDON_BREAKOUT,0,1,-1.2106537530266344,-1.0492332526230832,1.3236481033091276
2006-04-21,12:00:00,618.5,626.6,617.2,626.6,189,619.1,610.1,BULLISH_LONDON_BREAKOUT,1,0,0.17555059048835345,1.0533035429301025,0.23938716884774974
2006-04-24,20:00:00,625.7,626.7,619.2,620.2,224,634.5,622.6,BEARISH_LONDON_BREAKOUT,0,1,0.3869719445340176,0.9513060303127987,1.531763947113834
2006-04-25,12:00:00,626.0,630.0,625.7,628.5,149,627.2,622.0,BULLISH_LONDON_BREAKOUT,1,0,0.3500397772474217,0.3500397772474217,0.11137629276054821
2006-04-26,12:00:00,630.7,632.5,628.0,629.2,151,633.2,630.2,BEARISH_LONDON_BREAKOUT,0,1,1.3986013986013912,1.589319771137953,0.4450095359186196
2006-04-26,16:00:00,629.5,639.2,629.2,638.0,349,633.2,630.2,BULLISH_LONDON_BREAKOUT,1,1,0.015673981191226132,-0.21943573667711244,-0.14106583072099957
2006-04-27,12:00:00,637.7,638.2,627.5,632.0,186,641.2,634.7,BEARISH_LONDON_BREAKOUT,0,1,0.8069620253164593,0.7436708860759565,1.661392405063291
2006-04-28,12:00:00,638.1,644.2,636.2,642.5,135,638.6,635.7,BULLISH_LONDON_BREAKOUT,1,0,1.556420233463035,1.4785992217898831,2.428015564202338
2006-05-01,16:00:00,658.0,661.1,653.7,654.2,969,661.1,656.2,BEARISH_LONDON_BREAKOUT,0,1,0.06114338122897848,0.29043106083766085,1.5132986854173
2006-05-02,12:00:00,657.0,661.7,657.0,659.1,142,658.2,654.1,BULLISH_LONDON_BREAKOUT,1,0,0.7586102260658473,1.3806706114398457,2.366863905325447
2006-05-03,16:00:00,675.1,677.0,657.7,667.2,613,676.2,668.2,BEARISH_LONDON_BREAKOUT,0,1,-0.10491606714628979,-0.44964028776978415,0.419664268585125
2006-05-04,12:00:00,662.2,667.2,661.7,666.2,197,666.1,660.7,BULLISH_LONDON_BREAKOUT,1,0,0.5703992794956401,1.6511558090663463,2.0264184929450613
2006-05-08,12:00:00,682.1,682.1,675.2,679.5,165,684.2,680.2,BEARISH_LONDON_BREAKOUT,0,1,-0.3384841795437755,0.250183958793237,0.6769683590875678
2006-05-09,12:00:00,678.7,684.5,678.6,684.1,174,681.7,677.7,BULLISH_LONDON_BREAKOUT,1,0,1.9880134483262712,2.2072796374799037,1.8418359888905163
2006-05-10,12:00:00,702.1,703.7,696.6,696.7,189,704.3,699.7,BEARISH_LONDON_BREAKOUT,0,1,0.5023683077364719,1.4353380221042056,3.157743648629252
2006-05-10,20:00:00,700.5,708.1,699.6,707.2,442,704.3,699.7,BULLISH_LONDON_BREAKOUT,1,1,-0.07070135746606335,0.07070135746606335,0.961538461538455
2006-05-11,12:00:00,708.0,718.7,705.5,718.7,187,712.2,705.7,BULLISH_LONDON_BREAKOUT,1,0,0.4591623765131424,-0.5565604563795742,0.3895923194656956
2006-05-12,16:00:00,721.2,725.2,707.7,713.6,757,723.2,716.2,BEARISH_LONDON_BREAKOUT,0,1,0.08408071748879242,0.5044843049327387,-4.540358744394616
2006-05-15,16:00:00,696.1,696.2,677.5,681.2,1812,719.2,685.2,BEARISH_LONDON_BREAKOUT,0,1,-0.6165590135055851,0.5137991779213152,1.3211978860833822
2006-05-16,16:00:00,686.7,692.2,683.2,690.2,1583,687.2,674.5,BULLISH_LONDON_BREAKOUT,1,0,-0.07244277021153288,1.8110692552883219,0.579542161692263
2006-05-17,16:00:00,707.7,708.2,685.2,694.2,1202,716.5,701.2,BEARISH_LONDON_BREAKOUT,0,1,-1.094785364448289,-1.7286084701815037,-1.2964563526361277
2006-05-18,12:00:00,685.2,692.0,684.7,689.2,608,687.0,678.7,BULLISH_LONDON_BREAKOUT,1,0,-0.5803830528148578,-1.015670342426001,-4.077190946024379
2006-05-19,12:00:00,682.2,682.5,660.6,661.1,554,688.2,682.0,BEARISH_LONDON_BREAKOUT,0,1,-0.3630313114506092,-0.7411889275449973,-1.8000302526092842
2006-05-22,16:00:00,648.7,656.2,642.7,654.2,852,652.1,636.1,BULLISH_LONDON_BREAKOUT,1,0,0.15285845307245488,-0.22928767960868232,2.445735249159278
2006-05-23,12:00:00,659.1,662.7,657.7,661.7,386,659.5,651.2,BULLISH_LONDON_BREAKOUT,1,0,1.284570046849025,0.5138280187396066,-0.9823182711198428
2006-05-24,12:00:00,669.5,669.5,650.6,655.2,357,669.6,663.0,BEARISH_LONDON_BREAKOUT,0,1,-1.770451770451774,-1.6941391941391974,-1.9078144078144077
2006-05-25,16:00:00,643.1,650.2,640.2,648.7,989,647.2,640.0,BULLISH_LONDON_BREAKOUT,1,0,0.23123169415754583,0.46246338831509165,0.3545552643748966
2006-05-30,16:00:00,654.5,664.6,653.0,657.7,606,655.2,651.5,BULLISH_LONDON_BREAKOUT,1,0,-0.8362475292686635,-0.6842025239470884,-2.5087425878059904
2006-05-31,16:00:00,654.7,659.5,638.2,641.2,1427,654.7,651.5,BEARISH_LONDON_BREAKOUT,0,1,0.5458515283842794,-0.3898939488459139,-1.40361821584529
2006-06-01,12:00:00,634.5,634.7,625.1,625.7,178,639.2,629.7,BEARISH_LONDON_BREAKOUT,0,1,1.0388365031165094,0.015982100047931762,2.077673006233019
2006-06-02,12:00:00,630.8,638.7,629.3,638.7,190,631.0,618.8,BULLISH_LONDON_BREAKOUT,1,0,-0.23485204321277592,0.5166744950680999,0.140911225927662
2006-06-05,12:00:00,643.0,645.1,639.2,639.6,525,644.2,641.5,BEARISH_LONDON_BREAKOUT,0,1,0.6253908692933083,-0.3283302063789904,-1.7823639774859252
2006-06-06,12:00:00,632.5,634.7,627.7,628.2,623,638.2,632.5,BEARISH_LONDON_BREAKOUT,0,1,-0.07959248646927729,-0.47755491881566375,-1.2734797835084366
2006-06-07,12:00:00,623.0,623.7,616.7,620.2,710,626.2,622.1,BEARISH_LONDON_BREAKOUT,0,1,0.9674298613350532,0.8061915511125444,-0.4030957755562722
2006-06-08,12:00:00,619.7,620.7,616.0,617.7,670,624.6,619.0,BEARISH_LONDON_BREAKOUT,0,1,-1.2951270843451512,-1.2951270843451512,-1.0522907560304355
2006-06-09,12:00:00,610.0,612.7,609.2,611.2,513,610.0,603.7,BULLISH_LONDON_BREAKOUT,1,0,-0.2781413612565519,-0.6544502617801046,-0.5071989528795848
2006-06-12,12:00:00,607.0,609.0,603.7,608.1,170,607.1,602.2,BULLISH_LONDON_BREAKOUT,1,0,-0.14800197335964105,-0.986679822397632,-4.028942608123664
2006-06-13,12:00:00,591.2,591.7,582.5,583.6,212,601.0,590.7,BEARISH_LONDON_BREAKOUT,0,1,-2.7587388622344107,-4.04386566141193,-3.4098697738176793
2006-06-15,20:00:00,571.6,578.2,565.2,576.2,484,576.0,564.7,BULLISH_LONDON_BREAKOUT,1,0,0.34710170079833386,0.9545296771954181,0.7636237417563305
2006-06-16,12:00:00,581.6,583.2,572.2,575.5,681,583.7,579.1,BEARISH_LONDON_BREAKOUT,0,1,-1.0078192875760128,0.26064291920069504,-1.112076455256295
2006-06-19,20:00:00,570.0,571.6,563.7,564.7,309,572.7,567.2,BEARISH_LONDON_BREAKOUT,0,1,0.0,0.7083407118824153,1.8593943686913403
2006-06-20,20:00:00,569.7,577.2,569.7,575.2,263,571.7,561.0,BULLISH_LONDON_BREAKOUT,1,0,0.22600834492349695,0.3477051460361613,2.0514603616133438
2006-06-21,12:00:00,577.1,577.2,570.5,571.1,212,579.0,575.7,BEARISH_LONDON_BREAKOUT,0,1,2.293818945893893,2.9066713360182144,3.046751882332337
2006-06-21,16:00:00,571.2,584.7,571.2,584.2,586,579.0,575.7,BULLISH_LONDON_BREAKOUT,1,1,0.47928791509756147,1.1982197877439233,-0.11982197877440011
2006-06-22,12:00:00,594.0,594.1,584.2,588.5,198,594.7,590.7,BEARISH_LONDON_BREAKOUT,0,1,-0.8496176720475787,-0.7646559048428208,-2.5998300764655826
2006-06-23,12:00:00,582.6,582.7,571.7,573.2,209,584.2,581.5,BEARISH_LONDON_BREAKOUT,0,1,1.622470341939978,2.0062805303558964,2.0062805303558964
2006-06-27,16:00:00,589.1,595.5,582.5,583.5,626,590.6,588.0,BEARISH_LONDON_BREAKOUT,0,1,-0.8568980291345331,-0.13710368466151748,-0.32562125107111867
2006-06-28,12:00:00,582.2,586.0,582.2,584.7,191,583.2,580.2,BULLISH_LONDON_BREAKOUT,1,0,-0.5301864203865269,-0.7012142979305666,-0.08551393877201982
2006-06-28,20:00:00,582.0,582.1,577.6,579.6,165,583.2,580.2,BEARISH_LONDON_BREAKOUT,1,1,0.1725327812284334,0.32781228433401954,3.3643892339544514
2006-06-29,12:00:00,581.6,584.5,579.7,584.2,106,583.1,580.0,BULLISH_LONDON_BREAKOUT,1,0,0.4108182129407698,2.2937350222526494,3.3378979801437865
2006-06-30,12:00:00,599.6,606.5,598.5,603.7,157,602.2,598.7,BULLISH_LONDON_BREAKOUT,1,0,1.6233228424714186,2.5343713765115043,3.064435978134835
2006-07-03,12:00:00,619.5,624.7,619.1,622.2,105,620.2,616.6,BULLISH_LONDON_BREAKOUT,1,0,0.12857602057215597,0.5625200900032143,0.8678881388620986
2006-07-05,20:00:00,626.6,628.7,626.1,627.6,170,626.5,623.0,BULLISH_LONDON_BREAKOUT,1,0,-0.22307202039515253,-0.5736137667304051,0.7807520713830429
2006-07-06,12:00:00,623.7,627.7,622.0,627.1,183,626.7,622.7,BULLISH_LONDON_BREAKOUT,1,0,1.0524637218944384,0.41460692074629607,1.132195822037956
2006-07-07,12:00:00,629.6,637.0,629.5,634.2,184,632.6,628.1,BULLISH_LONDON_BREAKOUT,1,0,-0.6307158625039418,-0.7883948281299273,-1.9709870703248187
2006-07-10,12:00:00,625.0,625.2,620.2,621.7,201,631.2,625.0,BEARISH_LONDON_BREAKOUT,0,1,0.6433971368827408,0.2895287115972261,1.7532571980054652
2006-07-11,12:00:00,628.0,633.2,627.2,632.6,162,628.7,626.7,BULLISH_LONDON_BREAKOUT,1,0,0.8694277584571608,1.3594688586784733,2.592475497944985
2006-07-12,12:00:00,642.6,649.1,641.2,649.0,202,642.2,639.7,BULLISH_LONDON_BREAKOUT,1,0,-0.5084745762711794,-0.5084745762711794,0.5701078582434584
2006-07-13,20:00:00,651.0,660.0,649.6,659.5,249,653.7,644.7,BULLISH_LONDON_BREAKOUT,1,0,0.22744503411675512,0.10614101592115928,0.6216830932524674
2006-07-14,12:00:00,660.5,664.5,659.7,662.7,201,662.5,659.2,BULLISH_LONDON_BREAKOUT,1,0,0.3017956843217142,1.5089784216085709,-0.6337709370756066
2006-07-17,12:00:00,670.5,673.5,658.5,658.5,251,676.0,670.2,BEARISH_LONDON_BREAKOUT,0,1,-1.2756264236902015,-2.1716021260440326,-0.9567198177676468
2006-07-18,16:00:00,652.5,652.7,631.2,633.2,543,652.2,646.2,BEARISH_LONDON_BREAKOUT,0,1,-0.1105495893872466,-1.3423878711307644,1.389766266582431
2006-07-19,16:00:00,627.2,645.6,626.7,642.0,454,628.1,624.7,BULLISH_LONDON_BREAKOUT,1,0,0.031152647975084963,-0.046728971962609736,-1.838006230529588
2006-07-20,16:00:00,636.7,642.7,629.5,630.2,448,641.6,636.2,BEARISH_LONDON_BREAKOUT,0,1,-0.4125674389082867,-1.3487781656616946,-1.3487781656616946
2006-07-21,12:00:00,627.1,635.0,626.2,634.2,255,627.6,620.5,BULLISH_LONDON_BREAKOUT,1,0,-1.9709870703248187,-2.6963103122043552,-3.9419741406496374
2006-07-21,20:00:00,622.0,622.7,617.7,619.2,181,627.6,620.5,BEARISH_LONDON_BREAKOUT,1,1,-0.3391472868217091,-0.4844961240310077,-0.7267441860465116
2006-07-24,12:00:00,616.1,617.0,608.7,609.2,223,617.0,611.7,BEARISH_LONDON_BREAKOUT,0,1,0.5416940249507476,1.4773473407747866,1.6250820748522614
2006-07-25,16:00:00,620.1,621.0,609.7,616.7,290,623.7,618.0,BEARISH_LONDON_BREAKOUT,0,1,0.3080914545159684,-0.32430679422733905,0.6486135884546781
2006-07-26,16:00:00,619.2,621.7,613.1,620.7,305,619.5,614.0,BULLISH_LONDON_BREAKOUT,1,0,0.5638794908973739,1.1277589817947478,2.0782986950217457
2006-07-27,12:00:00,632.0,635.5,631.2,635.5,155,632.2,627.2,BULLISH_LONDON_BREAKOUT,1,0,-0.2989771833202167,0.031471282454767185,-0.5507474429583006
2006-07-28,16:00:00,631.7,637.0,631.2,634.2,317,633.5,629.0,BULLISH_LONDON_BREAKOUT,1,0,0.0,0.6307158625039418,-0.23651844843897823
2006-07-31,16:00:00,634.7,635.7,629.0,632.7,310,639.1,633.5,BEARISH_LONDON_BREAKOUT,0,1,0.5531847637110795,0.20546862652125092,2.1337126600284493
2006-08-01,12:00:00,633.5,635.2,630.7,630.7,177,634.5,631.2,BEARISH_LONDON_BREAKOUT,0,1,2.457586808308229,2.663706992230847,2.9966703662597074
2006-08-01,16:00:00,630.6,646.7,630.2,646.2,359,634.5,631.2,BULLISH_LONDON_BREAKOUT,1,1,0.0,0.2321262766945218,0.43330238316310027
2006-08-03,16:00:00,645.2,645.7,639.2,644.2,343,650.7,645.0,BEARISH_LONDON_BREAKOUT,0,1,0.0,0.21732381248059252,0.6830176963675841
2006-08-04,12:00:00,645.7,653.7,644.0,652.5,167,646.6,644.2,BULLISH_LONDON_BREAKOUT,1,0,-0.597701149425284,-0.7662835249042145,-0.7509578544061267
2006-08-08,12:00:00,645.5,645.6,641.2,642.2,135,647.6,644.5,BEARISH_LONDON_BREAKOUT,0,1,0.6695733416381119,-0.6540018685767743,0.996574275926499
2006-08-09,12:00:00,641.5,648.7,640.2,648.6,145,642.2,636.5,BULLISH_LONDON_BREAKOUT,1,0,0.4008633980881934,-0.09250693802035503,-0.5242059821153218
2006-08-10,12:00:00,650.6,650.7,642.2,645.2,185,653.5,648.5,BEARISH_LONDON_BREAKOUT,0,1,-1.3329200247985153,-0.8834469931804161,-1.2399256044637321
2006-08-11,12:00:00,641.2,641.2,636.7,637.2,120,641.7,638.6,BEARISH_LONDON_BREAKOUT,0,1,-1.098556183301946,-1.4281230382925332,-1.5693659761456369
2006-08-14,16:00:00,627.1,632.6,624.1,630.7,389,630.1,627.0,BULLISH_LONDON_BREAKOUT,1,0,-0.7134929443475503,-0.7134929443475503,-1.2208657047724822
2006-08-14,20:00:00,631.0,632.7,625.2,626.2,199,630.1,627.0,BEARISH_LONDON_BREAKOUT,1,1,0.15969338869370805,-0.23954008304056212,-0.3193867773874161
2006-08-15,16:00:00,625.1,626.1,621.2,623.0,293,627.5,624.6,BEARISH_LONDON_BREAKOUT,0,1,0.1926163723916606,0.1926163723916606,0.6741573033707938
2006-08-17,16:00:00,629.0,629.2,615.2,615.2,384,630.6,629.1,BEARISH_LONDON_BREAKOUT,0,1,-0.27633289986996834,-0.19505851755527395,-1.2353706111833587
2006-08-18,12:00:00,614.7,617.5,614.2,617.2,128,615.2,612.2,BULLISH_LONDON_BREAKOUT,1,0,-1.5554115359688954,-0.2754374594944986,1.198963058976017
2006-08-18,16:00:00,617.1,618.7,607.0,607.6,473,615.2,612.2,BEARISH_LONDON_BREAKOUT,1,1,1.0862409479921036,1.744568795260043,2.9624753127057275
2006-08-21,12:00:00,621.1,626.0,620.6,624.6,126,622.0,617.7,BULLISH_LONDON_BREAKOUT,1,0,0.1601024655779699,0.33621517771374043,-0.24015369836695483
2006-08-22,12:00:00,627.2,627.2,622.0,623.1,171,628.0,625.7,BEARISH_LONDON_BREAKOUT,0,1,0.33702455464612785,0.09629272989889627,0.8666345690900299
2006-08-23,12:00:00,623.0,629.7,622.7,628.5,206,624.1,621.2,BULLISH_LONDON_BREAKOUT,1,0,-0.6046141607000722,-1.1614956245027772,-0.6205250596658676
2006-08-24,16:00:00,624.7,625.1,618.6,619.7,294,624.7,620.7,BEARISH_LONDON_BREAKOUT,0,1,0.16136840406648378,0.24205260609972565,0.3065999677263155
2006-08-28,16:00:00,621.5,622.2,612.6,614.2,228,623.2,621.2,BEARISH_LONDON_BREAKOUT,0,1,0.0,0.40703353956366,-0.569846955389124
2006-08-29,12:00:00,616.5,617.2,612.7,612.7,173,617.6,615.6,BEARISH_LONDON_BREAKOUT,0,1,-0.32642402480822585,0.08160600620205646,0.6365268483760367
2006-08-30,12:00:00,615.5,617.0,612.2,616.6,142,616.2,614.1,BULLISH_LONDON_BREAKOUT,1,0,-0.22705157314303878,0.421667207265654,1.3136555303276067
2006-08-31,12:00:00,621.2,626.2,621.1,624.7,177,623.2,619.0,BULLISH_LONDON_BREAKOUT,1,0,0.1600768368817032,0.3681767248279101,-0.3201536737634064
2006-09-01,12:00:00,624.6,625.0,622.2,622.7,193,627.0,624.2,BEARISH_LONDON_BREAKOUT,0,1,0.3211819495744339,2.167978159627429,2.6176328890316287
2006-09-05,12:00:00,628.2,637.1,628.2,636.2,667,629.0,627.2,BULLISH_LONDON_BREAKOUT,1,0,0.3143665513989311,0.4401131719584965,0.07859163784973278
2006-09-06,16:00:00,637.1,638.7,634.6,634.7,487,640.0,635.0,BEARISH_LONDON_BREAKOUT,0,1,-0.2363321254135812,-0.1575547502757208,-2.8359855049629745
2006-09-07,12:00:00,633.1,634.2,623.7,624.7,249,635.7,632.6,BEARISH_LONDON_BREAKOUT,0,1,-1.2806146950536257,-1.0725148071074186,-2.81735232911798
2006-09-08,12:00:00,614.2,614.6,607.0,607.1,251,618.7,613.7,BEARISH_LONDON_BREAKOUT,0,1,0.5600395322022693,-0.5600395322022693,-2.207214626914837
2006-09-11,20:00:00,594.6,596.2,587.7,588.2,206,597.6,592.2,BEARISH_LONDON_BREAKOUT,0,1,-0.4250255015300917,1.2750765045902752,-0.3400204012240734
2006-09-12,12:00:00,596.0,596.2,592.2,594.1,643,597.7,594.2,BEARISH_LONDON_BREAKOUT,0,1,-0.7406160579027061,-1.9188688772933808,-0.7406160579027061
2006-09-13,12:00:00,582.0,590.2,581.0,589.7,686,585.1,578.6,BULLISH_LONDON_BREAKOUT,1,0,-0.18653552653892191,-0.16957775139901643,0.23740885195861916
2006-09-14,16:00:00,591.2,591.2,581.0,582.2,1635,593.0,588.7,BEARISH_LONDON_BREAKOUT,0,1,-1.3053933356235008,-1.0305736860185502,-0.8072827207145389
2006-09-15,20:00:00,577.2,581.6,575.5,578.7,599,578.5,575.1,BULLISH_LONDON_BREAKOUT,1,0,0.34560221185415585,0.17280110592707792,1.2960082944530844
2006-09-18,12:00:00,580.0,582.2,577.2,579.2,478,583.6,579.5,BEARISH_LONDON_BREAKOUT,0,1,1.2603591160220915,1.208563535911602,0.6906077348066298
2006-09-18,16:00:00,579.1,587.5,577.7,586.5,1577,583.6,579.5,BULLISH_LONDON_BREAKOUT,1,1,-0.0511508951406572,-0.22165387894287372,-1.4492753623188406
2006-09-19,16:00:00,583.1,584.7,576.5,578.0,1637,586.6,582.5,BEARISH_LONDON_BREAKOUT,0,1,-0.9169550173010302,-0.7785467128027681,0.5363321799307998
2006-09-20,12:00:00,574.1,580.6,572.7,578.7,658,576.2,572.6,BULLISH_LONDON_BREAKOUT,1,0,0.41472265422498306,-0.5356834283739456,-0.17280110592707792
2006-09-21,16:00:00,578.0,584.7,576.2,583.1,1669,580.5,576.1,BULLISH_LONDON_BREAKOUT,1,0,0.10289830217801797,0.42874292574172523,0.8746355685131234
2006-09-22,12:00:00,587.7,592.2,587.7,589.2,836,588.2,585.7,BULLISH_LONDON_BREAKOUT,1,0,-0.16972165648336726,-0.678886625933469,-0.5091649694501018
2006-09-25,12:00:00,586.7,589.2,586.0,586.2,383,590.2,586.5,BEARISH_LONDON_BREAKOUT,0,1,0.1535312180143257,1.0064824292050456,0.0
2006-09-26,12:00:00,590.5,591.2,585.7,586.2,377,592.2,589.7,BEARISH_LONDON_BREAKOUT,0,1,0.9382463323097919,0.8529512111907198,2.9000341180484472
2006-09-29,12:00:00,601.5,602.1,597.5,598.7,472,603.2,600.6,BEARISH_LONDON_BREAKOUT,0,1,-0.41757140471020543,0.41757140471020543,0.7516285284783698
2006-10-02,12:00:00,601.7,603.6,599.6,603.2,490,603.0,600.5,BULLISH_LONDON_BREAKOUT,1,0,-0.663129973474801,-1.2765251989389996,-3.1498673740053054
2006-10-02,16:00:00,603.1,603.5,596.2,599.2,1592,603.0,600.5,BEARISH_LONDON_BREAKOUT,1,1,-0.5841121495327103,-0.3504672897196299,-3.204272363150875
2006-10-03,12:00:00,592.2,593.5,584.2,584.2,805,597.2,591.7,BEARISH_LONDON_BREAKOUT,0,1,-0.7189318726463617,-1.3009243409791205,-1.2153372132831262
2006-10-04,16:00:00,577.2,578.7,559.2,562.2,1989,579.2,573.7,BEARISH_LONDON_BREAKOUT,0,1,0.711490572749911,0.8004268943436499,1.3340448239060831
2006-10-05,12:00:00,566.6,573.1,565.7,573.1,1024,567.7,562.2,BULLISH_LONDON_BREAKOUT,1,0,-0.5932647007503014,-0.3315302739486961,-0.8549991275519065
2006-10-06,12:00:00,571.6,572.2,566.7,568.2,539,573.0,569.5,BEARISH_LONDON_BREAKOUT,0,1,0.4399859204505456,1.495952129531855,1.7599436818021823
2006-10-06,20:00:00,571.0,573.7,569.2,573.2,203,573.0,569.5,BULLISH_LONDON_BREAKOUT,1,1,0.6106071179344033,0.942079553384504,0.5757152826238581
2006-10-10,12:00:00,578.6,578.7,571.7,571.7,636,581.0,575.7,BEARISH_LONDON_BREAKOUT,0,1,0.0,0.08745845723281441,0.33234213748469077
2006-10-11,12:00:00,570.5,574.2,570.5,573.6,545,572.2,570.1,BULLISH_LONDON_BREAKOUT,1,0,-0.1569037656903726,-0.24407252440724847,0.017433751743379137
2006-10-12,20:00:00,575.7,579.0,575.0,578.7,447,576.6,573.2,BULLISH_LONDON_BREAKOUT,1,0,-0.01728011059271172,-0.03456022118542344,1.8835320546051453
2006-10-13,12:00:00,578.6,588.6,576.7,587.2,661,578.7,577.1,BULLISH_LONDON_BREAKOUT,1,0,0.3405994550408719,0.510899182561308,0.9366485013623977
2006-10-16,12:00:00,590.6,594.2,589.7,592.7,545,592.1,590.1,BULLISH_LONDON_BREAKOUT,1,0,0.30369495528934615,0.7254935043023375,0.16871941960519654
2006-10-17,12:00:00,596.1,596.7,592.7,593.7,358,597.2,594.7,BEARISH_LONDON_BREAKOUT,0,1,-1.0948290382347987,-0.5895233282802762,-0.42108809162876876
2006-10-18,20:00:00,592.2,592.5,587.0,589.7,311,594.7,590.2,BEARISH_LONDON_BREAKOUT,0,1,0.13566220111920546,-0.16957775139901643,1.526199762591148
2006-10-19,12:00:00,589.0,592.0,586.5,591.2,273,590.0,588.1,BULLISH_LONDON_BREAKOUT,1,0,1.3531799729364005,1.3362652232746917,0.8457374830852503
2006-10-20,12:00:00,600.1,600.2,595.2,596.2,544,602.0,599.2,BEARISH_LONDON_BREAKOUT,0,1,-0.6038242200603862,-0.8386447500838645,-1.8450184501845017
2006-10-23,12:00:00,587.2,588.7,582.7,585.2,713,592.2,587.0,BEARISH_LONDON_BREAKOUT,0,1,-0.17088174982911825,-0.7006151742993887,-0.871496924128507
2006-10-24,12:00:00,577.5,580.2,577.2,580.1,240,580.0,577.0,BULLISH_LONDON_BREAKOUT,1,0,0.36200655059472897,0.7067746940182766,0.4999138079641402
2006-10-25,16:00:00,583.1,589.5,579.5,589.2,1044,583.7,581.7,BULLISH_LONDON_BREAKOUT,1,0,0.3394433129667345,0.42430414120841814,0.93346911065852
2006-10-26,12:00:00,592.7,592.7,589.6,590.6,370,593.2,591.5,BEARISH_LONDON_BREAKOUT,0,1,0.6942092786996313,0.7788689468337323,0.5926176769387064
2006-10-26,16:00:00,590.5,598.2,589.7,594.7,1696,593.2,591.5,BULLISH_LONDON_BREAKOUT,1,1,0.31948881789136996,0.06726080376660118,0.2354128131831137
2006-10-27,16:00:00,594.0,599.7,593.0,596.1,1435,595.7,593.2,BULLISH_LONDON_BREAKOUT,1,0,0.5200469719845702,0.9394396913269624,1.9124308002013046
2006-10-30,12:00:00,603.1,605.6,602.2,603.6,714,603.2,601.7,BULLISH_LONDON_BREAKOUT,1,0,0.6461232604373719,-0.016567263088141604,-0.231941683233926
2006-10-31,12:00:00,600.6,602.7,598.2,602.2,588,601.6,599.2,BULLISH_LONDON_BREAKOUT,1,0,0.41514447027565593,0.6642311524410495,1.4945200929923612
2006-11-01,12:00:00,607.7,611.7,607.6,611.2,235,607.7,606.6,BULLISH_LONDON_BREAKOUT,1,0,0.4908376963350785,0.7362565445026177,0.8180628272251309
2006-11-02,16:00:00,616.1,622.2,614.1,620.5,1438,617.1,614.2,BULLISH_LONDON_BREAKOUT,1,0,0.40290088638195,0.25785656728445167,0.9186140209508534
2006-11-03,16:00:00,624.7,626.2,617.1,626.2,1148,624.6,621.7,BULLISH_LONDON_BREAKOUT,1,0,0.11178537208558476,0.28744809964866724,0.04790801660810516
2006-11-06,12:00:00,625.6,627.5,623.2,623.2,515,628.1,624.5,BEARISH_LONDON_BREAKOUT,0,1,0.5295250320924189,0.08023106546854941,0.2246469833119347
2006-11-07,16:00:00,624.7,628.7,624.0,627.0,1395,625.2,623.2,BULLISH_LONDON_BREAKOUT,1,0,-0.4784688995215311,-0.2870813397129114,-1.100478468899518
2006-11-08,12:00:00,624.6,625.6,617.0,620.2,584,625.7,624.2,BEARISH_LONDON_BREAKOUT,0,1,-0.01612383102225455,-0.5965817478232901,0.16123831022250887
2006-11-09,12:00:00,617.5,621.6,616.2,621.2,528,618.2,617.1,BULLISH_LONDON_BREAKOUT,1,0,1.9317450096587248,1.770766258853831,1.7385705086928451
2006-11-10,16:00:00,631.7,634.2,625.6,627.2,1890,635.7,631.7,BEARISH_LONDON_BREAKOUT,0,1,0.15943877551020405,0.7174744897959183,-0.3188775510204081
2006-11-13,12:00:00,629.1,629.7,621.5,621.7,304,632.0,627.2,BEARISH_LONDON_BREAKOUT,0,1,0.5629724947723983,0.7077368505710112,0.45037799581791127
2006-11-14,12:00:00,622.6,624.7,622.6,624.5,438,624.2,621.7,BULLISH_LONDON_BREAKOUT,1,0,-0.6244995996797401,-0.2241793434747762,-1.0888710968774946
2006-11-14,16:00:00,624.6,628.7,618.7,620.6,1500,624.2,621.7,BEARISH_LONDON_BREAKOUT,1,1,-0.08056719303899453,0.3061553335481755,0.16113438607798905
2006-11-15,12:00:00,621.7,621.7,615.2,617.7,675,622.7,620.7,BEARISH_LONDON_BREAKOUT,0,1,0.6313744536182575,1.0199125789217993,1.2951270843451512
2006-11-16,12:00:00,622.6,626.2,622.2,625.7,450,624.2,621.7,BULLISH_LONDON_BREAKOUT,1,0,-0.319642000958926,-1.3584785040754352,-1.59821000479463
2006-11-16,20:00:00,624.1,624.1,617.5,617.6,1079,624.2,621.7,BEARISH_LONDON_BREAKOUT,1,1,-0.06476683937823466,0.08095854922279792,0.5829015544041487
2006-11-17,12:00:00,618.2,618.6,615.2,615.7,530,618.7,616.7,BEARISH_LONDON_BREAKOUT,0,1,0.8608088354718133,1.1369173298684425,1.2668507389962569
2006-11-17,16:00:00,616.0,622.1,614.2,621.0,1322,618.7,616.7,BULLISH_LONDON_BREAKOUT,1,1,0.03220611916264823,0.35426731078905727,0.4347826086956595
2006-11-21,16:00:00,625.1,628.6,624.1,625.7,1138,625.0,621.7,BULLISH_LONDON_BREAKOUT,1,0,0.12785680038356312,0.159821000479463,0.3995525011986575
2006-11-27,12:00:00,637.6,639.2,636.2,637.1,586,641.1,637.2,BEARISH_LONDON_BREAKOUT,0,1,0.2511379689216799,0.5650604300737754,0.17265735363365606
2006-11-29,12:00:00,638.5,638.6,634.2,636.1,451,645.7,638.1,BEARISH_LONDON_BREAKOUT,0,1,0.15720798616569723,0.1729287847822705,0.6445527432793622
2006-11-30,12:00:00,637.5,640.6,637.2,640.2,302,638.1,636.2,BULLISH_LONDON_BREAKOUT,1,0,0.9840674789128325,0.8591065292096219,0.6248047485160887
2006-12-01,12:00:00,645.2,647.2,643.2,644.2,512,647.7,645.2,BEARISH_LONDON_BREAKOUT,0,1,0.23284694194349578,0.46569388388699157,0.1241850357031907
2006-12-04,16:00:00,645.1,646.0,640.1,644.0,925,647.0,644.7,BEARISH_LONDON_BREAKOUT,0,1,0.18633540372671514,0.031055900621125072,-0.20186335403726002
2006-12-06,12:00:00,636.6,637.2,634.7,636.1,503,639.2,636.6,BEARISH_LONDON_BREAKOUT,0,1,-0.07860399308284861,-1.1633390976261557,-0.9589687156107566
2006-12-08,12:00:00,630.5,631.2,629.5,630.2,305,633.0,630.6,BEARISH_LONDON_BREAKOUT,0,1,-0.0952078705172997,-1.0472865756902605,-0.9520787051729609
2006-12-11,20:00:00,626.7,630.2,626.7,630.0,300,628.2,624.0,BULLISH_LONDON_BREAKOUT,1,0,-0.15873015873015872,-0.14285714285713927,-0.0476190476190404
2006-12-12,16:00:00,630.1,630.2,626.7,627.2,783,630.7,629.1,BEARISH_LONDON_BREAKOUT,0,1,0.3985969387755102,0.3188775510204081,0.2869897959183601
2006-12-14,20:00:00,628.2,628.6,624.7,625.2,504,628.6,626.7,BEARISH_LONDON_BREAKOUT,0,1,0.0,0.1599488163787588,-1.6794625719769671
2006-12-15,16:00:00,625.6,628.7,621.7,623.6,975,627.2,625.2,BEARISH_LONDON_BREAKOUT,0,1,-1.4271969211032676,-1.1064785118665774,-1.603592046183451
2006-12-18,16:00:00,615.7,617.2,611.1,613.6,1217,617.7,615.7,BEARISH_LONDON_BREAKOUT,0,1,0.26075619295958646,0.3422425032594561,1.2059973924380667
2006-12-19,16:00:00,616.5,621.2,614.7,621.0,914,617.1,615.7,BULLISH_LONDON_BREAKOUT,1,0,0.19323671497585274,0.24154589371980675,-0.08051529790660225
2006-12-20,12:00:00,622.1,624.2,622.1,623.6,303,622.6,621.5,BULLISH_LONDON_BREAKOUT,1,0,-0.49711353431687344,-0.2565747273893558,-0.881975625400898
2006-12-20,16:00:00,623.5,623.7,618.2,620.5,994,622.6,621.5,BEARISH_LONDON_BREAKOUT,1,1,0.09669621273167167,0.032232070910563335,-0.32232070910556004
2006-12-21,16:00:00,620.6,621.7,619.0,619.7,999,622.0,620.0,BEARISH_LONDON_BREAKOUT,0,1,-0.2581894465063777,-0.16136840406648378,-0.11295788284654598
2006-12-27,12:00:00,625.1,627.7,625.1,627.7,303,626.1,624.2,BULLISH_LONDON_BREAKOUT,1,0,-0.015931177314007127,-0.11151824119803176,0.3186235462800701
2006-12-28,12:00:00,627.1,630.1,626.7,629.7,246,627.7,627.1,BULLISH_LONDON_BREAKOUT,1,0,0.47641734159123383,0.47641734159123383,0.7940289026520565
2006-12-29,12:00:00,633.5,635.2,633.2,634.7,130,634.1,633.1,BULLISH_LONDON_BREAKOUT,1,0,-0.0787773751378604,0.693240901213168,0.7877737513786041
2007-01-02,16:00:00,639.5,640.5,638.6,640.0,444,639.2,636.6,BULLISH_LONDON_BREAKOUT,1,0,-0.046874999999992895,-0.078125,-1.765624999999993
2007-01-03,12:00:00,638.6,638.7,632.7,633.7,508,640.7,638.2,BEARISH_LONDON_BREAKOUT,0,1,-0.789016884961338,-0.9783809373520665,-0.8679185734574719
2007-01-04,20:00:00,626.7,627.0,620.2,621.2,876,629.7,624.2,BEARISH_LONDON_BREAKOUT,0,1,0.20927237604635454,0.2414681262073406,-2.3341918866709594
2007-01-05,12:00:00,622.6,625.7,621.7,624.7,353,624.2,622.2,BULLISH_LONDON_BREAKOUT,1,0,-2.8813830638706577,-2.641267808548103,-2.673283175924451
2007-01-05,16:00:00,624.5,624.6,601.5,606.7,1675,624.2,622.2,BEARISH_LONDON_BREAKOUT,1,1,0.0,0.29668699522003533,-0.16482610845557935
2007-01-08,16:00:00,608.1,609.2,603.2,605.7,1032,609.2,606.7,BEARISH_LONDON_BREAKOUT,0,1,0.49529470034670625,1.0731385174178636,0.3962357602773613
2007-01-09,12:00:00,612.5,613.0,607.2,608.2,401,613.7,611.1,BEARISH_LONDON_BREAKOUT,0,1,-0.016441959881621625,0.5425846760933828,0.6576783952647155
2007-01-10,20:00:00,611.6,612.5,609.7,610.1,819,613.0,610.2,BEARISH_LONDON_BREAKOUT,0,1,-0.06556302245533145,0.26225208982134446,0.16390755613833796
2007-01-11,12:00:00,612.1,613.7,611.0,613.2,405,612.5,608.7,BULLISH_LONDON_BREAKOUT,1,0,-0.016307893020225495,-0.5055446836268791,-0.16307893020221786
2007-01-12,16:00:00,612.6,619.5,611.2,618.1,1227,613.7,611.7,BULLISH_LONDON_BREAKOUT,1,0,1.3590033975084899,1.1163242193819733,1.310467561883194
2007-01-15,12:00:00,625.6,627.2,625.1,627.1,163,626.0,623.7,BULLISH_LONDON_BREAKOUT,1,0,-0.1435177802583284,-0.22324988040184615,-0.3029819805453639
2007-01-16,16:00:00,625.5,627.7,622.5,623.5,1073,626.7,624.2,BEARISH_LONDON_BREAKOUT,0,1,0.17642341619888094,0.016038492381719765,1.2991178829190093
2007-01-17,12:00:00,624.0,624.2,619.7,620.6,336,624.7,623.1,BEARISH_LONDON_BREAKOUT,0,1,1.7724782468578795,1.8369320012890715,1.9336126329358685
2007-01-17,16:00:00,620.7,633.0,619.7,631.6,1340,624.7,623.1,BULLISH_LONDON_BREAKOUT,1,1,-0.01583280557315116,0.14249525015832445,0.01583280557315116
2007-01-18,16:00:00,632.7,636.2,630.2,631.7,1190,634.7,632.0,BEARISH_LONDON_BREAKOUT,0,1,-0.7123634636694633,-0.5540604717429158,0.28494538546777815
2007-01-19,16:00:00,628.6,633.6,627.5,633.5,925,628.7,627.0,BULLISH_LONDON_BREAKOUT,1,0,0.1894238358326828,0.26835043409629766,0.6629834254143718
2007-01-22,16:00:00,634.6,639.5,632.6,637.7,887,635.6,633.7,BULLISH_LONDON_BREAKOUT,1,0,-0.8781558726674019,-0.548847420417124,1.097694840834248
2007-01-22,20:00:00,638.1,638.2,631.6,632.1,663,635.6,633.7,BEARISH_LONDON_BREAKOUT,1,1,0.22148394241417135,0.5537098560354374,2.3888625217528907
2007-01-23,12:00:00,635.7,638.1,635.6,637.7,239,636.2,634.1,BULLISH_LONDON_BREAKOUT,1,0,1.097694840834248,1.1761016151795514,0.8624745177983377
2007-01-24,20:00:00,641.5,648.7,641.2,648.2,639,644.6,641.2,BULLISH_LONDON_BREAKOUT,1,0,-0.07713668620796049,-0.09256402344955611,-0.30854674483184197
2007-01-25,12:00:00,647.5,653.2,646.2,650.7,574,647.7,645.5,BULLISH_LONDON_BREAKOUT,1,0,-0.09220839096358117,-0.9989242354387582,-1.4599661902566465
2007-01-26,12:00:00,644.7,645.6,640.6,641.2,459,645.7,643.0,BEARISH_LONDON_BREAKOUT,0,1,0.5458515283842794,0.8265751715533303,0.21834061135370822
2007-01-29,12:00:00,644.0,644.0,641.0,642.6,368,646.7,643.7,BEARISH_LONDON_BREAKOUT,0,1,0.48241518829754476,-0.06224712107064694,0.32679738562091853
2007-01-30,12:00:00,641.1,644.7,640.7,644.7,326,643.0,640.7,BULLISH_LONDON_BREAKOUT,1,0,-0.09306654257794675,0.23266635644485803,0.0
2007-01-31,16:00:00,645.0,654.2,641.7,653.1,996,645.7,644.2,BULLISH_LONDON_BREAKOUT,1,0,-0.13780431786862304,-0.13780431786862304,0.520594089725919
2007-02-01,12:00:00,653.6,658.0,651.5,657.2,449,653.6,652.0,BULLISH_LONDON_BREAKOUT,1,0,-0.10651247717590466,-0.25867315885575853,-0.16737674984784276
2007-02-02,16:00:00,656.0,659.2,643.0,644.0,1084,657.2,655.2,BEARISH_LONDON_BREAKOUT,0,1,0.49689440993789524,0.5745341614906904,0.9627329192546654
2007-02-05,16:00:00,648.1,651.7,647.7,650.2,862,648.2,646.0,BULLISH_LONDON_BREAKOUT,1,0,-0.38449707782220854,-0.1845585973546671,0.46139649338665023
2007-02-06,12:00:00,651.1,654.5,650.0,653.1,381,651.7,648.7,BULLISH_LONDON_BREAKOUT,1,0,0.01531159087429532,0.1531159087429184,0.01531159087429532
2007-02-07,12:00:00,655.1,655.5,652.2,653.2,416,655.7,653.6,BEARISH_LONDON_BREAKOUT,0,1,0.12247397428045845,-0.18371096142070503,-0.6889161053276178
2007-02-08,16:00:00,649.0,659.7,648.5,659.1,485,653.0,648.1,BULLISH_LONDON_BREAKOUT,1,0,0.16689424973448985,0.015172204521320396,0.8496434531937525
2007-02-09,12:00:00,660.1,660.7,656.7,656.7,230,660.7,658.2,BEARISH_LONDON_BREAKOUT,0,1,1.2182122734886554,1.2943505405816962,1.1268463529770028
2007-02-09,16:00:00,657.0,666.1,657.0,664.7,953,660.7,658.2,BULLISH_LONDON_BREAKOUT,1,1,0.22566571385587483,0.07522190461862494,-0.48142018955920646
2007-02-12,16:00:00,664.2,666.0,659.6,661.5,1096,666.2,663.7,BEARISH_LONDON_BREAKOUT,0,1,0.030234315948608537,0.07558578987150416,0.4988662131519206
2007-02-13,12:00:00,665.2,666.2,664.0,665.8,504,665.2,661.7,BULLISH_LONDON_BREAKOUT,1,0,-0.150195253829979,-0.0750976269149895,0.21027335536198424
2007-02-15,16:00:00,668.6,669.6,662.0,664.7,1501,669.7,667.7,BEARISH_LONDON_BREAKOUT,0,1,0.7221302843387926,0.5415977132540859,0.37610952309312473
2007-02-16,12:00:00,666.0,666.3,664.2,664.5,432,668.6,665.1,BEARISH_LONDON_BREAKOUT,0,1,0.4063205417607292,0.6320541760722417,0.8276899924755455
2007-02-19,12:00:00,670.7,671.1,669.7,670.0,259,672.8,670.3,BEARISH_LONDON_BREAKOUT,0,1,0.044776119402978286,0.029850746268663506,-0.492537313432829
2007-02-20,12:00:00,668.5,669.0,665.2,666.7,422,671.5,668.2,BEARISH_LONDON_BREAKOUT,0,1,-1.4399280035998232,-0.974951252437378,-1.3349332533373468
2007-02-21,16:00:00,658.1,667.7,656.7,666.6,840,660.0,657.7,BULLISH_LONDON_BREAKOUT,1,0,1.65016501650165,1.5751575157515751,1.8151815181518185
2007-02-22,12:00:00,676.2,678.7,675.3,678.6,404,678.2,675.7,BULLISH_LONDON_BREAKOUT,1,0,0.014736221632776707,-0.8104921898025346,-0.08841732979664349
2007-02-23,12:00:00,676.8,678.1,676.2,678.0,364,677.0,673.8,BULLISH_LONDON_BREAKOUT,1,0,0.9587020648967551,1.0324483775811208,0.9587020648967551
2007-02-26,16:00:00,684.3,687.7,683.5,683.5,749,687.1,684.1,BEARISH_LONDON_BREAKOUT,0,1,0.46817849305048215,0.2926115581565472,0.24871982443307175
2007-02-27,12:00:00,685.2,685.2,676.5,680.0,625,686.2,682.8,BEARISH_LONDON_BREAKOUT,0,1,0.7647058823529479,-1.8970588235294084,-0.941176470588232
2007-02-28,16:00:00,673.8,674.5,660.8,665.7,1473,674.0,669.5,BEARISH_LONDON_BREAKOUT,0,1,0.67598017124831,0.9163286765810288,0.5708277001652327
2007-03-01,20:00:00,669.3,669.7,661.2,663.3,2102,672.5,669.3,BEARISH_LONDON_BREAKOUT,0,1,-0.7538067239559777,-0.18091361374942436,-3.2112166440524588
2007-03-02,12:00:00,662.0,663.8,657.7,658.2,757,663.0,658.6,BEARISH_LONDON_BREAKOUT,0,1,-1.6712245518079611,-2.4156791248860667,-3.372835004557892
2007-03-05,12:00:00,638.2,639.7,635.2,636.0,778,641.1,637.2,BEARISH_LONDON_BREAKOUT,0,1,0.42452830188679963,0.25157232704402877,1.257861635220126
2007-03-06,16:00:00,644.1,646.3,640.6,645.5,1355,644.8,641.2,BULLISH_LONDON_BREAKOUT,1,0,0.23237800154918667,-0.1859024012393564,0.5112316034082036
2007-03-07,12:00:00,644.3,647.3,643.6,647.0,562,644.8,642.3,BULLISH_LONDON_BREAKOUT,1,0,0.2782071097372418,0.2627511591962976,0.8655332302936666
2007-03-08,20:00:00,651.8,654.1,649.7,650.2,1243,653.3,651.2,BEARISH_LONDON_BREAKOUT,0,1,0.23069824669332512,0.39987696093508285,-0.23069824669332512
2007-03-09,16:00:00,653.1,657.7,648.8,649.8,1570,653.7,651.2,BEARISH_LONDON_BREAKOUT,0,1,-0.16928285626345171,0.10772545398584882,0.2923976608187275
2007-03-12,12:00:00,652.5,653.5,648.7,649.7,789,653.5,650.5,BEARISH_LONDON_BREAKOUT,0,1,0.30783438510081573,0.15391719255040787,0.06156687702015965
2007-03-13,20:00:00,649.0,649.6,641.2,643.2,850,650.7,648.8,BEARISH_LONDON_BREAKOUT,0,1,-0.15547263681592038,-0.09328358208955577,0.13992537313432482
2007-03-14,16:00:00,641.7,645.6,636.5,637.6,1652,642.8,640.1,BEARISH_LONDON_BREAKOUT,0,1,1.0194479297365118,1.035131744040154,1.411543287327478
2007-03-14,20:00:00,637.7,644.8,637.5,644.1,983,642.8,640.1,BULLISH_LONDON_BREAKOUT,1,1,0.17078093463748217,0.29498525073745957,0.31051079024996114
2007-03-16,12:00:00,649.6,653.5,649.5,652.5,690,649.6,646.1,BULLISH_LONDON_BREAKOUT,1,0,0.107279693486597,0.2758620689655103,-0.03065134099617555
2007-03-19,12:00:00,654.6,654.7,651.7,652.3,620,655.8,654.1,BEARISH_LONDON_BREAKOUT,0,1,0.26061628085237554,0.5212325617047511,1.1344473401809123
2007-03-20,12:00:00,653.2,660.2,652.2,659.7,514,654.7,653.1,BULLISH_LONDON_BREAKOUT,1,0,-0.3031681067151736,-0.0757920266787934,-0.030316810671524246
2007-03-21,16:00:00,659.4,660.5,656.6,658.3,1376,660.6,658.9,BEARISH_LONDON_BREAKOUT,0,1,0.8051040559015751,0.6987695579523049,0.683578915388121
2007-03-21,20:00:00,658.4,663.7,657.6,663.6,838,660.6,658.9,BULLISH_LONDON_BREAKOUT,1,1,0.0753465943339361,0.18083182640143636,-0.030138637733581292
2007-03-22,16:00:00,663.8,666.3,661.6,662.8,1264,665.5,662.9,BEARISH_LONDON_BREAKOUT,0,1,0.09052504526252607,-0.15087507543753773,-0.9806879903439952
2007-03-23,12:00:00,661.8,664.3,660.5,662.9,643,662.3,661.1,BULLISH_LONDON_BREAKOUT,1,0,-0.9956252828480952,-0.7693468094735288,-0.4827274098657312
2007-03-23,16:00:00,662.7,663.7,654.7,656.3,1434,662.3,661.1,BEARISH_LONDON_BREAKOUT,1,1,0.09142160597288174,0.36568642389152695,0.8837421910711669
2007-03-26,12:00:00,658.4,660.2,658.2,659.7,355,659.3,657.7,BULLISH_LONDON_BREAKOUT,1,0,0.3638017280582048,0.5457025920872987,0.6821282401091404
2007-03-27,12:00:00,663.1,665.2,663.0,664.2,442,663.8,662.8,BULLISH_LONDON_BREAKOUT,1,0,-0.25594700391449043,0.22583559168925021,0.2559470039144733
2007-03-27,16:00:00,664.1,665.2,661.9,662.5,1084,663.8,662.8,BEARISH_LONDON_BREAKOUT,1,1,-0.09056603773585249,0.28679245283018523,0.3018867924528302
2007-03-29,16:00:00,664.0,665.4,655.0,658.4,1323,665.2,663.7,BEARISH_LONDON_BREAKOUT,0,1,0.5164034021871169,0.6379100850546849,1.0783718104495783
2007-03-30,16:00:00,662.5,667.3,660.7,665.5,1215,663.3,662.0,BULLISH_LONDON_BREAKOUT,1,0,-0.34560480841471897,-0.3155522163786661,-0.4207362885048767
2007-04-02,12:00:00,662.5,663.7,658.6,659.4,749,664.3,662.7,BEARISH_LONDON_BREAKOUT,0,1,0.5004549590536955,0.5762814680012236,0.6066120715802246
2007-04-03,16:00:00,663.5,667.1,662.0,665.8,1785,665.0,663.1,BULLISH_LONDON_BREAKOUT,1,0,-0.3154100330429422,-0.1652147792129632,1.1264644037248424
2007-04-04,12:00:00,664.9,670.0,664.9,669.6,926,665.8,663.8,BULLISH_LONDON_BREAKOUT,1,0,0.5525686977299779,0.4778972520907903,0.507765830346472
2007-04-05,16:00:00,673.1,675.3,672.3,673.7,1665,673.1,671.8,BULLISH_LONDON_BREAKOUT,1,0,0.07421701053881549,-0.08906041264658196,0.0
2007-04-09,12:00:00,671.7,674.8,671.7,674.1,700,672.3,670.5,BULLISH_LONDON_BREAKOUT,1,0,-0.1483459427384661,-0.25218810265539915,0.8900756564307966
2007-04-10,12:00:00,675.9,681.2,675.4,680.1,655,676.8,674.5,BULLISH_LONDON_BREAKOUT,1,0,-0.3381855609469296,-0.6028525216879904,-0.3381855609469296
2007-04-12,12:00:00,678.3,678.6,675.2,676.2,560,679.4,676.4,BEARISH_LONDON_BREAKOUT,0,1,-0.10351966873706675,0.13309671694764524,0.7098491570541192
2007-04-13,12:00:00,676.6,681.9,676.0,681.0,742,677.9,676.3,BULLISH_LONDON_BREAKOUT,1,0,0.3083700440528668,0.4552129221732779,0.9985315712187892
2007-04-16,20:00:00,686.9,690.7,686.6,689.6,805,688.0,686.3,BULLISH_LONDON_BREAKOUT,1,0,-0.07250580046403712,-0.3770301624129963,-0.5075406032482599
2007-04-17,12:00:00,687.2,690.5,685.5,689.0,779,687.8,686.4,BULLISH_LONDON_BREAKOUT,1,0,-0.07256894049346879,-0.23222060957910345,0.04354136429607468
2007-04-17,20:00:00,688.4,688.8,686.0,686.1,659,687.8,686.4,BEARISH_LONDON_BREAKOUT,2,1,0.18947675265995548,0.5538551231598826,0.49555458387989754
2007-04-20,12:00:00,685.4,693.2,685.3,691.7,1024,685.5,683.3,BULLISH_LONDON_BREAKOUT,1,0,-0.057828538383705504,0.07228567297961544,-0.014457134595926376
2007-04-23,20:00:00,689.9,690.2,687.7,688.6,584,692.1,689.3,BEARISH_LONDON_BREAKOUT,0,1,-0.029044437990131493,0.0,-0.7551553877432537
2007-04-24,16:00:00,688.8,689.7,680.5,684.2,1717,689.6,686.6,BEARISH_LONDON_BREAKOUT,0,1,-0.11692487576732946,-0.21923414206372402,-0.1315404852382477
2007-04-26,12:00:00,685.7,686.4,673.8,676.5,1124,686.2,685.1,BEARISH_LONDON_BREAKOUT,0,1,-0.35476718403547336,-0.4878048780487738,-0.04434589800442787
2007-04-27,12:00:00,672.5,677.2,670.8,676.2,816,673.1,671.0,BULLISH_LONDON_BREAKOUT,1,0,0.029577048210578494,0.4880212954747049,0.3697131026323573
2007-05-01,12:00:00,677.0,678.6,673.7,675.0,675,678.6,676.7,BEARISH_LONDON_BREAKOUT,0,1,-0.14814814814814814,-0.11851851851851178,-1.1407407407407475
2007-05-02,12:00:00,673.0,673.3,667.2,667.3,876,674.3,671.4,BEARISH_LONDON_BREAKOUT,0,1,0.7792597032818891,0.749288176232579,1.1389180278735236
2007-05-03,16:00:00,674.8,681.9,672.8,681.3,1453,676.1,672.3,BULLISH_LONDON_BREAKOUT,1,0,0.0293556436224931,-0.014677821811229862,0.9100249522970859
2007-05-04,12:00:00,680.4,686.7,679.9,686.5,866,681.6,679.9,BULLISH_LONDON_BREAKOUT,1,0,0.14566642388929352,0.24763292061180558,0.480699198834662
2007-05-07,12:00:00,688.8,690.4,688.3,689.8,576,689.4,688.1,BULLISH_LONDON_BREAKOUT,1,0,-0.1304726007538384,-0.43490866917947235,-0.8118295158016686
2007-05-08,12:00:00,685.8,686.6,683.6,684.2,701,688.2,685.4,BEARISH_LONDON_BREAKOUT,0,1,0.29231218941829873,0.04384682841273816,-0.16077170418006761
2007-05-09,12:00:00,685.9,686.2,682.1,683.1,629,686.3,684.6,BEARISH_LONDON_BREAKOUT,0,1,-0.4245352071438995,-0.5123700775874689,-1.3907187820231297
2007-05-10,12:00:00,677.6,678.0,673.1,673.6,939,679.9,677.1,BEARISH_LONDON_BREAKOUT,0,1,-0.8313539192399083,-1.054038004750597,-0.5938242280285035
2007-05-11,12:00:00,667.1,670.1,666.8,669.6,698,668.7,667.1,BULLISH_LONDON_BREAKOUT,1,0,0.14934289127837513,0.4181600955794436,0.38829151732377876
2007-05-14,12:00:00,673.9,674.2,671.8,672.2,548,674.7,672.4,BEARISH_LONDON_BREAKOUT,0,1,-0.5653079440642768,-0.5801844689080766,-0.26777744718834695
2007-05-15,16:00:00,670.5,673.1,667.2,671.9,1251,670.4,667.3,BULLISH_LONDON_BREAKOUT,1,0,-0.04464950141389411,0.04464950141391103,-1.443667212382785
2007-05-16,12:00:00,670.5,671.0,668.1,668.7,658,672.9,669.4,BEARISH_LONDON_BREAKOUT,0,1,-0.9720352923583071,-0.8374457903394681,-1.6300284133393284
2007-05-17,12:00:00,663.1,663.2,655.7,657.8,790,664.0,662.7,BEARISH_LONDON_BREAKOUT,0,1,-0.18242626938278075,0.09121313469139902,-0.18242626938278075
2007-05-18,16:00:00,656.8,662.6,656.3,661.8,1279,661.0,656.6,BULLISH_LONDON_BREAKOUT,1,0,-0.09066183136897991,-0.06044122091265901,-0.2115442731943151
2007-05-22,16:00:00,662.7,663.3,660.0,660.4,996,664.9,661.2,BEARISH_LONDON_BREAKOUT,0,1,-0.2422774076317418,-0.1968503937007805,0.2422774076317418
2007-05-23,12:00:00,658.0,663.3,657.8,661.8,817,660.8,657.1,BULLISH_LONDON_BREAKOUT,1,0,0.03022061045633809,0.0,-0.2115442731943151
2007-05-24,12:00:00,660.8,661.4,659.3,660.4,508,661.8,660.6,BEARISH_LONDON_BREAKOUT,0,1,-1.1356753482737736,-0.984251968503937,-0.6359781950333029
2007-05-25,12:00:00,655.2,656.5,654.4,656.2,612,655.4,653.1,BULLISH_LONDON_BREAKOUT,1,0,-0.19811033221579827,-0.09143553794575171,-0.045717768972884515
2007-05-28,20:00:00,655.2,655.3,654.8,655.0,27,656.1,655.1,BEARISH_LONDON_BREAKOUT,0,1,0.10687022900764054,0.25954198473283135,0.19847328244274118
2007-05-29,12:00:00,656.8,661.3,656.8,660.7,477,656.8,654.4,BULLISH_LONDON_BREAKOUT,1,0,-0.6659603450885562,-0.48433479642803773,-1.2108369910700771
2007-05-30,12:00:00,657.4,657.6,652.6,652.7,720,658.3,655.8,BEARISH_LONDON_BREAKOUT,0,1,0.09192584648382243,0.47495020683314065,0.9958633369082273
2007-05-31,12:00:00,656.9,659.2,656.2,659.2,568,657.3,654.9,BULLISH_LONDON_BREAKOUT,1,0,-0.06067961165049923,0.4702669902912483,1.1377427184466018
2007-06-01,12:00:00,661.8,667.6,661.5,666.7,905,663.5,661.5,BULLISH_LONDON_BREAKOUT,1,0,0.5549722513874203,0.4199790010499406,0.4199790010499406
2007-06-04,16:00:00,669.4,673.6,668.9,671.6,1147,670.3,668.7,BULLISH_LONDON_BREAKOUT,1,0,-0.14889815366289458,-0.13400833829660175,-0.29779630732578916
2007-06-05,16:00:00,671.0,672.2,668.9,669.6,1152,672.6,670.6,BEARISH_LONDON_BREAKOUT,0,1,-0.01493428912784091,0.2389486260454036,-0.16427718040621606
2007-06-06,12:00:00,670.0,670.1,666.7,668.0,809,671.6,669.7,BEARISH_LONDON_BREAKOUT,0,1,0.07485029940119761,0.16467065868263814,-0.08982035928144053
2007-06-07,12:00:00,670.5,670.6,667.1,667.4,575,672.7,669.8,BEARISH_LONDON_BREAKOUT,0,1,-1.3035660773149433,-1.1387473778843307,-2.007791429427626
2007-06-08,12:00:00,657.3,657.3,652.4,654.0,837,659.7,656.1,BEARISH_LONDON_BREAKOUT,0,1,-1.2691131498470878,-0.6422018348623924,-0.382262996941896
2007-06-11,16:00:00,651.4,654.1,649.6,653.9,1053,652.2,650.4,BULLISH_LONDON_BREAKOUT,1,0,-0.12234286588162632,-0.03058571647039789,-0.6423000458785643
2007-06-12,12:00:00,652.5,652.8,649.1,649.7,670,654.3,651.9,BEARISH_LONDON_BREAKOUT,0,1,0.0,-0.292442665845789,-0.32322610435586
2007-06-13,20:00:00,647.6,651.3,646.4,651.1,513,647.7,644.1,BULLISH_LONDON_BREAKOUT,1,0,0.0307172477345925,-0.10751036707111741,0.04607587160189748
2007-06-14,12:00:00,650.5,651.1,645.6,647.6,651,650.9,649.1,BEARISH_LONDON_BREAKOUT,0,1,0.6176652254478072,0.772081531809759,0.7566399011735604
2007-06-14,16:00:00,647.7,653.8,647.1,651.6,1647,650.9,649.1,BULLISH_LONDON_BREAKOUT,1,1,-0.03069367710252386,-0.03069367710252386,0.42971147943522936
2007-06-15,12:00:00,650.3,653.4,649.7,652.5,672,651.8,649.8,BULLISH_LONDON_BREAKOUT,1,0,0.29118773946359805,0.5210727969348624,0.7049808429118809
2007-06-18,16:00:00,657.2,657.9,654.3,655.7,894,658.8,656.4,BEARISH_LONDON_BREAKOUT,0,1,0.0,0.03050175385083602,0.7930456001219965
2007-06-19,12:00:00,655.0,655.8,653.4,654.8,592,656.9,654.9,BEARISH_LONDON_BREAKOUT,0,1,0.9315821624923676,0.8094074526573104,0.9315821624923676
2007-06-19,16:00:00,654.9,661.8,654.4,660.9,1172,656.9,654.9,BULLISH_LONDON_BREAKOUT,1,1,0.0,-0.16643970343471368,-0.45392646391284613
2007-06-20,12:00:00,659.6,661.2,658.9,660.9,419,660.2,658.8,BULLISH_LONDON_BREAKOUT,1,0,-0.45392646391284613,-1.2104705704342564,-0.8624602814343972
2007-06-20,16:00:00,660.8,661.2,655.9,657.9,1158,660.2,658.8,BEARISH_LONDON_BREAKOUT,1,1,-0.5927952576379354,-0.5015959872320953,-1.2463900288797587
2007-06-21,16:00:00,655.0,656.3,647.5,649.7,1313,655.8,653.7,BEARISH_LONDON_BREAKOUT,0,1,0.27705094659072715,0.2616592273356829,0.3386178236108868
2007-06-22,12:00:00,651.9,656.0,651.2,654.9,753,652.5,650.3,BULLISH_LONDON_BREAKOUT,1,0,-0.45808520384791573,-0.3664681630783291,-0.7329363261566582
2007-06-25,12:00:00,651.0,652.1,650.0,650.1,600,653.7,650.6,BEARISH_LONDON_BREAKOUT,0,1,0.3845562221196739,0.1384402399630791,-0.3999384710044644
2007-06-26,12:00:00,649.1,650.2,646.6,647.5,548,650.6,648.2,BEARISH_LONDON_BREAKOUT,0,1,-1.0810810810810811,-0.8185328185328115,-1.050193050193043
2007-06-27,20:00:00,640.8,643.4,640.6,643.1,449,642.8,639.9,BULLISH_LONDON_BREAKOUT,1,0,-0.06219872492613548,0.3109936246306951,0.8241331052713349
2007-06-28,16:00:00,645.8,649.6,644.8,648.5,913,645.7,643.6,BULLISH_LONDON_BREAKOUT,1,0,-0.01542020046260952,-0.27756360832690125,0.27756360832690125
2007-06-29,12:00:00,648.3,650.9,648.0,649.4,522,648.4,646.7,BULLISH_LONDON_BREAKOUT,1,0,0.13858946720048926,0.13858946720048926,0.6313520172466928
2007-07-02,12:00:00,651.1,654.5,649.9,653.5,750,651.9,648.3,BULLISH_LONDON_BREAKOUT,1,0,0.47436878347360717,0.4437643458301419,0.33664881407804825
2007-07-03,12:00:00,656.6,656.8,655.6,655.7,337,657.8,656.0,BEARISH_LONDON_BREAKOUT,0,1,-0.35077016928474425,-0.3202684154338909,-0.28976666158305486
2007-07-05,16:00:00,654.8,655.3,645.4,648.7,1183,655.8,654.0,BEARISH_LONDON_BREAKOUT,0,1,0.046246338831502164,0.21581624788037262,0.7399414213041398
2007-07-06,16:00:00,647.8,654.7,647.1,653.5,1771,650.2,647.1,BULLISH_LONDON_BREAKOUT,1,0,0.2754399387911177,0.03060443764346526,1.055853098699308
2007-07-09,12:00:00,657.0,662.9,655.0,661.3,879,657.1,653.6,BULLISH_LONDON_BREAKOUT,1,0,-0.13609556933312827,-0.28731286859216354,-0.07560864962951762
2007-07-10,12:00:00,660.6,663.2,659.8,660.8,725,660.5,658.4,BULLISH_LONDON_BREAKOUT,1,0,0.30266343825665865,0.48426150121066064,0.39346246973365967
2007-07-11,12:00:00,663.7,665.3,661.5,663.4,833,665.6,663.8,BEARISH_LONDON_BREAKOUT,0,1,-0.27132951462163923,-0.3617726861621913,0.16581248115767602
2007-07-12,12:00:00,663.3,665.8,662.2,664.5,851,663.6,661.2,BULLISH_LONDON_BREAKOUT,1,0,0.43641835966892056,0.2257336343115124,0.36117381489841643
2007-07-16,16:00:00,666.7,667.0,663.9,664.9,1328,667.5,666.5,BEARISH_LONDON_BREAKOUT,0,1,-0.07519927808693037,0.030079711234778986,0.10527898932170936
2007-07-17,16:00:00,665.1,667.1,664.4,665.6,1179,665.3,663.8,BULLISH_LONDON_BREAKOUT,1,0,-0.18028846153846836,0.3004807692307692,1.0066105769230667
2007-07-18,12:00:00,667.6,667.9,665.1,665.3,837,669.4,667.1,BEARISH_LONDON_BREAKOUT,0,1,1.0521569216894633,1.1122801743574464,1.2174958665263826
2007-07-18,16:00:00,665.2,673.8,665.0,672.3,1806,669.4,667.1,BULLISH_LONDON_BREAKOUT,1,1,0.029748624126140932,-0.1338688085676004,0.6247211066488243
2007-07-19,16:00:00,673.3,676.6,673.1,676.5,1555,673.6,671.1,BULLISH_LONDON_BREAKOUT,1,0,0.07390983000739099,-0.07390983000739099,1.1086474501108647
2007-07-20,12:00:00,675.6,679.4,675.3,678.6,776,676.5,675.4,BULLISH_LONDON_BREAKOUT,1,0,0.795755968169758,0.5747126436781576,0.5894488653109342
2007-07-23,16:00:00,682.7,683.9,680.2,680.4,1189,683.9,682.0,BEARISH_LONDON_BREAKOUT,0,1,0.11757789535568315,0.17636684303351638,0.4409171075837742
2007-07-24,12:00:00,682.0,687.5,681.7,685.7,840,682.6,680.7,BULLISH_LONDON_BREAKOUT,1,0,-0.335423654659482,-0.8021000437509115,-1.5896164503427286
2007-07-24,20:00:00,683.3,684.3,680.5,680.5,579,682.6,680.7,BEARISH_LONDON_BREAKOUT,2,1,-0.04408523144745841,-0.5584129316678845,-0.8963997060984604
2007-07-25,12:00:00,676.6,678.7,673.7,674.8,1260,681.5,676.7,BEARISH_LONDON_BREAKOUT,0,1,-0.29638411381149976,0.07409602845287494,-1.111440426793124
2007-07-26,12:00:00,674.9,675.4,667.3,667.3,1224,676.2,674.6,BEARISH_LONDON_BREAKOUT,0,1,-0.6743593586093212,-0.3147010340176696,-0.9890603926269907
2007-07-27,12:00:00,663.1,663.9,658.0,660.7,1141,666.1,661.6,BEARISH_LONDON_BREAKOUT,0,1,-0.10594823671863864,0.015135462388362199,0.04540638716512101
2007-07-30,16:00:00,660.9,664.4,659.6,664.1,1204,662.6,660.4,BULLISH_LONDON_BREAKOUT,1,0,0.030115946393605146,0.2710435175425319,0.07528986598403854
2007-07-31,12:00:00,665.4,668.5,665.3,666.5,817,666.0,664.4,BULLISH_LONDON_BREAKOUT,1,0,-0.28507126781695086,-0.5251312828207052,-0.6001500375093773
2007-07-31,20:00:00,664.7,667.0,663.6,663.7,611,666.0,664.4,BEARISH_LONDON_BREAKOUT,1,1,-0.10546933855658362,-0.60268193460901,0.3917432574958428
2007-08-01,16:00:00,662.6,666.8,662.6,664.5,1756,662.6,659.0,BULLISH_LONDON_BREAKOUT,1,0,0.27088036117380804,-0.06019563581639988,-0.21068472535740818
2007-08-02,12:00:00,664.7,666.6,664.4,666.0,678,665.2,663.8,BULLISH_LONDON_BREAKOUT,1,0,-0.43543543543543206,-0.06006006006005664,0.0900900900900935
2007-08-02,16:00:00,666.1,666.6,662.3,663.1,1270,665.2,663.8,BEARISH_LONDON_BREAKOUT,1,1,0.3016136329362087,0.3468556778766332,1.0707283969235444
2007-08-03,12:00:00,665.8,667.5,664.7,666.6,678,665.9,664.9,BULLISH_LONDON_BREAKOUT,1,0,0.5400540054005434,0.6750675067506751,0.6750675067506751
2007-08-06,12:00:00,672.8,674.8,670.9,671.1,904,673.9,672.1,BEARISH_LONDON_BREAKOUT,0,1,-0.014900908955449672,-0.059603635821781735,-0.46192817761883814
2007-08-07,12:00:00,668.9,670.3,666.2,668.0,895,670.8,668.7,BEARISH_LONDON_BREAKOUT,0,1,0.3592814371257451,0.4491017964071856,0.8982035928143712
2007-08-07,20:00:00,670.5,672.2,669.5,671.8,710,670.8,668.7,BULLISH_LONDON_BREAKOUT,1,1,-0.1190830604346464,-0.2679368859779629,0.3572491813039731
2007-08-08,12:00:00,669.9,675.2,669.5,674.0,775,671.0,669.3,BULLISH_LONDON_BREAKOUT,1,0,0.0593471810088987,-0.17804154302671296,-1.9436201780415465
2007-08-09,12:00:00,672.2,672.2,658.9,660.9,1508,674.0,671.8,BEARISH_LONDON_BREAKOUT,0,1,0.25722499621728634,0.33287940686942735,0.6657588137388376
2007-08-10,12:00:00,663.9,666.1,657.7,665.3,1322,664.3,662.0,BULLISH_LONDON_BREAKOUT,1,0,0.9168796031865359,0.571170900345719,0.6162633398466891
2007-08-14,12:00:00,667.3,669.4,665.2,665.5,699,669.3,666.9,BEARISH_LONDON_BREAKOUT,0,1,0.5709992486851923,0.39068369646882384,-0.27047332832456117
2007-08-15,12:00:00,664.9,665.5,661.7,663.7,1089,667.3,664.1,BEARISH_LONDON_BREAKOUT,0,1,0.7684194666264741,0.37667620913063127,0.0904022901913378
2007-08-15,16:00:00,663.6,670.6,662.7,668.8,1907,667.3,664.1,BULLISH_LONDON_BREAKOUT,1,1,-0.23923444976075198,-0.5532296650717602,-3.6034688995215176
2007-08-16,16:00:00,664.2,665.0,644.4,644.7,3102,666.0,663.4,BEARISH_LONDON_BREAKOUT,0,1,1.1478206917946294,0.5273770746083415,1.9078641228478288
2007-08-17,12:00:00,652.8,660.3,650.3,658.1,1559,653.2,645.3,BULLISH_LONDON_BREAKOUT,1,0,-0.16714784987084375,-0.6685913994833578,-0.2887099225041752
2007-08-21,16:00:00,658.4,659.2,653.9,655.0,2513,659.4,656.1,BEARISH_LONDON_BREAKOUT,0,1,0.29007633587785914,-0.015267175572522556,0.732824427480909
2007-08-22,16:00:00,658.1,661.4,657.7,659.8,2128,658.0,654.7,BULLISH_LONDON_BREAKOUT,1,0,0.09093664746893343,0.19702940284935863,-0.030312215822966324
2007-08-23,16:00:00,663.1,664.5,658.2,659.6,1849,663.2,660.3,BEARISH_LONDON_BREAKOUT,0,1,0.030321406913270434,-0.1061249241964896,1.2128562765312312
2007-08-24,12:00:00,659.3,662.0,659.0,661.7,697,660.3,657.2,BULLISH_LONDON_BREAKOUT,1,0,0.8916427384010847,0.6649539066041977,0.6649539066041977
2007-08-27,12:00:00,666.9,667.6,665.3,666.1,398,668.1,666.8,BEARISH_LONDON_BREAKOUT,0,1,-0.03002552169344625,-0.03002552169344625,-0.12010208677376794
2007-08-28,12:00:00,666.5,667.9,664.7,665.3,889,668.0,665.7,BEARISH_LONDON_BREAKOUT,0,1,-0.03006162633397442,-0.616263339846672,0.07515406583496168
2007-08-29,12:00:00,663.5,665.9,663.3,665.8,747,664.2,662.1,BULLISH_LONDON_BREAKOUT,1,0,-0.09011715229797373,-0.015019525382984239,-0.09011715229797373
2007-08-31,12:00:00,667.6,674.5,667.2,673.0,1100,668.2,666.4,BULLISH_LONDON_BREAKOUT,1,0,-0.10401188707281508,-0.17830609212482101,-0.2377414561664224
2007-09-04,16:00:00,672.9,682.5,672.4,680.9,2218,673.6,672.0,BULLISH_LONDON_BREAKOUT,1,0,0.04405933323543372,-0.0734322220590395,0.02937288882362248
2007-09-05,16:00:00,679.2,682.6,678.3,681.1,1709,680.9,678.4,BULLISH_LONDON_BREAKOUT,1,0,0.014682131845547312,0.26427837321978487,2.172955513140501
2007-09-06,12:00:00,683.4,688.5,682.3,686.3,1136,685.0,682.3,BULLISH_LONDON_BREAKOUT,1,0,1.3988051872359062,0.9908203409587745,2.3750546408276363
2007-09-07,12:00:00,694.3,704.4,694.3,702.6,1437,695.5,691.8,BULLISH_LONDON_BREAKOUT,1,0,-0.2704241389126071,-0.4269854824935952,0.08539709649872228
2007-09-11,16:00:00,704.5,713.9,702.3,712.2,2447,704.9,702.2,BULLISH_LONDON_BREAKOUT,1,0,-0.02808199943836639,-0.014040999719183196,-0.21061499578770007
2007-09-12,12:00:00,711.8,712.8,708.2,709.9,1118,714.0,710.7,BEARISH_LONDON_BREAKOUT,0,1,0.11269192844063505,0.19721087477109134,-0.3944217495421827
2007-09-14,12:00:00,704.5,710.1,703.7,709.0,1262,706.0,703.7,BULLISH_LONDON_BREAKOUT,1,0,0.07052186177715092,-0.02820874471086678,0.6911142454160758
2007-09-17,12:00:00,711.9,714.9,709.0,713.9,1199,712.7,709.8,BULLISH_LONDON_BREAKOUT,1,0,0.2241210253536942,0.126068076761448,0.5322874352150256
2007-09-18,16:00:00,717.8,718.2,711.3,714.2,2307,717.8,715.3,BEARISH_LONDON_BREAKOUT,0,1,1.24614953794455,1.274152898347789,1.0501260151218146
2007-09-18,20:00:00,714.3,726.8,713.4,723.1,2095,717.8,715.3,BULLISH_LONDON_BREAKOUT,1,1,-0.15212280459134597,0.22126953395104726,-0.30424560918269195
2007-09-19,20:00:00,721.8,722.2,720.3,720.9,619,725.4,721.1,BEARISH_LONDON_BREAKOUT,0,1,0.20807324178110698,1.2206963517825036,1.7200721320571477
2007-09-20,12:00:00,729.9,733.2,726.2,733.2,1424,730.0,721.8,BULLISH_LONDON_BREAKOUT,1,0,-0.19094380796509694,0.19094380796508145,0.27277686852154936
2007-09-21,12:00:00,736.4,736.8,733.0,735.2,1681,739.1,735.7,BEARISH_LONDON_BREAKOUT,0,1,-0.8433079434167635,-0.27203482045701843,-0.42165397170838176
2007-09-24,12:00:00,732.8,735.9,731.6,732.1,1099,735.3,732.6,BEARISH_LONDON_BREAKOUT,0,1,-0.10927468925011176,-0.50539543778173,-0.8195601693757684
2007-09-25,16:00:00,726.3,733.2,725.5,731.5,3032,728.5,723.7,BULLISH_LONDON_BREAKOUT,1,0,-0.027341079972665137,0.05468215994531474,-0.560492139439511
2007-09-26,12:00:00,730.4,732.3,728.7,730.4,785,732.9,730.6,BEARISH_LONDON_BREAKOUT,0,1,-0.41073384446878425,-0.41073384446878425,0.24644030668127986
2007-09-27,12:00:00,728.7,735.6,728.5,732.2,1249,730.5,728.0,BULLISH_LONDON_BREAKOUT,1,0,-0.054629882545764945,0.5736137667303922,1.4613493580988708
2007-09-28,12:00:00,738.3,743.8,736.1,742.9,1508,739.7,735.2,BULLISH_LONDON_BREAKOUT,1,0,0.06730380939561179,0.08076457127473721,-0.09422533315384733
2007-10-01,12:00:00,744.9,746.4,740.8,742.2,1236,746.2,743.6,BEARISH_LONDON_BREAKOUT,0,1,0.5928321207221742,0.2964160603610795,-1.2665049851792092
2007-10-01,16:00:00,742.4,747.4,740.9,746.6,1747,746.2,743.6,BULLISH_LONDON_BREAKOUT,1,1,0.013394053040453085,-1.0447361371551123,-2.4912938655237102
2007-10-02,16:00:00,733.1,734.5,724.2,728.0,1864,740.1,730.1,BEARISH_LONDON_BREAKOUT,0,1,0.4120879120879121,0.9615384615384616,0.06868131868131869
2007-10-03,16:00:00,733.1,733.3,725.9,728.5,2286,735.7,731.5,BEARISH_LONDON_BREAKOUT,0,1,-0.16472203157172896,-0.5216197666437824,0.7961564859299868
2007-10-04,12:00:00,725.7,727.9,721.2,722.6,1288,725.9,723.2,BEARISH_LONDON_BREAKOUT,0,1,1.619153058400212,1.7990589537780237,1.051757542208694
2007-10-04,16:00:00,722.5,734.9,720.3,734.3,2723,725.9,723.2,BULLISH_LONDON_BREAKOUT,1,1,0.43578918698080427,0.2859866539561518,0.9532888465204957
2007-10-05,12:00:00,734.8,736.7,726.5,730.2,1298,736.3,734.0,BEARISH_LONDON_BREAKOUT,0,1,1.520131470829897,1.5338263489454849,0.41084634346754306
2007-10-05,16:00:00,730.1,744.0,729.4,741.3,2506,736.3,734.0,BULLISH_LONDON_BREAKOUT,1,1,0.12140833670579941,-0.1079185215162491,-1.0252259544044124
2007-10-08,12:00:00,735.7,737.1,731.7,733.2,1127,740.9,735.5,BEARISH_LONDON_BREAKOUT,0,1,0.06819421713038734,-0.3000545553737105,-0.5046372067648726
2007-10-09,16:00:00,729.6,740.2,728.5,737.9,3162,732.0,729.2,BULLISH_LONDON_BREAKOUT,1,0,-0.040655915435689735,0.2032795771784795,0.3116953516736778
2007-10-10,12:00:00,739.9,745.7,739.9,743.9,1612,740.8,739.3,BULLISH_LONDON_BREAKOUT,1,0,-0.49737867993008894,-0.3763946767038519,0.2822960075278966
2007-10-11,16:00:00,745.9,753.4,744.0,751.8,3169,747.6,743.0,BULLISH_LONDON_BREAKOUT,1,0,-0.5852620377760013,-0.70497472732109,-0.3591380686352663
2007-10-12,12:00:00,748.0,752.1,746.2,749.9,1418,748.2,745.5,BULLISH_LONDON_BREAKOUT,1,0,-0.106680890785432,0.026670222696365577,1.0268035738098475
2007-10-15,12:00:00,755.2,759.1,754.8,757.6,1239,756.4,752.4,BULLISH_LONDON_BREAKOUT,1,0,0.05279831045406246,-0.38278775079197164,0.05279831045406246
2007-10-16,12:00:00,763.2,763.5,755.0,758.0,2113,766.7,759.3,BEARISH_LONDON_BREAKOUT,0,1,-0.06596306068601583,0.5804749340369364,0.5145118733509204
2007-10-17,12:00:00,757.4,762.6,756.8,761.9,1885,758.7,755.3,BULLISH_LONDON_BREAKOUT,1,0,-0.6562541015881349,-0.27562672266701965,0.27562672266701965
2007-10-17,20:00:00,757.0,758.2,751.3,755.0,1459,758.7,755.3,BEARISH_LONDON_BREAKOUT,1,1,0.6357615894039675,0.29139072847682723,1.69536423841059
2007-10-18,12:00:00,757.1,766.4,756.8,764.0,2015,761.1,755.9,BULLISH_LONDON_BREAKOUT,1,0,-0.06544502617801047,0.5890052356020943,0.6413612565444996
2007-10-19,16:00:00,769.0,769.7,757.9,766.3,3022,769.8,766.5,BEARISH_LONDON_BREAKOUT,0,1,-0.19574579146548352,-0.8743312018791508,-2.061855670103087
2007-10-22,12:00:00,758.0,758.1,745.0,747.8,1863,762.3,757.8,BEARISH_LONDON_BREAKOUT,0,1,0.361059106713031,0.722118213426062,1.564589462423114
2007-10-23,12:00:00,756.8,759.6,756.0,759.5,775,758.0,755.8,BULLISH_LONDON_BREAKOUT,1,0,-0.23699802501645223,-0.17116524028965827,-0.5134957208689898
2007-10-24,20:00:00,758.6,763.7,758.3,763.4,1257,759.1,755.4,BULLISH_LONDON_BREAKOUT,1,0,-0.09169504846737382,-0.14409221902017588,0.654964631909877
2007-10-25,12:00:00,762.2,767.8,762.2,767.1,964,764.5,761.7,BULLISH_LONDON_BREAKOUT,1,0,-0.013036110024771574,0.31286664059444363,1.0559249120062602
2007-10-26,16:00:00,775.1,780.4,774.8,779.9,3081,778.2,773.8,BULLISH_LONDON_BREAKOUT,1,0,0.615463520964235,1.6284138992178545,1.0001282215668763
2007-10-29,12:00:00,792.5,793.9,785.0,785.3,1952,793.6,790.0,BEARISH_LONDON_BREAKOUT,0,1,0.3056156882720096,0.10187189609067468,-0.3056156882719951
2007-10-30,20:00:00,782.9,784.5,780.8,781.3,822,785.8,781.9,BEARISH_LONDON_BREAKOUT,0,1,-0.3583770638679067,0.11519262767184066,1.932676308716245
2007-10-31,12:00:00,782.1,787.6,779.9,785.3,1999,783.9,781.8,BULLISH_LONDON_BREAKOUT,1,0,0.5475614414873384,1.4644085063033236,0.5093594804533299
2007-11-01,12:00:00,792.9,793.8,787.7,789.3,1933,797.4,792.3,BEARISH_LONDON_BREAKOUT,0,1,0.10135563157228789,0.27872798682377364,0.5447865197010096
2007-11-02,12:00:00,789.4,797.4,789.3,793.6,2308,790.4,787.6,BULLISH_LONDON_BREAKOUT,1,0,1.058467741935481,1.3608870967741877,1.4112903225806364
2007-11-05,12:00:00,802.1,805.8,801.0,804.8,1232,803.2,800.6,BULLISH_LONDON_BREAKOUT,1,0,0.012425447316106206,0.37276341948310143,1.9010934393638257
2007-11-06,12:00:00,813.4,821.4,813.3,820.1,1784,815.3,808.3,BULLISH_LONDON_BREAKOUT,1,0,0.28045360321911406,0.670649920741373,2.6094378734300667
2007-11-07,12:00:00,840.4,845.4,836.5,841.5,3550,840.4,832.7,BULLISH_LONDON_BREAKOUT,1,0,-0.6298276886512127,-1.4616755793226326,-1.0932857991681575
2007-11-07,20:00:00,836.1,836.3,828.6,831.5,3132,840.4,832.7,BEARISH_LONDON_BREAKOUT,1,1,-0.2766085387853222,-0.1443174984966982,0.03607937462416771
2007-11-08,16:00:00,832.5,845.3,831.6,838.7,5019,835.8,826.9,BULLISH_LONDON_BREAKOUT,1,0,-0.8227018004054001,-0.7034696554191119,-0.8584714439012813
2007-11-09,12:00:00,834.6,836.3,826.9,828.5,2587,836.4,831.1,BEARISH_LONDON_BREAKOUT,0,1,0.3621001810500905,-0.35003017501508477,-1.7622208811104434
2007-11-12,16:00:00,814.0,814.2,796.8,801.1,5114,820.5,813.4,BEARISH_LONDON_BREAKOUT,0,1,-0.4743477718137646,0.43689926351267006,-0.9112470353264346
2007-11-13,16:00:00,803.4,807.6,793.6,793.8,4729,808.8,800.3,BEARISH_LONDON_BREAKOUT,0,1,0.8566389518770559,1.373141849332337,2.1415973796926178
2007-11-14,12:00:00,805.1,812.1,803.9,809.7,1992,806.4,804.5,BULLISH_LONDON_BREAKOUT,1,0,0.1358527849820809,0.6298629121896886,-0.9756700012350366
2007-11-15,12:00:00,812.4,812.4,800.8,801.8,2289,816.4,810.7,BEARISH_LONDON_BREAKOUT,0,1,-1.3344973808929823,-1.2347218757794935,-1.2846096283362378
2007-11-16,20:00:00,788.5,791.8,783.4,785.7,1895,791.5,785.8,BEARISH_LONDON_BREAKOUT,0,1,0.7509227440498889,0.24182257859233516,-0.6109201985490731
2007-11-19,12:00:00,787.7,789.3,783.4,785.3,524,790.5,787.6,BEARISH_LONDON_BREAKOUT,0,1,-0.9295810518273214,-0.9423150388386576,0.31834967528333125
2007-11-20,16:00:00,787.7,795.7,787.3,794.4,2269,788.4,776.0,BULLISH_LONDON_BREAKOUT,1,0,1.0448136958711063,1.1077542799597266,0.27693856998993527
2007-11-21,12:00:00,801.9,803.9,794.5,799.2,1324,806.9,800.4,BEARISH_LONDON_BREAKOUT,0,1,-0.32532532532532815,0.21271271271270414,0.32532532532531394
2007-11-23,16:00:00,809.0,824.0,808.6,821.7,2447,815.4,806.5,BULLISH_LONDON_BREAKOUT,1,0,0.19471826700741254,0.47462577583059234,0.4259462090787392
2007-11-26,12:00:00,829.3,836.6,828.5,832.0,1827,829.8,823.9,BULLISH_LONDON_BREAKOUT,1,0,-0.8173076923076869,-0.9495192307692281,-2.235576923076926
2007-11-26,20:00:00,825.1,829.2,821.3,822.0,2448,829.8,823.9,BEARISH_LONDON_BREAKOUT,1,1,0.2554744525547473,0.08515815085158704,-1.3503649635036525
2007-11-27,12:00:00,822.8,824.1,813.3,813.4,1718,828.8,822.4,BEARISH_LONDON_BREAKOUT,0,1,-0.479468895992129,-0.1475288910744937,-2.0531104007868124
2007-11-28,12:00:00,798.5,799.8,791.0,796.7,2181,807.7,798.4,BEARISH_LONDON_BREAKOUT,0,1,0.25103552152629593,0.966486757876231,0.6401405798920433
2007-11-29,16:00:00,801.9,802.5,794.4,797.8,4096,807.7,801.8,BEARISH_LONDON_BREAKOUT,0,1,-0.6392579593883065,-0.18801704687891702,-2.1308598646277264
2007-11-30,16:00:00,794.0,794.0,778.7,780.8,4480,797.9,793.7,BEARISH_LONDON_BREAKOUT,0,1,0.24334016393443791,0.781250000000003,0.6531762295081998
2007-12-03,12:00:00,783.4,785.0,776.8,780.0,1898,791.3,783.0,BEARISH_LONDON_BREAKOUT,0,1,0.7564102564102535,1.3333333333333304,2.1794871794871793
2007-12-04,12:00:00,788.0,797.1,787.0,797.0,1754,791.1,786.2,BULLISH_LONDON_BREAKOUT,1,0,0.10037641154328161,0.7402760351317412,0.6398996235884595
2007-12-05,16:00:00,802.2,802.7,791.3,796.4,4172,806.5,799.8,BEARISH_LONDON_BREAKOUT,0,1,-0.10045203415368589,-0.6278252134605725,0.7282772476142727
2007-12-06,16:00:00,787.2,803.1,786.5,802.2,3995,793.6,787.1,BULLISH_LONDON_BREAKOUT,1,0,0.04986287708800514,-0.3615058588880692,-0.972326103216164
2007-12-07,12:00:00,798.0,801.9,797.8,800.4,1254,800.3,796.9,BULLISH_LONDON_BREAKOUT,1,0,-0.7496251874062968,-0.6871564217891054,0.14992503748126504
2007-12-07,16:00:00,800.5,805.0,790.9,794.4,4707,800.3,796.9,BEARISH_LONDON_BREAKOUT,1,1,0.0,0.45317220543806935,1.7623363544813697
2007-12-10,12:00:00,799.9,802.2,798.4,801.6,893,800.0,796.8,BULLISH_LONDON_BREAKOUT,1,0,0.8483033932135672,0.5364271457085772,0.5489021956087796
2007-12-11,12:00:00,807.9,808.2,803.4,806.0,1369,810.2,806.2,BEARISH_LONDON_BREAKOUT,0,1,0.47146401985111097,-0.09925558312654523,0.32258064516129314
2007-12-12,12:00:00,804.2,810.3,803.7,808.6,1356,806.5,801.7,BULLISH_LONDON_BREAKOUT,1,0,0.5936186000494625,0.2102399208508449,-0.0865693791738864
2007-12-13,12:00:00,810.6,811.0,806.5,807.9,1262,812.1,808.8,BEARISH_LONDON_BREAKOUT,0,1,-1.5967322688451513,-0.7797994801336744,-1.8442876593637798
2007-12-14,12:00:00,799.4,799.4,789.6,793.0,2016,803.1,797.4,BEARISH_LONDON_BREAKOUT,0,1,-0.36569987389659236,0.5422446406052905,-0.4413619167717529
2007-12-18,12:00:00,793.9,801.2,793.4,800.1,1392,794.7,791.0,BULLISH_LONDON_BREAKOUT,1,0,-0.19997500312461228,0.0874890638670081,-0.11248593925758996
2007-12-20,12:00:00,800.5,801.4,796.2,797.5,1517,801.4,799.3,BEARISH_LONDON_BREAKOUT,0,1,-0.3761755485893417,0.07523510971787119,0.6394984326018838
2007-12-21,12:00:00,800.8,803.9,800.5,802.6,916,801.6,799.0,BULLISH_LONDON_BREAKOUT,1,0,0.797408422626461,0.8597059556441535,1.2334911537503086
2007-12-24,12:00:00,810.9,812.8,809.3,812.5,842,811.0,807.9,BULLISH_LONDON_BREAKOUT,1,0,-0.07384615384615664,0.03692307692307133,1.2799999999999974
2007-12-28,12:00:00,825.4,833.0,825.3,830.8,567,827.4,824.9,BULLISH_LONDON_BREAKOUT,1,0,0.8545979778526749,1.14347616754935,0.6259027443428076
2007-12-31,12:00:00,839.6,839.6,831.7,836.0,202,841.7,838.9,BEARISH_LONDON_BREAKOUT,0,1,-0.502392344497613,2.5717703349282295,2.3923444976076556
2008-01-03,12:00:00,861.8,867.7,860.8,864.0,1916,862.8,855.6,BULLISH_LONDON_BREAKOUT,1,0,0.43981481481480955,0.1736111111111111,-0.2546296296296349
2008-01-04,20:00:00,862.7,863.6,859.1,859.2,2227,864.9,860.2,BEARISH_LONDON_BREAKOUT,0,1,-0.04655493482310183,-0.12802607076350359,-0.1978584729981431
2008-01-07,12:00:00,858.2,862.6,855.9,861.3,1395,858.5,855.3,BULLISH_LONDON_BREAKOUT,1,0,-0.1509346336932491,-0.1509346336932491,1.5325670498084345
2008-01-08,16:00:00,874.6,879.8,871.0,877.3,3557,875.8,861.5,BULLISH_LONDON_BREAKOUT,1,0,0.034195828108978484,1.1968539838139747,0.15958053117520699
2008-01-09,16:00:00,882.2,882.7,871.6,878.7,5326,891.0,881.3,BEARISH_LONDON_BREAKOUT,0,1,-0.34141345168999654,-0.034141345169007416,0.6145442130419911
2008-01-10,12:00:00,876.6,877.5,866.4,866.4,1720,879.5,872.4,BEARISH_LONDON_BREAKOUT,0,1,2.042936288088648,2.897045244690677,2.9778393351800636
2008-01-10,16:00:00,866.5,886.3,865.8,884.1,5337,879.5,872.4,BULLISH_LONDON_BREAKOUT,1,1,0.9048750141386721,1.00667345322927,1.3799343965614672
2008-01-11,16:00:00,892.1,897.8,889.0,896.3,4776,895.6,889.5,BULLISH_LONDON_BREAKOUT,1,0,-0.1561977016623873,-0.07809885083118731,1.1045408903269096
2008-01-14,12:00:00,906.3,914.0,906.3,907.6,2435,906.7,894.5,BULLISH_LONDON_BREAKOUT,1,0,-0.15425297487879874,-0.06610841780520303,-0.5178492728074091
2008-01-15,12:00:00,906.8,907.6,901.8,902.9,2116,910.5,903.9,BEARISH_LONDON_BREAKOUT,0,1,0.03322627090486967,-0.742053383541913,-1.904972865212087
2008-01-16,20:00:00,882.0,887.1,876.7,877.0,2887,892.6,880.8,BEARISH_LONDON_BREAKOUT,0,1,0.3762827822120815,0.5359179019384317,-0.1596351197263372
2008-01-17,12:00:00,881.8,886.6,878.9,885.3,2131,884.2,877.2,BULLISH_LONDON_BREAKOUT,1,0,-0.7003275725742609,-0.9940133288150858,-0.463119846379748
2008-01-17,20:00:00,878.9,881.6,875.5,875.6,2865,884.2,877.2,BEARISH_LONDON_BREAKOUT,1,1,0.1027866605756027,-0.11420740063956143,0.8108725445408888
2008-01-18,12:00:00,874.7,881.6,870.4,881.2,2291,878.6,873.3,BULLISH_LONDON_BREAKOUT,1,0,-0.5220154334997755,-0.3517930095324583,-1.1802088061734102
2008-01-21,12:00:00,873.7,874.5,866.6,870.8,1883,882.7,871.8,BEARISH_LONDON_BREAKOUT,0,1,-0.8612769866789161,-1.7570050528249832,-0.9875976113918131
2008-01-22,12:00:00,860.0,866.9,857.9,862.2,2540,860.0,849.6,BULLISH_LONDON_BREAKOUT,1,0,3.050336348874966,2.9343539781953085,2.806773370447684
2008-01-24,12:00:00,893.4,902.3,890.3,898.6,1041,893.5,890.1,BULLISH_LONDON_BREAKOUT,1,0,0.8902737591809481,1.2463832628533198,2.336968617849989
2008-01-28,16:00:00,916.6,929.1,916.4,926.8,3248,920.6,915.2,BULLISH_LONDON_BREAKOUT,1,0,0.19421665947346442,0.03236944324558354,0.010789814415194512
2008-01-30,12:00:00,921.4,925.4,919.9,924.9,1226,923.1,920.5,BULLISH_LONDON_BREAKOUT,1,0,-0.46491512595955825,-0.10811979673478213,0.10811979673478213
2008-02-01,12:00:00,927.2,936.5,926.6,933.8,2115,927.5,924.4,BULLISH_LONDON_BREAKOUT,1,0,-2.5380167059327405,-2.4630541871921183,-3.4161490683229787
2008-02-01,16:00:00,933.7,936.2,904.5,910.1,6753,927.5,924.4,BEARISH_LONDON_BREAKOUT,1,1,-0.5603779804417122,-0.09889023184265215,-1.6042193165586225
2008-02-04,12:00:00,908.4,908.4,896.5,901.9,2000,910.3,907.8,BEARISH_LONDON_BREAKOUT,0,1,-0.7096130391395916,0.32154340836012607,-1.4524891894888594
2008-02-05,12:00:00,894.8,894.8,887.4,888.8,2210,902.8,893.0,BEARISH_LONDON_BREAKOUT,0,1,0.5850585058505902,-0.12376237623761353,0.8100810081008152
2008-02-06,12:00:00,887.8,898.2,887.7,896.0,1739,892.6,885.6,BULLISH_LONDON_BREAKOUT,1,0,1.0491071428571404,0.2566964285714235,0.8258928571428545
2008-02-07,20:00:00,907.4,910.1,904.9,909.2,2374,907.8,900.9,BULLISH_LONDON_BREAKOUT,1,0,-0.12098548174219344,0.6929168499779976,1.4188297404311456
2008-02-08,20:00:00,915.2,922.4,914.7,922.1,1824,916.3,907.8,BULLISH_LONDON_BREAKOUT,1,0,0.08675848606441323,0.3036547012254587,0.21689621516104543
2008-02-11,12:00:00,925.1,926.7,922.6,925.0,1517,924.9,919.8,BULLISH_LONDON_BREAKOUT,1,0,-0.2918918918918968,-0.4756756756756732,-1.0594594594594546
2008-02-12,12:00:00,920.7,922.3,912.9,915.2,1852,924.5,920.0,BEARISH_LONDON_BREAKOUT,0,1,-0.4916958041958042,-0.9943181818181842,-1.6499125874125897
2008-02-13,16:00:00,900.2,908.6,897.6,906.4,4073,904.3,895.8,BULLISH_LONDON_BREAKOUT,1,0,-0.1765225066195965,-0.03309796999116886,0.37511032656663473
2008-02-15,16:00:00,909.7,915.1,898.0,901.5,3548,910.8,907.2,BEARISH_LONDON_BREAKOUT,0,1,0.055463117027176934,0.41042706600111434,0.23294509151414564
2008-02-19,12:00:00,910.9,919.7,909.9,919.5,1653,912.1,907.0,BULLISH_LONDON_BREAKOUT,1,0,0.8917890157694449,1.0114192495921648,0.2175095160413268
2008-02-20,12:00:00,924.8,926.7,920.9,921.5,1833,928.9,922.7,BEARISH_LONDON_BREAKOUT,0,1,0.3364080303852439,2.0510037981551794,2.2680412371133993
2008-02-20,20:00:00,924.7,943.7,924.7,943.2,3355,928.9,922.7,BULLISH_LONDON_BREAKOUT,1,1,-0.29686174724343384,0.3180661577608142,0.08481764206954565
2008-02-21,16:00:00,942.3,953.4,941.4,952.6,4341,948.8,939.4,BULLISH_LONDON_BREAKOUT,1,0,-0.902792357757718,-0.6403527188746612,-0.9447826999790049
2008-02-25,16:00:00,949.2,950.2,932.7,935.8,3535,949.3,946.5,BEARISH_LONDON_BREAKOUT,0,1,0.2778371446890386,-0.5129301132720618,0.8335114340671157
2008-02-26,12:00:00,929.0,935.1,929.0,935.1,1431,932.6,926.0,BULLISH_LONDON_BREAKOUT,1,0,0.9089936905143835,2.1388086835632554,2.7269810715431504
2008-02-28,12:00:00,955.0,960.7,954.3,959.6,1385,957.2,952.8,BULLISH_LONDON_BREAKOUT,1,0,0.6044185077115417,1.2088370154230954,0.7398916215089644
2008-02-29,12:00:00,971.7,973.8,965.2,966.7,2187,975.8,970.6,BEARISH_LONDON_BREAKOUT,0,1,0.579290369297601,1.2309920347574197,1.4275369814833925
2008-03-03,16:00:00,980.4,989.1,979.0,985.1,3334,984.6,978.5,BULLISH_LONDON_BREAKOUT,1,0,-0.15226880519744188,-0.5278651913511364,-2.02009948228606
2008-03-04,12:00:00,983.8,987.6,979.7,986.2,1598,984.3,979.5,BULLISH_LONDON_BREAKOUT,1,0,-2.1293855201784626,-2.1800851754208073,-2.4640032447779423
2008-03-04,16:00:00,986.3,986.4,960.6,965.2,3958,984.3,979.5,BEARISH_LONDON_BREAKOUT,1,1,-0.20721094073767096,-0.08288437629507545,2.123912142561127
2008-03-05,12:00:00,964.6,967.5,958.7,961.9,1729,966.2,962.5,BEARISH_LONDON_BREAKOUT,0,1,2.4742696746023567,2.443081401393076,2.443081401393076
2008-03-05,16:00:00,962.0,990.7,960.9,985.7,4438,966.2,962.5,BULLISH_LONDON_BREAKOUT,1,1,0.30435223698894187,0.0,-1.2072638733894785
2008-03-06,16:00:00,985.3,987.7,971.0,973.8,5266,991.8,984.7,BEARISH_LONDON_BREAKOUT,0,1,0.2464571780653205,0.7804477305401544,-0.27726432532346806
2008-03-07,16:00:00,981.4,988.4,969.2,971.1,5063,984.6,976.2,BEARISH_LONDON_BREAKOUT,0,1,0.14416640922664783,0.4530944289980411,0.2265472144990147
2008-03-10,12:00:00,977.7,978.0,961.5,964.9,2550,980.3,974.3,BEARISH_LONDON_BREAKOUT,0,1,0.8705565343558895,0.8394652295574694,1.388744947662968
2008-03-11,12:00:00,972.7,985.0,971.8,978.3,2268,974.5,968.3,BULLISH_LONDON_BREAKOUT,1,0,-0.4599816007359706,-0.4599816007359706,-0.07155269344781068
2008-03-12,12:00:00,969.7,977.7,969.4,977.6,2399,974.7,967.8,BULLISH_LONDON_BREAKOUT,1,0,0.07160392798689974,0.6444353518821557,1.6366612111292964
2008-03-13,12:00:00,990.2,997.5,986.8,993.6,2835,990.3,981.1,BULLISH_LONDON_BREAKOUT,1,0,-0.06038647342995398,-0.02012882447665514,0.1107085346215804
2008-03-14,20:00:00,996.7,1002.8,995.2,1002.5,1112,997.6,994.0,BULLISH_LONDON_BREAKOUT,1,0,1.8653366583541193,1.8952618453865335,-0.07980049875311267
2008-03-17,12:00:00,1021.4,1026.9,1004.4,1010.4,1717,1027.3,1019.2,BEARISH_LONDON_BREAKOUT,0,1,-0.09897070467141728,-1.494457640538403,-0.18804433887569055
2008-03-18,12:00:00,1004.5,1011.7,1004.4,1008.5,1479,1006.1,997.7,BULLISH_LONDON_BREAKOUT,1,0,-0.7436787307882995,-2.1417947446703045,-3.9167079821517103
2008-03-18,20:00:00,1000.9,1004.3,976.2,981.7,2175,1006.1,997.7,BEARISH_LONDON_BREAKOUT,1,1,0.5296933890190416,1.3038606498930378,-3.7689721910970766
2008-03-19,12:00:00,994.3,996.8,965.8,969.0,1767,994.5,988.7,BEARISH_LONDON_BREAKOUT,0,1,-2.549019607843142,-5.056759545923633,-5.077399380804958
2008-03-20,20:00:00,921.7,923.6,909.3,909.7,1489,938.6,918.5,BEARISH_LONDON_BREAKOUT,0,1,0.17588215895349113,0.8244476200945366,0.516653841925902
2008-03-21,16:00:00,917.4,917.6,917.3,917.6,7,917.2,915.6,BULLISH_LONDON_BREAKOUT,1,0,-0.3487358326068053,-0.05448997384481255,-0.28334786399302775
2008-03-24,16:00:00,918.3,926.2,917.9,925.9,2232,918.7,906.1,BULLISH_LONDON_BREAKOUT,1,0,-1.1772329625229483,-0.21600604816934874,0.7992223782265878
2008-03-25,20:00:00,933.5,938.5,933.2,938.4,868,933.8,923.6,BULLISH_LONDON_BREAKOUT,1,0,0.18115942028985993,-0.4156010230179004,1.6517476555839727
2008-03-26,12:00:00,934.4,948.8,934.4,942.7,2000,941.5,934.3,BULLISH_LONDON_BREAKOUT,1,0,0.5091757717195241,1.156253314946428,-0.06364697146494354
2008-03-27,12:00:00,946.2,950.1,940.0,942.1,1653,953.0,942.3,BEARISH_LONDON_BREAKOUT,0,1,0.2865937798535115,0.3927396242437036,-0.4670417153168429
2008-03-28,12:00:00,941.7,946.5,936.2,937.7,1436,945.9,940.3,BEARISH_LONDON_BREAKOUT,0,1,-1.130425509224701,-0.8318225445238421,0.13863709075396763
2008-03-31,12:00:00,936.2,940.5,932.0,939.0,1417,938.4,931.4,BULLISH_LONDON_BREAKOUT,1,0,-1.98083067092652,-2.2790202342917976,-5.005324813631523
2008-03-31,16:00:00,939.1,940.2,916.5,920.4,3354,938.4,931.4,BEARISH_LONDON_BREAKOUT,1,1,-0.5106475445458422,-0.33681008257279693,-3.737505432420684
2008-04-01,16:00:00,891.9,893.8,871.8,886.0,3414,917.6,887.7,BEARISH_LONDON_BREAKOUT,0,1,-0.4514672686230248,0.03386004514672173,0.9142212189616278
2008-04-02,16:00:00,884.0,895.0,883.6,894.1,3223,890.0,881.9,BULLISH_LONDON_BREAKOUT,1,0,1.1072586958953112,0.9283077955485913,1.0848898333519663
2008-04-03,12:00:00,898.1,899.1,890.2,896.1,2141,903.5,897.0,BEARISH_LONDON_BREAKOUT,0,1,0.8592790983149126,0.6918870661756423,0.7142060037942168
2008-04-03,16:00:00,896.2,908.6,887.7,903.8,3462,903.5,897.0,BULLISH_LONDON_BREAKOUT,1,1,-0.13277273733126044,-0.2987386589953454,0.25448107988493784
2008-04-04,20:00:00,906.0,914.3,905.6,913.4,851,907.2,900.8,BULLISH_LONDON_BREAKOUT,1,0,0.2518064374863223,-0.06568863586599767,0.6459382526822834
2008-04-07,16:00:00,914.6,929.0,914.3,925.9,2496,915.5,910.4,BULLISH_LONDON_BREAKOUT,1,0,-0.7128199589588533,-0.6696187493249737,-1.3716384058753572
2008-04-08,12:00:00,921.8,923.2,910.3,910.7,1450,924.9,917.2,BEARISH_LONDON_BREAKOUT,0,1,0.2745141100252553,0.6807949928626257,0.2635335456242426
2008-04-09,12:00:00,905.4,913.7,903.3,913.1,1507,912.0,902.7,BULLISH_LONDON_BREAKOUT,1,0,2.015113350125942,2.146533786003726,2.1136786770342737
2008-04-10,16:00:00,932.5,937.4,921.8,927.0,2679,933.9,928.1,BEARISH_LONDON_BREAKOUT,0,1,0.14023732470333922,-0.31283710895361133,-0.47464940668823913
2008-04-11,12:00:00,926.4,931.7,923.7,930.5,1296,926.4,918.3,BULLISH_LONDON_BREAKOUT,1,0,-0.8490059108006425,-1.4830736163352987,-0.41912950026867035
2008-04-14,12:00:00,916.8,928.6,915.2,926.6,1450,922.0,914.9,BULLISH_LONDON_BREAKOUT,1,0,-0.06475285991798216,0.03237642995898495,0.7338657457370985
2008-04-16,12:00:00,932.4,946.0,931.2,944.1,1430,932.4,924.7,BULLISH_LONDON_BREAKOUT,1,0,0.08473678635737258,-0.13769727783074548,0.15888147442008263
2008-04-17,16:00:00,945.7,947.5,938.5,941.3,1859,950.2,943.2,BEARISH_LONDON_BREAKOUT,0,1,-0.3187081695527462,0.28683735259747645,-3.0595984277063586
2008-04-18,12:00:00,943.5,943.5,907.0,914.1,1716,946.2,942.5,BEARISH_LONDON_BREAKOUT,0,1,-0.17503555409692842,0.853298326222509,1.1158516573678954
2008-04-21,12:00:00,918.8,928.4,915.0,924.3,1119,922.6,916.4,BULLISH_LONDON_BREAKOUT,1,0,-1.1359948068808827,-1.1684518013631888,-0.6058638970031277
2008-04-21,16:00:00,924.2,925.0,910.8,913.8,2266,922.6,916.4,BEARISH_LONDON_BREAKOUT,1,1,0.2626395272488609,0.25169621361348965,0.8426351499234019
2008-04-22,16:00:00,918.8,925.1,915.1,921.5,2040,921.2,911.3,BULLISH_LONDON_BREAKOUT,1,0,-0.6511123168746609,-0.19533369506239331,-1.779706999457404
2008-04-23,12:00:00,919.6,919.6,903.5,907.4,1562,922.4,917.2,BEARISH_LONDON_BREAKOUT,0,1,-0.2534714569098473,-0.3636764381750005,-0.7163323782234957
2008-04-24,16:00:00,900.8,901.1,882.8,885.1,2236,906.2,897.4,BEARISH_LONDON_BREAKOUT,0,1,0.06778895040108719,0.4745226528075846,0.20336685120324874
2008-04-28,12:00:00,892.1,893.7,887.9,889.1,1400,894.0,889.4,BEARISH_LONDON_BREAKOUT,0,1,0.4611404791362077,0.24744123270722435,-1.192216848498484
2008-04-29,12:00:00,886.5,886.7,876.7,878.5,1387,892.0,885.5,BEARISH_LONDON_BREAKOUT,0,1,-0.5008537279453589,-0.6374501992031899,-0.6374501992031899
2008-04-30,20:00:00,866.2,878.3,862.3,877.2,2109,875.1,864.0,BULLISH_LONDON_BREAKOUT,1,0,0.2393980848153111,-1.4477884176926636,-2.8499772001823986
2008-05-01,12:00:00,864.4,867.9,852.6,855.0,2308,877.6,863.8,BEARISH_LONDON_BREAKOUT,0,1,-0.6315789473684185,-0.5730994152046757,-0.10526315789473417
2008-05-02,16:00:00,854.2,858.8,849.6,857.2,2563,855.2,849.2,BULLISH_LONDON_BREAKOUT,1,0,-0.15165655622959265,0.6766215585627572,1.5515632291180534
2008-05-05,12:00:00,864.0,868.9,863.9,868.9,873,864.6,861.9,BULLISH_LONDON_BREAKOUT,1,0,0.18414086776384198,0.39129934399815597,0.42582575670388373
2008-05-07,12:00:00,873.6,875.3,864.9,866.2,1512,878.1,872.6,BEARISH_LONDON_BREAKOUT,0,1,0.11544677903486492,0.1962595243592625,1.1891018240591034
2008-05-08,12:00:00,870.7,877.2,868.0,876.5,1551,871.1,865.2,BULLISH_LONDON_BREAKOUT,1,0,0.844266970907014,0.6959498003422729,0.7758128921848209
2008-05-13,12:00:00,875.2,880.3,868.3,871.3,1627,880.2,874.9,BEARISH_LONDON_BREAKOUT,0,1,-0.26397337312061914,-0.47056123034545044,-0.25249626994145896
2008-05-14,12:00:00,861.0,870.6,860.6,869.1,1596,869.0,859.6,BULLISH_LONDON_BREAKOUT,1,0,-0.3106662064204401,-0.56380163387412,0.5868139454608241
2008-05-15,12:00:00,865.5,875.1,864.1,874.2,1271,868.5,862.6,BULLISH_LONDON_BREAKOUT,1,0,0.25165865934567966,0.6977808281857594,2.345001143902997
2008-05-16,12:00:00,882.2,899.4,882.0,894.7,1607,884.9,880.3,BULLISH_LONDON_BREAKOUT,1,0,0.5029618866659216,1.0841622890354232,1.5759472448865437
2008-05-19,16:00:00,908.9,909.2,900.5,904.7,2478,911.3,905.2,BEARISH_LONDON_BREAKOUT,0,1,0.022106775726752712,-0.02210677572676528,1.8459157731844735
2008-05-20,16:00:00,906.5,923.1,905.4,921.4,1758,909.4,904.6,BULLISH_LONDON_BREAKOUT,1,0,-0.2821792923811616,-0.15194269589754475,0.7054482309528978
2008-05-21,12:00:00,924.4,926.6,917.8,918.4,1224,924.2,918.9,BEARISH_LONDON_BREAKOUT,0,1,1.0344076655052266,1.7203832752613315,0.685975609756105
2008-05-21,16:00:00,918.5,928.6,916.0,927.9,2040,924.2,918.9,BULLISH_LONDON_BREAKOUT,1,1,0.4741890289901905,0.29097963142580513,-0.9160469878219635
2008-05-22,12:00:00,927.8,928.5,920.8,924.7,1535,934.7,925.4,BEARISH_LONDON_BREAKOUT,0,1,-0.5731588623337373,-0.7353736346923401,0.1622147723586028
2008-05-23,12:00:00,921.9,926.8,920.6,926.2,1030,924.0,915.3,BULLISH_LONDON_BREAKOUT,1,0,-0.24832649535738155,0.16195206218959188,0.010796804145962973
2008-05-26,20:00:00,927.3,928.8,927.2,928.5,149,927.2,923.2,BULLISH_LONDON_BREAKOUT,1,0,0.08616047388260145,-0.4308023694130318,-2.4663435648896046
2008-05-27,12:00:00,924.6,924.9,914.9,915.8,1217,928.9,921.6,BEARISH_LONDON_BREAKOUT,0,1,-0.7971172745140811,-1.070102642498357,-2.2166411880323165
2008-05-29,12:00:00,897.6,897.6,884.0,884.6,1779,901.2,895.5,BEARISH_LONDON_BREAKOUT,0,1,-1.0061044539905017,-0.5878363101967041,0.24869997739090344
2008-05-30,12:00:00,877.5,887.5,876.7,886.8,1385,877.8,870.4,BULLISH_LONDON_BREAKOUT,1,0,-0.16914749661705006,0.022552999548945137,0.6427604871447955
2008-06-02,12:00:00,884.7,894.0,884.7,892.5,1496,885.9,880.8,BULLISH_LONDON_BREAKOUT,1,0,0.22408963585434172,-0.11204481792717086,0.0448179271708658
2008-06-03,16:00:00,893.0,893.0,875.0,882.1,2318,896.4,890.9,BEARISH_LONDON_BREAKOUT,0,1,-0.2494048293844287,-0.14737558099989437,0.0793560820768543
2008-06-04,12:00:00,877.9,886.3,875.7,884.1,1519,880.9,875.7,BULLISH_LONDON_BREAKOUT,1,0,-0.1470421897975419,-0.7578328243411431,-1.5722203370659402
2008-06-06,12:00:00,881.5,891.1,880.9,885.0,1493,882.5,877.7,BULLISH_LONDON_BREAKOUT,1,0,1.0621468926553645,1.6723163841807858,1.4915254237288187
2008-06-09,12:00:00,904.5,907.3,897.2,898.2,1943,908.8,899.3,BEARISH_LONDON_BREAKOUT,0,1,-0.222667557336896,-0.7570696949454541,-1.5698062792251193
2008-06-10,16:00:00,884.0,884.5,863.8,869.4,2515,891.1,882.5,BEARISH_LONDON_BREAKOUT,0,1,-0.3450655624568668,0.06901311249137597,1.1387163561076579
2008-06-11,12:00:00,874.2,878.0,871.3,876.0,1330,875.2,869.0,BULLISH_LONDON_BREAKOUT,1,0,0.3767123287671181,0.4452054794520522,-1.609589041095893
2008-06-12,12:00:00,870.5,871.3,857.1,861.9,1456,875.0,866.8,BEARISH_LONDON_BREAKOUT,0,1,0.5453068801485144,0.8005569091541915,1.0210001160227484
2008-06-16,12:00:00,870.8,891.5,870.0,888.9,1562,872.3,866.3,BULLISH_LONDON_BREAKOUT,1,0,-0.39374507818652266,-0.8887388907638629,-1.3049836877039063
2008-06-17,12:00:00,883.4,887.9,873.8,877.3,1646,888.2,882.5,BEARISH_LONDON_BREAKOUT,0,1,0.7181123902883927,0.7295109996580521,1.3906303430981473
2008-06-18,12:00:00,884.5,893.5,882.3,889.5,1401,887.5,880.8,BULLISH_LONDON_BREAKOUT,1,0,-0.0674536256323803,0.33726812816188867,0.8768971332209056
2008-06-19,12:00:00,890.9,897.3,886.5,897.3,1541,893.9,889.2,BULLISH_LONDON_BREAKOUT,1,0,0.6575281399754922,-0.10030090270812184,0.7021063189568783
2008-06-20,12:00:00,899.9,906.5,899.2,903.6,1694,902.5,897.4,BULLISH_LONDON_BREAKOUT,1,0,-0.14386896857017134,0.04426737494466327,-2.644975652943778
2008-06-23,12:00:00,904.8,904.8,875.8,879.7,1482,907.1,901.1,BEARISH_LONDON_BREAKOUT,0,1,0.4433329544162756,0.7161532340570597,1.1822212117767394
2008-06-25,12:00:00,888.9,889.3,883.2,886.2,1489,890.3,886.6,BEARISH_LONDON_BREAKOUT,0,1,-0.7786052809749594,-0.033852403520657666,2.448657187993673
2008-06-26,12:00:00,891.0,911.7,889.0,907.9,1946,891.3,885.2,BULLISH_LONDON_BREAKOUT,1,0,0.2863751514483999,0.6057935896023792,1.4979623306531582
2008-06-27,16:00:00,921.6,928.0,917.0,927.3,2688,923.0,910.0,BULLISH_LONDON_BREAKOUT,1,0,0.0,-0.05391998274560553,-0.44214385851395543
2008-06-30,16:00:00,926.5,931.2,918.2,923.2,2723,934.5,926.5,BEARISH_LONDON_BREAKOUT,0,1,0.20580589254765783,0.021663778162904223,2.2422010398613446
2008-07-01,12:00:00,926.4,934.0,926.1,933.7,1848,929.4,921.7,BULLISH_LONDON_BREAKOUT,1,0,1.092427974724208,0.6318946128306713,0.5140837528113906
2008-07-02,16:00:00,938.6,945.3,934.1,942.2,2423,942.1,936.6,BULLISH_LONDON_BREAKOUT,1,0,0.2653364466143069,0.010613457864562624,-0.9339842920823677
2008-07-03,12:00:00,941.0,946.2,927.5,931.6,2193,945.1,939.8,BEARISH_LONDON_BREAKOUT,0,1,0.19321597252039013,0.16101331043366252,-0.04293688278230756
2008-07-08,12:00:00,929.5,930.6,917.3,922.4,2347,932.8,926.2,BEARISH_LONDON_BREAKOUT,0,1,-0.22766695576756532,-0.6179531656548062,-0.10841283607979184
2008-07-09,16:00:00,921.3,928.5,920.8,926.5,2667,924.7,919.8,BULLISH_LONDON_BREAKOUT,1,0,0.18348623853211501,0.20507285483000295,1.4894765245547712
2008-07-10,12:00:00,928.1,933.1,926.5,933.1,1505,930.4,925.2,BULLISH_LONDON_BREAKOUT,1,0,0.7716214767977635,1.0181116707748366,2.636373379059053
2008-07-11,12:00:00,945.5,962.0,945.2,957.7,2617,946.2,941.5,BULLISH_LONDON_BREAKOUT,1,0,0.08353346559464911,0.7518011903518776,0.5638508927639112
2008-07-14,16:00:00,963.0,973.2,961.8,973.2,2855,965.8,956.3,BULLISH_LONDON_BREAKOUT,1,0,-0.1233045622688086,-0.2671598849157442,-0.16440608302507426
2008-07-15,12:00:00,978.4,985.8,976.9,980.5,2211,980.4,970.2,BULLISH_LONDON_BREAKOUT,1,0,-0.9077001529831695,-0.8873023967363636,-0.10198878123406425
2008-07-16,12:00:00,974.2,980.2,968.9,979.5,2102,975.9,969.8,BULLISH_LONDON_BREAKOUT,1,0,-1.5926493108728967,-1.4599285349668152,-2.3072996426748364
2008-07-16,16:00:00,979.4,980.9,957.3,963.9,3121,975.9,969.8,BEARISH_LONDON_BREAKOUT,1,1,-0.4357298474945463,-0.04149808071376463,1.0270774976657306
2008-07-17,12:00:00,963.6,965.0,952.7,956.9,2155,964.8,961.7,BEARISH_LONDON_BREAKOUT,0,1,1.766119761730586,-0.17765701745218224,-0.32396279653046534
2008-07-17,16:00:00,957.5,978.4,957.0,973.8,3832,964.8,961.7,BULLISH_LONDON_BREAKOUT,1,1,-1.7046621482850595,-1.4582049702197506,-1.5917026083384678
2008-07-18,12:00:00,961.0,964.3,949.5,953.8,2292,961.8,957.8,BEARISH_LONDON_BREAKOUT,0,1,0.47179702243656957,0.4822814007129401,0.702453344516675
2008-07-22,16:00:00,969.1,971.7,943.9,946.3,2718,973.3,967.0,BEARISH_LONDON_BREAKOUT,0,1,-0.05283736658564937,-0.16907957307406837,-2.039522350206061
2008-07-23,16:00:00,939.9,943.9,921.6,927.0,2887,946.6,932.9,BEARISH_LONDON_BREAKOUT,0,1,-0.7335490830636413,-0.46386192017259487,-0.7011866235167207
2008-07-24,16:00:00,922.6,928.3,916.5,920.5,1632,928.0,922.4,BEARISH_LONDON_BREAKOUT,0,1,0.7387289516567034,1.2167300380228185,0.6735469853340625
2008-07-25,12:00:00,929.9,933.5,925.3,926.2,1646,934.8,928.3,BEARISH_LONDON_BREAKOUT,0,1,0.05398402072986396,0.42107536169293636,0.32390412437918376
2008-07-29,12:00:00,928.9,929.5,921.4,923.6,1638,932.1,928.3,BEARISH_LONDON_BREAKOUT,0,1,-0.6821134690342213,-0.8336942399307108,-2.2953659592897404
2008-07-30,12:00:00,915.9,916.0,900.9,902.4,1649,917.3,914.4,BEARISH_LONDON_BREAKOUT,0,1,0.14406028368795082,0.8532801418439767,2.0500886524822697
2008-07-31,12:00:00,911.6,921.8,907.1,920.9,1420,914.4,909.9,BULLISH_LONDON_BREAKOUT,1,0,-0.4343576935606472,-1.085894233901618,-1.7157128895645517
2008-08-01,12:00:00,908.2,912.4,901.7,905.1,1375,911.4,906.7,BEARISH_LONDON_BREAKOUT,0,1,0.6739586785990523,0.5634736493205196,-0.13258203513424432
2008-08-04,12:00:00,912.4,913.3,898.3,903.9,2309,915.1,912.2,BEARISH_LONDON_BREAKOUT,0,1,-0.4646531695983993,-1.272264631043257,-1.891802190507802
2008-08-05,16:00:00,886.7,888.0,875.7,879.8,2472,892.3,881.7,BEARISH_LONDON_BREAKOUT,0,1,-0.6933393953171072,-0.1477608547397084,-0.2159581723118865
2008-08-07,16:00:00,881.6,881.7,869.3,871.4,3213,884.5,880.0,BEARISH_LONDON_BREAKOUT,0,1,0.09180628873078589,-0.3098462244663681,-1.7328436997934384
2008-08-08,12:00:00,864.7,865.3,854.9,859.1,2217,869.6,861.7,BEARISH_LONDON_BREAKOUT,0,1,-0.3259224770108332,0.034920265394011704,-0.5238039809102548
2008-08-11,12:00:00,864.0,864.5,854.3,854.6,1474,865.6,858.2,BEARISH_LONDON_BREAKOUT,0,1,-3.475310086590223,-5.043295108822844,-3.767844605663474
2008-08-12,12:00:00,806.1,826.6,806.0,822.4,2584,812.4,802.1,BULLISH_LONDON_BREAKOUT,1,0,-1.8482490272373457,-0.7903696498054474,-0.12159533073929961
2008-08-13,16:00:00,821.3,829.3,814.4,826.5,2659,825.7,813.3,BULLISH_LONDON_BREAKOUT,1,0,0.0,0.7259528130671506,-2.238354506957048
2008-08-14,12:00:00,835.0,835.8,823.8,823.9,1777,836.3,829.2,BEARISH_LONDON_BREAKOUT,0,1,-1.9298458550794972,-3.8232795242141036,-3.289234130355628
2008-08-15,12:00:00,782.7,797.3,778.1,796.8,2276,794.3,772.6,BULLISH_LONDON_BREAKOUT,1,0,-1.644076305220872,0.0,-0.6024096385542111
2008-08-18,12:00:00,798.7,799.1,789.5,792.0,1678,803.7,794.2,BEARISH_LONDON_BREAKOUT,0,1,1.3510101010101068,-0.08838383838384413,-0.5934343434343492
2008-08-19,16:00:00,787.7,814.7,786.3,810.2,2788,791.8,781.9,BULLISH_LONDON_BREAKOUT,1,0,0.4196494692668449,0.777585781288565,-0.6047889410022328
2008-08-20,16:00:00,810.1,817.8,799.7,805.3,3717,817.6,809.8,BEARISH_LONDON_BREAKOUT,0,1,0.9934186017633181,1.2541909847261918,3.514218303737746
2008-08-21,12:00:00,820.5,832.1,818.2,828.7,1995,824.1,815.3,BULLISH_LONDON_BREAKOUT,1,0,0.5912875588270758,0.9170990708338251,-0.8205623265355458
2008-08-22,12:00:00,830.9,831.9,820.9,821.9,1302,837.7,829.6,BEARISH_LONDON_BREAKOUT,0,1,0.7178488867258763,-0.5961795838909816,0.20683781481932664
2008-08-25,12:00:00,819.8,825.7,815.8,823.6,1726,821.9,818.5,BULLISH_LONDON_BREAKOUT,1,0,-0.3156872268091334,-0.5585235551238492,-1.287032540067997
2008-08-26,16:00:00,813.1,830.2,811.9,821.2,2459,821.1,812.3,BULLISH_LONDON_BREAKOUT,1,0,0.4140282513395004,0.7671699951290738,0.3653190452995616
2008-08-27,16:00:00,828.1,832.3,822.5,824.2,3311,832.3,824.4,BEARISH_LONDON_BREAKOUT,0,1,0.3033244358165494,1.0191701043436032,0.8250424654210088
2008-08-28,12:00:00,831.4,843.6,831.3,843.1,1811,836.3,831.0,BULLISH_LONDON_BREAKOUT,1,0,-1.4351796939864812,-1.292847823508478,-1.1623769422369905
2008-08-29,16:00:00,833.2,837.5,829.8,831.0,2564,838.4,833.2,BEARISH_LONDON_BREAKOUT,0,1,-0.036101083032485506,-0.08423586040915108,-1.4801444043321244
2008-09-01,12:00:00,831.6,831.8,825.8,825.8,826,835.1,829.5,BEARISH_LONDON_BREAKOUT,0,1,-0.8597723419714107,-1.3441511261806622,-4.008234439331546
2008-09-02,12:00:00,804.9,809.6,791.8,792.7,2202,817.1,800.6,BEARISH_LONDON_BREAKOUT,0,1,1.9174971615995875,1.5768891131575626,1.5011984357259966
2008-09-03,12:00:00,793.1,807.6,791.1,804.6,2133,802.8,789.1,BULLISH_LONDON_BREAKOUT,1,0,-0.29828486204324844,-0.18642803877703207,0.5965697240864969
2008-09-04,16:00:00,809.3,810.2,793.8,798.9,2600,814.4,801.3,BEARISH_LONDON_BREAKOUT,0,1,-0.3755163349605708,-0.3254474902991642,-0.2628614344724024
2008-09-05,12:00:00,793.5,813.6,792.2,811.5,1667,798.9,792.3,BULLISH_LONDON_BREAKOUT,1,0,-1.8114602587800426,0.33271719038817565,0.517560073937159
2008-09-08,16:00:00,815.9,817.8,796.6,799.9,882,817.2,804.9,BEARISH_LONDON_BREAKOUT,0,1,0.22502812851607304,-0.0875109388673499,-1.5751968996124546
2008-09-09,12:00:00,796.5,804.6,784.0,786.7,2066,800.9,793.7,BEARISH_LONDON_BREAKOUT,0,1,0.07626795474766862,-2.580399135629855,-1.1694419727977685
2008-09-10,16:00:00,777.6,783.4,757.9,762.5,3439,780.2,772.5,BEARISH_LONDON_BREAKOUT,0,1,-1.3639344262295052,-0.9311475409836095,-2.465573770491797
2008-09-12,12:00:00,755.1,757.6,750.1,756.4,1952,756.0,750.9,BULLISH_LONDON_BREAKOUT,1,0,0.03966155473295455,3.463775780010583,2.326811210999474
2008-09-15,12:00:00,779.2,781.0,764.2,774.0,2314,784.3,775.8,BEARISH_LONDON_BREAKOUT,0,1,0.8397932816537468,0.620155038759684,0.9302325581395408
2008-09-15,20:00:00,780.3,787.2,778.4,785.8,1263,784.3,775.8,BULLISH_LONDON_BREAKOUT,1,1,-0.8908119114278443,-1.119877831509284,-0.8271824891829982
2008-09-16,12:00:00,777.3,789.5,776.1,781.2,1856,777.7,771.9,BULLISH_LONDON_BREAKOUT,1,0,-0.33282130056323894,0.2816180235534987,0.03840245775729065
2008-09-17,16:00:00,781.4,843.8,780.2,838.0,2724,785.7,778.8,BULLISH_LONDON_BREAKOUT,1,0,3.054892601431984,2.7207637231503523,7.171837708830552
2008-09-18,16:00:00,874.7,898.9,856.8,898.1,2630,881.0,851.7,BULLISH_LONDON_BREAKOUT,1,0,-4.966039416546044,-5.778866495935862,-4.331366217570424
2008-09-19,12:00:00,827.8,871.0,826.5,857.2,2605,852.9,824.1,BULLISH_LONDON_BREAKOUT,1,0,0.23331777881474566,1.5165655622958467,2.578161455902929
2008-09-22,12:00:00,876.8,885.6,870.8,879.3,2172,879.1,864.2,BULLISH_LONDON_BREAKOUT,1,0,2.2745365631752534,3.218469236892991,1.6376663254861927
2008-09-24,12:00:00,891.7,900.3,885.5,900.1,2501,892.4,880.0,BULLISH_LONDON_BREAKOUT,1,0,-1.2998555716031601,-1.6331518720142257,-1.7998000222197583
2008-09-25,12:00:00,886.7,890.5,880.6,883.9,2472,897.1,885.5,BEARISH_LONDON_BREAKOUT,0,1,-1.6630840592827167,-0.38465889806538944,0.06788098201154234
2008-09-26,12:00:00,872.5,889.7,867.7,884.5,2311,879.2,865.6,BULLISH_LONDON_BREAKOUT,1,0,0.19219898247598025,-1.5262860373092142,-0.3278688524590138
2008-09-29,12:00:00,871.6,888.4,871.4,881.6,3264,877.0,866.8,BULLISH_LONDON_BREAKOUT,1,0,1.2931034482758594,2.699637023593461,0.8393829401088904
2008-09-30,12:00:00,894.9,898.9,881.1,889.0,2663,907.3,891.2,BEARISH_LONDON_BREAKOUT,0,1,-1.5523059617547754,-1.2035995500562482,-1.6197975253093337
2008-10-01,16:00:00,874.7,893.1,870.1,886.4,3883,883.2,874.2,BULLISH_LONDON_BREAKOUT,1,0,-1.8163357400722047,-1.6358303249097472,-5.166967509025266
2008-10-01,20:00:00,886.3,887.3,864.4,870.3,2934,883.2,874.2,BEARISH_LONDON_BREAKOUT,1,1,0.045961162817429735,-0.20682523267838154,-3.9411697115936986
2008-10-02,12:00:00,868.6,870.2,849.4,852.3,2671,873.2,862.5,BEARISH_LONDON_BREAKOUT,0,1,-1.3727560718056944,-2.3348586178575594,-2.3817904493722817
2008-10-03,12:00:00,840.2,847.1,832.0,832.0,1708,845.4,833.6,BEARISH_LONDON_BREAKOUT,0,1,-0.024038461538467004,-0.4206730769230769,3.0528846153846123
2008-10-06,12:00:00,830.9,865.1,830.5,857.4,2470,832.7,826.2,BULLISH_LONDON_BREAKOUT,1,0,0.8630744110100277,0.7930954047119277,3.4756239794728327
2008-10-07,12:00:00,880.2,889.1,876.3,887.2,1946,883.1,860.9,BULLISH_LONDON_BREAKOUT,1,0,-1.5103697024346359,-0.3268710550045188,3.516681695220912
2008-10-08,12:00:00,908.6,920.9,891.0,918.4,2148,909.9,877.5,BULLISH_LONDON_BREAKOUT,1,0,-1.1759581881533052,-1.655052264808355,-3.5060975609756024
2008-10-09,20:00:00,887.5,924.2,881.9,911.9,2407,895.6,883.4,BULLISH_LONDON_BREAKOUT,1,0,1.4255949117227766,1.1404759293782187,-6.831889461563763
2008-10-10,16:00:00,913.1,918.4,865.0,869.2,4547,931.1,911.9,BEARISH_LONDON_BREAKOUT,0,1,-2.254947077772667,-0.44868844914865286,-3.842613897837102
2008-10-13,12:00:00,862.8,865.2,846.5,847.8,2067,865.8,855.0,BEARISH_LONDON_BREAKOUT,0,1,-1.4154281670205238,-0.03538570417550773,-0.6487379098844067
2008-10-14,20:00:00,840.5,843.4,834.7,836.3,1830,848.6,840.2,BEARISH_LONDON_BREAKOUT,0,1,0.9924668181274745,0.837020208059309,1.2077005859141483
2008-10-15,12:00:00,843.1,848.6,831.2,835.4,1772,848.1,843.3,BEARISH_LONDON_BREAKOUT,0,1,0.9217141489107069,0.7780703854440987,-0.047881254488864884
2008-10-16,16:00:00,834.8,839.7,785.1,806.3,2692,843.6,828.8,BEARISH_LONDON_BREAKOUT,0,1,-0.2604489644052969,-0.2480466327669602,-2.2448220265409784
2008-10-17,12:00:00,803.1,803.5,778.4,784.8,2437,814.8,801.6,BEARISH_LONDON_BREAKOUT,0,1,0.43323139653416043,1.7456676860346645,1.1850152905198865
2008-10-20,12:00:00,802.1,805.2,791.9,794.1,2520,809.7,800.3,BEARISH_LONDON_BREAKOUT,0,1,-0.49112202493388457,0.7555723460521344,-3.14821810855056
2008-10-21,12:00:00,778.8,784.2,765.3,769.1,2722,798.5,777.0,BEARISH_LONDON_BREAKOUT,0,1,0.3640618905213827,0.07801326225458623,-1.5602652450916654
2008-10-22,16:00:00,757.0,757.2,739.9,741.4,3071,765.1,754.8,BEARISH_LONDON_BREAKOUT,0,1,-1.6185594820609657,-2.2794712705691906,-3.358510925276501
2008-10-23,12:00:00,727.6,728.1,703.8,708.4,2553,735.0,724.7,BEARISH_LONDON_BREAKOUT,0,1,1.143421795595712,2.3150762281197035,0.31055900621118654
2008-10-24,16:00:00,710.7,747.5,701.1,735.1,3930,714.2,691.4,BULLISH_LONDON_BREAKOUT,1,0,-0.25846823561419907,-0.02720718269623799,0.5033328798802792
2008-10-27,16:00:00,718.7,739.4,716.1,738.8,2419,735.5,707.3,BULLISH_LONDON_BREAKOUT,1,0,-1.164049810503507,-0.6497022198159116,0.16242555495398558
2008-10-29,12:00:00,749.3,765.0,737.3,759.1,846,753.2,741.4,BULLISH_LONDON_BREAKOUT,1,0,-0.790409695692267,0.790409695692267,0.6191542616256003
2008-10-30,12:00:00,770.5,772.4,761.0,763.8,2608,777.2,764.1,BEARISH_LONDON_BREAKOUT,0,1,-3.102906520031413,-4.399057344854662,-3.8753600418957728
2008-11-03,16:00:00,733.1,733.8,724.1,730.1,3475,736.4,731.6,BEARISH_LONDON_BREAKOUT,0,1,-1.0272565401999727,-0.8628954937679864,4.177509930146555
2008-11-04,12:00:00,727.8,745.7,727.7,741.5,2017,730.6,722.1,BULLISH_LONDON_BREAKOUT,1,0,2.5758597437626465,2.562373567093729,2.683749157113955
2008-11-05,12:00:00,758.4,763.8,752.3,761.4,2007,759.1,751.1,BULLISH_LONDON_BREAKOUT,1,0,-2.285263987391644,-2.9682164433937515,-2.547938008930914
2008-11-05,16:00:00,761.3,762.8,736.2,744.0,4285,759.1,751.1,BEARISH_LONDON_BREAKOUT,1,1,-0.5779569892473058,-0.9005376344086083,-1.4919354838709709
2008-11-06,12:00:00,740.9,748.4,736.2,742.0,1858,741.9,736.2,BULLISH_LONDON_BREAKOUT,1,0,-1.2264150943396257,-1.9407008086253337,-0.4447439353099669
2008-11-06,16:00:00,742.1,760.1,729.1,732.9,4046,741.9,736.2,BEARISH_LONDON_BREAKOUT,1,1,-0.02728885250374291,0.20466639377814166,0.4502660663119209
2008-11-10,16:00:00,751.5,767.9,741.1,743.3,3610,753.8,744.8,BEARISH_LONDON_BREAKOUT,0,1,0.4305125790394249,0.25561684380466715,-1.6278756894927902
2008-11-11,12:00:00,743.8,746.7,736.3,738.1,1868,746.5,742.9,BEARISH_LONDON_BREAKOUT,0,1,-0.9348326784988453,-0.8128979813033463,-1.2057986722666274
2008-11-12,12:00:00,733.8,735.6,728.6,729.2,1035,738.7,733.1,BEARISH_LONDON_BREAKOUT,0,1,-1.2479429511793778,-2.2078990674712045,-2.1119034558420307
2008-11-13,20:00:00,715.2,733.8,699.7,732.3,4529,718.0,709.8,BULLISH_LONDON_BREAKOUT,1,0,-0.013655605626097097,-0.5325686194182682,1.2153489007237597
2008-11-14,12:00:00,728.3,738.2,726.4,732.9,1673,731.6,725.0,BULLISH_LONDON_BREAKOUT,1,0,2.4287078728339564,1.105198526401968,1.364442625187611
2008-11-17,20:00:00,743.8,749.1,737.2,737.5,3374,747.4,740.2,BEARISH_LONDON_BREAKOUT,0,1,-0.05423728813559014,0.10847457627118028,-0.1762711864406718
2008-11-18,12:00:00,738.2,738.7,731.9,734.2,1813,741.0,735.8,BEARISH_LONDON_BREAKOUT,0,1,1.375646962680456,0.39498774175973533,0.28602560610186717
2008-11-18,16:00:00,734.1,745.8,731.2,744.3,4001,741.0,735.8,BULLISH_LONDON_BREAKOUT,1,1,-1.0882708585247762,-0.9807873169420871,-0.7523847910788538
2008-11-19,12:00:00,737.7,738.8,734.8,736.3,2021,741.9,737.0,BEARISH_LONDON_BREAKOUT,0,1,0.32595409479832826,-0.13581420616596498,1.5754447915251966
2008-11-20,12:00:00,745.1,749.6,742.4,747.9,2644,746.3,736.0,BULLISH_LONDON_BREAKOUT,1,0,0.12033694344163355,-0.45460623077951295,0.8022462896109106
2008-11-21,16:00:00,753.8,796.7,753.8,794.8,4789,760.4,747.1,BULLISH_LONDON_BREAKOUT,1,0,0.6542526421741376,-0.47810770005032144,4.026170105686965
2008-11-24,12:00:00,793.2,822.5,792.5,817.7,3853,794.9,786.6,BULLISH_LONDON_BREAKOUT,1,0,1.1128775834658076,-0.7093065916595411,-1.1617952794423383
2008-11-25,12:00:00,815.9,817.7,803.1,808.2,3054,817.6,811.0,BEARISH_LONDON_BREAKOUT,0,1,1.3363028953229341,0.6186587478346943,0.6186587478346943
2008-11-25,16:00:00,808.1,830.5,805.6,819.0,3141,817.6,811.0,BULLISH_LONDON_BREAKOUT,1,1,0.19536019536019814,-0.6959706959707016,-1.0134310134310078
2008-11-26,20:00:00,810.8,816.4,809.1,815.8,2849,814.7,809.5,BULLISH_LONDON_BREAKOUT,1,0,-0.4045109095366456,-0.4535425349350248,-0.13483696984553922
2008-12-01,12:00:00,805.0,805.2,789.2,790.2,3004,812.3,803.1,BEARISH_LONDON_BREAKOUT,0,1,-2.024803847127309,-1.7590483421918615,-1.20222728423184
2008-12-02,12:00:00,762.6,780.7,762.6,780.7,3484,774.1,762.1,BULLISH_LONDON_BREAKOUT,1,0,-0.0640450877417702,-0.9094402459331398,-0.640450877417702
2008-12-03,20:00:00,779.3,779.4,767.1,773.6,3906,782.2,775.1,BEARISH_LONDON_BREAKOUT,0,1,-0.2843846949327877,-0.7238883143743566,-0.9307135470527463
2008-12-04,16:00:00,765.5,782.0,762.6,780.3,5286,770.3,764.2,BULLISH_LONDON_BREAKOUT,1,0,-1.78136614122773,-1.8838908112264428,-4.562347814942959
2008-12-05,16:00:00,765.6,769.6,741.1,744.7,2648,771.0,765.7,BEARISH_LONDON_BREAKOUT,0,1,1.4771048744460855,2.6185040956089702,3.5584799248019334
2008-12-10,12:00:00,779.8,793.3,779.4,787.9,1791,784.2,777.6,BULLISH_LONDON_BREAKOUT,1,0,2.754156618860267,1.8022591699454305,5.622540931590312
2008-12-11,12:00:00,813.1,833.5,812.8,832.2,2304,818.7,804.0,BULLISH_LONDON_BREAKOUT,1,0,-0.5167027156933511,-1.6342225426580175,-1.8264840182648456
2008-12-12,16:00:00,817.3,828.5,811.8,820.5,1309,819.3,807.6,BULLISH_LONDON_BREAKOUT,1,0,0.09750152346129853,1.2797074954296161,2.1450335161486924
2008-12-15,16:00:00,827.9,841.9,822.1,838.1,4141,832.7,826.0,BULLISH_LONDON_BREAKOUT,1,0,-0.023863500775569202,-0.22670325736785313,0.04772700155112483
2008-12-16,16:00:00,834.0,840.6,831.8,838.5,4062,837.8,830.7,BULLISH_LONDON_BREAKOUT,1,0,2.289803220035784,1.6457960644007101,3.3989266547406083
2008-12-17,16:00:00,852.4,881.5,851.2,867.0,4650,855.5,846.1,BULLISH_LONDON_BREAKOUT,1,0,0.0,-0.2537485582468334,-1.7185697808535152
2008-12-18,12:00:00,867.5,878.1,867.0,873.9,2378,868.1,861.8,BULLISH_LONDON_BREAKOUT,1,0,-2.49456459549147,-3.261242705115002,-4.245336995079532
2008-12-18,16:00:00,873.8,875.6,848.4,852.1,4526,868.1,861.8,BEARISH_LONDON_BREAKOUT,1,1,0.011735711770921574,-0.24644994718929972,-1.6664710714704898
2008-12-19,12:00:00,848.0,848.2,829.6,836.8,2442,853.3,847.4,BEARISH_LONDON_BREAKOUT,0,1,0.13145315487571974,1.0635755258126303,0.7767686424474187
2008-12-23,16:00:00,844.7,846.8,831.2,831.3,4251,847.5,841.4,BEARISH_LONDON_BREAKOUT,0,1,0.9142307229640351,0.8420546132563456,1.6961385781306415
2008-12-24,12:00:00,840.9,841.6,834.4,837.2,1517,841.3,837.9,BEARISH_LONDON_BREAKOUT,0,1,0.979455327281406,1.1825131390348753,5.936454849498319
2008-12-24,16:00:00,837.3,846.0,834.5,845.4,2104,841.3,837.9,BULLISH_LONDON_BREAKOUT,1,1,0.23657440264963334,0.18925952211970934,4.163709486633552
2008-12-29,16:00:00,883.1,884.7,872.7,878.2,917,885.7,880.4,BEARISH_LONDON_BREAKOUT,0,1,-0.26189933955819494,-0.5693463903438851,-1.3550444090184572
2008-12-31,12:00:00,867.8,867.9,858.2,861.6,1004,868.5,864.7,BEARISH_LONDON_BREAKOUT,0,1,0.6035283194057488,1.6480965645310968,0.8704735376044569
2009-01-05,12:00:00,863.8,866.0,850.9,853.3,2939,874.3,861.0,BEARISH_LONDON_BREAKOUT,0,1,-0.44532989569904546,-0.09375366225242641,-1.1367631548107269
2009-01-06,20:00:00,850.6,869.8,849.5,864.2,4492,852.5,839.0,BULLISH_LONDON_BREAKOUT,1,0,-0.6248553575561318,0.12728535061327342,-2.77713492247165
2009-01-07,16:00:00,860.6,866.6,836.3,849.3,5378,866.3,856.5,BEARISH_LONDON_BREAKOUT,0,1,-1.0714706228658788,-0.541622512657472,0.5062993053102636
2009-01-08,16:00:00,842.4,863.7,839.6,853.6,5276,849.0,839.0,BULLISH_LONDON_BREAKOUT,1,0,0.41002811621368324,0.12886597938144595,0.4451733833177079
2009-01-12,12:00:00,844.6,849.6,842.4,842.8,1018,852.7,843.5,BEARISH_LONDON_BREAKOUT,0,1,-2.159468438538198,-2.242524916943519,-2.776459420977691
2009-01-14,16:00:00,823.9,825.8,807.5,815.0,5452,828.9,822.5,BEARISH_LONDON_BREAKOUT,0,1,-0.6012269938650279,-0.6012269938650279,-0.8834355828220914
2009-01-15,20:00:00,808.0,819.3,801.9,817.0,4223,812.2,807.4,BULLISH_LONDON_BREAKOUT,1,0,-0.19583843329253645,0.2937576499387977,3.0232558139534937
2009-01-16,12:00:00,819.3,830.6,818.8,826.8,1581,824.1,817.6,BULLISH_LONDON_BREAKOUT,1,0,0.9796806966618314,1.4513788098693758,1.1611030478955036
2009-01-20,12:00:00,828.5,856.0,827.0,851.3,4140,830.8,823.2,BULLISH_LONDON_BREAKOUT,1,0,1.104193586279818,-0.1644543639140112,0.4698696111828968
2009-01-21,12:00:00,854.3,863.8,852.6,855.3,3484,855.0,847.1,BULLISH_LONDON_BREAKOUT,1,0,-0.526131182041389,-0.16368525663509614,-0.7482754589033062
2009-01-22,12:00:00,855.1,855.9,847.0,848.9,2967,859.1,850.7,BEARISH_LONDON_BREAKOUT,0,1,0.6950170809282574,0.49475792201673296,2.697608670043583
2009-01-23,12:00:00,856.1,879.2,855.8,871.8,4671,858.4,852.2,BULLISH_LONDON_BREAKOUT,1,0,2.741454462032587,2.007341133287451,3.934388621243413
2009-01-26,12:00:00,901.0,909.0,898.8,906.1,3120,903.4,890.1,BULLISH_LONDON_BREAKOUT,1,0,-0.07725416620682546,-0.507670235073394,-1.0815583268954936
2009-01-28,12:00:00,895.3,895.6,882.9,887.8,3585,901.1,891.4,BEARISH_LONDON_BREAKOUT,0,1,-0.40549673349852544,-0.5857175039423217,-0.9123676503716951
2009-01-29,16:00:00,879.6,900.3,877.1,895.3,5367,884.7,876.5,BULLISH_LONDON_BREAKOUT,1,0,1.4967050150787549,0.8712163520607694,3.1497821959119903
2009-01-30,20:00:00,923.6,929.2,921.4,926.5,2886,926.2,901.9,BULLISH_LONDON_BREAKOUT,1,0,-0.2806260118726414,-1.435509983810033,-2.6551538046411247
2009-02-02,16:00:00,905.7,920.6,905.4,914.7,3318,914.6,902.7,BULLISH_LONDON_BREAKOUT,1,0,-1.399365912320987,-1.574286651361112,-2.5910134470318185
2009-02-02,20:00:00,914.6,915.7,900.8,901.9,2640,914.6,902.7,BEARISH_LONDON_BREAKOUT,1,1,0.0,0.1552278523117837,-0.3437188158332435
2009-02-03,16:00:00,903.1,912.3,889.3,891.0,3690,903.4,894.8,BEARISH_LONDON_BREAKOUT,0,1,0.8754208754208703,0.707070707070702,1.7283950617283925
2009-02-04,16:00:00,896.5,908.9,895.4,906.4,3138,900.2,896.0,BULLISH_LONDON_BREAKOUT,1,0,-0.03309796999116886,-0.35304501323918047,0.9598411297440474
2009-02-05,12:00:00,907.8,920.1,907.8,916.7,2134,907.9,901.8,BULLISH_LONDON_BREAKOUT,1,0,-0.17453910766881453,-0.6654303479873483,-0.11999563652231075
2009-02-09,16:00:00,903.4,905.2,893.5,895.8,3361,907.7,900.5,BEARISH_LONDON_BREAKOUT,0,1,0.14512167894620095,0.11163206072784104,1.9758874748827915
2009-02-10,12:00:00,894.9,904.7,892.2,903.3,1395,897.5,890.8,BULLISH_LONDON_BREAKOUT,1,0,1.1291929591497891,1.262039189638004,2.424443706409841
2009-02-11,12:00:00,916.8,927.2,915.9,925.2,897,919.6,910.4,BULLISH_LONDON_BREAKOUT,1,0,1.8914829226113272,1.2862083873757,1.9130998702983064
2009-02-12,16:00:00,942.8,950.1,937.0,948.3,5371,945.9,937.8,BULLISH_LONDON_BREAKOUT,1,0,-0.21090372245070127,-0.8119793314351926,-1.0650637983760318
2009-02-16,16:00:00,940.0,943.8,939.0,943.2,770,941.7,936.8,BULLISH_LONDON_BREAKOUT,1,0,-0.18023748939779957,1.4418999151823482,2.8944020356234046
2009-02-17,12:00:00,962.1,966.4,958.9,963.0,939,961.3,954.4,BULLISH_LONDON_BREAKOUT,1,0,0.778816199376947,0.4257528556594001,0.778816199376947
2009-02-18,20:00:00,970.8,986.8,969.7,984.1,1305,973.7,967.4,BULLISH_LONDON_BREAKOUT,1,0,-0.17274667208617472,-1.2905192561731578,-1.1482572909257258
2009-02-20,12:00:00,977.6,993.6,976.5,991.3,1241,981.7,970.0,BULLISH_LONDON_BREAKOUT,1,0,0.4741248865126647,0.2622818521133888,-0.5245637042267661
2009-02-23,16:00:00,986.0,992.3,975.6,991.1,1646,990.8,981.0,BULLISH_LONDON_BREAKOUT,1,0,0.12107759055594106,-0.534759358288777,-2.744425385934824
2009-02-24,16:00:00,989.1,994.5,963.1,963.9,1736,992.5,985.9,BEARISH_LONDON_BREAKOUT,0,1,-0.04149808071376463,0.07262164124909695,0.767714493204687
2009-02-25,16:00:00,958.1,978.0,956.9,971.3,3551,965.7,951.6,BULLISH_LONDON_BREAKOUT,1,0,-2.429733347060631,-2.120868938535973,-3.3975084937712348
2009-02-25,20:00:00,971.2,972.4,944.0,947.7,3229,965.7,951.6,BEARISH_LONDON_BREAKOUT,1,1,0.33765959691884895,0.0,-0.2532446976891517
2009-02-26,12:00:00,947.6,949.3,936.3,939.6,2644,956.4,944.6,BEARISH_LONDON_BREAKOUT,0,1,-0.13835674755215713,0.29799914857385634,1.5006385696040891
2009-02-27,12:00:00,942.5,953.7,940.4,953.7,2331,946.7,937.3,BULLISH_LONDON_BREAKOUT,1,0,-2.0341826570200365,-0.27262241795114,-0.6081577015833143
2009-02-27,16:00:00,953.6,962.6,934.0,934.3,4594,946.7,937.3,BEARISH_LONDON_BREAKOUT,1,1,0.7813336187520142,1.9800920475222095,0.5993792143851037
2009-03-02,12:00:00,957.3,957.9,945.1,947.9,2297,957.8,950.2,BEARISH_LONDON_BREAKOUT,0,1,-0.8439708830045363,-2.0677286633611165,-2.5952104652389516
2009-03-03,16:00:00,923.0,928.9,905.0,909.1,1639,929.7,920.8,BEARISH_LONDON_BREAKOUT,0,1,0.5829941700582943,0.20899791002089727,0.08799912000879491
2009-03-04,16:00:00,912.0,922.4,908.0,909.9,7970,915.3,910.1,BEARISH_LONDON_BREAKOUT,0,1,-0.5165402791515475,0.03297065611606421,1.5606110561600226
2009-03-05,16:00:00,913.1,926.6,907.1,924.1,8518,913.8,910.1,BULLISH_LONDON_BREAKOUT,1,0,1.1470620062763794,1.1687046856400773,1.4608808570501028
2009-03-09,16:00:00,939.1,939.9,912.4,913.6,8521,939.1,932.3,BEARISH_LONDON_BREAKOUT,0,1,0.8537653239929898,0.021891418563915476,-1.9702276707530646
2009-03-10,16:00:00,911.9,913.0,892.5,895.6,7625,917.4,909.1,BEARISH_LONDON_BREAKOUT,0,1,0.2009825815095974,0.1004912907547987,1.853506029477448
2009-03-11,16:00:00,898.5,912.3,893.4,912.2,8942,903.7,896.0,BULLISH_LONDON_BREAKOUT,1,0,-0.4056128042096081,0.10962508221881166,0.8331506248629587
2009-03-12,12:00:00,912.7,917.3,907.4,908.7,5394,915.8,909.7,BEARISH_LONDON_BREAKOUT,0,1,1.2215252558600098,1.4526246285902862,2.7291735446241834
2009-03-12,16:00:00,908.6,930.5,906.8,919.8,9428,915.8,909.7,BULLISH_LONDON_BREAKOUT,1,1,0.7066753642096109,0.4348771472059144,1.1524244400956756
2009-03-13,12:00:00,920.9,938.3,919.3,933.5,6033,925.0,920.4,BULLISH_LONDON_BREAKOUT,1,0,-0.3320835565077689,-0.6748794858061011,-0.96411355115158
2009-03-16,16:00:00,924.6,924.6,915.3,920.0,6902,929.4,924.4,BEARISH_LONDON_BREAKOUT,0,1,0.24999999999999506,-0.021739130434787552,-0.5978260869565217
2009-03-17,12:00:00,920.1,923.5,912.0,913.9,5419,921.0,917.6,BEARISH_LONDON_BREAKOUT,0,1,0.06565269723164709,-0.09847904584746442,-0.8644271802166514
2009-03-18,12:00:00,911.0,912.8,904.0,906.0,5048,912.0,908.5,BEARISH_LONDON_BREAKOUT,0,1,-1.9646799116997742,2.792494481236198,4.514348785871962
2009-03-18,20:00:00,888.1,948.6,887.2,941.3,6858,912.0,908.5,BULLISH_LONDON_BREAKOUT,1,2,-1.0623605651758208,-1.0092425369170297,1.9016254116647289
2009-03-19,12:00:00,931.7,952.0,927.7,946.9,7560,935.0,927.9,BULLISH_LONDON_BREAKOUT,1,0,0.8554229591297943,0.48579575456753854,0.44355264547471174
2009-03-20,12:00:00,962.3,963.9,946.2,951.1,7675,966.7,954.6,BEARISH_LONDON_BREAKOUT,0,1,0.45210808537482433,-0.09462727368310138,-0.5677636420986202
2009-03-23,12:00:00,953.8,956.5,945.0,945.7,5688,956.7,950.2,BEARISH_LONDON_BREAKOUT,0,1,0.602728137887272,-0.4229671143068626,-2.749286242994607
2009-03-24,12:00:00,934.2,937.4,916.8,919.7,7078,943.2,931.9,BEARISH_LONDON_BREAKOUT,0,1,0.30444710231596767,0.8807219745569108,0.21746221593998044
2009-03-25,12:00:00,924.8,925.6,916.1,921.7,6470,927.7,923.9,BEARISH_LONDON_BREAKOUT,0,1,1.0958012368449506,1.1934468916133232,2.2566995768688245
2009-03-25,16:00:00,921.5,940.3,918.9,931.8,8830,927.7,923.9,BULLISH_LONDON_BREAKOUT,1,1,0.15024683408457726,0.053659583601631256,0.8907490877870862
2009-03-26,12:00:00,934.7,944.7,933.0,942.5,2649,938.1,931.9,BULLISH_LONDON_BREAKOUT,1,0,-0.2546419098143212,-1.273209549071618,-2.0901856763925775
2009-03-27,12:00:00,933.7,934.1,918.8,922.8,1359,935.6,932.3,BEARISH_LONDON_BREAKOUT,0,1,0.1408755960121444,-0.03250975292587284,-1.018638925010834
2009-03-30,12:00:00,925.9,926.6,908.6,913.4,5616,926.7,921.5,BEARISH_LONDON_BREAKOUT,0,1,0.240858331508654,0.120429165754327,0.9634333260346035
2009-03-31,12:00:00,917.7,924.5,913.7,922.2,6413,921.7,916.5,BULLISH_LONDON_BREAKOUT,1,0,-0.3686835827369433,-0.16265452179570591,0.6397744523964408
2009-04-01,12:00:00,918.7,932.6,918.3,928.1,6348,919.6,916.3,BULLISH_LONDON_BREAKOUT,1,0,-0.33401573106346544,-0.3447904320655151,-1.6593039543152652
2009-04-02,12:00:00,918.6,919.9,908.3,912.7,8074,927.9,918.4,BEARISH_LONDON_BREAKOUT,0,1,-0.8546072093787738,-1.073737263065637,-1.4462583543333016
2009-04-03,12:00:00,903.6,904.1,895.3,899.5,4675,908.6,902.7,BEARISH_LONDON_BREAKOUT,0,1,-0.2556976097832078,-1.456364647026128,-2.4680377987771034
2009-04-06,16:00:00,877.2,879.4,865.1,871.4,8345,881.3,874.7,BEARISH_LONDON_BREAKOUT,0,1,-0.34427358274041775,0.654119807206799,1.204957539591462
2009-04-07,16:00:00,878.0,884.8,875.0,881.9,8385,879.8,875.1,BULLISH_LONDON_BREAKOUT,1,0,-0.1700873114865631,0.5442793967570096,0.8731148656310292
2009-04-08,12:00:00,887.4,889.1,881.7,885.3,5624,888.9,885.9,BEARISH_LONDON_BREAKOUT,0,1,0.48571105839829076,-0.372754998305654,-1.039195752852133
2009-04-08,16:00:00,885.4,890.0,878.1,889.6,7847,888.9,885.9,BULLISH_LONDON_BREAKOUT,1,1,-1.0678956834532374,-0.6857014388489233,-1.0791366906474844
2009-04-09,12:00:00,885.3,886.3,874.7,876.1,5069,886.2,880.1,BEARISH_LONDON_BREAKOUT,0,1,0.44515466270973375,0.25453715329300514,0.8229654149069652
2009-04-13,12:00:00,887.78,896.98,884.88,896.73,5259,888.88,885.93,BULLISH_LONDON_BREAKOUT,1,0,-0.25648745999353967,-0.27321490303659357,-0.5073991056393863
2009-04-14,12:00:00,894.96,896.99,886.93,892.18,9648,898.18,894.18,BEARISH_LONDON_BREAKOUT,0,1,0.07509695352956498,-0.06164675289739229,-0.16588580779662226
2009-04-16,12:00:00,891.33,893.5,886.78,889.31,7010,892.78,890.18,BEARISH_LONDON_BREAKOUT,0,1,-1.2414118811213146,-1.7811561772610136,-1.9082209803105683
2009-04-17,16:00:00,872.18,873.38,864.78,866.69,11894,875.73,869.43,BEARISH_LONDON_BREAKOUT,0,1,0.1799951539766174,0.23653209336671177,2.0895591272542546
2009-04-20,12:00:00,869.63,878.82,869.08,877.68,8249,873.18,867.33,BULLISH_LONDON_BREAKOUT,1,0,0.8112296053231253,1.0504967641965213,1.7170267067724059
2009-04-21,12:00:00,888.11,894.99,884.74,892.75,7368,892.18,885.48,BULLISH_LONDON_BREAKOUT,1,0,-0.9039484738168636,-1.019322318678244,-0.7818538224586971
2009-04-21,16:00:00,892.78,894.28,880.54,884.68,9516,892.18,885.48,BEARISH_LONDON_BREAKOUT,1,1,-0.15598860604964457,-0.12659944838811826,0.5425690645205123
2009-04-22,16:00:00,885.68,890.56,883.08,889.48,8534,887.78,883.08,BULLISH_LONDON_BREAKOUT,1,0,-0.04272159014255469,0.23047173629535847,1.9370868372532286
2009-04-23,16:00:00,893.78,908.66,891.51,906.71,8823,894.78,889.58,BULLISH_LONDON_BREAKOUT,1,0,-0.3209405432828668,0.33638098179130643,0.388216739641118
2009-04-27,12:00:00,911.43,914.28,905.08,906.28,7259,916.18,910.83,BEARISH_LONDON_BREAKOUT,0,1,0.3707463477071119,-0.9191419870238698,-2.03358785364346
2009-04-28,12:00:00,896.71,900.08,884.24,887.85,6549,900.46,894.28,BEARISH_LONDON_BREAKOUT,0,1,0.6003266317508505,0.1745790392521208,1.3155375344934335
2009-04-29,12:00:00,895.43,901.68,893.18,899.53,5696,896.68,892.48,BULLISH_LONDON_BREAKOUT,1,0,-0.11672762442608413,-0.6047602636932554,-1.9399019487954745
2009-04-30,12:00:00,898.76,898.78,880.83,882.08,7773,899.78,894.11,BEARISH_LONDON_BREAKOUT,0,1,0.623526210774533,0.1949936513694805,0.21880101578087588
2009-05-04,12:00:00,893.48,893.58,887.93,889.88,5969,894.61,891.63,BEARISH_LONDON_BREAKOUT,0,1,1.4900885512653381,1.479974828066701,2.7610464332269573
2009-05-04,16:00:00,889.69,907.1,889.18,903.14,8752,894.61,891.63,BULLISH_LONDON_BREAKOUT,1,1,-0.1572292224904178,0.09300883583940826,-0.023252208959855213
2009-05-05,12:00:00,903.08,915.73,900.43,914.45,7738,904.53,901.48,BULLISH_LONDON_BREAKOUT,1,0,-1.2597736344250745,-1.8645087210891869,-0.9021816392366997
2009-05-05,20:00:00,902.85,903.58,894.43,896.68,6020,904.53,901.48,BEARISH_LONDON_BREAKOUT,1,1,0.08029620377392463,0.7661596110095024,1.552393272962492
2009-05-06,12:00:00,903.58,911.67,901.63,906.2,7571,905.58,900.43,BULLISH_LONDON_BREAKOUT,1,0,0.25160008828072966,0.4833370116971966,1.5427058044581663
2009-05-07,12:00:00,912.01,925.28,911.76,920.18,5032,913.48,910.2,BULLISH_LONDON_BREAKOUT,1,0,-0.6520463387598079,-0.7715881675324294,-0.7150774848399147
2009-05-08,16:00:00,913.38,914.74,905.14,911.61,9347,916.33,912.83,BEARISH_LONDON_BREAKOUT,0,1,0.47059597854345214,0.39709963690613365,0.15028356424348183
2009-05-11,12:00:00,913.75,913.98,908.36,910.98,6567,917.36,913.38,BEARISH_LONDON_BREAKOUT,0,1,0.2195437880085183,0.1942962523875367,0.8726865573338528
2009-05-12,16:00:00,918.88,921.48,915.32,921.34,1614,918.93,911.93,BULLISH_LONDON_BREAKOUT,1,0,0.16389172292530343,0.5904443527904943,0.4276380055137019
2009-05-13,12:00:00,926.26,926.43,917.43,919.29,1358,927.98,924.78,BEARISH_LONDON_BREAKOUT,0,1,0.6515898138781026,0.5558637644268962,0.4449085707448174
2009-05-14,16:00:00,923.3,927.68,922.97,925.21,7448,925.03,921.78,BULLISH_LONDON_BREAKOUT,1,0,0.04647593519308589,0.1664486981333928,0.5555495509127643
2009-05-15,12:00:00,924.79,930.32,923.68,927.01,5496,926.98,924.57,BULLISH_LONDON_BREAKOUT,1,0,0.3602981629108674,0.2718417277052008,0.26105435755816647
2009-05-18,16:00:00,929.47,931.68,919.13,921.84,9022,933.13,928.78,BEARISH_LONDON_BREAKOUT,0,1,-0.4404235008244444,0.4621192397813059,0.6964332205154863
2009-05-20,16:00:00,928.25,940.26,927.69,935.23,8957,929.76,926.68,BULLISH_LONDON_BREAKOUT,1,0,0.3229152187162497,0.6608000171080857,1.468088063898722
2009-05-21,12:00:00,940.13,941.18,936.83,937.84,4054,943.49,939.35,BEARISH_LONDON_BREAKOUT,0,1,1.1857033182632437,1.7156444596093063,1.8969120532286918
2009-05-21,16:00:00,937.89,950.97,935.73,948.96,8559,943.49,939.35,BULLISH_LONDON_BREAKOUT,1,1,0.42362164896307347,0.314027988534819,0.8883409205867422
2009-05-22,12:00:00,951.84,959.36,951.23,955.63,5957,952.66,949.87,BULLISH_LONDON_BREAKOUT,1,0,0.18417169825141433,0.08580726850350555,-0.03662505362954519
2009-05-25,16:00:00,955.5,959.4,954.73,958.08,454,956.08,952.33,BULLISH_LONDON_BREAKOUT,1,0,0.038618904475618374,-0.4018453573814319,-0.6210337341349413
2009-05-27,12:00:00,948.91,953.66,947.05,952.71,5691,950.07,946.66,BULLISH_LONDON_BREAKOUT,1,0,0.2718560737265189,-0.6339809595784738,0.2162252941608617
2009-05-28,12:00:00,950.18,956.3,948.39,954.77,6492,951.35,944.94,BULLISH_LONDON_BREAKOUT,1,0,0.6179498727442188,0.6472763073829366,2.203672088565829
2009-05-29,12:00:00,972.58,976.27,970.84,975.81,3426,972.88,961.4,BULLISH_LONDON_BREAKOUT,1,0,-0.05738822106762028,0.2141810393416784,0.48882466873675157
2009-06-01,12:00:00,986.75,988.37,979.31,980.58,6429,987.96,981.69,BEARISH_LONDON_BREAKOUT,0,1,-0.2998225539986594,-0.45585265863060914,0.14787166778844477
2009-06-02,12:00:00,972.04,984.53,971.87,982.03,6706,976.92,969.39,BULLISH_LONDON_BREAKOUT,1,0,-0.11812266427705552,0.23930022504404375,-0.513222610307217
2009-06-03,12:00:00,980.66,982.62,973.48,976.99,8392,989.63,979.4,BEARISH_LONDON_BREAKOUT,0,1,-1.456514396257896,-0.9703272295519932,-0.4882342705657153
2009-06-04,12:00:00,969.08,972.43,960.69,972.22,8138,970.46,965.38,BULLISH_LONDON_BREAKOUT,1,0,0.4484581679043852,0.5297154964925611,-1.0882310588138528
2009-06-05,12:00:00,979.47,983.61,961.32,961.64,10997,981.16,976.51,BEARISH_LONDON_BREAKOUT,0,1,0.18406056320452371,-0.5553013601763688,-1.5327981365167849
2009-06-09,12:00:00,953.53,959.66,948.64,957.91,7727,955.08,948.3,BULLISH_LONDON_BREAKOUT,1,0,-0.18582121493668222,-0.04488939461953106,0.49691515904416816
2009-06-10,16:00:00,962.59,963.51,946.93,952.76,10195,963.08,957.26,BEARISH_LONDON_BREAKOUT,0,1,0.11440446702212854,0.4240312355682401,0.5531298543179795
2009-06-11,12:00:00,956.37,956.72,942.88,945.66,4814,957.56,951.7,BEARISH_LONDON_BREAKOUT,0,1,1.3080811285239944,1.1346572763995537,-0.5911215447412302
2009-06-11,16:00:00,945.28,959.13,943.88,958.03,3310,957.56,951.7,BULLISH_LONDON_BREAKOUT,1,1,-0.47597674394329464,-0.49580910827427116,-1.9164326795611843
2009-06-12,12:00:00,950.63,950.82,936.23,940.07,5811,954.7,949.73,BEARISH_LONDON_BREAKOUT,0,1,-0.042550022870646964,-0.29678640952270335,-0.34359143468039804
2009-06-15,12:00:00,932.1,937.58,931.27,936.84,489,936.5,930.43,BULLISH_LONDON_BREAKOUT,1,0,-0.8987660646428496,-0.6767430938047085,-0.10033730412877914
2009-06-15,16:00:00,937.12,937.58,926.93,928.42,1011,936.5,930.43,BEARISH_LONDON_BREAKOUT,1,1,-0.0667801210658974,0.2757372740785484,0.33605480278322364
2009-06-16,12:00:00,935.73,938.98,933.2,935.9,575,935.43,930.53,BULLISH_LONDON_BREAKOUT,1,0,-0.4658617373651046,-0.43487552088897713,-0.2788759482850746
2009-06-17,20:00:00,935.92,939.92,934.33,938.02,6358,937.93,932.63,BULLISH_LONDON_BREAKOUT,1,0,0.23240442634486083,-0.21001684399053616,-0.5511609560563697
2009-06-18,16:00:00,938.33,941.48,931.48,934.95,8537,940.89,935.52,BEARISH_LONDON_BREAKOUT,0,1,-0.22461094176159396,-0.15829723514626645,-0.22140221402214555
2009-06-19,12:00:00,932.89,937.68,932.77,935.51,5945,934.78,932.38,BULLISH_LONDON_BREAKOUT,1,0,-0.2811300787805577,-0.2287522314031904,-1.7092281215593645
2009-06-22,12:00:00,931.35,931.73,918.48,919.52,7076,933.58,931.32,BEARISH_LONDON_BREAKOUT,0,1,0.12397772751000374,0.028275622063684412,0.32843222550895923
2009-06-23,12:00:00,918.59,924.44,918.26,922.54,6081,920.38,913.8,BULLISH_LONDON_BREAKOUT,1,0,0.3273570793678303,0.12899169683699943,1.8655017668610614
2009-06-24,12:00:00,929.22,940.65,925.31,939.75,6948,930.01,923.27,BULLISH_LONDON_BREAKOUT,1,0,-0.8246874168661877,-0.8161745144985325,-0.4245810055865932
2009-06-25,16:00:00,935.72,939.29,933.86,936.67,8345,936.17,931.69,BULLISH_LONDON_BREAKOUT,1,0,0.2177928192426444,0.623485325675001,0.3416357948904145
2009-06-26,16:00:00,945.75,945.88,936.23,939.87,8788,945.73,940.88,BEARISH_LONDON_BREAKOUT,0,1,-0.08192622383946523,-0.3553682956153545,-0.10533371636503018
2009-06-30,12:00:00,941.17,942.28,938.82,938.82,5284,944.72,939.4,BEARISH_LONDON_BREAKOUT,0,1,-0.9618457212245249,-1.138663428559261,-0.06710551543426806
2009-07-01,12:00:00,931.56,939.23,929.25,938.19,2706,932.09,927.47,BULLISH_LONDON_BREAKOUT,1,0,0.31976465321523356,0.20358349588036195,-1.0403010051269044
2009-07-02,12:00:00,936.96,937.99,926.38,928.43,6273,940.74,935.65,BEARISH_LONDON_BREAKOUT,0,1,0.17017976584126332,0.35759292569176465,0.4663787253751
2009-07-03,16:00:00,932.66,933.94,929.65,930.33,2705,933.53,930.43,BEARISH_LONDON_BREAKOUT,0,1,0.1257618264486751,-0.033321509571878696,-0.7739189319918788
2009-07-07,12:00:00,925.35,931.33,924.63,928.59,6351,926.52,921.08,BULLISH_LONDON_BREAKOUT,1,0,-0.47168287403482645,-0.7452158649134788,-1.080132243508985
2009-07-08,16:00:00,918.65,919.58,904.78,906.63,9106,925.32,918.51,BEARISH_LONDON_BREAKOUT,0,1,0.2691285309332423,0.5250212324763124,1.2221082470247004
2009-07-09,16:00:00,914.56,917.82,909.86,917.71,2922,914.85,911.26,BULLISH_LONDON_BREAKOUT,1,0,-0.6494426343834148,-0.3486940318837155,-0.6254699196914068
2009-07-13,12:00:00,909.38,914.31,908.51,913.13,1952,912.88,908.62,BULLISH_LONDON_BREAKOUT,1,0,0.3230646238761234,0.5399012188844907,1.2802120180040142
2009-07-14,12:00:00,921.28,926.23,920.57,924.82,478,922.65,919.18,BULLISH_LONDON_BREAKOUT,1,0,-0.04325165978245399,0.1416491857874987,1.4510931857009968
2009-07-15,12:00:00,928.68,941.22,928.35,938.24,5584,929.17,925.08,BULLISH_LONDON_BREAKOUT,1,0,0.027711459754432864,0.01705320600272512,0.014921555252385995
2009-07-16,12:00:00,935.96,939.78,934.38,938.38,5707,937.15,934.93,BULLISH_LONDON_BREAKOUT,1,0,-0.17370361687162936,-0.19927960953984575,-0.3644578955220656
2009-07-17,12:00:00,936.07,936.16,931.79,934.96,5670,937.45,935.88,BEARISH_LONDON_BREAKOUT,0,1,0.3722084367245677,0.3829040814580225,2.0054333875246
2009-07-17,16:00:00,934.95,939.62,934.78,938.44,6946,937.45,935.88,BULLISH_LONDON_BREAKOUT,1,1,-0.158774135799839,0.27598994075272987,1.3202762030603965
2009-07-20,12:00:00,947.27,954.23,947.25,953.71,5811,948.03,940.93,BULLISH_LONDON_BREAKOUT,1,0,-0.3019785888792186,-0.5567730232460663,-0.3701334787304407
2009-07-21,12:00:00,948.35,951.2,946.68,950.18,4697,949.96,947.51,BULLISH_LONDON_BREAKOUT,1,0,-0.37150855627354534,-0.28836641478455616,-0.3925571996884701
2009-07-21,16:00:00,950.08,953.6,945.95,946.65,7969,949.96,947.51,BEARISH_LONDON_BREAKOUT,1,1,0.13415729150160904,0.20176411556541152,0.6570538213700974
2009-07-22,16:00:00,946.48,954.41,944.58,952.87,7529,949.58,945.1,BULLISH_LONDON_BREAKOUT,1,0,-0.20989222034485294,0.07136335491724474,0.3830533021293542
2009-07-23,16:00:00,952.7,957.15,948.11,956.52,8243,954.53,951.49,BULLISH_LONDON_BREAKOUT,1,0,-0.8175469409944316,-0.814410571655581,-0.43281896876175996
2009-07-23,20:00:00,956.56,956.78,947.09,948.7,5465,954.53,951.49,BEARISH_LONDON_BREAKOUT,1,1,-0.029514071887855636,0.2424370190787345,0.23400442711077407
2009-07-24,12:00:00,951.03,953.71,949.27,952.81,5265,951.41,947.28,BULLISH_LONDON_BREAKOUT,1,0,-0.04512966908407238,-0.31590768358854243,0.3358487001605825
2009-07-28,12:00:00,954.02,955.53,948.03,951.41,4996,956.48,953.87,BEARISH_LONDON_BREAKOUT,0,1,-1.3548312504598423,-1.2486730221460776,-1.8887756067310535
2009-07-29,16:00:00,933.45,935.18,925.48,928.92,9705,938.43,932.83,BEARISH_LONDON_BREAKOUT,0,1,0.03875468285751342,0.027989493174868763,0.5813202428626891
2009-07-30,12:00:00,930.28,934.32,930.28,933.44,6828,931.43,929.07,BULLISH_LONDON_BREAKOUT,1,0,0.09427494000685586,0.16926636955775703,0.04178093932121897
2009-07-31,12:00:00,934.85,938.98,932.29,933.83,6918,939.61,934.85,BEARISH_LONDON_BREAKOUT,0,1,1.8675776104858421,2.163134617649886,2.699634837175923
2009-07-31,16:00:00,933.81,956.4,932.28,951.27,10767,939.61,934.85,BULLISH_LONDON_BREAKOUT,1,1,0.234423454960213,0.3321874967149146,0.8914398646020603
2009-08-03,12:00:00,954.41,960.74,953.33,959.04,7759,955.63,951.63,BULLISH_LONDON_BREAKOUT,1,0,0.07403236569903617,-0.26901901901901143,-0.21896896896895948
2009-08-04,12:00:00,954.28,957.93,951.21,956.94,6182,955.95,951.0,BULLISH_LONDON_BREAKOUT,1,0,1.1484523585595643,0.8495830459589938,0.8401780675904407
2009-08-05,16:00:00,964.97,966.98,958.76,962.38,11469,966.49,962.58,BEARISH_LONDON_BREAKOUT,0,1,0.06338452586296615,-0.00831272470334389,-0.07481452233005957
2009-08-06,12:00:00,963.13,971.46,959.26,967.61,8994,965.54,962.08,BULLISH_LONDON_BREAKOUT,1,0,-0.6149171670404445,-0.7285993323756542,-0.995235683798224
2009-08-06,16:00:00,967.58,971.13,961.49,961.66,10548,965.54,962.08,BEARISH_LONDON_BREAKOUT,1,1,0.12062475303122537,-0.04679408522762014,-0.5282532287918732
2009-08-07,12:00:00,959.95,965.12,953.09,957.98,7315,962.05,959.36,BEARISH_LONDON_BREAKOUT,0,1,-0.14614083801331731,-0.579344036409953,-1.319442994634542
2009-08-10,12:00:00,954.08,954.88,942.96,945.34,7131,956.59,953.93,BEARISH_LONDON_BREAKOUT,0,1,0.10895550807116727,0.045486280068541475,-0.07193179173631324
2009-08-11,12:00:00,947.37,949.58,944.66,944.66,7847,948.66,945.5,BEARISH_LONDON_BREAKOUT,0,1,0.14079139584612888,0.25405966167721483,-0.16725594393749363
2009-08-12,16:00:00,943.17,951.96,942.93,949.64,9304,946.58,939.88,BULLISH_LONDON_BREAKOUT,1,0,-0.3190682785055361,-0.02421970430900322,0.7476517417126514
2009-08-13,12:00:00,953.27,960.36,953.07,957.51,8230,953.84,949.16,BULLISH_LONDON_BREAKOUT,1,0,-0.08041691470584975,-0.014621257219244328,-0.24542824618019893
2009-08-14,16:00:00,955.18,957.28,943.25,946.6,10443,957.07,954.68,BEARISH_LONDON_BREAKOUT,0,1,0.1531798013944572,-0.35072892457215826,-1.3321360659201367
2009-08-17,12:00:00,937.81,938.48,930.08,932.64,7639,944.14,937.52,BEARISH_LONDON_BREAKOUT,0,1,0.14475038600103177,0.44604563389946483,0.29057299708355167
2009-08-18,12:00:00,938.48,939.24,934.77,935.35,5581,939.68,937.26,BEARISH_LONDON_BREAKOUT,0,1,0.26193403538781546,0.6019137221360983,-0.060939755171866145
2009-08-19,16:00:00,934.76,944.79,934.0,943.53,8902,939.47,931.78,BULLISH_LONDON_BREAKOUT,1,0,-0.21091009294882082,-0.08690767649146676,-0.21408964208874992
2009-08-20,12:00:00,944.64,944.64,937.04,940.22,5573,945.56,942.38,BEARISH_LONDON_BREAKOUT,0,1,0.13720193146284526,-0.11593031418179062,1.4283891004232998
2009-08-21,12:00:00,941.46,957.65,940.81,953.65,6746,942.21,937.69,BULLISH_LONDON_BREAKOUT,1,0,0.08808262989566737,-0.09122843810622394,-0.12373512294866565
2009-08-24,12:00:00,953.42,956.59,951.66,952.47,6407,954.53,952.66,BEARISH_LONDON_BREAKOUT,0,1,-0.15748527512677565,-0.8504204856845908,0.05879450271399051
2009-08-25,12:00:00,947.15,954.2,945.71,953.03,7431,947.58,943.18,BULLISH_LONDON_BREAKOUT,1,0,-0.8614629130247655,-0.8383786449534651,-0.5246424561661228
2009-08-26,16:00:00,948.04,948.16,940.01,944.08,9828,949.8,946.41,BEARISH_LONDON_BREAKOUT,0,1,0.118634014066605,0.09533090416066194,0.19489873739512734
2009-08-27,12:00:00,943.9,950.27,943.15,947.16,6520,946.86,943.79,BULLISH_LONDON_BREAKOUT,1,0,-0.13091769078086166,0.25338907893069573,0.9597111364500224
2009-08-28,12:00:00,950.96,961.39,950.16,956.25,6886,951.38,949.15,BULLISH_LONDON_BREAKOUT,1,0,-0.197647058823528,0.3963398692810419,-0.8501960784313721
2009-08-31,12:00:00,953.89,955.11,944.43,948.12,5641,955.55,952.93,BEARISH_LONDON_BREAKOUT,0,1,0.27422689111083226,0.26157026536725503,0.30375901784584186
2009-09-01,20:00:00,950.45,956.66,950.17,955.78,6432,954.82,950.12,BULLISH_LONDON_BREAKOUT,1,0,-0.26889033041075733,-0.06277595262508347,2.319571449496754
2009-09-02,12:00:00,955.16,966.03,953.55,965.07,7734,955.78,953.46,BULLISH_LONDON_BREAKOUT,1,0,1.2423969245754085,1.024796128778222,1.646512688198782
2009-09-03,16:00:00,980.97,992.61,979.9,989.44,11145,983.34,975.24,BULLISH_LONDON_BREAKOUT,1,0,0.2142626131953318,0.13543014230270842,0.5184750970245791
2009-09-04,16:00:00,990.23,996.32,985.36,994.57,11346,991.08,986.49,BULLISH_LONDON_BREAKOUT,1,0,-0.1206551575052581,-0.22321204138472175,0.013070975396402009
2009-09-08,20:00:00,997.2,999.52,992.43,994.81,6733,1007.4,996.57,BEARISH_LONDON_BREAKOUT,0,1,0.8031684442255315,0.1658608176435793,-0.29854947175841756
2009-09-09,20:00:00,996.27,996.4,987.05,991.84,7845,1002.43,996.08,BEARISH_LONDON_BREAKOUT,0,1,0.12905307307629987,0.03125504113566154,0.4264800774318457
2009-09-10,12:00:00,992.1,992.4,982.57,989.6,8285,996.47,990.95,BEARISH_LONDON_BREAKOUT,0,1,0.6467259498787366,0.49616006467259177,1.28839935327405
2009-09-11,16:00:00,1002.32,1011.57,1001.33,1004.13,10693,1002.73,996.88,BULLISH_LONDON_BREAKOUT,1,0,0.05776144523119924,-0.20316094529592418,-0.4053260036051159
2009-09-15,16:00:00,995.36,1003.81,993.59,1003.44,10594,999.34,995.12,BULLISH_LONDON_BREAKOUT,1,0,0.356772701905438,0.535159052858157,1.28657418480427
2009-09-16,12:00:00,1015.02,1020.33,1014.44,1018.28,9189,1017.74,1008.74,BULLISH_LONDON_BREAKOUT,1,0,-0.18953529481085263,-0.2661350512629064,-0.34568095219389383
2009-09-17,12:00:00,1021.08,1021.21,1013.03,1014.76,7963,1023.87,1018.03,BEARISH_LONDON_BREAKOUT,0,1,-0.4513382474673855,-0.15865820489574023,-0.053214553194840516
2009-09-18,20:00:00,1009.04,1010.12,1005.8,1007.13,5422,1014.36,1007.62,BEARISH_LONDON_BREAKOUT,0,1,-0.3574513717196412,-0.7407186758412555,-0.3763168607826163
2009-09-22,12:00:00,1013.15,1018.23,1012.15,1016.32,9796,1014.57,1005.89,BULLISH_LONDON_BREAKOUT,1,0,-0.17415774559194894,-0.12496064231738975,-0.35913885390429107
2009-09-23,12:00:00,1016.03,1016.36,1011.56,1012.67,9444,1017.76,1013.23,BEARISH_LONDON_BREAKOUT,0,1,-0.12837350765796898,-0.0878864783196882,0.35154591327876394
2009-09-24,12:00:00,1009.57,1018.83,1009.21,1016.23,6605,1014.2,1006.81,BULLISH_LONDON_BREAKOUT,1,0,-1.8430867028133413,-2.1343593477854474,-2.7296970174074775
2009-09-24,16:00:00,1016.17,1016.55,993.03,997.5,11882,1014.2,1006.81,BEARISH_LONDON_BREAKOUT,1,1,-0.3749373433583969,-0.016040100250623374,-0.7749373433583978
2009-09-25,12:00:00,996.41,998.99,985.0,988.49,9498,997.73,994.09,BEARISH_LONDON_BREAKOUT,0,1,0.12949043490576262,0.533136399963579,0.36419184817246736
2009-09-28,12:00:00,989.54,994.68,989.1,992.09,8340,991.79,985.88,BULLISH_LONDON_BREAKOUT,1,0,0.18143515205273256,-0.17941920591882657,-0.3971413883821079
2009-09-29,12:00:00,992.84,993.0,984.99,988.15,8395,993.65,990.75,BEARISH_LONDON_BREAKOUT,0,1,0.6749987350098743,0.4827202347821669,1.3095177857612768
2009-09-29,16:00:00,988.13,995.42,987.38,994.82,7205,993.65,990.75,BULLISH_LONDON_BREAKOUT,1,1,-0.2744215033875493,0.1507810458173338,1.2645503709213655
2009-09-30,16:00:00,1001.17,1008.95,994.32,1007.4,12328,1001.25,995.15,BULLISH_LONDON_BREAKOUT,1,0,-0.0019853087155034554,-0.15783204288267141,-0.5360333531864182
2009-10-01,16:00:00,1006.3,1007.4,997.7,1002.0,947,1009.57,1003.96,BEARISH_LONDON_BREAKOUT,0,1,-0.31936127744511433,-0.2694610778443159,-0.08383233532934449
2009-10-02,12:00:00,997.75,998.6,986.55,991.41,7606,1001.35,997.02,BEARISH_LONDON_BREAKOUT,0,1,0.9834478167458468,1.113565527884536,1.1448341251349112
2009-10-02,20:00:00,1001.15,1003.69,1000.99,1002.37,8554,1001.35,997.02,BULLISH_LONDON_BREAKOUT,1,1,0.007981084828959458,0.2543970789229481,1.4585432524915953
2009-10-05,12:00:00,1004.9,1006.6,1001.64,1002.76,8979,1007.47,1003.4,BEARISH_LONDON_BREAKOUT,0,1,1.2694961905141828,1.2864493996569446,2.6646455782041594
2009-10-05,16:00:00,1002.74,1016.22,1001.82,1015.49,13769,1007.47,1003.4,BULLISH_LONDON_BREAKOUT,1,1,0.147711942018139,0.36632561620498744,2.331879191326361
2009-10-06,12:00:00,1018.69,1030.24,1018.58,1029.48,7534,1021.31,1017.32,BULLISH_LONDON_BREAKOUT,1,0,0.9412518941601639,0.9218246104829633,1.084042429187559
2009-10-08,16:00:00,1052.97,1061.35,1042.82,1058.45,10431,1058.37,1051.91,BULLISH_LONDON_BREAKOUT,1,0,-0.3457886532193379,-0.9683971845623317,-1.0505928480325115
2009-10-12,12:00:00,1051.63,1056.68,1050.85,1053.52,10972,1051.67,1047.68,BULLISH_LONDON_BREAKOUT,1,0,0.25058850330322163,-0.15661781456451618,0.5723669223175614
2009-10-14,12:00:00,1066.36,1066.84,1056.0,1061.81,13272,1070.58,1064.26,BEARISH_LONDON_BREAKOUT,0,1,0.08852807941157595,0.22791271508085936,-1.1659336416119535
2009-10-15,12:00:00,1058.2,1058.47,1046.54,1049.43,13528,1065.56,1055.98,BEARISH_LONDON_BREAKOUT,0,1,0.1724745814394429,0.3039745385590108,-0.3678187206388351
2009-10-16,16:00:00,1045.59,1056.73,1045.36,1052.02,14480,1051.57,1045.16,BULLISH_LONDON_BREAKOUT,1,0,0.10741240660824976,0.0038022090834740423,0.4210946559951393
2009-10-19,20:00:00,1056.46,1064.49,1056.0,1063.87,8529,1056.53,1050.38,BULLISH_LONDON_BREAKOUT,1,0,0.062037654976649585,-0.16355381766567173,-0.843148129000705
2009-10-20,16:00:00,1064.79,1064.79,1052.06,1056.4,14653,1067.75,1061.71,BEARISH_LONDON_BREAKOUT,0,1,-0.1419916698220371,-0.07478227943962427,0.515903067020051
2009-10-21,12:00:00,1057.57,1057.79,1048.57,1049.63,13328,1059.66,1055.06,BEARISH_LONDON_BREAKOUT,0,1,1.164219772681783,0.9917780551241727,0.4077627354401048
2009-10-21,16:00:00,1049.64,1062.69,1047.66,1061.85,14698,1059.66,1055.06,BULLISH_LONDON_BREAKOUT,1,1,-0.2975938221029199,-0.36540000941751494,-0.42190516551302143
2009-10-22,20:00:00,1057.36,1061.32,1056.25,1059.72,9792,1059.22,1053.09,BULLISH_LONDON_BREAKOUT,1,0,0.07360434831842115,-0.0707734118446382,-0.43879515343676545
2009-10-23,20:00:00,1057.53,1060.31,1052.93,1055.07,13323,1064.24,1057.0,BEARISH_LONDON_BREAKOUT,0,1,-0.11373652932981182,-0.008530239699727805,-1.572407517984581
2009-10-26,16:00:00,1054.78,1059.54,1041.0,1044.99,15512,1057.11,1052.75,BEARISH_LONDON_BREAKOUT,0,1,-0.6229724686360626,-0.2631604130183064,-0.7636436712313054
2009-10-27,16:00:00,1040.25,1042.79,1032.32,1037.01,16527,1043.37,1039.34,BEARISH_LONDON_BREAKOUT,0,1,0.26132824177202113,0.16682577795778422,-0.8948804736694895
2009-10-28,12:00:00,1035.95,1037.19,1030.36,1035.53,11134,1040.92,1035.63,BEARISH_LONDON_BREAKOUT,0,1,-0.7532374725985683,-0.44904541635682826,0.2095545276331997
2009-10-29,12:00:00,1033.9,1037.9,1032.19,1037.7,11218,1034.16,1030.45,BULLISH_LONDON_BREAKOUT,1,0,0.8383925990170613,0.7381709549966131,0.27753686036425573
2009-10-30,12:00:00,1044.44,1046.53,1040.58,1040.58,9180,1048.75,1043.36,BEARISH_LONDON_BREAKOUT,0,1,-0.35172692152452045,0.3565319341136709,1.2617963059063322
2009-11-02,12:00:00,1050.98,1056.87,1050.92,1053.71,12131,1053.36,1044.32,BULLISH_LONDON_BREAKOUT,1,0,0.6643194047698132,0.4972905258562611,3.3975192415370405
2009-11-05,12:00:00,1087.1,1094.01,1086.79,1090.59,11572,1088.68,1083.81,BULLISH_LONDON_BREAKOUT,1,0,-0.06510237577823096,-0.14395877460823375,0.23748613136010285
2009-11-06,20:00:00,1094.18,1097.15,1093.03,1094.72,10752,1094.5,1090.54,BULLISH_LONDON_BREAKOUT,1,0,0.43664133294358126,1.0112174802689213,0.7645790704472277
2009-11-09,12:00:00,1105.77,1110.97,1104.41,1109.32,9374,1108.27,1102.91,BULLISH_LONDON_BREAKOUT,1,0,-0.2181516604766745,-0.5219413694876108,-0.9465257995889373
2009-11-10,20:00:00,1100.61,1105.16,1098.27,1105.12,9044,1102.21,1096.83,BULLISH_LONDON_BREAKOUT,1,0,0.133922108006372,0.8053424062545327,1.1048573910525588
2009-11-11,12:00:00,1114.0,1117.74,1114.0,1116.03,9753,1115.83,1107.18,BULLISH_LONDON_BREAKOUT,1,0,-0.3162997410463852,0.32436404039319,-0.30823544169960077
2009-11-12,12:00:00,1116.98,1117.68,1111.66,1112.59,10379,1122.7,1116.53,BEARISH_LONDON_BREAKOUT,0,1,-0.3721047286062137,-0.9257678030541309,-0.5662463261399038
2009-11-13,16:00:00,1106.2,1116.3,1102.95,1114.04,15152,1109.61,1104.53,BULLISH_LONDON_BREAKOUT,1,0,0.3814943808121791,1.338372051272852,1.8033463789451138
2009-11-16,16:00:00,1128.38,1136.42,1125.01,1134.13,14447,1133.0,1127.83,BULLISH_LONDON_BREAKOUT,1,0,0.35798365266767873,0.20720728664261673,0.17546489379522467
2009-11-17,12:00:00,1132.36,1135.32,1127.69,1131.31,10718,1138.32,1131.54,BEARISH_LONDON_BREAKOUT,0,1,0.4251708196692282,0.8388505361041634,1.4478790075222627
2009-11-17,20:00:00,1136.13,1141.73,1135.59,1141.15,12065,1138.32,1131.54,BULLISH_LONDON_BREAKOUT,1,1,-0.03067081452921495,0.35753406651184566,0.2935635104937921
2009-11-18,12:00:00,1145.2,1149.12,1144.03,1147.69,8697,1147.0,1137.17,BULLISH_LONDON_BREAKOUT,1,0,0.10281522013782783,-0.4757382219937471,-0.9697740679103337
2009-11-19,12:00:00,1138.06,1139.18,1132.81,1136.56,10214,1145.77,1137.04,BEARISH_LONDON_BREAKOUT,0,1,0.09150418807629722,0.5279087773632717,0.0589498134722384
2009-11-20,12:00:00,1144.33,1145.32,1132.7,1137.23,10971,1146.99,1142.97,BEARISH_LONDON_BREAKOUT,0,1,0.6313586521635961,1.981129586803019,2.4436569559367904
2009-11-20,20:00:00,1144.39,1150.85,1142.75,1150.2,11537,1146.99,1142.97,BULLISH_LONDON_BREAKOUT,1,1,0.8311597982959438,1.300643366371069,1.2893409841766585
2009-11-24,12:00:00,1165.02,1171.19,1165.02,1169.41,9616,1168.5,1161.81,BULLISH_LONDON_BREAKOUT,1,0,-0.2197689433133087,-0.2223343395387534,0.9440658109645003
2009-11-25,12:00:00,1176.5,1182.17,1174.8,1180.45,4637,1179.86,1174.89,BULLISH_LONDON_BREAKOUT,1,0,0.3973061120759079,0.7378542081409663,0.34054809606505837
2009-11-30,20:00:00,1172.23,1181.78,1171.52,1179.13,6906,1177.17,1163.75,BULLISH_LONDON_BREAKOUT,1,0,0.04070797961206913,1.290782186866571,1.5223088209103166
2009-12-01,16:00:00,1191.57,1201.32,1190.24,1198.41,8214,1194.48,1175.23,BULLISH_LONDON_BREAKOUT,1,0,-0.11098038233994664,1.0338698775877933,1.0121744644987842
2009-12-03,16:00:00,1219.05,1221.3,1204.28,1210.54,10059,1221.93,1212.03,BEARISH_LONDON_BREAKOUT,0,1,0.00908685380079364,-0.5914715746691439,-3.191963916929624
2009-12-04,16:00:00,1205.27,1210.4,1166.85,1171.9,11237,1212.24,1201.52,BEARISH_LONDON_BREAKOUT,0,1,-0.9454731632391973,-1.3832238245584125,-2.257018516938309
2009-12-08,12:00:00,1159.0,1164.56,1150.67,1153.63,6686,1164.62,1155.0,BEARISH_LONDON_BREAKOUT,0,1,-0.2513804252663411,-2.027513154130882,-1.2040255541204805
2009-12-09,12:00:00,1135.85,1144.47,1134.23,1139.74,5983,1138.16,1125.5,BULLISH_LONDON_BREAKOUT,1,0,0.09475845368241241,-0.5211714952533082,-1.4547177426430526
2009-12-10,12:00:00,1126.97,1128.2,1120.9,1123.16,7235,1131.33,1124.88,BEARISH_LONDON_BREAKOUT,0,1,0.24306421168845205,1.061291356529777,1.5509811602977175
2009-12-11,12:00:00,1137.6,1142.13,1137.09,1140.58,5647,1138.53,1134.42,BULLISH_LONDON_BREAKOUT,1,0,-2.475056550176228,-1.9919689982289737,-1.728068175840365
2009-12-11,16:00:00,1140.55,1140.9,1109.36,1112.35,12792,1138.53,1134.42,BEARISH_LONDON_BREAKOUT,1,1,0.2427293567672087,1.0518272126578905,0.8405627725086651
2009-12-14,12:00:00,1123.64,1124.48,1115.4,1120.87,4439,1127.33,1121.63,BEARISH_LONDON_BREAKOUT,0,1,0.07404962216850791,0.4889059391365652,-0.634328691106007
2009-12-15,12:00:00,1118.68,1119.91,1112.02,1113.76,6696,1126.98,1117.11,BEARISH_LONDON_BREAKOUT,0,1,0.38069242924867197,0.7613848584973439,1.6152492457980183
2009-12-16,12:00:00,1126.37,1134.81,1125.88,1131.75,6849,1127.71,1122.18,BULLISH_LONDON_BREAKOUT,1,0,0.32869449966865716,0.8447095206538499,-1.0912303954053377
2009-12-17,12:00:00,1128.78,1129.34,1118.52,1119.4,7124,1132.93,1125.04,BEARISH_LONDON_BREAKOUT,0,1,-1.5570841522244114,-1.3310702161872512,-1.3516169376451768
2009-12-18,20:00:00,1107.0,1116.4,1106.3,1112.98,2840,1109.49,1104.09,BULLISH_LONDON_BREAKOUT,1,0,0.1302808675807333,-0.11141260400007269,-1.965893367356117
2009-12-21,12:00:00,1111.65,1116.15,1111.3,1115.6,898,1115.4,1111.1,BULLISH_LONDON_BREAKOUT,1,0,-1.2961634994621558,-1.8151667264252422,-2.5609537468626695
2009-12-21,16:00:00,1115.5,1117.9,1098.62,1101.14,4609,1115.4,1111.1,BEARISH_LONDON_BREAKOUT,1,1,-0.9117823346713578,-0.6938263980965271,-1.8044935248923948
2009-12-22,12:00:00,1095.95,1096.96,1086.14,1087.03,5001,1096.75,1092.74,BEARISH_LONDON_BREAKOUT,0,1,-0.5298841798294427,-0.20146638087265803,-0.010119315934233642
2009-12-23,16:00:00,1086.91,1094.58,1082.81,1094.05,14371,1087.05,1084.0,BULLISH_LONDON_BREAKOUT,1,0,-0.5941227549015128,0.1654403363648778,0.8911841323522691
2009-12-24,20:00:00,1103.9,1105.15,1102.68,1105.15,203,1104.98,1095.64,BULLISH_LONDON_BREAKOUT,1,0,0.1058679817219242,0.6153010903497221,0.20992625435460674
2009-12-28,16:00:00,1112.0,1112.58,1101.2,1103.1,7943,1113.4,1109.68,BEARISH_LONDON_BREAKOUT,0,1,0.3961562868280409,0.127821593690516,-0.3780255643187241
2009-12-29,12:00:00,1105.88,1108.09,1102.53,1107.76,9973,1107.01,1102.75,BULLISH_LONDON_BREAKOUT,1,0,-0.7971040658626352,-1.3143641221925277,-1.3992200476637537
2009-12-29,16:00:00,1107.78,1107.78,1096.52,1098.93,12870,1107.01,1102.75,BEARISH_LONDON_BREAKOUT,1,1,-0.202014687013734,-0.4613578662881315,-0.4640877944910172
2009-12-31,16:00:00,1103.74,1105.72,1094.2,1096.4,12477,1103.84,1096.9,BEARISH_LONDON_BREAKOUT,0,1,0.10124042320320138,0.4742794600510596,2.052170740605618
2010-01-04,12:00:00,1109.9,1119.1,1109.5,1114.9,3511,1111.2,1100.35,BULLISH_LONDON_BREAKOUT,1,0,0.35877657188985557,0.5650731007265184,1.0583908870750698
2010-01-05,20:00:00,1123.85,1124.55,1115.4,1119.65,3167,1127.95,1121.65,BEARISH_LONDON_BREAKOUT,0,1,-0.07145089983478603,0.4912249363640423,1.647836377439362
2010-01-06,16:00:00,1122.7,1138.25,1121.8,1135.75,6124,1126.35,1118.45,BULLISH_LONDON_BREAKOUT,1,0,0.20691173233545315,-0.20250935505172393,-0.4534448602245293
2010-01-07,12:00:00,1130.45,1134.15,1128.6,1129.35,3400,1134.6,1131.05,BEARISH_LONDON_BREAKOUT,0,1,0.1106831363173507,-0.28334882897240166,-0.6198255633771639
2010-01-08,16:00:00,1122.15,1139.7,1119.8,1131.3,7111,1126.2,1119.9,BULLISH_LONDON_BREAKOUT,1,0,0.6143374878458451,1.8721824449748137,1.9428975514894384
2010-01-11,20:00:00,1153.28,1155.06,1148.76,1151.66,12810,1157.31,1151.83,BEARISH_LONDON_BREAKOUT,0,1,0.11114391400239415,0.15108625809700857,-2.0961047531389556
2010-01-12,12:00:00,1153.38,1155.14,1145.72,1148.01,14496,1158.03,1151.6,BEARISH_LONDON_BREAKOUT,0,1,-0.0940758355763388,-1.5809966812135863,-1.2055644114598234
2010-01-13,12:00:00,1132.33,1137.03,1130.34,1134.17,13064,1132.99,1126.34,BULLISH_LONDON_BREAKOUT,1,0,-0.6189548304046114,0.7988220460777437,0.14724424028142566
2010-01-14,12:00:00,1139.57,1140.15,1132.95,1135.84,14846,1143.62,1138.19,BEARISH_LONDON_BREAKOUT,0,1,-0.04754190731088566,0.6180447950415535,-0.05546555852935993
2010-01-15,16:00:00,1135.19,1137.06,1126.71,1130.48,17328,1139.41,1133.43,BEARISH_LONDON_BREAKOUT,0,1,0.03715236005945021,0.32641002052226087,0.3122567404996084
2010-01-18,20:00:00,1134.03,1135.03,1133.11,1133.21,2756,1136.73,1133.54,BEARISH_LONDON_BREAKOUT,0,1,0.39621958860228984,0.4094563231881004,0.4518138738627342
2010-01-19,12:00:00,1137.84,1138.88,1128.82,1129.06,15324,1140.57,1135.65,BEARISH_LONDON_BREAKOUT,0,1,0.3959045577737257,1.0672594901953798,0.04605601119515188
2010-01-20,16:00:00,1129.56,1130.95,1107.03,1109.86,20609,1134.29,1127.49,BEARISH_LONDON_BREAKOUT,0,1,0.1477663849494621,0.3306723370515266,-1.1776260068837454
2010-01-21,12:00:00,1111.22,1111.31,1100.71,1104.06,15530,1117.43,1111.17,BEARISH_LONDON_BREAKOUT,0,1,-0.6584787058674331,-0.9872651848631292,-1.0416100574244154
2010-01-25,12:00:00,1100.03,1103.89,1097.25,1097.6,13400,1103.19,1098.2,BEARISH_LONDON_BREAKOUT,0,1,-0.2551020408163224,0.436406705539376,-0.5521137026239018
2010-01-26,12:00:00,1092.64,1094.37,1089.18,1091.54,14406,1097.87,1091.85,BEARISH_LONDON_BREAKOUT,0,1,0.7393224251974218,0.7548967513787869,0.4608168276013681
2010-01-26,16:00:00,1091.52,1101.91,1085.52,1099.61,19661,1097.87,1091.85,BULLISH_LONDON_BREAKOUT,1,1,-0.1873391475159325,-0.0263729867862209,-0.5429197624612181
2010-01-27,20:00:00,1093.6,1094.69,1083.39,1086.89,16793,1099.46,1091.53,BEARISH_LONDON_BREAKOUT,0,1,-0.02392146399359557,0.5170716447846507,-0.05152315321699277
2010-01-28,16:00:00,1091.76,1095.96,1081.88,1084.98,19748,1093.11,1087.57,BEARISH_LONDON_BREAKOUT,0,1,0.12442625670518433,-0.23226234584969138,-0.8967907242529833
2010-01-29,16:00:00,1084.35,1090.04,1074.64,1075.25,20964,1085.9,1079.42,BEARISH_LONDON_BREAKOUT,0,1,0.5040688212043778,0.38502673796792375,1.849802371541511
2010-02-01,12:00:00,1082.55,1087.64,1079.77,1086.76,13260,1084.06,1077.96,BULLISH_LONDON_BREAKOUT,1,0,0.7710994147742012,1.5587618241378092,2.2718907578490244
2010-02-02,12:00:00,1103.84,1116.22,1103.26,1111.45,16076,1106.8,1101.74,BULLISH_LONDON_BREAKOUT,1,0,0.29870889378738913,0.2024382563318188,0.5308380943812014
2010-02-03,16:00:00,1117.34,1118.13,1110.01,1110.1,20546,1123.43,1112.3,BEARISH_LONDON_BREAKOUT,0,1,-0.06936312043959841,-0.11260246824610397,-3.99513557337176
2010-02-04,12:00:00,1106.63,1106.65,1101.45,1103.61,14244,1110.47,1104.61,BEARISH_LONDON_BREAKOUT,0,1,-3.4305597085927007,-3.4341841773814905,-4.574985728654146
2010-02-08,20:00:00,1067.6,1070.06,1062.34,1062.34,14799,1072.97,1065.08,BEARISH_LONDON_BREAKOUT,0,1,0.09130786753770237,0.5412579776719318,1.31408023796525
2010-02-09,12:00:00,1068.14,1078.82,1066.22,1078.62,14848,1073.18,1067.33,BULLISH_LONDON_BREAKOUT,1,0,0.16502568096273018,-0.13072258997606706,-0.11867015260239684
2010-02-10,16:00:00,1077.33,1078.89,1063.28,1069.69,21007,1080.24,1074.0,BEARISH_LONDON_BREAKOUT,0,1,0.27578083369948725,0.7824696874795398,2.224008824986675
2010-02-11,16:00:00,1079.08,1094.77,1074.68,1093.48,21701,1081.29,1077.46,BULLISH_LONDON_BREAKOUT,1,0,0.015546694955561395,-0.3639755642535774,-0.49749423857775676
2010-02-12,12:00:00,1088.5,1089.52,1077.79,1086.4,15723,1091.7,1086.58,BEARISH_LONDON_BREAKOUT,0,1,0.15095729013253614,0.7557069219440178,1.2665684830633275
2010-02-12,20:00:00,1088.01,1093.21,1087.06,1093.05,17554,1091.7,1086.58,BULLISH_LONDON_BREAKOUT,1,1,0.14271991217235674,0.07593431224556559,0.7007913636155786
2010-02-15,12:00:00,1093.87,1102.13,1093.63,1100.16,13626,1096.61,1091.45,BULLISH_LONDON_BREAKOUT,1,0,-0.05181064572427317,0.4135762070971454,1.049847294938914
2010-02-16,16:00:00,1111.75,1120.93,1111.64,1117.34,19172,1116.73,1107.0,BULLISH_LONDON_BREAKOUT,1,0,0.10023806540534826,0.15751695992267267,-0.2631249216889959
2010-02-17,12:00:00,1123.45,1126.83,1115.73,1124.65,14626,1123.93,1116.02,BULLISH_LONDON_BREAKOUT,1,0,-0.9113946561152358,-2.2735962299382173,-1.5489263326368268
2010-02-17,16:00:00,1124.62,1125.74,1112.21,1114.4,19584,1123.93,1116.02,BEARISH_LONDON_BREAKOUT,1,1,0.06281407035174247,-1.014895908112004,0.1669059583632358
2010-02-18,12:00:00,1102.76,1108.93,1100.14,1107.23,14842,1105.12,1097.78,BULLISH_LONDON_BREAKOUT,1,0,0.8155487116497903,-0.07676815115196563,0.37390605384607284
2010-02-19,16:00:00,1111.3,1119.49,1107.83,1119.2,18806,1112.59,1101.03,BULLISH_LONDON_BREAKOUT,1,0,-0.018763402430310612,0.5477126518941996,-0.5602215868477468
2010-02-22,16:00:00,1123.23,1125.06,1109.97,1112.93,13172,1127.9,1120.77,BEARISH_LONDON_BREAKOUT,0,1,0.026955873235509378,0.18779258354073644,-0.7987923768790579
2010-02-23,12:00:00,1118.95,1118.95,1106.13,1112.47,9916,1120.93,1114.3,BEARISH_LONDON_BREAKOUT,0,1,-0.7577732433234212,-0.7029403040081922,-1.729484840040631
2010-02-24,12:00:00,1101.6,1101.82,1089.65,1093.23,8795,1106.68,1099.22,BEARISH_LONDON_BREAKOUT,0,1,0.5442587561629342,0.4344922843317509,-0.09696038345086994
2010-02-25,16:00:00,1092.18,1102.37,1088.28,1098.52,14976,1094.23,1088.58,BULLISH_LONDON_BREAKOUT,1,0,0.6335797254487889,0.8384007573826636,1.5138550049157147
2010-02-26,16:00:00,1108.47,1117.75,1106.45,1115.15,14579,1113.07,1107.0,BULLISH_LONDON_BREAKOUT,1,0,0.1927991749988668,0.1318208312782854,0.39187553243957235
2010-03-01,12:00:00,1120.93,1122.68,1112.07,1112.07,9362,1123.28,1116.2,BEARISH_LONDON_BREAKOUT,0,1,0.6699218574370359,0.47928637585764877,1.075471867778111
2010-03-02,12:00:00,1116.88,1124.05,1114.95,1124.03,9815,1119.95,1115.1,BULLISH_LONDON_BREAKOUT,1,0,0.8531800752648878,0.8487317954147099,1.3006770281932083
2010-03-03,12:00:00,1134.5,1142.12,1134.35,1138.65,10207,1135.12,1132.39,BULLISH_LONDON_BREAKOUT,1,0,0.4944451763052634,-0.1255873183155547,0.03952048478459738
2010-03-04,12:00:00,1136.83,1141.33,1136.12,1139.1,8449,1137.1,1132.62,BULLISH_LONDON_BREAKOUT,1,0,-0.6979194100605582,-0.6847511193047103,-0.5337547186375146
2010-03-04,16:00:00,1139.08,1139.27,1125.72,1131.15,14796,1137.1,1132.62,BEARISH_LONDON_BREAKOUT,1,1,0.06011581134242463,0.24311541351721694,0.495071387525961
2010-03-05,16:00:00,1133.0,1140.32,1127.35,1136.75,14198,1135.28,1131.85,BULLISH_LONDON_BREAKOUT,1,0,-0.19353419837255734,-0.1776995821420701,-1.3916868264789914
2010-03-08,16:00:00,1135.98,1136.2,1118.55,1120.93,9521,1137.5,1134.3,BEARISH_LONDON_BREAKOUT,0,1,0.08653528766292519,0.030331956500398605,0.2587137466210971
2010-03-09,12:00:00,1121.58,1122.1,1114.92,1117.2,6517,1123.98,1119.72,BEARISH_LONDON_BREAKOUT,0,1,0.59344790547797,0.3204439670605019,0.7438238453275998
2010-03-10,16:00:00,1125.52,1127.52,1110.32,1112.05,10346,1126.88,1121.95,BEARISH_LONDON_BREAKOUT,0,1,-0.4199451463513192,-0.3408120138482949,-0.531450923969233
2010-03-12,12:00:00,1114.39,1119.1,1114.39,1117.28,9559,1115.02,1111.35,BULLISH_LONDON_BREAKOUT,1,0,-1.423993985393105,-1.2691536588858714,-1.0301804382070736
2010-03-12,16:00:00,1117.23,1117.73,1101.29,1101.37,16275,1115.02,1111.35,BEARISH_LONDON_BREAKOUT,1,1,0.01089552103290613,0.2932711078021027,0.283283546855291
2010-03-15,20:00:00,1104.46,1108.71,1103.93,1108.11,9282,1106.58,1103.98,BULLISH_LONDON_BREAKOUT,1,0,0.07399987365876708,0.3429262437844783,1.7353872810461073
2010-03-16,12:00:00,1111.9,1118.65,1111.67,1118.21,9629,1113.49,1110.19,BULLISH_LONDON_BREAKOUT,1,0,0.44535462927357283,0.8245320646390237,0.6483576430187532
2010-03-17,12:00:00,1129.25,1132.97,1124.07,1125.46,10528,1132.76,1126.5,BEARISH_LONDON_BREAKOUT,0,1,-0.09418371154905064,-0.32786593926039614,-0.16704280916248548
2010-03-18,12:00:00,1121.78,1127.35,1120.99,1123.58,11440,1123.56,1118.23,BULLISH_LONDON_BREAKOUT,1,0,0.17889246871606748,0.04272058954413733,0.10502144929600596
2010-03-19,12:00:00,1122.16,1124.76,1120.67,1124.76,11116,1124.33,1121.34,BULLISH_LONDON_BREAKOUT,1,0,-1.8839574664817431,-1.6519079625875677,-2.2102492976279295
2010-03-19,16:00:00,1124.75,1126.82,1101.38,1103.57,18236,1124.33,1121.34,BEARISH_LONDON_BREAKOUT,1,1,0.2781880623793836,0.4313274191940693,-0.22834981016156491
2010-03-22,12:00:00,1107.23,1107.47,1099.02,1099.9,6394,1108.65,1105.41,BEARISH_LONDON_BREAKOUT,0,1,0.10455495954176412,0.41276479679970574,-0.2191108282571217
2010-03-23,12:00:00,1102.85,1103.46,1094.39,1097.49,13408,1105.8,1101.15,BEARISH_LONDON_BREAKOUT,0,1,0.5448796799970859,0.45740735678684835,-0.6587759341770785
2010-03-24,12:00:00,1097.33,1097.93,1088.61,1090.26,15092,1103.74,1095.61,BEARISH_LONDON_BREAKOUT,0,1,0.23113752682846128,-0.2467301377653087,0.28525305890337166
2010-03-25,12:00:00,1091.96,1095.65,1091.82,1093.37,14884,1092.84,1086.54,BULLISH_LONDON_BREAKOUT,1,0,-0.14267814189157793,-0.2945023185197875,0.4042547353594916
2010-03-26,16:00:00,1097.75,1106.23,1091.06,1101.3,19062,1098.55,1094.17,BULLISH_LONDON_BREAKOUT,1,0,0.5266503223463139,0.42041224007991546,0.9652229183692099
2010-03-30,16:00:00,1110.45,1110.5,1101.56,1102.81,16595,1113.22,1109.39,BEARISH_LONDON_BREAKOUT,0,1,-0.009974519636192995,0.2829136478631966,1.0391635911897823
2010-03-31,12:00:00,1108.66,1114.03,1107.89,1112.42,12449,1109.6,1105.81,BULLISH_LONDON_BREAKOUT,1,0,0.16630409377752187,0.17349562215708422,1.0328832635155794
2010-04-01,12:00:00,1116.12,1124.29,1113.31,1123.91,13575,1118.04,1111.5,BULLISH_LONDON_BREAKOUT,1,0,0.13791139859952792,0.04804655177015629,-0.29628706924933085
2010-04-05,16:00:00,1125.49,1132.31,1125.13,1131.79,15057,1126.72,1123.65,BULLISH_LONDON_BREAKOUT,1,0,-0.018554678871525315,-0.3710935774304461,0.3640251283365393
2010-04-06,16:00:00,1128.3,1138.43,1127.38,1135.91,16238,1129.5,1122.64,BULLISH_LONDON_BREAKOUT,1,0,-0.16990782720462566,0.15934360996909486,1.4305710839767234
2010-04-07,16:00:00,1136.3,1152.84,1136.14,1152.16,15889,1138.16,1132.3,BULLISH_LONDON_BREAKOUT,1,0,-0.2707957228162858,-0.5572142757950348,-0.050340230523551806
2010-04-08,12:00:00,1145.48,1151.66,1143.63,1151.3,11333,1147.77,1143.46,BULLISH_LONDON_BREAKOUT,1,0,0.02432033353600041,-0.07643533397028418,0.35525058629376755
2010-04-09,16:00:00,1155.38,1164.37,1151.51,1161.03,17918,1156.88,1151.13,BULLISH_LONDON_BREAKOUT,1,0,0.04392651352678147,0.39964514267504714,0.19809996296391605
2010-04-12,12:00:00,1163.61,1165.79,1158.29,1158.63,12979,1167.37,1162.91,BEARISH_LONDON_BREAKOUT,0,1,0.4056515022051749,-0.3599078221692924,-0.24856943113850918
2010-04-13,12:00:00,1148.53,1156.9,1147.81,1155.75,11814,1155.03,1147.74,BULLISH_LONDON_BREAKOUT,1,0,-0.3158122431321731,-0.2941812675751755,0.329656067488639
2010-04-15,12:00:00,1153.49,1154.35,1150.12,1151.73,11210,1156.73,1152.75,BEARISH_LONDON_BREAKOUT,0,1,0.7423614909744432,0.47754247957420576,-0.0573050975489118
2010-04-15,16:00:00,1151.69,1161.05,1151.3,1160.28,15749,1156.73,1152.75,BULLISH_LONDON_BREAKOUT,1,1,-0.12841727858792784,-0.5283207501637434,-2.168442100182722
2010-04-16,12:00:00,1156.06,1157.37,1150.2,1151.07,10281,1156.16,1151.85,BEARISH_LONDON_BREAKOUT,0,1,-1.3856672487337909,-1.3118229125943608,-1.517718296888984
2010-04-21,12:00:00,1143.56,1145.28,1137.65,1138.7,11519,1145.72,1141.71,BEARISH_LONDON_BREAKOUT,0,1,0.9440590146658471,0.06586458241854747,-0.1440238868885659
2010-04-21,16:00:00,1138.73,1150.23,1138.23,1149.45,14777,1145.72,1141.71,BULLISH_LONDON_BREAKOUT,1,1,-0.26534429509765145,-0.8290921745182454,0.3445125929792541
2010-04-23,12:00:00,1140.16,1143.32,1135.16,1137.06,12715,1142.66,1138.04,BEARISH_LONDON_BREAKOUT,0,1,1.4379188433328176,1.8037746468963813,1.6762527922888806
2010-04-23,16:00:00,1137.04,1156.71,1134.82,1153.41,17755,1142.66,1138.04,BULLISH_LONDON_BREAKOUT,1,1,0.3433297786563155,0.4456351167407836,0.023408848544748336
2010-04-26,16:00:00,1156.1,1156.26,1150.74,1153.68,14386,1158.85,1154.15,BEARISH_LONDON_BREAKOUT,0,1,-0.026870536023869077,0.08407877401012648,0.6258234519104108
2010-04-27,12:00:00,1153.98,1154.23,1147.91,1149.54,11794,1155.08,1151.74,BEARISH_LONDON_BREAKOUT,0,1,0.9882213755067355,1.5406162464986026,1.1752527097795633
2010-04-27,16:00:00,1149.53,1164.06,1146.35,1160.9,18647,1155.08,1151.74,BULLISH_LONDON_BREAKOUT,1,1,0.5745542251701132,0.27650960461709095,0.9044706693082951
2010-04-28,16:00:00,1163.06,1174.02,1160.81,1171.4,18187,1165.79,1161.8,BULLISH_LONDON_BREAKOUT,1,0,-0.5079392180297119,-0.5105002561038089,-0.425985999658529
2010-04-29,12:00:00,1170.71,1170.98,1162.09,1163.76,11011,1170.94,1165.38,BEARISH_LONDON_BREAKOUT,0,1,0.22771018079329855,0.8695951055200487,1.1179280951398907
2010-04-30,12:00:00,1174.66,1177.81,1172.79,1176.77,11025,1174.78,1169.9,BULLISH_LONDON_BREAKOUT,1,0,0.1325662618863453,0.1189697222057064,0.3611580852672995
2010-05-03,12:00:00,1178.08,1182.9,1177.8,1181.02,8531,1178.38,1176.72,BULLISH_LONDON_BREAKOUT,1,0,0.328529576129118,0.01016070854008554,0.7586662376589759
2010-05-04,12:00:00,1180.07,1191.97,1179.78,1189.98,13488,1180.92,1177.9,BULLISH_LONDON_BREAKOUT,1,0,-1.7017092724247465,-1.7672565925477717,-1.968940654464786
2010-05-04,16:00:00,1189.96,1191.08,1167.26,1169.73,20127,1180.92,1177.9,BEARISH_LONDON_BREAKOUT,1,1,0.09574859155530685,-0.1590110538329467,0.19577167380506302
2010-05-05,20:00:00,1172.03,1175.98,1171.26,1174.71,11194,1172.04,1165.03,BULLISH_LONDON_BREAKOUT,1,0,0.019579300423084693,0.2468694401171237,2.83814728741561
2010-05-06,16:00:00,1177.08,1196.65,1176.51,1193.52,22214,1178.95,1172.39,BULLISH_LONDON_BREAKOUT,1,0,1.2174073329311594,0.4465781888866485,1.462899658154035
2010-05-07,16:00:00,1196.7,1212.83,1192.88,1210.98,21410,1203.55,1195.93,BULLISH_LONDON_BREAKOUT,1,0,-0.25681679301063004,-0.8918396670465204,-0.900097441741407
2010-05-10,20:00:00,1200.03,1203.99,1199.48,1202.64,5817,1200.58,1184.06,BULLISH_LONDON_BREAKOUT,1,0,-0.004989024146891239,0.5504556642054057,2.468735448679557
2010-05-11,12:00:00,1209.28,1222.6,1207.27,1222.08,9476,1210.5,1203.05,BULLISH_LONDON_BREAKOUT,1,0,-0.22911757004451055,0.44432443047918824,1.2020489656978313
2010-05-12,12:00:00,1233.47,1244.7,1233.44,1236.77,14287,1235.35,1228.21,BULLISH_LONDON_BREAKOUT,1,0,0.42206715880883494,-0.04527923542776308,0.07681298867210924
2010-05-13,16:00:00,1237.66,1242.88,1230.57,1232.63,17378,1239.23,1233.69,BEARISH_LONDON_BREAKOUT,0,1,-0.00973528147133513,0.2701540608292778,-0.494876808125726
2010-05-14,12:00:00,1239.98,1249.12,1237.77,1244.06,14693,1240.04,1233.53,BULLISH_LONDON_BREAKOUT,1,0,-1.4090960243075072,-0.7017346430236499,-1.2322556789865384
2010-05-14,16:00:00,1243.93,1247.93,1218.07,1226.53,22254,1240.04,1233.53,BEARISH_LONDON_BREAKOUT,1,1,0.4834777787742708,0.990599496139523,0.1589851043186914
2010-05-17,12:00:00,1235.9,1235.93,1223.89,1228.73,14397,1241.13,1233.27,BEARISH_LONDON_BREAKOUT,0,1,-0.02034621112856364,-0.3483271345210073,-1.3802869629617602
2010-05-19,12:00:00,1214.9,1215.21,1202.11,1205.4,17212,1220.07,1207.12,BEARISH_LONDON_BREAKOUT,0,1,-1.045296167247398,-0.8354073336651869,-2.0233947237431638
2010-05-20,12:00:00,1191.04,1191.17,1175.01,1181.01,16139,1197.13,1182.22,BEARISH_LONDON_BREAKOUT,0,1,0.13209032946375945,0.08297982235544307,-0.6155748046163861
2010-05-24,16:00:00,1187.38,1194.06,1185.5,1194.06,16939,1190.86,1184.45,BULLISH_LONDON_BREAKOUT,1,0,-0.2244443327805836,-0.16330837646349813,0.23616903673183623
2010-05-25,12:00:00,1188.12,1196.99,1186.52,1194.42,16433,1192.82,1186.1,BULLISH_LONDON_BREAKOUT,1,0,0.20595770332044308,0.5910818640009331,1.3805863933959586
2010-05-26,12:00:00,1209.68,1214.77,1209.39,1210.91,12909,1210.23,1203.97,BULLISH_LONDON_BREAKOUT,1,0,0.20728212666506932,0.009909902470034176,-0.14286776060979084
2010-05-27,12:00:00,1211.48,1214.6,1205.77,1209.18,9854,1217.76,1210.43,BEARISH_LONDON_BREAKOUT,0,1,0.18194148100365912,0.12901305016622383,0.2472750128186051
2010-05-28,16:00:00,1212.18,1212.89,1202.0,1208.07,17108,1215.19,1210.46,BEARISH_LONDON_BREAKOUT,0,1,0.49500442855132715,0.5405315917123985,0.6655243487546222
2010-05-31,16:00:00,1214.18,1217.73,1213.98,1216.11,5083,1214.71,1211.04,BULLISH_LONDON_BREAKOUT,1,0,-0.009045234394906709,0.13403392785193027,0.7203295754495886
2010-06-01,12:00:00,1222.76,1227.92,1219.53,1225.56,11837,1223.93,1216.67,BULLISH_LONDON_BREAKOUT,1,0,-0.05630079310682908,-0.15421521590129186,-0.69274454127093
2010-06-02,12:00:00,1219.76,1222.87,1216.38,1217.07,13932,1225.25,1219.23,BEARISH_LONDON_BREAKOUT,0,1,0.3623456333653843,0.4412235943700953,0.06490998874345466
2010-06-03,12:00:00,1221.81,1222.04,1214.62,1217.86,14430,1224.37,1221.51,BEARISH_LONDON_BREAKOUT,0,1,-0.9311415105184437,-1.000114955742026,-1.0929006618166248
2010-06-04,16:00:00,1204.43,1218.63,1196.84,1215.93,20515,1207.35,1202.03,BULLISH_LONDON_BREAKOUT,1,0,0.3001817538838472,0.1924452887912888,1.8150715912922566
2010-06-07,12:00:00,1215.98,1217.0,1210.86,1212.47,15122,1218.68,1213.61,BEARISH_LONDON_BREAKOUT,0,1,2.1056191081016413,2.1270629376396912,2.432225127219643
2010-06-07,16:00:00,1212.44,1239.57,1210.52,1238.0,22143,1218.68,1213.61,BULLISH_LONDON_BREAKOUT,1,1,0.16558966074313042,-0.03796445880452563,0.45234248788367604
2010-06-08,20:00:00,1243.65,1245.95,1233.31,1236.39,14415,1246.3,1236.73,BEARISH_LONDON_BREAKOUT,0,1,0.13830587436001657,-0.09139510995722297,-0.2741853298716505
2010-06-09,16:00:00,1232.59,1236.28,1221.8,1229.04,18477,1238.84,1231.02,BEARISH_LONDON_BREAKOUT,0,1,0.3222026947861775,0.12448740480374705,-0.39298965045888884
2010-06-10,20:00:00,1224.17,1224.87,1215.35,1216.28,12315,1230.76,1220.53,BEARISH_LONDON_BREAKOUT,0,1,0.23760976091032493,0.32969382050185736,0.8197125661854201
2010-06-11,12:00:00,1220.27,1228.53,1218.91,1227.52,11997,1221.63,1216.42,BULLISH_LONDON_BREAKOUT,1,0,0.035029979144947834,0.29408889468197075,-0.3193430656934366
2010-06-14,12:00:00,1231.03,1232.07,1221.34,1223.6,6131,1233.95,1229.5,BEARISH_LONDON_BREAKOUT,0,1,-0.3040209218698758,-0.2345537757436982,0.16753841124551994
2010-06-15,12:00:00,1221.59,1226.93,1220.92,1225.65,6042,1224.0,1219.89,BULLISH_LONDON_BREAKOUT,1,0,0.6021294823154963,0.5042222494186623,0.5588871211193985
2010-06-16,16:00:00,1232.4,1234.78,1226.82,1230.29,8468,1236.94,1232.43,BEARISH_LONDON_BREAKOUT,0,1,-0.11704557462062234,0.31618561477376067,1.4663209487194047
2010-06-17,12:00:00,1230.93,1244.63,1230.82,1242.98,5828,1234.85,1230.88,BULLISH_LONDON_BREAKOUT,1,0,0.4304172231250631,0.28077684274887843,1.2325218426684208
2010-06-18,12:00:00,1244.58,1259.29,1242.99,1258.3,6234,1245.25,1243.18,BULLISH_LONDON_BREAKOUT,1,0,0.12953985536041557,0.05006755145832545,-0.11920845585313519
2010-06-21,12:00:00,1257.93,1263.25,1255.2,1256.8,5716,1265.02,1257.92,BEARISH_LONDON_BREAKOUT,0,1,-1.205442393380002,-1.5491725015913453,-1.679662635264155
2010-06-22,16:00:00,1235.67,1242.59,1235.02,1241.03,8139,1240.32,1234.21,BULLISH_LONDON_BREAKOUT,1,0,-0.10878060965487611,-0.14906972434187,-0.6744397798602686
2010-06-23,16:00:00,1238.58,1240.17,1224.56,1232.66,7645,1243.88,1238.45,BEARISH_LONDON_BREAKOUT,0,1,0.3512728570733152,0.29691885840376536,1.1106063310239505
2010-06-24,16:00:00,1233.95,1248.07,1232.13,1246.35,9401,1236.9,1228.2,BULLISH_LONDON_BREAKOUT,1,0,-0.2607614233562001,-0.2928551370000292,0.758213984835724
2010-06-25,12:00:00,1243.91,1252.55,1241.4,1250.68,6325,1246.75,1242.2,BULLISH_LONDON_BREAKOUT,1,0,0.40937729874947154,0.573288131256584,0.2774490677071695
2010-06-28,16:00:00,1254.05,1262.5,1236.15,1239.44,10640,1256.83,1252.7,BEARISH_LONDON_BREAKOUT,0,1,-0.06373846253146288,0.019363583553863768,0.27431743367971534
2010-06-29,16:00:00,1236.68,1244.9,1227.18,1242.84,10385,1241.5,1232.22,BULLISH_LONDON_BREAKOUT,1,0,-0.2043706349972614,-0.09172540310899817,-0.11747288468345153
2010-06-30,12:00:00,1241.85,1245.43,1235.5,1238.45,6635,1244.68,1240.9,BEARISH_LONDON_BREAKOUT,0,1,0.23658605514958728,0.149380273729251,-0.08074609390770722
2010-07-01,12:00:00,1240.21,1243.73,1235.83,1237.45,6858,1241.93,1238.33,BEARISH_LONDON_BREAKOUT,0,1,-2.319285627702133,-2.7774859590286574,-2.6320255363853033
2010-07-02,12:00:00,1210.37,1212.83,1201.88,1204.88,7668,1213.17,1206.44,BEARISH_LONDON_BREAKOUT,0,1,0.3377929752340429,0.5768209282252023,0.17097138304229012
2010-07-05,12:00:00,1209.8,1211.14,1206.49,1206.94,4519,1213.13,1209.53,BEARISH_LONDON_BREAKOUT,0,1,0.0919681177191824,-0.1176529073524842,-0.4971249606442739
2010-07-06,12:00:00,1211.63,1212.35,1199.88,1200.94,5821,1213.42,1206.8,BEARISH_LONDON_BREAKOUT,0,1,-0.6170166702749581,-0.4629706729728334,-0.7419188302496446
2010-07-07,12:00:00,1187.94,1193.7,1184.78,1192.03,7416,1191.85,1186.98,BULLISH_LONDON_BREAKOUT,1,0,0.48656493544625173,1.1300051173208752,0.6207897452245406
2010-07-08,12:00:00,1203.65,1203.9,1196.83,1199.43,5426,1207.65,1201.44,BEARISH_LONDON_BREAKOUT,0,1,-0.43687418190307137,-0.26512593481904434,0.35183378771583396
2010-07-09,12:00:00,1196.0,1204.35,1194.9,1203.65,5471,1200.03,1196.05,BULLISH_LONDON_BREAKOUT,1,0,0.5790719893656627,0.4444813691687707,0.23927221368336987
2010-07-12,12:00:00,1207.24,1208.78,1201.38,1206.53,5626,1209.93,1206.67,BEARISH_LONDON_BREAKOUT,0,1,-0.7194184976751563,-0.5743744457245211,0.849543732853721
2010-07-13,12:00:00,1203.99,1217.73,1203.41,1216.78,5636,1204.85,1197.51,BULLISH_LONDON_BREAKOUT,1,0,-0.14793142556583397,-0.46844951429182313,-0.7141800489817431
2010-07-14,12:00:00,1212.12,1214.37,1206.18,1208.09,5077,1214.42,1210.58,BEARISH_LONDON_BREAKOUT,0,1,-0.337723182875442,0.20942148349874368,0.5305896083901103
2010-07-15,12:00:00,1213.5,1217.07,1209.15,1214.5,6438,1214.2,1209.1,BULLISH_LONDON_BREAKOUT,1,0,-0.5475504322766646,-0.35817208727870803,-1.8979003705228452
2010-07-15,16:00:00,1214.55,1215.65,1203.82,1207.85,10567,1214.2,1209.1,BEARISH_LONDON_BREAKOUT,1,1,0.014902512729234894,-0.07451256364613683,-1.5043258682783331
2010-07-16,12:00:00,1204.26,1206.69,1189.67,1191.45,6601,1209.12,1203.5,BEARISH_LONDON_BREAKOUT,0,1,-0.14855847916404227,0.04196567208023836,-0.6664148726341899
2010-07-19,12:00:00,1192.78,1192.92,1183.26,1183.51,7193,1194.78,1190.36,BEARISH_LONDON_BREAKOUT,0,1,-0.17321357656462172,-0.2281349544997546,-0.13519108414799277
2010-07-20,12:00:00,1183.08,1183.08,1175.66,1181.91,7269,1184.77,1182.34,BEARISH_LONDON_BREAKOUT,0,1,0.756402771784639,0.8003993535886665,0.9924613549255035
2010-07-20,16:00:00,1181.94,1193.63,1181.03,1190.85,10097,1184.77,1182.34,BULLISH_LONDON_BREAKOUT,1,1,0.08397363227946426,-0.14947306545744407,0.14527438384347469
2010-07-21,12:00:00,1188.5,1197.8,1188.32,1193.64,7234,1190.54,1187.95,BULLISH_LONDON_BREAKOUT,1,0,-0.0888039945042201,-0.6794343353104895,-0.5403639288227644
2010-07-21,20:00:00,1192.55,1194.2,1183.29,1184.78,6443,1190.54,1187.95,BEARISH_LONDON_BREAKOUT,2,1,0.06330289167609177,0.29203734026570644,0.8322220159016971
2010-07-22,16:00:00,1187.49,1200.46,1185.46,1197.0,7654,1188.34,1180.97,BULLISH_LONDON_BREAKOUT,1,0,-0.19715956558060987,-0.15204678362572568,-0.72681704260652
2010-07-23,16:00:00,1196.73,1200.8,1186.28,1188.3,10897,1201.55,1193.83,BEARISH_LONDON_BREAKOUT,0,1,0.04375999326769182,0.37027686611125904,-0.30042918454935086
2010-07-26,16:00:00,1190.76,1192.48,1179.6,1184.73,8962,1194.53,1190.48,BEARISH_LONDON_BREAKOUT,0,1,-0.12070260734513885,0.03123074455782253,-2.1101854430967393
2010-07-27,12:00:00,1184.85,1185.53,1181.65,1182.1,4645,1186.98,1184.68,BEARISH_LONDON_BREAKOUT,0,1,-1.8923948904491914,-1.632687589882409,-1.8441756196599237
2010-07-28,12:00:00,1163.83,1164.43,1158.75,1160.3,4473,1165.88,1160.8,BEARISH_LONDON_BREAKOUT,0,1,0.045677841937427625,0.400758424545384,0.2223562871671253
2010-07-29,12:00:00,1166.65,1167.78,1159.4,1162.88,5314,1169.2,1164.92,BEARISH_LONDON_BREAKOUT,0,1,0.13070996147495714,0.2725990643918414,0.7275041276829775
2010-07-30,12:00:00,1169.23,1175.8,1167.41,1171.34,5782,1170.33,1167.64,BULLISH_LONDON_BREAKOUT,1,0,0.737616746632071,0.955316133658891,0.7589598237915636
2010-08-03,12:00:00,1182.78,1188.78,1179.4,1185.78,6269,1183.48,1180.08,BULLISH_LONDON_BREAKOUT,1,0,0.08854930931538352,0.34660729646309835,1.2034272799338817
2010-08-04,12:00:00,1195.05,1201.19,1193.75,1200.05,6310,1196.0,1191.03,BULLISH_LONDON_BREAKOUT,1,0,-0.06416399316694986,-0.4041498270905304,-0.2558226740552424
2010-08-06,12:00:00,1196.0,1206.74,1192.96,1206.69,5876,1198.28,1195.25,BULLISH_LONDON_BREAKOUT,1,0,-0.1508258127605403,-0.15828423207286724,-0.07624161963719536
2010-08-09,16:00:00,1205.9,1206.17,1199.23,1200.3,6352,1209.65,1205.2,BEARISH_LONDON_BREAKOUT,0,1,0.059985003749065006,-0.00833125052069558,-0.3082562692660206
2010-08-10,12:00:00,1198.04,1198.04,1190.59,1192.74,5922,1201.2,1196.35,BEARISH_LONDON_BREAKOUT,0,1,0.32362459546924727,0.7788788839143455,1.0907657997551847
2010-08-10,20:00:00,1196.48,1207.23,1194.97,1203.98,4656,1201.2,1196.35,BULLISH_LONDON_BREAKOUT,1,1,-0.16196282330271644,-0.4393760693699201,-0.5091446701772545
2010-08-11,12:00:00,1198.75,1207.75,1195.42,1205.75,6319,1202.68,1196.68,BULLISH_LONDON_BREAKOUT,1,0,-0.768816089570805,-0.5034211071946868,0.5929919137466383
2010-08-11,16:00:00,1205.78,1206.35,1192.26,1196.48,8886,1202.68,1196.68,BEARISH_LONDON_BREAKOUT,1,1,0.11450254078629737,0.23067665151109848,1.3832241240973484
2010-08-12,12:00:00,1200.33,1215.13,1199.65,1212.9,6752,1201.67,1198.55,BULLISH_LONDON_BREAKOUT,1,0,0.010718113611994538,-0.028031989446792437,-0.07255338445049955
2010-08-13,12:00:00,1215.91,1217.38,1211.99,1212.02,5926,1217.2,1214.53,BEARISH_LONDON_BREAKOUT,0,1,0.20296694774013932,0.3886074487219713,1.1245689015032847
2010-08-16,12:00:00,1222.6,1227.23,1221.35,1225.65,4901,1222.83,1217.19,BULLISH_LONDON_BREAKOUT,1,0,-0.19173499775630368,-0.11096153061641799,-0.08485293517726847
2010-08-18,16:00:00,1225.39,1232.3,1217.69,1231.43,7440,1225.42,1220.47,BULLISH_LONDON_BREAKOUT,1,0,-0.18677472531934047,-0.20301600578189585,0.11774928335350326
2010-08-19,12:00:00,1230.18,1234.0,1227.81,1233.69,4622,1230.88,1228.79,BULLISH_LONDON_BREAKOUT,1,0,-0.06565668847116743,-0.18724314860296715,-0.5957736546458297
2010-08-20,12:00:00,1230.47,1231.68,1224.07,1226.34,6400,1232.55,1229.53,BEARISH_LONDON_BREAKOUT,0,1,0.10029844904349677,0.13780843811667684,0.0562649836097701
2010-08-23,16:00:00,1227.05,1228.13,1221.73,1225.67,7568,1231.79,1226.73,BEARISH_LONDON_BREAKOUT,0,1,0.013054084704680256,-0.38917490025863255,0.33532680085177086
2010-08-24,12:00:00,1219.45,1219.9,1210.71,1213.0,5844,1221.8,1218.08,BEARISH_LONDON_BREAKOUT,0,1,1.3833470733718032,1.4262159934047778,1.892003297609237
2010-08-24,16:00:00,1213.04,1235.29,1212.9,1229.78,10397,1221.8,1218.08,BULLISH_LONDON_BREAKOUT,1,1,0.04065767860918213,0.12766511083282672,0.776561661435375
2010-08-25,16:00:00,1236.03,1241.26,1234.7,1239.33,8955,1238.17,1230.03,BULLISH_LONDON_BREAKOUT,1,0,0.03792371684700825,0.0701992205465952,-0.24045250256186956
2010-08-26,12:00:00,1241.78,1243.94,1236.79,1238.37,5083,1243.25,1239.65,BEARISH_LONDON_BREAKOUT,0,1,-0.16311764658381436,-0.2091458933921137,0.08236633639382489
2010-08-27,12:00:00,1236.28,1242.08,1234.15,1239.39,5529,1237.15,1234.55,BULLISH_LONDON_BREAKOUT,1,0,-0.31547777535723875,-0.31789832094821274,-0.40907220487499196
2010-08-30,12:00:00,1236.4,1237.53,1233.3,1234.32,3782,1237.33,1235.13,BEARISH_LONDON_BREAKOUT,0,1,0.24142847883855229,0.1199040767386106,0.7275260872383189
2010-08-31,12:00:00,1234.95,1244.18,1232.56,1243.3,5566,1236.0,1231.79,BULLISH_LONDON_BREAKOUT,1,0,0.39813399823051926,0.22762004343281225,0.5630177752754766
2010-09-01,16:00:00,1250.33,1251.33,1242.41,1246.05,7827,1251.23,1247.12,BEARISH_LONDON_BREAKOUT,0,1,-0.17254524296776722,0.07222824124233305,0.3571285261426143
2010-09-02,16:00:00,1246.98,1252.95,1246.14,1250.5,8446,1248.64,1245.58,BULLISH_LONDON_BREAKOUT,1,0,0.01679328268692814,0.051979208316680604,-0.09996001599360256
2010-09-03,12:00:00,1251.99,1253.6,1237.7,1239.78,5043,1252.75,1250.2,BEARISH_LONDON_BREAKOUT,0,1,0.7638451983416435,0.5968800916291673,0.7678781719337288
2010-09-07,12:00:00,1247.7,1259.43,1244.58,1257.15,5229,1250.08,1247.73,BULLISH_LONDON_BREAKOUT,1,0,-0.05329515173209821,-0.06761325219744155,-0.19249890625622024
2010-09-08,12:00:00,1258.18,1262.05,1253.49,1254.73,6296,1260.2,1257.2,BEARISH_LONDON_BREAKOUT,0,1,0.059773815880707404,-0.03984921058713827,-0.2231555792879707
2010-09-09,12:00:00,1254.95,1258.68,1250.48,1251.93,5835,1256.93,1253.13,BEARISH_LONDON_BREAKOUT,0,1,-0.44970565446950783,-0.613452828832288,-0.9465385444873224
2010-09-10,12:00:00,1247.93,1249.75,1236.5,1240.08,3907,1249.75,1245.79,BEARISH_LONDON_BREAKOUT,0,1,0.279820656731826,0.41126378943295083,0.14192632733371968
2010-09-13,12:00:00,1244.3,1246.13,1241.01,1241.84,5068,1247.95,1243.3,BEARISH_LONDON_BREAKOUT,0,1,0.39779681762546343,0.5846163757005727,1.3310893512851876
2010-09-14,12:00:00,1253.98,1260.18,1252.38,1258.37,5689,1254.84,1248.55,BULLISH_LONDON_BREAKOUT,1,0,0.8948083632000302,0.8646105676390974,0.685807830765205
2010-09-15,12:00:00,1270.4,1271.75,1265.8,1267.0,5502,1271.0,1267.85,BEARISH_LONDON_BREAKOUT,0,1,0.011049723756913973,-0.07892659826361484,0.45224940805051445
2010-09-16,12:00:00,1268.93,1277.57,1268.83,1272.73,7061,1269.2,1264.65,BULLISH_LONDON_BREAKOUT,1,0,-0.034571354489958954,0.054999882143113264,0.4007134270426492
2010-09-17,16:00:00,1277.78,1279.84,1271.79,1276.3,7445,1282.58,1276.59,BEARISH_LONDON_BREAKOUT,0,1,-0.1856930188826993,0.31967405782340785,0.23035336519627475
2010-09-20,12:00:00,1281.7,1281.89,1277.7,1278.84,5200,1282.93,1280.1,BEARISH_LONDON_BREAKOUT,0,1,0.03127834600107057,-0.0007819586500258755,-0.11807575615401388
2010-09-21,16:00:00,1277.28,1278.14,1272.93,1273.14,7026,1279.08,1274.59,BEARISH_LONDON_BREAKOUT,0,1,1.0862905886233978,1.1742620607317198,1.2284587712270347
2010-09-21,20:00:00,1273.18,1290.63,1270.93,1286.97,8408,1279.08,1274.59,BULLISH_LONDON_BREAKOUT,1,1,0.05672237892103298,0.2649634412612634,0.3201317824036217
2010-09-22,12:00:00,1290.35,1295.55,1290.01,1293.65,14623,1293.05,1288.09,BULLISH_LONDON_BREAKOUT,1,0,-0.37645421868357887,-0.10049085919686018,-0.13991419626639143
2010-09-23,16:00:00,1291.79,1295.78,1287.56,1295.01,18071,1293.4,1290.47,BULLISH_LONDON_BREAKOUT,1,0,-0.22239210508026053,-0.07258631207481445,0.05559802627006952
2010-09-24,12:00:00,1297.21,1299.51,1295.76,1298.2,14432,1297.92,1291.9,BULLISH_LONDON_BREAKOUT,1,0,-0.19026344168849385,-0.14789708827608017,0.0
2010-09-27,16:00:00,1298.18,1299.13,1294.52,1296.69,13885,1299.77,1296.79,BEARISH_LONDON_BREAKOUT,0,1,-0.19819694761278053,-0.3277575981923204,0.9632217415110788
2010-09-28,16:00:00,1286.85,1309.84,1286.72,1309.18,19903,1293.05,1282.75,BULLISH_LONDON_BREAKOUT,1,0,-0.036664171466109945,0.1497120334866127,0.04201102980491258
2010-09-30,12:00:00,1311.34,1315.59,1310.92,1315.42,6182,1312.89,1306.72,BULLISH_LONDON_BREAKOUT,1,0,-0.6241352571802189,-0.6241352571802189,0.09806753736448919
2010-10-01,12:00:00,1312.55,1317.82,1312.18,1316.71,13547,1313.6,1308.37,BULLISH_LONDON_BREAKOUT,1,0,-0.1078445519514603,0.08354155432858482,-0.2673329738514921
2010-10-04,12:00:00,1316.71,1317.37,1312.27,1313.19,13242,1319.68,1316.34,BEARISH_LONDON_BREAKOUT,0,1,0.08300398266815297,0.03198318598221471,1.34100929796906
2010-10-05,12:00:00,1325.23,1331.27,1323.54,1330.8,12515,1327.91,1316.13,BULLISH_LONDON_BREAKOUT,1,0,0.6875563570784559,0.8438533213104914,0.9993988578298734
2010-10-06,12:00:00,1346.23,1346.96,1342.1,1344.1,17981,1349.45,1344.41,BEARISH_LONDON_BREAKOUT,0,1,0.17483818168292065,-1.0832527341715608,-0.8399672643404483
2010-10-08,16:00:00,1332.73,1349.49,1329.58,1343.56,21747,1335.06,1331.53,BULLISH_LONDON_BREAKOUT,1,0,0.2716663193307401,0.6453005448212267,0.7063324302599072
2010-10-11,12:00:00,1349.08,1349.49,1340.13,1341.92,13291,1353.39,1346.35,BEARISH_LONDON_BREAKOUT,0,1,0.8294086085608592,0.6654644092047093,0.6431083820197836
2010-10-11,20:00:00,1353.09,1353.99,1350.48,1353.77,9836,1353.39,1346.35,BULLISH_LONDON_BREAKOUT,1,1,-0.21569395096656543,-0.891584242522728,-0.2674014049653849
2010-10-12,12:00:00,1341.71,1352.27,1341.43,1350.55,16355,1349.44,1340.53,BULLISH_LONDON_BREAKOUT,1,0,-0.2776646551404983,0.1925141608974223,0.5664358964866233
2010-10-13,16:00:00,1358.34,1373.94,1355.73,1369.65,20847,1359.84,1354.68,BULLISH_LONDON_BREAKOUT,1,0,0.16208520424924613,0.7636987551564128,0.35921585806591794
2010-10-14,12:00:00,1381.52,1383.28,1374.29,1376.75,18532,1387.03,1378.48,BEARISH_LONDON_BREAKOUT,0,1,-0.15834392591247964,0.08353005266025719,-0.4140185218812454
2010-10-15,12:00:00,1377.49,1385.11,1369.15,1371.05,15513,1381.58,1376.8,BEARISH_LONDON_BREAKOUT,0,1,-0.024798512089268674,-0.8044929068961725,-0.5287918019036505
2010-10-18,12:00:00,1358.18,1364.15,1357.33,1363.8,15707,1363.26,1352.73,BULLISH_LONDON_BREAKOUT,1,0,0.524270420882834,0.3908197682944827,-1.460624725032985
2010-10-19,12:00:00,1367.42,1370.48,1342.46,1343.88,17446,1369.07,1364.57,BEARISH_LONDON_BREAKOUT,0,1,-0.2418370687859035,-0.5379944637914112,-0.5543649730630744
2010-10-20,12:00:00,1341.2,1342.4,1335.87,1336.43,14964,1342.8,1337.57,BEARISH_LONDON_BREAKOUT,0,1,0.7168351503632758,0.7190799368466662,0.2978083401300493
2010-10-20,16:00:00,1336.54,1346.92,1332.71,1346.01,22742,1342.8,1337.57,BULLISH_LONDON_BREAKOUT,1,1,-0.005943492247451894,-0.35215191566184567,-1.6701213215355024
2010-10-21,12:00:00,1345.02,1347.82,1336.62,1340.41,16070,1347.66,1340.71,BEARISH_LONDON_BREAKOUT,0,1,-1.2593161793779597,-1.0810125260181591,-1.0862348087525586
2010-10-22,20:00:00,1323.73,1328.25,1321.38,1328.18,9696,1328.01,1315.14,BULLISH_LONDON_BREAKOUT,1,0,0.6987004773449361,1.2679004351819723,0.8545528467526924
2010-10-25,16:00:00,1345.39,1346.57,1333.2,1335.1,6219,1349.03,1338.52,BEARISH_LONDON_BREAKOUT,0,1,0.3318103512845528,0.24342745861733206,0.27338776121639513
2010-10-26,12:00:00,1335.7,1336.95,1328.6,1333.55,6122,1340.7,1333.9,BEARISH_LONDON_BREAKOUT,0,1,0.3899366352967677,0.6973866746653635,-0.35394248434629577
2010-10-27,16:00:00,1328.9,1331.08,1318.8,1322.3,10365,1335.6,1326.7,BEARISH_LONDON_BREAKOUT,0,1,0.19662708916283267,0.42350449973532,1.4936096196022084
2010-10-28,12:00:00,1324.1,1329.9,1323.4,1328.91,5359,1328.2,1322.76,BULLISH_LONDON_BREAKOUT,1,0,0.9887802785741602,1.060267437222981,1.3462160718182474
2010-10-29,12:00:00,1339.15,1347.4,1334.99,1346.8,5021,1342.9,1336.95,BULLISH_LONDON_BREAKOUT,1,0,0.08910008910009248,0.8538758538758539,0.9674784674784654
2010-11-01,12:00:00,1362.45,1365.3,1356.75,1359.83,6073,1364.25,1360.2,BEARISH_LONDON_BREAKOUT,0,1,-0.6272842928895503,-0.5022686659361779,-0.17869880793921566
2010-11-02,16:00:00,1357.3,1357.7,1350.2,1352.53,8947,1357.68,1355.15,BEARISH_LONDON_BREAKOUT,0,1,0.34527884778896384,0.1900142695540902,-0.9818636185518971
2010-11-03,12:00:00,1353.9,1364.3,1353.2,1357.25,8267,1356.3,1353.24,BULLISH_LONDON_BREAKOUT,1,0,-1.3262110885982685,-0.6608951924848059,1.6341867747283154
2010-11-03,16:00:00,1357.2,1357.8,1327.7,1339.25,11364,1356.3,1353.24,BEARISH_LONDON_BREAKOUT,1,1,0.657084188911701,1.2044054508120299,3.112189658390895
2010-11-04,12:00:00,1359.2,1380.5,1359.2,1379.43,7128,1360.65,1353.5,BULLISH_LONDON_BREAKOUT,1,0,0.10874056675583392,0.566900821353743,0.1645607243571607
2010-11-05,12:00:00,1386.8,1388.5,1373.65,1381.7,6734,1389.75,1383.18,BEARISH_LONDON_BREAKOUT,0,1,0.8214518346963819,0.9473836578128333,0.738221032061956
2010-11-05,16:00:00,1381.6,1397.75,1380.65,1393.05,10190,1389.75,1383.18,BULLISH_LONDON_BREAKOUT,1,1,0.014356986468543517,-0.2670399483148507,0.46660206022755824
2010-11-08,16:00:00,1391.85,1401.7,1387.28,1399.55,9243,1391.93,1386.8,BULLISH_LONDON_BREAKOUT,1,0,0.7309492336822564,0.8109749562359427,1.418313029187963
2010-11-09,12:00:00,1409.4,1421.98,1409.14,1418.99,5742,1414.46,1406.95,BULLISH_LONDON_BREAKOUT,1,0,0.028893790653921583,-1.4298902740681727,-1.6765445845284297
2010-11-09,20:00:00,1419.6,1424.3,1382.6,1388.6,9918,1414.46,1406.95,BEARISH_LONDON_BREAKOUT,2,1,0.7273512890681361,1.3970905948437342,1.1234336742042443
2010-11-10,12:00:00,1408.05,1408.9,1395.0,1395.2,7746,1410.0,1395.5,BEARISH_LONDON_BREAKOUT,0,1,0.11037844036696987,0.4838016055045871,1.2041284403669692
2010-11-15,16:00:00,1363.35,1376.15,1359.25,1375.2,11536,1369.78,1362.3,BULLISH_LONDON_BREAKOUT,1,0,-1.386707388016284,-0.8580570098894673,-3.0104712041884882
2010-11-15,20:00:00,1375.1,1376.6,1355.55,1356.13,9232,1369.78,1362.3,BEARISH_LONDON_BREAKOUT,1,1,0.3738579634695741,0.3355135569598751,-1.1230486752744957
2010-11-16,12:00:00,1360.75,1363.7,1355.2,1357.75,8112,1364.4,1358.0,BEARISH_LONDON_BREAKOUT,0,1,-1.7639477076044958,-1.388326275087454,-1.3441355183207513
2010-11-17,16:00:00,1339.43,1344.55,1335.0,1340.5,10439,1340.1,1330.8,BULLISH_LONDON_BREAKOUT,1,0,-0.40283476314808586,0.6490115628496863,1.148825065274158
2010-11-19,12:00:00,1361.66,1362.0,1350.9,1351.7,7297,1361.9,1352.98,BEARISH_LONDON_BREAKOUT,0,1,-0.08137900421692212,0.34771029074499116,0.3144188799289783
2010-11-22,12:00:00,1361.38,1362.1,1353.73,1355.95,7229,1364.8,1359.0,BEARISH_LONDON_BREAKOUT,0,1,-0.15487296729231434,0.5420553855230583,0.03318706441978284
2010-11-22,20:00:00,1353.9,1367.75,1351.4,1366.2,7338,1364.8,1359.0,BULLISH_LONDON_BREAKOUT,1,2,-0.21226760357195806,-0.14785536524666826,0.6865759039671997
2010-11-23,12:00:00,1364.2,1367.1,1356.2,1356.4,6780,1369.6,1357.7,BEARISH_LONDON_BREAKOUT,0,1,1.3712769094662274,1.1427307578885284,1.4177233854320272
2010-11-23,16:00:00,1356.5,1379.85,1356.1,1375.0,9437,1369.6,1357.7,BULLISH_LONDON_BREAKOUT,1,1,0.04218181818181289,0.0690909090909124,-0.09236363636363504
2010-11-25,16:00:00,1372.1,1374.8,1371.73,1373.85,4081,1372.65,1369.92,BULLISH_LONDON_BREAKOUT,1,0,0.02547585253121785,-0.08370637260253037,-1.2665138115514696
2010-11-26,12:00:00,1367.84,1368.08,1357.7,1360.8,6269,1372.8,1364.73,BEARISH_LONDON_BREAKOUT,0,1,-0.3196649029982297,-0.45561434450323673,-0.03747795414462014
2010-11-29,12:00:00,1366.08,1366.88,1357.25,1360.29,5947,1367.83,1360.5,BEARISH_LONDON_BREAKOUT,0,1,0.30434686721214593,0.48592579523484897,0.7983591734115614
2010-11-30,12:00:00,1368.38,1376.4,1368.38,1371.15,5511,1370.25,1363.72,BULLISH_LONDON_BREAKOUT,1,0,1.1559639718484416,0.9809284177515091,1.6518980417897284
2010-12-01,20:00:00,1390.1,1393.7,1385.9,1386.43,6405,1394.15,1387.5,BEARISH_LONDON_BREAKOUT,0,1,0.2394639469717141,0.3837193367137134,-0.15363199007523703
2010-12-02,12:00:00,1391.7,1393.4,1387.65,1387.96,6328,1394.58,1390.3,BEARISH_LONDON_BREAKOUT,0,1,0.6895011383613314,0.10591083316522287,-0.1268048070549577
2010-12-02,16:00:00,1387.85,1398.2,1383.93,1397.53,10910,1394.58,1390.3,BULLISH_LONDON_BREAKOUT,1,1,-0.9466701967041866,-0.5509720721558783,0.6311134644694523
2010-12-03,12:00:00,1391.28,1392.8,1385.73,1386.2,6073,1392.4,1388.2,BEARISH_LONDON_BREAKOUT,0,1,1.4536141970855478,1.7890636271822216,2.0559803780118306
2010-12-03,16:00:00,1386.1,1408.45,1385.4,1406.35,11232,1392.4,1388.2,BULLISH_LONDON_BREAKOUT,1,1,0.5012976854979331,0.4593451132363947,0.878159775304877
2010-12-06,20:00:00,1418.6,1427.2,1410.35,1424.7,6163,1418.7,1411.85,BULLISH_LONDON_BREAKOUT,1,0,-0.284270372710041,-0.27865515547132924,-1.8846072857443767
2010-12-07,12:00:00,1420.75,1428.6,1420.48,1426.3,6120,1423.68,1420.31,BULLISH_LONDON_BREAKOUT,1,0,-0.9668372712613029,-1.801864965294822,-2.4679239991586654
2010-12-07,16:00:00,1426.27,1430.88,1407.6,1412.51,10530,1423.68,1420.31,BEARISH_LONDON_BREAKOUT,1,1,-1.0378687584512734,-1.3599903717495831,-2.0445872949571955
2010-12-08,16:00:00,1391.05,1395.57,1371.38,1383.63,14736,1396.6,1390.03,BEARISH_LONDON_BREAKOUT,0,1,-0.22043465377305937,0.31583588097973375,0.3902777476637441
2010-12-09,12:00:00,1390.3,1390.3,1380.6,1383.51,7190,1392.15,1385.78,BEARISH_LONDON_BREAKOUT,0,1,0.39898518984322356,0.3700732195647388,0.33176485894571905
2010-12-10,12:00:00,1390.15,1392.0,1386.3,1388.1,7078,1391.74,1389.2,BEARISH_LONDON_BREAKOUT,0,1,-0.42504142352855445,1.102226064404595,0.48987825084649395
2010-12-14,16:00:00,1405.55,1407.1,1391.7,1397.7,8957,1406.75,1402.6,BEARISH_LONDON_BREAKOUT,0,1,-0.20032911211275342,-0.09658725048294602,-0.6725334478071182
2010-12-15,20:00:00,1388.35,1388.8,1379.55,1380.05,5838,1396.37,1387.5,BEARISH_LONDON_BREAKOUT,0,1,-0.018115285678055145,0.40940545632405284,-0.7282344842578135
2010-12-16,16:00:00,1380.38,1381.03,1361.19,1369.9,10641,1386.2,1380.2,BEARISH_LONDON_BREAKOUT,0,1,0.007299802905314916,0.3795897510767076,0.09708737864077138
2010-12-17,12:00:00,1375.08,1377.0,1368.05,1371.98,7253,1377.6,1373.4,BEARISH_LONDON_BREAKOUT,0,1,-0.054665519905537974,0.7587574162888732,0.8491377425326966
2010-12-21,16:00:00,1385.76,1391.84,1380.9,1384.52,18787,1389.43,1385.06,BEARISH_LONDON_BREAKOUT,0,1,0.06067084621384438,0.35824690145321386,0.1827348106202852
2010-12-22,16:00:00,1387.88,1389.91,1385.26,1387.05,16993,1389.88,1387.7,BEARISH_LONDON_BREAKOUT,0,1,-0.27179986301863535,0.041094408997508124,-0.578926498684256
2010-12-23,12:00:00,1384.36,1384.86,1378.45,1378.83,12607,1387.83,1384.22,BEARISH_LONDON_BREAKOUT,0,1,0.01377979881494126,0.059470710675004444,0.3118586047591206
2010-12-27,12:00:00,1382.03,1383.41,1379.04,1379.52,13386,1384.6,1381.03,BEARISH_LONDON_BREAKOUT,0,1,0.12323126884713853,0.2732834609139398,1.184469960565988
2010-12-28,12:00:00,1390.3,1399.48,1389.75,1395.86,6807,1391.55,1387.45,BULLISH_LONDON_BREAKOUT,1,0,0.593899101629117,0.6762855873798271,0.6297193128250822
2010-12-29,16:00:00,1404.77,1412.29,1400.9,1411.22,9934,1408.79,1403.41,BULLISH_LONDON_BREAKOUT,1,0,-0.07086067374328596,0.0864500219668108,-0.5895608055441346
2010-12-30,16:00:00,1411.47,1412.15,1402.82,1402.9,10526,1414.48,1411.2,BEARISH_LONDON_BREAKOUT,0,1,0.0727065364601883,0.3785016751015714,1.161878965001066
2011-01-03,12:00:00,1419.09,1423.03,1417.9,1422.47,6046,1420.2,1416.76,BULLISH_LONDON_BREAKOUT,1,0,-0.3233811609383774,-0.5574810013567993,-0.9905305560046903
2011-01-03,20:00:00,1417.88,1422.67,1412.9,1413.85,7654,1420.2,1416.76,BEARISH_LONDON_BREAKOUT,1,1,0.04880291402907342,-0.3501078615128775,-2.3559783569685573
2011-01-04,16:00:00,1408.4,1408.87,1381.63,1384.64,15330,1417.04,1407.77,BEARISH_LONDON_BREAKOUT,0,1,-0.29610584700717413,-0.0902761728680379,-0.8745955627455603
2011-01-05,12:00:00,1381.63,1384.21,1375.71,1376.79,10148,1384.58,1380.61,BEARISH_LONDON_BREAKOUT,0,1,-0.30941537925173707,0.08643293457971474,-0.523681897747662
2011-01-06,12:00:00,1375.32,1378.21,1369.56,1369.58,7360,1379.64,1373.95,BEARISH_LONDON_BREAKOUT,0,1,0.33952014486193516,0.12631609690562204,-0.8097372917244643
2011-01-07,12:00:00,1362.9,1363.02,1356.59,1358.49,8995,1371.4,1360.5,BEARISH_LONDON_BREAKOUT,0,1,1.014361533761748,1.0813476727837565,0.9812365199596558
2011-01-07,16:00:00,1358.48,1378.46,1352.79,1372.27,18009,1371.4,1360.5,BULLISH_LONDON_BREAKOUT,1,1,-0.2543231288303329,0.037893417476151325,0.13627055900078835
2011-01-10,12:00:00,1372.81,1373.03,1365.62,1367.91,8515,1375.9,1371.84,BEARISH_LONDON_BREAKOUT,0,1,0.28583751855018635,0.5321987557660937,1.081211483211612
2011-01-11,12:00:00,1379.57,1384.67,1377.75,1382.7,8666,1381.11,1374.95,BULLISH_LONDON_BREAKOUT,1,0,-0.23721703912634504,-0.10703695667896276,-0.22275258552109314
2011-01-12,12:00:00,1385.16,1385.4,1378.1,1379.62,9182,1386.8,1382.77,BEARISH_LONDON_BREAKOUT,0,1,-0.02102028094692478,0.5726214464852707,0.22397471767589233
2011-01-12,20:00:00,1379.28,1388.61,1377.27,1387.22,8787,1386.8,1382.77,BULLISH_LONDON_BREAKOUT,1,2,0.0216259857845154,-0.28257954758438264,-1.0373264514640865
2011-01-13,20:00:00,1383.68,1387.48,1369.53,1372.83,20176,1386.73,1382.45,BEARISH_LONDON_BREAKOUT,0,1,0.03205058164521861,-0.109991768827895,-0.804906652680955
2011-01-14,12:00:00,1371.33,1372.29,1363.86,1365.15,18430,1377.91,1368.98,BEARISH_LONDON_BREAKOUT,0,1,-0.498846280628515,-0.08936746877632694,-0.36626011793575797
2011-01-17,12:00:00,1361.64,1361.79,1357.12,1360.15,15388,1363.97,1360.78,BEARISH_LONDON_BREAKOUT,0,1,0.07425651582545975,0.21394699114067228,0.6264014998345757
2011-01-18,12:00:00,1367.2,1371.57,1366.75,1368.67,16972,1367.67,1363.77,BULLISH_LONDON_BREAKOUT,1,0,0.09717462938472583,0.25937589046300086,0.4902569647906388
2011-01-19,16:00:00,1375.42,1378.77,1368.2,1370.34,23739,1376.54,1371.77,BEARISH_LONDON_BREAKOUT,0,1,-0.03356831151391691,-0.09778595093187954,-1.644847264182609
2011-01-20,12:00:00,1365.47,1367.19,1357.43,1357.69,18114,1369.13,1362.06,BEARISH_LONDON_BREAKOUT,0,1,-0.7284431644926382,-0.7895764128777575,-0.9361488999698042
2011-01-21,16:00:00,1345.0,1346.33,1337.61,1342.68,23940,1349.27,1344.41,BEARISH_LONDON_BREAKOUT,0,1,-0.024577710251151026,0.710519259987485,0.18544999553132607
2011-01-24,16:00:00,1348.76,1349.97,1341.5,1345.17,20812,1352.92,1347.05,BEARISH_LONDON_BREAKOUT,0,1,-0.7218418489856328,-0.8051027007738912,-1.3410944341607354
2011-01-25,12:00:00,1330.65,1330.8,1322.63,1325.23,17893,1334.5,1329.15,BEARISH_LONDON_BREAKOUT,0,1,0.14337133931469184,0.6368705809557628,0.4693524897564971
2011-01-26,12:00:00,1337.59,1337.88,1331.28,1331.45,13329,1338.09,1332.89,BEARISH_LONDON_BREAKOUT,0,1,-0.310939201622299,0.9688685267940864,0.09463367005895759
2011-01-26,20:00:00,1327.3,1343.41,1326.61,1343.21,19823,1338.09,1332.89,BULLISH_LONDON_BREAKOUT,1,2,0.08487131572872988,-0.35809739355722076,-2.36150713589089
2011-01-27,12:00:00,1338.4,1340.76,1331.41,1332.71,17006,1345.5,1338.05,BEARISH_LONDON_BREAKOUT,0,1,-1.074502329839195,-1.58173946319904,-1.2223214352709864
2011-01-28,16:00:00,1316.43,1345.15,1310.69,1344.46,25748,1316.81,1309.5,BULLISH_LONDON_BREAKOUT,1,0,-0.6061913333234229,-0.969906133317463,-0.9639557889412876
2011-02-01,16:00:00,1336.28,1341.04,1325.25,1331.37,24712,1340.26,1335.4,BEARISH_LONDON_BREAKOUT,0,1,0.6189113469583969,0.6602221771558764,-0.2185718470447625
2011-02-02,16:00:00,1336.01,1339.39,1328.12,1328.46,22852,1341.07,1335.23,BEARISH_LONDON_BREAKOUT,0,1,0.5991900395947214,0.3500293573009246,1.0124505066016323
2011-02-03,16:00:00,1328.35,1342.29,1324.82,1341.91,25315,1333.58,1327.18,BULLISH_LONDON_BREAKOUT,1,0,0.9091518805284868,0.7556393498818753,0.4463786692103054
2011-02-08,16:00:00,1350.55,1367.55,1349.76,1366.05,23597,1357.24,1350.13,BULLISH_LONDON_BREAKOUT,1,0,-0.1471395629735362,-0.25182094359650486,-0.30745580322828925
2011-02-09,16:00:00,1365.19,1366.92,1358.02,1361.85,23647,1365.48,1362.05,BEARISH_LONDON_BREAKOUT,0,1,0.14906193780520618,0.04552630612770263,0.15787348092668732
2011-02-10,16:00:00,1357.43,1365.75,1351.03,1364.0,22280,1362.61,1356.88,BULLISH_LONDON_BREAKOUT,1,0,-0.15102639296187284,-0.08064516129031592,-0.23607038123167357
2011-02-11,20:00:00,1360.81,1361.09,1353.96,1356.63,15929,1365.04,1360.4,BEARISH_LONDON_BREAKOUT,0,1,-0.03390755032691569,0.09951128900289018,0.40099363864869764
2011-02-14,16:00:00,1357.35,1366.49,1356.2,1364.09,10344,1360.7,1356.05,BULLISH_LONDON_BREAKOUT,1,0,-0.14808407069914611,0.0029323578356406834,0.5512832730978148
2011-02-15,12:00:00,1364.93,1373.93,1364.37,1372.25,7441,1365.93,1363.35,BULLISH_LONDON_BREAKOUT,1,0,-0.04663873200948078,-0.08234651120423458,0.17125159409727886
2011-02-17,16:00:00,1379.56,1384.14,1378.06,1382.7,21777,1379.9,1376.2,BULLISH_LONDON_BREAKOUT,1,0,0.055688146380269164,0.1453677587329132,0.34787010920662076
2011-02-18,20:00:00,1387.48,1391.65,1385.78,1389.79,7823,1388.2,1383.45,BULLISH_LONDON_BREAKOUT,1,0,0.18635909022227426,0.5914562631764532,1.162765597680231
2011-02-21,12:00:00,1398.0,1403.42,1396.88,1400.43,14443,1398.25,1393.6,BULLISH_LONDON_BREAKOUT,1,0,0.5105574716337028,0.6426597545039737,-0.0621237762687259
2011-02-23,12:00:00,1401.15,1404.31,1399.45,1403.85,14723,1403.46,1396.97,BULLISH_LONDON_BREAKOUT,1,0,0.7109021619118865,0.7422445417957811,0.9416960501478099
2011-02-24,12:00:00,1412.35,1417.84,1412.35,1417.07,18241,1415.3,1407.88,BULLISH_LONDON_BREAKOUT,1,0,-0.4445793080087755,-1.0211210455376254,-0.8856302088111353
2011-02-24,20:00:00,1410.77,1415.64,1392.39,1398.83,18996,1415.3,1407.88,BEARISH_LONDON_BREAKOUT,1,1,0.2695109484354769,0.4575252175032057,0.8092477284587951
2011-02-25,20:00:00,1405.73,1410.75,1404.8,1410.15,16303,1409.55,1404.3,BULLISH_LONDON_BREAKOUT,1,0,0.3191149877672588,0.005673155338079441,0.08084246356769652
2011-03-01,12:00:00,1413.63,1422.75,1412.7,1421.85,17194,1415.23,1412.15,BULLISH_LONDON_BREAKOUT,1,0,0.3833034426978968,0.6386046348067768,0.7919260118859227
2011-03-02,12:00:00,1428.92,1433.97,1428.42,1433.11,16007,1430.41,1427.52,BULLISH_LONDON_BREAKOUT,1,0,0.4333233317749536,-0.08094284458275042,-0.47588810349519134
2011-03-03,16:00:00,1426.35,1430.7,1417.48,1421.78,25696,1436.07,1422.49,BEARISH_LONDON_BREAKOUT,0,1,-0.4402931536524632,-0.22295995160995885,0.6829467287484728
2011-03-04,16:00:00,1417.93,1431.76,1415.46,1431.49,25148,1419.7,1414.59,BULLISH_LONDON_BREAKOUT,1,0,-0.05937868933767677,0.30807061174022043,0.003492864078684065
2011-03-07,12:00:00,1437.72,1443.94,1436.7,1443.03,16435,1438.67,1435.4,BULLISH_LONDON_BREAKOUT,1,0,-0.7962412423858138,-0.7401093532359039,-0.6839774640859781
2011-03-07,16:00:00,1443.0,1444.48,1428.03,1431.54,24535,1438.67,1435.4,BEARISH_LONDON_BREAKOUT,1,1,0.06077371222600264,-0.01606661357698829,-0.42541598558195504
2011-03-08,12:00:00,1428.04,1436.55,1427.9,1433.16,18479,1431.36,1425.85,BULLISH_LONDON_BREAKOUT,1,0,-0.5379720338273491,-0.47308046554466854,-0.0439588043205301
2011-03-08,16:00:00,1433.16,1435.02,1423.16,1425.45,23943,1431.36,1425.85,BEARISH_LONDON_BREAKOUT,1,1,0.19151846785225846,0.014732189834791565,0.22589357746676678
2011-03-09,12:00:00,1425.58,1434.83,1425.24,1432.53,15074,1428.01,1422.92,BULLISH_LONDON_BREAKOUT,1,0,-0.2694533447816032,-0.3455425017277157,-0.9961396968998892
2011-03-10,12:00:00,1426.99,1428.21,1416.14,1418.26,17768,1431.34,1424.54,BEARISH_LONDON_BREAKOUT,0,1,-0.8700802391662966,-0.3398530593826193,-0.371582079449465
2011-03-11,16:00:00,1413.0,1421.17,1406.56,1420.83,23625,1418.76,1411.48,BULLISH_LONDON_BREAKOUT,1,0,-0.25548447034479016,0.08093860630758719,0.14357804944996683
2011-03-15,12:00:00,1413.18,1413.5,1380.88,1391.2,24922,1417.22,1411.5,BEARISH_LONDON_BREAKOUT,0,1,0.26308223116732704,0.4801610120759103,0.7453996549741152
2011-03-17,12:00:00,1398.37,1403.39,1396.8,1399.44,20231,1398.49,1391.33,BULLISH_LONDON_BREAKOUT,1,0,0.0971817298347839,0.5259246555765091,1.2805122048819417
2011-03-18,12:00:00,1413.7,1423.59,1410.3,1417.36,9706,1414.76,1409.25,BULLISH_LONDON_BREAKOUT,1,0,0.007760907602876287,0.7302308517243422,1.0893492126206508
2011-03-21,12:00:00,1426.1,1434.65,1425.11,1432.8,3076,1428.51,1425.3,BULLISH_LONDON_BREAKOUT,1,0,-0.36292573981016507,-0.3412897822445472,-0.7900614182021173
2011-03-22,12:00:00,1431.51,1431.55,1421.2,1421.48,4537,1431.93,1427.03,BEARISH_LONDON_BREAKOUT,0,1,0.21245462475729393,0.38129273714720385,0.7365562653009559
2011-03-23,12:00:00,1430.95,1434.4,1429.88,1431.95,3775,1429.5,1426.6,BULLISH_LONDON_BREAKOUT,1,0,0.515381123642577,0.37012465519047133,0.46789343203324457
2011-03-24,20:00:00,1437.78,1439.35,1423.8,1430.05,3443,1439.9,1435.6,BEARISH_LONDON_BREAKOUT,0,1,0.18530820600678935,0.1517429460508425,-0.05104716618300187
2011-03-25,16:00:00,1432.96,1437.7,1422.35,1425.4,5356,1435.1,1432.15,BEARISH_LONDON_BREAKOUT,0,1,0.2750105233618525,0.028062298302221383,-0.1929283008278378
2011-03-28,12:00:00,1418.46,1420.6,1411.8,1412.06,4396,1425.82,1415.31,BEARISH_LONDON_BREAKOUT,0,1,0.7499681316658036,0.5941673866549652,0.12251604039488537
2011-03-29,12:00:00,1417.8,1418.23,1410.95,1413.79,4253,1420.25,1417.65,BEARISH_LONDON_BREAKOUT,0,1,0.3968057490857997,0.21997609263045623,0.5948549643157812
2011-03-31,12:00:00,1429.2,1434.6,1426.55,1433.85,4527,1429.28,1425.08,BULLISH_LONDON_BREAKOUT,1,0,0.24409805767688394,-0.11507479861909292,-0.6813822924294719
2011-04-01,12:00:00,1434.9,1435.38,1420.08,1424.08,3966,1435.83,1432.23,BEARISH_LONDON_BREAKOUT,0,1,0.14886804112129365,0.41570698275378304,0.7738329307342272
2011-04-05,16:00:00,1434.4,1453.72,1430.2,1452.38,6082,1438.88,1434.15,BULLISH_LONDON_BREAKOUT,1,0,0.22170506341314253,0.12531155758134482,0.2526886902876551
2011-04-06,20:00:00,1455.97,1460.65,1454.9,1459.35,3229,1458.75,1452.9,BULLISH_LONDON_BREAKOUT,1,0,-0.2569637167231987,-0.045225614143273,-0.106211669578919
2011-04-08,12:00:00,1468.72,1472.7,1468.25,1469.49,2894,1468.8,1464.61,BULLISH_LONDON_BREAKOUT,1,0,0.1333796078911756,0.4328032174427795,-0.07077285316674245
2011-04-11,12:00:00,1472.65,1473.25,1464.5,1468.45,2972,1475.6,1470.72,BEARISH_LONDON_BREAKOUT,0,1,-0.15186080561136014,-0.7647519493343333,-0.21451190030304682
2011-04-12,12:00:00,1462.45,1467.2,1457.9,1465.3,3496,1463.4,1455.13,BULLISH_LONDON_BREAKOUT,1,0,-0.8257694670033379,-0.6565208489728991,-0.24227120726130857
2011-04-12,16:00:00,1465.5,1467.1,1445.63,1453.2,6995,1463.4,1455.13,BEARISH_LONDON_BREAKOUT,1,1,-0.0412881915772183,0.2752546105147261,0.0928984310487138
2011-04-13,12:00:00,1457.0,1462.1,1455.93,1461.75,4251,1459.3,1455.83,BULLISH_LONDON_BREAKOUT,1,0,-0.4925602873268374,-0.40157345647339765,-0.32837352488455307
2011-04-13,16:00:00,1461.8,1461.85,1451.1,1454.55,7824,1459.3,1455.83,BEARISH_LONDON_BREAKOUT,1,1,0.16637448007975475,0.2921865869169159,1.1804338111443453
2011-04-14,12:00:00,1461.88,1462.2,1452.3,1456.95,6383,1463.72,1458.33,BEARISH_LONDON_BREAKOUT,0,1,1.013761625313153,1.38302618483818,1.1668210988709289
2011-04-14,16:00:00,1457.0,1473.8,1456.63,1471.72,8138,1463.72,1458.33,BULLISH_LONDON_BREAKOUT,1,1,0.13793384611203033,0.18889462669529344,0.9363194085831525
2011-04-15,16:00:00,1473.95,1487.4,1472.4,1485.5,6403,1478.05,1471.4,BULLISH_LONDON_BREAKOUT,1,0,0.05721979131604908,0.06731740154830024,0.589027263547627
2011-04-18,12:00:00,1484.35,1485.2,1477.3,1482.0,2904,1487.3,1483.65,BEARISH_LONDON_BREAKOUT,0,1,0.8265856950067476,0.9109311740890688,0.9615384615384616
2011-04-18,16:00:00,1481.84,1497.4,1481.5,1494.25,5361,1487.3,1483.65,BULLISH_LONDON_BREAKOUT,1,1,0.05019240421616195,0.02342312196753616,0.16061569349172433
2011-04-19,16:00:00,1491.25,1498.95,1489.4,1496.25,990,1494.95,1489.95,BULLISH_LONDON_BREAKOUT,1,0,0.02673350041771702,0.3976608187134533,0.761904761904768
2011-04-20,16:00:00,1501.65,1505.65,1499.75,1504.1,1074,1503.8,1499.4,BULLISH_LONDON_BREAKOUT,1,0,-0.13296988232165416,0.043215211754543646,0.8662987833255901
2011-04-21,16:00:00,1502.4,1502.5,1501.95,1501.95,13,1507.8,1504.2,BEARISH_LONDON_BREAKOUT,0,1,0.19974033756117046,0.6977595792136901,0.12983121941476383
2011-04-25,12:00:00,1516.93,1517.88,1510.73,1512.43,599,1517.98,1515.43,BEARISH_LONDON_BREAKOUT,0,1,-0.17852065880735277,-0.5639930443061809,-0.43175551926369965
2011-04-26,20:00:00,1502.0,1506.1,1500.5,1505.9,1736,1505.5,1499.5,BULLISH_LONDON_BREAKOUT,1,0,0.21581778338535096,0.13281094362175444,1.377913540075702
2011-04-27,16:00:00,1508.1,1514.65,1502.8,1512.15,7037,1508.9,1503.6,BULLISH_LONDON_BREAKOUT,1,0,0.9588995800681149,1.273021856297325,1.2465694540885432
2011-04-28,20:00:00,1531.1,1536.5,1525.1,1535.75,3608,1534.25,1528.56,BULLISH_LONDON_BREAKOUT,1,0,-0.04232459710239889,-0.15301969721633787,1.7939117694937297
2011-04-29,12:00:00,1533.5,1540.25,1532.9,1537.11,2860,1534.4,1531.5,BULLISH_LONDON_BREAKOUT,1,0,0.7442538269870117,0.5360709383193141,1.053275302353121
2011-05-02,16:00:00,1553.19,1575.13,1551.3,1562.97,7866,1559.9,1548.03,BULLISH_LONDON_BREAKOUT,1,0,-1.1465351222352362,-0.8682188397729922,-1.511225423392651
2011-05-02,20:00:00,1563.0,1563.18,1542.4,1545.05,4802,1559.9,1548.03,BEARISH_LONDON_BREAKOUT,1,1,-0.04012815119251098,0.11326494288210738,-0.6148668327885829
2011-05-03,16:00:00,1543.1,1548.6,1532.4,1539.35,9503,1550.85,1540.28,BEARISH_LONDON_BREAKOUT,0,1,-0.2468574398284961,-0.4644817617825617,-1.828693929255846
2011-05-04,12:00:00,1537.5,1542.95,1530.8,1540.38,6065,1538.73,1531.15,BULLISH_LONDON_BREAKOUT,1,0,-1.8943377608122713,-1.4580817720302806,-2.095586803256352
2011-05-04,16:00:00,1540.28,1541.89,1505.9,1511.2,13290,1538.73,1531.15,BEARISH_LONDON_BREAKOUT,1,1,0.30571731074641945,0.6749602964531528,-1.9772366331392344
2011-05-05,12:00:00,1514.11,1515.56,1496.1,1508.1,8898,1521.8,1511.31,BEARISH_LONDON_BREAKOUT,0,1,-1.7757443140375289,-1.4408858828990134,-1.5085206551289703
2011-05-06,20:00:00,1484.15,1496.2,1483.05,1495.0,3827,1487.95,1476.6,BULLISH_LONDON_BREAKOUT,1,0,-0.10367892976588325,0.7826086956521769,1.1290969899665624
2011-05-09,20:00:00,1508.13,1513.35,1502.7,1511.88,7042,1508.5,1500.8,BULLISH_LONDON_BREAKOUT,1,0,0.06415853110033864,0.754028097468044,-0.6104981876868546
2011-05-11,12:00:00,1523.4,1526.37,1513.76,1514.8,4377,1524.9,1520.7,BEARISH_LONDON_BREAKOUT,0,1,-0.8020860839714724,-0.7327700026406067,-1.8022181146025849
2011-05-12,12:00:00,1495.25,1495.9,1478.08,1487.5,6738,1505.8,1490.5,BEARISH_LONDON_BREAKOUT,0,1,0.3697478991596639,1.1327731092436912,1.492436974789919
2011-05-13,16:00:00,1509.8,1511.65,1493.05,1493.85,8873,1516.25,1501.8,BEARISH_LONDON_BREAKOUT,0,1,0.050205843960236966,-0.15731164440873643,0.12384108176859367
2011-05-17,16:00:00,1492.85,1492.9,1471.68,1475.9,8391,1497.5,1492.75,BEARISH_LONDON_BREAKOUT,0,1,0.575919777762721,1.0840842875533572,1.5041669489802707
2011-05-18,16:00:00,1491.72,1499.6,1488.8,1498.1,5470,1496.0,1488.0,BULLISH_LONDON_BREAKOUT,1,0,-0.3090581403110528,-0.08010146185166665,-0.6207863293505076
2011-05-19,12:00:00,1494.2,1495.4,1487.68,1491.3,4541,1498.38,1492.55,BEARISH_LONDON_BREAKOUT,0,1,-0.16763897270837524,0.24475290015423395,0.25682290618924125
2011-05-20,12:00:00,1503.65,1504.22,1492.6,1495.13,6531,1503.7,1495.5,BEARISH_LONDON_BREAKOUT,0,1,0.9577762468815377,1.4560606769979854,1.0213158721984028
2011-05-20,16:00:00,1495.08,1514.55,1486.78,1509.45,11828,1503.7,1495.5,BULLISH_LONDON_BREAKOUT,1,1,0.2252476067441693,-0.0013249859220233733,0.14243598661763315
2011-05-23,20:00:00,1511.5,1517.43,1511.2,1516.63,6678,1511.6,1504.9,BULLISH_LONDON_BREAKOUT,1,0,-0.16681721975697433,0.18923534415117008,0.500451659270878
2011-05-24,12:00:00,1519.4,1523.22,1519.03,1520.8,5557,1519.55,1516.1,BULLISH_LONDON_BREAKOUT,1,0,0.22356654392425637,0.2327722251446583,0.4175433982114766
2011-05-25,12:00:00,1525.3,1528.4,1522.7,1527.15,4797,1525.75,1520.95,BULLISH_LONDON_BREAKOUT,1,0,0.1604295583275918,-0.10804439642471866,-0.4485479487935131
2011-05-26,12:00:00,1525.9,1526.1,1515.1,1520.3,5386,1530.8,1524.2,BEARISH_LONDON_BREAKOUT,0,1,-0.04604354403736404,0.23679536933500864,0.3453265802802079
2011-05-27,16:00:00,1533.9,1538.15,1531.28,1536.5,2136,1527.6,1522.4,BULLISH_LONDON_BREAKOUT,1,0,-0.03514480963227879,-0.058574682720474516,0.10738691832086501
2011-05-30,12:00:00,1535.18,1537.7,1534.4,1537.55,1100,1536.2,1534.05,BULLISH_LONDON_BREAKOUT,1,0,0.039023121199319465,0.055282755032365544,-0.12032129036453508
2011-06-01,16:00:00,1533.1,1549.88,1532.95,1548.8,4376,1533.4,1529.6,BULLISH_LONDON_BREAKOUT,1,0,-0.7166838842975148,-0.5920712809917256,-1.4462809917355284
2011-06-02,16:00:00,1541.22,1542.5,1519.55,1526.4,8682,1542.2,1538.3,BEARISH_LONDON_BREAKOUT,0,1,0.4769392033542959,0.3734276729559629,1.0449423480083737
2011-06-03,16:00:00,1528.94,1545.43,1525.12,1542.35,8601,1532.8,1527.35,BULLISH_LONDON_BREAKOUT,1,0,-0.012967225337946517,0.17181573572795353,0.6678121049048649
2011-06-06,12:00:00,1543.65,1545.58,1542.33,1542.7,4086,1547.8,1542.9,BEARISH_LONDON_BREAKOUT,0,1,0.6449730991119496,0.10371426719387497,0.20094639268813827
2011-06-06,16:00:00,1542.65,1553.22,1540.8,1552.65,6742,1547.8,1542.9,BULLISH_LONDON_BREAKOUT,1,1,-0.5667729365922894,-0.5519595530222627,-0.9177857211863587
2011-06-07,16:00:00,1545.78,1547.53,1536.7,1538.4,6905,1546.33,1543.95,BEARISH_LONDON_BREAKOUT,0,1,0.30226209048361047,0.13000520020800832,-0.029251170046804827
2011-06-09,16:00:00,1535.8,1549.3,1533.7,1546.53,5598,1537.8,1533.6,BULLISH_LONDON_BREAKOUT,1,0,-0.11509637705055659,-0.24118510471830604,-0.758472192585984
2011-06-10,16:00:00,1540.95,1541.78,1525.9,1534.8,5615,1543.48,1540.3,BEARISH_LONDON_BREAKOUT,0,1,-0.23977065415689758,-0.306228824602557,-0.700416992442012
2011-06-13,16:00:00,1528.13,1532.18,1523.18,1524.05,6528,1531.4,1527.95,BEARISH_LONDON_BREAKOUT,0,1,-0.49539057117548335,-0.2329319904202588,-0.374003477576198
2011-06-14,20:00:00,1518.4,1525.95,1517.58,1525.6,3466,1523.7,1517.5,BULLISH_LONDON_BREAKOUT,1,0,0.0426061877294239,-0.21434189826953212,0.321185107498695
2011-06-15,12:00:00,1522.2,1522.55,1515.05,1515.98,3427,1525.58,1520.55,BEARISH_LONDON_BREAKOUT,0,1,0.36741909523871924,0.8390612013351118,0.7862900565970575
2011-06-15,20:00:00,1521.65,1532.28,1518.18,1530.5,5319,1525.58,1520.55,BULLISH_LONDON_BREAKOUT,1,1,-0.11760862463247007,-0.28422084286180394,-0.13524991832733985
2011-06-17,12:00:00,1523.65,1528.78,1522.63,1528.4,8789,1527.95,1522.4,BULLISH_LONDON_BREAKOUT,1,0,0.7098926982465263,0.6686731222193012,0.5005234231876382
2011-06-20,16:00:00,1535.95,1546.68,1532.84,1539.25,11570,1538.65,1534.85,BULLISH_LONDON_BREAKOUT,1,0,0.006496670456385191,0.14617508526879974,0.2631151534838366
2011-06-21,12:00:00,1543.48,1545.0,1542.22,1544.4,4351,1544.0,1541.05,BULLISH_LONDON_BREAKOUT,1,0,-0.07122507122508005,0.056332556332549265,0.025900025900017064
2011-06-22,16:00:00,1544.9,1557.86,1543.98,1555.6,10842,1547.19,1544.75,BULLISH_LONDON_BREAKOUT,1,0,-0.3895602982771886,-0.5824119310876797,-2.2422216508099693
2011-06-23,12:00:00,1543.95,1544.44,1536.4,1538.67,7636,1547.52,1542.55,BEARISH_LONDON_BREAKOUT,0,1,-1.1665919267939224,-0.9209252146334218,-1.2718776605770024
2011-06-24,16:00:00,1519.25,1521.85,1504.77,1508.77,14033,1523.94,1516.18,BEARISH_LONDON_BREAKOUT,0,1,-0.42948892143931927,-0.2989189869894014,-0.7138264944292358
2011-06-29,16:00:00,1506.62,1512.73,1503.05,1510.6,18567,1509.34,1502.8,BULLISH_LONDON_BREAKOUT,1,0,0.003309943068991255,0.1575532900834178,-0.27737322918044666
2011-06-30,16:00:00,1507.97,1512.64,1501.32,1506.41,18610,1513.92,1507.53,BEARISH_LONDON_BREAKOUT,0,1,-0.507829873673176,-0.40095325973673773,-1.338281078856359
2011-07-01,12:00:00,1492.57,1494.6,1487.41,1489.8,15881,1501.63,1491.52,BEARISH_LONDON_BREAKOUT,0,1,-0.2382870183917274,0.345683984427446,0.8423949523425933
2011-07-05,12:00:00,1497.38,1504.64,1496.27,1502.35,12501,1497.65,1492.85,BULLISH_LONDON_BREAKOUT,1,0,0.41268679069458153,0.666289479814956,0.5990614703630979
2011-07-06,12:00:00,1516.85,1517.59,1509.98,1511.35,14486,1518.55,1513.9,BEARISH_LONDON_BREAKOUT,0,1,1.1360704006351985,1.085122572534495,1.0487312667482807
2011-07-06,16:00:00,1511.3,1533.57,1511.0,1528.52,19001,1518.55,1513.9,BULLISH_LONDON_BREAKOUT,1,1,-0.01700991809070152,0.12364901996703348,-0.03729097427576586
2011-07-07,12:00:00,1529.32,1531.3,1523.89,1527.2,14049,1534.32,1527.85,BEARISH_LONDON_BREAKOUT,0,1,0.04910948140387638,0.18334206390780214,-0.028156102671559956
2011-07-08,16:00:00,1526.77,1545.2,1525.47,1543.44,18004,1531.95,1525.82,BULLISH_LONDON_BREAKOUT,1,0,0.020085004924062188,-0.03304307261701076,0.15290519877675193
2011-07-11,12:00:00,1546.02,1550.28,1542.78,1548.79,13042,1547.72,1542.92,BULLISH_LONDON_BREAKOUT,1,0,-0.1930539324246676,0.17884929525629567,-0.005165322606675356
2011-07-12,16:00:00,1548.73,1554.15,1546.32,1553.3,18434,1552.4,1545.07,BULLISH_LONDON_BREAKOUT,1,0,0.9380029614369366,0.7686860233052247,2.0472542329234504
2011-07-13,16:00:00,1572.33,1587.61,1571.68,1585.1,20178,1572.99,1564.5,BULLISH_LONDON_BREAKOUT,1,0,-0.20755788278341833,-0.029020251088247368,0.02902025108826171
2011-07-15,16:00:00,1581.78,1590.65,1579.99,1589.4,16574,1584.36,1575.63,BULLISH_LONDON_BREAKOUT,1,0,0.21328803322007503,0.36177173776267774,0.8430854410469273
2011-07-18,12:00:00,1598.19,1602.95,1597.03,1601.99,3970,1599.5,1495.75,BULLISH_LONDON_BREAKOUT,1,0,0.0505621133714908,0.0730341637588295,0.028090062984166286
2011-07-19,12:00:00,1608.15,1608.2,1599.2,1602.44,12173,1609.75,1602.6,BEARISH_LONDON_BREAKOUT,0,1,-0.027458126357308515,-0.8075185342352945,-0.9329522478220742
2011-07-20,16:00:00,1587.52,1597.71,1580.88,1597.11,18779,1592.51,1587.04,BULLISH_LONDON_BREAKOUT,1,0,0.2329207130379265,0.24669559391651513,-0.0018783928470783298
2011-07-21,20:00:00,1596.93,1598.2,1584.73,1590.04,16608,1604.28,1596.67,BEARISH_LONDON_BREAKOUT,0,1,0.06729390455585622,-0.2830117481321225,0.6798571105129396
2011-07-22,12:00:00,1585.51,1597.77,1584.48,1596.56,13651,1590.32,1583.23,BULLISH_LONDON_BREAKOUT,1,0,0.4447061181540397,1.1919376659818592,1.2921531292278468
2011-07-26,20:00:00,1613.23,1619.61,1612.87,1619.34,12999,1616.33,1607.79,BULLISH_LONDON_BREAKOUT,1,0,-0.015438388479256982,0.21613743870959773,-0.3631108970321169
2011-07-27,12:00:00,1622.86,1624.46,1616.6,1617.71,9734,1625.29,1621.17,BEARISH_LONDON_BREAKOUT,0,1,0.16257549251719292,-0.283734414697328,-0.11992260664767199
2011-07-28,16:00:00,1615.64,1619.91,1603.0,1611.3,19328,1619.54,1612.05,BEARISH_LONDON_BREAKOUT,0,1,0.19363247067585915,0.23707565319927615,0.8347297213430178
2011-07-29,12:00:00,1612.72,1617.21,1612.0,1615.56,11891,1615.27,1610.42,BULLISH_LONDON_BREAKOUT,1,0,0.5688430018074262,-0.03713882492757366,0.22592785164277968
2011-08-01,12:00:00,1615.4,1619.8,1613.64,1619.21,11880,1616.05,1611.49,BULLISH_LONDON_BREAKOUT,1,0,0.6385830127037209,-0.06546402257890856,0.776922079285573
2011-08-02,12:00:00,1627.13,1632.0,1623.98,1631.79,12182,1629.23,1619.74,BULLISH_LONDON_BREAKOUT,1,0,0.5564441502889421,1.3721128331464283,2.277253813297059
2011-08-05,16:00:00,1662.07,1666.51,1649.49,1651.58,16512,1663.25,1652.9,BEARISH_LONDON_BREAKOUT,0,1,0.819821019871878,2.8282008743142955,3.264752539992012
2011-08-05,20:00:00,1651.59,1665.12,1648.26,1665.12,13140,1663.25,1652.9,BULLISH_LONDON_BREAKOUT,1,1,1.322427212453169,2.4112376285192716,3.031613337176901
2011-08-08,20:00:00,1705.49,1720.03,1705.47,1715.6,8758,1714.59,1697.61,BULLISH_LONDON_BREAKOUT,1,0,0.3264164140825447,2.287829330846351,0.9734203777104248
2011-08-09,20:00:00,1741.37,1773.55,1723.18,1732.3,11910,1772.0,1732.85,BEARISH_LONDON_BREAKOUT,0,1,1.7866420365987443,1.7017837557005149,3.4791895168273386
2011-08-10,12:00:00,1761.77,1766.37,1752.0,1765.25,11917,1761.95,1741.25,BULLISH_LONDON_BREAKOUT,1,0,1.255912760232266,2.4438464806684665,0.6605296700184157
2011-08-11,16:00:00,1776.85,1785.67,1751.36,1761.19,20446,1795.57,1776.04,BEARISH_LONDON_BREAKOUT,0,1,-0.41903485711366234,0.25664465503437917,-1.5699612194027952
2011-08-12,16:00:00,1751.35,1757.86,1723.37,1733.54,18573,1766.98,1746.18,BEARISH_LONDON_BREAKOUT,0,1,0.5445504574454616,0.42514161773020054,0.7279901242544227
2011-08-15,20:00:00,1746.02,1764.83,1743.41,1764.01,11664,1746.42,1734.44,BULLISH_LONDON_BREAKOUT,1,0,0.10714224976049455,0.4994302753385721,1.233553097771554
2011-08-16,12:00:00,1772.84,1781.96,1772.37,1780.73,8340,1775.6,1763.67,BULLISH_LONDON_BREAKOUT,1,0,-0.34199457525845683,0.25326691862326073,0.35603376143491255
2011-08-17,16:00:00,1787.06,1792.87,1778.97,1783.25,12020,1790.89,1783.28,BEARISH_LONDON_BREAKOUT,0,1,0.42843123510444975,0.4682461797280196,1.7176503574933468
2011-08-18,12:00:00,1795.3,1815.0,1792.63,1813.34,9097,1795.45,1789.61,BULLISH_LONDON_BREAKOUT,1,0,0.029779302281987437,0.6634166786151507,2.818555814133043
2011-08-22,12:00:00,1884.8,1888.94,1865.86,1865.97,14188,1894.53,1868.68,BEARISH_LONDON_BREAKOUT,0,1,1.2904816261783376,2.2974645894628476,0.7320589291360569
2011-08-22,20:00:00,1890.07,1897.22,1880.71,1894.85,16295,1894.53,1868.68,BULLISH_LONDON_BREAKOUT,1,1,0.7383170171781412,-1.0866295485130706,-3.7306383091009754
2011-08-23,16:00:00,1879.73,1886.89,1862.08,1863.69,20298,1905.55,1871.44,BEARISH_LONDON_BREAKOUT,0,1,-2.1210609060519707,-1.103187761913191,-4.263584609028327
2011-08-24,16:00:00,1845.43,1849.51,1764.6,1784.23,21311,1851.7,1839.06,BEARISH_LONDON_BREAKOUT,0,1,-1.2106062559199156,-1.6785952483704478,-2.4598846561261776
2011-08-25,12:00:00,1736.24,1740.4,1702.55,1725.67,15201,1755.72,1728.96,BEARISH_LONDON_BREAKOUT,0,1,0.8501045970550479,2.2727404428424918,3.6808891618907427
2011-08-25,20:00:00,1740.34,1773.79,1740.29,1769.75,17849,1755.72,1728.96,BULLISH_LONDON_BREAKOUT,1,1,-0.2746150586240938,0.9187738381127273,3.13716626642181
2011-08-26,12:00:00,1785.98,1794.15,1782.22,1789.19,10589,1787.85,1765.52,BULLISH_LONDON_BREAKOUT,1,0,-0.48625355607845144,1.901977990040184,1.8175822578932355
2011-08-29,16:00:00,1821.67,1822.33,1779.19,1789.04,21665,1825.4,1810.96,BEARISH_LONDON_BREAKOUT,0,1,-0.18669230425255545,0.3683539775522149,1.6942047131422409
2011-08-30,12:00:00,1795.95,1817.13,1783.58,1812.58,10839,1798.66,1791.0,BULLISH_LONDON_BREAKOUT,1,0,0.3735007558287073,0.9351311390393829,0.8352734775844433
2011-09-02,12:00:00,1852.2,1861.34,1845.45,1858.76,8780,1855.64,1827.23,BULLISH_LONDON_BREAKOUT,1,0,0.8527190169790564,1.5504960296111352,1.6537906991757951
2011-09-05,16:00:00,1889.43,1902.31,1884.28,1899.83,8317,1897.29,1874.7,BULLISH_LONDON_BREAKOUT,1,0,-0.012632709242406379,0.44109209771401175,-1.5769832037603384
2011-09-06,16:00:00,1894.69,1908.37,1862.69,1869.87,18726,1920.61,1882.38,BEARISH_LONDON_BREAKOUT,0,1,0.45885542845225363,0.21498820773637792,-2.8440479819452604
2011-09-08,12:00:00,1835.65,1854.75,1826.22,1851.43,11542,1845.67,1826.79,BULLISH_LONDON_BREAKOUT,1,0,0.3872682197004394,0.6562494936346426,-1.277931112707479
2011-09-09,12:00:00,1874.13,1885.84,1822.77,1827.77,15312,1879.75,1858.77,BEARISH_LONDON_BREAKOUT,0,1,1.988215147420076,1.6566635845866806,0.6434069932212473
2011-09-12,16:00:00,1839.48,1847.83,1819.06,1819.82,17654,1857.63,1825.69,BEARISH_LONDON_BREAKOUT,0,1,-0.28794056555043956,0.6220395423723315,0.08022771482894113
2011-09-15,12:00:00,1810.0,1815.57,1797.67,1802.78,10529,1816.7,1803.78,BEARISH_LONDON_BREAKOUT,0,1,-1.151000122033748,-0.9479803414726099,-1.0095519142657476
2011-09-16,12:00:00,1778.43,1790.05,1773.73,1784.58,8839,1780.21,1763.12,BULLISH_LONDON_BREAKOUT,1,0,1.1089444014838206,2.2610362102007273,1.7651212049894092
2011-09-19,12:00:00,1823.33,1824.75,1812.12,1816.08,9372,1826.73,1817.65,BEARISH_LONDON_BREAKOUT,0,1,-1.7901193780009688,-1.9118100524205996,-1.2807805823532
2011-09-20,16:00:00,1793.02,1811.34,1775.6,1810.26,16180,1793.66,1769.65,BULLISH_LONDON_BREAKOUT,1,0,-0.27896545247643734,0.16185520311999732,-0.4756222863014098
2011-09-21,12:00:00,1811.92,1813.18,1801.43,1801.83,9188,1816.36,1806.94,BEARISH_LONDON_BREAKOUT,0,1,-0.009989843658937653,-0.9778946959480024,-2.562949889834215
2011-09-22,12:00:00,1772.48,1773.98,1746.39,1755.65,14321,1780.29,1766.6,BEARISH_LONDON_BREAKOUT,0,1,-1.1106997408367272,-0.7997038134024543,-3.6618916070970973
2011-09-23,12:00:00,1733.92,1742.95,1688.67,1691.36,15334,1748.95,1719.84,BEARISH_LONDON_BREAKOUT,0,1,-1.9575962539021794,-2.460150411503163,-3.901593983539874
2011-09-27,12:00:00,1652.93,1677.0,1652.52,1668.55,15063,1657.85,1630.47,BULLISH_LONDON_BREAKOUT,1,0,-0.9043780528003307,-1.5426567978184658,-1.4893170717089634
2011-09-28,20:00:00,1639.51,1640.1,1598.41,1605.26,15726,1669.05,1633.94,BEARISH_LONDON_BREAKOUT,0,1,-1.050920100170682,1.6477081594258904,0.9032804654697681
2011-09-29,12:00:00,1631.53,1634.83,1601.13,1610.31,13839,1633.86,1613.13,BEARISH_LONDON_BREAKOUT,0,1,0.8153709534189137,0.8445578801597292,0.5470996267799334
2011-09-30,12:00:00,1627.12,1634.48,1617.0,1619.12,9668,1633.35,1619.45,BEARISH_LONDON_BREAKOUT,0,1,0.11673007559662657,0.605267058649154,2.2635752754582796
2011-10-03,12:00:00,1650.36,1663.95,1650.16,1655.77,10044,1652.6,1628.18,BULLISH_LONDON_BREAKOUT,1,0,-0.023553996026010417,0.6891053709150474,-0.5816025172578245
2011-10-04,12:00:00,1662.97,1673.13,1640.76,1646.14,11048,1678.35,1661.01,BEARISH_LONDON_BREAKOUT,0,1,-1.5982844715516402,-0.9883727993973906,-1.889268227489772
2011-10-05,12:00:00,1622.66,1624.82,1597.3,1615.04,14190,1630.49,1620.91,BEARISH_LONDON_BREAKOUT,0,1,0.6402318208837023,1.3467158708143452,1.8179116306716943
2011-10-05,20:00:00,1625.45,1646.78,1624.47,1637.71,12913,1630.49,1620.91,BULLISH_LONDON_BREAKOUT,1,1,-0.05617600185625494,0.43902766668091747,0.726013763120447
2011-10-07,12:00:00,1658.9,1660.34,1646.14,1649.83,7708,1663.88,1654.76,BEARISH_LONDON_BREAKOUT,0,1,0.15880424043690067,-0.32912481892072737,0.7709885260905686
2011-10-10,12:00:00,1658.63,1667.15,1657.2,1662.55,8511,1661.27,1648.17,BULLISH_LONDON_BREAKOUT,1,0,0.7265946888815467,0.6766713783044119,0.009022285044064295
2011-10-11,12:00:00,1673.7,1673.97,1653.76,1662.7,10782,1681.81,1670.36,BEARISH_LONDON_BREAKOUT,0,1,0.12389486979009715,-0.010224333914721401,1.1926384795813993
2011-10-12,12:00:00,1677.61,1687.96,1675.26,1682.53,11329,1679.15,1664.74,BULLISH_LONDON_BREAKOUT,1,0,-0.3607662270509255,-0.2413032754245063,-0.679334098054719
2011-10-13,16:00:00,1671.0,1671.25,1652.82,1662.13,15066,1681.89,1669.47,BEARISH_LONDON_BREAKOUT,0,1,0.3242826975025944,0.20756499190796254,0.5547099204033258
2011-10-14,20:00:00,1671.43,1683.03,1671.17,1680.62,8223,1677.17,1664.17,BULLISH_LONDON_BREAKOUT,1,0,0.023800740203025725,0.5367066915781206,-0.5849031904892199
2011-10-17,20:00:00,1678.85,1678.85,1664.77,1670.79,12414,1691.36,1677.55,BEARISH_LONDON_BREAKOUT,0,1,0.17895725973940527,-0.5470466066950288,-0.44410129340013244
2011-10-18,12:00:00,1661.77,1663.89,1637.1,1638.24,11049,1674.93,1661.45,BEARISH_LONDON_BREAKOUT,0,1,0.5261744310967802,1.1194940912198408,0.5579158120910306
2011-10-19,16:00:00,1647.28,1660.99,1641.97,1642.75,15264,1662.76,1646.47,BEARISH_LONDON_BREAKOUT,0,1,-0.045655151422918885,-1.2369502358849451,-1.9406483031502122
2011-10-21,12:00:00,1624.5,1637.76,1618.87,1635.47,10468,1630.04,1622.81,BULLISH_LONDON_BREAKOUT,1,0,0.1974967440552268,0.4481892055494706,1.2901490091533265
2011-10-25,16:00:00,1658.1,1699.05,1648.68,1695.66,16292,1663.36,1653.48,BULLISH_LONDON_BREAKOUT,1,0,0.34912659377468624,1.137610134107071,1.0161235153273662
2011-10-26,20:00:00,1712.76,1726.46,1712.48,1721.15,11551,1719.86,1708.79,BULLISH_LONDON_BREAKOUT,1,0,-0.26842518083839984,-0.03892746129042052,1.3496789936960762
2011-10-27,12:00:00,1720.56,1722.0,1705.82,1715.23,9916,1725.0,1718.88,BEARISH_LONDON_BREAKOUT,0,1,0.7019466777050287,1.5793800248363146,1.3794068433971
2011-10-27,16:00:00,1715.25,1732.28,1713.34,1727.27,15166,1725.0,1718.88,BULLISH_LONDON_BREAKOUT,1,1,0.9905805114429203,0.9674225801409182,0.96568573529327
2011-10-31,12:00:00,1713.63,1724.75,1712.39,1724.33,9601,1720.64,1704.14,BULLISH_LONDON_BREAKOUT,1,0,0.023197415807884276,-0.599073263238471,-1.5153711876496891
2011-11-01,12:00:00,1712.91,1713.2,1696.57,1698.2,9586,1719.94,1712.1,BEARISH_LONDON_BREAKOUT,0,1,0.10658344129077525,1.011070545283232,1.9232128135672981
2011-11-02,16:00:00,1730.81,1744.0,1725.1,1737.57,14078,1732.4,1721.07,BULLISH_LONDON_BREAKOUT,1,0,-0.06100473649982133,-0.40171043468752443,1.1101711010203885
2011-11-03,12:00:00,1725.55,1758.42,1724.63,1755.12,10884,1734.74,1722.55,BULLISH_LONDON_BREAKOUT,1,0,0.09913852044304715,0.18973061670997737,0.2142303660148718
2011-11-04,16:00:00,1758.85,1762.9,1748.8,1753.0,15539,1763.61,1757.03,BEARISH_LONDON_BREAKOUT,0,1,0.06731317741015766,0.915002852253278,1.5544780376497433
2011-11-07,16:00:00,1771.09,1782.94,1771.08,1780.25,12322,1772.99,1767.63,BULLISH_LONDON_BREAKOUT,1,0,0.7482095211346685,0.6459766886673219,0.7246173290268272
2011-11-08,20:00:00,1793.11,1802.79,1776.66,1781.82,11313,1793.31,1785.45,BEARISH_LONDON_BREAKOUT,0,1,0.4040812203252879,0.3490812764476786,-0.37489757663511675
2011-11-09,12:00:00,1787.96,1787.96,1777.59,1784.46,11214,1792.25,1785.82,BEARISH_LONDON_BREAKOUT,0,1,0.46904946034093736,-0.7419611535142289,-0.882059558633985
2011-11-09,16:00:00,1784.47,1799.55,1780.61,1792.83,15494,1792.25,1785.82,BULLISH_LONDON_BREAKOUT,1,1,-0.9867081653028914,-1.7815409157588744,-2.335971620287472
2011-11-10,12:00:00,1755.43,1771.45,1753.75,1768.72,10676,1763.78,1753.63,BULLISH_LONDON_BREAKOUT,1,0,-1.0046813514858193,-0.9628431860328357,-0.22332534262065482
2011-11-10,16:00:00,1768.67,1775.2,1735.47,1750.95,14633,1763.78,1753.63,BEARISH_LONDON_BREAKOUT,1,1,0.4072075159199224,0.8898026785459281,1.3609754704588897
2011-11-11,16:00:00,1764.58,1777.08,1762.27,1774.78,11971,1768.67,1763.35,BULLISH_LONDON_BREAKOUT,1,0,0.7437541554446211,0.9646266016069663,0.2929940612357614
2011-11-14,12:00:00,1781.41,1785.51,1774.09,1777.84,9115,1794.17,1780.13,BEARISH_LONDON_BREAKOUT,0,1,0.12037078702245983,0.11193358232461917,-0.6114161004364786
2011-11-15,20:00:00,1778.03,1782.49,1766.84,1780.76,11268,1778.39,1765.91,BULLISH_LONDON_BREAKOUT,1,0,-0.14151261259237527,-0.6738695837732204,-0.4840629843437572
2011-11-16,12:00:00,1768.75,1778.24,1767.74,1775.87,10795,1771.77,1762.35,BULLISH_LONDON_BREAKOUT,1,0,-0.5281918158423693,-0.8058022265143251,-1.1352182310642027
2011-11-17,12:00:00,1764.36,1766.12,1753.87,1755.71,10237,1766.79,1757.26,BEARISH_LONDON_BREAKOUT,0,1,-1.1072443626794888,-1.96444743152343,-1.2860893883386166
2011-11-18,12:00:00,1724.77,1733.59,1724.55,1733.13,9241,1726.77,1716.0,BULLISH_LONDON_BREAKOUT,1,0,-0.4090864505259355,-0.7535499356655398,-1.743666083905998
2011-11-21,12:00:00,1721.5,1721.5,1701.11,1702.91,12165,1726.23,1717.75,BEARISH_LONDON_BREAKOUT,0,1,-0.6917570511653565,-1.490389979505676,-0.3306105431291207
2011-11-22,12:00:00,1688.47,1699.67,1687.77,1697.28,11833,1689.51,1674.63,BULLISH_LONDON_BREAKOUT,1,0,0.03358314479637634,0.22035256410256462,-0.4566129336349925
2011-11-23,12:00:00,1703.22,1703.22,1684.34,1689.53,12897,1709.97,1701.42,BEARISH_LONDON_BREAKOUT,0,1,-0.5356519268672326,0.03373719318389945,0.5030984948476795
2011-11-24,12:00:00,1696.62,1701.67,1694.8,1698.03,8626,1697.3,1687.89,BULLISH_LONDON_BREAKOUT,1,0,-0.24793437100640367,-0.19375393838742327,-1.1584012061035478
2011-11-25,12:00:00,1683.02,1685.33,1671.84,1678.36,12476,1693.45,1680.29,BEARISH_LONDON_BREAKOUT,0,1,0.8532138516170646,0.8573845897185408,2.054982244572083
2011-11-28,12:00:00,1704.34,1718.8,1704.34,1712.85,9739,1707.4,1703.23,BULLISH_LONDON_BREAKOUT,1,0,-0.12085121289079233,-0.047873427328717424,0.06480427357912996
2011-11-29,20:00:00,1712.01,1719.62,1707.79,1718.77,10491,1714.38,1708.6,BULLISH_LONDON_BREAKOUT,1,0,-0.034326873287287896,-0.47184905484735595,1.6471081063783952
2011-11-30,16:00:00,1716.53,1749.93,1712.49,1749.22,15756,1723.25,1708.99,BULLISH_LONDON_BREAKOUT,1,0,-0.12234024307977841,-0.162358079601189,-0.04287625341580819
2011-12-01,16:00:00,1744.86,1753.41,1742.79,1748.47,12388,1748.23,1741.63,BULLISH_LONDON_BREAKOUT,1,0,-0.28424851441546195,-0.4455323797377115,0.13669093550360445
2011-12-02,12:00:00,1746.75,1753.4,1743.92,1752.05,9112,1746.98,1740.21,BULLISH_LONDON_BREAKOUT,1,0,-0.06792043606061783,0.06677891612682703,-0.8076253531577218
2011-12-05,12:00:00,1744.79,1746.71,1734.76,1737.9,8471,1747.73,1743.3,BEARISH_LONDON_BREAKOUT,0,1,0.08918810058115856,-0.9626560791760181,-1.0547212152598051
2011-12-06,12:00:00,1715.45,1722.89,1715.09,1719.57,9223,1717.42,1708.46,BULLISH_LONDON_BREAKOUT,1,0,-0.7949661834063078,0.45883563914234954,0.2832103374680949
2011-12-06,16:00:00,1719.35,1719.56,1701.95,1705.9,15165,1717.42,1708.46,BEARISH_LONDON_BREAKOUT,1,1,1.3465033120346912,1.3711237469957132,1.288469429626591
2011-12-07,12:00:00,1731.67,1732.06,1723.0,1724.44,8954,1732.69,1727.74,BEARISH_LONDON_BREAKOUT,0,1,0.19948505021920473,0.8936234371737987,0.8141773561272044
2011-12-07,20:00:00,1727.89,1742.64,1727.12,1739.67,10376,1732.69,1727.74,BULLISH_LONDON_BREAKOUT,1,1,0.010346789908421498,-0.10921611570010926,-1.8721941517644245
2011-12-08,16:00:00,1738.51,1755.87,1707.93,1710.83,17218,1740.52,1734.58,BEARISH_LONDON_BREAKOUT,0,1,-0.21802283102353937,-0.1256699964344712,0.32440394428436387
2011-12-09,12:00:00,1706.4,1723.71,1706.02,1721.48,10170,1711.85,1703.05,BULLISH_LONDON_BREAKOUT,1,0,-0.2962567093431181,-0.5669540163115453,-2.4548644189883118
2011-12-12,12:00:00,1685.38,1688.6,1675.87,1679.22,11813,1699.68,1681.34,BEARISH_LONDON_BREAKOUT,0,1,-0.8855301866342776,-0.8390800490703969,-0.669358392587035
2011-12-13,12:00:00,1657.3,1669.54,1656.95,1667.98,10734,1658.92,1651.45,BULLISH_LONDON_BREAKOUT,1,0,-0.5503663113466627,-2.3075816256789654,-2.4964328109449814
2011-12-13,20:00:00,1658.77,1664.77,1632.38,1634.77,14077,1658.92,1651.45,BEARISH_LONDON_BREAKOUT,1,1,-0.3229812144827696,0.10888381851881138,-4.056228093248588
2011-12-14,12:00:00,1636.05,1641.14,1624.69,1626.34,13009,1641.21,1635.74,BEARISH_LONDON_BREAKOUT,0,1,-2.5880197252726935,-3.1512475866055074,-2.4576656787633597
2011-12-15,12:00:00,1577.09,1590.84,1573.64,1586.37,12536,1581.24,1564.38,BULLISH_LONDON_BREAKOUT,1,0,-1.0981044775178455,-0.6952980704375381,0.5522040885796011
2011-12-16,20:00:00,1591.8,1598.8,1586.43,1598.64,14007,1595.37,1584.03,BULLISH_LONDON_BREAKOUT,1,0,0.2570935295000688,-0.3290296752239398,-0.3803232747835757
2011-12-20,12:00:00,1599.58,1607.68,1599.32,1604.24,9378,1600.2,1596.18,BULLISH_LONDON_BREAKOUT,1,0,0.6027776392559762,0.8639605046626377,1.215528848551339
2011-12-21,16:00:00,1623.48,1625.28,1605.65,1613.1,14945,1629.88,1622.15,BEARISH_LONDON_BREAKOUT,0,1,-0.12646457132229644,-0.17171905027586523,-0.45130494079722105
2011-12-23,12:00:00,1612.57,1613.63,1604.56,1608.29,6089,1613.35,1608.71,BEARISH_LONDON_BREAKOUT,0,1,-0.06901740357770676,-0.3289207792127019,-0.7678963371033775
2011-12-28,12:00:00,1587.41,1592.42,1581.62,1591.62,8494,1589.25,1586.6,BULLISH_LONDON_BREAKOUT,1,0,-1.211344416380793,-2.2788102687827485,-4.274261444314596
2011-12-28,16:00:00,1591.6,1592.86,1569.31,1572.34,12445,1589.25,1586.6,BEARISH_LONDON_BREAKOUT,1,1,-0.9724359871274637,-0.988971850871946,-2.523627205311818
2011-12-29,12:00:00,1549.54,1554.36,1522.64,1523.59,10584,1557.64,1543.85,BEARISH_LONDON_BREAKOUT,0,1,0.5953045110561348,1.6743349588800132,3.0408443216350958
2011-12-30,12:00:00,1558.99,1573.92,1556.75,1569.92,10664,1562.98,1552.35,BULLISH_LONDON_BREAKOUT,1,0,0.19109253974724827,0.11465552384834607,1.6077252344068493
2012-01-03,12:00:00,1587.32,1597.53,1584.83,1595.16,9524,1590.3,1578.58,BULLISH_LONDON_BREAKOUT,1,0,0.48271019834999734,0.6620025577371514,0.2482509591514211
2012-01-04,16:00:00,1599.05,1614.53,1593.23,1610.36,16590,1605.28,1596.34,BULLISH_LONDON_BREAKOUT,1,0,0.16455947738394466,0.3353287463672776,-0.14344618594599629
2012-01-05,12:00:00,1624.26,1625.6,1604.73,1609.12,14126,1624.86,1614.12,BEARISH_LONDON_BREAKOUT,0,1,-0.06649597295415734,0.6985184448642743,0.831510390772603
2012-01-06,16:00:00,1622.49,1631.14,1608.43,1616.63,17081,1627.98,1618.04,BEARISH_LONDON_BREAKOUT,0,1,-0.004948565843770969,-0.5610436525364594,-0.1620655313831933
2012-01-09,12:00:00,1617.3,1623.61,1615.59,1618.76,12037,1618.08,1607.34,BULLISH_LONDON_BREAKOUT,1,0,-0.29343448071363265,-0.471966196347828,0.665324075218067
2012-01-10,12:00:00,1616.77,1633.76,1616.05,1629.53,12719,1622.6,1614.08,BULLISH_LONDON_BREAKOUT,1,0,0.4872570618521939,0.3086779623572425,0.47866562751222463
2012-01-12,12:00:00,1646.0,1656.68,1644.02,1655.16,11879,1648.02,1641.76,BULLISH_LONDON_BREAKOUT,1,0,-0.126875951569645,-0.4652118224220042,-1.0409869740689732
2012-01-13,16:00:00,1637.74,1643.4,1625.26,1632.08,16951,1648.89,1637.5,BEARISH_LONDON_BREAKOUT,0,1,0.3755943336111042,0.4007156511935667,0.6886917307975104
2012-01-16,12:00:00,1642.55,1647.05,1640.1,1644.79,11485,1643.35,1635.95,BULLISH_LONDON_BREAKOUT,1,0,-0.08937311146103924,-0.05471823150674941,1.0718693571823825
2012-01-17,20:00:00,1659.3,1662.2,1650.45,1651.71,10722,1667.63,1656.78,BEARISH_LONDON_BREAKOUT,0,1,0.15862348717389196,0.3390425680052739,0.3293556374908461
2012-01-18,16:00:00,1655.63,1656.08,1642.52,1650.2,16676,1659.38,1652.11,BEARISH_LONDON_BREAKOUT,0,1,0.42116107138528935,0.8368682583929187,0.5223609259483633
2012-01-19,16:00:00,1663.52,1665.17,1651.71,1658.82,14444,1665.73,1660.52,BEARISH_LONDON_BREAKOUT,0,1,-0.5347174497534326,-0.14468115889607452,-0.027730555455084724
2012-01-20,12:00:00,1657.12,1657.6,1645.45,1646.96,11132,1658.91,1654.85,BEARISH_LONDON_BREAKOUT,0,1,0.6921843882061413,1.0188468450964183,1.677636372468055
2012-01-20,20:00:00,1658.4,1666.9,1656.85,1666.81,12658,1658.91,1654.85,BULLISH_LONDON_BREAKOUT,1,1,-0.18418416016222225,0.09239205428332946,0.5453530996334403
2012-01-23,12:00:00,1668.32,1677.35,1666.65,1674.59,9984,1673.05,1666.57,BULLISH_LONDON_BREAKOUT,1,0,0.1409300186911499,0.262750882305525,-0.5213216369379978
2012-01-24,12:00:00,1676.72,1676.82,1665.29,1665.86,11183,1677.7,1670.7,BEARISH_LONDON_BREAKOUT,0,1,0.1446700202898252,0.04322091892476122,-0.6741262771181127
2012-01-25,12:00:00,1668.4,1669.37,1652.91,1654.63,11948,1670.13,1664.86,BEARISH_LONDON_BREAKOUT,0,1,0.28888633712672757,3.3137317708490674,3.7440394529290426
2012-01-25,20:00:00,1659.42,1708.1,1656.26,1707.04,16819,1670.13,1664.86,BULLISH_LONDON_BREAKOUT,1,2,0.14176586371731612,0.22202174524322593,0.9290936357671834
2012-01-26,12:00:00,1710.76,1720.38,1702.88,1716.58,9886,1714.57,1708.56,BULLISH_LONDON_BREAKOUT,1,0,0.5627468571228886,0.17709631942583298,0.35535774621632177
2012-01-27,16:00:00,1722.61,1730.43,1717.62,1729.93,13708,1724.15,1714.26,BULLISH_LONDON_BREAKOUT,1,0,0.5040666385345087,0.268218945275235,0.16821489886873195
2012-01-30,12:00:00,1727.6,1728.0,1716.16,1721.31,12016,1734.69,1726.46,BEARISH_LONDON_BREAKOUT,0,1,0.6698386693855246,0.479286125102393,0.9678674962673826
2012-02-01,12:00:00,1736.23,1748.45,1736.17,1746.37,13679,1739.48,1732.53,BULLISH_LONDON_BREAKOUT,1,0,0.03951052755143839,-0.06470564656973504,0.06470564656974806
2012-02-02,16:00:00,1747.39,1760.3,1740.98,1758.5,15374,1749.91,1744.06,BULLISH_LONDON_BREAKOUT,1,0,-0.11543929485356684,-0.12794995735001422,-0.8683537105487622
2012-02-03,16:00:00,1756.8,1762.02,1732.97,1743.23,16532,1759.53,1755.49,BEARISH_LONDON_BREAKOUT,0,1,-1.024534915071455,-0.5742214165657997,-1.354382382129732
2012-02-06,12:00:00,1732.27,1732.29,1713.75,1720.74,11591,1735.36,1729.71,BEARISH_LONDON_BREAKOUT,0,1,-0.065088275974297,-0.03951788184153699,-0.31846763601706346
2012-02-07,12:00:00,1727.36,1728.86,1712.47,1715.26,11095,1729.7,1718.98,BEARISH_LONDON_BREAKOUT,0,1,1.2254701911080526,1.7297669158028564,1.8329582687172823
2012-02-07,16:00:00,1715.22,1736.71,1710.07,1736.28,15236,1729.7,1718.98,BULLISH_LONDON_BREAKOUT,1,1,0.6110765544727882,0.5782477480590668,0.2989149215564342
2012-02-08,16:00:00,1746.68,1748.46,1735.26,1741.47,14030,1751.56,1744.75,BEARISH_LONDON_BREAKOUT,0,1,-0.5753759754689992,-0.5518326471314537,0.3393684645730378
2012-02-09,16:00:00,1733.28,1752.59,1728.67,1747.38,16763,1739.6,1731.1,BULLISH_LONDON_BREAKOUT,1,0,-1.097643328869511,-0.9276745756504043,-1.4702011010770442
2012-02-09,20:00:00,1747.38,1749.29,1725.8,1728.2,12858,1739.6,1731.1,BEARISH_LONDON_BREAKOUT,1,1,0.10994097905334241,-0.30378428422636267,-0.3940516143964787
2012-02-13,16:00:00,1728.1,1732.46,1716.07,1726.33,14173,1732.0,1726.4,BEARISH_LONDON_BREAKOUT,0,1,-0.10890154257875852,-0.502221475615893,-0.3220705195414518
2012-02-14,12:00:00,1718.42,1722.28,1712.53,1719.72,12068,1719.24,1714.67,BULLISH_LONDON_BREAKOUT,1,0,0.06105645105016831,-0.02442258042007261,0.3587793361710088
2012-02-15,16:00:00,1725.83,1737.27,1723.75,1730.22,15430,1729.31,1722.76,BULLISH_LONDON_BREAKOUT,1,0,-0.3346395256094579,-0.4155540913872256,-0.7600189571268446
2012-02-16,20:00:00,1716.98,1729.84,1716.61,1729.0,11021,1723.74,1716.93,BULLISH_LONDON_BREAKOUT,1,0,-0.09543088490457437,0.30248698669751406,-0.3545401966454661
2012-02-17,16:00:00,1731.44,1735.8,1721.25,1723.83,13855,1734.84,1730.77,BEARISH_LONDON_BREAKOUT,0,1,-0.055689946224397796,0.6299925166634834,0.601567439944781
2012-02-21,16:00:00,1737.93,1755.58,1736.0,1754.91,13939,1743.13,1734.52,BULLISH_LONDON_BREAKOUT,1,0,0.06211144731068363,0.06211144731068363,0.0005698297918406587
2012-02-22,12:00:00,1758.4,1758.44,1752.37,1753.2,9634,1759.42,1754.3,BEARISH_LONDON_BREAKOUT,0,1,0.09810631987223518,1.2725302304357715,1.3073237508555695
2012-02-22,20:00:00,1754.96,1781.61,1753.66,1778.0,12100,1759.42,1754.3,BULLISH_LONDON_BREAKOUT,1,1,-0.14004499437570353,-0.2643419572553456,0.038807649043872586
2012-02-23,12:00:00,1773.19,1780.8,1772.4,1776.12,10797,1775.94,1772.21,BULLISH_LONDON_BREAKOUT,1,0,0.4571763169155304,0.15370583068711677,0.25617638447853647
2012-02-24,20:00:00,1774.73,1778.35,1770.41,1772.05,11684,1782.03,1774.61,BEARISH_LONDON_BREAKOUT,0,1,0.05304590728252897,-0.008464772438693242,-0.20541181117913562
2012-02-27,12:00:00,1771.88,1772.13,1761.47,1765.64,11177,1776.61,1769.56,BEARISH_LONDON_BREAKOUT,0,1,0.6218708230443233,0.07759226116308482,0.6014816157313999
2012-02-27,16:00:00,1765.65,1779.34,1765.55,1776.62,13536,1776.61,1769.56,BULLISH_LONDON_BREAKOUT,1,1,-0.4621134513852039,-0.458736251984097,0.4350958561763359
2012-02-28,12:00:00,1774.98,1777.41,1773.64,1776.26,9291,1775.62,1768.38,BULLISH_LONDON_BREAKOUT,1,0,0.45545134158287176,0.5567878576334602,0.48078547059551885
2012-02-29,12:00:00,1787.56,1790.56,1780.7,1784.8,11333,1790.28,1785.89,BEARISH_LONDON_BREAKOUT,0,1,-2.647355445988346,-4.955737337516811,-3.9231286418646336
2012-03-02,16:00:00,1716.25,1717.34,1704.75,1713.2,15431,1722.78,1714.52,BEARISH_LONDON_BREAKOUT,0,1,-0.10623394816716883,-0.05720289516694012,-0.7611487275274319
2012-03-05,12:00:00,1709.42,1710.55,1694.49,1696.85,12531,1713.35,1709.25,BEARISH_LONDON_BREAKOUT,0,1,0.19506733064208226,0.5539676459321738,-0.5828446827945825
2012-03-06,12:00:00,1698.73,1700.27,1682.89,1686.96,13050,1704.16,1698.05,BEARISH_LONDON_BREAKOUT,0,1,-1.0112865746668531,-0.7540190638782204,-0.35981884573433487
2012-03-07,12:00:00,1673.7,1682.75,1671.12,1680.89,10240,1677.23,1671.87,BULLISH_LONDON_BREAKOUT,1,0,-0.13742719630672875,0.2177417915508959,1.2172123101452093
2012-03-08,12:00:00,1691.38,1703.86,1690.76,1701.35,11210,1691.79,1684.2,BULLISH_LONDON_BREAKOUT,1,0,-0.32386046374937494,-0.09110412319628264,-0.017045287565754467
2012-03-09,12:00:00,1702.8,1703.3,1696.94,1701.06,10096,1706.56,1701.21,BEARISH_LONDON_BREAKOUT,0,1,0.6554736458443612,0.39681139995061904,0.01704819347935779
2012-03-09,16:00:00,1701.04,1713.95,1676.6,1712.21,16888,1706.56,1701.21,BULLISH_LONDON_BREAKOUT,1,1,0.08643799533935781,-0.3807944119004083,-0.7796940795813677
2012-03-12,12:00:00,1705.71,1708.13,1697.26,1698.81,10608,1708.15,1702.29,BEARISH_LONDON_BREAKOUT,0,1,0.14951642620422317,0.12714782700832242,-0.18895579847069632
2012-03-13,12:00:00,1701.39,1701.59,1691.89,1695.6,10915,1705.42,1700.95,BEARISH_LONDON_BREAKOUT,0,1,0.18813399386648116,-1.293347487614994,-2.356098136352903
2012-03-14,12:00:00,1672.05,1672.06,1653.32,1655.65,13009,1682.24,1668.3,BEARISH_LONDON_BREAKOUT,0,1,-0.35635550992058046,-0.6933832633708826,-0.3931990456920237
2012-03-15,12:00:00,1646.63,1650.2,1643.51,1649.14,10201,1648.9,1640.74,BULLISH_LONDON_BREAKOUT,1,0,-0.13704112446487204,0.5499836278302591,-0.1606898140849225
2012-03-16,12:00:00,1658.1,1658.11,1644.06,1646.49,11591,1664.66,1656.1,BEARISH_LONDON_BREAKOUT,0,1,0.5344702974205707,1.0130641546562726,1.0167082703205006
2012-03-19,12:00:00,1656.73,1658.41,1652.78,1654.65,8650,1664.1,1656.44,BEARISH_LONDON_BREAKOUT,0,1,0.5185386637657466,0.5566131810352527,-0.5439216752787598
2012-03-20,12:00:00,1654.46,1654.57,1645.56,1645.65,10495,1657.83,1652.67,BEARISH_LONDON_BREAKOUT,0,1,0.416856561237195,0.2953240360951539,0.25764895330112775
2012-03-22,12:00:00,1645.9,1646.63,1632.3,1635.38,16553,1652.53,1644.93,BEARISH_LONDON_BREAKOUT,0,1,0.24031112035122335,0.6212623365823144,0.7135956169208284
2012-03-23,16:00:00,1647.16,1666.05,1646.46,1664.99,19609,1648.37,1642.06,BULLISH_LONDON_BREAKOUT,1,0,-0.22402536952173996,-0.05105135766580634,1.2348422513048094
2012-03-26,16:00:00,1661.04,1686.35,1658.99,1685.55,18370,1664.65,1660.62,BULLISH_LONDON_BREAKOUT,1,0,0.18747589807481724,0.1067900685236246,0.06941354454036207
2012-03-27,12:00:00,1689.93,1696.26,1687.35,1693.44,11003,1691.9,1686.43,BULLISH_LONDON_BREAKOUT,1,0,-0.39682539682539847,-0.7718017762660716,-0.989701436130007
2012-03-27,20:00:00,1686.67,1687.46,1681.31,1685.49,10903,1691.9,1686.43,BEARISH_LONDON_BREAKOUT,1,1,-0.30376923031285374,-0.6692415855329887,-1.5318987356792348
2012-03-28,16:00:00,1676.67,1678.21,1669.1,1673.63,28691,1680.94,1673.77,BEARISH_LONDON_BREAKOUT,0,1,-0.8341150672490357,-0.7349294646965089,-1.2398200319066937
2012-03-29,16:00:00,1656.53,1663.79,1648.05,1652.88,38675,1662.92,1656.54,BEARISH_LONDON_BREAKOUT,0,1,0.22445670587095307,0.5566042301921383,0.5088088669473799
2012-03-30,20:00:00,1663.32,1670.92,1661.23,1666.95,31218,1663.3,1660.03,BULLISH_LONDON_BREAKOUT,1,0,0.3305438075527155,-0.025795614745497086,0.6100962836317733
2012-04-02,16:00:00,1665.91,1683.46,1664.23,1681.85,44871,1671.11,1665.56,BULLISH_LONDON_BREAKOUT,1,0,-0.28123792252579116,-0.1575645866159208,-0.42691084222729947
2012-04-03,12:00:00,1676.96,1678.79,1671.66,1672.53,33873,1680.2,1676.83,BEARISH_LONDON_BREAKOUT,0,1,0.12794987234908192,-1.5407795375867686,-2.79755819028657
2012-04-04,12:00:00,1637.99,1638.13,1621.14,1625.74,41910,1645.07,1634.53,BEARISH_LONDON_BREAKOUT,0,1,-0.4354939904289694,-0.15562144008266837,0.004305731543785374
2012-04-05,20:00:00,1624.71,1631.27,1624.69,1630.07,17472,1630.04,1622.75,BULLISH_LONDON_BREAKOUT,1,0,0.03558129405486603,0.6245130577214515,0.7042642340512996
2012-04-10,12:00:00,1647.33,1647.54,1641.41,1646.64,29354,1653.77,1647.03,BEARISH_LONDON_BREAKOUT,0,1,-0.4293591799057574,0.6504153913423583,0.7226837681581805
2012-04-10,20:00:00,1639.58,1662.73,1637.7,1658.43,38256,1653.77,1647.03,BULLISH_LONDON_BREAKOUT,1,2,-0.0651218320942189,-0.14712710213877309,-0.03979667516868857
2012-04-12,12:00:00,1656.54,1658.06,1650.83,1653.43,26861,1660.18,1655.34,BEARISH_LONDON_BREAKOUT,0,1,1.1902529892405385,1.3196809057534904,1.1394495079924711
2012-04-12,16:00:00,1653.41,1675.49,1651.16,1673.11,50506,1660.18,1655.34,BULLISH_LONDON_BREAKOUT,1,1,0.11595173060946708,0.06335506930208851,-0.5684025557195876
2012-04-13,12:00:00,1673.62,1676.27,1669.57,1672.27,17363,1677.83,1672.86,BEARISH_LONDON_BREAKOUT,0,1,-0.5184569477416968,-1.1696675776040917,-1.5338432190973998
2012-04-16,20:00:00,1649.8,1652.39,1645.45,1651.68,22651,1650.95,1641.31,BULLISH_LONDON_BREAKOUT,1,0,-0.016346992153442663,-0.02240143369176343,-0.09808195292066975
2012-04-17,12:00:00,1651.35,1656.75,1649.81,1653.68,23747,1652.08,1645.33,BULLISH_LONDON_BREAKOUT,1,0,-0.055028784287170535,-0.19411252479319072,-0.714769483817919
2012-04-18,12:00:00,1651.28,1651.89,1639.13,1641.86,26601,1654.34,1649.75,BEARISH_LONDON_BREAKOUT,0,1,-0.11389521640090453,-0.02862607043230238,-0.389192744813801
2012-04-19,12:00:00,1643.64,1646.87,1632.12,1635.47,34701,1645.42,1636.73,BEARISH_LONDON_BREAKOUT,0,1,0.6157251432309939,0.36197545659657915,0.5447975199789713
2012-04-19,16:00:00,1635.43,1653.66,1631.09,1645.54,57379,1645.42,1636.73,BULLISH_LONDON_BREAKOUT,1,1,-0.2479429245110983,-0.09358629993801207,-0.19203422584682564
2012-04-23,12:00:00,1633.79,1635.11,1627.59,1630.9,29661,1642.71,1631.84,BEARISH_LONDON_BREAKOUT,0,1,0.09381323195781303,0.3574713348457862,0.7615427064810746
2012-04-24,12:00:00,1638.41,1643.72,1636.22,1643.32,23653,1640.22,1633.94,BULLISH_LONDON_BREAKOUT,1,0,-0.05294160601708073,-0.10466616361999048,-0.034685879804294745
2012-04-25,16:00:00,1642.75,1644.62,1635.23,1639.8,55463,1644.34,1640.98,BEARISH_LONDON_BREAKOUT,0,1,0.22807659470667213,0.38968166849616415,1.1373338211977124
2012-04-26,16:00:00,1650.31,1660.55,1648.57,1658.45,49655,1653.19,1645.57,BULLISH_LONDON_BREAKOUT,1,0,-0.05426753896711332,-0.22490880038590358,0.2858090385601018
2012-04-27,16:00:00,1654.62,1667.44,1654.51,1663.19,50073,1656.95,1650.54,BULLISH_LONDON_BREAKOUT,1,0,-0.04930284573621557,0.023448914435504824,-0.2320841274899517
2012-04-30,16:00:00,1662.11,1662.13,1647.29,1659.33,48746,1665.42,1661.04,BEARISH_LONDON_BREAKOUT,0,1,0.39413498219160525,0.40438008111707957,0.2946972573267584
2012-04-30,20:00:00,1659.31,1665.96,1658.52,1665.87,16314,1665.42,1661.04,BULLISH_LONDON_BREAKOUT,1,1,0.05342553740688649,-0.17888550727246372,-0.27253026946880393
2012-05-01,20:00:00,1664.23,1664.34,1659.55,1661.33,13744,1666.45,1661.52,BEARISH_LONDON_BREAKOUT,0,1,0.055979245544236465,-0.4598725117827207,-0.47552262344024754
2012-05-02,16:00:00,1652.15,1659.7,1646.91,1649.93,55547,1660.06,1651.91,BEARISH_LONDON_BREAKOUT,0,1,0.21213021158473389,-0.07576078985169067,-0.8867042844241942
2012-05-03,16:00:00,1645.89,1646.19,1632.42,1635.3,54142,1649.2,1642.49,BEARISH_LONDON_BREAKOUT,0,1,0.1045679691799692,0.06665443649484165,0.18589861187549464
2012-05-04,16:00:00,1631.31,1647.11,1629.7,1638.34,56710,1636.67,1630.03,BULLISH_LONDON_BREAKOUT,1,0,0.172735817962093,0.012207478301210098,-0.010376356556016784
2012-05-08,16:00:00,1629.42,1629.71,1595.42,1602.05,62939,1637.81,1627.73,BEARISH_LONDON_BREAKOUT,0,1,0.275272307356205,-0.8014731125745088,-0.5293218064355056
2012-05-09,12:00:00,1591.87,1593.87,1580.71,1586.71,36238,1596.1,1586.88,BEARISH_LONDON_BREAKOUT,0,1,0.4323411335404643,0.149995903473217,0.3144872093829376
2012-05-14,12:00:00,1572.61,1572.61,1559.17,1563.74,34875,1581.95,1569.12,BEARISH_LONDON_BREAKOUT,0,1,0.09976082980546289,-0.34596544182537264,-0.052438384897741074
2012-05-15,12:00:00,1558.78,1563.47,1555.46,1562.92,29864,1560.24,1547.75,BULLISH_LONDON_BREAKOUT,1,0,-0.36022317201137033,-1.2854144805876273,-1.5336677501087725
2012-05-15,20:00:00,1557.29,1559.62,1541.39,1542.21,27444,1560.24,1547.75,BEARISH_LONDON_BREAKOUT,1,1,0.040202047710745675,-0.5589381472043442,-0.17961237444965222
2012-05-16,12:00:00,1533.56,1539.45,1532.6,1538.95,28832,1537.72,1526.96,BULLISH_LONDON_BREAKOUT,1,0,0.5893628772864574,0.25601871405829,1.181974723025443
2012-05-17,12:00:00,1547.98,1557.64,1545.55,1557.14,26004,1553.84,1545.63,BULLISH_LONDON_BREAKOUT,1,0,1.4000025688120499,1.152112205710458,2.1134901164956172
2012-05-18,12:00:00,1577.65,1594.19,1577.48,1590.05,32895,1578.77,1567.94,BULLISH_LONDON_BREAKOUT,1,0,0.01949624225652938,0.25156441621332665,0.18552875695733126
2012-05-21,16:00:00,1593.03,1595.99,1584.79,1591.25,39180,1599.13,1592.41,BEARISH_LONDON_BREAKOUT,0,1,0.11060487038491694,-0.07729772191673327,-0.4430479183032179
2012-05-22,12:00:00,1583.2,1584.22,1572.92,1581.19,26705,1590.98,1581.78,BEARISH_LONDON_BREAKOUT,0,1,0.1903629544836478,-0.8759225646506832,-1.2465295125822977
2012-05-23,16:00:00,1561.47,1564.65,1534.83,1536.87,44161,1562.65,1555.29,BEARISH_LONDON_BREAKOUT,0,1,1.5778823192592737,1.5076096221541233,2.1387625498578355
2012-05-24,12:00:00,1554.38,1570.35,1552.28,1566.68,29254,1562.58,1553.57,BULLISH_LONDON_BREAKOUT,1,0,0.19531748665968454,-0.6631858452268555,-0.29106135266934996
2012-05-25,16:00:00,1562.1,1570.11,1557.38,1566.22,40092,1565.33,1552.49,BULLISH_LONDON_BREAKOUT,1,0,0.40479626106165917,0.6793426210877063,0.6040019920573123
2012-05-28,20:00:00,1575.68,1575.76,1573.47,1573.74,2636,1583.94,1575.34,BEARISH_LONDON_BREAKOUT,0,1,0.06100118189790158,0.25099444635073426,-1.1336052969359562
2012-05-29,16:00:00,1574.72,1582.66,1554.28,1559.59,41381,1579.35,1573.53,BEARISH_LONDON_BREAKOUT,0,1,-0.2366006450413139,-0.7950807584044437,-0.050654338640281335
2012-05-30,12:00:00,1547.94,1556.6,1546.05,1552.55,27896,1551.56,1545.63,BULLISH_LONDON_BREAKOUT,1,0,0.4025635245241699,0.7703455605294539,0.5159254130301756
2012-06-01,12:00:00,1557.19,1558.25,1547.62,1550.04,32102,1560.54,1553.86,BEARISH_LONDON_BREAKOUT,0,1,4.109571365900238,4.305050192253105,4.573430363087411
2012-06-01,16:00:00,1550.04,1617.77,1544.92,1613.74,49887,1560.54,1553.86,BULLISH_LONDON_BREAKOUT,1,1,0.5763010150333978,0.3711874279623737,0.03408231809337034
2012-06-04,16:00:00,1620.93,1621.96,1608.62,1614.29,49409,1628.11,1614.99,BEARISH_LONDON_BREAKOUT,0,1,0.35805214676421043,0.2812381914030294,0.0830086291806395
2012-06-06,16:00:00,1634.08,1640.63,1632.72,1638.39,42644,1636.89,1622.7,BULLISH_LONDON_BREAKOUT,1,0,-1.1712717973132192,-1.1200019531369292,-3.184833891808425
2012-06-06,20:00:00,1638.33,1640.07,1615.69,1619.2,41278,1636.89,1622.7,BEARISH_LONDON_BREAKOUT,1,1,0.19207015810276062,0.22356719367588257,-1.7144268774703553
2012-06-07,12:00:00,1622.83,1629.13,1612.56,1626.21,32485,1624.64,1619.31,BULLISH_LONDON_BREAKOUT,1,0,-2.4597069259197766,-2.1294912711150533,-2.7763941926319538
2012-06-07,16:00:00,1626.05,1627.8,1578.64,1586.21,56010,1624.64,1619.31,BEARISH_LONDON_BREAKOUT,1,1,0.32971674620636726,-1.0950630748766,-0.19984743508110986
2012-06-08,12:00:00,1570.62,1583.19,1565.41,1581.06,34587,1575.57,1565.77,BULLISH_LONDON_BREAKOUT,1,0,0.12523243899662367,1.3256928895804103,0.774164168342758
2012-06-11,16:00:00,1593.32,1596.51,1581.74,1592.16,33266,1603.02,1593.07,BEARISH_LONDON_BREAKOUT,0,1,0.49618128831272384,0.04396543060997752,1.498593106220474
2012-06-12,12:00:00,1590.84,1592.65,1586.16,1588.13,24173,1594.41,1588.57,BEARISH_LONDON_BREAKOUT,0,1,1.7561534635073872,1.2473789929036,1.521286040815289
2012-06-12,16:00:00,1588.16,1617.53,1587.83,1616.02,41112,1594.41,1588.57,BULLISH_LONDON_BREAKOUT,1,1,-0.28341233400576277,-0.4808108810534512,0.23576440885632266
2012-06-13,16:00:00,1612.34,1624.76,1609.47,1619.83,38585,1615.49,1607.88,BULLISH_LONDON_BREAKOUT,1,0,-0.0784032892340543,-0.09754109999196998,0.08642882277770451
2012-06-14,20:00:00,1621.21,1626.75,1616.94,1624.52,18900,1623.81,1617.05,BULLISH_LONDON_BREAKOUT,1,0,-0.21791052126166277,-0.06032551153571629,-0.03262502154482387
2012-06-18,16:00:00,1620.47,1629.1,1612.71,1625.43,35530,1624.89,1617.12,BULLISH_LONDON_BREAKOUT,1,0,0.08797672000638823,0.14642279273791436,-0.14642279273792835
2012-06-19,16:00:00,1630.78,1631.22,1620.72,1623.05,35050,1633.18,1627.49,BEARISH_LONDON_BREAKOUT,0,1,-0.21071439573641265,-0.19223067681216788,-1.0504913588614
2012-06-20,12:00:00,1616.33,1619.3,1610.04,1610.89,23998,1622.04,1615.42,BEARISH_LONDON_BREAKOUT,0,1,-0.30355890222175935,-0.4264723227532679,-0.9845489139544058
2012-06-21,12:00:00,1597.53,1601.1,1594.07,1595.03,24662,1604.35,1595.62,BEARISH_LONDON_BREAKOUT,0,1,-1.318470498987478,-1.677084443552786,-1.527244001680213
2012-06-22,12:00:00,1564.81,1572.39,1564.37,1570.67,21364,1567.28,1559.59,BULLISH_LONDON_BREAKOUT,1,0,-0.44184965651601255,-0.06621378137991836,-0.14643432420560537
2012-06-25,12:00:00,1569.29,1571.52,1566.29,1568.37,21630,1574.39,1568.68,BEARISH_LONDON_BREAKOUT,0,1,0.8747935754955799,1.0526852719702762,0.9704342725249799
2012-06-25,16:00:00,1568.38,1582.84,1567.69,1582.09,34156,1574.39,1568.68,BULLISH_LONDON_BREAKOUT,1,1,0.12831128444020082,0.09607544450694852,-0.5751885164560745
2012-06-26,16:00:00,1583.61,1584.31,1567.74,1572.99,34877,1586.33,1581.33,BEARISH_LONDON_BREAKOUT,0,1,-0.01398610289957516,-0.024157814099270127,-0.029879401649090413
2012-06-27,20:00:00,1572.53,1578.32,1572.05,1574.82,13387,1573.23,1568.2,BULLISH_LONDON_BREAKOUT,1,0,-0.02222476219503874,-0.20700778501669975,-1.1487027088810098
2012-06-28,12:00:00,1571.45,1572.01,1566.04,1569.61,23982,1577.71,1570.34,BEARISH_LONDON_BREAKOUT,0,1,-0.9524658991723944,-1.0594988564038126,0.606520090978027
2012-06-29,12:00:00,1570.09,1584.49,1567.54,1579.13,27053,1572.1,1560.9,BULLISH_LONDON_BREAKOUT,1,0,1.0714760659350304,1.2513219304300462,0.6497248484925238
2012-07-02,12:00:00,1593.12,1597.61,1587.6,1589.39,22966,1594.06,1590.26,BEARISH_LONDON_BREAKOUT,0,1,0.5719175281082628,0.36869490810939415,1.40053731305721
2012-07-02,16:00:00,1589.42,1602.37,1587.08,1598.48,31238,1594.06,1590.26,BULLISH_LONDON_BREAKOUT,1,1,0.010635103348185324,0.271507932535904,1.498923977778892
2012-07-03,12:00:00,1607.42,1613.92,1606.22,1611.65,23300,1610.99,1600.83,BULLISH_LONDON_BREAKOUT,1,0,0.669500201656685,0.5044519591722695,0.22895790028851343
2012-07-05,16:00:00,1615.09,1616.67,1597.49,1606.87,37849,1618.3,1613.24,BEARISH_LONDON_BREAKOUT,0,1,-0.15495964203699003,-0.08650357527366076,-1.1811783156073479
2012-07-06,12:00:00,1602.41,1603.37,1587.83,1595.35,23655,1605.79,1599.29,BEARISH_LONDON_BREAKOUT,0,1,-0.46760898862317424,-1.0568213871564172,-0.8274046447487899
2012-07-09,16:00:00,1582.18,1589.34,1581.24,1587.33,27849,1583.82,1580.19,BULLISH_LONDON_BREAKOUT,1,0,-0.0006299887232012817,-0.13985749655081348,-0.05417903019535321
2012-07-10,12:00:00,1584.33,1597.02,1582.89,1593.49,21524,1586.93,1582.77,BULLISH_LONDON_BREAKOUT,1,0,-0.44054245712241574,-1.396306220936435,-1.084412202147486
2012-07-10,20:00:00,1586.44,1587.1,1564.42,1567.88,24747,1586.93,1582.77,BEARISH_LONDON_BREAKOUT,1,1,0.21430211495777096,0.6690563053294755,0.5427711304436558
2012-07-12,12:00:00,1565.76,1569.33,1561.81,1564.04,22654,1572.47,1564.55,BEARISH_LONDON_BREAKOUT,0,1,0.19884401933455204,0.2826014679931506,1.3087900565202952
2012-07-13,12:00:00,1576.85,1586.8,1575.71,1584.51,23511,1577.38,1569.36,BULLISH_LONDON_BREAKOUT,1,0,0.39255037835040657,0.3957059280155999,-0.005679989397347959
2012-07-16,12:00:00,1586.61,1587.46,1582.57,1584.42,18262,1590.88,1585.28,BEARISH_LONDON_BREAKOUT,0,1,0.5301624569242918,0.37174486562905495,0.5143838123729733
2012-07-16,16:00:00,1584.43,1594.71,1577.87,1592.82,33748,1590.88,1585.28,BULLISH_LONDON_BREAKOUT,1,1,-0.21220225763111225,0.14125889931065658,-0.6334676862420059
2012-07-17,16:00:00,1592.54,1592.65,1571.56,1582.73,42747,1595.52,1590.36,BEARISH_LONDON_BREAKOUT,0,1,-0.06065469157721383,-0.2179777978556068,-0.513669419294517
2012-07-18,16:00:00,1577.6,1583.07,1567.7,1574.6,39410,1584.03,1577.32,BEARISH_LONDON_BREAKOUT,0,1,0.1702019560523348,0.2819763749523723,0.805918963546301
2012-07-19,12:00:00,1579.31,1590.15,1578.68,1587.81,21569,1584.4,1576.33,BULLISH_LONDON_BREAKOUT,1,0,-0.03274951033183957,-0.24562132748879675,-0.6197215032025192
2012-07-20,12:00:00,1584.98,1586.75,1574.97,1577.97,27303,1586.24,1581.06,BEARISH_LONDON_BREAKOUT,0,1,0.2509553413563018,0.214832981615612,-0.4512126339537582
2012-07-24,20:00:00,1574.4,1582.81,1568.78,1582.39,23020,1577.94,1572.08,BULLISH_LONDON_BREAKOUT,1,0,-0.14029411207098294,0.22118441092271818,1.395989610652236
2012-07-25,12:00:00,1585.87,1594.05,1585.58,1593.34,30336,1590.56,1580.29,BULLISH_LONDON_BREAKOUT,1,0,0.5253116095748628,0.5748929920795363,1.6305371107233873
2012-07-26,12:00:00,1607.04,1621.82,1601.92,1619.32,29793,1608.34,1603.15,BULLISH_LONDON_BREAKOUT,1,0,-0.5774028604599406,-0.36867327026159297,0.3587925796013248
2012-07-27,12:00:00,1619.46,1628.88,1617.83,1625.13,25963,1620.06,1612.83,BULLISH_LONDON_BREAKOUT,1,0,-0.383353947068851,-0.1341431147046737,-0.46580888913503304
2012-07-30,12:00:00,1620.08,1620.78,1616.63,1617.56,12466,1623.4,1617.88,BEARISH_LONDON_BREAKOUT,0,1,0.18422809663938391,0.22626672271817316,0.3944212270333162
2012-07-31,12:00:00,1622.07,1627.48,1620.95,1623.94,23472,1623.92,1619.55,BULLISH_LONDON_BREAKOUT,1,0,-0.35592447996847004,-0.668128132812797,-0.607165289357989
2012-07-31,16:00:00,1623.97,1627.89,1617.11,1618.16,38642,1623.92,1619.55,BEARISH_LONDON_BREAKOUT,1,1,-0.284273495822424,-0.26573392000792145,-0.8287190389083947
2012-08-01,16:00:00,1614.32,1615.35,1595.13,1604.75,41702,1618.5,1613.35,BEARISH_LONDON_BREAKOUT,0,1,-0.3564418133665697,-0.19753855740770043,-0.8169496806356067
2012-08-02,16:00:00,1604.32,1614.95,1587.5,1591.64,45152,1604.68,1599.56,BEARISH_LONDON_BREAKOUT,0,1,-0.19099796436381286,-0.15204443215803023,0.778442361337983
2012-08-03,12:00:00,1592.53,1597.49,1592.24,1596.06,22162,1593.3,1588.95,BULLISH_LONDON_BREAKOUT,1,0,0.49935466085235064,0.5707805470972349,0.8420736062554075
2012-08-06,12:00:00,1605.79,1610.44,1603.71,1609.5,19561,1607.78,1604.24,BULLISH_LONDON_BREAKOUT,1,0,0.18452935694315173,0.1230195712954345,0.2553588070829388
2012-08-08,12:00:00,1607.52,1610.54,1605.15,1605.94,23947,1610.94,1606.33,BEARISH_LONDON_BREAKOUT,0,1,0.43463641231926586,0.39353898651256813,0.28768198064684175
2012-08-08,16:00:00,1605.91,1616.62,1603.32,1612.92,38319,1610.94,1606.33,BULLISH_LONDON_BREAKOUT,1,1,-0.006199935520679043,0.21761773677553697,0.06013937455050636
2012-08-09,12:00:00,1614.46,1615.32,1609.98,1610.56,23606,1617.35,1613.21,BEARISH_LONDON_BREAKOUT,0,1,0.20676038148222697,0.3576395787800511,-0.09127260083449405
2012-08-09,20:00:00,1613.86,1618.21,1613.38,1617.58,11978,1617.35,1613.21,BULLISH_LONDON_BREAKOUT,1,1,-0.0778941381569994,-0.5118757650317124,0.11745941468119606
2012-08-10,16:00:00,1609.1,1626.39,1605.7,1621.26,41913,1614.02,1605.46,BULLISH_LONDON_BREAKOUT,1,0,-0.10979115009313577,0.16653713778172813,-0.31518695335725916
2012-08-13,16:00:00,1621.87,1623.05,1615.06,1616.15,28178,1624.57,1619.96,BEARISH_LONDON_BREAKOUT,0,1,-0.4919097856015868,-0.23698295331498648,-0.8118058348544452
2012-08-14,16:00:00,1611.96,1614.07,1589.2,1603.03,40615,1616.26,1610.77,BEARISH_LONDON_BREAKOUT,0,1,-0.2245747116398264,-0.1129111744633566,0.01559546608609945
2012-08-15,16:00:00,1593.84,1606.34,1592.36,1603.28,31856,1603.14,1589.93,BULLISH_LONDON_BREAKOUT,1,0,0.04553166009680269,0.08607354922409743,0.775909385759197
2012-08-16,16:00:00,1603.54,1618.6,1600.5,1615.72,35075,1604.95,1600.79,BULLISH_LONDON_BREAKOUT,1,0,-0.1151189562548045,-0.015472977991236106,-0.016091897110884986
2012-08-17,12:00:00,1616.78,1619.43,1612.48,1613.61,19473,1619.05,1615.1,BEARISH_LONDON_BREAKOUT,0,1,0.11464976047496833,0.21628522381492488,0.07560686906997523
2012-08-20,12:00:00,1618.31,1618.95,1613.57,1614.83,15783,1619.89,1617.65,BEARISH_LONDON_BREAKOUT,0,1,0.3114878965587692,0.28362118613105747,0.6737551321191773
2012-08-20,20:00:00,1619.9,1622.28,1619.04,1621.03,10776,1619.89,1617.65,BULLISH_LONDON_BREAKOUT,1,1,-0.09993646015187202,0.31461478195962667,1.0030659518947824
2012-08-21,16:00:00,1625.7,1641.22,1625.68,1637.7,31774,1626.41,1620.64,BULLISH_LONDON_BREAKOUT,1,0,-0.02503511021555119,-0.005495511998543415,0.20638700616717848
2012-08-22,16:00:00,1639.13,1643.93,1637.9,1641.08,26435,1640.68,1637.45,BULLISH_LONDON_BREAKOUT,1,0,0.8055670655909539,1.3497209154946799,1.9602944402466713
2012-08-23,12:00:00,1663.21,1664.5,1657.17,1658.57,23723,1667.14,1660.85,BEARISH_LONDON_BREAKOUT,0,1,0.8850998149007919,0.592679235727172,0.37803650132342814
2012-08-23,16:00:00,1658.56,1674.81,1658.52,1673.25,37610,1667.14,1660.85,BULLISH_LONDON_BREAKOUT,1,1,-0.24383684446436144,-0.46077991931869333,-0.24323920513969438
2012-08-24,16:00:00,1664.84,1672.5,1663.32,1669.18,31874,1667.27,1662.44,BULLISH_LONDON_BREAKOUT,1,0,0.015576510621981505,0.3624534202422719,0.2114810865215239
2012-08-27,12:00:00,1672.42,1674.79,1668.14,1668.95,21959,1676.73,1671.29,BEARISH_LONDON_BREAKOUT,0,1,0.22529135084933585,-0.22169627610174333,-0.3912639683633406
2012-08-28,16:00:00,1662.4,1672.28,1662.4,1671.17,32909,1663.18,1658.87,BULLISH_LONDON_BREAKOUT,1,0,-0.2423451833146946,-0.232771052615838,-0.7743078202696347
2012-08-29,12:00:00,1664.73,1667.35,1661.85,1663.22,16132,1669.88,1663.64,BEARISH_LONDON_BREAKOUT,0,1,-0.30002044227462443,-0.4118517093349127,-0.35473358906218605
2012-08-30,16:00:00,1657.35,1664.11,1651.28,1653.94,30552,1660.33,1656.44,BEARISH_LONDON_BREAKOUT,0,1,0.08464635960191201,0.09371561241640897,1.5629345683640221
2012-08-31,12:00:00,1658.71,1660.94,1657.09,1659.55,18149,1659.32,1654.18,BULLISH_LONDON_BREAKOUT,1,0,1.2196077249856896,1.7342050555873563,1.7094995631345917
2012-09-03,16:00:00,1687.9,1692.3,1687.67,1692.3,11255,1691.84,1686.02,BULLISH_LONDON_BREAKOUT,1,0,0.008272764876209895,0.08331856053891638,0.1778644448383851
2012-09-04,16:00:00,1692.7,1698.97,1688.08,1691.65,36888,1696.44,1692.39,BEARISH_LONDON_BREAKOUT,0,1,0.21635681139714802,0.037241746224093736,0.05615818875061733
2012-09-05,12:00:00,1692.0,1692.58,1687.21,1688.73,19349,1693.4,1690.5,BEARISH_LONDON_BREAKOUT,0,1,0.22916629656605206,0.20133473083323508,1.2713696091145432
2012-09-05,20:00:00,1692.55,1694.41,1690.18,1693.85,13267,1693.4,1690.5,BULLISH_LONDON_BREAKOUT,1,1,-0.10154382029104111,0.8790624907754584,0.382560439236061
2012-09-06,12:00:00,1708.74,1712.45,1701.62,1710.2,29056,1709.09,1695.91,BULLISH_LONDON_BREAKOUT,1,0,-0.4040463103730606,-0.667173430008191,-0.8811834873114217
2012-09-07,16:00:00,1695.14,1741.75,1689.94,1735.21,50282,1695.99,1689.7,BULLISH_LONDON_BREAKOUT,1,0,0.028238656992525923,0.1821105226456656,-0.2270618541847992
2012-09-10,12:00:00,1733.93,1735.54,1729.39,1729.95,28185,1738.42,1733.13,BEARISH_LONDON_BREAKOUT,0,1,0.07630278331743323,-0.11561027775369231,0.09942483886817696
2012-09-12,12:00:00,1738.5,1747.11,1732.6,1741.86,34901,1739.32,1735.03,BULLISH_LONDON_BREAKOUT,1,0,-0.6653806850148645,-0.5695061600817428,-0.5982111076665085
2012-09-12,16:00:00,1741.86,1744.17,1725.1,1730.27,57781,1739.32,1735.03,BEARISH_LONDON_BREAKOUT,1,1,0.09073728377651676,0.07686661619284431,0.13466106445814394
2012-09-13,16:00:00,1731.44,1736.01,1727.55,1732.6,48270,1732.23,1728.52,BULLISH_LONDON_BREAKOUT,1,0,1.943899342029324,2.346184924391094,2.39524414175228
2012-09-17,20:00:00,1770.27,1771.02,1753.91,1757.61,34065,1776.01,1768.66,BEARISH_LONDON_BREAKOUT,0,1,0.15873828665063303,-0.035844129243682146,0.7373649444416018
2012-09-18,16:00:00,1758.5,1773.32,1755.4,1763.8,56542,1759.06,1751.84,BULLISH_LONDON_BREAKOUT,1,0,0.38383036625467637,0.30785803379068283,0.41954870166686076
2012-09-20,16:00:00,1760.7,1769.9,1755.22,1769.2,45333,1766.4,1758.1,BULLISH_LONDON_BREAKOUT,1,0,-0.055392267691613054,0.04295726882206596,0.37531087497173143
2012-09-21,16:00:00,1774.02,1787.39,1769.41,1775.84,66218,1774.67,1769.74,BULLISH_LONDON_BREAKOUT,1,0,-0.15823497612397205,-0.7669609874763431,-0.7219118839535058
2012-09-24,20:00:00,1762.93,1765.92,1760.25,1764.31,21113,1763.51,1758.4,BULLISH_LONDON_BREAKOUT,1,0,0.0062347319915506535,0.19270989792043866,-0.16947135140649938
2012-09-25,20:00:00,1767.79,1768.48,1758.78,1761.32,37810,1768.85,1761.84,BEARISH_LONDON_BREAKOUT,0,1,-0.02668453205550538,0.11411895623736693,-0.5677560011809325
2012-09-26,12:00:00,1763.35,1765.5,1757.93,1759.42,27929,1764.22,1761.21,BEARISH_LONDON_BREAKOUT,0,1,-0.8337975014493454,-0.27565902399655207,-0.18415159541212497
2012-09-27,16:00:00,1756.2,1776.13,1756.16,1774.03,59139,1759.87,1754.18,BULLISH_LONDON_BREAKOUT,1,0,0.18207132912070362,0.3235570988089271,-0.05975096249781263
2012-09-28,12:00:00,1779.4,1783.24,1776.5,1778.47,31983,1782.64,1778.8,BEARISH_LONDON_BREAKOUT,0,1,-0.3092545839963564,-0.7349013477877016,-0.6123240763127914
2012-10-01,16:00:00,1767.61,1791.61,1767.52,1776.7,70550,1772.17,1764.64,BULLISH_LONDON_BREAKOUT,1,0,0.015196713007259628,0.07429504136882627,0.13170484606292104
2012-10-02,16:00:00,1778.31,1784.28,1770.34,1779.04,57161,1778.87,1775.12,BULLISH_LONDON_BREAKOUT,1,0,-0.22202985880025436,-0.3361363431963316,0.021359834517498715
2012-10-02,20:00:00,1779.08,1780.56,1772.41,1775.09,23160,1778.87,1775.12,BEARISH_LONDON_BREAKOUT,1,1,-0.11886721236669126,-0.007886924043280773,0.1887228253215407
2012-10-03,12:00:00,1774.94,1779.74,1774.5,1777.91,32805,1775.32,1771.71,BULLISH_LONDON_BREAKOUT,1,0,0.08493118324324576,0.11249163343476327,0.6158916930553188
2012-10-04,16:00:00,1788.86,1794.72,1782.07,1790.31,56142,1789.78,1779.93,BULLISH_LONDON_BREAKOUT,1,0,0.025693874245244476,0.20108249409320936,-0.43232736230038427
2012-10-05,16:00:00,1791.11,1791.35,1772.41,1782.57,52087,1794.65,1790.57,BEARISH_LONDON_BREAKOUT,0,1,-0.127905215503457,-0.5968910056827992,-0.44318035196373007
2012-10-08,16:00:00,1769.85,1776.95,1769.4,1774.67,29312,1772.83,1766.65,BULLISH_LONDON_BREAKOUT,1,0,-0.01521409614181689,0.24229856818450496,-0.5420726106825561
2012-10-09,16:00:00,1775.32,1778.28,1760.45,1765.05,46212,1779.61,1770.03,BEARISH_LONDON_BREAKOUT,0,1,-0.057222175009206025,-0.06968641114982681,-0.2606158465765791
2012-10-10,12:00:00,1762.98,1767.44,1761.27,1767.14,26882,1765.16,1760.32,BULLISH_LONDON_BREAKOUT,1,0,-0.3785778150005124,-0.3474540783412802,0.13185146621093558
2012-10-11,12:00:00,1767.88,1771.55,1766.69,1769.47,30759,1768.83,1762.94,BULLISH_LONDON_BREAKOUT,1,0,-0.07007748082759295,-0.03221303554171228,-0.018649652155726136
2012-10-12,16:00:00,1769.12,1773.26,1759.29,1761.01,44740,1770.96,1767.81,BEARISH_LONDON_BREAKOUT,0,1,-0.3872777553790118,-0.9999943214405314,-1.5826145223479644
2012-10-15,16:00:00,1746.86,1748.41,1728.48,1733.14,50644,1749.08,1742.18,BEARISH_LONDON_BREAKOUT,0,1,0.19386777755979898,0.2348338853179741,0.6519957995314836
2012-10-16,16:00:00,1742.73,1747.35,1739.73,1744.44,43129,1742.85,1736.55,BULLISH_LONDON_BREAKOUT,1,0,0.19031895622663642,0.3949691591570861,0.40299465731122724
2012-10-17,20:00:00,1751.47,1752.26,1747.53,1748.82,16163,1753.46,1749.36,BEARISH_LONDON_BREAKOUT,0,1,-0.03202159170183012,-0.17268786953488535,-0.4500177262382573
2012-10-18,12:00:00,1745.82,1748.35,1740.68,1742.64,29073,1751.4,1745.64,BEARISH_LONDON_BREAKOUT,0,1,0.2002708534178034,-0.04131662305467723,-0.4630904834044991
2012-10-19,16:00:00,1734.59,1738.57,1715.52,1719.07,48491,1739.02,1734.31,BEARISH_LONDON_BREAKOUT,0,1,0.15589824730814125,0.2571157660828281,0.33157463046880264
2012-10-23,12:00:00,1723.95,1724.55,1706.04,1709.27,47796,1726.94,1722.65,BEARISH_LONDON_BREAKOUT,0,1,0.019306487564862616,-0.05089892176191538,0.012285946632190138
2012-10-24,20:00:00,1706.21,1706.65,1698.5,1704.15,36312,1712.22,1706.16,BEARISH_LONDON_BREAKOUT,0,1,-0.0023472112196808374,0.42601883637003723,0.5187336795469834
2012-10-25,12:00:00,1711.43,1717.32,1710.74,1714.4,37310,1714.1,1705.71,BULLISH_LONDON_BREAKOUT,1,0,0.08807746150256596,-0.07699486700887562,-0.6252916472235199
2012-10-26,16:00:00,1703.65,1718.75,1702.16,1714.94,48683,1713.28,1700.7,BULLISH_LONDON_BREAKOUT,1,0,-0.23615986565127378,-0.10612616184823746,-0.4903961654635195
2012-10-29,12:00:00,1712.06,1713.08,1708.82,1709.35,29435,1717.19,1711.59,BEARISH_LONDON_BREAKOUT,0,1,-0.1649749904934587,-0.06786205282708951,0.21762658320414355
2012-10-30,12:00:00,1710.96,1715.14,1710.96,1713.07,31850,1712.51,1708.17,BULLISH_LONDON_BREAKOUT,1,0,-0.15877926763062966,-0.10682575726619038,0.39052694869445237
2012-10-31,12:00:00,1714.69,1722.02,1714.06,1719.76,43624,1716.22,1710.82,BULLISH_LONDON_BREAKOUT,1,0,0.17037261013164998,0.01802577103781606,0.404126157138208
2012-11-01,12:00:00,1724.1,1726.83,1720.86,1726.71,36641,1724.77,1719.32,BULLISH_LONDON_BREAKOUT,1,0,-0.5924561738798071,-0.6324165609743426,-1.18085839544568
2012-11-01,16:00:00,1726.73,1726.98,1715.27,1716.48,43510,1724.77,1719.32,BEARISH_LONDON_BREAKOUT,1,1,-0.15904642058165655,-0.21672259507830136,-1.8642803877703205
2012-11-02,16:00:00,1706.32,1708.39,1681.44,1684.48,59904,1713.39,1706.2,BEARISH_LONDON_BREAKOUT,0,1,-0.41912044072948007,-0.3211673632218893,-0.07005129179331686
2012-11-05,16:00:00,1680.79,1684.68,1679.71,1683.3,40000,1680.93,1675.55,BULLISH_LONDON_BREAKOUT,1,0,0.024356917958776324,0.09861581417454299,0.5013960672488597
2012-11-06,12:00:00,1685.25,1693.2,1685.02,1692.54,32319,1687.0,1684.17,BULLISH_LONDON_BREAKOUT,1,0,-0.04726623890720187,1.1054391624422488,1.9006936320559675
2012-11-07,16:00:00,1724.7,1729.64,1703.09,1705.12,68503,1729.65,1720.97,BEARISH_LONDON_BREAKOUT,0,1,0.9207563104063085,0.6691611147602563,0.6034765881580294
2012-11-08,16:00:00,1716.65,1720.47,1712.68,1715.41,45500,1719.71,1715.49,BEARISH_LONDON_BREAKOUT,0,1,1.0673833077806438,1.1350056254772927,0.9572055660162787
2012-11-08,20:00:00,1715.43,1734.95,1715.27,1733.72,39118,1719.71,1715.49,BULLISH_LONDON_BREAKOUT,1,1,-0.10266940451745223,-0.05133470225873267,-0.16611678933161694
2012-11-09,20:00:00,1731.85,1735.26,1729.45,1730.84,35131,1738.05,1730.95,BEARISH_LONDON_BREAKOUT,0,1,0.21665780776963786,0.21492454530748234,-0.19932518314805633
2012-11-12,12:00:00,1734.57,1737.82,1732.22,1736.08,31291,1735.91,1732.87,BULLISH_LONDON_BREAKOUT,1,0,-0.12038615731993446,-0.5558499608312902,-0.4106953596608383
2012-11-12,20:00:00,1733.98,1734.16,1725.57,1727.39,27316,1735.91,1732.87,BEARISH_LONDON_BREAKOUT,1,1,-0.05557517410660223,-0.21477489159946717,-0.08162603696907368
2012-11-13,12:00:00,1723.68,1730.08,1721.72,1728.95,37502,1725.98,1722.75,BULLISH_LONDON_BREAKOUT,1,0,0.1758292605338479,-0.15616414586888258,-0.3001821915035168
2012-11-14,12:00:00,1727.66,1728.18,1721.4,1723.76,30879,1729.3,1725.97,BEARISH_LONDON_BREAKOUT,0,1,0.03712813848796237,0.030746739685337445,-0.07019538682879499
2012-11-15,12:00:00,1724.05,1726.73,1718.87,1722.55,28676,1727.86,1722.71,BEARISH_LONDON_BREAKOUT,0,1,-0.46791094598124555,-0.4069548053757506,-0.7767553917157634
2012-11-16,12:00:00,1714.46,1716.21,1705.75,1709.17,33405,1714.84,1711.59,BEARISH_LONDON_BREAKOUT,0,1,0.1521206199500289,0.4914666183001026,0.8349081718026868
2012-11-19,16:00:00,1723.44,1735.5,1723.2,1733.58,44004,1724.36,1721.1,BULLISH_LONDON_BREAKOUT,1,0,-0.1228671304468142,0.0455704380530442,-0.19151120802039343
2012-11-20,16:00:00,1733.84,1734.95,1728.62,1730.26,39167,1734.82,1731.95,BEARISH_LONDON_BREAKOUT,0,1,-0.20054789453608285,-0.33694358073352715,-0.13235005143735415
2012-11-21,12:00:00,1724.29,1728.35,1723.07,1726.04,30984,1725.25,1720.5,BULLISH_LONDON_BREAKOUT,1,0,0.11181664387847697,0.26534726889295307,0.23290306134272568
2012-11-23,12:00:00,1731.72,1734.83,1730.75,1733.86,28064,1732.45,1728.78,BULLISH_LONDON_BREAKOUT,1,0,0.6874834184997678,0.9510571787802944,0.8553170382845303
2012-11-27,12:00:00,1750.07,1750.58,1745.39,1746.63,34632,1750.68,1748.77,BEARISH_LONDON_BREAKOUT,0,1,-0.12309418709171896,-0.2805402403485621,-0.4809261263118171
2012-11-28,16:00:00,1738.23,1738.74,1705.59,1714.22,69837,1741.73,1737.43,BEARISH_LONDON_BREAKOUT,0,1,0.25959328440923835,0.355263618438702,0.7151940824398263
2012-11-29,12:00:00,1720.84,1725.45,1719.97,1724.28,30597,1721.24,1718.0,BULLISH_LONDON_BREAKOUT,1,0,0.12758948662630465,0.09221240169809533,0.321873477625441
2012-11-30,16:00:00,1729.82,1731.21,1715.4,1718.66,43433,1730.85,1726.33,BEARISH_LONDON_BREAKOUT,0,1,-0.2635774382367642,0.02327394598116344,-0.10473275691528178
2012-12-03,12:00:00,1718.24,1720.33,1714.58,1715.13,25937,1720.05,1717.76,BEARISH_LONDON_BREAKOUT,0,1,0.10086698967423989,0.04314541754851129,-0.5235754724131709
2012-12-04,16:00:00,1706.14,1707.38,1691.21,1699.34,61095,1713.61,1699.59,BEARISH_LONDON_BREAKOUT,0,1,-0.2706933279979233,0.1530005766944894,-0.7773606223592576
2012-12-05,16:00:00,1702.65,1706.0,1684.75,1686.13,58261,1706.86,1701.0,BEARISH_LONDON_BREAKOUT,0,1,0.4691215979787949,0.35228600404475496,0.7970915647073372
2012-12-06,16:00:00,1692.83,1699.84,1685.9,1699.57,57721,1693.08,1686.92,BULLISH_LONDON_BREAKOUT,1,0,-0.04177527256894605,0.21299505168955196,0.1553334078619945
2012-12-07,12:00:00,1700.31,1701.72,1695.37,1697.07,30199,1703.63,1700.14,BEARISH_LONDON_BREAKOUT,0,1,0.30287495506962586,0.3700495559994563,0.8496997766739187
2012-12-10,12:00:00,1707.93,1713.72,1707.14,1711.49,26916,1709.18,1705.18,BULLISH_LONDON_BREAKOUT,1,0,0.18697158616176815,-0.0040900034472849,0.027461451717510903
2012-12-11,12:00:00,1709.38,1712.01,1707.88,1711.96,24907,1710.18,1707.7,BULLISH_LONDON_BREAKOUT,1,0,-0.28972639547653195,-0.16297109745554592,0.10747914670903047
2012-12-11,16:00:00,1711.94,1714.31,1704.75,1707.0,42300,1710.18,1707.7,BEARISH_LONDON_BREAKOUT,1,1,0.11833626244873942,0.19097832454598657,0.2606912712360894
2012-12-12,12:00:00,1712.76,1715.38,1712.6,1713.8,26363,1713.16,1710.11,BULLISH_LONDON_BREAKOUT,1,0,-0.13712218461897008,-0.2754113665538585,-1.2043412300151637
2012-12-13,12:00:00,1699.75,1699.81,1690.88,1693.16,36539,1701.35,1695.62,BEARISH_LONDON_BREAKOUT,0,1,0.20494223818186275,0.20494223818186275,0.19372061707103716
2012-12-14,16:00:00,1696.46,1699.41,1693.18,1694.81,40978,1699.91,1695.79,BEARISH_LONDON_BREAKOUT,0,1,0.033632088552708786,-0.15930989314436697,0.12154754810273397
2012-12-17,16:00:00,1692.17,1699.24,1690.16,1696.87,36769,1692.43,1686.49,BULLISH_LONDON_BREAKOUT,1,0,-0.014143688084519246,0.2663727922587004,-0.21392328227854118
2012-12-18,12:00:00,1701.81,1702.64,1696.97,1698.0,28333,1703.07,1700.98,BEARISH_LONDON_BREAKOUT,0,1,-0.2803297997644282,-1.2797408716136642,-1.802709069493516
2012-12-19,12:00:00,1675.26,1676.63,1666.39,1667.39,31640,1676.28,1671.26,BEARISH_LONDON_BREAKOUT,0,1,0.16132998278745986,0.00839635598149639,0.046779697611235085
2012-12-20,16:00:00,1668.18,1670.65,1642.83,1645.12,54860,1671.27,1666.14,BEARISH_LONDON_BREAKOUT,0,1,0.11792452830189012,-0.14892530636061918,0.7385479478700697
2012-12-21,16:00:00,1647.93,1659.37,1646.29,1657.27,45335,1648.36,1640.58,BULLISH_LONDON_BREAKOUT,1,0,-0.013878245548402989,-0.05309937427213923,0.2045532713438426
2012-12-26,16:00:00,1655.59,1667.89,1655.31,1661.19,25576,1657.84,1655.45,BULLISH_LONDON_BREAKOUT,1,0,-0.03973055460242849,-0.17216573661050977,0.1745736490106408
2012-12-27,16:00:00,1655.38,1665.35,1652.54,1664.09,32381,1658.48,1655.19,BULLISH_LONDON_BREAKOUT,1,0,0.0,-0.0817263489354482,-0.47894044192321494
2012-12-28,12:00:00,1661.92,1662.13,1658.4,1660.16,19827,1662.71,1660.56,BEARISH_LONDON_BREAKOUT,0,1,-0.24335003855051265,-0.18492193523516792,-0.049392829606794746
2012-12-31,12:00:00,1664.23,1668.72,1656.62,1659.34,15334,1664.75,1659.7,BEARISH_LONDON_BREAKOUT,0,1,0.18079477382573794,0.6936492822447473,1.365603191630412
2012-12-31,20:00:00,1662.36,1675.21,1659.94,1674.87,8270,1664.75,1659.7,BULLISH_LONDON_BREAKOUT,1,1,-0.24001862831144996,0.4197340689128231,0.8185709935696525
2013-01-02,16:00:00,1682.04,1694.77,1681.96,1691.47,45956,1684.67,1676.53,BULLISH_LONDON_BREAKOUT,1,0,-0.17085730163704352,-0.30506009565644565,-0.7738830721206948
2013-01-03,12:00:00,1684.6,1686.36,1679.52,1679.93,28520,1688.32,1684.61,BEARISH_LONDON_BREAKOUT,0,1,-0.09226574916811739,-1.1333805575232279,-2.955480287869143
2013-01-04,12:00:00,1644.09,1647.18,1625.8,1630.28,46383,1654.07,1642.69,BEARISH_LONDON_BREAKOUT,0,1,1.0409254851927294,1.618740339082863,1.4518978335009982
2013-01-04,20:00:00,1647.25,1658.64,1640.5,1655.75,41616,1654.07,1642.69,BULLISH_LONDON_BREAKOUT,1,1,0.05556394383210465,-0.026574060093616465,-0.5224218632039916
2013-01-07,12:00:00,1655.31,1655.97,1652.18,1653.95,24903,1661.86,1654.5,BEARISH_LONDON_BREAKOUT,0,1,-0.2654251942319961,-0.2478914114695206,0.07315819704344365
2013-01-08,12:00:00,1648.69,1655.88,1647.83,1655.16,27683,1649.74,1646.69,BULLISH_LONDON_BREAKOUT,1,0,-0.08095894052539605,0.3588776915826764,0.43741994731627204
2013-01-09,16:00:00,1662.39,1664.67,1653.7,1655.88,39471,1663.91,1658.16,BEARISH_LONDON_BREAKOUT,0,1,0.028383699301869694,0.05857912409110563,1.1685629393434251
2013-01-10,12:00:00,1659.25,1665.43,1659.04,1663.63,26144,1660.52,1655.8,BULLISH_LONDON_BREAKOUT,1,0,0.6972704267174737,0.6107127185732316,0.31557497760920394
2013-01-11,12:00:00,1673.27,1673.28,1668.16,1668.88,26590,1674.72,1670.98,BEARISH_LONDON_BREAKOUT,0,1,-0.6087915248549974,-0.4913474905325755,0.009587268107943919
2013-01-15,12:00:00,1674.78,1683.84,1674.7,1679.03,31590,1676.57,1669.85,BULLISH_LONDON_BREAKOUT,1,0,0.18641715752548252,0.11196941090987708,-0.014293967350196786
2013-01-16,12:00:00,1681.92,1683.08,1677.13,1678.79,25203,1684.76,1680.69,BEARISH_LONDON_BREAKOUT,0,1,-0.06552338291268765,0.09828507436904503,0.19537881450330136
2013-01-17,16:00:00,1682.07,1689.8,1666.69,1686.35,47321,1682.07,1677.53,BULLISH_LONDON_BREAKOUT,1,0,0.13045927595102116,0.10614641088743092,0.03261481898776541
2013-01-18,16:00:00,1690.11,1695.17,1685.55,1686.9,36911,1693.48,1687.62,BEARISH_LONDON_BREAKOUT,0,1,-0.2128164087972106,0.14879364514790389,0.10670460608215986
2013-01-21,12:00:00,1690.23,1691.2,1687.52,1688.56,21235,1691.01,1688.72,BEARISH_LONDON_BREAKOUT,0,1,0.008291088264562707,0.05448429430994888,0.19898611834937033
2013-01-23,16:00:00,1692.44,1694.94,1683.62,1687.62,33795,1693.8,1691.33,BEARISH_LONDON_BREAKOUT,0,1,-0.08888256835069507,-0.3395314110996428,-0.9036394448987332
2013-01-24,16:00:00,1678.63,1679.31,1664.86,1672.37,46028,1682.5,1677.4,BEARISH_LONDON_BREAKOUT,0,1,-0.16443729557454392,-0.2595119501067299,-0.7605972362575149
2013-01-25,12:00:00,1671.05,1671.73,1665.34,1666.2,27165,1672.27,1667.14,BEARISH_LONDON_BREAKOUT,0,1,-0.3931100708198268,-0.41051494418438034,-0.7280038410755076
2013-01-28,12:00:00,1659.65,1660.26,1653.45,1654.07,30651,1662.29,1658.5,BEARISH_LONDON_BREAKOUT,0,1,0.2460597193589246,0.17834795383508834,0.5471352482059377
2013-01-30,12:00:00,1667.3,1667.56,1663.52,1664.38,22791,1668.7,1665.62,BEARISH_LONDON_BREAKOUT,0,1,1.0556483495355589,0.7378122784460263,0.650692750453618
2013-01-30,16:00:00,1664.43,1682.97,1662.65,1681.95,46364,1668.7,1665.62,BULLISH_LONDON_BREAKOUT,1,1,-0.27170843366330366,-0.12128779095692283,-1.1011028865305141
2013-01-31,12:00:00,1676.39,1677.84,1674.08,1675.21,24906,1680.45,1675.67,BEARISH_LONDON_BREAKOUT,0,1,-0.7031954202756653,-0.7372210051277235,-0.5611236800162422
2013-02-01,12:00:00,1664.95,1666.77,1663.46,1665.81,23782,1665.15,1660.14,BULLISH_LONDON_BREAKOUT,1,0,0.32656785587792453,0.07683949550068572,-0.20290429280649544
2013-02-04,12:00:00,1668.4,1668.4,1662.19,1662.43,25757,1672.89,1667.3,BEARISH_LONDON_BREAKOUT,0,1,0.45114681520424915,0.7116089098488314,1.0562850766648788
2013-02-04,20:00:00,1669.91,1677.6,1669.87,1674.57,28932,1672.89,1667.3,BULLISH_LONDON_BREAKOUT,1,1,-0.018512215076105832,-0.020303719760888954,-0.14391754301103296
2013-02-05,12:00:00,1674.15,1681.58,1672.56,1679.99,34366,1676.86,1673.36,BULLISH_LONDON_BREAKOUT,1,0,-0.6904803004779736,-0.3071446853850369,-0.5446460990839285
2013-02-05,16:00:00,1680.01,1684.97,1666.66,1668.39,50316,1676.86,1673.36,BEARISH_LONDON_BREAKOUT,1,1,0.22596635079327865,0.2859043748763767,0.4021841415975766
2013-02-06,12:00:00,1672.31,1672.31,1668.31,1670.84,27078,1674.08,1671.21,BEARISH_LONDON_BREAKOUT,0,1,0.25496157621316173,0.4596490388068315,0.28548514519642704
2013-02-06,16:00:00,1670.82,1679.42,1670.79,1675.1,43626,1674.08,1671.21,BULLISH_LONDON_BREAKOUT,1,1,0.1426780490717032,0.20953972897140416,0.21849441824369184
2013-02-07,12:00:00,1677.4,1678.89,1675.11,1675.61,27080,1681.35,1676.26,BEARISH_LONDON_BREAKOUT,0,1,0.18799123901146994,-0.27094610321017204,-0.3067539582599694
2013-02-08,16:00:00,1670.44,1673.49,1665.03,1668.52,47249,1672.37,1669.17,BEARISH_LONDON_BREAKOUT,0,1,-0.09289669887085288,-0.051542684534791314,-1.247213099033871
2013-02-11,12:00:00,1667.16,1667.87,1656.01,1656.15,27008,1669.54,1666.88,BEARISH_LONDON_BREAKOUT,0,1,-0.509615674908677,-0.46131087159980066,-0.5669776288379735
2013-02-12,16:00:00,1646.76,1651.99,1641.38,1649.92,42853,1647.44,1643.06,BULLISH_LONDON_BREAKOUT,1,0,0.0624272692009293,0.11939972847168512,-0.2703161365399556
2013-02-13,12:00:00,1648.65,1648.85,1645.48,1647.05,30710,1652.33,1647.77,BEARISH_LONDON_BREAKOUT,0,1,-0.09653623144409205,-0.15967942685406525,-0.0030357305485537492
2013-02-14,12:00:00,1644.22,1650.07,1640.79,1647.0,29002,1646.18,1642.47,BULLISH_LONDON_BREAKOUT,1,0,-0.3060109289617464,-0.7158469945355169,-1.2015786278081337
2013-02-14,16:00:00,1646.97,1649.85,1637.95,1641.96,52723,1646.18,1642.47,BEARISH_LONDON_BREAKOUT,1,1,-0.38003361835854765,-0.5249823381812052,-2.297254500718655
2013-02-15,12:00:00,1634.08,1634.15,1625.96,1627.21,35458,1634.35,1631.65,BEARISH_LONDON_BREAKOUT,0,1,-1.4116186601606446,-0.8837212160692295,-0.9586961732044503
2013-02-18,12:00:00,1615.7,1616.25,1609.07,1611.61,32921,1617.34,1611.68,BEARISH_LONDON_BREAKOUT,0,1,-0.21345114512815302,0.15450388121195632,0.1445759209734461
2013-02-19,16:00:00,1613.97,1614.05,1604.13,1606.33,61726,1614.74,1611.42,BEARISH_LONDON_BREAKOUT,0,1,-0.14878636394762426,0.10271861946176009,-1.6534585047904196
2013-02-20,12:00:00,1606.37,1606.7,1590.84,1592.6,46284,1608.95,1606.23,BEARISH_LONDON_BREAKOUT,0,1,-0.8056009041818364,-1.387667964335044,-1.2432500313952
2013-02-21,12:00:00,1566.16,1574.7,1563.88,1572.8,54369,1571.35,1559.24,BULLISH_LONDON_BREAKOUT,1,0,0.7356307222787345,0.36622583926754776,0.45269582909461586
2013-02-22,12:00:00,1583.79,1584.71,1579.28,1579.92,40025,1587.24,1582.66,BEARISH_LONDON_BREAKOUT,0,1,-0.367740138741213,-0.08481442098335014,0.7595321282090232
2013-02-25,12:00:00,1586.79,1594.06,1586.79,1591.92,43629,1586.98,1582.6,BULLISH_LONDON_BREAKOUT,1,0,-0.356173677069204,0.18719533644906894,-0.05276647067692758
2013-02-26,16:00:00,1591.14,1609.67,1584.44,1605.13,81362,1595.23,1587.9,BULLISH_LONDON_BREAKOUT,1,0,0.6479225981696101,0.40931264134368783,-0.07226828979584718
2013-02-27,12:00:00,1611.96,1612.64,1604.95,1606.1,32709,1612.36,1609.38,BEARISH_LONDON_BREAKOUT,0,1,-0.13261938858102745,-0.5597409874852132,-0.9607122844156551
2013-02-28,12:00:00,1601.16,1601.78,1585.97,1590.67,39146,1603.01,1596.29,BEARISH_LONDON_BREAKOUT,0,1,-0.13579183614452286,-0.6047766035695724,-1.4365015999547446
2013-03-01,12:00:00,1579.42,1580.64,1564.81,1567.82,46184,1582.12,1576.93,BEARISH_LONDON_BREAKOUT,0,1,0.6282608972968923,0.7335025704481383,0.5389649321988522
2013-03-04,20:00:00,1575.21,1576.08,1569.38,1572.21,40837,1579.33,1574.59,BEARISH_LONDON_BREAKOUT,0,1,0.19208629890408926,0.5705344705859922,0.24869451281952504
2013-03-05,12:00:00,1581.21,1584.82,1579.06,1583.36,27867,1582.95,1578.46,BULLISH_LONDON_BREAKOUT,1,0,-0.4743078011317699,-0.3770462813257756,-0.5084124898949042
2013-03-05,16:00:00,1583.34,1586.51,1574.92,1575.85,58969,1582.95,1578.46,BEARISH_LONDON_BREAKOUT,1,1,0.017133610432463864,0.19227718374212013,0.3997842434241954
2013-03-06,12:00:00,1577.33,1578.09,1573.7,1575.31,20766,1579.28,1576.81,BEARISH_LONDON_BREAKOUT,0,1,0.4342002526486943,0.4392786181767445,0.5014885958954168
2013-03-06,16:00:00,1575.31,1584.84,1567.39,1582.15,71548,1579.28,1576.81,BULLISH_LONDON_BREAKOUT,1,1,-0.08659103119174023,0.11819359732009548,-0.2629333501880404
2013-03-07,16:00:00,1583.19,1585.23,1576.55,1577.99,60755,1585.46,1581.74,BEARISH_LONDON_BREAKOUT,0,1,-0.07921469717805563,-0.019645244900154336,-0.10076109481048157
2013-03-11,12:00:00,1581.86,1582.12,1576.91,1580.02,20393,1583.39,1580.09,BEARISH_LONDON_BREAKOUT,0,1,-0.00569613042872357,0.1272135795749415,0.9594815255503146
2013-03-12,12:00:00,1582.68,1595.54,1582.02,1595.18,29624,1584.54,1581.82,BULLISH_LONDON_BREAKOUT,1,0,-0.1523339058915021,-0.16111034491406384,0.023194874559603985
2013-03-13,12:00:00,1592.36,1597.07,1589.52,1595.55,20134,1594.07,1591.51,BULLISH_LONDON_BREAKOUT,1,0,-0.4807119801949074,-0.4675503744790221,-0.9714518504590893
2013-03-13,16:00:00,1595.55,1599.35,1585.63,1587.88,55456,1594.07,1591.51,BEARISH_LONDON_BREAKOUT,1,1,0.02267173841851399,-0.03652668967429243,0.12406479079022342
2013-03-14,12:00:00,1588.41,1589.25,1577.87,1580.05,22911,1589.38,1586.04,BEARISH_LONDON_BREAKOUT,0,1,0.620233536913386,0.6082086009936475,0.8341508180120922
2013-03-14,16:00:00,1580.08,1590.27,1576.31,1589.85,45669,1589.38,1586.04,BULLISH_LONDON_BREAKOUT,1,1,-0.09309054313300112,0.10126741516496068,0.3572664087807066
2013-03-15,16:00:00,1593.23,1599.08,1590.36,1595.53,45658,1594.38,1590.73,BULLISH_LONDON_BREAKOUT,1,0,-0.2243768528325965,0.14289922470902913,0.6806515703246023
2013-03-19,12:00:00,1603.92,1604.65,1601.43,1603.45,15325,1606.84,1603.68,BEARISH_LONDON_BREAKOUT,0,1,0.5868595840219436,0.5650316505035982,0.3330318999656938
2013-03-19,16:00:00,1603.44,1614.46,1600.02,1612.86,49038,1606.84,1603.68,BULLISH_LONDON_BREAKOUT,1,1,-0.012400332328895139,-0.03100083082226604,-0.33418895626402
2013-03-20,12:00:00,1611.27,1612.6,1608.33,1608.79,16673,1614.77,1610.52,BEARISH_LONDON_BREAKOUT,0,1,-0.08204924197688551,-0.16720640978624027,-0.03605193965650752
2013-03-21,16:00:00,1608.25,1616.84,1608.19,1614.53,44941,1609.71,1607.16,BULLISH_LONDON_BREAKOUT,1,0,-0.0018581258942213968,-0.05512440152861035,-0.3790576824215029
2013-03-22,12:00:00,1612.93,1613.61,1607.98,1609.3,17079,1615.52,1612.13,BEARISH_LONDON_BREAKOUT,0,1,-0.055303548126506716,-0.15845398620517956,-0.6394084384514984
2013-03-25,12:00:00,1606.86,1607.9,1598.42,1599.01,22081,1612.7,1606.44,BEARISH_LONDON_BREAKOUT,0,1,0.11069349159792508,0.4358947098517225,-0.008755417414531494
2013-03-26,12:00:00,1601.31,1602.62,1596.24,1598.87,20563,1603.59,1600.05,BEARISH_LONDON_BREAKOUT,0,1,0.09381625773202325,0.0769293313402602,-0.2614346382132279
2013-03-27,16:00:00,1594.69,1607.85,1594.56,1604.24,54188,1599.5,1592.5,BULLISH_LONDON_BREAKOUT,1,0,0.07230838278562321,0.09287887099187211,-0.4637710068318989
2013-03-28,12:00:00,1606.06,1606.1,1600.15,1600.51,18366,1606.49,1603.98,BEARISH_LONDON_BREAKOUT,0,1,-0.2318011133951076,-0.27553717252626236,-0.2911571936445309
2013-04-02,12:00:00,1599.67,1600.12,1596.78,1597.29,13006,1603.35,1598.6,BEARISH_LONDON_BREAKOUT,0,1,-1.0348778243149317,-1.3109704562102096,-1.5757940010893496
2013-04-03,12:00:00,1568.33,1573.14,1567.07,1572.12,22575,1568.75,1564.46,BULLISH_LONDON_BREAKOUT,1,0,-0.30850062336207856,-1.0711650510139124,-1.5965702363687193
2013-04-03,20:00:00,1567.27,1568.42,1549.44,1557.94,41627,1568.75,1564.46,BEARISH_LONDON_BREAKOUT,1,1,-0.17073828260395663,-0.5969421158709549,-0.3068154100928131
2013-04-05,12:00:00,1551.66,1558.74,1551.11,1554.72,22284,1553.59,1549.71,BULLISH_LONDON_BREAKOUT,1,0,0.8149377379849795,1.4497787382937097,1.4060409591437621
2013-04-08,16:00:00,1576.58,1577.37,1567.35,1570.74,40002,1580.88,1576.27,BEARISH_LONDON_BREAKOUT,0,1,0.14388122795624933,0.2508371850210763,1.1981613761666434
2013-04-09,12:00:00,1575.01,1575.89,1570.65,1571.58,17163,1577.06,1574.36,BEARISH_LONDON_BREAKOUT,0,1,1.14407157128495,0.876188294582521,0.4250499497321208
2013-04-09,16:00:00,1571.61,1590.33,1571.44,1589.56,51397,1577.06,1574.36,BULLISH_LONDON_BREAKOUT,1,1,-0.281838999471553,-0.14846875865018622,-1.1619567679106186
2013-04-10,12:00:00,1583.25,1584.52,1577.71,1578.26,23342,1588.61,1582.85,BEARISH_LONDON_BREAKOUT,0,1,-0.4542977709629638,-1.4452625042768583,-1.248843663274748
2013-04-11,16:00:00,1558.57,1568.4,1556.05,1565.13,48482,1561.71,1555.87,BULLISH_LONDON_BREAKOUT,1,0,-0.23448531431894298,-0.2415134845028975,-3.7658213694709097
2013-04-12,12:00:00,1557.04,1558.05,1543.04,1543.83,33004,1564.71,1556.94,BEARISH_LONDON_BREAKOUT,0,1,-2.4380922769994022,-3.490669309444685,-8.695905637278717
2013-04-15,12:00:00,1437.71,1442.76,1385.44,1409.58,135887,1459.21,1433.48,BEARISH_LONDON_BREAKOUT,0,1,-2.14744817605244,-4.117538557584526,-1.6806424608748582
2013-04-16,12:00:00,1372.63,1393.89,1360.32,1385.89,67924,1379.96,1348.17,BULLISH_LONDON_BREAKOUT,1,0,0.2301769981744458,-1.084501655975597,-0.5967284560823881
2013-04-17,16:00:00,1377.62,1395.12,1370.16,1386.39,104679,1385.98,1366.05,BULLISH_LONDON_BREAKOUT,1,0,-0.9492278507490735,-1.5320364399627817,0.18825871508016503
2013-04-18,12:00:00,1382.52,1401.56,1381.26,1397.34,48204,1386.24,1362.98,BULLISH_LONDON_BREAKOUT,1,0,-0.596848297479491,-0.2168405685087361,0.7349678675197148
2013-04-22,12:00:00,1420.6,1439.05,1419.79,1434.44,43065,1427.84,1417.92,BULLISH_LONDON_BREAKOUT,1,0,-0.8532946655140687,-0.7271130197150152,-0.9313739159532729
2013-04-24,12:00:00,1425.77,1426.66,1419.16,1422.12,38017,1430.25,1422.54,BEARISH_LONDON_BREAKOUT,0,1,0.22220347087447487,0.5541023261046966,1.6587911006103666
2013-04-24,20:00:00,1425.24,1430.74,1421.22,1430.47,29886,1430.25,1422.54,BULLISH_LONDON_BREAKOUT,1,1,-0.03285633393220601,0.9199773501017204,2.350975553489404
2013-04-25,16:00:00,1445.71,1457.95,1444.56,1454.03,72031,1448.13,1442.09,BULLISH_LONDON_BREAKOUT,1,0,0.6925579252147436,1.5171626445121453,0.10109832671953312
2013-04-26,16:00:00,1464.05,1483.09,1452.8,1455.5,92764,1476.9,1461.12,BEARISH_LONDON_BREAKOUT,0,1,0.37856406733081355,0.8828581243558852,1.0099622122981826
2013-05-01,12:00:00,1471.2,1473.13,1463.75,1466.07,34386,1475.32,1470.95,BEARISH_LONDON_BREAKOUT,0,1,-1.71069594221285,-0.4863342132367406,-0.6391236434822274
2013-05-02,16:00:00,1456.7,1473.87,1455.62,1469.8,80979,1460.07,1452.11,BULLISH_LONDON_BREAKOUT,1,0,-0.1775751802966322,0.23404544836032487,-0.4279493808681429
2013-05-03,16:00:00,1475.33,1477.01,1456.11,1463.51,96906,1478.98,1472.78,BEARISH_LONDON_BREAKOUT,0,1,0.4742024311415743,0.8288293212892367,0.3245621826977608
2013-05-06,16:00:00,1473.37,1474.45,1465.17,1468.26,52570,1478.69,1472.05,BEARISH_LONDON_BREAKOUT,0,1,0.10556713388636581,-0.17026957078446595,-1.268167763202695
2013-05-07,16:00:00,1461.8,1462.78,1441.37,1449.64,80300,1466.18,1457.4,BEARISH_LONDON_BREAKOUT,0,1,0.1538312960459004,0.40285864076597766,1.0644021964073724
2013-05-08,12:00:00,1454.64,1462.26,1450.09,1461.56,31410,1457.25,1452.55,BULLISH_LONDON_BREAKOUT,1,0,0.24015435562002183,0.7115684610963691,0.34483702345438877
2013-05-09,12:00:00,1470.89,1473.37,1464.63,1466.6,32094,1475.82,1468.39,BEARISH_LONDON_BREAKOUT,0,1,0.04227464884768296,-0.7575344333833288,-2.338060820946404
2013-05-10,12:00:00,1456.59,1458.03,1428.25,1432.31,64249,1462.18,1454.42,BEARISH_LONDON_BREAKOUT,0,1,-0.6136939628990905,0.3735224916393893,0.06074104069650552
2013-05-14,12:00:00,1439.38,1440.56,1422.93,1428.42,47011,1443.33,1437.61,BEARISH_LONDON_BREAKOUT,0,1,0.1519161031069185,0.12111283796082511,-1.2377311995071523
2013-05-15,16:00:00,1410.73,1417.89,1390.43,1396.81,113837,1427.15,1409.1,BEARISH_LONDON_BREAKOUT,0,1,-0.2971055476406858,-0.18184291349574844,-0.7309512388943404
2013-05-16,12:00:00,1376.9,1379.1,1369.62,1374.71,61578,1396.8,1375.17,BEARISH_LONDON_BREAKOUT,0,1,0.864909690043709,0.8983712928544864,0.1716725709422278
2013-05-17,16:00:00,1377.07,1382.58,1359.55,1364.34,109089,1388.5,1373.04,BEARISH_LONDON_BREAKOUT,0,1,-0.3994605450254202,-1.449052289018865,0.27339226292566504
2013-05-20,12:00:00,1348.19,1359.28,1347.21,1357.34,47072,1351.07,1342.08,BULLISH_LONDON_BREAKOUT,1,0,0.790516745988479,2.3199787820295588,1.6075559550297027
2013-05-21,12:00:00,1388.5,1388.82,1375.27,1379.16,60705,1401.66,1387.22,BEARISH_LONDON_BREAKOUT,0,1,-0.36398967487455997,-0.1450158067229328,1.1543258215145338
2013-05-22,12:00:00,1387.25,1397.98,1381.98,1395.08,43303,1390.13,1375.42,BULLISH_LONDON_BREAKOUT,1,0,-1.425724689623525,-2.293058462597128,-0.26163374143417323
2013-05-22,16:00:00,1395.08,1414.31,1366.93,1375.19,152495,1390.13,1375.42,BEARISH_LONDON_BREAKOUT,1,1,-0.7518961016296036,-0.5359259447785483,0.6929951497611219
2013-05-23,12:00:00,1378.03,1395.67,1376.78,1391.43,69300,1382.79,1367.14,BULLISH_LONDON_BREAKOUT,1,0,-0.4822376979079103,-0.24147819150083924,0.04671453109390077
2013-05-24,16:00:00,1392.08,1394.7,1385.63,1387.8,72465,1398.45,1387.99,BEARISH_LONDON_BREAKOUT,0,1,-0.14483354950280955,0.3098429168468046,0.43738290820002423
2013-05-27,12:00:00,1393.67,1396.83,1392.19,1394.9,16297,1394.67,1391.19,BULLISH_LONDON_BREAKOUT,1,0,-0.07384041866801921,0.09319664492077959,-1.0739121083948682
2013-05-28,12:00:00,1387.75,1388.04,1377.57,1379.92,38240,1392.72,1386.06,BEARISH_LONDON_BREAKOUT,0,1,0.7275784103426258,0.053626297176648574,0.8529479969853312
2013-05-29,12:00:00,1384.5,1394.92,1382.37,1391.69,43256,1388.66,1381.01,BULLISH_LONDON_BREAKOUT,1,0,-0.24718148438230167,0.049580007041802016,0.5798705171410253
2013-05-30,16:00:00,1399.78,1418.05,1397.3,1412.84,86407,1410.71,1393.95,BULLISH_LONDON_BREAKOUT,1,0,0.09767560374848597,0.4197219784264364,-1.2082047507148677
2013-05-31,12:00:00,1412.42,1417.81,1406.38,1406.83,35474,1419.81,1411.68,BEARISH_LONDON_BREAKOUT,0,1,-0.7861646396508424,-0.8807034254316353,-0.6681688619093895
2013-06-03,16:00:00,1397.48,1417.04,1390.67,1414.34,84837,1399.08,1391.24,BULLISH_LONDON_BREAKOUT,1,0,-0.17888202271023748,-0.24110185669639936,-1.2189431112745175
2013-06-04,12:00:00,1405.53,1407.28,1396.12,1397.41,37927,1412.05,1403.75,BEARISH_LONDON_BREAKOUT,0,1,-0.022183897352972482,0.08515754145167324,-0.015027801432653006
2013-06-05,12:00:00,1400.54,1402.11,1395.81,1397.2,37086,1408.23,1398.8,BEARISH_LONDON_BREAKOUT,0,1,0.4723733180646943,0.2784139707987312,0.4487546521614645
2013-06-06,12:00:00,1393.77,1406.87,1393.69,1403.47,39216,1400.04,1391.78,BULLISH_LONDON_BREAKOUT,1,0,0.5123016523331495,0.5885412584522641,0.4161114950800457
2013-06-07,12:00:00,1410.13,1413.75,1408.94,1409.31,38624,1415.3,1409.76,BEARISH_LONDON_BREAKOUT,0,1,-1.8633231865239013,-1.7703698973256448,-1.92647465781126
2013-06-12,16:00:00,1378.22,1394.63,1373.12,1390.83,76886,1379.51,1374.24,BULLISH_LONDON_BREAKOUT,1,0,-0.14955098753980914,-0.08915539641796691,-1.0216920831445997
2013-06-13,16:00:00,1385.47,1387.63,1374.46,1376.62,85827,1391.9,1385.07,BEARISH_LONDON_BREAKOUT,0,1,0.4816143888654901,0.5578881608577577,0.8477284944283878
2013-06-14,12:00:00,1386.1,1386.34,1378.5,1379.89,26452,1386.62,1383.39,BEARISH_LONDON_BREAKOUT,0,1,0.608744175260337,0.747161005587398,0.31016965120407947
2013-06-14,16:00:00,1379.88,1392.34,1378.43,1388.29,79504,1386.62,1383.39,BULLISH_LONDON_BREAKOUT,1,1,0.1411808771942488,0.20456820981208146,-0.322699147872564
2013-06-17,12:00:00,1387.5,1388.29,1384.01,1384.17,22072,1391.79,1386.38,BEARISH_LONDON_BREAKOUT,0,1,-0.026008366024413712,0.023841002189032217,-0.6458744229393828
2013-06-18,12:00:00,1382.05,1383.13,1372.42,1375.23,27193,1383.79,1377.38,BEARISH_LONDON_BREAKOUT,0,1,-0.731514001294325,-0.4399264123092104,-0.1941493422918401
2013-06-19,12:00:00,1368.87,1374.07,1366.1,1372.56,25406,1369.92,1364.91,BULLISH_LONDON_BREAKOUT,1,0,0.02987118960191772,-1.916127528122629,-4.774290377105553
2013-06-19,20:00:00,1372.95,1376.66,1349.11,1351.44,70795,1369.92,1364.91,BEARISH_LONDON_BREAKOUT,2,1,-0.3832948558574605,-2.760758894216535,-5.378707156810517
2013-06-20,12:00:00,1314.13,1316.39,1285.82,1307.03,119030,1347.7,1312.38,BEARISH_LONDON_BREAKOUT,0,1,-0.9517761642808548,-2.5049157249642326,-0.7987574883514574
2013-06-25,12:00:00,1281.91,1289.56,1281.23,1286.83,36476,1283.44,1273.4,BULLISH_LONDON_BREAKOUT,1,0,-0.7250374952402359,-0.9449577644288566,-3.9787695344373244
2013-06-26,12:00:00,1237.49,1239.51,1224.11,1235.63,94887,1254.89,1236.94,BEARISH_LONDON_BREAKOUT,0,1,-0.0898327169136495,-0.6013126906922026,-0.26464232820506206
2013-06-27,12:00:00,1239.21,1240.42,1224.07,1232.36,55540,1244.23,1235.72,BEARISH_LONDON_BREAKOUT,0,1,-0.08925963192572861,-2.1982212989710734,-2.3856665260151146
2013-06-28,16:00:00,1202.97,1221.41,1186.75,1220.12,142801,1212.09,1194.82,BULLISH_LONDON_BREAKOUT,1,0,1.2080778939776424,1.7301576894076096,3.0472412549585344
2013-07-01,12:00:00,1240.48,1244.7,1234.75,1236.26,36155,1247.8,1239.11,BEARISH_LONDON_BREAKOUT,0,1,1.7019073657644803,1.3071683949978228,1.7067607137657055
2013-07-01,16:00:00,1236.23,1261.74,1233.54,1257.3,96200,1247.8,1239.11,BULLISH_LONDON_BREAKOUT,1,1,-0.33086773244252404,0.10339616638828876,-0.6848007635409131
2013-07-02,16:00:00,1257.37,1257.48,1244.58,1248.69,74135,1267.47,1256.28,BEARISH_LONDON_BREAKOUT,0,1,-0.49171531765290827,-0.26507780153600535,0.36037767580424285
2013-07-03,12:00:00,1242.18,1259.2,1241.73,1254.72,45499,1247.49,1236.82,BULLISH_LONDON_BREAKOUT,1,0,-0.12193955623565199,0.04303749043611033,-0.4845702626880839
2013-07-04,12:00:00,1251.63,1252.03,1245.95,1248.64,31451,1255.4,1250.93,BEARISH_LONDON_BREAKOUT,0,1,-0.09850717580727976,-0.0608662224500249,-0.7239876986161096
2013-07-05,16:00:00,1239.6,1242.61,1208.14,1215.71,118795,1245.27,1239.05,BEARISH_LONDON_BREAKOUT,0,1,0.5930690707487836,0.2928329947109052,1.6048235187668105
2013-07-08,12:00:00,1225.6,1235.78,1224.79,1233.44,40114,1228.08,1218.49,BULLISH_LONDON_BREAKOUT,1,0,0.1443118433000367,0.040537034634842393,1.339343624335191
2013-07-09,12:00:00,1256.47,1257.86,1246.53,1249.96,38653,1260.57,1251.54,BEARISH_LONDON_BREAKOUT,0,1,-0.09200294409421829,-0.0880028160901258,0.5848187141988499
2013-07-10,12:00:00,1253.33,1259.67,1251.89,1257.27,34847,1256.49,1244.53,BULLISH_LONDON_BREAKOUT,1,0,-0.03340571237682222,2.0552466852784144,1.9940028792542523
2013-07-11,16:00:00,1282.34,1289.29,1277.71,1281.11,65735,1298.83,1282.05,BEARISH_LONDON_BREAKOUT,0,1,0.34189101638423786,0.18343467774040767,-0.11864711070868089
2013-07-12,12:00:00,1276.07,1278.05,1267.84,1272.4,30691,1284.09,1275.27,BEARISH_LONDON_BREAKOUT,0,1,0.5650738761395652,1.3258409305249834,0.47705124174787294
2013-07-12,20:00:00,1279.56,1285.94,1276.12,1285.31,29731,1284.09,1275.27,BULLISH_LONDON_BREAKOUT,1,1,0.30809687935206576,0.11514731854572191,-0.02489671752339407
2013-07-15,12:00:00,1286.78,1286.86,1276.57,1278.47,26250,1291.53,1285.31,BEARISH_LONDON_BREAKOUT,0,1,0.47243971309455546,0.30896305740455743,1.0285732164227446
2013-07-16,12:00:00,1286.16,1293.37,1283.67,1291.62,33528,1287.95,1278.53,BULLISH_LONDON_BREAKOUT,1,0,-0.16490918381566422,-0.07664793050585945,-0.3483996841176198
2013-07-17,16:00:00,1287.14,1300.55,1270.27,1272.55,129094,1291.66,1284.8,BEARISH_LONDON_BREAKOUT,0,1,0.2844681937841435,0.4101999921417647,1.0050685631212892
2013-07-18,12:00:00,1277.03,1282.98,1276.68,1281.24,28547,1278.4,1275.08,BULLISH_LONDON_BREAKOUT,1,0,0.32000249758046184,0.27239236989166815,0.7633230308138969
2013-07-19,16:00:00,1291.02,1297.89,1288.35,1294.67,60994,1293.96,1288.95,BULLISH_LONDON_BREAKOUT,1,0,0.08341894073392658,1.5710567171557166,2.7474182610240394
2013-07-22,16:00:00,1316.46,1332.04,1316.38,1330.24,61269,1323.03,1314.72,BULLISH_LONDON_BREAKOUT,1,0,0.2533377435650627,0.42623887418812184,0.2525859995188763
2013-07-23,12:00:00,1332.87,1333.17,1326.53,1328.93,31500,1336.6,1329.03,BEARISH_LONDON_BREAKOUT,0,1,0.35141053328616595,1.0610039655963752,0.9518936287088005
2013-07-23,20:00:00,1333.61,1346.68,1333.61,1342.57,37305,1336.6,1329.03,BULLISH_LONDON_BREAKOUT,1,1,0.03426264552314117,0.03053844492280342,-1.6922767527950147
2013-07-24,16:00:00,1341.56,1342.22,1326.97,1327.93,52484,1345.65,1338.47,BEARISH_LONDON_BREAKOUT,0,1,-0.6084658076856577,-0.47291649409230707,0.03388732839833768
2013-07-25,16:00:00,1320.85,1331.43,1317.1,1328.38,63098,1324.73,1317.65,BULLISH_LONDON_BREAKOUT,1,0,0.2280973817732857,0.7821557084569077,-0.8393682530601252
2013-07-26,12:00:00,1335.31,1335.31,1325.73,1327.33,34529,1339.38,1333.13,BEARISH_LONDON_BREAKOUT,0,1,-0.7609260696284955,0.2704677811847955,0.6727791882953045
2013-07-29,12:00:00,1325.75,1338.29,1324.41,1336.26,36950,1328.64,1322.88,BULLISH_LONDON_BREAKOUT,1,0,-0.29111101133013784,-0.7520991423824671,-0.8920419678805077
2013-07-31,16:00:00,1329.05,1329.67,1306.3,1309.49,79864,1335.38,1328.69,BEARISH_LONDON_BREAKOUT,0,1,1.081337009064604,0.8774408357452145,0.09774797822052653
2013-08-01,12:00:00,1317.79,1327.74,1316.99,1325.47,30645,1322.23,1316.11,BULLISH_LONDON_BREAKOUT,1,0,-1.1090405667423664,-1.3836601356499896,-3.001199574490556
2013-08-01,16:00:00,1325.44,1328.46,1310.05,1310.77,69227,1322.23,1316.11,BEARISH_LONDON_BREAKOUT,1,1,-0.02899059331537049,-0.33568055417808546,0.05569245557954624
2013-08-02,16:00:00,1285.69,1318.46,1283.27,1311.5,78018,1306.49,1283.1,BULLISH_LONDON_BREAKOUT,1,0,0.07091117041555955,0.4369043080442256,-0.8006099885627144
2013-08-05,12:00:00,1315.63,1316.54,1307.34,1307.49,24847,1318.09,1312.95,BEARISH_LONDON_BREAKOUT,0,1,-0.49637090914653337,-0.2822201317027323,-1.3873911081537986
2013-08-06,16:00:00,1289.32,1291.74,1279.33,1286.44,55231,1295.72,1287.88,BEARISH_LONDON_BREAKOUT,0,1,-0.22776033083548888,-0.617207176393773,0.11271415689810993
2013-08-07,16:00:00,1277.78,1289.43,1275.72,1287.89,50793,1284.86,1277.1,BULLISH_LONDON_BREAKOUT,1,0,-0.23293914852976572,0.45889012260362716,1.9396066434244998
2013-08-08,16:00:00,1291.48,1314.32,1289.43,1312.87,67699,1297.47,1288.28,BULLISH_LONDON_BREAKOUT,1,0,-0.0015233800757106044,-0.041131262044220955,0.08226252408845923
2013-08-09,16:00:00,1310.0,1317.25,1307.39,1313.95,50927,1313.16,1307.02,BULLISH_LONDON_BREAKOUT,1,0,0.022070855055364633,1.148445526846525,1.7877392594847603
2013-08-12,12:00:00,1329.23,1329.76,1322.83,1326.28,29121,1333.68,1328.14,BEARISH_LONDON_BREAKOUT,0,1,0.841451277256694,0.5059263503935848,0.04146937298307707
2013-08-12,16:00:00,1326.29,1344.1,1326.14,1337.44,52950,1333.68,1328.14,BULLISH_LONDON_BREAKOUT,1,1,-0.06729273836584003,-0.09121904534035374,-1.1686505562866454
2013-08-13,12:00:00,1337.72,1337.72,1323.6,1326.83,40829,1341.34,1332.81,BEARISH_LONDON_BREAKOUT,0,1,-0.3783453795889437,-0.4084924217872558,-0.23514692914690585
2013-08-14,12:00:00,1322.07,1327.37,1321.35,1323.71,25634,1323.02,1318.8,BULLISH_LONDON_BREAKOUT,1,0,0.7471425010009649,1.4255388264801119,1.0047517960882637
2013-08-15,20:00:00,1338.39,1370.1,1337.67,1362.72,105277,1342.44,1335.77,BULLISH_LONDON_BREAKOUT,1,0,0.00953974404132043,0.05503698485382177,1.015615827169185
2013-08-16,16:00:00,1364.69,1374.07,1360.19,1368.72,81658,1368.3,1360.7,BULLISH_LONDON_BREAKOUT,1,0,0.5727979426033023,0.8679642293529635,-0.28566836168099263
2013-08-19,16:00:00,1373.92,1376.24,1362.34,1364.81,61982,1381.61,1372.0,BEARISH_LONDON_BREAKOUT,0,1,0.12675757065086116,-0.07033946117042199,0.6799481246473849
2013-08-20,12:00:00,1359.12,1368.0,1358.39,1365.92,36056,1364.2,1352.35,BULLISH_LONDON_BREAKOUT,1,0,0.5981316621763972,0.20279372144781405,0.04319433056108104
2013-08-22,12:00:00,1365.38,1374.34,1364.24,1368.81,36832,1365.93,1359.14,BULLISH_LONDON_BREAKOUT,1,0,0.31121923422534836,0.42810908745553633,0.271038347177478
2013-08-23,12:00:00,1376.03,1377.61,1370.21,1372.52,24299,1378.87,1373.93,BEARISH_LONDON_BREAKOUT,0,1,1.7537085069798575,1.7041646023373138,1.5067175706000686
2013-08-23,16:00:00,1372.53,1398.53,1368.66,1396.59,88464,1378.87,1373.93,BULLISH_LONDON_BREAKOUT,1,1,0.07804724364345625,-0.03436942839344533,-0.19619215374591034
2013-08-26,12:00:00,1394.73,1397.53,1393.05,1393.2,20559,1400.89,1393.57,BEARISH_LONDON_BREAKOUT,0,1,0.046655182314087246,0.6962388745334515,1.5116279069767402
2013-08-26,20:00:00,1393.85,1403.75,1389.45,1402.62,36571,1400.89,1393.57,BULLISH_LONDON_BREAKOUT,1,1,0.01996264134264449,0.021388544295688205,0.9368182401505826
2013-08-27,12:00:00,1402.91,1415.33,1402.71,1414.26,41427,1404.37,1396.87,BULLISH_LONDON_BREAKOUT,1,0,0.23333757583470896,0.3104096842164878,0.6985985603778732
2013-09-03,12:00:00,1386.96,1399.17,1384.5,1394.84,32621,1393.98,1386.82,BULLISH_LONDON_BREAKOUT,1,0,0.8187318975653174,1.1836483037480996,0.6825155573399088
2013-09-04,12:00:00,1408.1,1409.08,1399.77,1404.36,26607,1414.02,1405.79,BEARISH_LONDON_BREAKOUT,0,1,-0.9947591785581902,-0.77259392178643,-0.5903044803326757
2013-09-05,12:00:00,1387.58,1397.19,1387.0,1396.07,29007,1393.64,1381.12,BULLISH_LONDON_BREAKOUT,1,0,-1.9562056343879566,-1.9275537759567827,-1.8265559749869278
2013-09-05,16:00:00,1396.09,1399.88,1364.74,1368.76,69726,1393.64,1381.12,BEARISH_LONDON_BREAKOUT,1,1,0.0036529413483703884,0.1833776556883596,1.3333235921564042
2013-09-06,16:00:00,1370.58,1393.33,1359.91,1387.01,87389,1372.74,1366.91,BULLISH_LONDON_BREAKOUT,1,0,0.29704183819872376,0.08507508958119002,-0.00793072868976431
2013-09-09,12:00:00,1387.44,1388.36,1382.1,1382.67,20330,1389.55,1386.29,BEARISH_LONDON_BREAKOUT,0,1,0.30592983141313673,0.2958044942032385,-1.013256959361235
2013-09-10,12:00:00,1376.18,1377.61,1364.77,1368.66,27479,1380.54,1374.4,BEARISH_LONDON_BREAKOUT,0,1,-0.29371794309762694,-0.19215875381761058,-0.6137389855771405
2013-09-11,12:00:00,1365.8,1368.07,1357.66,1360.26,25330,1368.16,1362.65,BEARISH_LONDON_BREAKOUT,0,1,0.16173378618793802,0.33817064384749307,-1.435754929204709
2013-09-12,16:00:00,1340.75,1341.0,1326.04,1331.14,70398,1359.98,1340.57,BEARISH_LONDON_BREAKOUT,0,1,-0.661838724702148,-0.4251994531003562,-1.2733446519524652
2013-09-13,20:00:00,1314.19,1327.18,1307.23,1326.15,39743,1326.12,1307.96,BULLISH_LONDON_BREAKOUT,1,0,0.2918221920597135,-0.4305696942276542,-1.2253515816461182
2013-09-16,12:00:00,1320.44,1322.25,1310.14,1311.71,35796,1330.59,1319.82,BEARISH_LONDON_BREAKOUT,0,1,0.5428029061301577,0.09834490855447954,0.7097605415831201
2013-09-17,16:00:00,1321.06,1322.31,1306.91,1308.52,57321,1321.29,1312.31,BEARISH_LONDON_BREAKOUT,0,1,0.1322104362180187,-0.844465503011032,-0.7458808424785247
2013-09-18,20:00:00,1298.77,1367.38,1297.57,1366.21,102634,1307.73,1294.41,BULLISH_LONDON_BREAKOUT,1,0,0.11272059200269091,0.36231618858008985,-0.10906083252208731
2013-09-20,12:00:00,1356.21,1359.26,1352.18,1353.44,27592,1366.51,1355.23,BEARISH_LONDON_BREAKOUT,0,1,-1.1644402411632573,-1.7466603617448944,-2.289721007211255
2013-09-24,12:00:00,1318.24,1321.18,1312.42,1314.62,38283,1329.32,1318.15,BEARISH_LONDON_BREAKOUT,0,1,0.13844304818123593,0.8162054433980936,0.5469261079247276
2013-09-25,12:00:00,1324.0,1324.32,1319.55,1321.81,22027,1330.03,1322.05,BEARISH_LONDON_BREAKOUT,0,1,0.9002806757400906,0.7769649193151801,1.1022764239943839
2013-09-25,16:00:00,1321.79,1338.09,1316.66,1333.71,62345,1330.03,1322.05,BULLISH_LONDON_BREAKOUT,1,1,-0.017994916436107483,-0.19869386898201938,-0.6613131790269201
2013-09-26,16:00:00,1336.36,1337.46,1322.57,1324.89,64944,1339.23,1328.59,BEARISH_LONDON_BREAKOUT,0,1,-0.0837805402712774,-0.006793016778762427,1.0302742114439587
2013-09-27,12:00:00,1326.05,1342.33,1321.42,1337.36,155715,1328.12,1323.85,BULLISH_LONDON_BREAKOUT,1,0,0.08823353472513487,0.2175928695340134,-0.10842256385713782
2013-09-30,12:00:00,1340.13,1342.37,1335.46,1335.91,17874,1343.28,1336.91,BEARISH_LONDON_BREAKOUT,0,1,-0.3533172144830136,-0.5501867640784286,-0.8451168117612855
2013-10-01,12:00:00,1334.14,1335.13,1324.06,1324.62,25622,1337.67,1327.2,BEARISH_LONDON_BREAKOUT,0,1,-2.640757349277513,-2.6747293563436942,-2.28744847578928
2013-10-02,12:00:00,1291.63,1297.26,1290.61,1294.32,33577,1293.07,1285.92,BULLISH_LONDON_BREAKOUT,1,0,1.6796464552815384,1.5861610729958568,0.928672971135421
2013-10-03,12:00:00,1311.54,1313.8,1303.51,1306.34,34498,1316.51,1309.23,BEARISH_LONDON_BREAKOUT,0,1,0.9170660011941776,0.7876969242310725,0.5167108103556503
2013-10-03,16:00:00,1306.34,1322.03,1301.97,1318.32,95626,1316.51,1309.23,BULLISH_LONDON_BREAKOUT,1,1,-0.08495661144486095,-0.18811821105649754,-0.7001335032465577
2013-10-04,12:00:00,1319.02,1319.02,1312.42,1313.09,22780,1320.78,1315.42,BEARISH_LONDON_BREAKOUT,0,1,-0.3046249685855501,0.04569374528784291,0.2056218537952498
2013-10-07,12:00:00,1310.26,1318.15,1309.6,1315.79,39055,1315.35,1308.56,BULLISH_LONDON_BREAKOUT,1,0,0.44003982398406766,0.5547997780800853,0.1717599312960268
2013-10-08,12:00:00,1324.77,1325.55,1317.06,1318.05,45154,1327.08,1323.97,BEARISH_LONDON_BREAKOUT,0,1,0.4142483213838653,0.1714654224043087,-0.5895072265847261
2013-10-09,12:00:00,1317.16,1321.45,1307.56,1310.28,52531,1319.42,1316.18,BEARISH_LONDON_BREAKOUT,0,1,-0.810513783313482,-0.5632383917941113,-0.5945294135604575
2013-10-10,16:00:00,1302.49,1311.78,1293.56,1300.89,97519,1308.57,1301.15,BEARISH_LONDON_BREAKOUT,0,1,-1.0454381231310976,-0.6741538485191068,-2.541337084611318
2013-10-11,16:00:00,1289.97,1290.51,1262.13,1267.83,125092,1294.58,1288.42,BEARISH_LONDON_BREAKOUT,0,1,0.33521844411316976,0.22242729703510436,0.8360742370822695
2013-10-14,12:00:00,1276.21,1285.0,1274.88,1283.07,19127,1277.95,1269.6,BULLISH_LONDON_BREAKOUT,1,0,-0.3616326466989231,-0.8479662060526614,-1.4574419166530312
2013-10-15,12:00:00,1266.8,1268.19,1251.67,1264.37,23090,1273.41,1264.79,BEARISH_LONDON_BREAKOUT,0,1,0.5718262850273274,0.8612985123025777,1.1072708147140473
2013-10-15,20:00:00,1271.61,1288.11,1270.27,1281.66,22873,1273.41,1264.79,BULLISH_LONDON_BREAKOUT,1,1,-0.4993524023532052,0.028868810761035753,-0.139662625033175
2013-10-16,12:00:00,1282.0,1284.79,1275.75,1278.37,17503,1288.3,1279.1,BEARISH_LONDON_BREAKOUT,0,1,-0.3856473477944442,0.21589993507358735,3.01555887575586
2013-10-17,16:00:00,1316.92,1323.53,1313.17,1322.89,32279,1319.68,1274.54,BULLISH_LONDON_BREAKOUT,1,0,-0.24038279826743444,-0.5034432190129249,-0.5586254337095374
2013-10-21,12:00:00,1320.09,1320.71,1313.74,1315.79,11762,1324.15,1317.71,BEARISH_LONDON_BREAKOUT,0,1,0.11855995257601482,-0.014439994224006459,-0.1641599343360152
2013-10-22,16:00:00,1313.67,1344.73,1311.54,1342.56,26885,1317.53,1313.49,BULLISH_LONDON_BREAKOUT,1,0,-0.17503873197472808,-0.2569717554522737,-0.5496961029674564
2013-10-23,12:00:00,1335.64,1336.01,1329.27,1331.9,12558,1340.07,1332.7,BEARISH_LONDON_BREAKOUT,0,1,0.24626473458968182,0.03528793452960432,0.8011111945341124
2013-10-24,12:00:00,1336.65,1346.44,1334.21,1342.57,12933,1342.0,1334.0,BULLISH_LONDON_BREAKOUT,1,0,0.5638439708916604,0.307618969588186,-0.3113431701885069
2013-10-25,12:00:00,1342.3,1345.06,1336.66,1338.39,12752,1345.45,1340.44,BEARISH_LONDON_BREAKOUT,0,1,0.573076606968062,0.7957321856857763,0.9571201219375478
2013-10-25,16:00:00,1338.39,1348.35,1337.39,1346.06,19795,1345.45,1340.44,BULLISH_LONDON_BREAKOUT,1,1,0.32539411318961337,0.332823202531835,0.6084424171285124
2013-10-28,16:00:00,1351.2,1361.77,1348.04,1354.25,20277,1351.65,1346.43,BULLISH_LONDON_BREAKOUT,1,0,-0.09008676389145485,0.06498061657744944,-0.5109839394498853
2013-10-30,12:00:00,1345.52,1352.4,1344.29,1349.93,11485,1348.52,1342.59,BULLISH_LONDON_BREAKOUT,1,0,0.31334958108939115,-0.844488232723185,-1.5311905061743996
2013-10-31,12:00:00,1336.01,1337.05,1327.81,1329.26,13530,1340.0,1332.99,BEARISH_LONDON_BREAKOUT,0,1,-0.43482840076433293,-0.455892752358451,-1.2330168665272483
2013-11-01,12:00:00,1325.01,1325.55,1312.08,1312.87,16198,1327.45,1324.2,BEARISH_LONDON_BREAKOUT,0,1,-0.11882364590553106,0.09292618461843347,0.3648495281330361
2013-11-04,12:00:00,1313.51,1319.04,1312.48,1317.66,8683,1315.82,1311.19,BULLISH_LONDON_BREAKOUT,1,0,0.04401742482885776,-0.1912481216702322,-0.4416920905241233
2013-11-05,12:00:00,1314.69,1315.49,1309.38,1311.84,12737,1317.57,1314.14,BEARISH_LONDON_BREAKOUT,0,1,-0.18066227588729503,0.06479448713258755,0.5099707281375819
2013-11-06,12:00:00,1312.36,1322.05,1311.69,1318.53,12696,1315.66,1310.19,BULLISH_LONDON_BREAKOUT,1,0,-0.03488733665521728,-0.056123106793171874,-0.3306712778624605
2013-11-07,12:00:00,1317.23,1317.81,1313.28,1314.17,10024,1320.13,1315.14,BEARISH_LONDON_BREAKOUT,0,1,-0.2807855909052903,-0.35535737385574717,-0.40025263093815794
2013-11-08,16:00:00,1308.91,1313.74,1281.07,1286.35,26625,1311.65,1308.6,BEARISH_LONDON_BREAKOUT,0,1,0.11272204298985856,0.022544408597985854,-0.28063901737473473
2013-11-11,16:00:00,1286.95,1287.66,1281.45,1282.74,14758,1287.3,1284.64,BEARISH_LONDON_BREAKOUT,0,1,0.0631460779269334,-0.33132201381417903,-0.249465986871856
2013-11-12,20:00:00,1279.51,1279.55,1261.33,1266.4,19352,1284.03,1276.57,BEARISH_LONDON_BREAKOUT,0,1,0.08291219204042596,0.501421351863543,0.6001263423878639
2013-11-13,16:00:00,1271.34,1279.66,1271.12,1275.5,19601,1274.15,1269.98,BULLISH_LONDON_BREAKOUT,1,0,-0.11760094080752645,0.7071736573892577,1.1736573892591162
2013-11-14,16:00:00,1282.89,1294.25,1278.12,1290.47,24061,1288.22,1281.59,BULLISH_LONDON_BREAKOUT,1,0,-0.3773818841197485,-0.19295295512487767,-0.19837733538942753
2013-11-15,12:00:00,1283.95,1284.96,1280.37,1282.47,11806,1289.43,1283.85,BEARISH_LONDON_BREAKOUT,0,1,0.42418146233440585,0.4405561143730351,0.05068344678626896
2013-11-18,12:00:00,1287.32,1287.32,1282.83,1283.12,10968,1288.21,1286.31,BEARISH_LONDON_BREAKOUT,0,1,-0.24237795373775645,-0.7021946505393097,-0.5291788764885563
2013-11-19,12:00:00,1275.11,1277.53,1269.15,1276.33,12680,1276.17,1270.92,BULLISH_LONDON_BREAKOUT,1,0,-0.11125649322666123,-0.09166908244731733,-1.0169783676635367
2013-11-20,12:00:00,1273.1,1273.28,1258.69,1263.35,12345,1275.59,1271.18,BEARISH_LONDON_BREAKOUT,0,1,0.07203071199589045,-1.2981359084972386,-1.147742114220129
2013-11-21,12:00:00,1244.95,1249.72,1243.21,1248.85,12661,1248.75,1244.37,BULLISH_LONDON_BREAKOUT,1,0,-0.5693237778756377,-0.38275213196140234,-0.5060655803339021
2013-11-21,16:00:00,1248.92,1250.37,1236.71,1241.74,23594,1248.75,1244.37,BEARISH_LONDON_BREAKOUT,1,1,0.14978981107155281,0.13046209351393132,0.26575611641728175
2013-11-25,16:00:00,1231.68,1245.06,1227.64,1243.43,19429,1240.94,1226.77,BULLISH_LONDON_BREAKOUT,1,0,0.6433816137619327,0.6852014186564569,0.16245385747488655
2013-11-26,12:00:00,1254.35,1254.5,1250.15,1250.44,10029,1255.15,1251.5,BEARISH_LONDON_BREAKOUT,0,1,-0.3990595310450728,-0.5638015418572626,0.1455487668340693
2013-11-27,12:00:00,1245.1,1254.63,1245.0,1252.26,11310,1246.93,1244.35,BULLISH_LONDON_BREAKOUT,1,0,-0.6763771101847881,-1.1227700317825329,-0.8129302221583429
2013-11-27,16:00:00,1252.28,1253.75,1241.25,1243.79,18288,1246.93,1244.35,BEARISH_LONDON_BREAKOUT,1,1,-0.3224016916038874,-0.32481367433408886,0.044219683387063294
2013-11-28,16:00:00,1242.08,1245.13,1241.76,1244.34,7929,1242.13,1236.52,BULLISH_LONDON_BREAKOUT,1,0,-0.0008036388768335748,-0.17278235851936477,0.7972097658196372
2013-11-29,12:00:00,1244.16,1249.71,1243.79,1247.18,8992,1245.44,1241.0,BULLISH_LONDON_BREAKOUT,1,0,0.5676806876312903,0.057730239420134,-0.6638977533315137
2013-12-02,12:00:00,1244.03,1244.85,1236.19,1238.9,12981,1247.71,1243.57,BEARISH_LONDON_BREAKOUT,0,1,-0.7990959722334401,-1.281782226168384,-1.2591815320042081
2013-12-04,12:00:00,1216.66,1217.37,1211.71,1213.72,13514,1222.84,1215.85,BEARISH_LONDON_BREAKOUT,0,1,1.1229937712157567,1.9963418251326515,1.4706851662656881
2013-12-04,16:00:00,1213.72,1230.54,1212.45,1227.35,24948,1222.84,1215.85,BULLISH_LONDON_BREAKOUT,1,1,1.565160712103315,0.9043875015276928,-0.43426895343625926
2013-12-05,12:00:00,1236.67,1237.17,1229.87,1231.57,10900,1240.24,1234.61,BEARISH_LONDON_BREAKOUT,0,1,-0.7754329839148368,-0.44496049757626593,-0.29636967448053003
2013-12-06,16:00:00,1227.94,1244.53,1212.7,1234.05,27594,1233.87,1225.25,BULLISH_LONDON_BREAKOUT,1,0,-0.44082492605648516,-0.3111705360398621,0.1969126048377346
2013-12-09,12:00:00,1230.87,1231.55,1227.24,1227.9,8753,1232.24,1227.96,BEARISH_LONDON_BREAKOUT,0,1,0.6987539701930064,0.8852512419578052,1.4496294486521666
2013-12-09,16:00:00,1227.88,1237.88,1227.3,1236.48,17423,1232.24,1227.96,BULLISH_LONDON_BREAKOUT,1,1,0.23777173913043917,0.46907349896479966,2.019442287784681
2013-12-10,16:00:00,1245.7,1267.76,1245.64,1261.45,25099,1247.11,1240.85,BULLISH_LONDON_BREAKOUT,1,0,-0.13238733203853284,-0.36783067105316103,-0.3178881445955044
2013-12-11,20:00:00,1257.41,1260.71,1251.97,1253.15,17179,1260.03,1256.35,BEARISH_LONDON_BREAKOUT,0,1,0.06144515820133119,0.22024498264373704,-2.101903203926118
2013-12-12,12:00:00,1255.95,1256.35,1237.17,1239.34,15014,1256.92,1252.57,BEARISH_LONDON_BREAKOUT,0,1,-0.8407700873045206,-0.9335614117191358,-0.8528733035325203
2013-12-13,16:00:00,1228.86,1238.55,1227.42,1236.57,23438,1229.9,1225.58,BULLISH_LONDON_BREAKOUT,1,0,0.14879869315931532,-0.05499082138494678,0.5216041146073449
2013-12-16,12:00:00,1233.34,1233.55,1227.75,1229.88,14136,1236.21,1232.71,BEARISH_LONDON_BREAKOUT,0,1,1.0683969167723577,0.8334146420789019,0.7407226721306062
2013-12-16,16:00:00,1229.88,1244.18,1228.9,1243.02,21406,1236.21,1232.71,BULLISH_LONDON_BREAKOUT,1,1,0.026548245402320737,-0.09573458190536392,-0.9766536338916408
2013-12-17,12:00:00,1245.74,1245.74,1236.29,1238.99,12782,1248.0,1241.02,BEARISH_LONDON_BREAKOUT,0,1,-0.654565412150211,-0.41646825236685375,-0.5439914769287896
2013-12-19,12:00:00,1216.02,1217.22,1199.84,1207.84,16783,1224.28,1211.7,BEARISH_LONDON_BREAKOUT,0,1,-0.8742879851635934,-1.347032719565504,-1.0200026493575256
2013-12-20,16:00:00,1195.5,1206.03,1191.25,1202.93,22679,1197.18,1192.73,BULLISH_LONDON_BREAKOUT,1,0,0.0,-0.0789738388767464,-0.0922746959507309
2013-12-23,12:00:00,1201.33,1206.12,1192.65,1195.44,11635,1204.54,1199.91,BEARISH_LONDON_BREAKOUT,0,1,0.5336947065515527,0.23673291842333596,0.41658301545874477
2013-12-24,12:00:00,1197.45,1202.11,1196.1,1200.42,7682,1199.63,1196.62,BULLISH_LONDON_BREAKOUT,1,0,0.11079455523899362,0.414021759051001,0.9355059062661417
2013-12-26,16:00:00,1205.26,1215.78,1204.86,1212.52,12277,1206.77,1204.13,BULLISH_LONDON_BREAKOUT,1,0,-0.07175139379143362,-0.10391581169795062,0.25401642859498624
2013-12-27,16:00:00,1211.11,1219.02,1210.27,1215.6,15788,1215.05,1210.47,BULLISH_LONDON_BREAKOUT,1,0,-0.20319183942084568,-0.4573872984534342,-0.765054294175712
2013-12-30,20:00:00,1206.28,1206.89,1201.65,1201.74,11346,1210.49,1202.85,BEARISH_LONDON_BREAKOUT,0,1,-0.27044119360260954,-0.20553530713798554,0.5425466407043106
2013-12-31,12:00:00,1199.33,1206.36,1197.63,1202.3,8086,1201.74,1194.67,BULLISH_LONDON_BREAKOUT,1,0,0.46993262912751316,1.713382683190563,1.9105048656741268
2014-01-02,12:00:00,1222.93,1224.0,1216.43,1218.02,12039,1228.51,1220.59,BEARISH_LONDON_BREAKOUT,0,1,0.4433424738510116,0.46550959754356025,1.0508858639431171
2014-01-07,12:00:00,1239.85,1240.38,1236.94,1238.58,11148,1245.25,1239.16,BEARISH_LONDON_BREAKOUT,0,1,-1.0027612265658938,-0.7516672318299945,-0.9938800884884259
2014-01-08,16:00:00,1226.42,1231.85,1219.16,1223.47,20328,1228.89,1225.57,BEARISH_LONDON_BREAKOUT,0,1,-0.018798989758638807,0.32203486803926984,0.26155116185930555
2014-01-09,12:00:00,1227.35,1229.05,1224.91,1228.18,5263,1227.98,1225.31,BULLISH_LONDON_BREAKOUT,1,0,-0.12294614795876752,0.05455226432606339,0.4567734371183295
2014-01-10,16:00:00,1233.78,1247.79,1227.16,1245.15,21933,1237.6,1232.55,BULLISH_LONDON_BREAKOUT,1,0,0.2112195317833098,0.3951331164919765,0.28992490864553666
2014-01-13,12:00:00,1249.26,1249.75,1245.11,1246.15,7914,1252.16,1247.66,BEARISH_LONDON_BREAKOUT,0,1,0.20944509087990207,0.6355575171528183,0.12518557156040167
2014-01-13,20:00:00,1248.76,1254.7,1248.73,1253.11,13377,1252.16,1247.66,BULLISH_LONDON_BREAKOUT,1,1,0.0766093958231948,-0.008778159938066089,-0.8043986561435092
2014-01-14,12:00:00,1252.98,1253.8,1247.56,1247.71,7730,1254.26,1251.45,BEARISH_LONDON_BREAKOUT,0,1,0.4239767253608581,-0.3494401743995101,-0.6860568561604816
2014-01-16,12:00:00,1239.07,1239.32,1236.31,1237.62,7940,1243.77,1238.66,BEARISH_LONDON_BREAKOUT,0,1,0.3854171716682188,0.35713708569674646,0.24644074917989223
2014-01-17,16:00:00,1240.67,1250.64,1237.72,1249.4,19465,1244.47,1239.8,BULLISH_LONDON_BREAKOUT,1,0,0.3481671202176972,0.4618216744037123,0.5746758444053014
2014-01-20,20:00:00,1256.56,1256.92,1250.15,1250.81,2522,1257.44,1253.35,BEARISH_LONDON_BREAKOUT,0,1,0.3581679071961384,0.18468032714800375,-0.6547757053429422
2014-01-21,12:00:00,1253.12,1253.12,1246.22,1246.72,8832,1254.27,1251.65,BEARISH_LONDON_BREAKOUT,0,1,-0.4628144250513332,-0.3088103182751649,-0.4788565195071891
2014-01-23,12:00:00,1237.07,1247.95,1236.49,1246.88,11008,1239.18,1234.14,BULLISH_LONDON_BREAKOUT,1,0,0.9928782240472124,1.2551328114974867,1.9007442576671223
2014-01-24,12:00:00,1257.51,1272.47,1256.85,1270.58,12709,1261.75,1257.47,BULLISH_LONDON_BREAKOUT,1,0,-0.32977065592090443,0.3809283949062748,-0.5139385162681589
2014-01-27,12:00:00,1267.46,1272.43,1263.38,1264.05,12104,1272.26,1266.72,BEARISH_LONDON_BREAKOUT,0,1,-0.19698587872315249,-0.47782919979430905,-0.7404770380918397
2014-01-28,12:00:00,1256.62,1258.56,1252.57,1254.69,9173,1261.02,1256.04,BEARISH_LONDON_BREAKOUT,0,1,-0.20084642421633886,-0.17932716447887526,0.4271971562696682
2014-01-29,12:00:00,1252.98,1260.6,1250.87,1260.05,9588,1256.07,1252.19,BULLISH_LONDON_BREAKOUT,1,0,0.2904646641006374,0.5237887385421321,-0.41744375223205354
2014-01-30,12:00:00,1256.92,1259.27,1252.79,1254.79,11698,1264.03,1255.3,BEARISH_LONDON_BREAKOUT,0,1,-0.9308330477609851,-0.8033216713553605,-0.6080698762342609
2014-01-31,12:00:00,1241.72,1248.47,1238.45,1247.16,11798,1244.44,1240.82,BULLISH_LONDON_BREAKOUT,1,0,-0.24295198691426703,-0.28143943038583585,-0.17158985214407932
2014-02-03,16:00:00,1244.94,1264.68,1244.94,1262.85,18894,1247.11,1241.75,BULLISH_LONDON_BREAKOUT,1,0,-0.4418577028150555,-0.4592786158292715,-0.8916340024547643
2014-02-04,12:00:00,1259.5,1259.93,1252.17,1253.26,10218,1260.91,1256.09,BEARISH_LONDON_BREAKOUT,0,1,-0.13325247753858518,-0.032714680114268535,0.42688667953975307
2014-02-05,12:00:00,1254.92,1258.71,1254.92,1258.61,8300,1255.68,1253.37,BULLISH_LONDON_BREAKOUT,1,0,0.11123382143794275,0.028602982655479246,0.23120744313171535
2014-02-06,12:00:00,1257.38,1262.38,1257.05,1261.52,8037,1258.9,1255.08,BULLISH_LONDON_BREAKOUT,1,0,-0.5231783879764023,-0.3971399581457282,-0.0063415562178901035
2014-02-06,16:00:00,1261.43,1266.75,1252.75,1254.92,22389,1258.9,1255.08,BEARISH_LONDON_BREAKOUT,1,1,0.19045038727567273,0.5418672106588431,0.6940681477703787
2014-02-07,20:00:00,1263.67,1268.02,1261.45,1267.35,13572,1264.25,1259.87,BULLISH_LONDON_BREAKOUT,1,0,-0.0015780960271418165,0.35664970213437347,0.6170355466130244
2014-02-10,20:00:00,1274.55,1276.51,1273.98,1275.17,7555,1274.9,1268.14,BULLISH_LONDON_BREAKOUT,1,0,-0.10508402801196275,0.7677407718186565,1.3190398142992648
2014-02-11,16:00:00,1284.77,1291.37,1276.01,1289.69,23526,1286.15,1282.56,BULLISH_LONDON_BREAKOUT,1,0,0.1783374299250172,-0.3310873155564501,0.3016228706123078
2014-02-12,16:00:00,1286.97,1295.25,1286.67,1293.58,19899,1288.22,1283.93,BULLISH_LONDON_BREAKOUT,1,0,-0.13451042842344574,-0.24505635523120686,0.22959538644691688
2014-02-13,12:00:00,1288.31,1293.95,1286.18,1293.41,9782,1290.47,1288.01,BULLISH_LONDON_BREAKOUT,1,0,0.2427691142019833,0.5381124314795624,1.8486017581431913
2014-02-14,12:00:00,1308.75,1318.49,1307.23,1317.32,12776,1310.25,1304.18,BULLISH_LONDON_BREAKOUT,1,0,-0.0994443263595744,0.4782437069201071,0.7037014544681612
2014-02-18,12:00:00,1317.71,1320.8,1312.61,1313.65,11689,1322.45,1316.13,BEARISH_LONDON_BREAKOUT,0,1,0.6257374490922086,0.5222091120161306,0.3692003197198575
2014-02-18,20:00:00,1321.89,1325.05,1321.18,1323.5,11395,1322.45,1316.13,BULLISH_LONDON_BREAKOUT,1,1,-0.22591613146958892,-0.45636569701548646,-0.6309029089535254
2014-02-19,16:00:00,1318.5,1322.09,1316.02,1320.63,17858,1318.8,1314.33,BULLISH_LONDON_BREAKOUT,1,0,-0.4149534691775908,-0.756457145453307,-0.3884509665841385
2014-02-20,16:00:00,1313.56,1317.36,1307.28,1315.5,21086,1314.69,1310.43,BULLISH_LONDON_BREAKOUT,1,0,0.40973014063094637,0.097301406309386,0.5351577347016315
2014-02-21,12:00:00,1320.83,1322.6,1318.63,1321.43,7725,1321.2,1316.03,BULLISH_LONDON_BREAKOUT,1,0,0.08399990918927978,0.2005403237401802,0.8505936750338654
2014-02-24,12:00:00,1329.12,1336.87,1328.17,1332.67,11380,1331.66,1320.01,BULLISH_LONDON_BREAKOUT,1,0,0.30315081753171924,0.22060975335227978,0.13506719592997174
2014-02-25,16:00:00,1334.47,1340.61,1331.86,1339.7,18482,1335.54,1332.29,BULLISH_LONDON_BREAKOUT,1,0,0.2440844965290723,0.08882585653504922,-1.1323430618795307
2014-02-26,12:00:00,1342.53,1342.96,1338.43,1338.76,9142,1345.32,1339.59,BEARISH_LONDON_BREAKOUT,0,1,-1.062923899728108,-0.6072783770055784,-0.4168036093101024
2014-02-27,12:00:00,1326.03,1333.71,1323.8,1333.18,11909,1329.31,1325.32,BULLISH_LONDON_BREAKOUT,1,0,-0.019502242757916476,-0.14101621686494764,-0.33678873070403165
2014-02-28,16:00:00,1328.67,1332.83,1322.74,1326.18,18569,1332.55,1327.96,BEARISH_LONDON_BREAKOUT,0,1,0.0022621363615778186,1.2434209534150726,1.9952042709134532
2014-03-03,16:00:00,1344.09,1353.96,1342.8,1352.64,20227,1350.01,1341.17,BULLISH_LONDON_BREAKOUT,1,0,-0.09832623610126527,-0.2602318429146121,-1.1392536077596465
2014-03-04,12:00:00,1340.57,1341.26,1333.82,1333.94,13240,1351.3,1336.89,BEARISH_LONDON_BREAKOUT,0,1,0.24663777981018364,0.16867325366958033,0.13343928512526596
2014-03-05,16:00:00,1335.71,1340.36,1334.02,1338.54,19802,1337.88,1333.3,BULLISH_LONDON_BREAKOUT,1,0,-0.08591450386240707,-0.11654489219597064,0.4990512050443068
2014-03-06,16:00:00,1334.19,1347.02,1333.29,1345.22,19151,1338.84,1332.26,BULLISH_LONDON_BREAKOUT,1,0,0.4229791409583603,0.3196503174201955,-0.79689567505687
2014-03-07,16:00:00,1349.21,1352.88,1327.97,1334.5,24454,1352.16,1348.26,BEARISH_LONDON_BREAKOUT,0,1,0.42487823154740145,-0.04271262645184986,0.5342825028100494
2014-03-10,12:00:00,1332.3,1339.98,1331.78,1339.42,10927,1334.39,1329.25,BULLISH_LONDON_BREAKOUT,1,0,0.1649967896552266,0.06868644637229886,0.7548043182870122
2014-03-11,12:00:00,1343.36,1350.19,1343.31,1349.53,10863,1343.64,1340.84,BULLISH_LONDON_BREAKOUT,1,0,-0.7461857090987185,-0.14894074233251509,0.8062066052625809
2014-03-11,16:00:00,1349.63,1352.5,1337.56,1339.46,18492,1343.64,1340.84,BEARISH_LONDON_BREAKOUT,1,1,0.5726188165380133,1.3303868723216772,1.929882191330828
2014-03-12,16:00:00,1360.38,1368.63,1358.81,1365.31,21074,1363.07,1356.35,BULLISH_LONDON_BREAKOUT,1,0,0.13330305937846815,0.536141975082594,0.35816041778058466
2014-03-13,12:00:00,1372.74,1374.86,1366.9,1367.43,13097,1374.91,1368.19,BEARISH_LONDON_BREAKOUT,0,1,0.20256978419370508,0.4321976262038901,0.4307350284840813
2014-03-14,16:00:00,1373.32,1387.9,1373.08,1375.11,24090,1373.36,1367.8,BULLISH_LONDON_BREAKOUT,1,0,0.5206856178778485,0.5301394070292698,0.059631593108926836
2014-03-17,12:00:00,1380.77,1383.83,1376.67,1377.06,10790,1384.9,1380.32,BEARISH_LONDON_BREAKOUT,0,1,-0.08205887906117974,-0.7748391500733335,-1.3398109014857775
2014-03-18,16:00:00,1358.6,1359.37,1350.66,1357.22,22233,1362.42,1357.89,BEARISH_LONDON_BREAKOUT,0,1,-0.16209604927720234,-0.0022104006719597937,-1.1862483606195118
2014-03-19,12:00:00,1353.64,1354.43,1344.97,1345.94,13280,1357.32,1351.01,BEARISH_LONDON_BREAKOUT,0,1,-0.3581140318290684,-1.3076362987949044,-1.7080999153008314
2014-03-20,12:00:00,1330.95,1332.76,1320.9,1322.95,16862,1334.56,1328.69,BEARISH_LONDON_BREAKOUT,0,1,0.6266298801919924,0.6062209456139673,1.2441891227937592
2014-03-21,12:00:00,1329.52,1342.32,1329.11,1339.41,13409,1334.41,1329.2,BULLISH_LONDON_BREAKOUT,1,0,-0.26280227861520983,-0.5382967127317279,-1.1437871898821244
2014-03-24,16:00:00,1324.08,1324.65,1307.85,1310.58,18333,1328.98,1322.13,BEARISH_LONDON_BREAKOUT,0,1,-0.08393230478108235,0.17702086099285538,0.11063803812053027
2014-03-25,12:00:00,1314.77,1317.26,1309.97,1311.3,12894,1316.5,1311.97,BEARISH_LONDON_BREAKOUT,0,1,0.055669945855259535,-0.11820330969266793,0.19827651948449146
2014-03-26,16:00:00,1313.99,1314.43,1300.19,1303.47,17866,1316.19,1311.63,BEARISH_LONDON_BREAKOUT,0,1,-0.17875363452936602,0.01380929365463445,-0.5884293462833876
2014-03-27,12:00:00,1301.05,1301.14,1291.48,1294.72,13468,1304.57,1301.04,BEARISH_LONDON_BREAKOUT,0,1,0.08341571922886239,-0.1243512110726742,-0.13825383094413954
2014-03-28,12:00:00,1298.0,1298.0,1292.22,1292.93,9830,1298.62,1293.36,BEARISH_LONDON_BREAKOUT,0,1,-0.16242178617559622,0.2397654938782385,0.1508202300201902
2014-03-31,16:00:00,1294.83,1295.36,1286.83,1288.37,18787,1296.95,1290.31,BEARISH_LONDON_BREAKOUT,0,1,-0.4074916367192654,-0.28796075661493276,-0.6193872878132672
2014-04-01,16:00:00,1285.24,1286.51,1278.8,1280.39,16578,1287.68,1282.97,BEARISH_LONDON_BREAKOUT,0,1,0.00156202407078951,0.13823913026499596,0.8833246120322671
2014-04-02,12:00:00,1283.61,1291.63,1282.36,1291.16,9291,1284.52,1281.06,BULLISH_LONDON_BREAKOUT,1,0,0.041822856965826355,-0.030979894048769392,-0.5955884630874604
2014-04-03,12:00:00,1291.28,1291.32,1282.05,1283.47,11222,1293.82,1290.01,BEARISH_LONDON_BREAKOUT,0,1,0.28126874800345153,0.11375411969115261,0.7806960817159716
2014-04-04,12:00:00,1288.96,1294.85,1288.95,1293.49,9510,1290.2,1285.85,BULLISH_LONDON_BREAKOUT,1,0,0.8882944591763376,0.7970683963540457,0.4507185985202767
2014-04-07,16:00:00,1299.35,1302.21,1295.55,1297.35,14202,1302.67,1299.05,BEARISH_LONDON_BREAKOUT,0,1,-0.07553859791112794,0.2666974987474495,0.7815932477743169
2014-04-08,12:00:00,1308.93,1314.28,1308.88,1311.62,10417,1309.83,1300.25,BULLISH_LONDON_BREAKOUT,1,0,-0.3148777847242252,-0.14180936551744408,-0.5901099403790566
2014-04-09,12:00:00,1310.47,1310.8,1301.46,1303.88,10807,1313.83,1309.51,BEARISH_LONDON_BREAKOUT,0,1,0.07899499953983286,0.539160045402949,1.520078534834489
2014-04-10,12:00:00,1320.95,1324.17,1319.69,1323.7,12495,1321.27,1315.09,BULLISH_LONDON_BREAKOUT,1,0,-0.2938732341164992,-0.4064365037395263,-0.18130996449347217
2014-04-14,12:00:00,1326.36,1326.52,1320.74,1322.07,10586,1329.74,1325.21,BEARISH_LONDON_BREAKOUT,0,1,0.3434008789247138,0.2692746980114648,-1.48857473507453
2014-04-15,12:00:00,1310.45,1312.01,1301.46,1302.39,14733,1321.1,1307.31,BEARISH_LONDON_BREAKOUT,0,1,0.062193352221680556,0.026873670713066674,-0.062193352221698014
2014-04-17,12:00:00,1298.68,1304.05,1296.9,1303.18,9503,1301.91,1296.46,BULLISH_LONDON_BREAKOUT,1,0,-0.25015730750932264,-0.6476465261897861,-1.187863533817279
2014-04-17,20:00:00,1299.9,1300.03,1293.08,1294.76,12504,1301.91,1296.46,BEARISH_LONDON_BREAKOUT,1,1,-0.0015446878185904579,-0.6688498254502828,-0.6719392010874637
2014-04-21,12:00:00,1287.57,1291.11,1283.21,1283.52,7384,1289.19,1284.22,BEARISH_LONDON_BREAKOUT,0,1,0.19789329344302883,0.46980179506357306,0.543037895786589
2014-04-21,20:00:00,1286.01,1289.93,1285.49,1289.73,6041,1289.19,1284.22,BULLISH_LONDON_BREAKOUT,1,1,-0.01395640948105911,-0.04419529668999995,-0.38147519248215306
2014-04-22,16:00:00,1290.43,1292.78,1277.42,1280.58,18456,1292.19,1286.46,BEARISH_LONDON_BREAKOUT,0,1,0.3303190741695184,0.28893157787877727,0.32251011260523427
2014-04-23,12:00:00,1284.65,1288.9,1282.99,1288.24,9762,1285.66,1282.04,BULLISH_LONDON_BREAKOUT,1,0,-0.27401726386387415,-0.3306837235297763,-1.2940135378500957
2014-04-24,12:00:00,1284.04,1284.45,1269.5,1271.57,15314,1286.93,1282.39,BEARISH_LONDON_BREAKOUT,0,1,1.4320878913469206,1.5594894500499505,2.2200901248063434
2014-04-24,16:00:00,1271.57,1298.58,1268.41,1289.78,26008,1286.93,1282.39,BULLISH_LONDON_BREAKOUT,1,1,0.2294965032796319,0.14110933647598323,0.8660391694707682
2014-04-25,12:00:00,1294.02,1302.17,1291.85,1299.8,13273,1294.6,1290.31,BULLISH_LONDON_BREAKOUT,1,0,0.08847515002308748,0.32620403138944526,-0.03769810740113934
2014-04-28,12:00:00,1303.48,1303.73,1299.28,1299.31,8632,1304.54,1301.48,BEARISH_LONDON_BREAKOUT,0,1,-0.3625000962049116,-0.22088647051126298,-0.6788218362053656
2014-04-29,16:00:00,1290.54,1301.29,1288.3,1297.55,18023,1295.92,1288.93,BULLISH_LONDON_BREAKOUT,1,0,-0.10558359986126863,-0.3028785017918434,-0.3691572579091337
2014-04-30,20:00:00,1292.71,1298.07,1289.14,1289.96,16019,1294.81,1290.05,BEARISH_LONDON_BREAKOUT,0,1,0.13178703215603937,-0.5969177338832247,-0.38218239325250886
2014-05-02,12:00:00,1283.5,1288.12,1283.21,1286.4,10264,1284.17,1281.54,BULLISH_LONDON_BREAKOUT,1,0,1.1147388059701429,1.0859763681591883,1.962842039800995
2014-05-06,12:00:00,1311.8,1312.06,1305.71,1306.62,11853,1313.95,1308.39,BEARISH_LONDON_BREAKOUT,0,1,0.054338675360857513,0.05969600955137684,0.14541335659947738
2014-05-07,12:00:00,1312.32,1314.38,1308.14,1308.52,10158,1313.26,1309.31,BEARISH_LONDON_BREAKOUT,0,1,-1.189129703787481,-1.3916485800752023,-1.2189343685996428
2014-05-08,12:00:00,1291.18,1295.27,1288.47,1292.57,10666,1292.37,1289.64,BULLISH_LONDON_BREAKOUT,1,0,-0.3125556062727716,-0.13229457592239,-0.042550886992577155
2014-05-08,16:00:00,1292.57,1293.32,1284.91,1288.53,21509,1292.37,1289.64,BEARISH_LONDON_BREAKOUT,1,1,0.034147439330093565,0.22583874647855168,-0.06984703499335394
2014-05-09,16:00:00,1292.03,1293.97,1286.33,1287.63,18595,1292.72,1289.74,BEARISH_LONDON_BREAKOUT,0,1,0.07688544069334993,0.2640510084418555,0.8496229506923438
2014-05-12,12:00:00,1290.18,1297.15,1290.13,1296.38,11915,1292.37,1287.96,BULLISH_LONDON_BREAKOUT,1,0,0.16893194896556774,-0.07019546737839844,-0.35020595812957545
2014-05-13,16:00:00,1291.84,1298.68,1290.2,1295.86,17350,1293.79,1290.03,BULLISH_LONDON_BREAKOUT,1,0,-0.18597688021853093,-0.03858441498310003,0.6983779111941246
2014-05-14,12:00:00,1300.2,1305.79,1299.4,1304.0,12213,1301.46,1293.53,BULLISH_LONDON_BREAKOUT,1,0,0.06978527607362592,0.09739263803680842,0.10199386503066926
2014-05-15,12:00:00,1302.19,1306.37,1301.94,1305.33,10865,1304.72,1301.27,BULLISH_LONDON_BREAKOUT,1,0,-0.7591949928370492,-0.6412171634758943,-0.832739613737514
2014-05-15,16:00:00,1305.33,1305.49,1290.8,1295.42,23962,1304.72,1301.27,BEARISH_LONDON_BREAKOUT,1,1,0.0046317024594297925,0.14435472665235144,-0.17909249509812752
2014-05-19,20:00:00,1295.83,1296.41,1292.52,1293.46,7707,1301.35,1294.91,BEARISH_LONDON_BREAKOUT,0,1,-0.0030924806333372207,-0.2837350981089537,0.08813569805018112
2014-05-20,16:00:00,1290.59,1296.52,1285.83,1295.02,18093,1294.27,1288.84,BULLISH_LONDON_BREAKOUT,1,0,-0.032431931553186265,0.07413012926441571,-0.47798489598616656
2014-05-21,12:00:00,1293.58,1295.42,1288.04,1290.13,11291,1296.07,1292.06,BEARISH_LONDON_BREAKOUT,0,1,-0.10076503918211202,0.1077410803562333,0.5464565586413737
2014-05-22,12:00:00,1294.45,1298.46,1292.61,1297.18,11717,1296.37,1291.53,BULLISH_LONDON_BREAKOUT,1,0,-0.19118395288240786,-0.24591806842535766,-0.4571455002389848
2014-05-23,12:00:00,1294.31,1294.37,1289.92,1291.25,12247,1295.33,1293.53,BEARISH_LONDON_BREAKOUT,0,1,0.06582768635042859,0.00696999031945155,0.15101645692159113
2014-05-27,12:00:00,1284.42,1285.62,1281.51,1282.0,11037,1292.16,1282.38,BEARISH_LONDON_BREAKOUT,0,1,-1.0951638065522593,-1.4563182527301148,-1.3151326053042045
2014-05-28,16:00:00,1265.15,1267.1,1255.86,1258.26,18923,1266.33,1262.22,BEARISH_LONDON_BREAKOUT,0,1,0.03178993212850213,0.08185907523087221,-0.15815491233926288
2014-05-30,12:00:00,1256.68,1256.68,1252.34,1254.35,9902,1258.4,1255.94,BEARISH_LONDON_BREAKOUT,0,1,-0.8793398971578884,-0.5843664049109043,-0.5779885996731375
2014-06-04,16:00:00,1245.46,1248.94,1243.19,1244.48,14609,1246.83,1244.76,BEARISH_LONDON_BREAKOUT,0,1,-0.07231936230394148,-0.03857032656209969,0.7842633067626632
2014-06-05,16:00:00,1243.76,1257.53,1242.97,1254.24,22151,1244.87,1242.7,BULLISH_LONDON_BREAKOUT,1,0,-0.09647276438321505,-0.06936471488711236,-0.1084321979844288
2014-06-06,12:00:00,1255.04,1255.29,1251.32,1252.0,9701,1256.63,1252.92,BEARISH_LONDON_BREAKOUT,0,1,0.07028753993611095,0.1597444089456869,0.36501597444088946
2014-06-09,12:00:00,1255.04,1256.86,1254.22,1256.57,7250,1255.08,1252.05,BULLISH_LONDON_BREAKOUT,1,0,-0.30638961617736454,-0.3565260988245795,-0.1392680073533508
2014-06-10,16:00:00,1254.82,1263.41,1254.56,1260.75,15698,1256.01,1253.73,BULLISH_LONDON_BREAKOUT,1,0,-0.0031727146539729228,0.09200872496530493,0.08407693833035458
2014-06-11,12:00:00,1261.03,1264.66,1260.26,1262.87,10301,1262.14,1260.32,BULLISH_LONDON_BREAKOUT,1,0,-0.0839357970337363,-0.12194445984146933,0.1385732498198548
2014-06-12,12:00:00,1260.8,1266.7,1260.34,1264.62,11608,1262.35,1260.24,BULLISH_LONDON_BREAKOUT,1,0,0.5408739384162947,0.6397178599104986,0.7496323006120431
2014-06-16,12:00:00,1282.05,1282.46,1279.14,1280.55,10181,1284.82,1281.15,BEARISH_LONDON_BREAKOUT,0,1,-0.4810433017062867,-0.67314825660848,-1.179961735191902
2014-06-17,16:00:00,1265.41,1271.34,1258.54,1270.04,17158,1268.76,1263.3,BULLISH_LONDON_BREAKOUT,1,0,0.0,-0.18818304935276628,0.1047211111460999
2014-06-18,12:00:00,1267.01,1272.24,1266.23,1270.57,10697,1270.46,1266.84,BULLISH_LONDON_BREAKOUT,1,0,0.06296386661104501,0.6194070377861998,0.8885775675484203
2014-06-19,16:00:00,1281.86,1299.87,1281.71,1299.58,21704,1282.12,1276.78,BULLISH_LONDON_BREAKOUT,1,0,1.4381569430123622,1.0380276704781553,1.2142384462672535
2014-06-20,16:00:00,1311.92,1319.73,1309.8,1315.36,19494,1315.2,1306.79,BULLISH_LONDON_BREAKOUT,1,0,-0.03497141466973369,-0.22503345091836524,0.052457122004626454
2014-06-23,20:00:00,1316.1,1318.49,1314.95,1317.44,9054,1317.22,1312.19,BULLISH_LONDON_BREAKOUT,1,0,-0.2512448384746133,-0.06603716298276341,0.11841146465872794
2014-06-24,12:00:00,1316.62,1325.88,1316.21,1323.63,12994,1316.88,1314.0,BULLISH_LONDON_BREAKOUT,1,0,-0.4963622764670009,-0.40721349621873937,-0.7131902419860576
2014-06-25,16:00:00,1314.19,1324.77,1313.14,1323.92,17205,1315.29,1311.08,BULLISH_LONDON_BREAKOUT,1,0,-0.3670916671702314,-0.5461055048643436,-0.7160553507764833
2014-06-26,12:00:00,1311.36,1311.9,1306.79,1307.1,10203,1317.67,1308.35,BEARISH_LONDON_BREAKOUT,0,1,0.561548466069937,0.6640654884859662,0.6426440211154534
2014-06-27,12:00:00,1316.92,1317.87,1312.61,1315.5,9561,1322.19,1316.02,BEARISH_LONDON_BREAKOUT,0,1,0.24857468643101344,-0.04865070315470164,-0.176358798935761
2014-06-30,12:00:00,1314.77,1315.41,1311.79,1313.18,10324,1317.55,1313.25,BEARISH_LONDON_BREAKOUT,0,1,0.4256842169390272,1.0006244383861977,0.9587413758966721
2014-06-30,16:00:00,1313.23,1319.1,1310.28,1318.77,16026,1317.55,1313.25,BULLISH_LONDON_BREAKOUT,1,1,0.7893719147387399,0.6346823176141494,0.5694700364733798
2014-07-02,12:00:00,1326.43,1329.06,1325.14,1328.59,7305,1327.15,1324.67,BULLISH_LONDON_BREAKOUT,1,0,-0.005268743555192824,-0.22505061757201314,-0.6864420174771669
2014-07-03,12:00:00,1320.41,1323.21,1316.45,1319.47,8530,1324.31,1319.68,BEARISH_LONDON_BREAKOUT,0,1,-0.03789400289510182,0.021978521679156298,0.1159556488590095
2014-07-07,20:00:00,1315.29,1319.43,1315.08,1319.34,7868,1316.97,1312.39,BULLISH_LONDON_BREAKOUT,1,0,-0.10762957236192683,-0.11369321024148438,0.03183409886762115
2014-07-08,12:00:00,1317.93,1323.85,1317.64,1322.57,8293,1319.88,1316.68,BULLISH_LONDON_BREAKOUT,1,0,-0.6048829173503104,-0.3402466410095496,0.301685355028468
2014-07-08,16:00:00,1322.6,1324.75,1313.4,1314.57,16717,1319.88,1316.68,BEARISH_LONDON_BREAKOUT,1,1,0.3948059061137904,0.6640954836942893,0.5788965212959468
2014-07-09,12:00:00,1322.99,1326.94,1321.71,1326.56,7837,1326.04,1322.24,BULLISH_LONDON_BREAKOUT,1,0,-0.3301773006874836,0.04296827885660383,1.1737124592932218
2014-07-09,16:00:00,1326.57,1327.22,1321.37,1322.18,13785,1326.04,1322.24,BEARISH_LONDON_BREAKOUT,1,1,0.43034987671873925,0.5506058176647637,1.1965087960791976
2014-07-10,12:00:00,1328.91,1344.67,1328.25,1342.13,14792,1331.05,1327.0,BULLISH_LONDON_BREAKOUT,1,0,-0.3077198184974711,-0.45077600530501377,-0.3382682750553367
2014-07-14,16:00:00,1317.31,1318.36,1302.39,1306.19,17323,1333.31,1316.71,BEARISH_LONDON_BREAKOUT,0,1,0.005359097834154015,0.08727673615629217,-0.8452062869873421
2014-07-15,12:00:00,1309.4,1313.59,1308.05,1311.21,9512,1310.18,1306.08,BULLISH_LONDON_BREAKOUT,1,0,-1.2248228735290263,-1.204993860632542,-1.0250074358798404
2014-07-15,16:00:00,1311.3,1312.29,1291.97,1295.15,21070,1310.18,1306.08,BEARISH_LONDON_BREAKOUT,1,1,-0.10963981006061635,0.08724858124540645,0.44241979693471933
2014-07-16,16:00:00,1297.77,1303.58,1295.3,1300.88,14470,1299.32,1295.79,BULLISH_LONDON_BREAKOUT,1,0,-0.20447696943608035,0.1598917655740673,1.600455076563552
2014-07-17,12:00:00,1305.21,1305.31,1299.43,1299.8,9844,1308.11,1302.86,BEARISH_LONDON_BREAKOUT,0,1,1.6848745960917135,1.5194645330050778,0.7701184797661172
2014-07-17,16:00:00,1299.76,1323.83,1298.37,1321.7,19222,1308.11,1302.86,BULLISH_LONDON_BREAKOUT,1,1,-0.12710902625407153,-0.43807217976847723,-1.1613830672618701
2014-07-18,12:00:00,1312.44,1313.32,1307.94,1309.81,8765,1315.9,1310.32,BEARISH_LONDON_BREAKOUT,0,1,-0.26416045075240197,0.05802368282422572,0.5970331574808686
2014-07-21,12:00:00,1314.06,1318.07,1312.41,1317.63,7587,1314.69,1310.34,BULLISH_LONDON_BREAKOUT,1,0,-0.45080940780037293,-0.5024172187943594,-0.8909936780431539
2014-07-24,16:00:00,1297.27,1300.04,1287.51,1289.97,16905,1299.72,1294.73,BEARISH_LONDON_BREAKOUT,0,1,0.1806243556051635,0.09612626650232246,0.6201694613053017
2014-07-25,12:00:00,1292.73,1296.12,1292.17,1294.88,6254,1294.36,1290.88,BULLISH_LONDON_BREAKOUT,1,0,0.23863215124180756,0.841004571852208,0.8186086741628497
2014-07-29,16:00:00,1308.16,1310.46,1296.6,1298.72,15605,1311.09,1303.63,BEARISH_LONDON_BREAKOUT,0,1,0.1385980041887362,0.03695946778366531,-0.3703646667487946
2014-07-30,16:00:00,1299.1,1303.48,1291.65,1293.91,16305,1300.09,1298.11,BEARISH_LONDON_BREAKOUT,0,1,0.23108253278821628,0.03323260504979761,-0.5525886653631312
2014-07-31,16:00:00,1294.32,1295.65,1284.4,1286.76,15208,1296.04,1291.34,BEARISH_LONDON_BREAKOUT,0,1,-0.3761385184494326,-0.26422953775374514,0.5914078771488
2014-08-01,16:00:00,1284.36,1296.99,1279.37,1294.37,21161,1285.68,1282.19,BULLISH_LONDON_BREAKOUT,1,0,-0.11356876318207314,-0.14524440461381846,-0.47899750457750245
2014-08-04,16:00:00,1291.79,1294.77,1286.92,1288.17,10372,1295.29,1291.32,BEARISH_LONDON_BREAKOUT,0,1,0.03803845765698697,0.05744583401259221,-0.29033435027985505
2014-08-05,16:00:00,1291.59,1292.3,1282.38,1284.43,15799,1292.45,1287.91,BEARISH_LONDON_BREAKOUT,0,1,0.2436878615416863,0.42820550750138187,1.59214593243696
2014-08-06,16:00:00,1289.85,1309.4,1289.49,1304.88,23051,1291.98,1289.07,BULLISH_LONDON_BREAKOUT,1,0,0.13487830298571446,0.11265403715282629,0.4782048924038824
2014-08-07,16:00:00,1306.61,1313.45,1301.94,1311.12,20484,1308.33,1302.71,BULLISH_LONDON_BREAKOUT,1,0,0.027457440966511638,0.40804808102996953,-0.08771126975409296
2014-08-08,12:00:00,1318.26,1318.98,1314.1,1314.9,14307,1322.53,1314.93,BEARISH_LONDON_BREAKOUT,0,1,-0.37493345501559533,-0.41067761806982206,-0.42740892843563144
2014-08-11,12:00:00,1307.94,1310.4,1307.07,1309.28,10095,1308.3,1305.26,BULLISH_LONDON_BREAKOUT,1,0,-0.12220457045092792,-0.12602346327751615,0.22760601246486759
2014-08-12,16:00:00,1312.28,1317.67,1310.96,1315.22,17613,1313.41,1305.56,BULLISH_LONDON_BREAKOUT,1,0,-0.4493544806192182,-0.46228007481637495,-0.42654460850657133
2014-08-13,20:00:00,1309.62,1313.31,1308.74,1311.33,11061,1311.09,1305.97,BULLISH_LONDON_BREAKOUT,1,0,0.012963937376562176,0.41255824239513184,0.09989857625465541
2014-08-14,12:00:00,1316.69,1317.31,1308.59,1309.81,14807,1317.0,1311.4,BEARISH_LONDON_BREAKOUT,0,1,0.19544819477633743,0.22751391423183656,0.016796329238593942
2014-08-15,12:00:00,1312.85,1314.98,1309.7,1310.03,8117,1313.92,1311.4,BEARISH_LONDON_BREAKOUT,0,1,-0.22747570666320757,-0.6450233964107728,-0.8274619665198445
2014-08-18,12:00:00,1300.42,1303.47,1299.18,1299.19,7836,1302.05,1299.62,BEARISH_LONDON_BREAKOUT,0,1,-0.0738921943672624,-0.0977532154650191,0.12469307799474218
2014-08-19,12:00:00,1299.22,1302.15,1299.06,1300.81,6095,1300.36,1298.65,BULLISH_LONDON_BREAKOUT,1,0,-0.4827761164197672,-0.47585735042012706,-0.4750885986423718
2014-08-19,16:00:00,1300.83,1301.54,1293.68,1294.53,16647,1300.36,1298.65,BEARISH_LONDON_BREAKOUT,1,1,0.10119502831142928,0.0409415000038603,-0.03707909434312207
2014-08-20,20:00:00,1294.15,1295.31,1287.63,1291.08,13319,1296.31,1292.44,BEARISH_LONDON_BREAKOUT,0,1,-0.07745453418843139,-0.8458035133376588,-1.091334386714992
2014-08-22,12:00:00,1279.57,1282.75,1277.81,1278.29,8030,1280.79,1278.48,BEARISH_LONDON_BREAKOUT,0,1,0.20339672531273315,-0.17758098709995243,0.0007822950973559134
2014-08-22,16:00:00,1278.26,1281.49,1274.06,1280.89,17138,1280.79,1278.48,BULLISH_LONDON_BREAKOUT,1,1,-0.08509708093592311,-0.19517679113741226,-0.362248124351045
2014-08-27,20:00:00,1282.79,1283.64,1281.52,1281.85,7698,1286.4,1282.17,BEARISH_LONDON_BREAKOUT,0,1,0.10921714709210056,0.5585676951281415,0.5671490423996554
2014-08-28,12:00:00,1289.15,1295.41,1287.71,1293.91,15317,1289.77,1284.92,BULLISH_LONDON_BREAKOUT,1,0,-0.3021848505692113,-0.27899931216237045,-0.6584692907543788
2014-08-29,12:00:00,1287.67,1288.73,1283.24,1285.39,7716,1290.44,1287.37,BEARISH_LONDON_BREAKOUT,0,1,0.15403885202154916,0.08946701001251477,0.1128062300157787
2014-09-01,20:00:00,1286.91,1287.04,1285.67,1285.77,935,1289.53,1286.02,BEARISH_LONDON_BREAKOUT,0,1,0.038887203776725235,-0.6774150897905564,-1.6208186534139013
2014-09-02,12:00:00,1277.06,1277.72,1267.94,1271.3,13432,1283.52,1274.45,BEARISH_LONDON_BREAKOUT,0,1,-0.561629827735379,-0.36498072838825396,-0.22732635884526647
2014-09-03,20:00:00,1267.54,1270.35,1267.39,1269.75,8268,1269.71,1265.57,BULLISH_LONDON_BREAKOUT,1,0,-0.05434140578854535,0.03228982083087867,-0.5552274069698724
2014-09-04,12:00:00,1270.15,1274.98,1269.12,1272.65,11326,1272.58,1269.35,BULLISH_LONDON_BREAKOUT,1,0,-0.3645935646092877,-1.0922091698424619,-0.6828271716497115
2014-09-04,16:00:00,1272.72,1277.17,1266.4,1268.01,28618,1272.58,1269.35,BEARISH_LONDON_BREAKOUT,1,1,-0.4187664135140847,-0.40141639261519374,-0.1151410477835377
2014-09-05,16:00:00,1264.06,1273.56,1261.19,1266.55,21020,1265.5,1262.37,BULLISH_LONDON_BREAKOUT,1,0,0.1658047451739084,0.3316094903477988,-0.999565749476914
2014-09-08,12:00:00,1267.74,1268.24,1264.5,1266.05,8945,1271.53,1267.22,BEARISH_LONDON_BREAKOUT,0,1,-0.9604675960664946,-0.7985466608743651,-0.7843292129062883
2014-09-09,16:00:00,1256.11,1257.37,1250.14,1251.19,19453,1257.37,1253.49,BEARISH_LONDON_BREAKOUT,0,1,0.40041880130116053,0.435585322772724,-0.19581358546663938
2014-09-10,12:00:00,1254.8,1255.06,1250.2,1250.22,12155,1257.58,1254.64,BEARISH_LONDON_BREAKOUT,0,1,-0.11837916526691447,-0.1199788837164659,-0.5942954040088995
2014-09-11,12:00:00,1249.18,1249.57,1238.07,1242.79,15279,1249.97,1246.25,BEARISH_LONDON_BREAKOUT,0,1,-0.5423281487620603,-0.19794172788645198,-0.42404589673235077
2014-09-12,16:00:00,1237.52,1238.35,1227.92,1232.36,22869,1239.87,1232.68,BEARISH_LONDON_BREAKOUT,0,1,-0.2629101885812595,0.09899704631763667,0.058424486351393044
2014-09-16,16:00:00,1237.19,1240.09,1231.6,1240.09,16731,1237.78,1234.67,BULLISH_LONDON_BREAKOUT,1,0,-0.39271343208959764,-0.2838503656992623,-0.43303308630824305
2014-09-17,20:00:00,1234.67,1238.84,1221.55,1223.06,22123,1238.91,1234.57,BEARISH_LONDON_BREAKOUT,0,1,-0.2804441319313718,0.10874364299381509,0.11691985675274016
2014-09-18,12:00:00,1224.43,1225.36,1219.44,1220.01,10417,1224.9,1221.97,BEARISH_LONDON_BREAKOUT,0,1,0.5221268678125686,0.384423078499361,0.21229334185784693
2014-09-18,16:00:00,1220.11,1227.78,1215.58,1226.38,26396,1224.9,1221.97,BULLISH_LONDON_BREAKOUT,1,1,-0.1541121022847812,0.13128067972405777,-0.684942676821221
2014-09-19,16:00:00,1222.58,1225.65,1214.08,1217.98,25400,1228.14,1218.62,BEARISH_LONDON_BREAKOUT,0,1,-0.2175733591684667,-0.39820029885547453,0.08538728057931687
2014-09-22,16:00:00,1214.42,1219.58,1211.8,1219.02,19929,1215.62,1210.48,BULLISH_LONDON_BREAKOUT,1,0,-0.3273121031648381,-0.07875178422011422,0.32321044773671104
2014-09-23,12:00:00,1217.56,1234.99,1217.47,1232.57,15566,1219.97,1215.38,BULLISH_LONDON_BREAKOUT,1,0,-0.779671742781335,-0.8745953576673108,-0.9078591885247758
2014-09-24,12:00:00,1224.27,1225.92,1219.85,1221.38,10106,1225.67,1222.45,BEARISH_LONDON_BREAKOUT,0,1,-0.33077338747975166,-0.474053938987063,-0.8621395470697244
2014-09-25,16:00:00,1210.9,1224.03,1207.89,1221.36,24471,1214.84,1206.77,BULLISH_LONDON_BREAKOUT,1,0,-0.06222571559572861,0.18503962795572076,-0.559212680945825
2014-09-26,12:00:00,1224.85,1225.14,1217.77,1219.29,9621,1231.14,1221.6,BEARISH_LONDON_BREAKOUT,0,1,-0.39039112926375114,-0.22390079472480034,0.28131125491064995
2014-09-29,12:00:00,1220.2,1223.12,1217.75,1222.72,9390,1220.67,1215.09,BULLISH_LONDON_BREAKOUT,1,0,-0.5389623135304827,-0.5242410363779182,-1.3110115153101258
2014-09-30,12:00:00,1215.97,1217.66,1204.31,1206.69,14793,1217.98,1215.58,BEARISH_LONDON_BREAKOUT,0,1,0.08121389917874666,0.09447331128955014,0.20220603468994147
2014-10-01,12:00:00,1206.12,1210.86,1205.3,1209.13,9624,1208.21,1205.54,BULLISH_LONDON_BREAKOUT,1,0,0.6649409079255302,0.4978786400138927,0.22330105116900728
2014-10-03,16:00:00,1206.5,1209.2,1190.8,1194.34,26266,1212.88,1205.97,BEARISH_LONDON_BREAKOUT,0,1,-0.21518160657768615,-0.5040440745516337,0.6221009092888176
2014-10-06,16:00:00,1194.95,1203.58,1194.95,1201.77,20943,1195.02,1187.42,BULLISH_LONDON_BREAKOUT,1,0,0.4210456243707153,0.23881441540395568,0.5874668197741618
2014-10-08,16:00:00,1216.52,1219.5,1205.74,1207.1,21896,1217.65,1210.9,BEARISH_LONDON_BREAKOUT,0,1,1.2028829425896763,1.4845497473283136,1.3263192776074884
2014-10-08,20:00:00,1207.08,1223.91,1204.79,1221.62,21226,1217.65,1210.9,BULLISH_LONDON_BREAKOUT,1,1,-0.16289844632535339,0.5910184836528567,0.16453561664021696
2014-10-09,12:00:00,1228.83,1231.17,1225.0,1229.53,11644,1229.08,1223.78,BULLISH_LONDON_BREAKOUT,1,0,-0.5221507405268739,-0.5058843623173105,-0.4530186331362339
2014-10-09,16:00:00,1229.62,1233.19,1222.48,1223.11,24916,1229.08,1223.78,BEARISH_LONDON_BREAKOUT,1,1,0.042514573505261936,-0.07767085544225934,-0.10873919761917794
2014-10-10,12:00:00,1218.21,1224.59,1217.2,1223.96,11811,1223.77,1217.35,BULLISH_LONDON_BREAKOUT,1,0,-0.17811039576457266,0.5596588123794821,0.24020392823295325
2014-10-13,12:00:00,1230.37,1230.68,1225.36,1226.9,10605,1237.58,1229.08,BEARISH_LONDON_BREAKOUT,0,1,0.20621077512429478,0.6756866900317844,0.7050289347134945
2014-10-14,12:00:00,1233.02,1236.45,1232.01,1235.55,12022,1235.23,1232.11,BULLISH_LONDON_BREAKOUT,1,0,-0.22985714863825163,-0.5228440775363229,-0.5390312006798474
2014-10-15,12:00:00,1223.22,1229.19,1221.7,1228.89,11868,1228.33,1221.92,BULLISH_LONDON_BREAKOUT,1,0,1.200270162504374,0.9089503535710962,1.036707923410558
2014-10-16,12:00:00,1240.85,1244.05,1238.04,1241.63,19563,1241.19,1237.7,BULLISH_LONDON_BREAKOUT,1,0,0.05476671794333547,-0.26900123225116546,-0.18362958369242044
2014-10-17,16:00:00,1239.43,1240.39,1231.53,1233.73,18429,1241.57,1237.68,BEARISH_LONDON_BREAKOUT,0,1,0.37123195512793944,0.15481507299004496,0.8680991789127309
2014-10-20,12:00:00,1241.89,1246.41,1240.26,1246.13,8287,1243.12,1235.44,BULLISH_LONDON_BREAKOUT,1,0,-0.13561987914583987,-0.04413664705931017,0.1340149101618487
2014-10-22,16:00:00,1247.13,1249.01,1241.13,1242.67,16436,1249.24,1247.1,BEARISH_LONDON_BREAKOUT,0,1,-0.0997851400613203,-0.06115863423113062,-1.172475395720518
2014-10-23,12:00:00,1242.88,1243.2,1234.26,1235.5,9612,1244.48,1241.11,BEARISH_LONDON_BREAKOUT,0,1,-0.5989477944152239,-0.3464184540671771,-0.2152974504249358
2014-10-27,20:00:00,1228.98,1229.99,1228.08,1228.15,7339,1231.42,1228.36,BEARISH_LONDON_BREAKOUT,0,1,-0.17668851524651488,0.10992142653583918,0.018727354150553124
2014-10-29,12:00:00,1229.39,1229.5,1226.92,1227.46,5066,1230.44,1229.28,BEARISH_LONDON_BREAKOUT,0,1,-0.3576491290958646,-1.2261092011144927,-1.8314242419304922
2014-10-30,16:00:00,1205.03,1207.53,1195.78,1198.46,25597,1213.53,1203.95,BEARISH_LONDON_BREAKOUT,0,1,0.008344041519943014,-0.009178445671956288,-2.709310281527963
2014-10-31,16:00:00,1174.98,1175.13,1161.42,1165.99,24844,1199.05,1166.9,BEARISH_LONDON_BREAKOUT,0,1,0.4742750795461344,0.09434043173611344,0.1981149066458499
2014-11-03,12:00:00,1170.3,1173.38,1167.59,1172.87,8095,1172.68,1167.14,BULLISH_LONDON_BREAKOUT,1,0,-0.3896425008739192,-0.676971872415513,-0.17307971045384168
2014-11-04,12:00:00,1165.86,1174.51,1164.57,1170.84,10542,1168.04,1164.02,BULLISH_LONDON_BREAKOUT,1,0,0.022206279252501702,-0.1767961463564566,-2.69635475385193
2014-11-05,12:00:00,1149.39,1149.39,1137.58,1139.27,18039,1164.79,1146.01,BEARISH_LONDON_BREAKOUT,0,1,0.7320477147647106,0.35549079673825823,0.46959895371596805
2014-11-07,16:00:00,1143.97,1167.28,1142.87,1162.69,32250,1145.6,1131.44,BULLISH_LONDON_BREAKOUT,1,0,1.1654009237199903,0.8205110562574688,0.08342722479766983
2014-11-10,12:00:00,1172.99,1173.04,1166.44,1167.29,9620,1174.6,1170.1,BEARISH_LONDON_BREAKOUT,0,1,-0.310976706730965,-1.0340189670090496,-0.9928980801685886
2014-11-11,12:00:00,1150.13,1158.36,1147.04,1155.7,13630,1153.78,1145.95,BULLISH_LONDON_BREAKOUT,1,0,-0.09604568659687872,0.5096478324824671,0.6489573418707276
2014-11-12,20:00:00,1164.89,1165.49,1157.15,1158.75,15628,1168.91,1162.7,BEARISH_LONDON_BREAKOUT,0,1,0.005177993527503381,-0.32880258899675907,0.1725997842502697
2014-11-14,16:00:00,1152.44,1179.99,1146.72,1175.2,29859,1160.26,1149.54,BULLISH_LONDON_BREAKOUT,1,0,1.1172566371681314,0.8772974812797775,0.7564669843430797
2014-11-17,16:00:00,1188.48,1190.66,1181.22,1184.09,19003,1191.83,1185.42,BEARISH_LONDON_BREAKOUT,0,1,0.08952022228041559,0.1908638701450051,0.8994248747983762
2014-11-18,12:00:00,1192.81,1204.52,1192.46,1201.13,16800,1195.96,1185.78,BULLISH_LONDON_BREAKOUT,1,0,-0.531999034242763,-0.5170131459542294,-0.20980243603941365
2014-11-19,12:00:00,1194.47,1202.08,1194.4,1198.61,11663,1194.92,1191.84,BULLISH_LONDON_BREAKOUT,1,0,-1.5776607904155526,-1.3932805499703673,-0.33371989220847487
2014-11-19,16:00:00,1198.66,1199.28,1174.94,1179.7,23205,1194.92,1191.84,BEARISH_LONDON_BREAKOUT,1,1,0.5442061541069633,-0.05509875392049597,0.7662965160634029
2014-11-20,12:00:00,1187.31,1196.96,1184.69,1194.61,15836,1189.15,1177.78,BULLISH_LONDON_BREAKOUT,1,0,-0.49137375377737436,-0.13560911092322106,-0.04687722352901327
2014-11-21,16:00:00,1193.93,1207.63,1193.93,1204.75,21145,1195.94,1191.64,BULLISH_LONDON_BREAKOUT,1,0,-0.30047727744344394,-0.33865947291968684,-0.47146710935879343
2014-11-24,12:00:00,1197.35,1197.35,1193.84,1194.97,9033,1203.54,1195.8,BEARISH_LONDON_BREAKOUT,0,1,0.34310484782043976,0.16987874172573142,0.4728152171184099
2014-11-25,12:00:00,1197.0,1202.82,1196.83,1200.62,10702,1199.92,1195.6,BULLISH_LONDON_BREAKOUT,1,0,-0.08828771801235574,0.04331095600608096,-0.14492512202027133
2014-11-26,20:00:00,1198.77,1198.96,1196.35,1197.63,7581,1200.82,1198.15,BEARISH_LONDON_BREAKOUT,0,1,-0.01586466604878423,-0.18453111562001923,-0.5853226789576261
2014-11-28,20:00:00,1182.9,1183.24,1165.06,1165.88,15451,1188.36,1182.4,BEARISH_LONDON_BREAKOUT,0,1,-1.2951590215116593,-0.7402134010361365,3.969533742752253
2014-12-01,12:00:00,1157.09,1184.05,1154.86,1173.83,22020,1160.01,1150.64,BULLISH_LONDON_BREAKOUT,1,0,2.005401122820167,2.714192003952883,1.851205029689139
2014-12-02,12:00:00,1205.35,1205.78,1192.3,1195.56,20757,1210.41,1203.58,BEARISH_LONDON_BREAKOUT,0,1,0.4458161865569402,0.1622670547693177,0.4658904613737633
2014-12-03,16:00:00,1201.12,1211.82,1199.41,1211.11,21280,1205.0,1198.58,BULLISH_LONDON_BREAKOUT,1,0,-0.16348638851960523,-0.3467893089810024,-0.15192674488691515
2014-12-04,12:00:00,1204.58,1206.33,1201.17,1202.33,7705,1207.82,1202.38,BEARISH_LONDON_BREAKOUT,0,1,0.577212578909289,0.15469962489500613,-0.016634368268263963
2014-12-04,16:00:00,1202.33,1213.28,1201.46,1209.27,27007,1207.82,1202.38,BULLISH_LONDON_BREAKOUT,1,1,-0.1538118038155168,-0.5540532718086155,-1.192454952161227
2014-12-05,16:00:00,1202.08,1207.37,1186.15,1194.85,29167,1206.47,1201.59,BEARISH_LONDON_BREAKOUT,0,1,-0.24940369083985592,-0.22429593672844594,-0.11382181863831445
2014-12-08,20:00:00,1193.38,1208.71,1191.12,1203.25,14829,1196.06,1191.52,BULLISH_LONDON_BREAKOUT,1,0,-0.034905464367344506,0.27093289008934063,2.19821317265739
2014-12-09,16:00:00,1204.29,1238.09,1204.29,1229.56,37631,1207.0,1199.92,BULLISH_LONDON_BREAKOUT,1,0,0.011386186928665543,0.4294219070236485,-0.10328898142424785
2014-12-10,12:00:00,1234.77,1234.77,1225.45,1227.0,30332,1238.25,1233.64,BEARISH_LONDON_BREAKOUT,0,1,0.10350448247758613,0.21597392013040675,-0.38793806030969774
2014-12-15,12:00:00,1216.57,1217.25,1209.54,1211.52,10175,1220.57,1215.74,BEARISH_LONDON_BREAKOUT,0,1,0.13701796090861743,-1.0763338615953484,0.04952456418382767
2014-12-16,12:00:00,1196.91,1212.65,1194.53,1212.12,17536,1199.1,1195.45,BULLISH_LONDON_BREAKOUT,1,0,-1.7259017259017133,-1.2094512094511976,-0.951225951225949
2014-12-16,16:00:00,1212.17,1223.34,1187.34,1191.2,42572,1199.1,1195.45,BEARISH_LONDON_BREAKOUT,1,1,0.21490933512423988,0.5070517125587611,0.44828744123572184
2014-12-17,20:00:00,1196.52,1201.58,1184.55,1187.68,25379,1201.58,1195.75,BEARISH_LONDON_BREAKOUT,0,1,0.2104944092684898,1.0095311868516779,0.6870537518523385
2014-12-18,12:00:00,1199.68,1213.69,1197.71,1206.43,16158,1201.85,1196.44,BULLISH_LONDON_BREAKOUT,1,0,-0.9598567674875587,-0.8197740440804772,-0.8421541241514288
2014-12-18,16:00:00,1206.43,1206.86,1192.44,1194.85,21462,1201.85,1196.44,BEARISH_LONDON_BREAKOUT,1,1,0.08285558856760339,0.13976649788677015,0.2795329957735403
2014-12-19,20:00:00,1198.26,1198.79,1193.39,1195.19,13555,1201.15,1196.11,BEARISH_LONDON_BREAKOUT,0,1,0.013386992863047254,0.36897899078806334,-1.6968013453927802
2014-12-22,12:00:00,1199.61,1200.37,1195.23,1196.56,8980,1203.21,1196.59,BEARISH_LONDON_BREAKOUT,0,1,-0.6125894230126302,-1.904626596242559,-1.64722203650465
2014-12-23,12:00:00,1181.67,1183.03,1176.61,1176.85,9142,1184.77,1177.15,BEARISH_LONDON_BREAKOUT,0,1,0.19458724561330598,0.1147130050558811,-0.03398903853506085
2014-12-24,12:00:00,1179.25,1180.95,1176.21,1176.45,6120,1180.05,1177.35,BEARISH_LONDON_BREAKOUT,0,1,-0.16490288580050613,0.8219643843767135,1.5878277869862776
2014-12-26,12:00:00,1186.17,1198.92,1185.31,1198.71,5079,1187.58,1185.58,BULLISH_LONDON_BREAKOUT,1,0,-0.40877276405469964,-0.40710430379325346,-0.4755111745126048
2014-12-29,12:00:00,1195.71,1196.13,1192.16,1193.01,9437,1196.41,1194.31,BEARISH_LONDON_BREAKOUT,0,1,-0.9614336845458149,-0.9463457976043758,-0.4945474053025617
2014-12-30,16:00:00,1187.14,1210.69,1182.42,1205.82,43538,1189.64,1186.07,BULLISH_LONDON_BREAKOUT,1,0,-0.49841601565739424,-0.35577449370552516,-1.7929707584879908
2014-12-31,12:00:00,1198.8,1199.99,1195.82,1195.99,10307,1202.25,1198.64,BEARISH_LONDON_BREAKOUT,0,1,-0.9857941956036391,-0.8478331758626828,-0.5995033403289386
2015-01-02,12:00:00,1185.85,1188.0,1180.57,1182.68,16826,1187.15,1184.67,BEARISH_LONDON_BREAKOUT,0,1,0.44475259579937015,0.10231000777894582,0.5428349173064434
2015-01-02,16:00:00,1182.74,1194.29,1167.33,1187.94,45897,1187.15,1184.67,BULLISH_LONDON_BREAKOUT,1,1,0.07407781537787107,0.4150041247874334,0.8965099247436624
2015-01-05,12:00:00,1195.69,1197.4,1186.89,1189.1,22035,1197.77,1191.1,BEARISH_LONDON_BREAKOUT,0,1,0.7980825834664881,1.181565890169051,1.752585989403763
2015-01-05,16:00:00,1189.09,1202.56,1186.74,1198.59,49681,1197.77,1191.1,BULLISH_LONDON_BREAKOUT,1,1,0.4363460399302529,0.5798479880526324,0.8434911020449135
2015-01-06,20:00:00,1208.77,1222.92,1207.08,1217.21,27628,1211.74,1205.18,BULLISH_LONDON_BREAKOUT,1,0,-0.09694300901241885,-0.26043164285538833,-0.13391280058495322
2015-01-07,20:00:00,1214.36,1216.3,1209.26,1215.58,18461,1215.3,1211.94,BULLISH_LONDON_BREAKOUT,1,0,-0.2797018707119123,-0.5890192336168623,-0.6622353115385211
2015-01-08,16:00:00,1206.63,1216.54,1205.48,1212.39,17412,1210.1,1204.68,BULLISH_LONDON_BREAKOUT,1,0,-0.4008611090490788,-0.12042329613408526,0.44952531776077154
2015-01-09,16:00:00,1211.95,1220.75,1206.16,1217.84,26758,1214.15,1210.68,BULLISH_LONDON_BREAKOUT,1,0,0.37114891939827743,0.5953162977074165,0.6454049793076371
2015-01-12,12:00:00,1228.09,1228.09,1217.4,1219.41,8990,1230.99,1224.1,BEARISH_LONDON_BREAKOUT,0,1,0.5158232259863347,0.9652208855102042,1.5458295405154876
2015-01-12,20:00:00,1225.72,1235.74,1225.03,1233.31,21177,1230.99,1224.1,BULLISH_LONDON_BREAKOUT,1,1,-0.1727059701129385,0.5002797350220198,0.030000567578315124
2015-01-14,16:00:00,1228.03,1244.24,1226.88,1238.34,40458,1232.88,1225.55,BULLISH_LONDON_BREAKOUT,1,0,-0.44414296558295785,-0.6322980764571868,1.6667474199331445
2015-01-15,12:00:00,1228.55,1260.69,1226.7,1257.83,20177,1232.08,1225.87,BULLISH_LONDON_BREAKOUT,1,0,0.09142729939658706,0.3203930578854037,0.11368785924966521
2015-01-16,16:00:00,1259.43,1278.59,1259.31,1272.15,34697,1261.16,1256.21,BULLISH_LONDON_BREAKOUT,1,0,0.62020988091026,0.2106669810949838,0.35451794206657944
2015-01-19,12:00:00,1274.91,1278.39,1274.37,1277.69,9382,1277.31,1274.37,BULLISH_LONDON_BREAKOUT,1,0,-0.4101151296480374,1.1129460197700558,1.569238234626549
2015-01-19,16:00:00,1277.63,1278.94,1271.89,1272.45,13667,1277.31,1274.37,BEARISH_LONDON_BREAKOUT,1,1,0.33085779401941423,1.8554756571967386,1.3666548783842094
2015-01-21,16:00:00,1297.74,1305.07,1284.48,1289.84,40665,1303.31,1294.98,BEARISH_LONDON_BREAKOUT,0,1,0.21475531848911353,0.21010357873845104,0.7279972709793541
2015-01-22,16:00:00,1287.14,1303.82,1279.29,1299.23,41736,1293.7,1283.14,BULLISH_LONDON_BREAKOUT,1,0,0.33173495070156517,-0.12161049236855115,-0.6657789613848273
2015-01-23,16:00:00,1295.82,1299.57,1284.29,1290.58,25707,1298.11,1292.51,BEARISH_LONDON_BREAKOUT,0,1,0.24640084303182008,0.30296455857057153,-0.8763501681414517
2015-01-26,12:00:00,1288.83,1289.34,1277.13,1277.35,18024,1294.92,1286.77,BEARISH_LONDON_BREAKOUT,0,1,0.1503111911379084,0.19806630915568954,0.23172975300426948
2015-01-27,16:00:00,1280.28,1297.42,1279.11,1294.32,31128,1283.75,1276.88,BULLISH_LONDON_BREAKOUT,1,0,-0.03476729093269404,-0.3878484455157907,-0.48133382780147244
2015-01-28,20:00:00,1288.05,1289.41,1279.57,1285.19,21192,1292.06,1285.87,BEARISH_LONDON_BREAKOUT,0,1,-0.03423618297684035,-0.29878850597967194,-2.2634785518094716
2015-01-29,12:00:00,1281.35,1281.35,1263.61,1268.7,16678,1284.98,1277.37,BEARISH_LONDON_BREAKOUT,0,1,-0.353905572633405,-0.6416016394734847,-0.46661937416253424
2015-01-30,16:00:00,1262.74,1273.66,1258.24,1273.63,26711,1263.84,1258.73,BULLISH_LONDON_BREAKOUT,1,0,0.7796612831041853,0.47030927349385465,-0.06281259078383689
2015-02-02,12:00:00,1280.07,1280.27,1273.51,1275.99,10622,1281.37,1278.5,BEARISH_LONDON_BREAKOUT,0,1,-0.24765084365865578,-0.11677207501626259,0.3268050690052487
2015-02-03,16:00:00,1280.15,1280.47,1256.85,1258.48,36192,1285.55,1272.89,BEARISH_LONDON_BREAKOUT,0,1,0.36075265399529305,0.32817366982390517,0.2717564045515283
2015-02-04,16:00:00,1266.4,1272.33,1259.36,1261.9,29258,1266.97,1262.15,BEARISH_LONDON_BREAKOUT,0,1,0.2852840954116736,0.7544179411997767,-0.0895475077264529
2015-02-05,12:00:00,1268.61,1268.7,1258.71,1260.83,15542,1273.24,1267.88,BEARISH_LONDON_BREAKOUT,0,1,-0.004758770016572054,0.34976959621837056,0.28076743097800366
2015-02-06,12:00:00,1267.98,1268.01,1263.71,1264.37,7724,1268.62,1265.64,BEARISH_LONDON_BREAKOUT,0,1,-2.419386730150187,-2.0966963784335277,-1.8372786447005063
2015-02-09,12:00:00,1240.06,1243.65,1239.01,1241.14,9817,1240.67,1236.18,BULLISH_LONDON_BREAKOUT,1,0,-0.012891374059339144,-0.19981629791965597,-0.3512899431168222
2015-02-10,12:00:00,1242.77,1243.96,1235.11,1236.78,10394,1245.82,1242.22,BEARISH_LONDON_BREAKOUT,0,1,0.0800465725513033,-0.26520480602855584,-0.13341095425215993
2015-02-11,12:00:00,1237.83,1238.0,1232.9,1235.13,8418,1238.59,1235.88,BEARISH_LONDON_BREAKOUT,0,1,-1.0063717989199568,-1.1909677523823432,-0.9262182928112874
2015-02-12,12:00:00,1222.75,1232.82,1221.58,1223.69,16568,1223.55,1219.76,BULLISH_LONDON_BREAKOUT,1,0,-0.09152644869208036,-0.01716120912976623,0.007354803912748993
2015-02-13,12:00:00,1228.82,1229.14,1223.06,1223.78,8018,1231.06,1226.86,BEARISH_LONDON_BREAKOUT,0,1,0.6904835836506599,0.4208272728758512,0.8441059667587252
2015-02-13,16:00:00,1223.92,1234.82,1223.47,1232.23,21486,1231.06,1226.86,BULLISH_LONDON_BREAKOUT,1,1,-0.26293792554961404,0.05843065012213851,-0.07222677584542658
2015-02-16,16:00:00,1234.08,1234.84,1229.65,1231.34,11053,1236.59,1231.49,BEARISH_LONDON_BREAKOUT,0,1,-0.04466678577809172,-0.28586742897980916,-1.919047541702526
2015-02-17,12:00:00,1223.54,1224.47,1220.25,1222.89,12316,1229.6,1223.17,BEARISH_LONDON_BREAKOUT,0,1,-1.2413217869146091,-1.113755121065682,-1.3917850338133608
2015-02-18,12:00:00,1208.79,1210.72,1202.45,1205.87,9143,1210.79,1206.62,BEARISH_LONDON_BREAKOUT,0,1,0.019902642905123197,0.594591456790539,1.0009370827701298
2015-02-19,12:00:00,1214.39,1221.02,1213.58,1217.94,13423,1216.74,1214.17,BULLISH_LONDON_BREAKOUT,1,0,-0.77343711512883,-0.7594791204821255,-1.1601556726932452
2015-02-19,16:00:00,1217.9,1222.81,1207.63,1208.52,25642,1216.74,1214.17,BEARISH_LONDON_BREAKOUT,1,1,-0.06702412868632257,-0.20355476119551488,-0.16135438387449488
2015-02-20,12:00:00,1207.81,1208.67,1201.41,1203.81,10616,1209.06,1205.94,BEARISH_LONDON_BREAKOUT,0,1,0.22927206120567123,-0.130419252207569,-0.8090977812113215
2015-02-23,12:00:00,1201.69,1201.78,1190.61,1194.07,9832,1204.69,1201.78,BEARISH_LONDON_BREAKOUT,0,1,0.8634334670496849,0.7436749939283384,0.3442009262438657
2015-02-25,16:00:00,1208.5,1210.95,1203.04,1203.91,19861,1211.77,1207.52,BEARISH_LONDON_BREAKOUT,0,1,-0.04402322432739762,0.4286034670365603,0.39870089956890087
2015-02-26,12:00:00,1211.57,1219.84,1211.54,1216.34,12705,1213.03,1208.18,BULLISH_LONDON_BREAKOUT,1,0,-0.6272917111991616,-0.521235838663525,-0.7053948731440163
2015-02-26,20:00:00,1208.78,1211.04,1206.61,1207.52,14110,1213.03,1208.18,BEARISH_LONDON_BREAKOUT,1,1,0.20537962104147495,0.14906585398171082,0.43560355107989857
2015-02-27,12:00:00,1209.28,1209.28,1204.34,1207.76,9260,1212.19,1208.41,BEARISH_LONDON_BREAKOUT,0,1,0.8072795919719149,0.5232827714115335,0.6797708153937898
2015-02-27,16:00:00,1207.71,1219.17,1207.64,1217.51,24449,1212.19,1208.41,BULLISH_LONDON_BREAKOUT,1,1,-0.38849783574673047,0.30718433524160044,-0.7457844288753216
2015-03-02,12:00:00,1219.22,1219.38,1214.73,1215.97,8319,1223.18,1218.97,BEARISH_LONDON_BREAKOUT,0,1,-0.6200810875268273,-0.7450841714844894,-0.6077452568731219
2015-03-03,16:00:00,1208.61,1214.76,1201.46,1203.5,27788,1211.4,1206.72,BEARISH_LONDON_BREAKOUT,0,1,-0.054009140008316664,0.25508932280846996,-0.07644370585792046
2015-03-04,12:00:00,1205.21,1205.79,1201.79,1204.73,9839,1209.01,1204.87,BEARISH_LONDON_BREAKOUT,0,1,-0.1784632241249152,-0.21332580744232615,-0.34364546412890024
2015-03-05,16:00:00,1200.59,1209.35,1200.17,1206.18,25823,1205.89,1199.43,BULLISH_LONDON_BREAKOUT,1,0,-0.4634465834286877,-0.5007544479265088,-2.467293438790229
2015-03-06,12:00:00,1197.59,1197.76,1192.77,1195.34,10535,1200.56,1197.21,BEARISH_LONDON_BREAKOUT,0,1,-1.5828132581524792,-2.1458329847574635,-1.7877758629343863
2015-03-09,12:00:00,1172.8,1175.28,1172.76,1173.97,7454,1173.72,1169.47,BULLISH_LONDON_BREAKOUT,1,0,-0.47105121936676175,-0.6277843556479398,-0.7717403340800826
2015-03-09,16:00:00,1174.02,1175.29,1166.92,1168.44,16406,1173.72,1169.47,BEARISH_LONDON_BREAKOUT,1,1,-0.14720482010201869,-0.5896751223854113,-0.4655780356714983
2015-03-10,12:00:00,1158.4,1166.31,1154.93,1164.91,14382,1163.79,1157.94,BULLISH_LONDON_BREAKOUT,1,0,-0.16396116438180475,-0.09271102488605597,-0.6017632263436652
2015-03-11,12:00:00,1163.37,1163.37,1156.72,1157.9,11179,1164.72,1161.31,BEARISH_LONDON_BREAKOUT,0,1,-0.4749978409189049,-0.19431729855773383,0.11745401157266602
2015-03-12,16:00:00,1159.23,1161.37,1150.0,1150.86,30701,1166.58,1151.67,BEARISH_LONDON_BREAKOUT,0,1,0.1989816311280426,0.744660514745509,0.2684948647098818
2015-03-13,12:00:00,1159.07,1160.3,1154.09,1154.95,9060,1161.65,1158.27,BEARISH_LONDON_BREAKOUT,0,1,-0.0865838347980432,0.15758257933243314,0.14459500411271878
2015-03-16,12:00:00,1162.19,1162.74,1155.19,1156.62,8322,1163.97,1158.58,BEARISH_LONDON_BREAKOUT,0,1,-0.3518873960332639,-0.03026058688246002,-0.26456398817242877
2015-03-17,16:00:00,1153.56,1159.74,1142.7,1149.2,30252,1156.92,1153.04,BEARISH_LONDON_BREAKOUT,0,1,-0.07222415593457664,0.1444483118691137,0.1957883745214062
2015-03-18,16:00:00,1149.59,1151.45,1146.98,1151.45,16820,1151.16,1145.84,BULLISH_LONDON_BREAKOUT,1,0,1.669199704720138,1.845499153241565,1.6874375787051163
2015-03-19,12:00:00,1166.58,1167.8,1163.12,1165.96,15556,1173.39,1166.21,BEARISH_LONDON_BREAKOUT,0,1,0.42196987889808163,0.5068784520909684,0.5343236474664669
2015-03-20,16:00:00,1172.2,1184.19,1169.67,1183.16,31349,1172.5,1168.65,BULLISH_LONDON_BREAKOUT,1,0,-0.07944825720951135,-0.10733966665539586,0.33892288447885244
2015-03-23,16:00:00,1184.69,1189.2,1181.85,1187.17,23585,1185.95,1181.23,BULLISH_LONDON_BREAKOUT,1,0,0.2762873051037318,-0.12129686565530248,0.17857594110362382
2015-03-24,12:00:00,1187.58,1194.91,1186.96,1192.9,12368,1189.08,1185.39,BULLISH_LONDON_BREAKOUT,1,0,-0.302623857825478,-0.10143348143180789,0.13831838377063152
2015-03-25,12:00:00,1193.6,1196.07,1190.58,1194.55,9426,1193.61,1186.52,BULLISH_LONDON_BREAKOUT,1,0,0.27039470930476067,0.02343978904189634,1.1703151814490826
2015-03-26,12:00:00,1207.9,1219.57,1206.15,1208.53,20401,1208.14,1198.25,BULLISH_LONDON_BREAKOUT,1,0,-0.343392385790991,-0.4509610849544526,-0.5742513632264036
2015-03-30,12:00:00,1190.82,1191.59,1185.69,1185.87,14153,1195.12,1190.81,BEARISH_LONDON_BREAKOUT,0,1,-0.0834830124718377,-0.00421631376120102,-0.1492575071466503
2015-03-31,16:00:00,1184.1,1190.62,1184.1,1187.13,17886,1184.53,1178.54,BULLISH_LONDON_BREAKOUT,1,0,-0.25102558270787684,0.04717259272362297,1.254285545812158
2015-04-01,16:00:00,1184.9,1203.52,1184.74,1202.02,27483,1188.47,1184.61,BULLISH_LONDON_BREAKOUT,1,0,0.18552103958336952,0.11064707741967082,-0.2562353371824036
2015-04-02,16:00:00,1204.57,1205.84,1194.75,1198.94,23430,1207.21,1202.7,BEARISH_LONDON_BREAKOUT,0,1,0.18349542095518087,0.05838490666756013,1.9283700602198517
2015-04-06,20:00:00,1219.34,1221.5,1214.1,1215.63,9461,1223.28,1216.5,BEARISH_LONDON_BREAKOUT,0,1,-0.08884282224033255,-0.2731094165165522,-0.42693911798820805
2015-04-07,12:00:00,1212.37,1212.65,1207.34,1210.36,11173,1214.55,1212.15,BEARISH_LONDON_BREAKOUT,0,1,0.12145146898443664,-0.12723487226940444,-0.3164347797349489
2015-04-08,12:00:00,1210.93,1211.89,1205.96,1206.53,10200,1212.21,1209.09,BEARISH_LONDON_BREAKOUT,0,1,-0.22129578211897533,-0.4533662652399881,-0.415240400155818
2015-04-09,12:00:00,1195.64,1201.95,1194.87,1201.52,9923,1198.3,1192.52,BULLISH_LONDON_BREAKOUT,1,0,-0.558459284905789,-0.593415007656958,0.021639256941207045
2015-04-10,12:00:00,1194.96,1205.44,1194.89,1201.78,15157,1197.53,1193.85,BULLISH_LONDON_BREAKOUT,1,0,0.3411606117592352,0.5042520261611897,-0.22133834811696668
2015-04-13,12:00:00,1201.85,1202.66,1197.47,1199.12,14139,1205.61,1201.45,BEARISH_LONDON_BREAKOUT,0,1,0.011675228500909005,-0.002501834678762152,-0.9515311228233918
2015-04-14,12:00:00,1194.03,1194.03,1186.18,1187.71,18597,1200.83,1189.98,BEARISH_LONDON_BREAKOUT,0,1,0.7148209579779583,0.5127514292209309,0.2887910348485795
2015-04-15,16:00:00,1191.15,1197.81,1188.78,1196.23,29000,1194.55,1190.57,BULLISH_LONDON_BREAKOUT,1,0,0.5308343713165452,0.5475535641139208,0.14044121949792795
2015-04-16,16:00:00,1207.18,1208.24,1194.63,1197.91,25648,1208.86,1199.89,BEARISH_LONDON_BREAKOUT,0,1,0.0793047891744637,0.0,0.3973587331268618
2015-04-17,12:00:00,1203.44,1207.6,1203.02,1205.78,18548,1205.53,1197.71,BULLISH_LONDON_BREAKOUT,1,0,-0.257924331138342,0.049760321119950275,-0.5506808870606472
2015-04-20,12:00:00,1206.26,1206.86,1196.96,1199.14,15310,1209.02,1202.74,BEARISH_LONDON_BREAKOUT,0,1,-0.2618543289357456,-0.2668579148389717,0.21598812482278282
2015-04-21,12:00:00,1194.74,1202.14,1194.61,1201.73,10582,1196.94,1192.97,BULLISH_LONDON_BREAKOUT,1,0,-0.25047223585996775,0.004992802043715762,-0.1048488429181256
2015-04-22,16:00:00,1200.47,1201.88,1185.68,1189.57,25405,1204.71,1199.32,BEARISH_LONDON_BREAKOUT,0,1,-0.26227964726749087,-0.05800415276106722,0.18241885723413273
2015-04-23,12:00:00,1187.31,1192.07,1187.19,1190.98,12268,1189.87,1185.36,BULLISH_LONDON_BREAKOUT,1,0,0.06381299434079421,0.23090228215419234,-0.23006263749181421
2015-04-24,12:00:00,1194.17,1194.84,1186.71,1188.24,14563,1195.88,1190.78,BEARISH_LONDON_BREAKOUT,0,1,-0.7338584797683992,-0.7035615700531795,-0.14391032114724603
2015-04-27,12:00:00,1182.59,1187.42,1181.43,1186.53,14424,1183.67,1179.83,BULLISH_LONDON_BREAKOUT,1,0,1.3088586045022017,1.1167016426049068,1.3771248935972895
2015-04-28,16:00:00,1202.92,1214.05,1201.51,1212.95,25936,1203.54,1199.32,BULLISH_LONDON_BREAKOUT,1,0,-0.052763922667884086,-0.15087184137847023,-0.18467372933756618
2015-04-29,20:00:00,1210.72,1211.22,1201.32,1203.92,20986,1211.43,1207.63,BEARISH_LONDON_BREAKOUT,0,1,0.0523290584091868,0.08223137750016687,-1.765898066316698
2015-04-30,16:00:00,1205.27,1207.14,1177.0,1180.38,40827,1205.62,1199.87,BEARISH_LONDON_BREAKOUT,0,1,0.19315813551567906,0.18045036344227125,-0.616750537962368
2015-05-01,12:00:00,1182.62,1183.53,1178.84,1179.63,11320,1183.13,1180.62,BEARISH_LONDON_BREAKOUT,0,1,-0.5535634054746149,-0.09833591888982832,0.11868128141873838
2015-05-04,12:00:00,1183.11,1184.32,1180.38,1181.03,9794,1185.01,1182.59,BEARISH_LONDON_BREAKOUT,0,1,0.7882949628713873,0.6181045358712273,0.8374046383241832
2015-05-04,16:00:00,1181.09,1192.76,1180.72,1190.34,24284,1185.01,1182.59,BULLISH_LONDON_BREAKOUT,1,1,-0.10921249390929942,-0.3066350790530322,0.4318093989952535
2015-05-05,12:00:00,1188.65,1193.24,1186.43,1190.92,11430,1190.04,1186.05,BULLISH_LONDON_BREAKOUT,1,0,0.3828972559029948,0.3585463339267106,-0.14694521882242298
2015-05-06,12:00:00,1191.21,1192.45,1188.16,1189.17,13153,1197.28,1191.02,BEARISH_LONDON_BREAKOUT,0,1,0.10427440988252386,0.09081964731703013,-0.2590041793856349
2015-05-11,16:00:00,1188.03,1191.67,1178.83,1181.01,21249,1189.15,1183.95,BEARISH_LONDON_BREAKOUT,0,1,0.19559529555210753,0.25147966570986086,1.0982125468878357
2015-05-12,12:00:00,1184.7,1196.98,1183.66,1194.03,18238,1185.25,1180.73,BULLISH_LONDON_BREAKOUT,1,0,-0.004187499476558757,-0.14237498220313105,0.22612497173438237
2015-05-13,12:00:00,1194.87,1198.39,1191.95,1196.73,14201,1195.73,1191.35,BULLISH_LONDON_BREAKOUT,1,0,1.4865508510691605,1.4054966450243527,1.7572886114662432
2015-05-14,16:00:00,1217.67,1227.08,1215.08,1222.87,32884,1218.74,1212.59,BULLISH_LONDON_BREAKOUT,1,0,-0.08422808638693997,-0.2559552528069118,0.022079207111157295
2015-05-15,12:00:00,1219.75,1220.3,1210.94,1213.35,16508,1221.58,1217.24,BEARISH_LONDON_BREAKOUT,0,1,0.8068570486669298,0.8711418799192454,1.0425680965920874
2015-05-15,16:00:00,1213.4,1224.21,1212.78,1223.14,29649,1221.58,1217.24,BULLISH_LONDON_BREAKOUT,1,1,0.05232434553688642,0.089932468891534,0.31558120901940084
2015-05-19,16:00:00,1220.06,1221.53,1205.67,1208.25,29350,1223.1,1217.06,BEARISH_LONDON_BREAKOUT,0,1,-0.0099317194289171,-0.00496585971445855,0.02069108214359611
2015-05-20,12:00:00,1206.86,1210.69,1206.22,1209.8,12380,1209.14,1203.19,BULLISH_LONDON_BREAKOUT,1,0,-0.10745577781451104,0.008265829062666262,-0.12150768722103053
2015-05-21,12:00:00,1210.33,1212.21,1207.82,1208.33,12385,1212.62,1208.97,BEARISH_LONDON_BREAKOUT,0,1,-0.2946215024041401,-0.20606953398492212,0.2904835599546474
2015-05-22,16:00:00,1211.82,1213.39,1201.36,1205.96,24497,1214.82,1207.02,BEARISH_LONDON_BREAKOUT,0,1,0.024876446979995567,-0.12521144979932924,0.16915983946399246
2015-05-25,16:00:00,1203.64,1208.23,1203.19,1208.0,6405,1205.84,1203.25,BULLISH_LONDON_BREAKOUT,1,0,-0.12003311258278523,-0.25413907284767684,-1.7425496688741684
2015-05-26,16:00:00,1195.63,1196.01,1185.53,1186.95,25935,1205.64,1195.11,BEARISH_LONDON_BREAKOUT,0,1,0.04465225999410023,0.12553182526643994,0.011794936602205035
2015-05-27,12:00:00,1189.39,1189.68,1184.22,1185.94,15050,1190.86,1187.69,BEARISH_LONDON_BREAKOUT,0,1,0.09696949255441789,0.12563873383139187,0.028669241276954832
2015-05-28,12:00:00,1189.87,1192.14,1184.95,1186.28,13786,1190.16,1186.99,BEARISH_LONDON_BREAKOUT,0,1,0.12644569578851536,0.20821391239842427,0.17365208888288983
2015-06-01,16:00:00,1186.38,1204.2,1184.96,1193.93,24287,1192.06,1185.47,BULLISH_LONDON_BREAKOUT,1,0,-0.43469885169147726,-0.5259939862470976,-0.13819905689614057
2015-06-02,12:00:00,1186.89,1192.57,1185.92,1192.21,16683,1190.4,1186.56,BULLISH_LONDON_BREAKOUT,1,0,0.005871448821930393,0.11659019803557029,-0.08723295392589926
2015-06-03,20:00:00,1190.47,1190.49,1179.37,1185.07,15837,1194.1,1189.09,BEARISH_LONDON_BREAKOUT,0,1,0.038816272456482434,-0.26833857915564785,-0.6961614081868582
2015-06-04,16:00:00,1182.63,1183.72,1172.86,1174.99,26698,1185.99,1180.36,BEARISH_LONDON_BREAKOUT,0,1,0.155746006348984,0.20766134179865825,-0.5983029642805447
2015-06-05,12:00:00,1176.15,1176.54,1173.25,1174.04,9685,1178.53,1174.93,BEARISH_LONDON_BREAKOUT,0,1,-0.5178699192531708,-0.24275152464991903,-0.07239957752716339
2015-06-09,12:00:00,1176.36,1182.87,1175.74,1180.94,14903,1178.35,1175.07,BULLISH_LONDON_BREAKOUT,1,0,-0.22863142920047128,-0.31415651938286754,0.5394008162988714
2015-06-10,12:00:00,1184.38,1189.64,1182.96,1187.31,16064,1185.52,1175.19,BULLISH_LONDON_BREAKOUT,1,0,0.0058956801509432,-0.08843520226393735,-0.6291532961063268
2015-06-11,12:00:00,1183.47,1184.6,1178.54,1179.84,10346,1187.89,1182.82,BEARISH_LONDON_BREAKOUT,0,1,0.0601776512069464,0.14917276918904182,0.13815432601031574
2015-06-12,16:00:00,1181.42,1183.4,1176.96,1180.87,16553,1183.91,1181.36,BEARISH_LONDON_BREAKOUT,0,1,0.05080999601989521,0.06097199522386269,0.6800071133994599
2015-06-15,16:00:00,1181.03,1190.37,1177.99,1188.9,21848,1185.05,1177.81,BULLISH_LONDON_BREAKOUT,1,0,-0.25233409033560433,-0.1656993859870491,-0.7443855664900442
2015-06-16,16:00:00,1183.18,1184.15,1175.98,1180.05,16452,1187.84,1181.86,BEARISH_LONDON_BREAKOUT,0,1,0.13897716198467014,0.03474429049617236,-0.3126986144654934
2015-06-17,16:00:00,1178.95,1179.95,1174.56,1176.36,13283,1180.77,1177.97,BEARISH_LONDON_BREAKOUT,0,1,0.8985344622394645,0.9078853412220804,1.939032269033304
2015-06-17,20:00:00,1176.37,1189.05,1175.68,1186.93,19733,1180.77,1177.97,BULLISH_LONDON_BREAKOUT,1,1,-0.17018695289528293,0.3429014347939589,1.2831422240570225
2015-06-18,12:00:00,1191.07,1200.19,1191.01,1198.36,17288,1192.03,1186.73,BULLISH_LONDON_BREAKOUT,1,0,0.06759237624755274,0.16856370372844634,0.3488100403885363
2015-06-19,12:00:00,1198.74,1203.03,1198.56,1202.54,11184,1201.4,1198.28,BULLISH_LONDON_BREAKOUT,1,0,-0.08066259750195647,-0.3010294875846035,-0.7292896701980792
2015-06-22,12:00:00,1195.02,1196.18,1192.34,1193.77,12624,1199.3,1194.73,BEARISH_LONDON_BREAKOUT,0,1,-0.664282064384267,-0.6718212050897562,-1.1635407155482105
2015-06-23,12:00:00,1183.51,1185.31,1179.63,1179.88,11004,1187.1,1183.48,BEARISH_LONDON_BREAKOUT,0,1,-0.11526595925010401,-0.10340034579788006,-0.2203613926840133
2015-06-25,12:00:00,1176.0,1176.17,1171.79,1174.2,13184,1178.05,1175.58,BEARISH_LONDON_BREAKOUT,0,1,-0.0749446431613106,0.012774655084301105,-0.04258218361437574
2015-06-30,12:00:00,1175.49,1177.45,1170.44,1170.96,18749,1177.43,1174.11,BEARISH_LONDON_BREAKOUT,0,1,0.4526200724192077,0.104188016670085,0.09735601557695162
2015-07-01,12:00:00,1173.67,1174.66,1171.39,1172.1,11117,1174.67,1172.39,BEARISH_LONDON_BREAKOUT,0,1,-0.16722122685776034,-0.3344424537155401,-0.9453118334613027
2015-07-02,12:00:00,1164.89,1166.59,1160.18,1161.02,10484,1168.43,1162.7,BEARISH_LONDON_BREAKOUT,0,1,0.20757609688033643,0.41945875178723174,0.66665518251193
2015-07-07,12:00:00,1167.26,1168.14,1164.69,1164.91,10652,1169.26,1166.49,BEARISH_LONDON_BREAKOUT,0,1,-0.7167935720356196,-0.897065009314028,-0.7022001699702177
2015-07-08,12:00:00,1153.02,1157.93,1151.81,1156.73,17030,1154.29,1147.13,BULLISH_LONDON_BREAKOUT,1,0,0.4452205787003095,0.0,0.45818816837118037
2015-07-15,16:00:00,1154.08,1155.15,1143.21,1145.32,23602,1155.94,1153.59,BEARISH_LONDON_BREAKOUT,0,1,0.33615059546678105,0.19208605455244349,-0.04190968462962475
2015-07-16,12:00:00,1145.12,1147.03,1143.19,1144.35,13728,1148.0,1144.89,BEARISH_LONDON_BREAKOUT,0,1,0.0428190675929575,0.016603311923804306,-0.01485559487917555
2015-07-17,16:00:00,1144.17,1144.48,1131.06,1131.64,28975,1145.68,1144.04,BEARISH_LONDON_BREAKOUT,0,1,0.22887137252128928,-2.0686790852214556,-1.976777066911749
2015-07-20,20:00:00,1109.32,1110.97,1102.4,1102.76,14131,1119.03,1104.67,BEARISH_LONDON_BREAKOUT,0,1,-0.31466502230766685,0.41078747868983034,-0.29290144727774114
2015-07-21,20:00:00,1106.03,1107.49,1098.19,1099.53,10786,1108.83,1100.94,BEARISH_LONDON_BREAKOUT,0,1,0.0018189590097570608,-0.4147226542249821,-0.5274981128300232
2015-07-22,12:00:00,1094.97,1096.43,1088.22,1088.59,11902,1097.4,1090.99,BEARISH_LONDON_BREAKOUT,0,1,0.40786705738616513,0.5015662462451461,1.247485279122549
2015-07-23,16:00:00,1102.2,1102.2,1092.84,1093.88,27645,1105.5,1095.77,BEARISH_LONDON_BREAKOUT,0,1,-0.4982264965078477,-0.9352031301422475,-0.7989907485281756
2015-07-24,12:00:00,1084.43,1084.78,1077.51,1078.33,16665,1086.43,1082.41,BEARISH_LONDON_BREAKOUT,0,1,0.6315320912893245,1.7564196489015476,1.3864030491593526
2015-07-24,20:00:00,1085.14,1101.48,1084.24,1099.08,21542,1086.43,1082.41,BULLISH_LONDON_BREAKOUT,1,1,-0.16468318957673195,0.43490919678276135,-0.4685737161989904
2015-07-27,12:00:00,1103.84,1104.65,1092.13,1093.28,17678,1104.93,1096.72,BEARISH_LONDON_BREAKOUT,0,1,0.3841650812234785,0.08689448265769478,0.07317430118541952
2015-07-28,12:00:00,1095.68,1096.68,1091.55,1094.08,13422,1098.68,1094.39,BEARISH_LONDON_BREAKOUT,0,1,0.036560397777136135,0.1599517402749342,0.21022228721850156
2015-07-31,16:00:00,1081.33,1103.46,1081.33,1095.01,33959,1086.28,1081.24,BULLISH_LONDON_BREAKOUT,1,0,0.04292198244765137,0.09497630158628356,-0.3214582515228155
2015-08-03,12:00:00,1093.35,1094.15,1090.17,1090.39,12822,1097.68,1093.2,BEARISH_LONDON_BREAKOUT,0,1,0.10088133603572198,-0.5649354818000973,0.1357312521207816
2015-08-04,16:00:00,1091.87,1094.55,1090.22,1092.28,21751,1092.0,1082.83,BULLISH_LONDON_BREAKOUT,1,0,-0.3790236935584166,-0.5868458636979604,-0.7159336433881365
2015-08-05,12:00:00,1085.72,1088.74,1084.2,1088.37,14936,1088.31,1085.46,BULLISH_LONDON_BREAKOUT,1,0,-0.35925282762294575,-0.31606898389332927,-0.24256456903441595
2015-08-05,16:00:00,1088.47,1092.48,1082.92,1084.46,30384,1088.31,1085.46,BEARISH_LONDON_BREAKOUT,1,1,0.017520240488358683,-0.010143297124848065,0.5532707522637995
2015-08-06,16:00:00,1085.73,1090.96,1084.45,1090.46,26243,1087.22,1084.11,BULLISH_LONDON_BREAKOUT,1,0,-0.12838618564643278,-0.17974065990499755,0.2787814316893754
2015-08-10,16:00:00,1095.79,1108.84,1094.95,1106.94,31312,1098.42,1093.76,BULLISH_LONDON_BREAKOUT,1,0,-0.3270276618425676,-0.5275805373371768,0.16803078757655338
2015-08-12,16:00:00,1117.19,1125.75,1114.91,1124.88,36366,1119.69,1109.31,BULLISH_LONDON_BREAKOUT,1,0,-0.06222885996728944,-0.3066993812673392,-0.8063082284332695
2015-08-13,12:00:00,1118.67,1119.49,1114.36,1116.9,13807,1123.25,1117.47,BEARISH_LONDON_BREAKOUT,0,1,-0.09759154803475202,-0.2292058375861915,0.17369504879575853
2015-08-14,12:00:00,1116.3,1121.01,1115.93,1118.84,14767,1117.6,1112.7,BULLISH_LONDON_BREAKOUT,1,0,-0.4611919488041055,-0.4084587608594559,-0.18411926638303472
2015-08-18,16:00:00,1118.55,1120.03,1109.63,1116.6,31159,1119.82,1117.41,BEARISH_LONDON_BREAKOUT,0,1,0.09313988894861105,0.1343363782912413,1.0755866021852043
2015-08-19,16:00:00,1121.12,1129.6,1119.14,1128.61,34669,1124.08,1116.79,BULLISH_LONDON_BREAKOUT,1,0,0.36062058638503686,0.8390852464536047,1.8456331239312211
2015-08-20,16:00:00,1137.96,1151.63,1137.92,1149.44,35806,1142.06,1137.23,BULLISH_LONDON_BREAKOUT,1,0,0.22445712694876874,1.1614351336302815,0.9543777839643676
2015-08-25,16:00:00,1148.04,1152.68,1134.58,1136.73,49735,1155.12,1145.75,BEARISH_LONDON_BREAKOUT,0,1,0.22784654227476342,0.051023550007471184,-1.0961266087813322
2015-08-26,12:00:00,1138.09,1138.6,1128.5,1129.75,27342,1139.68,1133.32,BEARISH_LONDON_BREAKOUT,0,1,-0.48506306705023394,-0.4788670059747804,-0.24872759460057053
2015-08-27,16:00:00,1126.95,1127.64,1118.23,1123.58,46069,1128.3,1124.98,BEARISH_LONDON_BREAKOUT,0,1,0.04272058954413733,0.6408088431620398,0.7467203047402143
2015-08-28,12:00:00,1130.75,1130.9,1123.72,1125.11,21872,1132.95,1128.68,BEARISH_LONDON_BREAKOUT,0,1,0.6097181608909464,0.6434926362755651,0.6026077450205047
2015-08-28,20:00:00,1131.92,1135.88,1131.47,1134.02,15816,1132.95,1128.68,BULLISH_LONDON_BREAKOUT,1,1,-0.14726371668930643,-0.02998183453553889,0.1481455353521158
2015-08-31,12:00:00,1133.63,1134.72,1130.9,1131.89,13208,1135.0,1132.8,BEARISH_LONDON_BREAKOUT,0,1,0.22086951912288294,0.25532516410604145,0.8181006988311577
2015-08-31,20:00:00,1134.42,1136.56,1132.29,1135.7,17023,1135.0,1132.8,BULLISH_LONDON_BREAKOUT,1,1,-0.08100730826803494,0.6577441225675819,0.35044465968125543
2015-09-01,16:00:00,1141.15,1147.85,1137.09,1138.87,33450,1144.15,1140.22,BEARISH_LONDON_BREAKOUT,0,1,0.07112313082267273,-0.0035122533739552035,-0.37932336438750136
2015-09-02,16:00:00,1139.36,1141.29,1132.03,1134.55,28061,1142.36,1137.25,BEARISH_LONDON_BREAKOUT,0,1,-0.08285223216253622,-0.10048036666518645,-0.899034859635983
2015-09-03,12:00:00,1133.25,1133.7,1125.88,1127.9,15398,1134.24,1131.95,BEARISH_LONDON_BREAKOUT,0,1,-0.31474421491268567,-0.19859916659278384,-0.3333628867807421
2015-09-04,12:00:00,1124.89,1126.05,1122.41,1124.14,13072,1125.59,1124.16,BEARISH_LONDON_BREAKOUT,0,1,-0.2526375718327028,-0.31401782696107244,-0.26420196772644217
2015-09-07,12:00:00,1122.94,1123.57,1119.43,1121.17,13711,1124.23,1121.51,BEARISH_LONDON_BREAKOUT,0,1,-0.19889936405719186,0.062434777955155604,0.3326881739611315
2015-09-08,12:00:00,1119.95,1122.7,1119.24,1122.19,12900,1122.07,1118.59,BULLISH_LONDON_BREAKOUT,1,0,0.24149208244593484,0.0454468494639937,-0.22901647671073203
2015-09-09,12:00:00,1121.05,1122.18,1119.58,1119.62,12227,1124.39,1120.57,BEARISH_LONDON_BREAKOUT,0,1,-1.0396384487593893,-1.0601811328843618,-1.1021596613136528
2015-09-10,16:00:00,1107.28,1114.97,1105.98,1111.53,31305,1108.18,1105.14,BULLISH_LONDON_BREAKOUT,1,0,-0.10166167354906136,0.030588468147501022,-0.8591760906138345
2015-09-11,12:00:00,1108.95,1108.95,1105.37,1105.69,16101,1112.72,1108.23,BEARISH_LONDON_BREAKOUT,0,1,-0.3355370854398644,-0.08411037451727552,-0.011757364179843278
2015-09-14,12:00:00,1108.16,1108.88,1103.46,1105.56,12226,1109.38,1106.93,BEARISH_LONDON_BREAKOUT,0,1,0.29939578132348726,0.31748616085965403,0.03708527804914088
2015-09-15,12:00:00,1106.88,1107.59,1102.51,1105.97,9471,1108.78,1106.58,BEARISH_LONDON_BREAKOUT,0,1,-0.1356275486676854,-0.08137652920061945,0.18083673155691382
2015-09-16,16:00:00,1108.01,1122.85,1107.51,1120.92,35289,1108.83,1104.24,BULLISH_LONDON_BREAKOUT,1,0,-0.09813367590908685,-0.022303108161153336,-0.31670413588839363
2015-09-17,12:00:00,1120.83,1121.36,1115.81,1116.4,15010,1121.72,1119.65,BEARISH_LONDON_BREAKOUT,0,1,0.0868864206377463,1.3006091006807579,1.733249731279103
2015-09-17,20:00:00,1117.39,1133.43,1116.66,1131.32,29311,1121.72,1119.65,BULLISH_LONDON_BREAKOUT,1,2,-0.035356928190066785,-0.03624085139481796,0.6823887140685242
2015-09-18,12:00:00,1130.9,1139.45,1130.21,1135.75,21631,1130.92,1127.49,BULLISH_LONDON_BREAKOUT,1,0,0.13119084305525064,0.1364736957957257,-0.4375963020030841
2015-09-21,12:00:00,1138.91,1139.47,1129.56,1130.78,14575,1139.81,1137.18,BEARISH_LONDON_BREAKOUT,0,1,0.20163073276852905,0.1255770353207585,-0.23877323617326496
2015-09-22,12:00:00,1135.05,1135.51,1126.38,1128.08,18180,1136.51,1132.3,BEARISH_LONDON_BREAKOUT,0,1,-0.23668534146513062,-0.32533153677042814,0.2553010424792665
2015-09-23,12:00:00,1127.22,1131.42,1124.42,1130.96,13546,1128.25,1123.43,BULLISH_LONDON_BREAKOUT,1,0,0.0839994341090795,0.08930466152648997,0.43414444365847193
2015-09-24,16:00:00,1135.87,1156.65,1135.72,1155.06,46347,1137.62,1133.73,BULLISH_LONDON_BREAKOUT,1,0,-0.18960054023168102,-0.6952019808494773,-0.7887036171281059
2015-09-25,12:00:00,1144.52,1145.05,1140.71,1144.09,19270,1148.1,1144.41,BEARISH_LONDON_BREAKOUT,0,1,0.1625746226258535,0.22725484883183458,-1.1126747021650412
2015-09-28,12:00:00,1138.02,1138.83,1129.2,1131.36,20160,1146.34,1135.99,BEARISH_LONDON_BREAKOUT,0,1,0.2863809927874425,0.07778249186820368,-0.22274077216800858
2015-09-30,16:00:00,1123.49,1123.9,1111.63,1114.8,36700,1127.05,1122.6,BEARISH_LONDON_BREAKOUT,0,1,0.10226049515609079,0.008970218873352748,0.12648008611410852
2015-10-01,12:00:00,1113.76,1115.09,1112.43,1115.01,12029,1114.99,1110.99,BULLISH_LONDON_BREAKOUT,1,0,0.10762235316275598,-0.1255594120232187,-0.6780208249253321
2015-10-02,12:00:00,1109.25,1109.35,1104.59,1107.45,12134,1112.41,1108.16,BEARISH_LONDON_BREAKOUT,0,1,2.817282947311395,2.6402997878008043,2.2348638764729785
2015-10-02,16:00:00,1107.51,1141.21,1106.95,1138.65,49712,1112.41,1108.16,BULLISH_LONDON_BREAKOUT,1,1,0.00614763096648982,-0.10714442541606528,-0.34602380011417505
2015-10-05,12:00:00,1136.23,1136.23,1130.06,1132.2,16562,1138.02,1133.65,BEARISH_LONDON_BREAKOUT,0,1,0.22169228051580914,0.30471648118707345,0.576753223812045
2015-10-06,16:00:00,1138.69,1151.18,1137.78,1147.84,34575,1139.75,1135.81,BULLISH_LONDON_BREAKOUT,1,0,-0.08450655143574255,0.047044884304449315,-0.05314329523277635
2015-10-07,16:00:00,1150.39,1153.57,1141.72,1147.23,26655,1152.94,1147.87,BEARISH_LONDON_BREAKOUT,0,1,-0.13162138368069096,-0.32164430846474157,-0.23796448837635156
2015-10-08,20:00:00,1144.5,1151.21,1139.73,1139.74,19420,1145.16,1140.4,BEARISH_LONDON_BREAKOUT,0,1,0.09300366750310995,1.1230631547545893,1.4731429975257484
2015-10-09,16:00:00,1153.81,1159.4,1150.8,1158.35,30536,1154.55,1144.65,BULLISH_LONDON_BREAKOUT,1,0,-0.1571200414382472,-0.10014244399359905,0.36431130487331354
2015-10-12,12:00:00,1164.6,1168.66,1163.7,1168.61,13622,1166.64,1156.74,BULLISH_LONDON_BREAKOUT,1,0,-0.5168533556960804,-0.6015693858515649,-1.0345624288684778
2015-10-13,16:00:00,1156.62,1167.39,1156.07,1165.9,32305,1158.21,1153.75,BULLISH_LONDON_BREAKOUT,1,0,0.16896817908909853,0.530062612573963,0.9494810875718274
2015-10-14,12:00:00,1174.59,1174.81,1164.16,1167.69,15933,1176.05,1171.55,BEARISH_LONDON_BREAKOUT,0,1,0.7947314783889535,1.4978290470929791,1.4652861632796288
2015-10-14,16:00:00,1167.67,1178.87,1163.35,1176.97,31999,1176.05,1171.55,BULLISH_LONDON_BREAKOUT,1,1,0.9414003755405768,0.5794540217677542,0.9371521789000546
2015-10-15,16:00:00,1184.82,1191.44,1174.23,1188.0,36093,1187.04,1182.63,BULLISH_LONDON_BREAKOUT,1,0,-0.45370370370371216,-0.7441077441077373,-0.6254208754208808
2015-10-15,20:00:00,1188.0,1190.22,1181.51,1182.61,19418,1187.04,1182.63,BEARISH_LONDON_BREAKOUT,1,1,-0.08455873026610633,-0.5301832387684852,-0.4625362545555847
2015-10-16,16:00:00,1177.88,1184.34,1176.71,1180.57,33944,1179.15,1175.29,BULLISH_LONDON_BREAKOUT,1,0,-0.29053762165732117,-0.7267675783731526,-0.761496565218497
2015-10-19,20:00:00,1171.53,1173.47,1168.49,1169.91,8850,1173.84,1170.71,BEARISH_LONDON_BREAKOUT,0,1,-0.07094562829620693,0.3196827106358617,0.6077390568505184
2015-10-20,12:00:00,1173.62,1177.35,1172.4,1175.26,16618,1175.25,1168.26,BULLISH_LONDON_BREAKOUT,1,0,0.03999115089427253,0.1693242346374427,0.143797968109189
2015-10-21,16:00:00,1176.99,1177.69,1163.61,1166.24,35247,1178.55,1173.36,BEARISH_LONDON_BREAKOUT,0,1,0.06516668953217099,-0.012861846618199594,0.05916449444368694
2015-10-23,16:00:00,1170.92,1179.29,1158.88,1163.48,39933,1173.74,1167.86,BEARISH_LONDON_BREAKOUT,0,1,0.07649465396911616,0.06704025853473826,0.23721937635369675
2015-10-26,12:00:00,1162.68,1168.38,1162.33,1167.19,17244,1166.35,1162.43,BULLISH_LONDON_BREAKOUT,1,0,-0.08139206127537466,-0.29729521329004077,-0.1730652250276289
2015-10-27,16:00:00,1165.18,1168.63,1160.73,1167.0,31026,1166.54,1163.69,BULLISH_LONDON_BREAKOUT,1,0,-0.07026563838902625,0.05912596401028745,1.0608397600685613
2015-10-28,16:00:00,1171.94,1182.86,1171.41,1179.38,36143,1172.25,1167.29,BULLISH_LONDON_BREAKOUT,1,0,-1.9086299581136033,-1.6042327324526504,-2.5089453780800204
2015-10-28,20:00:00,1179.3,1180.27,1152.26,1156.87,31298,1172.25,1167.29,BEARISH_LONDON_BREAKOUT,1,1,0.16423625817940574,0.13484661197888897,-0.938739875699076
2015-10-29,16:00:00,1157.44,1158.07,1148.25,1149.79,38507,1162.59,1157.17,BEARISH_LONDON_BREAKOUT,0,1,-0.3287556858208867,-0.23569521390862996,-0.8688543125266361
2015-10-30,16:00:00,1147.98,1148.03,1139.23,1139.8,36610,1149.97,1146.39,BEARISH_LONDON_BREAKOUT,0,1,0.17020529917529872,0.03421652921566065,-0.46060712405685206
2015-11-02,12:00:00,1141.08,1141.13,1136.19,1137.16,14175,1142.94,1140.11,BEARISH_LONDON_BREAKOUT,0,1,-0.2295191529776045,-0.350874107425517,-0.45903830595518896
2015-11-03,12:00:00,1136.88,1137.1,1130.64,1131.94,16650,1138.25,1135.49,BEARISH_LONDON_BREAKOUT,0,1,-0.7959785854373899,-1.0645440571054963,-1.364913334629048
2015-11-04,12:00:00,1119.41,1119.94,1115.45,1116.49,16165,1122.47,1118.53,BEARISH_LONDON_BREAKOUT,0,1,-0.3591613001459924,-0.6000949403935588,-0.7245922489229566
2015-11-05,16:00:00,1108.4,1111.09,1104.41,1107.05,26253,1111.45,1107.08,BEARISH_LONDON_BREAKOUT,0,1,-0.1734339009078041,0.06955422067657123,-1.745178627884914
2015-11-06,16:00:00,1108.42,1109.23,1085.39,1087.73,31776,1110.38,1107.21,BEARISH_LONDON_BREAKOUT,0,1,0.08182177562445392,0.551607476119993,0.20041738299026995
2015-11-09,16:00:00,1093.47,1095.59,1088.67,1089.91,24184,1094.5,1092.31,BEARISH_LONDON_BREAKOUT,0,1,0.059637951757472045,0.3027772935379943,-0.1504711398188933
2015-11-10,16:00:00,1093.34,1094.58,1085.22,1088.27,25728,1093.46,1091.82,BEARISH_LONDON_BREAKOUT,0,1,-0.006432227296529017,0.35928583899216937,-0.03308002609645584
2015-11-11,12:00:00,1091.49,1091.5,1087.43,1088.4,12723,1093.58,1091.3,BEARISH_LONDON_BREAKOUT,0,1,-0.04502021315692843,-0.15527379639838795,-0.16905549430357822
2015-11-12,12:00:00,1087.76,1088.61,1086.33,1086.56,13824,1089.04,1087.16,BEARISH_LONDON_BREAKOUT,0,1,-0.7040568399351959,-0.24388897069649754,0.02945074363129176
2015-11-13,12:00:00,1083.28,1087.98,1082.67,1086.88,16837,1085.28,1081.38,BULLISH_LONDON_BREAKOUT,1,0,-0.3864272044751992,0.20425437950829894,0.39010746356541487
2015-11-16,12:00:00,1095.39,1095.94,1090.05,1091.12,17624,1098.01,1092.36,BEARISH_LONDON_BREAKOUT,0,1,-0.5663904978370699,-0.695615514333888,-1.1025368428770415
2015-11-17,16:00:00,1079.0,1083.17,1074.5,1075.3,32192,1082.46,1077.04,BEARISH_LONDON_BREAKOUT,0,1,-0.31805077652746633,-0.7867571840416662,-0.6314516879010474
2015-11-19,12:00:00,1075.55,1076.29,1072.7,1073.89,15912,1078.85,1074.86,BEARISH_LONDON_BREAKOUT,0,1,0.8417994394211663,0.754267196826482,0.9945152669267648
2015-11-19,16:00:00,1073.93,1084.25,1069.46,1082.93,36177,1078.85,1074.86,BULLISH_LONDON_BREAKOUT,1,1,-0.11542758996426361,0.05448182246312487,-0.3647511842870772
2015-11-20,16:00:00,1084.65,1086.86,1078.48,1078.98,31077,1086.46,1080.52,BEARISH_LONDON_BREAKOUT,0,1,-0.09268012382064542,-0.6830525125581678,-0.9091920146805266
2015-11-23,20:00:00,1069.17,1070.17,1067.19,1067.58,19062,1072.03,1068.68,BEARISH_LONDON_BREAKOUT,0,1,0.22293411266603994,0.41495719290358235,0.708143651997993
2015-11-24,12:00:00,1072.11,1076.03,1071.65,1074.91,22297,1073.13,1070.69,BULLISH_LONDON_BREAKOUT,1,0,-0.019536519336505975,0.03163055511623467,-0.18420146802988327
2015-11-25,12:00:00,1079.55,1079.55,1071.84,1072.93,15472,1080.02,1077.88,BEARISH_LONDON_BREAKOUT,0,1,-0.12209557007448507,-0.21157018631224606,0.002796081757428044
2015-11-27,12:00:00,1069.07,1069.19,1064.06,1065.51,16051,1069.35,1067.03,BEARISH_LONDON_BREAKOUT,0,1,-0.7245356683653863,-0.7864778369043821,-0.8287111336355293
2015-11-30,16:00:00,1056.67,1064.12,1055.83,1062.58,25705,1057.66,1054.14,BULLISH_LONDON_BREAKOUT,1,0,0.24656967004838395,0.857347211504087,0.30491821792241613
2015-12-01,12:00:00,1070.97,1072.52,1067.7,1068.53,13296,1072.98,1069.95,BEARISH_LONDON_BREAKOUT,0,1,-0.25361945850842155,0.12259833603173943,-0.09639411153640728
2015-12-02,16:00:00,1067.51,1067.69,1054.89,1056.01,34527,1069.24,1066.94,BEARISH_LONDON_BREAKOUT,0,1,-0.18560430298955846,-0.45454115017849783,-0.02367401823846365
2015-12-03,12:00:00,1052.99,1053.26,1048.83,1050.46,17336,1054.39,1051.1,BEARISH_LONDON_BREAKOUT,0,1,0.5045408678102883,1.2070902271385928,1.1328370428193233
2015-12-03,16:00:00,1050.46,1063.01,1050.22,1055.76,47147,1054.39,1051.1,BULLISH_LONDON_BREAKOUT,1,1,0.8950897931348076,0.6033568235205083,2.6322270212927146
2015-12-04,16:00:00,1062.41,1088.78,1060.55,1083.55,53918,1063.15,1059.55,BULLISH_LONDON_BREAKOUT,1,0,0.2962484426191718,0.11813022010982169,-0.673711411563837
2015-12-07,12:00:00,1084.38,1084.43,1080.92,1081.24,23183,1085.88,1084.11,BEARISH_LONDON_BREAKOUT,0,1,-0.461507158447709,-0.9442861899300835,-0.8314527764418638
2015-12-09,16:00:00,1078.01,1085.3,1069.65,1070.94,40870,1078.51,1075.36,BEARISH_LONDON_BREAKOUT,0,1,0.30627299381851203,0.3277494537509096,0.13913010999682607
2015-12-10,20:00:00,1072.44,1074.4,1070.48,1072.26,21577,1075.96,1072.27,BEARISH_LONDON_BREAKOUT,0,1,-0.03357394661741555,-0.1529479790349449,0.22382631078284101
2015-12-11,12:00:00,1070.6,1070.95,1062.41,1065.74,20869,1072.15,1066.82,BEARISH_LONDON_BREAKOUT,0,1,0.8304089177472844,0.6061515941974625,0.3800176403250281
2015-12-11,16:00:00,1065.76,1078.93,1062.36,1074.59,44430,1072.15,1066.82,BULLISH_LONDON_BREAKOUT,1,1,0.006514112359147554,0.09026698554797898,-0.49693371425380084
2015-12-14,12:00:00,1071.08,1071.15,1065.51,1069.79,21485,1076.5,1070.67,BEARISH_LONDON_BREAKOUT,0,1,-0.05047719645911474,-0.7795922564241503,-0.6113349348937609
2015-12-15,16:00:00,1063.48,1067.57,1059.61,1059.72,30560,1064.92,1062.48,BEARISH_LONDON_BREAKOUT,0,1,0.16796889744460544,0.4510625448231583,1.4484958290869199
2015-12-16,12:00:00,1064.4,1066.48,1063.15,1063.63,16819,1065.68,1063.91,BEARISH_LONDON_BREAKOUT,0,1,1.0755619905418075,0.5387211718360511,0.37325009636807904
2015-12-16,16:00:00,1063.61,1076.88,1062.88,1075.07,33609,1065.68,1063.91,BULLISH_LONDON_BREAKOUT,1,1,-0.0799947910368534,-0.721813463309365,-2.016612871719966
2015-12-17,16:00:00,1067.52,1067.76,1047.58,1053.39,37923,1068.45,1066.05,BEARISH_LONDON_BREAKOUT,0,1,-0.24777148064820503,-0.12910697842205898,1.0622846239284431
2015-12-18,16:00:00,1056.32,1071.49,1055.78,1064.58,33320,1057.94,1051.93,BULLISH_LONDON_BREAKOUT,1,0,0.11929587255067556,0.40673317176728424,1.3038005598452074
2015-12-21,12:00:00,1069.94,1074.03,1069.43,1071.99,20775,1071.0,1068.35,BULLISH_LONDON_BREAKOUT,1,0,0.6035504062537922,0.49254190804018433,0.5447812013171688
2015-12-22,16:00:00,1077.82,1080.69,1074.12,1076.16,30814,1079.99,1076.92,BEARISH_LONDON_BREAKOUT,0,1,-0.26575973832888483,-0.22115670532263876,-0.6420978293190679
2015-12-23,16:00:00,1073.78,1074.16,1068.26,1069.25,26239,1075.43,1073.06,BEARISH_LONDON_BREAKOUT,0,1,-0.036474164133747954,0.3881225157820988,0.5574000467617523
2015-12-24,12:00:00,1073.63,1074.25,1071.18,1072.17,14781,1074.41,1073.33,BEARISH_LONDON_BREAKOUT,0,1,0.28353712564238537,0.33576764878703086,-0.03450945279201229
2015-12-24,16:00:00,1072.17,1076.19,1071.7,1075.21,22277,1074.41,1073.33,BULLISH_LONDON_BREAKOUT,1,1,0.07812427339774725,-0.14880813980526003,-0.5152481840756655
2015-12-28,12:00:00,1073.44,1073.74,1070.69,1071.8,23498,1074.18,1072.27,BEARISH_LONDON_BREAKOUT,0,1,-0.1987311065497184,-0.33495055047582745,-0.2416495614853441
2015-12-29,12:00:00,1073.38,1075.17,1068.33,1069.21,26147,1074.19,1071.53,BEARISH_LONDON_BREAKOUT,0,1,-0.07295105732269365,-0.027122829004588775,-0.15057846447378226
2015-12-30,12:00:00,1069.62,1072.01,1065.83,1067.6,18111,1070.98,1069.33,BEARISH_LONDON_BREAKOUT,0,1,-0.5517047583364437,-0.5479580367178635,-0.5414012738853478
2015-12-31,16:00:00,1061.85,1063.46,1058.13,1061.36,23567,1063.43,1061.68,BEARISH_LONDON_BREAKOUT,0,1,-0.05182030602245746,0.21858747267658138,1.5546091806738527
2016-01-04,16:00:00,1072.48,1083.44,1070.37,1077.86,42246,1073.03,1063.43,BULLISH_LONDON_BREAKOUT,1,0,-0.26070176089658637,-0.09648748445994505,-0.08628207744974638
2016-01-05,12:00:00,1076.71,1080.77,1076.28,1079.74,26374,1079.62,1076.29,BULLISH_LONDON_BREAKOUT,1,0,-0.26024783744234214,-0.20190045751755642,0.4815974216015009
2016-01-06,12:00:00,1081.86,1087.98,1081.01,1084.94,28031,1083.19,1077.7,BULLISH_LONDON_BREAKOUT,1,0,0.23411432890297745,0.7014212767526222,1.194536103378992
2016-01-07,16:00:00,1097.88,1107.41,1097.68,1102.74,50123,1100.63,1096.27,BULLISH_LONDON_BREAKOUT,1,0,0.6293414585487109,0.05168942815168909,0.015416145238231383
2016-01-11,16:00:00,1102.75,1105.62,1096.22,1099.35,40734,1107.73,1102.53,BEARISH_LONDON_BREAKOUT,0,1,-0.28653295128938594,-0.2228589621139599,-1.0124164278891967
2016-01-12,12:00:00,1094.76,1099.14,1090.12,1090.91,23058,1097.97,1093.97,BEARISH_LONDON_BREAKOUT,0,1,-0.24658312784739841,-0.4088329926391761,-0.761749365208878
2016-01-13,16:00:00,1082.65,1091.27,1080.39,1088.8,40319,1085.55,1081.08,BULLISH_LONDON_BREAKOUT,1,0,0.43717854518736143,0.31961792799412364,-0.5914768552534951
2016-01-14,16:00:00,1091.61,1091.69,1081.44,1082.36,43772,1095.05,1087.97,BEARISH_LONDON_BREAKOUT,0,1,-0.5571159318526159,-0.1598359141135843,0.7382017073801702
2016-01-15,16:00:00,1081.85,1097.34,1081.66,1090.35,47817,1084.64,1079.88,BULLISH_LONDON_BREAKOUT,1,0,-0.14949328197366735,0.1210620442977176,-0.12748200119226605
2016-01-19,12:00:00,1090.13,1094.45,1082.45,1083.92,34186,1090.23,1087.52,BEARISH_LONDON_BREAKOUT,0,1,0.21219278175510686,0.35426968779983004,1.0286737028562867
2016-01-20,12:00:00,1093.87,1096.86,1092.94,1095.07,33485,1094.84,1091.01,BULLISH_LONDON_BREAKOUT,1,0,0.6273571552503602,0.39175577816942875,0.37988439095218407
2016-01-21,16:00:00,1099.21,1102.26,1092.36,1094.58,48609,1104.44,1099.08,BEARISH_LONDON_BREAKOUT,0,1,0.5454146796031379,0.5709952675912223,0.4796360247766267
2016-01-25,12:00:00,1103.91,1106.47,1102.58,1106.16,23994,1104.82,1099.53,BULLISH_LONDON_BREAKOUT,1,0,0.0036161134013129766,0.23414334273522075,0.4972155926809865
2016-01-26,16:00:00,1111.66,1118.86,1109.68,1118.67,38321,1117.61,1111.46,BULLISH_LONDON_BREAKOUT,1,0,0.2949931615221606,0.2342066918751634,-0.19934386369528262
2016-01-27,16:00:00,1117.84,1120.67,1114.81,1116.44,33862,1121.39,1117.22,BEARISH_LONDON_BREAKOUT,0,1,0.9960230733402502,0.4487478055247027,-0.08509189925119535
2016-01-27,20:00:00,1116.44,1127.6,1115.08,1127.56,34530,1121.39,1117.22,BULLISH_LONDON_BREAKOUT,1,1,-0.25453190961012195,-0.8434140976976827,-1.0642449182305156
2016-01-28,16:00:00,1121.68,1122.16,1111.49,1115.49,41758,1122.52,1117.19,BEARISH_LONDON_BREAKOUT,0,1,0.006275269164218086,-0.2931447166715956,0.19901567920824279
2016-01-29,12:00:00,1113.15,1114.42,1111.38,1111.9,27137,1118.12,1112.05,BEARISH_LONDON_BREAKOUT,0,1,0.5225290044068661,0.5099379440597036,0.8714812483136816
2016-02-01,16:00:00,1121.6,1128.8,1119.52,1125.85,40792,1123.66,1120.35,BULLISH_LONDON_BREAKOUT,1,0,0.23004840786962255,-0.011546831283020097,0.16787316249945375
2016-02-02,12:00:00,1125.63,1126.33,1123.29,1124.18,18026,1126.87,1124.52,BEARISH_LONDON_BREAKOUT,0,1,0.31667526552686803,0.27753562596736203,0.3584835168745194
2016-02-02,16:00:00,1124.24,1131.0,1124.03,1127.74,40271,1126.87,1124.52,BULLISH_LONDON_BREAKOUT,1,1,-0.007980562895695651,-0.03192225158280277,0.8734282724741438
2016-02-03,16:00:00,1128.21,1139.03,1125.25,1137.59,55922,1129.18,1124.33,BULLISH_LONDON_BREAKOUT,1,0,0.06065454161868992,0.25052962842501575,1.2350671155688941
2016-02-04,12:00:00,1141.8,1147.32,1141.49,1145.13,39174,1143.75,1139.56,BULLISH_LONDON_BREAKOUT,1,0,0.5684944067485779,0.8942216167596501,1.2016102975208045
2016-02-05,12:00:00,1154.15,1160.59,1153.02,1158.89,30433,1156.89,1153.95,BULLISH_LONDON_BREAKOUT,1,0,-0.45560838388459646,0.5108336425372421,1.4116956743090283
2016-02-05,16:00:00,1158.89,1163.07,1145.15,1153.61,57438,1156.89,1153.95,BEARISH_LONDON_BREAKOUT,1,1,1.6860117370688574,1.0532155581175695,3.416232522256229
2016-02-08,12:00:00,1165.35,1176.88,1164.67,1175.25,38409,1168.53,1164.24,BULLISH_LONDON_BREAKOUT,1,0,1.512018719421398,1.3341842161242343,1.3614124654328865
2016-02-09,16:00:00,1191.25,1198.76,1187.71,1194.99,57011,1193.77,1185.74,BULLISH_LONDON_BREAKOUT,1,0,-0.38326680557995696,-0.34979372212320303,-0.2401693738023011
2016-02-10,12:00:00,1187.75,1190.17,1181.4,1182.31,37995,1192.06,1187.36,BEARISH_LONDON_BREAKOUT,0,1,0.8297316270690382,1.3710448190406948,4.604545339208841
2016-02-10,16:00:00,1182.3,1193.53,1181.53,1192.12,47502,1192.06,1187.36,BULLISH_LONDON_BREAKOUT,1,1,0.12079320873738002,1.140824749186335,4.565815521927329
2016-02-11,12:00:00,1206.96,1242.12,1206.96,1236.75,46726,1209.63,1205.24,BULLISH_LONDON_BREAKOUT,1,0,0.7923994340004006,0.2773398019001466,0.04447139680614146
2016-02-15,12:00:00,1211.94,1214.37,1207.44,1209.42,17653,1222.49,1211.46,BEARISH_LONDON_BREAKOUT,0,1,-0.3514081129797754,-0.13146797638538685,0.44566817152022226
2016-02-16,12:00:00,1195.5,1216.9,1194.66,1214.81,34723,1201.97,1190.8,BULLISH_LONDON_BREAKOUT,1,0,0.07902470345157156,-1.0207357529160825,-1.0824738024876206
2016-02-17,12:00:00,1210.62,1210.92,1200.37,1201.66,30905,1211.98,1203.94,BEARISH_LONDON_BREAKOUT,0,1,0.6898790007156735,0.4385599920110499,0.17725479753007353
2016-02-18,12:00:00,1206.81,1207.31,1200.64,1203.79,24888,1209.73,1205.03,BEARISH_LONDON_BREAKOUT,0,1,0.9204263202053454,2.264514574801252,2.1855971556500675
2016-02-18,16:00:00,1203.79,1215.17,1203.56,1214.87,40652,1209.73,1205.03,BULLISH_LONDON_BREAKOUT,1,1,1.5623070781235868,1.04702560767819,1.3194827430095568
2016-02-19,12:00:00,1223.52,1231.13,1219.87,1230.1,26566,1227.63,1220.79,BULLISH_LONDON_BREAKOUT,1,0,0.06503536297863442,-0.38858629379725007,-2.1738070075603617
2016-02-22,12:00:00,1210.13,1211.57,1201.83,1203.36,20271,1217.91,1209.72,BEARISH_LONDON_BREAKOUT,0,1,0.7038625182821456,0.45040553117937054,1.1218587953729557
2016-02-23,16:00:00,1216.86,1227.15,1214.85,1224.93,29171,1222.04,1215.12,BULLISH_LONDON_BREAKOUT,1,0,-0.16572375564317737,0.24164646143045204,1.8637799711003833
2016-02-24,12:00:00,1223.42,1238.11,1222.93,1237.06,21710,1229.94,1221.76,BULLISH_LONDON_BREAKOUT,1,0,0.8649540038478365,-1.0274360176547652,-0.37023264837598235
2016-02-26,16:00:00,1235.79,1238.03,1216.27,1216.97,40803,1240.25,1235.32,BEARISH_LONDON_BREAKOUT,0,1,0.5217877186783494,0.606424151786805,1.2054528870884305
2016-02-29,16:00:00,1229.13,1235.82,1226.15,1231.64,34295,1230.98,1223.75,BULLISH_LONDON_BREAKOUT,1,0,0.5797148517423818,0.9637556428826516,0.2175960507940499
2016-03-01,16:00:00,1245.5,1247.76,1227.1,1234.32,41278,1245.96,1238.59,BEARISH_LONDON_BREAKOUT,0,1,0.012962602890667077,-0.5379480199623982,0.3078618186531819
2016-03-02,12:00:00,1227.69,1232.11,1227.19,1230.4,19416,1228.72,1225.51,BULLISH_LONDON_BREAKOUT,1,0,0.6274382314694245,0.8541937581274374,1.120773732119633
2016-03-03,12:00:00,1241.51,1244.25,1239.32,1244.19,19133,1242.16,1237.87,BULLISH_LONDON_BREAKOUT,1,0,0.7780162193877009,1.2594539419220412,2.0173767672140035
2016-03-04,12:00:00,1261.39,1274.69,1259.65,1269.29,20959,1262.71,1260.22,BULLISH_LONDON_BREAKOUT,1,0,-0.03702857503013711,-0.4459185844054436,0.19380913739177308
2016-03-04,20:00:00,1268.87,1274.99,1257.29,1258.78,40225,1262.71,1260.22,BEARISH_LONDON_BREAKOUT,2,1,0.38529369707177874,0.43693099667932445,0.7110058945963589
2016-03-07,12:00:00,1264.24,1273.1,1262.81,1271.75,18780,1266.08,1258.31,BULLISH_LONDON_BREAKOUT,1,0,-0.4175348928641593,-0.31688618045999395,0.3349714959701192
2016-03-08,12:00:00,1273.53,1278.04,1271.98,1276.01,23068,1274.61,1265.28,BULLISH_LONDON_BREAKOUT,1,0,-0.5462339636836723,-1.0180171001794664,-1.902806404338522
2016-03-08,20:00:00,1268.89,1270.01,1260.23,1263.37,20879,1274.61,1265.28,BEARISH_LONDON_BREAKOUT,1,1,-0.027703681423487107,-0.3799362023793469,-0.7685792760632127
2016-03-09,12:00:00,1258.65,1260.37,1249.22,1251.73,15456,1259.35,1253.43,BEARISH_LONDON_BREAKOUT,0,1,0.1350131418117369,0.13740982480247554,-0.12622530417901043
2016-03-10,16:00:00,1250.2,1269.06,1236.99,1267.03,46303,1251.25,1244.84,BULLISH_LONDON_BREAKOUT,1,0,0.0655075254729507,0.2817612842631932,-0.6235053629353577
2016-03-11,12:00:00,1270.66,1272.08,1262.08,1264.26,22048,1275.66,1267.26,BEARISH_LONDON_BREAKOUT,0,1,-0.4057709648331737,-0.9104139971208448,-0.8115419296663654
2016-03-14,16:00:00,1254.05,1259.11,1241.88,1243.71,24642,1256.95,1251.99,BEARISH_LONDON_BREAKOUT,0,1,-0.864349406212059,-1.1899880197152033,-0.7976135915929012
2016-03-15,12:00:00,1230.44,1236.06,1230.37,1234.44,11144,1231.25,1227.1,BULLISH_LONDON_BREAKOUT,1,0,-0.05265545510515626,-0.13609409934869768,-0.16525712063769513
2016-03-16,16:00:00,1232.46,1234.1,1226.64,1229.38,25858,1235.4,1231.02,BEARISH_LONDON_BREAKOUT,0,1,2.541931705412484,2.235273064471505,2.8355756560217262
2016-03-16,20:00:00,1229.41,1262.78,1228.18,1260.63,35856,1235.4,1231.02,BULLISH_LONDON_BREAKOUT,1,1,-0.14992503748126731,0.16499686664603627,-0.31333539579417
2016-03-17,12:00:00,1262.71,1270.84,1262.56,1269.35,29432,1263.2,1255.98,BULLISH_LONDON_BREAKOUT,1,0,-0.40256824358923077,-0.8169535589080941,-1.4558632370898505
2016-03-18,12:00:00,1259.04,1261.32,1250.34,1250.87,19810,1265.45,1258.29,BEARISH_LONDON_BREAKOUT,0,1,0.22304476084646616,0.17747647637244698,-0.36774405014109457
2016-03-23,16:00:00,1231.52,1232.01,1215.31,1223.17,34937,1242.43,1231.17,BEARISH_LONDON_BREAKOUT,0,1,-0.28695929429269773,-0.32374894740714993,-0.22564320576861685
2016-03-24,16:00:00,1219.13,1223.71,1218.11,1220.41,23136,1220.2,1211.95,BULLISH_LONDON_BREAKOUT,1,0,-0.27777550167567455,-0.5252333232274466,-0.30235740447882714
2016-03-28,12:00:00,1214.6,1218.6,1214.21,1216.72,6984,1216.21,1210.22,BULLISH_LONDON_BREAKOUT,1,0,0.27779604181733525,0.36162798343085206,0.07725688736932528
2016-03-29,16:00:00,1217.65,1228.98,1216.84,1226.2,23416,1219.54,1216.59,BULLISH_LONDON_BREAKOUT,1,0,1.2110585548850032,0.861197194584892,0.5920730712771155
2016-03-30,12:00:00,1238.12,1243.99,1232.5,1233.38,15787,1238.81,1234.6,BEARISH_LONDON_BREAKOUT,0,1,0.006486241061143138,-0.539979568340664,0.15729134573285014
2016-03-31,12:00:00,1229.34,1237.18,1229.1,1235.32,12856,1231.66,1226.14,BULLISH_LONDON_BREAKOUT,1,0,-0.021856684907552847,-0.294660492827759,-0.5059417802674611
2016-04-01,12:00:00,1233.1,1233.93,1227.58,1229.07,11723,1235.21,1229.43,BEARISH_LONDON_BREAKOUT,0,1,-1.2204349630208207,-0.7119203950954788,-0.7940963492722133
2016-04-04,12:00:00,1217.25,1220.03,1214.78,1219.31,12041,1219.24,1214.56,BULLISH_LONDON_BREAKOUT,1,0,-0.009841631742533963,-0.34527724696755024,1.002206165782289
2016-04-05,12:00:00,1228.81,1234.78,1228.43,1231.53,14165,1229.43,1223.82,BULLISH_LONDON_BREAKOUT,1,0,-0.143723660812159,-0.06333585052739053,-0.9597817349151004
2016-04-06,12:00:00,1226.37,1226.86,1219.31,1219.71,10944,1231.82,1224.63,BEARISH_LONDON_BREAKOUT,0,1,0.5747267793163942,0.44108845545251585,1.333923637585982
2016-04-07,12:00:00,1229.2,1239.59,1227.26,1235.98,20089,1231.59,1225.37,BULLISH_LONDON_BREAKOUT,1,0,0.14158805158659526,0.20550494344568387,-0.13026100745967795
2016-04-08,16:00:00,1234.36,1241.81,1232.01,1239.67,22032,1237.63,1231.42,BULLISH_LONDON_BREAKOUT,1,0,0.06614663579823149,0.8292529463486229,1.3955326820847447
2016-04-11,12:00:00,1249.38,1251.18,1246.18,1247.12,17770,1254.2,1247.68,BEARISH_LONDON_BREAKOUT,0,1,0.789819744691781,0.8026493039964253,1.1113605747642672
2016-04-11,16:00:00,1247.32,1258.78,1247.23,1256.97,30303,1254.2,1247.68,BULLISH_LONDON_BREAKOUT,1,1,-0.08194308535605246,-0.19968654780941397,-0.018297970516401998
2016-04-12,12:00:00,1258.39,1262.54,1255.77,1260.98,16241,1259.34,1253.01,BULLISH_LONDON_BREAKOUT,1,0,-0.33624641152119855,-0.5440213167536462,-1.509143681898204
2016-04-13,12:00:00,1249.23,1250.33,1239.71,1241.95,15393,1252.92,1246.89,BEARISH_LONDON_BREAKOUT,0,1,0.24316598896895864,-0.08373928096944028,-0.154595595635901
2016-04-14,16:00:00,1240.08,1240.23,1225.54,1225.83,31144,1240.89,1231.72,BEARISH_LONDON_BREAKOUT,0,1,-0.0481306543321601,0.2830735093773221,0.590620232821844
2016-04-15,16:00:00,1229.97,1234.46,1226.16,1233.07,22578,1231.88,1227.93,BULLISH_LONDON_BREAKOUT,1,0,0.05352494181190702,0.11515972329227643,0.047037070077137116
2016-04-18,12:00:00,1234.87,1239.99,1233.29,1237.61,11770,1237.55,1230.04,BULLISH_LONDON_BREAKOUT,1,0,-0.3199715580837105,-0.6706474575997249,0.4613731304692138
2016-04-19,16:00:00,1243.32,1256.62,1243.22,1254.72,35757,1246.27,1231.83,BULLISH_LONDON_BREAKOUT,1,0,-0.2869166029074324,-0.21439046161693878,-0.1482402448355113
2016-04-20,20:00:00,1252.91,1254.82,1242.34,1244.79,15026,1254.67,1245.79,BEARISH_LONDON_BREAKOUT,0,1,0.03454397930575147,0.930277396187303,0.38882060427864507
2016-04-22,16:00:00,1245.4,1247.85,1235.76,1237.66,28478,1249.79,1244.09,BEARISH_LONDON_BREAKOUT,0,1,-0.3983323368291828,-0.29329541231033635,-0.03474298272547094
2016-04-25,16:00:00,1233.31,1242.23,1231.79,1240.02,22348,1237.48,1232.5,BULLISH_LONDON_BREAKOUT,1,0,-0.22499637102627082,-0.339510653053986,0.17257786164740085
2016-04-26,12:00:00,1235.38,1235.4,1231.27,1231.91,10365,1237.75,1232.28,BEARISH_LONDON_BREAKOUT,0,1,0.8320413017184697,0.875063925124398,1.1697283080744416
2016-04-26,16:00:00,1231.9,1244.79,1231.43,1242.16,22027,1237.75,1232.28,BULLISH_LONDON_BREAKOUT,1,1,0.004830295614087188,0.1352482771945511,0.5772203258839317
2016-04-27,16:00:00,1246.27,1251.04,1243.33,1249.33,24134,1247.67,1242.71,BULLISH_LONDON_BREAKOUT,1,0,-0.3313776184034541,-0.18089696077097253,1.2038452610599253
2016-04-28,16:00:00,1254.86,1265.04,1252.96,1264.37,28247,1256.8,1246.52,BULLISH_LONDON_BREAKOUT,1,0,0.2973813045232186,0.8027713406676915,2.1496871959948485
2016-04-29,16:00:00,1277.2,1296.62,1273.65,1291.55,30187,1277.54,1271.05,BULLISH_LONDON_BREAKOUT,1,0,0.16491812163680147,0.006968371336777169,0.2508613681235732
2016-05-02,12:00:00,1294.5,1302.05,1293.88,1300.16,16401,1296.58,1291.06,BULLISH_LONDON_BREAKOUT,1,0,-0.41302608909673566,-0.8060546394289946,-0.5130137829190309
2016-05-02,20:00:00,1294.73,1295.51,1287.56,1289.66,16445,1296.58,1291.06,BEARISH_LONDON_BREAKOUT,1,1,0.0015507963339160562,0.8599165671572288,-0.21090830141277755
2016-05-03,16:00:00,1293.58,1299.18,1282.19,1285.52,40068,1301.69,1289.2,BEARISH_LONDON_BREAKOUT,0,1,0.11046113634949847,-0.46907088182213985,-0.5530835770738611
2016-05-04,16:00:00,1279.29,1289.74,1277.07,1278.41,35607,1284.76,1278.83,BEARISH_LONDON_BREAKOUT,0,1,0.05162662995438509,0.19711985982587601,-0.22527983980101135
2016-05-05,16:00:00,1281.89,1286.37,1274.01,1275.53,35150,1283.25,1276.08,BEARISH_LONDON_BREAKOUT,0,1,0.13719787068904693,0.2281404592600787,1.246540653689062
2016-05-06,16:00:00,1279.79,1294.32,1276.85,1291.43,43675,1280.21,1275.51,BULLISH_LONDON_BREAKOUT,1,0,-0.2036502172010956,-0.5761055574053611,-2.090705651874279
2016-05-09,12:00:00,1278.8,1279.7,1271.74,1272.72,17272,1284.96,1278.51,BEARISH_LONDON_BREAKOUT,0,1,-0.6513608649192253,-0.812433213904073,-0.6387893645106629
2016-05-10,16:00:00,1264.54,1266.86,1256.78,1259.03,30645,1267.74,1263.49,BEARISH_LONDON_BREAKOUT,0,1,0.5647204594012953,0.8752769989595152,1.2509630429775302
2016-05-11,12:00:00,1271.81,1278.43,1270.39,1277.79,14802,1274.43,1269.5,BULLISH_LONDON_BREAKOUT,1,0,-0.23556296418034192,-0.021912833877239038,-0.8436441042737832
2016-05-12,12:00:00,1271.92,1272.81,1265.91,1267.01,16538,1272.97,1270.2,BEARISH_LONDON_BREAKOUT,0,1,0.1752156652275852,-0.02446705235159513,0.6645567122595776
2016-05-16,16:00:00,1281.94,1288.62,1273.19,1275.23,34997,1283.88,1276.36,BEARISH_LONDON_BREAKOUT,0,1,-0.05724457548834471,0.25093512542835766,0.3175897681202571
2016-05-18,20:00:00,1273.13,1273.89,1254.97,1257.13,27769,1275.97,1270.63,BEARISH_LONDON_BREAKOUT,0,1,0.25852537128220626,-0.1535242974075922,-0.2203431626005432
2016-05-20,12:00:00,1253.58,1257.88,1253.35,1257.12,13066,1255.16,1252.46,BULLISH_LONDON_BREAKOUT,1,0,-0.5783059691994386,-0.4048937253404543,-0.601374570446731
2016-05-20,16:00:00,1257.12,1260.12,1248.74,1249.85,31106,1255.16,1252.46,BEARISH_LONDON_BREAKOUT,1,1,0.16481977837341863,0.3648437812537643,-0.2680321638596559
2016-05-23,16:00:00,1249.5,1249.97,1243.08,1246.5,23750,1254.97,1249.44,BEARISH_LONDON_BREAKOUT,0,1,0.22382671480144115,-0.10429201764941473,-1.2547131969514722
2016-05-24,12:00:00,1242.64,1244.05,1240.57,1240.97,13368,1246.29,1242.18,BEARISH_LONDON_BREAKOUT,0,1,-0.8146852865097566,-1.2651393667856634,-1.397294052233327
2016-05-25,16:00:00,1223.69,1225.68,1217.74,1221.79,27496,1228.55,1222.71,BEARISH_LONDON_BREAKOUT,0,1,0.19970698728914582,0.6179458008332,0.024554137781448084
2016-05-26,16:00:00,1228.25,1232.06,1220.7,1222.09,32374,1231.05,1227.15,BEARISH_LONDON_BREAKOUT,0,1,-0.18001947483408082,-0.3174888919801227,-0.648888379742886
2016-05-27,16:00:00,1219.93,1221.93,1210.32,1214.16,24367,1223.02,1216.94,BEARISH_LONDON_BREAKOUT,0,1,-0.20755089938722915,-0.953745799565144,-0.5567635237530466
2016-05-30,12:00:00,1202.91,1210.77,1201.88,1209.52,11262,1205.41,1199.62,BULLISH_LONDON_BREAKOUT,1,0,-0.17527614260201493,0.26787485944837697,0.4290958396719405
2016-05-31,16:00:00,1211.81,1216.16,1208.26,1214.71,25359,1214.32,1209.75,BULLISH_LONDON_BREAKOUT,1,0,0.014818351705350551,-0.039515604547588984,-0.5589811559960783
2016-06-01,12:00:00,1216.35,1219.34,1215.22,1218.49,11403,1217.83,1212.79,BULLISH_LONDON_BREAKOUT,1,0,-0.8674671109323783,-0.4070611986967506,-0.16577895592085137
2016-06-01,16:00:00,1218.48,1220.32,1207.31,1207.92,22373,1217.83,1212.79,BEARISH_LONDON_BREAKOUT,1,1,0.4379429101264954,0.5447380621233133,0.3270084111530414
2016-06-02,16:00:00,1216.47,1217.57,1209.75,1211.87,29632,1217.54,1213.76,BEARISH_LONDON_BREAKOUT,0,1,-0.09241915386963048,-0.04538440591812279,2.2634440987894795
2016-06-03,16:00:00,1211.66,1243.05,1211.61,1239.3,43588,1213.38,1210.49,BULLISH_LONDON_BREAKOUT,1,0,0.420398612119748,0.1984991527475217,0.5067376744936636
2016-06-06,12:00:00,1241.23,1243.42,1239.98,1242.64,10410,1242.42,1240.13,BULLISH_LONDON_BREAKOUT,1,0,0.2365930599368946,0.17543294920490538,-0.40639284104810575
2016-06-07,12:00:00,1243.24,1243.37,1236.38,1237.59,11379,1244.13,1241.67,BEARISH_LONDON_BREAKOUT,0,1,0.2844237590801463,0.5082458649472112,1.3889898916442485
2016-06-08,12:00:00,1252.39,1255.6,1251.18,1254.78,10708,1253.42,1247.36,BULLISH_LONDON_BREAKOUT,1,0,0.5068617606273711,0.7969524538166054,0.2709638342976531
2016-06-09,12:00:00,1259.69,1260.34,1256.74,1258.18,10506,1263.6,1258.66,BEARISH_LONDON_BREAKOUT,0,1,0.9315042362778003,0.5968939261472914,0.7828768538682788
2016-06-09,16:00:00,1258.18,1270.66,1257.22,1269.9,25117,1263.6,1258.66,BULLISH_LONDON_BREAKOUT,1,1,-0.05276005984723779,-0.16379242460037438,0.06457201354436856
2016-06-10,16:00:00,1268.03,1278.09,1267.53,1270.72,27094,1269.79,1264.51,BULLISH_LONDON_BREAKOUT,1,0,0.26363006799294175,0.30376479476201684,1.0671115588013051
2016-06-13,16:00:00,1284.09,1287.09,1277.49,1284.28,27756,1284.15,1273.82,BULLISH_LONDON_BREAKOUT,1,0,-0.02258074563179086,-0.3402684772790895,-0.2374871523343784
2016-06-14,12:00:00,1278.21,1283.85,1276.31,1283.85,13836,1281.73,1277.69,BULLISH_LONDON_BREAKOUT,1,0,-0.20407368462046896,0.03894535966039647,-0.3871168750243253
2016-06-15,12:00:00,1282.7,1283.27,1278.38,1278.88,10825,1286.95,1281.98,BEARISH_LONDON_BREAKOUT,0,1,0.4457024896784544,1.151789065432237,1.976729638433627
2016-06-15,20:00:00,1284.63,1296.76,1283.15,1294.45,26523,1286.95,1281.98,BULLISH_LONDON_BREAKOUT,1,1,-0.06489242535440885,1.039823863416898,-1.0004248908803002
2016-06-16,20:00:00,1307.38,1307.74,1279.78,1281.5,33118,1313.42,1299.56,BEARISH_LONDON_BREAKOUT,0,1,0.034334763948502114,0.16543113538820842,1.3304721030042883
2016-06-17,12:00:00,1283.6,1289.88,1283.28,1288.07,11783,1285.21,1279.27,BULLISH_LONDON_BREAKOUT,1,0,0.025619725636041105,0.09005721738726016,-0.589253689628663
2016-06-20,20:00:00,1284.92,1291.11,1284.51,1289.96,14103,1288.72,1280.27,BULLISH_LONDON_BREAKOUT,1,0,-0.16047009209587398,-0.6093212192626226,-1.9070358770814704
2016-06-21,12:00:00,1282.1,1283.2,1269.33,1271.22,15736,1286.73,1280.17,BEARISH_LONDON_BREAKOUT,0,1,-0.09203757020815222,-0.1777819732225729,-0.28476581551581304
2016-06-23,20:00:00,1264.27,1264.47,1257.56,1257.57,9670,1271.38,1261.07,BEARISH_LONDON_BREAKOUT,0,1,0.7697384638628517,4.442695038844765,4.62002115190408
2016-06-27,12:00:00,1325.99,1333.26,1323.53,1332.83,26912,1328.85,1322.72,BULLISH_LONDON_BREAKOUT,1,0,-0.9993772649175016,-0.6242356489574767,-1.6986412370669834
2016-06-27,16:00:00,1332.84,1333.06,1317.57,1319.51,59728,1328.85,1322.72,BEARISH_LONDON_BREAKOUT,1,1,0.5138271024850113,-0.15232927374555638,-0.35088782957309017
2016-06-28,12:00:00,1313.76,1314.72,1305.4,1310.19,32496,1318.88,1312.5,BEARISH_LONDON_BREAKOUT,0,1,0.3579633488272735,0.2846915332890663,0.6052557262686966
2016-06-29,16:00:00,1318.12,1327.78,1317.18,1325.67,46266,1323.53,1317.5,BULLISH_LONDON_BREAKOUT,1,0,-0.6170464746128421,-0.8237344135418372,-0.46391635927493946
2016-06-29,20:00:00,1325.74,1326.52,1316.08,1317.49,23580,1323.53,1317.5,BEARISH_LONDON_BREAKOUT,1,1,-0.12068402796225537,-0.15559890397649734,0.48880826419935286
2016-06-30,12:00:00,1315.44,1320.23,1314.78,1317.62,21171,1316.84,1312.73,BULLISH_LONDON_BREAKOUT,1,0,0.14419938980890476,0.30661343938314467,1.142969900274751
2016-07-01,20:00:00,1335.61,1344.49,1334.76,1342.28,33125,1337.91,1329.33,BULLISH_LONDON_BREAKOUT,1,0,0.03650505110707223,0.5662007926811199,0.6369758917662451
2016-07-05,12:00:00,1345.93,1349.96,1342.78,1348.88,21425,1346.45,1341.12,BULLISH_LONDON_BREAKOUT,1,0,0.13344404246485636,1.0052784532352725,1.6784295118913373
2016-07-06,12:00:00,1366.62,1375.05,1365.9,1371.52,25445,1370.87,1364.09,BULLISH_LONDON_BREAKOUT,1,0,-0.3616425571628585,-0.38716168922071464,-0.557775314979008
2016-07-06,20:00:00,1366.52,1368.82,1359.63,1363.73,25139,1370.87,1364.09,BEARISH_LONDON_BREAKOUT,1,1,0.18185417934635287,0.2544491944886471,-0.35710881186159416
2016-07-07,12:00:00,1367.21,1368.0,1360.05,1363.87,29504,1368.83,1365.34,BEARISH_LONDON_BREAKOUT,0,1,-0.5667695601486792,-0.227294390227801,-0.6488888237148636
2016-07-08,16:00:00,1355.04,1370.18,1335.17,1352.79,62138,1359.23,1353.98,BEARISH_LONDON_BREAKOUT,0,1,0.8974046230383208,1.1553899718359915,0.5048825020882715
2016-07-08,20:00:00,1352.78,1367.28,1352.78,1364.93,26939,1359.23,1353.98,BULLISH_LONDON_BREAKOUT,1,1,0.35239902412577534,-0.3743781732396626,-0.7795271552387375
2016-07-11,20:00:00,1359.62,1360.11,1352.65,1354.29,27946,1368.44,1357.16,BEARISH_LONDON_BREAKOUT,0,1,-0.010337520028935654,0.16096995473643488,-1.6562183874945589
2016-07-12,12:00:00,1356.43,1357.38,1346.21,1348.22,33722,1357.41,1353.19,BEARISH_LONDON_BREAKOUT,0,1,-0.8225660500511724,-1.077717286496267,-0.5592559077895273
2016-07-14,12:00:00,1332.88,1333.64,1321.84,1324.73,46112,1339.62,1331.25,BEARISH_LONDON_BREAKOUT,0,1,0.3940425596159238,0.7911046024472925,0.6997652351799976
2016-07-15,20:00:00,1327.88,1338.64,1325.73,1338.29,33289,1334.39,1326.33,BULLISH_LONDON_BREAKOUT,1,0,-0.4169499884180504,-0.7748694229202857,-0.5813388727405848
2016-07-18,20:00:00,1327.49,1331.39,1326.36,1330.51,21702,1330.48,1325.06,BULLISH_LONDON_BREAKOUT,1,0,-0.12777055414841268,-0.08718461341892071,0.12250941368348296
2016-07-19,12:00:00,1329.33,1334.89,1329.19,1332.42,28095,1331.43,1326.63,BULLISH_LONDON_BREAKOUT,1,0,-0.016511310247521595,0.02626799357559246,-1.0792392789060588
2016-07-20,12:00:00,1327.09,1328.13,1317.87,1318.04,27072,1333.64,1324.17,BEARISH_LONDON_BREAKOUT,0,1,0.13884252374737696,-0.4043883341931904,0.0796637431337406
2016-07-21,16:00:00,1319.04,1330.91,1314.51,1329.29,42041,1319.18,1314.06,BULLISH_LONDON_BREAKOUT,1,0,0.28962829781312854,-0.20010682394359805,-0.4784509023614035
2016-07-25,16:00:00,1316.57,1320.16,1312.25,1319.48,31472,1319.22,1315.14,BULLISH_LONDON_BREAKOUT,1,0,-0.3774214084336267,-0.28268711916815853,-0.14323824536939553
2016-07-25,20:00:00,1319.5,1322.12,1313.92,1314.5,19655,1319.22,1315.14,BEARISH_LONDON_BREAKOUT,1,1,0.11487257512362045,0.492202358311147,0.4069988588816972
2016-07-27,16:00:00,1319.41,1329.27,1319.29,1326.56,34724,1320.39,1317.41,BULLISH_LONDON_BREAKOUT,1,0,1.0824990954046654,0.8322277168013481,0.5533108189603294
2016-07-28,16:00:00,1342.53,1345.52,1333.65,1333.9,42403,1342.83,1337.14,BEARISH_LONDON_BREAKOUT,0,1,0.2309018667066442,0.4827948122048,1.1537596521478277
2016-07-29,16:00:00,1334.71,1349.96,1333.95,1349.29,54699,1341.73,1332.11,BULLISH_LONDON_BREAKOUT,1,0,0.13488575473026085,0.05410252799620676,0.23567950551772143
2016-08-01,16:00:00,1348.14,1352.81,1346.24,1352.47,33161,1350.9,1346.54,BULLISH_LONDON_BREAKOUT,1,0,0.05767225890407719,-0.2432586305056647,1.035882496469422
2016-08-02,16:00:00,1358.87,1367.21,1358.87,1366.48,36882,1359.26,1348.81,BULLISH_LONDON_BREAKOUT,1,0,-0.15148410514606409,-0.17051109419822663,-0.6966805222176674
2016-08-03,16:00:00,1365.12,1366.33,1354.07,1356.96,37651,1365.33,1362.53,BEARISH_LONDON_BREAKOUT,0,1,0.06706166725620906,-0.37878787878788617,0.44584954604409516
2016-08-04,12:00:00,1351.62,1362.82,1350.66,1358.59,23808,1353.65,1349.05,BULLISH_LONDON_BREAKOUT,1,0,0.3253372982283156,0.11188069984321848,0.2112484266776672
2016-08-05,16:00:00,1361.46,1362.43,1336.75,1339.31,51742,1364.59,1361.1,BEARISH_LONDON_BREAKOUT,0,1,-0.18218336307502034,-0.17919675056557957,-0.2598352883201065
2016-08-09,16:00:00,1332.57,1342.51,1330.84,1339.55,36777,1335.12,1330.42,BULLISH_LONDON_BREAKOUT,1,0,0.06718674181628838,0.7905639953715909,0.43447426374528286
2016-08-10,16:00:00,1352.95,1357.11,1342.63,1345.37,40607,1355.16,1349.73,BEARISH_LONDON_BREAKOUT,0,1,0.08547834424731421,-0.22893330459278322,0.12561600154604716
2016-08-11,16:00:00,1345.13,1353.22,1343.26,1347.06,33653,1346.79,1340.02,BULLISH_LONDON_BREAKOUT,1,0,-0.6859382655561006,-0.5010912654224756,0.3578162813831725
2016-08-11,20:00:00,1347.07,1348.07,1335.68,1337.82,18163,1346.79,1340.02,BEARISH_LONDON_BREAKOUT,1,1,0.10988025294882925,0.0784858949634446,-0.09268810452826308
2016-08-12,16:00:00,1339.84,1356.27,1339.13,1351.88,46386,1340.83,1337.15,BULLISH_LONDON_BREAKOUT,1,0,-1.1317572565612466,-0.9623635233896661,-0.6923691451904109
2016-08-12,20:00:00,1351.9,1352.22,1333.08,1336.58,29973,1340.83,1337.15,BEARISH_LONDON_BREAKOUT,1,1,0.17582187373745953,0.29478220533002547,0.21921620853222878
2016-08-15,16:00:00,1339.95,1343.73,1335.7,1342.52,29148,1342.11,1337.83,BULLISH_LONDON_BREAKOUT,1,0,-0.22420522599290818,0.24729612966659242,0.3061406906414897
2016-08-16,12:00:00,1349.26,1355.12,1348.43,1353.34,15683,1349.88,1344.72,BULLISH_LONDON_BREAKOUT,1,0,-0.4958103654661659,-0.41009650198767167,-0.727828926951092
2016-08-17,20:00:00,1344.83,1351.57,1335.57,1346.37,24242,1345.37,1340.77,BULLISH_LONDON_BREAKOUT,1,0,0.42558880545466843,0.3186345506807335,0.465696650994913
2016-08-18,12:00:00,1350.58,1352.59,1345.98,1350.23,20578,1353.78,1350.51,BEARISH_LONDON_BREAKOUT,0,1,0.01999659317301362,-0.01777474948712509,-0.5147271205646479
2016-08-19,12:00:00,1347.2,1349.18,1342.47,1343.28,22048,1351.1,1345.89,BEARISH_LONDON_BREAKOUT,0,1,-0.011911142874164869,-0.44220117920314866,-0.5218569471740807
2016-08-22,12:00:00,1333.26,1337.58,1332.78,1336.27,16199,1334.51,1332.13,BULLISH_LONDON_BREAKOUT,1,0,0.20953849147252834,0.09578902467315534,0.38689785746893013
2016-08-24,16:00:00,1337.16,1338.97,1324.78,1326.11,38965,1337.84,1335.46,BEARISH_LONDON_BREAKOUT,0,1,-0.15760381868773468,-0.02488481347700623,-0.30766678480668475
2016-08-25,12:00:00,1326.01,1326.86,1322.64,1323.03,13519,1326.98,1324.96,BEARISH_LONDON_BREAKOUT,0,1,-0.07558407594687952,-0.07785159822528383,0.3507101123935285
2016-08-26,12:00:00,1324.19,1328.1,1323.99,1327.67,13589,1325.14,1323.43,BULLISH_LONDON_BREAKOUT,1,0,-0.31860326737819017,-0.527992648775674,-0.631934140260765
2016-08-26,20:00:00,1323.46,1327.85,1318.29,1321.85,27967,1325.14,1323.43,BEARISH_LONDON_BREAKOUT,1,1,-0.09002534326889036,-0.20652872867572103,0.09456443620683135
2016-08-29,16:00:00,1319.27,1324.92,1318.16,1323.64,29318,1319.71,1316.66,BULLISH_LONDON_BREAKOUT,1,0,-0.04079659121817042,-0.009065909159599152,-0.4820041703182216
2016-08-30,16:00:00,1320.15,1321.73,1315.31,1317.26,30945,1323.96,1319.42,BEARISH_LONDON_BREAKOUT,0,1,-0.49496682507629336,-0.19662025720054646,-0.7075292652931036
2016-08-31,16:00:00,1313.27,1314.56,1304.16,1307.94,40390,1315.99,1311.96,BEARISH_LONDON_BREAKOUT,0,1,0.01758490450632431,0.14067923605057708,0.40445280364542435
2016-09-01,16:00:00,1306.37,1315.01,1302.41,1313.23,42107,1309.87,1304.47,BULLISH_LONDON_BREAKOUT,1,0,-0.0007614812332943128,-0.0030459249331772514,0.41424579091248714
2016-09-02,16:00:00,1314.01,1329.99,1303.19,1318.67,49699,1314.59,1309.64,BULLISH_LONDON_BREAKOUT,1,0,0.4648623234016002,0.43073703049283263,0.6529306043210128
2016-09-05,16:00:00,1326.39,1327.61,1324.72,1327.28,10274,1327.21,1323.4,BULLISH_LONDON_BREAKOUT,1,0,-0.0354107648725233,0.025616297992881544,0.9688988005545272
2016-09-06,12:00:00,1328.26,1333.28,1328.26,1332.41,18303,1329.69,1325.84,BULLISH_LONDON_BREAKOUT,1,0,0.5801517550904014,1.243611200756519,1.120525964230217
2016-09-07,12:00:00,1347.99,1350.07,1347.04,1347.34,14019,1352.32,1347.83,BEARISH_LONDON_BREAKOUT,0,1,-0.28574821500140346,-0.23082518146866418,-0.05789184615612784
2016-09-08,16:00:00,1346.53,1348.09,1339.28,1339.6,39843,1348.11,1344.02,BEARISH_LONDON_BREAKOUT,0,1,-0.16422812779932952,-0.08435353836965376,-0.46357121528813144
2016-09-09,12:00:00,1335.29,1336.49,1332.5,1333.86,17550,1339.46,1334.62,BEARISH_LONDON_BREAKOUT,0,1,-0.03523608174769466,-0.33286851693579744,-0.4145862384358158
2016-09-12,16:00:00,1328.32,1328.57,1321.67,1322.15,32683,1330.04,1326.88,BEARISH_LONDON_BREAKOUT,0,1,0.329009567749492,0.6209582876375456,0.1633702681238781
2016-09-13,12:00:00,1329.55,1330.98,1324.49,1324.82,22902,1330.46,1327.81,BEARISH_LONDON_BREAKOUT,0,1,-0.038495795655258146,-0.29664407240227625,-0.20380127111607957
2016-09-14,16:00:00,1322.1,1325.85,1319.43,1323.94,30941,1322.39,1319.19,BULLISH_LONDON_BREAKOUT,1,0,-0.11405350695650793,-0.0823300149553715,-0.3595329093463443
2016-09-15,20:00:00,1319.16,1319.66,1313.2,1314.07,21237,1323.01,1318.38,BEARISH_LONDON_BREAKOUT,0,1,0.21307845091965835,0.006848950208143062,-0.3355985601984563
2016-09-16,16:00:00,1313.22,1314.57,1306.14,1308.32,35747,1315.6,1312.93,BEARISH_LONDON_BREAKOUT,0,1,0.10242142595084883,0.4792405527699632,0.39974929680812177
2016-09-19,12:00:00,1316.58,1318.18,1312.65,1313.9,12677,1318.27,1314.32,BEARISH_LONDON_BREAKOUT,0,1,-0.02663825253064437,0.0,0.054798690920146116
2016-09-20,12:00:00,1316.22,1316.62,1313.92,1314.62,12328,1317.8,1315.25,BEARISH_LONDON_BREAKOUT,0,1,-0.0022820282667213886,0.09660586329130923,0.7021040300619205
2016-09-21,12:00:00,1320.0,1323.87,1318.16,1323.85,17703,1322.47,1307.78,BULLISH_LONDON_BREAKOUT,1,0,0.25380518940968594,0.7077841145144932,0.7946519620802948
2016-09-22,12:00:00,1332.51,1334.82,1332.04,1334.37,12453,1334.29,1331.1,BULLISH_LONDON_BREAKOUT,1,0,0.6242646342468847,0.20683918253559497,0.2952704272428228
2016-09-23,12:00:00,1334.97,1338.87,1334.54,1338.31,13860,1336.17,1333.73,BULLISH_LONDON_BREAKOUT,1,0,0.0209219089747497,-0.004483266208871296,-0.1173121324655675
2016-09-26,16:00:00,1336.79,1342.02,1336.73,1339.3,37843,1337.29,1332.81,BULLISH_LONDON_BREAKOUT,1,0,-0.1635182558052755,-0.33748973344284194,-0.9295900843724367
2016-09-27,16:00:00,1335.99,1336.35,1324.63,1326.85,32041,1337.8,1333.6,BEARISH_LONDON_BREAKOUT,0,1,0.018841617364434564,-0.11304970418660738,-0.4092399291555064
2016-09-28,12:00:00,1323.03,1326.87,1322.66,1326.81,10932,1326.03,1322.34,BULLISH_LONDON_BREAKOUT,1,0,-0.4062375170521682,-0.25851478357864627,-0.43412395143238225
2016-09-28,16:00:00,1326.81,1326.81,1317.92,1321.42,16780,1326.03,1322.34,BEARISH_LONDON_BREAKOUT,1,1,0.10443310983637918,0.2315690696372043,-0.2792450545625202
2016-09-29,16:00:00,1321.0,1321.96,1315.94,1317.73,30200,1324.96,1320.09,BEARISH_LONDON_BREAKOUT,0,1,0.28002701615657644,0.3369430763510017,0.12976861724329236
2016-09-30,16:00:00,1325.2,1327.97,1316.84,1319.44,38703,1325.71,1321.79,BEARISH_LONDON_BREAKOUT,0,1,-0.2690535378645451,-0.2986115321651651,-0.5949493724610544
2016-10-03,12:00:00,1316.23,1318.21,1314.85,1317.3,17129,1316.62,1313.97,BULLISH_LONDON_BREAKOUT,1,0,-0.43346238518181407,-0.41448417217035116,-0.7272451225992506
2016-10-03,16:00:00,1317.32,1317.44,1310.91,1311.59,27680,1316.62,1313.97,BEARISH_LONDON_BREAKOUT,1,1,0.12808880824038485,-0.09225443926835437,-2.6303951692220893
2016-10-04,16:00:00,1307.76,1308.06,1273.85,1277.09,44715,1312.12,1306.79,BEARISH_LONDON_BREAKOUT,0,1,-0.6671417049698911,-0.22316359849344283,-0.8120022864480884
2016-10-05,16:00:00,1273.35,1277.05,1265.67,1266.72,38133,1275.03,1270.45,BEARISH_LONDON_BREAKOUT,0,1,-0.032367058229133654,-0.0860490084627951,-0.7618100290514155
2016-10-06,16:00:00,1264.03,1265.25,1250.5,1257.07,34936,1266.16,1263.1,BEARISH_LONDON_BREAKOUT,0,1,-0.24978720357656078,-0.25376470681822233,-0.8678912073313224
2016-10-07,16:00:00,1255.9,1265.28,1241.3,1246.16,43792,1256.22,1251.14,BEARISH_LONDON_BREAKOUT,0,1,0.8329588495859184,1.2935738588945151,1.065673749759258
2016-10-07,20:00:00,1246.15,1257.07,1245.64,1256.54,28193,1256.22,1251.14,BULLISH_LONDON_BREAKOUT,1,1,0.26262594107628523,0.5411686058541674,0.23875085552389896
2016-10-10,12:00:00,1263.31,1263.82,1259.52,1259.58,9799,1264.85,1261.39,BEARISH_LONDON_BREAKOUT,0,1,-0.011114816049784268,-0.09050635926260124,-0.30803918766572047
2016-10-11,12:00:00,1259.36,1259.36,1252.55,1255.7,19453,1262.15,1257.12,BEARISH_LONDON_BREAKOUT,0,1,0.12741896949907694,-0.10273154415863371,-0.1911284542486335
2016-10-12,12:00:00,1255.27,1257.55,1252.97,1253.3,15321,1257.47,1253.5,BEARISH_LONDON_BREAKOUT,0,1,-0.054256762147934554,0.050267294342943365,0.40293624830447256
2016-10-14,12:00:00,1256.01,1256.92,1252.07,1253.98,17723,1256.72,1254.56,BEARISH_LONDON_BREAKOUT,0,1,-0.10127753233703742,-0.08453085376161865,-0.03110097449720889
2016-10-18,16:00:00,1260.47,1263.95,1256.22,1262.47,29843,1262.35,1257.74,BULLISH_LONDON_BREAKOUT,1,0,-0.01346566651089315,0.038020705442507005,0.6812043058448841
2016-10-19,12:00:00,1262.13,1271.22,1261.94,1270.37,20541,1263.0,1260.17,BULLISH_LONDON_BREAKOUT,1,0,0.05510205688106973,-0.03227406188747015,0.04880467895181075
2016-10-20,16:00:00,1270.99,1274.52,1264.81,1266.87,31964,1272.37,1267.8,BEARISH_LONDON_BREAKOUT,0,1,-0.0686731866726571,-0.3773078532130347,-0.23522539802819475
2016-10-21,12:00:00,1262.99,1267.0,1262.59,1266.03,13825,1264.45,1261.03,BULLISH_LONDON_BREAKOUT,1,0,-0.1690323294076659,0.005529094887161942,-0.07582758702400705
2016-10-24,16:00:00,1265.02,1271.81,1260.28,1262.73,23864,1266.84,1263.47,BEARISH_LONDON_BREAKOUT,0,1,0.12195797993236589,0.21144662754508667,0.7951026743642713
2016-10-25,16:00:00,1268.84,1274.02,1266.81,1272.77,33159,1268.77,1265.11,BULLISH_LONDON_BREAKOUT,1,0,0.05342677781532121,0.23177793316939005,-0.32606048225524575
2016-10-26,12:00:00,1274.67,1275.85,1269.66,1271.27,11895,1275.82,1273.12,BEARISH_LONDON_BREAKOUT,0,1,-0.20845296435848334,-0.433424842873661,-0.11484578413712557
2016-10-27,12:00:00,1268.22,1270.6,1267.66,1269.81,17065,1268.81,1265.6,BULLISH_LONDON_BREAKOUT,1,0,-0.21735535237555154,-0.10237752104645219,-0.3165827958513464
2016-10-28,12:00:00,1269.1,1269.52,1265.41,1265.79,16570,1271.79,1267.54,BEARISH_LONDON_BREAKOUT,0,1,0.4748022973795014,1.024656538604352,0.5293137092250725
2016-10-28,16:00:00,1265.75,1273.87,1261.88,1271.8,31679,1271.79,1267.54,BULLISH_LONDON_BREAKOUT,1,1,0.30743827645856914,0.3852807045132954,0.18005975782355432
2016-10-31,12:00:00,1275.19,1275.47,1271.6,1272.49,13065,1278.07,1274.14,BEARISH_LONDON_BREAKOUT,0,1,0.12573772681906412,0.27033611266100754,1.1080637175930583
2016-11-01,12:00:00,1279.45,1287.93,1278.52,1286.59,17317,1280.7,1276.29,BULLISH_LONDON_BREAKOUT,1,0,0.023317451558008528,0.0816110804529945,0.7500446917821599
2016-11-02,12:00:00,1295.07,1297.26,1293.98,1296.24,19016,1295.3,1290.48,BULLISH_LONDON_BREAKOUT,1,0,0.6079121150404155,0.16509288403382863,-0.6750293155588472
2016-11-03,12:00:00,1301.62,1301.81,1285.5,1287.49,26177,1306.16,1300.56,BEARISH_LONDON_BREAKOUT,0,1,0.8737931945102486,1.12156210922027,1.0198137461261743
2016-11-04,12:00:00,1298.61,1302.68,1298.49,1300.62,18519,1300.19,1294.67,BULLISH_LONDON_BREAKOUT,1,0,0.2929372145592235,-0.8749673232765822,-1.061801294767107
2016-11-07,12:00:00,1288.67,1288.93,1283.61,1286.81,20368,1293.19,1287.82,BEARISH_LONDON_BREAKOUT,0,1,-0.3971060218680225,-0.3465935141940175,-0.33571389715652944
2016-11-08,20:00:00,1284.15,1284.76,1272.76,1277.54,43595,1284.96,1281.98,BEARISH_LONDON_BREAKOUT,0,1,-0.33580161873600545,2.394445575089637,-0.4039012477104321
2016-11-09,12:00:00,1308.13,1311.37,1290.47,1302.81,66259,1337.16,1307.77,BEARISH_LONDON_BREAKOUT,0,1,-1.0991625793477127,-2.0517189766734996,-1.7170577444139892
2016-11-10,12:00:00,1284.03,1292.13,1276.73,1280.44,42915,1288.38,1281.93,BEARISH_LONDON_BREAKOUT,0,1,-0.7981631314235753,-1.5432195182905868,-1.6884820842835366
2016-11-11,16:00:00,1258.86,1261.68,1229.14,1234.07,45331,1264.69,1257.39,BEARISH_LONDON_BREAKOUT,0,1,-0.5534532076786509,-1.4042963527190457,-1.7413923035160088
2016-11-14,16:00:00,1224.92,1225.98,1211.44,1212.58,43115,1226.78,1212.62,BEARISH_LONDON_BREAKOUT,0,1,0.38430454073133996,1.0679707730623997,0.9145788319121334
2016-11-15,20:00:00,1223.68,1226.46,1221.78,1223.3,30741,1229.11,1223.42,BEARISH_LONDON_BREAKOUT,0,1,0.29592086977847776,0.327801847461783,0.17084934194393409
2016-11-16,12:00:00,1227.27,1228.68,1223.05,1223.05,26139,1231.69,1225.21,BEARISH_LONDON_BREAKOUT,0,1,0.10138587956338735,0.2935284738972361,0.5854216916724649
2016-11-17,12:00:00,1228.22,1231.33,1226.07,1230.21,19387,1228.47,1224.73,BULLISH_LONDON_BREAKOUT,1,0,-0.2503637590330047,-1.265637574072714,-1.4582876094325403
2016-11-17,20:00:00,1227.03,1229.29,1210.95,1214.65,41874,1228.47,1224.73,BEARISH_LONDON_BREAKOUT,1,1,-0.0008232824270358461,-0.6964969332729622,-0.5054954102004775
2016-11-18,12:00:00,1206.23,1212.81,1203.66,1212.27,24190,1210.19,1202.74,BULLISH_LONDON_BREAKOUT,1,0,-0.42152325802006974,-0.5048380311316696,0.31016192762338346
2016-11-21,12:00:00,1215.1,1216.91,1213.21,1216.03,19754,1215.73,1209.71,BULLISH_LONDON_BREAKOUT,1,0,-0.15871318964170816,-0.0024670443985734493,0.0953923834116002
2016-11-22,16:00:00,1217.18,1217.55,1206.04,1207.99,22794,1218.65,1213.45,BEARISH_LONDON_BREAKOUT,0,1,0.19950496278943386,0.48261988923748766,-1.989254877937729
2016-11-23,16:00:00,1211.12,1211.61,1181.58,1183.96,46393,1214.64,1211.11,BEARISH_LONDON_BREAKOUT,0,1,0.25254231561877166,0.16047839454034457,0.15878914828202656
2016-11-28,12:00:00,1193.25,1197.07,1188.67,1190.25,29826,1194.78,1190.41,BEARISH_LONDON_BREAKOUT,0,1,-0.047889098928791125,0.3629489603024521,-0.27557235874815983
2016-11-29,12:00:00,1191.79,1192.73,1185.17,1186.97,23151,1192.48,1188.98,BEARISH_LONDON_BREAKOUT,0,1,-0.002527443827558634,0.14574926072268196,-0.13058459775731102
2016-11-30,12:00:00,1188.72,1190.02,1184.58,1185.42,25470,1191.06,1187.69,BEARISH_LONDON_BREAKOUT,0,1,-0.7794705673938358,-1.1101550505306206,-1.5117004943395649
2016-12-01,12:00:00,1172.34,1173.64,1166.58,1167.5,25509,1176.6,1169.56,BEARISH_LONDON_BREAKOUT,0,1,0.06766595289078918,0.5002141327623056,0.29892933618843764
2016-12-02,12:00:00,1174.57,1176.61,1169.3,1170.99,21134,1176.58,1172.87,BEARISH_LONDON_BREAKOUT,0,1,0.2698571294374915,0.784806018838765,-0.45004654181504383
2016-12-02,20:00:00,1174.15,1177.52,1172.86,1176.87,30698,1176.58,1172.87,BULLISH_LONDON_BREAKOUT,1,1,0.2812545140924803,-0.35687883963392886,-0.5234222981297726
2016-12-05,12:00:00,1172.59,1173.18,1162.36,1165.72,32249,1177.76,1171.09,BEARISH_LONDON_BREAKOUT,0,1,-0.29595443159592744,0.3714442576261819,0.4066156538448349
2016-12-06,20:00:00,1171.45,1172.05,1166.68,1168.41,23277,1173.8,1169.4,BEARISH_LONDON_BREAKOUT,0,1,0.07360429986048561,-0.04536078944890686,0.45446375844095355
2016-12-07,12:00:00,1167.9,1173.57,1167.73,1173.22,19444,1169.37,1165.51,BULLISH_LONDON_BREAKOUT,1,0,0.42617752851127666,0.13808151923764433,0.27957245870339514
2016-12-08,16:00:00,1176.58,1178.54,1169.12,1171.2,51834,1178.19,1173.8,BEARISH_LONDON_BREAKOUT,0,1,-0.07001366120218036,-0.3372609289617525,-0.8316256830601101
2016-12-09,12:00:00,1168.88,1171.96,1164.17,1164.22,21838,1169.99,1166.98,BEARISH_LONDON_BREAKOUT,0,1,-0.23706859528267776,-0.4999055161395558,-0.7163594509628693
2016-12-12,16:00:00,1155.88,1162.16,1154.55,1159.57,30953,1158.78,1155.34,BULLISH_LONDON_BREAKOUT,1,0,0.21818432694878043,0.2526798727114416,-0.2552670386436383
2016-12-13,12:00:00,1161.4,1161.62,1157.03,1158.15,21412,1162.93,1160.28,BEARISH_LONDON_BREAKOUT,0,1,-0.13297068600787385,0.03108405646936061,0.3522859733195119
2016-12-14,20:00:00,1162.5,1164.01,1146.56,1149.39,45508,1163.55,1159.45,BEARISH_LONDON_BREAKOUT,0,1,-0.5759576819008446,-0.9404988733154257,-1.554737730448335
2016-12-15,12:00:00,1138.62,1138.62,1126.99,1128.05,36000,1143.84,1137.42,BEARISH_LONDON_BREAKOUT,0,1,-0.12942688710607123,-0.005318913168737683,0.5735561366960709
2016-12-16,16:00:00,1134.52,1135.09,1127.73,1128.5,16094,1135.14,1129.63,BEARISH_LONDON_BREAKOUT,0,1,0.5449712007089137,0.8515728843597606,0.9765175011076633
2016-12-20,16:00:00,1132.99,1133.0,1125.67,1127.67,25652,1139.23,1132.61,BEARISH_LONDON_BREAKOUT,0,1,0.2766766873287301,0.6367110945577905,0.2970727251766837
2016-12-21,12:00:00,1135.88,1136.07,1132.51,1133.86,16026,1137.03,1134.54,BEARISH_LONDON_BREAKOUT,0,1,-0.25047183955690455,-0.27075653078862794,-0.3483675233273789
2016-12-22,16:00:00,1129.88,1134.03,1127.73,1132.82,21909,1132.26,1128.23,BULLISH_LONDON_BREAKOUT,1,0,-0.3742871771331729,-0.13506117476739224,0.2295157218269572
2016-12-23,16:00:00,1131.75,1135.72,1129.53,1135.42,10059,1132.22,1130.85,BULLISH_LONDON_BREAKOUT,1,0,-0.17878846594211592,0.09864191224391775,0.12066019622693723
2016-12-28,12:00:00,1142.44,1142.76,1136.9,1138.65,15509,1144.41,1141.48,BEARISH_LONDON_BREAKOUT,0,1,-0.05708514468889394,0.315285645281686,0.6147630966495411
2016-12-29,12:00:00,1149.21,1149.78,1145.41,1145.65,12561,1150.16,1147.28,BEARISH_LONDON_BREAKOUT,0,1,0.3273250992886134,1.268275651376945,1.1617858857417138
2016-12-29,20:00:00,1149.41,1159.4,1148.77,1155.47,14893,1150.16,1147.28,BULLISH_LONDON_BREAKOUT,1,1,0.40762633387279945,0.23367114680606554,-0.3591612071278433
2016-12-30,16:00:00,1158.93,1160.45,1155.66,1157.21,18978,1161.91,1158.04,BEARISH_LONDON_BREAKOUT,0,1,-0.5089828121084419,-0.037158337726088064,-0.20221048902102
2017-01-03,12:00:00,1153.01,1154.39,1145.95,1148.52,25627,1158.63,1152.23,BEARISH_LONDON_BREAKOUT,0,1,0.552885452582446,0.7453070037961852,1.4627520635252285
2017-01-03,20:00:00,1154.87,1164.35,1153.42,1159.05,33077,1158.63,1152.23,BULLISH_LONDON_BREAKOUT,1,1,-0.16996678314136815,0.21569388723523575,0.31577585091239224
2017-01-04,12:00:00,1161.48,1167.83,1160.72,1165.32,27166,1163.28,1159.67,BULLISH_LONDON_BREAKOUT,1,0,0.01029760065905659,0.04290666941269351,0.5483472350942317
2017-01-05,12:00:00,1177.36,1179.26,1170.42,1171.71,29604,1178.97,1172.91,BEARISH_LONDON_BREAKOUT,0,1,0.8184619061030389,0.7689616031270529,0.48049432026695016
2017-01-05,16:00:00,1171.71,1182.09,1170.7,1181.3,43352,1178.97,1172.91,BULLISH_LONDON_BREAKOUT,1,1,-0.0474054008295899,-0.24887835435537584,-0.49437060865147875
2017-01-06,20:00:00,1175.55,1176.3,1170.84,1172.59,28077,1181.78,1173.68,BEARISH_LONDON_BREAKOUT,0,1,0.10233756044312553,0.10745443846527694,0.9960855883130562
2017-01-09,12:00:00,1173.85,1180.84,1173.85,1179.7,26077,1175.01,1172.86,BULLISH_LONDON_BREAKOUT,1,0,-0.07289988980250295,0.2322624396032897,0.37467152665930703
2017-01-10,16:00:00,1184.07,1190.53,1180.99,1188.72,31488,1187.54,1183.47,BULLISH_LONDON_BREAKOUT,1,0,-0.17161316373914492,-0.09926643784912037,-0.7015949929335688
2017-01-11,16:00:00,1189.11,1189.48,1177.11,1180.38,33621,1190.85,1186.81,BEARISH_LONDON_BREAKOUT,0,1,0.9640963079686102,1.4690184516850435,1.8002677103983462
2017-01-11,20:00:00,1180.41,1198.17,1178.35,1191.76,60178,1190.85,1186.81,BULLISH_LONDON_BREAKOUT,1,1,0.13761159965094483,0.687218903134864,0.3708800429616762
2017-01-12,12:00:00,1199.95,1206.88,1199.5,1204.77,28513,1200.95,1196.3,BULLISH_LONDON_BREAKOUT,1,0,-0.26063065979397504,-0.7071889240269912,-0.653236717381732
2017-01-12,20:00:00,1201.63,1204.57,1196.12,1196.18,27486,1200.95,1196.3,BEARISH_LONDON_BREAKOUT,2,1,0.005851962079280404,0.00752395124478909,0.09613937701682551
2017-01-13,12:00:00,1196.32,1198.51,1194.32,1196.9,17902,1196.67,1192.39,BULLISH_LONDON_BREAKOUT,1,0,-0.22558275545158704,0.5372211546494975,0.5998830311638262
2017-01-17,12:00:00,1210.85,1218.77,1210.59,1215.43,31107,1212.84,1205.71,BULLISH_LONDON_BREAKOUT,1,0,-0.20404301358367144,-0.03126465530718422,-0.18182865323383793
2017-01-18,20:00:00,1215.36,1215.7,1208.4,1209.82,19654,1215.49,1210.03,BEARISH_LONDON_BREAKOUT,0,1,-0.5653733613264716,-0.8513663189565353,-0.3595576201418318
2017-01-19,20:00:00,1199.43,1205.56,1198.23,1205.47,27806,1203.54,1198.71,BULLISH_LONDON_BREAKOUT,1,0,-0.16010352808448683,0.033182078359466724,0.3708097256671694
2017-01-20,12:00:00,1205.82,1207.0,1198.53,1200.77,24190,1209.0,1205.57,BEARISH_LONDON_BREAKOUT,0,1,0.23984609875330906,1.2158864728465826,1.0018571416674278
2017-01-20,20:00:00,1203.65,1214.87,1200.7,1209.94,55689,1209.0,1205.57,BULLISH_LONDON_BREAKOUT,1,2,0.448782584260363,0.31323867299204616,0.5074631799923858
2017-01-23,16:00:00,1212.78,1217.73,1209.19,1217.51,36507,1217.43,1212.78,BULLISH_LONDON_BREAKOUT,1,0,-0.1174528340629698,-0.02792584865832052,-0.28172253205313
2017-01-24,20:00:00,1214.14,1214.58,1207.2,1207.23,21091,1217.46,1212.37,BEARISH_LONDON_BREAKOUT,0,1,0.15655674560770297,-0.27252470531712797,-0.7421949421402745
2017-01-25,16:00:00,1204.68,1207.77,1193.22,1196.71,31502,1205.93,1202.52,BEARISH_LONDON_BREAKOUT,0,1,0.13035739652881193,0.18968672443616094,-0.8606930668248743
2017-01-26,12:00:00,1196.18,1198.18,1191.39,1192.33,19785,1199.19,1195.77,BEARISH_LONDON_BREAKOUT,0,1,-0.4965068395494407,-0.3421871461759687,-0.6533426148801057
2017-01-27,12:00:00,1182.19,1186.09,1181.71,1184.54,24763,1184.35,1181.21,BULLISH_LONDON_BREAKOUT,1,0,0.2693028517399205,0.8019990882536681,0.5048373208165211
2017-01-30,12:00:00,1191.39,1191.91,1188.2,1190.52,21946,1194.34,1190.82,BEARISH_LONDON_BREAKOUT,0,1,0.6341766622988236,0.5081812989281956,1.1423579612270192
2017-01-30,16:00:00,1190.49,1199.33,1189.75,1198.07,37589,1194.34,1190.82,BULLISH_LONDON_BREAKOUT,1,1,-0.24122129758694175,0.25457610991010166,1.1927516756116057
2017-01-31,12:00:00,1201.4,1204.22,1196.12,1204.12,28003,1202.93,1199.4,BULLISH_LONDON_BREAKOUT,1,0,0.684317177689932,0.6162176527256481,0.6145566887021303
2017-02-01,12:00:00,1207.51,1212.26,1207.06,1211.52,21837,1209.95,1206.83,BULLISH_LONDON_BREAKOUT,1,0,-0.6776611199154811,-0.14939910195456496,0.8518225039619598
2017-02-01,16:00:00,1211.54,1211.56,1198.1,1203.31,40738,1209.95,1206.83,BEARISH_LONDON_BREAKOUT,1,1,0.4670450673558865,1.0612394146146864,1.1268916571789436
2017-02-02,12:00:00,1214.17,1223.88,1213.59,1221.84,29100,1217.15,1211.73,BULLISH_LONDON_BREAKOUT,1,0,-0.4067635696981624,-0.5917305048124156,-0.8225299548222317
2017-02-03,12:00:00,1213.84,1214.6,1211.43,1211.79,14182,1215.09,1211.89,BEARISH_LONDON_BREAKOUT,0,1,0.6123173157065228,0.7460038455507937,1.170994974376753
2017-02-03,16:00:00,1211.75,1221.31,1207.0,1219.21,43747,1215.09,1211.89,BULLISH_LONDON_BREAKOUT,1,1,0.06069504023096998,0.33628333100941665,0.7759122710607718
2017-02-06,12:00:00,1222.45,1226.75,1221.61,1225.98,23925,1224.91,1221.48,BULLISH_LONDON_BREAKOUT,1,0,0.21941630369174495,0.6003360576844565,0.25530595931417166
2017-02-07,12:00:00,1230.64,1231.59,1227.96,1229.11,25165,1234.87,1230.18,BEARISH_LONDON_BREAKOUT,0,1,0.4531734344363128,0.23838387125644278,0.6378599148977835
2017-02-08,12:00:00,1231.68,1238.31,1231.34,1236.95,24765,1234.82,1230.58,BULLISH_LONDON_BREAKOUT,1,0,0.3783499737257014,0.23121387283236183,0.1471361008933212
2017-02-09,12:00:00,1239.76,1243.75,1236.59,1238.77,18138,1241.85,1239.19,BEARISH_LONDON_BREAKOUT,0,1,-0.37617959750398233,-0.9904986397797801,-0.9791971068075497
2017-02-10,12:00:00,1221.86,1227.66,1221.57,1226.64,18188,1225.01,1221.62,BULLISH_LONDON_BREAKOUT,1,0,0.26495141198721706,0.28777799517380587,0.29266940585664236
2017-02-13,16:00:00,1230.22,1230.69,1219.26,1223.04,30266,1231.89,1227.85,BEARISH_LONDON_BREAKOUT,0,1,0.23466117216118182,0.29271323914180464,0.035975928833076154
2017-02-14,16:00:00,1228.88,1234.42,1221.87,1223.48,42656,1230.11,1226.6,BEARISH_LONDON_BREAKOUT,0,1,0.5067512341844611,0.22395135188151902,0.12014908294373648
2017-02-15,20:00:00,1224.98,1232.94,1224.84,1231.34,23554,1226.5,1223.64,BULLISH_LONDON_BREAKOUT,1,0,0.12993974044537954,0.2087157080903864,0.7414686439163927
2017-02-16,12:00:00,1233.98,1239.03,1233.6,1237.63,16749,1235.8,1232.07,BULLISH_LONDON_BREAKOUT,1,0,0.22543086382844335,0.06383167828833848,0.3862220534408484
2017-02-17,12:00:00,1236.88,1242.75,1236.43,1242.41,22966,1238.53,1236.67,BULLISH_LONDON_BREAKOUT,1,0,-0.2583688154473995,-0.5030545472106631,-0.4861519144244002
2017-02-17,20:00:00,1239.21,1239.5,1234.24,1234.83,22650,1238.53,1236.67,BEARISH_LONDON_BREAKOUT,2,1,0.10770713377551198,0.0008098280734992595,0.20974547103651073
2017-02-20,12:00:00,1234.84,1236.95,1234.54,1236.37,9655,1235.49,1232.73,BULLISH_LONDON_BREAKOUT,1,0,0.05742617501233744,0.05176443944774624,-0.4424241934048707
2017-02-21,12:00:00,1233.98,1234.49,1227.95,1230.9,16283,1234.88,1232.42,BEARISH_LONDON_BREAKOUT,0,1,0.24372410431391664,0.30871719879762405,0.5573157851978146
2017-02-21,20:00:00,1233.91,1238.75,1233.31,1236.53,23777,1234.88,1232.42,BULLISH_LONDON_BREAKOUT,1,1,-0.14799479187726358,-0.16902137432977105,0.06712332090607807
2017-02-22,12:00:00,1234.43,1238.16,1233.86,1237.76,15311,1235.85,1233.5,BULLISH_LONDON_BREAKOUT,1,0,-0.31912487073423323,-0.07513572905895033,0.09937306101344512
2017-02-23,12:00:00,1236.53,1239.4,1236.03,1238.99,15194,1237.82,1235.69,BULLISH_LONDON_BREAKOUT,1,0,0.8539213391552738,0.8176014334256033,1.490730352948775
2017-02-24,12:00:00,1253.46,1257.89,1253.42,1257.46,13342,1254.24,1249.37,BULLISH_LONDON_BREAKOUT,1,0,-0.10894978766721154,-0.13121689755539667,-0.1876799262004459
2017-02-27,12:00:00,1256.2,1256.56,1253.3,1255.1,12369,1257.89,1255.55,BEARISH_LONDON_BREAKOUT,0,1,0.3657079117201933,-0.1418213688152317,-0.1848458290176031
2017-02-27,16:00:00,1255.1,1260.02,1253.72,1259.69,21872,1257.89,1255.55,BULLISH_LONDON_BREAKOUT,1,1,-0.36119997777230545,-0.5421968897109729,-0.17623383530868922
2017-02-28,16:00:00,1252.79,1258.12,1252.62,1257.47,19870,1254.44,1252.56,BULLISH_LONDON_BREAKOUT,1,0,-0.5391778730307659,-1.1403850588880782,-1.0855129744646066
2017-02-28,20:00:00,1257.47,1258.32,1247.58,1250.69,18783,1254.44,1252.56,BEARISH_LONDON_BREAKOUT,1,1,-0.3805899143672685,-0.4149709360433084,-0.25585876596119306
2017-03-01,20:00:00,1243.82,1250.57,1243.02,1247.49,26066,1245.5,1242.49,BULLISH_LONDON_BREAKOUT,1,0,-0.02484989859637716,-0.14108329525687507,-1.1358808487442842
2017-03-02,12:00:00,1245.73,1246.26,1240.85,1240.97,12756,1246.95,1244.29,BEARISH_LONDON_BREAKOUT,0,1,0.026592101340074878,-0.46173557781413077,-1.1168682562834014
2017-03-03,12:00:00,1227.55,1229.17,1225.45,1227.11,12825,1234.14,1227.17,BEARISH_LONDON_BREAKOUT,0,1,-0.14424134755645232,0.7855856443187734,0.29581700092087176
2017-03-03,20:00:00,1225.43,1236.21,1222.84,1234.42,37161,1234.14,1227.17,BULLISH_LONDON_BREAKOUT,1,2,0.18875261256297912,-0.21710600929991927,-0.5848900698303678
2017-03-06,12:00:00,1231.66,1234.95,1230.2,1230.74,12714,1234.35,1231.23,BEARISH_LONDON_BREAKOUT,0,1,-0.15437866649333662,-0.3859466662333231,-0.5679509888359856
2017-03-07,12:00:00,1225.25,1226.09,1222.16,1223.75,12453,1226.58,1224.62,BEARISH_LONDON_BREAKOUT,0,1,-0.2925434116445293,-0.6267620020429069,-0.8122574055158369
2017-03-08,16:00:00,1213.82,1214.33,1206.59,1207.77,21450,1218.16,1213.53,BEARISH_LONDON_BREAKOUT,0,1,0.12336785977462672,-0.10266855444331364,-0.33367280194076465
2017-03-09,16:00:00,1204.0,1208.92,1202.95,1203.74,25157,1206.96,1203.83,BEARISH_LONDON_BREAKOUT,0,1,-0.09636632495390049,-0.44029441573761396,-0.15036469669529512
2017-03-10,16:00:00,1197.37,1206.25,1196.15,1201.93,30939,1199.02,1194.91,BULLISH_LONDON_BREAKOUT,1,0,0.20799880192690087,0.3602539249373863,0.24294260065060735
2017-03-13,12:00:00,1209.41,1210.21,1204.01,1204.67,13849,1211.11,1205.98,BEARISH_LONDON_BREAKOUT,0,1,0.014941851295361908,-0.20752571243577078,-0.017432159844607765
2017-03-14,12:00:00,1201.24,1205.87,1200.76,1204.46,11447,1203.7,1200.51,BULLISH_LONDON_BREAKOUT,1,0,0.11291367085664114,-0.34372249804892646,-0.23745080783090572
2017-03-14,20:00:00,1205.77,1206.04,1197.23,1198.7,13621,1203.7,1200.51,BEARISH_LONDON_BREAKOUT,2,1,0.13514640860931765,0.43213481271377857,1.799449403520475
2017-03-15,16:00:00,1201.69,1202.69,1197.47,1201.15,20230,1205.23,1201.22,BEARISH_LONDON_BREAKOUT,0,1,1.5918078508096318,1.9672813553677626,2.266161595137976
2017-03-15,20:00:00,1201.08,1220.62,1199.16,1220.27,32456,1205.23,1201.22,BULLISH_LONDON_BREAKOUT,1,1,0.01065337998968336,0.48923598875658886,0.49415293336720334
2017-03-17,12:00:00,1225.66,1231.33,1225.64,1230.83,14677,1228.04,1225.66,BULLISH_LONDON_BREAKOUT,1,0,-0.11780668329499755,0.030061015737357574,0.02437379654381043
2017-03-20,12:00:00,1233.77,1233.77,1231.13,1231.13,10901,1235.45,1233.21,BEARISH_LONDON_BREAKOUT,0,1,0.18925702403482386,0.28023035747644987,0.17950988116606767
2017-03-21,12:00:00,1228.36,1233.69,1228.29,1233.34,11348,1230.09,1227.64,BULLISH_LONDON_BREAKOUT,1,0,0.7808065902346564,1.0232377122285923,0.9697244879757436
2017-03-23,16:00:00,1248.04,1253.22,1242.76,1245.52,27405,1248.22,1245.74,BEARISH_LONDON_BREAKOUT,0,1,0.05218703834543732,-0.13488342218511656,0.16940715524440614
2017-03-24,12:00:00,1243.83,1245.83,1240.92,1245.61,12084,1244.75,1242.0,BULLISH_LONDON_BREAKOUT,1,0,0.16216953942246845,0.5531426369409447,0.8871155498109508
2017-03-27,16:00:00,1256.72,1260.97,1253.74,1255.08,19274,1259.11,1255.9,BEARISH_LONDON_BREAKOUT,0,1,0.0,-0.08445676769607877,0.14819772444785412
2017-03-28,16:00:00,1254.01,1258.33,1253.85,1256.94,20368,1254.82,1251.12,BULLISH_LONDON_BREAKOUT,1,0,-0.6420354193517721,-0.6563559119767053,-0.3906312154915972
2017-03-28,20:00:00,1257.0,1257.11,1247.61,1248.87,21029,1254.82,1251.12,BEARISH_LONDON_BREAKOUT,1,1,0.16414839014470536,0.09928975794117956,0.36432935373579173
2017-03-29,12:00:00,1250.09,1253.32,1249.64,1251.58,13659,1251.06,1247.87,BULLISH_LONDON_BREAKOUT,1,0,0.03595455344444985,0.11345659086914722,-0.11505457102221411
2017-03-30,20:00:00,1248.76,1250.05,1243.73,1244.4,14732,1251.37,1248.53,BEARISH_LONDON_BREAKOUT,0,1,-0.06428801028609625,-0.1189328190292525,0.36644165863066097
2017-03-31,16:00:00,1242.54,1247.4,1240.13,1246.81,19633,1243.42,1241.06,BULLISH_LONDON_BREAKOUT,1,0,0.17244006705112175,0.14918070916981158,0.47721785997866917
2017-04-03,16:00:00,1246.35,1253.57,1245.55,1252.76,19380,1248.78,1245.32,BULLISH_LONDON_BREAKOUT,1,0,0.03352597464798307,0.2314888725693741,0.20195408537947995
2017-04-04,12:00:00,1257.74,1260.6,1257.07,1260.08,10106,1257.94,1255.43,BULLISH_LONDON_BREAKOUT,1,0,-0.3801345946289096,-0.3650561869087605,-0.6047235096184284
2017-04-04,16:00:00,1260.08,1261.22,1253.95,1255.29,21379,1257.94,1255.43,BEARISH_LONDON_BREAKOUT,1,1,0.07328983740809478,-0.011152801344699047,-0.566402982577723
2017-04-05,12:00:00,1256.43,1256.7,1251.73,1252.46,11229,1257.24,1253.92,BEARISH_LONDON_BREAKOUT,0,1,-0.3417274803187305,0.4590964980917554,-0.00798428692334577
2017-04-06,12:00:00,1254.05,1255.32,1250.87,1252.36,11699,1254.64,1252.83,BEARISH_LONDON_BREAKOUT,0,1,-0.059886933469609376,-0.07745376728734549,0.8400140534670709
2017-04-07,20:00:00,1265.88,1266.17,1251.34,1254.3,28904,1266.01,1261.83,BEARISH_LONDON_BREAKOUT,0,1,0.0566052778442188,-0.11321055568841948,0.007972574344266637
2017-04-10,12:00:00,1252.89,1254.19,1249.0,1250.26,9688,1255.17,1252.69,BEARISH_LONDON_BREAKOUT,0,1,0.3263321229184271,0.4567050053588883,0.5886775550685378
2017-04-11,16:00:00,1257.67,1273.71,1257.53,1271.29,34769,1258.72,1255.52,BULLISH_LONDON_BREAKOUT,1,0,0.09753872051223632,0.30048218738446275,0.1990104539483495
2017-04-12,20:00:00,1273.82,1283.54,1272.46,1281.39,23152,1276.11,1273.0,BULLISH_LONDON_BREAKOUT,1,0,0.44639024808994915,0.3223062455614514,0.5010184253037596
2017-04-13,12:00:00,1285.57,1288.54,1285.33,1286.91,11033,1286.45,1283.8,BULLISH_LONDON_BREAKOUT,1,0,-0.22146070820804378,0.04118392117552686,0.1530798579543268
2017-04-17,12:00:00,1288.89,1290.63,1286.14,1286.28,6353,1291.99,1286.66,BEARISH_LONDON_BREAKOUT,0,1,0.24100506888081416,-0.26121839723854057,-0.14615791274060716
2017-04-18,16:00:00,1284.39,1291.53,1278.9,1290.72,26533,1285.41,1281.36,BULLISH_LONDON_BREAKOUT,1,0,-0.04880996653031712,-0.3261745382422242,-0.944434114292802
2017-04-19,12:00:00,1284.74,1284.94,1280.83,1281.96,10156,1287.17,1283.26,BEARISH_LONDON_BREAKOUT,0,1,-0.26755905020437953,-0.19033355174888877,-0.21607538456737976
2017-04-21,12:00:00,1280.16,1285.54,1280.15,1283.35,12607,1280.6,1278.42,BULLISH_LONDON_BREAKOUT,1,0,0.08727159387541343,-0.7199906494720856,-1.0714146569525071
2017-04-25,12:00:00,1270.9,1271.65,1268.67,1269.16,12057,1274.17,1270.24,BEARISH_LONDON_BREAKOUT,0,1,-0.16703961675439805,-0.43966087806109194,-0.39396136026978473
2017-04-26,20:00:00,1264.84,1270.54,1260.0,1269.45,25653,1265.34,1262.75,BULLISH_LONDON_BREAKOUT,1,0,-0.1622750009846741,-0.41514041514041367,-0.3726023080861805
2017-04-28,12:00:00,1265.53,1268.08,1265.09,1267.47,9530,1266.5,1264.64,BULLISH_LONDON_BREAKOUT,1,0,-0.027614065816164202,0.2122338201298693,-0.28955320441510035
2017-05-01,12:00:00,1262.48,1264.06,1262.28,1263.8,3809,1263.7,1261.66,BULLISH_LONDON_BREAKOUT,1,0,-0.30780186738406967,-0.5689191327741774,-0.7160943187213131
2017-05-01,16:00:00,1263.85,1268.42,1258.12,1259.91,16395,1263.7,1261.66,BEARISH_LONDON_BREAKOUT,1,1,-0.21906326642379143,-0.23890595359985956,-0.3635180290655804
2017-05-03,16:00:00,1253.91,1255.31,1245.26,1248.59,25895,1256.28,1253.0,BEARISH_LONDON_BREAKOUT,0,1,-0.730423918179698,-0.6911796506459191,-1.6778926629237638
2017-05-04,16:00:00,1234.32,1234.67,1225.68,1227.64,26310,1240.19,1233.0,BEARISH_LONDON_BREAKOUT,0,1,0.001629142093771937,0.08390081782932884,0.06272197061027514
2017-05-05,20:00:00,1228.48,1230.0,1226.01,1227.56,13270,1234.94,1228.33,BEARISH_LONDON_BREAKOUT,0,1,0.5710515168301339,0.3160741633810249,-0.0456189514158123
2017-05-08,12:00:00,1231.44,1236.5,1229.05,1232.36,10525,1232.0,1228.81,BULLISH_LONDON_BREAKOUT,1,0,-0.39274238047323173,-0.37570190528740643,-0.7043396410139762
2017-05-08,16:00:00,1232.32,1234.37,1227.41,1227.52,17344,1232.0,1228.81,BEARISH_LONDON_BREAKOUT,1,1,-0.04236183524504544,0.03828858185610233,-0.8447927528675615
2017-05-09,12:00:00,1226.84,1226.94,1223.44,1223.68,8299,1228.32,1223.77,BEARISH_LONDON_BREAKOUT,0,1,-0.5336362447698723,-0.02451621338911762,-0.004903242677838389
2017-05-10,20:00:00,1221.44,1221.82,1217.51,1219.57,11707,1223.81,1220.64,BEARISH_LONDON_BREAKOUT,0,1,-0.15825249883154197,0.1443131595562363,0.36242282115828306
2017-05-11,12:00:00,1221.33,1224.11,1220.63,1223.8,8628,1222.58,1219.0,BULLISH_LONDON_BREAKOUT,1,0,-0.028599444353645125,0.09151822193169785,0.3554502369668358
2017-05-12,16:00:00,1228.15,1231.69,1227.09,1229.37,20405,1229.02,1226.0,BULLISH_LONDON_BREAKOUT,1,0,-0.07239480384260823,0.04473836192522853,0.35221292206578614
2017-05-15,16:00:00,1232.54,1237.27,1232.54,1233.7,18251,1232.66,1228.7,BULLISH_LONDON_BREAKOUT,1,0,-0.22209613358190883,0.008105698305901682,0.2374969603631404
2017-05-16,16:00:00,1235.13,1239.05,1233.7,1236.63,18512,1235.5,1232.69,BULLISH_LONDON_BREAKOUT,1,0,-0.016172986261051847,0.5660545191366859,1.5558412783128164
2017-05-17,12:00:00,1242.86,1248.77,1242.49,1247.64,11220,1244.36,1241.02,BULLISH_LONDON_BREAKOUT,1,0,0.6596454105350734,1.0099067038568743,0.9802507133467818
2017-05-18,20:00:00,1255.56,1256.85,1245.96,1248.86,27652,1261.65,1253.72,BEARISH_LONDON_BREAKOUT,0,1,-0.03523213170410031,0.1361241452204447,0.5180724821036807
2017-05-19,12:00:00,1250.58,1254.42,1247.95,1253.04,12350,1251.97,1247.29,BULLISH_LONDON_BREAKOUT,1,0,-0.07102726169953655,0.304858583923892,0.2865032241588573
2017-05-22,12:00:00,1254.43,1257.51,1253.38,1256.63,10964,1256.01,1252.04,BULLISH_LONDON_BREAKOUT,1,0,0.27374804039373773,0.5100944589895079,0.2204308348519438
2017-05-23,16:00:00,1259.4,1263.18,1254.98,1255.94,22561,1263.04,1259.32,BEARISH_LONDON_BREAKOUT,0,1,-0.32804114846251553,-0.3447616924375491,-0.38377629504595473
2017-05-24,12:00:00,1250.29,1253.14,1250.28,1252.39,10171,1252.38,1247.85,BULLISH_LONDON_BREAKOUT,1,0,-0.10140611151480043,0.4311755922675735,0.44874200528588465
2017-05-25,20:00:00,1257.14,1257.37,1254.85,1255.95,12095,1259.58,1256.77,BEARISH_LONDON_BREAKOUT,0,1,-0.06369680321668494,0.42437995143118173,0.8750348341892598
2017-05-26,12:00:00,1261.29,1268.04,1261.29,1265.59,14744,1263.93,1257.0,BULLISH_LONDON_BREAKOUT,1,0,0.038717120078383134,0.21017865185408244,0.100348454080704
2017-05-29,16:00:00,1266.86,1267.69,1264.94,1267.62,5895,1267.59,1265.32,BULLISH_LONDON_BREAKOUT,1,0,-0.08835455420393264,0.02524415834399613,-0.2981966204382996
2017-05-31,12:00:00,1262.79,1265.19,1262.15,1264.13,8083,1263.74,1259.62,BULLISH_LONDON_BREAKOUT,1,0,0.2681686218980542,0.35281181524050603,0.19618235466287412
2017-06-01,16:00:00,1266.61,1267.7,1261.45,1263.8,19991,1268.93,1265.74,BEARISH_LONDON_BREAKOUT,0,1,0.32995727172021466,-0.20652001899033864,1.0001582528881232
2017-06-02,12:00:00,1261.87,1263.83,1260.33,1262.36,8121,1262.22,1259.72,BULLISH_LONDON_BREAKOUT,1,0,1.1153712094806676,1.3807471719636288,1.4758072182261883
2017-06-05,16:00:00,1281.01,1283.34,1278.11,1278.57,12554,1282.02,1279.19,BEARISH_LONDON_BREAKOUT,0,1,0.06726264498620547,0.4622351533353733,1.1833532774897042
2017-06-06,12:00:00,1289.26,1293.63,1287.81,1290.52,10248,1289.57,1284.21,BULLISH_LONDON_BREAKOUT,1,0,0.24641229891827046,0.2386634844868679,-0.13405448966308298
2017-06-07,12:00:00,1292.38,1293.56,1287.92,1288.79,12051,1293.57,1290.77,BEARISH_LONDON_BREAKOUT,0,1,0.026381334429980488,-0.3305426019754957,-0.43374017489272254
2017-06-08,12:00:00,1285.79,1286.1,1281.74,1283.2,10092,1288.85,1283.87,BEARISH_LONDON_BREAKOUT,0,1,-0.4823877805486327,-0.2602867830424053,-0.774625935162099
2017-06-09,16:00:00,1273.36,1274.21,1264.57,1267.44,18660,1275.95,1271.2,BEARISH_LONDON_BREAKOUT,0,1,-0.0662753266426928,-0.05049548696586032,-0.1506974689137223
2017-06-12,12:00:00,1266.97,1270.26,1266.59,1268.64,11061,1267.74,1265.49,BULLISH_LONDON_BREAKOUT,1,0,-0.2451444066086618,-0.2766742338251979,-0.36338125867071247
2017-06-12,20:00:00,1265.52,1267.64,1264.98,1265.06,12435,1267.74,1265.49,BEARISH_LONDON_BREAKOUT,1,1,0.005533334387314729,-0.09248573190203195,0.1264762145669088
2017-06-13,16:00:00,1264.08,1265.2,1259.11,1262.89,16959,1266.7,1263.46,BEARISH_LONDON_BREAKOUT,0,1,0.298521644798833,0.5075659796181657,1.0626420353316477
2017-06-14,12:00:00,1266.94,1268.88,1264.77,1266.25,8982,1269.7,1266.58,BEARISH_LONDON_BREAKOUT,0,1,0.7944718657453066,-0.23060217176703438,-0.8134254689042412
2017-06-14,16:00:00,1266.15,1279.42,1264.82,1276.31,30071,1269.7,1266.58,BULLISH_LONDON_BREAKOUT,1,1,-1.2888718258103475,-0.9041690498389863,-1.7472244203994292
2017-06-15,12:00:00,1262.88,1262.91,1253.54,1255.95,14852,1265.08,1260.51,BEARISH_LONDON_BREAKOUT,0,1,-0.1544647478004741,-0.17277757872527352,-0.08678689438274975
2017-06-19,16:00:00,1250.65,1253.29,1247.39,1247.99,18071,1253.13,1249.2,BEARISH_LONDON_BREAKOUT,0,1,-0.2620213302991195,-0.23638009919951644,-0.3389450235979469
2017-06-20,16:00:00,1244.9,1248.04,1241.25,1243.76,16747,1247.6,1244.86,BEARISH_LONDON_BREAKOUT,0,1,-0.09648163632855579,0.19457129992925265,0.028140477262487064
2017-06-21,16:00:00,1244.89,1246.92,1240.78,1244.11,18360,1246.84,1244.73,BEARISH_LONDON_BREAKOUT,0,1,0.16316885162889136,0.6446375320510414,0.5096012410478291
2017-06-22,12:00:00,1252.74,1252.83,1249.28,1250.58,11058,1254.68,1251.8,BEARISH_LONDON_BREAKOUT,0,1,-0.010395176638030496,0.06476994674472428,0.5365510403172957
2017-06-23,12:00:00,1254.05,1258.06,1254.03,1257.29,10915,1254.42,1251.37,BULLISH_LONDON_BREAKOUT,1,0,-0.14077897700609898,0.0023860843560334303,-1.2479221182066234
2017-06-26,12:00:00,1253.82,1253.82,1236.01,1241.6,15648,1254.98,1253.44,BEARISH_LONDON_BREAKOUT,0,1,0.1296713917525876,0.11597938144330337,0.5742590206185655
2017-06-29,12:00:00,1246.81,1247.66,1243.37,1245.09,14128,1252.92,1245.28,BEARISH_LONDON_BREAKOUT,0,1,-0.12207952838750467,0.10441012296301327,-0.13412685026783971
2017-06-30,20:00:00,1242.7,1243.38,1240.26,1241.43,10806,1247.3,1241.88,BEARISH_LONDON_BREAKOUT,0,1,0.022554634574641557,-0.48975777933513404,-1.5933238281659032
2017-07-03,12:00:00,1235.35,1236.48,1232.72,1233.11,10397,1238.18,1234.55,BEARISH_LONDON_BREAKOUT,0,1,-0.8661027807738025,-0.792305633722862,-0.6690400694179757
2017-07-05,12:00:00,1223.62,1223.62,1217.38,1221.38,12595,1227.88,1222.7,BEARISH_LONDON_BREAKOUT,0,1,0.16047421768817313,0.41592297237550363,0.15310550361066097
2017-07-07,16:00:00,1222.43,1228.33,1207.26,1209.46,28946,1222.5,1219.78,BEARISH_LONDON_BREAKOUT,0,1,0.22654738478329245,0.10831280075405102,0.28607808443437865
2017-07-10,12:00:00,1207.41,1215.5,1206.73,1212.16,10345,1211.56,1204.81,BULLISH_LONDON_BREAKOUT,1,0,0.06269799366420199,0.12044614572332109,-0.1476702745512301
2017-07-11,16:00:00,1210.37,1216.84,1208.13,1214.16,15987,1212.44,1209.44,BULLISH_LONDON_BREAKOUT,1,0,0.16801739474204086,0.48922711998417234,0.5600579824734758
2017-07-12,16:00:00,1217.61,1225.67,1213.39,1220.96,26688,1220.48,1217.5,BULLISH_LONDON_BREAKOUT,1,0,-0.07453151618399308,0.19492858078887773,-0.2506224610142794
2017-07-13,12:00:00,1222.14,1223.06,1219.76,1220.13,10065,1224.36,1221.71,BEARISH_LONDON_BREAKOUT,0,1,-0.18276741003008024,-0.21309204756871286,0.17539114684499785
2017-07-14,12:00:00,1217.72,1222.96,1217.62,1222.27,8861,1218.96,1216.28,BULLISH_LONDON_BREAKOUT,1,0,0.5015258494440762,0.6921547612229734,0.9899613015127515
2017-07-17,12:00:00,1230.45,1235.08,1229.43,1234.37,9749,1231.58,1229.3,BULLISH_LONDON_BREAKOUT,1,0,-0.06967116828826851,-0.12719038861929052,0.26734285505968086
2017-07-18,16:00:00,1237.69,1243.36,1237.69,1242.89,23658,1238.79,1235.16,BULLISH_LONDON_BREAKOUT,1,0,-0.07643476092011725,-0.12551392319514781,-0.16493816830131242
2017-07-19,12:00:00,1237.79,1242.44,1236.91,1241.84,10430,1241.57,1235.84,BULLISH_LONDON_BREAKOUT,1,0,-0.08052567158410101,-0.04992591638213384,-0.3575339818333946
2017-07-20,16:00:00,1237.39,1247.5,1236.73,1245.96,28754,1239.94,1236.52,BULLISH_LONDON_BREAKOUT,1,0,-0.18620180423127036,-0.06741789463547349,0.5000160518796766
2017-07-21,12:00:00,1247.82,1249.43,1246.76,1248.86,10955,1248.19,1244.42,BULLISH_LONDON_BREAKOUT,1,0,0.2666431785788763,0.580529442851881,0.5677177585958512
2017-07-24,12:00:00,1253.76,1257.81,1253.14,1255.95,10392,1255.26,1251.86,BULLISH_LONDON_BREAKOUT,1,0,-0.008758310442304814,-0.18870177952944928,-0.4673752936024617
2017-07-25,12:00:00,1253.96,1254.52,1249.05,1250.08,10985,1257.68,1253.32,BEARISH_LONDON_BREAKOUT,0,1,0.09279406118009104,-0.27278254191730567,-0.25438371944194266
2017-07-26,20:00:00,1247.93,1263.46,1247.66,1261.02,25085,1248.2,1243.69,BULLISH_LONDON_BREAKOUT,1,0,-0.06740575090005782,0.07295681273889967,-0.09198902475774229
2017-07-27,16:00:00,1261.46,1265.17,1256.61,1257.52,28903,1264.33,1261.26,BEARISH_LONDON_BREAKOUT,0,1,0.18608053947451478,0.0310134232457615,0.9113175138367611
2017-07-28,16:00:00,1259.4,1270.32,1259.35,1268.98,31758,1260.45,1257.29,BULLISH_LONDON_BREAKOUT,1,0,-0.0055162413907182415,-0.13081372440858657,-0.06540686220428432
2017-07-31,20:00:00,1268.15,1270.17,1266.93,1269.64,11391,1269.28,1265.7,BULLISH_LONDON_BREAKOUT,1,0,-0.17248983963958714,-0.022053495479049185,-0.0606471125673584
2017-08-01,12:00:00,1269.36,1270.34,1264.64,1265.96,11813,1270.66,1267.96,BEARISH_LONDON_BREAKOUT,0,1,0.44709153527756446,0.12954595721822748,0.07662169420834997
2017-08-01,16:00:00,1265.96,1274.04,1262.57,1271.62,24782,1270.66,1267.96,BULLISH_LONDON_BREAKOUT,1,1,-0.21625957440115762,-0.45296550856387846,-0.03302873499943737
2017-08-02,16:00:00,1267.03,1271.8,1262.79,1271.2,21711,1267.7,1264.09,BULLISH_LONDON_BREAKOUT,1,0,-0.36500943989931556,-0.7355254877281416,-0.2100377595972367
2017-08-03,12:00:00,1261.19,1268.0,1260.43,1267.57,11666,1263.21,1259.8,BULLISH_LONDON_BREAKOUT,1,0,0.07573546234133313,0.12385903737073012,0.020511687717442897
2017-08-04,16:00:00,1267.83,1269.43,1254.12,1256.73,26833,1270.1,1267.67,BEARISH_LONDON_BREAKOUT,0,1,0.15914317315572957,0.13606741304815165,0.18778894432375293
2017-08-07,12:00:00,1257.41,1258.42,1255.78,1256.63,10793,1258.58,1257.12,BEARISH_LONDON_BREAKOUT,0,1,0.19576168004900477,0.07639480197033406,0.5697778980288434
2017-08-07,16:00:00,1256.62,1259.79,1255.69,1259.09,14162,1258.58,1257.12,BULLISH_LONDON_BREAKOUT,1,1,-0.15725643123208177,0.05718415681166774,-0.4638270496946142
2017-08-08,12:00:00,1260.23,1265.12,1260.19,1263.79,10520,1260.58,1259.16,BULLISH_LONDON_BREAKOUT,1,0,-0.8339993195071939,-0.15271524541261317,0.4185822011568349
2017-08-08,16:00:00,1263.83,1264.15,1251.44,1253.25,23855,1260.58,1259.16,BEARISH_LONDON_BREAKOUT,1,1,0.6152004787552393,0.9439457410732038,1.5503690404947188
2017-08-09,12:00:00,1267.97,1269.92,1266.45,1269.08,11617,1269.02,1264.34,BULLISH_LONDON_BREAKOUT,1,0,0.2836700602011013,0.5263655561509175,0.9227156680429947
2017-08-10,12:00:00,1278.39,1281.82,1277.73,1280.79,10880,1280.48,1276.28,BULLISH_LONDON_BREAKOUT,1,0,0.2912265086392007,0.44503782821540183,0.5317030894994453
2017-08-11,12:00:00,1286.68,1288.91,1286.38,1287.6,11293,1287.17,1283.93,BULLISH_LONDON_BREAKOUT,1,0,0.0038831935383800793,0.09164336750544141,-0.5187946567256786
2017-08-14,12:00:00,1283.04,1283.25,1278.54,1280.92,11491,1288.08,1281.86,BEARISH_LONDON_BREAKOUT,0,1,0.2826093745120609,-0.14442744277551575,-0.6128407706960728
2017-08-15,20:00:00,1273.24,1275.01,1271.41,1272.34,9715,1276.1,1272.64,BEARISH_LONDON_BREAKOUT,0,1,0.039297672005910375,-0.1666221293050514,0.7277928855494594
2017-08-16,16:00:00,1270.77,1274.24,1267.7,1273.63,16686,1273.52,1269.21,BULLISH_LONDON_BREAKOUT,1,0,0.6257704356838171,1.0701695154793684,0.9045013072870441
2017-08-17,12:00:00,1288.36,1288.88,1283.04,1285.91,14330,1290.08,1286.24,BEARISH_LONDON_BREAKOUT,0,1,-0.05910211445590989,0.19752548778685627,0.7193349456804908
2017-08-18,12:00:00,1292.91,1297.84,1292.73,1295.16,14535,1294.79,1286.73,BULLISH_LONDON_BREAKOUT,1,0,-0.4794774390808885,-0.902591185645021,-0.5852558757219305
2017-08-18,20:00:00,1288.95,1290.62,1283.4,1284.62,27356,1294.79,1286.73,BEARISH_LONDON_BREAKOUT,1,1,-0.08952063645279255,0.26233438682257154,0.5441297815696478
2017-08-21,16:00:00,1287.67,1293.68,1287.29,1289.67,23821,1288.4,1284.4,BULLISH_LONDON_BREAKOUT,1,0,0.15042607798892949,-0.05582823512991907,-0.2093558817371921
2017-08-23,12:00:00,1285.89,1290.42,1285.7,1289.81,10013,1287.19,1284.79,BULLISH_LONDON_BREAKOUT,1,0,-0.1519603662554978,0.052720943394768516,-0.1868492258549596
2017-08-25,16:00:00,1287.45,1294.52,1276.37,1290.4,35439,1287.58,1285.81,BULLISH_LONDON_BREAKOUT,1,0,0.08292002479850714,0.2828580285182783,1.216676999380023
2017-08-28,16:00:00,1298.06,1307.56,1296.74,1306.1,22591,1298.55,1293.81,BULLISH_LONDON_BREAKOUT,1,0,0.4057882244851223,0.7901385805068651,0.7878416660286495
2017-08-29,20:00:00,1316.48,1316.51,1304.97,1308.77,18527,1323.57,1315.81,BEARISH_LONDON_BREAKOUT,0,1,0.00534853335574137,-0.01986598103562818,-0.053485333557465826
2017-08-31,16:00:00,1306.36,1318.65,1305.16,1317.68,31477,1308.11,1302.34,BULLISH_LONDON_BREAKOUT,1,0,0.43789083844332327,0.1684779309088722,0.44016756723938694
2017-09-01,16:00:00,1319.98,1328.76,1316.35,1323.48,41569,1320.1,1317.68,BULLISH_LONDON_BREAKOUT,1,0,0.08386979780577719,0.7533170127240326,0.8039411249130983
2017-09-05,12:00:00,1331.68,1333.93,1326.22,1329.54,15235,1337.47,1330.39,BEARISH_LONDON_BREAKOUT,0,1,0.4317282669193863,0.9018156655685432,0.7288235028656569
2017-09-05,20:00:00,1335.22,1344.25,1335.09,1340.89,23265,1337.47,1330.39,BULLISH_LONDON_BREAKOUT,1,1,0.04772949309785834,-0.2632579853679422,-0.5026512241869212
2017-09-06,16:00:00,1339.25,1340.88,1335.73,1339.85,27656,1339.46,1336.27,BULLISH_LONDON_BREAKOUT,1,0,-0.42542075605476865,-0.37840056722767,0.5306564167630801
2017-09-06,20:00:00,1339.84,1340.2,1331.55,1334.15,18938,1339.46,1336.27,BEARISH_LONDON_BREAKOUT,1,1,-0.06071281340180435,0.2450998763257491,1.0486077277667434
2017-09-07,12:00:00,1337.4,1340.32,1336.93,1338.59,11709,1338.13,1333.95,BULLISH_LONDON_BREAKOUT,1,0,0.6252848146183759,0.7612487766978728,1.0824823134791095
2017-09-08,16:00:00,1353.05,1353.33,1342.71,1347.77,31339,1357.42,1351.81,BEARISH_LONDON_BREAKOUT,0,1,-0.09571366034263737,-0.7605155182264036,-1.090690548090553
2017-09-11,16:00:00,1335.92,1336.05,1331.36,1333.07,21336,1337.96,1334.29,BEARISH_LONDON_BREAKOUT,0,1,-0.4193328182315946,-0.5986182270998536,-0.4418372628594052
2017-09-12,20:00:00,1327.19,1331.8,1325.17,1331.4,23546,1327.3,1323.18,BULLISH_LONDON_BREAKOUT,1,0,-0.04356316659156937,0.06234039357067201,-0.7428270992939837
2017-09-13,12:00:00,1332.23,1334.59,1331.69,1333.14,14551,1332.99,1329.32,BULLISH_LONDON_BREAKOUT,1,0,-0.7861139865280479,-0.8206189897535182,-0.9781418305654462
2017-09-13,16:00:00,1333.11,1333.76,1320.77,1322.66,25682,1332.99,1329.32,BEARISH_LONDON_BREAKOUT,1,1,-0.08694600275203687,-0.08543389835635078,0.18220857968033013
2017-09-14,16:00:00,1320.1,1327.7,1315.6,1325.07,30443,1324.5,1320.03,BULLISH_LONDON_BREAKOUT,1,0,0.1690476729531277,0.336585991683461,-0.1456526824997801
2017-09-15,12:00:00,1327.15,1328.16,1321.37,1322.27,16929,1330.83,1325.0,BEARISH_LONDON_BREAKOUT,0,1,0.06579594182732106,-0.45830276721092855,-0.6844290500427261
2017-09-18,12:00:00,1313.96,1315.99,1312.3,1313.22,13967,1318.3,1313.93,BEARISH_LONDON_BREAKOUT,0,1,-0.41348745830858985,-0.33733875512100514,-0.4211023286273414
2017-09-19,20:00:00,1309.39,1311.6,1305.06,1310.9,11279,1309.68,1306.24,BULLISH_LONDON_BREAKOUT,1,0,-0.00991685101839264,0.11823937752688644,-0.7902967426958676
2017-09-20,12:00:00,1312.43,1315.94,1311.98,1314.3,11626,1314.1,1311.53,BULLISH_LONDON_BREAKOUT,1,0,-0.20695427223617344,-1.1747698394582708,-1.6358517842197366
2017-09-20,20:00:00,1311.58,1315.93,1295.91,1300.54,32725,1314.1,1311.53,BEARISH_LONDON_BREAKOUT,1,1,-0.12917711104618573,-0.43212819290447746,-0.7527642363941104
2017-09-21,12:00:00,1294.93,1298.4,1291.36,1292.8,12670,1299.41,1293.25,BEARISH_LONDON_BREAKOUT,0,1,0.13459158415841654,-0.07503094059406153,0.1910581683168338
2017-09-22,12:00:00,1296.58,1297.6,1294.5,1295.27,12506,1298.61,1295.8,BEARISH_LONDON_BREAKOUT,0,1,0.05327074663970095,-0.25322905649015054,-0.1212102496004645
2017-09-25,16:00:00,1293.68,1306.86,1290.69,1304.85,30316,1294.61,1290.79,BULLISH_LONDON_BREAKOUT,1,0,0.41384067134154046,0.6284247231482581,-0.3486990841859183
2017-09-26,12:00:00,1305.18,1307.15,1300.38,1302.11,14947,1313.26,1304.96,BEARISH_LONDON_BREAKOUT,0,1,-0.1390051531744588,-0.6842739860687541,-0.9661242137760963
2017-09-27,12:00:00,1292.64,1293.29,1286.23,1289.53,13048,1295.53,1290.93,BEARISH_LONDON_BREAKOUT,0,1,-0.3241491085899563,-0.46993865982179134,-0.36214744907059726
2017-09-28,12:00:00,1281.47,1285.66,1280.66,1284.86,13992,1282.7,1277.65,BULLISH_LONDON_BREAKOUT,1,0,-0.06382018274364028,0.15565898230157374,0.19223884314244566
2017-09-29,20:00:00,1283.96,1284.51,1275.92,1279.37,13031,1289.25,1283.51,BEARISH_LONDON_BREAKOUT,0,1,-0.12037174546846993,-0.555742279403136,-0.6409404628840616
2017-10-03,16:00:00,1270.33,1274.68,1269.19,1273.66,12158,1272.3,1268.56,BULLISH_LONDON_BREAKOUT,1,0,-0.1405398615015146,0.1264073614622348,-0.01884333338567664
2017-10-04,12:00:00,1275.87,1281.52,1274.87,1280.94,10011,1278.41,1275.12,BULLISH_LONDON_BREAKOUT,1,0,-0.5870688712976394,-0.5511577435320894,-0.33725233031993407
2017-10-04,16:00:00,1280.99,1282.12,1270.44,1273.42,19446,1278.41,1275.12,BEARISH_LONDON_BREAKOUT,1,1,0.14135163575253684,0.07695811279860676,-0.0565406543010183
2017-10-05,12:00:00,1275.25,1278.92,1275.15,1276.62,8255,1276.13,1273.2,BULLISH_LONDON_BREAKOUT,1,0,-0.3070608325108369,-0.6000219329165966,-0.634487944729043
2017-10-05,16:00:00,1276.62,1278.79,1272.35,1272.7,16712,1276.13,1273.2,BEARISH_LONDON_BREAKOUT,1,1,-0.3394358450538176,-0.3496503496503532,0.1312170975092202
2017-10-06,16:00:00,1268.47,1275.59,1260.54,1274.37,33931,1269.09,1266.99,BULLISH_LONDON_BREAKOUT,1,0,0.14124626285930947,0.6159906463586037,0.5029936360711632
2017-10-10,12:00:00,1286.86,1292.44,1286.86,1292.02,13398,1288.69,1285.54,BULLISH_LONDON_BREAKOUT,1,0,-0.061918546152532825,-0.19349545672667606,-0.13854274701629724
2017-10-11,12:00:00,1289.2,1290.89,1288.49,1290.23,9616,1289.98,1287.07,BULLISH_LONDON_BREAKOUT,1,0,-0.16586190059137518,0.16043651131968226,0.3627260255923412
2017-10-12,16:00:00,1294.91,1295.7,1289.52,1292.19,43037,1297.39,1294.32,BEARISH_LONDON_BREAKOUT,0,1,0.09054396025351112,0.2886572408082417,0.5997570016793196
2017-10-13,12:00:00,1295.57,1296.14,1291.67,1292.35,24718,1298.28,1295.29,BEARISH_LONDON_BREAKOUT,0,1,0.5873022014160363,0.9091964251170349,1.0384183851123978
2017-10-13,16:00:00,1292.29,1302.64,1290.82,1299.94,56356,1298.28,1295.29,BULLISH_LONDON_BREAKOUT,1,1,0.25847346800620796,0.18000830807575102,0.26770466329215337
2017-10-16,12:00:00,1305.15,1305.91,1303.47,1305.77,20694,1305.67,1301.77,BULLISH_LONDON_BREAKOUT,1,0,-0.17997043889811445,-0.835522335480221,-1.2674513888357026
2017-10-16,20:00:00,1303.41,1303.74,1290.31,1294.51,34052,1305.67,1301.77,BEARISH_LONDON_BREAKOUT,1,1,0.027037257340608342,-0.3290820464886321,-0.6952437601872523
2017-10-17,16:00:00,1289.21,1289.32,1281.22,1284.13,51049,1293.01,1287.83,BEARISH_LONDON_BREAKOUT,0,1,0.10746575502479357,0.2009142376550604,-0.2507534283912086
2017-10-18,12:00:00,1282.97,1285.14,1278.79,1278.91,24853,1286.84,1282.27,BEARISH_LONDON_BREAKOUT,0,1,0.15638317004323993,0.1016490605281024,0.6020752046664596
2017-10-19,12:00:00,1284.97,1287.72,1282.44,1286.61,42880,1285.51,1276.6,BULLISH_LONDON_BREAKOUT,1,0,0.06917403098064683,0.25804245264689096,-0.2494928533121777
2017-10-20,16:00:00,1283.39,1284.25,1278.23,1279.4,47900,1285.13,1279.98,BEARISH_LONDON_BREAKOUT,0,1,0.05549476317022111,-0.2430826950132974,-0.05393153040488155
2017-10-23,16:00:00,1275.19,1281.07,1272.39,1278.71,42432,1277.01,1273.89,BULLISH_LONDON_BREAKOUT,1,0,0.26823908470255675,0.28779003839807804,-0.35269920466720295
2017-10-24,12:00:00,1280.65,1280.73,1277.14,1278.27,30301,1283.23,1280.33,BEARISH_LONDON_BREAKOUT,0,1,-0.3183990862650251,-0.1431622427186688,-0.4060175080382122
2017-10-25,16:00:00,1273.08,1279.14,1270.88,1275.83,56122,1274.41,1271.29,BULLISH_LONDON_BREAKOUT,1,0,0.11600291574896486,0.26884459528307564,-0.1645987318059545
2017-10-26,12:00:00,1280.13,1280.15,1276.45,1278.08,29038,1282.38,1279.18,BEARISH_LONDON_BREAKOUT,0,1,-0.3403542814221261,-0.8950926389584242,-0.8544066099148602
2017-10-27,16:00:00,1267.16,1272.81,1263.62,1269.28,60566,1268.47,1264.78,BULLISH_LONDON_BREAKOUT,1,0,0.32695701500063745,0.15756964578343627,0.3923484180007578
2017-10-30,16:00:00,1270.6,1275.07,1269.62,1274.26,44904,1271.66,1268.8,BULLISH_LONDON_BREAKOUT,1,0,0.08946368872915261,0.09966568832106334,-0.36256337011284123
2017-10-31,12:00:00,1276.81,1277.43,1272.12,1273.55,26251,1278.01,1274.89,BEARISH_LONDON_BREAKOUT,0,1,-0.30701582191510773,-0.29131168780181665,0.23320639158258627
2017-11-02,12:00:00,1276.99,1277.1,1273.28,1274.63,27420,1280.41,1276.04,BEARISH_LONDON_BREAKOUT,0,1,0.31146293434171485,0.2283015463310807,-0.028243490267773966
2017-11-03,12:00:00,1274.8,1275.9,1273.34,1274.27,19336,1277.63,1274.41,BEARISH_LONDON_BREAKOUT,0,1,-0.4520235115007017,-0.3029185337487267,-0.1702935798535689
2017-11-06,12:00:00,1268.93,1272.28,1268.93,1272.1,26005,1270.57,1267.48,BULLISH_LONDON_BREAKOUT,1,0,0.055813222230959546,0.6131593428189751,0.30815187485261164
2017-11-07,12:00:00,1278.74,1279.35,1275.11,1276.02,31133,1279.81,1277.92,BEARISH_LONDON_BREAKOUT,0,1,-0.02821272393848842,0.11755301641040108,0.2656698170875143
2017-11-08,12:00:00,1277.5,1282.24,1277.42,1279.41,28675,1279.05,1275.84,BULLISH_LONDON_BREAKOUT,1,0,0.3212418224025058,0.1828968039955853,0.5838628742936218
2017-11-09,12:00:00,1284.22,1288.1,1282.79,1286.88,34035,1285.06,1281.04,BULLISH_LONDON_BREAKOUT,1,0,-0.36600149198060705,-0.07459903021261007,-0.24555514111650514
2017-11-10,20:00:00,1283.63,1284.18,1273.32,1275.6,44301,1285.97,1283.18,BEARISH_LONDON_BREAKOUT,0,1,-0.03841329570398315,0.0619316400125581,0.24851050486046355
2017-11-13,12:00:00,1276.38,1279.31,1275.89,1278.61,27562,1277.55,1275.31,BULLISH_LONDON_BREAKOUT,1,0,0.00234629793292717,-0.06960683867636516,-0.44423240863123525
2017-11-14,12:00:00,1276.1,1276.14,1269.8,1272.93,32646,1277.16,1275.95,BEARISH_LONDON_BREAKOUT,0,1,0.43207403392173954,0.6159018956266188,0.9772729058157028
2017-11-14,16:00:00,1272.85,1282.24,1270.83,1278.43,54830,1277.16,1275.95,BULLISH_LONDON_BREAKOUT,1,1,0.21276096462066965,0.24326713234200542,-0.01016872257379044
2017-11-15,12:00:00,1282.55,1286.08,1282.34,1285.37,40956,1283.58,1280.31,BULLISH_LONDON_BREAKOUT,1,0,-0.5500361763538855,-0.4714595797319017,-0.5671518706675871
2017-11-15,16:00:00,1285.37,1289.39,1277.59,1278.3,64117,1283.58,1280.31,BEARISH_LONDON_BREAKOUT,1,1,-0.039114448877415324,0.0007822889775475949,0.1251662364077397
2017-11-16,16:00:00,1278.08,1281.67,1276.26,1279.9,46813,1278.39,1274.99,BULLISH_LONDON_BREAKOUT,1,0,-0.12422845534808542,0.24376904445658965,0.550042972107193
2017-11-17,16:00:00,1282.91,1287.34,1281.41,1286.94,46614,1283.48,1280.96,BULLISH_LONDON_BREAKOUT,1,0,0.5571355307939644,0.35199776213343065,-0.13287332742785493
2017-11-20,16:00:00,1290.65,1293.44,1284.25,1285.23,48853,1292.24,1289.92,BEARISH_LONDON_BREAKOUT,0,1,-0.6994856951674027,-0.4061529842907517,-0.296444994281175
2017-11-21,12:00:00,1279.86,1281.27,1277.65,1277.75,33984,1280.97,1279.27,BEARISH_LONDON_BREAKOUT,0,1,0.2872236352964252,0.32009391508510415,0.4547055370768887
2017-11-21,16:00:00,1277.73,1284.6,1276.18,1281.42,52621,1280.97,1279.27,BULLISH_LONDON_BREAKOUT,1,1,-0.060869972374395016,-0.13188494014453142,0.5486101356307824
2017-11-22,16:00:00,1283.54,1289.95,1283.03,1288.45,49624,1284.37,1279.63,BULLISH_LONDON_BREAKOUT,1,0,0.43307850518063773,0.09080678334431645,0.20955411540999228
2017-11-23,12:00:00,1289.15,1293.44,1286.82,1291.59,26294,1290.54,1288.51,BULLISH_LONDON_BREAKOUT,1,0,-0.03406653814289575,-0.029421101123412365,-0.34763353695832344
2017-11-24,12:00:00,1291.04,1291.55,1285.49,1287.1,31227,1292.25,1289.47,BEARISH_LONDON_BREAKOUT,0,1,0.1173180017092682,0.012431046538736841,0.547742988112826
2017-11-27,12:00:00,1290.75,1295.4,1290.5,1294.15,32155,1291.23,1289.43,BULLISH_LONDON_BREAKOUT,1,0,0.0672255920874621,0.016999575010609273,0.019317698875709922
2017-11-28,16:00:00,1294.4,1297.28,1290.53,1294.82,36909,1294.69,1292.5,BULLISH_LONDON_BREAKOUT,1,0,-0.21470165737322353,0.046338487202864986,-0.736781946525383
2017-11-28,20:00:00,1294.76,1296.83,1291.5,1292.04,39275,1294.69,1292.5,BEARISH_LONDON_BREAKOUT,1,1,0.1400885421503936,0.28327296368534116,-0.5882170830624369
2017-11-29,12:00:00,1295.77,1296.4,1293.51,1294.46,28454,1296.54,1294.82,BEARISH_LONDON_BREAKOUT,0,1,-0.7091760270692076,-0.8096040047587424,-1.035953216012861
2017-11-30,12:00:00,1282.37,1283.15,1279.53,1281.05,32775,1284.35,1281.5,BEARISH_LONDON_BREAKOUT,0,1,-0.14987705397914566,-0.4863198157761226,-0.3848405604777381
2017-12-01,20:00:00,1274.24,1289.07,1274.04,1279.88,81078,1276.19,1274.08,BULLISH_LONDON_BREAKOUT,1,0,-0.47738850517236986,-0.47973247491953147,-0.3640966340594494
2017-12-04,16:00:00,1273.47,1277.02,1272.17,1275.16,51715,1274.88,1272.44,BULLISH_LONDON_BREAKOUT,1,0,0.004705291884935649,0.005489507199091591,-0.8822422284262367
2017-12-05,16:00:00,1275.68,1275.71,1263.48,1263.91,57159,1276.28,1274.17,BEARISH_LONDON_BREAKOUT,0,1,0.13766803016037604,0.1843485691227957,-0.04509814781117039
2017-12-06,16:00:00,1267.45,1268.38,1262.91,1263.34,53283,1268.91,1265.75,BEARISH_LONDON_BREAKOUT,0,1,0.022163471432866268,0.011081735716442134,-0.8540852027166056
2017-12-07,12:00:00,1258.7,1258.7,1254.61,1255.69,27470,1263.57,1256.06,BEARISH_LONDON_BREAKOUT,0,1,-0.25006171905487024,-0.6968280387675302,-0.7318685344312732
2017-12-08,12:00:00,1249.18,1249.23,1245.18,1246.5,26222,1249.51,1248.17,BEARISH_LONDON_BREAKOUT,0,1,0.08824709185719286,0.15403128760530066,0.2896109105495307
2017-12-11,16:00:00,1250.11,1251.28,1246.2,1247.36,40330,1250.99,1247.95,BEARISH_LONDON_BREAKOUT,0,1,-0.4794125192406195,-0.2589468958440058,-0.825743971267313
2017-12-12,12:00:00,1243.68,1244.51,1242.88,1242.99,22132,1246.09,1243.58,BEARISH_LONDON_BREAKOUT,0,1,-0.4770754390622663,0.023330839347055377,-0.16733843393751577
2017-12-13,12:00:00,1241.68,1242.43,1240.46,1240.91,19010,1244.37,1241.68,BEARISH_LONDON_BREAKOUT,0,1,0.4287176346390903,1.0435889790556783,1.261977097452664
2017-12-13,16:00:00,1240.89,1247.28,1240.12,1246.23,43990,1244.37,1241.68,BULLISH_LONDON_BREAKOUT,1,1,0.8256902818901778,0.8914887300097013,0.5905811928777112
2017-12-14,16:00:00,1256.64,1258.37,1250.35,1253.59,51815,1258.62,1255.35,BEARISH_LONDON_BREAKOUT,0,1,0.11088154819359601,0.06381671838481337,0.051053374707847064
2017-12-15,12:00:00,1256.6,1258.53,1255.98,1257.63,25182,1256.79,1253.9,BULLISH_LONDON_BREAKOUT,1,0,-0.27034978491289896,-0.31090225264983196,0.12006711035837175
2017-12-18,12:00:00,1257.05,1259.37,1256.35,1259.14,27483,1257.48,1254.59,BULLISH_LONDON_BREAKOUT,1,0,0.3462680877424194,0.17075146528581917,0.34706228060421324
2017-12-19,16:00:00,1263.5,1265.11,1260.1,1261.01,42675,1264.48,1261.66,BEARISH_LONDON_BREAKOUT,0,1,0.03727171077152657,0.2307674007343385,0.2743832324882465
2017-12-20,12:00:00,1263.37,1266.28,1263.16,1265.1,22360,1264.17,1262.54,BULLISH_LONDON_BREAKOUT,1,0,-0.04979843490632217,0.09722551576950583,-0.01422812425893892
2017-12-22,12:00:00,1267.86,1269.09,1267.31,1268.3,18878,1267.89,1265.71,BULLISH_LONDON_BREAKOUT,1,0,0.33115193566191325,0.795553102578266,1.1196089253331267
2017-12-26,12:00:00,1278.38,1278.44,1276.92,1277.34,6759,1278.59,1277.66,BEARISH_LONDON_BREAKOUT,0,1,0.3444658430801581,0.36247201215025826,0.5581912411730714
2017-12-26,16:00:00,1277.35,1282.02,1277.24,1281.74,24100,1278.59,1277.66,BULLISH_LONDON_BREAKOUT,1,1,0.05929439667951308,-0.006241515439943142,0.3510852434971211
2017-12-27,16:00:00,1284.47,1287.42,1282.86,1286.24,31926,1284.84,1281.22,BULLISH_LONDON_BREAKOUT,1,0,0.18037069287224283,0.24179002363477267,0.5799850727702479
2017-12-28,16:00:00,1292.66,1294.87,1288.58,1293.7,32605,1292.81,1289.31,BULLISH_LONDON_BREAKOUT,1,0,0.07034088273941828,0.127541161011043,0.68485738579268
2017-12-29,12:00:00,1295.04,1297.4,1294.95,1297.0,18371,1295.98,1294.56,BULLISH_LONDON_BREAKOUT,1,0,0.42868157286044295,0.9468003084040071,1.451040863531221
2018-01-02,16:00:00,1310.07,1314.42,1309.97,1312.12,38016,1310.17,1308.62,BULLISH_LONDON_BREAKOUT,1,0,0.28198640368259353,0.14175532725666307,0.32618967777338964
2018-01-03,12:00:00,1313.56,1316.17,1313.35,1315.54,19800,1315.33,1311.68,BULLISH_LONDON_BREAKOUT,1,0,0.06537239460602698,-0.3428249996199273,-0.2067592015446149
2018-01-04,12:00:00,1310.54,1314.18,1310.4,1312.82,25003,1311.24,1307.07,BULLISH_LONDON_BREAKOUT,1,0,0.5210158285218192,0.6086135189896565,0.3115430904465308
2018-01-05,12:00:00,1318.13,1318.51,1316.2,1316.91,18993,1321.8,1317.56,BEARISH_LONDON_BREAKOUT,0,1,0.14048036691952442,0.19211639367914074,0.2581801337980472
2018-01-09,12:00:00,1317.27,1317.53,1313.17,1314.85,26361,1320.04,1316.63,BEARISH_LONDON_BREAKOUT,0,1,-0.24641594098186176,-0.34984979275201805,0.6700384074229132
2018-01-10,12:00:00,1311.14,1327.6,1311.14,1323.66,47037,1311.56,1309.0,BULLISH_LONDON_BREAKOUT,1,0,-0.3467657857758144,-0.45328860885725936,-0.3475212667905759
2018-01-11,16:00:00,1319.08,1323.37,1317.66,1321.04,55938,1319.42,1315.58,BULLISH_LONDON_BREAKOUT,1,0,0.15215284927027123,0.4647853206564601,0.7645491430993866
2018-01-12,12:00:00,1327.62,1332.99,1326.46,1331.18,33422,1330.2,1326.64,BULLISH_LONDON_BREAKOUT,1,0,-0.0030048528373295587,0.41767454438918444,0.7737496056130616
2018-01-15,20:00:00,1340.95,1341.54,1339.88,1339.93,7544,1344.6,1340.05,BEARISH_LONDON_BREAKOUT,0,1,0.11045353115461391,-0.05373415029143516,-0.09851260886763963
2018-01-16,12:00:00,1339.21,1339.82,1331.66,1334.88,38173,1341.45,1337.81,BEARISH_LONDON_BREAKOUT,0,1,0.028466978305157147,0.4292520676015665,0.16031403571855693
2018-01-17,20:00:00,1335.99,1340.33,1328.81,1328.91,41001,1339.24,1332.89,BEARISH_LONDON_BREAKOUT,0,1,-0.036872323934653894,-0.09481454726053613,-0.027842367052706218
2018-01-22,12:00:00,1331.21,1334.44,1329.96,1332.51,24290,1332.03,1328.27,BULLISH_LONDON_BREAKOUT,1,0,0.15234407246474493,0.04052502420244228,0.306939535162957
2018-01-23,20:00:00,1338.01,1340.48,1336.2,1340.4,29889,1338.05,1335.11,BULLISH_LONDON_BREAKOUT,1,0,0.09922411220530641,0.20143240823633377,1.3115487914055453
2018-01-24,12:00:00,1343.1,1350.82,1343.05,1349.33,38145,1343.76,1339.91,BULLISH_LONDON_BREAKOUT,1,0,0.30163117991893484,0.4846849918107478,0.7270274877161387
2018-01-25,12:00:00,1360.99,1361.08,1356.31,1359.14,35126,1365.92,1359.31,BEARISH_LONDON_BREAKOUT,0,1,-0.11772150036053212,-0.9196992215665788,-0.6474682519828848
2018-01-26,12:00:00,1355.61,1356.94,1349.58,1350.34,36975,1356.96,1350.94,BEARISH_LONDON_BREAKOUT,0,1,0.12737532769524917,0.06072544692449041,-0.28511337885272664
2018-01-29,16:00:00,1346.5,1347.06,1340.32,1341.35,42531,1349.3,1346.32,BEARISH_LONDON_BREAKOUT,0,1,0.11704625936557675,-0.2937339247772638,0.005964140604626281
2018-01-30,12:00:00,1336.17,1346.21,1335.35,1345.19,41375,1338.53,1334.44,BULLISH_LONDON_BREAKOUT,1,0,-0.27951441803759997,-0.4965841256625505,-0.19774158297341504
2018-02-01,12:00:00,1338.76,1341.47,1337.24,1337.69,36626,1345.23,1338.13,BEARISH_LONDON_BREAKOUT,0,1,0.3378959250648492,0.8170801904776022,0.5345035097817777
2018-02-01,20:00:00,1342.2,1346.77,1340.84,1346.74,42894,1345.23,1338.13,BULLISH_LONDON_BREAKOUT,1,1,0.13959635861412611,0.13736875714688127,-1.0521704263629261
2018-02-02,12:00:00,1348.59,1348.95,1343.81,1344.84,34357,1349.28,1346.16,BEARISH_LONDON_BREAKOUT,0,1,-1.0804259242735177,-0.9101454448112793,-0.6112251271526745
2018-02-05,12:00:00,1332.2,1338.57,1332.16,1336.62,39261,1333.43,1329.88,BULLISH_LONDON_BREAKOUT,1,0,-0.08304529335188011,0.28654366985382196,0.4503897891697124
2018-02-06,16:00:00,1342.64,1342.87,1325.89,1328.27,90053,1345.45,1341.67,BEARISH_LONDON_BREAKOUT,0,1,-0.13325603981118161,0.062487295504673544,-0.5593742236141797
2018-02-07,12:00:00,1329.93,1330.9,1327.06,1328.32,38189,1332.3,1328.34,BEARISH_LONDON_BREAKOUT,0,1,-0.5631173211274406,-0.6993796675499853,-1.317453625632378
2018-02-08,16:00:00,1310.81,1316.85,1307.04,1314.32,73373,1313.61,1309.74,BULLISH_LONDON_BREAKOUT,1,0,0.24955870716415884,0.22064641791953946,0.0905411163187089
2018-02-09,12:00:00,1317.58,1317.58,1313.51,1314.57,40951,1320.49,1316.9,BEARISH_LONDON_BREAKOUT,0,1,0.07150627201290571,0.1316019687045968,0.4693549982123488
2018-02-12,12:00:00,1321.5,1322.84,1319.93,1320.74,22209,1324.54,1321.46,BEARISH_LONDON_BREAKOUT,0,1,0.28014597876948116,0.1332586277389941,0.5163771824886001
2018-02-14,12:00:00,1331.85,1333.08,1329.63,1330.27,20962,1336.25,1331.45,BEARISH_LONDON_BREAKOUT,0,1,1.3561156757650676,1.7673103956339684,1.5590819908740339
2018-02-14,16:00:00,1330.33,1349.35,1317.3,1348.31,62568,1336.25,1331.45,BULLISH_LONDON_BREAKOUT,1,1,0.3975346915768723,0.44574318962256393,0.2810926270664731
2018-02-15,12:00:00,1354.66,1357.07,1350.31,1351.01,27536,1355.23,1352.21,BEARISH_LONDON_BREAKOUT,0,1,0.08068037986394758,0.21317384771394063,0.5240523756300788
2018-02-16,20:00:00,1355.46,1356.6,1344.71,1347.43,45118,1359.97,1355.41,BEARISH_LONDON_BREAKOUT,0,1,0.04527136845698106,0.06456736156979516,-0.06159874724476631
2018-02-20,20:00:00,1338.01,1338.37,1328.44,1329.81,34086,1341.82,1337.88,BEARISH_LONDON_BREAKOUT,0,1,0.007519871259814291,-0.3090667087779382,-0.25868357133726283
2018-02-21,16:00:00,1328.13,1332.88,1327.29,1330.08,35765,1328.3,1325.14,BULLISH_LONDON_BREAKOUT,1,0,-0.2789305906411672,-0.46388187176710016,-0.1330747022735461
2018-02-22,16:00:00,1323.23,1331.26,1322.09,1328.31,43209,1324.75,1320.93,BULLISH_LONDON_BREAKOUT,1,0,0.17766936934903202,0.011292544662020986,0.0474286875804676
2018-02-23,12:00:00,1327.32,1330.72,1327.17,1330.62,20800,1328.84,1325.78,BULLISH_LONDON_BREAKOUT,1,0,-0.1262569328583545,-0.26979904104852764,0.5493679638063589
2018-02-26,16:00:00,1337.93,1338.6,1330.42,1332.44,35709,1341.0,1336.34,BEARISH_LONDON_BREAKOUT,0,1,0.025517096454618457,0.05403620425685413,-1.0814745879739487
2018-02-27,16:00:00,1332.3,1333.01,1315.88,1318.03,49465,1334.56,1331.33,BEARISH_LONDON_BREAKOUT,0,1,-0.021243826013062884,-0.04703990045749269,0.04779860852940442
2018-02-28,12:00:00,1318.21,1321.31,1316.92,1319.45,22792,1319.38,1316.9,BULLISH_LONDON_BREAKOUT,1,0,-0.05987343211186204,-0.15764144150973167,-0.671491909507759
2018-03-01,12:00:00,1313.33,1313.34,1310.02,1310.59,22151,1316.04,1312.49,BEARISH_LONDON_BREAKOUT,0,1,-0.36395821729144756,0.48985571383881105,0.8606810673055626
2018-03-01,20:00:00,1305.85,1316.15,1303.93,1316.09,57189,1316.04,1312.49,BULLISH_LONDON_BREAKOUT,1,2,0.06990403391865851,0.08965952176523366,0.45817535274943
2018-03-02,12:00:00,1317.26,1323.96,1315.7,1321.87,28692,1319.12,1315.91,BULLISH_LONDON_BREAKOUT,1,0,-0.1255796712233317,0.0922934933087238,0.13617072783255404
2018-03-05,12:00:00,1326.61,1327.69,1323.42,1323.67,26879,1327.73,1324.76,BEARISH_LONDON_BREAKOUT,0,1,-0.1677155182182891,-0.20775570950463482,0.30219012291583247
2018-03-06,12:00:00,1320.63,1328.16,1320.54,1327.67,32808,1324.26,1320.49,BULLISH_LONDON_BREAKOUT,1,0,0.6326873394744073,0.8556343067177763,0.25006213893512214
2018-03-07,12:00:00,1332.36,1333.8,1330.54,1330.99,26038,1335.21,1331.78,BEARISH_LONDON_BREAKOUT,0,1,-0.2915123329251241,-0.48610432835708967,-0.45680283097543384
2018-03-08,12:00:00,1328.22,1328.44,1323.98,1324.91,22796,1329.0,1326.62,BEARISH_LONDON_BREAKOUT,0,1,-0.4204059143640069,-0.30039776286691305,-0.3622887592364901
2018-03-09,12:00:00,1318.77,1320.92,1317.98,1320.11,18926,1319.46,1317.01,BULLISH_LONDON_BREAKOUT,1,0,0.17119785472422686,0.22422373893084946,-0.33254804523864473
2018-03-12,12:00:00,1322.16,1322.62,1315.04,1315.72,21470,1324.13,1321.35,BEARISH_LONDON_BREAKOUT,0,1,0.1846897516188903,0.6999969598394823,0.2447329218982783
2018-03-13,16:00:00,1319.0,1327.62,1313.73,1326.4,57994,1321.43,1317.13,BULLISH_LONDON_BREAKOUT,1,0,-0.04071170084440523,0.11082629674304884,-0.1372135102533296
2018-03-14,16:00:00,1326.13,1328.5,1321.46,1324.58,50080,1330.01,1324.65,BEARISH_LONDON_BREAKOUT,0,1,0.04378746470580521,0.1532561264702753,-0.6145344184571617
2018-03-15,12:00:00,1324.84,1325.01,1321.83,1322.27,21634,1327.88,1324.34,BEARISH_LONDON_BREAKOUT,0,1,-0.44090843776232747,-0.48779749975421405,-0.133860709234875
2018-03-16,12:00:00,1318.0,1321.72,1317.82,1320.5,17096,1318.71,1316.01,BULLISH_LONDON_BREAKOUT,1,0,-0.5634229458538473,-0.5558500567966618,-0.7890950397576731
2018-03-16,16:00:00,1320.46,1320.77,1309.6,1313.06,43313,1318.71,1316.01,BEARISH_LONDON_BREAKOUT,1,1,0.03122477266842961,-0.08148904086636836,0.38688254915998926
2018-03-19,16:00:00,1310.07,1319.03,1309.95,1318.14,40098,1312.6,1307.76,BULLISH_LONDON_BREAKOUT,1,0,-0.1062102659808587,-0.12821096393403236,-0.5052574081660584
2018-03-20,12:00:00,1315.28,1316.42,1311.73,1311.74,21858,1316.89,1314.36,BEARISH_LONDON_BREAKOUT,0,1,-0.019821001113024754,-0.13112354582463195,0.27215759220576763
2018-03-21,16:00:00,1315.26,1326.57,1315.09,1324.9,40736,1316.82,1312.74,BULLISH_LONDON_BREAKOUT,1,0,0.6475960449845216,0.42795682693032266,0.2845497773416848
2018-03-23,16:00:00,1341.15,1350.2,1340.47,1349.7,52515,1343.2,1337.55,BULLISH_LONDON_BREAKOUT,1,0,-0.16225827961769684,-0.16374009039045984,0.3059939245758229
2018-03-26,16:00:00,1347.64,1355.84,1347.22,1353.83,37125,1349.19,1343.46,BULLISH_LONDON_BREAKOUT,1,0,0.06056890451535006,-0.08420555017985071,-0.8708626637022346
2018-03-27,12:00:00,1355.32,1356.29,1348.12,1348.51,22534,1356.84,1352.04,BEARISH_LONDON_BREAKOUT,0,1,-0.47978880393916457,-0.23210803034459376,-0.8468606091167343
2018-03-28,12:00:00,1341.15,1342.56,1336.55,1337.09,32823,1346.67,1339.85,BEARISH_LONDON_BREAKOUT,0,1,-0.480895078117392,-0.8107158082103612,-0.9019587312746297
2018-03-29,16:00:00,1325.04,1326.55,1321.63,1322.38,39140,1328.3,1322.93,BEARISH_LONDON_BREAKOUT,0,1,0.11191941801901048,0.3206340083788156,0.8393956351426902
2018-04-02,12:00:00,1332.1,1335.01,1331.15,1333.48,13349,1332.45,1328.39,BULLISH_LONDON_BREAKOUT,1,0,0.3749587545370009,0.6066832648408613,0.3194648588655241
2018-04-03,16:00:00,1337.68,1341.15,1328.88,1332.07,50607,1342.02,1337.41,BEARISH_LONDON_BREAKOUT,0,1,-0.038286276246743106,0.19293280383164277,0.18092142304834447
2018-04-04,12:00:00,1339.66,1347.13,1339.52,1346.73,40341,1339.92,1333.03,BULLISH_LONDON_BREAKOUT,1,0,-0.909610686626124,-0.9846071595642772,-1.3365708048383864
2018-04-06,16:00:00,1322.95,1335.42,1320.59,1332.2,63435,1330.45,1319.5,BULLISH_LONDON_BREAKOUT,1,0,0.03678126407446398,0.022519141270076152,0.08857528899565108
2018-04-09,20:00:00,1333.38,1337.95,1332.21,1337.22,31058,1333.48,1328.51,BULLISH_LONDON_BREAKOUT,1,0,-0.055338687725281485,0.0014956402087900127,0.24678063445057316
2018-04-10,16:00:00,1336.47,1340.93,1335.57,1338.6,46803,1337.75,1331.06,BULLISH_LONDON_BREAKOUT,1,0,0.1434334379202206,0.21739130434783221,1.691319288809211
2018-04-11,12:00:00,1344.84,1351.41,1342.54,1348.78,32294,1345.38,1341.0,BULLISH_LONDON_BREAKOUT,1,0,0.9237978024585208,0.3047198208751707,-0.281736087427153
2018-04-12,12:00:00,1348.79,1350.16,1343.82,1344.98,36072,1352.21,1348.34,BEARISH_LONDON_BREAKOUT,0,1,-0.5197103302651347,-0.5368109562967499,-0.6379277015271548
2018-04-13,16:00:00,1336.58,1346.62,1335.57,1345.14,49146,1340.99,1336.24,BULLISH_LONDON_BREAKOUT,1,0,-0.0052039192946580805,0.15983466404982855,0.15314391067100416
2018-04-18,12:00:00,1346.11,1350.98,1343.39,1350.09,31203,1346.39,1342.27,BULLISH_LONDON_BREAKOUT,1,0,0.060736691627977665,0.03481249398188471,0.034071802620568734
2018-04-19,12:00:00,1352.89,1353.13,1344.63,1350.55,30848,1354.65,1350.8,BEARISH_LONDON_BREAKOUT,0,1,-0.5930917033801038,-0.45537003443040713,-0.7471030320980281
2018-04-20,16:00:00,1340.47,1344.22,1334.94,1337.96,43983,1344.44,1340.38,BEARISH_LONDON_BREAKOUT,0,1,-0.18834643786062227,-0.2802774372925947,-1.1525008221471547
2018-04-23,12:00:00,1331.85,1332.19,1326.77,1328.61,27519,1335.43,1331.28,BEARISH_LONDON_BREAKOUT,0,1,-0.45686845650717195,-0.307840525060019,-0.14827526512669634
2018-04-24,16:00:00,1326.64,1330.72,1323.4,1329.21,48422,1328.49,1324.52,BULLISH_LONDON_BREAKOUT,1,0,0.17077813137126427,-0.0850129024006823,-0.601108929364059
2018-04-25,12:00:00,1323.59,1325.71,1320.25,1320.69,25091,1328.56,1323.23,BEARISH_LONDON_BREAKOUT,0,1,0.040130537824922784,0.1484072719563286,0.1741513905609912
2018-04-26,12:00:00,1323.52,1325.76,1321.37,1322.99,24675,1326.57,1323.05,BEARISH_LONDON_BREAKOUT,0,1,-0.5026493019599612,-0.38095526043280475,-0.3431620798343119
2018-04-27,12:00:00,1317.49,1321.1,1316.26,1318.45,24411,1317.86,1315.37,BULLISH_LONDON_BREAKOUT,1,0,0.24498464105578657,0.3708900602980676,-0.35875459820243605
2018-04-30,12:00:00,1317.7,1317.98,1312.65,1313.72,19983,1322.3,1316.71,BEARISH_LONDON_BREAKOUT,0,1,0.11950796212282194,0.1096123983801765,-0.4034345218159086
2018-05-01,12:00:00,1310.7,1311.12,1307.53,1308.42,20771,1312.67,1310.31,BEARISH_LONDON_BREAKOUT,0,1,-0.19183442625456587,-0.2208770883966998,0.06878525244186602
2018-05-02,16:00:00,1309.32,1310.66,1304.04,1306.7,46796,1311.61,1307.66,BEARISH_LONDON_BREAKOUT,0,1,-0.16912833856279455,0.14616974056783152,0.5471799188796099
2018-05-03,12:00:00,1309.23,1318.06,1308.33,1317.66,33810,1310.39,1306.44,BULLISH_LONDON_BREAKOUT,1,0,-0.2891489458585806,-0.3688356632211744,-0.4788792252933361
2018-05-04,20:00:00,1311.46,1315.04,1310.54,1314.6,24970,1313.74,1309.4,BULLISH_LONDON_BREAKOUT,1,0,0.003803438308244478,-0.11029971093867473,-0.025102692834316695
2018-05-07,12:00:00,1313.15,1314.84,1310.84,1310.95,19666,1317.52,1311.6,BEARISH_LONDON_BREAKOUT,0,1,0.22502765170296699,0.3684351043136601,0.01067927838589364
2018-05-08,16:00:00,1311.11,1311.96,1305.92,1310.64,44575,1314.79,1310.69,BEARISH_LONDON_BREAKOUT,0,1,0.28764573033021895,0.009918818287239955,0.20524323994383104
2018-05-09,12:00:00,1306.06,1313.32,1305.14,1311.35,30485,1311.32,1304.28,BULLISH_LONDON_BREAKOUT,1,0,0.15098943836504505,0.08159530255081891,0.4849963777786348
2018-05-10,12:00:00,1311.76,1318.15,1311.5,1317.71,28468,1315.54,1310.72,BULLISH_LONDON_BREAKOUT,1,0,0.11611052507759466,0.2549878197782441,0.5957304718033488
2018-05-11,12:00:00,1321.61,1325.76,1321.6,1325.56,22667,1322.01,1318.45,BULLISH_LONDON_BREAKOUT,1,0,-0.27384652524215286,-0.4111469869338276,-0.5077099490026871
2018-05-11,20:00:00,1321.94,1322.53,1316.86,1317.93,22020,1322.01,1318.45,BEARISH_LONDON_BREAKOUT,1,1,0.16541090953236032,0.24963389557866983,-0.340685772385484
2018-05-14,12:00:00,1321.23,1321.76,1318.27,1318.83,19937,1321.59,1319.05,BEARISH_LONDON_BREAKOUT,0,1,0.056110340225806896,-0.38670639885352237,-0.9038314263400018
2018-05-15,12:00:00,1310.87,1311.33,1306.14,1306.91,23961,1313.94,1310.65,BEARISH_LONDON_BREAKOUT,0,1,-1.019963119113034,-1.0796458822719335,-1.394893297931764
2018-05-16,12:00:00,1295.5,1295.88,1286.66,1288.68,31335,1296.87,1293.29,BEARISH_LONDON_BREAKOUT,0,1,0.08303069807864918,0.2390042524133165,-0.023279634975320058
2018-05-18,16:00:00,1288.67,1292.96,1286.06,1291.38,42113,1291.1,1288.1,BULLISH_LONDON_BREAKOUT,1,0,0.08518019483032949,-0.2253403335966239,-0.14945252365686812
2018-05-21,16:00:00,1284.91,1290.29,1284.12,1289.45,34812,1288.66,1282.0,BULLISH_LONDON_BREAKOUT,1,0,0.21094264996704232,0.0721237737019709,0.24584125014539882
2018-05-22,12:00:00,1292.54,1296.04,1292.54,1295.29,24238,1292.67,1287.9,BULLISH_LONDON_BREAKOUT,1,0,-0.20613144546781592,-0.14205313095908392,0.10113565301978288
2018-05-23,12:00:00,1293.24,1298.28,1291.76,1296.6,35281,1293.51,1289.15,BULLISH_LONDON_BREAKOUT,1,0,-0.3771402128644048,-0.12879839580439964,-0.0478173685022282
2018-05-24,16:00:00,1296.01,1306.59,1296.0,1304.63,47050,1297.48,1292.72,BULLISH_LONDON_BREAKOUT,1,0,-0.013030514398723988,-0.1747621931122387,-0.042157546584102916
2018-05-25,12:00:00,1303.38,1306.69,1303.33,1304.32,30533,1304.13,1301.74,BULLISH_LONDON_BREAKOUT,1,0,-0.018400392541708256,-0.4247423945044133,-0.4063420019627051
2018-05-25,20:00:00,1304.07,1304.67,1299.83,1300.52,21366,1304.13,1301.74,BEARISH_LONDON_BREAKOUT,1,1,-0.13379263679143796,-0.23913511518468766,-0.19223079998769724
2018-05-29,12:00:00,1297.12,1306.57,1297.05,1302.18,48739,1299.73,1295.97,BULLISH_LONDON_BREAKOUT,1,0,0.04146892134727638,-0.008447372867048128,-0.3593973183430911
2018-05-30,16:00:00,1297.51,1302.65,1297.35,1301.89,53212,1300.46,1295.86,BULLISH_LONDON_BREAKOUT,1,0,0.017666623140187788,0.05223175537102491,-0.07450706280868792
2018-05-31,16:00:00,1304.61,1306.21,1298.04,1300.92,62311,1306.43,1301.87,BEARISH_LONDON_BREAKOUT,0,1,-0.11991513697999667,-0.1867908864495944,-0.34590904898072133
2018-06-01,12:00:00,1299.15,1300.06,1294.3,1294.96,24844,1299.94,1297.81,BEARISH_LONDON_BREAKOUT,0,1,0.11274479520603234,-0.17529498980663355,0.1243281645765043
2018-06-04,12:00:00,1292.71,1296.81,1292.51,1296.57,22633,1294.47,1290.15,BULLISH_LONDON_BREAKOUT,1,0,-0.20052908828678043,-0.39180298788340995,-0.4026007080219369
2018-06-05,16:00:00,1291.35,1297.56,1290.54,1297.1,33828,1294.03,1289.69,BULLISH_LONDON_BREAKOUT,1,0,-0.030067072700630075,0.022357566879977718,0.2073857065762127
2018-06-06,12:00:00,1298.2,1298.42,1293.73,1295.99,22412,1299.36,1296.31,BEARISH_LONDON_BREAKOUT,0,1,0.2932121389825504,0.09722297239947769,0.2847244191699052
2018-06-06,16:00:00,1295.89,1301.76,1295.2,1299.79,36196,1299.36,1296.31,BULLISH_LONDON_BREAKOUT,1,1,-0.21080328360735265,-0.22157425430260905,-0.13540648874048813
2018-06-07,12:00:00,1298.49,1299.68,1297.44,1299.68,19456,1299.11,1295.89,BULLISH_LONDON_BREAKOUT,1,0,-0.12695432721901476,-0.19004678074603187,-0.13234026837375565
2018-06-11,16:00:00,1296.96,1302.2,1296.76,1301.18,28814,1299.48,1296.43,BULLISH_LONDON_BREAKOUT,1,0,-0.06071412102860201,-0.2928111406569554,-0.24823621635746154
2018-06-12,20:00:00,1297.98,1298.09,1294.37,1296.09,18326,1298.47,1296.29,BEARISH_LONDON_BREAKOUT,0,1,-0.054008595082117604,-0.1743706069794529,0.30244813245994284
2018-06-13,16:00:00,1293.85,1298.98,1293.85,1297.69,24396,1295.75,1293.58,BULLISH_LONDON_BREAKOUT,1,0,0.1787792153750076,0.11404880980819905,0.5147608442694199
2018-06-14,16:00:00,1303.24,1309.28,1301.62,1304.37,49185,1303.51,1298.81,BULLISH_LONDON_BREAKOUT,1,0,-0.14259757584120303,-0.24149589456978188,-2.0408319725231254
2018-06-15,16:00:00,1298.13,1299.37,1276.69,1277.75,48465,1301.88,1297.39,BEARISH_LONDON_BREAKOUT,0,1,0.19096067305811423,0.19956955585990646,0.023478771277632912
2018-06-18,16:00:00,1279.18,1281.79,1277.78,1278.05,27653,1281.02,1278.42,BEARISH_LONDON_BREAKOUT,0,1,0.02660302805055714,0.4459919408473883,-0.1963929423731459
2018-06-19,12:00:00,1281.94,1282.54,1272.1,1272.5,25800,1283.99,1279.02,BEARISH_LONDON_BREAKOUT,0,1,0.2388998035363429,0.1917485265225976,0.13595284872298768
2018-06-20,20:00:00,1274.24,1274.43,1268.29,1269.39,18695,1274.97,1272.95,BEARISH_LONDON_BREAKOUT,0,1,-0.003938899786525961,-0.3474109611703323,-0.1630704511615944
2018-06-21,16:00:00,1264.11,1268.95,1261.29,1267.5,32963,1265.94,1261.9,BULLISH_LONDON_BREAKOUT,1,0,-0.014201183431957686,0.029191321499005194,0.07495069033530931
2018-06-25,12:00:00,1267.32,1270.51,1266.3,1269.4,13860,1267.77,1264.4,BULLISH_LONDON_BREAKOUT,1,0,-0.24657318418151164,-0.2765085867338893,-1.031983614305982
2018-06-26,12:00:00,1260.77,1260.77,1255.47,1256.3,18057,1264.56,1260.48,BEARISH_LONDON_BREAKOUT,0,1,0.3645626044734661,0.1440738677067536,0.23561251293481147
2018-06-27,12:00:00,1258.12,1260.05,1255.36,1259.26,26301,1258.33,1254.11,BULLISH_LONDON_BREAKOUT,1,0,-0.3930880040658836,-0.5090291123358227,-0.5558820259517494
2018-06-27,20:00:00,1254.3,1255.2,1250.59,1251.78,23482,1258.33,1254.11,BEARISH_LONDON_BREAKOUT,1,1,0.08547827893079746,-0.16137020882263511,-0.28838933358896135
2018-06-28,20:00:00,1250.29,1250.79,1245.84,1248.17,18644,1253.14,1248.66,BEARISH_LONDON_BREAKOUT,0,1,0.027239879183117537,0.13219353132985598,0.36613602313786875
2018-07-02,16:00:00,1249.14,1250.75,1243.35,1243.64,27625,1251.41,1247.54,BEARISH_LONDON_BREAKOUT,0,1,-0.29912193239201273,-0.32002830401080845,1.0324531214820942
2018-07-03,12:00:00,1245.15,1248.1,1244.1,1247.77,20298,1245.21,1237.82,BULLISH_LONDON_BREAKOUT,1,0,0.6980453128381061,0.5730222717327785,0.5529865279658984
2018-07-04,12:00:00,1257.94,1258.18,1253.94,1254.67,14072,1261.07,1255.99,BEARISH_LONDON_BREAKOUT,0,1,0.11716228171551302,0.177735978384756,-0.07651414316115285
2018-07-09,12:00:00,1261.05,1265.84,1260.19,1264.84,16178,1262.09,1258.49,BULLISH_LONDON_BREAKOUT,1,0,-0.37949463963821156,-0.5170614465070653,-1.2823756364441374
2018-07-09,20:00:00,1260.03,1260.74,1257.82,1258.13,15312,1262.09,1258.49,BEARISH_LONDON_BREAKOUT,1,1,0.013512117189785264,-0.11763490259353311,-0.2209628575743524
2018-07-10,12:00:00,1256.65,1256.85,1247.28,1248.62,21819,1259.59,1255.01,BEARISH_LONDON_BREAKOUT,0,1,0.5862472169275011,0.5814419118707228,0.005606189232926248
2018-07-11,12:00:00,1252.65,1253.36,1248.25,1248.69,19840,1252.95,1250.01,BEARISH_LONDON_BREAKOUT,0,1,-0.13534183824648668,-0.4821052462981189,-0.34035669381511824
2018-07-12,16:00:00,1244.46,1248.5,1243.34,1247.4,28706,1246.29,1242.22,BULLISH_LONDON_BREAKOUT,1,0,-0.034471701138372904,-0.0913900913900994,-0.4288920955587731
2018-07-13,12:00:00,1241.71,1242.36,1237.75,1237.83,21444,1246.52,1241.14,BEARISH_LONDON_BREAKOUT,0,1,0.3409191892263096,0.2649798437588338,0.45967539969139987
2018-07-16,16:00:00,1243.61,1244.06,1238.47,1239.55,28503,1245.51,1241.77,BEARISH_LONDON_BREAKOUT,0,1,0.12585212375458396,0.1581218990762806,-0.9769674478641361
2018-07-17,12:00:00,1243.87,1244.94,1239.69,1239.97,17177,1244.46,1240.45,BEARISH_LONDON_BREAKOUT,0,1,-1.010508318749645,-1.0387348081002048,-1.3976144584143106
2018-07-19,12:00:00,1218.67,1220.06,1214.77,1215.83,21500,1225.3,1217.92,BEARISH_LONDON_BREAKOUT,0,1,0.019739601753535372,0.6242649054555445,0.727075331255204
2018-07-20,12:00:00,1223.27,1226.69,1222.46,1224.67,24415,1224.64,1218.63,BULLISH_LONDON_BREAKOUT,1,0,0.35438118023630183,0.6622192100729094,0.5487192468175122
2018-07-23,16:00:00,1231.34,1231.85,1223.77,1225.01,30485,1232.72,1228.69,BEARISH_LONDON_BREAKOUT,0,1,-0.011428478134880534,-0.26367131696884255,-0.05877503040791727
2018-07-24,12:00:00,1224.15,1228.12,1223.11,1227.82,24303,1225.49,1218.1,BULLISH_LONDON_BREAKOUT,1,0,-0.2875014252903498,-0.22234529491293661,0.35998762033523424
2018-07-25,12:00:00,1226.12,1233.08,1225.44,1232.24,23681,1228.02,1223.56,BULLISH_LONDON_BREAKOUT,1,0,-0.31243913523338873,0.06573394793221657,-0.3465234045315833
2018-07-26,16:00:00,1227.95,1230.53,1225.65,1226.28,36340,1231.67,1226.91,BEARISH_LONDON_BREAKOUT,0,1,-0.2911243761620459,-0.2022376618716784,0.022017809961834313
2018-07-27,12:00:00,1224.18,1224.23,1217.51,1219.42,18686,1225.35,1222.61,BEARISH_LONDON_BREAKOUT,0,1,0.5847042036377853,0.24601859900608486,0.21485624313197182
2018-07-27,16:00:00,1219.42,1227.32,1218.8,1226.55,32116,1225.35,1222.61,BULLISH_LONDON_BREAKOUT,1,1,-0.3049203049203057,-0.5185275773510987,-0.24703436468142126
2018-07-30,16:00:00,1221.94,1225.03,1220.94,1223.52,18976,1222.32,1218.96,BULLISH_LONDON_BREAKOUT,1,0,-0.18879952922714344,-0.19043415718581855,0.03432718713221466
2018-07-31,16:00:00,1220.21,1225.13,1213.93,1223.94,36226,1222.8,1218.03,BULLISH_LONDON_BREAKOUT,1,0,0.05392421197116316,-0.17811330620782584,-0.40688269032795876
2018-08-01,12:00:00,1221.22,1224.68,1221.16,1222.32,17121,1221.99,1219.95,BULLISH_LONDON_BREAKOUT,1,0,-0.27488709994108745,-0.37633352968125444,-0.6544930950978468
2018-08-01,16:00:00,1222.35,1223.54,1216.54,1218.96,27087,1221.99,1219.95,BEARISH_LONDON_BREAKOUT,1,1,-0.23298549583252492,0.050863030780328375,-0.4167487038130806
2018-08-02,12:00:00,1217.37,1218.3,1213.19,1214.32,22520,1220.42,1217.02,BEARISH_LONDON_BREAKOUT,0,1,-0.03623427103233309,-0.495750708215296,-0.21658212003424815
2018-08-03,12:00:00,1204.4,1212.78,1204.4,1211.69,21576,1208.14,1204.45,BULLISH_LONDON_BREAKOUT,1,0,0.48774851653474516,0.2558410154412357,-0.250063960253858
2018-08-06,12:00:00,1212.24,1213.07,1208.27,1208.66,15297,1216.12,1211.23,BEARISH_LONDON_BREAKOUT,0,1,0.15968096900698595,-0.0016547250674285416,0.5286846590438893
2018-08-07,12:00:00,1210.53,1216.1,1210.18,1215.05,16456,1213.79,1209.37,BULLISH_LONDON_BREAKOUT,1,0,-0.21892103205628202,-0.21892103205628202,-0.44689518949837975
2018-08-08,12:00:00,1214.58,1214.9,1209.4,1209.62,14701,1215.82,1212.36,BEARISH_LONDON_BREAKOUT,0,1,0.017360824060451745,0.30009424447348004,0.40095236520561306
2018-08-10,12:00:00,1208.92,1214.13,1207.18,1213.42,25086,1212.87,1205.7,BULLISH_LONDON_BREAKOUT,1,0,-0.11207990638032399,-0.08982874849599853,-1.2032107596710238
2018-08-13,12:00:00,1204.41,1205.93,1194.79,1198.82,19139,1209.46,1203.51,BEARISH_LONDON_BREAKOUT,0,1,-0.22021654627048873,-0.5054970721209143,-0.3078026726280699
2018-08-14,16:00:00,1195.11,1198.67,1194.73,1196.55,19067,1196.07,1193.27,BULLISH_LONDON_BREAKOUT,1,0,-0.1938907692950513,-0.7170615519618844,-1.6789937737662377
2018-08-15,16:00:00,1186.73,1187.53,1176.32,1176.46,29249,1189.46,1186.42,BEARISH_LONDON_BREAKOUT,0,1,-0.1632014688132255,-0.32300290702615936,0.2422521802696147
2018-08-16,12:00:00,1176.9,1182.02,1176.63,1180.6,16522,1178.61,1171.49,BULLISH_LONDON_BREAKOUT,1,0,-0.10926647467389156,-0.4472302219210548,-0.3472810435371768
2018-08-17,16:00:00,1176.5,1180.44,1175.4,1177.99,18543,1177.63,1173.42,BULLISH_LONDON_BREAKOUT,1,0,0.5246224501056939,0.6519579962478513,0.7334527457788351
2018-08-20,20:00:00,1186.58,1190.79,1186.53,1190.06,8559,1188.49,1185.19,BULLISH_LONDON_BREAKOUT,1,0,0.08823084550358423,0.32435339394653445,0.3151101625128145
2018-08-21,12:00:00,1193.93,1195.8,1192.03,1192.55,16226,1196.3,1193.58,BEARISH_LONDON_BREAKOUT,0,1,-0.2599471720263225,0.28845750702277095,0.5676910821349195
2018-08-22,12:00:00,1194.05,1200.24,1193.1,1199.32,17181,1195.87,1192.54,BULLISH_LONDON_BREAKOUT,1,0,-0.28766300903845893,-0.35770269819564116,-0.8062902311309614
2018-08-23,20:00:00,1188.95,1189.17,1183.8,1185.19,12182,1192.87,1186.28,BEARISH_LONDON_BREAKOUT,0,1,-0.062437246348687477,0.3206236974662252,1.7457116580463936
2018-08-24,12:00:00,1188.99,1193.3,1188.89,1191.91,14870,1190.14,1186.71,BULLISH_LONDON_BREAKOUT,1,0,1.3776207935162759,1.3256034432129904,1.1838142141604566
2018-08-27,16:00:00,1206.02,1212.33,1205.25,1209.36,15478,1207.4,1204.15,BULLISH_LONDON_BREAKOUT,1,0,0.08268836409340478,-0.02480650922801767,-0.057054971224435015
2018-08-28,12:00:00,1210.8,1214.21,1210.51,1212.62,15848,1212.39,1208.45,BULLISH_LONDON_BREAKOUT,1,0,-0.3257409575959343,-0.8246606521416437,-0.860121060183721
2018-08-28,20:00:00,1208.67,1208.88,1199.53,1201.13,14045,1212.39,1208.45,BEARISH_LONDON_BREAKOUT,1,1,0.12404985305502167,0.11738945826012623,0.42709781622304677
2018-08-29,20:00:00,1204.15,1206.41,1204.13,1206.26,7277,1205.84,1201.38,BULLISH_LONDON_BREAKOUT,1,0,0.07378177175734088,-0.25036061877207083,-0.4907731334869823
2018-08-30,16:00:00,1204.09,1206.74,1196.17,1199.1,20346,1205.06,1200.41,BEARISH_LONDON_BREAKOUT,0,1,0.10341089150196056,0.2952214160620625,0.08339588024351598
2018-08-31,16:00:00,1203.93,1205.02,1199.22,1200.1,22630,1208.31,1202.64,BEARISH_LONDON_BREAKOUT,0,1,0.05666194483793548,-0.0408299308390975,0.05916173652195954
2018-09-04,16:00:00,1194.06,1195.56,1189.56,1191.67,21377,1201.16,1193.87,BEARISH_LONDON_BREAKOUT,0,1,0.12251713981219936,0.15608347948676227,0.417900928948452
2018-09-05,16:00:00,1193.59,1198.37,1193.43,1196.65,22763,1195.81,1191.81,BULLISH_LONDON_BREAKOUT,1,0,0.026741319516979594,0.12284293653113272,0.1888605690887052
2018-09-06,12:00:00,1198.95,1206.39,1198.91,1204.74,29945,1199.55,1195.74,BULLISH_LONDON_BREAKOUT,1,0,-0.4839218420572013,-0.30546009927453754,-0.28885900692265704
2018-09-07,16:00:00,1201.26,1202.11,1193.41,1197.01,25152,1202.07,1198.23,BEARISH_LONDON_BREAKOUT,0,1,-0.09857895924011192,-0.22472661047109505,-0.025062447264430084
2018-09-10,16:00:00,1192.63,1198.49,1191.44,1196.71,14921,1196.06,1191.6,BULLISH_LONDON_BREAKOUT,1,0,-0.11197366112091864,-0.23313918994576494,-0.08941180402937524
2018-09-12,16:00:00,1193.92,1204.26,1192.92,1202.27,20410,1196.53,1192.63,BULLISH_LONDON_BREAKOUT,1,0,0.32105932943516247,0.27531253379024223,0.04241975596163848
2018-09-13,16:00:00,1205.9,1212.6,1201.46,1202.78,30731,1206.68,1203.33,BEARISH_LONDON_BREAKOUT,0,1,-0.0681753936713228,0.21117743893313523,-0.4813847918987649
2018-09-14,16:00:00,1204.49,1206.91,1195.76,1196.99,23704,1208.52,1204.08,BEARISH_LONDON_BREAKOUT,0,1,-0.2974126767976295,-0.1503771961336314,0.49373846063877574
2018-09-17,12:00:00,1196.73,1198.58,1195.86,1197.53,16372,1197.25,1193.96,BULLISH_LONDON_BREAKOUT,1,0,0.4484230040166107,0.07097943266558135,0.38746419713911967
2018-09-18,12:00:00,1197.48,1203.04,1197.48,1202.17,19545,1200.71,1195.82,BULLISH_LONDON_BREAKOUT,1,0,-0.25204422003543364,-0.2262575176555751,0.05656437941387959
2018-09-20,20:00:00,1203.54,1207.89,1203.36,1207.18,10776,1206.1,1201.23,BULLISH_LONDON_BREAKOUT,1,0,0.014910783810188729,0.12674166238671722,-0.6693285177024267
2018-09-21,12:00:00,1208.71,1209.16,1204.11,1204.48,16617,1211.03,1208.09,BEARISH_LONDON_BREAKOUT,0,1,-0.6915847502656687,-0.5421426673751306,-0.3927005844845924
2018-09-24,12:00:00,1197.38,1200.35,1197.16,1199.75,10521,1198.72,1194.36,BULLISH_LONDON_BREAKOUT,1,0,0.14336320066680786,-0.04000833506980773,0.13086059595748584
2018-09-25,12:00:00,1199.57,1201.92,1198.27,1201.32,11815,1200.71,1198.19,BULLISH_LONDON_BREAKOUT,1,0,-0.013318682782260722,-0.010821429760586835,-0.32714014583956286
2018-09-26,12:00:00,1200.09,1200.63,1196.87,1197.39,18579,1202.44,1198.74,BEARISH_LONDON_BREAKOUT,0,1,-0.22883104084717668,-0.07850407970669995,-0.33573021321375734
2018-09-27,12:00:00,1196.24,1197.34,1192.82,1193.37,10207,1198.37,1194.36,BEARISH_LONDON_BREAKOUT,0,1,-0.7826575161098335,-0.8262315962358615,-0.8438288209021458
2018-09-28,16:00:00,1183.31,1193.54,1182.39,1192.49,16600,1185.41,1180.66,BULLISH_LONDON_BREAKOUT,1,0,-0.08218098264975121,-0.3060822312975447,-0.3639443517345989
2018-10-02,12:00:00,1193.03,1194.71,1189.07,1190.65,18385,1194.48,1191.29,BEARISH_LONDON_BREAKOUT,0,1,1.180867593331369,1.246378028807787,0.991055305925331
2018-10-02,16:00:00,1190.69,1208.19,1190.47,1204.71,22163,1194.48,1191.29,BULLISH_LONDON_BREAKOUT,1,1,-0.1261714437499466,0.1709955092926883,-0.399266213445555
2018-10-03,12:00:00,1203.7,1205.12,1201.69,1202.45,10989,1207.27,1202.82,BEARISH_LONDON_BREAKOUT,0,1,-0.21206702981412567,-0.3783941120212861,-0.023285791509000186
2018-10-04,12:00:00,1200.0,1202.89,1197.92,1202.17,12332,1200.42,1195.95,BULLISH_LONDON_BREAKOUT,1,0,-0.09066937288404679,-0.26285799845280466,0.0332731643611023
2018-10-05,12:00:00,1199.2,1203.36,1198.16,1202.57,12588,1199.74,1197.2,BULLISH_LONDON_BREAKOUT,1,0,-0.12639596863384103,0.09729163375105589,-0.6901885129347942
2018-10-08,16:00:00,1194.27,1194.27,1183.33,1185.59,11811,1197.22,1193.83,BEARISH_LONDON_BREAKOUT,0,1,0.27665550485412094,0.4520955811030902,0.29858551438525893
2018-10-09,12:00:00,1188.97,1190.25,1185.04,1186.72,9437,1191.81,1188.41,BEARISH_LONDON_BREAKOUT,0,1,0.20308076041526912,0.2620668733989399,-0.0353916677902178
2018-10-10,12:00:00,1188.78,1189.69,1185.59,1186.3,10197,1190.95,1187.88,BEARISH_LONDON_BREAKOUT,0,1,0.2562589564191152,0.6381185197673385,1.4709601281294822
2018-10-10,20:00:00,1189.33,1193.65,1188.66,1192.9,11824,1190.95,1187.88,BULLISH_LONDON_BREAKOUT,1,1,0.08131444379242182,0.38561488808784544,2.5140414116858083
2018-10-11,12:00:00,1197.5,1205.61,1196.79,1203.75,11014,1198.22,1191.79,BULLISH_LONDON_BREAKOUT,1,0,1.305919003115267,1.4521287642782985,1.4836967808930341
2018-10-12,12:00:00,1218.55,1222.23,1216.15,1221.61,13227,1221.32,1215.8,BULLISH_LONDON_BREAKOUT,1,0,-0.1637183716570755,-0.199736413421618,0.5951162809734867
2018-10-16,12:00:00,1229.33,1230.31,1226.31,1229.97,12344,1229.7,1224.97,BULLISH_LONDON_BREAKOUT,1,0,-0.14146686504548966,-0.41383123165605,-0.3390326593331604
2018-10-16,20:00:00,1228.27,1228.99,1224.24,1224.74,9736,1229.7,1224.97,BEARISH_LONDON_BREAKOUT,1,1,0.011430997599498673,-0.2416839492463736,-0.10532847788101668
2018-10-17,12:00:00,1221.78,1228.03,1221.78,1225.8,11301,1223.9,1220.53,BULLISH_LONDON_BREAKOUT,1,0,0.05628976994616207,-0.29939631261215904,-0.10523739598629168
2018-10-18,12:00:00,1222.47,1224.74,1221.38,1224.51,11236,1224.15,1218.63,BULLISH_LONDON_BREAKOUT,1,0,0.39362683849049307,0.10534826175367809,0.30706160015026346
2018-10-22,12:00:00,1226.13,1227.76,1222.21,1223.26,15416,1228.27,1225.69,BEARISH_LONDON_BREAKOUT,0,1,-0.17984729329823956,-0.1209881791279056,0.9074113434592735
2018-10-23,12:00:00,1229.45,1236.51,1229.37,1234.36,13428,1229.69,1223.27,BULLISH_LONDON_BREAKOUT,1,0,-0.17985028678827894,-0.22116724456396766,-0.30785184225023127
2018-10-25,12:00:00,1235.33,1235.42,1230.12,1233.19,16199,1239.14,1234.8,BEARISH_LONDON_BREAKOUT,0,1,-0.3049002992239631,-0.12812299807816754,0.2659768567698386
2018-10-26,12:00:00,1231.26,1238.49,1231.17,1236.47,19884,1233.44,1231.05,BULLISH_LONDON_BREAKOUT,1,0,0.5418651483659163,-0.30247397834156986,-0.6243580515499791
2018-10-29,12:00:00,1230.6,1231.56,1227.62,1228.75,22712,1233.95,1229.99,BEARISH_LONDON_BREAKOUT,0,1,0.12207527975584943,0.10417090539165597,-0.6347914547304134
2018-10-30,12:00:00,1224.08,1224.69,1219.8,1220.95,10623,1228.73,1223.82,BEARISH_LONDON_BREAKOUT,0,1,0.2792907162455346,0.12940742864162555,-0.1990253491134005
2018-11-01,12:00:00,1224.32,1226.73,1222.33,1224.98,17926,1224.55,1217.45,BULLISH_LONDON_BREAKOUT,1,0,0.4587830005387754,0.6481738477362939,0.8342993354993573
2018-11-02,12:00:00,1233.86,1236.33,1232.86,1235.2,13703,1234.88,1230.82,BULLISH_LONDON_BREAKOUT,1,0,-0.3052137305699467,-0.09391191709845222,-0.2542098445595936
2018-11-05,20:00:00,1231.3,1231.47,1228.75,1230.16,10533,1233.45,1230.58,BEARISH_LONDON_BREAKOUT,0,1,0.06828380048123156,0.13981921050920426,-0.3576770501398266
2018-11-06,12:00:00,1231.88,1235.85,1231.71,1235.75,12728,1231.92,1228.61,BULLISH_LONDON_BREAKOUT,1,0,-0.5535100141614337,-0.6400971070200349,-0.24195832490390523
2018-11-06,20:00:00,1228.92,1229.0,1223.44,1225.76,12948,1231.92,1228.61,BEARISH_LONDON_BREAKOUT,1,1,0.16969064090849165,0.38669886437801926,0.13950528651612357
2018-11-07,12:00:00,1230.5,1236.43,1230.39,1232.76,22288,1231.59,1227.65,BULLISH_LONDON_BREAKOUT,1,0,-0.40316038807229526,-0.558097277653386,-0.7714396962912482
2018-11-07,20:00:00,1227.79,1228.97,1225.76,1227.47,16800,1231.59,1227.65,BEARISH_LONDON_BREAKOUT,1,1,-0.12953473404644658,-0.20367096548184477,-0.48473689784679425
2018-11-09,16:00:00,1218.96,1219.07,1209.15,1212.16,17899,1220.55,1217.76,BEARISH_LONDON_BREAKOUT,0,1,-0.2342925026399275,-0.17571937697994564,-0.6929778247096168
2018-11-12,16:00:00,1206.74,1207.66,1202.45,1203.76,16998,1210.54,1203.88,BEARISH_LONDON_BREAKOUT,0,1,-0.23509669701601044,0.0614740479829874,-0.009968764537772552
2018-11-13,12:00:00,1202.8,1203.41,1196.21,1198.44,11822,1205.0,1202.18,BEARISH_LONDON_BREAKOUT,0,1,0.4338973999532763,0.393010914188448,0.11598411267980646
2018-11-14,12:00:00,1201.81,1201.81,1197.64,1199.83,9979,1203.68,1201.47,BEARISH_LONDON_BREAKOUT,0,1,0.16002266987823882,0.9251310602335446,0.8726236216797403
2018-11-14,20:00:00,1201.75,1216.49,1201.06,1211.49,27005,1203.68,1201.47,BULLISH_LONDON_BREAKOUT,1,1,-0.04622407118506512,0.03466805338880822,0.23689836482347285
2018-11-15,12:00:00,1211.94,1216.42,1209.03,1210.3,14675,1213.6,1210.35,BEARISH_LONDON_BREAKOUT,0,1,0.2544823597455304,0.2990993968437675,0.4874824423696679
2018-11-15,20:00:00,1213.37,1215.11,1211.01,1214.36,17096,1213.6,1210.35,BULLISH_LONDON_BREAKOUT,1,1,-0.036233077505832476,0.04940874205343856,0.5632596594090835
2018-11-16,12:00:00,1214.97,1218.26,1214.76,1216.2,9016,1215.98,1214.06,BULLISH_LONDON_BREAKOUT,1,0,0.38151619799374054,0.5163624403880918,0.4604505837855541
2018-11-19,12:00:00,1220.7,1223.05,1218.52,1221.8,8552,1220.92,1217.97,BULLISH_LONDON_BREAKOUT,1,0,0.06384023571779118,0.18824684891143842,0.20379767556064896
2018-11-21,16:00:00,1223.34,1230.03,1222.44,1226.88,17753,1223.56,1220.05,BULLISH_LONDON_BREAKOUT,1,0,-0.015486437141371167,-0.0024452269170742113,0.05542514345329912
2018-11-22,12:00:00,1227.17,1229.06,1226.49,1228.49,8130,1228.36,1226.07,BULLISH_LONDON_BREAKOUT,1,0,-0.07570269192260935,-0.09361085560322761,-0.5763172675398194
2018-11-23,12:00:00,1224.17,1224.46,1220.91,1221.41,9231,1228.49,1222.84,BEARISH_LONDON_BREAKOUT,0,1,0.1097092704333449,0.2259683480567533,0.3962633349980693
2018-11-26,16:00:00,1226.25,1226.57,1222.31,1222.87,15057,1227.24,1223.41,BEARISH_LONDON_BREAKOUT,0,1,-0.07359735703712281,-0.11448477761330834,-0.6550164776304915
2018-11-27,12:00:00,1220.06,1224.88,1219.44,1223.49,12715,1222.97,1219.53,BULLISH_LONDON_BREAKOUT,1,0,-0.7053592591684533,-0.7396872880039849,-0.7225232735862097
2018-11-27,16:00:00,1223.49,1225.21,1214.47,1214.86,14868,1222.97,1219.53,BEARISH_LONDON_BREAKOUT,1,1,-0.12182473700671607,-0.02880990402185512,-0.1703900037864393
2018-11-28,20:00:00,1212.86,1226.65,1212.7,1222.42,16725,1214.98,1212.63,BULLISH_LONDON_BREAKOUT,1,0,-0.11861716922171148,0.30349634331899317,0.133342059194048
2018-11-29,16:00:00,1225.13,1228.25,1224.23,1227.7,17079,1227.08,1223.29,BULLISH_LONDON_BREAKOUT,1,0,-0.29730390160463394,-0.23621405880916274,-0.7233037386983879
2018-11-30,12:00:00,1224.33,1224.43,1220.74,1222.25,5661,1225.07,1223.75,BEARISH_LONDON_BREAKOUT,0,1,-0.2806299856821488,-0.017181427694828093,0.5489875230108436
2018-12-03,16:00:00,1228.96,1234.86,1227.79,1232.94,19073,1232.26,1224.77,BULLISH_LONDON_BREAKOUT,1,0,-0.15653640890879228,0.20844485538630722,0.42905575291579184
2018-12-04,12:00:00,1236.61,1241.13,1236.06,1239.05,14763,1238.36,1235.29,BULLISH_LONDON_BREAKOUT,1,0,-0.06617973447398703,-0.029861587506548635,-0.13720188854364598
2018-12-05,12:00:00,1234.09,1237.84,1233.25,1237.35,5358,1235.9,1233.3,BULLISH_LONDON_BREAKOUT,1,0,-0.007273608922286997,0.06950337414637148,-0.08081787691437348
2018-12-06,16:00:00,1236.35,1244.29,1235.55,1241.51,22997,1240.19,1234.68,BULLISH_LONDON_BREAKOUT,1,0,-0.3705165483967031,-0.12726437966669035,0.2899694726582878
2018-12-07,12:00:00,1240.1,1242.85,1239.32,1241.25,8113,1240.45,1237.92,BULLISH_LONDON_BREAKOUT,1,0,0.3109768378650473,0.6203423967774457,0.35045317220543076
2018-12-10,12:00:00,1247.51,1248.81,1245.48,1245.6,9022,1249.98,1246.91,BEARISH_LONDON_BREAKOUT,0,1,-0.04576107899806811,-0.12283236994219435,0.13326910725755314
2018-12-11,16:00:00,1247.26,1248.7,1243.2,1243.67,22886,1247.66,1245.57,BEARISH_LONDON_BREAKOUT,0,1,-0.11819855749515766,0.08603568470735293,0.18493651852983142
2018-12-12,16:00:00,1244.28,1246.73,1242.99,1245.97,17436,1244.97,1242.12,BULLISH_LONDON_BREAKOUT,1,0,-0.06581217846336078,-0.11236225591307102,-0.3089962037609362
2018-12-13,12:00:00,1246.06,1246.56,1241.13,1241.87,12220,1246.68,1244.12,BEARISH_LONDON_BREAKOUT,0,1,0.02013093157898975,0.04348281221063324,-0.2971325501058748
2018-12-14,16:00:00,1238.18,1238.61,1232.89,1236.02,20753,1242.1,1237.3,BEARISH_LONDON_BREAKOUT,0,1,0.16019158266047623,0.13592013074222614,0.531544797009752
2018-12-17,12:00:00,1238.84,1240.25,1237.55,1239.88,8980,1238.97,1236.38,BULLISH_LONDON_BREAKOUT,1,0,0.21856953898762854,0.47988515017580874,0.728296286737424
2018-12-19,12:00:00,1249.79,1251.32,1246.71,1248.29,11419,1251.28,1249.3,BEARISH_LONDON_BREAKOUT,0,1,0.4846630190100021,-0.34286904485335723,0.6168438423763746
2018-12-19,16:00:00,1248.3,1257.99,1247.11,1254.34,17668,1251.28,1249.3,BULLISH_LONDON_BREAKOUT,1,1,-0.8227434347943887,-0.7828818342714046,0.15227131399780616
2018-12-20,12:00:00,1248.5,1257.04,1248.26,1255.99,10369,1248.62,1244.11,BULLISH_LONDON_BREAKOUT,1,0,0.020700801757975056,0.47532225575044607,0.32882427407860587
2018-12-21,20:00:00,1259.08,1259.95,1253.85,1255.38,12282,1261.65,1258.64,BEARISH_LONDON_BREAKOUT,0,1,0.27083432904776744,0.5727349487804351,1.0291704503815453
2018-12-24,12:00:00,1262.55,1265.31,1259.29,1260.89,7389,1264.26,1262.07,BEARISH_LONDON_BREAKOUT,0,1,0.3894074820166592,0.954087985470578,0.4409583706746778
2018-12-24,16:00:00,1260.89,1267.19,1260.74,1265.8,11831,1264.26,1262.07,BULLISH_LONDON_BREAKOUT,1,1,0.19750355506399117,0.5680202243640429,0.25280455048191225
2018-12-26,16:00:00,1272.99,1278.79,1271.0,1278.21,14896,1274.65,1271.18,BULLISH_LONDON_BREAKOUT,1,0,-0.9200366137019731,-0.6986332449284596,-0.2832085494558889
2018-12-26,20:00:00,1278.11,1279.05,1265.74,1266.45,13192,1274.65,1271.18,BEARISH_LONDON_BREAKOUT,1,1,0.20135023096055546,0.019740218721623435,0.7501283114216906
2018-12-27,12:00:00,1266.7,1273.72,1266.7,1270.96,8010,1269.95,1266.59,BULLISH_LONDON_BREAKOUT,1,0,0.28561087681751446,0.2911185245798487,0.6019072197393989
2018-12-31,12:00:00,1281.06,1284.02,1280.48,1283.51,4943,1281.06,1277.41,BULLISH_LONDON_BREAKOUT,1,0,-0.23840873853728803,0.15114802377854902,-0.15738093197559674
2019-01-02,20:00:00,1285.77,1287.63,1278.64,1281.49,9184,1287.31,1282.01,BEARISH_LONDON_BREAKOUT,0,1,0.33632724406744846,0.6320767231894052,0.9239244941435296
2019-01-03,12:00:00,1289.59,1290.66,1286.04,1287.16,10043,1292.26,1287.66,BEARISH_LONDON_BREAKOUT,0,1,0.19577985642810386,0.6207464495478424,0.3177538145995772
2019-01-03,20:00:00,1289.71,1293.42,1288.25,1293.33,11074,1292.26,1287.66,BULLISH_LONDON_BREAKOUT,1,1,0.14072201217014713,0.09278374428800427,-0.6804141247786687
2019-01-04,12:00:00,1294.53,1295.27,1289.34,1291.25,6880,1296.23,1292.97,BEARISH_LONDON_BREAKOUT,0,1,-0.5955469506292395,-0.5483059051306817,-0.02942884801549732
2019-01-07,20:00:00,1288.77,1288.97,1286.13,1288.29,8198,1291.92,1288.49,BEARISH_LONDON_BREAKOUT,0,1,0.03958735998882169,-0.43546095987703853,-0.24839127836124206
2019-01-08,16:00:00,1283.26,1286.26,1279.31,1284.99,12662,1284.71,1281.62,BULLISH_LONDON_BREAKOUT,1,0,0.007782161728877971,-0.13930069494703956,0.39066451879002806
2019-01-09,16:00:00,1281.56,1291.74,1280.01,1290.01,15269,1283.53,1281.17,BULLISH_LONDON_BREAKOUT,1,0,0.1263556096464453,0.5325540112092246,0.0038759389462061943
2019-01-10,12:00:00,1295.39,1296.95,1291.49,1293.04,6939,1296.98,1294.76,BEARISH_LONDON_BREAKOUT,0,1,-0.23046464146507595,-0.39751283796323955,-0.12373940481345581
2019-01-11,16:00:00,1291.44,1293.45,1286.83,1290.23,13254,1294.54,1291.08,BEARISH_LONDON_BREAKOUT,0,1,-0.2201157933081635,0.050378614665609306,0.01472605659456489
2019-01-14,12:00:00,1293.16,1295.79,1292.01,1295.59,6677,1293.46,1290.16,BULLISH_LONDON_BREAKOUT,1,0,-0.39904599448898537,-0.3180018370008946,-0.34501655616360327
2019-01-16,12:00:00,1289.68,1291.64,1288.34,1288.65,6079,1292.71,1288.74,BEARISH_LONDON_BREAKOUT,0,1,0.33290653008962584,0.33057851239669345,0.4143871493423286
2019-01-16,16:00:00,1288.65,1294.95,1287.78,1292.94,9705,1292.71,1288.74,BULLISH_LONDON_BREAKOUT,1,1,0.016242052995501445,-0.040991848036256336,-0.199545222516138
2019-01-17,12:00:00,1292.86,1294.95,1292.15,1293.99,5747,1293.08,1291.25,BULLISH_LONDON_BREAKOUT,1,0,-0.2805276702292992,-0.13369500537098572,-0.7132976298116692
2019-01-17,16:00:00,1293.99,1294.47,1288.67,1290.36,11709,1293.08,1291.25,BEARISH_LONDON_BREAKOUT,1,1,0.025574258346519937,0.10074707833474239,-0.5510090207383909
2019-01-18,12:00:00,1290.01,1290.08,1283.55,1284.76,6053,1292.12,1289.81,BEARISH_LONDON_BREAKOUT,0,1,-0.11753167906846343,-0.17357327438587894,-0.5051527133472407
2019-01-21,12:00:00,1282.46,1282.6,1277.5,1278.27,5426,1283.4,1281.01,BEARISH_LONDON_BREAKOUT,0,1,0.16037300413840225,0.10482918319290277,0.3387390770337978
2019-01-22,12:00:00,1281.22,1284.8,1281.02,1282.6,6283,1281.51,1277.35,BULLISH_LONDON_BREAKOUT,1,0,-0.18556058007172008,0.1512552627475483,0.21830656479028396
2019-01-23,12:00:00,1284.45,1286.47,1284.03,1285.4,4039,1285.14,1283.26,BULLISH_LONDON_BREAKOUT,1,0,-0.25906332659095643,-0.13303251906021754,-0.44733156993931844
2019-01-23,16:00:00,1285.4,1285.51,1278.59,1282.07,8620,1285.14,1283.26,BEARISH_LONDON_BREAKOUT,1,1,0.10763842847895273,0.05771915730030413,0.010919840570335477
2019-01-24,12:00:00,1280.1,1280.69,1278.26,1279.65,5264,1283.13,1279.84,BEARISH_LONDON_BREAKOUT,0,1,0.200054702457699,0.13284882585080435,0.3813542765599876
2019-01-25,16:00:00,1284.53,1299.22,1283.4,1297.45,13852,1285.03,1281.53,BULLISH_LONDON_BREAKOUT,1,0,0.4115765540097821,0.40155690007322337,0.39153724613664703
2019-01-28,12:00:00,1301.7,1302.36,1299.47,1299.49,4503,1304.35,1301.03,BEARISH_LONDON_BREAKOUT,0,1,0.23393792949541461,0.3293599796843356,0.6279386528561267
2019-01-29,12:00:00,1307.49,1309.31,1306.65,1307.65,5911,1307.57,1302.87,BULLISH_LONDON_BREAKOUT,1,0,0.24700799143501836,0.22788972584407277,0.43207280235535983
2019-01-30,16:00:00,1313.2,1314.09,1309.39,1312.13,10075,1315.43,1312.99,BEARISH_LONDON_BREAKOUT,0,1,0.5845457386082054,0.5411049210062958,0.762881726658181
2019-01-30,20:00:00,1312.13,1323.37,1308.92,1319.8,13010,1315.43,1312.99,BULLISH_LONDON_BREAKOUT,1,1,-0.046219124109706015,0.046219124109723245,0.08107288983178788
2019-01-31,12:00:00,1320.41,1323.69,1319.92,1323.31,7598,1321.79,1318.52,BULLISH_LONDON_BREAKOUT,1,0,-0.0884146571853795,-0.17531795270948883,-0.1443350386530635
2019-02-01,12:00:00,1318.1,1321.98,1317.74,1321.4,5679,1319.08,1316.6,BULLISH_LONDON_BREAKOUT,1,0,-0.24141062509460076,-0.3261692144695151,-0.8029362797033545
2019-02-04,12:00:00,1313.54,1313.6,1310.35,1310.79,4838,1314.03,1311.82,BEARISH_LONDON_BREAKOUT,0,1,0.23344700524110998,0.06866088389445228,0.285324117516918
2019-02-06,12:00:00,1314.93,1315.6,1312.01,1312.11,4039,1315.25,1312.85,BEARISH_LONDON_BREAKOUT,0,1,-0.004572787342520477,-0.42526922285478563,-0.41612364816972736
2019-02-07,12:00:00,1304.38,1307.33,1303.2,1306.65,5687,1305.35,1302.73,BULLISH_LONDON_BREAKOUT,1,0,0.17755328511842774,0.2854628247809297,0.4255156315769291
2019-02-08,12:00:00,1308.96,1312.91,1308.42,1312.21,4995,1309.59,1307.72,BULLISH_LONDON_BREAKOUT,1,0,0.11126267899193241,0.10821438641681383,-0.34979157299518715
2019-02-11,12:00:00,1311.18,1311.34,1306.2,1307.62,6033,1312.22,1310.48,BEARISH_LONDON_BREAKOUT,0,1,0.05965035713740996,0.005353237179009477,0.4527309157094625
2019-02-12,12:00:00,1311.7,1313.81,1310.73,1313.54,5288,1312.85,1307.48,BULLISH_LONDON_BREAKOUT,1,0,-0.2877719749684039,-0.2535134065197807,-0.19413188787550853
2019-02-13,12:00:00,1311.7,1313.27,1309.72,1310.99,4510,1314.19,1311.32,BEARISH_LONDON_BREAKOUT,0,1,0.26087155508433113,-0.2684993783324039,-0.3791028154295629
2019-02-13,16:00:00,1310.96,1318.11,1307.98,1314.41,12487,1314.19,1311.32,BULLISH_LONDON_BREAKOUT,1,1,-0.6002693223575672,-0.46484734595751154,-0.38648519107433404
2019-02-14,12:00:00,1309.31,1309.72,1305.18,1306.02,6125,1309.32,1307.31,BEARISH_LONDON_BREAKOUT,0,1,0.2534417543376017,0.4479257591767285,0.9463867322093175
2019-02-14,16:00:00,1306.02,1312.63,1302.34,1309.33,16518,1309.32,1307.31,BULLISH_LONDON_BREAKOUT,1,1,0.26807603889011866,0.23828981234678182,0.3902759426577049
2019-02-15,12:00:00,1314.47,1319.18,1314.27,1318.38,6529,1315.0,1311.83,BULLISH_LONDON_BREAKOUT,1,0,-0.29885162092871964,0.20403828941578506,0.49302932386717024
2019-02-18,12:00:00,1321.86,1325.09,1321.27,1324.88,5325,1324.61,1321.66,BULLISH_LONDON_BREAKOUT,1,0,0.07849767526115298,0.11170823017932122,0.2981402089245681
2019-02-19,12:00:00,1325.82,1330.37,1325.49,1328.83,7360,1325.92,1322.81,BULLISH_LONDON_BREAKOUT,1,0,0.6983587065313075,0.80371454587871,1.1115041051150247
2019-02-20,16:00:00,1343.6,1345.83,1342.08,1344.77,10420,1344.04,1341.31,BULLISH_LONDON_BREAKOUT,1,0,-0.27811447310692605,-0.36586182023692326,-0.9473739003695806
2019-02-20,20:00:00,1344.77,1346.3,1336.83,1341.03,11421,1344.04,1341.31,BEARISH_LONDON_BREAKOUT,1,1,-0.0365390781712571,-0.1565960493053779,-1.087223999463094
2019-02-21,12:00:00,1338.93,1340.4,1332.0,1333.79,8693,1340.85,1337.41,BEARISH_LONDON_BREAKOUT,0,1,-0.13195480547912272,-0.5997945703596518,-0.8044744674948845
2019-02-22,12:00:00,1326.38,1326.99,1321.5,1323.06,7062,1326.61,1324.44,BEARISH_LONDON_BREAKOUT,0,1,0.470878115882879,0.3469230420389208,0.5600653031608606
2019-02-22,16:00:00,1323.06,1330.67,1322.17,1329.29,11747,1326.61,1324.44,BULLISH_LONDON_BREAKOUT,1,1,-0.13014466369264932,0.1481994147251561,-0.003009125172081609
2019-02-25,20:00:00,1329.21,1329.29,1325.5,1328.01,8253,1331.84,1329.01,BEARISH_LONDON_BREAKOUT,0,1,-0.04066234441005442,-0.23719700905867358,0.094878803623466
2019-02-27,16:00:00,1326.94,1328.76,1321.95,1323.45,9574,1328.25,1326.38,BEARISH_LONDON_BREAKOUT,0,1,-0.3264195851751057,-0.34984321281499936,-0.6135479239865592
2019-02-28,12:00:00,1321.85,1327.22,1321.74,1325.85,6927,1322.95,1318.1,BULLISH_LONDON_BREAKOUT,1,0,-0.7934532564015525,-0.8794358336161598,-1.2882301919523271
2019-02-28,16:00:00,1325.85,1326.96,1312.95,1315.33,15835,1322.95,1318.1,BEARISH_LONDON_BREAKOUT,1,1,-0.1300053978849442,-0.16725840663558333,-0.7481012369519374
2019-03-01,16:00:00,1308.77,1312.14,1304.17,1305.49,11756,1313.51,1308.22,BEARISH_LONDON_BREAKOUT,0,1,-0.9245570628652795,-0.6779063799799239,-1.5296938314349422
2019-03-04,12:00:00,1291.23,1291.99,1285.02,1286.17,7994,1296.75,1291.23,BEARISH_LONDON_BREAKOUT,0,1,-0.05053764276884789,0.06764269109059384,-0.02643507467909728
2019-03-05,16:00:00,1285.83,1287.73,1281.13,1284.14,11815,1288.99,1284.41,BEARISH_LONDON_BREAKOUT,0,1,0.1993552104910637,0.22505334309342226,0.15652498948712684
2019-03-06,12:00:00,1289.09,1289.32,1284.87,1285.54,6367,1290.86,1286.37,BEARISH_LONDON_BREAKOUT,0,1,0.04745087667440354,0.12057189974640653,0.07856620564120843
2019-03-08,16:00:00,1293.09,1300.69,1291.45,1296.89,17111,1294.52,1286.8,BULLISH_LONDON_BREAKOUT,1,0,0.10332410613081433,0.02544548882325619,-0.3115144692302501
2019-03-11,12:00:00,1296.35,1297.65,1294.06,1294.83,5556,1299.04,1295.45,BEARISH_LONDON_BREAKOUT,0,1,-0.15291582678807397,-0.17608489145292994,0.10889460392484587
2019-03-12,20:00:00,1297.02,1302.19,1296.75,1301.64,5658,1297.37,1294.33,BULLISH_LONDON_BREAKOUT,1,0,0.017670016287129376,0.19974801020250674,0.6937402046648822
2019-03-13,12:00:00,1304.24,1309.07,1303.85,1307.59,5884,1305.42,1303.68,BULLISH_LONDON_BREAKOUT,1,0,0.02294297142071918,0.13306923424009126,-0.7884734511582334
2019-03-14,12:00:00,1302.21,1303.11,1295.87,1297.28,7514,1304.61,1301.59,BEARISH_LONDON_BREAKOUT,0,1,-0.13643931919092114,-0.09635545140601874,0.5264861864824808
2019-03-15,12:00:00,1303.52,1304.4,1301.45,1304.11,4552,1303.76,1296.99,BULLISH_LONDON_BREAKOUT,1,0,-0.17253145823588503,-0.27298310725321834,0.019936968507257128
2019-03-18,12:00:00,1303.91,1306.09,1303.24,1304.37,4753,1304.1,1298.46,BULLISH_LONDON_BREAKOUT,1,0,-0.024532916273751797,-0.0712987879205928,0.27906192261398993
2019-03-19,12:00:00,1304.47,1308.88,1303.67,1308.01,5274,1307.79,1303.76,BULLISH_LONDON_BREAKOUT,1,0,-0.030580805957147954,-0.14067170740284235,-0.24464644765713148
2019-03-20,16:00:00,1304.81,1309.57,1298.57,1300.51,11034,1306.5,1302.29,BEARISH_LONDON_BREAKOUT,0,1,1.0595843169218209,1.3948374099391854,0.7658533959754278
2019-03-20,20:00:00,1300.51,1316.98,1299.63,1314.29,14499,1306.5,1302.29,BULLISH_LONDON_BREAKOUT,1,1,0.08141277800180602,0.3499988586993842,-0.3819552762327935
2019-03-21,12:00:00,1318.97,1319.46,1314.24,1315.33,6946,1320.35,1317.29,BEARISH_LONDON_BREAKOUT,0,1,-0.3694890255677207,-0.5185010605703464,-0.20679221184037674
2019-03-22,16:00:00,1312.61,1314.92,1309.64,1313.23,14388,1313.03,1307.23,BULLISH_LONDON_BREAKOUT,1,0,-0.01218369973272632,0.1583880965253556,0.6259375737684966
2019-03-25,16:00:00,1317.76,1322.96,1317.66,1321.45,10992,1317.83,1314.89,BULLISH_LONDON_BREAKOUT,1,0,0.055242347421394535,-0.07870142646335189,-0.5130727609822522
2019-03-26,12:00:00,1315.71,1317.69,1312.63,1313.61,6475,1320.54,1315.71,BEARISH_LONDON_BREAKOUT,0,1,0.08069366098006052,0.2101080229291792,0.280905291524886
2019-03-27,12:00:00,1313.89,1319.27,1313.78,1317.3,9015,1317.14,1312.79,BULLISH_LONDON_BREAKOUT,1,0,-0.43953541334547663,-0.6042663022849796,-1.0741668564487863
2019-03-27,16:00:00,1317.21,1317.82,1308.75,1311.51,16890,1317.14,1312.79,BEARISH_LONDON_BREAKOUT,1,1,-0.18452013328149025,-0.1296215812307985,-1.4670113075767635
2019-03-28,12:00:00,1309.04,1309.82,1302.33,1303.15,6160,1312.24,1308.98,BEARISH_LONDON_BREAKOUT,0,1,-0.8349000498791473,-0.8955223880597071,-0.7673713693742086
2019-03-29,12:00:00,1288.08,1293.77,1287.09,1293.15,6006,1290.43,1286.66,BULLISH_LONDON_BREAKOUT,1,0,0.1747670417198307,-0.10826276920698223,-0.24823106368171027
2019-04-01,20:00:00,1290.8,1291.13,1286.55,1287.16,6634,1293.87,1288.18,BEARISH_LONDON_BREAKOUT,0,1,0.014761179651311972,-0.0730289940644562,0.3371764194039527
2019-04-02,16:00:00,1288.81,1291.84,1287.43,1289.77,9278,1289.43,1285.24,BULLISH_LONDON_BREAKOUT,1,0,0.13413244221838141,0.21709297006442654,0.036440605689388596
2019-04-03,16:00:00,1292.89,1294.24,1288.34,1290.24,11679,1293.75,1290.51,BEARISH_LONDON_BREAKOUT,0,1,-0.020926339285712876,0.15811011904761624,-0.19453745039682468
2019-04-04,12:00:00,1292.75,1292.75,1288.59,1289.04,3973,1293.55,1291.96,BEARISH_LONDON_BREAKOUT,0,1,-0.10162601626015837,0.23738596164587178,-0.11171104077453411
2019-04-05,16:00:00,1287.6,1293.18,1284.35,1291.92,14618,1290.83,1287.1,BULLISH_LONDON_BREAKOUT,1,0,-0.03328379466221311,0.31813115363179606,0.43501145581768924
2019-04-08,12:00:00,1297.11,1298.33,1296.46,1298.25,3143,1297.97,1295.94,BULLISH_LONDON_BREAKOUT,1,0,-0.0546890044290419,-0.024648565376463417,0.2642018101290247
2019-04-09,12:00:00,1300.25,1302.86,1300.15,1301.68,5263,1300.78,1297.06,BULLISH_LONDON_BREAKOUT,1,0,0.3180505193288575,0.22509372503225342,0.14442873824594998
2019-04-10,16:00:00,1303.56,1309.01,1300.9,1308.26,13881,1305.26,1301.94,BULLISH_LONDON_BREAKOUT,1,0,-0.017580603244004876,-0.12765046703255262,-1.0234968584226454
2019-04-11,12:00:00,1305.2,1305.2,1300.69,1300.9,5722,1308.2,1304.63,BEARISH_LONDON_BREAKOUT,0,1,-0.46352525174880466,-0.6718425705280966,-0.6526251056960573
2019-04-12,16:00:00,1292.43,1295.16,1290.48,1291.33,11610,1294.29,1291.34,BEARISH_LONDON_BREAKOUT,0,1,-0.0673723989994727,-0.1726901721480968,-0.2114099416880285
2019-04-15,12:00:00,1286.92,1287.65,1284.89,1285.7,4172,1289.49,1286.61,BEARISH_LONDON_BREAKOUT,0,1,0.22555806175623114,0.20378004200045816,-0.08400093334371583
2019-04-16,16:00:00,1284.62,1284.82,1273.25,1275.62,14689,1287.35,1283.66,BEARISH_LONDON_BREAKOUT,0,1,0.058794938931656764,0.08623257709977396,-0.11680594534420766
2019-04-17,12:00:00,1278.81,1279.31,1274.55,1275.61,6126,1279.71,1276.72,BEARISH_LONDON_BREAKOUT,0,1,-0.11602292236653766,-0.1175907996958318,0.05487570652472507
2019-04-18,12:00:00,1275.2,1277.65,1274.45,1276.31,5904,1276.12,1271.09,BULLISH_LONDON_BREAKOUT,1,0,-0.19979472071831725,-0.06581473153073455,0.17315542462254752
2019-04-22,16:00:00,1278.21,1279.51,1273.79,1274.25,5980,1279.42,1276.39,BEARISH_LONDON_BREAKOUT,0,1,0.045516970767112204,0.07376888365705746,-0.21345889739062407
2019-04-23,16:00:00,1272.03,1273.8,1266.21,1271.53,12305,1275.43,1272.01,BEARISH_LONDON_BREAKOUT,0,1,0.036963343373733006,-0.15021273583793396,0.4467059369421141
2019-04-24,12:00:00,1272.3,1274.11,1271.23,1273.87,4207,1272.38,1269.2,BULLISH_LONDON_BREAKOUT,1,0,0.2621931594275826,0.0604457283710433,0.1656369959258109
2019-04-26,16:00:00,1281.14,1288.04,1274.15,1287.47,17262,1283.17,1279.47,BULLISH_LONDON_BREAKOUT,1,0,-0.11806100336318374,-0.12272130612751576,-0.7029290002873818
2019-04-29,16:00:00,1281.26,1284.42,1278.01,1278.42,10944,1285.98,1281.16,BEARISH_LONDON_BREAKOUT,0,1,0.11185682326620643,0.3402637630825479,0.39032555811079367
2019-04-30,12:00:00,1283.61,1286.14,1283.24,1285.79,5007,1284.13,1281.76,BULLISH_LONDON_BREAKOUT,1,0,-0.18510021076535685,-0.20765443812753814,-0.25042969691785033
2019-05-01,12:00:00,1280.72,1282.73,1280.64,1282.57,4491,1281.1,1277.72,BULLISH_LONDON_BREAKOUT,1,0,-0.045221703298839615,-0.4303858658786641,-0.8397202491871776
2019-05-01,20:00:00,1281.99,1287.23,1272.83,1275.43,18287,1281.1,1277.72,BEARISH_LONDON_BREAKOUT,2,1,0.12701598676523923,-0.3042111287957872,-0.3786958123926954
2019-05-02,20:00:00,1271.44,1272.11,1270.14,1270.6,6833,1274.64,1271.15,BEARISH_LONDON_BREAKOUT,0,1,0.008657327246979957,-0.018101684243665844,0.658743900519449
2019-05-03,16:00:00,1270.89,1282.52,1268.13,1279.38,20918,1272.77,1269.15,BULLISH_LONDON_BREAKOUT,1,0,-0.0320467726555114,0.3220309837577491,0.0851975175475557
2019-05-06,12:00:00,1282.09,1283.2,1280.31,1280.73,5006,1283.9,1280.79,BEARISH_LONDON_BREAKOUT,0,1,-0.020300922130346826,0.16631140052937635,-0.04684828183925644
2019-05-07,12:00:00,1282.07,1282.39,1279.92,1280.13,5718,1283.63,1280.62,BEARISH_LONDON_BREAKOUT,0,1,0.2945013397076845,0.36558786998194215,0.6593080390272728
2019-05-07,16:00:00,1280.14,1284.62,1278.13,1283.9,13405,1283.63,1280.62,BULLISH_LONDON_BREAKOUT,1,1,0.028039566944458284,0.211854505802617,-0.22197990497703374
2019-05-08,12:00:00,1286.25,1290.55,1286.03,1288.57,7250,1287.94,1285.32,BULLISH_LONDON_BREAKOUT,1,0,-0.5835926647368774,-0.5649673669261254,-0.47882536455138996
2019-05-08,16:00:00,1288.54,1291.44,1280.51,1281.05,17243,1287.94,1285.32,BEARISH_LONDON_BREAKOUT,1,1,-0.018734631747395425,0.008586706217565852,0.3301978845478333
2019-05-09,16:00:00,1282.38,1288.17,1280.25,1285.28,16081,1284.95,1280.91,BULLISH_LONDON_BREAKOUT,1,0,-0.11515000622432608,-0.02256317689530403,0.2559753516743405
2019-05-10,16:00:00,1285.63,1289.37,1284.29,1288.57,15304,1286.84,1283.24,BULLISH_LONDON_BREAKOUT,1,0,-0.22583173595535008,-0.38414676734675224,0.7194021279402736
2019-05-13,16:00:00,1284.08,1299.63,1282.97,1297.84,19987,1285.0,1281.9,BULLISH_LONDON_BREAKOUT,1,0,0.11634716143746464,0.107871540405604,-0.27121987301978534
2019-05-14,16:00:00,1298.92,1299.52,1293.65,1294.32,11141,1300.01,1296.8,BEARISH_LONDON_BREAKOUT,0,1,0.2024228938747851,0.10198405340257152,0.14215958959145694
2019-05-15,12:00:00,1296.59,1299.12,1296.2,1299.07,5507,1296.89,1292.99,BULLISH_LONDON_BREAKOUT,1,0,-0.22400640458172805,-0.20322230518754744,-0.4079841732931986
2019-05-16,12:00:00,1298.59,1298.61,1293.63,1293.77,6651,1298.72,1295.81,BEARISH_LONDON_BREAKOUT,0,1,-0.7025978342363727,-0.613710319454003,-0.6160291241874543
2019-05-17,16:00:00,1285.8,1286.59,1275.24,1276.92,16003,1288.89,1285.51,BEARISH_LONDON_BREAKOUT,0,1,0.04385552736271226,-0.007048209754733697,-0.0015662688343813088
2019-05-20,20:00:00,1276.9,1278.51,1275.54,1277.91,4220,1277.11,1274.66,BULLISH_LONDON_BREAKOUT,1,0,-0.0399089137732697,-0.1698085154666661,-0.2527564538973807
2019-05-21,12:00:00,1275.74,1276.28,1271.73,1272.07,5061,1276.59,1274.21,BEARISH_LONDON_BREAKOUT,0,1,0.11713191884094501,0.1949578246480161,0.3010840598394864
2019-05-22,12:00:00,1273.15,1276.45,1272.7,1275.9,4158,1274.29,1272.43,BULLISH_LONDON_BREAKOUT,1,0,-0.007837604827975266,-0.13402304255819705,0.10580766517751461
2019-05-23,12:00:00,1274.5,1277.83,1274.11,1277.25,5314,1275.32,1272.83,BULLISH_LONDON_BREAKOUT,1,0,0.7015071442552387,0.5308279506752768,0.379722059111365
2019-05-24,12:00:00,1283.2,1283.27,1280.84,1282.1,5524,1285.2,1282.69,BEARISH_LONDON_BREAKOUT,0,1,0.13103502066921954,0.19967241244834044,0.2714296856719459
2019-05-27,16:00:00,1285.58,1286.33,1284.86,1284.93,2880,1287.29,1285.19,BEARISH_LONDON_BREAKOUT,0,1,0.0015565050236185478,-0.14786797724390363,-0.4264823764718715
2019-05-28,16:00:00,1282.54,1282.86,1276.09,1279.45,14517,1284.27,1282.28,BEARISH_LONDON_BREAKOUT,0,1,0.014850130915632073,0.010160615889630839,0.2923131032865691
2019-05-30,16:00:00,1277.71,1289.17,1277.53,1287.23,14567,1278.33,1274.95,BULLISH_LONDON_BREAKOUT,1,0,0.13051280656914954,0.3309431880860445,1.1272266805465994
2019-05-31,12:00:00,1295.11,1299.21,1293.89,1297.5,6716,1295.65,1291.19,BULLISH_LONDON_BREAKOUT,1,0,0.32678227360308354,0.9125240847784137,1.4982658959537614
2019-06-03,12:00:00,1315.1,1318.24,1313.34,1316.94,6920,1315.32,1309.2,BULLISH_LONDON_BREAKOUT,1,0,0.17616596048414782,0.6188588698042328,0.48597506340454866
2019-06-06,12:00:00,1334.77,1337.27,1334.47,1336.6,8053,1335.52,1330.27,BULLISH_LONDON_BREAKOUT,1,0,0.13242555738440684,-0.24315427203351792,-0.07855753404159468
2019-06-07,12:00:00,1335.33,1336.06,1332.73,1335.55,5328,1335.53,1330.23,BULLISH_LONDON_BREAKOUT,1,0,0.3414323686870537,-0.0449253116693429,-0.783197933435666
2019-06-10,12:00:00,1325.99,1329.13,1325.03,1325.09,7316,1329.77,1325.66,BEARISH_LONDON_BREAKOUT,0,1,0.22413571908323415,0.31394093986069493,-0.35318355734326246
2019-06-11,12:00:00,1322.81,1323.59,1319.83,1320.41,7299,1329.23,1321.98,BEARISH_LONDON_BREAKOUT,0,1,0.39911845563120407,0.5536159223271518,1.1034451420392102
2019-06-13,16:00:00,1337.14,1340.43,1333.71,1339.06,12764,1338.27,1334.05,BULLISH_LONDON_BREAKOUT,1,0,0.16205397816379197,0.48317476438696005,0.7923468701925327
2019-06-14,20:00:00,1349.67,1350.06,1337.73,1340.82,11652,1358.12,1344.3,BEARISH_LONDON_BREAKOUT,0,1,-0.17004519622320466,-0.4288420518787011,-0.06115660565921871
2019-06-18,12:00:00,1344.5,1350.95,1343.73,1350.7,13829,1347.97,1340.74,BULLISH_LONDON_BREAKOUT,1,0,-0.34500629303324803,-0.39016806100540324,-0.6381876064263061
2019-06-19,12:00:00,1343.6,1343.96,1341.31,1342.08,7993,1347.49,1342.8,BEARISH_LONDON_BREAKOUT,0,1,0.21310205054841197,1.1802575107296245,2.911897949451609
2019-06-19,20:00:00,1344.98,1356.05,1344.25,1355.22,26022,1347.49,1342.8,BULLISH_LONDON_BREAKOUT,1,1,0.1992296453712346,1.966470388571587,2.522837620460151
2019-06-20,20:00:00,1385.34,1393.29,1384.88,1389.41,17031,1386.77,1378.15,BULLISH_LONDON_BREAKOUT,1,0,0.09860300415283399,-0.36130443857464545,0.6671896704356511
2019-06-24,12:00:00,1402.42,1410.61,1402.03,1409.01,10083,1406.4,1400.76,BULLISH_LONDON_BREAKOUT,1,0,0.3349869766715657,1.1476142823684765,1.3037522799696324
2019-06-26,12:00:00,1409.27,1413.16,1401.82,1403.46,18858,1409.93,1403.78,BEARISH_LONDON_BREAKOUT,0,1,0.7517136220483629,0.513730352129739,0.12255425876049388
2019-06-26,16:00:00,1403.46,1415.21,1403.41,1414.01,27925,1409.93,1403.78,BULLISH_LONDON_BREAKOUT,1,1,-0.3394601169722954,-0.4625144093747543,-0.5792038245839884
2019-07-02,16:00:00,1392.66,1404.43,1389.83,1403.51,25693,1393.84,1388.48,BULLISH_LONDON_BREAKOUT,1,0,0.6989618884083438,1.4663237169667425,1.0202991072382765
2019-07-03,12:00:00,1424.61,1426.3,1417.58,1419.26,12412,1428.7,1422.33,BEARISH_LONDON_BREAKOUT,0,1,-0.10075673238166816,-0.061299550469955534,-0.33327226864704274
2019-07-05,12:00:00,1413.55,1416.17,1409.75,1411.49,6840,1418.37,1412.13,BEARISH_LONDON_BREAKOUT,0,1,-1.044286534088092,-1.1236353073702188,-0.4158725885411953
2019-07-08,16:00:00,1405.62,1407.04,1394.33,1394.66,18527,1407.53,1398.29,BEARISH_LONDON_BREAKOUT,0,1,-0.20650194312593098,-0.025812742890749522,0.21510619075616996
2019-07-09,12:00:00,1392.6,1393.2,1385.69,1391.67,9962,1396.41,1392.09,BEARISH_LONDON_BREAKOUT,0,1,0.43041813073501684,0.25293352590772106,0.2522149647545748
2019-07-09,16:00:00,1391.67,1399.93,1390.23,1397.66,17228,1396.41,1392.09,BULLISH_LONDON_BREAKOUT,1,1,-0.07441008542851558,-0.3427156819255177,0.8893436171887179
2019-07-10,12:00:00,1391.88,1396.99,1391.58,1395.18,6283,1394.29,1389.81,BULLISH_LONDON_BREAKOUT,1,0,1.0686793101965233,1.9187488352757336,1.7911667311744726
2019-07-11,16:00:00,1420.17,1420.77,1408.44,1411.92,20341,1424.93,1419.32,BEARISH_LONDON_BREAKOUT,0,1,-0.3640432885715975,-0.2953425123236495,-0.27126182786561237
2019-07-12,20:00:00,1408.05,1416.84,1407.99,1414.83,9509,1412.35,1404.96,BULLISH_LONDON_BREAKOUT,1,0,0.09541782404954209,-0.007774785663288167,0.016256370023254963
2019-07-16,16:00:00,1414.06,1415.07,1404.12,1404.42,18695,1415.66,1412.02,BEARISH_LONDON_BREAKOUT,0,1,-0.07761211033737382,0.026345395252124783,1.3713846285299263
2019-07-17,16:00:00,1404.6,1424.15,1404.08,1423.68,22230,1406.33,1403.33,BULLISH_LONDON_BREAKOUT,1,0,0.18403011912788622,-0.07305012362328357,0.3519049224544835
2019-07-18,16:00:00,1421.48,1428.84,1414.56,1428.69,24128,1423.85,1418.77,BULLISH_LONDON_BREAKOUT,1,0,1.2032001343888494,0.9988170981808496,-0.3373719981241671
2019-07-19,16:00:00,1437.45,1441.76,1423.07,1423.87,30828,1443.79,1436.51,BEARISH_LONDON_BREAKOUT,0,1,0.07655193240957009,0.21631188240500573,0.1875171188381013
2019-07-23,12:00:00,1419.83,1424.92,1416.99,1422.38,8148,1420.09,1414.13,BULLISH_LONDON_BREAKOUT,1,0,0.030934068251791163,-0.3782392890788755,0.2495816870315917
2019-07-24,12:00:00,1423.63,1427.67,1423.07,1425.93,8437,1424.54,1418.33,BULLISH_LONDON_BREAKOUT,1,0,-0.25947977810972805,-0.04909076883157276,0.3913235572573638
2019-07-25,12:00:00,1425.52,1433.73,1425.03,1431.51,9530,1426.21,1421.74,BULLISH_LONDON_BREAKOUT,1,0,-0.9486486297685609,-1.158916109562624,-0.7879791269358909
2019-07-25,16:00:00,1431.48,1433.47,1415.11,1417.93,31341,1426.21,1421.74,BEARISH_LONDON_BREAKOUT,1,1,-0.2708173182033066,-0.11425105611702399,0.054304514327222206
2019-07-26,12:00:00,1419.42,1420.75,1417.31,1420.23,5428,1419.84,1413.9,BULLISH_LONDON_BREAKOUT,1,0,-0.10772902980502966,-0.009857558282820391,0.019011005259710174
2019-07-29,16:00:00,1420.51,1422.24,1414.8,1420.82,12039,1420.75,1417.41,BULLISH_LONDON_BREAKOUT,1,0,0.3526132796554097,0.2892695767233096,0.4919694261060521
2019-07-30,12:00:00,1425.72,1429.81,1424.94,1429.15,6823,1426.19,1422.68,BULLISH_LONDON_BREAKOUT,1,0,-0.09376202637932655,0.11125494174858608,0.1294475737326319
2019-07-31,20:00:00,1428.02,1430.85,1410.17,1412.33,36394,1432.83,1427.77,BEARISH_LONDON_BREAKOUT,0,1,-0.013452946549306975,-0.5600674063427,2.3691346923169543
2019-08-01,12:00:00,1404.47,1408.19,1402.79,1403.69,8858,1410.64,1404.14,BEARISH_LONDON_BREAKOUT,0,1,0.8192692118630182,2.453533187527164,2.442847067372423
2019-08-01,16:00:00,1403.79,1417.81,1400.44,1415.19,26913,1410.64,1404.14,BULLISH_LONDON_BREAKOUT,1,1,2.1622538316409745,1.112924766285799,2.220903200276983
2019-08-02,16:00:00,1437.98,1447.73,1430.91,1446.62,40191,1440.11,1430.93,BULLISH_LONDON_BREAKOUT,1,0,-0.43549791928771586,0.3878005281276443,1.1627103178443658
2019-08-05,12:00:00,1456.4,1461.83,1455.41,1459.86,13883,1459.79,1450.76,BULLISH_LONDON_BREAKOUT,1,0,0.24522899456113292,0.9637910484567126,0.23700902826298662
2019-08-06,16:00:00,1463.27,1473.78,1462.77,1469.44,26214,1465.19,1456.33,BULLISH_LONDON_BREAKOUT,1,0,0.22253375435539943,1.139890026132404,2.5336182491289208
2019-08-07,12:00:00,1485.36,1495.37,1484.97,1494.92,13493,1491.21,1481.23,BULLISH_LONDON_BREAKOUT,1,0,0.7859952372033286,0.4481845182350773,0.23747090145291752
2019-08-09,20:00:00,1504.03,1504.09,1495.05,1497.02,18522,1508.09,1500.37,BEARISH_LONDON_BREAKOUT,0,1,0.24782568035163435,-0.4729395732855892,0.9933067026492711
2019-08-12,12:00:00,1489.95,1508.45,1489.93,1506.61,17584,1497.2,1487.2,BULLISH_LONDON_BREAKOUT,1,0,-0.037169539562325056,0.3604117853990126,1.2677467957865765
2019-08-13,16:00:00,1525.71,1525.76,1479.77,1502.04,52184,1526.97,1515.46,BEARISH_LONDON_BREAKOUT,0,1,0.04593752496604981,0.001331522462782736,1.0758701499294347
2019-08-14,12:00:00,1498.02,1518.25,1497.82,1515.53,18963,1502.66,1496.61,BULLISH_LONDON_BREAKOUT,1,0,0.17617599123739372,0.09303675941750292,-0.03827044004407219
2019-08-15,20:00:00,1519.16,1526.97,1518.11,1523.21,23821,1522.13,1507.81,BULLISH_LONDON_BREAKOUT,1,0,0.21533472075419494,-0.5225806028059188,-0.7293807157253516
2019-08-16,16:00:00,1513.71,1516.27,1503.63,1509.68,27228,1522.21,1512.93,BEARISH_LONDON_BREAKOUT,0,1,0.16029887128397047,-0.05895289067882598,-0.486858142122843
2019-08-19,12:00:00,1505.86,1506.14,1493.18,1494.06,15683,1509.67,1505.04,BEARISH_LONDON_BREAKOUT,0,1,0.5535252934955747,0.1325247982008767,0.7583363452605756
2019-08-20,12:00:00,1499.42,1508.55,1499.28,1505.39,11944,1500.15,1494.51,BULLISH_LONDON_BREAKOUT,1,0,-0.13086309859903594,0.04782813755902456,-0.37465374421246983
2019-08-22,12:00:00,1498.45,1500.11,1492.43,1492.79,12792,1502.23,1497.69,BEARISH_LONDON_BREAKOUT,0,1,0.5238513119728787,0.31082737692509327,0.19761654351918523
2019-08-23,16:00:00,1495.77,1529.44,1495.63,1528.01,50708,1497.26,1493.47,BULLISH_LONDON_BREAKOUT,1,0,-0.1151824922611757,0.7323250502287324,0.20876826722338562
2019-08-27,16:00:00,1530.99,1542.76,1528.34,1542.27,28406,1534.95,1527.45,BULLISH_LONDON_BREAKOUT,1,0,0.03890369390573045,-0.39681767783850375,-0.2937228889883077
2019-08-28,12:00:00,1541.47,1545.92,1539.03,1545.31,15728,1543.52,1535.23,BULLISH_LONDON_BREAKOUT,1,0,-0.48986934660359,-0.430981485915438,-0.54293313315774
2019-08-29,12:00:00,1540.85,1542.17,1533.6,1536.92,17727,1550.3,1540.79,BEARISH_LONDON_BREAKOUT,0,1,-0.03058064180308847,-0.5387398172969298,-0.8419436275147734
2019-08-30,20:00:00,1527.52,1528.16,1516.93,1520.55,20934,1533.11,1522.77,BEARISH_LONDON_BREAKOUT,0,1,0.5616388806681769,0.11377462102528811,0.5530893426720649
2019-09-02,16:00:00,1524.39,1529.61,1523.27,1527.36,13807,1526.44,1519.22,BULLISH_LONDON_BREAKOUT,1,0,0.10475591870941603,-0.2586161743138369,1.4024198617221921
2019-09-03,12:00:00,1530.61,1533.8,1529.0,1531.29,15191,1531.23,1523.25,BULLISH_LONDON_BREAKOUT,1,0,1.1421742452442065,1.160459481874758,0.29386987441960705
2019-09-04,16:00:00,1535.81,1549.07,1535.81,1547.09,28930,1544.13,1535.23,BULLISH_LONDON_BREAKOUT,1,0,0.509343347833682,-0.10794459275154293,-1.9029274315004188
2019-09-05,16:00:00,1542.82,1544.63,1506.19,1517.65,36754,1550.14,1540.5,BEARISH_LONDON_BREAKOUT,0,1,0.03689915329621094,-0.2200770928738606,0.2187592659704106
2019-09-06,16:00:00,1505.2,1527.81,1502.47,1520.97,32843,1519.31,1505.25,BULLISH_LONDON_BREAKOUT,1,0,-0.9592562640946184,-0.7482067364905363,-1.3543988375839193
2019-09-09,16:00:00,1511.33,1515.43,1497.54,1500.37,25157,1511.45,1504.89,BEARISH_LONDON_BREAKOUT,0,1,-0.045988656131476055,-0.701826882702265,-0.3999013576651093
2019-09-10,20:00:00,1494.38,1496.48,1486.68,1486.68,16174,1495.64,1487.71,BEARISH_LONDON_BREAKOUT,0,1,0.018161272096213158,0.21457206661822498,0.6080662953695458
2019-09-11,20:00:00,1494.44,1498.23,1491.6,1495.72,9064,1494.94,1489.03,BULLISH_LONDON_BREAKOUT,1,0,-0.18385794132591662,0.4760249244510932,0.22129810392319052
2019-09-12,12:00:00,1502.84,1514.01,1501.31,1512.56,11389,1503.93,1493.03,BULLISH_LONDON_BREAKOUT,1,0,-0.6267519966150116,-0.9771513196170712,-0.3021367747395102
2019-09-13,12:00:00,1504.95,1508.94,1503.63,1507.99,10714,1505.95,1496.63,BULLISH_LONDON_BREAKOUT,1,0,-1.143906789832824,-0.12599553047434603,-0.2924422575746578
2019-09-13,16:00:00,1507.99,1508.89,1489.13,1490.74,26633,1505.95,1496.63,BEARISH_LONDON_BREAKOUT,1,1,-0.14690690529536032,0.8237519621127743,0.8780873928384506
2019-09-16,20:00:00,1503.83,1504.53,1496.82,1498.73,12269,1507.07,1501.21,BEARISH_LONDON_BREAKOUT,0,1,-0.05004236920592768,-0.06271976940476634,0.21751749814843171
2019-09-17,12:00:00,1497.79,1501.42,1495.68,1500.94,7568,1498.97,1493.39,BULLISH_LONDON_BREAKOUT,1,0,0.25783842125600565,-0.013324983010649692,0.03797620158033874
2019-09-18,16:00:00,1501.59,1511.05,1501.34,1507.8,13868,1503.38,1500.69,BULLISH_LONDON_BREAKOUT,1,0,-1.0366096299243854,-0.8913649025069674,-0.6201087677410737
2019-09-18,20:00:00,1507.74,1511.54,1482.97,1492.17,30482,1503.38,1500.69,BEARISH_LONDON_BREAKOUT,1,1,-0.07304797710717582,0.16754123189716988,0.4329265432222894
2019-09-19,12:00:00,1494.67,1502.1,1494.61,1501.35,10804,1498.19,1493.49,BULLISH_LONDON_BREAKOUT,1,0,-0.193159489792511,-0.11855996270023464,-0.10257434975188755
2019-09-20,12:00:00,1503.29,1505.83,1499.67,1499.81,7956,1506.77,1502.75,BEARISH_LONDON_BREAKOUT,0,1,0.16135377147772537,0.9667891266227056,1.2848294117254841
2019-09-20,20:00:00,1502.23,1517.01,1501.3,1516.27,19156,1506.77,1502.75,BULLISH_LONDON_BREAKOUT,1,2,-0.12926457688934267,0.09431038007743103,0.5513529912218884
2019-09-23,12:00:00,1517.7,1521.15,1516.84,1519.08,11477,1518.43,1511.48,BULLISH_LONDON_BREAKOUT,1,0,0.2488348210759126,0.1112515469889706,0.10137714932722199
2019-09-24,16:00:00,1520.62,1529.03,1515.55,1527.15,22458,1523.85,1519.27,BULLISH_LONDON_BREAKOUT,1,0,0.36211243165373225,0.1767999214222452,-1.2362898209082347
2019-09-25,16:00:00,1528.15,1530.41,1508.25,1508.27,29815,1532.05,1527.57,BEARISH_LONDON_BREAKOUT,0,1,-0.26918257341191865,0.03978067587367706,0.0026520450582431278
2019-09-26,20:00:00,1508.27,1509.43,1501.72,1504.31,16190,1511.07,1505.3,BEARISH_LONDON_BREAKOUT,0,1,0.1608710970478208,-0.3702694258497209,-0.511862581515781
2019-09-27,12:00:00,1498.76,1499.63,1490.59,1494.83,12914,1506.93,1496.08,BEARISH_LONDON_BREAKOUT,0,1,-0.0829525765471665,0.0963320243773576,-0.6964002595612782
2019-09-30,12:00:00,1490.23,1490.52,1480.35,1484.42,14255,1494.37,1487.95,BEARISH_LONDON_BREAKOUT,0,1,-1.084598698481571,-0.7322725374220314,-1.196426887269101
2019-10-01,12:00:00,1461.37,1470.07,1459.03,1466.66,15229,1466.46,1459.04,BULLISH_LONDON_BREAKOUT,1,0,1.2000054545702419,1.01114095973163,1.3220514638702816
2019-10-02,12:00:00,1481.17,1487.9,1478.56,1486.05,15277,1484.09,1474.44,BULLISH_LONDON_BREAKOUT,1,0,0.8209683388849667,0.9367114161703894,1.1735809696847384
2019-10-03,16:00:00,1503.49,1519.48,1498.15,1510.27,34786,1503.56,1495.76,BULLISH_LONDON_BREAKOUT,1,0,-0.31914823177312246,-0.029795996742307367,-0.44164288504704935
2019-10-04,16:00:00,1508.17,1515.54,1495.77,1503.6,37457,1509.97,1506.35,BEARISH_LONDON_BREAKOUT,0,1,0.05985634477255194,0.2075019952115003,-0.3312051077414218
2019-10-07,12:00:00,1502.83,1503.57,1497.24,1498.83,14213,1507.63,1500.39,BEARISH_LONDON_BREAKOUT,0,1,-0.014010928524251341,-0.45902470593728983,0.47036688617122574
2019-10-08,12:00:00,1496.72,1506.75,1495.73,1505.88,22063,1497.74,1488.58,BULLISH_LONDON_BREAKOUT,1,0,-0.2729301139533115,0.187265917602992,-0.2689457327277195
2019-10-09,12:00:00,1508.29,1508.39,1499.8,1501.83,20831,1511.34,1504.99,BEARISH_LONDON_BREAKOUT,0,1,0.38619550814673975,0.6445469860104049,0.43280531085409135
2019-10-10,16:00:00,1508.28,1511.22,1491.62,1494.3,36247,1510.33,1503.76,BEARISH_LONDON_BREAKOUT,0,1,-0.02208391889178393,0.06825938566552779,-0.8572575787994342
2019-10-11,12:00:00,1502.45,1503.13,1479.45,1482.75,26530,1502.96,1493.75,BEARISH_LONDON_BREAKOUT,0,1,-0.08497723823975659,0.12139605462822152,0.7688416793120951
2019-10-14,12:00:00,1489.92,1497.06,1488.75,1494.15,14305,1490.2,1485.58,BULLISH_LONDON_BREAKOUT,1,0,-0.12247766288526282,-0.20011377706388306,-0.04551082555299425
2019-10-15,16:00:00,1493.47,1494.22,1477.13,1481.23,29953,1494.65,1488.74,BEARISH_LONDON_BREAKOUT,0,1,-0.009451604409855326,0.139073607744911,0.46042815767976186
2019-10-16,16:00:00,1481.84,1491.51,1476.96,1488.05,31237,1485.7,1478.47,BULLISH_LONDON_BREAKOUT,1,0,0.09878700312489683,0.02284869460032563,0.559120997278313
2019-10-17,16:00:00,1488.31,1496.37,1487.79,1496.37,26754,1491.81,1487.13,BULLISH_LONDON_BREAKOUT,1,0,-0.3107520198881202,-0.2726598368050634,-0.35552704210856517
2019-10-21,16:00:00,1489.95,1495.17,1483.29,1484.91,26271,1493.82,1488.03,BEARISH_LONDON_BREAKOUT,0,1,-0.0902411593968756,-0.0457940211864735,-0.05252843606683049
2019-10-24,16:00:00,1490.81,1503.08,1490.69,1499.75,24822,1493.49,1487.93,BULLISH_LONDON_BREAKOUT,1,0,0.14935822637106244,0.1886981163527206,0.2740456742790398
2019-10-25,12:00:00,1506.81,1509.86,1503.81,1508.99,13468,1506.91,1502.28,BULLISH_LONDON_BREAKOUT,1,0,-0.3399624914678102,-0.3339982372315233,-0.3770734067157539
2019-10-28,16:00:00,1503.34,1505.02,1489.93,1490.22,30917,1508.17,1503.2,BEARISH_LONDON_BREAKOUT,0,1,0.1778260927916592,0.12414274402436615,0.04898605575015891
2019-10-29,12:00:00,1494.28,1494.58,1484.31,1486.6,16933,1494.71,1490.81,BEARISH_LONDON_BREAKOUT,0,1,0.29261401856586416,0.041705906094451656,0.46347369837213104
2019-10-30,12:00:00,1488.89,1493.83,1488.3,1493.49,11956,1490.05,1487.14,BULLISH_LONDON_BREAKOUT,1,0,0.0723138420745989,0.11315777139452253,0.8677661048952477
2019-10-31,12:00:00,1500.21,1507.91,1499.07,1506.45,15221,1500.45,1496.43,BULLISH_LONDON_BREAKOUT,1,0,0.20976467854889672,0.3850111188555846,0.2568953499950142
2019-11-01,20:00:00,1510.52,1514.05,1507.0,1513.9,16871,1512.43,1509.11,BULLISH_LONDON_BREAKOUT,1,0,-0.07133892595284726,-0.019816368320244526,-0.3745293612523993
2019-11-04,16:00:00,1512.42,1514.77,1508.06,1509.01,22153,1513.83,1510.36,BEARISH_LONDON_BREAKOUT,0,1,-0.05168951829344887,-0.2723640002385604,-1.5427333152199105
2019-11-05,16:00:00,1503.76,1503.85,1485.08,1485.73,31508,1507.61,1502.34,BEARISH_LONDON_BREAKOUT,0,1,-0.14201772865864776,0.07201846903541938,0.1938441035719735
2019-11-06,16:00:00,1485.59,1489.77,1482.91,1488.61,20914,1487.1,1483.75,BULLISH_LONDON_BREAKOUT,1,0,0.15181948260457684,0.181377257978923,-1.2743431792074351
2019-11-07,12:00:00,1486.91,1488.12,1480.99,1483.48,22480,1492.21,1484.62,BEARISH_LONDON_BREAKOUT,0,1,-0.9329414619677999,-1.0043950710491607,-1.4351389974923803
2019-11-08,12:00:00,1471.59,1472.87,1462.1,1462.19,16398,1471.68,1468.04,BEARISH_LONDON_BREAKOUT,0,1,0.30912535306628974,-0.08480430039871761,0.15251095958801647
2019-11-11,16:00:00,1464.43,1465.11,1448.15,1448.95,23213,1465.15,1461.66,BEARISH_LONDON_BREAKOUT,0,1,0.49967217640360323,0.5120949653197036,0.20152524241691191
2019-11-12,20:00:00,1451.87,1460.32,1450.26,1459.36,19667,1456.72,1448.78,BULLISH_LONDON_BREAKOUT,1,0,-0.0746902751891184,0.08565398530862844,0.2843712312246527
2019-11-13,12:00:00,1460.51,1466.35,1457.74,1464.73,21215,1463.05,1458.61,BULLISH_LONDON_BREAKOUT,1,0,0.045059499020302846,-0.08192636185508903,0.19252695035944756
2019-11-14,16:00:00,1467.56,1470.34,1464.58,1469.39,25537,1467.8,1463.97,BULLISH_LONDON_BREAKOUT,1,0,0.13474979413224472,-0.22322188118880623,-0.06124990642376026
2019-11-15,16:00:00,1466.39,1469.14,1463.53,1468.49,21182,1466.77,1463.09,BULLISH_LONDON_BREAKOUT,1,0,-0.07626882035288754,-0.17841456189692256,0.22131577334540925
2019-11-18,12:00:00,1463.49,1463.58,1457.32,1459.17,13838,1466.37,1461.75,BEARISH_LONDON_BREAKOUT,0,1,0.8614486317564051,0.8600779895419967,0.5688165189799649
2019-11-18,16:00:00,1459.24,1472.16,1456.28,1471.74,22249,1466.37,1461.75,BULLISH_LONDON_BREAKOUT,1,1,-0.02174297090518273,-0.09580496555098604,0.097163901232559
2019-11-19,12:00:00,1469.38,1471.12,1464.72,1467.47,16990,1473.16,1468.89,BEARISH_LONDON_BREAKOUT,0,1,0.3884236134299199,0.4797372348327369,0.4483907677840042
2019-11-19,16:00:00,1467.47,1473.22,1465.75,1473.17,20507,1473.16,1468.89,BULLISH_LONDON_BREAKOUT,1,1,-0.006788082841772261,0.08417222723786183,-0.2647352308287632
2019-11-20,16:00:00,1474.07,1474.56,1465.88,1469.27,22286,1477.88,1472.66,BEARISH_LONDON_BREAKOUT,0,1,0.13339957938296135,0.14905361165749348,-0.019737692867884297
2019-11-21,20:00:00,1469.01,1469.49,1462.28,1464.55,15096,1472.28,1468.77,BEARISH_LONDON_BREAKOUT,0,1,0.030726161619613224,0.17001809429517664,-0.18708818408384892
2019-11-22,12:00:00,1467.08,1473.18,1464.54,1471.28,15421,1468.61,1464.59,BULLISH_LONDON_BREAKOUT,1,0,-0.4553857865260213,-0.7422108640095748,-0.9665053558805956
2019-11-22,16:00:00,1471.28,1471.53,1461.25,1464.58,23695,1468.61,1464.59,BEARISH_LONDON_BREAKOUT,1,1,-0.1891327206434597,-0.21576151524668194,-0.4718076172008258
2019-11-25,12:00:00,1459.18,1459.8,1456.39,1457.06,10905,1461.72,1457.64,BEARISH_LONDON_BREAKOUT,0,1,0.04186512566401708,-0.2244245261005025,0.05559139637351554
2019-11-26,12:00:00,1455.5,1459.07,1454.85,1457.87,11113,1457.17,1453.84,BULLISH_LONDON_BREAKOUT,1,0,0.04732932291631316,0.1687393251798882,0.0514449162133798
2019-11-27,16:00:00,1458.65,1458.91,1453.04,1455.22,21046,1460.23,1457.85,BEARISH_LONDON_BREAKOUT,0,1,-0.05016423633540071,0.05360014293371261,0.027487252786510877
2019-11-29,12:00:00,1458.27,1458.29,1455.67,1456.54,11482,1459.19,1457.19,BEARISH_LONDON_BREAKOUT,0,1,0.3364136927238587,0.3638760349870209,0.14280417976848747
2019-11-29,16:00:00,1456.6,1463.11,1452.94,1461.44,15440,1459.19,1457.19,BULLISH_LONDON_BREAKOUT,1,1,0.1635373330413751,-0.1710641559010291,0.1347985548500128
2019-12-02,16:00:00,1458.62,1465.29,1457.02,1463.41,20873,1460.37,1458.2,BULLISH_LONDON_BREAKOUT,1,0,-0.07653357568966443,-0.12436706049570274,1.072153395152406
2019-12-03,12:00:00,1462.97,1470.8,1461.99,1470.34,14136,1463.22,1459.78,BULLISH_LONDON_BREAKOUT,1,0,0.5957805677598372,0.4243916373083783,0.3557000421671191
2019-12-04,12:00:00,1483.8,1484.01,1472.64,1475.57,18002,1483.96,1478.49,BEARISH_LONDON_BREAKOUT,0,1,-0.18094702386195474,-0.0027108168368809083,-0.05082781569156326
2019-12-06,16:00:00,1475.5,1479.82,1459.39,1461.78,28092,1475.75,1471.36,BEARISH_LONDON_BREAKOUT,0,1,-0.1539219307966999,-0.13476720163089023,-0.007525072172276263
2019-12-09,12:00:00,1462.01,1464.19,1461.05,1463.89,9905,1462.47,1459.52,BULLISH_LONDON_BREAKOUT,1,0,-0.15165073878501986,-0.1960529821229818,0.1714609704281053
2019-12-10,12:00:00,1462.26,1467.12,1462.26,1466.4,13982,1463.28,1459.95,BULLISH_LONDON_BREAKOUT,1,0,-0.13229678123295516,-0.17798690671031964,0.004773595199122772
2019-12-11,12:00:00,1465.24,1467.85,1462.63,1466.47,13878,1465.55,1462.84,BULLISH_LONDON_BREAKOUT,1,0,0.21002816286728862,0.5475734246182992,0.5571201592940921
2019-12-12,16:00:00,1474.64,1486.69,1464.52,1466.6,31101,1475.36,1472.7,BEARISH_LONDON_BREAKOUT,0,1,0.19909995908905445,0.0818219009955029,0.3988817673530708
2019-12-13,12:00:00,1469.37,1473.31,1467.99,1471.22,17835,1469.97,1465.65,BULLISH_LONDON_BREAKOUT,1,0,0.08360408368564988,0.1943964872690624,0.3751988145892512
2019-12-17,12:00:00,1476.44,1480.49,1476.36,1479.09,9780,1477.93,1475.91,BULLISH_LONDON_BREAKOUT,1,0,-0.22851888661270658,-0.2386602573203776,-0.156177108898035
2019-12-17,16:00:00,1479.12,1479.56,1474.12,1475.71,19984,1477.93,1475.91,BEARISH_LONDON_BREAKOUT,1,1,-0.01761863780824084,0.0535335533404235,0.010164598735514672
2019-12-18,16:00:00,1476.72,1478.42,1470.38,1475.86,21396,1478.18,1476.09,BEARISH_LONDON_BREAKOUT,0,1,-0.056238396595878155,0.13144878240483887,0.023037415473022207
2019-12-19,12:00:00,1475.98,1476.63,1473.19,1474.53,12210,1477.91,1475.6,BEARISH_LONDON_BREAKOUT,0,1,0.1132564274718095,0.26177832936597606,0.1959946559242674
2019-12-19,20:00:00,1476.16,1481.64,1475.74,1479.73,9964,1477.91,1475.6,BULLISH_LONDON_BREAKOUT,1,1,-0.09055706108546276,-0.09461185486542079,-0.12164381339838717
2019-12-20,12:00:00,1478.33,1478.51,1476.71,1477.42,8758,1479.64,1478.06,BEARISH_LONDON_BREAKOUT,0,1,0.1191265855342415,0.07106983796076637,0.40543650417619964
2019-12-23,20:00:00,1483.65,1485.86,1482.22,1485.58,7271,1485.03,1480.41,BULLISH_LONDON_BREAKOUT,1,0,-0.008077653172490937,0.2874298253880627,0.9026777420266887
2019-12-24,16:00:00,1490.13,1499.39,1488.69,1498.66,12521,1491.29,1488.42,BULLISH_LONDON_BREAKOUT,1,0,0.022019670906004513,0.4076975431385304,0.8307421296357957
2019-12-26,16:00:00,1504.77,1512.56,1504.32,1512.06,15786,1505.48,1502.27,BULLISH_LONDON_BREAKOUT,1,0,-0.15012631773871288,0.053569302805440616,-0.042987712127816595
2019-12-30,12:00:00,1514.06,1514.07,1510.7,1510.82,12809,1515.25,1512.79,BEARISH_LONDON_BREAKOUT,0,1,0.19393441971909717,0.2667425636409349,0.7260957625660256
2019-12-30,20:00:00,1513.77,1516.07,1513.67,1515.51,8785,1515.25,1512.79,BULLISH_LONDON_BREAKOUT,1,1,-0.04354969614189823,0.5456908895355347,0.3266227210641992
2019-12-31,12:00:00,1523.82,1524.79,1521.41,1521.79,8326,1525.23,1521.84,BEARISH_LONDON_BREAKOUT,0,1,0.008542571576900172,-0.17610839866210606,0.32264635725034874
2020-01-02,12:00:00,1519.11,1522.39,1518.38,1521.93,12367,1521.37,1518.95,BULLISH_LONDON_BREAKOUT,1,0,0.47111233762392785,0.45402876610618453,1.8003456137930036
2020-01-03,12:00:00,1543.42,1551.46,1542.87,1549.33,20902,1543.95,1537.39,BULLISH_LONDON_BREAKOUT,1,0,-0.03162657406750073,1.2747445670063833,1.9021125260596534
2020-01-06,12:00:00,1573.76,1579.31,1571.25,1578.8,21144,1578.33,1570.13,BULLISH_LONDON_BREAKOUT,1,0,-0.9272865467443547,-0.9671902710919675,-0.7106663288573617
2020-01-06,16:00:00,1578.63,1578.94,1560.85,1564.16,32912,1578.33,1570.13,BEARISH_LONDON_BREAKOUT,1,1,0.03708060556464346,-0.3318074877250444,0.2800225040916455
2020-01-07,20:00:00,1568.54,1573.13,1568.37,1571.23,15377,1570.71,1557.87,BULLISH_LONDON_BREAKOUT,1,0,1.5128275300242473,1.1029575555456508,-1.0934108946494188
2020-01-08,12:00:00,1588.57,1588.92,1575.38,1577.18,26647,1595.28,1585.85,BEARISH_LONDON_BREAKOUT,0,1,-0.2320597522159856,-1.2141924193814333,-1.8260439518634497
2020-01-10,16:00:00,1550.61,1559.41,1546.82,1558.6,27021,1551.7,1545.73,BULLISH_LONDON_BREAKOUT,1,0,0.2027460541511666,-0.12062107019118966,-0.45746182471447977
2020-01-13,16:00:00,1552.87,1556.09,1548.62,1551.47,23617,1556.82,1551.94,BEARISH_LONDON_BREAKOUT,0,1,-0.11408535131198036,-0.8192230594210675,-0.5517348063449468
2020-01-14,12:00:00,1543.03,1545.97,1541.78,1543.07,14118,1543.04,1536.11,BULLISH_LONDON_BREAKOUT,1,0,-0.010368939840697733,0.4173498285884668,0.5774203373793854
2020-01-15,16:00:00,1551.99,1557.0,1546.93,1548.9,22817,1553.86,1550.23,BEARISH_LONDON_BREAKOUT,0,1,0.4183614177803614,0.4874427012718674,0.12008522177028214
2020-01-15,20:00:00,1548.97,1558.17,1548.68,1555.38,16309,1553.86,1550.23,BULLISH_LONDON_BREAKOUT,1,1,0.056577813781833484,-0.12472836220088046,-0.23595520065836467
2020-01-16,16:00:00,1556.21,1557.49,1547.98,1550.76,24869,1556.46,1551.37,BEARISH_LONDON_BREAKOUT,0,1,0.0612602852794788,0.24439629600969612,0.35401996440455064
2020-01-21,12:00:00,1559.4,1561.54,1551.84,1555.63,16912,1567.7,1558.28,BEARISH_LONDON_BREAKOUT,0,1,0.1870624762957679,0.054640242216973764,0.00899956930631787
2020-01-22,12:00:00,1554.5,1559.22,1553.86,1555.77,12303,1554.8,1550.51,BULLISH_LONDON_BREAKOUT,1,0,0.08227437217583401,0.3618786838671596,-0.18640287446088374
2020-01-23,12:00:00,1554.15,1557.0,1552.87,1552.87,11311,1560.88,1553.38,BEARISH_LONDON_BREAKOUT,0,1,0.6285136553607333,0.5177510029815884,0.3992607236922631
2020-01-23,16:00:00,1552.87,1564.86,1551.85,1562.63,22755,1560.88,1553.38,BULLISH_LONDON_BREAKOUT,1,1,0.010239148102868526,-0.06207483537369865,0.4774002802966671
2020-01-24,12:00:00,1559.55,1562.95,1557.48,1559.07,14170,1562.25,1559.37,BEARISH_LONDON_BREAKOUT,0,1,0.7068316368091222,1.5060260283374074,1.6234036957930158
2020-01-24,16:00:00,1559.07,1575.49,1556.49,1570.09,23202,1562.25,1559.37,BULLISH_LONDON_BREAKOUT,1,1,0.051589399333807164,0.594870357750202,0.8700138208637773
2020-01-27,12:00:00,1577.92,1586.28,1575.87,1584.38,19019,1580.91,1576.83,BULLISH_LONDON_BREAKOUT,1,0,-0.03976318812406803,-0.20891452808039565,-0.39510723437560547
2020-01-28,16:00:00,1578.12,1578.82,1567.35,1570.21,25621,1580.58,1576.86,BEARISH_LONDON_BREAKOUT,0,1,-0.0668700364919313,-0.3636456270180445,-0.02929544455837349
2020-01-29,12:00:00,1568.04,1572.44,1567.19,1571.9,12355,1569.11,1564.41,BULLISH_LONDON_BREAKOUT,1,0,-0.13677714867358554,0.326356638462999,0.5146637826833717
2020-01-30,16:00:00,1579.99,1585.23,1572.22,1583.63,26635,1582.51,1576.94,BULLISH_LONDON_BREAKOUT,1,0,-0.2412179612662152,-0.7236538837986168,0.2904718905299791
2020-01-31,12:00:00,1576.37,1582.05,1576.13,1580.59,14253,1576.68,1571.55,BULLISH_LONDON_BREAKOUT,1,0,0.48336380718593064,0.5567541234602384,-0.15753610993363296
2020-02-04,12:00:00,1572.17,1573.14,1565.39,1570.1,13359,1576.03,1570.55,BEARISH_LONDON_BREAKOUT,0,1,-0.946436532704917,-1.0190433730335648,-0.968091204381875
2020-02-05,12:00:00,1561.06,1561.95,1547.38,1554.9,20434,1562.41,1556.75,BEARISH_LONDON_BREAKOUT,0,1,0.06817158659720532,0.07074409929898444,0.630265611936456
2020-02-06,12:00:00,1558.61,1567.59,1558.13,1564.7,13773,1560.2,1552.46,BULLISH_LONDON_BREAKOUT,1,0,-0.090113120726023,0.069022815875243,0.24669265673930466
2020-02-07,12:00:00,1566.76,1569.85,1564.37,1568.56,16215,1567.33,1562.86,BULLISH_LONDON_BREAKOUT,1,0,-0.14344366807772735,0.399729688376599,0.23524761564747634
2020-02-10,16:00:00,1572.25,1575.71,1571.42,1574.06,18816,1572.82,1569.4,BULLISH_LONDON_BREAKOUT,1,0,0.052729883231906964,-0.3519560880779617,-0.641017496156431
2020-02-11,16:00:00,1568.57,1574.05,1562.66,1563.97,23425,1569.89,1566.34,BEARISH_LONDON_BREAKOUT,0,1,0.2877293042705423,0.24936539703446126,0.20077111453543692
2020-02-13,16:00:00,1573.96,1578.33,1571.82,1575.91,22719,1575.76,1572.25,BULLISH_LONDON_BREAKOUT,1,0,0.0031727700185895467,-0.10533596461727394,0.3534465800711929
2020-02-14,16:00:00,1576.33,1582.88,1574.84,1581.48,18081,1576.39,1573.87,BULLISH_LONDON_BREAKOUT,1,0,0.1397425196651261,0.06007031388320089,-0.02971899739484706
2020-02-18,16:00:00,1587.84,1600.81,1586.35,1600.75,21926,1589.06,1585.0,BULLISH_LONDON_BREAKOUT,1,0,0.04435420896455014,0.04622833047009271,0.36108074340152885
2020-02-19,12:00:00,1604.84,1611.29,1604.78,1609.07,16488,1605.77,1601.19,BULLISH_LONDON_BREAKOUT,1,0,-0.15785515856985488,0.07706314827819853,0.5226621588868154
2020-02-20,12:00:00,1607.16,1617.79,1607.03,1617.48,15477,1610.52,1603.84,BULLISH_LONDON_BREAKOUT,1,0,0.020402106981225562,0.28315651507282485,1.098622548655933
2020-02-21,16:00:00,1635.25,1649.23,1633.49,1643.28,30598,1635.33,1624.63,BULLISH_LONDON_BREAKOUT,1,0,0.027384255878489697,1.065551823182902,1.9022929750255582
2020-02-24,12:00:00,1672.51,1689.25,1671.9,1682.23,29725,1673.34,1659.68,BULLISH_LONDON_BREAKOUT,1,0,-0.4571313078473249,-1.6840741159056685,-2.1263441978801936
2020-02-24,20:00:00,1674.72,1676.84,1650.83,1653.72,34379,1673.34,1659.68,BEARISH_LONDON_BREAKOUT,2,1,0.010884551193676296,-0.7867111723871025,-0.22071451031614123
2020-02-26,16:00:00,1647.35,1648.14,1624.73,1637.71,35661,1647.94,1639.81,BEARISH_LONDON_BREAKOUT,0,1,0.645413412631048,0.8005080264515635,0.8609582893186162
2020-02-26,20:00:00,1637.84,1650.07,1636.53,1648.28,33361,1647.94,1639.81,BULLISH_LONDON_BREAKOUT,1,1,-0.28757249981799266,-0.010920474676636474,-0.41255126556167365
2020-02-28,16:00:00,1629.52,1629.72,1571.19,1583.63,43923,1642.36,1621.16,BEARISH_LONDON_BREAKOUT,0,1,0.06756628757979681,0.9604516206436988,0.633986474113269
2020-03-02,12:00:00,1597.86,1610.94,1597.86,1606.42,33661,1605.33,1595.94,BULLISH_LONDON_BREAKOUT,1,0,-0.7936903176006274,-0.9026282043301254,-0.21289575577993755
2020-03-02,16:00:00,1606.42,1607.22,1590.96,1593.67,38710,1605.33,1595.94,BEARISH_LONDON_BREAKOUT,1,1,0.08094523960418176,0.2604052281839944,2.4911054358806917
2020-03-03,12:00:00,1594.88,1604.52,1594.1,1603.0,22520,1601.14,1593.45,BULLISH_LONDON_BREAKOUT,1,0,1.894572676232058,2.661883967560828,2.552089831565819
2020-03-05,12:00:00,1637.36,1648.69,1637.15,1647.83,22392,1642.78,1637.14,BULLISH_LONDON_BREAKOUT,1,0,0.739153917576453,1.6233470685689664,2.3194140172226523
2020-03-06,12:00:00,1672.14,1689.94,1670.84,1686.05,30494,1681.05,1667.79,BULLISH_LONDON_BREAKOUT,1,0,-1.3054179887903674,0.8339017229619492,-0.6049642655911773
2020-03-06,16:00:00,1685.99,1689.56,1641.97,1664.04,44291,1681.05,1667.79,BEARISH_LONDON_BREAKOUT,1,1,0.6021489868032008,1.0288214225619647,0.05588807961347465
2020-03-10,20:00:00,1654.47,1661.79,1641.49,1641.94,28902,1668.16,1649.25,BEARISH_LONDON_BREAKOUT,0,1,0.6297428651473207,1.241823696359177,-0.33984189434450435
2020-03-11,16:00:00,1665.97,1671.24,1644.23,1649.69,38398,1666.51,1658.15,BEARISH_LONDON_BREAKOUT,0,1,-0.8080305996884356,-0.7704477810982691,-5.0573137983499965
2020-03-12,16:00:00,1634.19,1634.84,1560.59,1566.26,47666,1642.72,1631.34,BEARISH_LONDON_BREAKOUT,0,1,0.33391646342242143,-0.3977628235414311,-2.0105218801476132
2020-03-13,16:00:00,1580.94,1597.91,1521.74,1534.77,64434,1594.22,1557.79,BEARISH_LONDON_BREAKOUT,0,1,-0.32513014979443233,0.8548512154915797,-2.008770043719901
2020-03-16,12:00:00,1531.21,1542.04,1456.18,1461.72,42943,1550.64,1529.49,BEARISH_LONDON_BREAKOUT,0,1,2.8883780751443524,3.100456995867877,0.7518539802424548
2020-03-17,12:00:00,1486.5,1488.05,1465.42,1472.71,35037,1504.94,1482.47,BEARISH_LONDON_BREAKOUT,0,1,4.055109288318815,4.40955788987649,2.9829362196223332
2020-03-17,16:00:00,1472.77,1553.85,1472.22,1532.43,68647,1504.94,1482.47,BULLISH_LONDON_BREAKOUT,1,1,-0.20229309005958748,-0.0078307002603785,-2.6024027198632305
2020-03-18,16:00:00,1516.63,1522.7,1485.32,1492.55,60692,1532.82,1494.76,BEARISH_LONDON_BREAKOUT,0,1,0.16816857056714957,-1.552376804797149,-0.8428528357508912
2020-03-23,16:00:00,1494.19,1543.92,1494.16,1542.54,38859,1496.04,1485.0,BULLISH_LONDON_BREAKOUT,1,0,0.714406109403969,1.8897402984687652,4.645584555343789
2020-03-24,12:00:00,1570.97,1616.58,1566.3,1593.75,14078,1578.52,1557.62,BULLISH_LONDON_BREAKOUT,1,0,1.2831372549019635,2.3272156862745046,0.9035294117647116
2020-03-26,12:00:00,1604.95,1622.82,1600.87,1619.72,6196,1606.53,1595.49,BULLISH_LONDON_BREAKOUT,1,0,0.4568690884844209,0.3753735213493645,-0.12594769466327288
2020-03-30,12:00:00,1616.12,1627.09,1615.56,1627.07,7183,1620.75,1610.39,BULLISH_LONDON_BREAKOUT,1,0,-0.3853552705169404,-0.6797494883440753,-1.5709219640212126
2020-03-31,12:00:00,1615.22,1616.09,1594.95,1601.51,12042,1618.84,1613.1,BEARISH_LONDON_BREAKOUT,0,1,0.4882891770891182,-1.4498816741700038,-0.8017433547089883
2020-04-02,16:00:00,1595.12,1613.64,1595.12,1607.93,32692,1599.28,1583.22,BULLISH_LONDON_BREAKOUT,1,0,0.3719067372335872,0.3551149614722056,0.47390122704345905
2020-04-03,12:00:00,1615.02,1620.63,1607.73,1619.3,12021,1616.55,1607.0,BULLISH_LONDON_BREAKOUT,1,0,-0.23158154758228863,-0.006175507935522081,1.2703019823380435
2020-04-06,12:00:00,1631.36,1642.93,1628.8,1639.87,13942,1632.95,1615.71,BULLISH_LONDON_BREAKOUT,1,0,0.3945434699092018,1.3970619622287184,0.7628653490825625
2020-04-09,12:00:00,1658.8,1665.44,1655.09,1663.0,16198,1660.33,1646.98,BULLISH_LONDON_BREAKOUT,1,0,1.2826217678893521,1.236319903788331,1.6752856283824353
2020-04-13,16:00:00,1691.81,1711.15,1686.24,1709.06,23582,1692.89,1681.54,BULLISH_LONDON_BREAKOUT,1,0,0.4435186593800191,0.6471393631586922,1.4458240202216446
2020-04-14,16:00:00,1720.76,1747.4,1720.63,1733.77,42465,1725.34,1708.56,BULLISH_LONDON_BREAKOUT,1,0,-0.3368382196023647,-0.7544253274655766,-1.1754731019685356
2020-04-16,12:00:00,1722.89,1736.97,1719.35,1736.81,27324,1725.93,1713.57,BULLISH_LONDON_BREAKOUT,1,0,-0.8337123807440087,-1.2315682198973907,-2.7377778801365698
2020-04-17,20:00:00,1690.17,1690.3,1680.1,1682.14,32857,1708.79,1684.96,BEARISH_LONDON_BREAKOUT,0,1,-0.3715505249265816,-0.47023434434708655,0.8269228482765913
2020-04-20,12:00:00,1674.21,1689.69,1673.19,1687.1,24239,1684.99,1672.83,BULLISH_LONDON_BREAKOUT,1,0,0.7231343725920245,0.23294410526940096,-1.194357180961405
2020-04-21,12:00:00,1696.03,1696.11,1660.03,1666.95,28972,1697.86,1685.92,BEARISH_LONDON_BREAKOUT,0,1,0.659887819070758,1.1991961366567687,1.6917124088904913
2020-04-22,16:00:00,1695.28,1711.51,1692.84,1710.01,33397,1699.55,1680.29,BULLISH_LONDON_BREAKOUT,1,0,0.46607914573599146,0.01637417325044723,1.1637358845854757
2020-04-23,12:00:00,1717.78,1732.15,1717.24,1727.87,20436,1719.49,1709.67,BULLISH_LONDON_BREAKOUT,1,0,0.11806443771812643,0.032409845648120106,0.16494296445913967
2020-04-24,16:00:00,1730.7,1736.24,1710.36,1712.3,41840,1731.3,1720.81,BEARISH_LONDON_BREAKOUT,0,1,0.8240378438357839,0.555977340419318,-0.06540909887285469
2020-04-27,16:00:00,1714.75,1722.14,1705.87,1711.18,37845,1723.75,1713.07,BEARISH_LONDON_BREAKOUT,0,1,0.35355719445061035,-0.7632160263677796,-0.400308559006074
2020-04-28,12:00:00,1701.97,1714.61,1699.38,1709.57,31456,1704.65,1692.22,BULLISH_LONDON_BREAKOUT,1,0,-0.30650982410781713,-0.28194224278619395,-0.028662178208555898
2020-04-29,16:00:00,1709.09,1712.28,1697.76,1702.89,32495,1713.1,1704.13,BEARISH_LONDON_BREAKOUT,0,1,0.7146674183300064,0.5625730376007803,-0.532623951047934
2020-04-29,20:00:00,1702.95,1717.67,1698.46,1715.06,33749,1713.1,1704.13,BULLISH_LONDON_BREAKOUT,1,1,-0.07230067752731735,0.14693363497486864,-1.659417163247935
2020-04-30,16:00:00,1716.28,1716.31,1692.16,1693.82,35479,1721.72,1710.19,BEARISH_LONDON_BREAKOUT,0,1,-0.42625544626938083,-0.3577711917441018,0.11276286736489603
2020-05-01,16:00:00,1680.08,1698.02,1675.6,1695.73,32869,1688.76,1670.4,BULLISH_LONDON_BREAKOUT,1,0,0.2282202945044253,0.26950045113313653,0.7141467096766526
2020-05-04,16:00:00,1706.49,1710.11,1695.6,1707.84,40279,1707.13,1696.26,BULLISH_LONDON_BREAKOUT,1,0,-0.23714165261382536,-0.5685544313284505,-0.36595934045343825
2020-05-05,20:00:00,1701.58,1712.04,1697.61,1710.37,31027,1704.27,1689.63,BULLISH_LONDON_BREAKOUT,1,0,-0.37360337236971375,-0.2414682203265891,-1.2552839444096775
2020-05-06,16:00:00,1701.77,1705.22,1683.69,1689.07,31704,1708.06,1700.89,BEARISH_LONDON_BREAKOUT,0,1,-0.010064710165940157,0.1551149449105199,1.1592177944075828
2020-05-07,12:00:00,1688.85,1696.79,1688.79,1695.66,12555,1692.73,1684.32,BULLISH_LONDON_BREAKOUT,1,0,0.7660733873535973,1.0780463064529429,1.346968142198313
2020-05-08,20:00:00,1715.2,1715.82,1701.09,1702.09,25421,1720.19,1713.47,BEARISH_LONDON_BREAKOUT,0,1,0.24616794646581877,0.28259375238678175,-0.314906967316646
2020-05-11,12:00:00,1706.88,1708.15,1693.73,1701.16,29850,1709.4,1701.83,BEARISH_LONDON_BREAKOUT,0,1,-0.2557078699240598,-0.20574196430670835,0.16283006889416524
2020-05-12,16:00:00,1704.22,1710.95,1698.57,1706.45,31689,1705.43,1697.79,BULLISH_LONDON_BREAKOUT,1,0,-0.26897946028305225,-0.22502856807994054,0.29534999560490866
2020-05-13,12:00:00,1701.48,1709.04,1698.93,1708.32,25533,1705.9,1700.61,BULLISH_LONDON_BREAKOUT,1,0,0.18556242390184935,0.5912241266273378,0.4361009646904588
2020-05-14,16:00:00,1715.78,1734.78,1711.0,1733.43,46199,1719.31,1711.12,BULLISH_LONDON_BREAKOUT,1,0,-0.035190345153835303,-0.07268825392429984,0.8941809014497268
2020-05-15,16:00:00,1732.19,1749.24,1732.0,1748.93,43827,1738.54,1730.14,BULLISH_LONDON_BREAKOUT,1,0,-0.40481894644154737,0.6809878039715629,-0.8262194598983403
2020-05-18,16:00:00,1763.87,1764.64,1727.5,1734.48,60130,1764.72,1758.54,BEARISH_LONDON_BREAKOUT,0,1,-0.1746921267469197,0.150477376504768,0.3626447119597784
2020-05-19,16:00:00,1736.01,1745.68,1730.82,1740.77,49959,1738.79,1725.6,BULLISH_LONDON_BREAKOUT,1,0,0.31365430240640846,0.48369399748387626,0.38948281507608545
2020-05-21,16:00:00,1736.06,1741.55,1717.1,1724.33,42474,1743.78,1735.01,BEARISH_LONDON_BREAKOUT,0,1,0.04349515463977313,0.1734006831638961,0.41233406598505673
2020-05-25,16:00:00,1728.29,1733.15,1721.55,1729.35,22404,1729.09,1723.71,BULLISH_LONDON_BREAKOUT,1,0,-0.06534246971404757,0.3116777980166016,-0.8916644982218663
2020-05-26,12:00:00,1729.86,1730.41,1720.08,1725.91,16735,1735.08,1726.28,BEARISH_LONDON_BREAKOUT,0,1,-0.6941265767044642,-0.7764020140100057,-1.4421377707991785
2020-05-27,12:00:00,1708.33,1710.12,1697.83,1701.02,13908,1710.39,1704.84,BEARISH_LONDON_BREAKOUT,0,1,-0.0035272953874701907,0.5790643261102109,1.1740014814640642
2020-05-27,20:00:00,1700.96,1715.29,1700.8,1713.52,20250,1710.39,1704.84,BULLISH_LONDON_BREAKOUT,1,2,-0.1546524114104353,0.3186423269060201,0.34023530510294175
2020-05-28,16:00:00,1721.09,1727.57,1719.49,1723.62,31120,1721.73,1714.4,BULLISH_LONDON_BREAKOUT,1,0,-0.24773441941959262,-0.21640500806441046,0.6608185098803739
2020-05-29,12:00:00,1720.17,1730.03,1719.84,1729.65,13434,1723.07,1716.87,BULLISH_LONDON_BREAKOUT,1,0,0.3098892839591767,0.5741045876333267,0.27173127511345174
2020-06-01,12:00:00,1740.24,1743.78,1729.18,1734.35,14104,1744.51,1737.22,BEARISH_LONDON_BREAKOUT,0,1,0.35286995127858384,0.42321330757921677,0.31885144290369305
2020-06-02,16:00:00,1739.95,1745.09,1727.39,1729.57,33381,1740.12,1734.58,BEARISH_LONDON_BREAKOUT,0,1,-0.08557040189180076,-0.2538203137195877,-1.7293315679619707
2020-06-03,16:00:00,1722.09,1726.2,1689.21,1699.66,41991,1726.58,1719.61,BEARISH_LONDON_BREAKOUT,0,1,-0.1253191814833619,0.19650989021333196,0.835461209889026
2020-06-04,12:00:00,1702.24,1715.19,1701.72,1707.87,13411,1705.19,1697.92,BULLISH_LONDON_BREAKOUT,1,0,0.3507292709632472,0.26817029399194053,-0.12003255517105837
2020-06-05,12:00:00,1709.44,1713.43,1701.86,1705.82,15344,1712.55,1707.46,BEARISH_LONDON_BREAKOUT,0,1,-1.6261973713521949,-1.4421216775509673,-0.8089950874066405
2020-06-08,20:00:00,1691.5,1700.67,1691.36,1698.34,22569,1696.42,1687.15,BULLISH_LONDON_BREAKOUT,1,0,-0.05770340450086662,0.205494777253083,0.9791914457646943
2020-06-09,12:00:00,1701.88,1711.33,1701.27,1707.63,18016,1702.16,1692.11,BULLISH_LONDON_BREAKOUT,1,0,0.4913242330012867,0.3267686793977575,0.9340430889595415
2020-06-10,12:00:00,1717.3,1724.15,1715.8,1723.58,14207,1719.87,1714.83,BULLISH_LONDON_BREAKOUT,1,0,-0.33940983302196065,0.6921639842653119,0.24309866672855654
2020-06-12,12:00:00,1733.02,1737.54,1731.13,1736.4,12829,1733.78,1726.01,BULLISH_LONDON_BREAKOUT,1,0,-0.14167242570836422,-0.21078092605390933,-1.397719419488596
2020-06-15,12:00:00,1721.38,1724.1,1707.85,1712.13,16943,1729.29,1715.08,BEARISH_LONDON_BREAKOUT,0,1,0.49528949320435894,0.702633561703841,0.9193227149807421
2020-06-17,12:00:00,1723.91,1725.33,1712.6,1717.4,16470,1729.48,1721.7,BEARISH_LONDON_BREAKOUT,0,1,0.4151624548736393,0.5840223593804572,0.2690112961453296
2020-06-18,12:00:00,1727.27,1737.59,1718.08,1722.02,21640,1728.73,1724.63,BEARISH_LONDON_BREAKOUT,0,1,0.018582827144861053,0.0772348753208399,0.6887260310565573
2020-06-19,12:00:00,1731.91,1734.06,1727.7,1733.88,8150,1732.82,1725.64,BULLISH_LONDON_BREAKOUT,1,0,0.4763882160241764,0.8766465960735356,0.8137818072761609
2020-06-22,16:00:00,1747.99,1763.2,1745.38,1757.77,30201,1753.64,1742.74,BULLISH_LONDON_BREAKOUT,1,0,-0.15019029793430727,-0.3618220813872065,0.48186053920592725
2020-06-23,12:00:00,1755.53,1759.09,1753.83,1757.86,12638,1756.31,1747.29,BULLISH_LONDON_BREAKOUT,1,0,0.476716006963018,0.61210790392864,1.1411602744245943
2020-06-24,12:00:00,1770.09,1779.43,1769.91,1777.92,14270,1771.23,1765.18,BULLISH_LONDON_BREAKOUT,1,0,-0.6052015838732896,-0.893741000719948,-1.0478536717062696
2020-06-24,20:00:00,1767.27,1768.3,1760.77,1765.0,22224,1771.23,1765.18,BEARISH_LONDON_BREAKOUT,1,1,-0.1682719546742225,0.05155807365439557,-0.08101983002833223
2020-06-25,12:00:00,1765.91,1766.91,1758.31,1759.29,14553,1768.87,1759.4,BEARISH_LONDON_BREAKOUT,0,1,0.10004035718954754,0.3728776949792215,0.17904950292448038
2020-06-26,16:00:00,1762.46,1767.99,1747.43,1766.64,33239,1765.02,1757.93,BULLISH_LONDON_BREAKOUT,1,0,0.16585156002353824,0.32660870352759935,0.2700040755332146
2020-06-30,12:00:00,1773.59,1773.78,1764.69,1765.85,10003,1773.75,1769.13,BEARISH_LONDON_BREAKOUT,0,1,0.9655406744627337,0.9615765778520271,0.8873913412804074
2020-06-30,16:00:00,1765.84,1785.94,1765.6,1782.9,26101,1773.75,1769.13,BULLISH_LONDON_BREAKOUT,1,1,-0.14975601548040118,0.05496662740479097,-0.9075102361321478
2020-07-01,12:00:00,1787.81,1788.82,1776.82,1781.52,13639,1789.08,1781.89,BEARISH_LONDON_BREAKOUT,0,1,-0.8307512685796372,-0.7516053706946806,-0.49676680587363087
2020-07-02,12:00:00,1769.03,1774.35,1768.77,1772.67,9875,1770.25,1764.25,BULLISH_LONDON_BREAKOUT,1,0,0.29954813924757256,0.17092859923166595,0.17600568633755242
2020-07-06,12:00:00,1775.99,1779.66,1774.13,1779.34,9039,1777.89,1771.43,BULLISH_LONDON_BREAKOUT,1,0,0.24222464509313416,0.36642800139377424,-0.08711095125158512
2020-07-07,12:00:00,1780.74,1781.3,1773.47,1777.79,13083,1785.13,1780.32,BEARISH_LONDON_BREAKOUT,0,1,0.981555751804209,0.9320560921143632,1.500739682414687
2020-07-07,16:00:00,1777.78,1796.48,1775.53,1795.24,24980,1785.13,1780.32,BULLISH_LONDON_BREAKOUT,1,1,0.10416434571421597,-0.057930973017533235,0.8890176243844854
2020-07-08,12:00:00,1796.08,1804.81,1796.08,1804.47,13509,1796.11,1792.4,BULLISH_LONDON_BREAKOUT,1,0,0.37296269818838873,0.249934883927136,0.1956253082622583
2020-07-09,12:00:00,1812.82,1815.91,1805.56,1808.0,12236,1814.3,1808.97,BEARISH_LONDON_BREAKOUT,0,1,-0.3838495575221269,-0.23672566371681264,-0.07577433628317981
2020-07-10,12:00:00,1799.44,1809.25,1799.44,1806.63,9156,1801.71,1795.78,BULLISH_LONDON_BREAKOUT,1,0,-0.4848806894604992,-0.36476755063295446,0.135058091584875
2020-07-13,12:00:00,1804.99,1809.99,1804.03,1809.07,8936,1808.24,1802.6,BULLISH_LONDON_BREAKOUT,1,0,-0.10226248846091689,-0.3714615797067017,-0.49085994461241866
2020-07-13,20:00:00,1807.22,1811.61,1800.47,1802.23,21802,1808.24,1802.6,BEARISH_LONDON_BREAKOUT,1,1,0.006658417627044876,-0.10376034135488359,0.4466688491479975
2020-07-14,16:00:00,1800.3,1809.55,1795.16,1807.39,30332,1802.33,1796.11,BULLISH_LONDON_BREAKOUT,1,0,0.15989908099524025,0.07967289848897179,0.17262461339278687
2020-07-15,12:00:00,1811.7,1815.04,1803.61,1805.18,12986,1811.91,1805.7,BEARISH_LONDON_BREAKOUT,0,1,0.2952614143741858,0.4387374112276806,0.017172802712191883
2020-07-15,20:00:00,1810.51,1813.25,1810.17,1812.17,11428,1811.91,1805.7,BULLISH_LONDON_BREAKOUT,1,1,0.051319688550182166,-0.33882030935288077,-0.9314799384163797
2020-07-16,20:00:00,1806.43,1807.63,1794.9,1795.29,16303,1811.27,1805.47,BEARISH_LONDON_BREAKOUT,0,1,0.16543288270975873,0.3058001771301578,0.8015418121863377
2020-07-17,12:00:00,1800.78,1806.5,1800.76,1805.9,6995,1801.37,1798.24,BULLISH_LONDON_BREAKOUT,1,0,0.24530704911677478,0.16944459826125174,0.5177473835760512
2020-07-20,12:00:00,1809.99,1815.35,1809.25,1815.25,9378,1810.92,1807.29,BULLISH_LONDON_BREAKOUT,1,0,0.06941192673185462,0.14929073130423007,0.7001790386999056
2020-07-21,12:00:00,1822.21,1828.4,1821.37,1827.96,11806,1824.12,1817.18,BULLISH_LONDON_BREAKOUT,1,0,0.6384165955491408,0.8320751001116018,1.7336265563797926
2020-07-22,16:00:00,1859.65,1864.62,1847.37,1864.15,36862,1861.11,1850.97,BULLISH_LONDON_BREAKOUT,1,0,0.23603250811361012,0.23013169541077505,1.7450312474854475
2020-07-23,12:00:00,1875.92,1888.57,1875.47,1878.33,24188,1876.31,1867.67,BULLISH_LONDON_BREAKOUT,1,0,0.9769316360809941,0.3843840006814579,0.8507557244999557
2020-07-24,16:00:00,1894.31,1906.5,1891.9,1900.21,32392,1896.93,1882.41,BULLISH_LONDON_BREAKOUT,1,0,0.07472858263034468,1.6635003499613148,2.009777866656846
2020-07-27,12:00:00,1933.38,1945.15,1933.1,1940.18,21707,1937.89,1929.57,BULLISH_LONDON_BREAKOUT,1,0,-0.0917440649836599,1.2777165005308768,-0.5623189600964901
2020-07-28,16:00:00,1929.04,1956.54,1923.41,1953.59,40745,1947.44,1906.63,BULLISH_LONDON_BREAKOUT,1,0,0.09469745443005628,-0.036855225507912474,0.24314211272580227
2020-07-29,20:00:00,1958.36,1980.75,1951.44,1969.27,29612,1961.14,1949.67,BULLISH_LONDON_BREAKOUT,1,0,-0.1396456554967069,-0.6794395892894262,-0.6728381583023151
2020-08-03,16:00:00,1970.14,1976.52,1960.39,1968.35,29230,1977.47,1970.08,BEARISH_LONDON_BREAKOUT,0,1,0.41506845835344697,0.27992989051743805,1.3569741153758244
2020-08-04,16:00:00,1971.91,1996.51,1971.31,1995.06,32910,1978.81,1971.37,BULLISH_LONDON_BREAKOUT,1,0,1.1032249656651927,0.9027297424638854,2.431505819373853
2020-08-05,12:00:00,2033.57,2044.65,2028.87,2042.8,23476,2039.82,2011.56,BULLISH_LONDON_BREAKOUT,1,0,0.037693362052084484,-0.30986880751908785,0.7969453691012324
2020-08-06,12:00:00,2043.33,2059.52,2040.85,2059.08,22034,2053.96,2041.26,BULLISH_LONDON_BREAKOUT,1,0,-0.05876410824251784,0.4953668628708099,-0.3215028070788843
2020-08-07,16:00:00,2052.41,2063.81,2022.97,2027.96,61254,2064.67,2047.84,BEARISH_LONDON_BREAKOUT,0,1,0.2559222075386129,0.07593838142763978,0.34418824828892175
2020-08-10,20:00:00,2034.91,2035.64,2019.31,2024.94,32579,2035.17,2027.1,BEARISH_LONDON_BREAKOUT,0,1,0.16099242446689732,-1.4721423844657098,-5.375467915098726
2020-08-11,12:00:00,1995.01,1997.59,1974.15,1978.03,31875,2021.5,1989.85,BEARISH_LONDON_BREAKOUT,0,1,-1.7699428218985551,-3.490341400282097,-2.467101105645514
2020-08-12,16:00:00,1929.19,1947.94,1922.44,1941.45,50044,1939.76,1862.58,BULLISH_LONDON_BREAKOUT,1,0,-1.7249993561513306,-0.3270751242628003,0.17821731180303568
2020-08-13,16:00:00,1931.69,1950.63,1920.14,1944.91,46276,1935.7,1921.45,BULLISH_LONDON_BREAKOUT,1,0,0.388192769845389,0.190754327963752,-0.0688977896149511
2020-08-17,16:00:00,1955.09,1989.03,1953.24,1985.56,46942,1957.11,1941.0,BULLISH_LONDON_BREAKOUT,1,0,-0.07302725679405535,0.2689417595036235,0.8466125425572606
2020-08-19,16:00:00,1985.86,1995.39,1953.93,1963.11,51694,1994.48,1980.32,BEARISH_LONDON_BREAKOUT,0,1,-1.1736479361828918,-0.6866655459958837,-0.8476346205765277
2020-08-21,12:00:00,1941.09,1941.19,1914.82,1915.98,26497,1951.58,1933.7,BEARISH_LONDON_BREAKOUT,0,1,1.2129562939070349,0.9989665862900381,1.7761145732210135
2020-08-24,12:00:00,1944.49,1950.88,1944.12,1950.01,16663,1949.55,1930.59,BULLISH_LONDON_BREAKOUT,1,0,-1.0174306798426633,-1.0425587561089393,-1.2635832636755762
2020-08-24,16:00:00,1949.98,1961.88,1927.39,1930.17,50948,1949.55,1930.59,BEARISH_LONDON_BREAKOUT,1,1,-0.16267997119425232,0.30929918090116554,-0.5636809192972696
2020-08-25,12:00:00,1934.99,1935.55,1921.19,1925.37,23574,1937.29,1929.44,BEARISH_LONDON_BREAKOUT,0,1,-0.3157834598025277,0.22021741275702902,-0.3968068475150165
2020-08-26,16:00:00,1917.71,1946.28,1902.64,1940.28,50444,1927.8,1913.8,BULLISH_LONDON_BREAKOUT,1,0,0.6138289319067393,0.12781660378914478,-0.587028676273521
2020-08-27,16:00:00,1940.82,1976.53,1909.79,1928.89,67730,1948.67,1936.94,BEARISH_LONDON_BREAKOUT,0,1,0.04821425794108717,0.6148613969692361,2.052475776223627
2020-08-28,12:00:00,1948.25,1964.17,1945.93,1962.27,29208,1952.06,1938.77,BULLISH_LONDON_BREAKOUT,1,0,0.3164702105214897,0.5554791134757241,0.1788744668164927
2020-09-01,16:00:00,1989.19,1991.68,1964.25,1973.17,40671,1992.29,1982.03,BEARISH_LONDON_BREAKOUT,0,1,-0.15761439713760736,-0.42824490540602406,-1.4849202045439662
2020-09-02,16:00:00,1959.02,1968.9,1937.28,1943.87,43538,1967.53,1955.91,BEARISH_LONDON_BREAKOUT,0,1,-0.006687690020417095,0.09054103412266347,-0.9043814658387612
2020-09-03,16:00:00,1934.63,1945.89,1921.75,1926.29,46652,1946.49,1927.13,BEARISH_LONDON_BREAKOUT,0,1,0.14899106572738882,0.5326300816595627,-0.2865612135244424
2020-09-04,16:00:00,1939.71,1948.36,1916.27,1920.77,48568,1939.78,1930.7,BEARISH_LONDON_BREAKOUT,0,1,0.6414094347579323,0.7684418228106431,0.5154182957876315
2020-09-08,12:00:00,1931.48,1932.41,1907.89,1915.94,26314,1935.51,1923.33,BEARISH_LONDON_BREAKOUT,0,1,0.6132759898535445,0.7484576761276406,0.5167176425148942
2020-09-09,16:00:00,1925.84,1949.05,1924.72,1943.51,37985,1934.49,1923.99,BULLISH_LONDON_BREAKOUT,1,0,0.2505775632746998,0.15899069209831276,0.8047295871901919
2020-09-10,16:00:00,1947.46,1966.53,1945.09,1959.15,43173,1949.25,1942.35,BULLISH_LONDON_BREAKOUT,1,0,-0.835056019192003,-0.9493913176632793,-0.47010182987520277
2020-09-11,16:00:00,1944.66,1954.8,1941.55,1949.94,36649,1945.07,1937.79,BULLISH_LONDON_BREAKOUT,1,0,-0.4851431326092104,-0.043078248561501664,0.4451419018020983
2020-09-14,16:00:00,1944.12,1962.56,1944.02,1958.62,33372,1949.38,1943.29,BULLISH_LONDON_BREAKOUT,1,0,-0.044929593285062026,0.30940151739490934,-0.34667265727910285
2020-09-15,16:00:00,1968.14,1970.6,1948.29,1951.83,37687,1969.27,1960.28,BEARISH_LONDON_BREAKOUT,0,1,0.08863476839683877,0.3888658336023192,0.7746576289943345
2020-09-16,16:00:00,1963.27,1973.64,1956.6,1966.95,36960,1966.19,1957.09,BULLISH_LONDON_BREAKOUT,1,0,-0.4336663362057995,-1.384885228399299,-1.1744070769465484
2020-09-17,12:00:00,1944.74,1948.8,1936.97,1948.02,19134,1947.36,1937.8,BULLISH_LONDON_BREAKOUT,1,0,-0.21406351064157825,-0.04414739068386875,0.14424903235079442
2020-09-18,20:00:00,1952.73,1960.1,1948.82,1950.42,24109,1955.21,1950.69,BEARISH_LONDON_BREAKOUT,0,1,-0.0989530460106061,-0.11535976866521057,-2.0128997856871846
2020-09-21,12:00:00,1948.2,1948.58,1928.37,1933.04,25838,1954.91,1947.74,BEARISH_LONDON_BREAKOUT,0,1,-1.7138807267309462,-0.8220212721930157,-1.3822786905599485
2020-09-23,16:00:00,1883.51,1887.89,1864.0,1864.22,50321,1893.13,1874.43,BEARISH_LONDON_BREAKOUT,0,1,-0.1137204836339122,-0.4339616568859854,0.3626181459269824
2020-09-24,16:00:00,1858.23,1871.0,1850.92,1870.98,54247,1861.12,1848.89,BULLISH_LONDON_BREAKOUT,1,0,-0.1266715838758361,-0.09513730772108589,-0.5879271825460454
2020-09-25,12:00:00,1873.49,1873.85,1852.81,1858.69,31337,1875.18,1866.08,BEARISH_LONDON_BREAKOUT,0,1,0.06940371982417529,0.2125152661282971,0.3502466791127079
2020-09-28,12:00:00,1858.44,1865.78,1848.93,1865.2,29810,1863.94,1856.0,BULLISH_LONDON_BREAKOUT,1,0,0.41067981985845237,0.9387733218957747,1.1575166202015825
2020-09-29,12:00:00,1883.17,1890.24,1880.4,1886.79,22990,1884.69,1875.49,BULLISH_LONDON_BREAKOUT,1,0,0.17490022737029318,0.5326506924458978,-0.15158019705425088
2020-09-30,16:00:00,1883.92,1902.27,1881.67,1896.14,43124,1891.9,1883.66,BULLISH_LONDON_BREAKOUT,1,0,-0.5178942483150065,-0.1951332707500525,0.7641840792346561
2020-10-01,12:00:00,1897.06,1902.25,1893.24,1900.6,17017,1900.26,1892.1,BULLISH_LONDON_BREAKOUT,1,0,0.5277280858676313,0.1404819530674562,0.40355677154583147
2020-10-05,12:00:00,1892.38,1903.15,1891.88,1902.06,14244,1894.84,1887.05,BULLISH_LONDON_BREAKOUT,1,0,0.6324721617614573,0.5588677539089255,0.817008927163179
2020-10-06,12:00:00,1909.47,1918.08,1906.62,1917.6,15992,1914.49,1908.35,BULLISH_LONDON_BREAKOUT,1,0,-0.8083020442219442,-1.9597413433458455,-1.5154359616186874
2020-10-06,16:00:00,1917.61,1921.09,1901.63,1902.1,33189,1914.49,1908.35,BEARISH_LONDON_BREAKOUT,1,1,-0.7512749066820863,-1.0109878555281016,-0.8627306661058755
2020-10-09,16:00:00,1913.02,1929.24,1912.93,1920.17,30752,1913.55,1905.63,BULLISH_LONDON_BREAKOUT,1,0,0.5051636053057708,0.3692381403729835,0.15102829436976223
2020-10-12,16:00:00,1924.54,1928.38,1919.17,1923.07,25666,1931.88,1923.89,BEARISH_LONDON_BREAKOUT,0,1,0.015080054288193546,-0.6084021902478873,-1.480445329603188
2020-10-13,16:00:00,1920.25,1924.07,1886.37,1894.6,34189,1920.58,1910.17,BEARISH_LONDON_BREAKOUT,0,1,-0.08233928005911251,0.07600548928534016,0.4528660403251427
2020-10-14,12:00:00,1895.55,1902.79,1894.51,1900.26,12728,1898.03,1892.68,BULLISH_LONDON_BREAKOUT,1,0,0.15366318293286566,-0.10787997431930128,-0.45467462347258275
2020-10-15,12:00:00,1902.36,1902.7,1889.82,1891.62,20101,1903.68,1895.97,BEARISH_LONDON_BREAKOUT,0,1,0.6312049988898434,0.7802835664668496,0.9346486080713919
2020-10-15,20:00:00,1903.58,1908.5,1901.9,1906.59,12724,1903.68,1895.97,BULLISH_LONDON_BREAKOUT,1,1,-0.011014428901851421,0.14161408588107802,-0.41068084905511554
2020-10-16,16:00:00,1909.31,1913.92,1897.76,1901.47,28042,1909.89,1902.73,BEARISH_LONDON_BREAKOUT,0,1,-0.1425213124582579,-0.027873171809177776,0.3555144177925495
2020-10-19,12:00:00,1909.22,1913.84,1908.5,1912.24,11482,1911.79,1900.12,BULLISH_LONDON_BREAKOUT,1,0,-0.20970171108229044,-0.48372589214742917,-0.3676316780320447
2020-10-20,12:00:00,1900.54,1908.11,1899.66,1905.21,12333,1904.08,1898.72,BULLISH_LONDON_BREAKOUT,1,0,0.2991796179948691,0.2913064701528941,0.5773641750778129
2020-10-21,16:00:00,1916.24,1931.36,1916.24,1925.09,28359,1920.81,1914.83,BULLISH_LONDON_BREAKOUT,1,0,-0.03376465515897249,-0.5901022809323149,-1.2903292833062308
2020-10-22,16:00:00,1914.14,1914.79,1894.5,1900.25,32017,1920.35,1913.09,BEARISH_LONDON_BREAKOUT,0,1,0.2531245888698827,0.34521773450861437,-0.12051045915010992
2020-10-23,12:00:00,1906.49,1912.14,1905.83,1910.47,12909,1907.71,1902.63,BULLISH_LONDON_BREAKOUT,1,0,-0.6548126900710292,-0.629164551131396,-0.34546472857465105
2020-10-23,16:00:00,1910.46,1914.19,1894.29,1897.96,22899,1907.71,1902.63,BEARISH_LONDON_BREAKOUT,1,1,0.1817741153659743,0.015806444814429943,0.3382579190288558
2020-10-26,12:00:00,1900.31,1905.45,1896.19,1903.87,13941,1902.07,1894.83,BULLISH_LONDON_BREAKOUT,1,0,0.026787543267146306,-0.08561508926554239,-0.057777054105580164
2020-10-27,12:00:00,1904.17,1905.07,1897.84,1902.77,15208,1910.38,1903.22,BEARISH_LONDON_BREAKOUT,0,1,0.301665466661762,0.12718300162395207,-0.5833600487709976
2020-10-28,12:00:00,1906.04,1906.75,1890.68,1891.67,18954,1910.87,1905.26,BEARISH_LONDON_BREAKOUT,0,1,-0.4932149899295414,-0.6375319162433285,-1.0398219562608737
2020-10-29,12:00:00,1881.26,1882.44,1871.74,1872.0,18156,1884.97,1880.36,BEARISH_LONDON_BREAKOUT,0,1,-0.22008547008546425,-0.1944444444444498,0.38835470085469986
2020-10-30,12:00:00,1871.47,1880.13,1869.0,1879.27,16652,1877.04,1866.69,BULLISH_LONDON_BREAKOUT,1,0,0.0026606075763437147,-0.11600249032869485,0.4980657382920031
2020-11-02,12:00:00,1884.81,1890.6,1880.87,1888.63,17423,1886.81,1879.82,BULLISH_LONDON_BREAKOUT,1,0,0.1323710838014857,0.3266918348220586,0.5591354579774728
2020-11-03,12:00:00,1890.69,1900.84,1889.37,1899.19,15742,1894.16,1886.86,BULLISH_LONDON_BREAKOUT,1,0,0.4312364744970253,0.799288117565901,0.16480710197504628
2020-11-05,12:00:00,1910.95,1920.77,1908.89,1919.22,25769,1913.49,1905.46,BULLISH_LONDON_BREAKOUT,1,0,1.3661800106293196,1.4031742061879338,1.893998603599374
2020-11-06,12:00:00,1947.64,1958.07,1943.91,1955.57,22014,1948.11,1935.59,BULLISH_LONDON_BREAKOUT,1,0,-0.36459957966218964,0.1528965979228567,-0.887720715699254
2020-11-09,12:00:00,1956.88,1963.23,1934.81,1938.21,23910,1965.46,1953.46,BEARISH_LONDON_BREAKOUT,0,1,-3.9944072107769575,-3.4758875457251857,-3.0786137725014355
2020-11-10,12:00:00,1885.39,1890.25,1867.43,1878.54,27063,1890.35,1878.87,BEARISH_LONDON_BREAKOUT,0,1,0.20175242475539323,-0.0990130633364155,-0.08570485589872454
2020-11-11,16:00:00,1876.93,1878.91,1856.43,1862.62,39488,1884.41,1874.54,BEARISH_LONDON_BREAKOUT,0,1,0.04939279080005975,0.42413374708744084,0.8761851585401298
2020-11-12,16:00:00,1870.46,1883.81,1867.53,1878.94,31432,1872.62,1867.34,BULLISH_LONDON_BREAKOUT,1,0,-0.10644299445432,-0.10644299445432,0.6849606693135433
2020-11-13,16:00:00,1879.39,1896.75,1878.23,1891.81,31547,1880.42,1876.32,BULLISH_LONDON_BREAKOUT,1,0,-0.13373436021587648,0.20773756349739478,-0.09514697564765778
2020-11-16,12:00:00,1891.64,1895.16,1864.46,1869.22,21187,1896.78,1887.49,BEARISH_LONDON_BREAKOUT,0,1,1.1122286301237931,1.1042038925327073,1.0432158868405004
2020-11-18,12:00:00,1882.42,1884.65,1868.69,1871.75,17363,1882.6,1876.58,BEARISH_LONDON_BREAKOUT,0,1,0.5353279016962725,-0.02083611593429144,-0.48831307599840257
2020-11-20,16:00:00,1866.0,1879.75,1863.94,1874.43,20238,1869.8,1860.9,BULLISH_LONDON_BREAKOUT,1,0,-0.188323917137475,-0.06828742604418264,-2.1233121535613466
2020-11-23,12:00:00,1874.72,1875.17,1863.46,1866.28,15508,1876.14,1871.92,BEARISH_LONDON_BREAKOUT,0,1,-1.6958870051653485,-1.6428403026341214,-3.002229033156867
2020-11-24,12:00:00,1827.52,1830.7,1805.67,1810.25,22259,1832.9,1822.56,BEARISH_LONDON_BREAKOUT,0,1,-0.2596326474243914,-0.06518436680016924,0.13036873360032591
2020-11-25,12:00:00,1810.09,1815.15,1806.44,1812.61,16158,1811.05,1801.73,BULLISH_LONDON_BREAKOUT,1,0,-0.11585503776322038,-0.24053712602269106,0.09047726758652441
2020-11-27,16:00:00,1806.21,1807.87,1774.33,1782.07,35009,1811.08,1802.68,BEARISH_LONDON_BREAKOUT,0,1,0.2631770918089668,-0.6312883332304567,-0.5061529569545519
2020-12-01,12:00:00,1790.9,1810.11,1789.35,1806.59,18551,1791.89,1783.47,BULLISH_LONDON_BREAKOUT,1,0,0.20868044215898363,0.2557304092240142,1.0522586751836327
2020-12-02,12:00:00,1815.7,1832.55,1813.81,1825.6,16994,1816.88,1807.43,BULLISH_LONDON_BREAKOUT,1,0,0.05203768624014272,0.27552585451359557,0.9273663453111342
2020-12-04,16:00:00,1841.45,1848.17,1829.11,1832.01,31326,1844.2,1837.89,BEARISH_LONDON_BREAKOUT,0,1,0.35971419369981156,0.31058782430227205,1.7592698729810439
2020-12-07,12:00:00,1837.96,1838.84,1821.99,1830.43,19355,1842.41,1836.76,BEARISH_LONDON_BREAKOUT,0,1,1.8471069639374325,1.8307173724206875,1.6908595248111125
2020-12-07,16:00:00,1830.44,1867.16,1829.12,1864.24,25477,1842.41,1836.76,BULLISH_LONDON_BREAKOUT,1,1,-0.25211346178603855,0.28161610093121053,0.12283826116808799
2020-12-08,12:00:00,1865.24,1867.17,1860.17,1861.38,14911,1871.87,1864.65,BEARISH_LONDON_BREAKOUT,0,1,0.2766764443584794,0.46739515843083185,-0.4142088128162995
2020-12-09,12:00:00,1860.08,1866.12,1851.48,1853.67,18293,1863.97,1855.65,BEARISH_LONDON_BREAKOUT,0,1,-0.3021033948869074,-1.0417172420118022,-1.0055727286949727
2020-12-11,16:00:00,1832.95,1847.66,1830.65,1844.54,25135,1838.58,1832.67,BULLISH_LONDON_BREAKOUT,1,0,-0.251011092196422,-0.440218157372564,-0.9850694482093136
2020-12-14,12:00:00,1833.23,1834.13,1818.34,1827.36,17802,1836.72,1831.86,BEARISH_LONDON_BREAKOUT,0,1,-0.05417651694247489,0.0005472375448729809,0.988858243586385
2020-12-15,12:00:00,1842.68,1847.54,1839.81,1845.43,14119,1843.65,1833.94,BULLISH_LONDON_BREAKOUT,1,0,0.15714494724805944,0.37281284036782114,0.9114406940387842
2020-12-16,12:00:00,1854.18,1865.77,1853.07,1862.25,17637,1858.53,1853.82,BULLISH_LONDON_BREAKOUT,1,0,-0.2668814605987396,0.12135857162035124,0.93918646798228
2020-12-17,12:00:00,1874.76,1883.16,1871.93,1879.74,17311,1874.78,1863.71,BULLISH_LONDON_BREAKOUT,1,0,0.5968910594018336,0.20534754806515262,0.23567089065509397
2020-12-21,12:00:00,1894.22,1899.05,1854.99,1878.47,31205,1906.7,1893.0,BEARISH_LONDON_BREAKOUT,0,1,-0.046314287691585077,0.03087619179438198,-0.3252647101098302
2020-12-22,16:00:00,1872.36,1881.45,1861.02,1861.68,27248,1882.86,1866.54,BEARISH_LONDON_BREAKOUT,0,1,0.16221907094667085,0.1665162648790291,0.5296291521636317
2020-12-23,16:00:00,1864.98,1878.56,1857.06,1871.54,33634,1868.3,1863.02,BULLISH_LONDON_BREAKOUT,1,0,0.0010686386612085133,0.2495271273924187,0.31150816974256107
2020-12-24,20:00:00,1877.45,1883.46,1877.38,1879.3,4673,1877.81,1874.14,BULLISH_LONDON_BREAKOUT,1,0,0.48209439684988803,0.30862555206725667,-0.1697440536369954
2020-12-28,12:00:00,1885.1,1886.55,1869.12,1872.88,15519,1895.64,1877.18,BEARISH_LONDON_BREAKOUT,0,1,0.43889624535473704,0.20983725599076483,0.23600017085984396
2020-12-30,20:00:00,1885.35,1891.94,1884.4,1889.74,10280,1886.13,1878.34,BULLISH_LONDON_BREAKOUT,1,0,0.28363690243101697,0.15240191772412512,0.1952649570840462
2020-12-31,16:00:00,1894.01,1900.33,1891.73,1898.7,14550,1894.35,1885.41,BULLISH_LONDON_BREAKOUT,1,0,-0.27755832938326125,1.2898298836045718,2.3236951598462046
2021-01-04,12:00:00,1924.85,1936.52,1924.59,1933.46,16981,1925.6,1918.93,BULLISH_LONDON_BREAKOUT,1,0,0.48410621373081936,0.432385464400603,0.8502891189887587
2021-01-05,12:00:00,1939.75,1950.31,1939.47,1949.9,15285,1943.95,1936.7,BULLISH_LONDON_BREAKOUT,1,0,-0.330273347351149,0.018462485255649006,-0.2230883635058278
2021-01-06,16:00:00,1945.31,1948.58,1904.15,1909.83,46479,1949.4,1941.41,BEARISH_LONDON_BREAKOUT,0,1,0.44873103888828664,0.4267395527350649,0.20158862307117056
2021-01-07,16:00:00,1918.44,1919.79,1906.77,1913.68,31097,1927.64,1916.01,BEARISH_LONDON_BREAKOUT,0,1,0.1755779440658783,-0.16094644872706798,-2.655616403996497
2021-01-08,12:00:00,1904.84,1904.84,1877.57,1894.1,22739,1911.67,1904.44,BEARISH_LONDON_BREAKOUT,0,1,-1.6493321366348137,-2.6070429227601437,-2.356264188796784
2021-01-12,16:00:00,1860.14,1861.54,1836.7,1841.75,34021,1861.76,1848.73,BEARISH_LONDON_BREAKOUT,0,1,0.6759875118772931,0.953983982625217,0.8833989412243779
2021-01-13,12:00:00,1857.5,1858.11,1849.29,1852.5,16731,1862.69,1857.18,BEARISH_LONDON_BREAKOUT,0,1,0.2979757085020233,-0.22456140350877635,-0.5489878542510161
2021-01-14,16:00:00,1842.34,1852.17,1837.52,1847.74,29402,1847.02,1836.13,BULLISH_LONDON_BREAKOUT,1,0,-0.18292616926624466,0.22892831242490924,-0.9887754770692836
2021-01-15,16:00:00,1849.02,1850.59,1824.79,1829.47,45662,1854.01,1846.7,BEARISH_LONDON_BREAKOUT,0,1,-0.09948236374468761,-0.07543168239982667,0.4061285508917918
2021-01-19,12:00:00,1837.86,1845.51,1837.83,1842.87,18601,1841.59,1836.21,BULLISH_LONDON_BREAKOUT,1,0,-0.1915490512081684,-0.10418531963729646,0.30930016767325125
2021-01-20,16:00:00,1848.58,1870.33,1832.49,1866.7,48435,1857.3,1848.11,BULLISH_LONDON_BREAKOUT,1,0,0.07660577489688025,0.30320887127014806,-0.1414260459634703
2021-01-21,16:00:00,1871.17,1872.41,1858.32,1864.06,41128,1875.01,1866.11,BEARISH_LONDON_BREAKOUT,0,1,0.28432561183652644,-0.1276782936171519,-0.4329259787775037
2021-01-22,12:00:00,1861.12,1863.93,1845.52,1849.52,27193,1864.26,1857.26,BEARISH_LONDON_BREAKOUT,0,1,0.34982049396600345,0.4006444915437563,0.735325922401483
2021-01-25,12:00:00,1853.67,1865.96,1850.11,1863.12,24162,1856.59,1849.64,BULLISH_LONDON_BREAKOUT,1,0,-0.5979217656404243,-0.41113830563784703,-0.5539095710421195
2021-01-27,12:00:00,1850.95,1853.11,1838.35,1841.37,23963,1851.27,1845.43,BEARISH_LONDON_BREAKOUT,0,1,0.4127361692652828,-0.07603034696991173,-0.03692902567109469
2021-01-28,12:00:00,1836.41,1843.67,1834.62,1840.69,26093,1839.31,1834.12,BULLISH_LONDON_BREAKOUT,1,0,0.9148743134368045,0.1743911250672322,1.1674969712444794
2021-01-29,12:00:00,1845.76,1863.18,1842.35,1862.18,37332,1851.67,1841.0,BULLISH_LONDON_BREAKOUT,1,0,-0.19761784575068275,-0.327036054516757,0.10901201817224826
2021-02-02,12:00:00,1848.28,1853.49,1841.58,1842.22,31223,1857.55,1844.84,BEARISH_LONDON_BREAKOUT,0,1,-0.4928835861080613,-0.3170088263073855,-0.3957182095515174
2021-02-03,16:00:00,1834.93,1842.32,1829.81,1833.68,42299,1842.8,1834.8,BEARISH_LONDON_BREAKOUT,0,1,-0.025086165525066335,-0.5780725099254034,-2.566423803498984
2021-02-04,12:00:00,1825.18,1826.46,1810.36,1812.73,27473,1827.21,1815.89,BEARISH_LONDON_BREAKOUT,0,1,-1.4403689462854439,-0.9262272925366691,-0.5455859394394146
2021-02-05,12:00:00,1798.77,1811.24,1798.24,1802.84,22282,1800.19,1794.0,BULLISH_LONDON_BREAKOUT,1,0,0.16973220030619315,0.842004836813032,0.9950966253244912
2021-02-08,12:00:00,1814.96,1823.22,1807.77,1820.78,24091,1817.88,1810.26,BULLISH_LONDON_BREAKOUT,1,0,0.869956831687514,0.5371324377464588,1.2593503882951298
2021-02-09,20:00:00,1839.36,1839.92,1834.35,1837.52,22612,1843.79,1838.16,BEARISH_LONDON_BREAKOUT,0,1,-0.06911489398754744,0.451151552091948,0.30475858766162595
2021-02-10,12:00:00,1845.65,1846.31,1839.02,1840.83,20351,1846.96,1840.87,BEARISH_LONDON_BREAKOUT,0,1,0.014667296817195603,0.06410151942330708,0.05106392225246517
2021-02-11,20:00:00,1838.62,1839.38,1821.2,1824.43,32054,1843.93,1835.24,BEARISH_LONDON_BREAKOUT,0,1,0.12551865514160387,-0.38697017698679437,-0.014251026347954752
2021-02-12,16:00:00,1818.72,1830.68,1810.52,1828.25,37916,1824.35,1816.41,BULLISH_LONDON_BREAKOUT,1,0,-0.22316422808696443,-0.11103514289621072,-0.5551757144810661
2021-02-16,12:00:00,1820.62,1825.64,1815.17,1816.11,22597,1826.35,1818.87,BEARISH_LONDON_BREAKOUT,0,1,-0.13490372279211163,-1.5268898910308182,-1.3925367956786738
2021-02-17,16:00:00,1790.82,1793.46,1770.93,1773.81,50602,1793.98,1788.44,BEARISH_LONDON_BREAKOUT,0,1,-0.10316775753885293,0.5338790513076388,0.26383885534527735
2021-02-18,16:00:00,1784.09,1789.62,1768.42,1778.49,49452,1784.53,1779.71,BEARISH_LONDON_BREAKOUT,0,1,-0.17374289425298528,-0.5937621240490498,0.4149587571479109
2021-02-19,16:00:00,1768.88,1791.63,1768.77,1785.87,46252,1777.63,1764.93,BULLISH_LONDON_BREAKOUT,1,0,-0.15790623057669015,-0.11646984382961399,1.2951670614322492
2021-02-22,12:00:00,1794.5,1799.22,1790.24,1795.23,28382,1795.05,1783.51,BULLISH_LONDON_BREAKOUT,1,0,0.7670326364866887,0.8466881680898852,0.775388111829686
2021-02-23,16:00:00,1809.14,1812.82,1795.6,1806.97,48230,1814.66,1808.2,BEARISH_LONDON_BREAKOUT,0,1,-0.18151933900396644,0.10625522283159504,-0.6629883174596157
2021-02-24,16:00:00,1808.58,1810.2,1783.63,1794.99,53372,1810.11,1804.52,BEARISH_LONDON_BREAKOUT,0,1,0.12869152474386739,0.09693647318369512,-1.07632911603964
2021-02-25,12:00:00,1794.54,1795.24,1781.39,1786.7,35294,1801.23,1790.51,BEARISH_LONDON_BREAKOUT,0,1,-0.6173392287457308,-0.9425197291095396,-1.4988526333463914
2021-02-26,16:00:00,1759.92,1767.11,1724.61,1729.99,66991,1773.36,1755.32,BEARISH_LONDON_BREAKOUT,0,1,0.22254463898634724,1.2156139630864902,0.5109856126335943
2021-03-01,12:00:00,1753.59,1754.82,1741.86,1743.54,29541,1759.89,1747.68,BEARISH_LONDON_BREAKOUT,0,1,-0.27014005987818096,-1.065648049370816,-0.9291441549950128
2021-03-02,12:00:00,1717.84,1733.34,1715.49,1727.34,30016,1724.3,1710.72,BULLISH_LONDON_BREAKOUT,1,0,-0.11578496416455361,0.5314529855153046,-0.184677017842453
2021-03-03,12:00:00,1733.44,1733.78,1721.45,1724.15,27441,1735.94,1730.49,BEARISH_LONDON_BREAKOUT,0,1,-0.4750166748832789,-0.7934344459588819,-0.4924165530841289
2021-03-04,20:00:00,1718.72,1722.32,1690.54,1699.11,64268,1721.32,1706.66,BEARISH_LONDON_BREAKOUT,0,1,-0.28308938208826656,-0.14831294030404046,0.09710966329431826
2021-03-05,20:00:00,1697.06,1705.21,1694.4,1700.76,49067,1700.4,1691.65,BULLISH_LONDON_BREAKOUT,1,0,0.41158070509654504,-0.09054775512123778,-0.9207648345445614
2021-03-08,12:00:00,1699.22,1700.66,1685.79,1685.84,30848,1709.51,1697.12,BEARISH_LONDON_BREAKOUT,0,1,-0.24794761068665094,-0.06940160394817096,1.375575380819061
2021-03-09,12:00:00,1697.41,1711.55,1694.94,1709.03,29001,1698.45,1687.12,BULLISH_LONDON_BREAKOUT,1,0,0.23756165778248162,0.4008121566034614,0.16266537158504957
2021-03-10,16:00:00,1711.81,1723.67,1710.57,1719.0,47642,1716.67,1709.72,BULLISH_LONDON_BREAKOUT,1,0,0.29144851657940607,0.7434554973821974,0.37754508435136763
2021-03-11,16:00:00,1733.4,1737.22,1719.27,1725.49,47335,1737.98,1730.86,BEARISH_LONDON_BREAKOUT,0,1,-0.04520455059142463,-0.4143750470880788,-1.0623069388985116
2021-03-12,12:00:00,1710.26,1711.34,1699.21,1703.3,27027,1719.77,1707.54,BEARISH_LONDON_BREAKOUT,0,1,0.22661891622145994,1.2951329771619766,1.551106675277407
2021-03-12,20:00:00,1707.16,1726.99,1706.09,1726.92,34706,1719.77,1707.54,BULLISH_LONDON_BREAKOUT,1,2,-0.0903342366757101,-0.24494475713988015,0.23510064160470345
2021-03-15,12:00:00,1722.7,1732.62,1722.69,1729.72,23536,1727.94,1721.66,BULLISH_LONDON_BREAKOUT,1,0,-0.14857896075665059,0.05896908170108352,0.09770367458317268
2021-03-17,12:00:00,1735.32,1737.17,1727.9,1729.42,20217,1738.01,1734.15,BEARISH_LONDON_BREAKOUT,0,1,-0.12374090735622927,1.100947138346958,0.10928519388002178
2021-03-17,20:00:00,1727.27,1751.63,1725.88,1745.25,38954,1738.01,1734.15,BULLISH_LONDON_BREAKOUT,1,2,0.18392780403953798,-0.32717375734135723,-0.6004870362412272
2021-03-18,12:00:00,1739.62,1740.92,1727.73,1731.31,29148,1752.91,1735.48,BEARISH_LONDON_BREAKOUT,0,1,-0.0433197983030191,0.2252629511757046,0.5360103043360215
2021-03-23,16:00:00,1738.99,1741.02,1725.02,1730.28,40847,1739.97,1735.06,BEARISH_LONDON_BREAKOUT,0,1,-0.182051459879318,0.08437940680121347,0.1959220472987089
2021-03-25,12:00:00,1733.11,1734.06,1727.66,1728.37,18815,1737.8,1730.73,BEARISH_LONDON_BREAKOUT,0,1,0.1434877948587408,-0.06017230106979198,-0.18630270138915858
2021-03-26,16:00:00,1725.16,1736.65,1723.98,1733.97,34203,1729.63,1723.85,BULLISH_LONDON_BREAKOUT,1,0,-0.0732423282986431,-0.12053265050721283,-1.333356401783198
2021-03-29,16:00:00,1726.94,1727.98,1705.65,1710.85,35569,1732.1,1725.04,BEARISH_LONDON_BREAKOUT,0,1,-0.015781629014816136,-0.27705526492679133,-1.5512756816786957
2021-03-30,12:00:00,1703.15,1705.06,1692.89,1693.22,26030,1708.5,1702.14,BEARISH_LONDON_BREAKOUT,0,1,-0.526216321564834,-0.45593602721442145,-0.4984585582499648
2021-03-31,16:00:00,1684.8,1708.68,1682.29,1708.06,43843,1688.81,1678.56,BULLISH_LONDON_BREAKOUT,1,0,-0.014636488179572147,0.2763368968303237,1.1867264615997086
2021-04-01,16:00:00,1716.91,1730.08,1715.57,1728.33,39018,1719.82,1710.13,BULLISH_LONDON_BREAKOUT,1,0,0.043973083843941316,-0.016200609837240153,-0.19730028408925693
2021-04-05,16:00:00,1724.91,1733.57,1721.85,1730.35,34697,1727.96,1721.25,BULLISH_LONDON_BREAKOUT,1,0,-0.1306094142803474,0.17857658855145755,0.8558962059699006
2021-04-06,16:00:00,1736.27,1745.47,1734.13,1745.16,36349,1738.54,1727.8,BULLISH_LONDON_BREAKOUT,1,0,-0.14955648765729945,-0.3976712736941056,-0.21831809117789616
2021-04-07,12:00:00,1740.97,1741.19,1733.79,1734.56,19296,1742.32,1736.22,BEARISH_LONDON_BREAKOUT,0,1,0.3914537404298476,0.13144543861267255,0.8751498939212285
2021-04-08,12:00:00,1745.14,1751.16,1741.55,1749.74,18392,1747.61,1738.64,BULLISH_LONDON_BREAKOUT,1,0,0.34005052179181167,0.252608959045348,-0.2828991735915076
2021-04-09,20:00:00,1744.75,1746.34,1741.39,1743.46,16578,1753.65,1744.07,BEARISH_LONDON_BREAKOUT,0,1,-0.10897869753249806,-0.24835671595562428,-0.628635013134803
2021-04-12,12:00:00,1739.11,1744.24,1737.1,1742.37,16782,1742.1,1735.21,BULLISH_LONDON_BREAKOUT,1,0,-0.5836877356703711,-0.5974620775151004,-0.7587366632804629
2021-04-12,16:00:00,1742.36,1745.0,1730.56,1732.2,35173,1742.1,1735.21,BEARISH_LONDON_BREAKOUT,1,1,0.017319016279872677,-0.025978524419815578,0.6685140284031825
2021-04-13,16:00:00,1729.1,1748.99,1728.57,1743.78,42641,1732.18,1723.7,BULLISH_LONDON_BREAKOUT,1,0,0.06652215302389533,0.0068816020369609834,-0.41060225487160545
2021-04-14,16:00:00,1744.76,1747.08,1732.58,1736.62,36928,1748.69,1740.78,BEARISH_LONDON_BREAKOUT,0,1,0.019002430007725044,0.10537711186098023,1.7246144810033308
2021-04-15,16:00:00,1744.7,1769.68,1744.7,1766.57,40653,1747.84,1737.85,BULLISH_LONDON_BREAKOUT,1,0,-0.09340133705428393,-0.18963301765567792,0.6911698942017602
2021-04-16,12:00:00,1764.13,1779.43,1762.74,1778.66,19502,1766.28,1761.51,BULLISH_LONDON_BREAKOUT,1,0,0.006746651973951787,-0.10513532659418429,0.19452846524910938
2021-04-19,16:00:00,1782.14,1782.35,1766.76,1772.13,37931,1787.17,1775.33,BEARISH_LONDON_BREAKOUT,0,1,-0.0682794151670609,0.06545795173039531,0.36791883213985327
2021-04-20,16:00:00,1773.24,1779.92,1766.03,1778.65,38401,1774.29,1767.2,BULLISH_LONDON_BREAKOUT,1,0,-0.07365136479915513,0.18946954150619236,0.8028560987265607
2021-04-21,16:00:00,1782.81,1797.63,1781.81,1792.93,35231,1788.35,1780.33,BULLISH_LONDON_BREAKOUT,1,0,0.08645067013212755,0.027887312945848414,-0.6731997345127898
2021-04-22,12:00:00,1791.31,1792.28,1783.75,1786.21,17046,1794.71,1788.23,BEARISH_LONDON_BREAKOUT,0,1,-0.2995168541213036,-0.17019275449135116,0.27376400311272875
2021-04-23,12:00:00,1782.98,1791.76,1781.88,1791.1,16089,1787.15,1781.7,BULLISH_LONDON_BREAKOUT,1,0,-0.8190497459661574,-0.9067053765842225,-0.8112333203059559
2021-04-23,16:00:00,1791.1,1795.95,1770.01,1776.43,41731,1787.15,1781.7,BEARISH_LONDON_BREAKOUT,1,1,0.002814633844280637,0.263449727824898,0.13847998513873536
2021-04-27,20:00:00,1778.09,1779.88,1775.45,1776.59,14654,1783.32,1777.8,BEARISH_LONDON_BREAKOUT,0,1,-0.06247924394485503,-0.4047078954626463,0.2960728136486185
2021-04-28,16:00:00,1766.71,1775.82,1762.62,1774.48,31255,1772.06,1766.24,BULLISH_LONDON_BREAKOUT,1,0,0.41533294260853265,0.5714350119471548,-0.4215319417519509
2021-04-29,12:00:00,1781.25,1781.46,1772.14,1775.92,18273,1785.96,1777.15,BEARISH_LONDON_BREAKOUT,0,1,-0.5022748772467268,-0.154849317536826,-0.30744628136402746
2021-05-03,16:00:00,1780.99,1797.91,1779.27,1792.46,35300,1781.46,1772.29,BULLISH_LONDON_BREAKOUT,1,0,-0.040168260379591585,-0.15230465393928,-0.9394909788781979
2021-05-04,12:00:00,1786.94,1790.51,1780.82,1783.75,20010,1789.84,1783.97,BEARISH_LONDON_BREAKOUT,0,1,-0.4557813594954511,-0.2875963559915969,-0.30385423966363406
2021-05-05,16:00:00,1778.36,1784.88,1770.49,1784.15,35787,1782.94,1775.43,BULLISH_LONDON_BREAKOUT,1,0,0.1120981980214668,0.31555642743042245,1.6876383712131773
2021-05-06,16:00:00,1793.81,1818.12,1790.78,1814.26,40075,1795.54,1787.85,BULLISH_LONDON_BREAKOUT,1,0,0.05677245819231934,0.3489025828712493,1.1530872091100546
2021-05-07,16:00:00,1820.12,1843.3,1817.01,1835.18,53769,1821.58,1817.28,BULLISH_LONDON_BREAKOUT,1,0,-0.23594415806624716,-0.13949585326780875,0.3536437842609449
2021-05-10,12:00:00,1834.84,1842.07,1834.14,1841.16,16877,1839.11,1831.9,BULLISH_LONDON_BREAKOUT,1,0,0.027699928306067417,-0.2672228377761885,-0.08418605661649078
2021-05-11,12:00:00,1835.16,1841.8,1834.34,1839.61,19330,1838.09,1832.67,BULLISH_LONDON_BREAKOUT,1,0,-0.3375715504916699,-0.22341691989062354,-0.3169149982876766
2021-05-12,16:00:00,1833.75,1843.68,1820.85,1824.35,54638,1835.65,1826.81,BEARISH_LONDON_BREAKOUT,0,1,-0.24227807164194623,-0.3771206183024026,0.051525200756436795
2021-05-13,16:00:00,1815.03,1827.03,1813.72,1825.29,35698,1822.36,1814.13,BULLISH_LONDON_BREAKOUT,1,0,0.11450235305075608,-0.1566874304904919,0.7823414361553491
2021-05-14,16:00:00,1834.9,1841.21,1833.27,1839.57,36389,1836.28,1822.12,BULLISH_LONDON_BREAKOUT,1,0,0.16253798442027262,0.6398234369988629,1.4557749908946098
2021-05-17,12:00:00,1852.82,1853.67,1846.33,1847.26,16446,1855.44,1851.31,BEARISH_LONDON_BREAKOUT,0,1,1.0334224743674372,1.1752541602156727,1.239132553078619
2021-05-17,16:00:00,1847.32,1866.99,1844.02,1866.35,38252,1855.44,1851.31,BULLISH_LONDON_BREAKOUT,1,1,-0.03964958341147208,0.09805234816621505,-0.07876336164169637
2021-05-18,16:00:00,1870.14,1875.03,1863.2,1864.88,36362,1871.63,1866.82,BEARISH_LONDON_BREAKOUT,0,1,0.21770837801895807,0.2032302346531661,1.0965853030757913
2021-05-19,12:00:00,1867.93,1869.5,1852.23,1855.88,27996,1873.99,1865.93,BEARISH_LONDON_BREAKOUT,0,1,1.5868482876047922,0.5399055973446549,0.8303338577925219
2021-05-19,16:00:00,1855.88,1890.09,1855.24,1885.33,58572,1873.99,1865.93,BULLISH_LONDON_BREAKOUT,1,1,-0.7733394153808579,-0.5028297433340592,-0.2774050166283897
2021-05-20,16:00:00,1871.3,1880.92,1867.54,1880.1,49602,1879.08,1870.61,BULLISH_LONDON_BREAKOUT,1,0,-0.08403808308068333,-0.29732461039305985,-0.24732726982606584
2021-05-21,12:00:00,1875.76,1880.24,1875.0,1878.71,19550,1877.04,1872.76,BULLISH_LONDON_BREAKOUT,1,0,-0.17352332185382474,0.25655902188203267,0.1155047878597587
2021-05-25,16:00:00,1882.04,1896.03,1879.91,1892.24,45070,1887.25,1873.28,BULLISH_LONDON_BREAKOUT,1,0,0.4106244451021003,0.6938866105779331,0.5485562085147699
2021-05-26,20:00:00,1902.69,1904.07,1890.77,1896.62,24040,1910.2,1900.53,BEARISH_LONDON_BREAKOUT,0,1,-0.022144657337782234,0.16292140755660836,0.0775063006822678
2021-05-27,12:00:00,1899.73,1900.44,1891.69,1894.75,18554,1903.67,1896.6,BEARISH_LONDON_BREAKOUT,0,1,-0.07441614988785232,0.174693231297002,-0.1826098429872034
2021-05-28,16:00:00,1891.27,1900.58,1882.27,1895.68,49711,1894.34,1887.95,BULLISH_LONDON_BREAKOUT,1,0,0.39563639432815667,0.6752194463200516,0.500084402430791
2021-06-01,12:00:00,1912.76,1912.98,1904.53,1909.03,22401,1916.58,1909.87,BEARISH_LONDON_BREAKOUT,0,1,-0.48453926863380886,-0.5332551086153735,-0.4070129856523984
2021-06-02,12:00:00,1898.41,1901.31,1894.37,1901.26,17214,1900.8,1895.15,BULLISH_LONDON_BREAKOUT,1,0,0.2214321029212226,0.34661224661539813,-0.4554874136099262
2021-06-03,16:00:00,1892.52,1894.15,1865.37,1869.44,54894,1905.05,1890.7,BEARISH_LONDON_BREAKOUT,0,1,0.10912358781239107,0.03263009243409256,1.2624101335159141
2021-06-04,16:00:00,1871.23,1896.14,1868.79,1893.04,48163,1875.18,1865.63,BULLISH_LONDON_BREAKOUT,1,0,-0.08082238093225567,-0.3026877403541403,0.05440983814393635
2021-06-07,16:00:00,1887.26,1894.71,1884.64,1894.07,37893,1887.56,1881.57,BULLISH_LONDON_BREAKOUT,1,0,0.3014672108211437,0.10453679114288375,-0.14888573283986
2021-06-08,12:00:00,1892.63,1900.12,1889.7,1899.94,18685,1898.47,1892.53,BULLISH_LONDON_BREAKOUT,1,0,-0.4573828647220467,-0.34369506405465294,-0.4463298841016042
2021-06-08,16:00:00,1899.91,1903.67,1883.84,1891.25,42239,1898.47,1892.53,BEARISH_LONDON_BREAKOUT,1,1,0.11791143423661694,0.17184401850627892,0.013218770654329148
2021-06-10,12:00:00,1877.44,1883.95,1876.06,1876.14,17706,1888.05,1876.5,BEARISH_LONDON_BREAKOUT,0,1,0.9380963041137607,1.1864786209984324,0.6977091261846087
2021-06-10,16:00:00,1876.14,1894.11,1869.84,1893.74,56500,1888.05,1876.5,BULLISH_LONDON_BREAKOUT,1,1,0.22547973850686903,0.27670113109508215,-0.7091786623295735
2021-06-11,12:00:00,1899.3,1899.34,1887.34,1889.23,25335,1903.03,1898.32,BEARISH_LONDON_BREAKOUT,0,1,-0.47215002937705164,-0.8241452867041036,-1.8743085807445405
2021-06-14,12:00:00,1858.52,1861.55,1852.83,1853.82,21240,1866.2,1856.87,BEARISH_LONDON_BREAKOUT,0,1,0.5626220452902689,0.7012547064979341,0.6063156077720604
2021-06-15,16:00:00,1863.97,1868.11,1855.82,1855.88,32034,1869.16,1863.47,BEARISH_LONDON_BREAKOUT,0,1,0.17996853244821423,0.11153738388257517,0.20798758540422332
2021-06-16,12:00:00,1860.32,1860.62,1852.77,1855.02,12636,1861.57,1857.03,BEARISH_LONDON_BREAKOUT,0,1,0.2544446960140606,-1.953078673006222,-3.5821716207911534
2021-06-17,12:00:00,1810.33,1811.67,1785.63,1788.57,33648,1822.28,1805.32,BEARISH_LONDON_BREAKOUT,0,1,-0.6927321826934295,-0.6569494065091106,0.310862868101342
2021-06-18,12:00:00,1793.03,1797.14,1790.21,1794.13,21787,1793.57,1782.06,BULLISH_LONDON_BREAKOUT,1,0,-1.1102874373651892,-1.38061344495662,-0.6443234325271954
2021-06-18,16:00:00,1794.07,1794.27,1773.5,1774.21,34921,1793.57,1782.06,BEARISH_LONDON_BREAKOUT,1,1,-0.5461585719841537,0.016908934117153804,0.5157224905732615
2021-06-21,12:00:00,1778.67,1785.82,1777.84,1782.57,24235,1780.03,1766.4,BULLISH_LONDON_BREAKOUT,1,0,0.04431803519637173,0.05609877872958706,-0.1110755818845834
2021-06-22,16:00:00,1780.59,1783.33,1772.44,1776.7,45366,1789.11,1777.03,BEARISH_LONDON_BREAKOUT,0,1,-0.01407103056227838,0.2780435639106239,0.5662182698260789
2021-06-23,16:00:00,1783.26,1794.95,1779.97,1786.76,38782,1783.41,1777.59,BULLISH_LONDON_BREAKOUT,1,0,-0.6397053885244837,-0.6010880028655224,-0.4695650227226992
2021-06-23,20:00:00,1786.74,1787.6,1773.33,1775.33,16779,1783.41,1777.59,BEARISH_LONDON_BREAKOUT,1,1,0.11209183644730891,0.10702235640698299,-0.07266254724473555
2021-06-24,12:00:00,1777.24,1787.67,1776.82,1787.51,20986,1778.26,1772.85,BULLISH_LONDON_BREAKOUT,1,0,-0.5113258107647006,-0.6886674759861453,-0.13762160771128756
2021-06-25,12:00:00,1782.58,1785.4,1781.33,1785.05,14440,1783.42,1775.95,BULLISH_LONDON_BREAKOUT,1,0,-0.3327637881291871,-0.1691829360522104,-0.5837371502198732
2021-06-28,12:00:00,1783.26,1783.35,1773.7,1774.63,16479,1785.74,1778.93,BEARISH_LONDON_BREAKOUT,0,1,0.34993209852193463,0.1977877078602295,-0.23159757245172946
2021-06-29,12:00:00,1773.46,1773.46,1763.7,1770.52,15927,1778.96,1772.4,BEARISH_LONDON_BREAKOUT,0,1,-0.44506698597021677,-0.5122788785215606,-0.5625465964801322
2021-06-30,16:00:00,1760.72,1767.72,1754.86,1765.41,30550,1762.58,1755.57,BULLISH_LONDON_BREAKOUT,1,0,0.2537654142663754,0.6077908247942414,0.3172067678329628
2021-07-01,16:00:00,1776.81,1782.78,1768.27,1771.01,30351,1779.02,1773.08,BEARISH_LONDON_BREAKOUT,0,1,0.29135916793242733,0.4421205978509397,0.6662864693028246
2021-07-02,12:00:00,1777.99,1788.75,1777.75,1785.88,13730,1779.73,1774.33,BULLISH_LONDON_BREAKOUT,1,0,-0.1719040473044193,0.019038233251949636,0.2116603579187836
2021-07-06,12:00:00,1807.43,1810.8,1802.32,1809.82,13595,1809.13,1797.34,BULLISH_LONDON_BREAKOUT,1,0,-0.7265915947442212,-0.7917914488733647,-0.17902332828679146
2021-07-06,16:00:00,1809.79,1814.97,1795.74,1796.67,34683,1809.13,1797.34,BEARISH_LONDON_BREAKOUT,1,1,-0.0027829261912416803,0.24489750482836933,0.3807043029604723
2021-07-08,12:00:00,1807.36,1817.85,1805.28,1814.05,22881,1810.92,1796.31,BULLISH_LONDON_BREAKOUT,1,0,-0.95532096689727,-0.5661365452991914,-0.7607287560982308
2021-07-09,16:00:00,1800.25,1811.52,1798.48,1807.89,21227,1806.0,1796.38,BULLISH_LONDON_BREAKOUT,1,0,0.00829696497020635,-0.2754592370111023,-0.1510047624578939
2021-07-12,20:00:00,1805.16,1807.57,1804.04,1806.34,6318,1806.21,1798.9,BULLISH_LONDON_BREAKOUT,1,0,0.04484205631277461,0.19929802805674104,0.1206860281010255
2021-07-13,16:00:00,1809.43,1817.14,1798.6,1813.21,36053,1812.31,1806.09,BULLISH_LONDON_BREAKOUT,1,0,-0.25865729838242973,-0.03364199403268939,0.5184176129626388
2021-07-14,12:00:00,1812.61,1817.8,1811.43,1816.86,13976,1815.06,1809.81,BULLISH_LONDON_BREAKOUT,1,0,0.31648008101890074,0.5228801338573142,0.49260812610768284
2021-07-15,16:00:00,1825.8,1828.59,1820.22,1825.43,24204,1834.07,1825.48,BEARISH_LONDON_BREAKOUT,0,1,0.16598828769111784,0.10846759393677205,-0.6935352218381468
2021-07-16,12:00:00,1822.65,1824.75,1815.55,1817.83,14708,1827.88,1820.93,BEARISH_LONDON_BREAKOUT,0,1,-0.2783538614721919,-0.11607246002100857,-0.9483835122096131
2021-07-19,12:00:00,1805.92,1806.57,1799.3,1800.59,20882,1815.31,1802.66,BEARISH_LONDON_BREAKOUT,0,1,0.42597148712366906,0.6042463859068478,0.9524655807263225
2021-07-20,16:00:00,1817.68,1824.92,1805.1,1807.5,37108,1818.19,1813.56,BEARISH_LONDON_BREAKOUT,0,1,0.1355463347164617,0.06196403872751816,-0.18921161825726543
2021-07-21,12:00:00,1807.33,1808.97,1799.93,1800.54,19035,1813.74,1806.04,BEARISH_LONDON_BREAKOUT,0,1,0.19660768436135626,0.11385473246914563,-0.22215557554955737
2021-07-22,12:00:00,1800.55,1800.55,1792.74,1796.54,18813,1803.39,1797.26,BEARISH_LONDON_BREAKOUT,0,1,0.5928061718636985,0.5889097932692803,-0.045086666592446895
2021-07-22,16:00:00,1796.46,1807.97,1794.07,1807.19,34671,1803.39,1797.26,BULLISH_LONDON_BREAKOUT,1,1,-0.001660035746101556,-0.22576486147002553,-0.2539854691537772
2021-07-23,12:00:00,1809.2,1809.68,1789.63,1795.73,18875,1810.3,1801.36,BEARISH_LONDON_BREAKOUT,0,1,0.3825742177276033,0.25282197212275587,0.6749344277814533
2021-07-26,16:00:00,1807.86,1808.27,1796.72,1799.57,29424,1811.46,1804.52,BEARISH_LONDON_BREAKOUT,0,1,-0.11947298521312666,-0.015003584189555384,-0.05501314202837395
2021-07-28,12:00:00,1801.96,1802.51,1795.37,1796.57,14559,1807.01,1801.75,BEARISH_LONDON_BREAKOUT,0,1,0.24602436865805802,0.7102422950399925,1.5841297583729017
2021-07-28,20:00:00,1800.99,1809.82,1792.36,1808.82,23706,1807.01,1801.75,BULLISH_LONDON_BREAKOUT,1,2,0.028195176966198453,0.4024723300273091,1.0990590550745851
2021-07-29,12:00:00,1816.1,1828.09,1815.14,1825.03,17419,1819.82,1814.51,BULLISH_LONDON_BREAKOUT,1,0,0.3309534637786756,0.28273507832748407,0.14191547536204435
2021-07-30,16:00:00,1827.62,1829.79,1820.86,1822.6,24915,1831.34,1825.85,BEARISH_LONDON_BREAKOUT,0,1,-0.4564907275320935,-0.577197410292987,-0.44277405903653777
2021-08-02,16:00:00,1811.37,1816.43,1805.78,1814.53,28016,1813.32,1806.68,BULLISH_LONDON_BREAKOUT,1,0,-0.07550164505408513,-0.2039095523358691,-0.28933112155764856
2021-08-04,12:00:00,1814.51,1819.16,1810.76,1817.83,11098,1815.12,1811.94,BULLISH_LONDON_BREAKOUT,1,0,-0.36747110565893604,-0.342716315607071,-0.25855002943068484
2021-08-04,16:00:00,1817.77,1831.65,1806.4,1811.15,38017,1815.12,1811.94,BEARISH_LONDON_BREAKOUT,1,1,0.04141015376970433,-0.0055213538359681095,-0.3842862269828582
2021-08-05,16:00:00,1813.06,1813.76,1797.83,1804.19,29303,1814.59,1808.41,BEARISH_LONDON_BREAKOUT,0,1,0.01274810302684408,-0.17348505423487043,-2.3395540381002022
2021-08-06,16:00:00,1799.67,1801.36,1758.72,1761.98,42078,1802.1,1797.08,BEARISH_LONDON_BREAKOUT,0,1,0.06810519983200974,-1.3569961066527476,-1.9041078786365313
2021-08-09,16:00:00,1744.1,1748.36,1726.19,1728.43,35791,1752.56,1737.41,BEARISH_LONDON_BREAKOUT,0,1,0.01967103093558421,0.5143396029923035,0.1764607186868982
2021-08-10,12:00:00,1735.77,1735.85,1727.48,1732.41,15177,1738.27,1732.75,BEARISH_LONDON_BREAKOUT,0,1,-0.05368244237796271,-0.31863127088852994,0.300159892865997
2021-08-11,12:00:00,1732.63,1738.44,1730.93,1737.61,12182,1734.65,1729.01,BULLISH_LONDON_BREAKOUT,1,0,0.8028268713923173,0.8465651095470237,0.6819712133332645
2021-08-12,12:00:00,1756.72,1757.56,1749.42,1749.46,12192,1758.15,1750.52,BEARISH_LONDON_BREAKOUT,0,1,0.12746790438192462,0.22464074628742947,0.5584580384804443
2021-08-13,16:00:00,1759.23,1777.97,1756.92,1776.63,26500,1760.25,1754.45,BULLISH_LONDON_BREAKOUT,1,0,0.17279906339530102,0.009005814378900192,0.5307801849569036
2021-08-16,16:00:00,1772.12,1789.28,1771.97,1786.06,28908,1777.59,1771.84,BULLISH_LONDON_BREAKOUT,1,0,0.07502547506803497,-0.00895826567975625,-0.18644390446009246
2021-08-17,16:00:00,1791.4,1794.57,1780.53,1782.73,30721,1795.4,1785.42,BEARISH_LONDON_BREAKOUT,0,1,0.1363077975913382,0.4229468287401885,0.06282499312851025
2021-08-18,12:00:00,1790.2,1790.33,1782.94,1787.0,12682,1793.75,1787.88,BEARISH_LONDON_BREAKOUT,0,1,-0.17627308337997152,0.027420257414661954,-0.006155567991040848
2021-08-19,12:00:00,1781.43,1790.02,1777.72,1786.89,17422,1782.75,1775.64,BULLISH_LONDON_BREAKOUT,1,0,-0.213779247743295,-0.4409896524128575,-0.12367857002949462
2021-08-20,20:00:00,1784.87,1786.67,1780.3,1780.94,10336,1788.37,1783.96,BEARISH_LONDON_BREAKOUT,0,1,-0.13026828528755396,0.2453760373735157,1.2751692926207527
2021-08-23,12:00:00,1785.31,1793.07,1784.71,1790.82,12804,1788.39,1784.27,BULLISH_LONDON_BREAKOUT,1,0,0.7666878859963602,0.7823231815592852,0.7460269597167849
2021-08-24,16:00:00,1804.18,1809.51,1801.48,1806.61,26327,1805.07,1800.73,BULLISH_LONDON_BREAKOUT,1,0,-0.19262596797315365,-0.6509429262541441,-0.9736467748988392
2021-08-25,16:00:00,1794.18,1797.74,1782.57,1789.02,29754,1797.51,1791.79,BEARISH_LONDON_BREAKOUT,0,1,0.100054778593865,-0.06483996825077874,0.22917574985186914
2021-08-26,12:00:00,1787.14,1790.2,1783.39,1788.52,9897,1788.36,1783.74,BULLISH_LONDON_BREAKOUT,1,0,0.25719589381163804,0.2817972401762331,0.45344754322009967
2021-08-27,12:00:00,1801.58,1801.75,1792.5,1796.63,8454,1805.08,1797.7,BEARISH_LONDON_BREAKOUT,0,1,0.9066975392818757,1.215052626305913,1.141581739144954
2021-08-27,16:00:00,1796.63,1813.3,1784.01,1812.92,38414,1805.08,1797.7,BULLISH_LONDON_BREAKOUT,1,1,0.27193698563642277,0.12024799770535027,-0.1472762173730817
2021-08-30,16:00:00,1817.14,1817.76,1809.14,1810.25,18845,1818.2,1812.79,BEARISH_LONDON_BREAKOUT,0,1,0.019334346084789893,0.30824471758044064,-0.13478801270543045
2021-08-31,12:00:00,1815.34,1817.0,1811.94,1812.77,10559,1819.15,1814.43,BEARISH_LONDON_BREAKOUT,0,1,-0.27361441330119296,0.09488241751573709,0.008274629434516841
2021-09-02,12:00:00,1814.72,1817.15,1813.07,1815.54,6680,1815.31,1810.7,BULLISH_LONDON_BREAKOUT,1,0,-0.3585710036683296,-0.3370897914669956,-0.0490212278440504
2021-09-02,16:00:00,1815.5,1816.34,1804.86,1809.03,23209,1815.31,1810.7,BEARISH_LONDON_BREAKOUT,1,1,0.04311702956833069,0.19236828576640622,1.1238066809284493
2021-09-03,12:00:00,1811.27,1815.34,1811.16,1814.65,6737,1814.4,1810.56,BULLISH_LONDON_BREAKOUT,1,0,0.8106246383600038,0.7147383793017827,0.5119444520981987
2021-09-06,12:00:00,1825.98,1827.01,1822.8,1823.94,7016,1828.28,1825.48,BEARISH_LONDON_BREAKOUT,0,1,-0.10581488426154718,-0.021930545960946686,-0.7094531618364669
2021-09-07,12:00:00,1817.65,1817.76,1808.38,1811.0,13429,1823.38,1815.68,BEARISH_LONDON_BREAKOUT,0,1,-0.7548315847598053,-0.8464936499171688,-0.7747101049144104
2021-09-08,16:00:00,1796.97,1802.11,1782.43,1791.88,31372,1801.21,1794.32,BEARISH_LONDON_BREAKOUT,0,1,-0.17635109493939782,-0.20537089537246153,0.018974484898537744
2021-09-09,12:00:00,1792.28,1800.9,1792.05,1798.91,10800,1792.82,1786.6,BULLISH_LONDON_BREAKOUT,1,0,-0.3718918678533142,-0.2423689901106852,-0.06781884585665915
2021-09-10,16:00:00,1797.56,1800.27,1789.7,1792.77,24536,1803.77,1796.15,BEARISH_LONDON_BREAKOUT,0,1,-0.2766668340054796,-0.028447597851369157,0.13777562096643894
2021-09-13,16:00:00,1789.91,1798.43,1785.15,1795.24,20489,1793.56,1786.92,BULLISH_LONDON_BREAKOUT,1,0,-0.11196274592812053,-0.23506606359038495,0.5793097301753577
2021-09-14,12:00:00,1790.56,1790.69,1782.16,1784.43,10697,1794.94,1790.2,BEARISH_LONDON_BREAKOUT,0,1,1.1886148518014177,1.0821382738465473,0.9919133841058515
2021-09-14,16:00:00,1784.43,1808.58,1779.6,1805.64,33661,1794.94,1790.2,BULLISH_LONDON_BREAKOUT,1,1,-0.026029551848653514,-0.1201789947054824,-0.6457544139474137
2021-09-15,16:00:00,1802.13,1806.94,1791.36,1793.98,32849,1804.29,1799.61,BEARISH_LONDON_BREAKOUT,0,1,0.011705816118353403,-0.13935495378989732,-2.180068897089161
2021-09-16,12:00:00,1786.03,1786.57,1771.17,1771.28,17443,1792.36,1782.87,BEARISH_LONDON_BREAKOUT,0,1,-0.9264486698884469,-0.979517636963095,-0.6424732396910642
2021-09-17,16:00:00,1759.9,1763.56,1747.38,1752.7,37831,1765.5,1757.92,BEARISH_LONDON_BREAKOUT,0,1,0.06960689222342827,-0.3605865236492233,0.5340332059108747
2021-09-20,12:00:00,1754.28,1760.16,1753.12,1755.79,17020,1754.91,1745.09,BULLISH_LONDON_BREAKOUT,1,0,0.3571042095011352,0.5199938489227134,0.6902875628634471
2021-09-21,12:00:00,1760.71,1768.37,1759.36,1767.91,13572,1763.75,1757.97,BULLISH_LONDON_BREAKOUT,1,0,0.535660751961357,0.40330107301841617,0.2596286010034401
2021-09-22,12:00:00,1777.2,1777.93,1772.11,1772.5,10965,1780.35,1775.79,BEARISH_LONDON_BREAKOUT,0,1,0.3086036671368139,-0.3136812411847642,0.04005641748942377
2021-09-23,12:00:00,1766.79,1776.56,1765.56,1773.21,17728,1767.29,1760.28,BULLISH_LONDON_BREAKOUT,1,0,-1.20177531144083,-1.5187146474472886,-1.3371230705894979
2021-09-23,16:00:00,1773.21,1774.1,1745.87,1751.9,35847,1767.29,1760.28,BEARISH_LONDON_BREAKOUT,1,1,-0.17695073919745055,0.022261544608703273,-0.005708088361215618
2021-09-24,12:00:00,1754.83,1757.71,1749.49,1749.5,13844,1756.54,1750.26,BEARISH_LONDON_BREAKOUT,0,1,0.13146613318090625,0.0022863675335789437,-0.06973420977422276
2021-09-27,12:00:00,1753.87,1755.16,1744.84,1748.28,17556,1760.75,1753.88,BEARISH_LONDON_BREAKOUT,0,1,0.16301736563937907,0.1727412085020696,-0.7904912256617898
2021-09-28,12:00:00,1743.83,1744.7,1731.82,1734.46,20523,1751.89,1735.94,BEARISH_LONDON_BREAKOUT,0,1,0.1251109855517033,0.05015970388477629,0.521199681745325
2021-09-29,12:00:00,1740.02,1745.48,1738.29,1743.5,14330,1742.2,1736.73,BULLISH_LONDON_BREAKOUT,1,0,-0.7330083166045296,-0.837396042443356,-1.0025810151993129
2021-09-29,16:00:00,1743.52,1743.55,1725.51,1730.72,35236,1742.2,1736.73,BEARISH_LONDON_BREAKOUT,1,1,-0.286008135342519,0.12769252103171147,1.5727558472774354
2021-09-30,12:00:00,1731.69,1734.05,1722.24,1726.02,16560,1733.63,1726.23,BEARISH_LONDON_BREAKOUT,0,1,1.8493412590815907,1.5683479913326575,1.6558324932503636
2021-09-30,16:00:00,1726.02,1764.12,1725.26,1757.94,41907,1733.63,1726.23,BULLISH_LONDON_BREAKOUT,1,1,-0.11775145909417634,-0.22185057510495754,0.2081982320215624
2021-10-01,16:00:00,1754.62,1764.28,1749.77,1761.6,37057,1757.24,1750.99,BULLISH_LONDON_BREAKOUT,1,0,-0.0823115349682004,-0.1600817438692062,0.2225249772933738
2021-10-04,16:00:00,1753.59,1770.5,1748.5,1765.52,35889,1762.7,1753.06,BULLISH_LONDON_BREAKOUT,1,0,0.1829489328922934,-0.3120893561103806,-0.26507771081608045
2021-10-06,16:00:00,1754.54,1764.29,1753.42,1762.04,33055,1755.69,1747.31,BULLISH_LONDON_BREAKOUT,1,0,0.1322330934598492,-0.10782956119043062,-0.20657873828062207
2021-10-07,20:00:00,1758.41,1759.92,1754.76,1755.49,10500,1766.91,1756.05,BEARISH_LONDON_BREAKOUT,0,1,-0.018228528786830817,0.05012845416378799,0.09171228545875511
2021-10-08,12:00:00,1756.37,1763.2,1754.93,1761.74,12186,1760.32,1754.4,BULLISH_LONDON_BREAKOUT,1,0,-0.17539478016051846,-0.44047362266849766,-0.3899553850170921
2021-10-11,20:00:00,1757.49,1757.72,1753.32,1753.44,10839,1757.8,1753.56,BEARISH_LONDON_BREAKOUT,0,1,-0.006843690117718213,0.19105301578610667,0.45510539282781376
2021-10-13,12:00:00,1765.01,1774.37,1764.99,1773.53,14954,1765.75,1760.76,BULLISH_LONDON_BREAKOUT,1,0,1.1801322785630952,1.0290212175717355,1.2449747114511696
2021-10-14,12:00:00,1793.98,1800.57,1793.75,1795.61,15001,1795.0,1788.32,BULLISH_LONDON_BREAKOUT,1,0,0.14980981393510032,-0.008910620903194708,-0.9584486609007419
2021-10-15,12:00:00,1786.77,1789.96,1777.64,1778.4,17331,1795.37,1785.51,BEARISH_LONDON_BREAKOUT,0,1,-0.5544309491677983,-0.4144174538911447,-0.8603238866396863
2021-10-19,16:00:00,1780.49,1785.11,1769.54,1771.16,38136,1782.8,1773.76,BEARISH_LONDON_BREAKOUT,0,1,-0.05589557126403086,0.16768671379209257,0.700106145125221
2021-10-20,12:00:00,1776.66,1781.74,1776.48,1779.56,14639,1778.01,1773.37,BULLISH_LONDON_BREAKOUT,1,0,0.22477466339994157,0.106206028456478,-0.06125109577647948
2021-10-21,12:00:00,1782.63,1787.88,1777.55,1778.47,18359,1787.64,1780.87,BEARISH_LONDON_BREAKOUT,0,1,0.22716154897186705,0.34467829089047786,0.7804461137944346
2021-10-22,16:00:00,1792.34,1813.79,1782.95,1785.9,43662,1794.47,1786.04,BEARISH_LONDON_BREAKOUT,0,1,0.3790805756201345,0.7044067416988592,1.246990313007446
2021-10-25,12:00:00,1799.12,1803.7,1798.5,1801.78,16116,1801.08,1796.11,BULLISH_LONDON_BREAKOUT,1,0,0.35464929125642974,0.339109103220156,0.0682658260164958
2021-10-26,16:00:00,1802.99,1804.64,1782.45,1789.86,34104,1806.57,1800.03,BEARISH_LONDON_BREAKOUT,0,1,0.19778083202039218,-0.04022660990243929,0.260355558535309
2021-10-27,16:00:00,1791.26,1798.21,1784.82,1794.52,38001,1791.69,1785.46,BULLISH_LONDON_BREAKOUT,1,0,0.2106412856919941,0.28252680382497475,0.23683213338385753
2021-10-29,16:00:00,1795.58,1796.23,1771.98,1777.06,44112,1797.53,1793.1,BEARISH_LONDON_BREAKOUT,0,1,0.3331345030556128,0.4124790384117675,0.9020517033752362
2021-11-01,16:00:00,1786.55,1795.79,1785.66,1793.09,33551,1787.83,1781.24,BULLISH_LONDON_BREAKOUT,1,0,-0.025654038559124695,-0.10484694019819873,-0.23534791895554755
2021-11-02,12:00:00,1794.22,1795.64,1788.34,1790.07,17223,1796.4,1791.01,BEARISH_LONDON_BREAKOUT,0,1,-0.06703648460674977,-0.1625634751713539,-0.30334009284552205
2021-11-03,12:00:00,1781.67,1785.58,1780.54,1784.64,12832,1783.34,1778.27,BULLISH_LONDON_BREAKOUT,1,0,-1.1823112784651322,-0.4180114757037854,-0.21236776044469421
2021-11-03,16:00:00,1784.66,1785.65,1758.07,1763.54,34306,1783.34,1778.27,BEARISH_LONDON_BREAKOUT,1,1,0.5608038377354696,0.6554997334905898,1.6302437143472788
2021-11-04,12:00:00,1774.77,1782.13,1772.31,1780.85,16521,1775.98,1770.86,BULLISH_LONDON_BREAKOUT,1,0,0.6423898700058992,0.5890445573742881,0.7311115478563598
2021-11-05,16:00:00,1793.94,1811.77,1785.1,1809.93,40343,1798.34,1792.62,BULLISH_LONDON_BREAKOUT,1,0,0.4370334764327822,0.5077544435420058,0.6409087644273486
2021-11-08,16:00:00,1816.87,1826.05,1815.8,1821.53,29910,1821.48,1814.7,BULLISH_LONDON_BREAKOUT,1,0,0.2311243844460446,0.08564228972347124,0.24210416517982586
2021-11-09,20:00:00,1825.87,1831.29,1823.46,1830.26,16527,1827.09,1819.23,BULLISH_LONDON_BREAKOUT,1,0,-0.02021570705800765,-0.3300077584605446,0.9228197086752756
2021-11-10,16:00:00,1824.59,1868.55,1822.32,1851.46,38605,1827.39,1822.99,BULLISH_LONDON_BREAKOUT,1,0,-0.23278925820703367,-0.08425782895660426,0.5476758882179401
2021-11-11,12:00:00,1857.1,1865.57,1855.16,1863.87,12488,1857.15,1847.1,BULLISH_LONDON_BREAKOUT,1,0,-0.12178960979038142,-0.08530637866374362,-0.7897546502706626
2021-11-12,12:00:00,1856.42,1858.74,1845.2,1849.15,17804,1860.06,1855.14,BEARISH_LONDON_BREAKOUT,0,1,0.6305599870210559,0.8809452991915184,0.8322742881864572
2021-11-12,16:00:00,1849.02,1866.01,1849.02,1860.81,27388,1860.06,1855.14,BULLISH_LONDON_BREAKOUT,1,1,0.19023973430925048,-0.2085113472090048,0.0666376470461793
2021-11-15,12:00:00,1860.99,1864.84,1858.34,1864.54,12189,1862.31,1856.38,BULLISH_LONDON_BREAKOUT,1,0,-0.13354500305705477,-0.11584626771213567,0.5052184453001851
2021-11-16,12:00:00,1863.96,1874.85,1863.86,1873.96,15589,1867.75,1862.31,BULLISH_LONDON_BREAKOUT,1,0,-0.6798437533351838,-1.2614997118401727,-0.6520950287092588
2021-11-16,16:00:00,1873.95,1877.23,1856.57,1861.22,33828,1867.75,1862.31,BEARISH_LONDON_BREAKOUT,1,1,-0.5163279999140417,-0.4045733443655222,0.0881142476440116
2021-11-17,12:00:00,1856.25,1862.92,1855.87,1861.74,13853,1857.39,1852.01,BULLISH_LONDON_BREAKOUT,1,0,0.06015877619860405,0.2540634030530589,0.05532458882550585
2021-11-18,16:00:00,1862.78,1866.98,1855.03,1860.11,28693,1869.45,1862.6,BEARISH_LONDON_BREAKOUT,0,1,-0.0645123137878845,0.16074318185483705,0.014515270602287456
2021-11-19,20:00:00,1860.38,1860.69,1843.0,1845.7,27133,1863.72,1856.07,BEARISH_LONDON_BREAKOUT,0,1,-0.03955138971663966,-0.08831337703852789,-2.278810207509343
2021-11-22,16:00:00,1842.63,1843.02,1811.54,1818.44,37684,1849.15,1840.26,BEARISH_LONDON_BREAKOUT,0,1,-0.8138844284111632,-0.5548712082884311,-1.7657992565055833
2021-11-23,12:00:00,1807.64,1808.43,1792.74,1794.01,20733,1809.83,1802.88,BEARISH_LONDON_BREAKOUT,0,1,-0.4280912592460501,-0.1794861790068075,-0.3762520833217206
2021-11-24,12:00:00,1794.1,1794.83,1785.6,1787.26,17674,1796.34,1791.88,BEARISH_LONDON_BREAKOUT,0,1,-0.1477121403713002,0.132605216924237,0.19583048912861029
2021-11-25,12:00:00,1793.31,1795.04,1789.87,1790.76,8680,1794.29,1791.45,BEARISH_LONDON_BREAKOUT,0,1,-0.1234112890616295,0.10386651477584377,1.1710111907793355
2021-11-26,12:00:00,1807.96,1815.55,1797.87,1811.73,27633,1808.56,1795.23,BULLISH_LONDON_BREAKOUT,1,0,-0.7799175373814039,-0.9002445176709524,-1.0067725323309769
2021-11-26,20:00:00,1797.6,1799.72,1780.4,1790.86,14516,1808.56,1795.23,BEARISH_LONDON_BREAKOUT,1,1,0.25462626894342233,0.2149805121561784,-0.45564700758294086
2021-11-29,16:00:00,1793.52,1794.14,1784.38,1786.97,24175,1797.1,1791.07,BEARISH_LONDON_BREAKOUT,0,1,-0.23895196897541546,0.10408680615790415,-0.1359843757869502
2021-11-30,16:00:00,1792.43,1808.74,1783.22,1784.54,32670,1795.82,1787.93,BEARISH_LONDON_BREAKOUT,0,1,-0.5189012294484848,-0.3737657883824444,0.08293453775202675
2021-12-02,16:00:00,1777.28,1781.3,1763.39,1767.34,38177,1779.33,1774.96,BEARISH_LONDON_BREAKOUT,0,1,-0.04017336788619106,0.354204623898061,0.19351115235325816
2021-12-03,20:00:00,1770.76,1786.12,1769.77,1783.88,33847,1776.5,1770.28,BULLISH_LONDON_BREAKOUT,1,0,-0.05493643070161771,-0.05269412740767622,-0.3027109446823828
2021-12-06,12:00:00,1782.94,1782.94,1777.79,1780.06,17022,1786.17,1781.14,BEARISH_LONDON_BREAKOUT,0,1,-0.09999662932709981,0.05112187229644405,0.12134422435199274
2021-12-07,20:00:00,1782.62,1787.68,1782.01,1784.94,15420,1784.57,1776.99,BULLISH_LONDON_BREAKOUT,1,0,-0.009524129662625789,0.27283830268803944,0.04257846202113185
2021-12-08,12:00:00,1789.8,1793.15,1782.89,1786.63,18401,1791.63,1786.65,BEARISH_LONDON_BREAKOUT,0,1,-0.2278031825280088,-0.1796678663181541,-0.35149975092773544
2021-12-09,12:00:00,1786.2,1787.64,1779.49,1780.35,15087,1787.12,1783.25,BEARISH_LONDON_BREAKOUT,0,1,-0.04212654815064454,-0.22635998539612842,-0.4583368438790044
2021-12-10,16:00:00,1772.09,1789.41,1771.69,1783.12,32568,1779.44,1771.47,BULLISH_LONDON_BREAKOUT,1,0,-0.016824442550134287,0.16375790748800265,0.2125487908834061
2021-12-13,12:00:00,1785.48,1788.5,1783.38,1788.05,13519,1787.0,1783.36,BULLISH_LONDON_BREAKOUT,1,0,-0.06375660635887546,-0.12527613881043648,-0.17952518106317142
2021-12-14,16:00:00,1784.81,1785.61,1766.43,1774.21,32136,1788.5,1784.21,BEARISH_LONDON_BREAKOUT,0,1,-0.11103533403599503,-0.23728870877742975,-0.45259580320255055
2021-12-15,16:00:00,1769.89,1773.69,1764.34,1766.18,26445,1771.25,1766.84,BEARISH_LONDON_BREAKOUT,0,1,0.1919396663986611,0.8640115956471023,1.763693394784216
2021-12-16,12:00:00,1784.88,1788.39,1784.64,1787.41,13911,1786.37,1781.01,BULLISH_LONDON_BREAKOUT,1,0,0.5549929786674487,0.6355564755707923,1.2140471408350528
2021-12-17,20:00:00,1804.62,1806.56,1795.94,1797.98,21246,1809.68,1802.04,BEARISH_LONDON_BREAKOUT,0,1,0.11902245853679533,0.014460672532508198,-0.420471862868327
2021-12-20,12:00:00,1798.24,1802.37,1794.98,1795.52,16488,1804.21,1798.0,BEARISH_LONDON_BREAKOUT,0,1,-0.09635091783995824,-0.21609338798787436,0.13088130458028366
2021-12-21,12:00:00,1793.13,1798.27,1792.35,1797.87,15076,1794.12,1788.92,BULLISH_LONDON_BREAKOUT,1,0,-0.6613381390200556,-0.4182727338461614,-0.3821188406280705
2021-12-21,16:00:00,1797.93,1800.52,1785.0,1785.98,24760,1794.12,1788.92,BEARISH_LONDON_BREAKOUT,1,1,0.12766100404259692,0.17749358895396772,0.5414394338122528
2021-12-22,12:00:00,1786.86,1791.5,1785.86,1791.0,12205,1789.3,1786.09,BULLISH_LONDON_BREAKOUT,1,0,0.25963149078727477,0.707426018983812,0.8592964824120659
2021-12-23,20:00:00,1805.94,1810.63,1805.66,1809.22,11663,1808.29,1804.79,BULLISH_LONDON_BREAKOUT,1,0,-0.08069775925537173,0.08954134931074667,0.18903173743381527
2021-12-27,12:00:00,1808.83,1809.37,1804.65,1806.27,8908,1810.99,1807.66,BEARISH_LONDON_BREAKOUT,0,1,0.3526604549707474,0.3332835068954244,0.6394392864854066
2021-12-27,16:00:00,1806.27,1813.47,1802.92,1812.64,21543,1810.99,1807.66,BULLISH_LONDON_BREAKOUT,1,1,-0.18591667402242687,-0.15447082708095275,-0.0617883308323836
2021-12-28,12:00:00,1813.79,1818.31,1813.54,1817.82,8261,1816.05,1809.59,BULLISH_LONDON_BREAKOUT,1,0,-0.34656896722447517,-0.6249243599476241,-1.1453279202561275
2021-12-28,20:00:00,1811.49,1812.37,1805.05,1807.03,13551,1816.05,1809.59,BEARISH_LONDON_BREAKOUT,1,1,-0.03154347188480193,-0.14996984001372618,-0.10680508901346761
2021-12-29,12:00:00,1804.3,1805.25,1794.5,1797.0,13068,1807.42,1804.14,BEARISH_LONDON_BREAKOUT,0,1,0.15804117974401324,0.4223706176961557,0.3116304952698892
2021-12-30,12:00:00,1798.36,1803.22,1798.1,1802.6,9900,1801.87,1796.12,BULLISH_LONDON_BREAKOUT,1,0,0.259070231887278,0.7228447797625763,0.9408631976034637
2021-12-31,16:00:00,1819.52,1827.47,1818.6,1822.08,22522,1820.03,1816.63,BULLISH_LONDON_BREAKOUT,1,0,0.32215929048121483,0.19428345626975566,-1.1036837021426007
2022-01-03,16:00:00,1823.0,1823.32,1799.79,1801.97,36379,1825.89,1820.93,BEARISH_LONDON_BREAKOUT,0,1,-0.013873704889648552,0.1209787066377389,0.7003446228294529
2022-01-04,16:00:00,1804.14,1816.74,1798.51,1814.59,35503,1807.35,1803.12,BULLISH_LONDON_BREAKOUT,1,0,-0.0011021773513566046,0.04574036008134921,0.4833047685703097
2022-01-05,12:00:00,1813.51,1820.77,1813.38,1818.67,12423,1817.07,1812.49,BULLISH_LONDON_BREAKOUT,1,0,0.25788075901619467,-0.46132613393304445,-1.1673365701309208
2022-01-06,12:00:00,1800.99,1807.15,1793.75,1797.44,22464,1807.61,1799.49,BEARISH_LONDON_BREAKOUT,0,1,-0.37831582695388744,-0.3371461634324342,-0.2292148833897164
2022-01-07,12:00:00,1789.85,1794.01,1787.82,1793.32,11403,1792.97,1788.0,BULLISH_LONDON_BREAKOUT,1,0,-0.22974148506679737,0.10316061829456742,0.4042780987219236
2022-01-10,12:00:00,1793.64,1802.32,1792.16,1800.57,17499,1795.66,1791.35,BULLISH_LONDON_BREAKOUT,1,0,-0.395985715634487,0.03832119828721208,0.329895533081194
2022-01-11,16:00:00,1806.49,1812.2,1801.79,1811.69,29666,1809.77,1805.5,BULLISH_LONDON_BREAKOUT,1,0,0.5056052635936531,0.3587810276592574,0.670644536316912
2022-01-12,16:00:00,1817.27,1825.43,1816.35,1823.84,34028,1821.54,1815.82,BULLISH_LONDON_BREAKOUT,1,0,0.2242521273796027,0.07401965084657297,-0.5005921572067661
2022-01-13,16:00:00,1823.68,1826.02,1814.3,1814.71,32061,1828.14,1823.43,BEARISH_LONDON_BREAKOUT,0,1,0.34716290757200624,0.625444285863852,0.35432658661714894
2022-01-14,12:00:00,1826.78,1829.18,1819.91,1822.46,16017,1828.11,1825.53,BEARISH_LONDON_BREAKOUT,0,1,-0.07242957321422343,-0.3314201683438848,-0.06035797767852992
2022-01-18,16:00:00,1813.11,1820.04,1805.79,1819.85,40245,1818.31,1812.91,BULLISH_LONDON_BREAKOUT,1,0,-0.3176085941148981,-0.44783910761875234,1.0127208286397265
2022-01-19,12:00:00,1811.51,1819.94,1811.36,1817.35,18950,1815.27,1811.13,BULLISH_LONDON_BREAKOUT,1,0,1.151676892178175,1.164332682202112,1.2199081079593954
2022-01-20,16:00:00,1839.51,1847.92,1835.95,1846.83,36962,1841.16,1838.42,BULLISH_LONDON_BREAKOUT,1,0,-0.36224232874708706,-0.32596394903699755,-0.6600499233822186
2022-01-21,12:00:00,1838.07,1839.11,1828.39,1832.03,19695,1842.76,1837.07,BEARISH_LONDON_BREAKOUT,0,1,0.14246491596754024,0.14246491596754024,0.3384224057466333
2022-01-24,16:00:00,1838.23,1843.1,1829.72,1834.38,41312,1839.65,1836.23,BEARISH_LONDON_BREAKOUT,0,1,0.24204363327117753,0.424666644860932,0.686335437586537
2022-01-25,12:00:00,1840.84,1843.22,1834.94,1837.68,19090,1843.38,1840.38,BEARISH_LONDON_BREAKOUT,0,1,0.5055287101127489,0.6448347916938699,0.30092290279047346
2022-01-25,16:00:00,1837.68,1852.86,1837.56,1846.97,36987,1843.38,1840.38,BULLISH_LONDON_BREAKOUT,1,1,0.26205081836737565,0.0054142731067591265,-0.6919441030444443
2022-01-26,12:00:00,1843.94,1847.79,1842.91,1843.21,14324,1848.64,1843.72,BEARISH_LONDON_BREAKOUT,0,1,-0.4893636644766457,-1.1545076252841495,-1.7252510565806365
2022-01-27,16:00:00,1811.43,1813.73,1795.73,1796.55,42019,1816.5,1809.95,BEARISH_LONDON_BREAKOUT,0,1,-0.19593109014499913,0.14360858311765076,-0.7653558208789069
2022-01-28,12:00:00,1795.94,1795.94,1780.3,1785.62,21580,1799.42,1795.71,BEARISH_LONDON_BREAKOUT,0,1,-0.1579283386162754,0.21841153212890152,0.3746597820364946
2022-01-31,12:00:00,1788.94,1793.69,1787.06,1792.31,17394,1789.48,1785.57,BULLISH_LONDON_BREAKOUT,1,0,0.2237336175103632,0.30909831446568753,0.7755354821431611
2022-02-01,12:00:00,1803.92,1808.31,1801.87,1806.21,16923,1804.42,1796.33,BULLISH_LONDON_BREAKOUT,1,0,-0.10076347711506062,-0.3039513677811555,-0.18491758987051038
2022-02-02,12:00:00,1796.78,1803.69,1796.46,1802.87,15934,1799.07,1794.51,BULLISH_LONDON_BREAKOUT,1,0,0.31283453604531114,0.28121827974286356,0.07543527819532897
2022-02-03,16:00:00,1804.2,1805.19,1788.66,1803.12,51531,1807.19,1803.17,BEARISH_LONDON_BREAKOUT,0,1,0.11147344602689883,0.1902258307822033,0.044922134966068415
2022-02-04,12:00:00,1807.37,1814.49,1806.24,1810.99,19770,1809.21,1805.78,BULLISH_LONDON_BREAKOUT,1,0,-0.38984202011054425,-0.047487838143772186,0.14577661941811385
2022-02-04,16:00:00,1811.0,1814.88,1792.14,1803.93,45586,1809.21,1805.78,BEARISH_LONDON_BREAKOUT,1,1,0.21674898693407474,0.33038976013481874,0.6613338655047499
2022-02-07,12:00:00,1813.05,1814.16,1809.94,1813.63,19073,1813.01,1808.81,BULLISH_LONDON_BREAKOUT,1,0,0.12295782491466235,0.4637109002387396,0.24977531249482926
2022-02-08,16:00:00,1818.16,1828.33,1817.26,1824.55,29335,1822.38,1815.43,BULLISH_LONDON_BREAKOUT,1,0,0.1337316050533038,0.19402044339700003,0.21484749664301186
2022-02-09,20:00:00,1828.47,1835.8,1828.33,1833.33,16942,1829.26,1825.78,BULLISH_LONDON_BREAKOUT,1,0,-0.039818254215008654,0.07581831966967759,-0.19527308231469115
2022-02-10,12:00:00,1834.71,1834.84,1830.45,1832.37,14787,1836.02,1833.5,BEARISH_LONDON_BREAKOUT,0,1,0.18064037285047085,-0.302886425776451,-0.2755993603911849
2022-02-11,12:00:00,1826.2,1827.81,1825.19,1827.32,16029,1826.26,1820.92,BULLISH_LONDON_BREAKOUT,1,0,0.4695400915001289,1.7676159621741103,1.5941378631000651
2022-02-14,12:00:00,1854.35,1858.51,1852.17,1856.45,24296,1855.26,1850.82,BULLISH_LONDON_BREAKOUT,1,0,0.6313124511837123,0.790756551482672,-0.2160036629050064
2022-02-15,12:00:00,1875.64,1877.23,1849.91,1852.44,25924,1879.51,1875.24,BEARISH_LONDON_BREAKOUT,0,1,-0.23968387640085803,0.027531256073070703,0.21485176308004675
2022-02-16,16:00:00,1856.42,1864.85,1851.41,1862.66,31502,1856.75,1852.22,BULLISH_LONDON_BREAKOUT,1,0,0.4160716394833196,0.656051023804668,1.7555538853038029
2022-02-17,12:00:00,1876.03,1893.43,1875.32,1883.63,26581,1877.14,1870.47,BULLISH_LONDON_BREAKOUT,1,0,0.622733764061933,0.8658813036530498,0.39869825815048554
2022-02-18,20:00:00,1891.9,1899.4,1891.27,1897.34,27799,1893.4,1889.56,BULLISH_LONDON_BREAKOUT,1,0,0.39529024845309746,-0.30200174981816746,0.32255684273773383
2022-02-21,20:00:00,1895.39,1906.09,1895.37,1903.46,10686,1897.04,1887.62,BULLISH_LONDON_BREAKOUT,1,0,0.3209943996721707,0.2752881594569893,-0.09981822575730989
2022-02-22,12:00:00,1908.67,1911.71,1891.38,1893.87,33073,1913.36,1907.28,BEARISH_LONDON_BREAKOUT,0,1,0.21595991277121163,0.2307444544768183,0.048049760543230624
2022-02-23,16:00:00,1894.79,1908.39,1893.61,1907.44,31679,1899.86,1893.41,BULLISH_LONDON_BREAKOUT,1,0,-0.018873463909749578,1.143417355198588,1.1172042108795006
2022-02-24,12:00:00,1945.4,1974.52,1938.95,1961.67,40058,1949.09,1928.99,BULLISH_LONDON_BREAKOUT,1,0,-1.6781619742362412,-2.812909408820039,-3.1988050997364486
2022-02-24,16:00:00,1961.67,1967.19,1913.34,1928.75,47474,1949.09,1928.99,BEARISH_LONDON_BREAKOUT,1,1,-2.1200259235256045,-0.7512637718729752,-2.0464031108230736
2022-02-25,12:00:00,1913.35,1915.8,1892.84,1898.92,28470,1921.33,1910.92,BEARISH_LONDON_BREAKOUT,0,1,-0.5076569839698407,0.5913887894171432,0.35335875129020894
2022-03-01,12:00:00,1907.68,1926.32,1907.17,1920.23,27651,1908.74,1904.57,BULLISH_LONDON_BREAKOUT,1,0,0.33121032376329396,1.148820714185277,0.47025616722996577
2022-03-02,12:00:00,1944.79,1944.79,1913.42,1929.26,27380,1947.87,1931.91,BEARISH_LONDON_BREAKOUT,0,1,-0.11921669448389303,-0.023325005442503627,0.16534837191462293
2022-03-03,12:00:00,1932.08,1938.75,1923.7,1932.45,21547,1932.33,1922.08,BULLISH_LONDON_BREAKOUT,1,0,-0.3172138994540666,0.12367719734015745,0.7187766824497334
2022-03-04,12:00:00,1936.16,1949.07,1933.99,1946.34,25136,1940.67,1934.05,BULLISH_LONDON_BREAKOUT,1,0,0.59444906850808,2.17793396837141,2.255001695490002
2022-03-07,20:00:00,1980.92,1997.33,1974.89,1995.97,34697,1993.27,1976.06,BULLISH_LONDON_BREAKOUT,1,0,0.1377776219081449,1.005025125628138,2.172377340340782
2022-03-08,16:00:00,2009.09,2069.99,2003.67,2047.1,53429,2020.89,1985.6,BULLISH_LONDON_BREAKOUT,1,0,-0.3795613306628881,0.4767720189536524,-2.4903522055590845
2022-03-09,12:00:00,2045.8,2049.29,2004.22,2011.47,32442,2059.24,2038.28,BEARISH_LONDON_BREAKOUT,0,1,-0.7631234868031905,-1.075830114294526,-0.30723799012662695
2022-03-10,12:00:00,1975.33,2007.91,1974.89,2005.29,27930,1989.13,1974.32,BULLISH_LONDON_BREAKOUT,1,0,-0.5051638416388593,-0.5011743937285856,-1.283106184142943
2022-03-11,12:00:00,1991.56,1994.92,1969.37,1979.56,15929,1992.62,1980.73,BEARISH_LONDON_BREAKOUT,0,1,0.059609206086204194,-0.27076724120511125,-0.7203621006688351
2022-03-14,12:00:00,1972.79,1973.51,1954.53,1965.3,21486,1978.5,1971.11,BEARISH_LONDON_BREAKOUT,0,1,-0.525619498295422,-0.6686002137078244,-1.977306263674752
2022-03-15,20:00:00,1925.17,1930.95,1916.29,1916.71,16856,1942.29,1925.02,BEARISH_LONDON_BREAKOUT,0,1,0.06782455353183083,-0.028173276082451886,0.5796390690297385
2022-03-16,12:00:00,1916.17,1927.05,1911.67,1924.58,14672,1920.11,1912.58,BULLISH_LONDON_BREAKOUT,1,0,-0.6681977366490299,0.12470253250060226,0.9680034085358941
2022-03-16,16:00:00,1924.58,1925.67,1903.88,1911.72,29545,1920.11,1912.58,BEARISH_LONDON_BREAKOUT,1,1,0.8421735400581628,1.28679932207645,1.9077061494361114
2022-03-17,12:00:00,1935.64,1946.91,1934.76,1943.21,14051,1937.49,1930.07,BULLISH_LONDON_BREAKOUT,1,0,0.2562769849887567,0.033964419697297486,-0.16621981154893287
2022-03-18,12:00:00,1934.11,1940.63,1928.8,1939.98,13759,1936.13,1929.98,BULLISH_LONDON_BREAKOUT,1,0,-0.3855709852678903,-1.087640078763694,-0.7531005474283305
2022-03-18,20:00:00,1932.5,1933.05,1917.97,1920.74,18986,1936.13,1929.98,BEARISH_LONDON_BREAKOUT,1,1,-0.09683767714526173,0.22595458000561858,0.7502316815394109
2022-03-21,16:00:00,1925.38,1937.56,1917.69,1935.11,26417,1928.84,1921.91,BULLISH_LONDON_BREAKOUT,1,0,0.002067065954916826,0.08319940468501158,-0.8836706957227192
2022-03-22,12:00:00,1933.31,1933.36,1922.85,1927.76,17941,1938.35,1932.24,BEARISH_LONDON_BREAKOUT,0,1,-0.5057683529070008,-0.41965804871975343,0.1514711374859979
2022-03-23,12:00:00,1920.63,1934.99,1920.46,1930.68,17015,1922.54,1917.04,BULLISH_LONDON_BREAKOUT,1,0,-0.06008245799407887,0.8002361862141859,1.3337269770236393
2022-03-24,12:00:00,1944.0,1956.82,1937.96,1956.43,17767,1944.06,1937.54,BULLISH_LONDON_BREAKOUT,1,0,0.33632688110486586,0.14925144267874882,-0.1615186845427683
2022-03-28,12:00:00,1933.52,1936.74,1925.32,1927.82,29734,1948.24,1933.0,BEARISH_LONDON_BREAKOUT,0,1,0.3558423504269137,-0.2671411231338955,-0.808685458185926
2022-03-29,12:00:00,1924.65,1924.68,1909.73,1912.23,23269,1928.19,1921.2,BEARISH_LONDON_BREAKOUT,0,1,-0.1924454694257523,0.38436798920631454,0.4068548239490005
2022-03-30,12:00:00,1923.94,1926.35,1917.24,1920.01,21560,1928.34,1921.97,BEARISH_LONDON_BREAKOUT,0,1,0.897911990041719,0.7255170545986773,0.5734345133619091
2022-03-30,16:00:00,1920.03,1938.41,1919.88,1937.25,30647,1928.34,1921.97,BULLISH_LONDON_BREAKOUT,1,1,-0.22970705897535398,-0.6287262872628759,0.3634017292553859
2022-03-31,16:00:00,1930.91,1945.02,1928.05,1944.29,30861,1933.84,1919.1,BULLISH_LONDON_BREAKOUT,1,0,-0.4011747218779068,-0.3060243070735356,-0.948418188644701
2022-04-01,12:00:00,1930.75,1936.54,1924.29,1928.71,19874,1939.6,1929.47,BEARISH_LONDON_BREAKOUT,0,1,-0.14828564169834382,-0.21724364990071365,0.0269610257633331
2022-04-04,16:00:00,1929.28,1936.82,1924.28,1933.63,36044,1931.06,1915.5,BULLISH_LONDON_BREAKOUT,1,0,-0.07033403494981601,-0.25806384882319827,-0.667656170001504
2022-04-05,16:00:00,1927.88,1944.58,1919.38,1920.72,35295,1933.64,1926.51,BEARISH_LONDON_BREAKOUT,0,1,-0.015098504727392,0.16608355200133568,0.37746261818484733
2022-04-06,16:00:00,1921.44,1931.93,1919.53,1927.97,31597,1924.35,1915.15,BULLISH_LONDON_BREAKOUT,1,0,-0.1644216455650281,-0.29668511439493495,0.30602135925350826
2022-04-07,12:00:00,1925.63,1931.66,1923.6,1930.65,18410,1928.14,1920.47,BULLISH_LONDON_BREAKOUT,1,0,0.1667832077279569,0.11809494211793814,0.15279828037188606
2022-04-08,12:00:00,1931.97,1934.61,1930.03,1933.6,15120,1932.97,1927.67,BULLISH_LONDON_BREAKOUT,1,0,0.41890773686388794,0.57716177079024,1.397393462970624
2022-04-11,12:00:00,1945.88,1961.63,1945.33,1960.62,22824,1946.92,1940.0,BULLISH_LONDON_BREAKOUT,1,0,-0.4692393222551957,-0.40395385133273387,-0.20758739582376678
2022-04-12,16:00:00,1956.57,1978.68,1955.26,1970.6,44500,1960.36,1952.91,BULLISH_LONDON_BREAKOUT,1,0,-0.0893128996244794,-0.03196995838830213,0.5262356642646969
2022-04-13,12:00:00,1971.17,1980.25,1970.07,1978.1,18763,1973.58,1965.75,BULLISH_LONDON_BREAKOUT,1,0,0.1450887215004357,-0.051059097113391176,-0.041453920428690984
2022-04-14,16:00:00,1977.28,1979.88,1960.38,1966.73,38432,1978.43,1970.55,BEARISH_LONDON_BREAKOUT,0,1,0.25626293390551647,1.0158994879825913,1.283856960538559
2022-04-18,20:00:00,1989.11,1990.52,1976.33,1978.3,22513,1992.79,1983.38,BEARISH_LONDON_BREAKOUT,0,1,-0.05358135773138277,-0.014659050700094203,-1.5295961178789865
2022-04-19,16:00:00,1980.09,1982.0,1950.32,1956.4,44656,1980.8,1972.81,BEARISH_LONDON_BREAKOUT,0,1,-0.42731547740748965,-0.6235943569822145,-0.27959517481087853
2022-04-20,12:00:00,1943.84,1955.16,1940.21,1952.18,23366,1946.81,1939.32,BULLISH_LONDON_BREAKOUT,1,0,-0.06403098074972594,0.23819524838897352,-0.6295526027313036
2022-04-21,12:00:00,1949.79,1950.03,1936.84,1939.89,22646,1954.05,1949.73,BEARISH_LONDON_BREAKOUT,0,1,0.006701410904735926,0.5706509131961057,-0.2304254364938232
2022-04-22,12:00:00,1950.95,1951.59,1930.85,1935.42,25373,1955.63,1949.83,BEARISH_LONDON_BREAKOUT,0,1,0.1901396079403869,-0.14932159427928304,-1.434830682745863
2022-04-25,12:00:00,1915.59,1921.18,1905.14,1907.65,27379,1924.5,1912.32,BEARISH_LONDON_BREAKOUT,0,1,-0.6180379000340833,-0.4392839357324514,-0.21492412130108438
2022-04-27,16:00:00,1900.24,1907.0,1881.42,1885.0,41030,1903.52,1895.96,BEARISH_LONDON_BREAKOUT,0,1,0.07745358090185869,-0.3209549071618013,0.05198938992042537
2022-04-28,20:00:00,1885.99,1896.72,1884.88,1895.94,20222,1886.76,1872.04,BULLISH_LONDON_BREAKOUT,1,0,-0.01898794265641989,1.1255630452440435,0.02531725687521853
2022-04-29,12:00:00,1917.25,1919.83,1912.94,1919.58,21110,1917.9,1903.47,BULLISH_LONDON_BREAKOUT,1,0,-0.5167797122287087,-1.1627543525146091,-2.26664166119672
2022-04-29,20:00:00,1909.66,1911.55,1894.48,1896.42,23868,1917.9,1903.47,BEARISH_LONDON_BREAKOUT,1,1,0.04429398550953471,-0.6396262431318014,-1.8181626432963172
2022-05-02,12:00:00,1884.29,1885.5,1875.83,1876.07,16992,1888.61,1882.7,BEARISH_LONDON_BREAKOUT,0,1,-0.31555325760765035,-0.6902727510167556,-0.6497625355130581
2022-05-03,16:00:00,1863.88,1878.13,1856.84,1871.58,34504,1864.55,1853.5,BULLISH_LONDON_BREAKOUT,1,0,-0.28852627191997476,-0.3670695348315269,-0.1613609891108038
2022-05-04,20:00:00,1868.56,1889.81,1861.82,1884.04,41399,1871.88,1861.42,BULLISH_LONDON_BREAKOUT,1,0,0.5265280991911039,0.591282563002914,-0.3205876732978049
2022-05-05,16:00:00,1897.38,1909.77,1874.33,1875.11,46977,1902.21,1891.75,BEARISH_LONDON_BREAKOUT,0,1,0.15412429137491135,0.095994368330401,0.6090309368517086
2022-05-06,12:00:00,1874.13,1885.49,1873.14,1881.86,21571,1877.88,1873.1,BULLISH_LONDON_BREAKOUT,1,0,0.24815873656914295,-0.03188334945213295,-1.1355786296536348
2022-05-09,12:00:00,1869.75,1872.2,1856.16,1860.49,27534,1876.25,1866.43,BEARISH_LONDON_BREAKOUT,0,1,0.04461190331578924,-0.31120833758848276,-0.0026874640551658177
2022-05-10,16:00:00,1860.41,1864.49,1841.46,1844.33,38920,1865.39,1859.39,BEARISH_LONDON_BREAKOUT,0,1,-0.399060905586305,-0.42833983072442916,0.4337618538981636
2022-05-11,16:00:00,1850.24,1858.15,1835.11,1852.33,50497,1851.16,1835.88,BULLISH_LONDON_BREAKOUT,1,0,0.038330103167364155,0.037790242559373625,-0.8988679123050356
2022-05-12,12:00:00,1850.86,1852.14,1840.09,1842.47,30240,1854.14,1843.94,BEARISH_LONDON_BREAKOUT,0,1,-0.36852703164773176,-1.1446590717894956,-1.5452083344640632
2022-05-13,12:00:00,1824.22,1826.56,1812.99,1814.0,19189,1828.76,1821.41,BEARISH_LONDON_BREAKOUT,0,1,-0.2701212789415706,-0.05512679162072767,-0.74310915104741
2022-05-16,16:00:00,1800.53,1815.84,1798.11,1813.9,31270,1811.34,1786.84,BULLISH_LONDON_BREAKOUT,1,0,0.6830586030100817,0.486796405535031,0.2690335740669211
2022-05-17,12:00:00,1824.2,1836.05,1823.69,1834.61,19702,1830.36,1822.72,BULLISH_LONDON_BREAKOUT,1,0,-0.8628536855244401,-1.0945105499261385,-1.4008426859114373
2022-05-17,16:00:00,1834.61,1835.93,1818.05,1818.78,30270,1830.36,1822.72,BEARISH_LONDON_BREAKOUT,1,1,-0.15449916977314163,-0.5597158534842073,0.25841498147109854
2022-05-18,16:00:00,1808.92,1824.71,1807.32,1823.48,30323,1816.73,1808.01,BULLISH_LONDON_BREAKOUT,1,0,-0.40033342838967,-0.40252703621646074,1.0386733059863587
2022-05-19,12:00:00,1813.19,1832.42,1810.97,1830.56,22339,1817.35,1810.96,BULLISH_LONDON_BREAKOUT,1,0,0.6478891705270589,0.6304081811030484,0.6566296652390515
2022-05-23,12:00:00,1856.5,1865.39,1855.95,1862.24,17688,1858.19,1852.07,BULLISH_LONDON_BREAKOUT,1,0,-0.5477274679955347,-0.4451628146747983,-0.22070195033937087
2022-05-23,16:00:00,1862.31,1864.62,1850.6,1852.04,30466,1858.19,1852.07,BEARISH_LONDON_BREAKOUT,1,1,0.05669423986522724,0.2013995378069598,0.9287056435066223
2022-05-24,16:00:00,1858.13,1869.6,1854.17,1869.24,26761,1860.05,1850.63,BULLISH_LONDON_BREAKOUT,1,0,-0.12678949733582195,-0.3525496993430441,-1.2513106931159241
2022-05-25,12:00:00,1858.66,1860.11,1851.29,1855.14,13088,1863.36,1855.95,BEARISH_LONDON_BREAKOUT,0,1,-0.5007708313119328,-0.06145088780362129,-0.46573304440635743
2022-05-26,20:00:00,1846.61,1853.71,1846.1,1852.0,11246,1851.54,1842.93,BULLISH_LONDON_BREAKOUT,1,0,0.04373650107991066,0.34287257019437956,0.05291576673866189
2022-05-30,12:00:00,1858.72,1860.14,1854.1,1854.45,8912,1863.96,1858.39,BEARISH_LONDON_BREAKOUT,0,1,0.07010164738871118,-0.10677020140742637,-0.2992801100056596
2022-05-31,12:00:00,1854.72,1857.09,1844.6,1848.9,13792,1856.43,1851.09,BEARISH_LONDON_BREAKOUT,0,1,-0.28233003407431595,-0.6717507707285452,-1.0379144356103658
2022-06-01,12:00:00,1833.75,1837.18,1828.5,1829.71,13205,1836.84,1829.75,BEARISH_LONDON_BREAKOUT,0,1,0.8673505637505337,0.8930376944980308,1.4313743708019333
2022-06-01,16:00:00,1829.71,1849.1,1828.96,1845.58,32208,1836.84,1829.75,BULLISH_LONDON_BREAKOUT,1,1,0.0915701297153228,-0.03630295083387582,1.21425243013037
2022-06-02,12:00:00,1851.22,1857.03,1850.59,1855.9,10118,1853.33,1844.13,BULLISH_LONDON_BREAKOUT,1,0,0.651435960989273,0.7554286330082429,0.4272859529069366
2022-06-03,12:00:00,1864.68,1867.89,1863.38,1863.83,8961,1869.2,1864.4,BEARISH_LONDON_BREAKOUT,0,1,-0.6341780097970274,-0.6669063165631971,-0.5359930894985062
2022-06-06,16:00:00,1854.02,1857.82,1841.81,1843.54,26255,1856.68,1851.57,BEARISH_LONDON_BREAKOUT,0,1,-0.07539841826051362,-0.18063074302699847,0.4268960803671262
2022-06-07,12:00:00,1842.15,1851.99,1842.15,1847.4,11955,1846.35,1838.56,BULLISH_LONDON_BREAKOUT,1,0,0.217061816607123,0.3329002923026883,0.2230161307783853
2022-06-08,12:00:00,1849.96,1851.68,1846.76,1851.52,11775,1851.33,1845.82,BULLISH_LONDON_BREAKOUT,1,0,0.37266678188731917,0.06643190459730482,-0.2840909090909086
2022-06-09,12:00:00,1850.16,1850.93,1844.61,1846.26,12694,1855.23,1849.06,BEARISH_LONDON_BREAKOUT,0,1,-0.02383196299546405,0.03845612210631419,-0.612589776087872
2022-06-10,12:00:00,1845.57,1847.0,1833.61,1834.95,14317,1847.57,1843.16,BEARISH_LONDON_BREAKOUT,0,1,1.7591759993460299,2.291615575356274,1.0806833973677716
2022-06-10,16:00:00,1834.97,1867.8,1825.13,1867.23,50167,1847.57,1843.16,BULLISH_LONDON_BREAKOUT,1,1,0.23242985598988436,-0.1944056168763414,-2.050095596150446
2022-06-13,12:00:00,1857.29,1858.96,1852.67,1854.78,24146,1867.26,1855.56,BEARISH_LONDON_BREAKOUT,0,1,-1.3926179924303652,-1.8207011074089638,-2.025577157398718
2022-06-14,12:00:00,1827.86,1830.21,1816.11,1817.21,22820,1831.55,1823.93,BEARISH_LONDON_BREAKOUT,0,1,-0.3730994216408655,-0.34723559742682164,0.768760902702496
2022-06-15,12:00:00,1820.83,1835.55,1817.45,1831.18,24459,1824.05,1813.2,BULLISH_LONDON_BREAKOUT,1,0,-0.5411810963422538,0.14471542939524587,-0.6553151519785057
2022-06-16,12:00:00,1830.31,1836.09,1815.32,1819.18,29784,1833.53,1826.52,BEARISH_LONDON_BREAKOUT,0,1,1.4352620411394088,1.740894249057259,1.5814817665101848
2022-06-16,16:00:00,1819.29,1846.94,1819.26,1845.29,40006,1833.53,1826.52,BULLISH_LONDON_BREAKOUT,1,1,0.3782603276449782,-0.16582759349478648,-0.22489689967429854
2022-06-17,16:00:00,1847.95,1853.05,1836.75,1841.14,37934,1850.05,1842.0,BEARISH_LONDON_BREAKOUT,0,1,-0.04073563118502667,0.15099340625916402,-0.1564248237505083
2022-06-20,12:00:00,1840.18,1843.75,1836.46,1838.04,11711,1845.1,1839.48,BEARISH_LONDON_BREAKOUT,0,1,0.011969271615417908,0.0549498378707749,-0.24264977911253488
2022-06-21,20:00:00,1835.32,1837.12,1828.67,1830.65,11697,1840.85,1832.71,BEARISH_LONDON_BREAKOUT,0,1,0.03878403845627559,-0.21413159260372394,0.39002540081391157
2022-06-22,12:00:00,1826.77,1842.93,1823.48,1836.37,18735,1830.35,1823.93,BULLISH_LONDON_BREAKOUT,1,0,0.09202938405659288,0.01198015650440964,-0.37683037732046626
2022-06-23,12:00:00,1837.9,1838.02,1823.98,1829.45,18311,1838.14,1831.12,BEARISH_LONDON_BREAKOUT,0,1,0.20880592527808556,-0.2683866735904278,-0.24706879116674307
2022-06-27,12:00:00,1834.99,1840.48,1833.41,1834.02,13990,1841.03,1834.44,BEARISH_LONDON_BREAKOUT,0,1,-0.4858180390617377,-0.5708770896718699,-0.46727952803131567
2022-06-28,16:00:00,1825.45,1826.72,1818.62,1820.76,26172,1829.24,1824.88,BEARISH_LONDON_BREAKOUT,0,1,-0.05711900525055271,-0.0021968848173270295,-0.12192710736176253
2022-06-29,12:00:00,1816.88,1827.35,1812.16,1824.99,16535,1822.39,1815.93,BULLISH_LONDON_BREAKOUT,1,0,-0.3534265941183264,-0.33315251042471067,-1.0756223321771685
2022-06-30,12:00:00,1815.01,1817.08,1802.75,1805.36,17512,1817.84,1812.41,BEARISH_LONDON_BREAKOUT,0,1,0.5007311561129189,0.06591483139097214,-0.8225506270217524
2022-07-01,12:00:00,1794.81,1797.06,1785.22,1790.51,24171,1803.13,1792.4,BEARISH_LONDON_BREAKOUT,0,1,0.8863396462460482,0.9835186622805737,0.8243461360171119
2022-07-01,16:00:00,1790.51,1808.81,1784.45,1806.38,42186,1803.13,1792.4,BULLISH_LONDON_BREAKOUT,1,1,0.14171990389618713,0.2823326210431863,0.007196713869721861
2022-07-04,12:00:00,1808.85,1809.26,1803.99,1805.27,11801,1813.45,1808.25,BEARISH_LONDON_BREAKOUT,0,1,0.06868778631451301,0.22157350424036296,-0.39384690378723963
2022-07-05,12:00:00,1806.08,1806.09,1797.47,1798.16,18318,1812.09,1805.65,BEARISH_LONDON_BREAKOUT,0,1,-1.6255505627975273,-1.5910708724473976,-1.9436535124794259
2022-07-06,16:00:00,1763.21,1767.96,1732.74,1733.69,40677,1770.29,1763.08,BEARISH_LONDON_BREAKOUT,0,1,0.3310857189001499,0.7002405274299253,0.35300428565659897
2022-07-07,16:00:00,1743.75,1749.12,1738.0,1739.81,31319,1747.69,1741.2,BEARISH_LONDON_BREAKOUT,0,1,0.05287933739891556,0.151740707318621,0.15403980894465855
2022-07-11,12:00:00,1736.78,1739.93,1733.61,1734.92,15285,1742.78,1736.02,BEARISH_LONDON_BREAKOUT,0,1,0.1832937541788576,-0.09279966799622617,0.03458372720355458
2022-07-13,12:00:00,1726.89,1731.89,1725.33,1729.55,13940,1728.54,1722.53,BULLISH_LONDON_BREAKOUT,1,0,0.45907895117227343,0.13876441849036403,-0.9152669769593206
2022-07-14,12:00:00,1718.28,1718.93,1709.96,1713.72,24257,1732.25,1715.19,BEARISH_LONDON_BREAKOUT,0,1,-0.13012627500408575,-0.11962280886025456,-0.5368438251289619
2022-07-18,16:00:00,1715.53,1721.32,1708.92,1710.5,35346,1720.79,1711.95,BEARISH_LONDON_BREAKOUT,0,1,-0.17480268927214318,-0.06080093539900402,0.22858813212511442
2022-07-19,12:00:00,1711.65,1718.42,1710.81,1714.08,19666,1711.68,1707.45,BULLISH_LONDON_BREAKOUT,1,0,0.01925231027724229,-0.24094558013627612,-0.34479137496498735
2022-07-20,20:00:00,1707.94,1708.06,1695.66,1695.72,16937,1713.43,1706.04,BEARISH_LONDON_BREAKOUT,0,1,-0.017101880027360863,-0.3668058405868909,1.4111999622579237
2022-07-21,12:00:00,1689.53,1689.61,1680.84,1684.89,17148,1693.85,1685.23,BEARISH_LONDON_BREAKOUT,0,1,1.6867569989732174,1.975796639543232,2.5912670856851103
2022-07-21,16:00:00,1684.87,1718.42,1683.93,1713.31,46678,1693.85,1685.23,BULLISH_LONDON_BREAKOUT,1,1,0.370043950014892,0.023346621452048428,1.0412593167611317
2022-07-22,12:00:00,1716.24,1730.24,1715.98,1728.55,20195,1720.45,1713.12,BULLISH_LONDON_BREAKOUT,1,0,0.1504150877903524,-0.2221515142749656,-0.14752248994821987
2022-07-25,16:00:00,1725.98,1727.43,1714.77,1716.48,33889,1729.2,1723.81,BEARISH_LONDON_BREAKOUT,0,1,0.15380313199104403,0.44276659209544583,0.030877143922444342
2022-07-26,12:00:00,1724.79,1725.81,1716.17,1717.83,17918,1727.84,1721.04,BEARISH_LONDON_BREAKOUT,0,1,-0.0477346419610751,0.007567687140177383,0.16590698730375744
2022-07-27,20:00:00,1718.84,1740.32,1718.49,1734.51,29806,1721.95,1713.67,BULLISH_LONDON_BREAKOUT,1,0,0.24733209955549196,0.5626949397812634,1.2014920640411366
2022-07-28,16:00:00,1740.38,1756.87,1736.09,1753.06,46776,1744.73,1735.45,BULLISH_LONDON_BREAKOUT,1,0,0.1306287291935224,0.5630155271354157,0.7312927110310066
2022-08-01,12:00:00,1764.57,1774.96,1762.31,1772.7,19248,1767.42,1758.37,BULLISH_LONDON_BREAKOUT,1,0,-0.2160546059683057,-0.025949117165907164,0.3350820781858213
2022-08-02,12:00:00,1772.19,1779.78,1770.44,1778.64,17395,1776.16,1768.96,BULLISH_LONDON_BREAKOUT,1,0,-0.029235820627007664,-1.2324022848918315,-0.7365177888724045
2022-08-02,20:00:00,1778.12,1778.48,1760.5,1760.64,24179,1776.16,1768.96,BEARISH_LONDON_BREAKOUT,2,1,-0.2226463104325741,0.3140903307888025,0.26694838240638735
2022-08-03,16:00:00,1765.54,1772.8,1754.34,1758.47,33199,1770.64,1764.97,BEARISH_LONDON_BREAKOUT,0,1,0.3906805347830723,0.6966283189363481,1.6679272321961665
2022-08-04,12:00:00,1773.04,1786.28,1772.84,1785.72,14423,1774.85,1769.12,BULLISH_LONDON_BREAKOUT,1,0,0.11647962726518868,0.4300786237484076,0.1209596129292432
2022-08-05,12:00:00,1790.51,1790.74,1783.91,1787.88,17072,1792.96,1788.57,BEARISH_LONDON_BREAKOUT,0,1,-0.7919994630512159,-0.7450164440566572,-0.2774235407298049
2022-08-08,12:00:00,1777.74,1783.25,1772.56,1782.92,16034,1779.15,1771.26,BULLISH_LONDON_BREAKOUT,1,0,0.24005563906400584,0.35335292665963447,0.366253112871019
2022-08-09,12:00:00,1787.07,1794.71,1786.43,1789.45,16982,1789.24,1783.57,BULLISH_LONDON_BREAKOUT,1,0,0.3766520439241112,0.25873871860068076,0.16261979937968954
2022-08-10,12:00:00,1790.51,1795.29,1788.63,1792.36,16086,1791.82,1787.62,BULLISH_LONDON_BREAKOUT,1,0,0.31634269901136336,-0.03738088330468463,0.14227052601040985
2022-08-11,12:00:00,1788.01,1795.16,1785.56,1794.91,13350,1788.32,1783.59,BULLISH_LONDON_BREAKOUT,1,0,-0.24792329420416873,-0.3320500749341213,-0.5326172342903083
2022-08-12,12:00:00,1788.76,1789.79,1784.88,1785.35,18714,1794.12,1787.32,BEARISH_LONDON_BREAKOUT,0,1,0.5360293499874066,0.7735177976307264,-0.5741171198924581
2022-08-12,16:00:00,1785.35,1798.72,1784.94,1794.92,37821,1794.12,1787.32,BULLISH_LONDON_BREAKOUT,1,1,0.3732756891671951,0.026185011031133822,-0.7877788425110924
2022-08-15,12:00:00,1786.81,1788.12,1772.98,1775.1,24104,1795.47,1786.15,BEARISH_LONDON_BREAKOUT,0,1,0.3199819728466038,0.19266520196045703,0.05351811165568394
2022-08-16,16:00:00,1776.06,1778.64,1771.47,1774.33,32934,1782.11,1775.95,BEARISH_LONDON_BREAKOUT,0,1,0.08510254574966275,0.0839753597132444,-0.6870198891976029
2022-08-17,12:00:00,1773.53,1776.99,1767.29,1769.3,20642,1782.34,1773.45,BEARISH_LONDON_BREAKOUT,0,1,-0.40467981687672266,-0.24529474933589093,0.07064940937093767
2022-08-18,12:00:00,1762.73,1772.4,1762.58,1770.55,19101,1765.41,1760.9,BULLISH_LONDON_BREAKOUT,1,0,-0.6088503572336265,-0.6862274434497678,-0.9900878258168352
2022-08-18,16:00:00,1770.48,1772.09,1757.75,1759.77,36991,1765.41,1760.9,BEARISH_LONDON_BREAKOUT,1,1,-0.008523841183796232,-0.3182234041948612,-0.6051927240491707
2022-08-19,16:00:00,1753.03,1758.14,1745.79,1749.12,36860,1757.36,1751.79,BEARISH_LONDON_BREAKOUT,0,1,-0.10519575557994411,-0.1492178924258999,-0.7032107574094376
2022-08-22,12:00:00,1737.09,1738.48,1730.67,1733.3,22873,1746.51,1736.5,BEARISH_LONDON_BREAKOUT,0,1,0.20308082847746967,0.11250216350314692,0.27404373161022333
2022-08-23,16:00:00,1738.05,1754.11,1730.82,1749.75,42033,1738.92,1734.76,BULLISH_LONDON_BREAKOUT,1,0,-0.14173453350478743,-0.24517788255464856,0.08344049149878763
2022-08-24,16:00:00,1745.48,1755.9,1742.94,1751.21,36134,1748.17,1744.23,BULLISH_LONDON_BREAKOUT,1,0,0.053106138041700515,0.2980796135243647,0.23697900308928474
2022-08-25,16:00:00,1762.49,1762.81,1752.22,1755.36,33486,1763.76,1755.46,BEARISH_LONDON_BREAKOUT,0,1,0.11165800747425239,0.11906389572510173,-1.0396727736760552
2022-08-26,12:00:00,1753.13,1753.18,1743.76,1745.06,20129,1758.82,1751.82,BEARISH_LONDON_BREAKOUT,0,1,-0.4555717281927295,-0.5925297697500326,-0.9925160166412581
2022-08-29,12:00:00,1721.57,1729.75,1720.31,1727.74,18015,1725.81,1720.53,BULLISH_LONDON_BREAKOUT,1,0,0.7385370483984853,0.6841307141120734,0.30386516489749615
2022-08-30,16:00:00,1732.98,1733.4,1721.18,1726.1,38115,1737.02,1729.08,BEARISH_LONDON_BREAKOUT,0,1,-0.1697468281096018,-0.11992352702624046,-0.42407739991888865
2022-08-31,12:00:00,1720.96,1721.84,1709.63,1713.98,26584,1726.52,1719.48,BEARISH_LONDON_BREAKOUT,0,1,0.28004994223969676,-0.29521931411101326,-0.7100432910535754
2022-09-01,12:00:00,1705.02,1708.72,1699.97,1701.81,22932,1708.52,1702.74,BEARISH_LONDON_BREAKOUT,0,1,-0.37136930679687724,-0.2714756641458148,0.23504386506131708
2022-09-02,12:00:00,1703.7,1707.33,1702.14,1705.81,15804,1704.55,1698.56,BULLISH_LONDON_BREAKOUT,1,0,0.609681031298919,0.12721229210756607,0.46019193227851496
2022-09-06,16:00:00,1714.55,1715.0,1701.31,1703.08,43513,1720.77,1713.65,BEARISH_LONDON_BREAKOUT,0,1,-0.17321558587968963,-0.5689691617539885,0.4380299222584985
2022-09-07,16:00:00,1701.13,1713.47,1697.09,1710.54,37892,1703.68,1691.27,BULLISH_LONDON_BREAKOUT,1,0,0.395196838425292,0.22916739743005557,-0.19409075496626424
2022-09-08,12:00:00,1717.67,1728.2,1716.19,1723.79,24542,1722.8,1713.91,BULLISH_LONDON_BREAKOUT,1,0,-0.9612539810533729,-0.7605334756553814,-0.16127254479953895
2022-09-08,16:00:00,1723.79,1726.65,1703.96,1707.22,51949,1722.8,1713.91,BEARISH_LONDON_BREAKOUT,1,1,-0.02342990358595207,0.7064115931162911,0.5640749288316609
2022-09-09,16:00:00,1720.99,1722.54,1711.37,1716.85,36689,1729.41,1718.19,BEARISH_LONDON_BREAKOUT,0,1,0.0,-0.19221248216209655,1.0146489209890248
2022-09-12,12:00:00,1724.39,1729.91,1721.95,1729.59,23771,1726.47,1711.95,BULLISH_LONDON_BREAKOUT,1,0,0.27058435814268494,-0.24919200504165412,0.008672575581501451
2022-09-13,12:00:00,1723.94,1731.46,1721.95,1729.74,20470,1725.3,1720.07,BULLISH_LONDON_BREAKOUT,1,0,-1.6609432631493761,-1.59734989073503,-1.625677847537787
2022-09-13,16:00:00,1729.72,1731.82,1697.11,1701.01,52507,1725.3,1720.07,BEARISH_LONDON_BREAKOUT,1,1,0.08406770095414275,-0.0364489332808091,0.15520190945380097
2022-09-14,20:00:00,1703.67,1703.84,1693.67,1695.66,19052,1705.1,1698.89,BEARISH_LONDON_BREAKOUT,0,1,0.10969180142244907,-0.3432291850960784,-1.8724272554639492
2022-09-15,16:00:00,1686.39,1692.29,1663.51,1664.46,47118,1693.29,1685.64,BEARISH_LONDON_BREAKOUT,0,1,-0.033043749924897836,-0.007810340891346691,0.5719572714273687
2022-09-16,12:00:00,1655.74,1667.82,1654.16,1665.43,21690,1665.42,1654.35,BULLISH_LONDON_BREAKOUT,1,0,0.5133809286490548,0.7529586953519489,-0.2107563812348757
2022-09-19,16:00:00,1661.91,1675.29,1661.34,1670.67,36467,1669.7,1659.63,BULLISH_LONDON_BREAKOUT,1,0,0.23403784110565548,0.37888990644471543,-0.3052667492682658
2022-09-20,12:00:00,1672.52,1672.54,1666.12,1668.75,20151,1677.24,1670.27,BEARISH_LONDON_BREAKOUT,0,1,-0.1905617977528128,-0.14322097378277754,0.38471910112359986
2022-09-22,12:00:00,1658.89,1678.15,1657.97,1672.21,39432,1663.74,1655.67,BULLISH_LONDON_BREAKOUT,1,0,-0.04126276006004357,0.03289060584495694,-1.4657249986544745
2022-09-23,12:00:00,1667.44,1668.25,1641.28,1647.7,41009,1674.18,1666.36,BEARISH_LONDON_BREAKOUT,0,1,-0.08800145657583575,-0.21727256175275564,-0.46913879953875204
2022-09-26,16:00:00,1639.95,1648.29,1634.24,1634.4,48598,1649.76,1634.68,BEARISH_LONDON_BREAKOUT,0,1,-0.6185756240822398,-0.1970141948115533,-0.018355359765062522
2022-09-27,20:00:00,1634.13,1634.15,1626.68,1627.31,27828,1640.66,1630.92,BEARISH_LONDON_BREAKOUT,0,1,0.1001653034762958,-0.3324504857709874,2.050623421474711
2022-09-28,16:00:00,1624.45,1659.95,1624.21,1658.76,56675,1629.93,1614.81,BULLISH_LONDON_BREAKOUT,1,0,0.11574911379585189,-0.265258385782156,0.07294605609009358
2022-09-29,16:00:00,1651.45,1662.04,1644.62,1659.97,54455,1654.52,1641.53,BULLISH_LONDON_BREAKOUT,1,0,0.07168804255498923,0.1361470388019055,0.6849521376892287
2022-09-30,20:00:00,1671.36,1671.75,1660.14,1660.79,25011,1674.25,1661.24,BEARISH_LONDON_BREAKOUT,0,1,0.20411972615442653,0.17581994111236657,2.4121050825209656
2022-10-03,16:00:00,1666.25,1694.12,1663.89,1690.34,52999,1668.32,1661.87,BULLISH_LONDON_BREAKOUT,1,0,0.6217684016233415,0.5572843333293936,2.096028018031879
2022-10-04,16:00:00,1705.86,1728.92,1704.09,1725.77,45402,1710.68,1697.42,BULLISH_LONDON_BREAKOUT,1,0,-0.05388898868331607,-0.3708489543797894,-0.9636278298962134
2022-10-05,12:00:00,1716.41,1716.53,1703.2,1706.26,28839,1727.8,1715.1,BEARISH_LONDON_BREAKOUT,0,1,0.16879021954450724,0.7132558930057595,0.5075428129358996
2022-10-06,12:00:00,1724.7,1724.87,1710.92,1714.92,27975,1725.57,1719.68,BEARISH_LONDON_BREAKOUT,0,1,-0.3883563081659833,-0.17376903878898248,-0.3300445501831037
2022-10-07,16:00:00,1709.18,1713.32,1690.65,1703.24,51434,1714.13,1708.36,BEARISH_LONDON_BREAKOUT,0,1,-0.49552617364552587,-0.8395763368638568,-2.130645123411848
2022-10-10,12:00:00,1682.79,1684.54,1674.21,1677.04,25403,1689.62,1682.2,BEARISH_LONDON_BREAKOUT,0,1,-0.6016552974287982,-0.41143920240422793,-0.4054763154128676
2022-10-11,12:00:00,1664.73,1670.69,1661.01,1670.24,27330,1669.66,1661.81,BULLISH_LONDON_BREAKOUT,1,0,0.6861289395535992,-0.36701312386244545,-0.10058434715969344
2022-10-13,12:00:00,1672.34,1682.46,1670.69,1678.79,24055,1672.5,1667.05,BULLISH_LONDON_BREAKOUT,1,0,-0.7833022593653682,-0.9131576909559819,-1.4194747407358828
2022-10-13,16:00:00,1678.79,1680.46,1642.46,1665.64,67722,1672.5,1667.05,BEARISH_LONDON_BREAKOUT,1,1,-0.10386398021181156,0.20892870007923622,-1.2535722004754994
2022-10-14,12:00:00,1667.11,1667.21,1650.17,1654.96,32121,1671.77,1663.64,BEARISH_LONDON_BREAKOUT,0,1,-0.6163290955672672,-0.4489534490259622,0.18369024024749622
2022-10-17,12:00:00,1656.0,1660.68,1652.97,1658.0,25945,1657.44,1648.37,BULLISH_LONDON_BREAKOUT,1,0,0.3244873341375216,-0.44089264173702924,-0.3057901085645317
2022-10-17,20:00:00,1663.38,1663.49,1646.81,1647.97,20408,1657.44,1648.37,BEARISH_LONDON_BREAKOUT,2,1,0.1650515482684774,0.513358859687982,0.2105620854748586
2022-10-18,16:00:00,1652.93,1657.39,1645.83,1649.79,38891,1660.93,1651.34,BEARISH_LONDON_BREAKOUT,0,1,0.1000127288927737,-0.032125300795857216,-1.161966068408711
2022-10-19,12:00:00,1644.78,1644.87,1631.85,1635.31,28180,1649.53,1637.76,BEARISH_LONDON_BREAKOUT,0,1,-0.2867957757244837,-0.5002109691740304,0.12658150442424762
2022-10-20,12:00:00,1632.94,1639.3,1628.81,1637.38,26553,1635.05,1625.13,BULLISH_LONDON_BREAKOUT,1,0,0.24368197974812084,-0.6388254406429806,-0.8672391259206809
2022-10-21,16:00:00,1623.18,1651.01,1619.18,1650.84,77568,1627.27,1617.29,BULLISH_LONDON_BREAKOUT,1,0,0.39313319279881814,0.19686947251096412,0.0617867267572861
2022-10-25,12:00:00,1645.24,1648.38,1638.2,1643.86,24323,1652.3,1644.55,BEARISH_LONDON_BREAKOUT,0,1,0.7403306850948422,0.5134257175185268,1.5208107746401762
2022-10-25,16:00:00,1643.86,1662.43,1639.1,1656.03,48368,1652.3,1644.55,BULLISH_LONDON_BREAKOUT,1,1,-0.12318617416350933,0.016304052462816604,0.6443119991787633
2022-10-26,12:00:00,1665.05,1674.93,1664.57,1668.86,32780,1665.31,1655.21,BULLISH_LONDON_BREAKOUT,1,0,-0.12942967055354282,-0.21691454046474187,-0.4751746701340937
2022-10-27,20:00:00,1662.3,1665.51,1656.74,1658.68,30602,1669.72,1660.43,BEARISH_LONDON_BREAKOUT,0,1,0.2152313888151986,-0.10188824848675179,-0.8488677743748134
2022-10-28,12:00:00,1656.99,1657.76,1646.58,1648.61,30779,1666.21,1656.35,BEARISH_LONDON_BREAKOUT,0,1,-0.3669758159904377,-0.3111712290960192,-0.5325698618836459
2022-10-31,12:00:00,1641.18,1642.1,1635.65,1639.83,21690,1645.65,1640.5,BEARISH_LONDON_BREAKOUT,0,1,-0.0518346413957489,-0.45004665117724896,0.7531268485147934
2022-11-01,12:00:00,1645.31,1655.29,1645.27,1652.18,27114,1649.93,1636.53,BULLISH_LONDON_BREAKOUT,1,0,-0.467261436405236,-0.32260407461657653,0.18460458303574395
2022-11-02,12:00:00,1652.87,1656.92,1651.93,1655.23,22241,1653.41,1649.33,BULLISH_LONDON_BREAKOUT,1,0,-0.5280232958561656,-1.2983089963328365,-2.1398838832065676
2022-11-02,16:00:00,1655.24,1658.92,1645.81,1646.49,36256,1653.41,1649.33,BEARISH_LONDON_BREAKOUT,1,1,-0.5751629223378233,-0.5320408869777521,-1.2456802045563586
2022-11-03,12:00:00,1630.03,1630.04,1616.72,1619.81,33203,1638.95,1628.39,BEARISH_LONDON_BREAKOUT,0,1,0.38090887202820534,0.6136522184700709,1.950228730530133
2022-11-04,12:00:00,1644.99,1653.54,1643.91,1651.4,29697,1649.76,1638.63,BULLISH_LONDON_BREAKOUT,1,0,1.199588228170034,1.2886036090589785,1.5508053772556558
2022-11-07,12:00:00,1668.16,1680.42,1667.09,1677.01,29467,1674.86,1666.9,BULLISH_LONDON_BREAKOUT,1,0,0.11687467576222185,-0.1723305168126666,-0.26058282300045266
2022-11-08,16:00:00,1672.62,1714.19,1670.06,1713.11,41798,1673.43,1668.19,BULLISH_LONDON_BREAKOUT,1,0,-0.07997151379653909,-0.22123506371452875,-0.08872751895675011
2022-11-09,20:00:00,1711.6,1714.45,1702.2,1703.84,27997,1712.75,1707.48,BEARISH_LONDON_BREAKOUT,0,1,0.15553103577801267,0.12207719034652048,2.9545027702131743
2022-11-10,16:00:00,1707.43,1753.29,1706.91,1751.0,59712,1712.61,1705.33,BULLISH_LONDON_BREAKOUT,1,0,0.18161050828098593,0.022844089091952652,0.7252998286693344
2022-11-11,20:00:00,1763.73,1772.78,1759.71,1770.15,27622,1764.37,1749.83,BULLISH_LONDON_BREAKOUT,1,0,-0.3768042256306004,-0.4389458520464357,0.15648391379261542
2022-11-14,12:00:00,1762.37,1766.22,1753.3,1756.33,26817,1763.78,1757.97,BEARISH_LONDON_BREAKOUT,0,1,0.8631635284940804,0.7498590811521795,1.1723309400852997
2022-11-14,16:00:00,1756.33,1775.09,1755.56,1771.49,39018,1763.78,1757.97,BULLISH_LONDON_BREAKOUT,1,1,0.08072300718604472,-0.01072543452122533,-0.014112413843713483
2022-11-16,12:00:00,1776.82,1785.06,1775.96,1783.58,32298,1777.8,1770.35,BULLISH_LONDON_BREAKOUT,1,0,-0.22370737505466587,-0.541607329079708,-1.0080848630282924
2022-11-17,16:00:00,1765.61,1767.7,1754.51,1760.28,51163,1769.08,1761.46,BEARISH_LONDON_BREAKOUT,0,1,0.031813120639895096,0.26245824527916684,-0.16588270047947332
2022-11-18,12:00:00,1765.61,1767.72,1760.0,1760.38,29980,1766.9,1761.16,BEARISH_LONDON_BREAKOUT,0,1,-0.17155386905101225,-0.4635362819391314,-1.1542962314954819
2022-11-21,12:00:00,1742.59,1744.16,1737.02,1740.06,27790,1747.46,1742.06,BEARISH_LONDON_BREAKOUT,0,1,-0.19079801845912994,-0.08562923117593699,0.48848890268151673
2022-11-22,12:00:00,1743.11,1749.74,1741.99,1748.56,31044,1745.71,1740.36,BULLISH_LONDON_BREAKOUT,1,0,-0.3808848423845824,-0.42377727959005435,-0.5192844397675761
2022-11-22,20:00:00,1741.9,1742.21,1737.08,1738.26,19669,1745.71,1740.36,BEARISH_LONDON_BREAKOUT,1,1,0.1662582122352295,0.3445974710342532,0.7869938904421699
2022-11-23,20:00:00,1743.44,1753.39,1741.21,1751.94,30145,1745.77,1733.09,BULLISH_LONDON_BREAKOUT,1,0,0.02226103633685358,0.11244677329132433,0.196353756407186
2022-11-24,12:00:00,1753.89,1758.61,1752.48,1758.34,26031,1757.66,1752.66,BULLISH_LONDON_BREAKOUT,1,0,-0.08530773343039458,-0.1694780304150516,-0.41004583868875244
2022-11-25,12:00:00,1751.61,1754.45,1749.28,1751.13,25307,1761.24,1751.58,BEARISH_LONDON_BREAKOUT,0,1,-0.04454266673520527,-0.022271333367602637,0.4340054707531656
2022-11-28,12:00:00,1750.82,1763.76,1749.92,1758.73,27982,1754.19,1748.42,BULLISH_LONDON_BREAKOUT,1,0,-0.7511101760929783,-0.9927618224514301,-0.07789711894379002
2022-11-28,16:00:00,1758.75,1759.18,1743.08,1745.52,38740,1754.19,1748.42,BEARISH_LONDON_BREAKOUT,1,1,-0.2996241807598892,0.28243732526697285,0.5539896420550938
2022-11-29,12:00:00,1753.98,1759.05,1752.24,1757.36,30366,1755.07,1750.06,BULLISH_LONDON_BREAKOUT,1,0,-0.12348067555878395,-0.4870942777803038,0.27768926116448023
2022-11-30,12:00:00,1755.12,1763.19,1754.95,1762.24,27358,1756.93,1752.95,BULLISH_LONDON_BREAKOUT,1,0,-0.5464635917922706,0.6338523697112807,1.0390185218812389
2022-11-30,16:00:00,1762.26,1764.79,1749.17,1752.61,52172,1756.93,1752.95,BEARISH_LONDON_BREAKOUT,1,1,0.855866393550191,1.3659627641061078,2.5054062227192633
2022-12-01,16:00:00,1780.67,1804.12,1780.61,1796.52,59424,1783.79,1774.66,BULLISH_LONDON_BREAKOUT,1,0,0.3785095629327786,0.09518402244339258,-0.6006056153006905
2022-12-02,16:00:00,1798.46,1801.05,1778.49,1785.73,59063,1802.6,1795.78,BEARISH_LONDON_BREAKOUT,0,1,0.6859939632531233,1.2857486854115705,-0.4345561759056515
2022-12-05,12:00:00,1799.91,1800.53,1793.32,1793.93,23243,1810.01,1797.51,BEARISH_LONDON_BREAKOUT,0,1,-0.8896668208904492,-1.3740781412875693,-0.8322509796926336
2022-12-06,12:00:00,1771.66,1779.0,1769.33,1779.0,27513,1774.85,1767.27,BULLISH_LONDON_BREAKOUT,1,0,-0.36200112422709696,-0.4502529510961209,-0.42270938729623275
2022-12-07,16:00:00,1771.45,1787.88,1770.8,1780.64,53853,1775.22,1769.65,BULLISH_LONDON_BREAKOUT,1,0,0.5149833767634022,0.18308024081229168,0.5374472099919094
2022-12-08,16:00:00,1783.68,1794.83,1783.41,1790.21,44780,1787.13,1781.78,BULLISH_LONDON_BREAKOUT,1,0,-0.037984370548710136,0.278738248585362,0.3692304254808039
2022-12-09,12:00:00,1792.71,1801.09,1788.91,1800.4,21438,1797.72,1790.96,BULLISH_LONDON_BREAKOUT,1,0,-0.1988447011775247,-0.3010442123972491,-0.33270384359031374
2022-12-12,12:00:00,1791.28,1795.53,1789.02,1794.41,21200,1792.02,1785.5,BULLISH_LONDON_BREAKOUT,1,0,-0.5283073545064962,-0.6949359399468364,-0.3778400699951501
2022-12-12,16:00:00,1794.45,1794.77,1783.09,1784.93,36298,1792.02,1785.5,BEARISH_LONDON_BREAKOUT,1,1,-0.18880292224345593,-0.13726028471705026,1.3933319513930458
2022-12-13,16:00:00,1787.55,1824.52,1786.6,1809.8,64872,1788.65,1781.11,BULLISH_LONDON_BREAKOUT,1,0,0.0895126533318664,0.010498397612998927,0.1199027516852731
2022-12-14,12:00:00,1809.0,1810.27,1805.26,1806.68,29642,1813.19,1807.46,BEARISH_LONDON_BREAKOUT,0,1,0.2928022671419379,0.05368964066686005,-1.5376270285828133
2022-12-15,12:00:00,1789.01,1789.85,1773.75,1778.9,34206,1796.46,1787.56,BEARISH_LONDON_BREAKOUT,0,1,0.002248580583504616,-0.13547698015628093,0.20181010736971824
2022-12-16,16:00:00,1782.52,1793.86,1782.18,1787.86,45727,1784.96,1776.55,BULLISH_LONDON_BREAKOUT,1,0,0.293087825668677,0.3344780911257044,-0.09620440079199713
2022-12-19,12:00:00,1793.36,1798.73,1793.29,1794.91,21640,1794.77,1790.28,BULLISH_LONDON_BREAKOUT,1,0,-0.4886038854315805,-0.42731947562830846,0.7164704637001241
2022-12-19,16:00:00,1794.87,1795.98,1785.78,1786.14,38422,1794.77,1790.28,BEARISH_LONDON_BREAKOUT,1,1,0.04087025653083133,0.34263831502569175,1.6348102612337114
2022-12-20,12:00:00,1794.11,1809.48,1793.98,1807.77,35621,1795.75,1786.93,BULLISH_LONDON_BREAKOUT,1,0,0.41874796019404775,0.5221903228839982,0.3296879580920159
2022-12-21,16:00:00,1813.76,1823.84,1813.29,1817.86,39439,1816.4,1811.85,BULLISH_LONDON_BREAKOUT,1,0,-0.19088378643018714,0.09241635769531559,-1.2234165447284175
2022-12-22,16:00:00,1815.89,1819.95,1794.52,1795.62,49599,1820.43,1813.69,BEARISH_LONDON_BREAKOUT,0,1,-0.36700415455385427,-0.1570488187923913,0.2751138882391628
2022-12-23,16:00:00,1797.82,1801.14,1791.18,1800.56,39052,1798.26,1792.51,BULLISH_LONDON_BREAKOUT,1,0,-0.11385346781001215,0.21826542853334874,1.3373617096903272
2022-12-27,12:00:00,1805.65,1810.6,1805.64,1809.8,13451,1808.46,1803.77,BULLISH_LONDON_BREAKOUT,1,0,0.8199801082992677,0.14476737761079225,-0.36026080229859553
2022-12-28,12:00:00,1810.36,1811.44,1799.32,1803.28,18999,1812.26,1807.39,BEARISH_LONDON_BREAKOUT,0,1,-0.28004525087617865,0.13808171775875122,0.1907634976265502
2022-12-29,16:00:00,1806.78,1818.19,1805.23,1813.54,35866,1810.17,1804.88,BULLISH_LONDON_BREAKOUT,1,0,0.20953494270873288,0.1896842639258056,0.2734982410092987
2022-12-30,20:00:00,1818.47,1826.04,1814.35,1824.2,31591,1822.49,1815.32,BULLISH_LONDON_BREAKOUT,1,0,0.2872492051310168,1.280561341958113,0.8151518473851491
2023-01-03,12:00:00,1847.58,1848.03,1830.85,1833.19,31520,1849.99,1837.99,BEARISH_LONDON_BREAKOUT,0,1,0.0032729831604986627,0.18110506821442054,1.4728424222257377
2023-01-04,12:00:00,1858.28,1865.12,1857.03,1860.19,28530,1858.61,1844.7,BULLISH_LONDON_BREAKOUT,1,0,-0.12794391970713254,-0.2854547116154772,-0.7461603384600556
2023-01-05,12:00:00,1849.33,1851.31,1843.83,1846.31,25692,1855.66,1847.99,BEARISH_LONDON_BREAKOUT,0,1,-1.053452562137455,-0.7349794996506511,-0.5210392620957418
2023-01-06,16:00:00,1836.69,1863.17,1834.65,1862.27,57229,1840.68,1835.77,BULLISH_LONDON_BREAKOUT,1,0,0.20190412775805822,0.8022467204003745,0.6706868499197222
2023-01-09,12:00:00,1875.13,1877.0,1870.48,1873.07,22694,1880.99,1873.74,BEARISH_LONDON_BREAKOUT,0,1,0.09022620617489227,-0.13667401645426736,0.1153187013832949
2023-01-10,12:00:00,1872.05,1877.31,1871.63,1875.23,22220,1875.21,1870.64,BULLISH_LONDON_BREAKOUT,1,0,0.027196663875897406,0.10505378006964625,0.41648224484462953
2023-01-11,16:00:00,1883.05,1883.32,1869.53,1872.02,42285,1884.61,1876.97,BEARISH_LONDON_BREAKOUT,0,1,0.30608647343511386,0.6207198641040224,0.8984946742021953
2023-01-12,12:00:00,1882.52,1886.29,1881.14,1885.21,23241,1885.03,1879.93,BULLISH_LONDON_BREAKOUT,1,0,0.1925514929371201,0.6826825658679877,0.774979975705619
2023-01-13,16:00:00,1899.77,1916.49,1893.7,1913.68,50899,1899.95,1892.32,BULLISH_LONDON_BREAKOUT,1,0,0.345407800677224,0.6646879311065605,0.12123238995024958
2023-01-18,12:00:00,1907.77,1916.81,1907.77,1915.72,27902,1909.01,1896.59,BULLISH_LONDON_BREAKOUT,1,0,-0.17747896352285777,-0.46301129601403745,-0.3946296953625762
2023-01-19,16:00:00,1908.14,1923.34,1906.83,1918.05,49853,1912.93,1906.39,BULLISH_LONDON_BREAKOUT,1,0,0.6073877114778078,0.49790151455905496,0.4327311592502779
2023-01-25,20:00:00,1933.04,1943.17,1928.86,1942.39,29676,1933.74,1925.83,BULLISH_LONDON_BREAKOUT,1,0,0.30786814182526634,0.029345291110432836,-0.5719757618192087
2023-01-26,12:00:00,1942.96,1945.12,1933.15,1937.03,24997,1948.99,1938.06,BEARISH_LONDON_BREAKOUT,0,1,-0.6277651869098612,-0.323691424500394,-0.3551829346989918
2023-01-27,12:00:00,1923.14,1931.43,1922.97,1930.15,21453,1925.76,1919.84,BULLISH_LONDON_BREAKOUT,1,0,-0.31241095251665413,-0.06424371162863036,-0.3590394528922655
2023-01-31,12:00:00,1914.42,1914.9,1901.21,1904.21,28822,1921.89,1912.07,BEARISH_LONDON_BREAKOUT,0,1,1.2818964294904371,1.2157272569727007,1.2897737119330297
2023-01-31,16:00:00,1904.21,1929.3,1900.82,1928.62,57524,1921.89,1912.07,BULLISH_LONDON_BREAKOUT,1,1,0.0025925272993218935,-0.09281247731538425,0.167995768995448
2023-02-01,16:00:00,1928.77,1933.21,1922.73,1931.86,47805,1929.3,1924.15,BULLISH_LONDON_BREAKOUT,1,0,0.5776816125392152,1.0627064072966053,-0.29608770821901176
2023-02-02,16:00:00,1954.78,1956.04,1917.3,1926.14,66980,1959.68,1951.28,BEARISH_LONDON_BREAKOUT,0,1,-0.6686949027588913,-0.5103471191086917,-2.756808954696966
2023-02-03,16:00:00,1914.46,1917.1,1869.15,1873.04,66568,1918.24,1910.18,BEARISH_LONDON_BREAKOUT,0,1,-0.3860035023277676,0.18846367402724837,-0.3779951309101742
2023-02-06,12:00:00,1875.99,1881.38,1868.22,1871.6,28600,1878.85,1874.37,BEARISH_LONDON_BREAKOUT,0,1,-0.30134644154733237,-0.16616798461209126,-0.2201325069459228
2023-02-07,12:00:00,1876.21,1878.02,1866.11,1867.48,26602,1876.9,1871.65,BEARISH_LONDON_BREAKOUT,0,1,0.6409707199006162,0.28969520423244594,0.6832737164521168
2023-02-07,16:00:00,1867.49,1879.89,1865.67,1879.45,37698,1876.9,1871.65,BULLISH_LONDON_BREAKOUT,1,1,-0.40916225491500463,-0.16174944797679977,-0.29317087445795265
2023-02-09,12:00:00,1880.54,1886.19,1879.99,1882.18,20541,1882.07,1876.86,BULLISH_LONDON_BREAKOUT,1,0,-0.4245077516496833,-1.0567533392130455,-0.9228660383172765
2023-02-09,16:00:00,1882.2,1890.31,1872.57,1874.19,37830,1882.07,1876.86,BEARISH_LONDON_BREAKOUT,1,1,-0.6536156953137089,-1.0068349526995726,-0.7560599512322695
2023-02-13,16:00:00,1862.18,1863.08,1853.24,1855.28,31602,1866.58,1857.06,BEARISH_LONDON_BREAKOUT,0,1,-0.13259454098572918,0.15738864214566387,-0.16062265534043477
2023-02-14,16:00:00,1857.29,1870.66,1843.29,1852.3,63639,1864.95,1857.12,BEARISH_LONDON_BREAKOUT,0,1,0.17491766992387892,-0.21054904713058703,-0.9798628731846819
2023-02-15,12:00:00,1835.7,1837.79,1831.84,1835.02,22183,1848.92,1835.05,BEARISH_LONDON_BREAKOUT,0,1,-0.04741092740133028,0.08010811871260407,0.1307887652450704
2023-02-16,20:00:00,1834.61,1845.3,1832.41,1842.76,30509,1841.65,1834.26,BULLISH_LONDON_BREAKOUT,1,0,-0.4607219605374552,-1.0088128676550348,-0.011938613818404312
2023-02-17,16:00:00,1824.71,1840.94,1822.69,1834.43,41507,1828.53,1821.83,BULLISH_LONDON_BREAKOUT,1,0,0.44209918067191983,0.45954329137660394,0.48189355821698937
2023-02-22,20:00:00,1836.06,1837.12,1824.63,1824.88,33888,1839.98,1834.66,BEARISH_LONDON_BREAKOUT,0,1,0.012603568453804679,0.26905878742711054,-0.10302047257902487
2023-02-23,12:00:00,1829.77,1829.78,1823.76,1826.49,17412,1833.78,1827.46,BEARISH_LONDON_BREAKOUT,0,1,-0.1576794835996972,-0.18067440829131035,-0.4018636838964308
2023-02-24,12:00:00,1822.04,1825.64,1817.4,1819.15,21222,1826.48,1821.73,BEARISH_LONDON_BREAKOUT,0,1,-0.4754967979550939,-0.40513426600335967,-0.41997636258692794
2023-02-27,16:00:00,1811.51,1820.14,1810.12,1815.41,34767,1812.43,1807.15,BULLISH_LONDON_BREAKOUT,1,0,0.11016795104136255,-0.026440308249928015,0.4836373050715801
2023-02-28,12:00:00,1810.57,1813.04,1804.69,1809.04,20886,1816.98,1810.19,BEARISH_LONDON_BREAKOUT,0,1,0.8374607526644016,0.9126387476230482,1.4527041967010113
2023-02-28,16:00:00,1808.96,1826.79,1807.29,1824.19,37588,1816.98,1810.19,BULLISH_LONDON_BREAKOUT,1,1,0.26148591977809227,0.37276818752432334,0.9801610577845444
2023-03-01,16:00:00,1835.32,1844.55,1833.45,1842.07,42314,1836.8,1829.95,BULLISH_LONDON_BREAKOUT,1,0,-0.2003181203754378,-0.4674089475427047,-0.29314846884211043
2023-03-02,12:00:00,1831.67,1837.35,1829.99,1836.73,22271,1834.85,1830.3,BULLISH_LONDON_BREAKOUT,1,0,-0.003266675014833178,0.05988904193865778,0.6413571945794958
2023-03-03,12:00:00,1842.78,1849.27,1842.74,1848.51,19555,1844.87,1837.88,BULLISH_LONDON_BREAKOUT,1,0,-0.2093578070986844,0.20502999713282394,-0.0005409762457325579
2023-03-06,12:00:00,1856.21,1857.16,1847.25,1848.5,20612,1858.27,1852.74,BEARISH_LONDON_BREAKOUT,0,1,0.13578577224776797,-0.11739248038950895,-0.35434135785772003
2023-03-07,12:00:00,1848.46,1849.69,1840.96,1841.95,18311,1851.66,1845.43,BEARISH_LONDON_BREAKOUT,0,1,-1.2986237411439003,-1.5212139308884596,-1.4593230000814412
2023-03-08,16:00:00,1815.08,1824.3,1812.21,1820.67,44053,1815.11,1809.91,BULLISH_LONDON_BREAKOUT,1,0,-0.24057077888909625,-0.37843211564973883,0.43994793125607556
2023-03-09,12:00:00,1814.81,1820.38,1813.69,1818.79,17233,1816.06,1812.72,BULLISH_LONDON_BREAKOUT,1,0,0.5437681095673552,0.703214774657875,0.8896024279878416
2023-03-10,12:00:00,1833.58,1837.35,1830.94,1834.97,23715,1834.78,1827.75,BULLISH_LONDON_BREAKOUT,1,0,1.5335400578755987,2.334098105146129,2.983155037957024
2023-03-13,12:00:00,1876.31,1893.88,1875.53,1889.71,54073,1883.71,1871.55,BULLISH_LONDON_BREAKOUT,1,0,0.8075313143286531,1.1816627948203655,0.7651967762249253
2023-03-15,12:00:00,1896.47,1918.95,1885.75,1918.1,49974,1903.5,1896.36,BULLISH_LONDON_BREAKOUT,1,0,0.47286377144049657,0.15953287107033903,0.4640008341588077
2023-03-16,12:00:00,1916.75,1927.12,1915.79,1927.0,28141,1920.68,1912.17,BULLISH_LONDON_BREAKOUT,1,0,-0.4286455630513747,-0.2932018681888994,0.41774779449921917
2023-03-17,12:00:00,1930.48,1937.19,1927.32,1935.05,24287,1934.38,1927.19,BULLISH_LONDON_BREAKOUT,1,0,1.255264721841811,2.1632515955660123,2.520348311413141
2023-03-21,12:00:00,1970.35,1970.93,1962.94,1966.25,29196,1983.89,1970.4,BEARISH_LONDON_BREAKOUT,0,1,-0.9190082644628067,-1.1783852511125275,-1.209917355371899
2023-03-22,16:00:00,1942.46,1951.96,1937.12,1947.32,26798,1943.59,1934.27,BULLISH_LONDON_BREAKOUT,1,0,1.3023026518497283,1.520551321816657,1.8856685085142673
2023-03-23,16:00:00,1978.38,1987.03,1966.55,1984.04,49746,1983.65,1974.91,BULLISH_LONDON_BREAKOUT,1,0,0.6910142940666537,0.4410193342876152,0.16582326969214148
2023-03-24,12:00:00,1989.54,2000.27,1981.23,1995.82,40957,1993.37,1985.32,BULLISH_LONDON_BREAKOUT,1,0,-0.42538906314196717,-1.0977943902756688,-2.31233277550079
2023-03-24,20:00:00,1987.23,1990.64,1975.15,1978.81,38357,1993.37,1985.32,BEARISH_LONDON_BREAKOUT,1,1,-0.2476235717426061,-0.4593669932939453,-1.1517022857171717
2023-03-27,12:00:00,1969.64,1972.66,1948.19,1949.67,28914,1977.02,1966.65,BEARISH_LONDON_BREAKOUT,0,1,0.2343986418214332,0.3785255966394252,0.36365128457636
2023-03-28,16:00:00,1956.76,1970.03,1955.77,1969.13,37595,1961.15,1953.1,BULLISH_LONDON_BREAKOUT,1,0,0.20922945666359713,-0.031993824684003046,0.00203135394818847
2023-03-30,16:00:00,1968.9,1975.28,1963.95,1972.09,35584,1969.45,1957.61,BULLISH_LONDON_BREAKOUT,1,0,0.47462336911602043,0.45788985289717876,0.3833496442860201
2023-03-31,20:00:00,1979.67,1979.76,1966.89,1969.41,24214,1985.06,1974.88,BEARISH_LONDON_BREAKOUT,0,1,-0.6296301938143958,-0.38539461056865487,0.794146470262661
2023-04-03,12:00:00,1961.82,1978.75,1961.2,1978.62,20444,1962.0,1950.45,BULLISH_LONDON_BREAKOUT,1,0,0.46850835430755833,0.3163821249153561,0.1682991175667968
2023-04-04,16:00:00,1981.96,2025.0,1981.42,2020.24,52856,1983.78,1977.01,BULLISH_LONDON_BREAKOUT,1,0,0.07721854829128942,0.1385973943689836,0.07276363204371893
2023-04-05,16:00:00,2022.89,2032.26,2009.9,2021.71,62450,2028.34,2022.08,BEARISH_LONDON_BREAKOUT,0,1,-0.0321510008853936,-0.5119428602519717,-0.5173837988633402
2023-04-06,12:00:00,2016.4,2021.0,2014.81,2018.49,21625,2018.16,2010.51,BULLISH_LONDON_BREAKOUT,1,0,-0.3586839667276037,-0.5533839652413474,-1.042363350821652
2023-04-06,20:00:00,2011.19,2014.94,2006.24,2006.4,19387,2018.16,2010.51,BEARISH_LONDON_BREAKOUT,1,1,0.04585326953747235,-0.7695374800637985,-0.8821770334928252
2023-04-10,12:00:00,1997.45,2003.06,1995.96,2001.58,12130,1997.58,1989.67,BULLISH_LONDON_BREAKOUT,1,0,-0.6434916416031276,-0.45763846561215915,-0.05395737367479327
2023-04-10,16:00:00,2001.6,2002.03,1981.72,1988.7,42641,1997.58,1989.67,BEARISH_LONDON_BREAKOUT,1,1,0.1453210640116595,0.44400864886608976,0.7773922663046229
2023-04-11,16:00:00,2000.48,2006.29,1995.58,2004.16,39481,2003.68,1997.39,BULLISH_LONDON_BREAKOUT,1,0,-0.0009979243174188593,0.6516445792751051,0.08282771834583338
2023-04-12,12:00:00,2013.02,2013.75,2007.34,2007.72,19633,2021.13,2011.61,BEARISH_LONDON_BREAKOUT,0,1,-0.09463471001932994,0.5209889825274459,1.0384914231068032
2023-04-13,12:00:00,2024.53,2029.23,2024.47,2028.57,22672,2025.66,2015.29,BULLISH_LONDON_BREAKOUT,1,0,0.5131693754713953,0.5506341905874618,0.2326762201945226
2023-04-14,12:00:00,2039.28,2042.23,2031.83,2033.29,25518,2046.56,2036.64,BEARISH_LONDON_BREAKOUT,0,1,-1.8497115512297755,-1.4960974578146784,-1.1887138578363183
2023-04-17,16:00:00,2009.13,2010.66,1981.18,1989.98,51626,2015.05,2003.73,BEARISH_LONDON_BREAKOUT,0,1,0.31658609634267454,0.5180956592528541,0.9311651373380624
2023-04-18,16:00:00,2003.95,2011.82,1991.19,2008.51,47422,2004.12,1996.52,BULLISH_LONDON_BREAKOUT,1,0,-0.2145869326017767,-0.2529238091918849,-0.881250280058354
2023-04-19,12:00:00,1991.27,1991.39,1969.18,1970.6,34469,2004.5,1986.95,BEARISH_LONDON_BREAKOUT,0,1,1.0255759667106483,1.1702019689434777,1.5472444940627226
2023-04-20,16:00:00,2001.12,2012.39,1997.49,2002.58,50830,2001.23,1991.37,BULLISH_LONDON_BREAKOUT,1,0,0.028962638196733944,-0.019974233239114722,-1.3332800687113533
2023-04-21,16:00:00,1988.01,1998.02,1971.59,1975.88,56702,2002.37,1981.93,BEARISH_LONDON_BREAKOUT,0,1,0.3522481122335268,0.24849687227968573,0.45144441970159344
2023-04-24,16:00:00,1983.08,1987.23,1974.13,1984.8,44415,1983.22,1976.43,BULLISH_LONDON_BREAKOUT,1,0,0.19800483675937444,0.4096130592503078,0.2574566706973059
2023-04-25,12:00:00,1990.24,1991.08,1976.64,1977.6,28175,1997.3,1987.54,BEARISH_LONDON_BREAKOUT,0,1,0.6224716828479052,1.1438106796116565,0.9172734627831766
2023-04-25,20:00:00,1989.91,2003.85,1988.25,1999.2,30608,1997.3,1987.54,BULLISH_LONDON_BREAKOUT,1,1,0.0510204081632644,-0.06302521008403317,-0.5547218887555095
2023-04-26,16:00:00,1995.76,2009.43,1991.41,1991.42,57077,1999.34,1994.18,BEARISH_LONDON_BREAKOUT,0,1,-0.16621305400167583,0.41980094605858626,-0.45896897691095295
2023-04-27,12:00:00,1999.41,2001.22,1995.92,1996.92,22200,2003.23,1997.37,BEARISH_LONDON_BREAKOUT,0,1,-0.7331290186887858,-0.501271958816577,-0.6830518999258908
2023-04-28,16:00:00,1983.3,1995.04,1976.15,1991.86,61815,1990.43,1981.54,BULLISH_LONDON_BREAKOUT,1,0,-0.11597200606468053,-0.4287449921179181,-0.44380629160683577
2023-05-01,12:00:00,1980.96,1990.01,1977.09,1989.0,16317,1986.36,1978.95,BULLISH_LONDON_BREAKOUT,1,0,-0.30065359477124276,-0.381096028154848,-0.13071895424836144
2023-05-02,12:00:00,1981.43,1990.19,1978.49,1986.4,24907,1985.74,1980.44,BULLISH_LONDON_BREAKOUT,1,0,1.4105920257752709,1.487112364075713,1.4840918244059615
2023-05-03,16:00:00,2015.86,2026.84,2007.78,2023.56,51298,2019.58,2012.61,BULLISH_LONDON_BREAKOUT,1,0,0.5638577556385816,0.8573998300025766,1.355037656407523
2023-05-04,16:00:00,2042.04,2059.59,2032.05,2050.98,82273,2045.45,2030.38,BULLISH_LONDON_BREAKOUT,1,0,-0.06435947693298637,-0.06143404616330819,-1.743069166934831
2023-05-05,12:00:00,2040.53,2041.71,2034.79,2035.46,23204,2051.18,2039.32,BEARISH_LONDON_BREAKOUT,0,1,-0.9938785335992856,-0.9580144046063298,-0.6489933479410077
2023-05-08,16:00:00,2022.28,2029.36,2017.87,2027.16,43484,2024.71,2020.11,BULLISH_LONDON_BREAKOUT,1,0,-0.3344580595512921,-0.10901951498648534,-0.012332524319737958
2023-05-09,12:00:00,2024.67,2032.84,2021.44,2031.02,21540,2028.76,2021.64,BULLISH_LONDON_BREAKOUT,1,0,-0.2023613750726187,0.26095262478951237,-0.08468651219584383
2023-05-10,16:00:00,2029.35,2048.18,2021.55,2025.02,66997,2033.05,2027.42,BEARISH_LONDON_BREAKOUT,0,1,0.2918489693928989,0.3639470227454602,-0.5644388697395613
2023-05-11,12:00:00,2025.51,2039.16,2021.65,2036.75,30563,2033.18,2021.8,BULLISH_LONDON_BREAKOUT,1,0,-1.137105683073528,-1.004050570762246,-1.5672026512826842
2023-05-11,16:00:00,2036.76,2041.29,2011.04,2013.59,66911,2033.18,2021.8,BEARISH_LONDON_BREAKOUT,1,1,0.034763780114126785,-0.09783520974975181,-0.20560292810353015
2023-05-12,12:00:00,2008.82,2009.86,2000.89,2004.83,21152,2012.64,2005.69,BEARISH_LONDON_BREAKOUT,0,1,0.2304434789982252,0.23642902390726442,0.41300259872408
2023-05-15,12:00:00,2018.43,2020.94,2011.94,2013.11,17083,2020.05,2013.23,BEARISH_LONDON_BREAKOUT,0,1,0.22800542444278482,0.06308646820095322,-0.3785188092056515
2023-05-16,16:00:00,2005.48,2014.9,1994.65,1996.0,50090,2017.66,2002.63,BEARISH_LONDON_BREAKOUT,0,1,-0.30210420841683233,-0.23346693386773956,-0.7815631262525005
2023-05-17,16:00:00,1987.51,1988.06,1974.98,1980.4,43257,1992.2,1986.82,BEARISH_LONDON_BREAKOUT,0,1,0.13330640274691338,0.09594021409815509,-1.2320743284185058
2023-05-18,16:00:00,1974.17,1975.44,1951.98,1956.0,47738,1982.77,1973.55,BEARISH_LONDON_BREAKOUT,0,1,0.06646216768915923,0.37372188139059026,0.95756646216769
2023-05-19,16:00:00,1963.73,1984.18,1957.16,1974.73,51160,1968.69,1960.63,BULLISH_LONDON_BREAKOUT,1,0,0.14027234102889924,0.16154107143761703,-0.11545882221873233
2023-05-23,16:00:00,1958.92,1973.53,1957.75,1967.36,45516,1964.59,1955.42,BULLISH_LONDON_BREAKOUT,1,0,0.3771551724137968,0.46356538711776796,-0.21958360442419977
2023-05-24,12:00:00,1974.03,1982.08,1973.55,1981.92,20007,1980.6,1970.69,BULLISH_LONDON_BREAKOUT,1,0,-0.952611608944867,-1.1165940098490408,-1.0045814160006499
2023-05-24,16:00:00,1981.92,1985.29,1960.41,1963.04,44472,1980.6,1970.69,BEARISH_LONDON_BREAKOUT,1,1,-0.20580324394816019,-0.29546010269785405,-0.8975874154372754
2023-05-25,12:00:00,1959.5,1964.77,1959.23,1962.01,17973,1961.39,1954.9,BULLISH_LONDON_BREAKOUT,1,0,-0.8455614395441368,-1.0983634130305124,-0.5366945122603846
2023-05-25,16:00:00,1962.04,1963.13,1939.23,1945.42,54009,1961.39,1954.9,BEARISH_LONDON_BREAKOUT,1,1,-0.2688365494340563,0.15575042921322763,-0.09972139692200421
2023-05-26,16:00:00,1951.44,1953.9,1938.77,1943.48,48422,1957.3,1946.99,BEARISH_LONDON_BREAKOUT,0,1,0.16671126021363786,0.10650997180315395,0.12503344516023132
2023-05-29,20:00:00,1945.91,1945.92,1942.82,1943.15,2811,1948.9,1943.87,BEARISH_LONDON_BREAKOUT,0,1,-0.08388441448164624,-0.043743406324788944,0.8769266397344498
2023-05-30,12:00:00,1942.3,1960.8,1941.7,1960.2,25550,1942.35,1932.05,BULLISH_LONDON_BREAKOUT,1,0,0.09794918885827188,-0.08468523620039188,0.009182736455466977
2023-05-31,16:00:00,1960.38,1974.79,1959.98,1968.56,47436,1965.39,1955.75,BULLISH_LONDON_BREAKOUT,1,0,-0.2748201731214621,-0.2204657211362579,0.6867964400373868
2023-06-01,12:00:00,1955.63,1968.47,1953.39,1967.95,19940,1965.79,1955.13,BULLISH_LONDON_BREAKOUT,1,0,0.7180060469015921,0.46139383622551017,0.5523514316928728
2023-06-02,16:00:00,1978.82,1980.23,1961.0,1962.07,50524,1982.92,1975.83,BEARISH_LONDON_BREAKOUT,0,1,-0.7364670985235005,-0.7594020600692056,-0.19826000091739196
2023-06-05,16:00:00,1942.31,1961.95,1938.13,1958.18,40853,1947.44,1938.53,BULLISH_LONDON_BREAKOUT,1,0,0.1480967020396421,0.05311054142111367,0.2716808465003185
2023-06-06,16:00:00,1962.81,1966.38,1954.39,1963.5,35573,1962.82,1956.84,BULLISH_LONDON_BREAKOUT,1,0,-0.0280112044817904,-0.006111535523294671,-0.8311688311688279
2023-06-07,16:00:00,1961.29,1970.18,1946.41,1947.18,44417,1965.08,1954.91,BEARISH_LONDON_BREAKOUT,0,1,-0.3600078061607037,-0.04622068838012361,1.0081245698908103
2023-06-08,16:00:00,1946.66,1970.5,1946.24,1966.81,50157,1948.3,1942.77,BULLISH_LONDON_BREAKOUT,1,0,-0.09202719123860187,-0.15100594363461786,-0.23540657206338597
2023-06-09,12:00:00,1963.24,1966.94,1960.66,1966.49,14649,1966.05,1962.39,BULLISH_LONDON_BREAKOUT,1,0,-0.2191722307258082,-0.33053816698788197,-0.12458746294158858
2023-06-09,16:00:00,1966.48,1973.1,1956.64,1962.18,42443,1966.05,1962.39,BEARISH_LONDON_BREAKOUT,1,1,-0.08765760531653707,-0.18856577887859655,-0.3440051371433813
2023-06-12,12:00:00,1960.55,1966.97,1960.23,1964.04,18324,1962.11,1956.6,BULLISH_LONDON_BREAKOUT,1,0,-0.4383821103439798,-0.2082442312783812,-0.01120140119345977
2023-06-12,16:00:00,1964.06,1966.0,1949.2,1955.43,40919,1962.11,1956.6,BEARISH_LONDON_BREAKOUT,1,1,0.13142889287777812,0.3354760845440617,-0.6269720726387542
2023-06-13,16:00:00,1963.8,1971.13,1942.07,1943.17,56835,1965.4,1958.25,BEARISH_LONDON_BREAKOUT,0,1,0.019041051477734366,0.3149492839020719,0.6607759485788643
2023-06-14,16:00:00,1947.06,1960.27,1946.63,1956.01,37117,1951.53,1945.22,BULLISH_LONDON_BREAKOUT,1,0,-0.5659480268505752,-1.0833277948476774,0.026073486331869
2023-06-14,20:00:00,1956.02,1957.45,1939.98,1944.94,43349,1951.53,1945.22,BEARISH_LONDON_BREAKOUT,1,1,0.012853866957335446,-0.5830514051847433,0.7064485279751566
2023-06-15,12:00:00,1933.52,1936.78,1927.88,1928.59,20268,1939.76,1928.96,BEARISH_LONDON_BREAKOUT,0,1,1.4482082765128963,1.5348000352589268,1.917981530548225
2023-06-15,16:00:00,1928.56,1959.75,1924.7,1956.52,55559,1939.76,1928.96,BULLISH_LONDON_BREAKOUT,1,1,0.11040009813342476,0.008177785046924227,-0.010733342874084414
2023-06-16,12:00:00,1961.63,1966.51,1960.0,1965.58,19717,1963.38,1954.65,BULLISH_LONDON_BREAKOUT,1,0,-0.4716165203146136,-0.4370211337111651,-0.8755685344783748
2023-06-19,12:00:00,1955.08,1958.76,1948.22,1948.37,14746,1957.51,1952.72,BEARISH_LONDON_BREAKOUT,0,1,0.11650764485186126,0.20529981471691722,0.1514086133537288
2023-06-20,16:00:00,1951.39,1954.56,1929.78,1935.21,50157,1956.79,1946.94,BEARISH_LONDON_BREAKOUT,0,1,0.04805680003720855,0.09352990114767624,-0.15243823667715883
2023-06-22,16:00:00,1927.33,1930.98,1912.77,1913.44,44801,1933.09,1927.09,BEARISH_LONDON_BREAKOUT,0,1,0.02665356635170117,-0.053829751651474446,0.40032611422358966
2023-06-23,12:00:00,1917.93,1920.71,1916.59,1919.16,18460,1918.96,1912.08,BULLISH_LONDON_BREAKOUT,1,0,0.10108589174429579,0.3209737593530427,0.637257967027242
2023-06-26,12:00:00,1928.93,1933.36,1928.91,1931.39,19938,1929.18,1922.18,BULLISH_LONDON_BREAKOUT,1,0,-0.2930531896716914,-0.46236130455268293,-0.4266357390273331
2023-06-27,12:00:00,1928.23,1928.66,1919.67,1923.15,21143,1929.73,1924.17,BEARISH_LONDON_BREAKOUT,0,1,-0.4991810311208245,-0.40350466682266023,-0.8304084444791112
2023-06-28,12:00:00,1910.96,1911.96,1905.73,1907.18,20825,1916.79,1909.2,BEARISH_LONDON_BREAKOUT,0,1,0.1913820404995786,0.1289862519531474,0.14891095753939942
2023-06-29,12:00:00,1905.7,1911.08,1903.98,1910.02,19421,1907.46,1902.57,BULLISH_LONDON_BREAKOUT,1,0,-0.05444969162626379,-0.07015633344153036,-0.2481649406812499
2023-06-30,16:00:00,1905.29,1919.4,1904.48,1919.05,68286,1909.95,1903.75,BULLISH_LONDON_BREAKOUT,1,0,0.0062530939787977515,-0.040124019697245085,0.3965503764883733
2023-07-03,16:00:00,1912.51,1930.98,1911.64,1926.66,51297,1920.71,1912.1,BULLISH_LONDON_BREAKOUT,1,0,-0.27923972055267193,-0.19152315405935944,0.020761317513202305
2023-07-04,12:00:00,1928.04,1930.75,1925.75,1928.52,14109,1928.46,1922.75,BULLISH_LONDON_BREAKOUT,1,0,-0.07570572252297288,-0.11822537489888478,-0.048223508182443725
2023-07-05,20:00:00,1923.24,1924.8,1915.12,1915.87,25591,1927.81,1920.84,BEARISH_LONDON_BREAKOUT,0,1,0.0448882231049146,0.16024051736287764,-0.29699301100804476
2023-07-06,12:00:00,1918.94,1927.43,1916.06,1926.65,19253,1921.48,1916.89,BULLISH_LONDON_BREAKOUT,1,0,-0.7899722315937003,-0.7884151246983132,-0.4728414605662745
2023-07-06,16:00:00,1926.65,1927.59,1902.59,1911.43,84213,1921.48,1916.89,BEARISH_LONDON_BREAKOUT,1,1,-0.06539606472640902,-0.018834066641212458,0.8491025044076956
2023-07-07,12:00:00,1914.61,1918.37,1913.3,1917.54,19764,1916.5,1910.21,BULLISH_LONDON_BREAKOUT,1,0,0.5277595252250341,0.3812176017188661,0.37443808212606067
2023-07-10,20:00:00,1923.56,1926.85,1922.65,1925.88,19849,1925.72,1919.31,BULLISH_LONDON_BREAKOUT,1,0,-0.05607826032775431,0.33283485990819023,0.34477745238539637
2023-07-12,16:00:00,1934.67,1958.3,1933.58,1955.71,81629,1940.23,1933.9,BULLISH_LONDON_BREAKOUT,1,0,0.15288565278083197,0.2357200198393371,-0.03579262774133411
2023-07-13,16:00:00,1960.0,1963.65,1952.38,1955.01,75515,1963.37,1955.27,BEARISH_LONDON_BREAKOUT,0,1,0.25421864849796305,0.3887448146045242,0.16061298919187625
2023-07-17,12:00:00,1952.32,1959.85,1951.94,1957.57,20978,1956.84,1950.59,BULLISH_LONDON_BREAKOUT,1,0,-0.15069703765382825,-0.11187339405486534,0.2784063915977485
2023-07-18,16:00:00,1963.09,1984.36,1960.68,1978.08,80896,1964.16,1957.79,BULLISH_LONDON_BREAKOUT,1,0,-0.019716088328069273,-0.130935048127473,-0.2123271050715754
2023-07-20,16:00:00,1981.46,1981.64,1965.79,1968.68,62478,1985.5,1977.86,BEARISH_LONDON_BREAKOUT,0,1,0.009143182233772695,0.079240912692766,-0.425157973870823
2023-07-21,16:00:00,1965.79,1968.11,1956.81,1960.31,50974,1972.18,1964.12,BEARISH_LONDON_BREAKOUT,0,1,0.07804888002407644,-0.008672097780445203,-0.03111752732985599
2023-07-24,20:00:00,1959.7,1961.48,1953.47,1954.34,18843,1965.69,1957.87,BEARISH_LONDON_BREAKOUT,0,1,0.001535045079155762,0.34999027804783944,0.515775146596813
2023-07-25,16:00:00,1960.76,1965.41,1951.74,1964.29,43408,1964.14,1959.71,BULLISH_LONDON_BREAKOUT,1,0,0.006618167378549457,-0.01730905314387988,0.41338091625982515
2023-07-26,12:00:00,1970.67,1974.17,1969.62,1972.14,18186,1971.15,1962.4,BULLISH_LONDON_BREAKOUT,1,0,0.013690711612764904,-0.007605950895985627,0.34987374121511977
2023-07-27,16:00:00,1979.09,1979.17,1942.69,1946.88,77237,1982.23,1974.05,BEARISH_LONDON_BREAKOUT,0,1,-0.1340606508875805,0.37752712031557717,0.723722057856669
2023-07-28,16:00:00,1956.62,1963.39,1952.24,1960.97,48248,1956.81,1948.26,BULLISH_LONDON_BREAKOUT,1,0,-0.09281121077833604,-0.326369092846912,0.495673059761242
2023-07-31,12:00:00,1954.87,1961.13,1950.87,1959.09,18913,1957.15,1953.11,BULLISH_LONDON_BREAKOUT,1,0,0.5921116436713033,0.2450117146226147,-0.2781903843110739
2023-08-01,12:00:00,1955.43,1957.75,1953.15,1953.64,19363,1962.35,1954.41,BEARISH_LONDON_BREAKOUT,0,1,-0.4780819393542385,-0.0762678896828489,-0.1525357793656978
2023-08-02,12:00:00,1948.59,1954.84,1948.26,1950.66,18490,1950.42,1945.31,BULLISH_LONDON_BREAKOUT,1,0,-0.7735843253052886,-0.749489916233486,-0.8002419693847275
2023-08-02,16:00:00,1950.67,1951.88,1932.94,1935.57,60286,1950.42,1945.31,BEARISH_LONDON_BREAKOUT,1,1,-0.016015953956712774,0.0888627122759718,-0.12967756268179353
2023-08-04,16:00:00,1932.32,1946.95,1925.53,1942.71,73258,1937.47,1932.07,BULLISH_LONDON_BREAKOUT,1,0,-0.0030884692002380917,-0.17552799954702875,-0.5224660397074237
2023-08-07,16:00:00,1936.23,1941.68,1931.53,1932.56,25496,1939.54,1935.44,BEARISH_LONDON_BREAKOUT,0,1,0.214223620482681,0.029494556443275435,-0.34720784865670595
2023-08-08,12:00:00,1930.54,1935.66,1928.0,1928.86,20019,1934.87,1930.2,BEARISH_LONDON_BREAKOUT,0,1,-0.15605072426199887,-0.1684933069274079,-0.22552181081052586
2023-08-09,12:00:00,1930.58,1930.84,1923.27,1924.51,14673,1932.34,1928.55,BEARISH_LONDON_BREAKOUT,0,1,-0.40425874638219456,-0.40737642308950944,-0.1371777751219843
2023-08-10,12:00:00,1919.33,1922.7,1918.59,1921.87,13733,1920.63,1915.54,BULLISH_LONDON_BREAKOUT,1,0,-0.09782139270605616,-0.4937899025428245,-0.14725241561603686
2023-08-10,20:00:00,1920.0,1921.74,1912.89,1913.35,25315,1920.63,1915.54,BEARISH_LONDON_BREAKOUT,1,1,-0.05069642250501999,0.23884809365772933,0.014111375336450823
2023-08-11,12:00:00,1917.91,1919.85,1916.11,1919.04,13500,1918.03,1912.62,BULLISH_LONDON_BREAKOUT,1,0,-0.25846256461564304,-0.28139069534766675,-0.26367350341837303
2023-08-14,20:00:00,1910.67,1913.24,1907.25,1907.61,16882,1915.96,1910.61,BEARISH_LONDON_BREAKOUT,0,1,-0.0005242161657776435,-0.13786885159963944,-0.26001121822593765
2023-08-15,20:00:00,1906.89,1907.47,1902.44,1902.65,22808,1907.52,1903.49,BEARISH_LONDON_BREAKOUT,0,1,-0.06412109426326583,0.10091188605365388,-0.5481827976769277
2023-08-16,16:00:00,1903.13,1906.49,1899.24,1901.94,41691,1906.55,1902.8,BEARISH_LONDON_BREAKOUT,0,1,-0.511057131139785,-0.4816135104156852,-0.6540690032282855
2023-08-17,12:00:00,1896.41,1899.58,1893.67,1898.85,19327,1897.65,1892.11,BULLISH_LONDON_BREAKOUT,1,0,-0.4924032967322279,-0.3991889828053784,-0.2664770782315583
2023-08-17,16:00:00,1898.8,1903.49,1889.14,1889.5,55302,1897.65,1892.11,BEARISH_LONDON_BREAKOUT,1,1,-0.0201111405133691,0.17094469436358922,0.09473405662873584
2023-08-18,20:00:00,1891.29,1891.99,1886.76,1889.37,18464,1894.12,1891.17,BEARISH_LONDON_BREAKOUT,0,1,0.025405293828102395,-0.06351323457024395,0.2630506465118017
2023-08-21,20:00:00,1889.23,1895.42,1889.11,1894.34,16543,1894.11,1887.38,BULLISH_LONDON_BREAKOUT,1,0,0.01794820359598306,0.3784959405386611,0.17261948752599754
2023-08-22,12:00:00,1901.52,1904.53,1898.43,1902.16,17762,1901.94,1893.87,BULLISH_LONDON_BREAKOUT,1,0,-0.22605879631577688,-0.1929385540648564,0.06150902132311926
2023-08-23,16:00:00,1903.31,1918.96,1902.68,1918.35,61290,1904.77,1900.7,BULLISH_LONDON_BREAKOUT,1,0,-0.07871347772825558,0.1365757030781723,0.1428310787916704
2023-08-24,12:00:00,1919.56,1922.05,1916.44,1916.64,15097,1923.02,1919.51,BEARISH_LONDON_BREAKOUT,0,1,0.23217714333415865,-0.03965272560313835,0.09026212538608142
2023-08-25,12:00:00,1914.24,1918.49,1913.31,1918.37,12897,1916.18,1912.84,BULLISH_LONDON_BREAKOUT,1,0,-0.5499460479469526,-0.17566996981812116,-0.184531659690256
2023-08-25,16:00:00,1918.36,1922.45,1903.78,1907.82,72996,1916.18,1912.84,BEARISH_LONDON_BREAKOUT,1,1,0.33493725823191395,0.4439622186579461,0.8879244373158922
2023-08-28,16:00:00,1914.83,1926.07,1912.77,1924.76,35017,1917.81,1914.35,BULLISH_LONDON_BREAKOUT,1,0,-0.2623703734491549,0.03480953469523851,0.6244934433383893
2023-08-29,12:00:00,1923.26,1924.52,1916.74,1917.24,17104,1925.62,1921.65,BEARISH_LONDON_BREAKOUT,0,1,1.0191733950887716,0.989964740981829,1.142267008825191
2023-08-29,16:00:00,1917.26,1937.66,1914.44,1936.78,66433,1925.62,1921.65,BULLISH_LONDON_BREAKOUT,1,1,0.06763803839361958,0.0010326418075352808,0.42131785747478195
2023-08-30,12:00:00,1936.52,1939.67,1935.48,1939.14,15813,1937.15,1934.95,BULLISH_LONDON_BREAKOUT,1,0,0.2991016636240784,0.26248749445630115,0.33829429540930234
2023-08-31,16:00:00,1945.71,1947.91,1939.01,1940.66,38119,1946.34,1943.26,BEARISH_LONDON_BREAKOUT,0,1,-0.029371450949685348,-0.08759906423588085,-0.09326723898056191
2023-09-01,12:00:00,1943.14,1945.89,1941.93,1944.55,12196,1943.53,1938.24,BULLISH_LONDON_BREAKOUT,1,0,-0.2931269445372989,-0.20518886117610804,-0.1465634722686436
2023-09-04,12:00:00,1943.86,1944.5,1939.89,1941.7,8714,1946.28,1943.14,BEARISH_LONDON_BREAKOUT,0,1,-0.15501879796054957,-0.21115517330175293,-0.5757841067106177
2023-09-05,12:00:00,1935.61,1935.71,1929.94,1930.52,17269,1938.99,1935.19,BEARISH_LONDON_BREAKOUT,0,1,-0.23050784244659706,-0.2040900897167631,-0.26314153699521
2023-09-06,16:00:00,1925.44,1929.19,1915.31,1916.8,57943,1928.48,1922.92,BEARISH_LONDON_BREAKOUT,0,1,-0.0036519198664407525,0.17477045075125922,0.21650667779633195
2023-09-07,12:00:00,1918.38,1922.36,1917.39,1921.84,13679,1920.25,1917.15,BULLISH_LONDON_BREAKOUT,1,0,-0.046309786454641004,-0.08273321400324264,0.060879157474091124
2023-09-08,12:00:00,1924.13,1925.9,1922.64,1923.01,12164,1927.37,1923.88,BEARISH_LONDON_BREAKOUT,0,1,-0.17576611666085365,-0.2178875824878734,0.11596403554843804
2023-09-11,20:00:00,1923.06,1925.12,1921.48,1922.75,11775,1930.77,1922.96,BEARISH_LONDON_BREAKOUT,0,1,-0.060330256143548665,-0.19243271356130778,-0.5070862046547913
2023-09-12,12:00:00,1919.06,1921.35,1911.12,1913.0,18827,1924.48,1918.81,BEARISH_LONDON_BREAKOUT,0,1,-0.02665969681129069,-0.005750130684783061,-0.03554626241505821
2023-09-15,16:00:00,1919.2,1930.43,1916.07,1926.43,54246,1919.67,1914.94,BULLISH_LONDON_BREAKOUT,1,0,-0.1427510991834637,0.12665915709368245,0.13288829596714882
2023-09-18,20:00:00,1928.99,1933.59,1927.69,1933.3,15038,1930.67,1926.47,BULLISH_LONDON_BREAKOUT,1,0,0.041380023793511335,0.060518284798017526,-0.06724253866445738
2023-09-19,12:00:00,1934.47,1936.82,1933.49,1935.3,11208,1934.82,1929.84,BULLISH_LONDON_BREAKOUT,1,0,-0.11161060300727817,-0.202552575828029,-0.16586575724694036
2023-09-20,16:00:00,1932.1,1945.83,1930.88,1941.88,41183,1932.34,1927.95,BULLISH_LONDON_BREAKOUT,1,0,-0.4552289533853866,-0.6982923764599344,-1.257029270603749
2023-09-21,12:00:00,1927.17,1927.43,1920.24,1920.78,22003,1930.52,1926.39,BEARISH_LONDON_BREAKOUT,0,1,-0.1723258259665316,0.03123730984288343,0.24781599142015176
2023-09-25,16:00:00,1924.06,1926.84,1915.11,1917.49,39711,1927.22,1920.86,BEARISH_LONDON_BREAKOUT,0,1,-0.10169544560858443,-0.20391240632285343,-0.7864447793730307
2023-09-26,16:00:00,1911.58,1912.91,1900.79,1902.41,46621,1915.15,1909.73,BEARISH_LONDON_BREAKOUT,0,1,-0.09829637144464748,-0.1319379103347854,-1.0996578024716055
2023-09-27,12:00:00,1896.58,1897.89,1892.51,1892.95,14571,1899.9,1895.55,BEARISH_LONDON_BREAKOUT,0,1,-0.6054042631870908,-0.8114318920203981,-0.8922581156396153
2023-09-28,16:00:00,1876.07,1879.58,1857.66,1864.77,73620,1878.23,1873.71,BEARISH_LONDON_BREAKOUT,0,1,0.1287021991988337,-0.07668506035597225,-0.5351866450017975
2023-09-29,16:00:00,1869.49,1879.88,1852.26,1854.79,75755,1874.05,1863.12,BEARISH_LONDON_BREAKOUT,0,1,-0.3261824788790081,-0.6086942457097549,-1.1952835630987915
2023-10-02,12:00:00,1839.8,1843.23,1831.1,1837.27,27471,1846.28,1839.18,BEARISH_LONDON_BREAKOUT,0,1,-0.25309290414583,-0.6683829812711236,-0.6150429713651209
2023-10-03,12:00:00,1824.1,1829.15,1823.67,1825.97,26268,1824.65,1818.21,BULLISH_LONDON_BREAKOUT,1,0,-0.062432570086041944,-0.14512834274386166,-0.05257479586192744
2023-10-04,12:00:00,1823.11,1827.22,1820.27,1825.01,29320,1823.84,1816.72,BULLISH_LONDON_BREAKOUT,1,0,-0.06958865978816454,-0.13588966635799357,-0.10794461400211654
2023-10-05,16:00:00,1823.06,1823.91,1813.01,1815.53,79683,1829.2,1819.9,BEARISH_LONDON_BREAKOUT,0,1,0.2654872131003033,0.4665304346389224,0.9418737228247475
2023-10-06,16:00:00,1821.27,1834.9,1810.47,1832.63,112630,1824.58,1818.61,BULLISH_LONDON_BREAKOUT,1,0,-0.04310744667500755,1.0083868538657443,1.0345787201999208
2023-10-09,20:00:00,1851.6,1863.49,1848.68,1863.3,23461,1854.48,1848.07,BULLISH_LONDON_BREAKOUT,1,0,-0.04025116728385123,-0.31825256265765384,-0.1695915848226187
2023-10-11,12:00:00,1867.96,1874.76,1866.91,1871.0,34006,1868.18,1858.61,BULLISH_LONDON_BREAKOUT,1,0,0.1090326028861552,0.2287546766435047,0.6712987707108469
2023-10-12,12:00:00,1878.87,1884.51,1878.65,1883.56,24456,1882.67,1876.8,BULLISH_LONDON_BREAKOUT,1,0,-0.595680519866637,-0.6891206014143441,0.6880587823058483
2023-10-12,16:00:00,1883.58,1885.12,1870.68,1872.34,86952,1882.67,1876.8,BEARISH_LONDON_BREAKOUT,1,1,-0.21150004806818257,0.07263638014463865,2.7051710693570663
2023-10-13,12:00:00,1882.14,1899.93,1882.01,1896.52,36968,1883.17,1873.6,BULLISH_LONDON_BREAKOUT,1,0,1.395714255583913,1.5417712441735394,1.0076350368042588
2023-10-16,16:00:00,1915.63,1924.63,1914.42,1921.48,61329,1920.43,1908.2,BULLISH_LONDON_BREAKOUT,1,0,-0.13062847388471338,-0.24512355059641716,0.2784312092761782
2023-10-17,12:00:00,1920.0,1926.56,1918.64,1924.07,25338,1921.4,1914.24,BULLISH_LONDON_BREAKOUT,1,0,0.14344592452457505,0.033262823078167636,1.151205517470783
2023-10-18,12:00:00,1939.66,1947.49,1937.28,1946.22,24940,1940.04,1935.12,BULLISH_LONDON_BREAKOUT,1,0,-0.0513816526394755,0.23584178561518832,0.30469320015209295
2023-10-19,16:00:00,1952.14,1959.98,1949.78,1956.19,63456,1952.81,1945.32,BULLISH_LONDON_BREAKOUT,1,0,0.9288463799528597,1.103676023290167,1.811173761239953
2023-10-20,16:00:00,1977.35,1997.21,1973.26,1991.62,70528,1982.15,1974.1,BULLISH_LONDON_BREAKOUT,1,0,-0.5382552896636809,-0.9017784517126666,-0.8159186993502777
2023-10-24,12:00:00,1977.66,1979.23,1960.96,1961.85,34431,1978.23,1974.51,BEARISH_LONDON_BREAKOUT,0,1,0.10092514718250724,0.44091036521650945,0.5719091673675372
2023-10-25,16:00:00,1973.08,1987.28,1972.35,1977.24,56357,1975.98,1970.74,BULLISH_LONDON_BREAKOUT,1,0,0.21545184196152165,0.3793166231716939,0.11784103093200254
2023-10-26,16:00:00,1986.7,1987.61,1971.63,1979.57,78156,1989.62,1983.47,BEARISH_LONDON_BREAKOUT,0,1,0.3263334966684702,0.35916891041994614,0.12780553352495608
2023-10-27,12:00:00,1987.49,1989.14,1980.63,1980.7,21153,1989.92,1986.15,BEARISH_LONDON_BREAKOUT,0,1,0.07068208209218274,1.1142525369818719,0.7613469985358674
2023-10-27,20:00:00,1982.11,2009.47,1978.62,2005.91,60865,1989.92,1986.15,BULLISH_LONDON_BREAKOUT,1,2,-0.15653743188877367,-0.6101968682543089,-0.49952390685524184
2023-10-31,12:00:00,1996.27,2000.4,1994.99,1999.93,24259,1997.65,1990.58,BULLISH_LONDON_BREAKOUT,1,0,-0.28500997534913947,-0.8175286135014793,-0.8235288235088241
2023-10-31,20:00:00,1994.2,1994.81,1978.88,1984.91,41389,1997.65,1990.58,BEARISH_LONDON_BREAKOUT,1,1,-0.0670055569270221,-0.39397252268365635,-0.31638714097868276
2023-11-01,12:00:00,1977.12,1985.2,1977.06,1983.46,21482,1981.06,1975.11,BULLISH_LONDON_BREAKOUT,1,0,-0.2132636907222741,0.08268379498451557,0.2551097576961444
2023-11-02,12:00:00,1985.49,1990.44,1984.5,1988.52,21727,1986.68,1983.65,BULLISH_LONDON_BREAKOUT,1,0,-0.370627401283361,-0.17902761853036156,-0.0472713374771214
2023-11-02,16:00:00,1988.64,1991.08,1978.84,1981.15,69777,1986.68,1983.65,BEARISH_LONDON_BREAKOUT,1,1,0.217550412639121,0.23723594881759677,0.5340332635085645
2023-11-03,16:00:00,1987.63,2004.11,1985.83,1991.73,110549,1989.23,1984.51,BULLISH_LONDON_BREAKOUT,1,0,0.039664010684177256,-0.32634945499641016,-0.5337068779402886
2023-11-06,12:00:00,1983.44,1988.36,1982.86,1987.71,22806,1985.34,1982.3,BULLISH_LONDON_BREAKOUT,1,0,-0.3325434796826563,-0.5528975554784152,-1.1973577634564376
2023-11-06,16:00:00,1987.68,1989.12,1981.05,1981.1,49122,1985.34,1982.3,BEARISH_LONDON_BREAKOUT,1,1,-0.03634344556053708,-0.42804502549088985,-0.8944525768512342
2023-11-07,12:00:00,1969.35,1970.29,1962.68,1963.91,28362,1974.24,1967.22,BEARISH_LONDON_BREAKOUT,0,1,-0.026986980055092785,0.25663090467485594,0.030042109872647837
2023-11-08,12:00:00,1967.66,1969.09,1959.56,1964.5,25519,1969.17,1965.0,BEARISH_LONDON_BREAKOUT,0,1,-0.46271315856451606,-0.696360397047598,-0.7991855433952684
2023-11-09,16:00:00,1948.79,1964.91,1944.84,1963.0,62096,1950.51,1948.01,BULLISH_LONDON_BREAKOUT,1,0,-0.23229750382067985,-0.1788079470198671,-1.0662251655629171
2023-11-10,12:00:00,1955.4,1957.24,1947.12,1948.26,22109,1959.55,1953.74,BEARISH_LONDON_BREAKOUT,0,1,-0.31771940090131984,-0.40908297660476667,-0.526110478067609
2023-11-13,20:00:00,1938.45,1949.22,1938.14,1946.23,24541,1941.25,1934.22,BULLISH_LONDON_BREAKOUT,1,0,0.008734836067683304,-0.03237027483905341,0.895063789993992
2023-11-14,16:00:00,1945.94,1970.87,1944.24,1964.37,76989,1946.48,1943.76,BULLISH_LONDON_BREAKOUT,1,0,-0.036652972708797214,0.12624912821922643,-0.062615495044202
2023-11-15,12:00:00,1970.3,1974.31,1969.74,1972.92,20672,1971.0,1965.85,BULLISH_LONDON_BREAKOUT,1,0,-0.49571193966303617,-0.6421953246963927,-0.3750785637532232
2023-11-15,16:00:00,1972.93,1975.34,1955.37,1963.14,61160,1971.0,1965.85,BEARISH_LONDON_BREAKOUT,1,1,-0.07080493495115478,-0.0906710677791803,1.1089377222205232
2023-11-16,16:00:00,1965.52,1986.49,1962.05,1984.91,59603,1967.84,1960.78,BULLISH_LONDON_BREAKOUT,1,0,-0.0816157911441888,0.091188013562325,-0.0755701769853545
2023-11-17,12:00:00,1987.59,1993.36,1984.57,1988.86,24156,1987.59,1982.65,BULLISH_LONDON_BREAKOUT,1,0,-0.2740263266393722,-0.7225244612491524,-0.7793409289743874
2023-11-17,20:00:00,1983.46,1985.25,1978.53,1980.56,29237,1987.59,1982.65,BEARISH_LONDON_BREAKOUT,1,1,-0.3064789756432492,-0.09997172516864009,-0.10805024841458338
2023-11-20,12:00:00,1978.6,1980.46,1972.25,1973.36,24527,1983.41,1978.12,BEARISH_LONDON_BREAKOUT,0,1,-0.07347873677381817,0.39779867839624483,0.703875623302393
2023-11-21,12:00:00,1992.33,1994.3,1984.28,1987.25,24823,1994.02,1989.63,BEARISH_LONDON_BREAKOUT,0,1,0.8549503082148703,0.603849540822745,0.6722858221159844
2023-11-21,16:00:00,1987.25,2007.53,1986.66,2004.24,53693,1994.02,1989.63,BULLISH_LONDON_BREAKOUT,1,1,-0.20706103061510053,-0.3881770646229979,-0.46152157426256335
2023-11-22,16:00:00,2000.58,2003.19,1989.9,1994.99,55412,2004.01,1996.11,BEARISH_LONDON_BREAKOUT,0,1,-0.21654243880921392,0.1388478137735017,-0.14335911458202297
2023-11-23,16:00:00,1993.93,1994.85,1991.78,1992.13,8916,1998.52,1993.39,BEARISH_LONDON_BREAKOUT,0,1,0.032628392725367494,0.07077851345042012,0.3107226938000947
2023-11-24,12:00:00,1993.45,1996.29,1992.24,1995.18,9450,1994.74,1991.45,BULLISH_LONDON_BREAKOUT,1,0,0.15737928407461343,0.3538527852123591,0.8710993494321254
2023-11-28,16:00:00,2015.26,2031.45,2011.49,2030.85,23469,2016.87,2012.04,BULLISH_LONDON_BREAKOUT,1,0,0.5362286727232489,0.6470197208065638,0.5967944456754619
2023-11-29,12:00:00,2042.34,2044.02,2035.42,2040.05,15413,2048.97,2041.03,BEARISH_LONDON_BREAKOUT,0,1,0.14313374672189763,0.22156319698046528,-0.14068282640130836
2023-11-30,12:00:00,2044.59,2045.7,2035.97,2037.18,18416,2046.91,2041.41,BEARISH_LONDON_BREAKOUT,0,1,0.03239772626865836,0.14137189644508005,-0.00932661816825487
2023-12-01,12:00:00,2039.45,2049.84,2036.52,2036.99,10770,2042.88,2038.84,BEARISH_LONDON_BREAKOUT,0,1,0.6053048861310145,3.9538731167065224,1.663729326113535
2023-12-01,16:00:00,2036.99,2053.22,2033.91,2049.32,19602,2042.88,2038.84,BULLISH_LONDON_BREAKOUT,1,1,1.0886537973571693,1.7761989342806217,-1.3053110300002062
2023-12-04,16:00:00,2070.88,2071.28,2020.13,2022.57,23087,2090.41,2061.54,BEARISH_LONDON_BREAKOUT,0,1,0.4128410883183344,0.7317422882767941,-0.31197931344773955
2023-12-05,12:00:00,2032.64,2039.56,2021.55,2024.77,15065,2038.31,2030.31,BEARISH_LONDON_BREAKOUT,0,1,-0.42029465075045513,-0.29139112096683034,-0.16890807350958742
2023-12-07,12:00:00,2029.61,2035.09,2028.81,2032.6,10455,2030.75,2025.23,BULLISH_LONDON_BREAKOUT,1,0,-0.1628456164518324,-0.22631112860375424,-0.12889894716126593
2023-12-08,16:00:00,2029.98,2030.11,2002.55,2008.91,22808,2032.4,2028.87,BEARISH_LONDON_BREAKOUT,0,1,-0.24242001881617983,-0.5978366377786954,-1.3221099999502304
2023-12-11,16:00:00,1996.22,1996.71,1980.65,1982.35,16329,2000.45,1991.35,BEARISH_LONDON_BREAKOUT,0,1,-0.03934723938759415,0.1573889575503881,-0.036824980452494174
2023-12-12,16:00:00,1988.44,1996.68,1980.12,1981.62,18224,1989.06,1984.68,BEARISH_LONDON_BREAKOUT,0,1,-0.06812607866290757,-0.18722055691806752,0.014129853352317806
2023-12-13,12:00:00,1979.24,1983.54,1978.57,1982.82,8431,1980.46,1973.0,BULLISH_LONDON_BREAKOUT,1,0,-0.04639856366184754,2.517626410869372,2.6230318435359736
2023-12-14,16:00:00,2034.98,2047.9,2027.55,2040.26,21938,2037.31,2029.24,BULLISH_LONDON_BREAKOUT,1,0,-0.34456392812680603,-0.21859959024830344,-0.2583004126924991
2023-12-15,12:00:00,2037.84,2044.38,2037.0,2041.65,29610,2039.04,2034.27,BULLISH_LONDON_BREAKOUT,1,0,-0.32620674454485743,-1.1867851982465172,-0.9634364362158093
2023-12-15,20:00:00,2034.98,2036.47,2015.48,2019.02,119350,2039.04,2034.27,BEARISH_LONDON_BREAKOUT,1,1,-0.07924636704935607,0.20207823597586586,0.3571039415161829
2023-12-18,20:00:00,2022.25,2033.77,2021.08,2026.23,57752,2024.86,2021.43,BULLISH_LONDON_BREAKOUT,1,0,0.06711972480912334,-0.07008088913894636,0.6554043716656043
2023-12-19,16:00:00,2026.48,2045.52,2026.06,2041.78,116259,2026.51,2021.62,BULLISH_LONDON_BREAKOUT,1,0,-0.11117750198356247,-0.0666085474438921,-0.45891330113919676
2023-12-20,12:00:00,2042.26,2042.58,2031.64,2033.61,61518,2043.56,2039.28,BEARISH_LONDON_BREAKOUT,0,1,-0.05900836443564981,-0.07277698280396884,0.027045500366352546
2023-12-21,16:00:00,2034.06,2046.12,2032.01,2041.5,143557,2038.23,2033.79,BULLISH_LONDON_BREAKOUT,1,0,0.11609110947831942,0.3286798922361027,0.9390154298310102
2023-12-22,12:00:00,2049.97,2063.04,2049.52,2060.55,64233,2050.94,2046.94,BULLISH_LONDON_BREAKOUT,1,0,0.005823687850325925,-0.27711048021159573,0.14607750357913
2023-12-26,16:00:00,2063.58,2064.0,2054.41,2056.8,68444,2065.12,2061.27,BEARISH_LONDON_BREAKOUT,0,1,0.237261765849847,0.3748541423570612,1.068650330610658
2023-12-27,12:00:00,2066.0,2069.34,2061.32,2068.15,55386,2067.49,2063.95,BULLISH_LONDON_BREAKOUT,1,0,0.513985929453865,0.5487996518627715,0.35925827430311325
2023-12-28,12:00:00,2086.14,2086.54,2072.62,2075.58,69962,2087.64,2083.9,BEARISH_LONDON_BREAKOUT,0,1,0.07564150743407451,-0.4263868412684603,-0.37338960676051997
2023-12-29,12:00:00,2071.81,2073.53,2061.72,2067.83,64422,2074.87,2068.79,BEARISH_LONDON_BREAKOUT,0,1,-0.1412108345463637,-0.2016606781021686,0.07253981226696585
2024-01-02,16:00:00,2069.13,2071.18,2055.82,2059.31,144798,2076.83,2068.82,BEARISH_LONDON_BREAKOUT,0,1,0.07575352909469411,0.2811621368322382,-1.298978784155858
2024-01-03,12:00:00,2062.81,2064.43,2046.6,2047.7,79063,2066.05,2060.79,BEARISH_LONDON_BREAKOUT,0,1,-0.7393661180837086,-0.23245592616105828,-0.12111149094105672
2024-01-05,12:00:00,2043.24,2044.51,2036.98,2039.2,59684,2047.06,2040.74,BEARISH_LONDON_BREAKOUT,0,1,0.7689289917614782,0.2466653589642984,-0.9425264809729319
2024-01-05,16:00:00,2039.2,2064.07,2024.34,2054.88,230284,2047.06,2040.74,BULLISH_LONDON_BREAKOUT,1,1,-0.4662072724441405,-0.9168418593786569,-1.0107646188585322
2024-01-08,12:00:00,2031.49,2031.83,2016.61,2019.98,88980,2037.7,2026.89,BEARISH_LONDON_BREAKOUT,0,1,0.6995118763552055,0.5302032693393022,0.7376310656541198
2024-01-09,16:00:00,2034.86,2042.09,2028.68,2028.85,129203,2037.32,2030.17,BEARISH_LONDON_BREAKOUT,0,1,-0.0004928900608714743,-0.0004928900608714743,-0.049781896148063734
2024-01-10,12:00:00,2030.84,2040.37,2030.1,2034.04,80079,2031.74,2023.72,BULLISH_LONDON_BREAKOUT,1,0,-0.3048120980905019,-0.36036656112957105,0.006882853827854912
2024-01-11,16:00:00,2034.21,2045.8,2024.76,2029.14,234829,2035.75,2030.71,BEARISH_LONDON_BREAKOUT,0,1,-0.13256847728594648,0.23261085977309598,1.210857801827372
2024-01-12,12:00:00,2037.54,2047.46,2036.96,2045.37,91547,2039.47,2032.71,BULLISH_LONDON_BREAKOUT,1,0,0.40775018700773674,0.1075600013689477,0.3818380048597538
2024-01-16,12:00:00,2049.39,2050.09,2038.13,2039.85,97030,2050.99,2047.23,BEARISH_LONDON_BREAKOUT,0,1,0.06176924773880388,-0.5770032110204173,-0.7878030247322075
2024-01-17,16:00:00,2023.78,2029.08,2006.01,2008.96,210003,2026.2,2017.49,BEARISH_LONDON_BREAKOUT,0,1,-0.16973956674100438,-0.04778591908251216,0.2324585855367988
2024-01-18,20:00:00,2013.62,2021.18,2012.97,2019.79,97626,2014.17,2005.65,BULLISH_LONDON_BREAKOUT,1,0,0.19754528936176577,0.40202199238535286,0.4723263309551965
2024-01-19,12:00:00,2028.02,2032.1,2026.1,2031.48,71920,2029.73,2020.26,BULLISH_LONDON_BREAKOUT,1,0,-0.19000925433674598,-0.19394726997066447,-0.2579400240218958
2024-01-23,12:00:00,2031.49,2031.71,2022.36,2023.97,91450,2037.98,2026.62,BEARISH_LONDON_BREAKOUT,0,1,0.06324204410144284,0.2638379027357084,0.468880467595864
2024-01-24,12:00:00,2029.46,2034.39,2028.06,2033.46,104144,2031.68,2022.69,BULLISH_LONDON_BREAKOUT,1,0,-0.9009274832059609,-0.8433900838964176,-0.78978686573623
2024-01-24,16:00:00,2033.45,2036.78,2014.75,2015.14,222727,2031.68,2022.69,BEARISH_LONDON_BREAKOUT,1,1,-0.14936927459134305,0.02927836279364799,0.25407663983643275
2024-01-25,16:00:00,2017.6,2025.44,2009.47,2020.26,205462,2018.29,2013.44,BULLISH_LONDON_BREAKOUT,1,0,-0.12374644847692871,0.07573282646787902,-0.15938542563828553
2024-01-26,16:00:00,2023.27,2026.75,2016.0,2017.04,150031,2023.55,2019.69,BEARISH_LONDON_BREAKOUT,0,1,0.07188751834371383,0.425375798199338,0.41050251854202063
2024-01-31,16:00:00,2037.26,2056.07,2035.92,2052.32,190836,2038.53,2033.1,BULLISH_LONDON_BREAKOUT,1,0,-0.36300382006705934,-0.29576284400094344,-0.021926405238962384
2024-02-01,12:00:00,2042.98,2042.98,2029.93,2033.53,104121,2046.67,2041.04,BEARISH_LONDON_BREAKOUT,0,1,0.9018799821000879,1.0449808952904667,1.113334939735342
2024-02-01,16:00:00,2033.43,2053.08,2030.2,2051.87,216253,2046.67,2041.04,BULLISH_LONDON_BREAKOUT,1,1,0.14084712969146815,0.13061256317409442,-0.8265630863553641
2024-02-02,16:00:00,2056.17,2057.73,2027.73,2034.91,195873,2056.97,2053.99,BEARISH_LONDON_BREAKOUT,0,1,0.22900275687867544,-0.1321925785415598,-0.8467204937810526
2024-02-05,16:00:00,2027.58,2028.1,2014.76,2017.68,146082,2033.41,2026.66,BEARISH_LONDON_BREAKOUT,0,1,0.4069029776773342,0.3057967566710204,0.9292851195432378
2024-02-06,16:00:00,2026.72,2038.17,2024.41,2036.43,52009,2029.86,2023.44,BULLISH_LONDON_BREAKOUT,1,0,-0.022097494144166282,-0.09968425136144983,0.09722897423432271
2024-02-07,16:00:00,2034.08,2044.64,2030.5,2038.41,52547,2036.24,2032.33,BULLISH_LONDON_BREAKOUT,1,0,-0.13589022816803203,-0.2766862407464691,-0.316913672911732
2024-02-08,12:00:00,2032.74,2038.52,2027.75,2029.13,32472,2035.17,2031.01,BEARISH_LONDON_BREAKOUT,0,1,0.1389758172221561,0.2518320659592978,0.12369833376865902
2024-02-09,12:00:00,2033.54,2034.2,2030.4,2031.64,26889,2035.02,2032.0,BEARISH_LONDON_BREAKOUT,0,1,-0.4523439191982858,-0.3071410289224473,-0.48925990825146454
2024-02-12,12:00:00,2025.65,2027.33,2019.88,2021.7,30946,2026.45,2022.43,BEARISH_LONDON_BREAKOUT,0,1,-0.42983627640105126,-0.1375080377899774,0.2957906712172933
2024-02-13,12:00:00,2025.2,2029.35,2024.38,2027.68,27935,2025.85,2018.25,BULLISH_LONDON_BREAKOUT,1,0,-1.7527420500276158,-1.7862779136747429,-1.7532352244930143
2024-02-13,16:00:00,2027.78,2031.91,1989.97,1992.14,60351,2025.85,2018.25,BEARISH_LONDON_BREAKOUT,1,1,-0.020580882869681943,0.019074964610914985,-0.21434236549641136
2024-02-14,16:00:00,1992.23,1993.29,1984.03,1987.87,47539,1993.38,1989.27,BEARISH_LONDON_BREAKOUT,0,1,0.1931715856670781,0.14236343422860423,0.6484327445959797
2024-02-15,12:00:00,1993.81,1998.2,1993.41,1997.41,25611,1994.76,1990.37,BULLISH_LONDON_BREAKOUT,1,0,0.1677171937659223,0.297885762061861,0.4926379661661811
2024-02-16,12:00:00,2005.01,2007.9,2003.79,2007.25,21757,2006.52,2002.58,BULLISH_LONDON_BREAKOUT,1,0,0.03836094158674713,0.3322954290696263,0.5564827500311408
2024-02-19,16:00:00,2018.32,2019.36,2014.71,2014.9,28368,2023.04,2018.14,BEARISH_LONDON_BREAKOUT,0,1,0.14938706635564994,0.16576505037470435,0.6164077621718123
2024-02-20,12:00:00,2021.44,2027.63,2020.64,2026.76,34642,2022.94,2017.62,BULLISH_LONDON_BREAKOUT,1,0,0.02763030649904011,-0.12779016755806893,0.07302295289032831
2024-02-21,12:00:00,2028.83,2030.23,2025.83,2028.24,27105,2032.27,2028.27,BEARISH_LONDON_BREAKOUT,0,1,-0.19770835798524783,-0.12424565140220002,0.03155445114977024
2024-02-22,16:00:00,2028.87,2029.97,2020.3,2023.22,50616,2032.0,2025.35,BEARISH_LONDON_BREAKOUT,0,1,-0.009390970828681735,0.12158835915026722,0.34796018228368464
2024-02-23,16:00:00,2023.76,2031.24,2023.0,2030.26,46431,2026.52,2018.06,BULLISH_LONDON_BREAKOUT,1,0,0.25908011781742196,0.10786795779851126,-0.06009082580556319
2024-02-26,12:00:00,2034.99,2037.1,2030.78,2030.78,32346,2035.37,2031.78,BEARISH_LONDON_BREAKOUT,0,1,-0.08568136381094994,0.021174130137191802,0.3614374772254955
2024-02-27,12:00:00,2035.29,2039.51,2034.51,2038.12,29548,2036.31,2032.63,BULLISH_LONDON_BREAKOUT,1,0,-0.22030106176279032,-0.3949718367907657,-0.5328439934841864
2024-02-27,20:00:00,2033.64,2036.15,2029.26,2030.08,30871,2036.31,2032.63,BEARISH_LONDON_BREAKOUT,1,1,-0.0004925914249680262,-0.09851828499369483,0.10098124211854616
2024-02-28,12:00:00,2028.08,2029.32,2024.38,2027.26,28078,2032.12,2027.74,BEARISH_LONDON_BREAKOUT,0,1,0.22690725412625462,0.3630516066020096,0.1534090348549224
2024-02-28,20:00:00,2032.01,2035.67,2030.71,2032.13,25277,2032.12,2027.74,BULLISH_LONDON_BREAKOUT,1,1,0.12253153095519388,0.25441285744513614,0.6033078592412883
2024-02-29,12:00:00,2037.32,2037.57,2028.73,2030.37,28439,2037.94,2034.24,BEARISH_LONDON_BREAKOUT,0,1,0.8791501056457646,0.6831267207454857,1.2313026689716653
2024-02-29,16:00:00,2030.16,2050.78,2027.97,2048.22,53811,2037.94,2034.24,BULLISH_LONDON_BREAKOUT,1,1,-0.1869916317582926,-0.08251066779934906,1.0169805977873658
2024-03-01,12:00:00,2045.24,2057.51,2038.92,2055.37,38064,2048.86,2043.31,BULLISH_LONDON_BREAKOUT,1,0,0.665573595021835,1.364231257632444,1.2966035312376893
2024-03-04,16:00:00,2082.17,2109.44,2081.07,2109.18,43368,2088.34,2080.22,BULLISH_LONDON_BREAKOUT,1,0,0.3347272399700332,0.17305303482870554,0.8249651523340867
2024-03-05,12:00:00,2114.53,2127.39,2114.53,2124.55,33283,2119.77,2112.56,BULLISH_LONDON_BREAKOUT,1,0,0.09554964580733544,0.16709420818524992,0.37231413711138145
2024-03-06,12:00:00,2128.42,2132.63,2124.25,2132.46,26508,2131.56,2124.65,BULLISH_LONDON_BREAKOUT,1,0,0.4056348067490171,0.7005993078416501,1.104358346698188
2024-03-08,12:00:00,2161.24,2171.16,2161.04,2168.32,30493,2162.0,2156.29,BULLISH_LONDON_BREAKOUT,1,0,0.4136843270365905,0.6087662337662253,0.4943919716646897
2024-03-11,16:00:00,2179.04,2185.77,2174.72,2184.24,46959,2182.81,2176.79,BULLISH_LONDON_BREAKOUT,1,0,-0.13185364245685705,-0.3076584990660276,-0.9742519137091047
2024-03-12,12:00:00,2177.04,2179.13,2170.64,2171.97,14515,2179.27,2173.56,BEARISH_LONDON_BREAKOUT,0,1,-0.41483077574735217,-0.6966026234248013,-0.3701708587135165
2024-03-13,12:00:00,2159.77,2164.16,2157.55,2163.93,10325,2161.45,2157.24,BULLISH_LONDON_BREAKOUT,1,0,0.36230377137893305,0.5309783588193813,0.21165194807597204
2024-03-14,16:00:00,2168.53,2170.42,2152.75,2157.22,24891,2172.48,2167.42,BEARISH_LONDON_BREAKOUT,0,1,0.2906518574832415,0.343034090171614,0.12933312318634255
2024-03-15,16:00:00,2166.95,2167.32,2156.51,2160.01,21000,2170.02,2163.53,BEARISH_LONDON_BREAKOUT,0,1,-0.19398058342322738,-0.6134230860042315,-0.07731445687751781
2024-03-18,12:00:00,2152.08,2161.32,2150.18,2161.03,10522,2152.2,2146.08,BULLISH_LONDON_BREAKOUT,1,0,-0.12447767962499616,0.04534874573698737,-0.2521945553740703
2024-03-20,12:00:00,2158.2,2158.38,2152.34,2153.97,9546,2160.21,2156.42,BEARISH_LONDON_BREAKOUT,0,1,0.08820921368450309,2.317581024805363,2.481000199631381
2024-03-20,20:00:00,2155.89,2188.77,2155.59,2182.85,21631,2160.21,2156.42,BULLISH_LONDON_BREAKOUT,1,2,0.9638774995991463,1.086194653778319,-0.0641363355246623
2024-03-21,16:00:00,2207.5,2208.89,2166.43,2174.63,27815,2210.17,2201.84,BEARISH_LONDON_BREAKOUT,0,1,0.3136165692554461,-0.040466654097483665,-0.392250635740342
2024-03-25,16:00:00,2170.49,2181.26,2170.31,2175.49,18935,2171.56,2163.5,BULLISH_LONDON_BREAKOUT,1,0,-0.2077692841612686,-0.23580894419186735,-0.055159986945461405
2024-03-26,12:00:00,2173.0,2200.03,2171.59,2196.46,14686,2174.19,2169.62,BULLISH_LONDON_BREAKOUT,1,0,-1.009351410906644,-0.7748832211831758,-0.36831993298307936
2024-03-27,12:00:00,2180.57,2197.55,2176.5,2188.37,15142,2180.77,2175.71,BULLISH_LONDON_BREAKOUT,1,0,0.0959618346074891,0.10418713471671612,1.0075992633786874
2024-03-28,12:00:00,2193.58,2213.74,2190.86,2210.42,15516,2200.58,2192.69,BULLISH_LONDON_BREAKOUT,1,0,0.24791668551678042,1.0160964884501604,2.1303643651432824
2024-04-01,12:00:00,2257.41,2260.14,2245.55,2246.74,12135,2265.61,2256.92,BEARISH_LONDON_BREAKOUT,0,1,-0.3146781559058774,0.10014509912139367,0.6146683639406607
2024-04-02,12:00:00,2256.14,2266.77,2255.14,2260.55,15374,2259.83,2250.42,BULLISH_LONDON_BREAKOUT,1,0,-0.08316560129172586,0.8533321536794126,0.5830439494813137
2024-04-03,20:00:00,2286.39,2298.84,2280.87,2297.43,17088,2287.04,2270.49,BULLISH_LONDON_BREAKOUT,1,0,0.0,-0.19282415568699968,-0.5432156801295369
2024-04-04,12:00:00,2292.98,2295.16,2288.91,2289.3,11877,2300.67,2291.86,BEARISH_LONDON_BREAKOUT,0,1,0.12012405538810988,-0.028392958546284493,0.0843052461451027
2024-04-05,12:00:00,2289.08,2296.1,2284.88,2291.23,12350,2290.58,2276.57,BULLISH_LONDON_BREAKOUT,1,0,1.5262544572129293,0.8694020242402585,2.011146851254563
2024-04-08,16:00:00,2337.34,2337.99,2318.62,2327.83,31693,2345.5,2331.76,BEARISH_LONDON_BREAKOUT,0,1,0.4536413741553269,0.6963566927138166,0.5361216240017534
2024-04-09,16:00:00,2354.48,2364.2,2338.23,2340.31,31441,2356.88,2343.05,BEARISH_LONDON_BREAKOUT,0,1,0.4631865009336432,0.4683140267742324,-0.14015237297621877
2024-04-10,12:00:00,2353.35,2355.86,2344.84,2347.03,12794,2360.03,2350.87,BEARISH_LONDON_BREAKOUT,0,1,-0.4260703953507198,-0.49253737702544914,-0.4162707762576524
2024-04-11,20:00:00,2344.73,2374.63,2342.7,2372.73,18838,2346.06,2333.92,BULLISH_LONDON_BREAKOUT,1,0,0.170689458977641,1.144251558331546,-1.2015695001116948
2024-04-12,20:00:00,2395.32,2395.32,2333.86,2344.22,30827,2400.23,2382.72,BEARISH_LONDON_BREAKOUT,0,1,0.8672394229210731,0.3792306182866936,1.7963331086672807
2024-04-15,20:00:00,2351.68,2387.51,2346.19,2386.33,22276,2362.48,2350.0,BULLISH_LONDON_BREAKOUT,1,0,-0.1848026048367097,-0.8716313334702127,0.14583062694598056
2024-04-16,20:00:00,2386.01,2398.18,2379.7,2389.81,23845,2389.01,2362.99,BULLISH_LONDON_BREAKOUT,1,0,-0.30253451111176277,-0.3033713977261791,-0.7213962616274843
2024-04-17,12:00:00,2382.53,2394.29,2382.53,2387.33,16627,2383.22,2372.64,BULLISH_LONDON_BREAKOUT,1,0,-0.213627776637495,-0.8184875991170036,-0.2697574277540204
2024-04-17,20:00:00,2382.21,2384.38,2361.06,2372.57,25020,2383.22,2372.64,BEARISH_LONDON_BREAKOUT,1,1,-0.20146929279221265,0.2212790349705172,0.3232781329950062
2024-04-18,16:00:00,2380.91,2392.76,2369.58,2384.07,42930,2380.93,2373.13,BULLISH_LONDON_BREAKOUT,1,0,-0.160649645354389,0.30284345677768687,0.44881232514145214
2024-04-19,12:00:00,2385.31,2386.36,2372.91,2376.77,17528,2393.82,2378.54,BEARISH_LONDON_BREAKOUT,0,1,0.7573303264514446,0.4039095074407666,-1.456177922138033
2024-04-19,16:00:00,2377.02,2395.95,2373.07,2394.77,20528,2393.82,2378.54,BULLISH_LONDON_BREAKOUT,1,1,-0.17287672720135433,-1.0614798080817813,-2.504207084605194
2024-04-22,12:00:00,2361.01,2363.63,2339.48,2342.16,13070,2372.9,2351.53,BEARISH_LONDON_BREAKOUT,0,1,-0.31423984697884316,-0.36163199781397515,-1.7086791679475348
2024-04-23,16:00:00,2302.16,2332.05,2301.3,2323.21,19668,2314.58,2298.89,BULLISH_LONDON_BREAKOUT,1,0,-0.042613452937971016,0.20058453605140536,-0.024104579439652267
2024-04-24,12:00:00,2320.71,2321.92,2311.78,2316.15,11042,2331.3,2320.67,BEARISH_LONDON_BREAKOUT,0,1,0.28063812792781123,0.0004317509660325769,0.5332124430628373
2024-04-25,12:00:00,2325.63,2330.56,2324.14,2328.5,10157,2326.08,2312.35,BULLISH_LONDON_BREAKOUT,1,0,0.08374490015030356,0.08675112733519355,0.7038866222890218
2024-04-30,12:00:00,2317.45,2318.42,2309.56,2312.71,10926,2329.47,2315.34,BEARISH_LONDON_BREAKOUT,0,1,-0.7277176991494795,-0.9283481283861901,-0.784793597121995
2024-05-01,12:00:00,2285.83,2297.05,2283.76,2294.56,10241,2289.67,2281.63,BULLISH_LONDON_BREAKOUT,1,0,0.5508681402970449,1.2734467610348066,0.1952444041559174
2024-05-02,12:00:00,2309.31,2311.05,2295.25,2299.04,12441,2320.99,2308.17,BEARISH_LONDON_BREAKOUT,0,1,0.037406917669989534,0.22183172106618018,-0.03262231192149767
2024-05-03,16:00:00,2298.21,2320.59,2277.38,2293.72,21852,2308.75,2297.77,BEARISH_LONDON_BREAKOUT,0,1,0.34659853861850065,0.6801178871004466,1.3571839631690055
2024-05-06,16:00:00,2318.05,2331.99,2314.54,2324.85,20345,2324.15,2308.14,BULLISH_LONDON_BREAKOUT,1,0,0.006882164440729907,0.0008602705550887933,-0.4357270361528748
2024-05-07,12:00:00,2319.26,2319.87,2311.72,2312.28,11227,2325.06,2317.75,BEARISH_LONDON_BREAKOUT,0,1,0.10552355251092427,0.120660127666198,0.1020637639040113
2024-05-09,16:00:00,2315.96,2338.71,2312.29,2330.37,21967,2319.69,2307.5,BULLISH_LONDON_BREAKOUT,1,0,0.5758742173989571,0.9848221527053761,1.4787351364804746
2024-05-10,12:00:00,2366.65,2378.32,2365.87,2372.14,13225,2370.4,2351.24,BULLISH_LONDON_BREAKOUT,1,0,-0.3081605638790268,-0.4970195688281452,-1.1668788520070417
2024-05-13,12:00:00,2348.59,2350.35,2338.47,2344.46,13013,2356.98,2346.55,BEARISH_LONDON_BREAKOUT,0,1,-0.3638364484785494,-0.26232053436612657,-0.038814908337094875
2024-05-14,16:00:00,2343.58,2357.03,2336.62,2348.03,22065,2345.9,2336.07,BULLISH_LONDON_BREAKOUT,1,0,0.3615797072439356,0.5229916142468258,1.2593535857718898
2024-05-15,16:00:00,2362.66,2385.73,2351.84,2377.6,22407,2364.9,2355.73,BULLISH_LONDON_BREAKOUT,1,0,0.36801816958277256,0.4681191117092913,0.16697510094213722
2024-05-16,16:00:00,2384.7,2386.37,2371.02,2381.57,21316,2394.52,2384.54,BEARISH_LONDON_BREAKOUT,0,1,-0.1415032940455391,-0.15410002645314108,1.1013743035056713
2024-05-17,12:00:00,2384.04,2390.15,2381.37,2389.85,13561,2387.84,2376.63,BULLISH_LONDON_BREAKOUT,1,0,0.7510931648429933,1.2720463627424354,1.7076385547210053
2024-05-20,12:00:00,2442.33,2447.18,2427.73,2430.66,18039,2450.07,2432.1,BEARISH_LONDON_BREAKOUT,0,1,-0.2377954958735383,-0.18472349073913186,-0.2953930208256127
2024-05-21,12:00:00,2419.29,2423.79,2412.31,2423.48,16273,2422.11,2408.7,BULLISH_LONDON_BREAKOUT,1,0,-0.001237889316198198,-0.07014706125075586,-0.6144057306022691
2024-05-22,12:00:00,2416.96,2419.34,2404.84,2408.59,16569,2418.58,2411.78,BEARISH_LONDON_BREAKOUT,0,1,-0.6867088213436061,-1.0973224998858373,-1.67982097409688
2024-05-23,16:00:00,2368.1,2369.85,2340.48,2346.12,23332,2374.05,2355.04,BEARISH_LONDON_BREAKOUT,0,1,-0.6180417028966976,-0.6572553833563531,-0.48931853443131723
2024-05-27,16:00:00,2345.12,2358.52,2343.72,2352.47,17950,2346.08,2338.19,BULLISH_LONDON_BREAKOUT,1,0,-0.10159534446772425,-0.06461293874098212,0.3375175878969787
2024-05-28,16:00:00,2347.34,2364.14,2345.96,2360.41,26464,2353.81,2341.4,BULLISH_LONDON_BREAKOUT,1,0,-0.0915095258874456,-0.09362780194966283,-0.8968780847395188
2024-05-29,12:00:00,2350.93,2351.82,2338.75,2341.75,17250,2361.37,2350.15,BEARISH_LONDON_BREAKOUT,0,1,-0.10718479769404156,-0.14305540728087582,-0.2510942671079368
2024-05-30,16:00:00,2335.91,2351.77,2332.04,2343.86,22375,2337.75,2322.74,BULLISH_LONDON_BREAKOUT,1,0,-0.09770208118232161,-0.004693113069898685,-0.5870657803793835
2024-05-31,16:00:00,2343.84,2359.8,2327.78,2330.1,27303,2347.06,2339.96,BEARISH_LONDON_BREAKOUT,0,1,-0.11329985837517156,-0.37208703489120953,0.5480451482768972
2024-06-03,12:00:00,2325.86,2333.33,2324.37,2330.05,16181,2328.88,2314.77,BULLISH_LONDON_BREAKOUT,1,0,0.5502027853479413,0.8828136735263066,-0.09055599665243781
2024-06-04,12:00:00,2339.68,2339.81,2325.42,2327.94,18778,2351.74,2339.15,BEARISH_LONDON_BREAKOUT,0,1,-0.07861027346065308,0.0373720972189958,0.19931785183466383
2024-06-05,16:00:00,2332.58,2357.41,2332.19,2353.74,22732,2341.7,2328.14,BULLISH_LONDON_BREAKOUT,1,0,0.014020240128492612,0.6283616712126411,0.8709543110114117
2024-06-06,12:00:00,2362.92,2363.93,2358.57,2359.84,11936,2371.46,2362.26,BEARISH_LONDON_BREAKOUT,0,1,0.6102108617533237,0.7178452776459444,-0.9843887721201445
2024-06-06,16:00:00,2359.85,2378.5,2353.44,2374.24,21841,2371.46,2362.26,BULLISH_LONDON_BREAKOUT,1,1,-0.06654761102499862,0.2501853224610846,-2.919671136869049
2024-06-07,12:00:00,2373.55,2373.93,2330.92,2336.61,19371,2387.69,2372.83,BEARISH_LONDON_BREAKOUT,0,1,-1.3562383110574745,-1.6292834490993433,-1.349818754520436
2024-06-10,12:00:00,2296.58,2305.23,2291.86,2305.07,15132,2297.24,2287.78,BULLISH_LONDON_BREAKOUT,1,0,0.10021387636817733,0.210405757742711,0.11279483920227623
2024-06-11,12:00:00,2304.59,2308.89,2301.57,2307.67,16854,2305.38,2297.75,BULLISH_LONDON_BREAKOUT,1,0,0.10616769295435732,0.3237031291302396,0.22793553671017794
2024-06-12,16:00:00,2312.92,2341.66,2311.65,2335.65,24238,2317.75,2311.24,BULLISH_LONDON_BREAKOUT,1,0,-0.6139618521610749,-0.9140924367948926,-1.5695844839766364
2024-06-13,12:00:00,2317.08,2319.97,2304.05,2307.06,14371,2318.6,2308.99,BEARISH_LONDON_BREAKOUT,0,1,-0.3497958440612799,-0.20285558242957863,1.082763343822875
2024-06-14,12:00:00,2315.33,2336.59,2314.81,2332.04,17314,2316.77,2303.59,BULLISH_LONDON_BREAKOUT,1,0,-0.2534261847995684,-0.13421725184817196,-0.5956158556456953
2024-06-17,16:00:00,2318.22,2327.59,2310.03,2312.58,19272,2326.27,2315.52,BEARISH_LONDON_BREAKOUT,0,1,0.32950211452143885,0.515441627965306,0.619221821515371
2024-06-18,12:00:00,2315.49,2315.49,2306.64,2313.41,13306,2324.87,2315.08,BEARISH_LONDON_BREAKOUT,0,1,0.5831218850095848,0.6414772997436747,0.7387363243004978
2024-06-18,16:00:00,2313.32,2329.81,2311.58,2326.9,20890,2324.87,2315.08,BULLISH_LONDON_BREAKOUT,1,1,0.10572005672783687,0.06016588594267441,0.12677811680776216
2024-06-20,16:00:00,2339.34,2365.46,2335.39,2353.73,22349,2345.67,2333.78,BULLISH_LONDON_BREAKOUT,1,0,0.22135079214693426,0.3590046436931941,-1.0965573791386414
2024-06-21,12:00:00,2362.93,2368.73,2361.33,2366.29,14739,2365.58,2355.14,BULLISH_LONDON_BREAKOUT,1,0,-1.6215256794391175,-1.98961243127427,-1.6921002920183055
2024-06-21,16:00:00,2366.29,2368.06,2323.31,2327.92,22533,2365.58,2355.14,BEARISH_LONDON_BREAKOUT,1,1,-0.2792192171552287,-0.10481459843981127,-0.010739200659816487
2024-06-25,20:00:00,2324.87,2325.04,2315.54,2319.87,11272,2330.14,2322.78,BEARISH_LONDON_BREAKOUT,0,1,0.006034820916703411,-0.16294016475060005,-0.9129821929677024
2024-06-26,16:00:00,2313.05,2317.81,2293.67,2300.04,21132,2318.2,2309.74,BEARISH_LONDON_BREAKOUT,0,1,-0.058694631397710875,-0.04521660492860836,1.1960661553712204
2024-06-27,12:00:00,2302.26,2317.89,2302.06,2317.08,13494,2303.41,2296.54,BULLISH_LONDON_BREAKOUT,1,0,0.45186182609147096,0.4622196902998617,0.7272083829647621
2024-06-28,12:00:00,2327.17,2337.17,2326.51,2333.93,13584,2328.84,2319.79,BULLISH_LONDON_BREAKOUT,1,0,-0.2283701739126678,-0.38518721641179393,0.182953216248987
2024-07-01,12:00:00,2323.58,2338.3,2321.89,2338.2,14786,2329.0,2318.5,BULLISH_LONDON_BREAKOUT,1,0,-0.44478658797363946,-0.2531862116157565,-0.7497220083825056
2024-07-02,12:00:00,2330.88,2332.45,2320.05,2320.67,14270,2331.82,2323.36,BEARISH_LONDON_BREAKOUT,0,1,0.1753803858368363,0.4145354574325471,1.0660714362662411
2024-07-03,16:00:00,2345.4,2364.92,2345.0,2363.08,21845,2347.12,2331.76,BULLISH_LONDON_BREAKOUT,1,0,-0.3711258188465893,-0.21074191309646811,-0.23697885810044134
2024-07-05,16:00:00,2365.84,2388.34,2352.3,2384.69,22842,2367.5,2361.4,BULLISH_LONDON_BREAKOUT,1,0,0.2671206739660036,-0.07380414225749335,-1.2236391312916914
2024-07-08,12:00:00,2377.86,2378.81,2368.33,2375.39,13738,2386.81,2376.65,BEARISH_LONDON_BREAKOUT,0,1,-0.8369152012932469,-0.5742214962595563,-0.6205296814417751
2024-07-10,12:00:00,2372.66,2378.36,2371.53,2378.35,11368,2374.96,2366.66,BULLISH_LONDON_BREAKOUT,1,0,0.01807976117898085,-0.23125275926587763,0.10427397145079649
2024-07-11,16:00:00,2380.83,2424.54,2380.04,2417.18,23542,2383.25,2378.49,BULLISH_LONDON_BREAKOUT,1,0,-0.12287045234528665,-0.34916721137855083,-0.22464193812623953
2024-07-12,16:00:00,2401.79,2413.73,2391.44,2411.75,22189,2410.1,2400.35,BULLISH_LONDON_BREAKOUT,1,0,-0.00663418679381588,-0.004146366746134925,0.8927127604436695
2024-07-15,12:00:00,2407.93,2420.35,2406.94,2418.3,15487,2413.95,2401.32,BULLISH_LONDON_BREAKOUT,1,0,0.619443410660382,0.17698383161724124,0.8783029400818666
2024-07-16,12:00:00,2436.98,2443.39,2433.63,2439.54,16264,2439.41,2425.11,BULLISH_LONDON_BREAKOUT,1,0,0.9710847126917391,1.1764512981955542,1.2481861334513809
2024-07-17,20:00:00,2463.4,2464.97,2451.36,2457.93,31982,2474.31,2461.91,BEARISH_LONDON_BREAKOUT,0,1,0.1350730085885344,0.5651096654502092,-0.6143380812309508
2024-07-18,12:00:00,2471.87,2473.6,2461.47,2464.38,28345,2474.8,2464.52,BEARISH_LONDON_BREAKOUT,0,1,-0.130661667437662,-0.9422248192243182,-2.2106980254668525
2024-07-19,12:00:00,2418.14,2421.58,2408.34,2409.9,31602,2429.21,2412.82,BEARISH_LONDON_BREAKOUT,0,1,-0.19046433461969978,0.06390306651728136,-0.49628615295240613
2024-07-22,12:00:00,2402.44,2408.27,2397.93,2397.94,26456,2407.25,2398.87,BEARISH_LONDON_BREAKOUT,0,1,-0.490420944644162,-0.09633268555509919,0.40034362828093734
2024-07-23,12:00:00,2397.81,2411.91,2396.23,2407.54,32904,2399.52,2388.17,BULLISH_LONDON_BREAKOUT,1,0,-0.09262566769399545,0.033644300821583255,0.4087159507214894
2024-07-24,16:00:00,2417.35,2431.9,2413.51,2424.72,52292,2419.1,2411.53,BULLISH_LONDON_BREAKOUT,1,0,-1.0896103467616722,-2.0612689300207867,-2.5442112903757796
2024-07-24,20:00:00,2424.72,2424.81,2398.26,2398.3,33993,2419.1,2411.53,BEARISH_LONDON_BREAKOUT,1,1,0.014176708501842586,-1.0136346578826834,-1.5144060376099806
2024-07-25,16:00:00,2368.4,2376.5,2357.92,2363.03,64137,2378.65,2365.74,BEARISH_LONDON_BREAKOUT,0,1,-0.044434476075216216,0.364362703816696,0.9365094814708088
2024-07-26,16:00:00,2373.18,2390.68,2370.91,2385.16,54479,2375.19,2365.12,BULLISH_LONDON_BREAKOUT,1,0,0.09139848060508693,0.3907494675409685,-0.35469318620134654
2024-07-29,12:00:00,2391.44,2395.29,2386.77,2387.65,28718,2396.13,2389.34,BEARISH_LONDON_BREAKOUT,0,1,-0.4586099302661727,-0.2768412455761995,-0.027642242372219933
2024-07-30,16:00:00,2387.06,2397.62,2383.33,2385.24,50797,2391.9,2385.6,BEARISH_LONDON_BREAKOUT,0,1,0.9093424561050485,1.3009173081115613,1.5818114738978057
2024-07-30,20:00:00,2385.24,2410.75,2384.95,2406.93,35528,2391.9,2385.6,BULLISH_LONDON_BREAKOUT,1,1,0.11716169560395041,0.42169901077306327,1.7765369163207996
2024-07-31,20:00:00,2422.97,2450.77,2421.43,2449.69,49132,2425.4,2414.32,BULLISH_LONDON_BREAKOUT,1,0,-0.16491882646375514,-0.3865795263890637,-0.27105470488102057
2024-08-02,16:00:00,2459.08,2477.61,2410.72,2433.12,73072,2468.35,2454.19,BEARISH_LONDON_BREAKOUT,0,1,0.33948181758401635,0.7311599921088958,-1.2510685868350124
2024-08-05,12:00:00,2431.89,2434.38,2383.18,2386.66,55236,2458.65,2422.11,BEARISH_LONDON_BREAKOUT,0,1,0.6712309252260474,0.7567060243185014,1.0118743348445145
2024-08-06,16:00:00,2410.83,2412.17,2381.48,2387.49,65786,2412.51,2394.75,BEARISH_LONDON_BREAKOUT,0,1,0.0029319494531982846,-0.07078563679846199,0.2902629958659635
2024-08-07,12:00:00,2389.24,2402.25,2388.26,2400.93,30393,2397.5,2385.58,BULLISH_LONDON_BREAKOUT,1,0,-0.2711449313390963,-0.6730725177327059,0.4689849350043616
2024-08-07,20:00:00,2394.42,2399.64,2383.74,2385.53,38286,2397.5,2385.58,BEARISH_LONDON_BREAKOUT,1,1,-0.03185874837039225,0.4686589562906287,1.5912606422891173
2024-08-08,12:00:00,2396.69,2413.53,2392.78,2412.19,33306,2400.62,2392.34,BULLISH_LONDON_BREAKOUT,1,0,0.2636608227378493,0.51156832587815,0.5977970226225992
2024-08-09,16:00:00,2426.61,2435.83,2420.96,2431.34,51322,2426.92,2416.78,BULLISH_LONDON_BREAKOUT,1,0,-0.011104987373217311,-0.11721931116176117,1.165612378359246
2024-08-12,16:00:00,2441.48,2460.48,2441.32,2459.68,47552,2442.75,2428.17,BULLISH_LONDON_BREAKOUT,1,0,0.4342028231314761,0.15042607168413263,0.35898978728941905
2024-08-13,16:00:00,2465.66,2475.61,2458.86,2468.51,48740,2466.05,2458.4,BULLISH_LONDON_BREAKOUT,1,0,-0.06481642772362128,-0.31314436643967486,-0.9949321655573766
2024-08-14,12:00:00,2470.82,2478.58,2468.65,2474.61,27841,2471.82,2459.16,BULLISH_LONDON_BREAKOUT,1,0,-1.2389831124904656,-1.02076690872502,-0.4530006748538168
2024-08-14,16:00:00,2474.66,2479.7,2441.96,2443.95,60166,2471.82,2459.16,BEARISH_LONDON_BREAKOUT,1,1,0.1264346651936474,0.3923975531414369,0.5879825692015118
2024-08-15,12:00:00,2455.69,2464.06,2453.49,2463.4,23114,2458.67,2450.26,BULLISH_LONDON_BREAKOUT,1,0,-0.20621904684581988,-0.25087277746205616,0.35154664285133774
2024-08-16,12:00:00,2461.9,2472.23,2458.99,2472.06,27500,2464.37,2451.05,BULLISH_LONDON_BREAKOUT,1,0,0.7924564937744288,1.3866977338737814,0.9028907065362558
2024-08-19,12:00:00,2502.91,2507.09,2486.42,2494.38,30424,2505.11,2498.69,BEARISH_LONDON_BREAKOUT,0,1,0.38085616465815153,0.3672255229756434,1.2752667997658715
2024-08-19,20:00:00,2503.88,2507.37,2500.62,2505.4,23574,2505.11,2498.69,BULLISH_LONDON_BREAKOUT,1,1,-0.07423964237248053,0.3771852797956341,0.3771852797956341
2024-08-20,12:00:00,2514.86,2526.96,2514.25,2526.19,33114,2515.13,2497.23,BULLISH_LONDON_BREAKOUT,1,0,-0.704222564415185,-0.5284638130940233,-0.5735910600548746
2024-08-22,16:00:00,2499.43,2504.08,2470.73,2481.82,55634,2510.48,2499.22,BEARISH_LONDON_BREAKOUT,0,1,0.04271059142080995,0.45410223142693595,1.1241750006043805
2024-08-23,12:00:00,2493.31,2502.35,2492.95,2501.46,24640,2495.62,2490.52,BULLISH_LONDON_BREAKOUT,1,0,0.3302071590191234,0.5744645127245646,0.997017741638885
2024-08-26,12:00:00,2521.34,2526.7,2520.64,2526.4,25827,2521.67,2508.63,BULLISH_LONDON_BREAKOUT,1,0,-0.42273590880305145,-0.43461051298290126,-0.5976884103863168
2024-08-27,20:00:00,2512.04,2525.84,2509.8,2524.95,26142,2517.43,2504.45,BULLISH_LONDON_BREAKOUT,1,0,0.00990118616210222,-0.5968435018515102,-0.6914988415612205
2024-08-28,12:00:00,2509.82,2511.26,2500.65,2501.31,26892,2516.08,2503.2,BEARISH_LONDON_BREAKOUT,0,1,0.1895007016323541,0.2682594320576033,0.7400122335896078
2024-08-29,16:00:00,2519.79,2525.46,2503.55,2522.49,53001,2521.13,2513.66,BULLISH_LONDON_BREAKOUT,1,0,-0.05827575134092901,-0.35837604906263115,-0.797624569373908
2024-08-30,16:00:00,2519.33,2524.72,2500.15,2502.37,57290,2523.88,2512.07,BEARISH_LONDON_BREAKOUT,0,1,0.03916287359583188,-0.2461666340309329,-0.035566283163555854
2024-09-02,16:00:00,2499.71,2503.1,2497.64,2501.48,25574,2501.31,2495.2,BULLISH_LONDON_BREAKOUT,1,0,-0.08075219470073644,-0.27183907126981555,-0.5276876089355029
2024-09-03,12:00:00,2500.76,2506.18,2484.67,2489.58,33462,2501.92,2492.66,BEARISH_LONDON_BREAKOUT,0,1,-0.052217643136582365,0.1421926590027219,-0.017673663830849163
2024-09-05,12:00:00,2506.34,2518.24,2505.91,2515.13,31281,2507.41,2493.72,BULLISH_LONDON_BREAKOUT,1,0,-0.3220509476647294,0.07991634627235027,0.04373531388039223
2024-09-06,16:00:00,2516.22,2529.08,2500.38,2505.47,70544,2521.7,2516.21,BEARISH_LONDON_BREAKOUT,0,1,-0.313713594654882,-0.25065157435530044,-0.25623934830589146
2024-09-09,20:00:00,2499.05,2506.42,2499.05,2505.89,23716,2499.34,2485.44,BULLISH_LONDON_BREAKOUT,1,0,0.030727605760826764,-0.12490572211867458,0.4489422919601419
2024-09-10,16:00:00,2504.46,2518.32,2500.77,2512.5,47937,2507.61,2500.69,BULLISH_LONDON_BREAKOUT,1,0,0.1846766169154178,0.2718407960198976,0.08716417910447978
2024-09-11,16:00:00,2522.14,2523.53,2500.85,2514.69,61816,2528.93,2518.53,BEARISH_LONDON_BREAKOUT,0,1,-0.07118173611856585,0.04294763966930028,1.531003821544604
2024-09-12,16:00:00,2519.41,2555.06,2518.82,2553.19,61889,2522.15,2514.41,BULLISH_LONDON_BREAKOUT,1,0,0.18095010555422397,0.5730086675883937,1.1319173269517777
2024-09-13,16:00:00,2567.32,2583.3,2565.97,2582.09,52193,2570.95,2563.0,BULLISH_LONDON_BREAKOUT,1,0,-0.14368205600889344,0.1603352323118045,-0.08791327955260977
2024-09-17,16:00:00,2579.68,2582.11,2561.68,2565.52,53560,2586.82,2574.48,BEARISH_LONDON_BREAKOUT,0,1,0.11771492718824964,0.4010882783996993,0.1602014406436172
2024-09-18,12:00:00,2571.42,2580.62,2567.9,2577.36,26173,2576.36,2565.64,BULLISH_LONDON_BREAKOUT,1,0,-0.2999192972654196,-0.7049849458360521,0.46404072384145156
2024-09-18,20:00:00,2569.63,2600.04,2546.71,2548.92,55991,2576.36,2565.64,BEARISH_LONDON_BREAKOUT,1,1,0.4029157447075617,1.3876465326491176,1.5430064497904965
2024-09-19,12:00:00,2584.23,2594.76,2581.3,2589.32,38116,2584.54,2559.47,BULLISH_LONDON_BREAKOUT,1,0,-0.013517062394774064,-0.0849643921956449,0.9369255248482136
2024-09-20,12:00:00,2607.04,2615.35,2602.38,2613.58,33271,2609.64,2591.27,BULLISH_LONDON_BREAKOUT,1,0,0.3489466555452632,0.2509967171465938,0.3979216247446067
2024-09-24,16:00:00,2626.25,2648.31,2623.42,2642.41,55445,2639.96,2622.56,BULLISH_LONDON_BREAKOUT,1,0,0.7636967768060329,0.718283687996943,0.5797737671292557
2024-09-26,12:00:00,2664.54,2685.44,2664.53,2682.67,38333,2666.77,2657.9,BULLISH_LONDON_BREAKOUT,1,0,-0.42345871836640836,-0.3757450599589188,-0.6206503222535792
2024-09-27,16:00:00,2666.03,2674.2,2644.68,2649.74,61152,2673.83,2660.81,BEARISH_LONDON_BREAKOUT,0,1,0.3800372866771896,0.14114592375101845,-0.6019458512910633
2024-09-30,12:00:00,2650.55,2656.52,2634.36,2641.52,36008,2660.51,2650.62,BEARISH_LONDON_BREAKOUT,0,1,-0.29263454374754,-0.22335624943214857,0.32519155637663716
2024-10-01,12:00:00,2645.52,2651.99,2642.29,2650.11,30616,2647.25,2637.29,BULLISH_LONDON_BREAKOUT,1,0,0.4999792461444996,0.38375765534261114,-0.02528196942768688
2024-10-02,20:00:00,2649.83,2658.82,2647.07,2658.47,24911,2656.38,2644.44,BULLISH_LONDON_BREAKOUT,1,0,0.06469886814597324,-0.5006639157109144,-0.02332168502935489
2024-10-03,20:00:00,2648.72,2662.02,2648.44,2657.85,29645,2657.4,2643.43,BULLISH_LONDON_BREAKOUT,1,0,-0.08089245066501462,0.11588313862708308,-0.16103241341684993
2024-10-04,16:00:00,2661.22,2670.15,2631.91,2653.21,36384,2667.77,2658.63,BEARISH_LONDON_BREAKOUT,0,1,0.01356846989119321,-0.21671861631759265,-0.28305335800785536
2024-10-07,12:00:00,2652.13,2659.61,2650.68,2656.79,16551,2652.84,2639.73,BULLISH_LONDON_BREAKOUT,1,0,-0.4174210231143653,-0.5198002100278888,-0.2277184120687063
2024-10-08,12:00:00,2634.0,2651.88,2628.63,2650.74,17637,2646.42,2631.19,BULLISH_LONDON_BREAKOUT,1,0,-1.424507873273115,-1.0868663090306838,-1.1966469740525212
2024-10-08,16:00:00,2650.76,2652.96,2604.77,2612.98,23428,2646.42,2631.19,BEARISH_LONDON_BREAKOUT,1,1,0.37619882280001865,0.1584397890531069,0.07003497921912633
2024-10-10,16:00:00,2613.04,2629.73,2611.74,2623.65,23054,2617.03,2610.24,BULLISH_LONDON_BREAKOUT,1,0,0.21191851047205024,0.8316658090827553,1.3401177748556343
2024-10-11,16:00:00,2644.76,2659.3,2639.91,2658.81,20910,2647.12,2637.99,BULLISH_LONDON_BREAKOUT,1,0,-0.09139427036906872,-0.12148291905025249,-0.4547147031942917
2024-10-14,12:00:00,2660.44,2663.01,2651.06,2652.2,13000,2666.77,2655.3,BEARISH_LONDON_BREAKOUT,0,1,-0.20662091848276973,-0.10444159565643547,-0.16740818942762992
2024-10-15,16:00:00,2647.77,2665.12,2646.09,2664.69,21296,2653.92,2638.33,BULLISH_LONDON_BREAKOUT,1,0,-0.11295873065910925,0.09457010008668858,0.19852215454705663
2024-10-16,12:00:00,2676.05,2682.73,2672.95,2678.34,15347,2677.67,2665.6,BULLISH_LONDON_BREAKOUT,1,0,-0.3121336350127365,-0.157933645466969,0.10752929053068894
2024-10-17,16:00:00,2681.15,2696.74,2673.15,2693.37,23190,2685.72,2676.41,BULLISH_LONDON_BREAKOUT,1,0,-0.04641025926627237,0.6166995251302319,0.7967713310833654
2024-10-18,16:00:00,2709.8,2720.11,2704.99,2714.83,21255,2714.07,2702.25,BULLISH_LONDON_BREAKOUT,1,0,0.2607898100433518,0.6147714589863842,0.20148591256175358
2024-10-21,12:00:00,2730.32,2738.1,2727.75,2734.39,17014,2732.5,2723.53,BULLISH_LONDON_BREAKOUT,1,0,-0.5152886018453728,-0.4746945388185306,-0.09289091899838589
2024-10-21,16:00:00,2734.41,2740.56,2716.9,2720.3,22820,2732.5,2723.53,BEARISH_LONDON_BREAKOUT,1,1,-0.01396904753152627,0.3944417895085107,0.6337536301143176
2024-10-22,16:00:00,2731.88,2744.19,2731.55,2737.54,21390,2737.14,2729.02,BULLISH_LONDON_BREAKOUT,1,0,0.39597594920987983,0.3130547864140858,-0.5738728931814708
2024-10-23,16:00:00,2749.96,2750.44,2708.78,2721.83,23889,2755.59,2745.39,BEARISH_LONDON_BREAKOUT,0,1,-0.2116223276251553,0.03931178655537502,0.340212283647407
2024-10-24,12:00:00,2733.6,2739.62,2732.48,2738.56,15636,2737.08,2722.85,BULLISH_LONDON_BREAKOUT,1,0,-0.27277109137648253,-0.17235335358727943,-0.524363168964716
2024-10-25,16:00:00,2724.21,2742.01,2723.28,2737.11,21112,2732.6,2723.87,BULLISH_LONDON_BREAKOUT,1,0,0.3755786212464879,-0.27145419804101006,0.13408302918041556
2024-10-29,16:00:00,2751.67,2771.72,2748.23,2764.24,22811,2756.89,2748.95,BULLISH_LONDON_BREAKOUT,1,0,0.290495760136609,0.5328770294909276,0.7394437530749882
2024-10-31,16:00:00,2779.43,2781.94,2731.64,2740.66,24495,2786.55,2778.11,BEARISH_LONDON_BREAKOUT,0,1,0.21345223413339723,0.4082958119577056,0.150693628542034
2024-11-01,16:00:00,2753.05,2762.26,2739.74,2744.79,24337,2757.67,2747.08,BEARISH_LONDON_BREAKOUT,0,1,-0.32607230425642103,-0.13990141322287483,-0.22879710287489188
2024-11-05,12:00:00,2736.3,2744.9,2732.09,2741.71,16544,2741.32,2731.7,BULLISH_LONDON_BREAKOUT,1,0,0.013130491554545423,0.14589435060600864,-1.5435622294115776
2024-11-06,12:00:00,2725.56,2733.67,2696.27,2699.39,20523,2743.65,2701.5,BEARISH_LONDON_BREAKOUT,0,1,-0.8750125028247082,-1.308443759516028,-1.2302779516853821
2024-11-07,16:00:00,2666.19,2700.09,2664.23,2698.79,22911,2667.57,2652.82,BULLISH_LONDON_BREAKOUT,1,0,-0.16822353721482455,-0.1341341860611567,-0.41722401520680613
2024-11-11,12:00:00,2669.37,2675.33,2658.97,2662.6,18318,2674.26,2667.04,BEARISH_LONDON_BREAKOUT,0,1,-1.8046270562607876,-1.4493352362352472,-2.432584691654773
2024-11-13,20:00:00,2605.29,2605.95,2577.56,2580.98,20102,2612.42,2603.6,BEARISH_LONDON_BREAKOUT,0,1,-0.3893869770397361,-0.9387906919077257,-0.1937248641988702
2024-11-14,16:00:00,2553.68,2572.89,2550.08,2570.27,23609,2565.3,2550.15,BULLISH_LONDON_BREAKOUT,1,0,0.2221556490174198,-0.09843323853136829,0.018286016644158003
2024-11-15,12:00:00,2563.74,2573.34,2560.92,2570.78,18739,2569.49,2554.58,BULLISH_LONDON_BREAKOUT,1,0,-0.0015559480002341065,0.02411719400337216,0.9203432421288423
2024-11-18,12:00:00,2582.53,2597.26,2582.08,2594.44,18323,2593.11,2580.41,BULLISH_LONDON_BREAKOUT,1,0,0.7134487596552537,0.7026564499468101,1.3544348684109044
2024-11-19,12:00:00,2619.02,2636.49,2618.7,2629.58,19673,2626.61,2617.73,BULLISH_LONDON_BREAKOUT,1,0,-0.19394732238608103,0.21296176575726578,-0.05590246351127556
2024-11-20,16:00:00,2628.09,2648.88,2627.07,2648.88,21054,2638.79,2621.3,BULLISH_LONDON_BREAKOUT,1,0,0.07361601884569395,0.30352450847150353,0.7123765515991622
2024-11-21,12:00:00,2662.92,2673.47,2662.03,2671.51,17299,2664.48,2654.63,BULLISH_LONDON_BREAKOUT,1,0,-0.1407443730324879,-0.08534499215800052,1.0215196649086082
2024-11-22,16:00:00,2698.8,2704.98,2684.6,2703.66,23230,2698.93,2682.94,BULLISH_LONDON_BREAKOUT,1,0,0.4320069831265873,-1.1669366710311107,-2.7854833817861695
2024-11-25,12:00:00,2667.74,2688.73,2667.21,2686.78,17499,2676.34,2657.72,BULLISH_LONDON_BREAKOUT,1,0,-2.1747221581223726,-2.8420637342841664,-1.9971862229136847
2024-11-25,16:00:00,2686.82,2687.8,2626.32,2628.35,21843,2676.34,2657.72,BEARISH_LONDON_BREAKOUT,1,1,-0.10272604485703266,0.07571289972797522,0.039949017444411206
2024-11-26,12:00:00,2614.03,2633.21,2612.51,2633.12,17819,2631.42,2610.89,BULLISH_LONDON_BREAKOUT,1,0,-0.14127726803183296,-0.03152154098559607,0.6832199064228078
2024-11-27,12:00:00,2646.24,2653.79,2643.46,2651.11,16249,2648.41,2636.59,BULLISH_LONDON_BREAKOUT,1,0,-0.3213748203582643,-0.5284578912229299,-0.15804700672548683
2024-11-27,20:00:00,2642.47,2644.24,2633.89,2634.73,16810,2648.41,2636.59,BEARISH_LONDON_BREAKOUT,1,1,0.08995229112660086,0.10095911155981274,0.08881365453007123
2024-11-28,12:00:00,2637.2,2649.57,2635.69,2646.92,13346,2639.6,2629.34,BULLISH_LONDON_BREAKOUT,1,0,-0.33170628504073413,-0.30677164402399354,0.4786695480029647
2024-11-29,20:00:00,2658.92,2662.28,2648.54,2650.33,16019,2666.37,2658.36,BEARISH_LONDON_BREAKOUT,0,1,-0.17318598061374038,-0.7712247154127997,-0.48107216837148586
2024-12-02,12:00:00,2629.53,2646.27,2626.6,2641.79,18238,2633.6,2621.86,BULLISH_LONDON_BREAKOUT,1,0,0.019305092380553272,0.014762717702764895,0.0722994636212513
2024-12-04,16:00:00,2646.24,2656.99,2632.31,2655.05,22070,2651.37,2640.34,BULLISH_LONDON_BREAKOUT,1,0,-0.12843449275909338,-0.230504133632148,-0.5581815785013526
2024-12-05,16:00:00,2651.35,2654.49,2631.84,2640.23,21211,2655.54,2645.44,BEARISH_LONDON_BREAKOUT,0,1,-0.39504134109527717,0.017801479416558404,-0.10302132768735299
2024-12-06,20:00:00,2637.59,2641.62,2631.07,2632.67,20120,2644.35,2635.25,BEARISH_LONDON_BREAKOUT,0,1,0.27956409272716015,0.6791584209186913,1.0449467650711923
2024-12-09,12:00:00,2650.76,2660.35,2646.1,2656.29,16726,2651.15,2634.59,BULLISH_LONDON_BREAKOUT,1,0,0.4528872976971716,0.15962112570541004,0.6896837318214564
2024-12-10,12:00:00,2664.66,2676.73,2661.28,2674.61,16951,2673.81,2663.69,BULLISH_LONDON_BREAKOUT,1,0,0.47520946979185885,0.7930128130830303,0.8102115822493773
2024-12-11,16:00:00,2696.26,2716.12,2690.5,2712.96,24125,2697.84,2674.85,BULLISH_LONDON_BREAKOUT,1,0,0.18430054258079734,-0.09989089407879351,-1.2241242038216573
2024-12-12,16:00:00,2710.92,2712.4,2675.03,2679.75,24354,2720.3,2708.99,BEARISH_LONDON_BREAKOUT,0,1,0.12650433809123512,0.30562552476910365,-0.740367571601834
2024-12-13,12:00:00,2682.78,2684.71,2664.34,2664.9,18758,2690.51,2680.87,BEARISH_LONDON_BREAKOUT,0,1,-0.18724905249728832,-0.5065856129685917,-0.052159555705650215
2024-12-16,12:00:00,2653.75,2664.15,2652.29,2663.51,14368,2655.9,2649.58,BULLISH_LONDON_BREAKOUT,1,0,-0.3424053223002859,-0.44114720800747886,-0.7981948631692848
2024-12-17,12:00:00,2653.42,2653.69,2636.26,2642.25,16699,2657.1,2646.46,BEARISH_LONDON_BREAKOUT,0,1,-0.07872078720786933,0.1964235026965675,0.1460876147223059
2024-12-18,16:00:00,2646.1,2647.75,2633.52,2638.19,17691,2649.46,2642.64,BEARISH_LONDON_BREAKOUT,0,1,-1.2804233205341617,-1.0537527623105303,-1.8857625872283648
2024-12-19,16:00:00,2616.72,2616.72,2586.98,2588.44,22851,2622.63,2603.27,BEARISH_LONDON_BREAKOUT,0,1,0.31717945944275455,0.3882647463336885,1.6148722782834344
2024-12-20,16:00:00,2603.71,2631.18,2600.15,2630.24,20371,2607.5,2596.46,BULLISH_LONDON_BREAKOUT,1,0,-0.2741194719873313,-0.2338189670904418,-0.7805371372954464
2024-12-23,12:00:00,2629.79,2632.1,2613.01,2616.18,14841,2633.22,2623.87,BEARISH_LONDON_BREAKOUT,0,1,-0.24730714247489854,-0.016436177938820584,-0.03860590632142145
2024-12-24,12:00:00,2618.51,2619.87,2612.32,2615.17,10537,2621.46,2616.38,BEARISH_LONDON_BREAKOUT,0,1,-0.1338345117143436,0.12121582918127971,0.48524570104429365
2024-12-26,16:00:00,2627.83,2639.14,2621.73,2636.5,16750,2629.61,2623.64,BULLISH_LONDON_BREAKOUT,1,0,-0.06068651621467511,-0.10544282192301156,-0.6975156457424567
2024-12-27,12:00:00,2633.38,2633.46,2623.49,2628.66,11543,2638.34,2631.21,BEARISH_LONDON_BREAKOUT,0,1,-0.401345172064844,-0.17423325953146954,-0.4724840793408076
2024-12-30,16:00:00,2616.24,2622.5,2599.6,2601.61,18158,2626.64,2615.82,BEARISH_LONDON_BREAKOUT,0,1,0.21294506094303003,0.11838822882753093,0.9313463586010209
2024-12-31,16:00:00,2611.0,2626.65,2605.33,2625.84,17467,2614.11,2602.59,BULLISH_LONDON_BREAKOUT,1,0,-0.07578527252232567,-0.07997440818939325,0.615802943058224
2025-01-02,12:00:00,2636.24,2646.37,2631.22,2642.01,15020,2636.5,2631.1,BULLISH_LONDON_BREAKOUT,1,0,0.4576061407791677,0.6196040136108452,0.5908380361921292
2025-01-03,16:00:00,2657.61,2658.32,2641.03,2643.84,18962,2664.32,2651.99,BEARISH_LONDON_BREAKOUT,0,1,-0.14599975792786732,-0.1361655773420617,-0.35705640280803885
2025-01-06,12:00:00,2626.65,2649.45,2625.83,2645.62,15026,2640.81,2625.18,BULLISH_LONDON_BREAKOUT,1,0,-0.424097187048775,-0.4127576900688713,0.10734723807652442
2025-01-07,12:00:00,2640.44,2648.72,2640.1,2648.46,9775,2646.78,2637.88,BULLISH_LONDON_BREAKOUT,1,0,-0.026808031837371012,0.05021786245591503,0.0815568292517106
2025-01-08,16:00:00,2650.75,2667.77,2645.87,2665.9,20657,2654.41,2645.25,BULLISH_LONDON_BREAKOUT,1,0,-0.2850819610638024,-0.24419520612176818,0.09077609812821459
2025-01-09,12:00:00,2662.3,2673.22,2660.46,2670.12,13223,2666.96,2655.51,BULLISH_LONDON_BREAKOUT,1,0,-0.06741270055277393,-0.011984480098261838,0.4217038934579801
2025-01-10,12:00:00,2676.16,2683.08,2675.63,2681.38,16191,2678.68,2671.57,BULLISH_LONDON_BREAKOUT,1,0,0.41806830811000445,0.3643646182189761,-0.20138883709135189
2025-01-13,12:00:00,2684.96,2689.71,2675.54,2675.98,17457,2691.4,2683.34,BEARISH_LONDON_BREAKOUT,0,1,-0.5287782419898538,-0.30045067601401965,-0.24888078386235526
2025-01-15,12:00:00,2681.37,2689.06,2681.2,2686.91,15250,2684.02,2674.23,BULLISH_LONDON_BREAKOUT,1,0,-0.3129989467455127,0.29922848178762834,0.7249963712963969
2025-01-16,12:00:00,2698.48,2711.04,2697.14,2706.39,15485,2699.91,2690.03,BULLISH_LONDON_BREAKOUT,1,0,0.3887096833789654,0.306681594300902,0.06170581475692981
2025-01-17,12:00:00,2710.63,2712.97,2702.82,2708.06,13876,2716.54,2708.65,BEARISH_LONDON_BREAKOUT,0,1,0.23079252306078893,-0.427612386727027,0.008493164848637704
2025-01-21,16:00:00,2724.24,2740.36,2721.9,2738.86,21137,2732.84,2722.7,BULLISH_LONDON_BREAKOUT,1,0,0.14276012647597372,0.41586645538654304,0.7499470582651163
2025-01-22,16:00:00,2756.52,2761.63,2750.25,2759.4,20595,2758.68,2745.59,BULLISH_LONDON_BREAKOUT,1,0,-0.14894542291803026,-0.34029136768862334,-0.4627817641516265
2025-01-23,16:00:00,2751.85,2753.41,2735.58,2746.63,21757,2755.59,2749.87,BEARISH_LONDON_BREAKOUT,0,1,0.2697851548989072,0.9324153599137732,1.062756905735394
2025-01-27,12:00:00,2749.69,2771.88,2749.39,2771.16,19599,2761.07,2747.32,BULLISH_LONDON_BREAKOUT,1,0,-1.0569580969702206,-1.0667013091990338,-1.0241198631619848
2025-01-27,16:00:00,2771.35,2771.52,2739.58,2741.87,21715,2761.07,2747.32,BEARISH_LONDON_BREAKOUT,1,1,-0.09190807733408154,-0.10977909237125626,0.49491770215218683
2025-01-28,16:00:00,2742.8,2757.23,2741.25,2755.44,19067,2744.89,2738.28,BULLISH_LONDON_BREAKOUT,1,0,0.3440466858287612,0.2671079754957512,-0.04500188717592241
2025-01-29,16:00:00,2758.9,2761.07,2748.52,2754.2,20291,2764.31,2757.37,BEARISH_LONDON_BREAKOUT,0,1,0.037760511219227494,0.2744898700167163,1.4962602570619432
2025-01-30,12:00:00,2769.28,2779.44,2768.58,2777.68,15443,2769.58,2758.7,BULLISH_LONDON_BREAKOUT,1,0,0.638302468246883,0.673223697474161,0.8103885256761117
2025-01-31,16:00:00,2800.15,2817.23,2799.77,2809.2,20493,2801.15,2792.18,BULLISH_LONDON_BREAKOUT,1,0,-0.38195927666239565,-1.2384308699985749,0.2947458351132066
2025-02-03,12:00:00,2789.31,2804.31,2787.12,2801.24,18426,2790.02,2774.09,BULLISH_LONDON_BREAKOUT,1,0,0.5797432565578186,0.45586954348789954,0.5072753494880852
2025-02-04,16:00:00,2815.55,2845.49,2814.53,2835.86,22399,2821.53,2807.19,BULLISH_LONDON_BREAKOUT,1,0,0.252480728949943,0.584302469092258,1.5642521139971535
2025-02-05,12:00:00,2864.15,2877.17,2863.58,2868.33,16654,2864.25,2851.84,BULLISH_LONDON_BREAKOUT,1,0,0.41452691984534107,0.03137714279738004,-0.07879149191340479
2025-02-06,16:00:00,2866.06,2870.3,2834.1,2850.56,22148,2872.25,2855.05,BEARISH_LONDON_BREAKOUT,0,1,0.11401268522676247,0.5809384822631323,1.045759429726087
2025-02-07,16:00:00,2867.74,2886.68,2852.39,2880.37,21401,2869.52,2859.02,BULLISH_LONDON_BREAKOUT,1,0,-0.6620677204664578,-0.1687283230973685,0.9929279918899278
2025-02-10,12:00:00,2895.5,2906.26,2892.23,2904.61,17177,2896.51,2874.3,BULLISH_LONDON_BREAKOUT,1,0,0.15010621047230685,0.45513855560642563,-0.02168965885265523
2025-02-11,12:00:00,2913.05,2915.38,2901.82,2903.98,18198,2929.26,2907.31,BEARISH_LONDON_BREAKOUT,0,1,0.02617097913896664,-0.1876734688255366,-0.840226172356562
2025-02-12,12:00:00,2892.93,2894.16,2879.38,2879.58,15856,2895.86,2883.66,BEARISH_LONDON_BREAKOUT,0,1,0.5191729349419107,0.9098549093965187,1.3304023503427564
2025-02-12,20:00:00,2894.47,2909.15,2892.13,2897.97,17475,2895.86,2883.66,BULLISH_LONDON_BREAKOUT,1,1,0.2694989941234865,0.5672936572842389,0.997594868131841
2025-02-13,20:00:00,2920.22,2927.37,2912.93,2926.88,17050,2922.71,2912.56,BULLISH_LONDON_BREAKOUT,1,0,0.14793910238888944,0.1704887115289927,-1.5162903843000093
2025-02-14,16:00:00,2931.13,2933.32,2892.95,2901.89,23084,2936.84,2923.65,BEARISH_LONDON_BREAKOUT,0,1,-0.6681852172204967,0.04721061101559142,-0.09166439803024423
2025-02-18,16:00:00,2914.18,2929.57,2912.12,2927.13,18079,2915.54,2907.23,BULLISH_LONDON_BREAKOUT,1,0,0.3002941447766229,0.05978552370410607,-0.05876062901204438
2025-02-19,16:00:00,2933.85,2941.64,2925.41,2925.41,19913,2935.84,2926.48,BEARISH_LONDON_BREAKOUT,0,1,0.2201400829285486,0.5640235043976742,0.44882597652978934
2025-02-20,16:00:00,2948.73,2950.8,2924.26,2938.54,21372,2954.18,2939.22,BEARISH_LONDON_BREAKOUT,0,1,-0.021779523164560385,-0.2501242113430448,-0.33145711816071183
2025-02-21,20:00:00,2928.67,2942.72,2927.35,2935.89,22924,2933.9,2924.22,BULLISH_LONDON_BREAKOUT,1,0,0.03780795602015496,0.2707867120362232,0.4550579211074028
2025-02-24,12:00:00,2944.28,2948.74,2934.91,2947.74,14598,2944.84,2935.37,BULLISH_LONDON_BREAKOUT,1,0,-0.3806305847869826,0.07395496210657287,-0.30871108035308104
2025-02-25,16:00:00,2938.64,2944.84,2900.53,2905.7,23061,2940.96,2930.67,BEARISH_LONDON_BREAKOUT,0,1,0.22197749251472187,0.39852703307293885,0.2722235605878208
2025-02-27,12:00:00,2891.83,2894.88,2877.1,2883.9,16794,2906.53,2887.91,BEARISH_LONDON_BREAKOUT,0,1,-0.40362009778424607,-0.2718540864801188,-0.7528000277402142
2025-02-28,16:00:00,2862.27,2864.93,2832.57,2850.16,22649,2867.0,2856.98,BEARISH_LONDON_BREAKOUT,0,1,0.3122631711903925,0.5143570887248544,1.322381901366943
2025-03-03,12:00:00,2863.48,2875.43,2858.83,2874.36,15866,2868.43,2860.11,BULLISH_LONDON_BREAKOUT,1,0,0.4693218664328679,0.5775198652917487,1.5906149542854686
2025-03-04,12:00:00,2899.66,2921.68,2896.77,2920.08,15690,2901.13,2884.29,BULLISH_LONDON_BREAKOUT,1,0,-0.48115120133694034,-0.1969124133585381,-0.23560998328813285
2025-03-06,12:00:00,2910.23,2911.37,2891.12,2905.79,19239,2923.06,2909.8,BEARISH_LONDON_BREAKOUT,0,1,0.29871394698171017,0.1534866593938322,0.44600607752108845
2025-03-07,12:00:00,2917.17,2923.02,2915.32,2918.75,17321,2917.24,2904.69,BULLISH_LONDON_BREAKOUT,1,0,-0.10175588865095674,-0.08462526766594604,-0.5063811563169233
2025-03-10,12:00:00,2907.99,2915.32,2895.7,2903.97,15820,2915.37,2904.37,BEARISH_LONDON_BREAKOUT,0,1,0.01893958959631752,-0.6687396908370135,0.33436984541851456
2025-03-11,12:00:00,2901.22,2915.3,2900.41,2913.68,12602,2903.49,2892.81,BULLISH_LONDON_BREAKOUT,1,0,0.10982674830455894,0.06349358886358021,0.05559979132919009
2025-03-12,16:00:00,2915.17,2929.36,2905.97,2928.26,18568,2921.14,2909.02,BULLISH_LONDON_BREAKOUT,1,0,0.10484041717606048,0.5931850313838215,1.6900821648350821
2025-03-13,12:00:00,2935.2,2948.83,2934.81,2946.3,13160,2946.18,2932.99,BULLISH_LONDON_BREAKOUT,1,0,1.0674405186165636,1.3627261310796468,1.5992940298000844
2025-03-17,12:00:00,2985.32,3001.19,2983.04,2997.39,10832,2990.72,2982.22,BULLISH_LONDON_BREAKOUT,1,0,-0.008340589646325638,0.07706704833204707,0.9815205895796033
2025-03-18,12:00:00,3016.41,3029.45,3016.38,3026.81,14790,3018.87,3006.12,BULLISH_LONDON_BREAKOUT,1,0,0.1615562258615464,0.16552079582135049,0.39678737680925524
2025-03-19,16:00:00,3038.8,3041.15,3025.98,3031.48,15723,3045.32,3034.24,BEARISH_LONDON_BREAKOUT,0,1,0.5432989826751224,0.6125720770052965,0.30546135880823105
2025-03-19,20:00:00,3031.51,3051.84,3028.93,3047.95,15994,3045.32,3034.24,BULLISH_LONDON_BREAKOUT,1,1,0.07053921488213688,-0.18602667366589407,-0.11122229695368603
2025-03-20,12:00:00,3042.23,3046.25,3025.52,3034.42,15516,3057.26,3041.8,BEARISH_LONDON_BREAKOUT,0,1,0.2082770348204833,0.3908489925587139,-0.005931940865150211
2025-03-21,12:00:00,3031.97,3037.57,3027.23,3034.24,12341,3033.97,3021.59,BULLISH_LONDON_BREAKOUT,1,0,-0.7652657667158762,-0.3147410883779704,-0.3173776629402966
2025-03-21,16:00:00,3034.24,3038.08,2999.55,3011.02,17971,3033.97,3021.59,BEARISH_LONDON_BREAKOUT,1,1,0.3958791373023119,0.19827168202136816,0.10063035117668431
2025-03-24,16:00:00,3024.51,3028.65,3005.79,3014.05,17634,3028.9,3016.5,BEARISH_LONDON_BREAKOUT,0,1,-0.26542359947578836,0.04313133491480656,0.24750750651117387
2025-03-25,16:00:00,3021.37,3035.95,3014.13,3021.51,19156,3020.97,3010.54,BULLISH_LONDON_BREAKOUT,1,0,-0.06155862466118356,-0.12940549592754313,-0.18732355676467424
2025-03-27,12:00:00,3035.94,3055.78,3033.66,3054.57,15739,3038.54,3026.81,BULLISH_LONDON_BREAKOUT,1,0,-0.07693390559065151,0.035356858739525605,0.7143394978671207
2025-04-01,16:00:00,3130.44,3137.03,3113.36,3113.68,17788,3149.04,3124.19,BEARISH_LONDON_BREAKOUT,0,1,0.16122401788237656,0.3789727910382628,0.38957118265204227
2025-04-03,12:00:00,3129.12,3131.97,3085.32,3093.16,18543,3149.66,3116.39,BEARISH_LONDON_BREAKOUT,0,1,0.5599451693413908,0.636565842051496,0.5515395259217094
2025-04-04,12:00:00,3092.69,3136.58,3078.54,3110.22,19203,3109.87,3092.1,BULLISH_LONDON_BREAKOUT,1,0,-2.8409565882799184,-3.546051404723781,-2.5409778086437536
2025-04-04,16:00:00,3110.82,3111.66,3017.03,3021.86,22418,3109.87,3092.1,BEARISH_LONDON_BREAKOUT,1,1,0.5122672790930095,-0.09662922835604802,-1.1383717313178006
2025-04-07,16:00:00,3031.43,3037.97,2979.81,2987.46,26659,3044.45,3013.27,BEARISH_LONDON_BREAKOUT,0,1,-0.36854049928702703,0.24335053858461644,0.4672865912849054
2025-04-08,12:00:00,3003.13,3019.58,2994.89,3017.5,13747,3015.7,2990.98,BULLISH_LONDON_BREAKOUT,1,0,-0.5328914664457308,-1.301739850869932,1.6285004142502029
2025-04-08,20:00:00,3001.53,3001.53,2974.73,2985.13,20092,3015.7,2990.98,BEARISH_LONDON_BREAKOUT,1,1,-0.23148070603291343,1.8732852505586046,3.6477473342869446
2025-04-09,12:00:00,3041.06,3068.01,3036.29,3066.64,16074,3052.56,2999.39,BULLISH_LONDON_BREAKOUT,1,0,0.6384838129027185,0.6554404820911457,1.8939295124305404
2025-04-10,16:00:00,3124.74,3174.95,3116.14,3157.9,18823,3132.58,3106.59,BULLISH_LONDON_BREAKOUT,1,0,0.41008264986224446,1.8958801735330404,2.6172456379239395
2025-04-11,16:00:00,3213.94,3244.05,3211.16,3240.55,22867,3219.24,3187.15,BULLISH_LONDON_BREAKOUT,1,0,-0.09319405656447151,-0.24995756893121118,-1.3139744796408135
2025-04-14,16:00:00,3223.53,3227.67,3193.57,3197.97,21595,3238.06,3221.49,BEARISH_LONDON_BREAKOUT,0,1,0.46279358468028725,0.948101451858528,0.7292125942394758
2025-04-16,12:00:00,3300.23,3317.76,3288.62,3306.86,18544,3300.61,3269.32,BULLISH_LONDON_BREAKOUT,1,0,0.5570238836842222,1.3087944454860425,0.6232498503111614
2025-04-17,16:00:00,3327.42,3342.17,3283.84,3296.32,20747,3345.4,3314.23,BEARISH_LONDON_BREAKOUT,0,1,0.7405227647801139,1.5693257936122713,3.2803247257547707
2025-04-21,12:00:00,3385.25,3405.85,3383.66,3404.45,15867,3395.93,3369.91,BULLISH_LONDON_BREAKOUT,1,0,0.5425252243387407,0.8850181380252349,1.5338747815359384
2025-04-22,12:00:00,3468.55,3472.68,3443.19,3456.67,17211,3499.98,3460.92,BEARISH_LONDON_BREAKOUT,0,1,-1.1296999713597242,-3.4718385035308605,-3.8207291989110956
2025-04-23,16:00:00,3324.74,3333.34,3259.98,3280.35,21330,3349.24,3291.82,BEARISH_LONDON_BREAKOUT,0,1,0.40392031338119405,1.4208849665432082,1.4970963464264524
2025-04-24,20:00:00,3329.42,3346.98,3322.5,3342.32,17092,3339.68,3314.81,BULLISH_LONDON_BREAKOUT,1,0,0.19896359415016024,-1.0573493860551997,-0.7090882979487383
2025-04-25,16:00:00,3293.45,3303.03,3265.19,3282.89,21520,3327.63,3287.22,BEARISH_LONDON_BREAKOUT,0,1,1.088370307868982,0.2427738973891984,1.2811882213537447
2025-04-28,16:00:00,3294.41,3335.95,3286.99,3324.95,22966,3300.91,3277.66,BULLISH_LONDON_BREAKOUT,1,0,0.8153506067760456,-0.26797395449555195,-0.3795545797681136
2025-04-30,12:00:00,3307.23,3307.62,3268.28,3271.78,19491,3314.66,3301.35,BEARISH_LONDON_BREAKOUT,0,1,1.1067370055443697,0.0311756902970243,-2.023974717126465
2025-05-01,12:00:00,3230.13,3236.62,3203.4,3205.56,17133,3243.18,3221.24,BEARISH_LONDON_BREAKOUT,0,1,0.33972223262081735,0.9904665643444515,1.7809680679818858
2025-05-02,16:00:00,3262.67,3264.95,3230.21,3231.54,23522,3263.15,3246.44,BEARISH_LONDON_BREAKOUT,0,1,0.27107818563286296,0.7123538622452448,2.4895251180551634
2025-05-05,12:00:00,3264.67,3318.94,3263.08,3312.92,17032,3267.69,3253.64,BULLISH_LONDON_BREAKOUT,1,0,-0.02807191239149424,0.6375040749550213,1.9997464472429154
2025-05-06,16:00:00,3379.36,3399.81,3373.27,3395.08,18357,3379.51,3350.2,BULLISH_LONDON_BREAKOUT,1,0,0.8300246238674874,-0.5761278084757928,-0.2913038868008964
2025-05-07,20:00:00,3385.08,3397.92,3363.89,3371.92,16209,3397.4,3375.05,BEARISH_LONDON_BREAKOUT,0,1,0.1340482573726536,-0.8591544283375718,-1.9439962988445807
2025-05-08,20:00:00,3330.08,3330.11,3288.75,3306.37,16739,3399.23,3320.32,BEARISH_LONDON_BREAKOUT,0,1,0.30244648965481785,0.6260642335854811,0.6284838055027174
2025-05-09,12:00:00,3327.48,3338.33,3320.3,3332.94,14223,3332.15,3308.13,BULLISH_LONDON_BREAKOUT,1,0,0.3636429098633606,-1.360960593350019,-3.244882896181752
2025-05-14,12:00:00,3237.89,3243.79,3219.5,3220.16,15845,3238.89,3221.83,BEARISH_LONDON_BREAKOUT,0,1,-1.1667122130577274,-1.0592641359435455,-1.2729181158700122
2025-05-15,12:00:00,3142.27,3180.02,3139.16,3179.17,16050,3153.81,3120.78,BULLISH_LONDON_BREAKOUT,1,0,1.2764337861768928,1.824060997052683,-0.5035905598002063
2025-05-16,12:00:00,3207.68,3212.88,3154.35,3163.16,18000,3231.23,3205.41,BEARISH_LONDON_BREAKOUT,0,1,0.6439762768876802,2.2667206211510096,2.5487171056791422
2025-05-19,12:00:00,3232.39,3248.47,3230.07,3243.78,16571,3234.6,3206.69,BULLISH_LONDON_BREAKOUT,1,0,-0.37641270369753915,-0.6550999142975171,-0.08169481284181081
2025-05-20,12:00:00,3222.91,3241.74,3218.3,3241.13,16074,3225.36,3207.97,BULLISH_LONDON_BREAKOUT,1,0,1.1128834696540932,1.5260109899942313,2.161591790517503
2025-05-22,12:00:00,3327.5,3329.91,3283.15,3314.56,19958,3339.41,3322.61,BEARISH_LONDON_BREAKOUT,0,1,-0.5976660552230143,-0.4377654952693499,1.0097871210658507
2025-05-23,12:00:00,3329.14,3349.74,3322.62,3348.03,17414,3334.33,3301.94,BULLISH_LONDON_BREAKOUT,1,0,0.40770243994228356,-0.16128887733981148,-0.44593387753396146
2025-05-27,12:00:00,3296.24,3310.38,3287.84,3288.35,18836,3341.46,3292.64,BEARISH_LONDON_BREAKOUT,0,1,0.15874222634452703,0.641050983015796,0.6945732662277478
2025-05-29,12:00:00,3286.28,3305.46,3276.25,3299.74,17649,3287.42,3266.04,BULLISH_LONDON_BREAKOUT,1,0,0.6630825458975589,0.47882560444156763,-0.17304393679500754
2025-06-02,16:00:00,3356.12,3378.78,3350.26,3374.24,19396,3358.82,3308.83,BULLISH_LONDON_BREAKOUT,1,0,0.21664137702120775,-0.3917919294418832,-0.7124567309972013
2025-06-03,16:00:00,3359.38,3363.13,3333.2,3350.2,17945,3367.67,3351.24,BEARISH_LONDON_BREAKOUT,0,1,0.07133902453585839,0.267446719598831,0.6426482001074623
2025-06-04,12:00:00,3354.49,3364.95,3343.8,3346.57,16561,3365.28,3348.03,BEARISH_LONDON_BREAKOUT,0,1,0.7518145444440084,0.9430551280863673,1.3646808523353646
2025-06-04,16:00:00,3346.62,3384.65,3344.39,3371.73,21650,3365.28,3348.03,BULLISH_LONDON_BREAKOUT,1,1,0.052495306563692286,-0.05872356327463996,-0.7984031936127767
2025-06-05,12:00:00,3371.22,3403.33,3369.76,3392.24,17804,3374.47,3361.2,BULLISH_LONDON_BREAKOUT,1,0,-1.398191165719402,-0.8946890550196894,-0.9990448789000742
2025-06-05,16:00:00,3392.49,3399.98,3339.61,3344.81,22423,3374.47,3361.2,BEARISH_LONDON_BREAKOUT,1,1,0.3740122757346522,0.7447358743844898,-0.3764040408872296
2025-06-06,16:00:00,3358.37,3364.17,3316.79,3332.22,22371,3375.6,3352.84,BEARISH_LONDON_BREAKOUT,0,1,-0.6032014692907404,-0.6428147001098253,-0.10773598381858614
2025-06-09,16:00:00,3317.45,3332.05,3310.73,3328.63,19427,3328.43,3309.29,BULLISH_LONDON_BREAKOUT,1,0,-0.04235976963496421,-0.6338944250337198,-0.05798181233721654
2025-06-10,12:00:00,3330.13,3342.47,3326.18,3333.67,15759,3332.15,3302.85,BULLISH_LONDON_BREAKOUT,1,0,-0.20907888303282135,-0.17158267015032247,-0.015298454856066084
2025-06-12,12:00:00,3346.62,3388.57,3346.62,3379.27,18646,3375.77,3338.67,BULLISH_LONDON_BREAKOUT,1,0,0.19471661039218313,0.49330180778689103,1.2700967960535876
2025-06-13,20:00:00,3426.26,3439.45,3419.3,3434.15,18189,3430.3,3407.91,BULLISH_LONDON_BREAKOUT,1,0,0.2900281001121103,-0.6283942169095679,-1.4577115152221056
2025-06-16,16:00:00,3415.06,3417.99,3382.76,3404.52,18026,3433.27,3409.52,BEARISH_LONDON_BREAKOUT,0,1,-0.6000845934228566,-0.48817454442916747,-0.7410736315251495
2025-06-17,16:00:00,3388.72,3397.45,3366.15,3379.29,20717,3396.26,3381.18,BEARISH_LONDON_BREAKOUT,0,1,0.19382769753410278,0.34977761600810126,0.39623707938649455
2025-06-18,20:00:00,3392.69,3395.73,3362.98,3366.73,17216,3400.01,3377.1,BEARISH_LONDON_BREAKOUT,0,1,0.24771811223353654,-0.03178158034651319,0.11583940500129476
2025-06-20,16:00:00,3347.28,3374.51,3341.97,3369.84,16533,3357.65,3340.37,BULLISH_LONDON_BREAKOUT,1,0,-0.03560999928780811,-0.19288749614225006,0.5104099897917947
2025-06-23,12:00:00,3357.66,3381.99,3357.66,3380.69,13992,3364.92,3347.12,BULLISH_LONDON_BREAKOUT,1,0,0.18783147818936102,-1.0731537053086855,-1.7599957405145104
2025-06-24,16:00:00,3320.83,3320.99,3295.5,3313.19,20096,3353.3,3316.06,BEARISH_LONDON_BREAKOUT,0,1,0.31329323099490547,0.456961417848052,0.37546895891874765
2025-06-25,12:00:00,3330.59,3332.32,3321.61,3322.77,12532,3337.07,3325.81,BEARISH_LONDON_BREAKOUT,0,1,0.08607276459099267,0.48935075253478927,0.3051670744589566
2025-06-26,16:00:00,3333.11,3344.09,3309.99,3324.86,17901,3347.2,3331.08,BEARISH_LONDON_BREAKOUT,0,1,0.1909854851031294,-0.9179333866689118,-1.5128456536515877
2025-06-27,12:00:00,3285.13,3291.03,3276.13,3281.34,15102,3300.92,3283.76,BEARISH_LONDON_BREAKOUT,0,1,-0.2066229040574948,-0.5314901838882912,-0.10544472684939799
2025-06-30,20:00:00,3289.76,3309.41,3289.1,3308.57,12613,3296.79,3276.95,BULLISH_LONDON_BREAKOUT,1,0,0.11787569856462568,0.9363561901365247,0.8913216283772076
2025-07-01,12:00:00,3339.49,3352.92,3336.84,3349.03,13952,3339.89,3318.99,BULLISH_LONDON_BREAKOUT,1,0,-0.262464056756745,-0.3263631558988809,-0.20364105427542195
2025-07-02,20:00:00,3340.98,3359.45,3340.95,3358.2,12134,3343.86,3327.61,BULLISH_LONDON_BREAKOUT,1,0,-0.26442737180631454,-0.36180096480256196,-0.815019951164311
2025-07-04,12:00:00,3342.97,3344.18,3331.55,3334.76,9771,3343.33,3336.94,BEARISH_LONDON_BREAKOUT,0,1,-0.06987009559909503,-0.17782389137450041,-0.9889767179647115
2025-07-07,16:00:00,3301.98,3321.99,3300.6,3320.84,16782,3315.12,3300.69,BULLISH_LONDON_BREAKOUT,1,0,0.4881295094012369,0.3210031196926035,-0.6814540899290573
2025-07-08,12:00:00,3333.87,3333.87,3320.06,3324.97,14269,3339.46,3327.51,BEARISH_LONDON_BREAKOUT,0,1,-0.804819291602624,-0.68120915376679,-1.2066274282173943
2025-07-09,12:00:00,3291.75,3295.94,3282.77,3284.85,12853,3297.8,3285.83,BEARISH_LONDON_BREAKOUT,0,1,0.7543723457692194,0.9979146688585537,1.082850054035958
2025-07-09,16:00:00,3284.93,3312.86,3284.93,3309.63,16900,3297.8,3285.83,BULLISH_LONDON_BREAKOUT,1,1,0.18038270138957527,0.18400848433207612,0.3054722129059645
2025-07-11,12:00:00,3341.8,3350.23,3332.79,3347.58,15713,3343.76,3329.56,BULLISH_LONDON_BREAKOUT,1,0,0.33815472669809726,0.6040184252504871,0.49349082023431795
2025-07-14,16:00:00,3364.13,3366.54,3341.05,3345.14,20283,3374.92,3353.74,BEARISH_LONDON_BREAKOUT,0,1,-0.03288352654896085,0.3796552610653149,-0.482789957968877
2025-07-15,12:00:00,3363.8,3366.73,3353.72,3354.89,13543,3365.46,3357.37,BEARISH_LONDON_BREAKOUT,0,1,-0.7720074279633637,-0.7094122311014587,-0.4664832528041185
2025-07-16,16:00:00,3339.14,3377.48,3319.62,3343.47,21487,3341.91,3332.83,BULLISH_LONDON_BREAKOUT,1,0,0.10886892958514142,-0.06250990737167347,-0.2021851549438088
2025-07-17,12:00:00,3325.83,3332.52,3322.36,3324.28,14894,3344.74,3325.21,BEARISH_LONDON_BREAKOUT,0,1,0.37391555464641474,0.477095792171528,0.9036543251470984
2025-07-18,12:00:00,3349.65,3357.66,3346.25,3354.32,12778,3350.08,3331.8,BULLISH_LONDON_BREAKOUT,1,0,-0.020570488206255056,-0.15412960003816192,0.6275489517994624
2025-07-21,12:00:00,3364.74,3375.63,3362.85,3375.37,12854,3370.76,3350.72,BULLISH_LONDON_BREAKOUT,1,0,0.6698524902455176,0.627486764413984,0.47283705193801084
2025-07-22,16:00:00,3391.47,3430.55,3391.07,3426.59,22345,3392.62,3383.26,BULLISH_LONDON_BREAKOUT,1,0,0.141248296411292,-0.10214236310734578,-0.8273531411695114
2025-07-23,16:00:00,3428.11,3429.96,3398.24,3398.24,17826,3429.64,3416.41,BEARISH_LONDON_BREAKOUT,0,1,-0.2407128395875464,-0.42404303404114646,-0.7574509157681559
2025-07-24,12:00:00,3367.76,3374.7,3361.25,3362.26,12817,3385.36,3366.09,BEARISH_LONDON_BREAKOUT,0,1,0.30455705388636756,0.21354684051798004,-0.6302308566261994
2025-07-25,12:00:00,3354.02,3355.3,3338.67,3341.07,10245,3363.48,3352.71,BEARISH_LONDON_BREAKOUT,0,1,-0.3965795388902358,-0.22148593115379478,-0.13618391712835054
2025-07-28,16:00:00,3336.85,3338.36,3301.8,3314.83,17324,3345.2,3334.04,BEARISH_LONDON_BREAKOUT,0,1,0.06878180781518811,-0.0693851570065351,0.17828968604724388
2025-07-29,20:00:00,3320.72,3330.89,3319.09,3325.12,12383,3322.37,3308.96,BULLISH_LONDON_BREAKOUT,1,0,0.07428303339429117,0.07849340775671637,-1.676330478298521
2025-07-30,16:00:00,3330.74,3331.85,3288.7,3290.39,16777,3332.17,3323.25,BEARISH_LONDON_BREAKOUT,0,1,-0.6385261321606182,0.141928464406957,0.15530073942602937
2025-07-31,20:00:00,3295.49,3298.39,3289.65,3290.99,15338,3309.66,3293.77,BEARISH_LONDON_BREAKOUT,0,1,-0.07353410371953784,-0.125190292282866,2.195084154008376
2025-08-01,12:00:00,3286.71,3302.97,3285.43,3300.36,12361,3300.3,3285.31,BULLISH_LONDON_BREAKOUT,1,0,1.460143741894825,1.8676750415106191,2.1182537662557976
2025-08-04,12:00:00,3356.0,3370.66,3353.03,3370.27,13150,3362.65,3351.7,BULLISH_LONDON_BREAKOUT,1,0,0.11868485314232985,0.21452287205476173,-0.5604892189646489
2025-08-05,12:00:00,3373.6,3374.62,3349.99,3351.38,12151,3375.47,3365.72,BEARISH_LONDON_BREAKOUT,0,1,1.1365467359714414,0.949459625587063,0.4102787508429363
2025-08-05,16:00:00,3351.39,3390.01,3349.99,3389.47,17131,3375.47,3365.72,BULLISH_LONDON_BREAKOUT,1,1,-0.3112581022991715,-0.4395967511144704,-0.3563979029169731
2025-08-06,12:00:00,3373.38,3374.61,3358.24,3365.13,13048,3378.58,3369.06,BEARISH_LONDON_BREAKOUT,0,1,0.3643247066235112,0.14828550457188225,0.38839509914920695
2025-08-07,20:00:00,3390.21,3400.74,3384.37,3399.82,14683,3397.44,3371.68,BULLISH_LONDON_BREAKOUT,1,0,0.02147172497367561,0.05588531157530799,-0.07882770264308966
2025-08-08,12:00:00,3402.11,3402.7,3380.52,3386.12,19150,3404.24,3388.68,BEARISH_LONDON_BREAKOUT,0,1,0.2708114301914898,0.1603605306368437,-0.9128441992605063
2025-08-11,12:00:00,3360.16,3365.8,3349.83,3355.21,16174,3380.08,3357.31,BEARISH_LONDON_BREAKOUT,0,1,-0.17375961564253584,-0.18568137314803002,-0.2312820956065408
2025-08-13,12:00:00,3354.29,3366.98,3352.84,3362.31,13720,3360.96,3345.78,BULLISH_LONDON_BREAKOUT,1,0,-0.1347288025196887,0.013086241304342985,-0.20551347139317477
2025-08-14,16:00:00,3355.48,3358.34,3334.3,3341.74,19139,3366.27,3343.68,BEARISH_LONDON_BREAKOUT,0,1,-0.11311472466438877,0.05027321096196266,0.017655472897357232
2025-08-15,20:00:00,3342.38,3342.46,3334.43,3336.08,12099,3348.67,3340.12,BEARISH_LONDON_BREAKOUT,0,1,-0.26917819716553615,0.3890793985755743,-0.06414714275436659
2025-08-18,12:00:00,3349.02,3351.68,3344.55,3345.46,11451,3358.39,3346.01,BEARISH_LONDON_BREAKOUT,0,1,-0.2935321301106623,-0.43372211893133433,-0.1712768946572375
2025-08-19,16:00:00,3339.74,3340.55,3321.01,3322.64,16549,3341.74,3334.46,BEARISH_LONDON_BREAKOUT,0,1,-0.2028507451905648,-0.15379336912815328,0.5429417571569585
2025-08-20,12:00:00,3324.8,3332.89,3320.93,3332.29,12282,3327.56,3317.17,BULLISH_LONDON_BREAKOUT,1,0,0.2517788067665141,0.4372368551356624,0.03931230475138555
2025-08-21,12:00:00,3339.64,3342.12,3325.17,3333.6,11095,3341.47,3334.29,BEARISH_LONDON_BREAKOUT,0,1,0.29847612191025535,0.14158867290617513,-0.12628989680825645
2025-08-21,16:00:00,3333.59,3348.06,3333.59,3343.55,17014,3341.47,3334.29,BULLISH_LONDON_BREAKOUT,1,1,-0.14326090532517724,-0.34753480582017154,0.7288660256314363
2025-08-22,16:00:00,3329.36,3378.79,3321.44,3367.92,18139,3335.02,3325.81,BULLISH_LONDON_BREAKOUT,1,0,0.11698615169006552,-0.01959666500391501,0.1811206917028881
2025-08-25,12:00:00,3366.24,3371.45,3361.98,3370.59,9645,3369.79,3363.07,BULLISH_LONDON_BREAKOUT,1,0,0.10176259942620836,-0.46876066207993794,0.20471193470578256
2025-08-26,16:00:00,3377.48,3389.39,3370.39,3386.67,18710,3379.11,3367.32,BULLISH_LONDON_BREAKOUT,1,0,0.08651566287827973,-0.17805100585531508,0.03779523839050587
2025-08-27,16:00:00,3376.78,3390.39,3374.43,3387.95,17198,3381.92,3373.81,BULLISH_LONDON_BREAKOUT,1,0,0.2435100872208858,0.06434569577473963,0.6774007880871995
2025-08-28,12:00:00,3395.54,3407.7,3393.95,3404.08,15358,3397.64,3387.71,BULLISH_LONDON_BREAKOUT,1,0,0.20034781791262732,0.31579751357194896,0.19417875020563935
2025-08-29,16:00:00,3410.74,3447.61,3406.68,3445.44,21258,3412.65,3406.57,BULLISH_LONDON_BREAKOUT,1,0,0.07894492430574324,0.8440141172099914,0.830953376056472
2025-09-02,16:00:00,3489.7,3520.27,3474.03,3520.24,22653,3498.31,3472.1,BULLISH_LONDON_BREAKOUT,1,0,0.47439947276322847,0.30139990455196597,1.2391200599959193
2025-09-03,12:00:00,3533.81,3549.61,3532.38,3547.6,18402,3538.28,3527.09,BULLISH_LONDON_BREAKOUT,1,0,0.45833803134514084,0.35798849926711784,-0.06116811365430355
2025-09-04,12:00:00,3541.18,3549.73,3536.67,3545.43,17767,3541.63,3524.59,BULLISH_LONDON_BREAKOUT,1,0,0.2070270742900056,0.20251422253436935,0.22000152308747264
2025-09-05,16:00:00,3553.24,3597.63,3548.83,3591.98,23472,3561.09,3546.7,BULLISH_LONDON_BREAKOUT,1,0,-0.12834147183447925,-0.23468950272551173,1.3179360686863553
2025-09-08,12:00:00,3609.51,3622.36,3607.21,3619.93,15874,3613.63,3579.64,BULLISH_LONDON_BREAKOUT,1,0,0.535645716906137,0.41603014422930684,0.7765343528742304
2025-09-09,20:00:00,3645.38,3649.35,3628.41,3629.29,15755,3659.22,3636.65,BEARISH_LONDON_BREAKOUT,0,1,0.11710279421043784,0.4097220117433407,0.34772641480840305
2025-09-10,12:00:00,3644.36,3657.4,3642.27,3649.28,15528,3648.37,3636.52,BULLISH_LONDON_BREAKOUT,1,0,-0.13071071553840707,-0.11673535601543915,-0.8889424763240983
2025-09-11,12:00:00,3630.02,3631.66,3614.16,3616.84,14568,3638.04,3622.81,BEARISH_LONDON_BREAKOUT,0,1,0.4526050364406468,0.4138972141427268,0.8349830238550728
2025-09-12,12:00:00,3648.22,3652.14,3637.76,3647.04,16030,3656.63,3647.82,BEARISH_LONDON_BREAKOUT,0,1,-0.06964552075107384,28.811035798894448,28.849423093796606
2026-04-27,12:00:00,4706.85,4712.54,4696.98,4699.19,15329,4725.4,4705.42,BEARISH_LONDON_BREAKOUT,0,1,-0.47731630344802795,-0.183010263470927,-2.2416629248870388
2026-04-28,12:00:00,4629.53,4630.01,4554.93,4593.85,24264,4668.01,4614.78,BEARISH_LONDON_BREAKOUT,0,1,-0.033958444442034455,0.14062278916377408,-1.064466623855819
2026-04-29,12:00:00,4573.22,4580.77,4542.09,4544.95,19430,4607.63,4557.43,BEARISH_LONDON_BREAKOUT,0,1,0.010781196712830322,0.5551216184996639,2.0779106480819483
2026-04-30,12:00:00,4616.44,4647.05,4614.4,4639.39,21583,4629.7,4541.99,BULLISH_LONDON_BREAKOUT,1,0,-0.6862971209577152,-0.41686514821991993,-1.0397918691897143
2026-05-01,16:00:00,4590.72,4660.33,4586.69,4638.79,28043,4616.12,4565.2,BULLISH_LONDON_BREAKOUT,1,0,-0.4996992750264679,-0.7062186475352455,-2.7617115670250145
2026-05-04,12:00:00,4576.87,4584.57,4526.11,4568.77,24091,4613.12,4573.8,BEARISH_LONDON_BREAKOUT,0,1,-1.2714581823992046,-0.8479306246539152,-0.08995856652885967
2026-05-05,12:00:00,4558.49,4574.55,4539.94,4564.66,17643,4559.62,4531.4,BULLISH_LONDON_BREAKOUT,1,0,-0.07426621040777227,1.1865067715886803,2.5999745873734366
2026-05-07,20:00:00,4715.62,4719.59,4686.28,4687.24,25907,4753.5,4694.82,BEARISH_LONDON_BREAKOUT,0,1,0.30103003046570226,0.6067536546027195,0.5971531220931674
2026-05-11,12:00:00,4667.44,4701.1,4650.66,4700.02,18573,4680.83,4648.06,BULLISH_LONDON_BREAKOUT,1,0,0.3493602154884269,1.0533997727669098,0.12233990493657472
2026-05-12,16:00:00,4705.51,4709.01,4638.34,4671.21,27447,4722.09,4687.35,BEARISH_LONDON_BREAKOUT,0,1,0.9421541741861362,0.6092639808529275,0.5249175267221882
2026-05-13,12:00:00,4700.68,4710.49,4676.28,4683.78,19128,4715.38,4693.79,BEARISH_LONDON_BREAKOUT,0,1,0.2551358091114403,0.4509178484044915,0.4502773400971042
2026-05-14,16:00:00,4704.85,4707.73,4666.74,4678.59,24174,4718.82,4686.23,BEARISH_LONDON_BREAKOUT,0,1,-0.5610664751559764,-1.5532457428413275,-2.863255809976938
2026-05-15,12:00:00,4554.61,4572.71,4532.13,4546.02,25283,4606.56,4550.07,BEARISH_LONDON_BREAKOUT,0,1,-0.030576196321184843,-0.6607977967541029,0.5578506033849316
2026-05-18,12:00:00,4549.79,4574.81,4530.09,4571.38,22154,4559.92,4529.78,BULLISH_LONDON_BREAKOUT,1,0,-0.4648486890173208,-0.1752206117190043,-0.7455079210216592
2026-05-19,16:00:00,4537.21,4537.5,4464.92,4507.73,32100,4559.33,4530.86,BEARISH_LONDON_BREAKOUT,0,1,-0.5732375275360156,-1.0107082722345724,0.5925377074492048
2026-05-20,12:00:00,4483.78,4505.34,4472.84,4496.21,17584,4490.23,4461.48,BULLISH_LONDON_BREAKOUT,1,0,0.8502716732536861,1.091586024674113,0.17815004192420322
2026-05-21,12:00:00,4532.32,4542.9,4502.47,4504.22,21446,4540.5,4511.98,BEARISH_LONDON_BREAKOUT,0,1,0.33657325796696996,0.5001975924799353,0.5348317799752265
2026-05-21,20:00:00,4519.48,4559.24,4514.22,4543.07,21563,4540.5,4511.98,BULLISH_LONDON_BREAKOUT,1,1,-0.359228451245517,-0.46510399355502136,-0.7697438076014533
2026-05-25,12:00:00,4556.09,4577.06,4552.95,4567.8,14029,4566.04,4550.54,BULLISH_LONDON_BREAKOUT,1,0,0.12588116817724068,-0.17492009282367402,
